component_id,lot_id,device_family,package_type,part_number,test_type,test_id,procedure_id,station_id,chamber_id,test_identity_confidence,stress_temperature_c,stress_voltage_v,duration_hours,primary_parameter,parameter_category,unit,value_0h,value_24h,value_96h,value_168h_actual,delta_value_0_24h,ICC_active_mA,input_leakage_nA,propagation_delay_ns,v_offset_0h,v_offset_24h,snr_0h,snr_24h,iddq_0h,iddq_24h,iddq_96h_actual,iddq_168h_actual,delta_iddq,spec_max_iddq,is_defective_gt,failure_mode_gt,instrument_status,wafer_x,wafer_y
DIG_LOT04_COMP0000,LOT_04,DIGITAL_IC,CQFP-64,DIG-SIH-2026,THERMAL_BURN_IN,T04_0000,PROC-ISRO-IISU-01,ATE-STATION-01,CHAMBER-01,1.0,125.0,5.0,168,IDDQ,ELECTRICAL,uA,1.4161,1088.9947,1089.0038,1089.1417,1087.5786,26.857,1.7265,11.393,-0.0059,-0.0184,36.01,34.83,1.4161,1088.9947,1089.0038,1089.1417,1087.5786,50.0,False,NOMINAL,HEALTHY,-23.72,22.34
DIG_LOT04_COMP0001,LOT_04,DIGITAL_IC,CQFP-64,DIG-SIH-2026,THERMAL_BURN_IN,T04_0001,PROC-ISRO-IISU-01,ATE-STATION-01,CHAMBER-01,1.0,125.0,5.0,168,IDDQ,ELECTRICAL,uA,1.4377,1114.2378,1114.3092,1114.3639,1112.8001,24.097,1.3338,13.049,0.012,0.0017,34.44,33.99,1.4377,1114.2378,1114.3092,1114.3639,1112.8001,50.0,False,NOMINAL,HEALTHY,-43.26,41.63
DIG_LOT04_COMP0002,LOT_04,DIGITAL_IC,CQFP-64,DIG-SIH-2026,THERMAL_BURN_IN,T04_0002,PROC-ISRO-IISU-01,ATE-STATION-01,CHAMBER-01,1.0,125.0,5.0,168,IDDQ,ELECTRICAL,uA,1.2868,992.1196,992.2234,992.27,990.8328,26.038,2.2832,12.73,-0.0116,-0.0053,34.97,35.08,1.2868,992.1196,992.2234,992.27,990.8328,50.0,False,NOMINAL,HEALTHY,-2.11,10.68
DIG_LOT04_COMP0003,LOT_04,DIGITAL_IC,CQFP-64,DIG-SIH-2026,THERMAL_BURN_IN,T04_0003,PROC-ISRO-IISU-01,ATE-STATION-01,CHAMBER-01,1.0,125.0,5.0,168,IDDQ,ELECTRICAL,uA,1.6777,1287.441,1287.5276,1287.6214,1285.7633,26.572,1.5898,12.544,0.0231,0.0662,31.64,31.58,1.6777,1287.441,1287.5276,1287.6214,1285.7633,50.0,False,NOMINAL,HEALTHY,31.15,-6.81
DIG_LOT04_COMP0004,LOT_04,DIGITAL_IC,CQFP-64,DIG-SIH-2026,THERMAL_BURN_IN,T04_0004,PROC-ISRO-IISU-01,ATE-STATION-01,CHAMBER-01,1.0,125.0,5.0,168,IDDQ,ELECTRICAL,uA,1.3112,1016.6681,1016.7184,1016.8146,1015.3569,25.948,1.7062,13.308,0.0242,0.1308,34.3,34.54,1.3112,1016.6681,1016.7184,1016.8146,1015.3569,50.0,False,NOMINAL,HEALTHY,32.15,27.77
DIG_LOT04_COMP0005,LOT_04,DIGITAL_IC,CQFP-64,DIG-SIH-2026,THERMAL_BURN_IN,T04_0005,PROC-ISRO-IISU-01,ATE-STATION-01,CHAMBER-01,1.0,125.0,5.0,168,IDDQ,ELECTRICAL,uA,1.3536,1062.2546,1062.305,1062.4387,1060.901,26.496,2.1463,10.768,-0.0214,0.0028,35.73,35.24,1.3536,1062.2546,1062.305,1062.4387,1060.901,50.0,False,NOMINAL,HEALTHY,15.95,6.26
DIG_LOT04_COMP0006,LOT_04,DIGITAL_IC,CQFP-64,DIG-SIH-2026,THERMAL_BURN_IN,T04_0006,PROC-ISRO-IISU-01,ATE-STATION-01,CHAMBER-01,1.0,125.0,5.0,168,IDDQ,ELECTRICAL,uA,1.2259,947.8947,947.9959,948.0043,946.6688,26.95,2.0029,13.307,0.0048,0.0118,34.07,34.01,1.2259,947.8947,947.9959,948.0043,946.6688,50.0,False,NOMINAL,HEALTHY,-16.76,-9.97
DIG_LOT04_COMP0007,LOT_04,DIGITAL_IC,CQFP-64,DIG-SIH-2026,THERMAL_BURN_IN,T04_0007,PROC-ISRO-IISU-01,ATE-STATION-01,CHAMBER-01,1.0,125.0,5.0,168,IDDQ,ELECTRICAL,uA,1.6687,1282.7021,1282.7516,1282.825,1281.0334,28.269,2.2183,12.096,-0.0286,-0.0359,36.0,35.72,1.6687,1282.7021,1282.7516,1282.825,1281.0334,50.0,False,NOMINAL,HEALTHY,-28.1,27.87
DIG_LOT04_COMP0008,LOT_04,DIGITAL_IC,CQFP-64,DIG-SIH-2026,THERMAL_BURN_IN,T04_0008,PROC-ISRO-IISU-01,ATE-STATION-01,CHAMBER-01,1.0,125.0,5.0,168,IDDQ,ELECTRICAL,uA,1.2273,929.8932,929.9626,929.9481,928.6659,26.678,2.7556,12.734,-0.0007,0.0636,35.73,35.57,1.2273,929.8932,929.9626,929.9481,928.6659,50.0,False,NOMINAL,HEALTHY,-3.25,-44.67
DIG_LOT04_COMP0009,LOT_04,DIGITAL_IC,CQFP-64,DIG-SIH-2026,THERMAL_BURN_IN,T04_0009,PROC-ISRO-IISU-01,ATE-STATION-01,CHAMBER-01,1.0,125.0,5.0,168,IDDQ,ELECTRICAL,uA,1.3924,1077.5117,1077.5891,1077.6463,1076.1193,24.537,2.4082,13.026,0.0008,0.1402,34.29,34.58,1.3924,1077.5117,1077.5891,1077.6463,1076.1193,50.0,False,NOMINAL,HEALTHY,5.84,-48.37
DIG_LOT04_COMP0010,LOT_04,DIGITAL_IC,CQFP-64,DIG-SIH-2026,THERMAL_BURN_IN,T04_0010,PROC-ISRO-IISU-01,ATE-STATION-01,CHAMBER-01,1.0,125.0,5.0,168,IDDQ,ELECTRICAL,uA,1.2638,970.3323,970.4686,970.5308,969.0685,25.955,1.0279,13.662,-0.012,-0.0135,36.18,35.2,1.2638,970.3323,970.4686,970.5308,969.0685,50.0,False,NOMINAL,HEALTHY,13.53,-22.61
DIG_LOT04_COMP0011,LOT_04,DIGITAL_IC,CQFP-64,DIG-SIH-2026,THERMAL_BURN_IN,T04_0011,PROC-ISRO-IISU-01,ATE-STATION-01,CHAMBER-01,1.0,125.0,5.0,168,IDDQ,ELECTRICAL,uA,1.4624,1121.0937,1121.1912,1121.2776,1119.6313,22.927,1.901,12.82,0.0062,-0.0116,33.73,34.06,1.4624,1121.0937,1121.1912,1121.2776,1119.6313,50.0,False,NOMINAL,HEALTHY,46.65,1.26
DIG_LOT04_COMP0012,LOT_04,DIGITAL_IC,CQFP-64,DIG-SIH-2026,THERMAL_BURN_IN,T04_0012,PROC-ISRO-IISU-01,ATE-STATION-01,CHAMBER-01,1.0,125.0,5.0,168,IDDQ,ELECTRICAL,uA,1.4609,1103.9997,1104.1017,1104.0959,1102.5388,26.03,2.108,12.443,0.0208,0.0129,36.28,36.89,1.4609,1103.9997,1104.1017,1104.0959,1102.5388,50.0,False,NOMINAL,HEALTHY,-23.89,-3.26
DIG_LOT04_COMP0013,LOT_04,DIGITAL_IC,CQFP-64,DIG-SIH-2026,THERMAL_BURN_IN,T04_0013,PROC-ISRO-IISU-01,ATE-STATION-01,CHAMBER-01,1.0,125.0,5.0,168,IDDQ,ELECTRICAL,uA,1.2005,918.4536,918.5044,918.5721,917.2531,26.982,2.2443,12.531,0.019,0.0101,35.31,35.46,1.2005,918.4536,918.5044,918.5721,917.2531,50.0,False,NOMINAL,HEALTHY,5.85,-1.96
DIG_LOT04_COMP0014,LOT_04,DIGITAL_IC,CQFP-64,DIG-SIH-2026,THERMAL_BURN_IN,T04_0014,PROC-ISRO-IISU-01,ATE-STATION-01,CHAMBER-01,1.0,125.0,5.0,168,IDDQ,ELECTRICAL,uA,1.2769,971.0434,971.0925,971.1827,969.7665,24.292,2.2499,13.906,0.0209,-0.0012,34.64,34.95,1.2769,971.0434,971.0925,971.1827,969.7665,50.0,False,NOMINAL,HEALTHY,-46.66,-1.88
DIG_LOT04_COMP0015,LOT_04,DIGITAL_IC,CQFP-64,DIG-SIH-2026,THERMAL_BURN_IN,T04_0015,PROC-ISRO-IISU-01,ATE-STATION-01,CHAMBER-01,1.0,125.0,5.0,168,IDDQ,ELECTRICAL,uA,1.2205,946.8198,946.8923,946.966,945.5993,28.568,1.8417,11.809,0.0001,-0.0094,34.54,33.85,1.2205,946.8198,946.8923,946.966,945.5993,50.0,False,NOMINAL,HEALTHY,-47.55,-2.78
DIG_LOT04_COMP0016,LOT_04,DIGITAL_IC,CQFP-64,DIG-SIH-2026,THERMAL_BURN_IN,T04_0016,PROC-ISRO-IISU-01,ATE-STATION-01,CHAMBER-01,1.0,125.0,5.0,168,IDDQ,ELECTRICAL,uA,1.3432,1043.5953,1043.6812,1043.7376,1042.2521,25.318,1.8202,13.925,0.013,-0.0383,34.64,34.65,1.3432,1043.5953,1043.6812,1043.7376,1042.2521,50.0,False,NOMINAL,HEALTHY,9.57,16.01
DIG_LOT04_COMP0017,LOT_04,DIGITAL_IC,CQFP-64,DIG-SIH-2026,THERMAL_BURN_IN,T04_0017,PROC-ISRO-IISU-01,ATE-STATION-01,CHAMBER-01,1.0,125.0,5.0,168,IDDQ,ELECTRICAL,uA,1.6466,1254.5722,1254.6686,1254.7133,1252.9256,23.886,2.1661,13.192,-0.0127,-0.0476,36.04,35.42,1.6466,1254.5722,1254.6686,1254.7133,1252.9256,50.0,False,NOMINAL,HEALTHY,-9.15,18.9
DIG_LOT04_COMP0018,LOT_04,DIGITAL_IC,CQFP-64,DIG-SIH-2026,THERMAL_BURN_IN,T04_0018,PROC-ISRO-IISU-01,ATE-STATION-01,CHAMBER-01,1.0,125.0,5.0,168,IDDQ,ELECTRICAL,uA,1.4027,1081.7369,1081.8028,1081.9081,1080.3342,24.914,1.6886,13.266,-0.0081,0.0098,33.33,33.41,1.4027,1081.7369,1081.8028,1081.9081,1080.3342,50.0,False,NOMINAL,HEALTHY,-17.52,-21.59
DIG_LOT04_COMP0019,LOT_04,DIGITAL_IC,CQFP-64,DIG-SIH-2026,THERMAL_BURN_IN,T04_0019,PROC-ISRO-IISU-01,ATE-STATION-01,CHAMBER-01,1.0,125.0,5.0,168,IDDQ,ELECTRICAL,uA,1.1985,958.3386,958.3534,958.4222,957.1401,22.705,2.2708,11.134,0.0056,-0.0034,34.98,35.12,1.1985,958.3386,958.3534,958.4222,957.1401,50.0,False,NOMINAL,HEALTHY,-22.19,31.35
DIG_LOT04_COMP0020,LOT_04,DIGITAL_IC,CQFP-64,DIG-SIH-2026,THERMAL_BURN_IN,T04_0020,PROC-ISRO-IISU-01,ATE-STATION-01,CHAMBER-01,1.0,125.0,5.0,168,IDDQ,ELECTRICAL,uA,1.3978,1082.6074,1082.6689,1082.7223,1081.2096,23.71,1.6604,12.428,-0.0039,0.0166,34.56,34.55,1.3978,1082.6074,1082.6689,1082.7223,1081.2096,50.0,False,NOMINAL,HEALTHY,-8.55,40.83
DIG_LOT04_COMP0021,LOT_04,DIGITAL_IC,CQFP-64,DIG-SIH-2026,THERMAL_BURN_IN,T04_0021,PROC-ISRO-IISU-01,ATE-STATION-01,CHAMBER-01,1.0,125.0,5.0,168,IDDQ,ELECTRICAL,uA,1.5564,1200.3737,1200.4984,1200.527,1198.8173,25.821,1.9934,11.43,-0.0154,0.046,37.14,38.1,1.5564,1200.3737,1200.4984,1200.527,1198.8173,50.0,False,NOMINAL,HEALTHY,-24.63,-29.15
DIG_LOT04_COMP0022,LOT_04,DIGITAL_IC,CQFP-64,DIG-SIH-2026,THERMAL_BURN_IN,T04_0022,PROC-ISRO-IISU-01,ATE-STATION-01,CHAMBER-01,1.0,125.0,5.0,168,IDDQ,ELECTRICAL,uA,1.1319,876.3658,876.4321,876.4451,875.2339,27.003,1.8482,11.465,-0.0197,0.0512,33.9,34.19,1.1319,876.3658,876.4321,876.4451,875.2339,50.0,False,NOMINAL,HEALTHY,1.08,43.54
DIG_LOT04_COMP0023,LOT_04,DIGITAL_IC,CQFP-64,DIG-SIH-2026,THERMAL_BURN_IN,T04_0023,PROC-ISRO-IISU-01,ATE-STATION-01,CHAMBER-01,1.0,125.0,5.0,168,IDDQ,ELECTRICAL,uA,1.5262,1169.8493,1169.9505,1169.9628,1168.3231,26.068,1.6606,12.443,0.0071,0.0071,34.9,35.18,1.5262,1169.8493,1169.9505,1169.9628,1168.3231,50.0,False,NOMINAL,HEALTHY,-29.82,-44.14
DIG_LOT04_COMP0024,LOT_04,DIGITAL_IC,CQFP-64,DIG-SIH-2026,THERMAL_BURN_IN,T04_0024,PROC-ISRO-IISU-01,ATE-STATION-01,CHAMBER-01,1.0,125.0,5.0,168,IDDQ,ELECTRICAL,uA,1.366,1054.1666,1054.2315,1054.326,1052.8006,25.518,2.1574,11.922,0.013,-0.0296,32.72,32.58,1.366,1054.1666,1054.2315,1054.326,1052.8006,50.0,False,NOMINAL,HEALTHY,1.35,26.14
DIG_LOT04_COMP0025,LOT_04,DIGITAL_IC,CQFP-64,DIG-SIH-2026,THERMAL_BURN_IN,T04_0025,PROC-ISRO-IISU-01,ATE-STATION-01,CHAMBER-01,1.0,125.0,5.0,168,IDDQ,ELECTRICAL,uA,1.1369,869.9495,870.0389,870.0819,868.8126,25.368,2.1354,12.502,-0.0097,0.0384,34.71,34.62,1.1369,869.9495,870.0389,870.0819,868.8126,50.0,False,NOMINAL,HEALTHY,-37.86,-45.23
DIG_LOT04_COMP0026,LOT_04,DIGITAL_IC,CQFP-64,DIG-SIH-2026,THERMAL_BURN_IN,T04_0026,PROC-ISRO-IISU-01,ATE-STATION-01,CHAMBER-01,1.0,125.0,5.0,168,IDDQ,ELECTRICAL,uA,1.4016,1089.372,1089.5019,1089.5063,1087.9704,24.975,1.4074,12.29,-0.0032,0.002,36.08,36.28,1.4016,1089.372,1089.5019,1089.5063,1087.9704,50.0,False,NOMINAL,HEALTHY,-13.97,-21.96
DIG_LOT04_COMP0027,LOT_04,DIGITAL_IC,CQFP-64,DIG-SIH-2026,THERMAL_BURN_IN,T04_0027,PROC-ISRO-IISU-01,ATE-STATION-01,CHAMBER-01,1.0,125.0,5.0,168,IDDQ,ELECTRICAL,uA,1.4462,1115.2059,1115.2818,1115.3316,1113.7597,24.177,1.9193,12.396,-0.015,0.0651,35.21,34.91,1.4462,1115.2059,1115.2818,1115.3316,1113.7597,50.0,False,NOMINAL,HEALTHY,24.49,-10.75
DIG_LOT04_COMP0028,LOT_04,DIGITAL_IC,CQFP-64,DIG-SIH-2026,THERMAL_BURN_IN,T04_0028,PROC-ISRO-IISU-01,ATE-STATION-01,CHAMBER-01,1.0,125.0,5.0,168,IDDQ,ELECTRICAL,uA,1.2902,998.6257,998.6846,998.702,997.3355,26.203,2.2051,10.226,-0.0129,-0.0207,32.76,32.88,1.2902,998.6257,998.6846,998.702,997.3355,50.0,False,NOMINAL,HEALTHY,26.69,3.09
DIG_LOT04_COMP0029,LOT_04,DIGITAL_IC,CQFP-64,DIG-SIH-2026,THERMAL_BURN_IN,T04_0029,PROC-ISRO-IISU-01,ATE-STATION-01,CHAMBER-01,1.0,125.0,5.0,168,IDDQ,ELECTRICAL,uA,1.4548,1133.3608,1133.4428,1133.4955,1131.906,26.721,2.1536,13.942,0.0093,-0.006,35.37,35.49,1.4548,1133.3608,1133.4428,1133.4955,1131.906,50.0,False,NOMINAL,HEALTHY,-32.53,-22.42
DIG_LOT04_COMP0030,LOT_04,DIGITAL_IC,CQFP-64,DIG-SIH-2026,THERMAL_BURN_IN,T04_0030,PROC-ISRO-IISU-01,ATE-STATION-01,CHAMBER-01,1.0,125.0,5.0,168,IDDQ,ELECTRICAL,uA,1.2567,961.6432,961.7412,961.8463,960.3865,28.26,1.9231,12.993,-0.0228,-0.064,34.19,34.62,1.2567,961.6432,961.7412,961.8463,960.3865,50.0,False,NOMINAL,HEALTHY,15.41,15.33
DIG_LOT04_COMP0031,LOT_04,DIGITAL_IC,CQFP-64,DIG-SIH-2026,THERMAL_BURN_IN,T04_0031,PROC-ISRO-IISU-01,ATE-STATION-01,CHAMBER-01,1.0,125.0,5.0,168,IDDQ,ELECTRICAL,uA,1.4695,1125.8435,1125.8411,1125.9743,1124.374,26.056,2.0024,12.203,0.007,0.0149,33.6,33.88,1.4695,1125.8435,1125.8411,1125.9743,1124.374,50.0,False,NOMINAL,HEALTHY,47.1,-32.17
DIG_LOT04_COMP0032,LOT_04,DIGITAL_IC,CQFP-64,DIG-SIH-2026,THERMAL_BURN_IN,T04_0032,PROC-ISRO-IISU-01,ATE-STATION-01,CHAMBER-01,1.0,125.0,5.0,168,IDDQ,ELECTRICAL,uA,1.591,1231.3575,1231.4341,1231.5335,1229.7665,23.427,2.1416,12.721,-0.0054,0.1193,35.06,35.41,1.591,1231.3575,1231.4341,1231.5335,1229.7665,50.0,False,NOMINAL,HEALTHY,-29.48,20.77
DIG_LOT04_COMP0033,LOT_04,DIGITAL_IC,CQFP-64,DIG-SIH-2026,THERMAL_BURN_IN,T04_0033,PROC-ISRO-IISU-01,ATE-STATION-01,CHAMBER-01,1.0,125.0,5.0,168,IDDQ,ELECTRICAL,uA,1.4574,1132.4356,1132.5018,1132.5504,1130.9782,25.893,2.3386,12.051,-0.0192,-0.024,34.24,34.35,1.4574,1132.4356,1132.5018,1132.5504,1130.9782,50.0,False,NOMINAL,HEALTHY,18.5,-22.41
DIG_LOT04_COMP0034,LOT_04,DIGITAL_IC,CQFP-64,DIG-SIH-2026,THERMAL_BURN_IN,T04_0034,PROC-ISRO-IISU-01,ATE-STATION-01,CHAMBER-01,1.0,125.0,5.0,168,IDDQ,ELECTRICAL,uA,1.1177,850.9545,851.0439,851.0802,849.8368,26.209,1.4946,13.161,-0.0038,0.0443,32.68,32.47,1.1177,850.9545,851.0439,851.0802,849.8368,50.0,False,NOMINAL,HEALTHY,-5.87,24.05
DIG_LOT04_COMP0035,LOT_04,DIGITAL_IC,CQFP-64,DIG-SIH-2026,THERMAL_BURN_IN,T04_0035,PROC-ISRO-IISU-01,ATE-STATION-01,CHAMBER-01,1.0,125.0,5.0,168,IDDQ,ELECTRICAL,uA,1.3056,987.5841,987.6499,987.6806,986.2785,24.537,2.093,12.074,0.0053,-0.0849,36.06,36.08,1.3056,987.5841,987.6499,987.6806,986.2785,50.0,False,NOMINAL,HEALTHY,22.69,11.71
DIG_LOT04_COMP0036,LOT_04,DIGITAL_IC,CQFP-64,DIG-SIH-2026,THERMAL_BURN_IN,T04_0036,PROC-ISRO-IISU-01,ATE-STATION-01,CHAMBER-01,1.0,125.0,5.0,168,IDDQ,ELECTRICAL,uA,1.3945,1079.932,1079.9778,1080.0858,1078.5375,25.495,2.1269,13.016,0.0091,0.0256,35.86,36.06,1.3945,1079.932,1079.9778,1080.0858,1078.5375,50.0,False,NOMINAL,HEALTHY,-9.92,19.23
DIG_LOT04_COMP0037,LOT_04,DIGITAL_IC,CQFP-64,DIG-SIH-2026,THERMAL_BURN_IN,T04_0037,PROC-ISRO-IISU-01,ATE-STATION-01,CHAMBER-01,1.0,125.0,5.0,168,IDDQ,ELECTRICAL,uA,1.2077,922.7825,922.8409,922.8343,921.5748,26.343,2.1822,12.906,0.0084,-0.0898,35.11,35.41,1.2077,922.7825,922.8409,922.8343,921.5748,50.0,False,NOMINAL,HEALTHY,35.91,-9.51
DIG_LOT04_COMP0038,LOT_04,DIGITAL_IC,CQFP-64,DIG-SIH-2026,THERMAL_BURN_IN,T04_0038,PROC-ISRO-IISU-01,ATE-STATION-01,CHAMBER-01,1.0,125.0,5.0,168,IDDQ,ELECTRICAL,uA,1.1513,894.3394,894.4624,894.4776,893.1881,25.249,2.0976,12.786,-0.0136,-0.0253,34.57,34.34,1.1513,894.3394,894.4624,894.4776,893.1881,50.0,False,NOMINAL,HEALTHY,45.66,39.85
DIG_LOT04_COMP0039,LOT_04,DIGITAL_IC,CQFP-64,DIG-SIH-2026,THERMAL_BURN_IN,T04_0039,PROC-ISRO-IISU-01,ATE-STATION-01,CHAMBER-01,1.0,125.0,5.0,168,IDDQ,ELECTRICAL,uA,0.9222,709.01,709.0511,709.0353,708.0878,24.025,2.4112,11.886,0.0226,0.0866,34.76,35.81,0.9222,709.01,709.0511,709.0353,708.0878,50.0,False,NOMINAL,HEALTHY,47.27,-12.31
DIG_LOT04_COMP0040,LOT_04,DIGITAL_IC,CQFP-64,DIG-SIH-2026,THERMAL_BURN_IN,T04_0040,PROC-ISRO-IISU-01,ATE-STATION-01,CHAMBER-01,1.0,125.0,5.0,168,IDDQ,ELECTRICAL,uA,1.2518,949.8254,949.9354,949.9787,948.5736,26.283,1.6717,12.913,-0.0073,-0.0093,34.65,34.53,1.2518,949.8254,949.9354,949.9787,948.5736,50.0,False,NOMINAL,HEALTHY,44.67,-32.18
DIG_LOT04_COMP0041,LOT_04,DIGITAL_IC,CQFP-64,DIG-SIH-2026,THERMAL_BURN_IN,T04_0041,PROC-ISRO-IISU-01,ATE-STATION-01,CHAMBER-01,1.0,125.0,5.0,168,IDDQ,ELECTRICAL,uA,1.348,1034.4693,1034.6137,1034.6254,1033.1213,25.038,1.7767,11.556,-0.0043,0.0076,35.99,36.86,1.348,1034.4693,1034.6137,1034.6254,1033.1213,50.0,False,NOMINAL,HEALTHY,-45.97,4.41
DIG_LOT04_COMP0042,LOT_04,DIGITAL_IC,CQFP-64,DIG-SIH-2026,THERMAL_BURN_IN,T04_0042,PROC-ISRO-IISU-01,ATE-STATION-01,CHAMBER-01,1.0,125.0,5.0,168,IDDQ,ELECTRICAL,uA,1.3623,1036.3108,1036.4138,1036.4306,1034.9485,28.444,2.1423,12.383,-0.0247,0.0181,35.49,36.24,1.3623,1036.3108,1036.4138,1036.4306,1034.9485,50.0,False,NOMINAL,HEALTHY,16.07,27.66
DIG_LOT04_COMP0043,LOT_04,DIGITAL_IC,CQFP-64,DIG-SIH-2026,THERMAL_BURN_IN,T04_0043,PROC-ISRO-IISU-01,ATE-STATION-01,CHAMBER-01,1.0,125.0,5.0,168,IDDQ,ELECTRICAL,uA,1.2442,951.6094,951.6846,951.7478,950.3652,26.238,2.049,12.783,0.0141,0.1118,36.69,36.89,1.2442,951.6094,951.6846,951.7478,950.3652,50.0,False,NOMINAL,HEALTHY,29.72,-19.13
DIG_LOT04_COMP0044,LOT_04,DIGITAL_IC,CQFP-64,DIG-SIH-2026,THERMAL_BURN_IN,T04_0044,PROC-ISRO-IISU-01,ATE-STATION-01,CHAMBER-01,1.0,125.0,5.0,168,IDDQ,ELECTRICAL,uA,1.2021,940.458,940.534,940.5711,939.2559,22.251,2.0287,12.725,0.0148,0.0284,34.93,35.26,1.2021,940.458,940.534,940.5711,939.2559,50.0,False,NOMINAL,HEALTHY,49.39,-30.18
DIG_LOT04_COMP0045,LOT_04,DIGITAL_IC,CQFP-64,DIG-SIH-2026,THERMAL_BURN_IN,T04_0045,PROC-ISRO-IISU-01,ATE-STATION-01,CHAMBER-01,1.0,125.0,5.0,168,IDDQ,ELECTRICAL,uA,1.0898,851.3294,851.3857,851.4581,850.2396,25.479,1.9914,11.391,-0.0036,0.0291,34.97,34.88,1.0898,851.3294,851.3857,851.4581,850.2396,50.0,False,NOMINAL,HEALTHY,31.89,-35.43
DIG_LOT04_COMP0046,LOT_04,DIGITAL_IC,CQFP-64,DIG-SIH-2026,THERMAL_BURN_IN,T04_0046,PROC-ISRO-IISU-01,ATE-STATION-01,CHAMBER-01,1.0,125.0,5.0,168,IDDQ,ELECTRICAL,uA,0.9181,705.9787,706.0305,706.0953,705.0606,24.24,1.7327,12.373,-0.0194,-0.1054,34.06,33.96,0.9181,705.9787,706.0305,706.0953,705.0606,50.0,False,NOMINAL,HEALTHY,27.93,-41.75
DIG_LOT04_COMP0047,LOT_04,DIGITAL_IC,CQFP-64,DIG-SIH-2026,THERMAL_BURN_IN,T04_0047,PROC-ISRO-IISU-01,ATE-STATION-01,CHAMBER-01,1.0,125.0,5.0,168,IDDQ,ELECTRICAL,uA,1.1809,916.2786,916.3372,916.3863,915.0977,25.808,1.8302,12.227,-0.0148,-0.0479,36.6,36.55,1.1809,916.2786,916.3372,916.3863,915.0977,50.0,False,NOMINAL,HEALTHY,32.56,-33.09
DIG_LOT04_COMP0048,LOT_04,DIGITAL_IC,CQFP-64,DIG-SIH-2026,THERMAL_BURN_IN,T04_0048,PROC-ISRO-IISU-01,ATE-STATION-01,CHAMBER-01,1.0,125.0,5.0,168,IDDQ,ELECTRICAL,uA,1.3331,1012.3241,1012.4394,1012.466,1010.991,24.893,2.0583,13.0,-0.0053,-0.0036,33.34,33.22,1.3331,1012.3241,1012.4394,1012.466,1010.991,50.0,False,NOMINAL,HEALTHY,46.99,34.27
DIG_LOT04_COMP0049,LOT_04,DIGITAL_IC,CQFP-64,DIG-SIH-2026,THERMAL_BURN_IN,T04_0049,PROC-ISRO-IISU-01,ATE-STATION-01,CHAMBER-01,1.0,125.0,5.0,168,IDDQ,ELECTRICAL,uA,1.3581,1032.4503,1032.5425,1032.554,1031.0922,23.617,1.395,12.108,0.0057,-0.0788,34.62,34.36,1.3581,1032.4503,1032.5425,1032.554,1031.0922,50.0,False,NOMINAL,HEALTHY,-41.47,-39.53
DIG_LOT04_COMP0050,LOT_04,DIGITAL_IC,CQFP-64,DIG-SIH-2026,THERMAL_BURN_IN,T04_0050,PROC-ISRO-IISU-01,ATE-STATION-01,CHAMBER-01,1.0,125.0,5.0,168,IDDQ,ELECTRICAL,uA,1.216,951.4648,951.5806,951.6797,950.2488,24.748,1.9277,12.068,0.005,-0.0301,36.13,35.84,1.216,951.4648,951.5806,951.6797,950.2488,50.0,False,NOMINAL,HEALTHY,-20.34,33.89
DIG_LOT04_COMP0051,LOT_04,DIGITAL_IC,CQFP-64,DIG-SIH-2026,THERMAL_BURN_IN,T04_0051,PROC-ISRO-IISU-01,ATE-STATION-01,CHAMBER-01,1.0,125.0,5.0,168,IDDQ,ELECTRICAL,uA,1.2262,971.688,971.7597,971.8609,970.4618,23.677,2.1785,13.692,0.008,-0.0033,32.81,32.78,1.2262,971.688,971.7597,971.8609,970.4618,50.0,False,NOMINAL,HEALTHY,-6.63,38.08
DIG_LOT04_COMP0052,LOT_04,DIGITAL_IC,CQFP-64,DIG-SIH-2026,THERMAL_BURN_IN,T04_0052,PROC-ISRO-IISU-01,ATE-STATION-01,CHAMBER-01,1.0,125.0,5.0,168,IDDQ,ELECTRICAL,uA,1.3626,1032.1013,1032.1939,1032.2648,1030.7387,23.929,1.8495,11.684,-0.0279,0.0335,34.33,34.55,1.3626,1032.1013,1032.1939,1032.2648,1030.7387,50.0,False,NOMINAL,HEALTHY,-37.92,25.94
DIG_LOT04_COMP0053,LOT_04,DIGITAL_IC,CQFP-64,DIG-SIH-2026,THERMAL_BURN_IN,T04_0053,PROC-ISRO-IISU-01,ATE-STATION-01,CHAMBER-01,1.0,125.0,5.0,168,IDDQ,ELECTRICAL,uA,1.4803,1124.0551,1124.1412,1124.1984,1122.5748,23.822,1.8323,10.861,-0.0333,-0.002,35.87,36.59,1.4803,1124.0551,1124.1412,1124.1984,1122.5748,50.0,False,NOMINAL,HEALTHY,-31.17,8.8
DIG_LOT04_COMP0054,LOT_04,DIGITAL_IC,CQFP-64,DIG-SIH-2026,THERMAL_BURN_IN,T04_0054,PROC-ISRO-IISU-01,ATE-STATION-01,CHAMBER-01,1.0,125.0,5.0,168,IDDQ,ELECTRICAL,uA,1.051,806.4806,806.5156,806.5768,805.4296,22.971,1.8396,13.006,0.0028,-0.0194,33.79,34.19,1.051,806.4806,806.5156,806.5768,805.4296,50.0,False,NOMINAL,HEALTHY,-2.68,-20.12
DIG_LOT04_COMP0055,LOT_04,DIGITAL_IC,CQFP-64,DIG-SIH-2026,THERMAL_BURN_IN,T04_0055,PROC-ISRO-IISU-01,ATE-STATION-01,CHAMBER-01,1.0,125.0,5.0,168,IDDQ,ELECTRICAL,uA,1.1071,835.6747,835.6991,835.7705,834.5676,26.599,1.6627,12.41,0.0297,-0.0046,34.76,35.02,1.1071,835.6747,835.6991,835.7705,834.5676,50.0,False,NOMINAL,HEALTHY,-27.15,-30.85
DIG_LOT04_COMP0056,LOT_04,DIGITAL_IC,CQFP-64,DIG-SIH-2026,THERMAL_BURN_IN,T04_0056,PROC-ISRO-IISU-01,ATE-STATION-01,CHAMBER-01,1.0,125.0,5.0,168,IDDQ,ELECTRICAL,uA,5.1367,3949.8173,3950.0253,3950.1495,3944.6806,23.016,2.1844,13.825,-0.0345,0.099,35.23,35.8,5.1367,3949.8173,3950.0253,3950.1495,3944.6806,50.0,True,SPATIAL_OUTLIER,HEALTHY,12.97,-43.03
DIG_LOT04_COMP0057,LOT_04,DIGITAL_IC,CQFP-64,DIG-SIH-2026,THERMAL_BURN_IN,T04_0057,PROC-ISRO-IISU-01,ATE-STATION-01,CHAMBER-01,1.0,125.0,5.0,168,IDDQ,ELECTRICAL,uA,1.2907,984.4357,984.5238,984.603,983.145,25.641,2.1259,12.844,-0.0158,-0.0283,33.91,34.34,1.2907,984.4357,984.5238,984.603,983.145,50.0,False,NOMINAL,HEALTHY,-10.69,31.3
DIG_LOT04_COMP0058,LOT_04,DIGITAL_IC,CQFP-64,DIG-SIH-2026,THERMAL_BURN_IN,T04_0058,PROC-ISRO-IISU-01,ATE-STATION-01,CHAMBER-01,1.0,125.0,5.0,168,IDDQ,ELECTRICAL,uA,1.0537,817.5168,817.568,817.6322,816.4631,24.822,1.8655,13.494,-0.0181,0.0269,37.3,36.87,1.0537,817.5168,817.568,817.6322,816.4631,50.0,False,NOMINAL,HEALTHY,-8.73,21.62
DIG_LOT04_COMP0059,LOT_04,DIGITAL_IC,CQFP-64,DIG-SIH-2026,THERMAL_BURN_IN,T04_0059,PROC-ISRO-IISU-01,ATE-STATION-01,CHAMBER-01,1.0,125.0,5.0,168,IDDQ,ELECTRICAL,uA,1.3392,1018.1757,1018.2331,1018.3326,1016.8365,25.456,1.9183,12.006,-0.0099,0.0508,35.36,36.24,1.3392,1018.1757,1018.2331,1018.3326,1016.8365,50.0,False,NOMINAL,HEALTHY,-43.97,-20.05
DIG_LOT04_COMP0060,LOT_04,DIGITAL_IC,CQFP-64,DIG-SIH-2026,THERMAL_BURN_IN,T04_0060,PROC-ISRO-IISU-01,ATE-STATION-01,CHAMBER-01,1.0,125.0,5.0,168,IDDQ,ELECTRICAL,uA,1.4849,1137.1897,1137.2434,1137.3349,1135.7048,25.614,2.6965,12.558,-0.013,0.013,33.19,33.22,1.4849,1137.1897,1137.2434,1137.3349,1135.7048,50.0,False,NOMINAL,HEALTHY,-38.96,-14.25
DIG_LOT04_COMP0061,LOT_04,DIGITAL_IC,CQFP-64,DIG-SIH-2026,THERMAL_BURN_IN,T04_0061,PROC-ISRO-IISU-01,ATE-STATION-01,CHAMBER-01,1.0,125.0,5.0,168,IDDQ,ELECTRICAL,uA,1.408,1077.2271,1077.326,1077.3296,1075.8191,25.146,1.5382,12.342,-0.0196,0.0381,32.67,33.11,1.408,1077.2271,1077.326,1077.3296,1075.8191,50.0,False,NOMINAL,HEALTHY,14.58,-42.92
DIG_LOT04_COMP0062,LOT_04,DIGITAL_IC,CQFP-64,DIG-SIH-2026,THERMAL_BURN_IN,T04_0062,PROC-ISRO-IISU-01,ATE-STATION-01,CHAMBER-01,1.0,125.0,5.0,168,IDDQ,ELECTRICAL,uA,1.1797,922.1031,922.1594,922.2239,920.9234,26.426,2.0695,13.601,-0.0462,0.0402,34.0,33.18,1.1797,922.1031,922.1594,922.2239,920.9234,50.0,False,NOMINAL,HEALTHY,-40.95,3.95
DIG_LOT04_COMP0063,LOT_04,DIGITAL_IC,CQFP-64,DIG-SIH-2026,THERMAL_BURN_IN,T04_0063,PROC-ISRO-IISU-01,ATE-STATION-01,CHAMBER-01,1.0,125.0,5.0,168,IDDQ,ELECTRICAL,uA,1.2316,943.805,943.8748,943.9179,942.5734,22.933,2.0106,13.836,0.0255,-0.0252,35.7,35.45,1.2316,943.805,943.8748,943.9179,942.5734,50.0,False,NOMINAL,HEALTHY,-45.08,-33.08
DIG_LOT04_COMP0064,LOT_04,DIGITAL_IC,CQFP-64,DIG-SIH-2026,THERMAL_BURN_IN,T04_0064,PROC-ISRO-IISU-01,ATE-STATION-01,CHAMBER-01,1.0,125.0,5.0,168,IDDQ,ELECTRICAL,uA,1.4402,1121.0182,1121.0959,1121.1432,1119.578,24.573,1.5642,12.66,0.0029,0.1062,34.63,33.91,1.4402,1121.0182,1121.0959,1121.1432,1119.578,50.0,True,DIELECTRIC_OSCILLATION,HEALTHY,-30.87,-40.56
DIG_LOT04_COMP0065,LOT_04,DIGITAL_IC,CQFP-64,DIG-SIH-2026,THERMAL_BURN_IN,T04_0065,PROC-ISRO-IISU-01,ATE-STATION-01,CHAMBER-01,1.0,125.0,5.0,168,IDDQ,ELECTRICAL,uA,0.9498,734.6474,734.6916,734.7153,733.6976,24.388,1.906,11.511,-0.0165,-0.0341,35.16,35.81,0.9498,734.6474,734.6916,734.7153,733.6976,50.0,False,NOMINAL,HEALTHY,-22.53,18.47
DIG_LOT04_COMP0066,LOT_04,DIGITAL_IC,CQFP-64,DIG-SIH-2026,THERMAL_BURN_IN,T04_0066,PROC-ISRO-IISU-01,ATE-STATION-01,CHAMBER-01,1.0,125.0,5.0,168,IDDQ,ELECTRICAL,uA,1.4043,1049.2107,1049.3197,1049.3944,1047.8064,26.292,2.1975,11.102,0.0023,0.0419,34.62,34.46,1.4043,1049.2107,1049.3197,1049.3944,1047.8064,50.0,False,NOMINAL,HEALTHY,39.14,11.9
DIG_LOT04_COMP0067,LOT_04,DIGITAL_IC,CQFP-64,DIG-SIH-2026,THERMAL_BURN_IN,T04_0067,PROC-ISRO-IISU-01,ATE-STATION-01,CHAMBER-01,1.0,125.0,5.0,168,IDDQ,ELECTRICAL,uA,1.4056,1073.5402,1073.6323,1073.7338,1072.1346,23.541,2.1721,13.63,0.0112,0.0568,34.71,34.82,1.4056,1073.5402,1073.6323,1073.7338,1072.1346,50.0,False,NOMINAL,HEALTHY,24.54,20.86
DIG_LOT04_COMP0068,LOT_04,DIGITAL_IC,CQFP-64,DIG-SIH-2026,THERMAL_BURN_IN,T04_0068,PROC-ISRO-IISU-01,ATE-STATION-01,CHAMBER-01,1.0,125.0,5.0,168,IDDQ,ELECTRICAL,uA,1.2852,987.1367,987.2561,987.2303,985.8515,24.933,2.0713,13.29,0.0223,0.0766,35.71,36.1,1.2852,987.1367,987.2561,987.2303,985.8515,50.0,False,NOMINAL,HEALTHY,32.25,-47.11
DIG_LOT04_COMP0069,LOT_04,DIGITAL_IC,CQFP-64,DIG-SIH-2026,THERMAL_BURN_IN,T04_0069,PROC-ISRO-IISU-01,ATE-STATION-01,CHAMBER-01,1.0,125.0,5.0,168,IDDQ,ELECTRICAL,uA,1.193,937.4811,937.5722,937.5598,936.2881,26.637,1.4958,12.312,-0.0233,-0.0497,36.54,36.0,1.193,937.4811,937.5722,937.5598,936.2881,50.0,False,NOMINAL,HEALTHY,32.3,37.27
DIG_LOT04_COMP0070,LOT_04,DIGITAL_IC,CQFP-64,DIG-SIH-2026,THERMAL_BURN_IN,T04_0070,PROC-ISRO-IISU-01,ATE-STATION-01,CHAMBER-01,1.0,125.0,5.0,168,IDDQ,ELECTRICAL,uA,1.0474,812.427,812.4988,812.5549,811.3796,25.961,1.5455,13.41,0.0463,-0.0242,34.6,34.28,1.0474,812.427,812.4988,812.5549,811.3796,50.0,False,NOMINAL,HEALTHY,-48.89,0.33
DIG_LOT04_COMP0071,LOT_04,DIGITAL_IC,CQFP-64,DIG-SIH-2026,THERMAL_BURN_IN,T04_0071,PROC-ISRO-IISU-01,ATE-STATION-01,CHAMBER-01,1.0,125.0,5.0,168,IDDQ,ELECTRICAL,uA,1.1368,870.6057,870.69,870.7704,869.4689,23.731,1.561,12.62,0.0055,-0.0145,34.59,34.58,1.1368,870.6057,870.69,870.7704,869.4689,50.0,False,NOMINAL,HEALTHY,44.25,1.89
DIG_LOT04_COMP0072,LOT_04,DIGITAL_IC,CQFP-64,DIG-SIH-2026,THERMAL_BURN_IN,T04_0072,PROC-ISRO-IISU-01,ATE-STATION-01,CHAMBER-01,1.0,125.0,5.0,168,IDDQ,ELECTRICAL,uA,1.2026,920.2345,920.267,920.3361,919.0319,25.509,2.5105,13.165,0.0149,-0.0569,36.0,36.46,1.2026,920.2345,920.267,920.3361,919.0319,50.0,False,NOMINAL,HEALTHY,30.33,-41.02
DIG_LOT04_COMP0073,LOT_04,DIGITAL_IC,CQFP-64,DIG-SIH-2026,THERMAL_BURN_IN,T04_0073,PROC-ISRO-IISU-01,ATE-STATION-01,CHAMBER-01,1.0,125.0,5.0,168,IDDQ,ELECTRICAL,uA,1.2753,979.5879,979.6535,979.7653,978.3126,25.229,2.2066,12.232,0.0334,0.0171,35.58,36.15,1.2753,979.5879,979.6535,979.7653,978.3126,50.0,False,NOMINAL,HEALTHY,27.25,34.29
DIG_LOT04_COMP0074,LOT_04,DIGITAL_IC,CQFP-64,DIG-SIH-2026,THERMAL_BURN_IN,T04_0074,PROC-ISRO-IISU-01,ATE-STATION-01,CHAMBER-01,1.0,125.0,5.0,168,IDDQ,ELECTRICAL,uA,1.1354,882.1587,882.2897,882.3508,881.0233,27.614,1.7701,12.877,-0.0054,-0.0062,35.35,34.66,1.1354,882.1587,882.2897,882.3508,881.0233,50.0,False,NOMINAL,HEALTHY,49.47,-16.11
DIG_LOT04_COMP0075,LOT_04,DIGITAL_IC,CQFP-64,DIG-SIH-2026,THERMAL_BURN_IN,T04_0075,PROC-ISRO-IISU-01,ATE-STATION-01,CHAMBER-01,1.0,125.0,5.0,168,IDDQ,ELECTRICAL,uA,1.4232,1074.4347,1074.4972,1074.6014,1073.0115,25.941,2.3285,12.687,-0.0189,-0.0326,37.76,38.21,1.4232,1074.4347,1074.4972,1074.6014,1073.0115,50.0,True,DIELECTRIC_OSCILLATION,HEALTHY,-6.7,-22.89
DIG_LOT04_COMP0076,LOT_04,DIGITAL_IC,CQFP-64,DIG-SIH-2026,THERMAL_BURN_IN,T04_0076,PROC-ISRO-IISU-01,ATE-STATION-01,CHAMBER-01,1.0,125.0,5.0,168,IDDQ,ELECTRICAL,uA,1.2985,978.9425,979.0165,979.0302,977.644,23.991,1.9063,12.546,0.0125,0.0671,32.7,33.31,1.2985,978.9425,979.0165,979.0302,977.644,50.0,False,NOMINAL,HEALTHY,-3.07,16.16
DIG_LOT04_COMP0077,LOT_04,DIGITAL_IC,CQFP-64,DIG-SIH-2026,THERMAL_BURN_IN,T04_0077,PROC-ISRO-IISU-01,ATE-STATION-01,CHAMBER-01,1.0,125.0,5.0,168,IDDQ,ELECTRICAL,uA,1.3921,1058.4298,1058.5019,1058.4947,1057.0377,22.106,2.1575,11.214,0.0018,0.0499,36.04,35.4,1.3921,1058.4298,1058.5019,1058.4947,1057.0377,50.0,False,NOMINAL,HEALTHY,-30.9,-0.92
DIG_LOT04_COMP0078,LOT_04,DIGITAL_IC,CQFP-64,DIG-SIH-2026,THERMAL_BURN_IN,T04_0078,PROC-ISRO-IISU-01,ATE-STATION-01,CHAMBER-01,1.0,125.0,5.0,168,IDDQ,ELECTRICAL,uA,1.3707,1057.1475,1057.2243,1057.2914,1055.7768,24.831,2.5032,12.304,-0.0157,-0.1674,34.2,34.35,1.3707,1057.1475,1057.2243,1057.2914,1055.7768,50.0,False,NOMINAL,HEALTHY,45.4,-4.84
DIG_LOT04_COMP0079,LOT_04,DIGITAL_IC,CQFP-64,DIG-SIH-2026,THERMAL_BURN_IN,T04_0079,PROC-ISRO-IISU-01,ATE-STATION-01,CHAMBER-01,1.0,125.0,5.0,168,IDDQ,ELECTRICAL,uA,1.2841,984.5877,984.6734,984.7411,983.3036,25.015,1.7952,11.73,-0.0211,-0.0073,34.29,33.98,1.2841,984.5877,984.6734,984.7411,983.3036,50.0,False,NOMINAL,HEALTHY,17.14,-36.32
DIG_LOT04_COMP0080,LOT_04,DIGITAL_IC,CQFP-64,DIG-SIH-2026,THERMAL_BURN_IN,T04_0080,PROC-ISRO-IISU-01,ATE-STATION-01,CHAMBER-01,1.0,125.0,5.0,168,IDDQ,ELECTRICAL,uA,1.1873,885.6303,885.7125,885.8442,884.443,25.011,1.7962,12.915,0.013,0.0109,34.95,35.45,1.1873,885.6303,885.7125,885.8442,884.443,50.0,False,NOMINAL,HEALTHY,-39.87,-5.64
DIG_LOT04_COMP0081,LOT_04,DIGITAL_IC,CQFP-64,DIG-SIH-2026,THERMAL_BURN_IN,T04_0081,PROC-ISRO-IISU-01,ATE-STATION-01,CHAMBER-01,1.0,125.0,5.0,168,IDDQ,ELECTRICAL,uA,1.1424,884.1256,892.6637,1042.4449,882.9832,26.345,1.9146,12.909,-0.0007,-0.0728,36.32,36.52,1.1424,884.1256,892.6637,1042.4449,882.9832,50.0,True,THERMAL_RUNAWAY,HEALTHY,-31.58,-44.08
DIG_LOT04_COMP0082,LOT_04,DIGITAL_IC,CQFP-64,DIG-SIH-2026,THERMAL_BURN_IN,T04_0082,PROC-ISRO-IISU-01,ATE-STATION-01,CHAMBER-01,1.0,125.0,5.0,168,IDDQ,ELECTRICAL,uA,1.4878,1127.2524,1127.3627,1127.3598,1125.7646,24.886,2.1851,13.478,-0.0134,0.0516,35.71,35.55,1.4878,1127.2524,1127.3627,1127.3598,1125.7646,50.0,False,NOMINAL,HEALTHY,19.69,-38.95
DIG_LOT04_COMP0083,LOT_04,DIGITAL_IC,CQFP-64,DIG-SIH-2026,THERMAL_BURN_IN,T04_0083,PROC-ISRO-IISU-01,ATE-STATION-01,CHAMBER-01,1.0,125.0,5.0,168,IDDQ,ELECTRICAL,uA,1.2912,990.5595,990.6044,990.6496,989.2683,26.091,2.3049,12.618,-0.0039,-0.0176,33.91,34.36,1.2912,990.5595,990.6044,990.6496,989.2683,50.0,False,NOMINAL,HEALTHY,-12.42,-12.85
DIG_LOT04_COMP0084,LOT_04,DIGITAL_IC,CQFP-64,DIG-SIH-2026,THERMAL_BURN_IN,T04_0084,PROC-ISRO-IISU-01,ATE-STATION-01,CHAMBER-01,1.0,125.0,5.0,168,IDDQ,ELECTRICAL,uA,1.2876,985.1516,985.2099,985.224,983.864,26.023,2.1909,11.865,0.009,0.0269,35.66,35.98,1.2876,985.1516,985.2099,985.224,983.864,50.0,False,NOMINAL,HEALTHY,14.3,-47.52
DIG_LOT04_COMP0085,LOT_04,DIGITAL_IC,CQFP-64,DIG-SIH-2026,THERMAL_BURN_IN,T04_0085,PROC-ISRO-IISU-01,ATE-STATION-01,CHAMBER-01,1.0,125.0,5.0,168,IDDQ,ELECTRICAL,uA,1.2968,988.2926,988.3769,988.4021,986.9958,24.784,2.1717,10.888,-0.0078,0.0185,33.72,33.64,1.2968,988.2926,988.3769,988.4021,986.9958,50.0,False,NOMINAL,HEALTHY,34.73,26.23
DIG_LOT04_COMP0086,LOT_04,DIGITAL_IC,CQFP-64,DIG-SIH-2026,THERMAL_BURN_IN,T04_0086,PROC-ISRO-IISU-01,ATE-STATION-01,CHAMBER-01,1.0,125.0,5.0,168,IDDQ,ELECTRICAL,uA,1.6228,1245.4793,1245.5776,1245.6152,1243.8565,23.207,3.1682,12.893,0.0063,-0.0256,35.53,36.35,1.6228,1245.4793,1245.5776,1245.6152,1243.8565,50.0,False,NOMINAL,HEALTHY,-25.18,10.59
DIG_LOT04_COMP0087,LOT_04,DIGITAL_IC,CQFP-64,DIG-SIH-2026,THERMAL_BURN_IN,T04_0087,PROC-ISRO-IISU-01,ATE-STATION-01,CHAMBER-01,1.0,125.0,5.0,168,IDDQ,ELECTRICAL,uA,1.1847,900.1814,900.2408,900.2388,898.9967,24.103,1.7639,13.203,0.0075,0.0462,34.73,34.93,1.1847,900.1814,900.2408,900.2388,898.9967,50.0,False,NOMINAL,HEALTHY,-43.6,-19.94
DIG_LOT04_COMP0088,LOT_04,DIGITAL_IC,CQFP-64,DIG-SIH-2026,THERMAL_BURN_IN,T04_0088,PROC-ISRO-IISU-01,ATE-STATION-01,CHAMBER-01,1.0,125.0,5.0,168,IDDQ,ELECTRICAL,uA,1.3064,997.9299,998.0433,998.0329,996.6235,25.15,2.3181,12.268,0.0157,0.009,33.07,32.91,1.3064,997.9299,998.0433,998.0329,996.6235,50.0,True,DIELECTRIC_OSCILLATION,HEALTHY,-3.33,26.09
DIG_LOT04_COMP0089,LOT_04,DIGITAL_IC,CQFP-64,DIG-SIH-2026,THERMAL_BURN_IN,T04_0089,PROC-ISRO-IISU-01,ATE-STATION-01,CHAMBER-01,1.0,125.0,5.0,168,IDDQ,ELECTRICAL,uA,1.308,1014.1928,1014.2655,1014.2848,1012.8848,24.208,2.0733,13.218,0.0295,0.0556,36.47,36.27,1.308,1014.1928,1014.2655,1014.2848,1012.8848,50.0,False,NOMINAL,HEALTHY,5.42,-18.86
DIG_LOT04_COMP0090,LOT_04,DIGITAL_IC,CQFP-64,DIG-SIH-2026,THERMAL_BURN_IN,T04_0090,PROC-ISRO-IISU-01,ATE-STATION-01,CHAMBER-01,1.0,125.0,5.0,168,IDDQ,ELECTRICAL,uA,1.4783,1145.3268,1145.4203,1145.4491,1143.8485,26.144,1.67,11.891,0.016,-0.0584,35.51,36.09,1.4783,1145.3268,1145.4203,1145.4491,1143.8485,50.0,False,NOMINAL,HEALTHY,-45.59,-35.03
DIG_LOT04_COMP0091,LOT_04,DIGITAL_IC,CQFP-64,DIG-SIH-2026,THERMAL_BURN_IN,T04_0091,PROC-ISRO-IISU-01,ATE-STATION-01,CHAMBER-01,1.0,125.0,5.0,168,IDDQ,ELECTRICAL,uA,1.4547,1113.9418,1114.0403,1114.1115,1112.4871,25.896,2.0529,12.518,0.0019,-0.0002,35.47,35.23,1.4547,1113.9418,1114.0403,1114.1115,1112.4871,50.0,False,NOMINAL,HEALTHY,-44.52,-6.42
DIG_LOT04_COMP0092,LOT_04,DIGITAL_IC,CQFP-64,DIG-SIH-2026,THERMAL_BURN_IN,T04_0092,PROC-ISRO-IISU-01,ATE-STATION-01,CHAMBER-01,1.0,125.0,5.0,168,IDDQ,ELECTRICAL,uA,1.2066,923.052,923.1,923.2247,921.8454,26.309,2.2279,12.186,0.0203,0.0222,34.35,33.88,1.2066,923.052,923.1,923.2247,921.8454,50.0,False,NOMINAL,HEALTHY,-3.95,28.89
DIG_LOT04_COMP0093,LOT_04,DIGITAL_IC,CQFP-64,DIG-SIH-2026,THERMAL_BURN_IN,T04_0093,PROC-ISRO-IISU-01,ATE-STATION-01,CHAMBER-01,1.0,125.0,5.0,168,IDDQ,ELECTRICAL,uA,1.4458,1114.7317,1114.88,1114.8947,1113.2859,25.089,1.8077,11.888,0.0087,0.0247,37.82,37.99,1.4458,1114.7317,1114.88,1114.8947,1113.2859,50.0,False,NOMINAL,HEALTHY,-3.48,48.77
DIG_LOT04_COMP0094,LOT_04,DIGITAL_IC,CQFP-64,DIG-SIH-2026,THERMAL_BURN_IN,T04_0094,PROC-ISRO-IISU-01,ATE-STATION-01,CHAMBER-01,1.0,125.0,5.0,168,IDDQ,ELECTRICAL,uA,1.4856,1141.5568,1141.648,1141.6784,1140.0712,22.822,2.1702,12.682,0.0025,0.0392,35.69,35.18,1.4856,1141.5568,1141.648,1141.6784,1140.0712,50.0,False,NOMINAL,HEALTHY,49.24,-14.42
DIG_LOT04_COMP0095,LOT_04,DIGITAL_IC,CQFP-64,DIG-SIH-2026,THERMAL_BURN_IN,T04_0095,PROC-ISRO-IISU-01,ATE-STATION-01,CHAMBER-01,1.0,125.0,5.0,168,IDDQ,ELECTRICAL,uA,1.5372,1184.0366,1184.1642,1184.1907,1182.4994,26.123,1.947,12.026,-0.0342,-0.1384,33.92,33.96,1.5372,1184.0366,1184.1642,1184.1907,1182.4994,50.0,False,NOMINAL,HEALTHY,-39.62,-40.65
DIG_LOT04_COMP0096,LOT_04,DIGITAL_IC,CQFP-64,DIG-SIH-2026,THERMAL_BURN_IN,T04_0096,PROC-ISRO-IISU-01,ATE-STATION-01,CHAMBER-01,1.0,125.0,5.0,168,IDDQ,ELECTRICAL,uA,1.2701,953.3391,953.4067,953.4797,952.069,24.139,1.5375,13.313,-0.0251,-0.0541,34.32,33.8,1.2701,953.3391,953.4067,953.4797,952.069,50.0,False,NOMINAL,HEALTHY,-36.8,-14.21
DIG_LOT04_COMP0097,LOT_04,DIGITAL_IC,CQFP-64,DIG-SIH-2026,THERMAL_BURN_IN,T04_0097,PROC-ISRO-IISU-01,ATE-STATION-01,CHAMBER-01,1.0,125.0,5.0,168,IDDQ,ELECTRICAL,uA,1.3901,1057.3134,1057.3687,1057.4644,1055.9233,25.648,2.2368,12.341,0.0046,0.0007,35.29,34.64,1.3901,1057.3134,1057.3687,1057.4644,1055.9233,50.0,False,NOMINAL,HEALTHY,-25.22,-14.93
DIG_LOT04_COMP0098,LOT_04,DIGITAL_IC,CQFP-64,DIG-SIH-2026,THERMAL_BURN_IN,T04_0098,PROC-ISRO-IISU-01,ATE-STATION-01,CHAMBER-01,1.0,125.0,5.0,168,IDDQ,ELECTRICAL,uA,1.483,1160.8523,1160.9683,1161.0372,1159.3693,25.292,2.3025,12.004,0.0298,-0.0119,34.66,34.24,1.483,1160.8523,1160.9683,1161.0372,1159.3693,50.0,False,NOMINAL,HEALTHY,-11.25,5.03
DIG_LOT04_COMP0099,LOT_04,DIGITAL_IC,CQFP-64,DIG-SIH-2026,THERMAL_BURN_IN,T04_0099,PROC-ISRO-IISU-01,ATE-STATION-01,CHAMBER-01,1.0,125.0,5.0,168,IDDQ,ELECTRICAL,uA,1.3832,1054.0008,1054.0897,1054.1513,1052.6176,23.849,2.2088,12.125,0.0189,0.0557,35.0,35.14,1.3832,1054.0008,1054.0897,1054.1513,1052.6176,50.0,False,NOMINAL,HEALTHY,-21.65,-42.03
DIG_LOT04_COMP0100,LOT_04,DIGITAL_IC,CQFP-64,DIG-SIH-2026,THERMAL_BURN_IN,T04_0100,PROC-ISRO-IISU-01,ATE-STATION-01,CHAMBER-01,1.0,125.0,5.0,168,IDDQ,ELECTRICAL,uA,1.3784,1047.9109,1048.0034,1048.1034,1046.5325,26.084,2.187,11.573,0.0105,-0.0654,33.89,34.12,1.3784,1047.9109,1048.0034,1048.1034,1046.5325,50.0,False,NOMINAL,HEALTHY,21.95,-15.64
DIG_LOT04_COMP0101,LOT_04,DIGITAL_IC,CQFP-64,DIG-SIH-2026,THERMAL_BURN_IN,T04_0101,PROC-ISRO-IISU-01,ATE-STATION-01,CHAMBER-01,1.0,125.0,5.0,168,IDDQ,ELECTRICAL,uA,1.4495,1118.5144,1118.6422,1118.6614,1117.0649,25.263,1.4725,11.676,0.0173,0.01,34.89,35.13,1.4495,1118.5144,1118.6422,1118.6614,1117.0649,50.0,False,NOMINAL,HEALTHY,-36.87,-11.83
DIG_LOT04_COMP0102,LOT_04,DIGITAL_IC,CQFP-64,DIG-SIH-2026,THERMAL_BURN_IN,T04_0102,PROC-ISRO-IISU-01,ATE-STATION-01,CHAMBER-01,1.0,125.0,5.0,168,IDDQ,ELECTRICAL,uA,1.0185,795.3877,795.4575,795.4568,794.3692,28.212,1.8363,11.332,0.0099,0.0324,34.13,34.01,1.0185,795.3877,795.4575,795.4568,794.3692,50.0,False,NOMINAL,HEALTHY,16.56,-36.42
DIG_LOT04_COMP0103,LOT_04,DIGITAL_IC,CQFP-64,DIG-SIH-2026,THERMAL_BURN_IN,T04_0103,PROC-ISRO-IISU-01,ATE-STATION-01,CHAMBER-01,1.0,125.0,5.0,168,IDDQ,ELECTRICAL,uA,1.1332,873.3103,873.3513,873.4521,872.1771,24.614,2.0474,12.675,0.0021,0.0363,34.86,35.13,1.1332,873.3103,873.3513,873.4521,872.1771,50.0,False,NOMINAL,HEALTHY,3.82,-33.79
DIG_LOT04_COMP0104,LOT_04,DIGITAL_IC,CQFP-64,DIG-SIH-2026,THERMAL_BURN_IN,T04_0104,PROC-ISRO-IISU-01,ATE-STATION-01,CHAMBER-01,1.0,125.0,5.0,168,IDDQ,ELECTRICAL,uA,1.2557,965.7354,965.8332,965.8499,964.4797,23.924,2.5333,12.658,-0.0323,-0.0211,33.98,33.33,1.2557,965.7354,965.8332,965.8499,964.4797,50.0,False,NOMINAL,HEALTHY,-4.02,39.15
DIG_LOT04_COMP0105,LOT_04,DIGITAL_IC,CQFP-64,DIG-SIH-2026,THERMAL_BURN_IN,T04_0105,PROC-ISRO-IISU-01,ATE-STATION-01,CHAMBER-01,1.0,125.0,5.0,168,IDDQ,ELECTRICAL,uA,1.4254,1104.6076,1104.6548,1104.7258,1103.1822,24.255,2.3377,12.448,-0.0152,0.0476,35.24,35.4,1.4254,1104.6076,1104.6548,1104.7258,1103.1822,50.0,False,NOMINAL,HEALTHY,-11.9,28.85
DIG_LOT04_COMP0106,LOT_04,DIGITAL_IC,CQFP-64,DIG-SIH-2026,THERMAL_BURN_IN,T04_0106,PROC-ISRO-IISU-01,ATE-STATION-01,CHAMBER-01,1.0,125.0,5.0,168,IDDQ,ELECTRICAL,uA,1.534,1160.0867,1160.2376,1160.3087,1158.5527,25.819,1.3903,12.27,0.0101,-0.0082,36.21,36.38,1.534,1160.0867,1160.2376,1160.3087,1158.5527,50.0,False,NOMINAL,HEALTHY,-15.73,-2.9
DIG_LOT04_COMP0107,LOT_04,DIGITAL_IC,CQFP-64,DIG-SIH-2026,THERMAL_BURN_IN,T04_0107,PROC-ISRO-IISU-01,ATE-STATION-01,CHAMBER-01,1.0,125.0,5.0,168,IDDQ,ELECTRICAL,uA,1.0832,830.7727,832.0158,837.1538,829.6895,26.07,2.0449,12.385,-0.0147,0.0573,35.11,35.26,1.0832,830.7727,832.0158,837.1538,829.6895,50.0,True,ELECTROMIGRATION,HEALTHY,44.96,11.36
DIG_LOT04_COMP0108,LOT_04,DIGITAL_IC,CQFP-64,DIG-SIH-2026,THERMAL_BURN_IN,T04_0108,PROC-ISRO-IISU-01,ATE-STATION-01,CHAMBER-01,1.0,125.0,5.0,168,IDDQ,ELECTRICAL,uA,1.5349,1190.2195,1190.2896,1190.3718,1188.6846,25.443,2.3517,12.119,0.0012,0.0375,37.18,36.67,1.5349,1190.2195,1190.2896,1190.3718,1188.6846,50.0,False,NOMINAL,HEALTHY,-27.29,-26.14
DIG_LOT04_COMP0109,LOT_04,DIGITAL_IC,CQFP-64,DIG-SIH-2026,THERMAL_BURN_IN,T04_0109,PROC-ISRO-IISU-01,ATE-STATION-01,CHAMBER-01,1.0,125.0,5.0,168,IDDQ,ELECTRICAL,uA,1.1196,852.9463,853.0424,853.0994,851.8267,24.885,2.1875,10.898,-0.0171,0.0149,36.2,36.27,1.1196,852.9463,853.0424,853.0994,851.8267,50.0,False,NOMINAL,HEALTHY,12.77,-49.38
DIG_LOT04_COMP0110,LOT_04,DIGITAL_IC,CQFP-64,DIG-SIH-2026,THERMAL_BURN_IN,T04_0110,PROC-ISRO-IISU-01,ATE-STATION-01,CHAMBER-01,1.0,125.0,5.0,168,IDDQ,ELECTRICAL,uA,1.3673,1056.3961,1064.8788,1214.7935,1055.0288,23.77,1.7293,12.445,0.0169,-0.0138,32.55,32.25,1.3673,1056.3961,1064.8788,1214.7935,1055.0288,50.0,True,THERMAL_RUNAWAY,HEALTHY,28.02,0.77
DIG_LOT04_COMP0111,LOT_04,DIGITAL_IC,CQFP-64,DIG-SIH-2026,THERMAL_BURN_IN,T04_0111,PROC-ISRO-IISU-01,ATE-STATION-01,CHAMBER-01,1.0,125.0,5.0,168,IDDQ,ELECTRICAL,uA,1.001,760.878,760.9324,760.9745,759.877,25.555,2.2248,11.701,-0.0158,-0.0567,33.8,34.35,1.001,760.878,760.9324,760.9745,759.877,50.0,False,NOMINAL,HEALTHY,24.15,5.95
DIG_LOT04_COMP0112,LOT_04,DIGITAL_IC,CQFP-64,DIG-SIH-2026,THERMAL_BURN_IN,T04_0112,PROC-ISRO-IISU-01,ATE-STATION-01,CHAMBER-01,1.0,125.0,5.0,168,IDDQ,ELECTRICAL,uA,1.3926,1078.4565,1078.5565,1078.6003,1077.0639,25.849,2.1453,12.732,0.0435,0.0944,36.54,36.01,1.3926,1078.4565,1078.5565,1078.6003,1077.0639,50.0,False,NOMINAL,HEALTHY,-30.29,-42.19
DIG_LOT04_COMP0113,LOT_04,DIGITAL_IC,CQFP-64,DIG-SIH-2026,THERMAL_BURN_IN,T04_0113,PROC-ISRO-IISU-01,ATE-STATION-01,CHAMBER-01,1.0,125.0,5.0,168,IDDQ,ELECTRICAL,uA,1.2022,903.8152,903.8752,904.0006,902.613,24.415,1.8029,11.825,-0.0186,-0.0783,36.87,36.84,1.2022,903.8152,903.8752,904.0006,902.613,50.0,False,NOMINAL,HEALTHY,-46.32,-25.91
DIG_LOT04_COMP0114,LOT_04,DIGITAL_IC,CQFP-64,DIG-SIH-2026,THERMAL_BURN_IN,T04_0114,PROC-ISRO-IISU-01,ATE-STATION-01,CHAMBER-01,1.0,125.0,5.0,168,IDDQ,ELECTRICAL,uA,1.258,966.4824,966.5492,966.6717,965.2244,28.162,1.9592,12.751,0.0034,0.0231,34.24,34.06,1.258,966.4824,966.5492,966.6717,965.2244,50.0,False,NOMINAL,HEALTHY,-36.82,-11.38
DIG_LOT04_COMP0115,LOT_04,DIGITAL_IC,CQFP-64,DIG-SIH-2026,THERMAL_BURN_IN,T04_0115,PROC-ISRO-IISU-01,ATE-STATION-01,CHAMBER-01,1.0,125.0,5.0,168,IDDQ,ELECTRICAL,uA,1.251,963.4605,963.5071,963.5767,962.2095,23.056,1.8929,12.884,0.0285,0.0184,35.47,36.26,1.251,963.4605,963.5071,963.5767,962.2095,50.0,False,NOMINAL,HEALTHY,-35.36,17.26
DIG_LOT04_COMP0116,LOT_04,DIGITAL_IC,CQFP-64,DIG-SIH-2026,THERMAL_BURN_IN,T04_0116,PROC-ISRO-IISU-01,ATE-STATION-01,CHAMBER-01,1.0,125.0,5.0,168,IDDQ,ELECTRICAL,uA,1.3375,1046.0918,1046.1608,1046.2007,1044.7543,23.936,1.7087,12.484,-0.0238,0.0606,35.21,34.38,1.3375,1046.0918,1046.1608,1046.2007,1044.7543,50.0,False,NOMINAL,HEALTHY,29.68,6.62
DIG_LOT04_COMP0117,LOT_04,DIGITAL_IC,CQFP-64,DIG-SIH-2026,THERMAL_BURN_IN,T04_0117,PROC-ISRO-IISU-01,ATE-STATION-01,CHAMBER-01,1.0,125.0,5.0,168,IDDQ,ELECTRICAL,uA,1.4452,1112.6094,1112.6782,1112.7674,1111.1642,28.709,2.0814,12.958,-0.0151,-0.0031,35.47,35.04,1.4452,1112.6094,1112.6782,1112.7674,1111.1642,50.0,False,NOMINAL,HEALTHY,10.58,-10.4
DIG_LOT04_COMP0118,LOT_04,DIGITAL_IC,CQFP-64,DIG-SIH-2026,THERMAL_BURN_IN,T04_0118,PROC-ISRO-IISU-01,ATE-STATION-01,CHAMBER-01,1.0,125.0,5.0,168,IDDQ,ELECTRICAL,uA,1.5275,1181.8459,1181.9477,1182.0101,1180.3184,24.382,2.1981,13.702,-0.0213,-0.0679,34.61,33.92,1.5275,1181.8459,1181.9477,1182.0101,1180.3184,50.0,False,NOMINAL,HEALTHY,-19.68,-5.06
DIG_LOT04_COMP0119,LOT_04,DIGITAL_IC,CQFP-64,DIG-SIH-2026,THERMAL_BURN_IN,T04_0119,PROC-ISRO-IISU-01,ATE-STATION-01,CHAMBER-01,1.0,125.0,5.0,168,IDDQ,ELECTRICAL,uA,1.4062,1072.9275,1073.0371,1073.0351,1071.5213,23.079,2.1648,14.592,-0.0295,-0.0793,35.18,35.0,1.4062,1072.9275,1073.0371,1073.0351,1071.5213,50.0,False,NOMINAL,HEALTHY,5.98,-35.31
DIG_LOT04_COMP0120,LOT_04,DIGITAL_IC,CQFP-64,DIG-SIH-2026,THERMAL_BURN_IN,T04_0120,PROC-ISRO-IISU-01,ATE-STATION-01,CHAMBER-01,1.0,125.0,5.0,168,IDDQ,ELECTRICAL,uA,1.2956,989.0999,989.1683,989.2846,987.8043,28.836,1.9892,13.338,0.0044,-0.0134,34.03,34.37,1.2956,989.0999,989.1683,989.2846,987.8043,50.0,False,NOMINAL,HEALTHY,8.95,-2.21
DIG_LOT04_COMP0121,LOT_04,DIGITAL_IC,CQFP-64,DIG-SIH-2026,THERMAL_BURN_IN,T04_0121,PROC-ISRO-IISU-01,ATE-STATION-01,CHAMBER-01,1.0,125.0,5.0,168,IDDQ,ELECTRICAL,uA,1.0024,777.4083,777.4899,777.522,776.4059,26.38,2.5296,11.663,0.0209,-0.0187,35.92,36.53,1.0024,777.4083,777.4899,777.522,776.4059,50.0,False,NOMINAL,HEALTHY,-21.01,-43.7
DIG_LOT04_COMP0122,LOT_04,DIGITAL_IC,CQFP-64,DIG-SIH-2026,THERMAL_BURN_IN,T04_0122,PROC-ISRO-IISU-01,ATE-STATION-01,CHAMBER-01,1.0,125.0,5.0,168,IDDQ,ELECTRICAL,uA,1.2481,970.6242,970.6728,970.7518,969.3761,26.429,2.277,10.314,0.0085,0.0882,33.56,33.92,1.2481,970.6242,970.6728,970.7518,969.3761,50.0,False,NOMINAL,HEALTHY,13.85,-22.87
DIG_LOT04_COMP0123,LOT_04,DIGITAL_IC,CQFP-64,DIG-SIH-2026,THERMAL_BURN_IN,T04_0123,PROC-ISRO-IISU-01,ATE-STATION-01,CHAMBER-01,1.0,125.0,5.0,168,IDDQ,ELECTRICAL,uA,1.5586,1170.9536,1171.0862,1171.1177,1169.395,23.34,1.7274,13.863,-0.016,-0.0868,36.76,36.87,1.5586,1170.9536,1171.0862,1171.1177,1169.395,50.0,False,NOMINAL,HEALTHY,46.38,36.95
DIG_LOT04_COMP0124,LOT_04,DIGITAL_IC,CQFP-64,DIG-SIH-2026,THERMAL_BURN_IN,T04_0124,PROC-ISRO-IISU-01,ATE-STATION-01,CHAMBER-01,1.0,125.0,5.0,168,IDDQ,ELECTRICAL,uA,1.0214,821.965,821.9818,822.0457,820.9436,25.568,2.0927,13.571,0.0125,0.0587,36.21,36.47,1.0214,821.965,821.9818,822.0457,820.9436,50.0,False,NOMINAL,HEALTHY,-35.88,-37.5
DIG_LOT04_COMP0125,LOT_04,DIGITAL_IC,CQFP-64,DIG-SIH-2026,THERMAL_BURN_IN,T04_0125,PROC-ISRO-IISU-01,ATE-STATION-01,CHAMBER-01,1.0,125.0,5.0,168,IDDQ,ELECTRICAL,uA,1.4043,1062.8789,1062.9466,1063.0197,1061.4746,27.648,2.0016,12.397,0.0003,0.0295,36.73,36.7,1.4043,1062.8789,1062.9466,1063.0197,1061.4746,50.0,False,NOMINAL,HEALTHY,-7.56,-36.78
DIG_LOT04_COMP0126,LOT_04,DIGITAL_IC,CQFP-64,DIG-SIH-2026,THERMAL_BURN_IN,T04_0126,PROC-ISRO-IISU-01,ATE-STATION-01,CHAMBER-01,1.0,125.0,5.0,168,IDDQ,ELECTRICAL,uA,1.3551,1054.255,1054.2882,1054.3284,1052.8999,24.614,1.8251,12.713,0.0432,0.0025,35.2,35.16,1.3551,1054.255,1054.2882,1054.3284,1052.8999,50.0,True,DIELECTRIC_OSCILLATION,HEALTHY,-21.56,-33.72
DIG_LOT04_COMP0127,LOT_04,DIGITAL_IC,CQFP-64,DIG-SIH-2026,THERMAL_BURN_IN,T04_0127,PROC-ISRO-IISU-01,ATE-STATION-01,CHAMBER-01,1.0,125.0,5.0,168,IDDQ,ELECTRICAL,uA,1.3653,1059.1687,1059.2671,1059.3201,1057.8034,23.448,1.7755,12.592,0.013,-0.053,34.25,34.29,1.3653,1059.1687,1059.2671,1059.3201,1057.8034,50.0,False,NOMINAL,HEALTHY,6.75,-32.45
DIG_LOT04_COMP0128,LOT_04,DIGITAL_IC,CQFP-64,DIG-SIH-2026,THERMAL_BURN_IN,T04_0128,PROC-ISRO-IISU-01,ATE-STATION-01,CHAMBER-01,1.0,125.0,5.0,168,IDDQ,ELECTRICAL,uA,1.3905,1088.6842,1088.7825,1088.795,1087.2937,27.208,2.2072,12.497,-0.011,-0.0134,34.47,34.0,1.3905,1088.6842,1088.7825,1088.795,1087.2937,50.0,False,NOMINAL,HEALTHY,-34.02,-34.27
DIG_LOT04_COMP0129,LOT_04,DIGITAL_IC,CQFP-64,DIG-SIH-2026,THERMAL_BURN_IN,T04_0129,PROC-ISRO-IISU-01,ATE-STATION-01,CHAMBER-01,1.0,125.0,5.0,168,IDDQ,ELECTRICAL,uA,1.265,968.3278,968.3936,968.5142,967.0628,25.24,2.364,11.876,0.0061,0.0243,37.06,36.54,1.265,968.3278,968.3936,968.5142,967.0628,50.0,False,NOMINAL,HEALTHY,-49.46,18.52
DIG_LOT04_COMP0130,LOT_04,DIGITAL_IC,CQFP-64,DIG-SIH-2026,THERMAL_BURN_IN,T04_0130,PROC-ISRO-IISU-01,ATE-STATION-01,CHAMBER-01,1.0,125.0,5.0,168,IDDQ,ELECTRICAL,uA,1.4016,1060.4756,1060.5404,1060.6014,1059.074,24.487,2.6604,13.504,0.0223,0.0427,35.82,36.02,1.4016,1060.4756,1060.5404,1060.6014,1059.074,50.0,False,NOMINAL,HEALTHY,30.36,36.15
DIG_LOT04_COMP0131,LOT_04,DIGITAL_IC,CQFP-64,DIG-SIH-2026,THERMAL_BURN_IN,T04_0131,PROC-ISRO-IISU-01,ATE-STATION-01,CHAMBER-01,1.0,125.0,5.0,168,IDDQ,ELECTRICAL,uA,1.4506,1118.871,1118.9574,1119.0283,1117.4204,24.834,2.4416,12.92,-0.008,-0.0772,33.72,33.81,1.4506,1118.871,1118.9574,1119.0283,1117.4204,50.0,False,NOMINAL,HEALTHY,-1.97,2.02
DIG_LOT04_COMP0132,LOT_04,DIGITAL_IC,CQFP-64,DIG-SIH-2026,THERMAL_BURN_IN,T04_0132,PROC-ISRO-IISU-01,ATE-STATION-01,CHAMBER-01,1.0,125.0,5.0,168,IDDQ,ELECTRICAL,uA,0.9124,706.8081,706.8404,706.8847,705.8957,26.082,1.7277,11.11,0.0005,-0.0443,34.37,33.86,0.9124,706.8081,706.8404,706.8847,705.8957,50.0,False,NOMINAL,HEALTHY,-20.38,20.81
DIG_LOT04_COMP0133,LOT_04,DIGITAL_IC,CQFP-64,DIG-SIH-2026,THERMAL_BURN_IN,T04_0133,PROC-ISRO-IISU-01,ATE-STATION-01,CHAMBER-01,1.0,125.0,5.0,168,IDDQ,ELECTRICAL,uA,1.1547,902.5748,902.6096,902.6526,901.4201,27.024,2.0417,12.673,0.0059,0.0402,32.53,32.45,1.1547,902.5748,902.6096,902.6526,901.4201,50.0,False,NOMINAL,HEALTHY,43.53,1.62
DIG_LOT04_COMP0134,LOT_04,DIGITAL_IC,CQFP-64,DIG-SIH-2026,THERMAL_BURN_IN,T04_0134,PROC-ISRO-IISU-01,ATE-STATION-01,CHAMBER-01,1.0,125.0,5.0,168,IDDQ,ELECTRICAL,uA,1.449,1130.8557,1130.9146,1131.0079,1129.4067,25.761,1.9887,13.044,-0.0323,-0.0826,33.04,33.3,1.449,1130.8557,1130.9146,1131.0079,1129.4067,50.0,False,NOMINAL,HEALTHY,37.03,9.31
DIG_LOT04_COMP0135,LOT_04,DIGITAL_IC,CQFP-64,DIG-SIH-2026,THERMAL_BURN_IN,T04_0135,PROC-ISRO-IISU-01,ATE-STATION-01,CHAMBER-01,1.0,125.0,5.0,168,IDDQ,ELECTRICAL,uA,0.9353,724.3708,724.4449,724.4858,723.4355,23.595,1.9691,11.747,-0.0297,0.0165,35.32,35.7,0.9353,724.3708,724.4449,724.4858,723.4355,50.0,False,NOMINAL,HEALTHY,-36.87,-45.2
DIG_LOT04_COMP0136,LOT_04,DIGITAL_IC,CQFP-64,DIG-SIH-2026,THERMAL_BURN_IN,T04_0136,PROC-ISRO-IISU-01,ATE-STATION-01,CHAMBER-01,1.0,125.0,5.0,168,IDDQ,ELECTRICAL,uA,1.236,951.2625,951.3169,951.322,950.0265,26.136,2.3698,11.718,0.0075,0.065,34.49,34.16,1.236,951.2625,951.3169,951.322,950.0265,50.0,False,NOMINAL,HEALTHY,25.99,28.22
DIG_LOT04_COMP0137,LOT_04,DIGITAL_IC,CQFP-64,DIG-SIH-2026,THERMAL_BURN_IN,T04_0137,PROC-ISRO-IISU-01,ATE-STATION-01,CHAMBER-01,1.0,125.0,5.0,168,IDDQ,ELECTRICAL,uA,1.4313,1107.3143,1107.3875,1107.4259,1105.883,24.767,1.9493,12.126,-0.018,-0.0768,34.95,35.17,1.4313,1107.3143,1107.3875,1107.4259,1105.883,50.0,False,NOMINAL,HEALTHY,42.14,9.91
DIG_LOT04_COMP0138,LOT_04,DIGITAL_IC,CQFP-64,DIG-SIH-2026,THERMAL_BURN_IN,T04_0138,PROC-ISRO-IISU-01,ATE-STATION-01,CHAMBER-01,1.0,125.0,5.0,168,IDDQ,ELECTRICAL,uA,1.2662,978.8602,978.8949,978.948,977.594,24.284,1.5715,12.132,-0.0244,0.0258,33.65,33.95,1.2662,978.8602,978.8949,978.948,977.594,50.0,False,NOMINAL,HEALTHY,-12.49,11.13
DIG_LOT04_COMP0139,LOT_04,DIGITAL_IC,CQFP-64,DIG-SIH-2026,THERMAL_BURN_IN,T04_0139,PROC-ISRO-IISU-01,ATE-STATION-01,CHAMBER-01,1.0,125.0,5.0,168,IDDQ,ELECTRICAL,uA,1.2703,968.7307,968.7584,968.7627,967.4604,25.229,2.0592,12.854,-0.0304,-0.022,35.84,36.6,1.2703,968.7307,968.7584,968.7627,967.4604,50.0,False,NOMINAL,HEALTHY,-34.53,24.3
DIG_LOT04_COMP0140,LOT_04,DIGITAL_IC,CQFP-64,DIG-SIH-2026,THERMAL_BURN_IN,T04_0140,PROC-ISRO-IISU-01,ATE-STATION-01,CHAMBER-01,1.0,125.0,5.0,168,IDDQ,ELECTRICAL,uA,1.2286,934.6339,934.6945,934.7768,933.4053,25.792,2.2414,12.864,-0.0012,0.0085,34.03,34.6,1.2286,934.6339,934.6945,934.7768,933.4053,50.0,False,NOMINAL,HEALTHY,-23.01,14.64
DIG_LOT04_COMP0141,LOT_04,DIGITAL_IC,CQFP-64,DIG-SIH-2026,THERMAL_BURN_IN,T04_0141,PROC-ISRO-IISU-01,ATE-STATION-01,CHAMBER-01,1.0,125.0,5.0,168,IDDQ,ELECTRICAL,uA,1.3679,1050.2767,1050.4087,1050.3759,1048.9088,24.99,2.173,12.498,-0.0049,0.0707,35.3,35.74,1.3679,1050.2767,1050.4087,1050.3759,1048.9088,50.0,False,NOMINAL,HEALTHY,-44.31,34.81
DIG_LOT04_COMP0142,LOT_04,DIGITAL_IC,CQFP-64,DIG-SIH-2026,THERMAL_BURN_IN,T04_0142,PROC-ISRO-IISU-01,ATE-STATION-01,CHAMBER-01,1.0,125.0,5.0,168,IDDQ,ELECTRICAL,uA,1.4573,1116.5446,1116.6338,1116.7244,1115.0873,24.317,2.133,12.468,-0.0237,-0.0474,35.27,36.07,1.4573,1116.5446,1116.6338,1116.7244,1115.0873,50.0,False,NOMINAL,HEALTHY,-36.55,-35.74
DIG_LOT04_COMP0143,LOT_04,DIGITAL_IC,CQFP-64,DIG-SIH-2026,THERMAL_BURN_IN,T04_0143,PROC-ISRO-IISU-01,ATE-STATION-01,CHAMBER-01,1.0,125.0,5.0,168,IDDQ,ELECTRICAL,uA,1.3445,1036.0827,1036.1871,1036.1993,1034.7382,26.346,2.0752,11.929,0.0021,0.0024,35.48,35.06,1.3445,1036.0827,1036.1871,1036.1993,1034.7382,50.0,False,NOMINAL,HEALTHY,37.24,-1.33
DIG_LOT04_COMP0144,LOT_04,DIGITAL_IC,CQFP-64,DIG-SIH-2026,THERMAL_BURN_IN,T04_0144,PROC-ISRO-IISU-01,ATE-STATION-01,CHAMBER-01,1.0,125.0,5.0,168,IDDQ,ELECTRICAL,uA,1.562,1208.6602,1208.7277,1208.8147,1207.0982,23.664,1.9404,13.409,0.0141,0.0077,34.55,34.63,1.562,1208.6602,1208.7277,1208.8147,1207.0982,50.0,False,NOMINAL,HEALTHY,-8.43,13.96
DIG_LOT04_COMP0145,LOT_04,DIGITAL_IC,CQFP-64,DIG-SIH-2026,THERMAL_BURN_IN,T04_0145,PROC-ISRO-IISU-01,ATE-STATION-01,CHAMBER-01,1.0,125.0,5.0,168,IDDQ,ELECTRICAL,uA,1.3237,1026.4095,1026.48,1026.5562,1025.0858,24.645,2.324,12.603,-0.0025,0.0242,33.05,32.73,1.3237,1026.4095,1026.48,1026.5562,1025.0858,50.0,False,NOMINAL,HEALTHY,-46.64,11.72
DIG_LOT04_COMP0146,LOT_04,DIGITAL_IC,CQFP-64,DIG-SIH-2026,THERMAL_BURN_IN,T04_0146,PROC-ISRO-IISU-01,ATE-STATION-01,CHAMBER-01,1.0,125.0,5.0,168,IDDQ,ELECTRICAL,uA,1.1922,934.5486,934.6026,934.7305,933.3564,23.345,2.043,12.857,-0.0009,0.0544,36.22,35.58,1.1922,934.5486,934.6026,934.7305,933.3564,50.0,False,NOMINAL,HEALTHY,1.23,37.63
DIG_LOT04_COMP0147,LOT_04,DIGITAL_IC,CQFP-64,DIG-SIH-2026,THERMAL_BURN_IN,T04_0147,PROC-ISRO-IISU-01,ATE-STATION-01,CHAMBER-01,1.0,125.0,5.0,168,IDDQ,ELECTRICAL,uA,1.2199,936.335,936.3792,936.4851,935.1151,23.515,1.8802,11.36,-0.0021,-0.0005,35.35,36.51,1.2199,936.335,936.3792,936.4851,935.1151,50.0,False,NOMINAL,HEALTHY,46.86,38.8
DIG_LOT04_COMP0148,LOT_04,DIGITAL_IC,CQFP-64,DIG-SIH-2026,THERMAL_BURN_IN,T04_0148,PROC-ISRO-IISU-01,ATE-STATION-01,CHAMBER-01,1.0,125.0,5.0,168,IDDQ,ELECTRICAL,uA,1.3334,1043.0969,1051.6375,1201.4575,1041.7635,24.059,2.6531,13.43,-0.0475,0.0443,34.09,33.69,1.3334,1043.0969,1051.6375,1201.4575,1041.7635,50.0,True,THERMAL_RUNAWAY,HEALTHY,32.17,36.08
DIG_LOT04_COMP0149,LOT_04,DIGITAL_IC,CQFP-64,DIG-SIH-2026,THERMAL_BURN_IN,T04_0149,PROC-ISRO-IISU-01,ATE-STATION-01,CHAMBER-01,1.0,125.0,5.0,168,IDDQ,ELECTRICAL,uA,1.178,905.7556,905.7848,905.8505,904.5776,24.046,1.6421,12.836,-0.004,-0.0317,33.68,33.46,1.178,905.7556,905.7848,905.8505,904.5776,50.0,False,NOMINAL,HEALTHY,-33.83,25.24
DIG_LOT04_COMP0150,LOT_04,DIGITAL_IC,CQFP-64,DIG-SIH-2026,THERMAL_BURN_IN,T04_0150,PROC-ISRO-IISU-01,ATE-STATION-01,CHAMBER-01,1.0,125.0,5.0,168,IDDQ,ELECTRICAL,uA,1.3571,1041.1584,1041.2306,1041.2313,1039.8013,26.689,1.4346,12.733,-0.0213,0.0537,36.77,36.44,1.3571,1041.1584,1041.2306,1041.2313,1039.8013,50.0,False,NOMINAL,HEALTHY,-10.61,-38.98
DIG_LOT04_COMP0151,LOT_04,DIGITAL_IC,CQFP-64,DIG-SIH-2026,THERMAL_BURN_IN,T04_0151,PROC-ISRO-IISU-01,ATE-STATION-01,CHAMBER-01,1.0,125.0,5.0,168,IDDQ,ELECTRICAL,uA,1.2374,955.5446,956.8497,962.076,954.3072,25.619,1.588,12.351,-0.0044,0.012,33.6,33.1,1.2374,955.5446,956.8497,962.076,954.3072,50.0,True,ELECTROMIGRATION,HEALTHY,-22.09,8.11
DIG_LOT04_COMP0152,LOT_04,DIGITAL_IC,CQFP-64,DIG-SIH-2026,THERMAL_BURN_IN,T04_0152,PROC-ISRO-IISU-01,ATE-STATION-01,CHAMBER-01,1.0,125.0,5.0,168,IDDQ,ELECTRICAL,uA,1.4758,1124.3748,1124.4547,1124.4377,1122.899,25.892,1.7854,13.291,0.006,-0.0679,37.24,37.51,1.4758,1124.3748,1124.4547,1124.4377,1122.899,50.0,False,NOMINAL,HEALTHY,1.08,-47.91
DIG_LOT04_COMP0153,LOT_04,DIGITAL_IC,CQFP-64,DIG-SIH-2026,THERMAL_BURN_IN,T04_0153,PROC-ISRO-IISU-01,ATE-STATION-01,CHAMBER-01,1.0,125.0,5.0,168,IDDQ,ELECTRICAL,uA,1.1818,916.0616,916.1642,916.1633,914.8798,25.594,2.0251,12.042,-0.0496,-0.0672,33.36,33.54,1.1818,916.0616,916.1642,916.1633,914.8798,50.0,False,NOMINAL,HEALTHY,-44.05,33.98
DIG_LOT04_COMP0154,LOT_04,DIGITAL_IC,CQFP-64,DIG-SIH-2026,THERMAL_BURN_IN,T04_0154,PROC-ISRO-IISU-01,ATE-STATION-01,CHAMBER-01,1.0,125.0,5.0,168,IDDQ,ELECTRICAL,uA,1.2566,940.8622,940.8727,940.9452,939.6056,23.591,2.2335,12.291,0.0425,-0.0473,36.34,36.34,1.2566,940.8622,940.8727,940.9452,939.6056,50.0,False,NOMINAL,HEALTHY,-7.4,21.61
DIG_LOT04_COMP0155,LOT_04,DIGITAL_IC,CQFP-64,DIG-SIH-2026,THERMAL_BURN_IN,T04_0155,PROC-ISRO-IISU-01,ATE-STATION-01,CHAMBER-01,1.0,125.0,5.0,168,IDDQ,ELECTRICAL,uA,1.1739,901.6485,901.6949,901.7876,900.4746,25.562,1.9778,11.749,0.0037,0.0654,35.48,36.15,1.1739,901.6485,901.6949,901.7876,900.4746,50.0,False,NOMINAL,HEALTHY,-27.76,-24.14
DIG_LOT04_COMP0156,LOT_04,DIGITAL_IC,CQFP-64,DIG-SIH-2026,THERMAL_BURN_IN,T04_0156,PROC-ISRO-IISU-01,ATE-STATION-01,CHAMBER-01,1.0,125.0,5.0,168,IDDQ,ELECTRICAL,uA,1.2125,932.6214,932.7111,932.7367,931.4089,26.879,2.2963,12.815,0.0253,0.0945,37.95,38.07,1.2125,932.6214,932.7111,932.7367,931.4089,50.0,False,NOMINAL,HEALTHY,17.1,-37.8
DIG_LOT04_COMP0157,LOT_04,DIGITAL_IC,CQFP-64,DIG-SIH-2026,THERMAL_BURN_IN,T04_0157,PROC-ISRO-IISU-01,ATE-STATION-01,CHAMBER-01,1.0,125.0,5.0,168,IDDQ,ELECTRICAL,uA,1.2696,989.1976,989.2518,989.3395,987.928,23.599,1.7945,11.717,-0.0085,0.0915,34.43,34.81,1.2696,989.1976,989.2518,989.3395,987.928,50.0,False,NOMINAL,HEALTHY,37.44,22.59
DIG_LOT04_COMP0158,LOT_04,DIGITAL_IC,CQFP-64,DIG-SIH-2026,THERMAL_BURN_IN,T04_0158,PROC-ISRO-IISU-01,ATE-STATION-01,CHAMBER-01,1.0,125.0,5.0,168,IDDQ,ELECTRICAL,uA,1.2329,938.8053,938.8845,938.933,937.5724,21.488,2.4617,13.104,0.0154,0.0501,35.28,34.97,1.2329,938.8053,938.8845,938.933,937.5724,50.0,False,NOMINAL,HEALTHY,-49.44,5.68
DIG_LOT04_COMP0159,LOT_04,DIGITAL_IC,CQFP-64,DIG-SIH-2026,THERMAL_BURN_IN,T04_0159,PROC-ISRO-IISU-01,ATE-STATION-01,CHAMBER-01,1.0,125.0,5.0,168,IDDQ,ELECTRICAL,uA,1.3755,1046.5338,1046.5951,1046.6522,1045.1583,24.826,2.2473,13.439,0.0239,0.0212,35.42,34.64,1.3755,1046.5338,1046.5951,1046.6522,1045.1583,50.0,False,NOMINAL,HEALTHY,-19.55,39.38
DIG_LOT04_COMP0160,LOT_04,DIGITAL_IC,CQFP-64,DIG-SIH-2026,THERMAL_BURN_IN,T04_0160,PROC-ISRO-IISU-01,ATE-STATION-01,CHAMBER-01,1.0,125.0,5.0,168,IDDQ,ELECTRICAL,uA,0.9243,706.0153,706.0386,706.0963,705.091,27.06,1.5077,12.417,0.0146,0.068,34.92,34.66,0.9243,706.0153,706.0386,706.0963,705.091,50.0,False,NOMINAL,HEALTHY,15.17,-41.66
DIG_LOT04_COMP0161,LOT_04,DIGITAL_IC,CQFP-64,DIG-SIH-2026,THERMAL_BURN_IN,T04_0161,PROC-ISRO-IISU-01,ATE-STATION-01,CHAMBER-01,1.0,125.0,5.0,168,IDDQ,ELECTRICAL,uA,1.6666,1272.6118,1272.7098,1272.8008,1270.9452,24.156,2.0322,12.795,0.004,0.0055,34.52,34.37,1.6666,1272.6118,1272.7098,1272.8008,1270.9452,50.0,False,NOMINAL,HEALTHY,9.64,-19.2
DIG_LOT04_COMP0162,LOT_04,DIGITAL_IC,CQFP-64,DIG-SIH-2026,THERMAL_BURN_IN,T04_0162,PROC-ISRO-IISU-01,ATE-STATION-01,CHAMBER-01,1.0,125.0,5.0,168,IDDQ,ELECTRICAL,uA,1.262,984.5498,984.6764,984.6871,983.2878,25.139,1.7488,11.901,0.0216,-0.0444,34.58,35.1,1.262,984.5498,984.6764,984.6871,983.2878,50.0,False,NOMINAL,HEALTHY,-19.84,9.42
DIG_LOT04_COMP0163,LOT_04,DIGITAL_IC,CQFP-64,DIG-SIH-2026,THERMAL_BURN_IN,T04_0163,PROC-ISRO-IISU-01,ATE-STATION-01,CHAMBER-01,1.0,125.0,5.0,168,IDDQ,ELECTRICAL,uA,1.479,1144.472,1144.5768,1144.6114,1142.993,22.616,1.905,12.503,0.0541,0.0388,35.44,34.3,1.479,1144.472,1144.5768,1144.6114,1142.993,50.0,False,NOMINAL,HEALTHY,22.08,-46.49
DIG_LOT04_COMP0164,LOT_04,DIGITAL_IC,CQFP-64,DIG-SIH-2026,THERMAL_BURN_IN,T04_0164,PROC-ISRO-IISU-01,ATE-STATION-01,CHAMBER-01,1.0,125.0,5.0,168,IDDQ,ELECTRICAL,uA,1.3365,1035.4317,1035.4765,1035.5915,1034.0952,22.321,2.1887,12.289,0.012,0.031,34.09,34.83,1.3365,1035.4317,1035.4765,1035.5915,1034.0952,50.0,True,DIELECTRIC_OSCILLATION,HEALTHY,9.82,40.21
DIG_LOT04_COMP0165,LOT_04,DIGITAL_IC,CQFP-64,DIG-SIH-2026,THERMAL_BURN_IN,T04_0165,PROC-ISRO-IISU-01,ATE-STATION-01,CHAMBER-01,1.0,125.0,5.0,168,IDDQ,ELECTRICAL,uA,1.0583,805.8764,805.9455,806.0064,804.8181,24.08,1.9453,11.756,-0.0037,0.0117,35.89,34.77,1.0583,805.8764,805.9455,806.0064,804.8181,50.0,False,NOMINAL,HEALTHY,34.81,-3.3
DIG_LOT04_COMP0166,LOT_04,DIGITAL_IC,CQFP-64,DIG-SIH-2026,THERMAL_BURN_IN,T04_0166,PROC-ISRO-IISU-01,ATE-STATION-01,CHAMBER-01,1.0,125.0,5.0,168,IDDQ,ELECTRICAL,uA,1.2843,984.528,984.6012,984.6965,983.2437,24.251,2.0703,12.878,0.0222,0.0004,34.27,33.82,1.2843,984.528,984.6012,984.6965,983.2437,50.0,False,NOMINAL,HEALTHY,34.66,-26.75
DIG_LOT04_COMP0167,LOT_04,DIGITAL_IC,CQFP-64,DIG-SIH-2026,THERMAL_BURN_IN,T04_0167,PROC-ISRO-IISU-01,ATE-STATION-01,CHAMBER-01,1.0,125.0,5.0,168,IDDQ,ELECTRICAL,uA,1.2819,975.9361,975.9334,976.0388,974.6542,25.507,2.1419,12.691,-0.0255,0.0017,35.79,34.92,1.2819,975.9361,975.9334,976.0388,974.6542,50.0,False,NOMINAL,HEALTHY,-5.63,18.25
DIG_LOT04_COMP0168,LOT_04,DIGITAL_IC,CQFP-64,DIG-SIH-2026,THERMAL_BURN_IN,T04_0168,PROC-ISRO-IISU-01,ATE-STATION-01,CHAMBER-01,1.0,125.0,5.0,168,IDDQ,ELECTRICAL,uA,1.5127,1172.5206,1172.5389,1172.603,1171.0079,23.755,2.4521,11.448,0.0139,0.1161,34.58,34.93,1.5127,1172.5206,1172.5389,1172.603,1171.0079,50.0,False,NOMINAL,HEALTHY,27.5,-6.89
DIG_LOT04_COMP0169,LOT_04,DIGITAL_IC,CQFP-64,DIG-SIH-2026,THERMAL_BURN_IN,T04_0169,PROC-ISRO-IISU-01,ATE-STATION-01,CHAMBER-01,1.0,125.0,5.0,168,IDDQ,ELECTRICAL,uA,1.4815,1141.2878,1141.3671,1141.4312,1139.8063,25.884,1.6188,11.392,-0.0091,0.0494,34.99,34.18,1.4815,1141.2878,1141.3671,1141.4312,1139.8063,50.0,False,NOMINAL,HEALTHY,-21.99,22.58
DIG_LOT04_COMP0170,LOT_04,DIGITAL_IC,CQFP-64,DIG-SIH-2026,THERMAL_BURN_IN,T04_0170,PROC-ISRO-IISU-01,ATE-STATION-01,CHAMBER-01,1.0,125.0,5.0,168,IDDQ,ELECTRICAL,uA,1.239,954.2829,954.3622,954.4007,953.0439,26.014,1.8789,10.955,0.0233,0.0248,33.23,33.82,1.239,954.2829,954.3622,954.4007,953.0439,50.0,False,NOMINAL,HEALTHY,27.95,48.22
DIG_LOT04_COMP0171,LOT_04,DIGITAL_IC,CQFP-64,DIG-SIH-2026,THERMAL_BURN_IN,T04_0171,PROC-ISRO-IISU-01,ATE-STATION-01,CHAMBER-01,1.0,125.0,5.0,168,IDDQ,ELECTRICAL,uA,1.3751,1054.9047,1054.9885,1055.0634,1053.5296,26.983,2.3446,12.42,-0.0091,0.0058,32.85,32.37,1.3751,1054.9047,1054.9885,1055.0634,1053.5296,50.0,False,NOMINAL,HEALTHY,38.96,25.94
DIG_LOT04_COMP0172,LOT_04,DIGITAL_IC,CQFP-64,DIG-SIH-2026,THERMAL_BURN_IN,T04_0172,PROC-ISRO-IISU-01,ATE-STATION-01,CHAMBER-01,1.0,125.0,5.0,168,IDDQ,ELECTRICAL,uA,1.5936,1185.9184,1186.046,1186.0843,1184.3248,25.282,1.8298,11.384,-0.0121,0.0037,35.49,35.56,1.5936,1185.9184,1186.046,1186.0843,1184.3248,50.0,False,NOMINAL,HEALTHY,-9.39,20.41
DIG_LOT04_COMP0173,LOT_04,DIGITAL_IC,CQFP-64,DIG-SIH-2026,THERMAL_BURN_IN,T04_0173,PROC-ISRO-IISU-01,ATE-STATION-01,CHAMBER-01,1.0,125.0,5.0,168,IDDQ,ELECTRICAL,uA,1.1829,902.0683,902.0912,902.1546,900.8854,24.7,2.1206,12.234,0.0084,-0.0517,36.16,35.62,1.1829,902.0683,902.0912,902.1546,900.8854,50.0,False,NOMINAL,HEALTHY,-4.52,-39.7
DIG_LOT04_COMP0174,LOT_04,DIGITAL_IC,CQFP-64,DIG-SIH-2026,THERMAL_BURN_IN,T04_0174,PROC-ISRO-IISU-01,ATE-STATION-01,CHAMBER-01,1.0,125.0,5.0,168,IDDQ,ELECTRICAL,uA,1.1296,919.5391,919.6185,919.6456,918.4095,26.864,2.0493,12.746,0.0134,0.0215,33.61,33.1,1.1296,919.5391,919.6185,919.6456,918.4095,50.0,False,NOMINAL,HEALTHY,-32.27,-8.86
DIG_LOT04_COMP0175,LOT_04,DIGITAL_IC,CQFP-64,DIG-SIH-2026,THERMAL_BURN_IN,T04_0175,PROC-ISRO-IISU-01,ATE-STATION-01,CHAMBER-01,1.0,125.0,5.0,168,IDDQ,ELECTRICAL,uA,1.323,1019.757,1019.8254,1019.8481,1018.434,27.159,1.8967,12.501,0.009,-0.0279,34.94,33.96,1.323,1019.757,1019.8254,1019.8481,1018.434,50.0,False,NOMINAL,HEALTHY,20.2,35.75
DIG_LOT04_COMP0176,LOT_04,DIGITAL_IC,CQFP-64,DIG-SIH-2026,THERMAL_BURN_IN,T04_0176,PROC-ISRO-IISU-01,ATE-STATION-01,CHAMBER-01,1.0,125.0,5.0,168,IDDQ,ELECTRICAL,uA,1.1895,917.6775,917.6745,917.747,916.488,25.217,1.7865,11.007,-0.0249,-0.0398,34.24,34.91,1.1895,917.6775,917.6745,917.747,916.488,50.0,False,NOMINAL,HEALTHY,32.23,-41.83
DIG_LOT04_COMP0177,LOT_04,DIGITAL_IC,CQFP-64,DIG-SIH-2026,THERMAL_BURN_IN,T04_0177,PROC-ISRO-IISU-01,ATE-STATION-01,CHAMBER-01,1.0,125.0,5.0,168,IDDQ,ELECTRICAL,uA,1.378,1074.6219,1074.7089,1074.7397,1073.2439,24.809,1.8343,13.561,0.0218,-0.001,36.36,35.78,1.378,1074.6219,1074.7089,1074.7397,1073.2439,50.0,False,NOMINAL,HEALTHY,-49.28,-40.65
DIG_LOT04_COMP0178,LOT_04,DIGITAL_IC,CQFP-64,DIG-SIH-2026,THERMAL_BURN_IN,T04_0178,PROC-ISRO-IISU-01,ATE-STATION-01,CHAMBER-01,1.0,125.0,5.0,168,IDDQ,ELECTRICAL,uA,1.5148,1185.0043,1185.0701,1185.1214,1183.4895,23.107,1.6539,12.178,0.0049,-0.0333,34.73,34.57,1.5148,1185.0043,1185.0701,1185.1214,1183.4895,50.0,False,NOMINAL,HEALTHY,-49.73,-36.77
DIG_LOT04_COMP0179,LOT_04,DIGITAL_IC,CQFP-64,DIG-SIH-2026,THERMAL_BURN_IN,T04_0179,PROC-ISRO-IISU-01,ATE-STATION-01,CHAMBER-01,1.0,125.0,5.0,168,IDDQ,ELECTRICAL,uA,1.4442,1092.0354,1092.1348,1092.1198,1090.5912,24.771,2.1541,11.669,0.0132,0.0342,34.21,33.74,1.4442,1092.0354,1092.1348,1092.1198,1090.5912,50.0,False,NOMINAL,HEALTHY,5.74,3.09
DIG_LOT04_COMP0180,LOT_04,DIGITAL_IC,CQFP-64,DIG-SIH-2026,THERMAL_BURN_IN,T04_0180,PROC-ISRO-IISU-01,ATE-STATION-01,CHAMBER-01,1.0,125.0,5.0,168,IDDQ,ELECTRICAL,uA,1.257,971.3546,971.4518,971.4944,970.0976,25.722,2.0532,12.35,-0.0034,0.0037,34.72,34.94,1.257,971.3546,971.4518,971.4944,970.0976,50.0,False,NOMINAL,HEALTHY,-3.95,35.64
DIG_LOT04_COMP0181,LOT_04,DIGITAL_IC,CQFP-64,DIG-SIH-2026,THERMAL_BURN_IN,T04_0181,PROC-ISRO-IISU-01,ATE-STATION-01,CHAMBER-01,1.0,125.0,5.0,168,IDDQ,ELECTRICAL,uA,1.2771,1002.2662,1002.365,1002.3843,1000.9891,24.64,1.8845,12.545,0.0036,-0.0048,34.01,34.4,1.2771,1002.2662,1002.365,1002.3843,1000.9891,50.0,False,NOMINAL,HEALTHY,-22.88,-34.51
DIG_LOT04_COMP0182,LOT_04,DIGITAL_IC,CQFP-64,DIG-SIH-2026,THERMAL_BURN_IN,T04_0182,PROC-ISRO-IISU-01,ATE-STATION-01,CHAMBER-01,1.0,125.0,5.0,168,IDDQ,ELECTRICAL,uA,1.2186,938.4639,938.484,938.5485,937.2453,26.762,1.902,12.616,0.0007,0.1084,36.05,36.1,1.2186,938.4639,938.484,938.5485,937.2453,50.0,False,NOMINAL,HEALTHY,31.24,16.11
DIG_LOT04_COMP0183,LOT_04,DIGITAL_IC,CQFP-64,DIG-SIH-2026,THERMAL_BURN_IN,T04_0183,PROC-ISRO-IISU-01,ATE-STATION-01,CHAMBER-01,1.0,125.0,5.0,168,IDDQ,ELECTRICAL,uA,1.5987,1196.4917,1196.5981,1196.6652,1194.893,24.56,1.6572,13.466,-0.0049,-0.072,33.43,33.52,1.5987,1196.4917,1196.5981,1196.6652,1194.893,50.0,False,NOMINAL,HEALTHY,3.77,-24.73
DIG_LOT04_COMP0184,LOT_04,DIGITAL_IC,CQFP-64,DIG-SIH-2026,THERMAL_BURN_IN,T04_0184,PROC-ISRO-IISU-01,ATE-STATION-01,CHAMBER-01,1.0,125.0,5.0,168,IDDQ,ELECTRICAL,uA,1.3335,1046.1357,1046.2534,1046.2812,1044.8022,24.404,2.5623,12.014,-0.006,-0.0578,33.84,33.53,1.3335,1046.1357,1046.2534,1046.2812,1044.8022,50.0,False,NOMINAL,HEALTHY,-38.86,-7.1
DIG_LOT04_COMP0185,LOT_04,DIGITAL_IC,CQFP-64,DIG-SIH-2026,THERMAL_BURN_IN,T04_0185,PROC-ISRO-IISU-01,ATE-STATION-01,CHAMBER-01,1.0,125.0,5.0,168,IDDQ,ELECTRICAL,uA,1.5165,1167.3233,1167.3896,1167.4737,1165.8068,26.345,2.1671,14.195,0.0362,0.085,36.69,36.92,1.5165,1167.3233,1167.3896,1167.4737,1165.8068,50.0,False,NOMINAL,HEALTHY,21.65,21.23
DIG_LOT04_COMP0186,LOT_04,DIGITAL_IC,CQFP-64,DIG-SIH-2026,THERMAL_BURN_IN,T04_0186,PROC-ISRO-IISU-01,ATE-STATION-01,CHAMBER-01,1.0,125.0,5.0,168,IDDQ,ELECTRICAL,uA,1.1247,862.4817,862.545,862.5361,861.357,21.901,2.1569,13.174,-0.0157,-0.0051,35.46,36.13,1.1247,862.4817,862.545,862.5361,861.357,50.0,False,NOMINAL,HEALTHY,-38.84,16.21
DIG_LOT04_COMP0187,LOT_04,DIGITAL_IC,CQFP-64,DIG-SIH-2026,THERMAL_BURN_IN,T04_0187,PROC-ISRO-IISU-01,ATE-STATION-01,CHAMBER-01,1.0,125.0,5.0,168,IDDQ,ELECTRICAL,uA,1.1038,871.8021,871.9127,871.8764,870.6983,22.761,2.3481,12.094,-0.0217,0.0296,34.25,33.57,1.1038,871.8021,871.9127,871.8764,870.6983,50.0,False,NOMINAL,HEALTHY,37.91,-9.94
DIG_LOT04_COMP0188,LOT_04,DIGITAL_IC,CQFP-64,DIG-SIH-2026,THERMAL_BURN_IN,T04_0188,PROC-ISRO-IISU-01,ATE-STATION-01,CHAMBER-01,1.0,125.0,5.0,168,IDDQ,ELECTRICAL,uA,1.3566,1055.8597,1055.9444,1055.936,1054.5031,25.245,1.955,12.945,-0.0034,-0.0118,33.81,33.24,1.3566,1055.8597,1055.9444,1055.936,1054.5031,50.0,False,NOMINAL,HEALTHY,17.16,-16.16
DIG_LOT04_COMP0189,LOT_04,DIGITAL_IC,CQFP-64,DIG-SIH-2026,THERMAL_BURN_IN,T04_0189,PROC-ISRO-IISU-01,ATE-STATION-01,CHAMBER-01,1.0,125.0,5.0,168,IDDQ,ELECTRICAL,uA,1.6148,1244.0133,1244.1754,1244.2179,1242.3985,26.61,2.4439,13.459,0.0032,0.0543,34.43,33.88,1.6148,1244.0133,1244.1754,1244.2179,1242.3985,50.0,False,NOMINAL,HEALTHY,14.43,5.15
DIG_LOT04_COMP0190,LOT_04,DIGITAL_IC,CQFP-64,DIG-SIH-2026,THERMAL_BURN_IN,T04_0190,PROC-ISRO-IISU-01,ATE-STATION-01,CHAMBER-01,1.0,125.0,5.0,168,IDDQ,ELECTRICAL,uA,1.1893,927.9008,927.988,928.0808,926.7115,22.925,2.4349,10.684,0.0058,0.0609,33.4,33.61,1.1893,927.9008,927.988,928.0808,926.7115,50.0,False,NOMINAL,HEALTHY,-29.57,43.64
DIG_LOT04_COMP0191,LOT_04,DIGITAL_IC,CQFP-64,DIG-SIH-2026,THERMAL_BURN_IN,T04_0191,PROC-ISRO-IISU-01,ATE-STATION-01,CHAMBER-01,1.0,125.0,5.0,168,IDDQ,ELECTRICAL,uA,1.2351,955.8111,955.8428,955.95,954.576,25.299,2.4063,13.801,0.0106,0.0135,35.21,34.68,1.2351,955.8111,955.8428,955.95,954.576,50.0,False,NOMINAL,HEALTHY,-14.3,2.39
DIG_LOT04_COMP0192,LOT_04,DIGITAL_IC,CQFP-64,DIG-SIH-2026,THERMAL_BURN_IN,T04_0192,PROC-ISRO-IISU-01,ATE-STATION-01,CHAMBER-01,1.0,125.0,5.0,168,IDDQ,ELECTRICAL,uA,1.2249,948.309,948.3385,948.3808,947.0841,24.089,1.879,12.183,-0.0155,-0.0388,35.66,35.88,1.2249,948.309,948.3385,948.3808,947.0841,50.0,False,NOMINAL,HEALTHY,-39.44,-19.13
DIG_LOT04_COMP0193,LOT_04,DIGITAL_IC,CQFP-64,DIG-SIH-2026,THERMAL_BURN_IN,T04_0193,PROC-ISRO-IISU-01,ATE-STATION-01,CHAMBER-01,1.0,125.0,5.0,168,IDDQ,ELECTRICAL,uA,1.2963,1006.2801,1006.3671,1006.3958,1004.9838,24.359,2.0049,12.342,-0.0192,-0.0389,37.17,36.96,1.2963,1006.2801,1006.3671,1006.3958,1004.9838,50.0,False,NOMINAL,HEALTHY,23.97,20.86
DIG_LOT04_COMP0194,LOT_04,DIGITAL_IC,CQFP-64,DIG-SIH-2026,THERMAL_BURN_IN,T04_0194,PROC-ISRO-IISU-01,ATE-STATION-01,CHAMBER-01,1.0,125.0,5.0,168,IDDQ,ELECTRICAL,uA,1.3019,993.3524,993.3999,993.4968,992.0505,27.258,2.4151,11.7,-0.0353,-0.0105,34.34,34.37,1.3019,993.3524,993.3999,993.4968,992.0505,50.0,False,NOMINAL,HEALTHY,42.92,24.69
DIG_LOT04_COMP0195,LOT_04,DIGITAL_IC,CQFP-64,DIG-SIH-2026,THERMAL_BURN_IN,T04_0195,PROC-ISRO-IISU-01,ATE-STATION-01,CHAMBER-01,1.0,125.0,5.0,168,IDDQ,ELECTRICAL,uA,1.1312,892.4497,892.5242,892.5911,891.3185,27.197,1.6503,13.488,0.0072,0.0482,32.94,32.81,1.1312,892.4497,892.5242,892.5911,891.3185,50.0,False,NOMINAL,HEALTHY,23.0,-6.65
DIG_LOT04_COMP0196,LOT_04,DIGITAL_IC,CQFP-64,DIG-SIH-2026,THERMAL_BURN_IN,T04_0196,PROC-ISRO-IISU-01,ATE-STATION-01,CHAMBER-01,1.0,125.0,5.0,168,IDDQ,ELECTRICAL,uA,1.4027,1081.1269,1081.1739,1081.2672,1079.7242,25.887,2.6418,11.962,0.0056,-0.0498,35.57,36.06,1.4027,1081.1269,1081.1739,1081.2672,1079.7242,50.0,False,NOMINAL,HEALTHY,24.14,39.48
DIG_LOT04_COMP0197,LOT_04,DIGITAL_IC,CQFP-64,DIG-SIH-2026,THERMAL_BURN_IN,T04_0197,PROC-ISRO-IISU-01,ATE-STATION-01,CHAMBER-01,1.0,125.0,5.0,168,IDDQ,ELECTRICAL,uA,1.4903,1142.6584,1142.7349,1142.8014,1141.1681,24.675,2.1923,13.34,0.014,-0.0039,36.37,36.26,1.4903,1142.6584,1142.7349,1142.8014,1141.1681,50.0,False,NOMINAL,HEALTHY,21.47,5.15
DIG_LOT04_COMP0198,LOT_04,DIGITAL_IC,CQFP-64,DIG-SIH-2026,THERMAL_BURN_IN,T04_0198,PROC-ISRO-IISU-01,ATE-STATION-01,CHAMBER-01,1.0,125.0,5.0,168,IDDQ,ELECTRICAL,uA,1.2288,975.5345,975.646,975.6794,974.3057,25.427,1.8629,12.901,0.0137,0.1001,35.01,33.83,1.2288,975.5345,975.646,975.6794,974.3057,50.0,False,NOMINAL,HEALTHY,-12.97,-1.31
DIG_LOT04_COMP0199,LOT_04,DIGITAL_IC,CQFP-64,DIG-SIH-2026,THERMAL_BURN_IN,T04_0199,PROC-ISRO-IISU-01,ATE-STATION-01,CHAMBER-01,1.0,125.0,5.0,168,IDDQ,ELECTRICAL,uA,1.3123,1008.4052,1008.4912,1008.5371,1007.0929,22.843,1.7096,12.14,-0.011,-0.0548,34.47,34.53,1.3123,1008.4052,1008.4912,1008.5371,1007.0929,50.0,False,NOMINAL,HEALTHY,-10.57,20.64
DIG_LOT04_COMP0200,LOT_04,DIGITAL_IC,CQFP-64,DIG-SIH-2026,THERMAL_BURN_IN,T04_0200,PROC-ISRO-IISU-01,ATE-STATION-01,CHAMBER-01,1.0,125.0,5.0,168,IDDQ,ELECTRICAL,uA,1.3837,1087.7298,1087.8164,1087.9045,1086.3461,23.654,2.1848,12.629,0.0103,-0.0183,34.26,33.26,1.3837,1087.7298,1087.8164,1087.9045,1086.3461,50.0,False,NOMINAL,HEALTHY,10.45,-28.16
DIG_LOT04_COMP0201,LOT_04,DIGITAL_IC,CQFP-64,DIG-SIH-2026,THERMAL_BURN_IN,T04_0201,PROC-ISRO-IISU-01,ATE-STATION-01,CHAMBER-01,1.0,125.0,5.0,168,IDDQ,ELECTRICAL,uA,1.3405,1015.3308,1015.3557,1015.4762,1013.9903,26.805,1.6328,12.324,0.009,-0.0148,34.1,34.33,1.3405,1015.3308,1015.3557,1015.4762,1013.9903,50.0,False,NOMINAL,HEALTHY,-38.65,12.07
DIG_LOT04_COMP0202,LOT_04,DIGITAL_IC,CQFP-64,DIG-SIH-2026,THERMAL_BURN_IN,T04_0202,PROC-ISRO-IISU-01,ATE-STATION-01,CHAMBER-01,1.0,125.0,5.0,168,IDDQ,ELECTRICAL,uA,1.1028,855.0438,855.1154,855.1308,853.941,28.597,2.3152,12.85,-0.0227,-0.0128,35.09,34.7,1.1028,855.0438,855.1154,855.1308,853.941,50.0,False,NOMINAL,HEALTHY,-29.96,43.77
DIG_LOT04_COMP0203,LOT_04,DIGITAL_IC,CQFP-64,DIG-SIH-2026,THERMAL_BURN_IN,T04_0203,PROC-ISRO-IISU-01,ATE-STATION-01,CHAMBER-01,1.0,125.0,5.0,168,IDDQ,ELECTRICAL,uA,0.9231,708.1215,708.1602,708.2143,707.1984,22.255,2.0223,12.501,-0.0012,-0.0266,35.02,35.06,0.9231,708.1215,708.1602,708.2143,707.1984,50.0,False,NOMINAL,HEALTHY,9.2,45.55
DIG_LOT04_COMP0204,LOT_04,DIGITAL_IC,CQFP-64,DIG-SIH-2026,THERMAL_BURN_IN,T04_0204,PROC-ISRO-IISU-01,ATE-STATION-01,CHAMBER-01,1.0,125.0,5.0,168,IDDQ,ELECTRICAL,uA,1.4055,1057.1605,1057.2409,1057.3041,1055.755,25.802,2.2756,13.439,0.0036,0.0439,36.51,36.99,1.4055,1057.1605,1057.2409,1057.3041,1055.755,50.0,False,NOMINAL,HEALTHY,38.8,-14.31
DIG_LOT04_COMP0205,LOT_04,DIGITAL_IC,CQFP-64,DIG-SIH-2026,THERMAL_BURN_IN,T04_0205,PROC-ISRO-IISU-01,ATE-STATION-01,CHAMBER-01,1.0,125.0,5.0,168,IDDQ,ELECTRICAL,uA,1.2129,961.1632,961.2547,961.2862,959.9503,27.036,2.0451,12.747,-0.0353,-0.0603,34.78,35.54,1.2129,961.1632,961.2547,961.2862,959.9503,50.0,False,NOMINAL,HEALTHY,35.44,29.62
DIG_LOT04_COMP0206,LOT_04,DIGITAL_IC,CQFP-64,DIG-SIH-2026,THERMAL_BURN_IN,T04_0206,PROC-ISRO-IISU-01,ATE-STATION-01,CHAMBER-01,1.0,125.0,5.0,168,IDDQ,ELECTRICAL,uA,1.2451,976.0613,976.1013,976.2124,974.8162,27.394,2.332,11.6,-0.0088,0.0751,35.54,35.49,1.2451,976.0613,976.1013,976.2124,974.8162,50.0,False,NOMINAL,HEALTHY,5.64,48.05
DIG_LOT04_COMP0207,LOT_04,DIGITAL_IC,CQFP-64,DIG-SIH-2026,THERMAL_BURN_IN,T04_0207,PROC-ISRO-IISU-01,ATE-STATION-01,CHAMBER-01,1.0,125.0,5.0,168,IDDQ,ELECTRICAL,uA,1.3673,1032.4389,1032.5096,1032.5338,1031.0716,24.538,2.5618,12.677,0.0007,-0.0031,34.96,35.35,1.3673,1032.4389,1032.5096,1032.5338,1031.0716,50.0,False,NOMINAL,HEALTHY,-12.2,27.75
DIG_LOT04_COMP0208,LOT_04,DIGITAL_IC,CQFP-64,DIG-SIH-2026,THERMAL_BURN_IN,T04_0208,PROC-ISRO-IISU-01,ATE-STATION-01,CHAMBER-01,1.0,125.0,5.0,168,IDDQ,ELECTRICAL,uA,1.2937,1014.52,1014.5539,1014.6473,1013.2263,25.884,2.1152,12.069,-0.0009,0.0191,34.34,33.56,1.2937,1014.52,1014.5539,1014.6473,1013.2263,50.0,False,NOMINAL,HEALTHY,-17.83,42.32
DIG_LOT04_COMP0209,LOT_04,DIGITAL_IC,CQFP-64,DIG-SIH-2026,THERMAL_BURN_IN,T04_0209,PROC-ISRO-IISU-01,ATE-STATION-01,CHAMBER-01,1.0,125.0,5.0,168,IDDQ,ELECTRICAL,uA,1.2887,982.7048,982.8014,982.86,981.4161,24.944,1.6365,13.646,-0.0099,0.0097,33.96,33.3,1.2887,982.7048,982.8014,982.86,981.4161,50.0,True,DIELECTRIC_OSCILLATION,HEALTHY,39.9,19.49
DIG_LOT04_COMP0210,LOT_04,DIGITAL_IC,CQFP-64,DIG-SIH-2026,THERMAL_BURN_IN,T04_0210,PROC-ISRO-IISU-01,ATE-STATION-01,CHAMBER-01,1.0,125.0,5.0,168,IDDQ,ELECTRICAL,uA,1.3052,1011.1294,1011.2444,1011.2952,1009.8242,24.686,1.9057,11.166,0.0222,0.0614,35.48,35.42,1.3052,1011.1294,1011.2444,1011.2952,1009.8242,50.0,False,NOMINAL,HEALTHY,-1.76,-25.91
DIG_LOT04_COMP0211,LOT_04,DIGITAL_IC,CQFP-64,DIG-SIH-2026,THERMAL_BURN_IN,T04_0211,PROC-ISRO-IISU-01,ATE-STATION-01,CHAMBER-01,1.0,125.0,5.0,168,IDDQ,ELECTRICAL,uA,1.1909,911.3464,911.4007,911.45,910.1555,24.684,1.6382,12.227,0.0213,-0.0279,33.53,32.88,1.1909,911.3464,911.4007,911.45,910.1555,50.0,False,NOMINAL,HEALTHY,-49.82,-23.6
DIG_LOT04_COMP0212,LOT_04,DIGITAL_IC,CQFP-64,DIG-SIH-2026,THERMAL_BURN_IN,T04_0212,PROC-ISRO-IISU-01,ATE-STATION-01,CHAMBER-01,1.0,125.0,5.0,168,IDDQ,ELECTRICAL,uA,1.4374,1093.642,1093.7711,1093.7699,1092.2046,26.667,1.876,13.101,-0.0226,-0.0143,35.01,35.74,1.4374,1093.642,1093.7711,1093.7699,1092.2046,50.0,False,NOMINAL,HEALTHY,-36.8,-18.47
DIG_LOT04_COMP0213,LOT_04,DIGITAL_IC,CQFP-64,DIG-SIH-2026,THERMAL_BURN_IN,T04_0213,PROC-ISRO-IISU-01,ATE-STATION-01,CHAMBER-01,1.0,125.0,5.0,168,IDDQ,ELECTRICAL,uA,1.6133,1235.5229,1235.6058,1235.6969,1233.9096,24.248,2.6268,12.926,0.0065,-0.0995,33.88,33.62,1.6133,1235.5229,1235.6058,1235.6969,1233.9096,50.0,False,NOMINAL,HEALTHY,-10.26,-26.65
DIG_LOT04_COMP0214,LOT_04,DIGITAL_IC,CQFP-64,DIG-SIH-2026,THERMAL_BURN_IN,T04_0214,PROC-ISRO-IISU-01,ATE-STATION-01,CHAMBER-01,1.0,125.0,5.0,168,IDDQ,ELECTRICAL,uA,1.0712,819.6581,819.7342,819.7884,818.5869,25.481,2.0809,13.069,-0.0242,0.0459,33.94,33.59,1.0712,819.6581,819.7342,819.7884,818.5869,50.0,False,NOMINAL,HEALTHY,42.83,9.4
DIG_LOT04_COMP0215,LOT_04,DIGITAL_IC,CQFP-64,DIG-SIH-2026,THERMAL_BURN_IN,T04_0215,PROC-ISRO-IISU-01,ATE-STATION-01,CHAMBER-01,1.0,125.0,5.0,168,IDDQ,ELECTRICAL,uA,1.0995,832.0475,832.1118,832.1728,830.948,24.127,1.995,12.608,0.0288,0.1148,34.36,34.69,1.0995,832.0475,832.1118,832.1728,830.948,50.0,False,NOMINAL,HEALTHY,13.12,18.76
DIG_LOT04_COMP0216,LOT_04,DIGITAL_IC,CQFP-64,DIG-SIH-2026,THERMAL_BURN_IN,T04_0216,PROC-ISRO-IISU-01,ATE-STATION-01,CHAMBER-01,1.0,125.0,5.0,168,IDDQ,ELECTRICAL,uA,1.4552,1132.1137,1132.2224,1132.2863,1130.6585,26.019,2.1134,12.808,-0.0146,-0.0512,35.2,34.96,1.4552,1132.1137,1132.2224,1132.2863,1130.6585,50.0,False,NOMINAL,HEALTHY,13.35,38.85
DIG_LOT04_COMP0217,LOT_04,DIGITAL_IC,CQFP-64,DIG-SIH-2026,THERMAL_BURN_IN,T04_0217,PROC-ISRO-IISU-01,ATE-STATION-01,CHAMBER-01,1.0,125.0,5.0,168,IDDQ,ELECTRICAL,uA,1.2643,988.6759,988.7614,988.7428,987.4116,25.846,1.7552,13.889,0.0048,0.0187,37.29,37.45,1.2643,988.6759,988.7614,988.7428,987.4116,50.0,False,NOMINAL,HEALTHY,-42.27,-45.18
DIG_LOT04_COMP0218,LOT_04,DIGITAL_IC,CQFP-64,DIG-SIH-2026,THERMAL_BURN_IN,T04_0218,PROC-ISRO-IISU-01,ATE-STATION-01,CHAMBER-01,1.0,125.0,5.0,168,IDDQ,ELECTRICAL,uA,1.0006,760.2594,760.343,760.4443,759.2588,26.293,2.6022,12.151,0.0153,0.0989,35.44,35.1,1.0006,760.2594,760.343,760.4443,759.2588,50.0,False,NOMINAL,HEALTHY,-45.3,-28.44
DIG_LOT04_COMP0219,LOT_04,DIGITAL_IC,CQFP-64,DIG-SIH-2026,THERMAL_BURN_IN,T04_0219,PROC-ISRO-IISU-01,ATE-STATION-01,CHAMBER-01,1.0,125.0,5.0,168,IDDQ,ELECTRICAL,uA,1.3227,1016.4912,1016.5779,1016.587,1015.1685,25.455,2.0916,13.997,-0.0206,-0.1091,33.35,32.41,1.3227,1016.4912,1016.5779,1016.587,1015.1685,50.0,False,NOMINAL,HEALTHY,37.99,-8.63
DIG_LOT04_COMP0220,LOT_04,DIGITAL_IC,CQFP-64,DIG-SIH-2026,THERMAL_BURN_IN,T04_0220,PROC-ISRO-IISU-01,ATE-STATION-01,CHAMBER-01,1.0,125.0,5.0,168,IDDQ,ELECTRICAL,uA,1.3357,1022.2657,1022.3738,1022.4043,1020.93,25.539,2.0485,13.394,0.0575,0.0419,34.46,33.87,1.3357,1022.2657,1022.3738,1022.4043,1020.93,50.0,False,NOMINAL,HEALTHY,-10.5,35.25
DIG_LOT04_COMP0221,LOT_04,DIGITAL_IC,CQFP-64,DIG-SIH-2026,THERMAL_BURN_IN,T04_0221,PROC-ISRO-IISU-01,ATE-STATION-01,CHAMBER-01,1.0,125.0,5.0,168,IDDQ,ELECTRICAL,uA,1.328,1021.8775,1021.991,1021.9815,1020.5495,24.547,2.1,14.621,-0.0195,-0.0708,34.37,35.08,1.328,1021.8775,1021.991,1021.9815,1020.5495,50.0,False,NOMINAL,HEALTHY,-28.54,36.11
DIG_LOT04_COMP0222,LOT_04,DIGITAL_IC,CQFP-64,DIG-SIH-2026,THERMAL_BURN_IN,T04_0222,PROC-ISRO-IISU-01,ATE-STATION-01,CHAMBER-01,1.0,125.0,5.0,168,IDDQ,ELECTRICAL,uA,1.5022,1159.1247,1159.2009,1159.2792,1157.6225,23.694,1.954,11.911,-0.001,0.0665,34.63,34.43,1.5022,1159.1247,1159.2009,1159.2792,1157.6225,50.0,False,NOMINAL,HEALTHY,43.17,-25.69
DIG_LOT04_COMP0223,LOT_04,DIGITAL_IC,CQFP-64,DIG-SIH-2026,THERMAL_BURN_IN,T04_0223,PROC-ISRO-IISU-01,ATE-STATION-01,CHAMBER-01,1.0,125.0,5.0,168,IDDQ,ELECTRICAL,uA,1.3139,1006.7566,1006.8544,1006.8948,1005.4427,25.476,1.4455,12.566,-0.0091,0.004,34.33,33.88,1.3139,1006.7566,1006.8544,1006.8948,1005.4427,50.0,False,NOMINAL,HEALTHY,32.01,23.23
DIG_LOT04_COMP0224,LOT_04,DIGITAL_IC,CQFP-64,DIG-SIH-2026,THERMAL_BURN_IN,T04_0224,PROC-ISRO-IISU-01,ATE-STATION-01,CHAMBER-01,1.0,125.0,5.0,168,IDDQ,ELECTRICAL,uA,1.2689,991.8393,991.9625,991.9697,990.5704,21.792,1.9594,10.85,-0.0093,-0.0513,34.99,35.23,1.2689,991.8393,991.9625,991.9697,990.5704,50.0,False,NOMINAL,HEALTHY,-28.79,-5.18
DIG_LOT04_COMP0225,LOT_04,DIGITAL_IC,CQFP-64,DIG-SIH-2026,THERMAL_BURN_IN,T04_0225,PROC-ISRO-IISU-01,ATE-STATION-01,CHAMBER-01,1.0,125.0,5.0,168,IDDQ,ELECTRICAL,uA,1.0996,853.2456,861.7244,1011.6011,852.146,26.571,2.0217,12.181,-0.0051,-0.0073,34.89,34.98,1.0996,853.2456,861.7244,1011.6011,852.146,50.0,True,THERMAL_RUNAWAY,HEALTHY,-49.0,32.9
DIG_LOT04_COMP0226,LOT_04,DIGITAL_IC,CQFP-64,DIG-SIH-2026,THERMAL_BURN_IN,T04_0226,PROC-ISRO-IISU-01,ATE-STATION-01,CHAMBER-01,1.0,125.0,5.0,168,IDDQ,ELECTRICAL,uA,1.4337,1126.5334,1126.6295,1126.6997,1125.0997,22.012,1.7075,11.157,-0.0228,-0.0035,35.92,35.65,1.4337,1126.5334,1126.6295,1126.6997,1125.0997,50.0,False,NOMINAL,HEALTHY,38.89,8.58
DIG_LOT04_COMP0227,LOT_04,DIGITAL_IC,CQFP-64,DIG-SIH-2026,THERMAL_BURN_IN,T04_0227,PROC-ISRO-IISU-01,ATE-STATION-01,CHAMBER-01,1.0,125.0,5.0,168,IDDQ,ELECTRICAL,uA,1.1558,898.3975,898.4447,898.4983,897.2417,24.697,1.6025,11.175,0.0318,-0.0292,33.33,32.98,1.1558,898.3975,898.4447,898.4983,897.2417,50.0,False,NOMINAL,HEALTHY,24.3,6.7
DIG_LOT04_COMP0228,LOT_04,DIGITAL_IC,CQFP-64,DIG-SIH-2026,THERMAL_BURN_IN,T04_0228,PROC-ISRO-IISU-01,ATE-STATION-01,CHAMBER-01,1.0,125.0,5.0,168,IDDQ,ELECTRICAL,uA,1.5227,1172.284,1172.3672,1172.422,1170.7613,26.033,2.089,13.18,-0.0452,-0.0269,34.35,33.11,1.5227,1172.284,1172.3672,1172.422,1170.7613,50.0,False,NOMINAL,HEALTHY,13.92,39.2
DIG_LOT04_COMP0229,LOT_04,DIGITAL_IC,CQFP-64,DIG-SIH-2026,THERMAL_BURN_IN,T04_0229,PROC-ISRO-IISU-01,ATE-STATION-01,CHAMBER-01,1.0,125.0,5.0,168,IDDQ,ELECTRICAL,uA,1.2523,989.0169,989.0888,989.1221,987.7646,26.575,1.9131,11.094,0.0327,0.0781,34.35,34.48,1.2523,989.0169,989.0888,989.1221,987.7646,50.0,False,NOMINAL,HEALTHY,8.33,48.71
DIG_LOT04_COMP0230,LOT_04,DIGITAL_IC,CQFP-64,DIG-SIH-2026,THERMAL_BURN_IN,T04_0230,PROC-ISRO-IISU-01,ATE-STATION-01,CHAMBER-01,1.0,125.0,5.0,168,IDDQ,ELECTRICAL,uA,1.0739,818.6203,818.6623,818.7104,817.5464,23.269,1.7377,12.968,-0.0545,0.0126,35.08,35.63,1.0739,818.6203,818.6623,818.7104,817.5464,50.0,False,NOMINAL,HEALTHY,-10.69,-3.05
DIG_LOT04_COMP0231,LOT_04,DIGITAL_IC,CQFP-64,DIG-SIH-2026,THERMAL_BURN_IN,T04_0231,PROC-ISRO-IISU-01,ATE-STATION-01,CHAMBER-01,1.0,125.0,5.0,168,IDDQ,ELECTRICAL,uA,0.9759,755.9523,756.0535,756.0798,754.9764,24.869,2.4288,12.529,-0.0007,-0.037,35.05,35.47,0.9759,755.9523,756.0535,756.0798,754.9764,50.0,False,NOMINAL,HEALTHY,25.95,4.81
DIG_LOT04_COMP0232,LOT_04,DIGITAL_IC,CQFP-64,DIG-SIH-2026,THERMAL_BURN_IN,T04_0232,PROC-ISRO-IISU-01,ATE-STATION-01,CHAMBER-01,1.0,125.0,5.0,168,IDDQ,ELECTRICAL,uA,1.4357,1104.7782,1104.8391,1104.9187,1103.3425,25.497,1.6401,11.884,0.014,0.0574,34.83,34.6,1.4357,1104.7782,1104.8391,1104.9187,1103.3425,50.0,False,NOMINAL,HEALTHY,-20.2,-47.35
DIG_LOT04_COMP0233,LOT_04,DIGITAL_IC,CQFP-64,DIG-SIH-2026,THERMAL_BURN_IN,T04_0233,PROC-ISRO-IISU-01,ATE-STATION-01,CHAMBER-01,1.0,125.0,5.0,168,IDDQ,ELECTRICAL,uA,1.1357,878.6036,878.656,878.7262,877.4679,24.977,2.0452,11.273,0.0007,0.0397,35.26,35.39,1.1357,878.6036,878.656,878.7262,877.4679,50.0,False,NOMINAL,HEALTHY,13.52,-6.34
DIG_LOT04_COMP0234,LOT_04,DIGITAL_IC,CQFP-64,DIG-SIH-2026,THERMAL_BURN_IN,T04_0234,PROC-ISRO-IISU-01,ATE-STATION-01,CHAMBER-01,1.0,125.0,5.0,168,IDDQ,ELECTRICAL,uA,1.3688,1071.5569,1071.6578,1071.6542,1070.1881,24.721,2.487,13.348,-0.0075,-0.0272,37.69,37.21,1.3688,1071.5569,1071.6578,1071.6542,1070.1881,50.0,False,NOMINAL,HEALTHY,6.35,48.82
DIG_LOT04_COMP0235,LOT_04,DIGITAL_IC,CQFP-64,DIG-SIH-2026,THERMAL_BURN_IN,T04_0235,PROC-ISRO-IISU-01,ATE-STATION-01,CHAMBER-01,1.0,125.0,5.0,168,IDDQ,ELECTRICAL,uA,1.3137,995.6174,995.7005,995.7741,994.3037,22.286,2.8592,13.069,-0.0212,-0.1158,35.01,34.62,1.3137,995.6174,995.7005,995.7741,994.3037,50.0,False,NOMINAL,HEALTHY,-4.74,15.79
DIG_LOT04_COMP0236,LOT_04,DIGITAL_IC,CQFP-64,DIG-SIH-2026,THERMAL_BURN_IN,T04_0236,PROC-ISRO-IISU-01,ATE-STATION-01,CHAMBER-01,1.0,125.0,5.0,168,IDDQ,ELECTRICAL,uA,1.59,1215.2943,1215.3232,1215.4102,1213.7043,24.62,2.091,12.926,-0.0337,-0.0502,34.4,33.94,1.59,1215.2943,1215.3232,1215.4102,1213.7043,50.0,False,NOMINAL,HEALTHY,-41.43,-45.66
DIG_LOT04_COMP0237,LOT_04,DIGITAL_IC,CQFP-64,DIG-SIH-2026,THERMAL_BURN_IN,T04_0237,PROC-ISRO-IISU-01,ATE-STATION-01,CHAMBER-01,1.0,125.0,5.0,168,IDDQ,ELECTRICAL,uA,1.3987,1053.5807,1053.6952,1053.6992,1052.182,23.98,2.3436,11.83,-0.001,0.0669,35.9,35.85,1.3987,1053.5807,1053.6952,1053.6992,1052.182,50.0,False,NOMINAL,HEALTHY,-1.28,24.06
DIG_LOT04_COMP0238,LOT_04,DIGITAL_IC,CQFP-64,DIG-SIH-2026,THERMAL_BURN_IN,T04_0238,PROC-ISRO-IISU-01,ATE-STATION-01,CHAMBER-01,1.0,125.0,5.0,168,IDDQ,ELECTRICAL,uA,1.2578,961.0639,961.1713,961.2321,959.8061,23.76,1.8147,13.327,-0.023,-0.1192,36.4,36.54,1.2578,961.0639,961.1713,961.2321,959.8061,50.0,False,NOMINAL,HEALTHY,39.32,-8.38
DIG_LOT04_COMP0239,LOT_04,DIGITAL_IC,CQFP-64,DIG-SIH-2026,THERMAL_BURN_IN,T04_0239,PROC-ISRO-IISU-01,ATE-STATION-01,CHAMBER-01,1.0,125.0,5.0,168,IDDQ,ELECTRICAL,uA,1.4623,1122.4887,1122.5581,1122.5796,1121.0264,25.843,1.9431,10.253,0.0078,0.0106,34.64,34.94,1.4623,1122.4887,1122.5581,1122.5796,1121.0264,50.0,False,NOMINAL,HEALTHY,-39.58,30.24
DIG_LOT04_COMP0240,LOT_04,DIGITAL_IC,CQFP-64,DIG-SIH-2026,THERMAL_BURN_IN,T04_0240,PROC-ISRO-IISU-01,ATE-STATION-01,CHAMBER-01,1.0,125.0,5.0,168,IDDQ,ELECTRICAL,uA,1.6238,1256.2541,1256.4295,1256.4404,1254.6303,26.842,2.3192,13.645,-0.0085,0.0147,34.14,34.31,1.6238,1256.2541,1256.4295,1256.4404,1254.6303,50.0,False,NOMINAL,HEALTHY,42.72,-41.6
DIG_LOT04_COMP0241,LOT_04,DIGITAL_IC,CQFP-64,DIG-SIH-2026,THERMAL_BURN_IN,T04_0241,PROC-ISRO-IISU-01,ATE-STATION-01,CHAMBER-01,1.0,125.0,5.0,168,IDDQ,ELECTRICAL,uA,1.1818,898.8957,898.9558,898.9803,897.7139,22.942,2.1347,11.039,-0.0113,-0.0397,34.74,33.33,1.1818,898.8957,898.9558,898.9803,897.7139,50.0,False,NOMINAL,HEALTHY,16.32,47.73
DIG_LOT04_COMP0242,LOT_04,DIGITAL_IC,CQFP-64,DIG-SIH-2026,THERMAL_BURN_IN,T04_0242,PROC-ISRO-IISU-01,ATE-STATION-01,CHAMBER-01,1.0,125.0,5.0,168,IDDQ,ELECTRICAL,uA,1.2794,979.2376,979.2357,979.3119,977.9582,22.836,1.8829,11.961,-0.0134,-0.0842,35.45,35.69,1.2794,979.2376,979.2357,979.3119,977.9582,50.0,False,NOMINAL,HEALTHY,-24.78,-17.15
DIG_LOT04_COMP0243,LOT_04,DIGITAL_IC,CQFP-64,DIG-SIH-2026,THERMAL_BURN_IN,T04_0243,PROC-ISRO-IISU-01,ATE-STATION-01,CHAMBER-01,1.0,125.0,5.0,168,IDDQ,ELECTRICAL,uA,1.0299,795.2345,795.3218,795.3494,794.2046,25.846,2.6209,13.221,0.0042,-0.0321,35.07,34.65,1.0299,795.2345,795.3218,795.3494,794.2046,50.0,False,NOMINAL,HEALTHY,9.49,-44.53
DIG_LOT04_COMP0244,LOT_04,DIGITAL_IC,CQFP-64,DIG-SIH-2026,THERMAL_BURN_IN,T04_0244,PROC-ISRO-IISU-01,ATE-STATION-01,CHAMBER-01,1.0,125.0,5.0,168,IDDQ,ELECTRICAL,uA,1.1539,884.505,884.5541,884.5786,883.3511,25.106,1.7959,12.882,-0.0072,-0.0144,37.29,37.13,1.1539,884.505,884.5541,884.5786,883.3511,50.0,False,NOMINAL,HEALTHY,19.08,-39.77
DIG_LOT04_COMP0245,LOT_04,DIGITAL_IC,CQFP-64,DIG-SIH-2026,THERMAL_BURN_IN,T04_0245,PROC-ISRO-IISU-01,ATE-STATION-01,CHAMBER-01,1.0,125.0,5.0,168,IDDQ,ELECTRICAL,uA,1.2659,991.2318,991.3157,991.3676,989.9659,25.845,2.0561,13.296,-0.0007,-0.0307,35.16,35.82,1.2659,991.2318,991.3157,991.3676,989.9659,50.0,False,NOMINAL,HEALTHY,-40.21,-12.37
DIG_LOT04_COMP0246,LOT_04,DIGITAL_IC,CQFP-64,DIG-SIH-2026,THERMAL_BURN_IN,T04_0246,PROC-ISRO-IISU-01,ATE-STATION-01,CHAMBER-01,1.0,125.0,5.0,168,IDDQ,ELECTRICAL,uA,1.529,1180.5318,1180.5668,1180.6939,1179.0028,25.252,2.0106,12.067,-0.0012,-0.0198,34.07,34.71,1.529,1180.5318,1180.5668,1180.6939,1179.0028,50.0,False,NOMINAL,HEALTHY,-25.13,17.93
DIG_LOT04_COMP0247,LOT_04,DIGITAL_IC,CQFP-64,DIG-SIH-2026,THERMAL_BURN_IN,T04_0247,PROC-ISRO-IISU-01,ATE-STATION-01,CHAMBER-01,1.0,125.0,5.0,168,IDDQ,ELECTRICAL,uA,1.4211,1079.9808,1080.0577,1080.0212,1078.5597,23.863,2.188,12.622,-0.0368,-0.0997,35.01,34.53,1.4211,1079.9808,1080.0577,1080.0212,1078.5597,50.0,False,NOMINAL,HEALTHY,28.63,-26.75
DIG_LOT04_COMP0248,LOT_04,DIGITAL_IC,CQFP-64,DIG-SIH-2026,THERMAL_BURN_IN,T04_0248,PROC-ISRO-IISU-01,ATE-STATION-01,CHAMBER-01,1.0,125.0,5.0,168,IDDQ,ELECTRICAL,uA,1.0137,766.7732,766.7679,766.7918,765.7595,22.17,1.899,11.923,0.009,0.069,36.3,36.81,1.0137,766.7732,766.7679,766.7918,765.7595,50.0,False,NOMINAL,HEALTHY,-8.09,-2.31
DIG_LOT04_COMP0249,LOT_04,DIGITAL_IC,CQFP-64,DIG-SIH-2026,THERMAL_BURN_IN,T04_0249,PROC-ISRO-IISU-01,ATE-STATION-01,CHAMBER-01,1.0,125.0,5.0,168,IDDQ,ELECTRICAL,uA,1.2608,983.4204,983.4957,983.5118,982.1596,23.882,1.6612,11.37,0.017,0.0139,35.24,34.8,1.2608,983.4204,983.4957,983.5118,982.1596,50.0,False,NOMINAL,HEALTHY,42.89,-10.13
DIG_LOT04_COMP0250,LOT_04,DIGITAL_IC,CQFP-64,DIG-SIH-2026,THERMAL_BURN_IN,T04_0250,PROC-ISRO-IISU-01,ATE-STATION-01,CHAMBER-01,1.0,125.0,5.0,168,IDDQ,ELECTRICAL,uA,1.0928,859.5743,859.6475,859.6273,858.4815,24.822,2.0582,12.514,0.0003,-0.0145,34.59,35.1,1.0928,859.5743,859.6475,859.6273,858.4815,50.0,False,NOMINAL,HEALTHY,-7.33,-6.45
DIG_LOT04_COMP0251,LOT_04,DIGITAL_IC,CQFP-64,DIG-SIH-2026,THERMAL_BURN_IN,T04_0251,PROC-ISRO-IISU-01,ATE-STATION-01,CHAMBER-01,1.0,125.0,5.0,168,IDDQ,ELECTRICAL,uA,1.4898,1152.9278,1153.0118,1153.0795,1151.438,24.101,2.3925,12.525,0.0091,-0.0025,33.91,34.1,1.4898,1152.9278,1153.0118,1153.0795,1151.438,50.0,False,NOMINAL,HEALTHY,38.03,-2.35
DIG_LOT04_COMP0252,LOT_04,DIGITAL_IC,CQFP-64,DIG-SIH-2026,THERMAL_BURN_IN,T04_0252,PROC-ISRO-IISU-01,ATE-STATION-01,CHAMBER-01,1.0,125.0,5.0,168,IDDQ,ELECTRICAL,uA,1.4307,1100.5069,1100.6174,1100.6054,1099.0762,25.376,1.8665,11.22,0.0281,-0.0235,35.57,36.01,1.4307,1100.5069,1100.6174,1100.6054,1099.0762,50.0,False,NOMINAL,HEALTHY,33.93,-31.9
DIG_LOT04_COMP0253,LOT_04,DIGITAL_IC,CQFP-64,DIG-SIH-2026,THERMAL_BURN_IN,T04_0253,PROC-ISRO-IISU-01,ATE-STATION-01,CHAMBER-01,1.0,125.0,5.0,168,IDDQ,ELECTRICAL,uA,1.2971,1013.086,1013.2285,1013.2275,1011.7889,23.154,1.7482,11.434,0.0304,0.0855,35.8,36.03,1.2971,1013.086,1013.2285,1013.2275,1011.7889,50.0,False,NOMINAL,HEALTHY,40.17,27.3
DIG_LOT04_COMP0254,LOT_04,DIGITAL_IC,CQFP-64,DIG-SIH-2026,THERMAL_BURN_IN,T04_0254,PROC-ISRO-IISU-01,ATE-STATION-01,CHAMBER-01,1.0,125.0,5.0,168,IDDQ,ELECTRICAL,uA,1.335,1029.4836,1029.5884,1029.5915,1028.1486,24.723,1.804,13.695,0.0066,0.0486,34.98,35.6,1.335,1029.4836,1029.5884,1029.5915,1028.1486,50.0,False,NOMINAL,HEALTHY,28.58,11.81
DIG_LOT04_COMP0255,LOT_04,DIGITAL_IC,CQFP-64,DIG-SIH-2026,THERMAL_BURN_IN,T04_0255,PROC-ISRO-IISU-01,ATE-STATION-01,CHAMBER-01,1.0,125.0,5.0,168,IDDQ,ELECTRICAL,uA,1.5948,1206.4129,1206.5318,1206.6129,1204.8181,25.918,2.1732,11.834,-0.0113,0.0773,35.04,36.05,1.5948,1206.4129,1206.5318,1206.6129,1204.8181,50.0,False,NOMINAL,HEALTHY,31.14,-16.92
DIG_LOT04_COMP0256,LOT_04,DIGITAL_IC,CQFP-64,DIG-SIH-2026,THERMAL_BURN_IN,T04_0256,PROC-ISRO-IISU-01,ATE-STATION-01,CHAMBER-01,1.0,125.0,5.0,168,IDDQ,ELECTRICAL,uA,1.2917,1016.9902,1017.0574,1017.0981,1015.6985,24.58,1.8048,12.586,0.021,0.012,35.34,35.01,1.2917,1016.9902,1017.0574,1017.0981,1015.6985,50.0,False,NOMINAL,HEALTHY,29.51,-40.76
DIG_LOT04_COMP0257,LOT_04,DIGITAL_IC,CQFP-64,DIG-SIH-2026,THERMAL_BURN_IN,T04_0257,PROC-ISRO-IISU-01,ATE-STATION-01,CHAMBER-01,1.0,125.0,5.0,168,IDDQ,ELECTRICAL,uA,1.0922,858.1886,858.2452,858.298,857.0964,27.264,1.9403,11.906,-0.0296,-0.0043,33.67,34.05,1.0922,858.1886,858.2452,858.298,857.0964,50.0,False,NOMINAL,HEALTHY,-4.25,-32.05
DIG_LOT04_COMP0258,LOT_04,DIGITAL_IC,CQFP-64,DIG-SIH-2026,THERMAL_BURN_IN,T04_0258,PROC-ISRO-IISU-01,ATE-STATION-01,CHAMBER-01,1.0,125.0,5.0,168,IDDQ,ELECTRICAL,uA,1.2526,974.2354,974.3168,974.3346,972.9828,24.431,1.8624,13.367,-0.0109,-0.0016,34.48,34.03,1.2526,974.2354,974.3168,974.3346,972.9828,50.0,False,NOMINAL,HEALTHY,-41.97,11.72
DIG_LOT04_COMP0259,LOT_04,DIGITAL_IC,CQFP-64,DIG-SIH-2026,THERMAL_BURN_IN,T04_0259,PROC-ISRO-IISU-01,ATE-STATION-01,CHAMBER-01,1.0,125.0,5.0,168,IDDQ,ELECTRICAL,uA,1.0274,800.1473,800.2093,800.2595,799.1199,26.621,1.8823,13.918,0.034,-0.0078,34.95,34.34,1.0274,800.1473,800.2093,800.2595,799.1199,50.0,False,NOMINAL,HEALTHY,19.74,-40.51
DIG_LOT04_COMP0260,LOT_04,DIGITAL_IC,CQFP-64,DIG-SIH-2026,THERMAL_BURN_IN,T04_0260,PROC-ISRO-IISU-01,ATE-STATION-01,CHAMBER-01,1.0,125.0,5.0,168,IDDQ,ELECTRICAL,uA,1.4232,1087.6539,1087.749,1087.8115,1086.2307,24.958,2.3319,12.569,-0.0227,-0.0364,36.12,35.43,1.4232,1087.6539,1087.749,1087.8115,1086.2307,50.0,False,NOMINAL,HEALTHY,2.81,15.84
DIG_LOT04_COMP0261,LOT_04,DIGITAL_IC,CQFP-64,DIG-SIH-2026,THERMAL_BURN_IN,T04_0261,PROC-ISRO-IISU-01,ATE-STATION-01,CHAMBER-01,1.0,125.0,5.0,168,IDDQ,ELECTRICAL,uA,1.2784,983.192,983.2236,983.292,981.9136,23.735,2.1409,12.54,-0.0019,-0.0021,34.41,34.12,1.2784,983.192,983.2236,983.292,981.9136,50.0,False,NOMINAL,HEALTHY,24.59,39.9
DIG_LOT04_COMP0262,LOT_04,DIGITAL_IC,CQFP-64,DIG-SIH-2026,THERMAL_BURN_IN,T04_0262,PROC-ISRO-IISU-01,ATE-STATION-01,CHAMBER-01,1.0,125.0,5.0,168,IDDQ,ELECTRICAL,uA,1.1577,913.6953,913.7432,913.8205,912.5376,24.113,1.8612,13.022,0.0029,-0.0322,34.9,35.45,1.1577,913.6953,913.7432,913.8205,912.5376,50.0,False,NOMINAL,HEALTHY,15.62,-4.86
DIG_LOT04_COMP0263,LOT_04,DIGITAL_IC,CQFP-64,DIG-SIH-2026,THERMAL_BURN_IN,T04_0263,PROC-ISRO-IISU-01,ATE-STATION-01,CHAMBER-01,1.0,125.0,5.0,168,IDDQ,ELECTRICAL,uA,1.5455,1182.2692,1182.3434,1182.3522,1180.7237,21.276,1.8627,11.312,-0.0128,-0.0193,37.77,37.8,1.5455,1182.2692,1182.3434,1182.3522,1180.7237,50.0,False,NOMINAL,HEALTHY,-31.3,-19.4
DIG_LOT04_COMP0264,LOT_04,DIGITAL_IC,CQFP-64,DIG-SIH-2026,THERMAL_BURN_IN,T04_0264,PROC-ISRO-IISU-01,ATE-STATION-01,CHAMBER-01,1.0,125.0,5.0,168,IDDQ,ELECTRICAL,uA,1.3076,1005.34,1005.4525,1005.4528,1004.0324,24.273,1.9391,11.944,0.0066,-0.0193,35.21,35.2,1.3076,1005.34,1005.4525,1005.4528,1004.0324,50.0,False,NOMINAL,HEALTHY,-22.92,-35.87
DIG_LOT04_COMP0265,LOT_04,DIGITAL_IC,CQFP-64,DIG-SIH-2026,THERMAL_BURN_IN,T04_0265,PROC-ISRO-IISU-01,ATE-STATION-01,CHAMBER-01,1.0,125.0,5.0,168,IDDQ,ELECTRICAL,uA,1.2156,910.8714,910.9409,910.9949,909.6558,25.262,1.9262,11.519,-0.0315,-0.0588,34.53,35.41,1.2156,910.8714,910.9409,910.9949,909.6558,50.0,False,NOMINAL,HEALTHY,26.72,20.0
DIG_LOT04_COMP0266,LOT_04,DIGITAL_IC,CQFP-64,DIG-SIH-2026,THERMAL_BURN_IN,T04_0266,PROC-ISRO-IISU-01,ATE-STATION-01,CHAMBER-01,1.0,125.0,5.0,168,IDDQ,ELECTRICAL,uA,1.1628,912.8592,912.9314,912.9383,911.6964,25.98,2.3624,12.507,-0.0339,0.0175,37.07,37.58,1.1628,912.8592,912.9314,912.9383,911.6964,50.0,False,NOMINAL,HEALTHY,-12.65,-13.04
DIG_LOT04_COMP0267,LOT_04,DIGITAL_IC,CQFP-64,DIG-SIH-2026,THERMAL_BURN_IN,T04_0267,PROC-ISRO-IISU-01,ATE-STATION-01,CHAMBER-01,1.0,125.0,5.0,168,IDDQ,ELECTRICAL,uA,1.3485,1025.0585,1025.0842,1025.169,1023.71,23.254,1.7902,11.909,0.0174,-0.0154,32.75,32.69,1.3485,1025.0585,1025.0842,1025.169,1023.71,50.0,False,NOMINAL,HEALTHY,-19.5,35.81
DIG_LOT04_COMP0268,LOT_04,DIGITAL_IC,CQFP-64,DIG-SIH-2026,THERMAL_BURN_IN,T04_0268,PROC-ISRO-IISU-01,ATE-STATION-01,CHAMBER-01,1.0,125.0,5.0,168,IDDQ,ELECTRICAL,uA,1.328,1023.4784,1023.6111,1023.7114,1022.1504,23.773,1.6606,12.499,-0.0363,-0.1004,36.53,37.44,1.328,1023.4784,1023.6111,1023.7114,1022.1504,50.0,False,NOMINAL,HEALTHY,-36.74,0.26
DIG_LOT04_COMP0269,LOT_04,DIGITAL_IC,CQFP-64,DIG-SIH-2026,THERMAL_BURN_IN,T04_0269,PROC-ISRO-IISU-01,ATE-STATION-01,CHAMBER-01,1.0,125.0,5.0,168,IDDQ,ELECTRICAL,uA,1.2355,946.1099,946.1829,946.1239,944.8744,25.276,1.902,12.943,-0.0345,-0.0621,34.38,33.73,1.2355,946.1099,946.1829,946.1239,944.8744,50.0,False,NOMINAL,HEALTHY,-22.27,-35.79
DIG_LOT04_COMP0270,LOT_04,DIGITAL_IC,CQFP-64,DIG-SIH-2026,THERMAL_BURN_IN,T04_0270,PROC-ISRO-IISU-01,ATE-STATION-01,CHAMBER-01,1.0,125.0,5.0,168,IDDQ,ELECTRICAL,uA,1.3726,1058.8443,1058.918,1058.9986,1057.4717,23.237,1.3518,13.796,-0.0049,0.0249,35.01,35.38,1.3726,1058.8443,1058.918,1058.9986,1057.4717,50.0,False,NOMINAL,HEALTHY,25.5,-22.23
DIG_LOT04_COMP0271,LOT_04,DIGITAL_IC,CQFP-64,DIG-SIH-2026,THERMAL_BURN_IN,T04_0271,PROC-ISRO-IISU-01,ATE-STATION-01,CHAMBER-01,1.0,125.0,5.0,168,IDDQ,ELECTRICAL,uA,1.3192,1015.6489,1015.7373,1015.8118,1014.3297,22.697,1.7715,13.324,0.0099,-0.0145,35.51,34.86,1.3192,1015.6489,1015.7373,1015.8118,1014.3297,50.0,False,NOMINAL,HEALTHY,-46.1,-41.0
DIG_LOT04_COMP0272,LOT_04,DIGITAL_IC,CQFP-64,DIG-SIH-2026,THERMAL_BURN_IN,T04_0272,PROC-ISRO-IISU-01,ATE-STATION-01,CHAMBER-01,1.0,125.0,5.0,168,IDDQ,ELECTRICAL,uA,1.3514,1023.5744,1023.6507,1023.6723,1022.223,24.766,1.8779,11.919,0.0134,0.0662,35.44,35.5,1.3514,1023.5744,1023.6507,1023.6723,1022.223,50.0,False,NOMINAL,HEALTHY,18.33,25.08
DIG_LOT04_COMP0273,LOT_04,DIGITAL_IC,CQFP-64,DIG-SIH-2026,THERMAL_BURN_IN,T04_0273,PROC-ISRO-IISU-01,ATE-STATION-01,CHAMBER-01,1.0,125.0,5.0,168,IDDQ,ELECTRICAL,uA,1.121,858.2497,858.2964,858.3422,857.1287,25.447,1.9801,11.507,0.0272,0.0711,35.34,35.05,1.121,858.2497,858.2964,858.3422,857.1287,50.0,False,NOMINAL,HEALTHY,-36.25,-6.07
DIG_LOT04_COMP0274,LOT_04,DIGITAL_IC,CQFP-64,DIG-SIH-2026,THERMAL_BURN_IN,T04_0274,PROC-ISRO-IISU-01,ATE-STATION-01,CHAMBER-01,1.0,125.0,5.0,168,IDDQ,ELECTRICAL,uA,1.2288,961.913,961.9899,961.9882,960.6842,26.757,2.1762,11.465,-0.0062,-0.0002,35.77,36.39,1.2288,961.913,961.9899,961.9882,960.6842,50.0,False,NOMINAL,HEALTHY,-6.43,13.5
DIG_LOT04_COMP0275,LOT_04,DIGITAL_IC,CQFP-64,DIG-SIH-2026,THERMAL_BURN_IN,T04_0275,PROC-ISRO-IISU-01,ATE-STATION-01,CHAMBER-01,1.0,125.0,5.0,168,IDDQ,ELECTRICAL,uA,1.4004,1086.1314,1086.2349,1086.2337,1084.731,22.926,1.8845,11.747,-0.0149,-0.0206,35.39,35.86,1.4004,1086.1314,1086.2349,1086.2337,1084.731,50.0,False,NOMINAL,HEALTHY,5.81,12.97
DIG_LOT04_COMP0276,LOT_04,DIGITAL_IC,CQFP-64,DIG-SIH-2026,THERMAL_BURN_IN,T04_0276,PROC-ISRO-IISU-01,ATE-STATION-01,CHAMBER-01,1.0,125.0,5.0,168,IDDQ,ELECTRICAL,uA,1.3401,1029.0071,1029.1108,1029.1583,1027.667,25.471,2.1112,11.073,-0.0014,-0.0143,34.77,35.2,1.3401,1029.0071,1029.1108,1029.1583,1027.667,50.0,False,NOMINAL,HEALTHY,-27.56,-7.54
DIG_LOT04_COMP0277,LOT_04,DIGITAL_IC,CQFP-64,DIG-SIH-2026,THERMAL_BURN_IN,T04_0277,PROC-ISRO-IISU-01,ATE-STATION-01,CHAMBER-01,1.0,125.0,5.0,168,IDDQ,ELECTRICAL,uA,1.3236,1050.8937,1050.9682,1051.0137,1049.5701,24.061,1.9777,12.895,-0.0115,0.0306,36.43,36.32,1.3236,1050.8937,1050.9682,1051.0137,1049.5701,50.0,False,NOMINAL,HEALTHY,-3.44,43.62
DIG_LOT04_COMP0278,LOT_04,DIGITAL_IC,CQFP-64,DIG-SIH-2026,THERMAL_BURN_IN,T04_0278,PROC-ISRO-IISU-01,ATE-STATION-01,CHAMBER-01,1.0,125.0,5.0,168,IDDQ,ELECTRICAL,uA,1.35,1028.15,1028.2283,1028.281,1026.8,25.124,2.3142,12.02,0.0038,0.0079,37.24,37.02,1.35,1028.15,1028.2283,1028.281,1026.8,50.0,False,NOMINAL,HEALTHY,6.89,-0.25
DIG_LOT04_COMP0279,LOT_04,DIGITAL_IC,CQFP-64,DIG-SIH-2026,THERMAL_BURN_IN,T04_0279,PROC-ISRO-IISU-01,ATE-STATION-01,CHAMBER-01,1.0,125.0,5.0,168,IDDQ,ELECTRICAL,uA,1.2299,955.57,955.6099,955.6648,954.3401,24.049,1.8371,11.884,-0.0188,-0.0692,35.41,36.26,1.2299,955.57,955.6099,955.6648,954.3401,50.0,False,NOMINAL,HEALTHY,16.37,-41.34
DIG_LOT04_COMP0280,LOT_04,DIGITAL_IC,CQFP-64,DIG-SIH-2026,THERMAL_BURN_IN,T04_0280,PROC-ISRO-IISU-01,ATE-STATION-01,CHAMBER-01,1.0,125.0,5.0,168,IDDQ,ELECTRICAL,uA,1.3588,1064.7602,1064.8158,1064.8812,1063.4014,24.735,2.0012,11.119,0.015,0.0009,35.82,36.0,1.3588,1064.7602,1064.8158,1064.8812,1063.4014,50.0,False,NOMINAL,HEALTHY,29.22,21.34
DIG_LOT04_COMP0281,LOT_04,DIGITAL_IC,CQFP-64,DIG-SIH-2026,THERMAL_BURN_IN,T04_0281,PROC-ISRO-IISU-01,ATE-STATION-01,CHAMBER-01,1.0,125.0,5.0,168,IDDQ,ELECTRICAL,uA,1.253,988.8229,988.943,988.8974,987.5699,22.158,2.2292,12.166,0.0039,-0.0587,33.2,32.53,1.253,988.8229,988.943,988.8974,987.5699,50.0,False,NOMINAL,HEALTHY,44.82,-7.14
DIG_LOT04_COMP0282,LOT_04,DIGITAL_IC,CQFP-64,DIG-SIH-2026,THERMAL_BURN_IN,T04_0282,PROC-ISRO-IISU-01,ATE-STATION-01,CHAMBER-01,1.0,125.0,5.0,168,IDDQ,ELECTRICAL,uA,1.1986,912.4953,912.5602,912.6129,911.2967,23.81,1.9043,12.799,-0.0179,-0.049,37.17,36.53,1.1986,912.4953,912.5602,912.6129,911.2967,50.0,False,NOMINAL,HEALTHY,-42.18,33.5
DIG_LOT04_COMP0283,LOT_04,DIGITAL_IC,CQFP-64,DIG-SIH-2026,THERMAL_BURN_IN,T04_0283,PROC-ISRO-IISU-01,ATE-STATION-01,CHAMBER-01,1.0,125.0,5.0,168,IDDQ,ELECTRICAL,uA,1.4338,1112.1297,1112.2303,1112.24,1110.6959,25.246,2.329,11.609,-0.0505,-0.0031,35.1,35.42,1.4338,1112.1297,1112.2303,1112.24,1110.6959,50.0,False,NOMINAL,HEALTHY,32.72,32.97
DIG_LOT04_COMP0284,LOT_04,DIGITAL_IC,CQFP-64,DIG-SIH-2026,THERMAL_BURN_IN,T04_0284,PROC-ISRO-IISU-01,ATE-STATION-01,CHAMBER-01,1.0,125.0,5.0,168,IDDQ,ELECTRICAL,uA,1.4717,1132.2915,1132.4122,1132.4505,1130.8198,25.786,1.903,11.968,0.0215,0.0528,35.8,35.73,1.4717,1132.2915,1132.4122,1132.4505,1130.8198,50.0,False,NOMINAL,HEALTHY,44.46,3.27
DIG_LOT04_COMP0285,LOT_04,DIGITAL_IC,CQFP-64,DIG-SIH-2026,THERMAL_BURN_IN,T04_0285,PROC-ISRO-IISU-01,ATE-STATION-01,CHAMBER-01,1.0,125.0,5.0,168,IDDQ,ELECTRICAL,uA,1.3189,999.8425,999.8862,999.9361,998.5236,23.79,2.2384,12.547,-0.0011,0.0466,36.35,36.09,1.3189,999.8425,999.8862,999.9361,998.5236,50.0,False,NOMINAL,HEALTHY,36.25,-25.29
DIG_LOT04_COMP0286,LOT_04,DIGITAL_IC,CQFP-64,DIG-SIH-2026,THERMAL_BURN_IN,T04_0286,PROC-ISRO-IISU-01,ATE-STATION-01,CHAMBER-01,1.0,125.0,5.0,168,IDDQ,ELECTRICAL,uA,1.1435,884.3734,884.3449,884.4432,883.2299,26.124,2.4291,12.001,0.0155,0.1094,33.67,33.15,1.1435,884.3734,884.3449,884.4432,883.2299,50.0,False,NOMINAL,HEALTHY,9.38,-49.91
DIG_LOT04_COMP0287,LOT_04,DIGITAL_IC,CQFP-64,DIG-SIH-2026,THERMAL_BURN_IN,T04_0287,PROC-ISRO-IISU-01,ATE-STATION-01,CHAMBER-01,1.0,125.0,5.0,168,IDDQ,ELECTRICAL,uA,1.4237,1104.3726,1104.4164,1104.466,1102.9489,23.253,1.6559,13.253,0.0281,0.0598,36.69,35.97,1.4237,1104.3726,1104.4164,1104.466,1102.9489,50.0,False,NOMINAL,HEALTHY,6.42,-25.81
DIG_LOT04_COMP0288,LOT_04,DIGITAL_IC,CQFP-64,DIG-SIH-2026,THERMAL_BURN_IN,T04_0288,PROC-ISRO-IISU-01,ATE-STATION-01,CHAMBER-01,1.0,125.0,5.0,168,IDDQ,ELECTRICAL,uA,1.4258,1086.7929,1086.8725,1086.9376,1085.3671,26.949,2.2647,11.714,-0.0318,-0.0645,35.54,35.16,1.4258,1086.7929,1086.8725,1086.9376,1085.3671,50.0,False,NOMINAL,HEALTHY,13.51,30.48
DIG_LOT04_COMP0289,LOT_04,DIGITAL_IC,CQFP-64,DIG-SIH-2026,THERMAL_BURN_IN,T04_0289,PROC-ISRO-IISU-01,ATE-STATION-01,CHAMBER-01,1.0,125.0,5.0,168,IDDQ,ELECTRICAL,uA,1.3588,1064.301,1064.3591,1064.4194,1062.9422,24.862,1.7192,13.507,0.0076,-0.0334,33.11,32.83,1.3588,1064.301,1064.3591,1064.4194,1062.9422,50.0,False,NOMINAL,HEALTHY,0.22,-5.33
DIG_LOT04_COMP0290,LOT_04,DIGITAL_IC,CQFP-64,DIG-SIH-2026,THERMAL_BURN_IN,T04_0290,PROC-ISRO-IISU-01,ATE-STATION-01,CHAMBER-01,1.0,125.0,5.0,168,IDDQ,ELECTRICAL,uA,1.3863,1068.864,1068.9266,1068.9604,1067.4777,23.956,1.6656,12.706,-0.0239,-0.0355,33.27,33.79,1.3863,1068.864,1068.9266,1068.9604,1067.4777,50.0,False,NOMINAL,HEALTHY,16.39,-47.77
DIG_LOT04_COMP0291,LOT_04,DIGITAL_IC,CQFP-64,DIG-SIH-2026,THERMAL_BURN_IN,T04_0291,PROC-ISRO-IISU-01,ATE-STATION-01,CHAMBER-01,1.0,125.0,5.0,168,IDDQ,ELECTRICAL,uA,1.3288,1023.7391,1023.7729,1023.8936,1022.4103,23.993,2.0973,13.61,-0.0103,-0.0234,36.42,36.95,1.3288,1023.7391,1023.7729,1023.8936,1022.4103,50.0,False,NOMINAL,HEALTHY,37.11,25.88
DIG_LOT04_COMP0292,LOT_04,DIGITAL_IC,CQFP-64,DIG-SIH-2026,THERMAL_BURN_IN,T04_0292,PROC-ISRO-IISU-01,ATE-STATION-01,CHAMBER-01,1.0,125.0,5.0,168,IDDQ,ELECTRICAL,uA,1.5545,1221.4271,1221.535,1221.5559,1219.8726,25.453,1.9648,12.967,0.0057,0.0426,33.05,32.97,1.5545,1221.4271,1221.535,1221.5559,1219.8726,50.0,False,NOMINAL,HEALTHY,36.15,38.22
DIG_LOT04_COMP0293,LOT_04,DIGITAL_IC,CQFP-64,DIG-SIH-2026,THERMAL_BURN_IN,T04_0293,PROC-ISRO-IISU-01,ATE-STATION-01,CHAMBER-01,1.0,125.0,5.0,168,IDDQ,ELECTRICAL,uA,1.5516,1173.3467,1173.4422,1173.5412,1171.7951,26.222,1.7054,13.508,0.0111,-0.0228,35.41,35.54,1.5516,1173.3467,1173.4422,1173.5412,1171.7951,50.0,False,NOMINAL,HEALTHY,11.11,-8.54
DIG_LOT04_COMP0294,LOT_04,DIGITAL_IC,CQFP-64,DIG-SIH-2026,THERMAL_BURN_IN,T04_0294,PROC-ISRO-IISU-01,ATE-STATION-01,CHAMBER-01,1.0,125.0,5.0,168,IDDQ,ELECTRICAL,uA,1.4954,1153.8733,1153.9851,1154.0343,1152.3779,24.666,1.8133,11.692,0.0081,0.0618,35.19,35.02,1.4954,1153.8733,1153.9851,1154.0343,1152.3779,50.0,False,NOMINAL,HEALTHY,2.22,-40.09
DIG_LOT04_COMP0295,LOT_04,DIGITAL_IC,CQFP-64,DIG-SIH-2026,THERMAL_BURN_IN,T04_0295,PROC-ISRO-IISU-01,ATE-STATION-01,CHAMBER-01,1.0,125.0,5.0,168,IDDQ,ELECTRICAL,uA,1.6283,1274.2707,1274.3891,1274.4585,1272.6424,26.181,2.1747,14.136,-0.0334,-0.0086,33.96,34.28,1.6283,1274.2707,1274.3891,1274.4585,1272.6424,50.0,False,NOMINAL,HEALTHY,-26.4,28.61
DIG_LOT04_COMP0296,LOT_04,DIGITAL_IC,CQFP-64,DIG-SIH-2026,THERMAL_BURN_IN,T04_0296,PROC-ISRO-IISU-01,ATE-STATION-01,CHAMBER-01,1.0,125.0,5.0,168,IDDQ,ELECTRICAL,uA,1.2835,980.0256,980.1194,980.1602,978.7421,24.865,2.0222,12.225,0.0004,0.0117,35.78,35.66,1.2835,980.0256,980.1194,980.1602,978.7421,50.0,False,NOMINAL,HEALTHY,-39.77,-2.82
DIG_LOT04_COMP0297,LOT_04,DIGITAL_IC,CQFP-64,DIG-SIH-2026,THERMAL_BURN_IN,T04_0297,PROC-ISRO-IISU-01,ATE-STATION-01,CHAMBER-01,1.0,125.0,5.0,168,IDDQ,ELECTRICAL,uA,1.0604,829.9122,829.9622,830.0564,828.8518,24.612,1.5365,11.376,-0.0066,0.1125,35.44,35.63,1.0604,829.9122,829.9622,830.0564,828.8518,50.0,False,NOMINAL,HEALTHY,10.32,26.96
DIG_LOT04_COMP0298,LOT_04,DIGITAL_IC,CQFP-64,DIG-SIH-2026,THERMAL_BURN_IN,T04_0298,PROC-ISRO-IISU-01,ATE-STATION-01,CHAMBER-01,1.0,125.0,5.0,168,IDDQ,ELECTRICAL,uA,1.0098,775.4689,775.4689,775.5003,774.4591,25.707,2.0459,14.146,0.0443,0.0007,34.29,35.12,1.0098,775.4689,775.4689,775.5003,774.4591,50.0,False,NOMINAL,HEALTHY,-30.09,-15.66
DIG_LOT04_COMP0299,LOT_04,DIGITAL_IC,CQFP-64,DIG-SIH-2026,THERMAL_BURN_IN,T04_0299,PROC-ISRO-IISU-01,ATE-STATION-01,CHAMBER-01,1.0,125.0,5.0,168,IDDQ,ELECTRICAL,uA,1.232,956.2998,956.4183,956.4207,955.0678,24.947,1.9757,11.545,0.0098,0.0197,34.7,34.72,1.232,956.2998,956.4183,956.4207,955.0678,50.0,False,NOMINAL,HEALTHY,19.61,-42.39
DIG_LOT04_COMP0300,LOT_04,DIGITAL_IC,CQFP-64,DIG-SIH-2026,THERMAL_BURN_IN,T04_0300,PROC-ISRO-IISU-01,ATE-STATION-01,CHAMBER-01,1.0,125.0,5.0,168,IDDQ,ELECTRICAL,uA,1.0283,783.9123,783.9264,783.9446,782.884,26.38,1.9734,13.203,-0.0301,-0.0408,35.77,36.3,1.0283,783.9123,783.9264,783.9446,782.884,50.0,False,NOMINAL,HEALTHY,18.18,13.53
DIG_LOT04_COMP0301,LOT_04,DIGITAL_IC,CQFP-64,DIG-SIH-2026,THERMAL_BURN_IN,T04_0301,PROC-ISRO-IISU-01,ATE-STATION-01,CHAMBER-01,1.0,125.0,5.0,168,IDDQ,ELECTRICAL,uA,1.1784,902.355,902.429,902.4321,901.1766,27.349,1.7836,12.452,0.0263,0.0346,34.85,35.56,1.1784,902.355,902.429,902.4321,901.1766,50.0,False,NOMINAL,HEALTHY,5.02,-28.66
DIG_LOT04_COMP0302,LOT_04,DIGITAL_IC,CQFP-64,DIG-SIH-2026,THERMAL_BURN_IN,T04_0302,PROC-ISRO-IISU-01,ATE-STATION-01,CHAMBER-01,1.0,125.0,5.0,168,IDDQ,ELECTRICAL,uA,1.428,1100.62,1100.7516,1100.8123,1099.192,24.356,1.7861,13.813,-0.0331,-0.0677,35.42,35.11,1.428,1100.62,1100.7516,1100.8123,1099.192,50.0,False,NOMINAL,HEALTHY,-28.99,-7.0
DIG_LOT04_COMP0303,LOT_04,DIGITAL_IC,CQFP-64,DIG-SIH-2026,THERMAL_BURN_IN,T04_0303,PROC-ISRO-IISU-01,ATE-STATION-01,CHAMBER-01,1.0,125.0,5.0,168,IDDQ,ELECTRICAL,uA,1.1751,915.2608,915.3494,915.4287,914.0857,25.46,2.0017,12.58,-0.0195,-0.0179,37.12,36.55,1.1751,915.2608,915.3494,915.4287,914.0857,50.0,False,NOMINAL,HEALTHY,18.45,-37.49
DIG_LOT04_COMP0304,LOT_04,DIGITAL_IC,CQFP-64,DIG-SIH-2026,THERMAL_BURN_IN,T04_0304,PROC-ISRO-IISU-01,ATE-STATION-01,CHAMBER-01,1.0,125.0,5.0,168,IDDQ,ELECTRICAL,uA,1.4453,1107.0975,1107.1492,1107.2969,1105.6522,22.556,2.104,12.112,-0.0017,-0.0157,35.19,35.26,1.4453,1107.0975,1107.1492,1107.2969,1105.6522,50.0,False,NOMINAL,HEALTHY,4.0,46.98
DIG_LOT04_COMP0305,LOT_04,DIGITAL_IC,CQFP-64,DIG-SIH-2026,THERMAL_BURN_IN,T04_0305,PROC-ISRO-IISU-01,ATE-STATION-01,CHAMBER-01,1.0,125.0,5.0,168,IDDQ,ELECTRICAL,uA,1.2474,947.8496,947.9411,948.0423,946.6022,25.876,1.7944,13.484,-0.0014,0.1033,35.94,35.75,1.2474,947.8496,947.9411,948.0423,946.6022,50.0,False,NOMINAL,HEALTHY,42.76,-0.99
DIG_LOT04_COMP0306,LOT_04,DIGITAL_IC,CQFP-64,DIG-SIH-2026,THERMAL_BURN_IN,T04_0306,PROC-ISRO-IISU-01,ATE-STATION-01,CHAMBER-01,1.0,125.0,5.0,168,IDDQ,ELECTRICAL,uA,1.2931,991.9449,992.0239,992.0941,990.6518,24.364,1.2296,11.855,-0.0243,-0.0529,33.46,33.77,1.2931,991.9449,992.0239,992.0941,990.6518,50.0,False,NOMINAL,HEALTHY,9.85,-32.75
DIG_LOT04_COMP0307,LOT_04,DIGITAL_IC,CQFP-64,DIG-SIH-2026,THERMAL_BURN_IN,T04_0307,PROC-ISRO-IISU-01,ATE-STATION-01,CHAMBER-01,1.0,125.0,5.0,168,IDDQ,ELECTRICAL,uA,1.0338,779.0026,779.042,779.0989,777.9688,24.76,2.319,12.688,-0.0109,-0.0382,32.49,32.53,1.0338,779.0026,779.042,779.0989,777.9688,50.0,False,NOMINAL,HEALTHY,49.77,14.69
DIG_LOT04_COMP0308,LOT_04,DIGITAL_IC,CQFP-64,DIG-SIH-2026,THERMAL_BURN_IN,T04_0308,PROC-ISRO-IISU-01,ATE-STATION-01,CHAMBER-01,1.0,125.0,5.0,168,IDDQ,ELECTRICAL,uA,1.0664,847.6732,847.7673,847.7859,846.6068,25.705,2.4399,12.642,0.021,-0.1037,34.42,33.68,1.0664,847.6732,847.7673,847.7859,846.6068,50.0,False,NOMINAL,HEALTHY,30.51,-31.0
DIG_LOT04_COMP0309,LOT_04,DIGITAL_IC,CQFP-64,DIG-SIH-2026,THERMAL_BURN_IN,T04_0309,PROC-ISRO-IISU-01,ATE-STATION-01,CHAMBER-01,1.0,125.0,5.0,168,IDDQ,ELECTRICAL,uA,1.3861,1094.0768,1094.1424,1094.2333,1092.6907,24.853,2.1098,12.43,0.0007,0.1151,35.6,35.63,1.3861,1094.0768,1094.1424,1094.2333,1092.6907,50.0,False,NOMINAL,HEALTHY,34.24,-12.53
DIG_LOT04_COMP0310,LOT_04,DIGITAL_IC,CQFP-64,DIG-SIH-2026,THERMAL_BURN_IN,T04_0310,PROC-ISRO-IISU-01,ATE-STATION-01,CHAMBER-01,1.0,125.0,5.0,168,IDDQ,ELECTRICAL,uA,1.0426,810.0552,810.1135,810.1415,809.0126,27.994,1.8615,13.096,0.0105,-0.0072,35.27,35.86,1.0426,810.0552,810.1135,810.1415,809.0126,50.0,False,NOMINAL,HEALTHY,-7.47,24.86
DIG_LOT04_COMP0311,LOT_04,DIGITAL_IC,CQFP-64,DIG-SIH-2026,THERMAL_BURN_IN,T04_0311,PROC-ISRO-IISU-01,ATE-STATION-01,CHAMBER-01,1.0,125.0,5.0,168,IDDQ,ELECTRICAL,uA,1.3575,1036.3517,1036.4584,1036.516,1034.9942,24.501,2.0155,13.228,0.0156,0.1159,33.39,33.3,1.3575,1036.3517,1036.4584,1036.516,1034.9942,50.0,False,NOMINAL,HEALTHY,22.53,11.14
DIG_LOT04_COMP0312,LOT_04,DIGITAL_IC,CQFP-64,DIG-SIH-2026,THERMAL_BURN_IN,T04_0312,PROC-ISRO-IISU-01,ATE-STATION-01,CHAMBER-01,1.0,125.0,5.0,168,IDDQ,ELECTRICAL,uA,1.2076,928.3387,928.4011,928.5275,927.1311,26.14,1.6834,12.748,-0.0202,0.0626,34.98,35.28,1.2076,928.3387,928.4011,928.5275,927.1311,50.0,False,NOMINAL,HEALTHY,-17.67,-39.03
DIG_LOT04_COMP0313,LOT_04,DIGITAL_IC,CQFP-64,DIG-SIH-2026,THERMAL_BURN_IN,T04_0313,PROC-ISRO-IISU-01,ATE-STATION-01,CHAMBER-01,1.0,125.0,5.0,168,IDDQ,ELECTRICAL,uA,1.2272,950.0724,950.0874,950.1865,948.8452,25.0,2.2767,12.754,0.0124,0.0314,35.2,34.92,1.2272,950.0724,950.0874,950.1865,948.8452,50.0,False,NOMINAL,HEALTHY,48.08,-8.97
DIG_LOT04_COMP0314,LOT_04,DIGITAL_IC,CQFP-64,DIG-SIH-2026,THERMAL_BURN_IN,T04_0314,PROC-ISRO-IISU-01,ATE-STATION-01,CHAMBER-01,1.0,125.0,5.0,168,IDDQ,ELECTRICAL,uA,1.0427,793.5358,793.5883,793.6522,792.4931,26.019,1.548,11.906,-0.0019,-0.0001,33.26,33.16,1.0427,793.5358,793.5883,793.6522,792.4931,50.0,False,NOMINAL,HEALTHY,-43.21,17.22
DIG_LOT04_COMP0315,LOT_04,DIGITAL_IC,CQFP-64,DIG-SIH-2026,THERMAL_BURN_IN,T04_0315,PROC-ISRO-IISU-01,ATE-STATION-01,CHAMBER-01,1.0,125.0,5.0,168,IDDQ,ELECTRICAL,uA,1.5632,1197.2824,1197.3121,1197.3966,1195.7192,24.775,2.1947,12.484,-0.0419,0.0369,33.54,33.77,1.5632,1197.2824,1197.3121,1197.3966,1195.7192,50.0,False,NOMINAL,HEALTHY,-26.46,19.83
DIG_LOT04_COMP0316,LOT_04,DIGITAL_IC,CQFP-64,DIG-SIH-2026,THERMAL_BURN_IN,T04_0316,PROC-ISRO-IISU-01,ATE-STATION-01,CHAMBER-01,1.0,125.0,5.0,168,IDDQ,ELECTRICAL,uA,1.4087,1088.6417,1088.7261,1088.7638,1087.233,26.312,1.8052,11.162,0.0148,0.0137,32.65,33.11,1.4087,1088.6417,1088.7261,1088.7638,1087.233,50.0,False,NOMINAL,HEALTHY,33.68,23.91
DIG_LOT04_COMP0317,LOT_04,DIGITAL_IC,CQFP-64,DIG-SIH-2026,THERMAL_BURN_IN,T04_0317,PROC-ISRO-IISU-01,ATE-STATION-01,CHAMBER-01,1.0,125.0,5.0,168,IDDQ,ELECTRICAL,uA,1.4769,1134.2162,1134.3343,1134.3146,1132.7393,24.114,1.9632,12.744,-0.0098,0.0209,36.47,36.3,1.4769,1134.2162,1134.3343,1134.3146,1132.7393,50.0,False,NOMINAL,HEALTHY,10.65,0.69
DIG_LOT04_COMP0318,LOT_04,DIGITAL_IC,CQFP-64,DIG-SIH-2026,THERMAL_BURN_IN,T04_0318,PROC-ISRO-IISU-01,ATE-STATION-01,CHAMBER-01,1.0,125.0,5.0,168,IDDQ,ELECTRICAL,uA,1.2067,942.9244,943.0266,943.049,941.7177,25.917,2.5515,11.917,0.031,0.0992,34.89,35.18,1.2067,942.9244,943.0266,943.049,941.7177,50.0,False,NOMINAL,HEALTHY,-49.17,40.96
DIG_LOT04_COMP0319,LOT_04,DIGITAL_IC,CQFP-64,DIG-SIH-2026,THERMAL_BURN_IN,T04_0319,PROC-ISRO-IISU-01,ATE-STATION-01,CHAMBER-01,1.0,125.0,5.0,168,IDDQ,ELECTRICAL,uA,1.3605,1064.0864,1072.6392,1222.5117,1062.7259,20.948,1.7084,12.817,0.0239,-0.0121,33.07,33.39,1.3605,1064.0864,1072.6392,1222.5117,1062.7259,50.0,True,THERMAL_RUNAWAY,HEALTHY,18.43,-6.4
DIG_LOT04_COMP0320,LOT_04,DIGITAL_IC,CQFP-64,DIG-SIH-2026,THERMAL_BURN_IN,T04_0320,PROC-ISRO-IISU-01,ATE-STATION-01,CHAMBER-01,1.0,125.0,5.0,168,IDDQ,ELECTRICAL,uA,1.4438,1113.4401,1113.5404,1113.5763,1111.9963,25.637,1.545,12.65,0.0132,0.1081,35.93,36.8,1.4438,1113.4401,1113.5404,1113.5763,1111.9963,50.0,False,NOMINAL,HEALTHY,22.66,-31.32
DIG_LOT04_COMP0321,LOT_04,DIGITAL_IC,CQFP-64,DIG-SIH-2026,THERMAL_BURN_IN,T04_0321,PROC-ISRO-IISU-01,ATE-STATION-01,CHAMBER-01,1.0,125.0,5.0,168,IDDQ,ELECTRICAL,uA,1.3107,1009.2917,1009.3822,1009.3704,1007.981,24.289,2.1425,12.877,-0.018,-0.0183,34.76,35.35,1.3107,1009.2917,1009.3822,1009.3704,1007.981,50.0,False,NOMINAL,HEALTHY,45.46,-47.71
DIG_LOT04_COMP0322,LOT_04,DIGITAL_IC,CQFP-64,DIG-SIH-2026,THERMAL_BURN_IN,T04_0322,PROC-ISRO-IISU-01,ATE-STATION-01,CHAMBER-01,1.0,125.0,5.0,168,IDDQ,ELECTRICAL,uA,1.357,1048.744,1048.8551,1048.8741,1047.387,25.295,2.5471,12.395,0.0007,0.0766,35.32,35.21,1.357,1048.744,1048.8551,1048.8741,1047.387,50.0,False,NOMINAL,HEALTHY,-12.42,6.69
DIG_LOT04_COMP0323,LOT_04,DIGITAL_IC,CQFP-64,DIG-SIH-2026,THERMAL_BURN_IN,T04_0323,PROC-ISRO-IISU-01,ATE-STATION-01,CHAMBER-01,1.0,125.0,5.0,168,IDDQ,ELECTRICAL,uA,1.5352,1177.6058,1177.6523,1177.781,1176.0706,23.531,2.2377,12.289,-0.0239,-0.042,34.25,34.1,1.5352,1177.6058,1177.6523,1177.781,1176.0706,50.0,False,NOMINAL,HEALTHY,20.28,34.41
DIG_LOT04_COMP0324,LOT_04,DIGITAL_IC,CQFP-64,DIG-SIH-2026,THERMAL_BURN_IN,T04_0324,PROC-ISRO-IISU-01,ATE-STATION-01,CHAMBER-01,1.0,125.0,5.0,168,IDDQ,ELECTRICAL,uA,1.3726,1056.596,1056.6781,1056.7459,1055.2234,23.886,2.1219,11.204,0.0163,0.022,35.5,35.18,1.3726,1056.596,1056.6781,1056.7459,1055.2234,50.0,False,NOMINAL,HEALTHY,-33.98,-15.13
DIG_LOT04_COMP0325,LOT_04,DIGITAL_IC,CQFP-64,DIG-SIH-2026,THERMAL_BURN_IN,T04_0325,PROC-ISRO-IISU-01,ATE-STATION-01,CHAMBER-01,1.0,125.0,5.0,168,IDDQ,ELECTRICAL,uA,1.3524,1043.8127,1043.8872,1043.9306,1042.4603,25.368,1.6667,12.929,0.0421,0.0306,35.42,35.69,1.3524,1043.8127,1043.8872,1043.9306,1042.4603,50.0,False,NOMINAL,HEALTHY,-7.51,-5.71
DIG_LOT04_COMP0326,LOT_04,DIGITAL_IC,CQFP-64,DIG-SIH-2026,THERMAL_BURN_IN,T04_0326,PROC-ISRO-IISU-01,ATE-STATION-01,CHAMBER-01,1.0,125.0,5.0,168,IDDQ,ELECTRICAL,uA,1.5538,1186.7565,1186.8543,1186.8845,1185.2027,25.247,2.0238,12.087,0.003,-0.0337,34.61,34.14,1.5538,1186.7565,1186.8543,1186.8845,1185.2027,50.0,False,NOMINAL,HEALTHY,41.93,1.46
DIG_LOT04_COMP0327,LOT_04,DIGITAL_IC,CQFP-64,DIG-SIH-2026,THERMAL_BURN_IN,T04_0327,PROC-ISRO-IISU-01,ATE-STATION-01,CHAMBER-01,1.0,125.0,5.0,168,IDDQ,ELECTRICAL,uA,1.5493,1190.3157,1190.3874,1190.5101,1188.7664,24.529,2.1816,12.188,0.0221,0.0546,34.42,35.23,1.5493,1190.3157,1190.3874,1190.5101,1188.7664,50.0,False,NOMINAL,HEALTHY,33.04,22.97
DIG_LOT04_COMP0328,LOT_04,DIGITAL_IC,CQFP-64,DIG-SIH-2026,THERMAL_BURN_IN,T04_0328,PROC-ISRO-IISU-01,ATE-STATION-01,CHAMBER-01,1.0,125.0,5.0,168,IDDQ,ELECTRICAL,uA,1.1992,914.2233,914.3149,914.3297,913.0241,27.383,2.2496,12.639,-0.0207,-0.0461,32.59,32.4,1.1992,914.2233,914.3149,914.3297,913.0241,50.0,False,NOMINAL,HEALTHY,14.63,-44.19
DIG_LOT04_COMP0329,LOT_04,DIGITAL_IC,CQFP-64,DIG-SIH-2026,THERMAL_BURN_IN,T04_0329,PROC-ISRO-IISU-01,ATE-STATION-01,CHAMBER-01,1.0,125.0,5.0,168,IDDQ,ELECTRICAL,uA,1.1993,942.2862,942.3866,942.4447,941.0869,23.43,1.7794,13.446,0.0151,-0.0208,32.76,32.56,1.1993,942.2862,942.3866,942.4447,941.0869,50.0,False,NOMINAL,HEALTHY,3.1,32.12
DIG_LOT04_COMP0330,LOT_04,DIGITAL_IC,CQFP-64,DIG-SIH-2026,THERMAL_BURN_IN,T04_0330,PROC-ISRO-IISU-01,ATE-STATION-01,CHAMBER-01,1.0,125.0,5.0,168,IDDQ,ELECTRICAL,uA,1.2865,990.9306,991.0023,991.0707,989.6441,23.143,2.4008,11.627,-0.0094,-0.027,33.5,32.98,1.2865,990.9306,991.0023,991.0707,989.6441,50.0,False,NOMINAL,HEALTHY,-7.73,-41.23
DIG_LOT04_COMP0331,LOT_04,DIGITAL_IC,CQFP-64,DIG-SIH-2026,THERMAL_BURN_IN,T04_0331,PROC-ISRO-IISU-01,ATE-STATION-01,CHAMBER-01,1.0,125.0,5.0,168,IDDQ,ELECTRICAL,uA,1.2639,990.6379,990.7031,990.7187,989.374,26.764,1.9247,12.184,0.0089,-0.0256,31.6,31.6,1.2639,990.6379,990.7031,990.7187,989.374,50.0,False,NOMINAL,HEALTHY,-46.33,26.25
DIG_LOT04_COMP0332,LOT_04,DIGITAL_IC,CQFP-64,DIG-SIH-2026,THERMAL_BURN_IN,T04_0332,PROC-ISRO-IISU-01,ATE-STATION-01,CHAMBER-01,1.0,125.0,5.0,168,IDDQ,ELECTRICAL,uA,1.4486,1120.2881,1120.4073,1120.3981,1118.8395,25.242,1.9546,12.611,0.0278,0.0098,35.49,35.45,1.4486,1120.2881,1120.4073,1120.3981,1118.8395,50.0,False,NOMINAL,HEALTHY,20.44,43.32
DIG_LOT04_COMP0333,LOT_04,DIGITAL_IC,CQFP-64,DIG-SIH-2026,THERMAL_BURN_IN,T04_0333,PROC-ISRO-IISU-01,ATE-STATION-01,CHAMBER-01,1.0,125.0,5.0,168,IDDQ,ELECTRICAL,uA,1.2033,918.7606,918.8644,918.855,917.5573,22.689,2.1331,12.11,0.0043,-0.0258,36.15,36.01,1.2033,918.7606,918.8644,918.855,917.5573,50.0,False,NOMINAL,HEALTHY,-28.31,-14.16
DIG_LOT04_COMP0334,LOT_04,DIGITAL_IC,CQFP-64,DIG-SIH-2026,THERMAL_BURN_IN,T04_0334,PROC-ISRO-IISU-01,ATE-STATION-01,CHAMBER-01,1.0,125.0,5.0,168,IDDQ,ELECTRICAL,uA,1.5526,1197.7593,1197.8367,1197.9255,1196.2067,22.16,1.6702,11.985,0.0133,0.1268,36.98,35.95,1.5526,1197.7593,1197.8367,1197.9255,1196.2067,50.0,False,NOMINAL,HEALTHY,16.97,-41.39
DIG_LOT04_COMP0335,LOT_04,DIGITAL_IC,CQFP-64,DIG-SIH-2026,THERMAL_BURN_IN,T04_0335,PROC-ISRO-IISU-01,ATE-STATION-01,CHAMBER-01,1.0,125.0,5.0,168,IDDQ,ELECTRICAL,uA,1.1011,852.2124,852.2392,852.2427,851.1113,23.475,1.3427,11.854,0.0106,0.0434,35.37,35.45,1.1011,852.2124,852.2392,852.2427,851.1113,50.0,False,NOMINAL,HEALTHY,15.09,-48.54
DIG_LOT04_COMP0336,LOT_04,DIGITAL_IC,CQFP-64,DIG-SIH-2026,THERMAL_BURN_IN,T04_0336,PROC-ISRO-IISU-01,ATE-STATION-01,CHAMBER-01,1.0,125.0,5.0,168,IDDQ,ELECTRICAL,uA,1.3231,995.6243,995.7545,995.6853,994.3012,26.524,2.0015,14.632,-0.0158,0.034,33.97,34.14,1.3231,995.6243,995.7545,995.6853,994.3012,50.0,False,NOMINAL,HEALTHY,47.2,39.41
DIG_LOT04_COMP0337,LOT_04,DIGITAL_IC,CQFP-64,DIG-SIH-2026,THERMAL_BURN_IN,T04_0337,PROC-ISRO-IISU-01,ATE-STATION-01,CHAMBER-01,1.0,125.0,5.0,168,IDDQ,ELECTRICAL,uA,0.9315,712.4719,712.5682,712.5868,711.5404,24.059,2.1938,12.372,-0.046,-0.0415,35.28,34.71,0.9315,712.4719,712.5682,712.5868,711.5404,50.0,False,NOMINAL,HEALTHY,-38.69,-44.78
DIG_LOT04_COMP0338,LOT_04,DIGITAL_IC,CQFP-64,DIG-SIH-2026,THERMAL_BURN_IN,T04_0338,PROC-ISRO-IISU-01,ATE-STATION-01,CHAMBER-01,1.0,125.0,5.0,168,IDDQ,ELECTRICAL,uA,1.3783,1054.7676,1054.8188,1054.8645,1053.3893,22.688,1.5928,13.141,-0.0087,0.0102,37.31,37.69,1.3783,1054.7676,1054.8188,1054.8645,1053.3893,50.0,False,NOMINAL,HEALTHY,36.17,-39.55
DIG_LOT04_COMP0339,LOT_04,DIGITAL_IC,CQFP-64,DIG-SIH-2026,THERMAL_BURN_IN,T04_0339,PROC-ISRO-IISU-01,ATE-STATION-01,CHAMBER-01,1.0,125.0,5.0,168,IDDQ,ELECTRICAL,uA,1.2691,973.7708,973.8614,973.8458,972.5017,25.568,2.1528,11.93,-0.004,-0.0156,36.6,37.01,1.2691,973.7708,973.8614,973.8458,972.5017,50.0,False,NOMINAL,HEALTHY,37.18,17.99
DIG_LOT04_COMP0340,LOT_04,DIGITAL_IC,CQFP-64,DIG-SIH-2026,THERMAL_BURN_IN,T04_0340,PROC-ISRO-IISU-01,ATE-STATION-01,CHAMBER-01,1.0,125.0,5.0,168,IDDQ,ELECTRICAL,uA,1.2311,969.6648,969.7528,969.7439,968.4337,25.843,1.7721,11.516,0.0228,0.0275,34.8,36.13,1.2311,969.6648,969.7528,969.7439,968.4337,50.0,False,NOMINAL,HEALTHY,-40.24,46.62
DIG_LOT04_COMP0341,LOT_04,DIGITAL_IC,CQFP-64,DIG-SIH-2026,THERMAL_BURN_IN,T04_0341,PROC-ISRO-IISU-01,ATE-STATION-01,CHAMBER-01,1.0,125.0,5.0,168,IDDQ,ELECTRICAL,uA,1.0401,801.8237,801.8664,801.9156,800.7836,24.038,1.7621,11.142,0.0018,-0.0323,35.04,35.47,1.0401,801.8237,801.8664,801.9156,800.7836,50.0,False,NOMINAL,HEALTHY,7.6,40.84
DIG_LOT04_COMP0342,LOT_04,DIGITAL_IC,CQFP-64,DIG-SIH-2026,THERMAL_BURN_IN,T04_0342,PROC-ISRO-IISU-01,ATE-STATION-01,CHAMBER-01,1.0,125.0,5.0,168,IDDQ,ELECTRICAL,uA,1.0774,835.6479,835.7313,835.7655,834.5705,25.633,1.6265,12.305,0.0015,0.0619,35.15,35.62,1.0774,835.6479,835.7313,835.7655,834.5705,50.0,False,NOMINAL,HEALTHY,-10.23,0.52
DIG_LOT04_COMP0343,LOT_04,DIGITAL_IC,CQFP-64,DIG-SIH-2026,THERMAL_BURN_IN,T04_0343,PROC-ISRO-IISU-01,ATE-STATION-01,CHAMBER-01,1.0,125.0,5.0,168,IDDQ,ELECTRICAL,uA,1.4939,1162.9428,1162.9634,1163.0561,1161.4489,22.946,1.9463,12.491,0.0064,0.0911,34.44,34.28,1.4939,1162.9428,1162.9634,1163.0561,1161.4489,50.0,False,NOMINAL,HEALTHY,9.84,-39.67
DIG_LOT04_COMP0344,LOT_04,DIGITAL_IC,CQFP-64,DIG-SIH-2026,THERMAL_BURN_IN,T04_0344,PROC-ISRO-IISU-01,ATE-STATION-01,CHAMBER-01,1.0,125.0,5.0,168,IDDQ,ELECTRICAL,uA,1.2982,995.7032,995.7938,995.8103,994.405,24.756,1.6745,10.873,0.0201,0.0186,34.69,34.26,1.2982,995.7032,995.7938,995.8103,994.405,50.0,False,NOMINAL,HEALTHY,33.46,1.29
DIG_LOT04_COMP0345,LOT_04,DIGITAL_IC,CQFP-64,DIG-SIH-2026,THERMAL_BURN_IN,T04_0345,PROC-ISRO-IISU-01,ATE-STATION-01,CHAMBER-01,1.0,125.0,5.0,168,IDDQ,ELECTRICAL,uA,1.1345,869.0091,869.0077,869.0906,867.8746,23.571,2.1988,12.767,-0.0129,0.0033,36.14,35.97,1.1345,869.0091,869.0077,869.0906,867.8746,50.0,False,NOMINAL,HEALTHY,-11.65,-31.86
DIG_LOT04_COMP0346,LOT_04,DIGITAL_IC,CQFP-64,DIG-SIH-2026,THERMAL_BURN_IN,T04_0346,PROC-ISRO-IISU-01,ATE-STATION-01,CHAMBER-01,1.0,125.0,5.0,168,IDDQ,ELECTRICAL,uA,1.5235,1172.7906,1172.8922,1172.8655,1171.2671,23.153,2.2505,12.672,0.0022,0.0242,36.45,35.52,1.5235,1172.7906,1172.8922,1172.8655,1171.2671,50.0,False,NOMINAL,HEALTHY,20.08,8.88
DIG_LOT04_COMP0347,LOT_04,DIGITAL_IC,CQFP-64,DIG-SIH-2026,THERMAL_BURN_IN,T04_0347,PROC-ISRO-IISU-01,ATE-STATION-01,CHAMBER-01,1.0,125.0,5.0,168,IDDQ,ELECTRICAL,uA,1.3407,1040.4912,1040.6073,1040.6092,1039.1505,25.464,2.2695,12.842,0.0036,0.0419,34.43,34.18,1.3407,1040.4912,1040.6073,1040.6092,1039.1505,50.0,False,NOMINAL,HEALTHY,13.7,47.52
DIG_LOT04_COMP0348,LOT_04,DIGITAL_IC,CQFP-64,DIG-SIH-2026,THERMAL_BURN_IN,T04_0348,PROC-ISRO-IISU-01,ATE-STATION-01,CHAMBER-01,1.0,125.0,5.0,168,IDDQ,ELECTRICAL,uA,1.3498,1045.5799,1045.6587,1045.7184,1044.2301,24.123,1.9404,12.141,0.0142,0.1594,34.73,34.81,1.3498,1045.5799,1045.6587,1045.7184,1044.2301,50.0,False,NOMINAL,HEALTHY,-5.47,33.47
DIG_LOT04_COMP0349,LOT_04,DIGITAL_IC,CQFP-64,DIG-SIH-2026,THERMAL_BURN_IN,T04_0349,PROC-ISRO-IISU-01,ATE-STATION-01,CHAMBER-01,1.0,125.0,5.0,168,IDDQ,ELECTRICAL,uA,1.5097,1160.5504,1160.6284,1160.6841,1159.0407,23.582,1.7997,12.805,0.0038,-0.0304,34.7,35.45,1.5097,1160.5504,1160.6284,1160.6841,1159.0407,50.0,False,NOMINAL,HEALTHY,39.11,22.22
DIG_LOT04_COMP0350,LOT_04,DIGITAL_IC,CQFP-64,DIG-SIH-2026,THERMAL_BURN_IN,T04_0350,PROC-ISRO-IISU-01,ATE-STATION-01,CHAMBER-01,1.0,125.0,5.0,168,IDDQ,ELECTRICAL,uA,1.3824,1044.5638,1044.6365,1044.6784,1043.1814,23.255,1.8035,11.718,-0.0119,0.0081,35.14,34.35,1.3824,1044.5638,1044.6365,1044.6784,1043.1814,50.0,False,NOMINAL,HEALTHY,-32.37,-49.19
DIG_LOT04_COMP0351,LOT_04,DIGITAL_IC,CQFP-64,DIG-SIH-2026,THERMAL_BURN_IN,T04_0351,PROC-ISRO-IISU-01,ATE-STATION-01,CHAMBER-01,1.0,125.0,5.0,168,IDDQ,ELECTRICAL,uA,1.2757,970.2323,970.2872,970.3721,968.9566,23.099,1.7227,13.405,0.0014,-0.0717,34.15,33.73,1.2757,970.2323,970.2872,970.3721,968.9566,50.0,False,NOMINAL,HEALTHY,-46.08,24.96
DIG_LOT04_COMP0352,LOT_04,DIGITAL_IC,CQFP-64,DIG-SIH-2026,THERMAL_BURN_IN,T04_0352,PROC-ISRO-IISU-01,ATE-STATION-01,CHAMBER-01,1.0,125.0,5.0,168,IDDQ,ELECTRICAL,uA,1.4102,1089.0745,1089.1894,1089.18,1087.6643,26.968,2.1283,12.473,0.0059,0.0024,34.51,34.4,1.4102,1089.0745,1089.1894,1089.18,1087.6643,50.0,False,NOMINAL,HEALTHY,32.84,-36.64
DIG_LOT04_COMP0353,LOT_04,DIGITAL_IC,CQFP-64,DIG-SIH-2026,THERMAL_BURN_IN,T04_0353,PROC-ISRO-IISU-01,ATE-STATION-01,CHAMBER-01,1.0,125.0,5.0,168,IDDQ,ELECTRICAL,uA,1.3938,1075.0685,1075.1333,1075.2038,1073.6747,27.124,2.2099,12.249,-0.0294,-0.0639,35.27,34.47,1.3938,1075.0685,1075.1333,1075.2038,1073.6747,50.0,False,NOMINAL,HEALTHY,-34.59,47.2
DIG_LOT04_COMP0354,LOT_04,DIGITAL_IC,CQFP-64,DIG-SIH-2026,THERMAL_BURN_IN,T04_0354,PROC-ISRO-IISU-01,ATE-STATION-01,CHAMBER-01,1.0,125.0,5.0,168,IDDQ,ELECTRICAL,uA,1.4932,1164.8292,1164.902,1164.9324,1163.336,27.608,1.4935,12.148,0.0255,0.114,34.75,34.37,1.4932,1164.8292,1164.902,1164.9324,1163.336,50.0,False,NOMINAL,HEALTHY,5.98,-18.43
DIG_LOT04_COMP0355,LOT_04,DIGITAL_IC,CQFP-64,DIG-SIH-2026,THERMAL_BURN_IN,T04_0355,PROC-ISRO-IISU-01,ATE-STATION-01,CHAMBER-01,1.0,125.0,5.0,168,IDDQ,ELECTRICAL,uA,1.1456,892.0922,892.1728,892.1778,890.9466,25.437,1.6946,12.265,-0.0133,-0.0592,35.96,36.31,1.1456,892.0922,892.1728,892.1778,890.9466,50.0,False,NOMINAL,HEALTHY,-37.83,13.51
DIG_LOT04_COMP0356,LOT_04,DIGITAL_IC,CQFP-64,DIG-SIH-2026,THERMAL_BURN_IN,T04_0356,PROC-ISRO-IISU-01,ATE-STATION-01,CHAMBER-01,1.0,125.0,5.0,168,IDDQ,ELECTRICAL,uA,1.1132,856.2755,856.3324,856.3285,855.1623,27.729,2.4836,11.928,0.0016,0.0889,34.96,34.79,1.1132,856.2755,856.3324,856.3285,855.1623,50.0,False,NOMINAL,HEALTHY,25.0,-5.18
DIG_LOT04_COMP0357,LOT_04,DIGITAL_IC,CQFP-64,DIG-SIH-2026,THERMAL_BURN_IN,T04_0357,PROC-ISRO-IISU-01,ATE-STATION-01,CHAMBER-01,1.0,125.0,5.0,168,IDDQ,ELECTRICAL,uA,1.4364,1108.9757,1109.0229,1109.0893,1107.5393,23.859,1.9971,12.048,-0.0013,-0.0006,34.73,34.08,1.4364,1108.9757,1109.0229,1109.0893,1107.5393,50.0,False,NOMINAL,HEALTHY,14.13,-15.78
DIG_LOT04_COMP0358,LOT_04,DIGITAL_IC,CQFP-64,DIG-SIH-2026,THERMAL_BURN_IN,T04_0358,PROC-ISRO-IISU-01,ATE-STATION-01,CHAMBER-01,1.0,125.0,5.0,168,IDDQ,ELECTRICAL,uA,1.3654,1061.9507,1062.0068,1062.0367,1060.5853,25.385,1.6728,12.851,0.0118,-0.05,34.06,33.78,1.3654,1061.9507,1062.0068,1062.0367,1060.5853,50.0,False,NOMINAL,HEALTHY,-27.15,10.64
DIG_LOT04_COMP0359,LOT_04,DIGITAL_IC,CQFP-64,DIG-SIH-2026,THERMAL_BURN_IN,T04_0359,PROC-ISRO-IISU-01,ATE-STATION-01,CHAMBER-01,1.0,125.0,5.0,168,IDDQ,ELECTRICAL,uA,1.2076,914.6824,914.7761,914.8027,913.4748,26.88,1.5539,11.993,-0.0111,0.0415,34.7,35.09,1.2076,914.6824,914.7761,914.8027,913.4748,50.0,False,NOMINAL,HEALTHY,8.97,-16.7
DIG_LOT04_COMP0360,LOT_04,DIGITAL_IC,CQFP-64,DIG-SIH-2026,THERMAL_BURN_IN,T04_0360,PROC-ISRO-IISU-01,ATE-STATION-01,CHAMBER-01,1.0,125.0,5.0,168,IDDQ,ELECTRICAL,uA,1.3745,1058.9573,1059.0098,1059.1148,1057.5828,24.042,2.0185,13.198,0.0181,0.0519,35.03,35.38,1.3745,1058.9573,1059.0098,1059.1148,1057.5828,50.0,False,NOMINAL,HEALTHY,10.92,17.2
DIG_LOT04_COMP0361,LOT_04,DIGITAL_IC,CQFP-64,DIG-SIH-2026,THERMAL_BURN_IN,T04_0361,PROC-ISRO-IISU-01,ATE-STATION-01,CHAMBER-01,1.0,125.0,5.0,168,IDDQ,ELECTRICAL,uA,1.3577,1043.5695,1043.6306,1043.6741,1042.2118,23.404,1.8698,12.464,-0.0379,0.0025,33.13,33.69,1.3577,1043.5695,1043.6306,1043.6741,1042.2118,50.0,False,NOMINAL,HEALTHY,30.36,39.94
DIG_LOT04_COMP0362,LOT_04,DIGITAL_IC,CQFP-64,DIG-SIH-2026,THERMAL_BURN_IN,T04_0362,PROC-ISRO-IISU-01,ATE-STATION-01,CHAMBER-01,1.0,125.0,5.0,168,IDDQ,ELECTRICAL,uA,1.259,959.1153,959.213,959.3008,957.8563,24.307,1.5992,13.029,0.0088,-0.0009,35.19,35.22,1.259,959.1153,959.213,959.3008,957.8563,50.0,False,NOMINAL,HEALTHY,11.91,40.08
DIG_LOT04_COMP0363,LOT_04,DIGITAL_IC,CQFP-64,DIG-SIH-2026,THERMAL_BURN_IN,T04_0363,PROC-ISRO-IISU-01,ATE-STATION-01,CHAMBER-01,1.0,125.0,5.0,168,IDDQ,ELECTRICAL,uA,1.3275,1019.5197,1019.5927,1019.6144,1018.1922,23.732,2.461,12.57,0.0003,-0.0288,35.31,33.82,1.3275,1019.5197,1019.5927,1019.6144,1018.1922,50.0,False,NOMINAL,HEALTHY,-4.72,39.64
DIG_LOT04_COMP0364,LOT_04,DIGITAL_IC,CQFP-64,DIG-SIH-2026,THERMAL_BURN_IN,T04_0364,PROC-ISRO-IISU-01,ATE-STATION-01,CHAMBER-01,1.0,125.0,5.0,168,IDDQ,ELECTRICAL,uA,1.0802,830.1132,830.1615,830.2002,829.033,26.241,1.4907,12.416,0.0005,-0.022,35.05,35.11,1.0802,830.1132,830.1615,830.2002,829.033,50.0,False,NOMINAL,HEALTHY,-36.6,-33.14
DIG_LOT04_COMP0365,LOT_04,DIGITAL_IC,CQFP-64,DIG-SIH-2026,THERMAL_BURN_IN,T04_0365,PROC-ISRO-IISU-01,ATE-STATION-01,CHAMBER-01,1.0,125.0,5.0,168,IDDQ,ELECTRICAL,uA,1.3855,1072.2706,1072.2947,1072.3808,1070.8851,24.6,1.9367,11.818,-0.026,-0.0189,34.34,34.86,1.3855,1072.2706,1072.2947,1072.3808,1070.8851,50.0,False,NOMINAL,HEALTHY,-17.57,-21.06
DIG_LOT04_COMP0366,LOT_04,DIGITAL_IC,CQFP-64,DIG-SIH-2026,THERMAL_BURN_IN,T04_0366,PROC-ISRO-IISU-01,ATE-STATION-01,CHAMBER-01,1.0,125.0,5.0,168,IDDQ,ELECTRICAL,uA,1.6159,1247.0653,1247.1515,1247.2202,1245.4494,24.878,1.7579,11.998,0.0281,0.0642,35.89,36.65,1.6159,1247.0653,1247.1515,1247.2202,1245.4494,50.0,False,NOMINAL,HEALTHY,-40.04,-17.28
DIG_LOT04_COMP0367,LOT_04,DIGITAL_IC,CQFP-64,DIG-SIH-2026,THERMAL_BURN_IN,T04_0367,PROC-ISRO-IISU-01,ATE-STATION-01,CHAMBER-01,1.0,125.0,5.0,168,IDDQ,ELECTRICAL,uA,1.134,854.0647,854.1305,854.1227,852.9307,25.376,2.3052,13.257,0.0186,0.0731,34.31,34.56,1.134,854.0647,854.1305,854.1227,852.9307,50.0,False,NOMINAL,HEALTHY,-9.28,-8.67
DIG_LOT04_COMP0368,LOT_04,DIGITAL_IC,CQFP-64,DIG-SIH-2026,THERMAL_BURN_IN,T04_0368,PROC-ISRO-IISU-01,ATE-STATION-01,CHAMBER-01,1.0,125.0,5.0,168,IDDQ,ELECTRICAL,uA,1.1666,892.5538,892.6469,892.6891,891.3872,26.731,1.2895,13.18,-0.0092,0.0027,36.33,36.26,1.1666,892.5538,892.6469,892.6891,891.3872,50.0,False,NOMINAL,HEALTHY,26.23,11.88
DIG_LOT04_COMP0369,LOT_04,DIGITAL_IC,CQFP-64,DIG-SIH-2026,THERMAL_BURN_IN,T04_0369,PROC-ISRO-IISU-01,ATE-STATION-01,CHAMBER-01,1.0,125.0,5.0,168,IDDQ,ELECTRICAL,uA,1.4004,1084.9435,1084.9981,1085.0951,1083.5431,26.466,1.9938,13.137,0.0089,0.015,34.17,34.14,1.4004,1084.9435,1084.9981,1085.0951,1083.5431,50.0,False,NOMINAL,HEALTHY,5.27,-2.84
DIG_LOT04_COMP0370,LOT_04,DIGITAL_IC,CQFP-64,DIG-SIH-2026,THERMAL_BURN_IN,T04_0370,PROC-ISRO-IISU-01,ATE-STATION-01,CHAMBER-01,1.0,125.0,5.0,168,IDDQ,ELECTRICAL,uA,1.3862,1078.4152,1078.4774,1078.5793,1077.029,27.547,1.6231,12.703,0.008,-0.0175,35.0,34.97,1.3862,1078.4152,1078.4774,1078.5793,1077.029,50.0,False,NOMINAL,HEALTHY,13.75,14.88
DIG_LOT04_COMP0371,LOT_04,DIGITAL_IC,CQFP-64,DIG-SIH-2026,THERMAL_BURN_IN,T04_0371,PROC-ISRO-IISU-01,ATE-STATION-01,CHAMBER-01,1.0,125.0,5.0,168,IDDQ,ELECTRICAL,uA,1.1326,886.8756,886.9278,886.9926,885.743,21.651,2.042,12.163,-0.0257,-0.0138,35.12,35.02,1.1326,886.8756,886.9278,886.9926,885.743,50.0,False,NOMINAL,HEALTHY,-47.9,-46.88
DIG_LOT04_COMP0372,LOT_04,DIGITAL_IC,CQFP-64,DIG-SIH-2026,THERMAL_BURN_IN,T04_0372,PROC-ISRO-IISU-01,ATE-STATION-01,CHAMBER-01,1.0,125.0,5.0,168,IDDQ,ELECTRICAL,uA,1.3041,993.773,993.8708,993.8484,992.4689,23.667,1.9189,10.71,-0.0133,0.1144,34.53,34.61,1.3041,993.773,993.8708,993.8484,992.4689,50.0,False,NOMINAL,HEALTHY,-49.38,5.68
DIG_LOT04_COMP0373,LOT_04,DIGITAL_IC,CQFP-64,DIG-SIH-2026,THERMAL_BURN_IN,T04_0373,PROC-ISRO-IISU-01,ATE-STATION-01,CHAMBER-01,1.0,125.0,5.0,168,IDDQ,ELECTRICAL,uA,1.1437,879.8519,879.9083,879.9498,878.7082,24.384,2.5736,11.417,-0.0045,-0.0291,35.01,34.62,1.1437,879.8519,879.9083,879.9498,878.7082,50.0,False,NOMINAL,HEALTHY,-2.04,-37.01
DIG_LOT04_COMP0374,LOT_04,DIGITAL_IC,CQFP-64,DIG-SIH-2026,THERMAL_BURN_IN,T04_0374,PROC-ISRO-IISU-01,ATE-STATION-01,CHAMBER-01,1.0,125.0,5.0,168,IDDQ,ELECTRICAL,uA,1.0936,840.3467,840.4242,840.4634,839.2531,22.574,1.9167,11.854,-0.0359,-0.0333,33.72,34.33,1.0936,840.3467,840.4242,840.4634,839.2531,50.0,False,NOMINAL,HEALTHY,-48.28,-44.44
DIG_LOT04_COMP0375,LOT_04,DIGITAL_IC,CQFP-64,DIG-SIH-2026,THERMAL_BURN_IN,T04_0375,PROC-ISRO-IISU-01,ATE-STATION-01,CHAMBER-01,1.0,125.0,5.0,168,IDDQ,ELECTRICAL,uA,1.4678,1127.9248,1127.9871,1128.0466,1126.457,23.8,1.6972,12.678,-0.0033,0.0131,35.8,36.64,1.4678,1127.9248,1127.9871,1128.0466,1126.457,50.0,False,NOMINAL,HEALTHY,22.65,-39.38
DIG_LOT04_COMP0376,LOT_04,DIGITAL_IC,CQFP-64,DIG-SIH-2026,THERMAL_BURN_IN,T04_0376,PROC-ISRO-IISU-01,ATE-STATION-01,CHAMBER-01,1.0,125.0,5.0,168,IDDQ,ELECTRICAL,uA,1.491,1184.0157,1184.1301,1184.1689,1182.5247,26.672,2.087,13.016,-0.0104,-0.0261,35.13,34.58,1.491,1184.0157,1184.1301,1184.1689,1182.5247,50.0,False,NOMINAL,HEALTHY,17.41,23.09
DIG_LOT04_COMP0377,LOT_04,DIGITAL_IC,CQFP-64,DIG-SIH-2026,THERMAL_BURN_IN,T04_0377,PROC-ISRO-IISU-01,ATE-STATION-01,CHAMBER-01,1.0,125.0,5.0,168,IDDQ,ELECTRICAL,uA,1.1178,866.1734,866.2731,866.3256,865.0556,24.384,2.171,12.679,-0.0308,-0.0647,33.92,33.43,1.1178,866.1734,866.2731,866.3256,865.0556,50.0,False,NOMINAL,HEALTHY,22.79,48.39
DIG_LOT04_COMP0378,LOT_04,DIGITAL_IC,CQFP-64,DIG-SIH-2026,THERMAL_BURN_IN,T04_0378,PROC-ISRO-IISU-01,ATE-STATION-01,CHAMBER-01,1.0,125.0,5.0,168,IDDQ,ELECTRICAL,uA,1.3242,1038.5021,1038.5512,1038.6068,1037.1779,25.445,2.4636,14.188,-0.003,-0.0551,35.86,35.63,1.3242,1038.5021,1038.5512,1038.6068,1037.1779,50.0,False,NOMINAL,HEALTHY,-11.59,6.9
DIG_LOT04_COMP0379,LOT_04,DIGITAL_IC,CQFP-64,DIG-SIH-2026,THERMAL_BURN_IN,T04_0379,PROC-ISRO-IISU-01,ATE-STATION-01,CHAMBER-01,1.0,125.0,5.0,168,IDDQ,ELECTRICAL,uA,1.1193,860.5621,860.6487,860.6911,859.4428,24.687,1.8706,12.287,-0.0393,-0.0124,34.44,35.11,1.1193,860.5621,860.6487,860.6911,859.4428,50.0,False,NOMINAL,HEALTHY,-12.4,23.28
DIG_LOT04_COMP0380,LOT_04,DIGITAL_IC,CQFP-64,DIG-SIH-2026,THERMAL_BURN_IN,T04_0380,PROC-ISRO-IISU-01,ATE-STATION-01,CHAMBER-01,1.0,125.0,5.0,168,IDDQ,ELECTRICAL,uA,1.2705,1001.4213,1001.5032,1001.538,1000.1508,25.402,1.9701,13.734,-0.0111,-0.0015,34.29,33.99,1.2705,1001.4213,1001.5032,1001.538,1000.1508,50.0,False,NOMINAL,HEALTHY,-32.05,-17.69
DIG_LOT04_COMP0381,LOT_04,DIGITAL_IC,CQFP-64,DIG-SIH-2026,THERMAL_BURN_IN,T04_0381,PROC-ISRO-IISU-01,ATE-STATION-01,CHAMBER-01,1.0,125.0,5.0,168,IDDQ,ELECTRICAL,uA,1.6009,1250.6143,1250.7204,1250.866,1249.0134,22.932,2.2401,12.19,-0.0431,0.0451,33.57,33.89,1.6009,1250.6143,1250.7204,1250.866,1249.0134,50.0,False,NOMINAL,HEALTHY,34.7,-45.65
DIG_LOT04_COMP0382,LOT_04,DIGITAL_IC,CQFP-64,DIG-SIH-2026,THERMAL_BURN_IN,T04_0382,PROC-ISRO-IISU-01,ATE-STATION-01,CHAMBER-01,1.0,125.0,5.0,168,IDDQ,ELECTRICAL,uA,1.3081,992.007,992.0696,992.1434,990.6989,26.27,1.9167,12.961,0.0061,-0.0397,35.01,34.11,1.3081,992.007,992.0696,992.1434,990.6989,50.0,False,NOMINAL,HEALTHY,41.96,-0.41
DIG_LOT04_COMP0383,LOT_04,DIGITAL_IC,CQFP-64,DIG-SIH-2026,THERMAL_BURN_IN,T04_0383,PROC-ISRO-IISU-01,ATE-STATION-01,CHAMBER-01,1.0,125.0,5.0,168,IDDQ,ELECTRICAL,uA,1.0692,835.5965,835.696,835.7389,834.5273,27.567,1.978,13.208,-0.0377,-0.0717,36.46,36.32,1.0692,835.5965,835.696,835.7389,834.5273,50.0,False,NOMINAL,HEALTHY,43.22,-32.09
DIG_LOT04_COMP0384,LOT_04,DIGITAL_IC,CQFP-64,DIG-SIH-2026,THERMAL_BURN_IN,T04_0384,PROC-ISRO-IISU-01,ATE-STATION-01,CHAMBER-01,1.0,125.0,5.0,168,IDDQ,ELECTRICAL,uA,1.2977,976.7696,976.7847,976.787,975.4719,25.847,1.7039,13.862,-0.0105,-0.0196,37.03,37.97,1.2977,976.7696,976.7847,976.787,975.4719,50.0,False,NOMINAL,HEALTHY,-48.08,-38.01
DIG_LOT04_COMP0385,LOT_04,DIGITAL_IC,CQFP-64,DIG-SIH-2026,THERMAL_BURN_IN,T04_0385,PROC-ISRO-IISU-01,ATE-STATION-01,CHAMBER-01,1.0,125.0,5.0,168,IDDQ,ELECTRICAL,uA,1.3615,1045.0417,1045.1196,1045.2057,1043.6802,23.625,2.1311,12.105,0.0318,-0.0097,34.26,33.94,1.3615,1045.0417,1045.1196,1045.2057,1043.6802,50.0,False,NOMINAL,HEALTHY,17.52,-30.45
DIG_LOT04_COMP0386,LOT_04,DIGITAL_IC,CQFP-64,DIG-SIH-2026,THERMAL_BURN_IN,T04_0386,PROC-ISRO-IISU-01,ATE-STATION-01,CHAMBER-01,1.0,125.0,5.0,168,IDDQ,ELECTRICAL,uA,1.2686,985.143,985.2422,985.2896,983.8744,28.323,2.4101,11.189,-0.0172,-0.001,36.92,37.26,1.2686,985.143,985.2422,985.2896,983.8744,50.0,False,NOMINAL,HEALTHY,25.12,16.05
DIG_LOT04_COMP0387,LOT_04,DIGITAL_IC,CQFP-64,DIG-SIH-2026,THERMAL_BURN_IN,T04_0387,PROC-ISRO-IISU-01,ATE-STATION-01,CHAMBER-01,1.0,125.0,5.0,168,IDDQ,ELECTRICAL,uA,1.1871,910.4386,918.9772,1068.8091,909.2515,23.729,2.0957,13.136,0.0178,0.108,34.97,35.36,1.1871,910.4386,918.9772,1068.8091,909.2515,50.0,True,THERMAL_RUNAWAY,HEALTHY,-7.44,42.98
DIG_LOT04_COMP0388,LOT_04,DIGITAL_IC,CQFP-64,DIG-SIH-2026,THERMAL_BURN_IN,T04_0388,PROC-ISRO-IISU-01,ATE-STATION-01,CHAMBER-01,1.0,125.0,5.0,168,IDDQ,ELECTRICAL,uA,1.2639,967.0739,967.1092,967.1906,965.81,25.986,2.1919,12.464,-0.0042,0.0211,35.83,35.84,1.2639,967.0739,967.1092,967.1906,965.81,50.0,False,NOMINAL,HEALTHY,1.9,-15.18
DIG_LOT04_COMP0389,LOT_04,DIGITAL_IC,CQFP-64,DIG-SIH-2026,THERMAL_BURN_IN,T04_0389,PROC-ISRO-IISU-01,ATE-STATION-01,CHAMBER-01,1.0,125.0,5.0,168,IDDQ,ELECTRICAL,uA,1.3183,988.9793,989.0265,989.1714,987.661,25.025,2.2003,12.405,0.0016,0.0504,36.85,36.12,1.3183,988.9793,989.0265,989.1714,987.661,50.0,False,NOMINAL,HEALTHY,10.57,20.19
DIG_LOT04_COMP0390,LOT_04,DIGITAL_IC,CQFP-64,DIG-SIH-2026,THERMAL_BURN_IN,T04_0390,PROC-ISRO-IISU-01,ATE-STATION-01,CHAMBER-01,1.0,125.0,5.0,168,IDDQ,ELECTRICAL,uA,1.2058,944.8906,944.9416,944.953,943.6848,24.692,2.2626,12.186,0.0241,0.0416,36.18,36.16,1.2058,944.8906,944.9416,944.953,943.6848,50.0,False,NOMINAL,HEALTHY,-4.72,20.69
DIG_LOT04_COMP0391,LOT_04,DIGITAL_IC,CQFP-64,DIG-SIH-2026,THERMAL_BURN_IN,T04_0391,PROC-ISRO-IISU-01,ATE-STATION-01,CHAMBER-01,1.0,125.0,5.0,168,IDDQ,ELECTRICAL,uA,1.1994,919.0825,919.1899,919.1816,917.8831,24.104,1.8261,13.014,-0.0012,0.0465,35.2,36.06,1.1994,919.0825,919.1899,919.1816,917.8831,50.0,False,NOMINAL,HEALTHY,-46.95,-0.99
DIG_LOT04_COMP0392,LOT_04,DIGITAL_IC,CQFP-64,DIG-SIH-2026,THERMAL_BURN_IN,T04_0392,PROC-ISRO-IISU-01,ATE-STATION-01,CHAMBER-01,1.0,125.0,5.0,168,IDDQ,ELECTRICAL,uA,1.2743,982.9627,983.0426,983.0551,981.6884,26.838,2.0891,11.913,-0.0223,-0.0128,33.58,33.18,1.2743,982.9627,983.0426,983.0551,981.6884,50.0,False,NOMINAL,HEALTHY,28.68,37.74
DIG_LOT04_COMP0393,LOT_04,DIGITAL_IC,CQFP-64,DIG-SIH-2026,THERMAL_BURN_IN,T04_0393,PROC-ISRO-IISU-01,ATE-STATION-01,CHAMBER-01,1.0,125.0,5.0,168,IDDQ,ELECTRICAL,uA,1.3558,1019.7958,1019.9065,1019.955,1018.44,26.434,2.4785,11.689,0.0215,-0.0573,33.13,33.14,1.3558,1019.7958,1019.9065,1019.955,1018.44,50.0,False,NOMINAL,HEALTHY,23.96,42.21
DIG_LOT04_COMP0394,LOT_04,DIGITAL_IC,CQFP-64,DIG-SIH-2026,THERMAL_BURN_IN,T04_0394,PROC-ISRO-IISU-01,ATE-STATION-01,CHAMBER-01,1.0,125.0,5.0,168,IDDQ,ELECTRICAL,uA,1.055,833.3228,833.4532,833.3913,832.2678,25.941,2.2852,12.833,0.0336,0.03,36.14,36.15,1.055,833.3228,833.4532,833.3913,832.2678,50.0,False,NOMINAL,HEALTHY,43.42,10.75
DIG_LOT04_COMP0395,LOT_04,DIGITAL_IC,CQFP-64,DIG-SIH-2026,THERMAL_BURN_IN,T04_0395,PROC-ISRO-IISU-01,ATE-STATION-01,CHAMBER-01,1.0,125.0,5.0,168,IDDQ,ELECTRICAL,uA,1.2432,961.8105,961.8334,961.9291,960.5673,27.138,2.2371,13.042,-0.0242,-0.0071,35.19,35.29,1.2432,961.8105,961.8334,961.9291,960.5673,50.0,False,NOMINAL,HEALTHY,-19.95,11.93
DIG_LOT04_COMP0396,LOT_04,DIGITAL_IC,CQFP-64,DIG-SIH-2026,THERMAL_BURN_IN,T04_0396,PROC-ISRO-IISU-01,ATE-STATION-01,CHAMBER-01,1.0,125.0,5.0,168,IDDQ,ELECTRICAL,uA,1.367,1064.0107,1064.0618,1064.1786,1062.6437,25.106,1.9886,12.873,-0.0367,-0.0541,34.74,34.39,1.367,1064.0107,1064.0618,1064.1786,1062.6437,50.0,False,NOMINAL,HEALTHY,-2.59,5.82
DIG_LOT04_COMP0397,LOT_04,DIGITAL_IC,CQFP-64,DIG-SIH-2026,THERMAL_BURN_IN,T04_0397,PROC-ISRO-IISU-01,ATE-STATION-01,CHAMBER-01,1.0,125.0,5.0,168,IDDQ,ELECTRICAL,uA,1.4054,1084.3272,1084.3615,1084.4549,1082.9218,21.695,2.2347,12.875,-0.0146,-0.0125,34.53,34.39,1.4054,1084.3272,1084.3615,1084.4549,1082.9218,50.0,False,NOMINAL,HEALTHY,-10.43,36.72
DIG_LOT04_COMP0398,LOT_04,DIGITAL_IC,CQFP-64,DIG-SIH-2026,THERMAL_BURN_IN,T04_0398,PROC-ISRO-IISU-01,ATE-STATION-01,CHAMBER-01,1.0,125.0,5.0,168,IDDQ,ELECTRICAL,uA,1.4537,1130.8535,1130.9908,1131.0099,1129.3998,23.272,2.0341,12.017,0.0096,-0.1062,33.93,33.93,1.4537,1130.8535,1130.9908,1131.0099,1129.3998,50.0,False,NOMINAL,HEALTHY,-12.99,-10.04
DIG_LOT04_COMP0399,LOT_04,DIGITAL_IC,CQFP-64,DIG-SIH-2026,THERMAL_BURN_IN,T04_0399,PROC-ISRO-IISU-01,ATE-STATION-01,CHAMBER-01,1.0,125.0,5.0,168,IDDQ,ELECTRICAL,uA,1.1602,902.2663,902.3116,902.3229,901.1061,25.918,1.7587,13.17,-0.0141,0.0209,35.28,35.07,1.1602,902.2663,902.3116,902.3229,901.1061,50.0,False,NOMINAL,HEALTHY,-30.99,35.66
DIG_LOT04_COMP0400,LOT_04,DIGITAL_IC,CQFP-64,DIG-SIH-2026,THERMAL_BURN_IN,T04_0400,PROC-ISRO-IISU-01,ATE-STATION-01,CHAMBER-01,1.0,125.0,5.0,168,IDDQ,ELECTRICAL,uA,1.1943,925.7553,925.84,925.8737,924.561,24.186,2.0013,13.942,0.0134,0.0703,34.32,33.48,1.1943,925.7553,925.84,925.8737,924.561,50.0,False,NOMINAL,HEALTHY,-44.84,48.37
DIG_LOT04_COMP0401,LOT_04,DIGITAL_IC,CQFP-64,DIG-SIH-2026,THERMAL_BURN_IN,T04_0401,PROC-ISRO-IISU-01,ATE-STATION-01,CHAMBER-01,1.0,125.0,5.0,168,IDDQ,ELECTRICAL,uA,1.3919,1075.9949,1076.0667,1076.0771,1074.603,24.524,2.468,11.17,0.0121,-0.0154,35.53,36.16,1.3919,1075.9949,1076.0667,1076.0771,1074.603,50.0,False,NOMINAL,HEALTHY,-48.3,-45.9
DIG_LOT04_COMP0402,LOT_04,DIGITAL_IC,CQFP-64,DIG-SIH-2026,THERMAL_BURN_IN,T04_0402,PROC-ISRO-IISU-01,ATE-STATION-01,CHAMBER-01,1.0,125.0,5.0,168,IDDQ,ELECTRICAL,uA,1.4217,1127.5861,1127.7347,1127.7142,1126.1644,23.225,1.9573,13.404,0.0197,0.0393,35.12,35.71,1.4217,1127.5861,1127.7347,1127.7142,1126.1644,50.0,False,NOMINAL,HEALTHY,14.28,-49.27
DIG_LOT04_COMP0403,LOT_04,DIGITAL_IC,CQFP-64,DIG-SIH-2026,THERMAL_BURN_IN,T04_0403,PROC-ISRO-IISU-01,ATE-STATION-01,CHAMBER-01,1.0,125.0,5.0,168,IDDQ,ELECTRICAL,uA,1.548,1211.4814,1211.5116,1211.6196,1209.9334,25.18,1.8771,12.221,0.0235,0.1357,34.88,34.9,1.548,1211.4814,1211.5116,1211.6196,1209.9334,50.0,False,NOMINAL,HEALTHY,16.6,-27.81
DIG_LOT04_COMP0404,LOT_04,DIGITAL_IC,CQFP-64,DIG-SIH-2026,THERMAL_BURN_IN,T04_0404,PROC-ISRO-IISU-01,ATE-STATION-01,CHAMBER-01,1.0,125.0,5.0,168,IDDQ,ELECTRICAL,uA,1.1452,863.9176,864.0064,863.9939,862.7724,25.969,2.3836,11.826,0.0211,0.0555,36.22,35.7,1.1452,863.9176,864.0064,863.9939,862.7724,50.0,False,NOMINAL,HEALTHY,42.22,2.78
DIG_LOT04_COMP0405,LOT_04,DIGITAL_IC,CQFP-64,DIG-SIH-2026,THERMAL_BURN_IN,T04_0405,PROC-ISRO-IISU-01,ATE-STATION-01,CHAMBER-01,1.0,125.0,5.0,168,IDDQ,ELECTRICAL,uA,1.2524,958.9247,959.0236,959.0682,957.6723,26.557,1.7887,12.489,-0.0098,0.03,36.37,36.56,1.2524,958.9247,959.0236,959.0682,957.6723,50.0,False,NOMINAL,HEALTHY,49.05,-31.57
DIG_LOT04_COMP0406,LOT_04,DIGITAL_IC,CQFP-64,DIG-SIH-2026,THERMAL_BURN_IN,T04_0406,PROC-ISRO-IISU-01,ATE-STATION-01,CHAMBER-01,1.0,125.0,5.0,168,IDDQ,ELECTRICAL,uA,1.0751,839.9659,839.9824,840.0762,838.8908,24.465,2.0475,13.978,-0.0197,-0.0421,34.59,34.68,1.0751,839.9659,839.9824,840.0762,838.8908,50.0,False,NOMINAL,HEALTHY,44.83,-45.93
DIG_LOT04_COMP0407,LOT_04,DIGITAL_IC,CQFP-64,DIG-SIH-2026,THERMAL_BURN_IN,T04_0407,PROC-ISRO-IISU-01,ATE-STATION-01,CHAMBER-01,1.0,125.0,5.0,168,IDDQ,ELECTRICAL,uA,1.2214,950.2046,950.2714,950.3187,948.9832,27.508,2.1559,12.776,-0.0092,0.0678,33.66,34.18,1.2214,950.2046,950.2714,950.3187,948.9832,50.0,False,NOMINAL,HEALTHY,-14.56,-18.49
DIG_LOT04_COMP0408,LOT_04,DIGITAL_IC,CQFP-64,DIG-SIH-2026,THERMAL_BURN_IN,T04_0408,PROC-ISRO-IISU-01,ATE-STATION-01,CHAMBER-01,1.0,125.0,5.0,168,IDDQ,ELECTRICAL,uA,1.3743,1073.7835,1073.8973,1073.9246,1072.4092,22.89,1.5561,11.525,0.021,-0.0343,35.72,35.45,1.3743,1073.7835,1073.8973,1073.9246,1072.4092,50.0,False,NOMINAL,HEALTHY,-13.43,-48.77
DIG_LOT04_COMP0409,LOT_04,DIGITAL_IC,CQFP-64,DIG-SIH-2026,THERMAL_BURN_IN,T04_0409,PROC-ISRO-IISU-01,ATE-STATION-01,CHAMBER-01,1.0,125.0,5.0,168,IDDQ,ELECTRICAL,uA,1.3079,1039.7387,1039.8286,1039.884,1038.4308,27.024,1.7873,12.19,-0.0463,-0.0875,34.53,34.56,1.3079,1039.7387,1039.8286,1039.884,1038.4308,50.0,False,NOMINAL,HEALTHY,-35.1,42.9
DIG_LOT04_COMP0410,LOT_04,DIGITAL_IC,CQFP-64,DIG-SIH-2026,THERMAL_BURN_IN,T04_0410,PROC-ISRO-IISU-01,ATE-STATION-01,CHAMBER-01,1.0,125.0,5.0,168,IDDQ,ELECTRICAL,uA,1.5418,1182.1842,1182.2653,1182.2989,1180.6424,26.055,2.2117,12.475,-0.0266,0.0282,35.24,34.22,1.5418,1182.1842,1182.2653,1182.2989,1180.6424,50.0,False,NOMINAL,HEALTHY,31.0,22.33
DIG_LOT04_COMP0411,LOT_04,DIGITAL_IC,CQFP-64,DIG-SIH-2026,THERMAL_BURN_IN,T04_0411,PROC-ISRO-IISU-01,ATE-STATION-01,CHAMBER-01,1.0,125.0,5.0,168,IDDQ,ELECTRICAL,uA,1.4599,1125.3629,1125.4931,1125.5442,1123.903,28.197,2.0381,13.098,0.0009,0.0028,35.96,35.98,1.4599,1125.3629,1125.4931,1125.5442,1123.903,50.0,False,NOMINAL,HEALTHY,-39.56,-40.52
DIG_LOT04_COMP0412,LOT_04,DIGITAL_IC,CQFP-64,DIG-SIH-2026,THERMAL_BURN_IN,T04_0412,PROC-ISRO-IISU-01,ATE-STATION-01,CHAMBER-01,1.0,125.0,5.0,168,IDDQ,ELECTRICAL,uA,1.2996,1001.6582,1001.7788,1001.7706,1000.3586,23.136,1.9763,11.549,0.0017,-0.044,35.17,34.57,1.2996,1001.6582,1001.7788,1001.7706,1000.3586,50.0,False,NOMINAL,HEALTHY,14.85,19.39
DIG_LOT04_COMP0413,LOT_04,DIGITAL_IC,CQFP-64,DIG-SIH-2026,THERMAL_BURN_IN,T04_0413,PROC-ISRO-IISU-01,ATE-STATION-01,CHAMBER-01,1.0,125.0,5.0,168,IDDQ,ELECTRICAL,uA,1.1518,884.4063,884.441,884.4459,883.2545,25.484,2.2658,13.044,-0.0458,-0.0412,35.02,34.25,1.1518,884.4063,884.441,884.4459,883.2545,50.0,False,NOMINAL,HEALTHY,-43.45,14.73
DIG_LOT04_COMP0414,LOT_04,DIGITAL_IC,CQFP-64,DIG-SIH-2026,THERMAL_BURN_IN,T04_0414,PROC-ISRO-IISU-01,ATE-STATION-01,CHAMBER-01,1.0,125.0,5.0,168,IDDQ,ELECTRICAL,uA,0.9772,757.97,758.1044,758.1504,756.9928,26.115,1.3652,12.058,-0.013,-0.0493,32.1,32.66,0.9772,757.97,758.1044,758.1504,756.9928,50.0,False,NOMINAL,HEALTHY,46.66,3.67
DIG_LOT04_COMP0415,LOT_04,DIGITAL_IC,CQFP-64,DIG-SIH-2026,THERMAL_BURN_IN,T04_0415,PROC-ISRO-IISU-01,ATE-STATION-01,CHAMBER-01,1.0,125.0,5.0,168,IDDQ,ELECTRICAL,uA,1.5137,1170.6837,1170.7842,1170.86,1169.17,25.343,2.3352,12.097,0.0115,0.0514,34.08,33.82,1.5137,1170.6837,1170.7842,1170.86,1169.17,50.0,False,NOMINAL,HEALTHY,-11.85,12.35
DIG_LOT04_COMP0416,LOT_04,DIGITAL_IC,CQFP-64,DIG-SIH-2026,THERMAL_BURN_IN,T04_0416,PROC-ISRO-IISU-01,ATE-STATION-01,CHAMBER-01,1.0,125.0,5.0,168,IDDQ,ELECTRICAL,uA,1.1303,880.172,880.2531,880.3054,879.0417,26.816,2.0741,11.594,-0.0181,0.0022,34.13,34.21,1.1303,880.172,880.2531,880.3054,879.0417,50.0,False,NOMINAL,HEALTHY,-34.44,18.69
DIG_LOT04_COMP0417,LOT_04,DIGITAL_IC,CQFP-64,DIG-SIH-2026,THERMAL_BURN_IN,T04_0417,PROC-ISRO-IISU-01,ATE-STATION-01,CHAMBER-01,1.0,125.0,5.0,168,IDDQ,ELECTRICAL,uA,1.2539,951.71,951.7248,951.8736,950.4561,23.604,1.9799,12.05,-0.0045,0.0454,34.3,34.12,1.2539,951.71,951.7248,951.8736,950.4561,50.0,False,NOMINAL,HEALTHY,23.23,-33.94
DIG_LOT04_COMP0418,LOT_04,DIGITAL_IC,CQFP-64,DIG-SIH-2026,THERMAL_BURN_IN,T04_0418,PROC-ISRO-IISU-01,ATE-STATION-01,CHAMBER-01,1.0,125.0,5.0,168,IDDQ,ELECTRICAL,uA,1.5288,1175.9316,1175.9796,1176.0475,1174.4028,23.85,3.0073,12.594,-0.0182,-0.0544,36.37,36.64,1.5288,1175.9316,1175.9796,1176.0475,1174.4028,50.0,False,NOMINAL,HEALTHY,11.8,-24.36
DIG_LOT04_COMP0419,LOT_04,DIGITAL_IC,CQFP-64,DIG-SIH-2026,THERMAL_BURN_IN,T04_0419,PROC-ISRO-IISU-01,ATE-STATION-01,CHAMBER-01,1.0,125.0,5.0,168,IDDQ,ELECTRICAL,uA,1.2888,1001.3819,1001.4014,1001.5418,1000.0931,25.735,1.9189,11.93,-0.0128,-0.0163,33.86,33.34,1.2888,1001.3819,1001.4014,1001.5418,1000.0931,50.0,False,NOMINAL,HEALTHY,0.38,17.98
DIG_LOT04_COMP0420,LOT_04,DIGITAL_IC,CQFP-64,DIG-SIH-2026,THERMAL_BURN_IN,T04_0420,PROC-ISRO-IISU-01,ATE-STATION-01,CHAMBER-01,1.0,125.0,5.0,168,IDDQ,ELECTRICAL,uA,1.4009,1065.7224,1065.7657,1065.8915,1064.3215,25.263,1.8683,10.95,-0.0072,0.0015,34.79,35.41,1.4009,1065.7224,1065.7657,1065.8915,1064.3215,50.0,False,NOMINAL,HEALTHY,42.29,40.32
DIG_LOT04_COMP0421,LOT_04,DIGITAL_IC,CQFP-64,DIG-SIH-2026,THERMAL_BURN_IN,T04_0421,PROC-ISRO-IISU-01,ATE-STATION-01,CHAMBER-01,1.0,125.0,5.0,168,IDDQ,ELECTRICAL,uA,1.4111,1083.9659,1084.1007,1084.109,1082.5548,24.72,1.5041,12.992,-0.0146,-0.0256,35.12,34.91,1.4111,1083.9659,1084.1007,1084.109,1082.5548,50.0,False,NOMINAL,HEALTHY,-10.35,-37.04
DIG_LOT04_COMP0422,LOT_04,DIGITAL_IC,CQFP-64,DIG-SIH-2026,THERMAL_BURN_IN,T04_0422,PROC-ISRO-IISU-01,ATE-STATION-01,CHAMBER-01,1.0,125.0,5.0,168,IDDQ,ELECTRICAL,uA,1.2777,984.3492,984.4885,984.5235,983.0715,24.148,1.8475,13.0,-0.0064,0.008,37.45,37.4,1.2777,984.3492,984.4885,984.5235,983.0715,50.0,False,NOMINAL,HEALTHY,-37.71,37.4
DIG_LOT04_COMP0423,LOT_04,DIGITAL_IC,CQFP-64,DIG-SIH-2026,THERMAL_BURN_IN,T04_0423,PROC-ISRO-IISU-01,ATE-STATION-01,CHAMBER-01,1.0,125.0,5.0,168,IDDQ,ELECTRICAL,uA,1.3891,1084.342,1084.3893,1084.532,1082.9529,28.151,1.4156,13.251,-0.0034,-0.0761,34.42,34.07,1.3891,1084.342,1084.3893,1084.532,1082.9529,50.0,False,NOMINAL,HEALTHY,-31.98,33.89
DIG_LOT04_COMP0424,LOT_04,DIGITAL_IC,CQFP-64,DIG-SIH-2026,THERMAL_BURN_IN,T04_0424,PROC-ISRO-IISU-01,ATE-STATION-01,CHAMBER-01,1.0,125.0,5.0,168,IDDQ,ELECTRICAL,uA,1.1551,885.2641,885.3529,885.4244,884.109,24.378,2.2448,12.132,0.0121,0.0443,35.73,35.62,1.1551,885.2641,885.3529,885.4244,884.109,50.0,False,NOMINAL,HEALTHY,-14.21,17.05
DIG_LOT04_COMP0425,LOT_04,DIGITAL_IC,CQFP-64,DIG-SIH-2026,THERMAL_BURN_IN,T04_0425,PROC-ISRO-IISU-01,ATE-STATION-01,CHAMBER-01,1.0,125.0,5.0,168,IDDQ,ELECTRICAL,uA,1.5662,1219.8654,1219.9436,1219.9505,1218.2992,24.343,2.0713,12.469,-0.0046,-0.0238,34.78,35.73,1.5662,1219.8654,1219.9436,1219.9505,1218.2992,50.0,False,NOMINAL,HEALTHY,-0.23,-47.18
DIG_LOT04_COMP0426,LOT_04,DIGITAL_IC,CQFP-64,DIG-SIH-2026,THERMAL_BURN_IN,T04_0426,PROC-ISRO-IISU-01,ATE-STATION-01,CHAMBER-01,1.0,125.0,5.0,168,IDDQ,ELECTRICAL,uA,1.2406,957.4022,957.4213,957.4976,956.1616,21.885,2.0775,11.362,0.0161,-0.0284,33.99,34.44,1.2406,957.4022,957.4213,957.4976,956.1616,50.0,False,NOMINAL,HEALTHY,17.62,16.32
DIG_LOT04_COMP0427,LOT_04,DIGITAL_IC,CQFP-64,DIG-SIH-2026,THERMAL_BURN_IN,T04_0427,PROC-ISRO-IISU-01,ATE-STATION-01,CHAMBER-01,1.0,125.0,5.0,168,IDDQ,ELECTRICAL,uA,1.4456,1120.6577,1120.7382,1120.7643,1119.2121,23.061,2.5087,11.547,-0.0356,0.0205,34.51,34.62,1.4456,1120.6577,1120.7382,1120.7643,1119.2121,50.0,False,NOMINAL,HEALTHY,28.75,38.47
DIG_LOT04_COMP0428,LOT_04,DIGITAL_IC,CQFP-64,DIG-SIH-2026,THERMAL_BURN_IN,T04_0428,PROC-ISRO-IISU-01,ATE-STATION-01,CHAMBER-01,1.0,125.0,5.0,168,IDDQ,ELECTRICAL,uA,1.0307,796.3192,796.3777,796.362,795.2885,23.314,1.5839,11.565,0.0012,0.0678,33.74,33.65,1.0307,796.3192,796.3777,796.362,795.2885,50.0,False,NOMINAL,HEALTHY,3.13,-2.04
DIG_LOT04_COMP0429,LOT_04,DIGITAL_IC,CQFP-64,DIG-SIH-2026,THERMAL_BURN_IN,T04_0429,PROC-ISRO-IISU-01,ATE-STATION-01,CHAMBER-01,1.0,125.0,5.0,168,IDDQ,ELECTRICAL,uA,1.2887,983.4643,983.5511,983.6035,982.1756,26.985,1.8389,12.085,0.0182,0.0582,34.24,34.01,1.2887,983.4643,983.5511,983.6035,982.1756,50.0,False,NOMINAL,HEALTHY,-10.16,9.83
DIG_LOT04_COMP0430,LOT_04,DIGITAL_IC,CQFP-64,DIG-SIH-2026,THERMAL_BURN_IN,T04_0430,PROC-ISRO-IISU-01,ATE-STATION-01,CHAMBER-01,1.0,125.0,5.0,168,IDDQ,ELECTRICAL,uA,1.2511,960.0935,960.1571,960.151,958.8424,25.338,2.3098,13.609,-0.0107,0.0085,34.99,34.6,1.2511,960.0935,960.1571,960.151,958.8424,50.0,False,NOMINAL,HEALTHY,-11.06,32.41
DIG_LOT04_COMP0431,LOT_04,DIGITAL_IC,CQFP-64,DIG-SIH-2026,THERMAL_BURN_IN,T04_0431,PROC-ISRO-IISU-01,ATE-STATION-01,CHAMBER-01,1.0,125.0,5.0,168,IDDQ,ELECTRICAL,uA,1.3324,1036.1017,1036.1819,1036.2194,1034.7693,24.429,2.1945,12.432,0.0425,0.04,34.88,35.09,1.3324,1036.1017,1036.1819,1036.2194,1034.7693,50.0,False,NOMINAL,HEALTHY,-18.88,15.0
DIG_LOT04_COMP0432,LOT_04,DIGITAL_IC,CQFP-64,DIG-SIH-2026,THERMAL_BURN_IN,T04_0432,PROC-ISRO-IISU-01,ATE-STATION-01,CHAMBER-01,1.0,125.0,5.0,168,IDDQ,ELECTRICAL,uA,1.3669,1067.41,1067.5429,1067.5119,1066.0431,24.579,2.4545,12.248,0.0076,0.0887,34.02,33.6,1.3669,1067.41,1067.5429,1067.5119,1066.0431,50.0,False,NOMINAL,HEALTHY,-29.13,-35.53
DIG_LOT04_COMP0433,LOT_04,DIGITAL_IC,CQFP-64,DIG-SIH-2026,THERMAL_BURN_IN,T04_0433,PROC-ISRO-IISU-01,ATE-STATION-01,CHAMBER-01,1.0,125.0,5.0,168,IDDQ,ELECTRICAL,uA,1.2587,959.6743,959.7374,959.8084,958.4156,24.943,2.0581,12.118,0.0062,0.0378,33.16,33.63,1.2587,959.6743,959.7374,959.8084,958.4156,50.0,False,NOMINAL,HEALTHY,1.18,-7.44
DIG_LOT04_COMP0434,LOT_04,DIGITAL_IC,CQFP-64,DIG-SIH-2026,THERMAL_BURN_IN,T04_0434,PROC-ISRO-IISU-01,ATE-STATION-01,CHAMBER-01,1.0,125.0,5.0,168,IDDQ,ELECTRICAL,uA,1.5068,1153.5979,1153.6641,1153.6988,1152.0911,25.024,2.3769,13.801,0.0218,-0.0026,32.92,33.28,1.5068,1153.5979,1153.6641,1153.6988,1152.0911,50.0,False,NOMINAL,HEALTHY,-37.17,-43.29
DIG_LOT04_COMP0435,LOT_04,DIGITAL_IC,CQFP-64,DIG-SIH-2026,THERMAL_BURN_IN,T04_0435,PROC-ISRO-IISU-01,ATE-STATION-01,CHAMBER-01,1.0,125.0,5.0,168,IDDQ,ELECTRICAL,uA,1.1612,901.3544,901.4174,901.4071,900.1932,27.465,1.7042,13.344,0.0133,0.0438,34.05,33.82,1.1612,901.3544,901.4174,901.4071,900.1932,50.0,False,NOMINAL,HEALTHY,-2.98,-32.15
DIG_LOT04_COMP0436,LOT_04,DIGITAL_IC,CQFP-64,DIG-SIH-2026,THERMAL_BURN_IN,T04_0436,PROC-ISRO-IISU-01,ATE-STATION-01,CHAMBER-01,1.0,125.0,5.0,168,IDDQ,ELECTRICAL,uA,1.6267,1248.678,1248.7553,1248.8353,1247.0513,25.86,2.0881,12.226,-0.0331,0.0233,34.23,34.22,1.6267,1248.678,1248.7553,1248.8353,1247.0513,50.0,False,NOMINAL,HEALTHY,9.86,13.32
DIG_LOT04_COMP0437,LOT_04,DIGITAL_IC,CQFP-64,DIG-SIH-2026,THERMAL_BURN_IN,T04_0437,PROC-ISRO-IISU-01,ATE-STATION-01,CHAMBER-01,1.0,125.0,5.0,168,IDDQ,ELECTRICAL,uA,1.1952,917.3662,917.4317,917.5089,916.171,26.462,1.7999,12.188,-0.0179,0.0033,35.27,35.19,1.1952,917.3662,917.4317,917.5089,916.171,50.0,False,NOMINAL,HEALTHY,-29.28,-47.03
DIG_LOT04_COMP0438,LOT_04,DIGITAL_IC,CQFP-64,DIG-SIH-2026,THERMAL_BURN_IN,T04_0438,PROC-ISRO-IISU-01,ATE-STATION-01,CHAMBER-01,1.0,125.0,5.0,168,IDDQ,ELECTRICAL,uA,1.3231,1028.6444,1028.7465,1028.7508,1027.3213,24.544,2.4522,12.116,0.0485,0.0808,34.89,34.44,1.3231,1028.6444,1028.7465,1028.7508,1027.3213,50.0,False,NOMINAL,HEALTHY,-20.89,-46.48
DIG_LOT04_COMP0439,LOT_04,DIGITAL_IC,CQFP-64,DIG-SIH-2026,THERMAL_BURN_IN,T04_0439,PROC-ISRO-IISU-01,ATE-STATION-01,CHAMBER-01,1.0,125.0,5.0,168,IDDQ,ELECTRICAL,uA,1.3302,1025.0696,1033.6152,1183.4042,1023.7394,24.062,2.5783,13.333,0.0099,-0.022,33.09,33.86,1.3302,1025.0696,1033.6152,1183.4042,1023.7394,50.0,True,THERMAL_RUNAWAY,HEALTHY,-13.65,-8.59
DIG_LOT04_COMP0440,LOT_04,DIGITAL_IC,CQFP-64,DIG-SIH-2026,THERMAL_BURN_IN,T04_0440,PROC-ISRO-IISU-01,ATE-STATION-01,CHAMBER-01,1.0,125.0,5.0,168,IDDQ,ELECTRICAL,uA,1.3248,1030.8756,1030.9257,1031.0067,1029.5508,23.91,2.3326,12.912,-0.0132,-0.0292,34.37,32.98,1.3248,1030.8756,1030.9257,1031.0067,1029.5508,50.0,False,NOMINAL,HEALTHY,25.99,-23.65
DIG_LOT04_COMP0441,LOT_04,DIGITAL_IC,CQFP-64,DIG-SIH-2026,THERMAL_BURN_IN,T04_0441,PROC-ISRO-IISU-01,ATE-STATION-01,CHAMBER-01,1.0,125.0,5.0,168,IDDQ,ELECTRICAL,uA,1.1045,852.4026,852.4427,852.4552,851.2981,23.493,1.6228,12.829,-0.0414,-0.0132,33.01,32.89,1.1045,852.4026,852.4427,852.4552,851.2981,50.0,False,NOMINAL,HEALTHY,-33.39,41.39
DIG_LOT04_COMP0442,LOT_04,DIGITAL_IC,CQFP-64,DIG-SIH-2026,THERMAL_BURN_IN,T04_0442,PROC-ISRO-IISU-01,ATE-STATION-01,CHAMBER-01,1.0,125.0,5.0,168,IDDQ,ELECTRICAL,uA,1.4409,1105.7379,1105.8982,1105.8265,1104.297,23.725,2.1805,12.564,-0.0557,-0.1513,35.08,35.07,1.4409,1105.7379,1105.8982,1105.8265,1104.297,50.0,False,NOMINAL,HEALTHY,33.09,4.69
DIG_LOT04_COMP0443,LOT_04,DIGITAL_IC,CQFP-64,DIG-SIH-2026,THERMAL_BURN_IN,T04_0443,PROC-ISRO-IISU-01,ATE-STATION-01,CHAMBER-01,1.0,125.0,5.0,168,IDDQ,ELECTRICAL,uA,1.2871,1009.8312,1009.8969,1009.9451,1008.5441,28.696,1.9454,14.962,-0.01,-0.0486,37.41,37.24,1.2871,1009.8312,1009.8969,1009.9451,1008.5441,50.0,False,NOMINAL,HEALTHY,33.94,24.32
DIG_LOT04_COMP0444,LOT_04,DIGITAL_IC,CQFP-64,DIG-SIH-2026,THERMAL_BURN_IN,T04_0444,PROC-ISRO-IISU-01,ATE-STATION-01,CHAMBER-01,1.0,125.0,5.0,168,IDDQ,ELECTRICAL,uA,1.4138,1094.0414,1094.1239,1094.1495,1092.6276,26.647,2.3729,12.899,-0.006,-0.0707,34.95,35.29,1.4138,1094.0414,1094.1239,1094.1495,1092.6276,50.0,False,NOMINAL,HEALTHY,0.43,19.47
DIG_LOT04_COMP0445,LOT_04,DIGITAL_IC,CQFP-64,DIG-SIH-2026,THERMAL_BURN_IN,T04_0445,PROC-ISRO-IISU-01,ATE-STATION-01,CHAMBER-01,1.0,125.0,5.0,168,IDDQ,ELECTRICAL,uA,1.2729,975.6021,975.7037,975.7002,974.3292,25.709,1.8311,11.867,-0.0221,-0.0062,35.39,35.7,1.2729,975.6021,975.7037,975.7002,974.3292,50.0,False,NOMINAL,HEALTHY,-46.08,-32.31
DIG_LOT04_COMP0446,LOT_04,DIGITAL_IC,CQFP-64,DIG-SIH-2026,THERMAL_BURN_IN,T04_0446,PROC-ISRO-IISU-01,ATE-STATION-01,CHAMBER-01,1.0,125.0,5.0,168,IDDQ,ELECTRICAL,uA,1.3618,1061.3816,1061.449,1061.5735,1060.0198,22.095,2.0964,12.024,-0.0107,-0.0764,35.62,35.45,1.3618,1061.3816,1061.449,1061.5735,1060.0198,50.0,False,NOMINAL,HEALTHY,5.86,42.16
DIG_LOT04_COMP0447,LOT_04,DIGITAL_IC,CQFP-64,DIG-SIH-2026,THERMAL_BURN_IN,T04_0447,PROC-ISRO-IISU-01,ATE-STATION-01,CHAMBER-01,1.0,125.0,5.0,168,IDDQ,ELECTRICAL,uA,1.3897,1076.3589,1076.4966,1076.5162,1074.9692,24.936,1.4362,12.44,-0.0045,0.001,33.81,34.7,1.3897,1076.3589,1076.4966,1076.5162,1074.9692,50.0,False,NOMINAL,HEALTHY,-31.29,39.94
DIG_LOT04_COMP0448,LOT_04,DIGITAL_IC,CQFP-64,DIG-SIH-2026,THERMAL_BURN_IN,T04_0448,PROC-ISRO-IISU-01,ATE-STATION-01,CHAMBER-01,1.0,125.0,5.0,168,IDDQ,ELECTRICAL,uA,1.385,1083.3824,1083.4726,1083.5372,1081.9974,24.24,2.369,11.595,0.0196,0.0868,36.1,36.44,1.385,1083.3824,1083.4726,1083.5372,1081.9974,50.0,False,NOMINAL,HEALTHY,35.59,-12.0
DIG_LOT04_COMP0449,LOT_04,DIGITAL_IC,CQFP-64,DIG-SIH-2026,THERMAL_BURN_IN,T04_0449,PROC-ISRO-IISU-01,ATE-STATION-01,CHAMBER-01,1.0,125.0,5.0,168,IDDQ,ELECTRICAL,uA,1.2602,965.0016,965.05,965.1377,963.7414,24.758,2.1761,12.605,0.0056,0.0511,36.73,36.84,1.2602,965.0016,965.05,965.1377,963.7414,50.0,False,NOMINAL,HEALTHY,-18.67,-42.86
DIG_LOT04_COMP0450,LOT_04,DIGITAL_IC,CQFP-64,DIG-SIH-2026,THERMAL_BURN_IN,T04_0450,PROC-ISRO-IISU-01,ATE-STATION-01,CHAMBER-01,1.0,125.0,5.0,168,IDDQ,ELECTRICAL,uA,1.2618,982.7918,982.8172,982.8198,981.53,25.218,2.2246,11.319,-0.0035,-0.04,35.9,35.68,1.2618,982.7918,982.8172,982.8198,981.53,50.0,False,NOMINAL,HEALTHY,-15.5,12.7
DIG_LOT04_COMP0451,LOT_04,DIGITAL_IC,CQFP-64,DIG-SIH-2026,THERMAL_BURN_IN,T04_0451,PROC-ISRO-IISU-01,ATE-STATION-01,CHAMBER-01,1.0,125.0,5.0,168,IDDQ,ELECTRICAL,uA,1.2347,954.2403,954.299,954.324,953.0056,23.28,2.1965,12.175,0.0132,-0.0965,34.11,35.43,1.2347,954.2403,954.299,954.324,953.0056,50.0,False,NOMINAL,HEALTHY,-49.16,-42.48
DIG_LOT04_COMP0452,LOT_04,DIGITAL_IC,CQFP-64,DIG-SIH-2026,THERMAL_BURN_IN,T04_0452,PROC-ISRO-IISU-01,ATE-STATION-01,CHAMBER-01,1.0,125.0,5.0,168,IDDQ,ELECTRICAL,uA,1.2407,965.5931,965.6441,965.7019,964.3524,22.698,2.0664,12.74,0.0164,0.0255,34.22,34.25,1.2407,965.5931,965.6441,965.7019,964.3524,50.0,False,NOMINAL,HEALTHY,28.67,-1.44
DIG_LOT04_COMP0453,LOT_04,DIGITAL_IC,CQFP-64,DIG-SIH-2026,THERMAL_BURN_IN,T04_0453,PROC-ISRO-IISU-01,ATE-STATION-01,CHAMBER-01,1.0,125.0,5.0,168,IDDQ,ELECTRICAL,uA,1.377,1064.5849,1064.6606,1064.6996,1063.2079,26.776,2.1579,13.184,-0.0081,-0.0067,35.62,35.35,1.377,1064.5849,1064.6606,1064.6996,1063.2079,50.0,False,NOMINAL,HEALTHY,45.2,1.92
DIG_LOT04_COMP0454,LOT_04,DIGITAL_IC,CQFP-64,DIG-SIH-2026,THERMAL_BURN_IN,T04_0454,PROC-ISRO-IISU-01,ATE-STATION-01,CHAMBER-01,1.0,125.0,5.0,168,IDDQ,ELECTRICAL,uA,1.6547,1257.5414,1257.6339,1257.7321,1255.8867,24.412,2.2538,12.195,-0.022,-0.1082,34.61,34.51,1.6547,1257.5414,1257.6339,1257.7321,1255.8867,50.0,False,NOMINAL,HEALTHY,-5.97,37.3
DIG_LOT04_COMP0455,LOT_04,DIGITAL_IC,CQFP-64,DIG-SIH-2026,THERMAL_BURN_IN,T04_0455,PROC-ISRO-IISU-01,ATE-STATION-01,CHAMBER-01,1.0,125.0,5.0,168,IDDQ,ELECTRICAL,uA,1.2464,956.9005,956.9946,957.0784,955.6541,23.258,1.7235,12.882,-0.0136,0.0102,33.1,32.8,1.2464,956.9005,956.9946,957.0784,955.6541,50.0,False,NOMINAL,HEALTHY,-1.51,-13.86
DIG_LOT04_COMP0456,LOT_04,DIGITAL_IC,CQFP-64,DIG-SIH-2026,THERMAL_BURN_IN,T04_0456,PROC-ISRO-IISU-01,ATE-STATION-01,CHAMBER-01,1.0,125.0,5.0,168,IDDQ,ELECTRICAL,uA,1.3584,1057.5344,1057.6423,1057.7226,1056.176,23.521,2.2419,11.876,0.0064,-0.0754,33.46,33.12,1.3584,1057.5344,1057.6423,1057.7226,1056.176,50.0,False,NOMINAL,HEALTHY,13.79,26.68
DIG_LOT04_COMP0457,LOT_04,DIGITAL_IC,CQFP-64,DIG-SIH-2026,THERMAL_BURN_IN,T04_0457,PROC-ISRO-IISU-01,ATE-STATION-01,CHAMBER-01,1.0,125.0,5.0,168,IDDQ,ELECTRICAL,uA,1.363,1054.1711,1054.2816,1054.284,1052.8081,26.018,1.5203,12.946,0.0029,-0.0268,36.81,36.42,1.363,1054.1711,1054.2816,1054.284,1052.8081,50.0,False,NOMINAL,HEALTHY,-32.71,33.13
DIG_LOT04_COMP0458,LOT_04,DIGITAL_IC,CQFP-64,DIG-SIH-2026,THERMAL_BURN_IN,T04_0458,PROC-ISRO-IISU-01,ATE-STATION-01,CHAMBER-01,1.0,125.0,5.0,168,IDDQ,ELECTRICAL,uA,1.3466,1033.9773,1034.0907,1034.1156,1032.6307,21.869,2.2017,11.835,0.0247,0.1508,35.99,36.51,1.3466,1033.9773,1034.0907,1034.1156,1032.6307,50.0,False,NOMINAL,HEALTHY,-41.49,-43.79
DIG_LOT04_COMP0459,LOT_04,DIGITAL_IC,CQFP-64,DIG-SIH-2026,THERMAL_BURN_IN,T04_0459,PROC-ISRO-IISU-01,ATE-STATION-01,CHAMBER-01,1.0,125.0,5.0,168,IDDQ,ELECTRICAL,uA,1.1632,900.349,900.36,900.3834,899.1858,26.267,1.862,11.392,-0.0201,-0.053,34.26,34.44,1.1632,900.349,900.36,900.3834,899.1858,50.0,False,NOMINAL,HEALTHY,9.12,1.99
DIG_LOT04_COMP0460,LOT_04,DIGITAL_IC,CQFP-64,DIG-SIH-2026,THERMAL_BURN_IN,T04_0460,PROC-ISRO-IISU-01,ATE-STATION-01,CHAMBER-01,1.0,125.0,5.0,168,IDDQ,ELECTRICAL,uA,1.3946,1073.3963,1073.4249,1073.5574,1072.0017,21.801,2.1144,12.779,-0.0214,0.0045,34.48,34.55,1.3946,1073.3963,1073.4249,1073.5574,1072.0017,50.0,False,NOMINAL,HEALTHY,44.19,-41.26
DIG_LOT04_COMP0461,LOT_04,DIGITAL_IC,CQFP-64,DIG-SIH-2026,THERMAL_BURN_IN,T04_0461,PROC-ISRO-IISU-01,ATE-STATION-01,CHAMBER-01,1.0,125.0,5.0,168,IDDQ,ELECTRICAL,uA,1.2013,931.5086,931.5368,931.6296,930.3073,26.679,2.3216,13.353,-0.0299,0.0055,34.89,35.6,1.2013,931.5086,931.5368,931.6296,930.3073,50.0,False,NOMINAL,HEALTHY,38.26,-9.31
DIG_LOT04_COMP0462,LOT_04,DIGITAL_IC,CQFP-64,DIG-SIH-2026,THERMAL_BURN_IN,T04_0462,PROC-ISRO-IISU-01,ATE-STATION-01,CHAMBER-01,1.0,125.0,5.0,168,IDDQ,ELECTRICAL,uA,1.4093,1091.3154,1091.4701,1091.5213,1089.9061,26.168,2.1204,11.986,-0.0022,0.0265,33.9,33.65,1.4093,1091.3154,1091.4701,1091.5213,1089.9061,50.0,False,NOMINAL,HEALTHY,-3.09,-46.88
DIG_LOT04_COMP0463,LOT_04,DIGITAL_IC,CQFP-64,DIG-SIH-2026,THERMAL_BURN_IN,T04_0463,PROC-ISRO-IISU-01,ATE-STATION-01,CHAMBER-01,1.0,125.0,5.0,168,IDDQ,ELECTRICAL,uA,1.4383,1090.0059,1090.0697,1090.0814,1088.5676,24.675,2.1188,13.364,0.0269,-0.0219,33.37,33.71,1.4383,1090.0059,1090.0697,1090.0814,1088.5676,50.0,False,NOMINAL,HEALTHY,46.71,-41.48
DIG_LOT04_COMP0464,LOT_04,DIGITAL_IC,CQFP-64,DIG-SIH-2026,THERMAL_BURN_IN,T04_0464,PROC-ISRO-IISU-01,ATE-STATION-01,CHAMBER-01,1.0,125.0,5.0,168,IDDQ,ELECTRICAL,uA,1.0769,831.533,831.5442,831.62,830.4561,27.902,2.3214,13.466,-0.0251,-0.0035,37.77,37.04,1.0769,831.533,831.5442,831.62,830.4561,50.0,False,NOMINAL,HEALTHY,-13.25,8.93
DIG_LOT04_COMP0465,LOT_04,DIGITAL_IC,CQFP-64,DIG-SIH-2026,THERMAL_BURN_IN,T04_0465,PROC-ISRO-IISU-01,ATE-STATION-01,CHAMBER-01,1.0,125.0,5.0,168,IDDQ,ELECTRICAL,uA,1.4357,1109.9514,1110.1066,1110.1449,1108.5157,26.094,2.2482,11.135,0.0011,0.024,36.99,36.76,1.4357,1109.9514,1110.1066,1110.1449,1108.5157,50.0,False,NOMINAL,HEALTHY,6.63,40.8
DIG_LOT04_COMP0466,LOT_04,DIGITAL_IC,CQFP-64,DIG-SIH-2026,THERMAL_BURN_IN,T04_0466,PROC-ISRO-IISU-01,ATE-STATION-01,CHAMBER-01,1.0,125.0,5.0,168,IDDQ,ELECTRICAL,uA,1.3502,1055.2814,1055.3222,1055.4695,1053.9312,28.337,1.7049,12.581,0.0424,0.0194,34.7,34.33,1.3502,1055.2814,1055.3222,1055.4695,1053.9312,50.0,False,NOMINAL,HEALTHY,-32.11,31.66
DIG_LOT04_COMP0467,LOT_04,DIGITAL_IC,CQFP-64,DIG-SIH-2026,THERMAL_BURN_IN,T04_0467,PROC-ISRO-IISU-01,ATE-STATION-01,CHAMBER-01,1.0,125.0,5.0,168,IDDQ,ELECTRICAL,uA,1.3472,1037.5527,1037.6324,1037.7077,1036.2055,28.319,2.1922,12.393,0.014,-0.0513,35.57,36.06,1.3472,1037.5527,1037.6324,1037.7077,1036.2055,50.0,False,NOMINAL,HEALTHY,-49.5,10.33
DIG_LOT04_COMP0468,LOT_04,DIGITAL_IC,CQFP-64,DIG-SIH-2026,THERMAL_BURN_IN,T04_0468,PROC-ISRO-IISU-01,ATE-STATION-01,CHAMBER-01,1.0,125.0,5.0,168,IDDQ,ELECTRICAL,uA,1.2651,966.9867,966.9892,967.0649,965.7216,25.822,2.2786,11.184,-0.0303,0.0166,35.64,35.91,1.2651,966.9867,966.9892,967.0649,965.7216,50.0,False,NOMINAL,HEALTHY,-48.28,37.93
DIG_LOT04_COMP0469,LOT_04,DIGITAL_IC,CQFP-64,DIG-SIH-2026,THERMAL_BURN_IN,T04_0469,PROC-ISRO-IISU-01,ATE-STATION-01,CHAMBER-01,1.0,125.0,5.0,168,IDDQ,ELECTRICAL,uA,1.3357,1023.5549,1023.6607,1023.7336,1022.2192,24.856,2.0295,11.994,-0.0261,-0.0568,33.39,33.48,1.3357,1023.5549,1023.6607,1023.7336,1022.2192,50.0,False,NOMINAL,HEALTHY,46.64,-9.88
DIG_LOT04_COMP0470,LOT_04,DIGITAL_IC,CQFP-64,DIG-SIH-2026,THERMAL_BURN_IN,T04_0470,PROC-ISRO-IISU-01,ATE-STATION-01,CHAMBER-01,1.0,125.0,5.0,168,IDDQ,ELECTRICAL,uA,1.2645,978.3756,978.4208,978.5017,977.1111,22.559,2.0018,12.242,0.0081,0.0185,32.64,31.79,1.2645,978.3756,978.4208,978.5017,977.1111,50.0,False,NOMINAL,HEALTHY,-1.95,-33.48
DIG_LOT04_COMP0471,LOT_04,DIGITAL_IC,CQFP-64,DIG-SIH-2026,THERMAL_BURN_IN,T04_0471,PROC-ISRO-IISU-01,ATE-STATION-01,CHAMBER-01,1.0,125.0,5.0,168,IDDQ,ELECTRICAL,uA,1.1995,945.193,945.2586,945.3617,943.9935,24.022,2.1608,12.873,-0.0069,0.0324,35.38,35.54,1.1995,945.193,945.2586,945.3617,943.9935,50.0,False,NOMINAL,HEALTHY,-0.75,6.8
DIG_LOT04_COMP0472,LOT_04,DIGITAL_IC,CQFP-64,DIG-SIH-2026,THERMAL_BURN_IN,T04_0472,PROC-ISRO-IISU-01,ATE-STATION-01,CHAMBER-01,1.0,125.0,5.0,168,IDDQ,ELECTRICAL,uA,1.3829,1076.5373,1076.6373,1076.6693,1075.1544,25.834,2.0912,13.07,0.0071,-0.0056,35.05,34.79,1.3829,1076.5373,1076.6373,1076.6693,1075.1544,50.0,False,NOMINAL,HEALTHY,32.32,-38.41
DIG_LOT04_COMP0473,LOT_04,DIGITAL_IC,CQFP-64,DIG-SIH-2026,THERMAL_BURN_IN,T04_0473,PROC-ISRO-IISU-01,ATE-STATION-01,CHAMBER-01,1.0,125.0,5.0,168,IDDQ,ELECTRICAL,uA,1.3406,1026.6164,1026.69,1026.7339,1025.2758,27.74,2.0,11.458,0.0039,0.0039,33.31,33.12,1.3406,1026.6164,1026.69,1026.7339,1025.2758,50.0,False,NOMINAL,HEALTHY,-36.41,39.12
DIG_LOT04_COMP0474,LOT_04,DIGITAL_IC,CQFP-64,DIG-SIH-2026,THERMAL_BURN_IN,T04_0474,PROC-ISRO-IISU-01,ATE-STATION-01,CHAMBER-01,1.0,125.0,5.0,168,IDDQ,ELECTRICAL,uA,1.3683,1047.4215,1047.4854,1047.5954,1046.0532,22.88,2.366,12.134,0.0076,0.0547,36.1,35.42,1.3683,1047.4215,1047.4854,1047.5954,1046.0532,50.0,False,NOMINAL,HEALTHY,17.09,-45.33
DIG_LOT04_COMP0475,LOT_04,DIGITAL_IC,CQFP-64,DIG-SIH-2026,THERMAL_BURN_IN,T04_0475,PROC-ISRO-IISU-01,ATE-STATION-01,CHAMBER-01,1.0,125.0,5.0,168,IDDQ,ELECTRICAL,uA,1.5942,1249.7657,1249.8865,1249.9564,1248.1715,24.74,1.8609,12.973,-0.0049,-0.0674,33.49,34.52,1.5942,1249.7657,1249.8865,1249.9564,1248.1715,50.0,False,NOMINAL,HEALTHY,-1.77,-6.32
DIG_LOT04_COMP0476,LOT_04,DIGITAL_IC,CQFP-64,DIG-SIH-2026,THERMAL_BURN_IN,T04_0476,PROC-ISRO-IISU-01,ATE-STATION-01,CHAMBER-01,1.0,125.0,5.0,168,IDDQ,ELECTRICAL,uA,1.1906,897.952,898.0324,898.058,896.7614,26.175,1.8271,11.741,-0.0051,0.1245,36.14,36.08,1.1906,897.952,898.0324,898.058,896.7614,50.0,False,NOMINAL,HEALTHY,-33.16,5.77
DIG_LOT04_COMP0477,LOT_04,DIGITAL_IC,CQFP-64,DIG-SIH-2026,THERMAL_BURN_IN,T04_0477,PROC-ISRO-IISU-01,ATE-STATION-01,CHAMBER-01,1.0,125.0,5.0,168,IDDQ,ELECTRICAL,uA,1.6349,1274.7554,1274.861,1274.9217,1273.1205,25.511,1.9695,12.002,-0.0039,-0.0444,34.93,35.16,1.6349,1274.7554,1274.861,1274.9217,1273.1205,50.0,False,NOMINAL,HEALTHY,-48.85,30.14
DIG_LOT04_COMP0478,LOT_04,DIGITAL_IC,CQFP-64,DIG-SIH-2026,THERMAL_BURN_IN,T04_0478,PROC-ISRO-IISU-01,ATE-STATION-01,CHAMBER-01,1.0,125.0,5.0,168,IDDQ,ELECTRICAL,uA,1.4736,1134.0081,1134.1145,1134.1268,1132.5345,27.286,2.0917,12.752,0.0364,0.0836,33.75,32.95,1.4736,1134.0081,1134.1145,1134.1268,1132.5345,50.0,False,NOMINAL,HEALTHY,27.61,-16.16
DIG_LOT04_COMP0479,LOT_04,DIGITAL_IC,CQFP-64,DIG-SIH-2026,THERMAL_BURN_IN,T04_0479,PROC-ISRO-IISU-01,ATE-STATION-01,CHAMBER-01,1.0,125.0,5.0,168,IDDQ,ELECTRICAL,uA,1.4042,1087.2686,1087.3588,1087.3923,1085.8644,23.027,2.2968,13.829,0.0062,0.1041,34.28,34.75,1.4042,1087.2686,1087.3588,1087.3923,1085.8644,50.0,False,NOMINAL,HEALTHY,-1.41,31.92
DIG_LOT04_COMP0480,LOT_04,DIGITAL_IC,CQFP-64,DIG-SIH-2026,THERMAL_BURN_IN,T04_0480,PROC-ISRO-IISU-01,ATE-STATION-01,CHAMBER-01,1.0,125.0,5.0,168,IDDQ,ELECTRICAL,uA,1.32,1013.27,1013.3423,1013.3996,1011.95,22.628,1.8736,11.179,0.0015,-0.0095,34.27,35.03,1.32,1013.27,1013.3423,1013.3996,1011.95,50.0,False,NOMINAL,HEALTHY,-31.31,-19.88
DIG_LOT04_COMP0481,LOT_04,DIGITAL_IC,CQFP-64,DIG-SIH-2026,THERMAL_BURN_IN,T04_0481,PROC-ISRO-IISU-01,ATE-STATION-01,CHAMBER-01,1.0,125.0,5.0,168,IDDQ,ELECTRICAL,uA,1.3009,1004.3404,1004.4648,1004.4267,1003.0395,23.591,1.989,12.683,0.0253,0.0946,34.73,35.23,1.3009,1004.3404,1004.4648,1004.4267,1003.0395,50.0,False,NOMINAL,HEALTHY,49.21,-6.79
DIG_LOT04_COMP0482,LOT_04,DIGITAL_IC,CQFP-64,DIG-SIH-2026,THERMAL_BURN_IN,T04_0482,PROC-ISRO-IISU-01,ATE-STATION-01,CHAMBER-01,1.0,125.0,5.0,168,IDDQ,ELECTRICAL,uA,1.2584,969.0398,969.1374,969.1473,967.7814,24.57,1.9924,12.788,0.0007,0.056,33.04,33.49,1.2584,969.0398,969.1374,969.1473,967.7814,50.0,False,NOMINAL,HEALTHY,25.71,38.67
DIG_LOT04_COMP0483,LOT_04,DIGITAL_IC,CQFP-64,DIG-SIH-2026,THERMAL_BURN_IN,T04_0483,PROC-ISRO-IISU-01,ATE-STATION-01,CHAMBER-01,1.0,125.0,5.0,168,IDDQ,ELECTRICAL,uA,1.4373,1112.7368,1112.8334,1112.8845,1111.2995,25.265,1.8543,12.276,0.0083,0.1093,36.51,36.15,1.4373,1112.7368,1112.8334,1112.8845,1111.2995,50.0,False,NOMINAL,HEALTHY,-44.43,-0.68
DIG_LOT04_COMP0484,LOT_04,DIGITAL_IC,CQFP-64,DIG-SIH-2026,THERMAL_BURN_IN,T04_0484,PROC-ISRO-IISU-01,ATE-STATION-01,CHAMBER-01,1.0,125.0,5.0,168,IDDQ,ELECTRICAL,uA,1.1297,861.0414,861.1228,861.1629,859.9117,24.455,1.9408,13.387,-0.0078,0.0297,34.03,34.49,1.1297,861.0414,861.1228,861.1629,859.9117,50.0,False,NOMINAL,HEALTHY,12.31,21.17
DIG_LOT04_COMP0485,LOT_04,DIGITAL_IC,CQFP-64,DIG-SIH-2026,THERMAL_BURN_IN,T04_0485,PROC-ISRO-IISU-01,ATE-STATION-01,CHAMBER-01,1.0,125.0,5.0,168,IDDQ,ELECTRICAL,uA,1.351,1040.6123,1040.6815,1040.7159,1039.2613,23.997,1.9696,14.314,-0.0007,0.041,37.23,36.56,1.351,1040.6123,1040.6815,1040.7159,1039.2613,50.0,False,NOMINAL,HEALTHY,-9.64,8.85
DIG_LOT04_COMP0486,LOT_04,DIGITAL_IC,CQFP-64,DIG-SIH-2026,THERMAL_BURN_IN,T04_0486,PROC-ISRO-IISU-01,ATE-STATION-01,CHAMBER-01,1.0,125.0,5.0,168,IDDQ,ELECTRICAL,uA,1.2051,923.1861,923.2286,923.2115,921.981,25.591,2.0581,12.856,0.0043,-0.0238,35.51,35.76,1.2051,923.1861,923.2286,923.2115,921.981,50.0,False,NOMINAL,HEALTHY,-9.01,15.69
DIG_LOT04_COMP0487,LOT_04,DIGITAL_IC,CQFP-64,DIG-SIH-2026,THERMAL_BURN_IN,T04_0487,PROC-ISRO-IISU-01,ATE-STATION-01,CHAMBER-01,1.0,125.0,5.0,168,IDDQ,ELECTRICAL,uA,1.3581,1032.5472,1032.6383,1032.6072,1031.1891,24.687,1.9932,12.038,0.0134,-0.079,35.7,35.68,1.3581,1032.5472,1032.6383,1032.6072,1031.1891,50.0,False,NOMINAL,HEALTHY,45.03,-8.54
DIG_LOT04_COMP0488,LOT_04,DIGITAL_IC,CQFP-64,DIG-SIH-2026,THERMAL_BURN_IN,T04_0488,PROC-ISRO-IISU-01,ATE-STATION-01,CHAMBER-01,1.0,125.0,5.0,168,IDDQ,ELECTRICAL,uA,1.6329,1271.7936,1271.8753,1271.9166,1270.1607,26.365,1.8744,12.296,0.0057,-0.0508,32.59,32.43,1.6329,1271.7936,1271.8753,1271.9166,1270.1607,50.0,False,NOMINAL,HEALTHY,-18.07,-38.68
DIG_LOT04_COMP0489,LOT_04,DIGITAL_IC,CQFP-64,DIG-SIH-2026,THERMAL_BURN_IN,T04_0489,PROC-ISRO-IISU-01,ATE-STATION-01,CHAMBER-01,1.0,125.0,5.0,168,IDDQ,ELECTRICAL,uA,1.4637,1122.8479,1122.9499,1122.9251,1121.3842,24.923,1.4882,12.571,-0.0267,-0.0215,34.65,35.2,1.4637,1122.8479,1122.9499,1122.9251,1121.3842,50.0,False,NOMINAL,HEALTHY,-10.66,-2.91
DIG_LOT04_COMP0490,LOT_04,DIGITAL_IC,CQFP-64,DIG-SIH-2026,THERMAL_BURN_IN,T04_0490,PROC-ISRO-IISU-01,ATE-STATION-01,CHAMBER-01,1.0,125.0,5.0,168,IDDQ,ELECTRICAL,uA,1.1739,914.3187,915.6767,921.256,913.1448,24.867,2.452,13.574,-0.0151,0.0285,33.52,33.23,1.1739,914.3187,915.6767,921.256,913.1448,50.0,True,ELECTROMIGRATION,HEALTHY,46.37,-41.49
DIG_LOT04_COMP0491,LOT_04,DIGITAL_IC,CQFP-64,DIG-SIH-2026,THERMAL_BURN_IN,T04_0491,PROC-ISRO-IISU-01,ATE-STATION-01,CHAMBER-01,1.0,125.0,5.0,168,IDDQ,ELECTRICAL,uA,1.3591,1052.7589,1052.8366,1052.8901,1051.3998,24.38,2.2951,11.435,0.0072,-0.0295,34.82,34.14,1.3591,1052.7589,1052.8366,1052.8901,1051.3998,50.0,False,NOMINAL,HEALTHY,10.33,31.48
DIG_LOT04_COMP0492,LOT_04,DIGITAL_IC,CQFP-64,DIG-SIH-2026,THERMAL_BURN_IN,T04_0492,PROC-ISRO-IISU-01,ATE-STATION-01,CHAMBER-01,1.0,125.0,5.0,168,IDDQ,ELECTRICAL,uA,1.5501,1193.3649,1193.452,1193.5145,1191.8148,25.493,1.6214,11.205,-0.0188,-0.0472,34.79,35.11,1.5501,1193.3649,1193.452,1193.5145,1191.8148,50.0,False,NOMINAL,HEALTHY,-24.33,12.16
DIG_LOT04_COMP0493,LOT_04,DIGITAL_IC,CQFP-64,DIG-SIH-2026,THERMAL_BURN_IN,T04_0493,PROC-ISRO-IISU-01,ATE-STATION-01,CHAMBER-01,1.0,125.0,5.0,168,IDDQ,ELECTRICAL,uA,1.1783,916.406,916.5223,916.5471,915.2277,24.165,1.7875,11.789,-0.001,0.0567,36.04,36.87,1.1783,916.406,916.5223,916.5471,915.2277,50.0,False,NOMINAL,HEALTHY,-6.86,-24.55
DIG_LOT04_COMP0494,LOT_04,DIGITAL_IC,CQFP-64,DIG-SIH-2026,THERMAL_BURN_IN,T04_0494,PROC-ISRO-IISU-01,ATE-STATION-01,CHAMBER-01,1.0,125.0,5.0,168,IDDQ,ELECTRICAL,uA,1.3703,1044.6518,1044.7607,1044.825,1043.2815,26.922,1.8421,10.786,0.0044,0.0329,34.42,34.81,1.3703,1044.6518,1044.7607,1044.825,1043.2815,50.0,False,NOMINAL,HEALTHY,43.61,46.65
DIG_LOT04_COMP0495,LOT_04,DIGITAL_IC,CQFP-64,DIG-SIH-2026,THERMAL_BURN_IN,T04_0495,PROC-ISRO-IISU-01,ATE-STATION-01,CHAMBER-01,1.0,125.0,5.0,168,IDDQ,ELECTRICAL,uA,1.344,1030.0109,1030.0723,1030.131,1028.6669,25.42,2.1215,13.274,0.0199,-0.0481,33.62,33.9,1.344,1030.0109,1030.0723,1030.131,1028.6669,50.0,False,NOMINAL,HEALTHY,-35.37,25.5
DIG_LOT04_COMP0496,LOT_04,DIGITAL_IC,CQFP-64,DIG-SIH-2026,THERMAL_BURN_IN,T04_0496,PROC-ISRO-IISU-01,ATE-STATION-01,CHAMBER-01,1.0,125.0,5.0,168,IDDQ,ELECTRICAL,uA,1.0772,833.0423,833.1068,833.1861,831.9651,24.442,2.1484,13.431,0.0093,0.0099,34.56,34.86,1.0772,833.0423,833.1068,833.1861,831.9651,50.0,False,NOMINAL,HEALTHY,11.42,-20.84
DIG_LOT04_COMP0497,LOT_04,DIGITAL_IC,CQFP-64,DIG-SIH-2026,THERMAL_BURN_IN,T04_0497,PROC-ISRO-IISU-01,ATE-STATION-01,CHAMBER-01,1.0,125.0,5.0,168,IDDQ,ELECTRICAL,uA,1.5138,1157.6654,1157.795,1157.8349,1156.1516,26.96,1.5791,12.568,-0.0201,-0.0014,34.93,34.93,1.5138,1157.6654,1157.795,1157.8349,1156.1516,50.0,False,NOMINAL,HEALTHY,35.5,-38.48
DIG_LOT04_COMP0498,LOT_04,DIGITAL_IC,CQFP-64,DIG-SIH-2026,THERMAL_BURN_IN,T04_0498,PROC-ISRO-IISU-01,ATE-STATION-01,CHAMBER-01,1.0,125.0,5.0,168,IDDQ,ELECTRICAL,uA,1.253,960.8204,960.9215,960.9185,959.5674,26.193,2.164,12.161,-0.008,-0.0505,34.44,35.57,1.253,960.8204,960.9215,960.9185,959.5674,50.0,False,NOMINAL,HEALTHY,-9.57,-45.98
DIG_LOT04_COMP0499,LOT_04,DIGITAL_IC,CQFP-64,DIG-SIH-2026,THERMAL_BURN_IN,T04_0499,PROC-ISRO-IISU-01,ATE-STATION-01,CHAMBER-01,1.0,125.0,5.0,168,IDDQ,ELECTRICAL,uA,1.2346,951.9177,951.9969,952.0155,950.6831,25.298,1.8969,12.907,-0.0405,-0.0944,36.29,36.19,1.2346,951.9177,951.9969,952.0155,950.6831,50.0,False,NOMINAL,HEALTHY,19.16,-24.69
DIG_LOT04_COMP0500,LOT_04,DIGITAL_IC,CQFP-64,DIG-SIH-2026,THERMAL_BURN_IN,T04_0500,PROC-ISRO-IISU-01,ATE-STATION-01,CHAMBER-01,1.0,125.0,5.0,168,IDDQ,ELECTRICAL,uA,1.498,1157.8787,1157.9616,1158.0255,1156.3807,23.377,2.125,11.07,-0.0138,0.0351,33.8,33.32,1.498,1157.8787,1157.9616,1158.0255,1156.3807,50.0,False,NOMINAL,HEALTHY,-4.15,27.1
DIG_LOT04_COMP0501,LOT_04,DIGITAL_IC,CQFP-64,DIG-SIH-2026,THERMAL_BURN_IN,T04_0501,PROC-ISRO-IISU-01,ATE-STATION-01,CHAMBER-01,1.0,125.0,5.0,168,IDDQ,ELECTRICAL,uA,1.2639,984.3796,984.4639,984.5166,983.1157,23.216,1.8529,12.598,-0.0008,0.0794,35.88,36.11,1.2639,984.3796,984.4639,984.5166,983.1157,50.0,False,NOMINAL,HEALTHY,46.94,-1.41
DIG_LOT04_COMP0502,LOT_04,DIGITAL_IC,CQFP-64,DIG-SIH-2026,THERMAL_BURN_IN,T04_0502,PROC-ISRO-IISU-01,ATE-STATION-01,CHAMBER-01,1.0,125.0,5.0,168,IDDQ,ELECTRICAL,uA,1.3651,1046.4689,1046.5236,1046.6247,1045.1038,21.388,1.3637,12.813,0.0388,0.0209,33.54,33.83,1.3651,1046.4689,1046.5236,1046.6247,1045.1038,50.0,False,NOMINAL,HEALTHY,33.29,14.94
DIG_LOT04_COMP0503,LOT_04,DIGITAL_IC,CQFP-64,DIG-SIH-2026,THERMAL_BURN_IN,T04_0503,PROC-ISRO-IISU-01,ATE-STATION-01,CHAMBER-01,1.0,125.0,5.0,168,IDDQ,ELECTRICAL,uA,1.4785,1127.9845,1128.0941,1128.1348,1126.506,23.118,1.6293,12.822,-0.017,-0.1114,32.16,32.05,1.4785,1127.9845,1128.0941,1128.1348,1126.506,50.0,False,NOMINAL,HEALTHY,37.12,-27.09
DIG_LOT04_COMP0504,LOT_04,DIGITAL_IC,CQFP-64,DIG-SIH-2026,THERMAL_BURN_IN,T04_0504,PROC-ISRO-IISU-01,ATE-STATION-01,CHAMBER-01,1.0,125.0,5.0,168,IDDQ,ELECTRICAL,uA,1.3232,1015.6252,1015.6787,1015.7534,1014.302,26.237,2.1415,12.586,-0.0226,-0.0072,35.84,36.2,1.3232,1015.6252,1015.6787,1015.7534,1014.302,50.0,False,NOMINAL,HEALTHY,-9.86,-31.43
DIG_LOT04_COMP0505,LOT_04,DIGITAL_IC,CQFP-64,DIG-SIH-2026,THERMAL_BURN_IN,T04_0505,PROC-ISRO-IISU-01,ATE-STATION-01,CHAMBER-01,1.0,125.0,5.0,168,IDDQ,ELECTRICAL,uA,1.1705,906.3074,906.4233,906.4017,905.1369,23.122,2.2879,11.714,0.0041,0.0772,36.11,35.72,1.1705,906.3074,906.4233,906.4017,905.1369,50.0,False,NOMINAL,HEALTHY,19.39,45.31
DIG_LOT04_COMP0506,LOT_04,DIGITAL_IC,CQFP-64,DIG-SIH-2026,THERMAL_BURN_IN,T04_0506,PROC-ISRO-IISU-01,ATE-STATION-01,CHAMBER-01,1.0,125.0,5.0,168,IDDQ,ELECTRICAL,uA,1.5544,1187.0672,1187.1606,1187.1872,1185.5128,26.359,2.3768,12.247,-0.0346,-0.057,36.61,36.79,1.5544,1187.0672,1187.1606,1187.1872,1185.5128,50.0,False,NOMINAL,HEALTHY,-32.78,34.69
DIG_LOT04_COMP0507,LOT_04,DIGITAL_IC,CQFP-64,DIG-SIH-2026,THERMAL_BURN_IN,T04_0507,PROC-ISRO-IISU-01,ATE-STATION-01,CHAMBER-01,1.0,125.0,5.0,168,IDDQ,ELECTRICAL,uA,1.2856,999.4942,999.5662,999.6306,998.2086,24.146,1.6657,12.71,0.002,0.0972,36.63,37.19,1.2856,999.4942,999.5662,999.6306,998.2086,50.0,False,NOMINAL,HEALTHY,41.2,46.57
DIG_LOT04_COMP0508,LOT_04,DIGITAL_IC,CQFP-64,DIG-SIH-2026,THERMAL_BURN_IN,T04_0508,PROC-ISRO-IISU-01,ATE-STATION-01,CHAMBER-01,1.0,125.0,5.0,168,IDDQ,ELECTRICAL,uA,1.5966,1264.9993,1265.1029,1265.2793,1263.4027,24.718,1.9936,11.752,-0.0342,-0.0507,35.1,35.12,1.5966,1264.9993,1265.1029,1265.2793,1263.4027,50.0,False,NOMINAL,HEALTHY,29.88,39.1
DIG_LOT04_COMP0509,LOT_04,DIGITAL_IC,CQFP-64,DIG-SIH-2026,THERMAL_BURN_IN,T04_0509,PROC-ISRO-IISU-01,ATE-STATION-01,CHAMBER-01,1.0,125.0,5.0,168,IDDQ,ELECTRICAL,uA,1.091,877.3957,877.5174,877.4968,876.3047,24.054,2.1218,13.485,-0.0202,0.0089,33.45,34.0,1.091,877.3957,877.5174,877.4968,876.3047,50.0,False,NOMINAL,HEALTHY,35.62,28.2
DIG_LOT04_COMP0510,LOT_04,DIGITAL_IC,CQFP-64,DIG-SIH-2026,THERMAL_BURN_IN,T04_0510,PROC-ISRO-IISU-01,ATE-STATION-01,CHAMBER-01,1.0,125.0,5.0,168,IDDQ,ELECTRICAL,uA,1.3648,1047.4197,1047.4715,1047.553,1046.0549,28.28,1.9417,11.059,-0.0337,0.0252,35.32,34.8,1.3648,1047.4197,1047.4715,1047.553,1046.0549,50.0,False,NOMINAL,HEALTHY,-17.78,-0.96
DIG_LOT04_COMP0511,LOT_04,DIGITAL_IC,CQFP-64,DIG-SIH-2026,THERMAL_BURN_IN,T04_0511,PROC-ISRO-IISU-01,ATE-STATION-01,CHAMBER-01,1.0,125.0,5.0,168,IDDQ,ELECTRICAL,uA,1.1138,867.7432,867.8404,867.9033,866.6294,28.643,2.3513,12.573,-0.006,0.0585,35.31,36.24,1.1138,867.7432,867.8404,867.9033,866.6294,50.0,False,NOMINAL,HEALTHY,0.7,-22.26
DIG_LOT04_COMP0512,LOT_04,DIGITAL_IC,CQFP-64,DIG-SIH-2026,THERMAL_BURN_IN,T04_0512,PROC-ISRO-IISU-01,ATE-STATION-01,CHAMBER-01,1.0,125.0,5.0,168,IDDQ,ELECTRICAL,uA,1.3888,1073.1076,1073.1479,1073.2265,1071.7188,21.573,1.8484,11.89,-0.007,-0.0363,32.71,32.45,1.3888,1073.1076,1073.1479,1073.2265,1071.7188,50.0,False,NOMINAL,HEALTHY,-8.09,6.74
DIG_LOT04_COMP0513,LOT_04,DIGITAL_IC,CQFP-64,DIG-SIH-2026,THERMAL_BURN_IN,T04_0513,PROC-ISRO-IISU-01,ATE-STATION-01,CHAMBER-01,1.0,125.0,5.0,168,IDDQ,ELECTRICAL,uA,1.3684,1053.8885,1054.0042,1054.0037,1052.5201,25.896,2.1135,12.448,-0.0435,-0.0301,34.73,35.16,1.3684,1053.8885,1054.0042,1054.0037,1052.5201,50.0,False,NOMINAL,HEALTHY,-46.61,3.27
DIG_LOT04_COMP0514,LOT_04,DIGITAL_IC,CQFP-64,DIG-SIH-2026,THERMAL_BURN_IN,T04_0514,PROC-ISRO-IISU-01,ATE-STATION-01,CHAMBER-01,1.0,125.0,5.0,168,IDDQ,ELECTRICAL,uA,1.3528,1044.2054,1044.2854,1044.3054,1042.8526,25.258,2.3194,12.805,0.0203,-0.0255,35.59,35.32,1.3528,1044.2054,1044.2854,1044.3054,1042.8526,50.0,False,NOMINAL,HEALTHY,-10.28,23.75
DIG_LOT04_COMP0515,LOT_04,DIGITAL_IC,CQFP-64,DIG-SIH-2026,THERMAL_BURN_IN,T04_0515,PROC-ISRO-IISU-01,ATE-STATION-01,CHAMBER-01,1.0,125.0,5.0,168,IDDQ,ELECTRICAL,uA,1.4128,1096.5203,1096.6084,1096.6653,1095.1075,22.648,1.8311,11.692,-0.0053,0.0191,32.77,33.14,1.4128,1096.5203,1096.6084,1096.6653,1095.1075,50.0,False,NOMINAL,HEALTHY,-31.59,47.43
DIG_LOT04_COMP0516,LOT_04,DIGITAL_IC,CQFP-64,DIG-SIH-2026,THERMAL_BURN_IN,T04_0516,PROC-ISRO-IISU-01,ATE-STATION-01,CHAMBER-01,1.0,125.0,5.0,168,IDDQ,ELECTRICAL,uA,1.1889,924.0576,924.1295,924.1605,922.8687,25.75,1.9476,10.997,0.0514,0.0728,34.26,35.23,1.1889,924.0576,924.1295,924.1605,922.8687,50.0,False,NOMINAL,HEALTHY,3.16,0.3
DIG_LOT04_COMP0517,LOT_04,DIGITAL_IC,CQFP-64,DIG-SIH-2026,THERMAL_BURN_IN,T04_0517,PROC-ISRO-IISU-01,ATE-STATION-01,CHAMBER-01,1.0,125.0,5.0,168,IDDQ,ELECTRICAL,uA,1.2431,974.0721,974.0931,974.132,972.829,25.977,2.3376,12.195,-0.018,-0.0609,34.29,34.45,1.2431,974.0721,974.0931,974.132,972.829,50.0,False,NOMINAL,HEALTHY,-39.14,-18.77
DIG_LOT04_COMP0518,LOT_04,DIGITAL_IC,CQFP-64,DIG-SIH-2026,THERMAL_BURN_IN,T04_0518,PROC-ISRO-IISU-01,ATE-STATION-01,CHAMBER-01,1.0,125.0,5.0,168,IDDQ,ELECTRICAL,uA,1.4659,1144.7562,1144.8472,1144.9215,1143.2903,24.17,1.9339,13.305,0.0166,-0.0523,34.54,34.64,1.4659,1144.7562,1144.8472,1144.9215,1143.2903,50.0,False,NOMINAL,HEALTHY,32.48,-48.21
DIG_LOT04_COMP0519,LOT_04,DIGITAL_IC,CQFP-64,DIG-SIH-2026,THERMAL_BURN_IN,T04_0519,PROC-ISRO-IISU-01,ATE-STATION-01,CHAMBER-01,1.0,125.0,5.0,168,IDDQ,ELECTRICAL,uA,1.2519,965.6312,965.7114,965.7882,964.3793,27.492,1.8445,12.918,-0.0037,0.0363,35.45,35.56,1.2519,965.6312,965.7114,965.7882,964.3793,50.0,False,NOMINAL,HEALTHY,-40.6,1.62
DIG_LOT04_COMP0520,LOT_04,DIGITAL_IC,CQFP-64,DIG-SIH-2026,THERMAL_BURN_IN,T04_0520,PROC-ISRO-IISU-01,ATE-STATION-01,CHAMBER-01,1.0,125.0,5.0,168,IDDQ,ELECTRICAL,uA,1.2454,974.5339,974.6026,974.6738,973.2885,26.495,1.6203,11.711,-0.0125,-0.1166,34.43,34.61,1.2454,974.5339,974.6026,974.6738,973.2885,50.0,False,NOMINAL,HEALTHY,43.36,6.87
DIG_LOT04_COMP0521,LOT_04,DIGITAL_IC,CQFP-64,DIG-SIH-2026,THERMAL_BURN_IN,T04_0521,PROC-ISRO-IISU-01,ATE-STATION-01,CHAMBER-01,1.0,125.0,5.0,168,IDDQ,ELECTRICAL,uA,1.293,975.4899,975.5756,975.5861,974.1969,25.49,1.7786,13.059,-0.0034,0.0044,33.75,33.33,1.293,975.4899,975.5756,975.5861,974.1969,50.0,False,NOMINAL,HEALTHY,-5.44,-39.93
DIG_LOT04_COMP0522,LOT_04,DIGITAL_IC,CQFP-64,DIG-SIH-2026,THERMAL_BURN_IN,T04_0522,PROC-ISRO-IISU-01,ATE-STATION-01,CHAMBER-01,1.0,125.0,5.0,168,IDDQ,ELECTRICAL,uA,1.4002,1054.8724,1054.9708,1055.0432,1053.4722,25.52,1.8495,10.47,0.0153,0.0463,34.22,34.75,1.4002,1054.8724,1054.9708,1055.0432,1053.4722,50.0,False,NOMINAL,HEALTHY,-43.92,16.34
DIG_LOT04_COMP0523,LOT_04,DIGITAL_IC,CQFP-64,DIG-SIH-2026,THERMAL_BURN_IN,T04_0523,PROC-ISRO-IISU-01,ATE-STATION-01,CHAMBER-01,1.0,125.0,5.0,168,IDDQ,ELECTRICAL,uA,1.4845,1132.9378,1133.0116,1133.0947,1131.4533,25.87,1.5932,12.265,-0.0105,0.0167,35.4,35.49,1.4845,1132.9378,1133.0116,1133.0947,1131.4533,50.0,False,NOMINAL,HEALTHY,-27.96,12.75
DIG_LOT04_COMP0524,LOT_04,DIGITAL_IC,CQFP-64,DIG-SIH-2026,THERMAL_BURN_IN,T04_0524,PROC-ISRO-IISU-01,ATE-STATION-01,CHAMBER-01,1.0,125.0,5.0,168,IDDQ,ELECTRICAL,uA,1.4805,1128.0395,1128.1202,1128.2586,1126.559,25.231,2.1054,13.033,0.0224,-0.0015,33.99,34.29,1.4805,1128.0395,1128.1202,1128.2586,1126.559,50.0,False,NOMINAL,HEALTHY,11.48,44.47
DIG_LOT04_COMP0525,LOT_04,DIGITAL_IC,CQFP-64,DIG-SIH-2026,THERMAL_BURN_IN,T04_0525,PROC-ISRO-IISU-01,ATE-STATION-01,CHAMBER-01,1.0,125.0,5.0,168,IDDQ,ELECTRICAL,uA,1.0776,854.4398,854.507,854.5326,853.3622,24.422,1.7149,11.903,0.0132,0.0218,35.68,35.93,1.0776,854.4398,854.507,854.5326,853.3622,50.0,False,NOMINAL,HEALTHY,-27.97,-18.09
DIG_LOT04_COMP0526,LOT_04,DIGITAL_IC,CQFP-64,DIG-SIH-2026,THERMAL_BURN_IN,T04_0526,PROC-ISRO-IISU-01,ATE-STATION-01,CHAMBER-01,1.0,125.0,5.0,168,IDDQ,ELECTRICAL,uA,1.5363,1191.5068,1191.6418,1191.6449,1189.9705,23.405,1.9938,11.851,-0.0208,0.0281,36.01,36.22,1.5363,1191.5068,1191.6418,1191.6449,1189.9705,50.0,False,NOMINAL,HEALTHY,42.06,10.09
DIG_LOT04_COMP0527,LOT_04,DIGITAL_IC,CQFP-64,DIG-SIH-2026,THERMAL_BURN_IN,T04_0527,PROC-ISRO-IISU-01,ATE-STATION-01,CHAMBER-01,1.0,125.0,5.0,168,IDDQ,ELECTRICAL,uA,1.2623,995.7065,995.7658,995.8016,994.4442,22.202,2.0386,12.817,-0.003,0.0709,35.43,35.53,1.2623,995.7065,995.7658,995.8016,994.4442,50.0,False,NOMINAL,HEALTHY,16.3,-8.43
DIG_LOT04_COMP0528,LOT_04,DIGITAL_IC,CQFP-64,DIG-SIH-2026,THERMAL_BURN_IN,T04_0528,PROC-ISRO-IISU-01,ATE-STATION-01,CHAMBER-01,1.0,125.0,5.0,168,IDDQ,ELECTRICAL,uA,1.5327,1193.0022,1193.0909,1193.0847,1191.4695,22.456,2.1601,11.975,0.0133,-0.0108,34.03,34.64,1.5327,1193.0022,1193.0909,1193.0847,1191.4695,50.0,False,NOMINAL,HEALTHY,36.77,-45.12
DIG_LOT04_COMP0529,LOT_04,DIGITAL_IC,CQFP-64,DIG-SIH-2026,THERMAL_BURN_IN,T04_0529,PROC-ISRO-IISU-01,ATE-STATION-01,CHAMBER-01,1.0,125.0,5.0,168,IDDQ,ELECTRICAL,uA,1.575,1213.8692,1213.9852,1213.9945,1212.2942,24.819,1.8968,13.186,-0.0127,-0.0549,33.88,33.7,1.575,1213.8692,1213.9852,1213.9945,1212.2942,50.0,False,NOMINAL,HEALTHY,31.56,30.53
DIG_LOT04_COMP0530,LOT_04,DIGITAL_IC,CQFP-64,DIG-SIH-2026,THERMAL_BURN_IN,T04_0530,PROC-ISRO-IISU-01,ATE-STATION-01,CHAMBER-01,1.0,125.0,5.0,168,IDDQ,ELECTRICAL,uA,1.21,935.9994,936.0522,936.101,934.7894,27.072,1.4507,14.041,0.0046,0.1353,34.1,34.43,1.21,935.9994,936.0522,936.101,934.7894,50.0,False,NOMINAL,HEALTHY,-22.1,-24.12
DIG_LOT04_COMP0531,LOT_04,DIGITAL_IC,CQFP-64,DIG-SIH-2026,THERMAL_BURN_IN,T04_0531,PROC-ISRO-IISU-01,ATE-STATION-01,CHAMBER-01,1.0,125.0,5.0,168,IDDQ,ELECTRICAL,uA,1.2872,985.922,986.0138,986.0124,984.6348,23.519,2.0832,12.375,-0.0122,0.018,36.32,36.74,1.2872,985.922,986.0138,986.0124,984.6348,50.0,False,NOMINAL,HEALTHY,30.75,22.06
DIG_LOT04_COMP0532,LOT_04,DIGITAL_IC,CQFP-64,DIG-SIH-2026,THERMAL_BURN_IN,T04_0532,PROC-ISRO-IISU-01,ATE-STATION-01,CHAMBER-01,1.0,125.0,5.0,168,IDDQ,ELECTRICAL,uA,1.2582,969.4912,969.5937,969.6215,968.233,28.123,1.7722,12.646,0.0276,0.0263,34.46,34.77,1.2582,969.4912,969.5937,969.6215,968.233,50.0,False,NOMINAL,HEALTHY,9.35,17.77
DIG_LOT04_COMP0533,LOT_04,DIGITAL_IC,CQFP-64,DIG-SIH-2026,THERMAL_BURN_IN,T04_0533,PROC-ISRO-IISU-01,ATE-STATION-01,CHAMBER-01,1.0,125.0,5.0,168,IDDQ,ELECTRICAL,uA,1.1413,875.1638,875.1917,875.2194,874.0225,26.558,1.7106,13.008,0.0303,0.0752,35.46,35.76,1.1413,875.1638,875.1917,875.2194,874.0225,50.0,False,NOMINAL,HEALTHY,-10.04,11.59
DIG_LOT04_COMP0534,LOT_04,DIGITAL_IC,CQFP-64,DIG-SIH-2026,THERMAL_BURN_IN,T04_0534,PROC-ISRO-IISU-01,ATE-STATION-01,CHAMBER-01,1.0,125.0,5.0,168,IDDQ,ELECTRICAL,uA,1.529,1168.655,1168.7424,1168.8246,1167.126,26.32,1.6628,12.624,-0.0316,-0.1382,34.63,34.15,1.529,1168.655,1168.7424,1168.8246,1167.126,50.0,False,NOMINAL,HEALTHY,22.93,26.6
DIG_LOT04_COMP0535,LOT_04,DIGITAL_IC,CQFP-64,DIG-SIH-2026,THERMAL_BURN_IN,T04_0535,PROC-ISRO-IISU-01,ATE-STATION-01,CHAMBER-01,1.0,125.0,5.0,168,IDDQ,ELECTRICAL,uA,1.2931,989.267,989.3236,989.4434,987.9739,25.73,1.7084,11.103,-0.0011,-0.0537,37.28,36.54,1.2931,989.267,989.3236,989.4434,987.9739,50.0,False,NOMINAL,HEALTHY,-31.46,-3.29
DIG_LOT04_COMP0536,LOT_04,DIGITAL_IC,CQFP-64,DIG-SIH-2026,THERMAL_BURN_IN,T04_0536,PROC-ISRO-IISU-01,ATE-STATION-01,CHAMBER-01,1.0,125.0,5.0,168,IDDQ,ELECTRICAL,uA,1.136,882.8308,882.9023,882.9338,881.6948,26.508,1.6418,11.227,-0.0175,-0.0076,35.64,36.08,1.136,882.8308,882.9023,882.9338,881.6948,50.0,False,NOMINAL,HEALTHY,-5.85,-29.94
DIG_LOT04_COMP0537,LOT_04,DIGITAL_IC,CQFP-64,DIG-SIH-2026,THERMAL_BURN_IN,T04_0537,PROC-ISRO-IISU-01,ATE-STATION-01,CHAMBER-01,1.0,125.0,5.0,168,IDDQ,ELECTRICAL,uA,1.2161,940.0481,940.1111,940.1971,938.832,26.397,2.082,12.265,-0.0033,-0.0303,35.74,35.64,1.2161,940.0481,940.1111,940.1971,938.832,50.0,False,NOMINAL,HEALTHY,-37.6,-13.57
DIG_LOT04_COMP0538,LOT_04,DIGITAL_IC,CQFP-64,DIG-SIH-2026,THERMAL_BURN_IN,T04_0538,PROC-ISRO-IISU-01,ATE-STATION-01,CHAMBER-01,1.0,125.0,5.0,168,IDDQ,ELECTRICAL,uA,1.4634,1125.8192,1125.889,1125.9509,1124.3558,25.012,1.9999,13.107,-0.0193,-0.1273,33.78,34.12,1.4634,1125.8192,1125.889,1125.9509,1124.3558,50.0,False,NOMINAL,HEALTHY,16.5,-22.8
DIG_LOT04_COMP0539,LOT_04,DIGITAL_IC,CQFP-64,DIG-SIH-2026,THERMAL_BURN_IN,T04_0539,PROC-ISRO-IISU-01,ATE-STATION-01,CHAMBER-01,1.0,125.0,5.0,168,IDDQ,ELECTRICAL,uA,1.2163,931.3328,931.3857,931.4229,930.1165,24.995,2.0287,13.907,-0.0091,0.0152,34.39,34.92,1.2163,931.3328,931.3857,931.4229,930.1165,50.0,False,NOMINAL,HEALTHY,36.16,-38.82
DIG_LOT04_COMP0540,LOT_04,DIGITAL_IC,CQFP-64,DIG-SIH-2026,THERMAL_BURN_IN,T04_0540,PROC-ISRO-IISU-01,ATE-STATION-01,CHAMBER-01,1.0,125.0,5.0,168,IDDQ,ELECTRICAL,uA,1.5183,1165.718,1165.7698,1165.8112,1164.1997,24.69,1.6096,11.131,0.0183,-0.0193,36.74,36.53,1.5183,1165.718,1165.7698,1165.8112,1164.1997,50.0,False,NOMINAL,HEALTHY,-37.53,-34.78
DIG_LOT04_COMP0541,LOT_04,DIGITAL_IC,CQFP-64,DIG-SIH-2026,THERMAL_BURN_IN,T04_0541,PROC-ISRO-IISU-01,ATE-STATION-01,CHAMBER-01,1.0,125.0,5.0,168,IDDQ,ELECTRICAL,uA,1.2996,1003.6954,1003.7279,1003.804,1002.3958,24.638,2.2579,13.237,-0.0459,-0.0656,35.8,36.05,1.2996,1003.6954,1003.7279,1003.804,1002.3958,50.0,False,NOMINAL,HEALTHY,-39.49,21.7
DIG_LOT04_COMP0542,LOT_04,DIGITAL_IC,CQFP-64,DIG-SIH-2026,THERMAL_BURN_IN,T04_0542,PROC-ISRO-IISU-01,ATE-STATION-01,CHAMBER-01,1.0,125.0,5.0,168,IDDQ,ELECTRICAL,uA,1.292,1001.5209,1001.6275,1001.5969,1000.2289,25.722,1.8786,12.42,-0.0126,-0.0108,35.3,34.88,1.292,1001.5209,1001.6275,1001.5969,1000.2289,50.0,False,NOMINAL,HEALTHY,23.54,22.16
DIG_LOT04_COMP0543,LOT_04,DIGITAL_IC,CQFP-64,DIG-SIH-2026,THERMAL_BURN_IN,T04_0543,PROC-ISRO-IISU-01,ATE-STATION-01,CHAMBER-01,1.0,125.0,5.0,168,IDDQ,ELECTRICAL,uA,1.6349,1263.6336,1263.7456,1263.7585,1261.9987,24.562,2.2096,12.489,0.0025,0.1005,33.32,33.59,1.6349,1263.6336,1263.7456,1263.7585,1261.9987,50.0,False,NOMINAL,HEALTHY,30.19,48.81
DIG_LOT04_COMP0544,LOT_04,DIGITAL_IC,CQFP-64,DIG-SIH-2026,THERMAL_BURN_IN,T04_0544,PROC-ISRO-IISU-01,ATE-STATION-01,CHAMBER-01,1.0,125.0,5.0,168,IDDQ,ELECTRICAL,uA,1.3425,1023.8285,1023.8689,1023.9652,1022.486,23.463,1.7956,12.288,0.018,0.0916,33.1,32.88,1.3425,1023.8285,1023.8689,1023.9652,1022.486,50.0,False,NOMINAL,HEALTHY,46.96,-39.24
DIG_LOT04_COMP0545,LOT_04,DIGITAL_IC,CQFP-64,DIG-SIH-2026,THERMAL_BURN_IN,T04_0545,PROC-ISRO-IISU-01,ATE-STATION-01,CHAMBER-01,1.0,125.0,5.0,168,IDDQ,ELECTRICAL,uA,1.4721,1137.0288,1137.1157,1137.1711,1135.5567,27.416,2.2181,12.632,-0.0216,-0.0336,33.68,33.09,1.4721,1137.0288,1137.1157,1137.1711,1135.5567,50.0,False,NOMINAL,HEALTHY,-22.06,-22.52
DIG_LOT04_COMP0546,LOT_04,DIGITAL_IC,CQFP-64,DIG-SIH-2026,THERMAL_BURN_IN,T04_0546,PROC-ISRO-IISU-01,ATE-STATION-01,CHAMBER-01,1.0,125.0,5.0,168,IDDQ,ELECTRICAL,uA,1.3001,999.7255,999.7932,999.834,998.4254,25.103,2.0973,12.385,-0.01,0.0417,34.9,34.95,1.3001,999.7255,999.7932,999.834,998.4254,50.0,False,NOMINAL,HEALTHY,-9.96,26.04
DIG_LOT04_COMP0547,LOT_04,DIGITAL_IC,CQFP-64,DIG-SIH-2026,THERMAL_BURN_IN,T04_0547,PROC-ISRO-IISU-01,ATE-STATION-01,CHAMBER-01,1.0,125.0,5.0,168,IDDQ,ELECTRICAL,uA,0.9534,705.9899,706.0311,706.0636,705.0365,23.515,1.8495,12.276,0.0058,-0.0562,34.63,35.13,0.9534,705.9899,706.0311,706.0636,705.0365,50.0,False,NOMINAL,HEALTHY,-12.97,14.9
DIG_LOT04_COMP0548,LOT_04,DIGITAL_IC,CQFP-64,DIG-SIH-2026,THERMAL_BURN_IN,T04_0548,PROC-ISRO-IISU-01,ATE-STATION-01,CHAMBER-01,1.0,125.0,5.0,168,IDDQ,ELECTRICAL,uA,1.3175,1025.5235,1025.559,1025.6275,1024.206,22.078,1.7181,12.262,-0.0274,-0.0237,32.28,32.77,1.3175,1025.5235,1025.559,1025.6275,1024.206,50.0,False,NOMINAL,HEALTHY,18.04,-29.55
DIG_LOT04_COMP0549,LOT_04,DIGITAL_IC,CQFP-64,DIG-SIH-2026,THERMAL_BURN_IN,T04_0549,PROC-ISRO-IISU-01,ATE-STATION-01,CHAMBER-01,1.0,125.0,5.0,168,IDDQ,ELECTRICAL,uA,1.4099,1074.5983,1074.7148,1074.674,1073.1884,27.536,1.4272,12.264,0.0065,0.0184,37.56,36.22,1.4099,1074.5983,1074.7148,1074.674,1073.1884,50.0,False,NOMINAL,HEALTHY,-11.93,-1.1
DIG_LOT04_COMP0550,LOT_04,DIGITAL_IC,CQFP-64,DIG-SIH-2026,THERMAL_BURN_IN,T04_0550,PROC-ISRO-IISU-01,ATE-STATION-01,CHAMBER-01,1.0,125.0,5.0,168,IDDQ,ELECTRICAL,uA,1.206,939.6087,939.6828,939.7282,938.4027,25.86,2.0379,11.759,0.0112,-0.017,35.31,35.34,1.206,939.6087,939.6828,939.7282,938.4027,50.0,False,NOMINAL,HEALTHY,-11.14,9.57
DIG_LOT04_COMP0551,LOT_04,DIGITAL_IC,CQFP-64,DIG-SIH-2026,THERMAL_BURN_IN,T04_0551,PROC-ISRO-IISU-01,ATE-STATION-01,CHAMBER-01,1.0,125.0,5.0,168,IDDQ,ELECTRICAL,uA,1.2052,942.4489,942.5063,942.575,941.2437,26.176,2.0248,11.867,-0.0064,-0.0249,32.28,32.45,1.2052,942.4489,942.5063,942.575,941.2437,50.0,False,NOMINAL,HEALTHY,2.13,48.95
DIG_LOT04_COMP0552,LOT_04,DIGITAL_IC,CQFP-64,DIG-SIH-2026,THERMAL_BURN_IN,T04_0552,PROC-ISRO-IISU-01,ATE-STATION-01,CHAMBER-01,1.0,125.0,5.0,168,IDDQ,ELECTRICAL,uA,1.2884,995.6007,995.717,995.6699,994.3123,22.909,1.7776,12.108,0.0105,-0.0304,35.09,34.16,1.2884,995.6007,995.717,995.6699,994.3123,50.0,False,NOMINAL,HEALTHY,5.42,-17.45
DIG_LOT04_COMP0553,LOT_04,DIGITAL_IC,CQFP-64,DIG-SIH-2026,THERMAL_BURN_IN,T04_0553,PROC-ISRO-IISU-01,ATE-STATION-01,CHAMBER-01,1.0,125.0,5.0,168,IDDQ,ELECTRICAL,uA,1.3447,1037.6165,1037.7109,1037.7594,1036.2718,22.647,1.8082,12.89,-0.0104,-0.0027,34.84,34.96,1.3447,1037.6165,1037.7109,1037.7594,1036.2718,50.0,False,NOMINAL,HEALTHY,42.84,-30.25
DIG_LOT04_COMP0554,LOT_04,DIGITAL_IC,CQFP-64,DIG-SIH-2026,THERMAL_BURN_IN,T04_0554,PROC-ISRO-IISU-01,ATE-STATION-01,CHAMBER-01,1.0,125.0,5.0,168,IDDQ,ELECTRICAL,uA,1.0223,779.9084,779.9054,779.999,778.8861,24.09,2.0569,13.647,-0.0004,0.0184,38.37,38.01,1.0223,779.9084,779.9054,779.999,778.8861,50.0,False,NOMINAL,HEALTHY,22.92,19.77
DIG_LOT04_COMP0555,LOT_04,DIGITAL_IC,CQFP-64,DIG-SIH-2026,THERMAL_BURN_IN,T04_0555,PROC-ISRO-IISU-01,ATE-STATION-01,CHAMBER-01,1.0,125.0,5.0,168,IDDQ,ELECTRICAL,uA,1.3123,1025.4364,1033.9672,1183.826,1024.1241,26.009,1.7597,12.107,-0.0144,0.0297,36.04,35.88,1.3123,1025.4364,1033.9672,1183.826,1024.1241,50.0,True,THERMAL_RUNAWAY,HEALTHY,47.86,-1.68
DIG_LOT04_COMP0556,LOT_04,DIGITAL_IC,CQFP-64,DIG-SIH-2026,THERMAL_BURN_IN,T04_0556,PROC-ISRO-IISU-01,ATE-STATION-01,CHAMBER-01,1.0,125.0,5.0,168,IDDQ,ELECTRICAL,uA,1.3507,1035.3593,1035.3839,1035.5014,1034.0086,24.992,2.1008,12.358,0.0166,0.0319,36.96,36.67,1.3507,1035.3593,1035.3839,1035.5014,1034.0086,50.0,False,NOMINAL,HEALTHY,1.68,17.36
DIG_LOT04_COMP0557,LOT_04,DIGITAL_IC,CQFP-64,DIG-SIH-2026,THERMAL_BURN_IN,T04_0557,PROC-ISRO-IISU-01,ATE-STATION-01,CHAMBER-01,1.0,125.0,5.0,168,IDDQ,ELECTRICAL,uA,1.1566,887.9381,888.0463,888.0395,886.7815,25.069,2.1805,12.272,0.0018,0.0209,34.17,33.69,1.1566,887.9381,888.0463,888.0395,886.7815,50.0,False,NOMINAL,HEALTHY,17.08,12.86
DIG_LOT04_COMP0558,LOT_04,DIGITAL_IC,CQFP-64,DIG-SIH-2026,THERMAL_BURN_IN,T04_0558,PROC-ISRO-IISU-01,ATE-STATION-01,CHAMBER-01,1.0,125.0,5.0,168,IDDQ,ELECTRICAL,uA,1.5672,1204.0897,1204.1783,1204.237,1202.5225,23.892,1.4313,14.652,-0.0041,-0.008,34.94,34.96,1.5672,1204.0897,1204.1783,1204.237,1202.5225,50.0,False,NOMINAL,HEALTHY,-38.7,-32.06
DIG_LOT04_COMP0559,LOT_04,DIGITAL_IC,CQFP-64,DIG-SIH-2026,THERMAL_BURN_IN,T04_0559,PROC-ISRO-IISU-01,ATE-STATION-01,CHAMBER-01,1.0,125.0,5.0,168,IDDQ,ELECTRICAL,uA,1.2837,984.5615,984.5991,984.6424,983.2778,25.479,2.106,12.819,-0.0032,0.0214,34.47,34.55,1.2837,984.5615,984.5991,984.6424,983.2778,50.0,False,NOMINAL,HEALTHY,42.02,-49.12
DIG_LOT04_COMP0560,LOT_04,DIGITAL_IC,CQFP-64,DIG-SIH-2026,THERMAL_BURN_IN,T04_0560,PROC-ISRO-IISU-01,ATE-STATION-01,CHAMBER-01,1.0,125.0,5.0,168,IDDQ,ELECTRICAL,uA,1.5548,1202.5893,1202.6709,1202.7194,1201.0345,24.639,1.9213,13.09,0.0057,-0.0018,34.09,34.2,1.5548,1202.5893,1202.6709,1202.7194,1201.0345,50.0,False,NOMINAL,HEALTHY,-28.12,-9.3
DIG_LOT04_COMP0561,LOT_04,DIGITAL_IC,CQFP-64,DIG-SIH-2026,THERMAL_BURN_IN,T04_0561,PROC-ISRO-IISU-01,ATE-STATION-01,CHAMBER-01,1.0,125.0,5.0,168,IDDQ,ELECTRICAL,uA,1.3044,1004.1486,1004.2191,1004.2864,1002.8442,23.818,1.7977,12.887,-0.0019,-0.0101,35.14,34.41,1.3044,1004.1486,1004.2191,1004.2864,1002.8442,50.0,False,NOMINAL,HEALTHY,15.13,46.81
DIG_LOT04_COMP0562,LOT_04,DIGITAL_IC,CQFP-64,DIG-SIH-2026,THERMAL_BURN_IN,T04_0562,PROC-ISRO-IISU-01,ATE-STATION-01,CHAMBER-01,1.0,125.0,5.0,168,IDDQ,ELECTRICAL,uA,1.4184,1090.7252,1090.7893,1090.8663,1089.3068,26.926,1.9636,12.879,0.03,-0.0431,32.36,31.96,1.4184,1090.7252,1090.7893,1090.8663,1089.3068,50.0,False,NOMINAL,HEALTHY,43.09,1.68
DIG_LOT04_COMP0563,LOT_04,DIGITAL_IC,CQFP-64,DIG-SIH-2026,THERMAL_BURN_IN,T04_0563,PROC-ISRO-IISU-01,ATE-STATION-01,CHAMBER-01,1.0,125.0,5.0,168,IDDQ,ELECTRICAL,uA,1.3974,1062.3183,1062.4032,1062.4518,1060.9209,24.885,1.3441,12.96,-0.0206,-0.1254,34.97,35.34,1.3974,1062.3183,1062.4032,1062.4518,1060.9209,50.0,False,NOMINAL,HEALTHY,39.89,-40.78
DIG_LOT04_COMP0564,LOT_04,DIGITAL_IC,CQFP-64,DIG-SIH-2026,THERMAL_BURN_IN,T04_0564,PROC-ISRO-IISU-01,ATE-STATION-01,CHAMBER-01,1.0,125.0,5.0,168,IDDQ,ELECTRICAL,uA,1.468,1142.6652,1142.7447,1142.7826,1141.1972,26.073,2.0185,12.725,-0.0057,-0.0014,33.87,33.09,1.468,1142.6652,1142.7447,1142.7826,1141.1972,50.0,False,NOMINAL,HEALTHY,11.18,-38.13
DIG_LOT04_COMP0565,LOT_04,DIGITAL_IC,CQFP-64,DIG-SIH-2026,THERMAL_BURN_IN,T04_0565,PROC-ISRO-IISU-01,ATE-STATION-01,CHAMBER-01,1.0,125.0,5.0,168,IDDQ,ELECTRICAL,uA,1.5149,1162.6689,1162.7348,1162.765,1161.154,25.212,2.0943,10.244,0.0026,0.1002,34.6,34.52,1.5149,1162.6689,1162.7348,1162.765,1161.154,50.0,False,NOMINAL,HEALTHY,3.56,-12.41
DIG_LOT04_COMP0566,LOT_04,DIGITAL_IC,CQFP-64,DIG-SIH-2026,THERMAL_BURN_IN,T04_0566,PROC-ISRO-IISU-01,ATE-STATION-01,CHAMBER-01,1.0,125.0,5.0,168,IDDQ,ELECTRICAL,uA,1.239,943.7494,943.7945,943.8235,942.5104,24.448,1.9398,13.574,0.0111,-0.03,33.22,32.6,1.239,943.7494,943.7945,943.8235,942.5104,50.0,False,NOMINAL,HEALTHY,-10.82,-11.28
DIG_LOT04_COMP0567,LOT_04,DIGITAL_IC,CQFP-64,DIG-SIH-2026,THERMAL_BURN_IN,T04_0567,PROC-ISRO-IISU-01,ATE-STATION-01,CHAMBER-01,1.0,125.0,5.0,168,IDDQ,ELECTRICAL,uA,1.3446,1043.0069,1043.078,1043.147,1041.6623,26.262,1.5556,12.616,-0.002,0.0167,34.6,33.62,1.3446,1043.0069,1043.078,1043.147,1041.6623,50.0,False,NOMINAL,HEALTHY,-45.62,-16.44
DIG_LOT04_COMP0568,LOT_04,DIGITAL_IC,CQFP-64,DIG-SIH-2026,THERMAL_BURN_IN,T04_0568,PROC-ISRO-IISU-01,ATE-STATION-01,CHAMBER-01,1.0,125.0,5.0,168,IDDQ,ELECTRICAL,uA,1.2155,952.5664,952.6455,952.6955,951.3509,25.553,2.0124,11.566,0.0148,0.0039,35.08,35.05,1.2155,952.5664,952.6455,952.6955,951.3509,50.0,False,NOMINAL,HEALTHY,28.78,-31.73
DIG_LOT04_COMP0569,LOT_04,DIGITAL_IC,CQFP-64,DIG-SIH-2026,THERMAL_BURN_IN,T04_0569,PROC-ISRO-IISU-01,ATE-STATION-01,CHAMBER-01,1.0,125.0,5.0,168,IDDQ,ELECTRICAL,uA,1.3076,1014.931,1014.9869,1015.0512,1013.6234,23.925,1.9169,12.052,0.036,0.0889,37.31,37.36,1.3076,1014.931,1014.9869,1015.0512,1013.6234,50.0,False,NOMINAL,HEALTHY,38.73,12.61
DIG_LOT04_COMP0570,LOT_04,DIGITAL_IC,CQFP-64,DIG-SIH-2026,THERMAL_BURN_IN,T04_0570,PROC-ISRO-IISU-01,ATE-STATION-01,CHAMBER-01,1.0,125.0,5.0,168,IDDQ,ELECTRICAL,uA,1.1633,911.9812,911.973,912.0797,910.8179,23.688,2.5379,12.768,-0.0293,0.0226,36.97,37.1,1.1633,911.9812,911.973,912.0797,910.8179,50.0,False,NOMINAL,HEALTHY,36.72,33.9
DIG_LOT04_COMP0571,LOT_04,DIGITAL_IC,CQFP-64,DIG-SIH-2026,THERMAL_BURN_IN,T04_0571,PROC-ISRO-IISU-01,ATE-STATION-01,CHAMBER-01,1.0,125.0,5.0,168,IDDQ,ELECTRICAL,uA,1.162,900.3695,900.4189,900.4861,899.2075,22.639,2.2503,11.362,0.0139,-0.0349,34.13,33.92,1.162,900.3695,900.4189,900.4861,899.2075,50.0,False,NOMINAL,HEALTHY,-46.07,-47.37
DIG_LOT04_COMP0572,LOT_04,DIGITAL_IC,CQFP-64,DIG-SIH-2026,THERMAL_BURN_IN,T04_0572,PROC-ISRO-IISU-01,ATE-STATION-01,CHAMBER-01,1.0,125.0,5.0,168,IDDQ,ELECTRICAL,uA,1.0722,829.9017,829.9533,829.9729,828.8295,24.704,1.6228,12.321,0.0064,0.0478,33.27,32.96,1.0722,829.9017,829.9533,829.9729,828.8295,50.0,False,NOMINAL,HEALTHY,-33.07,19.31
DIG_LOT04_COMP0573,LOT_04,DIGITAL_IC,CQFP-64,DIG-SIH-2026,THERMAL_BURN_IN,T04_0573,PROC-ISRO-IISU-01,ATE-STATION-01,CHAMBER-01,1.0,125.0,5.0,168,IDDQ,ELECTRICAL,uA,1.1773,900.2766,900.3284,900.3927,899.0993,23.874,1.7578,12.505,0.027,0.0088,35.45,35.55,1.1773,900.2766,900.3284,900.3927,899.0993,50.0,False,NOMINAL,HEALTHY,18.57,-5.24
DIG_LOT04_COMP0574,LOT_04,DIGITAL_IC,CQFP-64,DIG-SIH-2026,THERMAL_BURN_IN,T04_0574,PROC-ISRO-IISU-01,ATE-STATION-01,CHAMBER-01,1.0,125.0,5.0,168,IDDQ,ELECTRICAL,uA,1.276,984.2235,984.2752,984.3342,982.9475,26.184,2.178,12.016,-0.0182,-0.0091,37.29,38.53,1.276,984.2235,984.2752,984.3342,982.9475,50.0,False,NOMINAL,HEALTHY,-26.7,-47.17
DIG_LOT04_COMP0575,LOT_04,DIGITAL_IC,CQFP-64,DIG-SIH-2026,THERMAL_BURN_IN,T04_0575,PROC-ISRO-IISU-01,ATE-STATION-01,CHAMBER-01,1.0,125.0,5.0,168,IDDQ,ELECTRICAL,uA,0.9424,714.684,714.7197,714.782,713.7416,21.754,2.0299,12.47,0.007,-0.052,34.55,34.3,0.9424,714.684,714.7197,714.782,713.7416,50.0,False,NOMINAL,HEALTHY,23.31,21.15
DIG_LOT04_COMP0576,LOT_04,DIGITAL_IC,CQFP-64,DIG-SIH-2026,THERMAL_BURN_IN,T04_0576,PROC-ISRO-IISU-01,ATE-STATION-01,CHAMBER-01,1.0,125.0,5.0,168,IDDQ,ELECTRICAL,uA,5.7727,4455.7403,4456.0302,4456.1135,4449.9676,26.372,2.0734,11.071,-0.0115,-0.0764,33.53,33.03,5.7727,4455.7403,4456.0302,4456.1135,4449.9676,50.0,True,SPATIAL_OUTLIER,HEALTHY,-39.84,49.85
DIG_LOT04_COMP0577,LOT_04,DIGITAL_IC,CQFP-64,DIG-SIH-2026,THERMAL_BURN_IN,T04_0577,PROC-ISRO-IISU-01,ATE-STATION-01,CHAMBER-01,1.0,125.0,5.0,168,IDDQ,ELECTRICAL,uA,1.0661,822.1012,822.1266,822.2147,821.0351,26.713,2.662,12.583,0.0397,0.0674,34.06,33.89,1.0661,822.1012,822.1266,822.2147,821.0351,50.0,False,NOMINAL,HEALTHY,-45.0,-10.25
DIG_LOT04_COMP0578,LOT_04,DIGITAL_IC,CQFP-64,DIG-SIH-2026,THERMAL_BURN_IN,T04_0578,PROC-ISRO-IISU-01,ATE-STATION-01,CHAMBER-01,1.0,125.0,5.0,168,IDDQ,ELECTRICAL,uA,1.2378,955.6194,955.6687,955.7081,954.3816,26.393,2.0197,12.232,0.0103,-0.0269,34.65,34.07,1.2378,955.6194,955.6687,955.7081,954.3816,50.0,False,NOMINAL,HEALTHY,39.85,-10.21
DIG_LOT04_COMP0579,LOT_04,DIGITAL_IC,CQFP-64,DIG-SIH-2026,THERMAL_BURN_IN,T04_0579,PROC-ISRO-IISU-01,ATE-STATION-01,CHAMBER-01,1.0,125.0,5.0,168,IDDQ,ELECTRICAL,uA,1.242,963.5844,963.6504,963.6797,962.3424,25.459,2.3775,13.278,-0.0192,-0.0283,35.51,34.77,1.242,963.5844,963.6504,963.6797,962.3424,50.0,False,NOMINAL,HEALTHY,49.32,48.47
DIG_LOT04_COMP0580,LOT_04,DIGITAL_IC,CQFP-64,DIG-SIH-2026,THERMAL_BURN_IN,T04_0580,PROC-ISRO-IISU-01,ATE-STATION-01,CHAMBER-01,1.0,125.0,5.0,168,IDDQ,ELECTRICAL,uA,1.1669,913.6493,913.7202,913.7992,912.4824,23.94,1.8153,11.643,0.0059,0.0059,35.62,34.92,1.1669,913.6493,913.7202,913.7992,912.4824,50.0,False,NOMINAL,HEALTHY,33.87,10.73
DIG_LOT04_COMP0581,LOT_04,DIGITAL_IC,CQFP-64,DIG-SIH-2026,THERMAL_BURN_IN,T04_0581,PROC-ISRO-IISU-01,ATE-STATION-01,CHAMBER-01,1.0,125.0,5.0,168,IDDQ,ELECTRICAL,uA,1.0624,828.2961,828.346,828.3639,827.2337,26.646,2.5012,12.643,-0.0031,0.0117,35.52,34.97,1.0624,828.2961,828.346,828.3639,827.2337,50.0,False,NOMINAL,HEALTHY,49.75,40.16
DIG_LOT04_COMP0582,LOT_04,DIGITAL_IC,CQFP-64,DIG-SIH-2026,THERMAL_BURN_IN,T04_0582,PROC-ISRO-IISU-01,ATE-STATION-01,CHAMBER-01,1.0,125.0,5.0,168,IDDQ,ELECTRICAL,uA,1.2671,972.5446,972.5875,972.6649,971.2775,23.367,2.2428,12.576,-0.0162,0.0226,34.52,34.83,1.2671,972.5446,972.5875,972.6649,971.2775,50.0,False,NOMINAL,HEALTHY,-44.69,-32.29
DIG_LOT04_COMP0583,LOT_04,DIGITAL_IC,CQFP-64,DIG-SIH-2026,THERMAL_BURN_IN,T04_0583,PROC-ISRO-IISU-01,ATE-STATION-01,CHAMBER-01,1.0,125.0,5.0,168,IDDQ,ELECTRICAL,uA,1.5446,1204.4582,1204.5035,1204.6222,1202.9136,26.047,2.3929,11.851,-0.017,-0.0963,33.4,32.71,1.5446,1204.4582,1204.5035,1204.6222,1202.9136,50.0,False,NOMINAL,HEALTHY,48.62,-24.8
DIG_LOT04_COMP0584,LOT_04,DIGITAL_IC,CQFP-64,DIG-SIH-2026,THERMAL_BURN_IN,T04_0584,PROC-ISRO-IISU-01,ATE-STATION-01,CHAMBER-01,1.0,125.0,5.0,168,IDDQ,ELECTRICAL,uA,1.3807,1068.0635,1068.1523,1068.158,1066.6828,23.934,1.9261,14.268,0.0186,-0.0178,34.49,35.12,1.3807,1068.0635,1068.1523,1068.158,1066.6828,50.0,False,NOMINAL,HEALTHY,-45.32,-17.67
DIG_LOT04_COMP0585,LOT_04,DIGITAL_IC,CQFP-64,DIG-SIH-2026,THERMAL_BURN_IN,T04_0585,PROC-ISRO-IISU-01,ATE-STATION-01,CHAMBER-01,1.0,125.0,5.0,168,IDDQ,ELECTRICAL,uA,1.3167,1015.9571,1016.0861,1016.1684,1014.6404,23.828,1.8217,11.994,0.0091,-0.007,33.32,33.27,1.3167,1015.9571,1016.0861,1016.1684,1014.6404,50.0,False,NOMINAL,HEALTHY,42.0,-14.93
DIG_LOT04_COMP0586,LOT_04,DIGITAL_IC,CQFP-64,DIG-SIH-2026,THERMAL_BURN_IN,T04_0586,PROC-ISRO-IISU-01,ATE-STATION-01,CHAMBER-01,1.0,125.0,5.0,168,IDDQ,ELECTRICAL,uA,1.6727,1275.3885,1275.5162,1275.6098,1273.7158,22.431,2.3093,11.511,-0.0448,-0.0228,33.01,33.71,1.6727,1275.3885,1275.5162,1275.6098,1273.7158,50.0,False,NOMINAL,HEALTHY,24.73,-14.91
DIG_LOT04_COMP0587,LOT_04,DIGITAL_IC,CQFP-64,DIG-SIH-2026,THERMAL_BURN_IN,T04_0587,PROC-ISRO-IISU-01,ATE-STATION-01,CHAMBER-01,1.0,125.0,5.0,168,IDDQ,ELECTRICAL,uA,1.3222,1010.1547,1010.2824,1010.3389,1008.8325,25.602,2.3356,12.129,-0.0034,-0.0263,35.19,35.29,1.3222,1010.1547,1010.2824,1010.3389,1008.8325,50.0,False,NOMINAL,HEALTHY,46.99,38.9
DIG_LOT04_COMP0588,LOT_04,DIGITAL_IC,CQFP-64,DIG-SIH-2026,THERMAL_BURN_IN,T04_0588,PROC-ISRO-IISU-01,ATE-STATION-01,CHAMBER-01,1.0,125.0,5.0,168,IDDQ,ELECTRICAL,uA,1.2686,973.559,973.6293,973.6501,972.2904,22.537,2.4202,12.981,0.0071,0.0452,36.19,35.8,1.2686,973.559,973.6293,973.6501,972.2904,50.0,False,NOMINAL,HEALTHY,42.32,-8.0
DIG_LOT04_COMP0589,LOT_04,DIGITAL_IC,CQFP-64,DIG-SIH-2026,THERMAL_BURN_IN,T04_0589,PROC-ISRO-IISU-01,ATE-STATION-01,CHAMBER-01,1.0,125.0,5.0,168,IDDQ,ELECTRICAL,uA,1.2545,970.8176,970.919,970.8782,969.5631,23.851,1.7426,13.195,0.0199,0.1749,34.27,34.18,1.2545,970.8176,970.919,970.8782,969.5631,50.0,False,NOMINAL,HEALTHY,26.73,-17.49
DIG_LOT04_COMP0590,LOT_04,DIGITAL_IC,CQFP-64,DIG-SIH-2026,THERMAL_BURN_IN,T04_0590,PROC-ISRO-IISU-01,ATE-STATION-01,CHAMBER-01,1.0,125.0,5.0,168,IDDQ,ELECTRICAL,uA,1.3432,1041.3902,1041.4524,1041.5177,1040.047,23.97,1.606,12.869,-0.0014,0.047,35.29,34.56,1.3432,1041.3902,1041.4524,1041.5177,1040.047,50.0,False,NOMINAL,HEALTHY,-20.08,-46.44
DIG_LOT04_COMP0591,LOT_04,DIGITAL_IC,CQFP-64,DIG-SIH-2026,THERMAL_BURN_IN,T04_0591,PROC-ISRO-IISU-01,ATE-STATION-01,CHAMBER-01,1.0,125.0,5.0,168,IDDQ,ELECTRICAL,uA,1.2706,956.6188,956.694,956.8115,955.3482,25.161,1.7551,12.362,0.0088,0.0608,34.98,33.94,1.2706,956.6188,956.694,956.8115,955.3482,50.0,False,NOMINAL,HEALTHY,43.31,36.86
DIG_LOT04_COMP0592,LOT_04,DIGITAL_IC,CQFP-64,DIG-SIH-2026,THERMAL_BURN_IN,T04_0592,PROC-ISRO-IISU-01,ATE-STATION-01,CHAMBER-01,1.0,125.0,5.0,168,IDDQ,ELECTRICAL,uA,1.4229,1085.9719,1086.0017,1086.0839,1084.549,23.414,1.9517,12.399,0.002,0.0364,34.85,35.07,1.4229,1085.9719,1086.0017,1086.0839,1084.549,50.0,False,NOMINAL,HEALTHY,-4.13,-5.35
DIG_LOT04_COMP0593,LOT_04,DIGITAL_IC,CQFP-64,DIG-SIH-2026,THERMAL_BURN_IN,T04_0593,PROC-ISRO-IISU-01,ATE-STATION-01,CHAMBER-01,1.0,125.0,5.0,168,IDDQ,ELECTRICAL,uA,1.4479,1137.5232,1137.6536,1137.6437,1136.0753,23.897,1.5808,11.844,-0.0038,0.0243,34.69,34.34,1.4479,1137.5232,1137.6536,1137.6437,1136.0753,50.0,False,NOMINAL,HEALTHY,-1.79,-49.11
DIG_LOT04_COMP0594,LOT_04,DIGITAL_IC,CQFP-64,DIG-SIH-2026,THERMAL_BURN_IN,T04_0594,PROC-ISRO-IISU-01,ATE-STATION-01,CHAMBER-01,1.0,125.0,5.0,168,IDDQ,ELECTRICAL,uA,1.5003,1147.8493,1147.9609,1148.0435,1146.349,25.974,1.6996,10.752,0.0069,0.0337,34.38,35.06,1.5003,1147.8493,1147.9609,1148.0435,1146.349,50.0,False,NOMINAL,HEALTHY,-41.32,32.87
DIG_LOT04_COMP0595,LOT_04,DIGITAL_IC,CQFP-64,DIG-SIH-2026,THERMAL_BURN_IN,T04_0595,PROC-ISRO-IISU-01,ATE-STATION-01,CHAMBER-01,1.0,125.0,5.0,168,IDDQ,ELECTRICAL,uA,1.2161,914.8806,914.9498,915.0191,913.6645,23.439,1.7661,12.638,0.0109,-0.0391,33.91,34.39,1.2161,914.8806,914.9498,915.0191,913.6645,50.0,False,NOMINAL,HEALTHY,21.44,29.81
DIG_LOT04_COMP0596,LOT_04,DIGITAL_IC,CQFP-64,DIG-SIH-2026,THERMAL_BURN_IN,T04_0596,PROC-ISRO-IISU-01,ATE-STATION-01,CHAMBER-01,1.0,125.0,5.0,168,IDDQ,ELECTRICAL,uA,1.5275,1177.5508,1177.6233,1177.6818,1176.0233,24.396,2.0236,13.195,-0.0001,-0.0814,34.54,34.57,1.5275,1177.5508,1177.6233,1177.6818,1176.0233,50.0,False,NOMINAL,HEALTHY,19.53,30.57
DIG_LOT04_COMP0597,LOT_04,DIGITAL_IC,CQFP-64,DIG-SIH-2026,THERMAL_BURN_IN,T04_0597,PROC-ISRO-IISU-01,ATE-STATION-01,CHAMBER-01,1.0,125.0,5.0,168,IDDQ,ELECTRICAL,uA,1.2637,983.8046,983.8912,983.8884,982.5409,26.431,1.4773,12.229,-0.0012,-0.0186,34.33,35.08,1.2637,983.8046,983.8912,983.8884,982.5409,50.0,False,NOMINAL,HEALTHY,11.92,-17.08
DIG_LOT04_COMP0598,LOT_04,DIGITAL_IC,CQFP-64,DIG-SIH-2026,THERMAL_BURN_IN,T04_0598,PROC-ISRO-IISU-01,ATE-STATION-01,CHAMBER-01,1.0,125.0,5.0,168,IDDQ,ELECTRICAL,uA,1.2104,926.4547,926.5644,926.6072,925.2443,26.448,1.5841,12.599,-0.0042,-0.1206,37.67,38.67,1.2104,926.4547,926.5644,926.6072,925.2443,50.0,False,NOMINAL,HEALTHY,-26.6,4.42
DIG_LOT04_COMP0599,LOT_04,DIGITAL_IC,CQFP-64,DIG-SIH-2026,THERMAL_BURN_IN,T04_0599,PROC-ISRO-IISU-01,ATE-STATION-01,CHAMBER-01,1.0,125.0,5.0,168,IDDQ,ELECTRICAL,uA,1.4777,1118.0974,1118.1921,1118.2701,1116.6197,24.837,1.8386,12.757,-0.0186,0.0084,35.39,35.57,1.4777,1118.0974,1118.1921,1118.2701,1116.6197,50.0,False,NOMINAL,HEALTHY,-12.75,34.87
DIG_LOT04_COMP0600,LOT_04,DIGITAL_IC,CQFP-64,DIG-SIH-2026,THERMAL_BURN_IN,T04_0600,PROC-ISRO-IISU-01,ATE-STATION-01,CHAMBER-01,1.0,125.0,5.0,168,IDDQ,ELECTRICAL,uA,1.2025,927.108,927.1971,927.3047,925.9055,23.306,1.976,12.19,-0.0001,-0.0411,35.18,35.98,1.2025,927.108,927.1971,927.3047,925.9055,50.0,False,NOMINAL,HEALTHY,1.33,-49.79
DIG_LOT04_COMP0601,LOT_04,DIGITAL_IC,CQFP-64,DIG-SIH-2026,THERMAL_BURN_IN,T04_0601,PROC-ISRO-IISU-01,ATE-STATION-01,CHAMBER-01,1.0,125.0,5.0,168,IDDQ,ELECTRICAL,uA,1.3207,1014.7858,1014.8121,1014.863,1013.4651,26.221,2.1125,13.082,0.0017,0.0037,34.39,34.25,1.3207,1014.7858,1014.8121,1014.863,1013.4651,50.0,False,NOMINAL,HEALTHY,-12.97,-10.94
DIG_LOT04_COMP0602,LOT_04,DIGITAL_IC,CQFP-64,DIG-SIH-2026,THERMAL_BURN_IN,T04_0602,PROC-ISRO-IISU-01,ATE-STATION-01,CHAMBER-01,1.0,125.0,5.0,168,IDDQ,ELECTRICAL,uA,1.177,930.29,930.3523,930.4404,929.113,26.118,1.9226,12.098,0.0012,-0.0813,35.81,35.92,1.177,930.29,930.3523,930.4404,929.113,50.0,False,NOMINAL,HEALTHY,31.77,-48.91
DIG_LOT04_COMP0603,LOT_04,DIGITAL_IC,CQFP-64,DIG-SIH-2026,THERMAL_BURN_IN,T04_0603,PROC-ISRO-IISU-01,ATE-STATION-01,CHAMBER-01,1.0,125.0,5.0,168,IDDQ,ELECTRICAL,uA,1.1373,890.6421,890.6727,890.6813,889.5048,24.492,1.7114,12.201,-0.0486,-0.0539,34.72,34.9,1.1373,890.6421,890.6727,890.6813,889.5048,50.0,False,NOMINAL,HEALTHY,-26.29,-1.99
DIG_LOT04_COMP0604,LOT_04,DIGITAL_IC,CQFP-64,DIG-SIH-2026,THERMAL_BURN_IN,T04_0604,PROC-ISRO-IISU-01,ATE-STATION-01,CHAMBER-01,1.0,125.0,5.0,168,IDDQ,ELECTRICAL,uA,1.3417,1033.4317,1033.542,1033.5589,1032.09,24.428,1.6868,12.471,0.0151,-0.0638,35.82,35.66,1.3417,1033.4317,1033.542,1033.5589,1032.09,50.0,False,NOMINAL,HEALTHY,39.24,43.89
DIG_LOT04_COMP0605,LOT_04,DIGITAL_IC,CQFP-64,DIG-SIH-2026,THERMAL_BURN_IN,T04_0605,PROC-ISRO-IISU-01,ATE-STATION-01,CHAMBER-01,1.0,125.0,5.0,168,IDDQ,ELECTRICAL,uA,1.1785,934.2981,934.3763,934.4307,933.1196,28.313,1.9094,13.88,-0.0143,0.01,32.83,32.43,1.1785,934.2981,934.3763,934.4307,933.1196,50.0,False,NOMINAL,HEALTHY,26.1,-33.27
DIG_LOT04_COMP0606,LOT_04,DIGITAL_IC,CQFP-64,DIG-SIH-2026,THERMAL_BURN_IN,T04_0606,PROC-ISRO-IISU-01,ATE-STATION-01,CHAMBER-01,1.0,125.0,5.0,168,IDDQ,ELECTRICAL,uA,1.4085,1084.4839,1084.6003,1084.6453,1083.0754,25.11,1.9393,13.102,-0.0181,-0.1143,37.65,37.9,1.4085,1084.4839,1084.6003,1084.6453,1083.0754,50.0,False,NOMINAL,HEALTHY,38.59,45.69
DIG_LOT04_COMP0607,LOT_04,DIGITAL_IC,CQFP-64,DIG-SIH-2026,THERMAL_BURN_IN,T04_0607,PROC-ISRO-IISU-01,ATE-STATION-01,CHAMBER-01,1.0,125.0,5.0,168,IDDQ,ELECTRICAL,uA,1.0467,800.8174,800.8981,800.8695,799.7707,25.695,2.3868,13.586,0.0266,-0.05,35.97,36.93,1.0467,800.8174,800.8981,800.8695,799.7707,50.0,False,NOMINAL,HEALTHY,-12.88,23.85
DIG_LOT04_COMP0608,LOT_04,DIGITAL_IC,CQFP-64,DIG-SIH-2026,THERMAL_BURN_IN,T04_0608,PROC-ISRO-IISU-01,ATE-STATION-01,CHAMBER-01,1.0,125.0,5.0,168,IDDQ,ELECTRICAL,uA,1.4959,1137.5512,1137.681,1137.7284,1136.0553,24.325,2.6997,14.041,0.0439,-0.0242,35.63,35.48,1.4959,1137.5512,1137.681,1137.7284,1136.0553,50.0,False,NOMINAL,HEALTHY,-21.07,-12.78
DIG_LOT04_COMP0609,LOT_04,DIGITAL_IC,CQFP-64,DIG-SIH-2026,THERMAL_BURN_IN,T04_0609,PROC-ISRO-IISU-01,ATE-STATION-01,CHAMBER-01,1.0,125.0,5.0,168,IDDQ,ELECTRICAL,uA,1.1549,875.1325,875.2014,875.2438,873.9776,26.079,1.9119,12.433,0.0019,0.0158,33.96,33.28,1.1549,875.1325,875.2014,875.2438,873.9776,50.0,False,NOMINAL,HEALTHY,-36.78,12.28
DIG_LOT04_COMP0610,LOT_04,DIGITAL_IC,CQFP-64,DIG-SIH-2026,THERMAL_BURN_IN,T04_0610,PROC-ISRO-IISU-01,ATE-STATION-01,CHAMBER-01,1.0,125.0,5.0,168,IDDQ,ELECTRICAL,uA,1.706,1329.2995,1329.3903,1329.4251,1327.5935,23.909,1.5176,13.359,0.0233,-0.0211,34.58,34.95,1.706,1329.2995,1329.3903,1329.4251,1327.5935,50.0,False,NOMINAL,HEALTHY,6.9,-28.8
DIG_LOT04_COMP0611,LOT_04,DIGITAL_IC,CQFP-64,DIG-SIH-2026,THERMAL_BURN_IN,T04_0611,PROC-ISRO-IISU-01,ATE-STATION-01,CHAMBER-01,1.0,125.0,5.0,168,IDDQ,ELECTRICAL,uA,1.0205,788.4156,788.4942,788.5504,787.3951,22.749,1.8597,12.216,0.0152,0.149,36.08,35.69,1.0205,788.4156,788.4942,788.5504,787.3951,50.0,False,NOMINAL,HEALTHY,11.33,27.73
DIG_LOT04_COMP0612,LOT_04,DIGITAL_IC,CQFP-64,DIG-SIH-2026,THERMAL_BURN_IN,T04_0612,PROC-ISRO-IISU-01,ATE-STATION-01,CHAMBER-01,1.0,125.0,5.0,168,IDDQ,ELECTRICAL,uA,1.2493,975.8463,975.9584,975.9675,974.597,24.49,1.7894,12.654,-0.0126,0.0151,34.53,34.37,1.2493,975.8463,975.9584,975.9675,974.597,50.0,False,NOMINAL,HEALTHY,-28.11,-21.21
DIG_LOT04_COMP0613,LOT_04,DIGITAL_IC,CQFP-64,DIG-SIH-2026,THERMAL_BURN_IN,T04_0613,PROC-ISRO-IISU-01,ATE-STATION-01,CHAMBER-01,1.0,125.0,5.0,168,IDDQ,ELECTRICAL,uA,1.1707,909.4637,909.5108,909.5782,908.293,23.603,2.2223,13.16,-0.006,0.0093,35.9,35.46,1.1707,909.4637,909.5108,909.5782,908.293,50.0,False,NOMINAL,HEALTHY,-16.02,14.77
DIG_LOT04_COMP0614,LOT_04,DIGITAL_IC,CQFP-64,DIG-SIH-2026,THERMAL_BURN_IN,T04_0614,PROC-ISRO-IISU-01,ATE-STATION-01,CHAMBER-01,1.0,125.0,5.0,168,IDDQ,ELECTRICAL,uA,1.3641,1044.2609,1044.319,1044.401,1042.8968,24.525,2.0597,12.175,0.0352,0.0569,36.64,37.0,1.3641,1044.2609,1044.319,1044.401,1042.8968,50.0,False,NOMINAL,HEALTHY,-17.49,19.31
DIG_LOT04_COMP0615,LOT_04,DIGITAL_IC,CQFP-64,DIG-SIH-2026,THERMAL_BURN_IN,T04_0615,PROC-ISRO-IISU-01,ATE-STATION-01,CHAMBER-01,1.0,125.0,5.0,168,IDDQ,ELECTRICAL,uA,1.2405,946.4149,946.4872,946.6016,945.1744,24.938,1.4194,14.407,-0.0109,0.0184,35.43,36.44,1.2405,946.4149,946.4872,946.6016,945.1744,50.0,False,NOMINAL,HEALTHY,1.79,-17.0
DIG_LOT04_COMP0616,LOT_04,DIGITAL_IC,CQFP-64,DIG-SIH-2026,THERMAL_BURN_IN,T04_0616,PROC-ISRO-IISU-01,ATE-STATION-01,CHAMBER-01,1.0,125.0,5.0,168,IDDQ,ELECTRICAL,uA,1.3869,1057.8478,1057.9313,1058.0117,1056.4609,25.347,1.9397,13.289,0.0092,0.0732,36.99,36.68,1.3869,1057.8478,1057.9313,1058.0117,1056.4609,50.0,False,NOMINAL,HEALTHY,-24.45,12.28
DIG_LOT04_COMP0617,LOT_04,DIGITAL_IC,CQFP-64,DIG-SIH-2026,THERMAL_BURN_IN,T04_0617,PROC-ISRO-IISU-01,ATE-STATION-01,CHAMBER-01,1.0,125.0,5.0,168,IDDQ,ELECTRICAL,uA,1.3198,1034.6879,1034.7728,1034.8521,1033.3681,23.657,2.2056,12.316,-0.0223,0.0134,36.26,36.58,1.3198,1034.6879,1034.7728,1034.8521,1033.3681,50.0,False,NOMINAL,HEALTHY,-46.28,44.43
DIG_LOT04_COMP0618,LOT_04,DIGITAL_IC,CQFP-64,DIG-SIH-2026,THERMAL_BURN_IN,T04_0618,PROC-ISRO-IISU-01,ATE-STATION-01,CHAMBER-01,1.0,125.0,5.0,168,IDDQ,ELECTRICAL,uA,0.9937,750.7108,750.7903,750.8168,749.7171,24.527,2.4129,12.076,-0.0109,-0.0214,36.02,35.31,0.9937,750.7108,750.7903,750.8168,749.7171,50.0,False,NOMINAL,HEALTHY,17.83,-38.65
DIG_LOT04_COMP0619,LOT_04,DIGITAL_IC,CQFP-64,DIG-SIH-2026,THERMAL_BURN_IN,T04_0619,PROC-ISRO-IISU-01,ATE-STATION-01,CHAMBER-01,1.0,125.0,5.0,168,IDDQ,ELECTRICAL,uA,1.6143,1226.4359,1226.5807,1226.6447,1224.8216,26.955,1.9436,12.372,-0.0181,0.1255,34.33,34.0,1.6143,1226.4359,1226.5807,1226.6447,1224.8216,50.0,False,NOMINAL,HEALTHY,-25.23,31.34
DIG_LOT04_COMP0620,LOT_04,DIGITAL_IC,CQFP-64,DIG-SIH-2026,THERMAL_BURN_IN,T04_0620,PROC-ISRO-IISU-01,ATE-STATION-01,CHAMBER-01,1.0,125.0,5.0,168,IDDQ,ELECTRICAL,uA,1.2843,1011.6098,1011.6449,1011.6855,1010.3255,24.419,1.5887,13.833,0.0146,-0.0584,34.42,34.73,1.2843,1011.6098,1011.6449,1011.6855,1010.3255,50.0,False,NOMINAL,HEALTHY,39.08,8.06
DIG_LOT04_COMP0621,LOT_04,DIGITAL_IC,CQFP-64,DIG-SIH-2026,THERMAL_BURN_IN,T04_0621,PROC-ISRO-IISU-01,ATE-STATION-01,CHAMBER-01,1.0,125.0,5.0,168,IDDQ,ELECTRICAL,uA,1.2597,970.78,970.8729,970.9078,969.5203,26.613,2.3396,11.122,-0.0179,0.1243,33.01,32.46,1.2597,970.78,970.8729,970.9078,969.5203,50.0,False,NOMINAL,HEALTHY,18.35,-28.92
DIG_LOT04_COMP0622,LOT_04,DIGITAL_IC,CQFP-64,DIG-SIH-2026,THERMAL_BURN_IN,T04_0622,PROC-ISRO-IISU-01,ATE-STATION-01,CHAMBER-01,1.0,125.0,5.0,168,IDDQ,ELECTRICAL,uA,1.3008,1003.519,1003.5453,1003.6084,1002.2182,23.257,2.226,11.862,0.0207,-0.0532,36.02,36.21,1.3008,1003.519,1003.5453,1003.6084,1002.2182,50.0,False,NOMINAL,HEALTHY,15.02,-26.42
DIG_LOT04_COMP0623,LOT_04,DIGITAL_IC,CQFP-64,DIG-SIH-2026,THERMAL_BURN_IN,T04_0623,PROC-ISRO-IISU-01,ATE-STATION-01,CHAMBER-01,1.0,125.0,5.0,168,IDDQ,ELECTRICAL,uA,1.0818,815.0316,815.0904,815.1241,813.9498,25.037,2.1476,12.61,-0.0196,0.0327,33.69,34.58,1.0818,815.0316,815.0904,815.1241,813.9498,50.0,False,NOMINAL,HEALTHY,17.33,17.73
DIG_LOT04_COMP0624,LOT_04,DIGITAL_IC,CQFP-64,DIG-SIH-2026,THERMAL_BURN_IN,T04_0624,PROC-ISRO-IISU-01,ATE-STATION-01,CHAMBER-01,1.0,125.0,5.0,168,IDDQ,ELECTRICAL,uA,1.3357,1029.7502,1029.8804,1029.9102,1028.4145,24.769,2.1565,12.071,0.0078,-0.0299,36.14,35.78,1.3357,1029.7502,1029.8804,1029.9102,1028.4145,50.0,False,NOMINAL,HEALTHY,36.46,-24.48
DIG_LOT04_COMP0625,LOT_04,DIGITAL_IC,CQFP-64,DIG-SIH-2026,THERMAL_BURN_IN,T04_0625,PROC-ISRO-IISU-01,ATE-STATION-01,CHAMBER-01,1.0,125.0,5.0,168,IDDQ,ELECTRICAL,uA,1.2783,975.0269,975.0787,975.1084,973.7486,23.739,1.7582,12.596,-0.0185,0.0043,36.05,35.28,1.2783,975.0269,975.0787,975.1084,973.7486,50.0,False,NOMINAL,HEALTHY,-42.99,23.8
DIG_LOT04_COMP0626,LOT_04,DIGITAL_IC,CQFP-64,DIG-SIH-2026,THERMAL_BURN_IN,T04_0626,PROC-ISRO-IISU-01,ATE-STATION-01,CHAMBER-01,1.0,125.0,5.0,168,IDDQ,ELECTRICAL,uA,1.2468,963.7434,963.8092,963.918,962.4966,26.155,2.1715,12.236,-0.018,0.0094,34.86,35.36,1.2468,963.7434,963.8092,963.918,962.4966,50.0,False,NOMINAL,HEALTHY,11.64,9.14
DIG_LOT04_COMP0627,LOT_04,DIGITAL_IC,CQFP-64,DIG-SIH-2026,THERMAL_BURN_IN,T04_0627,PROC-ISRO-IISU-01,ATE-STATION-01,CHAMBER-01,1.0,125.0,5.0,168,IDDQ,ELECTRICAL,uA,1.2358,971.4201,971.5307,971.6001,970.1843,26.063,1.9198,13.159,-0.0213,-0.0139,34.55,34.93,1.2358,971.4201,971.5307,971.6001,970.1843,50.0,False,NOMINAL,HEALTHY,8.92,-41.5
DIG_LOT04_COMP0628,LOT_04,DIGITAL_IC,CQFP-64,DIG-SIH-2026,THERMAL_BURN_IN,T04_0628,PROC-ISRO-IISU-01,ATE-STATION-01,CHAMBER-01,1.0,125.0,5.0,168,IDDQ,ELECTRICAL,uA,1.1451,879.5373,879.5774,879.6786,878.3922,25.805,2.0639,12.507,-0.0018,0.0262,33.66,34.19,1.1451,879.5373,879.5774,879.6786,878.3922,50.0,False,NOMINAL,HEALTHY,-1.7,47.59
DIG_LOT04_COMP0629,LOT_04,DIGITAL_IC,CQFP-64,DIG-SIH-2026,THERMAL_BURN_IN,T04_0629,PROC-ISRO-IISU-01,ATE-STATION-01,CHAMBER-01,1.0,125.0,5.0,168,IDDQ,ELECTRICAL,uA,1.5811,1246.9569,1247.0552,1247.1108,1245.3758,25.469,1.9991,10.973,0.0317,0.0721,33.36,32.97,1.5811,1246.9569,1247.0552,1247.1108,1245.3758,50.0,False,NOMINAL,HEALTHY,24.42,-10.0
DIG_LOT04_COMP0630,LOT_04,DIGITAL_IC,CQFP-64,DIG-SIH-2026,THERMAL_BURN_IN,T04_0630,PROC-ISRO-IISU-01,ATE-STATION-01,CHAMBER-01,1.0,125.0,5.0,168,IDDQ,ELECTRICAL,uA,1.2216,938.5711,938.6578,938.6753,937.3495,24.93,1.9353,13.092,0.0015,0.0237,35.19,35.77,1.2216,938.5711,938.6578,938.6753,937.3495,50.0,False,NOMINAL,HEALTHY,38.59,-16.45
DIG_LOT04_COMP0631,LOT_04,DIGITAL_IC,CQFP-64,DIG-SIH-2026,THERMAL_BURN_IN,T04_0631,PROC-ISRO-IISU-01,ATE-STATION-01,CHAMBER-01,1.0,125.0,5.0,168,IDDQ,ELECTRICAL,uA,1.2946,999.8058,999.8761,999.9288,998.5112,24.675,1.8615,10.536,0.0031,0.0794,34.13,34.21,1.2946,999.8058,999.8761,999.9288,998.5112,50.0,True,DIELECTRIC_OSCILLATION,HEALTHY,12.16,23.67
DIG_LOT04_COMP0632,LOT_04,DIGITAL_IC,CQFP-64,DIG-SIH-2026,THERMAL_BURN_IN,T04_0632,PROC-ISRO-IISU-01,ATE-STATION-01,CHAMBER-01,1.0,125.0,5.0,168,IDDQ,ELECTRICAL,uA,1.1356,887.1231,887.104,887.1813,885.9875,22.696,2.206,12.438,0.025,-0.038,34.71,35.36,1.1356,887.1231,887.104,887.1813,885.9875,50.0,False,NOMINAL,HEALTHY,36.88,34.4
DIG_LOT04_COMP0633,LOT_04,DIGITAL_IC,CQFP-64,DIG-SIH-2026,THERMAL_BURN_IN,T04_0633,PROC-ISRO-IISU-01,ATE-STATION-01,CHAMBER-01,1.0,125.0,5.0,168,IDDQ,ELECTRICAL,uA,1.2448,962.371,962.4332,962.4839,961.1262,23.338,2.478,12.832,-0.0087,-0.0474,37.21,37.67,1.2448,962.371,962.4332,962.4839,961.1262,50.0,False,NOMINAL,HEALTHY,10.96,35.07
DIG_LOT04_COMP0634,LOT_04,DIGITAL_IC,CQFP-64,DIG-SIH-2026,THERMAL_BURN_IN,T04_0634,PROC-ISRO-IISU-01,ATE-STATION-01,CHAMBER-01,1.0,125.0,5.0,168,IDDQ,ELECTRICAL,uA,4.5607,3531.5554,3531.7143,3531.8726,3526.9947,25.471,2.2159,12.073,-0.0123,-0.0697,35.66,35.25,4.5607,3531.5554,3531.7143,3531.8726,3526.9947,50.0,True,SPATIAL_OUTLIER,HEALTHY,35.41,-0.13
DIG_LOT04_COMP0635,LOT_04,DIGITAL_IC,CQFP-64,DIG-SIH-2026,THERMAL_BURN_IN,T04_0635,PROC-ISRO-IISU-01,ATE-STATION-01,CHAMBER-01,1.0,125.0,5.0,168,IDDQ,ELECTRICAL,uA,1.3347,1037.1031,1037.173,1037.1857,1035.7684,26.432,2.2256,13.219,0.0005,-0.0489,32.35,31.83,1.3347,1037.1031,1037.173,1037.1857,1035.7684,50.0,False,NOMINAL,HEALTHY,21.9,21.91
DIG_LOT04_COMP0636,LOT_04,DIGITAL_IC,CQFP-64,DIG-SIH-2026,THERMAL_BURN_IN,T04_0636,PROC-ISRO-IISU-01,ATE-STATION-01,CHAMBER-01,1.0,125.0,5.0,168,IDDQ,ELECTRICAL,uA,1.4613,1129.5182,1129.5886,1129.6616,1128.0569,24.968,2.0522,11.207,0.0151,0.0117,36.45,36.64,1.4613,1129.5182,1129.5886,1129.6616,1128.0569,50.0,False,NOMINAL,HEALTHY,13.32,-13.16
DIG_LOT04_COMP0637,LOT_04,DIGITAL_IC,CQFP-64,DIG-SIH-2026,THERMAL_BURN_IN,T04_0637,PROC-ISRO-IISU-01,ATE-STATION-01,CHAMBER-01,1.0,125.0,5.0,168,IDDQ,ELECTRICAL,uA,1.3061,1021.1151,1021.2097,1021.3036,1019.809,23.525,2.2165,11.647,-0.0038,-0.0057,35.19,34.45,1.3061,1021.1151,1021.2097,1021.3036,1019.809,50.0,False,NOMINAL,HEALTHY,-33.91,-10.19
DIG_LOT04_COMP0638,LOT_04,DIGITAL_IC,CQFP-64,DIG-SIH-2026,THERMAL_BURN_IN,T04_0638,PROC-ISRO-IISU-01,ATE-STATION-01,CHAMBER-01,1.0,125.0,5.0,168,IDDQ,ELECTRICAL,uA,1.3203,1009.2665,1009.381,1009.443,1007.9462,25.282,1.9894,12.818,-0.0339,-0.0008,33.95,33.75,1.3203,1009.2665,1009.381,1009.443,1007.9462,50.0,False,NOMINAL,HEALTHY,-47.57,-48.0
DIG_LOT04_COMP0639,LOT_04,DIGITAL_IC,CQFP-64,DIG-SIH-2026,THERMAL_BURN_IN,T04_0639,PROC-ISRO-IISU-01,ATE-STATION-01,CHAMBER-01,1.0,125.0,5.0,168,IDDQ,ELECTRICAL,uA,1.0811,822.3808,822.4987,822.5657,821.2997,24.003,1.7462,12.909,0.0201,0.0137,35.56,36.42,1.0811,822.3808,822.4987,822.5657,821.2997,50.0,False,NOMINAL,HEALTHY,15.4,-32.84
DIG_LOT04_COMP0640,LOT_04,DIGITAL_IC,CQFP-64,DIG-SIH-2026,THERMAL_BURN_IN,T04_0640,PROC-ISRO-IISU-01,ATE-STATION-01,CHAMBER-01,1.0,125.0,5.0,168,IDDQ,ELECTRICAL,uA,1.2013,943.6258,943.687,943.6525,942.4245,25.028,2.1211,13.773,-0.0004,0.0379,35.4,35.63,1.2013,943.6258,943.687,943.6525,942.4245,50.0,False,NOMINAL,HEALTHY,-41.82,-9.67
DIG_LOT04_COMP0641,LOT_04,DIGITAL_IC,CQFP-64,DIG-SIH-2026,THERMAL_BURN_IN,T04_0641,PROC-ISRO-IISU-01,ATE-STATION-01,CHAMBER-01,1.0,125.0,5.0,168,IDDQ,ELECTRICAL,uA,1.1348,890.5912,890.7116,890.7203,889.4564,26.687,1.0931,14.326,0.0346,0.0289,34.9,34.68,1.1348,890.5912,890.7116,890.7203,889.4564,50.0,False,NOMINAL,HEALTHY,6.22,-49.45
DIG_LOT04_COMP0642,LOT_04,DIGITAL_IC,CQFP-64,DIG-SIH-2026,THERMAL_BURN_IN,T04_0642,PROC-ISRO-IISU-01,ATE-STATION-01,CHAMBER-01,1.0,125.0,5.0,168,IDDQ,ELECTRICAL,uA,1.2684,985.4079,985.5008,985.5472,984.1395,23.036,1.9161,12.904,-0.0007,0.0282,35.49,36.46,1.2684,985.4079,985.5008,985.5472,984.1395,50.0,False,NOMINAL,HEALTHY,-14.31,29.98
DIG_LOT04_COMP0643,LOT_04,DIGITAL_IC,CQFP-64,DIG-SIH-2026,THERMAL_BURN_IN,T04_0643,PROC-ISRO-IISU-01,ATE-STATION-01,CHAMBER-01,1.0,125.0,5.0,168,IDDQ,ELECTRICAL,uA,1.5965,1219.9936,1220.1297,1220.1983,1218.3971,25.746,1.4415,11.079,-0.01,0.0817,33.14,33.58,1.5965,1219.9936,1220.1297,1220.1983,1218.3971,50.0,False,NOMINAL,HEALTHY,26.0,-47.0
DIG_LOT04_COMP0644,LOT_04,DIGITAL_IC,CQFP-64,DIG-SIH-2026,THERMAL_BURN_IN,T04_0644,PROC-ISRO-IISU-01,ATE-STATION-01,CHAMBER-01,1.0,125.0,5.0,168,IDDQ,ELECTRICAL,uA,1.5502,1206.0913,1208.1297,1216.5222,1204.5411,24.505,2.0662,13.249,-0.0037,0.057,35.01,34.83,1.5502,1206.0913,1208.1297,1216.5222,1204.5411,50.0,True,ELECTROMIGRATION,HEALTHY,-44.9,-20.53
DIG_LOT04_COMP0645,LOT_04,DIGITAL_IC,CQFP-64,DIG-SIH-2026,THERMAL_BURN_IN,T04_0645,PROC-ISRO-IISU-01,ATE-STATION-01,CHAMBER-01,1.0,125.0,5.0,168,IDDQ,ELECTRICAL,uA,1.3514,1036.3015,1036.418,1036.422,1034.9501,23.356,2.1612,12.833,0.0009,0.0407,35.09,36.07,1.3514,1036.3015,1036.418,1036.422,1034.9501,50.0,False,NOMINAL,HEALTHY,43.3,-21.39
DIG_LOT04_COMP0646,LOT_04,DIGITAL_IC,CQFP-64,DIG-SIH-2026,THERMAL_BURN_IN,T04_0646,PROC-ISRO-IISU-01,ATE-STATION-01,CHAMBER-01,1.0,125.0,5.0,168,IDDQ,ELECTRICAL,uA,1.3073,1005.2059,1005.2684,1005.3354,1003.8986,26.836,1.8459,12.805,-0.0432,-0.0059,35.48,35.84,1.3073,1005.2059,1005.2684,1005.3354,1003.8986,50.0,False,NOMINAL,HEALTHY,-46.03,23.67
DIG_LOT04_COMP0647,LOT_04,DIGITAL_IC,CQFP-64,DIG-SIH-2026,THERMAL_BURN_IN,T04_0647,PROC-ISRO-IISU-01,ATE-STATION-01,CHAMBER-01,1.0,125.0,5.0,168,IDDQ,ELECTRICAL,uA,1.4287,1086.1422,1086.267,1086.3285,1084.7135,24.0,2.0325,13.191,-0.0052,-0.0354,37.45,38.35,1.4287,1086.1422,1086.267,1086.3285,1084.7135,50.0,False,NOMINAL,HEALTHY,28.52,-29.18
DIG_LOT04_COMP0648,LOT_04,DIGITAL_IC,CQFP-64,DIG-SIH-2026,THERMAL_BURN_IN,T04_0648,PROC-ISRO-IISU-01,ATE-STATION-01,CHAMBER-01,1.0,125.0,5.0,168,IDDQ,ELECTRICAL,uA,1.2203,930.281,930.3416,930.4203,929.0607,27.01,2.0513,14.086,0.0138,-0.0797,33.67,33.02,1.2203,930.281,930.3416,930.4203,929.0607,50.0,False,NOMINAL,HEALTHY,41.78,-46.46
DIG_LOT04_COMP0649,LOT_04,DIGITAL_IC,CQFP-64,DIG-SIH-2026,THERMAL_BURN_IN,T04_0649,PROC-ISRO-IISU-01,ATE-STATION-01,CHAMBER-01,1.0,125.0,5.0,168,IDDQ,ELECTRICAL,uA,1.1751,928.052,928.1447,928.1799,926.8769,24.181,1.9736,12.736,-0.0056,0.0091,37.39,37.74,1.1751,928.052,928.1447,928.1799,926.8769,50.0,False,NOMINAL,HEALTHY,31.54,33.33
DIG_LOT04_COMP0650,LOT_04,DIGITAL_IC,CQFP-64,DIG-SIH-2026,THERMAL_BURN_IN,T04_0650,PROC-ISRO-IISU-01,ATE-STATION-01,CHAMBER-01,1.0,125.0,5.0,168,IDDQ,ELECTRICAL,uA,1.6129,1257.2881,1257.3792,1257.4886,1255.6752,24.999,1.9429,12.831,-0.0225,0.1013,35.62,34.82,1.6129,1257.2881,1257.3792,1257.4886,1255.6752,50.0,False,NOMINAL,HEALTHY,-44.93,-27.48
DIG_LOT04_COMP0651,LOT_04,DIGITAL_IC,CQFP-64,DIG-SIH-2026,THERMAL_BURN_IN,T04_0651,PROC-ISRO-IISU-01,ATE-STATION-01,CHAMBER-01,1.0,125.0,5.0,168,IDDQ,ELECTRICAL,uA,1.4752,1142.5592,1142.589,1142.6397,1141.084,24.556,2.4121,11.594,-0.0129,-0.0672,35.31,34.47,1.4752,1142.5592,1142.589,1142.6397,1141.084,50.0,False,NOMINAL,HEALTHY,-38.73,-43.46
DIG_LOT04_COMP0652,LOT_04,DIGITAL_IC,CQFP-64,DIG-SIH-2026,THERMAL_BURN_IN,T04_0652,PROC-ISRO-IISU-01,ATE-STATION-01,CHAMBER-01,1.0,125.0,5.0,168,IDDQ,ELECTRICAL,uA,1.3384,1040.247,1040.3127,1040.3972,1038.9086,24.768,1.8857,13.011,-0.0198,-0.1452,36.24,36.23,1.3384,1040.247,1040.3127,1040.3972,1038.9086,50.0,False,NOMINAL,HEALTHY,-4.47,-42.51
DIG_LOT04_COMP0653,LOT_04,DIGITAL_IC,CQFP-64,DIG-SIH-2026,THERMAL_BURN_IN,T04_0653,PROC-ISRO-IISU-01,ATE-STATION-01,CHAMBER-01,1.0,125.0,5.0,168,IDDQ,ELECTRICAL,uA,1.596,1228.9929,1229.0883,1229.2226,1227.3969,26.025,1.1917,11.311,-0.0228,-0.0349,35.47,36.02,1.596,1228.9929,1229.0883,1229.2226,1227.3969,50.0,False,NOMINAL,HEALTHY,-48.17,15.68
DIG_LOT04_COMP0654,LOT_04,DIGITAL_IC,CQFP-64,DIG-SIH-2026,THERMAL_BURN_IN,T04_0654,PROC-ISRO-IISU-01,ATE-STATION-01,CHAMBER-01,1.0,125.0,5.0,168,IDDQ,ELECTRICAL,uA,1.4809,1132.8916,1133.0399,1133.1424,1131.4107,23.277,2.0216,12.675,0.0028,-0.0279,35.75,35.82,1.4809,1132.8916,1133.0399,1133.1424,1131.4107,50.0,False,NOMINAL,HEALTHY,-43.79,-9.63
DIG_LOT04_COMP0655,LOT_04,DIGITAL_IC,CQFP-64,DIG-SIH-2026,THERMAL_BURN_IN,T04_0655,PROC-ISRO-IISU-01,ATE-STATION-01,CHAMBER-01,1.0,125.0,5.0,168,IDDQ,ELECTRICAL,uA,1.3225,1014.1017,1014.1089,1014.2211,1012.7792,24.67,2.1624,12.357,0.0003,-0.0156,33.43,33.52,1.3225,1014.1017,1014.1089,1014.2211,1012.7792,50.0,False,NOMINAL,HEALTHY,-0.18,20.4
DIG_LOT04_COMP0656,LOT_04,DIGITAL_IC,CQFP-64,DIG-SIH-2026,THERMAL_BURN_IN,T04_0656,PROC-ISRO-IISU-01,ATE-STATION-01,CHAMBER-01,1.0,125.0,5.0,168,IDDQ,ELECTRICAL,uA,1.4278,1104.8019,1104.8797,1104.9304,1103.3741,22.337,1.9848,13.376,0.026,0.0266,33.52,34.06,1.4278,1104.8019,1104.8797,1104.9304,1103.3741,50.0,False,NOMINAL,HEALTHY,13.92,-29.57
DIG_LOT04_COMP0657,LOT_04,DIGITAL_IC,CQFP-64,DIG-SIH-2026,THERMAL_BURN_IN,T04_0657,PROC-ISRO-IISU-01,ATE-STATION-01,CHAMBER-01,1.0,125.0,5.0,168,IDDQ,ELECTRICAL,uA,1.2639,988.8454,988.9109,988.9793,987.5815,21.939,2.0539,11.631,-0.0395,-0.0464,34.41,34.22,1.2639,988.8454,988.9109,988.9793,987.5815,50.0,False,NOMINAL,HEALTHY,-2.7,-44.79
DIG_LOT04_COMP0658,LOT_04,DIGITAL_IC,CQFP-64,DIG-SIH-2026,THERMAL_BURN_IN,T04_0658,PROC-ISRO-IISU-01,ATE-STATION-01,CHAMBER-01,1.0,125.0,5.0,168,IDDQ,ELECTRICAL,uA,1.0249,792.1662,792.2314,792.3073,791.1413,24.379,1.9457,11.337,-0.0063,-0.0825,35.36,35.62,1.0249,792.1662,792.2314,792.3073,791.1413,50.0,False,NOMINAL,HEALTHY,-42.68,21.01
DIG_LOT04_COMP0659,LOT_04,DIGITAL_IC,CQFP-64,DIG-SIH-2026,THERMAL_BURN_IN,T04_0659,PROC-ISRO-IISU-01,ATE-STATION-01,CHAMBER-01,1.0,125.0,5.0,168,IDDQ,ELECTRICAL,uA,1.2482,974.2453,974.2983,974.2999,972.9971,23.63,1.6562,10.93,-0.0129,-0.07,33.28,33.91,1.2482,974.2453,974.2983,974.2999,972.9971,50.0,False,NOMINAL,HEALTHY,22.61,16.47
DIG_LOT04_COMP0660,LOT_04,DIGITAL_IC,CQFP-64,DIG-SIH-2026,THERMAL_BURN_IN,T04_0660,PROC-ISRO-IISU-01,ATE-STATION-01,CHAMBER-01,1.0,125.0,5.0,168,IDDQ,ELECTRICAL,uA,1.2687,970.8605,970.959,971.0202,969.5918,23.203,2.0287,11.984,-0.0169,0.0243,33.95,35.12,1.2687,970.8605,970.959,971.0202,969.5918,50.0,False,NOMINAL,HEALTHY,-44.1,-26.66
DIG_LOT04_COMP0661,LOT_04,DIGITAL_IC,CQFP-64,DIG-SIH-2026,THERMAL_BURN_IN,T04_0661,PROC-ISRO-IISU-01,ATE-STATION-01,CHAMBER-01,1.0,125.0,5.0,168,IDDQ,ELECTRICAL,uA,1.3261,1037.9408,1038.0036,1038.1128,1036.6147,25.679,2.4783,12.252,-0.0076,0.0384,36.29,36.69,1.3261,1037.9408,1038.0036,1038.1128,1036.6147,50.0,False,NOMINAL,HEALTHY,-1.85,12.03
DIG_LOT04_COMP0662,LOT_04,DIGITAL_IC,CQFP-64,DIG-SIH-2026,THERMAL_BURN_IN,T04_0662,PROC-ISRO-IISU-01,ATE-STATION-01,CHAMBER-01,1.0,125.0,5.0,168,IDDQ,ELECTRICAL,uA,1.4309,1102.6696,1102.7483,1102.8472,1101.2387,23.622,1.9258,12.791,0.0052,-0.0095,34.64,34.12,1.4309,1102.6696,1102.7483,1102.8472,1101.2387,50.0,False,NOMINAL,HEALTHY,-40.67,-40.32
DIG_LOT04_COMP0663,LOT_04,DIGITAL_IC,CQFP-64,DIG-SIH-2026,THERMAL_BURN_IN,T04_0663,PROC-ISRO-IISU-01,ATE-STATION-01,CHAMBER-01,1.0,125.0,5.0,168,IDDQ,ELECTRICAL,uA,1.604,1222.3177,1222.4477,1222.5516,1220.7137,22.906,2.1082,13.826,-0.0205,-0.0677,33.41,33.3,1.604,1222.3177,1222.4477,1222.5516,1220.7137,50.0,False,NOMINAL,HEALTHY,-15.49,33.95
DIG_LOT04_COMP0664,LOT_04,DIGITAL_IC,CQFP-64,DIG-SIH-2026,THERMAL_BURN_IN,T04_0664,PROC-ISRO-IISU-01,ATE-STATION-01,CHAMBER-01,1.0,125.0,5.0,168,IDDQ,ELECTRICAL,uA,1.2499,969.3744,969.4292,969.5875,968.1245,23.401,2.2274,13.67,-0.0127,-0.024,36.49,35.72,1.2499,969.3744,969.4292,969.5875,968.1245,50.0,False,NOMINAL,HEALTHY,21.04,-43.93
DIG_LOT04_COMP0665,LOT_04,DIGITAL_IC,CQFP-64,DIG-SIH-2026,THERMAL_BURN_IN,T04_0665,PROC-ISRO-IISU-01,ATE-STATION-01,CHAMBER-01,1.0,125.0,5.0,168,IDDQ,ELECTRICAL,uA,1.5091,1152.0585,1152.1441,1152.227,1150.5494,24.739,1.3112,14.386,-0.0065,0.0442,33.65,34.67,1.5091,1152.0585,1152.1441,1152.227,1150.5494,50.0,False,NOMINAL,HEALTHY,31.02,-15.45
DIG_LOT04_COMP0666,LOT_04,DIGITAL_IC,CQFP-64,DIG-SIH-2026,THERMAL_BURN_IN,T04_0666,PROC-ISRO-IISU-01,ATE-STATION-01,CHAMBER-01,1.0,125.0,5.0,168,IDDQ,ELECTRICAL,uA,0.977,750.1816,750.2513,750.2047,749.2046,21.472,2.1874,12.342,-0.0116,-0.0296,33.58,33.98,0.977,750.1816,750.2513,750.2047,749.2046,50.0,False,NOMINAL,HEALTHY,-44.09,8.23
DIG_LOT04_COMP0667,LOT_04,DIGITAL_IC,CQFP-64,DIG-SIH-2026,THERMAL_BURN_IN,T04_0667,PROC-ISRO-IISU-01,ATE-STATION-01,CHAMBER-01,1.0,125.0,5.0,168,IDDQ,ELECTRICAL,uA,1.1034,856.5424,856.5672,856.6951,855.439,25.632,2.4312,12.492,0.017,0.0835,36.41,35.99,1.1034,856.5424,856.5672,856.6951,855.439,50.0,False,NOMINAL,HEALTHY,42.03,46.64
DIG_LOT04_COMP0668,LOT_04,DIGITAL_IC,CQFP-64,DIG-SIH-2026,THERMAL_BURN_IN,T04_0668,PROC-ISRO-IISU-01,ATE-STATION-01,CHAMBER-01,1.0,125.0,5.0,168,IDDQ,ELECTRICAL,uA,1.3362,1032.5998,1032.6532,1032.7476,1031.2636,23.609,1.9688,12.166,0.0184,0.0174,34.23,34.42,1.3362,1032.5998,1032.6532,1032.7476,1031.2636,50.0,False,NOMINAL,HEALTHY,5.82,15.88
DIG_LOT04_COMP0669,LOT_04,DIGITAL_IC,CQFP-64,DIG-SIH-2026,THERMAL_BURN_IN,T04_0669,PROC-ISRO-IISU-01,ATE-STATION-01,CHAMBER-01,1.0,125.0,5.0,168,IDDQ,ELECTRICAL,uA,1.3382,1040.0477,1040.1894,1040.1896,1038.7095,22.726,2.1616,13.598,0.0211,0.0997,35.59,35.31,1.3382,1040.0477,1040.1894,1040.1896,1038.7095,50.0,False,NOMINAL,HEALTHY,-17.52,31.04
DIG_LOT04_COMP0670,LOT_04,DIGITAL_IC,CQFP-64,DIG-SIH-2026,THERMAL_BURN_IN,T04_0670,PROC-ISRO-IISU-01,ATE-STATION-01,CHAMBER-01,1.0,125.0,5.0,168,IDDQ,ELECTRICAL,uA,1.3283,1039.2797,1039.3815,1039.3568,1037.9514,25.228,2.1904,12.531,-0.0104,-0.0183,35.45,35.41,1.3283,1039.2797,1039.3815,1039.3568,1037.9514,50.0,False,NOMINAL,HEALTHY,-6.38,-28.06
DIG_LOT04_COMP0671,LOT_04,DIGITAL_IC,CQFP-64,DIG-SIH-2026,THERMAL_BURN_IN,T04_0671,PROC-ISRO-IISU-01,ATE-STATION-01,CHAMBER-01,1.0,125.0,5.0,168,IDDQ,ELECTRICAL,uA,1.309,1017.7633,1017.8161,1017.8817,1016.4543,26.585,1.6072,11.935,-0.006,-0.0049,34.25,33.74,1.309,1017.7633,1017.8161,1017.8817,1016.4543,50.0,False,NOMINAL,HEALTHY,-20.85,0.66
DIG_LOT04_COMP0672,LOT_04,DIGITAL_IC,CQFP-64,DIG-SIH-2026,THERMAL_BURN_IN,T04_0672,PROC-ISRO-IISU-01,ATE-STATION-01,CHAMBER-01,1.0,125.0,5.0,168,IDDQ,ELECTRICAL,uA,1.1605,889.0551,889.1627,889.1656,887.8946,25.194,2.5853,12.142,0.0133,-0.0192,37.0,37.47,1.1605,889.0551,889.1627,889.1656,887.8946,50.0,False,NOMINAL,HEALTHY,-20.0,19.71
DIG_LOT04_COMP0673,LOT_04,DIGITAL_IC,CQFP-64,DIG-SIH-2026,THERMAL_BURN_IN,T04_0673,PROC-ISRO-IISU-01,ATE-STATION-01,CHAMBER-01,1.0,125.0,5.0,168,IDDQ,ELECTRICAL,uA,1.1747,912.031,912.098,912.1083,910.8563,27.968,2.1221,13.222,0.0103,-0.0089,34.62,34.67,1.1747,912.031,912.098,912.1083,910.8563,50.0,False,NOMINAL,HEALTHY,-29.26,5.69
DIG_LOT04_COMP0674,LOT_04,DIGITAL_IC,CQFP-64,DIG-SIH-2026,THERMAL_BURN_IN,T04_0674,PROC-ISRO-IISU-01,ATE-STATION-01,CHAMBER-01,1.0,125.0,5.0,168,IDDQ,ELECTRICAL,uA,1.2869,981.0053,981.0972,981.0869,979.7184,23.162,2.1865,12.299,0.0308,0.0506,34.46,34.47,1.2869,981.0053,981.0972,981.0869,979.7184,50.0,False,NOMINAL,HEALTHY,22.39,33.85
DIG_LOT04_COMP0675,LOT_04,DIGITAL_IC,CQFP-64,DIG-SIH-2026,THERMAL_BURN_IN,T04_0675,PROC-ISRO-IISU-01,ATE-STATION-01,CHAMBER-01,1.0,125.0,5.0,168,IDDQ,ELECTRICAL,uA,1.336,1033.4012,1033.4446,1033.541,1032.0652,23.053,2.1048,12.412,0.0042,-0.0235,35.36,34.62,1.336,1033.4012,1033.4446,1033.541,1032.0652,50.0,False,NOMINAL,HEALTHY,47.62,31.52
DIG_LOT04_COMP0676,LOT_04,DIGITAL_IC,CQFP-64,DIG-SIH-2026,THERMAL_BURN_IN,T04_0676,PROC-ISRO-IISU-01,ATE-STATION-01,CHAMBER-01,1.0,125.0,5.0,168,IDDQ,ELECTRICAL,uA,1.1371,875.5966,875.6817,875.6946,874.4595,23.405,1.9541,12.073,-0.0311,-0.1125,32.26,32.51,1.1371,875.5966,875.6817,875.6946,874.4595,50.0,False,NOMINAL,HEALTHY,-13.9,-0.87
DIG_LOT04_COMP0677,LOT_04,DIGITAL_IC,CQFP-64,DIG-SIH-2026,THERMAL_BURN_IN,T04_0677,PROC-ISRO-IISU-01,ATE-STATION-01,CHAMBER-01,1.0,125.0,5.0,168,IDDQ,ELECTRICAL,uA,1.2883,971.8857,971.944,971.9773,970.5974,25.112,1.7396,13.355,0.0113,0.0155,34.1,33.66,1.2883,971.8857,971.944,971.9773,970.5974,50.0,False,NOMINAL,HEALTHY,-42.85,43.15
DIG_LOT04_COMP0678,LOT_04,DIGITAL_IC,CQFP-64,DIG-SIH-2026,THERMAL_BURN_IN,T04_0678,PROC-ISRO-IISU-01,ATE-STATION-01,CHAMBER-01,1.0,125.0,5.0,168,IDDQ,ELECTRICAL,uA,1.0846,847.0541,847.1412,847.2233,845.9695,27.067,1.6252,13.02,-0.0019,-0.0534,33.87,33.24,1.0846,847.0541,847.1412,847.2233,845.9695,50.0,False,NOMINAL,HEALTHY,-36.53,-31.48
DIG_LOT04_COMP0679,LOT_04,DIGITAL_IC,CQFP-64,DIG-SIH-2026,THERMAL_BURN_IN,T04_0679,PROC-ISRO-IISU-01,ATE-STATION-01,CHAMBER-01,1.0,125.0,5.0,168,IDDQ,ELECTRICAL,uA,1.1801,903.6283,903.6823,903.7632,902.4482,25.305,2.3295,13.54,0.0117,0.0862,35.53,36.22,1.1801,903.6283,903.6823,903.7632,902.4482,50.0,False,NOMINAL,HEALTHY,27.89,-16.09
DIG_LOT04_COMP0680,LOT_04,DIGITAL_IC,CQFP-64,DIG-SIH-2026,THERMAL_BURN_IN,T04_0680,PROC-ISRO-IISU-01,ATE-STATION-01,CHAMBER-01,1.0,125.0,5.0,168,IDDQ,ELECTRICAL,uA,1.2335,962.0312,962.0828,962.1319,960.7977,25.735,1.8693,13.066,0.014,-0.0086,34.95,34.61,1.2335,962.0312,962.0828,962.1319,960.7977,50.0,False,NOMINAL,HEALTHY,-44.16,23.75
DIG_LOT04_COMP0681,LOT_04,DIGITAL_IC,CQFP-64,DIG-SIH-2026,THERMAL_BURN_IN,T04_0681,PROC-ISRO-IISU-01,ATE-STATION-01,CHAMBER-01,1.0,125.0,5.0,168,IDDQ,ELECTRICAL,uA,1.3968,1083.703,1083.8001,1083.8132,1082.3062,22.398,2.2064,12.725,0.0413,-0.0059,33.79,33.1,1.3968,1083.703,1083.8001,1083.8132,1082.3062,50.0,False,NOMINAL,HEALTHY,-1.13,1.91
DIG_LOT04_COMP0682,LOT_04,DIGITAL_IC,CQFP-64,DIG-SIH-2026,THERMAL_BURN_IN,T04_0682,PROC-ISRO-IISU-01,ATE-STATION-01,CHAMBER-01,1.0,125.0,5.0,168,IDDQ,ELECTRICAL,uA,1.3087,1017.098,1017.1451,1017.2467,1015.7893,24.21,2.334,14.287,0.0215,-0.0923,36.47,36.41,1.3087,1017.098,1017.1451,1017.2467,1015.7893,50.0,False,NOMINAL,HEALTHY,-43.8,-11.21
DIG_LOT04_COMP0683,LOT_04,DIGITAL_IC,CQFP-64,DIG-SIH-2026,THERMAL_BURN_IN,T04_0683,PROC-ISRO-IISU-01,ATE-STATION-01,CHAMBER-01,1.0,125.0,5.0,168,IDDQ,ELECTRICAL,uA,1.2534,982.0096,982.0934,982.1222,980.7562,22.153,1.947,12.599,-0.0209,-0.0499,35.83,33.75,1.2534,982.0096,982.0934,982.1222,980.7562,50.0,False,NOMINAL,HEALTHY,-29.4,13.15
DIG_LOT04_COMP0684,LOT_04,DIGITAL_IC,CQFP-64,DIG-SIH-2026,THERMAL_BURN_IN,T04_0684,PROC-ISRO-IISU-01,ATE-STATION-01,CHAMBER-01,1.0,125.0,5.0,168,IDDQ,ELECTRICAL,uA,1.2233,951.9505,951.9805,952.039,950.7272,25.682,1.9107,13.92,0.0085,0.0337,36.95,37.03,1.2233,951.9505,951.9805,952.039,950.7272,50.0,False,NOMINAL,HEALTHY,27.42,14.93
DIG_LOT04_COMP0685,LOT_04,DIGITAL_IC,CQFP-64,DIG-SIH-2026,THERMAL_BURN_IN,T04_0685,PROC-ISRO-IISU-01,ATE-STATION-01,CHAMBER-01,1.0,125.0,5.0,168,IDDQ,ELECTRICAL,uA,1.4191,1070.6036,1070.7153,1070.6883,1069.1845,24.541,2.3501,13.712,-0.0246,-0.0513,34.95,34.74,1.4191,1070.6036,1070.7153,1070.6883,1069.1845,50.0,False,NOMINAL,HEALTHY,-5.95,22.51
DIG_LOT04_COMP0686,LOT_04,DIGITAL_IC,CQFP-64,DIG-SIH-2026,THERMAL_BURN_IN,T04_0686,PROC-ISRO-IISU-01,ATE-STATION-01,CHAMBER-01,1.0,125.0,5.0,168,IDDQ,ELECTRICAL,uA,1.3624,1044.8955,1044.9779,1045.069,1043.5331,24.199,2.3484,12.697,0.008,0.1186,33.58,33.13,1.3624,1044.8955,1044.9779,1045.069,1043.5331,50.0,False,NOMINAL,HEALTHY,27.89,26.05
DIG_LOT04_COMP0687,LOT_04,DIGITAL_IC,CQFP-64,DIG-SIH-2026,THERMAL_BURN_IN,T04_0687,PROC-ISRO-IISU-01,ATE-STATION-01,CHAMBER-01,1.0,125.0,5.0,168,IDDQ,ELECTRICAL,uA,1.4032,1080.6282,1080.7331,1080.7822,1079.225,26.081,2.0804,13.681,0.0203,0.0336,35.88,35.09,1.4032,1080.6282,1080.7331,1080.7822,1079.225,50.0,False,NOMINAL,HEALTHY,46.61,-31.94
DIG_LOT04_COMP0688,LOT_04,DIGITAL_IC,CQFP-64,DIG-SIH-2026,THERMAL_BURN_IN,T04_0688,PROC-ISRO-IISU-01,ATE-STATION-01,CHAMBER-01,1.0,125.0,5.0,168,IDDQ,ELECTRICAL,uA,1.2205,941.1438,941.2189,941.2185,939.9233,27.339,2.3556,13.14,0.0117,0.0322,36.25,35.81,1.2205,941.1438,941.2189,941.2185,939.9233,50.0,False,NOMINAL,HEALTHY,28.4,-38.18
DIG_LOT04_COMP0689,LOT_04,DIGITAL_IC,CQFP-64,DIG-SIH-2026,THERMAL_BURN_IN,T04_0689,PROC-ISRO-IISU-01,ATE-STATION-01,CHAMBER-01,1.0,125.0,5.0,168,IDDQ,ELECTRICAL,uA,1.3898,1088.6153,1088.6833,1088.7802,1087.2255,25.399,2.0672,11.592,-0.0088,0.0374,36.76,36.62,1.3898,1088.6153,1088.6833,1088.7802,1087.2255,50.0,False,NOMINAL,HEALTHY,-2.81,-23.04
DIG_LOT04_COMP0690,LOT_04,DIGITAL_IC,CQFP-64,DIG-SIH-2026,THERMAL_BURN_IN,T04_0690,PROC-ISRO-IISU-01,ATE-STATION-01,CHAMBER-01,1.0,125.0,5.0,168,IDDQ,ELECTRICAL,uA,1.1791,909.7531,909.8434,909.8847,908.574,25.468,2.1232,12.086,0.0278,0.051,34.88,34.09,1.1791,909.7531,909.8434,909.8847,908.574,50.0,False,NOMINAL,HEALTHY,42.78,-23.0
DIG_LOT04_COMP0691,LOT_04,DIGITAL_IC,CQFP-64,DIG-SIH-2026,THERMAL_BURN_IN,T04_0691,PROC-ISRO-IISU-01,ATE-STATION-01,CHAMBER-01,1.0,125.0,5.0,168,IDDQ,ELECTRICAL,uA,1.3558,1045.9941,1046.1131,1046.136,1044.6383,25.877,2.7088,12.388,-0.0076,-0.0656,34.2,34.48,1.3558,1045.9941,1046.1131,1046.136,1044.6383,50.0,False,NOMINAL,HEALTHY,-40.56,46.14
DIG_LOT04_COMP0692,LOT_04,DIGITAL_IC,CQFP-64,DIG-SIH-2026,THERMAL_BURN_IN,T04_0692,PROC-ISRO-IISU-01,ATE-STATION-01,CHAMBER-01,1.0,125.0,5.0,168,IDDQ,ELECTRICAL,uA,1.2214,958.3647,958.4253,958.5123,957.1433,25.217,1.8132,12.77,0.0128,-0.0848,34.88,35.56,1.2214,958.3647,958.4253,958.5123,957.1433,50.0,False,NOMINAL,HEALTHY,21.58,49.77
DIG_LOT04_COMP0693,LOT_04,DIGITAL_IC,CQFP-64,DIG-SIH-2026,THERMAL_BURN_IN,T04_0693,PROC-ISRO-IISU-01,ATE-STATION-01,CHAMBER-01,1.0,125.0,5.0,168,IDDQ,ELECTRICAL,uA,1.3453,1048.7083,1048.834,1048.8108,1047.363,24.717,2.2106,12.942,-0.0013,-0.0191,35.49,35.2,1.3453,1048.7083,1048.834,1048.8108,1047.363,50.0,False,NOMINAL,HEALTHY,-33.01,-1.71
DIG_LOT04_COMP0694,LOT_04,DIGITAL_IC,CQFP-64,DIG-SIH-2026,THERMAL_BURN_IN,T04_0694,PROC-ISRO-IISU-01,ATE-STATION-01,CHAMBER-01,1.0,125.0,5.0,168,IDDQ,ELECTRICAL,uA,1.3031,989.1517,989.2173,989.2453,987.8486,22.841,1.7023,13.084,-0.0373,-0.0358,35.11,34.65,1.3031,989.1517,989.2173,989.2453,987.8486,50.0,False,NOMINAL,HEALTHY,-26.39,3.14
DIG_LOT04_COMP0695,LOT_04,DIGITAL_IC,CQFP-64,DIG-SIH-2026,THERMAL_BURN_IN,T04_0695,PROC-ISRO-IISU-01,ATE-STATION-01,CHAMBER-01,1.0,125.0,5.0,168,IDDQ,ELECTRICAL,uA,1.2806,982.6146,982.75,982.7653,981.334,24.183,1.8189,11.324,0.0192,0.0321,35.87,36.43,1.2806,982.6146,982.75,982.7653,981.334,50.0,False,NOMINAL,HEALTHY,26.96,-33.46
DIG_LOT04_COMP0696,LOT_04,DIGITAL_IC,CQFP-64,DIG-SIH-2026,THERMAL_BURN_IN,T04_0696,PROC-ISRO-IISU-01,ATE-STATION-01,CHAMBER-01,1.0,125.0,5.0,168,IDDQ,ELECTRICAL,uA,1.017,801.7355,801.7774,801.849,800.7185,24.128,1.6775,11.501,-0.0134,-0.0249,36.78,37.05,1.017,801.7355,801.7774,801.849,800.7185,50.0,False,NOMINAL,HEALTHY,-19.47,32.16
DIG_LOT04_COMP0697,LOT_04,DIGITAL_IC,CQFP-64,DIG-SIH-2026,THERMAL_BURN_IN,T04_0697,PROC-ISRO-IISU-01,ATE-STATION-01,CHAMBER-01,1.0,125.0,5.0,168,IDDQ,ELECTRICAL,uA,1.2524,969.6801,969.7359,969.8528,968.4277,25.962,1.9443,14.132,-0.001,-0.0869,34.29,34.5,1.2524,969.6801,969.7359,969.8528,968.4277,50.0,False,NOMINAL,HEALTHY,33.4,-9.22
DIG_LOT04_COMP0698,LOT_04,DIGITAL_IC,CQFP-64,DIG-SIH-2026,THERMAL_BURN_IN,T04_0698,PROC-ISRO-IISU-01,ATE-STATION-01,CHAMBER-01,1.0,125.0,5.0,168,IDDQ,ELECTRICAL,uA,1.1106,856.7177,856.7987,856.8055,855.6071,27.241,2.1715,11.797,-0.0114,-0.0402,35.69,35.43,1.1106,856.7177,856.7987,856.8055,855.6071,50.0,False,NOMINAL,HEALTHY,-40.41,41.38
DIG_LOT04_COMP0699,LOT_04,DIGITAL_IC,CQFP-64,DIG-SIH-2026,THERMAL_BURN_IN,T04_0699,PROC-ISRO-IISU-01,ATE-STATION-01,CHAMBER-01,1.0,125.0,5.0,168,IDDQ,ELECTRICAL,uA,1.377,1068.7511,1068.7953,1068.8651,1067.3741,24.83,2.2847,12.554,-0.0119,0.0679,34.8,34.42,1.377,1068.7511,1068.7953,1068.8651,1067.3741,50.0,False,NOMINAL,HEALTHY,-9.19,-44.74
DIG_LOT04_COMP0700,LOT_04,DIGITAL_IC,CQFP-64,DIG-SIH-2026,THERMAL_BURN_IN,T04_0700,PROC-ISRO-IISU-01,ATE-STATION-01,CHAMBER-01,1.0,125.0,5.0,168,IDDQ,ELECTRICAL,uA,1.117,862.8209,862.8373,862.9392,861.7039,24.352,2.45,12.794,-0.0032,-0.0213,33.36,33.95,1.117,862.8209,862.8373,862.9392,861.7039,50.0,False,NOMINAL,HEALTHY,-16.62,23.72
DIG_LOT04_COMP0701,LOT_04,DIGITAL_IC,CQFP-64,DIG-SIH-2026,THERMAL_BURN_IN,T04_0701,PROC-ISRO-IISU-01,ATE-STATION-01,CHAMBER-01,1.0,125.0,5.0,168,IDDQ,ELECTRICAL,uA,1.2112,930.6991,930.7819,930.839,929.4879,24.837,2.058,11.732,0.0169,0.0001,35.81,35.78,1.2112,930.6991,930.7819,930.839,929.4879,50.0,False,NOMINAL,HEALTHY,-26.95,46.2
DIG_LOT04_COMP0702,LOT_04,DIGITAL_IC,CQFP-64,DIG-SIH-2026,THERMAL_BURN_IN,T04_0702,PROC-ISRO-IISU-01,ATE-STATION-01,CHAMBER-01,1.0,125.0,5.0,168,IDDQ,ELECTRICAL,uA,1.2999,997.8797,997.955,998.0311,996.5798,23.346,1.9774,11.72,0.0028,0.058,35.74,35.88,1.2999,997.8797,997.955,998.0311,996.5798,50.0,False,NOMINAL,HEALTHY,-36.37,-41.64
DIG_LOT04_COMP0703,LOT_04,DIGITAL_IC,CQFP-64,DIG-SIH-2026,THERMAL_BURN_IN,T04_0703,PROC-ISRO-IISU-01,ATE-STATION-01,CHAMBER-01,1.0,125.0,5.0,168,IDDQ,ELECTRICAL,uA,1.1855,897.2126,897.3091,897.3792,896.0271,26.983,2.0432,13.049,-0.0125,0.0278,34.32,34.82,1.1855,897.2126,897.3091,897.3792,896.0271,50.0,False,NOMINAL,HEALTHY,24.44,-41.36
DIG_LOT04_COMP0704,LOT_04,DIGITAL_IC,CQFP-64,DIG-SIH-2026,THERMAL_BURN_IN,T04_0704,PROC-ISRO-IISU-01,ATE-STATION-01,CHAMBER-01,1.0,125.0,5.0,168,IDDQ,ELECTRICAL,uA,1.1582,872.5468,872.6349,872.6893,871.3886,23.395,2.5128,11.592,0.0171,0.0458,34.23,34.09,1.1582,872.5468,872.6349,872.6893,871.3886,50.0,False,NOMINAL,HEALTHY,-39.22,9.95
DIG_LOT04_COMP0705,LOT_04,DIGITAL_IC,CQFP-64,DIG-SIH-2026,THERMAL_BURN_IN,T04_0705,PROC-ISRO-IISU-01,ATE-STATION-01,CHAMBER-01,1.0,125.0,5.0,168,IDDQ,ELECTRICAL,uA,1.4656,1134.3635,1134.4477,1134.5003,1132.8979,25.403,2.3129,12.794,0.0019,-0.0287,34.62,34.07,1.4656,1134.3635,1134.4477,1134.5003,1132.8979,50.0,False,NOMINAL,HEALTHY,14.74,-38.54
DIG_LOT04_COMP0706,LOT_04,DIGITAL_IC,CQFP-64,DIG-SIH-2026,THERMAL_BURN_IN,T04_0706,PROC-ISRO-IISU-01,ATE-STATION-01,CHAMBER-01,1.0,125.0,5.0,168,IDDQ,ELECTRICAL,uA,1.1939,921.353,921.3867,921.5222,920.1591,25.791,1.9738,12.755,-0.0055,-0.1212,34.48,35.6,1.1939,921.353,921.3867,921.5222,920.1591,50.0,False,NOMINAL,HEALTHY,18.2,5.31
DIG_LOT04_COMP0707,LOT_04,DIGITAL_IC,CQFP-64,DIG-SIH-2026,THERMAL_BURN_IN,T04_0707,PROC-ISRO-IISU-01,ATE-STATION-01,CHAMBER-01,1.0,125.0,5.0,168,IDDQ,ELECTRICAL,uA,1.2588,967.4958,967.5871,967.6289,966.237,23.466,2.6929,12.709,0.0267,-0.0346,35.52,35.93,1.2588,967.4958,967.5871,967.6289,966.237,50.0,False,NOMINAL,HEALTHY,-21.32,-44.17
DIG_LOT04_COMP0708,LOT_04,DIGITAL_IC,CQFP-64,DIG-SIH-2026,THERMAL_BURN_IN,T04_0708,PROC-ISRO-IISU-01,ATE-STATION-01,CHAMBER-01,1.0,125.0,5.0,168,IDDQ,ELECTRICAL,uA,1.1278,859.057,859.1049,859.2241,857.9292,24.564,2.6867,12.102,0.0212,0.0733,34.03,34.26,1.1278,859.057,859.1049,859.2241,857.9292,50.0,False,NOMINAL,HEALTHY,30.7,-19.12
DIG_LOT04_COMP0709,LOT_04,DIGITAL_IC,CQFP-64,DIG-SIH-2026,THERMAL_BURN_IN,T04_0709,PROC-ISRO-IISU-01,ATE-STATION-01,CHAMBER-01,1.0,125.0,5.0,168,IDDQ,ELECTRICAL,uA,1.1746,913.1604,913.2327,913.2369,911.9858,27.1,1.6266,11.612,0.0267,-0.0104,34.63,35.73,1.1746,913.1604,913.2327,913.2369,911.9858,50.0,False,NOMINAL,HEALTHY,30.01,13.84
DIG_LOT04_COMP0710,LOT_04,DIGITAL_IC,CQFP-64,DIG-SIH-2026,THERMAL_BURN_IN,T04_0710,PROC-ISRO-IISU-01,ATE-STATION-01,CHAMBER-01,1.0,125.0,5.0,168,IDDQ,ELECTRICAL,uA,1.1139,855.0504,855.0594,855.0447,853.9365,27.078,2.4897,14.371,-0.0003,0.032,34.6,34.01,1.1139,855.0504,855.0594,855.0447,853.9365,50.0,False,NOMINAL,HEALTHY,-38.7,-48.27
DIG_LOT04_COMP0711,LOT_04,DIGITAL_IC,CQFP-64,DIG-SIH-2026,THERMAL_BURN_IN,T04_0711,PROC-ISRO-IISU-01,ATE-STATION-01,CHAMBER-01,1.0,125.0,5.0,168,IDDQ,ELECTRICAL,uA,1.59,1219.7679,1219.843,1219.9183,1218.1779,27.658,2.0673,11.673,-0.0294,0.0301,34.96,34.72,1.59,1219.7679,1219.843,1219.9183,1218.1779,50.0,False,NOMINAL,HEALTHY,-43.73,29.97
DIG_LOT04_COMP0712,LOT_04,DIGITAL_IC,CQFP-64,DIG-SIH-2026,THERMAL_BURN_IN,T04_0712,PROC-ISRO-IISU-01,ATE-STATION-01,CHAMBER-01,1.0,125.0,5.0,168,IDDQ,ELECTRICAL,uA,1.064,831.4988,831.5734,831.5753,830.4348,25.754,1.6519,10.515,0.0307,0.0126,37.36,38.34,1.064,831.4988,831.5734,831.5753,830.4348,50.0,False,NOMINAL,HEALTHY,42.19,-23.06
DIG_LOT04_COMP0713,LOT_04,DIGITAL_IC,CQFP-64,DIG-SIH-2026,THERMAL_BURN_IN,T04_0713,PROC-ISRO-IISU-01,ATE-STATION-01,CHAMBER-01,1.0,125.0,5.0,168,IDDQ,ELECTRICAL,uA,1.2136,912.5428,912.6044,912.6086,911.3292,24.206,2.1879,12.663,-0.0315,-0.0991,34.3,34.2,1.2136,912.5428,912.6044,912.6086,911.3292,50.0,False,NOMINAL,HEALTHY,-18.72,-27.27
DIG_LOT04_COMP0714,LOT_04,DIGITAL_IC,CQFP-64,DIG-SIH-2026,THERMAL_BURN_IN,T04_0714,PROC-ISRO-IISU-01,ATE-STATION-01,CHAMBER-01,1.0,125.0,5.0,168,IDDQ,ELECTRICAL,uA,1.4161,1083.3362,1083.4036,1083.485,1081.9201,25.384,1.5795,11.344,-0.0088,-0.0968,35.14,36.02,1.4161,1083.3362,1083.4036,1083.485,1081.9201,50.0,False,NOMINAL,HEALTHY,9.34,-7.48
DIG_LOT04_COMP0715,LOT_04,DIGITAL_IC,CQFP-64,DIG-SIH-2026,THERMAL_BURN_IN,T04_0715,PROC-ISRO-IISU-01,ATE-STATION-01,CHAMBER-01,1.0,125.0,5.0,168,IDDQ,ELECTRICAL,uA,1.5963,1230.24,1230.3204,1230.3698,1228.6437,26.828,2.1989,12.922,0.0205,0.03,33.9,33.55,1.5963,1230.24,1230.3204,1230.3698,1228.6437,50.0,False,NOMINAL,HEALTHY,-34.68,16.71
DIG_LOT04_COMP0716,LOT_04,DIGITAL_IC,CQFP-64,DIG-SIH-2026,THERMAL_BURN_IN,T04_0716,PROC-ISRO-IISU-01,ATE-STATION-01,CHAMBER-01,1.0,125.0,5.0,168,IDDQ,ELECTRICAL,uA,1.1005,870.7915,870.8416,870.9876,869.691,26.469,1.7303,12.73,0.0108,-0.018,36.02,36.25,1.1005,870.7915,870.8416,870.9876,869.691,50.0,False,NOMINAL,HEALTHY,14.87,-27.0
DIG_LOT04_COMP0717,LOT_04,DIGITAL_IC,CQFP-64,DIG-SIH-2026,THERMAL_BURN_IN,T04_0717,PROC-ISRO-IISU-01,ATE-STATION-01,CHAMBER-01,1.0,125.0,5.0,168,IDDQ,ELECTRICAL,uA,1.3298,1021.9012,1022.0177,1022.0234,1020.5714,22.661,2.0997,12.806,0.0072,-0.0163,35.51,36.02,1.3298,1021.9012,1022.0177,1022.0234,1020.5714,50.0,False,NOMINAL,HEALTHY,-4.37,37.29
DIG_LOT04_COMP0718,LOT_04,DIGITAL_IC,CQFP-64,DIG-SIH-2026,THERMAL_BURN_IN,T04_0718,PROC-ISRO-IISU-01,ATE-STATION-01,CHAMBER-01,1.0,125.0,5.0,168,IDDQ,ELECTRICAL,uA,1.2786,1007.0077,1007.062,1007.1052,1005.7291,26.392,1.595,12.245,-0.0119,-0.0921,36.09,36.29,1.2786,1007.0077,1007.062,1007.1052,1005.7291,50.0,False,NOMINAL,HEALTHY,33.21,46.39
DIG_LOT04_COMP0719,LOT_04,DIGITAL_IC,CQFP-64,DIG-SIH-2026,THERMAL_BURN_IN,T04_0719,PROC-ISRO-IISU-01,ATE-STATION-01,CHAMBER-01,1.0,125.0,5.0,168,IDDQ,ELECTRICAL,uA,1.3977,1086.1585,1086.2406,1086.249,1084.7608,25.532,2.5147,13.012,0.0328,0.0166,33.12,33.48,1.3977,1086.1585,1086.2406,1086.249,1084.7608,50.0,False,NOMINAL,HEALTHY,10.68,-20.5
DIG_LOT04_COMP0720,LOT_04,DIGITAL_IC,CQFP-64,DIG-SIH-2026,THERMAL_BURN_IN,T04_0720,PROC-ISRO-IISU-01,ATE-STATION-01,CHAMBER-01,1.0,125.0,5.0,168,IDDQ,ELECTRICAL,uA,1.3733,1054.2452,1054.3308,1054.421,1052.8719,26.469,2.2569,12.152,-0.0,-0.0319,34.43,34.25,1.3733,1054.2452,1054.3308,1054.421,1052.8719,50.0,False,NOMINAL,HEALTHY,38.49,23.4
DIG_LOT04_COMP0721,LOT_04,DIGITAL_IC,CQFP-64,DIG-SIH-2026,THERMAL_BURN_IN,T04_0721,PROC-ISRO-IISU-01,ATE-STATION-01,CHAMBER-01,1.0,125.0,5.0,168,IDDQ,ELECTRICAL,uA,1.5174,1164.0871,1164.1392,1164.2544,1162.5697,27.767,1.9545,13.918,-0.0221,0.0174,36.17,37.36,1.5174,1164.0871,1164.1392,1164.2544,1162.5697,50.0,False,NOMINAL,HEALTHY,1.04,37.39
DIG_LOT04_COMP0722,LOT_04,DIGITAL_IC,CQFP-64,DIG-SIH-2026,THERMAL_BURN_IN,T04_0722,PROC-ISRO-IISU-01,ATE-STATION-01,CHAMBER-01,1.0,125.0,5.0,168,IDDQ,ELECTRICAL,uA,1.2151,946.4604,955.0082,1104.8919,945.2453,26.311,2.0542,11.43,0.0159,-0.023,34.75,34.81,1.2151,946.4604,955.0082,1104.8919,945.2453,50.0,True,THERMAL_RUNAWAY,HEALTHY,-43.57,15.35
DIG_LOT04_COMP0723,LOT_04,DIGITAL_IC,CQFP-64,DIG-SIH-2026,THERMAL_BURN_IN,T04_0723,PROC-ISRO-IISU-01,ATE-STATION-01,CHAMBER-01,1.0,125.0,5.0,168,IDDQ,ELECTRICAL,uA,1.2211,918.119,918.2207,918.2353,916.8979,23.652,1.7041,11.722,0.0019,-0.0149,37.81,37.95,1.2211,918.119,918.2207,918.2353,916.8979,50.0,False,NOMINAL,HEALTHY,45.32,-44.56
DIG_LOT04_COMP0724,LOT_04,DIGITAL_IC,CQFP-64,DIG-SIH-2026,THERMAL_BURN_IN,T04_0724,PROC-ISRO-IISU-01,ATE-STATION-01,CHAMBER-01,1.0,125.0,5.0,168,IDDQ,ELECTRICAL,uA,1.0366,814.5334,814.6092,814.6821,813.4968,23.956,1.8685,13.163,0.0134,-0.0849,35.34,34.77,1.0366,814.5334,814.6092,814.6821,813.4968,50.0,False,NOMINAL,HEALTHY,-19.27,-0.31
DIG_LOT04_COMP0725,LOT_04,DIGITAL_IC,CQFP-64,DIG-SIH-2026,THERMAL_BURN_IN,T04_0725,PROC-ISRO-IISU-01,ATE-STATION-01,CHAMBER-01,1.0,125.0,5.0,168,IDDQ,ELECTRICAL,uA,1.3409,1041.1041,1041.1793,1041.3019,1039.7632,24.099,1.7638,13.725,-0.0217,-0.059,36.7,36.43,1.3409,1041.1041,1041.1793,1041.3019,1039.7632,50.0,False,NOMINAL,HEALTHY,8.02,-38.55
DIG_LOT04_COMP0726,LOT_04,DIGITAL_IC,CQFP-64,DIG-SIH-2026,THERMAL_BURN_IN,T04_0726,PROC-ISRO-IISU-01,ATE-STATION-01,CHAMBER-01,1.0,125.0,5.0,168,IDDQ,ELECTRICAL,uA,1.215,922.8575,922.9001,922.9632,921.6425,26.241,1.5779,13.926,0.0156,-0.0282,34.78,34.47,1.215,922.8575,922.9001,922.9632,921.6425,50.0,False,NOMINAL,HEALTHY,41.5,25.49
DIG_LOT04_COMP0727,LOT_04,DIGITAL_IC,CQFP-64,DIG-SIH-2026,THERMAL_BURN_IN,T04_0727,PROC-ISRO-IISU-01,ATE-STATION-01,CHAMBER-01,1.0,125.0,5.0,168,IDDQ,ELECTRICAL,uA,1.2851,980.9153,980.9272,981.0055,979.6302,24.51,1.8903,11.651,0.0095,-0.0213,33.68,33.03,1.2851,980.9153,980.9272,981.0055,979.6302,50.0,False,NOMINAL,HEALTHY,38.3,5.18
DIG_LOT04_COMP0728,LOT_04,DIGITAL_IC,CQFP-64,DIG-SIH-2026,THERMAL_BURN_IN,T04_0728,PROC-ISRO-IISU-01,ATE-STATION-01,CHAMBER-01,1.0,125.0,5.0,168,IDDQ,ELECTRICAL,uA,1.2713,981.2961,981.3912,981.4082,980.0248,25.996,2.6496,13.083,0.0061,-0.0236,35.44,35.27,1.2713,981.2961,981.3912,981.4082,980.0248,50.0,False,NOMINAL,HEALTHY,35.88,27.9
DIG_LOT04_COMP0729,LOT_04,DIGITAL_IC,CQFP-64,DIG-SIH-2026,THERMAL_BURN_IN,T04_0729,PROC-ISRO-IISU-01,ATE-STATION-01,CHAMBER-01,1.0,125.0,5.0,168,IDDQ,ELECTRICAL,uA,5.6914,4402.8031,4403.0684,4403.1602,4397.1117,24.957,1.9421,13.027,-0.0403,0.0394,34.07,33.49,5.6914,4402.8031,4403.0684,4403.1602,4397.1117,50.0,True,SPATIAL_OUTLIER,HEALTHY,13.82,-2.13
DIG_LOT04_COMP0730,LOT_04,DIGITAL_IC,CQFP-64,DIG-SIH-2026,THERMAL_BURN_IN,T04_0730,PROC-ISRO-IISU-01,ATE-STATION-01,CHAMBER-01,1.0,125.0,5.0,168,IDDQ,ELECTRICAL,uA,1.3331,1033.5101,1033.583,1033.6076,1032.177,23.596,1.9287,12.762,-0.031,-0.1236,33.6,32.9,1.3331,1033.5101,1033.583,1033.6076,1032.177,50.0,False,NOMINAL,HEALTHY,-46.31,18.15
DIG_LOT04_COMP0731,LOT_04,DIGITAL_IC,CQFP-64,DIG-SIH-2026,THERMAL_BURN_IN,T04_0731,PROC-ISRO-IISU-01,ATE-STATION-01,CHAMBER-01,1.0,125.0,5.0,168,IDDQ,ELECTRICAL,uA,1.1954,915.1513,915.2487,915.2537,913.9559,25.389,2.6052,12.577,-0.0032,-0.0373,32.96,32.63,1.1954,915.1513,915.2487,915.2537,913.9559,50.0,False,NOMINAL,HEALTHY,41.99,-43.72
DIG_LOT04_COMP0732,LOT_04,DIGITAL_IC,CQFP-64,DIG-SIH-2026,THERMAL_BURN_IN,T04_0732,PROC-ISRO-IISU-01,ATE-STATION-01,CHAMBER-01,1.0,125.0,5.0,168,IDDQ,ELECTRICAL,uA,1.2081,922.3008,922.3582,922.4149,921.0927,24.904,2.3051,11.763,0.0169,0.0682,34.65,35.32,1.2081,922.3008,922.3582,922.4149,921.0927,50.0,False,NOMINAL,HEALTHY,20.84,35.41
DIG_LOT04_COMP0733,LOT_04,DIGITAL_IC,CQFP-64,DIG-SIH-2026,THERMAL_BURN_IN,T04_0733,PROC-ISRO-IISU-01,ATE-STATION-01,CHAMBER-01,1.0,125.0,5.0,168,IDDQ,ELECTRICAL,uA,1.1559,891.0994,891.1275,891.2342,889.9435,25.93,1.8278,13.173,-0.0026,-0.0109,36.71,35.84,1.1559,891.0994,891.1275,891.2342,889.9435,50.0,False,NOMINAL,HEALTHY,17.16,24.39
DIG_LOT04_COMP0734,LOT_04,DIGITAL_IC,CQFP-64,DIG-SIH-2026,THERMAL_BURN_IN,T04_0734,PROC-ISRO-IISU-01,ATE-STATION-01,CHAMBER-01,1.0,125.0,5.0,168,IDDQ,ELECTRICAL,uA,1.2001,924.376,924.4531,924.5152,923.1759,24.936,2.6036,12.208,-0.001,-0.0055,35.67,35.57,1.2001,924.376,924.4531,924.5152,923.1759,50.0,False,NOMINAL,HEALTHY,49.08,28.11
DIG_LOT04_COMP0735,LOT_04,DIGITAL_IC,CQFP-64,DIG-SIH-2026,THERMAL_BURN_IN,T04_0735,PROC-ISRO-IISU-01,ATE-STATION-01,CHAMBER-01,1.0,125.0,5.0,168,IDDQ,ELECTRICAL,uA,1.2487,974.6188,974.6619,974.7391,973.3701,26.509,1.9556,12.451,-0.0002,0.0632,35.23,35.62,1.2487,974.6188,974.6619,974.7391,973.3701,50.0,False,NOMINAL,HEALTHY,-4.84,-17.36
DIG_LOT04_COMP0736,LOT_04,DIGITAL_IC,CQFP-64,DIG-SIH-2026,THERMAL_BURN_IN,T04_0736,PROC-ISRO-IISU-01,ATE-STATION-01,CHAMBER-01,1.0,125.0,5.0,168,IDDQ,ELECTRICAL,uA,1.3586,1056.1232,1056.2024,1056.2419,1054.7646,25.422,1.9763,12.329,0.0085,-0.0444,35.57,35.01,1.3586,1056.1232,1056.2024,1056.2419,1054.7646,50.0,False,NOMINAL,HEALTHY,21.71,-35.66
DIG_LOT04_COMP0737,LOT_04,DIGITAL_IC,CQFP-64,DIG-SIH-2026,THERMAL_BURN_IN,T04_0737,PROC-ISRO-IISU-01,ATE-STATION-01,CHAMBER-01,1.0,125.0,5.0,168,IDDQ,ELECTRICAL,uA,1.2707,968.1209,968.2536,968.2967,966.8502,23.584,2.1286,13.015,0.0066,0.0591,35.17,35.06,1.2707,968.1209,968.2536,968.2967,966.8502,50.0,False,NOMINAL,HEALTHY,27.25,-33.29
DIG_LOT04_COMP0738,LOT_04,DIGITAL_IC,CQFP-64,DIG-SIH-2026,THERMAL_BURN_IN,T04_0738,PROC-ISRO-IISU-01,ATE-STATION-01,CHAMBER-01,1.0,125.0,5.0,168,IDDQ,ELECTRICAL,uA,1.4446,1105.8554,1105.9406,1105.9962,1104.4108,26.372,2.2161,11.47,-0.026,-0.1527,35.0,35.44,1.4446,1105.8554,1105.9406,1105.9962,1104.4108,50.0,False,NOMINAL,HEALTHY,-3.64,15.12
DIG_LOT04_COMP0739,LOT_04,DIGITAL_IC,CQFP-64,DIG-SIH-2026,THERMAL_BURN_IN,T04_0739,PROC-ISRO-IISU-01,ATE-STATION-01,CHAMBER-01,1.0,125.0,5.0,168,IDDQ,ELECTRICAL,uA,1.0566,800.4551,800.5388,800.5615,799.3985,23.279,2.1092,13.607,-0.0233,-0.0765,35.39,34.85,1.0566,800.4551,800.5388,800.5615,799.3985,50.0,False,NOMINAL,HEALTHY,-29.32,2.31
DIG_LOT04_COMP0740,LOT_04,DIGITAL_IC,CQFP-64,DIG-SIH-2026,THERMAL_BURN_IN,T04_0740,PROC-ISRO-IISU-01,ATE-STATION-01,CHAMBER-01,1.0,125.0,5.0,168,IDDQ,ELECTRICAL,uA,1.3366,1023.6217,1023.7003,1023.7737,1022.2851,26.066,1.7861,12.587,-0.0229,-0.0859,34.29,33.79,1.3366,1023.6217,1023.7003,1023.7737,1022.2851,50.0,False,NOMINAL,HEALTHY,-43.24,-10.21
DIG_LOT04_COMP0741,LOT_04,DIGITAL_IC,CQFP-64,DIG-SIH-2026,THERMAL_BURN_IN,T04_0741,PROC-ISRO-IISU-01,ATE-STATION-01,CHAMBER-01,1.0,125.0,5.0,168,IDDQ,ELECTRICAL,uA,1.2549,960.0413,960.103,960.2178,958.7864,24.729,2.2971,13.387,0.0132,0.0363,35.87,35.22,1.2549,960.0413,960.103,960.2178,958.7864,50.0,False,NOMINAL,HEALTHY,11.27,24.01
DIG_LOT04_COMP0742,LOT_04,DIGITAL_IC,CQFP-64,DIG-SIH-2026,THERMAL_BURN_IN,T04_0742,PROC-ISRO-IISU-01,ATE-STATION-01,CHAMBER-01,1.0,125.0,5.0,168,IDDQ,ELECTRICAL,uA,1.4828,1130.6926,1130.7455,1130.8222,1129.2098,23.003,2.4856,12.875,-0.0003,-0.0601,33.69,33.5,1.4828,1130.6926,1130.7455,1130.8222,1129.2098,50.0,False,NOMINAL,HEALTHY,-41.24,-40.74
DIG_LOT04_COMP0743,LOT_04,DIGITAL_IC,CQFP-64,DIG-SIH-2026,THERMAL_BURN_IN,T04_0743,PROC-ISRO-IISU-01,ATE-STATION-01,CHAMBER-01,1.0,125.0,5.0,168,IDDQ,ELECTRICAL,uA,1.2929,1001.9154,1001.997,1002.0681,1000.6225,23.466,1.9587,12.306,-0.0356,0.0332,34.77,34.44,1.2929,1001.9154,1001.997,1002.0681,1000.6225,50.0,False,NOMINAL,HEALTHY,-18.91,-12.06
DIG_LOT04_COMP0744,LOT_04,DIGITAL_IC,CQFP-64,DIG-SIH-2026,THERMAL_BURN_IN,T04_0744,PROC-ISRO-IISU-01,ATE-STATION-01,CHAMBER-01,1.0,125.0,5.0,168,IDDQ,ELECTRICAL,uA,1.2246,944.0561,944.1348,944.151,942.8315,25.87,2.2053,14.305,-0.0044,0.0318,34.9,34.97,1.2246,944.0561,944.1348,944.151,942.8315,50.0,False,NOMINAL,HEALTHY,27.43,-25.68
DIG_LOT04_COMP0745,LOT_04,DIGITAL_IC,CQFP-64,DIG-SIH-2026,THERMAL_BURN_IN,T04_0745,PROC-ISRO-IISU-01,ATE-STATION-01,CHAMBER-01,1.0,125.0,5.0,168,IDDQ,ELECTRICAL,uA,1.3139,1028.4057,1028.521,1028.5474,1027.0918,25.77,2.2041,12.105,-0.0092,0.0094,35.21,35.04,1.3139,1028.4057,1028.521,1028.5474,1027.0918,50.0,False,NOMINAL,HEALTHY,31.82,-26.16
DIG_LOT04_COMP0746,LOT_04,DIGITAL_IC,CQFP-64,DIG-SIH-2026,THERMAL_BURN_IN,T04_0746,PROC-ISRO-IISU-01,ATE-STATION-01,CHAMBER-01,1.0,125.0,5.0,168,IDDQ,ELECTRICAL,uA,1.472,1139.8068,1139.8549,1139.946,1138.3348,23.707,1.7661,12.475,-0.0089,-0.0342,34.2,34.39,1.472,1139.8068,1139.8549,1139.946,1138.3348,50.0,False,NOMINAL,HEALTHY,0.51,19.14
DIG_LOT04_COMP0747,LOT_04,DIGITAL_IC,CQFP-64,DIG-SIH-2026,THERMAL_BURN_IN,T04_0747,PROC-ISRO-IISU-01,ATE-STATION-01,CHAMBER-01,1.0,125.0,5.0,168,IDDQ,ELECTRICAL,uA,1.1662,902.5346,902.5918,902.6745,901.3684,23.36,2.1341,12.48,-0.0144,-0.0145,34.0,34.31,1.1662,902.5346,902.5918,902.6745,901.3684,50.0,False,NOMINAL,HEALTHY,19.48,-29.37
DIG_LOT04_COMP0748,LOT_04,DIGITAL_IC,CQFP-64,DIG-SIH-2026,THERMAL_BURN_IN,T04_0748,PROC-ISRO-IISU-01,ATE-STATION-01,CHAMBER-01,1.0,125.0,5.0,168,IDDQ,ELECTRICAL,uA,1.4619,1147.1967,1147.2494,1147.341,1145.7348,23.281,2.093,15.418,0.0081,-0.037,35.43,35.15,1.4619,1147.1967,1147.2494,1147.341,1145.7348,50.0,False,NOMINAL,HEALTHY,-29.09,35.84
DIG_LOT04_COMP0749,LOT_04,DIGITAL_IC,CQFP-64,DIG-SIH-2026,THERMAL_BURN_IN,T04_0749,PROC-ISRO-IISU-01,ATE-STATION-01,CHAMBER-01,1.0,125.0,5.0,168,IDDQ,ELECTRICAL,uA,1.1911,913.7355,913.7783,913.8271,912.5444,24.534,1.9823,12.135,-0.002,-0.0501,33.25,32.92,1.1911,913.7355,913.7783,913.8271,912.5444,50.0,False,NOMINAL,HEALTHY,10.24,-26.39
DIG_LOT04_COMP0750,LOT_04,DIGITAL_IC,CQFP-64,DIG-SIH-2026,THERMAL_BURN_IN,T04_0750,PROC-ISRO-IISU-01,ATE-STATION-01,CHAMBER-01,1.0,125.0,5.0,168,IDDQ,ELECTRICAL,uA,1.2923,994.2654,994.3545,994.4077,992.9731,25.325,1.7806,12.631,0.0026,-0.0006,35.45,35.57,1.2923,994.2654,994.3545,994.4077,992.9731,50.0,False,NOMINAL,HEALTHY,28.51,-23.73
DIG_LOT04_COMP0751,LOT_04,DIGITAL_IC,CQFP-64,DIG-SIH-2026,THERMAL_BURN_IN,T04_0751,PROC-ISRO-IISU-01,ATE-STATION-01,CHAMBER-01,1.0,125.0,5.0,168,IDDQ,ELECTRICAL,uA,1.3195,1010.7329,1010.8034,1010.8402,1009.4134,25.762,1.9752,12.449,-0.0234,0.0867,34.75,34.13,1.3195,1010.7329,1010.8034,1010.8402,1009.4134,50.0,False,NOMINAL,HEALTHY,1.46,-38.79
DIG_LOT04_COMP0752,LOT_04,DIGITAL_IC,CQFP-64,DIG-SIH-2026,THERMAL_BURN_IN,T04_0752,PROC-ISRO-IISU-01,ATE-STATION-01,CHAMBER-01,1.0,125.0,5.0,168,IDDQ,ELECTRICAL,uA,1.1778,889.2282,889.2832,889.3031,888.0504,22.528,1.9621,11.532,-0.0021,0.0347,35.94,36.34,1.1778,889.2282,889.2832,889.3031,888.0504,50.0,False,NOMINAL,HEALTHY,1.44,48.02
DIG_LOT04_COMP0753,LOT_04,DIGITAL_IC,CQFP-64,DIG-SIH-2026,THERMAL_BURN_IN,T04_0753,PROC-ISRO-IISU-01,ATE-STATION-01,CHAMBER-01,1.0,125.0,5.0,168,IDDQ,ELECTRICAL,uA,1.5887,1234.301,1234.4293,1234.4795,1232.7123,26.612,1.7174,12.744,-0.0042,0.001,33.87,34.66,1.5887,1234.301,1234.4293,1234.4795,1232.7123,50.0,False,NOMINAL,HEALTHY,-32.68,-47.9
DIG_LOT04_COMP0754,LOT_04,DIGITAL_IC,CQFP-64,DIG-SIH-2026,THERMAL_BURN_IN,T04_0754,PROC-ISRO-IISU-01,ATE-STATION-01,CHAMBER-01,1.0,125.0,5.0,168,IDDQ,ELECTRICAL,uA,1.2623,979.6292,979.6966,979.8068,978.3669,24.627,1.7135,14.019,-0.0261,0.0012,36.23,35.37,1.2623,979.6292,979.6966,979.8068,978.3669,50.0,False,NOMINAL,HEALTHY,19.41,-37.86
DIG_LOT04_COMP0755,LOT_04,DIGITAL_IC,CQFP-64,DIG-SIH-2026,THERMAL_BURN_IN,T04_0755,PROC-ISRO-IISU-01,ATE-STATION-01,CHAMBER-01,1.0,125.0,5.0,168,IDDQ,ELECTRICAL,uA,1.4983,1152.9472,1152.9904,1153.055,1151.4489,24.952,1.7405,12.8,-0.0144,0.0808,33.73,34.41,1.4983,1152.9472,1152.9904,1153.055,1151.4489,50.0,False,NOMINAL,HEALTHY,1.44,27.93
DIG_LOT04_COMP0756,LOT_04,DIGITAL_IC,CQFP-64,DIG-SIH-2026,THERMAL_BURN_IN,T04_0756,PROC-ISRO-IISU-01,ATE-STATION-01,CHAMBER-01,1.0,125.0,5.0,168,IDDQ,ELECTRICAL,uA,1.3066,999.9162,1000.0298,1000.033,998.6096,25.098,2.4083,11.25,0.0123,0.1269,37.32,36.12,1.3066,999.9162,1000.0298,1000.033,998.6096,50.0,False,NOMINAL,HEALTHY,-11.19,20.59
DIG_LOT04_COMP0757,LOT_04,DIGITAL_IC,CQFP-64,DIG-SIH-2026,THERMAL_BURN_IN,T04_0757,PROC-ISRO-IISU-01,ATE-STATION-01,CHAMBER-01,1.0,125.0,5.0,168,IDDQ,ELECTRICAL,uA,1.3031,1007.1006,1007.1881,1007.2574,1005.7975,25.859,1.9008,12.607,0.0078,0.091,35.61,35.12,1.3031,1007.1006,1007.1881,1007.2574,1005.7975,50.0,False,NOMINAL,HEALTHY,-31.24,21.89
DIG_LOT04_COMP0758,LOT_04,DIGITAL_IC,CQFP-64,DIG-SIH-2026,THERMAL_BURN_IN,T04_0758,PROC-ISRO-IISU-01,ATE-STATION-01,CHAMBER-01,1.0,125.0,5.0,168,IDDQ,ELECTRICAL,uA,1.5376,1188.5675,1188.6842,1188.7079,1187.0299,26.551,1.9649,10.905,0.0015,0.0534,34.04,34.05,1.5376,1188.5675,1188.6842,1188.7079,1187.0299,50.0,False,NOMINAL,HEALTHY,42.47,40.59
DIG_LOT04_COMP0759,LOT_04,DIGITAL_IC,CQFP-64,DIG-SIH-2026,THERMAL_BURN_IN,T04_0759,PROC-ISRO-IISU-01,ATE-STATION-01,CHAMBER-01,1.0,125.0,5.0,168,IDDQ,ELECTRICAL,uA,1.2716,985.176,985.2304,985.3315,983.9044,24.586,2.3486,12.02,0.0169,0.0647,34.92,35.11,1.2716,985.176,985.2304,985.3315,983.9044,50.0,False,NOMINAL,HEALTHY,30.6,28.23
DIG_LOT04_COMP0760,LOT_04,DIGITAL_IC,CQFP-64,DIG-SIH-2026,THERMAL_BURN_IN,T04_0760,PROC-ISRO-IISU-01,ATE-STATION-01,CHAMBER-01,1.0,125.0,5.0,168,IDDQ,ELECTRICAL,uA,1.4358,1097.7494,1097.8038,1097.8925,1096.3136,24.259,1.3103,12.67,0.0033,0.0254,34.83,35.54,1.4358,1097.7494,1097.8038,1097.8925,1096.3136,50.0,False,NOMINAL,HEALTHY,-17.56,-12.29
DIG_LOT04_COMP0761,LOT_04,DIGITAL_IC,CQFP-64,DIG-SIH-2026,THERMAL_BURN_IN,T04_0761,PROC-ISRO-IISU-01,ATE-STATION-01,CHAMBER-01,1.0,125.0,5.0,168,IDDQ,ELECTRICAL,uA,1.639,1270.5296,1270.6322,1270.732,1268.8906,24.966,1.6026,14.244,0.0028,-0.0494,35.3,34.82,1.639,1270.5296,1270.6322,1270.732,1268.8906,50.0,False,NOMINAL,HEALTHY,-42.65,15.67
DIG_LOT04_COMP0762,LOT_04,DIGITAL_IC,CQFP-64,DIG-SIH-2026,THERMAL_BURN_IN,T04_0762,PROC-ISRO-IISU-01,ATE-STATION-01,CHAMBER-01,1.0,125.0,5.0,168,IDDQ,ELECTRICAL,uA,1.2705,972.3018,972.4206,972.4163,971.0313,26.717,1.9873,12.957,0.0295,-0.0225,33.4,33.32,1.2705,972.3018,972.4206,972.4163,971.0313,50.0,False,NOMINAL,HEALTHY,18.87,47.86
DIG_LOT04_COMP0763,LOT_04,DIGITAL_IC,CQFP-64,DIG-SIH-2026,THERMAL_BURN_IN,T04_0763,PROC-ISRO-IISU-01,ATE-STATION-01,CHAMBER-01,1.0,125.0,5.0,168,IDDQ,ELECTRICAL,uA,1.1943,911.7936,911.872,911.8698,910.5993,26.077,1.9779,13.473,-0.0017,-0.0082,34.01,34.53,1.1943,911.7936,911.872,911.8698,910.5993,50.0,False,NOMINAL,HEALTHY,-35.37,-17.3
DIG_LOT04_COMP0764,LOT_04,DIGITAL_IC,CQFP-64,DIG-SIH-2026,THERMAL_BURN_IN,T04_0764,PROC-ISRO-IISU-01,ATE-STATION-01,CHAMBER-01,1.0,125.0,5.0,168,IDDQ,ELECTRICAL,uA,1.388,1064.312,1064.4065,1064.4105,1062.924,25.129,1.8405,13.987,-0.0168,0.0025,34.58,34.63,1.388,1064.312,1064.4065,1064.4105,1062.924,50.0,False,NOMINAL,HEALTHY,2.52,13.15
DIG_LOT04_COMP0765,LOT_04,DIGITAL_IC,CQFP-64,DIG-SIH-2026,THERMAL_BURN_IN,T04_0765,PROC-ISRO-IISU-01,ATE-STATION-01,CHAMBER-01,1.0,125.0,5.0,168,IDDQ,ELECTRICAL,uA,1.0617,821.7193,821.7454,821.817,820.6576,25.368,2.075,12.195,0.0039,0.0236,33.61,34.06,1.0617,821.7193,821.7454,821.817,820.6576,50.0,False,NOMINAL,HEALTHY,38.9,-15.28
DIG_LOT04_COMP0766,LOT_04,DIGITAL_IC,CQFP-64,DIG-SIH-2026,THERMAL_BURN_IN,T04_0766,PROC-ISRO-IISU-01,ATE-STATION-01,CHAMBER-01,1.0,125.0,5.0,168,IDDQ,ELECTRICAL,uA,1.7816,1361.5622,1361.6193,1361.7371,1359.7806,24.748,1.9789,13.864,-0.0079,-0.1015,34.81,35.36,1.7816,1361.5622,1361.6193,1361.7371,1359.7806,50.0,False,NOMINAL,HEALTHY,-17.92,28.47
DIG_LOT04_COMP0767,LOT_04,DIGITAL_IC,CQFP-64,DIG-SIH-2026,THERMAL_BURN_IN,T04_0767,PROC-ISRO-IISU-01,ATE-STATION-01,CHAMBER-01,1.0,125.0,5.0,168,IDDQ,ELECTRICAL,uA,1.2025,945.3325,945.4159,945.3897,944.13,23.51,1.9884,12.279,0.0018,0.0189,34.59,34.61,1.2025,945.3325,945.4159,945.3897,944.13,50.0,False,NOMINAL,HEALTHY,-13.72,19.9
DIG_LOT04_COMP0768,LOT_04,DIGITAL_IC,CQFP-64,DIG-SIH-2026,THERMAL_BURN_IN,T04_0768,PROC-ISRO-IISU-01,ATE-STATION-01,CHAMBER-01,1.0,125.0,5.0,168,IDDQ,ELECTRICAL,uA,1.2785,969.469,969.5415,969.6196,968.1905,23.036,1.7628,10.408,0.0608,0.0164,34.48,34.13,1.2785,969.469,969.5415,969.6196,968.1905,50.0,False,NOMINAL,HEALTHY,33.86,25.72
DIG_LOT04_COMP0769,LOT_04,DIGITAL_IC,CQFP-64,DIG-SIH-2026,THERMAL_BURN_IN,T04_0769,PROC-ISRO-IISU-01,ATE-STATION-01,CHAMBER-01,1.0,125.0,5.0,168,IDDQ,ELECTRICAL,uA,1.2487,981.5712,981.6949,981.6755,980.3225,24.359,2.1999,12.571,0.0083,-0.0129,33.31,33.33,1.2487,981.5712,981.6949,981.6755,980.3225,50.0,False,NOMINAL,HEALTHY,-27.23,21.45
DIG_LOT04_COMP0770,LOT_04,DIGITAL_IC,CQFP-64,DIG-SIH-2026,THERMAL_BURN_IN,T04_0770,PROC-ISRO-IISU-01,ATE-STATION-01,CHAMBER-01,1.0,125.0,5.0,168,IDDQ,ELECTRICAL,uA,0.9716,761.4072,761.4592,761.4657,760.4356,25.514,1.9871,12.793,0.0145,0.0459,36.81,37.73,0.9716,761.4072,761.4592,761.4657,760.4356,50.0,False,NOMINAL,HEALTHY,40.86,-31.27
DIG_LOT04_COMP0771,LOT_04,DIGITAL_IC,CQFP-64,DIG-SIH-2026,THERMAL_BURN_IN,T04_0771,PROC-ISRO-IISU-01,ATE-STATION-01,CHAMBER-01,1.0,125.0,5.0,168,IDDQ,ELECTRICAL,uA,1.1132,838.5392,838.621,838.6644,837.426,27.639,2.0959,12.449,-0.028,-0.0135,35.75,35.72,1.1132,838.5392,838.621,838.6644,837.426,50.0,False,NOMINAL,HEALTHY,48.72,-33.49
DIG_LOT04_COMP0772,LOT_04,DIGITAL_IC,CQFP-64,DIG-SIH-2026,THERMAL_BURN_IN,T04_0772,PROC-ISRO-IISU-01,ATE-STATION-01,CHAMBER-01,1.0,125.0,5.0,168,IDDQ,ELECTRICAL,uA,1.1347,897.8329,897.9084,897.9567,896.6982,24.696,2.0938,12.686,-0.0137,0.0435,34.86,35.35,1.1347,897.8329,897.9084,897.9567,896.6982,50.0,False,NOMINAL,HEALTHY,-49.82,-18.69
DIG_LOT04_COMP0773,LOT_04,DIGITAL_IC,CQFP-64,DIG-SIH-2026,THERMAL_BURN_IN,T04_0773,PROC-ISRO-IISU-01,ATE-STATION-01,CHAMBER-01,1.0,125.0,5.0,168,IDDQ,ELECTRICAL,uA,1.4229,1097.8535,1097.9494,1097.9418,1096.4306,23.871,1.5934,11.462,-0.0258,-0.0967,35.96,35.97,1.4229,1097.8535,1097.9494,1097.9418,1096.4306,50.0,False,NOMINAL,HEALTHY,28.38,-26.94
DIG_LOT04_COMP0774,LOT_04,DIGITAL_IC,CQFP-64,DIG-SIH-2026,THERMAL_BURN_IN,T04_0774,PROC-ISRO-IISU-01,ATE-STATION-01,CHAMBER-01,1.0,125.0,5.0,168,IDDQ,ELECTRICAL,uA,1.2214,962.062,962.137,962.2083,960.8406,24.288,1.584,12.794,-0.0298,-0.0009,34.81,34.93,1.2214,962.062,962.137,962.2083,960.8406,50.0,False,NOMINAL,HEALTHY,-4.95,34.32
DIG_LOT04_COMP0775,LOT_04,DIGITAL_IC,CQFP-64,DIG-SIH-2026,THERMAL_BURN_IN,T04_0775,PROC-ISRO-IISU-01,ATE-STATION-01,CHAMBER-01,1.0,125.0,5.0,168,IDDQ,ELECTRICAL,uA,1.349,1036.7607,1036.9352,1036.9658,1035.4117,25.41,1.5653,12.088,-0.0043,-0.0173,34.95,34.74,1.349,1036.7607,1036.9352,1036.9658,1035.4117,50.0,False,NOMINAL,HEALTHY,-23.95,-30.41
DIG_LOT04_COMP0776,LOT_04,DIGITAL_IC,CQFP-64,DIG-SIH-2026,THERMAL_BURN_IN,T04_0776,PROC-ISRO-IISU-01,ATE-STATION-01,CHAMBER-01,1.0,125.0,5.0,168,IDDQ,ELECTRICAL,uA,1.1152,849.6995,849.736,849.8221,848.5843,26.44,1.5872,11.639,-0.027,-0.0167,34.21,34.15,1.1152,849.6995,849.736,849.8221,848.5843,50.0,False,NOMINAL,HEALTHY,-40.85,-0.29
DIG_LOT04_COMP0777,LOT_04,DIGITAL_IC,CQFP-64,DIG-SIH-2026,THERMAL_BURN_IN,T04_0777,PROC-ISRO-IISU-01,ATE-STATION-01,CHAMBER-01,1.0,125.0,5.0,168,IDDQ,ELECTRICAL,uA,1.5484,1200.851,1201.0067,1201.0414,1199.3026,26.744,2.0111,13.751,0.0174,0.0521,33.99,34.0,1.5484,1200.851,1201.0067,1201.0414,1199.3026,50.0,False,NOMINAL,HEALTHY,-49.22,-5.51
DIG_LOT04_COMP0778,LOT_04,DIGITAL_IC,CQFP-64,DIG-SIH-2026,THERMAL_BURN_IN,T04_0778,PROC-ISRO-IISU-01,ATE-STATION-01,CHAMBER-01,1.0,125.0,5.0,168,IDDQ,ELECTRICAL,uA,1.3261,1018.1748,1018.2843,1018.3123,1016.8487,28.913,1.9232,12.701,-0.0072,0.0061,34.37,34.99,1.3261,1018.1748,1018.2843,1018.3123,1016.8487,50.0,False,NOMINAL,HEALTHY,-23.92,34.01
DIG_LOT04_COMP0779,LOT_04,DIGITAL_IC,CQFP-64,DIG-SIH-2026,THERMAL_BURN_IN,T04_0779,PROC-ISRO-IISU-01,ATE-STATION-01,CHAMBER-01,1.0,125.0,5.0,168,IDDQ,ELECTRICAL,uA,1.153,901.2824,901.3469,901.419,900.1294,26.709,2.2268,12.062,-0.0098,-0.0121,34.78,35.59,1.153,901.2824,901.3469,901.419,900.1294,50.0,True,DIELECTRIC_OSCILLATION,HEALTHY,16.01,32.33
DIG_LOT04_COMP0780,LOT_04,DIGITAL_IC,CQFP-64,DIG-SIH-2026,THERMAL_BURN_IN,T04_0780,PROC-ISRO-IISU-01,ATE-STATION-01,CHAMBER-01,1.0,125.0,5.0,168,IDDQ,ELECTRICAL,uA,1.2881,977.3199,977.4051,977.4672,976.0318,24.144,2.4396,10.969,-0.0166,-0.0136,37.93,38.43,1.2881,977.3199,977.4051,977.4672,976.0318,50.0,False,NOMINAL,HEALTHY,42.51,-26.6
DIG_LOT04_COMP0781,LOT_04,DIGITAL_IC,CQFP-64,DIG-SIH-2026,THERMAL_BURN_IN,T04_0781,PROC-ISRO-IISU-01,ATE-STATION-01,CHAMBER-01,1.0,125.0,5.0,168,IDDQ,ELECTRICAL,uA,1.5429,1195.834,1195.9578,1195.9665,1194.2911,27.818,2.0183,11.835,0.015,-0.023,33.67,33.64,1.5429,1195.834,1195.9578,1195.9665,1194.2911,50.0,False,NOMINAL,HEALTHY,34.2,7.04
DIG_LOT04_COMP0782,LOT_04,DIGITAL_IC,CQFP-64,DIG-SIH-2026,THERMAL_BURN_IN,T04_0782,PROC-ISRO-IISU-01,ATE-STATION-01,CHAMBER-01,1.0,125.0,5.0,168,IDDQ,ELECTRICAL,uA,1.2109,936.1626,936.2631,936.3335,934.9517,29.147,2.2408,11.552,-0.0125,-0.0208,35.18,35.65,1.2109,936.1626,936.2631,936.3335,934.9517,50.0,False,NOMINAL,HEALTHY,6.44,-48.22
DIG_LOT04_COMP0783,LOT_04,DIGITAL_IC,CQFP-64,DIG-SIH-2026,THERMAL_BURN_IN,T04_0783,PROC-ISRO-IISU-01,ATE-STATION-01,CHAMBER-01,1.0,125.0,5.0,168,IDDQ,ELECTRICAL,uA,1.5344,1186.1758,1186.2879,1186.3672,1184.6414,24.781,2.3567,11.922,0.0226,0.0225,33.88,33.89,1.5344,1186.1758,1186.2879,1186.3672,1184.6414,50.0,False,NOMINAL,HEALTHY,13.91,-47.61
DIG_LOT04_COMP0784,LOT_04,DIGITAL_IC,CQFP-64,DIG-SIH-2026,THERMAL_BURN_IN,T04_0784,PROC-ISRO-IISU-01,ATE-STATION-01,CHAMBER-01,1.0,125.0,5.0,168,IDDQ,ELECTRICAL,uA,1.0328,806.1858,806.2695,806.3016,805.153,25.518,1.9833,11.923,0.0089,0.0494,35.74,35.32,1.0328,806.1858,806.2695,806.3016,805.153,50.0,False,NOMINAL,HEALTHY,42.76,-25.39
DIG_LOT04_COMP0785,LOT_04,DIGITAL_IC,CQFP-64,DIG-SIH-2026,THERMAL_BURN_IN,T04_0785,PROC-ISRO-IISU-01,ATE-STATION-01,CHAMBER-01,1.0,125.0,5.0,168,IDDQ,ELECTRICAL,uA,1.3855,1073.329,1073.4244,1073.4952,1071.9435,23.985,2.32,13.363,-0.0218,-0.008,34.31,34.29,1.3855,1073.329,1073.4244,1073.4952,1071.9435,50.0,False,NOMINAL,HEALTHY,31.91,9.28
DIG_LOT04_COMP0786,LOT_04,DIGITAL_IC,CQFP-64,DIG-SIH-2026,THERMAL_BURN_IN,T04_0786,PROC-ISRO-IISU-01,ATE-STATION-01,CHAMBER-01,1.0,125.0,5.0,168,IDDQ,ELECTRICAL,uA,1.2725,997.2748,997.3554,997.3838,996.0023,24.828,1.7292,12.055,-0.0136,-0.0529,34.3,34.01,1.2725,997.2748,997.3554,997.3838,996.0023,50.0,False,NOMINAL,HEALTHY,40.03,-34.75
DIG_LOT04_COMP0787,LOT_04,DIGITAL_IC,CQFP-64,DIG-SIH-2026,THERMAL_BURN_IN,T04_0787,PROC-ISRO-IISU-01,ATE-STATION-01,CHAMBER-01,1.0,125.0,5.0,168,IDDQ,ELECTRICAL,uA,1.369,1048.1443,1048.2444,1048.2659,1046.7753,27.035,2.0448,12.74,-0.0146,-0.0649,32.76,32.33,1.369,1048.1443,1048.2444,1048.2659,1046.7753,50.0,False,NOMINAL,HEALTHY,-49.85,10.99
DIG_LOT04_COMP0788,LOT_04,DIGITAL_IC,CQFP-64,DIG-SIH-2026,THERMAL_BURN_IN,T04_0788,PROC-ISRO-IISU-01,ATE-STATION-01,CHAMBER-01,1.0,125.0,5.0,168,IDDQ,ELECTRICAL,uA,1.4599,1116.3776,1116.4604,1116.5341,1114.9177,21.075,1.4369,12.354,0.0353,0.1022,34.49,34.8,1.4599,1116.3776,1116.4604,1116.5341,1114.9177,50.0,False,NOMINAL,HEALTHY,-26.94,12.37
DIG_LOT04_COMP0789,LOT_04,DIGITAL_IC,CQFP-64,DIG-SIH-2026,THERMAL_BURN_IN,T04_0789,PROC-ISRO-IISU-01,ATE-STATION-01,CHAMBER-01,1.0,125.0,5.0,168,IDDQ,ELECTRICAL,uA,1.354,1027.9142,1028.0191,1028.0102,1026.5602,24.22,2.031,12.47,-0.0062,0.0123,32.78,32.74,1.354,1027.9142,1028.0191,1028.0102,1026.5602,50.0,False,NOMINAL,HEALTHY,33.39,49.32
DIG_LOT04_COMP0790,LOT_04,DIGITAL_IC,CQFP-64,DIG-SIH-2026,THERMAL_BURN_IN,T04_0790,PROC-ISRO-IISU-01,ATE-STATION-01,CHAMBER-01,1.0,125.0,5.0,168,IDDQ,ELECTRICAL,uA,1.406,1076.7834,1076.8378,1076.9234,1075.3774,27.439,2.2252,12.733,-0.0041,0.0118,34.04,33.63,1.406,1076.7834,1076.8378,1076.9234,1075.3774,50.0,False,NOMINAL,HEALTHY,4.34,49.05
DIG_LOT04_COMP0791,LOT_04,DIGITAL_IC,CQFP-64,DIG-SIH-2026,THERMAL_BURN_IN,T04_0791,PROC-ISRO-IISU-01,ATE-STATION-01,CHAMBER-01,1.0,125.0,5.0,168,IDDQ,ELECTRICAL,uA,1.3756,1067.0175,1067.1143,1067.1811,1065.6419,24.53,2.0304,12.4,0.0152,0.0226,33.95,34.9,1.3756,1067.0175,1067.1143,1067.1811,1065.6419,50.0,False,NOMINAL,HEALTHY,1.12,-38.58
DIG_LOT04_COMP0792,LOT_04,DIGITAL_IC,CQFP-64,DIG-SIH-2026,THERMAL_BURN_IN,T04_0792,PROC-ISRO-IISU-01,ATE-STATION-01,CHAMBER-01,1.0,125.0,5.0,168,IDDQ,ELECTRICAL,uA,1.4563,1147.9561,1148.017,1148.1158,1146.4998,25.936,2.2873,13.951,0.0216,0.011,35.1,35.54,1.4563,1147.9561,1148.017,1148.1158,1146.4998,50.0,False,NOMINAL,HEALTHY,-36.71,-38.12
DIG_LOT04_COMP0793,LOT_04,DIGITAL_IC,CQFP-64,DIG-SIH-2026,THERMAL_BURN_IN,T04_0793,PROC-ISRO-IISU-01,ATE-STATION-01,CHAMBER-01,1.0,125.0,5.0,168,IDDQ,ELECTRICAL,uA,1.2965,999.2248,999.3639,999.3216,997.9283,25.976,1.8969,13.407,-0.0065,-0.0197,37.16,37.08,1.2965,999.2248,999.3639,999.3216,997.9283,50.0,False,NOMINAL,HEALTHY,-20.78,14.09
DIG_LOT04_COMP0794,LOT_04,DIGITAL_IC,CQFP-64,DIG-SIH-2026,THERMAL_BURN_IN,T04_0794,PROC-ISRO-IISU-01,ATE-STATION-01,CHAMBER-01,1.0,125.0,5.0,168,IDDQ,ELECTRICAL,uA,1.2251,947.1177,947.1931,947.215,945.8926,25.181,1.8863,12.948,0.0063,-0.0185,33.65,33.46,1.2251,947.1177,947.1931,947.215,945.8926,50.0,False,NOMINAL,HEALTHY,-8.6,-26.25
DIG_LOT04_COMP0795,LOT_04,DIGITAL_IC,CQFP-64,DIG-SIH-2026,THERMAL_BURN_IN,T04_0795,PROC-ISRO-IISU-01,ATE-STATION-01,CHAMBER-01,1.0,125.0,5.0,168,IDDQ,ELECTRICAL,uA,1.5809,1229.0463,1229.1779,1229.2181,1227.4654,22.947,1.7097,11.504,0.0136,-0.0326,36.69,36.7,1.5809,1229.0463,1229.1779,1229.2181,1227.4654,50.0,False,NOMINAL,HEALTHY,4.67,0.96
DIG_LOT04_COMP0796,LOT_04,DIGITAL_IC,CQFP-64,DIG-SIH-2026,THERMAL_BURN_IN,T04_0796,PROC-ISRO-IISU-01,ATE-STATION-01,CHAMBER-01,1.0,125.0,5.0,168,IDDQ,ELECTRICAL,uA,1.3061,998.1069,998.1178,998.1649,996.8008,28.218,1.7119,12.154,-0.0014,-0.041,35.3,35.56,1.3061,998.1069,998.1178,998.1649,996.8008,50.0,False,NOMINAL,HEALTHY,-10.82,41.26
DIG_LOT04_COMP0797,LOT_04,DIGITAL_IC,CQFP-64,DIG-SIH-2026,THERMAL_BURN_IN,T04_0797,PROC-ISRO-IISU-01,ATE-STATION-01,CHAMBER-01,1.0,125.0,5.0,168,IDDQ,ELECTRICAL,uA,1.4059,1106.73,1106.8485,1106.9639,1105.3241,23.195,2.1881,11.96,0.0079,-0.0488,34.66,35.02,1.4059,1106.73,1106.8485,1106.9639,1105.3241,50.0,False,NOMINAL,HEALTHY,-21.48,23.05
DIG_LOT04_COMP0798,LOT_04,DIGITAL_IC,CQFP-64,DIG-SIH-2026,THERMAL_BURN_IN,T04_0798,PROC-ISRO-IISU-01,ATE-STATION-01,CHAMBER-01,1.0,125.0,5.0,168,IDDQ,ELECTRICAL,uA,1.3166,1024.4488,1024.5058,1024.5548,1023.1322,25.583,2.0785,12.491,-0.0083,-0.0768,34.03,33.83,1.3166,1024.4488,1024.5058,1024.5548,1023.1322,50.0,False,NOMINAL,HEALTHY,-40.21,35.5
DIG_LOT04_COMP0799,LOT_04,DIGITAL_IC,CQFP-64,DIG-SIH-2026,THERMAL_BURN_IN,T04_0799,PROC-ISRO-IISU-01,ATE-STATION-01,CHAMBER-01,1.0,125.0,5.0,168,IDDQ,ELECTRICAL,uA,1.1359,889.6398,889.7168,889.7763,888.5039,25.293,1.8495,12.293,-0.0328,0.0423,35.62,35.84,1.1359,889.6398,889.7168,889.7763,888.5039,50.0,False,NOMINAL,HEALTHY,-22.17,-26.51
DIG_LOT04_COMP0800,LOT_04,DIGITAL_IC,CQFP-64,DIG-SIH-2026,THERMAL_BURN_IN,T04_0800,PROC-ISRO-IISU-01,ATE-STATION-01,CHAMBER-01,1.0,125.0,5.0,168,IDDQ,ELECTRICAL,uA,1.316,1010.1092,1010.1992,1010.3188,1008.7932,26.3,1.4647,11.626,0.0002,0.0492,34.95,34.94,1.316,1010.1092,1010.1992,1010.3188,1008.7932,50.0,False,NOMINAL,HEALTHY,-41.84,2.84
DIG_LOT04_COMP0801,LOT_04,DIGITAL_IC,CQFP-64,DIG-SIH-2026,THERMAL_BURN_IN,T04_0801,PROC-ISRO-IISU-01,ATE-STATION-01,CHAMBER-01,1.0,125.0,5.0,168,IDDQ,ELECTRICAL,uA,1.435,1120.9497,1121.0271,1121.0459,1119.5147,26.034,1.6655,13.368,0.0022,0.0451,36.58,36.85,1.435,1120.9497,1121.0271,1121.0459,1119.5147,50.0,False,NOMINAL,HEALTHY,-25.56,48.75
DIG_LOT04_COMP0802,LOT_04,DIGITAL_IC,CQFP-64,DIG-SIH-2026,THERMAL_BURN_IN,T04_0802,PROC-ISRO-IISU-01,ATE-STATION-01,CHAMBER-01,1.0,125.0,5.0,168,IDDQ,ELECTRICAL,uA,1.4412,1119.5794,1119.6413,1119.6515,1118.1382,23.82,1.9302,11.693,0.0206,0.021,36.19,36.25,1.4412,1119.5794,1119.6413,1119.6515,1118.1382,50.0,False,NOMINAL,HEALTHY,26.63,42.67
DIG_LOT04_COMP0803,LOT_04,DIGITAL_IC,CQFP-64,DIG-SIH-2026,THERMAL_BURN_IN,T04_0803,PROC-ISRO-IISU-01,ATE-STATION-01,CHAMBER-01,1.0,125.0,5.0,168,IDDQ,ELECTRICAL,uA,1.2589,948.4082,948.4894,948.603,947.1493,22.437,2.455,12.918,-0.0114,-0.0367,32.55,32.22,1.2589,948.4082,948.4894,948.603,947.1493,50.0,False,NOMINAL,HEALTHY,-41.25,28.32
DIG_LOT04_COMP0804,LOT_04,DIGITAL_IC,CQFP-64,DIG-SIH-2026,THERMAL_BURN_IN,T04_0804,PROC-ISRO-IISU-01,ATE-STATION-01,CHAMBER-01,1.0,125.0,5.0,168,IDDQ,ELECTRICAL,uA,1.2218,944.2841,944.3468,944.3721,943.0623,23.561,2.0984,12.401,-0.016,-0.0311,36.02,36.6,1.2218,944.2841,944.3468,944.3721,943.0623,50.0,False,NOMINAL,HEALTHY,-5.89,37.44
DIG_LOT04_COMP0805,LOT_04,DIGITAL_IC,CQFP-64,DIG-SIH-2026,THERMAL_BURN_IN,T04_0805,PROC-ISRO-IISU-01,ATE-STATION-01,CHAMBER-01,1.0,125.0,5.0,168,IDDQ,ELECTRICAL,uA,1.2402,948.431,948.5183,948.5608,947.1908,26.732,1.2612,12.613,0.0331,0.0435,35.58,34.91,1.2402,948.431,948.5183,948.5608,947.1908,50.0,False,NOMINAL,HEALTHY,-10.65,-30.09
DIG_LOT04_COMP0806,LOT_04,DIGITAL_IC,CQFP-64,DIG-SIH-2026,THERMAL_BURN_IN,T04_0806,PROC-ISRO-IISU-01,ATE-STATION-01,CHAMBER-01,1.0,125.0,5.0,168,IDDQ,ELECTRICAL,uA,1.3002,1011.842,1011.9721,1012.0192,1010.5418,24.308,1.5928,11.374,0.021,-0.0187,33.96,34.18,1.3002,1011.842,1011.9721,1012.0192,1010.5418,50.0,False,NOMINAL,HEALTHY,4.29,1.51
DIG_LOT04_COMP0807,LOT_04,DIGITAL_IC,CQFP-64,DIG-SIH-2026,THERMAL_BURN_IN,T04_0807,PROC-ISRO-IISU-01,ATE-STATION-01,CHAMBER-01,1.0,125.0,5.0,168,IDDQ,ELECTRICAL,uA,1.1098,861.4501,861.5129,861.6101,860.3403,23.752,1.6006,12.398,0.0339,-0.0422,31.94,31.04,1.1098,861.4501,861.5129,861.6101,860.3403,50.0,False,NOMINAL,HEALTHY,2.75,19.57
DIG_LOT04_COMP0808,LOT_04,DIGITAL_IC,CQFP-64,DIG-SIH-2026,THERMAL_BURN_IN,T04_0808,PROC-ISRO-IISU-01,ATE-STATION-01,CHAMBER-01,1.0,125.0,5.0,168,IDDQ,ELECTRICAL,uA,1.3033,1002.215,1002.2703,1002.37,1000.9117,27.364,2.1251,11.384,-0.0119,-0.0654,36.68,36.12,1.3033,1002.215,1002.2703,1002.37,1000.9117,50.0,False,NOMINAL,HEALTHY,49.75,-16.38
DIG_LOT04_COMP0809,LOT_04,DIGITAL_IC,CQFP-64,DIG-SIH-2026,THERMAL_BURN_IN,T04_0809,PROC-ISRO-IISU-01,ATE-STATION-01,CHAMBER-01,1.0,125.0,5.0,168,IDDQ,ELECTRICAL,uA,1.3486,1047.5497,1047.62,1047.699,1046.2011,25.148,1.5413,13.167,0.0188,0.0015,34.75,34.27,1.3486,1047.5497,1047.62,1047.699,1046.2011,50.0,False,NOMINAL,HEALTHY,-0.09,-24.46
DIG_LOT04_COMP0810,LOT_04,DIGITAL_IC,CQFP-64,DIG-SIH-2026,THERMAL_BURN_IN,T04_0810,PROC-ISRO-IISU-01,ATE-STATION-01,CHAMBER-01,1.0,125.0,5.0,168,IDDQ,ELECTRICAL,uA,1.2123,929.3849,929.4437,929.4607,928.1726,27.517,1.9048,12.849,0.016,-0.0435,34.39,34.51,1.2123,929.3849,929.4437,929.4607,928.1726,50.0,False,NOMINAL,HEALTHY,33.32,45.78
DIG_LOT04_COMP0811,LOT_04,DIGITAL_IC,CQFP-64,DIG-SIH-2026,THERMAL_BURN_IN,T04_0811,PROC-ISRO-IISU-01,ATE-STATION-01,CHAMBER-01,1.0,125.0,5.0,168,IDDQ,ELECTRICAL,uA,1.5564,1207.2265,1207.3423,1207.4178,1205.6701,22.902,2.1088,12.209,0.0146,-0.0211,35.79,34.91,1.5564,1207.2265,1207.3423,1207.4178,1205.6701,50.0,False,NOMINAL,HEALTHY,-30.84,37.23
DIG_LOT04_COMP0812,LOT_04,DIGITAL_IC,CQFP-64,DIG-SIH-2026,THERMAL_BURN_IN,T04_0812,PROC-ISRO-IISU-01,ATE-STATION-01,CHAMBER-01,1.0,125.0,5.0,168,IDDQ,ELECTRICAL,uA,1.4928,1143.0539,1143.1402,1143.2015,1141.5611,26.565,1.9613,12.734,-0.0255,-0.0811,35.03,34.91,1.4928,1143.0539,1143.1402,1143.2015,1141.5611,50.0,False,NOMINAL,HEALTHY,-43.93,-44.34
DIG_LOT04_COMP0813,LOT_04,DIGITAL_IC,CQFP-64,DIG-SIH-2026,THERMAL_BURN_IN,T04_0813,PROC-ISRO-IISU-01,ATE-STATION-01,CHAMBER-01,1.0,125.0,5.0,168,IDDQ,ELECTRICAL,uA,1.3213,1033.2558,1033.3385,1033.3429,1031.9345,26.052,2.1082,12.63,0.0222,0.0026,37.22,36.34,1.3213,1033.2558,1033.3385,1033.3429,1031.9345,50.0,False,NOMINAL,HEALTHY,-21.59,27.34
DIG_LOT04_COMP0814,LOT_04,DIGITAL_IC,CQFP-64,DIG-SIH-2026,THERMAL_BURN_IN,T04_0814,PROC-ISRO-IISU-01,ATE-STATION-01,CHAMBER-01,1.0,125.0,5.0,168,IDDQ,ELECTRICAL,uA,1.1714,900.0901,900.1585,900.2144,898.9187,25.837,1.9302,12.759,0.0201,0.0198,36.21,35.8,1.1714,900.0901,900.1585,900.2144,898.9187,50.0,False,NOMINAL,HEALTHY,-31.33,-35.74
DIG_LOT04_COMP0815,LOT_04,DIGITAL_IC,CQFP-64,DIG-SIH-2026,THERMAL_BURN_IN,T04_0815,PROC-ISRO-IISU-01,ATE-STATION-01,CHAMBER-01,1.0,125.0,5.0,168,IDDQ,ELECTRICAL,uA,1.4121,1089.9729,1090.0227,1090.1252,1088.5608,24.64,2.0002,12.417,-0.0074,-0.0369,33.78,34.4,1.4121,1089.9729,1090.0227,1090.1252,1088.5608,50.0,False,NOMINAL,HEALTHY,-48.3,25.06
DIG_LOT04_COMP0816,LOT_04,DIGITAL_IC,CQFP-64,DIG-SIH-2026,THERMAL_BURN_IN,T04_0816,PROC-ISRO-IISU-01,ATE-STATION-01,CHAMBER-01,1.0,125.0,5.0,168,IDDQ,ELECTRICAL,uA,1.1577,897.83,897.9225,897.9982,896.6723,26.144,2.6286,12.893,0.0189,0.0688,34.77,34.82,1.1577,897.83,897.9225,897.9982,896.6723,50.0,False,NOMINAL,HEALTHY,-35.43,33.78
DIG_LOT04_COMP0817,LOT_04,DIGITAL_IC,CQFP-64,DIG-SIH-2026,THERMAL_BURN_IN,T04_0817,PROC-ISRO-IISU-01,ATE-STATION-01,CHAMBER-01,1.0,125.0,5.0,168,IDDQ,ELECTRICAL,uA,1.2916,1000.6984,1009.2363,1159.1016,999.4068,25.254,2.0245,12.813,0.004,-0.0142,35.45,34.8,1.2916,1000.6984,1009.2363,1159.1016,999.4068,50.0,True,THERMAL_RUNAWAY,HEALTHY,-6.2,27.43
DIG_LOT04_COMP0818,LOT_04,DIGITAL_IC,CQFP-64,DIG-SIH-2026,THERMAL_BURN_IN,T04_0818,PROC-ISRO-IISU-01,ATE-STATION-01,CHAMBER-01,1.0,125.0,5.0,168,IDDQ,ELECTRICAL,uA,1.561,1211.024,1211.1603,1211.1934,1209.463,26.483,1.8054,14.01,0.0166,0.0305,34.03,33.59,1.561,1211.024,1211.1603,1211.1934,1209.463,50.0,False,NOMINAL,HEALTHY,23.91,13.48
DIG_LOT04_COMP0819,LOT_04,DIGITAL_IC,CQFP-64,DIG-SIH-2026,THERMAL_BURN_IN,T04_0819,PROC-ISRO-IISU-01,ATE-STATION-01,CHAMBER-01,1.0,125.0,5.0,168,IDDQ,ELECTRICAL,uA,1.1612,909.0607,909.1182,909.1403,907.8995,22.577,1.5276,12.592,-0.0002,0.021,36.16,36.41,1.1612,909.0607,909.1182,909.1403,907.8995,50.0,False,NOMINAL,HEALTHY,12.5,6.09
DIG_LOT04_COMP0820,LOT_04,DIGITAL_IC,CQFP-64,DIG-SIH-2026,THERMAL_BURN_IN,T04_0820,PROC-ISRO-IISU-01,ATE-STATION-01,CHAMBER-01,1.0,125.0,5.0,168,IDDQ,ELECTRICAL,uA,1.4154,1071.7853,1071.8705,1071.8641,1070.3699,26.783,1.6419,13.048,-0.0203,-0.1402,34.56,34.66,1.4154,1071.7853,1071.8705,1071.8641,1070.3699,50.0,False,NOMINAL,HEALTHY,-47.22,20.16
DIG_LOT04_COMP0821,LOT_04,DIGITAL_IC,CQFP-64,DIG-SIH-2026,THERMAL_BURN_IN,T04_0821,PROC-ISRO-IISU-01,ATE-STATION-01,CHAMBER-01,1.0,125.0,5.0,168,IDDQ,ELECTRICAL,uA,1.3475,1034.3485,1034.4476,1034.5017,1033.001,24.873,2.1339,11.711,-0.0097,0.0108,36.48,35.95,1.3475,1034.3485,1034.4476,1034.5017,1033.001,50.0,False,NOMINAL,HEALTHY,-15.86,-31.85
DIG_LOT04_COMP0822,LOT_04,DIGITAL_IC,CQFP-64,DIG-SIH-2026,THERMAL_BURN_IN,T04_0822,PROC-ISRO-IISU-01,ATE-STATION-01,CHAMBER-01,1.0,125.0,5.0,168,IDDQ,ELECTRICAL,uA,1.4577,1123.7061,1123.8423,1123.8735,1122.2484,24.039,1.7734,11.89,0.0142,0.0251,36.93,36.93,1.4577,1123.7061,1123.8423,1123.8735,1122.2484,50.0,False,NOMINAL,HEALTHY,-45.53,-13.06
DIG_LOT04_COMP0823,LOT_04,DIGITAL_IC,CQFP-64,DIG-SIH-2026,THERMAL_BURN_IN,T04_0823,PROC-ISRO-IISU-01,ATE-STATION-01,CHAMBER-01,1.0,125.0,5.0,168,IDDQ,ELECTRICAL,uA,1.1096,856.5041,856.5451,856.6081,855.3945,25.613,1.5263,12.778,-0.0155,-0.031,35.41,35.44,1.1096,856.5041,856.5451,856.6081,855.3945,50.0,False,NOMINAL,HEALTHY,-4.3,-26.9
DIG_LOT04_COMP0824,LOT_04,DIGITAL_IC,CQFP-64,DIG-SIH-2026,THERMAL_BURN_IN,T04_0824,PROC-ISRO-IISU-01,ATE-STATION-01,CHAMBER-01,1.0,125.0,5.0,168,IDDQ,ELECTRICAL,uA,1.2539,954.0242,954.1118,954.1824,952.7703,24.333,2.5353,12.193,-0.0056,-0.0674,34.45,34.25,1.2539,954.0242,954.1118,954.1824,952.7703,50.0,False,NOMINAL,HEALTHY,-3.73,34.24
DIG_LOT04_COMP0825,LOT_04,DIGITAL_IC,CQFP-64,DIG-SIH-2026,THERMAL_BURN_IN,T04_0825,PROC-ISRO-IISU-01,ATE-STATION-01,CHAMBER-01,1.0,125.0,5.0,168,IDDQ,ELECTRICAL,uA,1.0305,820.0977,820.1656,820.2192,819.0672,27.728,2.5544,12.556,0.007,-0.0133,36.31,35.76,1.0305,820.0977,820.1656,820.2192,819.0672,50.0,False,NOMINAL,HEALTHY,-44.31,-24.67
DIG_LOT04_COMP0826,LOT_04,DIGITAL_IC,CQFP-64,DIG-SIH-2026,THERMAL_BURN_IN,T04_0826,PROC-ISRO-IISU-01,ATE-STATION-01,CHAMBER-01,1.0,125.0,5.0,168,IDDQ,ELECTRICAL,uA,1.1066,857.0086,857.0754,857.0683,855.902,23.943,2.2336,13.366,-0.0155,-0.0308,35.26,34.91,1.1066,857.0086,857.0754,857.0683,855.902,50.0,False,NOMINAL,HEALTHY,-23.4,-16.15
DIG_LOT04_COMP0827,LOT_04,DIGITAL_IC,CQFP-64,DIG-SIH-2026,THERMAL_BURN_IN,T04_0827,PROC-ISRO-IISU-01,ATE-STATION-01,CHAMBER-01,1.0,125.0,5.0,168,IDDQ,ELECTRICAL,uA,1.3862,1071.3281,1071.4168,1071.464,1069.9419,23.497,1.9958,13.404,-0.0096,0.137,34.39,34.38,1.3862,1071.3281,1071.4168,1071.464,1069.9419,50.0,False,NOMINAL,HEALTHY,-42.91,-18.23
DIG_LOT04_COMP0828,LOT_04,DIGITAL_IC,CQFP-64,DIG-SIH-2026,THERMAL_BURN_IN,T04_0828,PROC-ISRO-IISU-01,ATE-STATION-01,CHAMBER-01,1.0,125.0,5.0,168,IDDQ,ELECTRICAL,uA,1.2294,935.586,935.7001,935.6713,934.3566,24.157,2.3016,11.283,0.012,-0.0267,35.13,34.72,1.2294,935.586,935.7001,935.6713,934.3566,50.0,False,NOMINAL,HEALTHY,-32.34,-24.8
DIG_LOT04_COMP0829,LOT_04,DIGITAL_IC,CQFP-64,DIG-SIH-2026,THERMAL_BURN_IN,T04_0829,PROC-ISRO-IISU-01,ATE-STATION-01,CHAMBER-01,1.0,125.0,5.0,168,IDDQ,ELECTRICAL,uA,1.2307,963.0792,971.6167,1121.4932,961.8485,25.048,2.0626,10.376,0.0364,0.0756,34.58,34.9,1.2307,963.0792,971.6167,1121.4932,961.8485,50.0,True,THERMAL_RUNAWAY,HEALTHY,-41.27,-12.29
DIG_LOT04_COMP0830,LOT_04,DIGITAL_IC,CQFP-64,DIG-SIH-2026,THERMAL_BURN_IN,T04_0830,PROC-ISRO-IISU-01,ATE-STATION-01,CHAMBER-01,1.0,125.0,5.0,168,IDDQ,ELECTRICAL,uA,1.3847,1071.2064,1071.3347,1071.4306,1069.8217,23.737,1.8362,13.535,-0.0194,-0.1117,36.09,36.92,1.3847,1071.2064,1071.3347,1071.4306,1069.8217,50.0,False,NOMINAL,HEALTHY,17.84,-17.25
DIG_LOT04_COMP0831,LOT_04,DIGITAL_IC,CQFP-64,DIG-SIH-2026,THERMAL_BURN_IN,T04_0831,PROC-ISRO-IISU-01,ATE-STATION-01,CHAMBER-01,1.0,125.0,5.0,168,IDDQ,ELECTRICAL,uA,1.3335,1027.3317,1027.476,1027.4513,1025.9982,27.827,2.1474,12.246,0.0151,0.0351,35.62,34.73,1.3335,1027.3317,1027.476,1027.4513,1025.9982,50.0,False,NOMINAL,HEALTHY,-15.2,-49.99
DIG_LOT04_COMP0832,LOT_04,DIGITAL_IC,CQFP-64,DIG-SIH-2026,THERMAL_BURN_IN,T04_0832,PROC-ISRO-IISU-01,ATE-STATION-01,CHAMBER-01,1.0,125.0,5.0,168,IDDQ,ELECTRICAL,uA,1.1665,909.2242,909.2989,909.372,908.0577,24.336,1.8022,12.729,0.0017,0.0104,35.99,36.76,1.1665,909.2242,909.2989,909.372,908.0577,50.0,False,NOMINAL,HEALTHY,-3.65,-30.44
DIG_LOT04_COMP0833,LOT_04,DIGITAL_IC,CQFP-64,DIG-SIH-2026,THERMAL_BURN_IN,T04_0833,PROC-ISRO-IISU-01,ATE-STATION-01,CHAMBER-01,1.0,125.0,5.0,168,IDDQ,ELECTRICAL,uA,1.25,964.198,964.2264,964.2736,962.948,23.484,2.0753,11.157,-0.0262,0.0022,37.0,37.09,1.25,964.198,964.2264,964.2736,962.948,50.0,False,NOMINAL,HEALTHY,-9.16,-16.71
DIG_LOT04_COMP0834,LOT_04,DIGITAL_IC,CQFP-64,DIG-SIH-2026,THERMAL_BURN_IN,T04_0834,PROC-ISRO-IISU-01,ATE-STATION-01,CHAMBER-01,1.0,125.0,5.0,168,IDDQ,ELECTRICAL,uA,1.2798,976.6599,976.7354,976.7964,975.3801,24.307,2.029,11.56,-0.0042,-0.0431,34.33,34.56,1.2798,976.6599,976.7354,976.7964,975.3801,50.0,False,NOMINAL,HEALTHY,25.7,-38.29
DIG_LOT04_COMP0835,LOT_04,DIGITAL_IC,CQFP-64,DIG-SIH-2026,THERMAL_BURN_IN,T04_0835,PROC-ISRO-IISU-01,ATE-STATION-01,CHAMBER-01,1.0,125.0,5.0,168,IDDQ,ELECTRICAL,uA,1.5961,1231.4673,1231.5612,1231.6675,1229.8712,22.955,2.1459,11.597,-0.0058,0.031,34.16,34.39,1.5961,1231.4673,1231.5612,1231.6675,1229.8712,50.0,False,NOMINAL,HEALTHY,19.42,-31.73
DIG_LOT04_COMP0836,LOT_04,DIGITAL_IC,CQFP-64,DIG-SIH-2026,THERMAL_BURN_IN,T04_0836,PROC-ISRO-IISU-01,ATE-STATION-01,CHAMBER-01,1.0,125.0,5.0,168,IDDQ,ELECTRICAL,uA,1.2856,988.2918,988.3499,988.4356,987.0062,22.604,1.5258,13.723,-0.0161,0.033,34.94,34.41,1.2856,988.2918,988.3499,988.4356,987.0062,50.0,False,NOMINAL,HEALTHY,-29.85,-3.34
DIG_LOT04_COMP0837,LOT_04,DIGITAL_IC,CQFP-64,DIG-SIH-2026,THERMAL_BURN_IN,T04_0837,PROC-ISRO-IISU-01,ATE-STATION-01,CHAMBER-01,1.0,125.0,5.0,168,IDDQ,ELECTRICAL,uA,1.4088,1086.1696,1086.2999,1086.3807,1084.7608,25.7,1.8027,13.125,0.0303,0.0358,35.58,36.52,1.4088,1086.1696,1086.2999,1086.3807,1084.7608,50.0,False,NOMINAL,HEALTHY,11.85,49.91
DIG_LOT04_COMP0838,LOT_04,DIGITAL_IC,CQFP-64,DIG-SIH-2026,THERMAL_BURN_IN,T04_0838,PROC-ISRO-IISU-01,ATE-STATION-01,CHAMBER-01,1.0,125.0,5.0,168,IDDQ,ELECTRICAL,uA,1.3685,1049.9808,1050.0821,1050.1053,1048.6123,26.05,2.507,12.512,-0.0144,-0.0615,35.36,34.8,1.3685,1049.9808,1050.0821,1050.1053,1048.6123,50.0,False,NOMINAL,HEALTHY,1.09,44.14
DIG_LOT04_COMP0839,LOT_04,DIGITAL_IC,CQFP-64,DIG-SIH-2026,THERMAL_BURN_IN,T04_0839,PROC-ISRO-IISU-01,ATE-STATION-01,CHAMBER-01,1.0,125.0,5.0,168,IDDQ,ELECTRICAL,uA,1.1264,865.7377,867.0665,872.4631,864.6113,22.924,1.8355,13.342,-0.0261,-0.0555,35.16,35.4,1.1264,865.7377,867.0665,872.4631,864.6113,50.0,True,ELECTROMIGRATION,HEALTHY,14.21,5.31
DIG_LOT04_COMP0840,LOT_04,DIGITAL_IC,CQFP-64,DIG-SIH-2026,THERMAL_BURN_IN,T04_0840,PROC-ISRO-IISU-01,ATE-STATION-01,CHAMBER-01,1.0,125.0,5.0,168,IDDQ,ELECTRICAL,uA,1.5012,1166.5979,1166.7272,1166.7802,1165.0967,26.469,2.1151,11.956,-0.0128,-0.0158,34.53,34.93,1.5012,1166.5979,1166.7272,1166.7802,1165.0967,50.0,False,NOMINAL,HEALTHY,9.22,8.15
DIG_LOT04_COMP0841,LOT_04,DIGITAL_IC,CQFP-64,DIG-SIH-2026,THERMAL_BURN_IN,T04_0841,PROC-ISRO-IISU-01,ATE-STATION-01,CHAMBER-01,1.0,125.0,5.0,168,IDDQ,ELECTRICAL,uA,1.3429,1053.1363,1053.251,1053.2581,1051.7934,27.495,2.3967,12.248,-0.0052,0.0634,37.56,37.43,1.3429,1053.1363,1053.251,1053.2581,1051.7934,50.0,False,NOMINAL,HEALTHY,-42.25,36.24
DIG_LOT04_COMP0842,LOT_04,DIGITAL_IC,CQFP-64,DIG-SIH-2026,THERMAL_BURN_IN,T04_0842,PROC-ISRO-IISU-01,ATE-STATION-01,CHAMBER-01,1.0,125.0,5.0,168,IDDQ,ELECTRICAL,uA,1.0667,826.3432,826.4199,826.4821,825.2765,24.074,2.523,12.075,-0.0127,-0.0634,34.9,34.62,1.0667,826.3432,826.4199,826.4821,825.2765,50.0,True,DIELECTRIC_OSCILLATION,HEALTHY,3.69,12.4
DIG_LOT04_COMP0843,LOT_04,DIGITAL_IC,CQFP-64,DIG-SIH-2026,THERMAL_BURN_IN,T04_0843,PROC-ISRO-IISU-01,ATE-STATION-01,CHAMBER-01,1.0,125.0,5.0,168,IDDQ,ELECTRICAL,uA,0.9777,749.4105,749.4328,749.5027,748.4328,23.541,2.143,12.477,0.0091,0.0407,36.35,36.02,0.9777,749.4105,749.4328,749.5027,748.4328,50.0,False,NOMINAL,HEALTHY,15.79,8.98
DIG_LOT04_COMP0844,LOT_04,DIGITAL_IC,CQFP-64,DIG-SIH-2026,THERMAL_BURN_IN,T04_0844,PROC-ISRO-IISU-01,ATE-STATION-01,CHAMBER-01,1.0,125.0,5.0,168,IDDQ,ELECTRICAL,uA,1.2701,970.2482,970.3208,970.4143,968.9781,25.062,1.7996,12.721,0.0058,-0.088,32.68,33.0,1.2701,970.2482,970.3208,970.4143,968.9781,50.0,False,NOMINAL,HEALTHY,18.14,0.45
DIG_LOT04_COMP0845,LOT_04,DIGITAL_IC,CQFP-64,DIG-SIH-2026,THERMAL_BURN_IN,T04_0845,PROC-ISRO-IISU-01,ATE-STATION-01,CHAMBER-01,1.0,125.0,5.0,168,IDDQ,ELECTRICAL,uA,1.2851,986.4116,986.4864,986.5555,985.1265,25.941,1.2576,12.112,-0.0141,0.0516,33.55,33.4,1.2851,986.4116,986.4864,986.5555,985.1265,50.0,False,NOMINAL,HEALTHY,33.94,-10.79
DIG_LOT04_COMP0846,LOT_04,DIGITAL_IC,CQFP-64,DIG-SIH-2026,THERMAL_BURN_IN,T04_0846,PROC-ISRO-IISU-01,ATE-STATION-01,CHAMBER-01,1.0,125.0,5.0,168,IDDQ,ELECTRICAL,uA,1.2519,975.0937,975.1324,975.1758,973.8418,25.513,2.5221,14.233,-0.003,-0.069,35.27,35.52,1.2519,975.0937,975.1324,975.1758,973.8418,50.0,False,NOMINAL,HEALTHY,25.53,-46.01
DIG_LOT04_COMP0847,LOT_04,DIGITAL_IC,CQFP-64,DIG-SIH-2026,THERMAL_BURN_IN,T04_0847,PROC-ISRO-IISU-01,ATE-STATION-01,CHAMBER-01,1.0,125.0,5.0,168,IDDQ,ELECTRICAL,uA,1.3836,1060.7067,1060.7465,1060.8483,1059.3231,26.148,1.6862,11.816,-0.022,-0.0936,35.99,36.39,1.3836,1060.7067,1060.7465,1060.8483,1059.3231,50.0,False,NOMINAL,HEALTHY,8.07,-21.07
DIG_LOT04_COMP0848,LOT_04,DIGITAL_IC,CQFP-64,DIG-SIH-2026,THERMAL_BURN_IN,T04_0848,PROC-ISRO-IISU-01,ATE-STATION-01,CHAMBER-01,1.0,125.0,5.0,168,IDDQ,ELECTRICAL,uA,1.3989,1075.4555,1075.5098,1075.6256,1074.0566,24.039,2.0734,12.913,0.0208,0.0534,37.51,37.98,1.3989,1075.4555,1075.5098,1075.6256,1074.0566,50.0,False,NOMINAL,HEALTHY,-36.29,-47.69
DIG_LOT04_COMP0849,LOT_04,DIGITAL_IC,CQFP-64,DIG-SIH-2026,THERMAL_BURN_IN,T04_0849,PROC-ISRO-IISU-01,ATE-STATION-01,CHAMBER-01,1.0,125.0,5.0,168,IDDQ,ELECTRICAL,uA,1.5062,1169.0509,1169.1032,1169.1697,1167.5447,24.206,2.0664,13.343,-0.0309,-0.0241,36.7,35.61,1.5062,1169.0509,1169.1032,1169.1697,1167.5447,50.0,False,NOMINAL,HEALTHY,-14.07,-42.05
DIG_LOT04_COMP0850,LOT_04,DIGITAL_IC,CQFP-64,DIG-SIH-2026,THERMAL_BURN_IN,T04_0850,PROC-ISRO-IISU-01,ATE-STATION-01,CHAMBER-01,1.0,125.0,5.0,168,IDDQ,ELECTRICAL,uA,1.3793,1088.8486,1088.9512,1089.0353,1087.4693,23.51,1.9926,13.277,0.0277,0.05,35.69,35.63,1.3793,1088.8486,1088.9512,1089.0353,1087.4693,50.0,False,NOMINAL,HEALTHY,14.93,39.89
DIG_LOT04_COMP0851,LOT_04,DIGITAL_IC,CQFP-64,DIG-SIH-2026,THERMAL_BURN_IN,T04_0851,PROC-ISRO-IISU-01,ATE-STATION-01,CHAMBER-01,1.0,125.0,5.0,168,IDDQ,ELECTRICAL,uA,1.3079,992.722,992.8207,992.8799,991.4141,22.978,1.2457,12.359,-0.0176,0.012,36.28,37.28,1.3079,992.722,992.8207,992.8799,991.4141,50.0,False,NOMINAL,HEALTHY,36.21,-6.35
DIG_LOT04_COMP0852,LOT_04,DIGITAL_IC,CQFP-64,DIG-SIH-2026,THERMAL_BURN_IN,T04_0852,PROC-ISRO-IISU-01,ATE-STATION-01,CHAMBER-01,1.0,125.0,5.0,168,IDDQ,ELECTRICAL,uA,1.1276,873.362,873.4318,873.4855,872.2344,25.603,1.5637,12.307,-0.0105,-0.018,35.21,35.04,1.1276,873.362,873.4318,873.4855,872.2344,50.0,False,NOMINAL,HEALTHY,2.04,13.7
DIG_LOT04_COMP0853,LOT_04,DIGITAL_IC,CQFP-64,DIG-SIH-2026,THERMAL_BURN_IN,T04_0853,PROC-ISRO-IISU-01,ATE-STATION-01,CHAMBER-01,1.0,125.0,5.0,168,IDDQ,ELECTRICAL,uA,1.352,1016.0356,1016.0866,1016.1455,1014.6836,24.695,2.0346,12.35,-0.0185,-0.0017,33.91,33.38,1.352,1016.0356,1016.0866,1016.1455,1014.6836,50.0,False,NOMINAL,HEALTHY,-49.93,18.27
DIG_LOT04_COMP0854,LOT_04,DIGITAL_IC,CQFP-64,DIG-SIH-2026,THERMAL_BURN_IN,T04_0854,PROC-ISRO-IISU-01,ATE-STATION-01,CHAMBER-01,1.0,125.0,5.0,168,IDDQ,ELECTRICAL,uA,1.4165,1088.4949,1088.5404,1088.6699,1087.0784,24.984,2.6395,12.885,0.0008,-0.0282,35.04,34.58,1.4165,1088.4949,1088.5404,1088.6699,1087.0784,50.0,False,NOMINAL,HEALTHY,-45.31,-16.97
DIG_LOT04_COMP0855,LOT_04,DIGITAL_IC,CQFP-64,DIG-SIH-2026,THERMAL_BURN_IN,T04_0855,PROC-ISRO-IISU-01,ATE-STATION-01,CHAMBER-01,1.0,125.0,5.0,168,IDDQ,ELECTRICAL,uA,1.4854,1149.8825,1149.9328,1149.9793,1148.3971,26.398,2.2219,12.724,0.0236,0.0129,33.98,33.26,1.4854,1149.8825,1149.9328,1149.9793,1148.3971,50.0,False,NOMINAL,HEALTHY,-15.68,39.06
DIG_LOT04_COMP0856,LOT_04,DIGITAL_IC,CQFP-64,DIG-SIH-2026,THERMAL_BURN_IN,T04_0856,PROC-ISRO-IISU-01,ATE-STATION-01,CHAMBER-01,1.0,125.0,5.0,168,IDDQ,ELECTRICAL,uA,1.1644,902.4335,902.5009,902.5627,901.2691,23.351,1.7812,12.315,-0.0007,-0.0737,35.29,34.29,1.1644,902.4335,902.5009,902.5627,901.2691,50.0,False,NOMINAL,HEALTHY,-2.17,20.94
DIG_LOT04_COMP0857,LOT_04,DIGITAL_IC,CQFP-64,DIG-SIH-2026,THERMAL_BURN_IN,T04_0857,PROC-ISRO-IISU-01,ATE-STATION-01,CHAMBER-01,1.0,125.0,5.0,168,IDDQ,ELECTRICAL,uA,1.3278,1051.6679,1051.7754,1051.7741,1050.3401,24.932,2.5826,12.623,-0.0067,0.0238,34.8,34.6,1.3278,1051.6679,1051.7754,1051.7741,1050.3401,50.0,False,NOMINAL,HEALTHY,36.72,-23.16
DIG_LOT04_COMP0858,LOT_04,DIGITAL_IC,CQFP-64,DIG-SIH-2026,THERMAL_BURN_IN,T04_0858,PROC-ISRO-IISU-01,ATE-STATION-01,CHAMBER-01,1.0,125.0,5.0,168,IDDQ,ELECTRICAL,uA,1.4775,1151.5427,1151.6238,1151.6351,1150.0652,24.542,1.7817,12.147,0.016,-0.0198,34.95,35.06,1.4775,1151.5427,1151.6238,1151.6351,1150.0652,50.0,False,NOMINAL,HEALTHY,-27.76,23.54
DIG_LOT04_COMP0859,LOT_04,DIGITAL_IC,CQFP-64,DIG-SIH-2026,THERMAL_BURN_IN,T04_0859,PROC-ISRO-IISU-01,ATE-STATION-01,CHAMBER-01,1.0,125.0,5.0,168,IDDQ,ELECTRICAL,uA,1.1701,915.2742,915.3077,915.3536,914.1041,25.17,2.2958,13.531,0.0236,0.0157,35.59,34.89,1.1701,915.2742,915.3077,915.3536,914.1041,50.0,False,NOMINAL,HEALTHY,7.6,18.25
DIG_LOT04_COMP0860,LOT_04,DIGITAL_IC,CQFP-64,DIG-SIH-2026,THERMAL_BURN_IN,T04_0860,PROC-ISRO-IISU-01,ATE-STATION-01,CHAMBER-01,1.0,125.0,5.0,168,IDDQ,ELECTRICAL,uA,1.2651,977.5229,977.5938,977.599,976.2578,24.63,1.3966,11.394,0.0247,0.0716,33.67,33.85,1.2651,977.5229,977.5938,977.599,976.2578,50.0,False,NOMINAL,HEALTHY,-27.79,39.11
DIG_LOT04_COMP0861,LOT_04,DIGITAL_IC,CQFP-64,DIG-SIH-2026,THERMAL_BURN_IN,T04_0861,PROC-ISRO-IISU-01,ATE-STATION-01,CHAMBER-01,1.0,125.0,5.0,168,IDDQ,ELECTRICAL,uA,1.3066,1003.6827,1003.7287,1003.7822,1002.3761,26.153,1.7296,12.252,-0.0177,-0.0456,34.43,33.55,1.3066,1003.6827,1003.7287,1003.7822,1002.3761,50.0,False,NOMINAL,HEALTHY,32.35,18.13
DIG_LOT04_COMP0862,LOT_04,DIGITAL_IC,CQFP-64,DIG-SIH-2026,THERMAL_BURN_IN,T04_0862,PROC-ISRO-IISU-01,ATE-STATION-01,CHAMBER-01,1.0,125.0,5.0,168,IDDQ,ELECTRICAL,uA,1.3291,1025.2266,1025.2613,1025.3927,1023.8975,22.839,2.0022,12.129,-0.0119,-0.004,33.72,34.08,1.3291,1025.2266,1025.2613,1025.3927,1023.8975,50.0,False,NOMINAL,HEALTHY,35.84,13.48
DIG_LOT04_COMP0863,LOT_04,DIGITAL_IC,CQFP-64,DIG-SIH-2026,THERMAL_BURN_IN,T04_0863,PROC-ISRO-IISU-01,ATE-STATION-01,CHAMBER-01,1.0,125.0,5.0,168,IDDQ,ELECTRICAL,uA,1.1431,875.4057,875.4376,875.4353,874.2626,26.79,2.016,12.842,0.0052,0.052,34.68,35.07,1.1431,875.4057,875.4376,875.4353,874.2626,50.0,False,NOMINAL,HEALTHY,-33.42,0.98
DIG_LOT04_COMP0864,LOT_04,DIGITAL_IC,CQFP-64,DIG-SIH-2026,THERMAL_BURN_IN,T04_0864,PROC-ISRO-IISU-01,ATE-STATION-01,CHAMBER-01,1.0,125.0,5.0,168,IDDQ,ELECTRICAL,uA,1.0847,841.6053,841.6239,841.7033,840.5206,25.066,2.338,12.313,0.0372,0.0779,34.65,35.18,1.0847,841.6053,841.6239,841.7033,840.5206,50.0,False,NOMINAL,HEALTHY,39.43,46.46
DIG_LOT04_COMP0865,LOT_04,DIGITAL_IC,CQFP-64,DIG-SIH-2026,THERMAL_BURN_IN,T04_0865,PROC-ISRO-IISU-01,ATE-STATION-01,CHAMBER-01,1.0,125.0,5.0,168,IDDQ,ELECTRICAL,uA,1.1623,899.4905,899.4887,899.5096,898.3282,20.534,1.565,13.52,-0.0043,-0.0541,34.21,33.27,1.1623,899.4905,899.4887,899.5096,898.3282,50.0,False,NOMINAL,HEALTHY,-11.77,-49.9
DIG_LOT04_COMP0866,LOT_04,DIGITAL_IC,CQFP-64,DIG-SIH-2026,THERMAL_BURN_IN,T04_0866,PROC-ISRO-IISU-01,ATE-STATION-01,CHAMBER-01,1.0,125.0,5.0,168,IDDQ,ELECTRICAL,uA,1.0654,809.7566,809.7738,809.8449,808.6912,20.899,2.1944,11.093,-0.0436,-0.0919,33.77,34.17,1.0654,809.7566,809.7738,809.8449,808.6912,50.0,False,NOMINAL,HEALTHY,-30.56,-18.0
DIG_LOT04_COMP0867,LOT_04,DIGITAL_IC,CQFP-64,DIG-SIH-2026,THERMAL_BURN_IN,T04_0867,PROC-ISRO-IISU-01,ATE-STATION-01,CHAMBER-01,1.0,125.0,5.0,168,IDDQ,ELECTRICAL,uA,1.3838,1056.0659,1056.1231,1056.175,1054.6821,26.259,1.7982,12.591,-0.0476,-0.1463,34.13,35.1,1.3838,1056.0659,1056.1231,1056.175,1054.6821,50.0,False,NOMINAL,HEALTHY,12.47,-8.37
DIG_LOT04_COMP0868,LOT_04,DIGITAL_IC,CQFP-64,DIG-SIH-2026,THERMAL_BURN_IN,T04_0868,PROC-ISRO-IISU-01,ATE-STATION-01,CHAMBER-01,1.0,125.0,5.0,168,IDDQ,ELECTRICAL,uA,1.358,1034.786,1034.8304,1034.9251,1033.428,26.503,1.9846,12.465,0.0152,0.0243,36.51,35.86,1.358,1034.786,1034.8304,1034.9251,1033.428,50.0,False,NOMINAL,HEALTHY,44.65,-17.03
DIG_LOT04_COMP0869,LOT_04,DIGITAL_IC,CQFP-64,DIG-SIH-2026,THERMAL_BURN_IN,T04_0869,PROC-ISRO-IISU-01,ATE-STATION-01,CHAMBER-01,1.0,125.0,5.0,168,IDDQ,ELECTRICAL,uA,1.4291,1115.5783,1115.6514,1115.6928,1114.1492,23.769,1.813,13.624,0.0073,-0.0423,36.53,36.25,1.4291,1115.5783,1115.6514,1115.6928,1114.1492,50.0,False,NOMINAL,HEALTHY,9.73,24.49
DIG_LOT04_COMP0870,LOT_04,DIGITAL_IC,CQFP-64,DIG-SIH-2026,THERMAL_BURN_IN,T04_0870,PROC-ISRO-IISU-01,ATE-STATION-01,CHAMBER-01,1.0,125.0,5.0,168,IDDQ,ELECTRICAL,uA,1.2565,968.6061,968.7186,968.7564,967.3496,23.284,1.6954,12.367,-0.01,-0.061,34.51,34.57,1.2565,968.6061,968.7186,968.7564,967.3496,50.0,False,NOMINAL,HEALTHY,0.72,-29.45
DIG_LOT04_COMP0871,LOT_04,DIGITAL_IC,CQFP-64,DIG-SIH-2026,THERMAL_BURN_IN,T04_0871,PROC-ISRO-IISU-01,ATE-STATION-01,CHAMBER-01,1.0,125.0,5.0,168,IDDQ,ELECTRICAL,uA,1.4267,1101.8669,1102.0021,1101.9965,1100.4402,24.22,1.9586,13.275,-0.0223,-0.0031,36.07,36.59,1.4267,1101.8669,1102.0021,1101.9965,1100.4402,50.0,False,NOMINAL,HEALTHY,-9.64,-31.26
DIG_LOT04_COMP0872,LOT_04,DIGITAL_IC,CQFP-64,DIG-SIH-2026,THERMAL_BURN_IN,T04_0872,PROC-ISRO-IISU-01,ATE-STATION-01,CHAMBER-01,1.0,125.0,5.0,168,IDDQ,ELECTRICAL,uA,1.2831,978.5169,978.5639,978.6085,977.2338,25.55,1.5414,13.499,0.001,-0.1464,34.36,34.87,1.2831,978.5169,978.5639,978.6085,977.2338,50.0,False,NOMINAL,HEALTHY,-36.1,-5.79
DIG_LOT04_COMP0873,LOT_04,DIGITAL_IC,CQFP-64,DIG-SIH-2026,THERMAL_BURN_IN,T04_0873,PROC-ISRO-IISU-01,ATE-STATION-01,CHAMBER-01,1.0,125.0,5.0,168,IDDQ,ELECTRICAL,uA,1.3273,1038.871,1038.9459,1038.9582,1037.5437,24.819,2.0734,12.739,-0.0006,-0.0097,36.97,37.25,1.3273,1038.871,1038.9459,1038.9582,1037.5437,50.0,False,NOMINAL,HEALTHY,6.61,12.02
DIG_LOT04_COMP0874,LOT_04,DIGITAL_IC,CQFP-64,DIG-SIH-2026,THERMAL_BURN_IN,T04_0874,PROC-ISRO-IISU-01,ATE-STATION-01,CHAMBER-01,1.0,125.0,5.0,168,IDDQ,ELECTRICAL,uA,1.5763,1221.7335,1221.7734,1221.8284,1220.1572,21.993,2.0106,12.393,-0.0162,-0.0296,33.73,33.72,1.5763,1221.7335,1221.7734,1221.8284,1220.1572,50.0,False,NOMINAL,HEALTHY,36.92,27.75
DIG_LOT04_COMP0875,LOT_04,DIGITAL_IC,CQFP-64,DIG-SIH-2026,THERMAL_BURN_IN,T04_0875,PROC-ISRO-IISU-01,ATE-STATION-01,CHAMBER-01,1.0,125.0,5.0,168,IDDQ,ELECTRICAL,uA,1.3772,1067.5342,1067.5547,1067.6613,1066.157,26.292,1.802,12.962,0.0086,0.0956,34.35,33.8,1.3772,1067.5342,1067.5547,1067.6613,1066.157,50.0,False,NOMINAL,HEALTHY,-0.36,29.76
DIG_LOT04_COMP0876,LOT_04,DIGITAL_IC,CQFP-64,DIG-SIH-2026,THERMAL_BURN_IN,T04_0876,PROC-ISRO-IISU-01,ATE-STATION-01,CHAMBER-01,1.0,125.0,5.0,168,IDDQ,ELECTRICAL,uA,1.4816,1118.3219,1118.4146,1118.5069,1116.8403,24.373,1.9437,12.205,0.0272,0.0415,33.61,33.21,1.4816,1118.3219,1118.4146,1118.5069,1116.8403,50.0,False,NOMINAL,HEALTHY,18.12,-21.81
DIG_LOT04_COMP0877,LOT_04,DIGITAL_IC,CQFP-64,DIG-SIH-2026,THERMAL_BURN_IN,T04_0877,PROC-ISRO-IISU-01,ATE-STATION-01,CHAMBER-01,1.0,125.0,5.0,168,IDDQ,ELECTRICAL,uA,1.166,896.1867,896.2611,896.3338,895.0207,26.899,1.6919,13.172,-0.0295,-0.005,33.97,34.24,1.166,896.1867,896.2611,896.3338,895.0207,50.0,False,NOMINAL,HEALTHY,-22.62,1.82
DIG_LOT04_COMP0878,LOT_04,DIGITAL_IC,CQFP-64,DIG-SIH-2026,THERMAL_BURN_IN,T04_0878,PROC-ISRO-IISU-01,ATE-STATION-01,CHAMBER-01,1.0,125.0,5.0,168,IDDQ,ELECTRICAL,uA,1.4113,1079.2062,1079.2899,1079.3475,1077.7949,25.332,2.2597,13.055,0.0112,-0.0953,35.24,36.17,1.4113,1079.2062,1079.2899,1079.3475,1077.7949,50.0,False,NOMINAL,HEALTHY,-16.8,-2.52
DIG_LOT04_COMP0879,LOT_04,DIGITAL_IC,CQFP-64,DIG-SIH-2026,THERMAL_BURN_IN,T04_0879,PROC-ISRO-IISU-01,ATE-STATION-01,CHAMBER-01,1.0,125.0,5.0,168,IDDQ,ELECTRICAL,uA,1.2119,926.2462,926.3592,926.3979,925.0343,26.035,2.1208,12.544,0.0259,0.0531,36.88,36.73,1.2119,926.2462,926.3592,926.3979,925.0343,50.0,False,NOMINAL,HEALTHY,-41.42,-2.42
DIG_LOT04_COMP0880,LOT_04,DIGITAL_IC,CQFP-64,DIG-SIH-2026,THERMAL_BURN_IN,T04_0880,PROC-ISRO-IISU-01,ATE-STATION-01,CHAMBER-01,1.0,125.0,5.0,168,IDDQ,ELECTRICAL,uA,1.3309,1026.626,1026.6529,1026.7728,1025.2951,28.669,1.7738,13.886,0.0127,0.1115,36.61,36.84,1.3309,1026.626,1026.6529,1026.7728,1025.2951,50.0,False,NOMINAL,HEALTHY,-1.86,30.48
DIG_LOT04_COMP0881,LOT_04,DIGITAL_IC,CQFP-64,DIG-SIH-2026,THERMAL_BURN_IN,T04_0881,PROC-ISRO-IISU-01,ATE-STATION-01,CHAMBER-01,1.0,125.0,5.0,168,IDDQ,ELECTRICAL,uA,1.374,1048.3457,1048.4173,1048.5433,1046.9717,24.349,2.1043,12.634,-0.0039,-0.0172,32.56,33.05,1.374,1048.3457,1048.4173,1048.5433,1046.9717,50.0,False,NOMINAL,HEALTHY,-30.52,22.5
DIG_LOT04_COMP0882,LOT_04,DIGITAL_IC,CQFP-64,DIG-SIH-2026,THERMAL_BURN_IN,T04_0882,PROC-ISRO-IISU-01,ATE-STATION-01,CHAMBER-01,1.0,125.0,5.0,168,IDDQ,ELECTRICAL,uA,1.2524,950.6297,950.6525,950.7614,949.3773,27.142,2.3689,12.537,0.0081,0.0271,33.07,33.71,1.2524,950.6297,950.6525,950.7614,949.3773,50.0,False,NOMINAL,HEALTHY,41.94,27.27
DIG_LOT04_COMP0883,LOT_04,DIGITAL_IC,CQFP-64,DIG-SIH-2026,THERMAL_BURN_IN,T04_0883,PROC-ISRO-IISU-01,ATE-STATION-01,CHAMBER-01,1.0,125.0,5.0,168,IDDQ,ELECTRICAL,uA,1.3002,986.4769,986.5562,986.6174,985.1767,26.767,1.3827,11.992,0.0483,0.0395,34.22,34.92,1.3002,986.4769,986.5562,986.6174,985.1767,50.0,False,NOMINAL,HEALTHY,-21.36,7.73
DIG_LOT04_COMP0884,LOT_04,DIGITAL_IC,CQFP-64,DIG-SIH-2026,THERMAL_BURN_IN,T04_0884,PROC-ISRO-IISU-01,ATE-STATION-01,CHAMBER-01,1.0,125.0,5.0,168,IDDQ,ELECTRICAL,uA,1.292,987.1414,987.1982,987.2922,985.8494,24.398,1.6236,12.9,-0.008,-0.0302,35.15,35.2,1.292,987.1414,987.1982,987.2922,985.8494,50.0,False,NOMINAL,HEALTHY,12.24,42.23
DIG_LOT04_COMP0885,LOT_04,DIGITAL_IC,CQFP-64,DIG-SIH-2026,THERMAL_BURN_IN,T04_0885,PROC-ISRO-IISU-01,ATE-STATION-01,CHAMBER-01,1.0,125.0,5.0,168,IDDQ,ELECTRICAL,uA,1.6867,1297.6139,1297.7233,1297.7614,1295.9272,24.631,2.4227,11.609,0.005,0.0443,36.22,35.7,1.6867,1297.6139,1297.7233,1297.7614,1295.9272,50.0,False,NOMINAL,HEALTHY,31.23,-19.23
DIG_LOT04_COMP0886,LOT_04,DIGITAL_IC,CQFP-64,DIG-SIH-2026,THERMAL_BURN_IN,T04_0886,PROC-ISRO-IISU-01,ATE-STATION-01,CHAMBER-01,1.0,125.0,5.0,168,IDDQ,ELECTRICAL,uA,1.1851,903.3887,903.426,903.4956,902.2036,24.9,2.5012,12.048,-0.0142,-0.0288,32.61,32.72,1.1851,903.3887,903.426,903.4956,902.2036,50.0,False,NOMINAL,HEALTHY,-19.18,39.73
DIG_LOT04_COMP0887,LOT_04,DIGITAL_IC,CQFP-64,DIG-SIH-2026,THERMAL_BURN_IN,T04_0887,PROC-ISRO-IISU-01,ATE-STATION-01,CHAMBER-01,1.0,125.0,5.0,168,IDDQ,ELECTRICAL,uA,1.0149,781.4707,781.5098,781.5841,780.4558,25.247,1.5796,12.853,0.0101,0.0804,36.08,36.45,1.0149,781.4707,781.5098,781.5841,780.4558,50.0,False,NOMINAL,HEALTHY,45.05,-28.44
DIG_LOT04_COMP0888,LOT_04,DIGITAL_IC,CQFP-64,DIG-SIH-2026,THERMAL_BURN_IN,T04_0888,PROC-ISRO-IISU-01,ATE-STATION-01,CHAMBER-01,1.0,125.0,5.0,168,IDDQ,ELECTRICAL,uA,1.573,1188.7831,1188.9191,1188.9505,1187.2101,25.515,2.2813,12.57,-0.0074,-0.0124,33.61,33.44,1.573,1188.7831,1188.9191,1188.9505,1187.2101,50.0,False,NOMINAL,HEALTHY,45.68,-38.73
DIG_LOT04_COMP0889,LOT_04,DIGITAL_IC,CQFP-64,DIG-SIH-2026,THERMAL_BURN_IN,T04_0889,PROC-ISRO-IISU-01,ATE-STATION-01,CHAMBER-01,1.0,125.0,5.0,168,IDDQ,ELECTRICAL,uA,1.3315,1022.9583,1023.0859,1023.0659,1021.6268,26.149,1.8607,12.267,0.0008,0.0239,34.81,34.02,1.3315,1022.9583,1023.0859,1023.0659,1021.6268,50.0,False,NOMINAL,HEALTHY,-5.04,-17.31
DIG_LOT04_COMP0890,LOT_04,DIGITAL_IC,CQFP-64,DIG-SIH-2026,THERMAL_BURN_IN,T04_0890,PROC-ISRO-IISU-01,ATE-STATION-01,CHAMBER-01,1.0,125.0,5.0,168,IDDQ,ELECTRICAL,uA,1.4291,1101.0407,1101.1137,1101.1651,1099.6116,26.593,1.7625,10.918,0.0003,0.0864,35.24,35.6,1.4291,1101.0407,1101.1137,1101.1651,1099.6116,50.0,False,NOMINAL,HEALTHY,49.49,-20.71
DIG_LOT04_COMP0891,LOT_04,DIGITAL_IC,CQFP-64,DIG-SIH-2026,THERMAL_BURN_IN,T04_0891,PROC-ISRO-IISU-01,ATE-STATION-01,CHAMBER-01,1.0,125.0,5.0,168,IDDQ,ELECTRICAL,uA,1.4066,1082.0292,1082.1045,1082.176,1080.6226,26.997,2.2514,12.852,-0.0226,-0.135,35.04,35.31,1.4066,1082.0292,1082.1045,1082.176,1080.6226,50.0,False,NOMINAL,HEALTHY,-3.29,38.65
DIG_LOT04_COMP0892,LOT_04,DIGITAL_IC,CQFP-64,DIG-SIH-2026,THERMAL_BURN_IN,T04_0892,PROC-ISRO-IISU-01,ATE-STATION-01,CHAMBER-01,1.0,125.0,5.0,168,IDDQ,ELECTRICAL,uA,1.7935,1361.5666,1361.6138,1361.6611,1359.7731,25.867,2.2385,13.206,0.016,0.012,37.59,37.89,1.7935,1361.5666,1361.6138,1361.6611,1359.7731,50.0,False,NOMINAL,HEALTHY,25.13,11.42
DIG_LOT04_COMP0893,LOT_04,DIGITAL_IC,CQFP-64,DIG-SIH-2026,THERMAL_BURN_IN,T04_0893,PROC-ISRO-IISU-01,ATE-STATION-01,CHAMBER-01,1.0,125.0,5.0,168,IDDQ,ELECTRICAL,uA,1.3164,1023.4268,1023.4948,1023.5756,1022.1104,26.021,1.8782,12.843,0.0179,-0.0604,34.84,34.71,1.3164,1023.4268,1023.4948,1023.5756,1022.1104,50.0,False,NOMINAL,HEALTHY,-48.5,7.69
DIG_LOT04_COMP0894,LOT_04,DIGITAL_IC,CQFP-64,DIG-SIH-2026,THERMAL_BURN_IN,T04_0894,PROC-ISRO-IISU-01,ATE-STATION-01,CHAMBER-01,1.0,125.0,5.0,168,IDDQ,ELECTRICAL,uA,1.1639,878.6843,878.7468,878.7414,877.5204,22.901,2.2944,12.853,-0.0203,0.0162,37.29,37.61,1.1639,878.6843,878.7468,878.7414,877.5204,50.0,False,NOMINAL,HEALTHY,48.2,6.74
DIG_LOT04_COMP0895,LOT_04,DIGITAL_IC,CQFP-64,DIG-SIH-2026,THERMAL_BURN_IN,T04_0895,PROC-ISRO-IISU-01,ATE-STATION-01,CHAMBER-01,1.0,125.0,5.0,168,IDDQ,ELECTRICAL,uA,1.4411,1103.4823,1103.5586,1103.6279,1102.0412,23.243,1.6485,13.48,0.0185,-0.0263,35.53,35.17,1.4411,1103.4823,1103.5586,1103.6279,1102.0412,50.0,False,NOMINAL,HEALTHY,-32.73,45.01
DIG_LOT04_COMP0896,LOT_04,DIGITAL_IC,CQFP-64,DIG-SIH-2026,THERMAL_BURN_IN,T04_0896,PROC-ISRO-IISU-01,ATE-STATION-01,CHAMBER-01,1.0,125.0,5.0,168,IDDQ,ELECTRICAL,uA,1.3268,1028.7151,1028.776,1028.874,1027.3883,26.42,2.1827,11.454,0.0016,0.007,34.93,35.16,1.3268,1028.7151,1028.776,1028.874,1027.3883,50.0,False,NOMINAL,HEALTHY,-25.16,27.32
DIG_LOT04_COMP0897,LOT_04,DIGITAL_IC,CQFP-64,DIG-SIH-2026,THERMAL_BURN_IN,T04_0897,PROC-ISRO-IISU-01,ATE-STATION-01,CHAMBER-01,1.0,125.0,5.0,168,IDDQ,ELECTRICAL,uA,1.354,1034.3437,1034.4564,1034.5152,1032.9897,23.89,1.9876,12.117,0.009,0.0614,35.64,35.08,1.354,1034.3437,1034.4564,1034.5152,1032.9897,50.0,False,NOMINAL,HEALTHY,-22.25,-5.58
DIG_LOT04_COMP0898,LOT_04,DIGITAL_IC,CQFP-64,DIG-SIH-2026,THERMAL_BURN_IN,T04_0898,PROC-ISRO-IISU-01,ATE-STATION-01,CHAMBER-01,1.0,125.0,5.0,168,IDDQ,ELECTRICAL,uA,1.495,1149.7102,1149.8145,1149.8222,1148.2152,25.852,1.5413,13.896,-0.001,-0.0046,32.87,32.74,1.495,1149.7102,1149.8145,1149.8222,1148.2152,50.0,False,NOMINAL,HEALTHY,-41.85,24.35
DIG_LOT04_COMP0899,LOT_04,DIGITAL_IC,CQFP-64,DIG-SIH-2026,THERMAL_BURN_IN,T04_0899,PROC-ISRO-IISU-01,ATE-STATION-01,CHAMBER-01,1.0,125.0,5.0,168,IDDQ,ELECTRICAL,uA,1.3892,1073.3772,1073.4497,1073.4766,1071.988,25.322,2.1313,12.629,-0.0048,0.0491,34.64,34.3,1.3892,1073.3772,1073.4497,1073.4766,1071.988,50.0,False,NOMINAL,HEALTHY,1.9,-19.68
DIG_LOT04_COMP0900,LOT_04,DIGITAL_IC,CQFP-64,DIG-SIH-2026,THERMAL_BURN_IN,T04_0900,PROC-ISRO-IISU-01,ATE-STATION-01,CHAMBER-01,1.0,125.0,5.0,168,IDDQ,ELECTRICAL,uA,1.5135,1173.5006,1173.6197,1173.6681,1171.9871,27.329,2.0234,11.825,0.0084,0.0506,34.72,35.1,1.5135,1173.5006,1173.6197,1173.6681,1171.9871,50.0,False,NOMINAL,HEALTHY,15.87,-29.14
DIG_LOT04_COMP0901,LOT_04,DIGITAL_IC,CQFP-64,DIG-SIH-2026,THERMAL_BURN_IN,T04_0901,PROC-ISRO-IISU-01,ATE-STATION-01,CHAMBER-01,1.0,125.0,5.0,168,IDDQ,ELECTRICAL,uA,1.2585,967.2573,967.3665,967.3803,965.9988,25.134,1.8724,11.389,0.0112,-0.0155,36.08,36.14,1.2585,967.2573,967.3665,967.3803,965.9988,50.0,False,NOMINAL,HEALTHY,-32.14,26.63
DIG_LOT04_COMP0902,LOT_04,DIGITAL_IC,CQFP-64,DIG-SIH-2026,THERMAL_BURN_IN,T04_0902,PROC-ISRO-IISU-01,ATE-STATION-01,CHAMBER-01,1.0,125.0,5.0,168,IDDQ,ELECTRICAL,uA,1.1749,898.7721,898.7913,898.8889,897.5972,25.526,2.2987,11.891,0.0109,0.0041,37.49,37.33,1.1749,898.7721,898.7913,898.8889,897.5972,50.0,False,NOMINAL,HEALTHY,-21.66,21.07
DIG_LOT04_COMP0903,LOT_04,DIGITAL_IC,CQFP-64,DIG-SIH-2026,THERMAL_BURN_IN,T04_0903,PROC-ISRO-IISU-01,ATE-STATION-01,CHAMBER-01,1.0,125.0,5.0,168,IDDQ,ELECTRICAL,uA,1.523,1168.9646,1169.059,1169.101,1167.4416,26.793,2.0066,11.484,0.0347,-0.0239,36.91,36.23,1.523,1168.9646,1169.059,1169.101,1167.4416,50.0,False,NOMINAL,HEALTHY,14.27,25.51
DIG_LOT04_COMP0904,LOT_04,DIGITAL_IC,CQFP-64,DIG-SIH-2026,THERMAL_BURN_IN,T04_0904,PROC-ISRO-IISU-01,ATE-STATION-01,CHAMBER-01,1.0,125.0,5.0,168,IDDQ,ELECTRICAL,uA,1.3806,1055.7471,1055.8223,1055.8256,1054.3665,25.33,1.8576,11.082,-0.0308,0.0266,36.9,36.94,1.3806,1055.7471,1055.8223,1055.8256,1054.3665,50.0,False,NOMINAL,HEALTHY,29.46,-19.72
DIG_LOT04_COMP0905,LOT_04,DIGITAL_IC,CQFP-64,DIG-SIH-2026,THERMAL_BURN_IN,T04_0905,PROC-ISRO-IISU-01,ATE-STATION-01,CHAMBER-01,1.0,125.0,5.0,168,IDDQ,ELECTRICAL,uA,1.1418,886.2358,886.333,886.3668,885.094,25.233,1.3899,12.131,0.018,0.0473,33.54,32.96,1.1418,886.2358,886.333,886.3668,885.094,50.0,False,NOMINAL,HEALTHY,33.84,-27.38
DIG_LOT04_COMP0906,LOT_04,DIGITAL_IC,CQFP-64,DIG-SIH-2026,THERMAL_BURN_IN,T04_0906,PROC-ISRO-IISU-01,ATE-STATION-01,CHAMBER-01,1.0,125.0,5.0,168,IDDQ,ELECTRICAL,uA,1.1801,904.932,905.0808,905.0391,903.7519,25.526,1.9688,12.166,-0.0148,-0.0393,36.06,35.84,1.1801,904.932,905.0808,905.0391,903.7519,50.0,False,NOMINAL,HEALTHY,-10.28,15.53
DIG_LOT04_COMP0907,LOT_04,DIGITAL_IC,CQFP-64,DIG-SIH-2026,THERMAL_BURN_IN,T04_0907,PROC-ISRO-IISU-01,ATE-STATION-01,CHAMBER-01,1.0,125.0,5.0,168,IDDQ,ELECTRICAL,uA,1.0891,814.1953,814.2115,814.2877,813.1062,27.551,2.016,12.311,0.0007,0.0052,34.66,35.26,1.0891,814.1953,814.2115,814.2877,813.1062,50.0,False,NOMINAL,HEALTHY,14.01,21.71
DIG_LOT04_COMP0908,LOT_04,DIGITAL_IC,CQFP-64,DIG-SIH-2026,THERMAL_BURN_IN,T04_0908,PROC-ISRO-IISU-01,ATE-STATION-01,CHAMBER-01,1.0,125.0,5.0,168,IDDQ,ELECTRICAL,uA,1.3491,1037.9173,1037.9704,1037.9565,1036.5682,24.517,1.5959,13.295,0.0111,0.0085,33.55,33.46,1.3491,1037.9173,1037.9704,1037.9565,1036.5682,50.0,False,NOMINAL,HEALTHY,-1.2,36.74
DIG_LOT04_COMP0909,LOT_04,DIGITAL_IC,CQFP-64,DIG-SIH-2026,THERMAL_BURN_IN,T04_0909,PROC-ISRO-IISU-01,ATE-STATION-01,CHAMBER-01,1.0,125.0,5.0,168,IDDQ,ELECTRICAL,uA,1.406,1066.1532,1066.291,1066.3538,1064.7472,23.768,1.771,12.26,-0.0053,0.0652,36.6,36.91,1.406,1066.1532,1066.291,1066.3538,1064.7472,50.0,False,NOMINAL,HEALTHY,14.26,-8.12
DIG_LOT04_COMP0910,LOT_04,DIGITAL_IC,CQFP-64,DIG-SIH-2026,THERMAL_BURN_IN,T04_0910,PROC-ISRO-IISU-01,ATE-STATION-01,CHAMBER-01,1.0,125.0,5.0,168,IDDQ,ELECTRICAL,uA,1.3048,989.775,989.8684,989.9539,988.4702,26.11,2.0713,12.333,-0.0064,-0.0141,37.3,36.67,1.3048,989.775,989.8684,989.9539,988.4702,50.0,False,NOMINAL,HEALTHY,4.51,13.26
DIG_LOT04_COMP0911,LOT_04,DIGITAL_IC,CQFP-64,DIG-SIH-2026,THERMAL_BURN_IN,T04_0911,PROC-ISRO-IISU-01,ATE-STATION-01,CHAMBER-01,1.0,125.0,5.0,168,IDDQ,ELECTRICAL,uA,1.328,996.8018,996.9251,996.9069,995.4738,24.896,1.9491,14.09,-0.0161,-0.0284,33.71,34.15,1.328,996.8018,996.9251,996.9069,995.4738,50.0,False,NOMINAL,HEALTHY,-29.94,-40.09
DIG_LOT04_COMP0912,LOT_04,DIGITAL_IC,CQFP-64,DIG-SIH-2026,THERMAL_BURN_IN,T04_0912,PROC-ISRO-IISU-01,ATE-STATION-01,CHAMBER-01,1.0,125.0,5.0,168,IDDQ,ELECTRICAL,uA,1.5537,1183.9616,1184.0592,1184.1322,1182.4079,24.481,2.4099,13.246,-0.0058,0.0189,34.52,34.69,1.5537,1183.9616,1184.0592,1184.1322,1182.4079,50.0,False,NOMINAL,HEALTHY,-44.45,33.7
DIG_LOT04_COMP0913,LOT_04,DIGITAL_IC,CQFP-64,DIG-SIH-2026,THERMAL_BURN_IN,T04_0913,PROC-ISRO-IISU-01,ATE-STATION-01,CHAMBER-01,1.0,125.0,5.0,168,IDDQ,ELECTRICAL,uA,1.4119,1074.1528,1074.2225,1074.2281,1072.7409,26.224,2.0201,11.889,-0.0079,0.044,33.76,33.84,1.4119,1074.1528,1074.2225,1074.2281,1072.7409,50.0,False,NOMINAL,HEALTHY,0.42,-13.81
DIG_LOT04_COMP0914,LOT_04,DIGITAL_IC,CQFP-64,DIG-SIH-2026,THERMAL_BURN_IN,T04_0914,PROC-ISRO-IISU-01,ATE-STATION-01,CHAMBER-01,1.0,125.0,5.0,168,IDDQ,ELECTRICAL,uA,1.449,1110.7835,1110.8861,1110.9118,1109.3345,24.657,2.2769,10.78,-0.0262,0.0174,35.18,35.12,1.449,1110.7835,1110.8861,1110.9118,1109.3345,50.0,False,NOMINAL,HEALTHY,27.86,1.77
DIG_LOT04_COMP0915,LOT_04,DIGITAL_IC,CQFP-64,DIG-SIH-2026,THERMAL_BURN_IN,T04_0915,PROC-ISRO-IISU-01,ATE-STATION-01,CHAMBER-01,1.0,125.0,5.0,168,IDDQ,ELECTRICAL,uA,1.2474,945.247,945.2842,945.3357,943.9996,27.583,1.7365,12.153,-0.0036,-0.0117,35.85,36.1,1.2474,945.247,945.2842,945.3357,943.9996,50.0,False,NOMINAL,HEALTHY,-25.93,-45.14
DIG_LOT04_COMP0916,LOT_04,DIGITAL_IC,CQFP-64,DIG-SIH-2026,THERMAL_BURN_IN,T04_0916,PROC-ISRO-IISU-01,ATE-STATION-01,CHAMBER-01,1.0,125.0,5.0,168,IDDQ,ELECTRICAL,uA,1.2237,937.2689,937.362,937.393,936.0452,26.511,2.0885,12.504,0.0161,-0.002,34.88,34.85,1.2237,937.2689,937.362,937.393,936.0452,50.0,False,NOMINAL,HEALTHY,-14.24,28.45
DIG_LOT04_COMP0917,LOT_04,DIGITAL_IC,CQFP-64,DIG-SIH-2026,THERMAL_BURN_IN,T04_0917,PROC-ISRO-IISU-01,ATE-STATION-01,CHAMBER-01,1.0,125.0,5.0,168,IDDQ,ELECTRICAL,uA,1.2865,982.8463,982.8596,982.972,981.5598,22.679,1.8553,11.985,-0.0422,-0.0706,35.17,35.34,1.2865,982.8463,982.8596,982.972,981.5598,50.0,False,NOMINAL,HEALTHY,-5.71,-16.12
DIG_LOT04_COMP0918,LOT_04,DIGITAL_IC,CQFP-64,DIG-SIH-2026,THERMAL_BURN_IN,T04_0918,PROC-ISRO-IISU-01,ATE-STATION-01,CHAMBER-01,1.0,125.0,5.0,168,IDDQ,ELECTRICAL,uA,1.3013,1012.1577,1012.2087,1012.2985,1010.8564,26.434,1.1737,11.866,-0.0022,0.0328,34.26,34.76,1.3013,1012.1577,1012.2087,1012.2985,1010.8564,50.0,False,NOMINAL,HEALTHY,-41.98,-21.26
DIG_LOT04_COMP0919,LOT_04,DIGITAL_IC,CQFP-64,DIG-SIH-2026,THERMAL_BURN_IN,T04_0919,PROC-ISRO-IISU-01,ATE-STATION-01,CHAMBER-01,1.0,125.0,5.0,168,IDDQ,ELECTRICAL,uA,1.6505,1266.6088,1266.6858,1266.7929,1264.9583,24.324,2.5155,11.855,0.0212,-0.0046,35.98,35.95,1.6505,1266.6088,1266.6858,1266.7929,1264.9583,50.0,False,NOMINAL,HEALTHY,-13.79,2.22
DIG_LOT04_COMP0920,LOT_04,DIGITAL_IC,CQFP-64,DIG-SIH-2026,THERMAL_BURN_IN,T04_0920,PROC-ISRO-IISU-01,ATE-STATION-01,CHAMBER-01,1.0,125.0,5.0,168,IDDQ,ELECTRICAL,uA,1.1503,902.2615,902.3792,902.3617,901.1112,24.027,1.7798,12.279,-0.0007,-0.0268,33.46,33.4,1.1503,902.2615,902.3792,902.3617,901.1112,50.0,False,NOMINAL,HEALTHY,-41.69,0.47
DIG_LOT04_COMP0921,LOT_04,DIGITAL_IC,CQFP-64,DIG-SIH-2026,THERMAL_BURN_IN,T04_0921,PROC-ISRO-IISU-01,ATE-STATION-01,CHAMBER-01,1.0,125.0,5.0,168,IDDQ,ELECTRICAL,uA,1.2283,932.6894,932.7493,932.7743,931.4611,25.34,2.0618,12.738,-0.0165,0.0572,34.99,34.71,1.2283,932.6894,932.7493,932.7743,931.4611,50.0,False,NOMINAL,HEALTHY,-11.43,-17.07
DIG_LOT04_COMP0922,LOT_04,DIGITAL_IC,CQFP-64,DIG-SIH-2026,THERMAL_BURN_IN,T04_0922,PROC-ISRO-IISU-01,ATE-STATION-01,CHAMBER-01,1.0,125.0,5.0,168,IDDQ,ELECTRICAL,uA,1.6277,1260.7097,1260.7497,1260.8842,1259.082,25.075,2.1568,12.649,-0.001,0.0183,33.52,33.23,1.6277,1260.7097,1260.7497,1260.8842,1259.082,50.0,False,NOMINAL,HEALTHY,24.38,7.43
DIG_LOT04_COMP0923,LOT_04,DIGITAL_IC,CQFP-64,DIG-SIH-2026,THERMAL_BURN_IN,T04_0923,PROC-ISRO-IISU-01,ATE-STATION-01,CHAMBER-01,1.0,125.0,5.0,168,IDDQ,ELECTRICAL,uA,1.2498,976.5049,976.493,976.6278,975.2551,24.211,1.5159,11.395,0.0088,-0.051,32.96,32.5,1.2498,976.5049,976.493,976.6278,975.2551,50.0,False,NOMINAL,HEALTHY,-40.01,14.87
DIG_LOT04_COMP0924,LOT_04,DIGITAL_IC,CQFP-64,DIG-SIH-2026,THERMAL_BURN_IN,T04_0924,PROC-ISRO-IISU-01,ATE-STATION-01,CHAMBER-01,1.0,125.0,5.0,168,IDDQ,ELECTRICAL,uA,1.3673,1045.896,1046.0052,1046.0057,1044.5287,23.83,2.0006,11.602,0.0385,0.0738,33.04,33.79,1.3673,1045.896,1046.0052,1046.0057,1044.5287,50.0,False,NOMINAL,HEALTHY,-37.55,40.69
DIG_LOT04_COMP0925,LOT_04,DIGITAL_IC,CQFP-64,DIG-SIH-2026,THERMAL_BURN_IN,T04_0925,PROC-ISRO-IISU-01,ATE-STATION-01,CHAMBER-01,1.0,125.0,5.0,168,IDDQ,ELECTRICAL,uA,1.4341,1076.2149,1076.2687,1076.3324,1074.7808,23.739,1.5518,12.277,0.001,-0.0228,33.59,33.49,1.4341,1076.2149,1076.2687,1076.3324,1074.7808,50.0,False,NOMINAL,HEALTHY,30.19,-45.45
DIG_LOT04_COMP0926,LOT_04,DIGITAL_IC,CQFP-64,DIG-SIH-2026,THERMAL_BURN_IN,T04_0926,PROC-ISRO-IISU-01,ATE-STATION-01,CHAMBER-01,1.0,125.0,5.0,168,IDDQ,ELECTRICAL,uA,1.1513,895.9862,896.0801,896.1057,894.8349,24.093,1.8673,12.767,0.0046,0.0469,36.67,36.78,1.1513,895.9862,896.0801,896.1057,894.8349,50.0,False,NOMINAL,HEALTHY,-47.92,-5.72
DIG_LOT04_COMP0927,LOT_04,DIGITAL_IC,CQFP-64,DIG-SIH-2026,THERMAL_BURN_IN,T04_0927,PROC-ISRO-IISU-01,ATE-STATION-01,CHAMBER-01,1.0,125.0,5.0,168,IDDQ,ELECTRICAL,uA,1.1271,877.4287,877.4671,877.5092,876.3016,25.887,2.1444,12.367,0.0158,-0.0496,34.79,34.85,1.1271,877.4287,877.4671,877.5092,876.3016,50.0,False,NOMINAL,HEALTHY,25.47,-7.55
DIG_LOT04_COMP0928,LOT_04,DIGITAL_IC,CQFP-64,DIG-SIH-2026,THERMAL_BURN_IN,T04_0928,PROC-ISRO-IISU-01,ATE-STATION-01,CHAMBER-01,1.0,125.0,5.0,168,IDDQ,ELECTRICAL,uA,1.2557,951.2761,951.3178,951.3341,950.0204,25.032,1.7399,11.796,-0.0052,-0.0069,35.22,35.23,1.2557,951.2761,951.3178,951.3341,950.0204,50.0,False,NOMINAL,HEALTHY,44.73,47.42
DIG_LOT04_COMP0929,LOT_04,DIGITAL_IC,CQFP-64,DIG-SIH-2026,THERMAL_BURN_IN,T04_0929,PROC-ISRO-IISU-01,ATE-STATION-01,CHAMBER-01,1.0,125.0,5.0,168,IDDQ,ELECTRICAL,uA,1.1305,861.2473,861.3032,861.3614,860.1168,25.176,2.2613,12.629,0.0122,0.0035,35.16,35.09,1.1305,861.2473,861.3032,861.3614,860.1168,50.0,False,NOMINAL,HEALTHY,-44.18,30.55
DIG_LOT04_COMP0930,LOT_04,DIGITAL_IC,CQFP-64,DIG-SIH-2026,THERMAL_BURN_IN,T04_0930,PROC-ISRO-IISU-01,ATE-STATION-01,CHAMBER-01,1.0,125.0,5.0,168,IDDQ,ELECTRICAL,uA,1.4662,1121.8356,1121.8743,1121.962,1120.3694,23.519,2.5415,11.223,-0.0378,0.0895,34.77,34.66,1.4662,1121.8356,1121.8743,1121.962,1120.3694,50.0,False,NOMINAL,HEALTHY,24.2,-35.07
DIG_LOT04_COMP0931,LOT_04,DIGITAL_IC,CQFP-64,DIG-SIH-2026,THERMAL_BURN_IN,T04_0931,PROC-ISRO-IISU-01,ATE-STATION-01,CHAMBER-01,1.0,125.0,5.0,168,IDDQ,ELECTRICAL,uA,1.283,992.8912,992.96,992.9743,991.6082,23.154,1.854,11.538,-0.002,0.0002,33.45,34.23,1.283,992.8912,992.96,992.9743,991.6082,50.0,False,NOMINAL,HEALTHY,-20.89,-28.4
DIG_LOT04_COMP0932,LOT_04,DIGITAL_IC,CQFP-64,DIG-SIH-2026,THERMAL_BURN_IN,T04_0932,PROC-ISRO-IISU-01,ATE-STATION-01,CHAMBER-01,1.0,125.0,5.0,168,IDDQ,ELECTRICAL,uA,1.3297,1028.178,1028.2747,1028.3004,1026.8483,23.698,1.9497,12.119,-0.0152,-0.0678,32.76,33.06,1.3297,1028.178,1028.2747,1028.3004,1026.8483,50.0,False,NOMINAL,HEALTHY,-12.46,-42.72
DIG_LOT04_COMP0933,LOT_04,DIGITAL_IC,CQFP-64,DIG-SIH-2026,THERMAL_BURN_IN,T04_0933,PROC-ISRO-IISU-01,ATE-STATION-01,CHAMBER-01,1.0,125.0,5.0,168,IDDQ,ELECTRICAL,uA,0.9123,705.9606,706.0074,706.1151,705.0483,25.485,1.9518,12.152,-0.0044,-0.0395,35.16,35.35,0.9123,705.9606,706.0074,706.1151,705.0483,50.0,False,NOMINAL,HEALTHY,9.58,-27.55
DIG_LOT04_COMP0934,LOT_04,DIGITAL_IC,CQFP-64,DIG-SIH-2026,THERMAL_BURN_IN,T04_0934,PROC-ISRO-IISU-01,ATE-STATION-01,CHAMBER-01,1.0,125.0,5.0,168,IDDQ,ELECTRICAL,uA,1.6226,1254.2128,1254.298,1254.3317,1252.5902,25.156,1.2838,11.46,0.0189,0.0915,34.21,35.11,1.6226,1254.2128,1254.298,1254.3317,1252.5902,50.0,False,NOMINAL,HEALTHY,31.61,5.6
DIG_LOT04_COMP0935,LOT_04,DIGITAL_IC,CQFP-64,DIG-SIH-2026,THERMAL_BURN_IN,T04_0935,PROC-ISRO-IISU-01,ATE-STATION-01,CHAMBER-01,1.0,125.0,5.0,168,IDDQ,ELECTRICAL,uA,1.5376,1172.6733,1172.7777,1172.8204,1171.1357,26.661,1.6836,10.41,0.0094,0.0084,33.93,34.12,1.5376,1172.6733,1172.7777,1172.8204,1171.1357,50.0,False,NOMINAL,HEALTHY,-28.55,-32.41
DIG_LOT04_COMP0936,LOT_04,DIGITAL_IC,CQFP-64,DIG-SIH-2026,THERMAL_BURN_IN,T04_0936,PROC-ISRO-IISU-01,ATE-STATION-01,CHAMBER-01,1.0,125.0,5.0,168,IDDQ,ELECTRICAL,uA,1.4631,1133.7321,1133.8189,1133.8598,1132.269,25.574,2.324,12.729,-0.0259,-0.0805,33.92,34.65,1.4631,1133.7321,1133.8189,1133.8598,1132.269,50.0,False,NOMINAL,HEALTHY,-33.77,-0.81
DIG_LOT04_COMP0937,LOT_04,DIGITAL_IC,CQFP-64,DIG-SIH-2026,THERMAL_BURN_IN,T04_0937,PROC-ISRO-IISU-01,ATE-STATION-01,CHAMBER-01,1.0,125.0,5.0,168,IDDQ,ELECTRICAL,uA,1.4934,1153.558,1153.6336,1153.697,1152.0646,24.312,2.0946,13.429,0.011,0.0668,33.43,34.25,1.4934,1153.558,1153.6336,1153.697,1152.0646,50.0,False,NOMINAL,HEALTHY,-38.0,41.88
DIG_LOT04_COMP0938,LOT_04,DIGITAL_IC,CQFP-64,DIG-SIH-2026,THERMAL_BURN_IN,T04_0938,PROC-ISRO-IISU-01,ATE-STATION-01,CHAMBER-01,1.0,125.0,5.0,168,IDDQ,ELECTRICAL,uA,1.4412,1106.3243,1106.3383,1106.4478,1104.8831,25.169,1.6692,12.609,0.0212,0.0017,35.92,36.64,1.4412,1106.3243,1106.3383,1106.4478,1104.8831,50.0,False,NOMINAL,HEALTHY,20.8,-1.33
DIG_LOT04_COMP0939,LOT_04,DIGITAL_IC,CQFP-64,DIG-SIH-2026,THERMAL_BURN_IN,T04_0939,PROC-ISRO-IISU-01,ATE-STATION-01,CHAMBER-01,1.0,125.0,5.0,168,IDDQ,ELECTRICAL,uA,1.1592,877.7241,877.7995,877.8242,876.5649,26.0,2.3433,12.579,-0.0066,-0.028,34.41,33.52,1.1592,877.7241,877.7995,877.8242,876.5649,50.0,False,NOMINAL,HEALTHY,-43.34,-27.36
DIG_LOT04_COMP0940,LOT_04,DIGITAL_IC,CQFP-64,DIG-SIH-2026,THERMAL_BURN_IN,T04_0940,PROC-ISRO-IISU-01,ATE-STATION-01,CHAMBER-01,1.0,125.0,5.0,168,IDDQ,ELECTRICAL,uA,1.3482,1050.8988,1050.9513,1051.024,1049.5506,25.209,2.6237,12.204,-0.0181,-0.0591,35.52,35.66,1.3482,1050.8988,1050.9513,1051.024,1049.5506,50.0,False,NOMINAL,HEALTHY,10.93,20.44
DIG_LOT04_COMP0941,LOT_04,DIGITAL_IC,CQFP-64,DIG-SIH-2026,THERMAL_BURN_IN,T04_0941,PROC-ISRO-IISU-01,ATE-STATION-01,CHAMBER-01,1.0,125.0,5.0,168,IDDQ,ELECTRICAL,uA,1.4585,1131.2018,1131.3222,1131.3703,1129.7433,23.114,2.2828,12.274,-0.001,0.0362,33.8,34.14,1.4585,1131.2018,1131.3222,1131.3703,1129.7433,50.0,False,NOMINAL,HEALTHY,26.6,16.91
DIG_LOT04_COMP0942,LOT_04,DIGITAL_IC,CQFP-64,DIG-SIH-2026,THERMAL_BURN_IN,T04_0942,PROC-ISRO-IISU-01,ATE-STATION-01,CHAMBER-01,1.0,125.0,5.0,168,IDDQ,ELECTRICAL,uA,1.3483,1020.0722,1020.1225,1020.2005,1018.7239,25.013,1.6106,11.998,-0.0012,0.0306,35.46,35.29,1.3483,1020.0722,1020.1225,1020.2005,1018.7239,50.0,False,NOMINAL,HEALTHY,-10.66,-47.56
DIG_LOT04_COMP0943,LOT_04,DIGITAL_IC,CQFP-64,DIG-SIH-2026,THERMAL_BURN_IN,T04_0943,PROC-ISRO-IISU-01,ATE-STATION-01,CHAMBER-01,1.0,125.0,5.0,168,IDDQ,ELECTRICAL,uA,1.2987,1014.5995,1014.7034,1014.7035,1013.3008,24.452,1.5892,11.502,0.0152,0.0006,35.44,34.62,1.2987,1014.5995,1014.7034,1014.7035,1013.3008,50.0,False,NOMINAL,HEALTHY,-26.13,-41.05
DIG_LOT04_COMP0944,LOT_04,DIGITAL_IC,CQFP-64,DIG-SIH-2026,THERMAL_BURN_IN,T04_0944,PROC-ISRO-IISU-01,ATE-STATION-01,CHAMBER-01,1.0,125.0,5.0,168,IDDQ,ELECTRICAL,uA,1.5735,1202.1784,1202.315,1202.3343,1200.6049,26.556,1.8121,11.419,-0.0565,-0.1277,32.55,32.04,1.5735,1202.1784,1202.315,1202.3343,1200.6049,50.0,False,NOMINAL,HEALTHY,-44.21,30.2
DIG_LOT04_COMP0945,LOT_04,DIGITAL_IC,CQFP-64,DIG-SIH-2026,THERMAL_BURN_IN,T04_0945,PROC-ISRO-IISU-01,ATE-STATION-01,CHAMBER-01,1.0,125.0,5.0,168,IDDQ,ELECTRICAL,uA,1.256,970.8799,970.9608,971.0314,969.6239,22.377,2.3637,11.701,0.0127,0.0308,35.6,35.67,1.256,970.8799,970.9608,971.0314,969.6239,50.0,False,NOMINAL,HEALTHY,-28.0,-9.29
DIG_LOT04_COMP0946,LOT_04,DIGITAL_IC,CQFP-64,DIG-SIH-2026,THERMAL_BURN_IN,T04_0946,PROC-ISRO-IISU-01,ATE-STATION-01,CHAMBER-01,1.0,125.0,5.0,168,IDDQ,ELECTRICAL,uA,1.4104,1076.8705,1076.9615,1076.9638,1075.4601,24.676,1.6733,12.076,-0.0031,-0.0222,35.63,35.71,1.4104,1076.8705,1076.9615,1076.9638,1075.4601,50.0,False,NOMINAL,HEALTHY,33.93,33.38
DIG_LOT04_COMP0947,LOT_04,DIGITAL_IC,CQFP-64,DIG-SIH-2026,THERMAL_BURN_IN,T04_0947,PROC-ISRO-IISU-01,ATE-STATION-01,CHAMBER-01,1.0,125.0,5.0,168,IDDQ,ELECTRICAL,uA,1.3043,998.1354,998.1905,998.2901,996.8311,24.977,2.3254,11.884,-0.0188,0.0471,35.32,34.93,1.3043,998.1354,998.1905,998.2901,996.8311,50.0,False,NOMINAL,HEALTHY,4.52,9.59
DIG_LOT04_COMP0948,LOT_04,DIGITAL_IC,CQFP-64,DIG-SIH-2026,THERMAL_BURN_IN,T04_0948,PROC-ISRO-IISU-01,ATE-STATION-01,CHAMBER-01,1.0,125.0,5.0,168,IDDQ,ELECTRICAL,uA,1.3257,1022.478,1022.5768,1022.636,1021.1523,22.398,2.0742,13.224,0.0211,0.0481,33.68,33.33,1.3257,1022.478,1022.5768,1022.636,1021.1523,50.0,False,NOMINAL,HEALTHY,49.75,-46.37
DIG_LOT04_COMP0949,LOT_04,DIGITAL_IC,CQFP-64,DIG-SIH-2026,THERMAL_BURN_IN,T04_0949,PROC-ISRO-IISU-01,ATE-STATION-01,CHAMBER-01,1.0,125.0,5.0,168,IDDQ,ELECTRICAL,uA,0.9843,769.9591,770.0158,770.0549,768.9748,25.556,1.6669,13.76,0.0012,0.0462,35.62,35.55,0.9843,769.9591,770.0158,770.0549,768.9748,50.0,False,NOMINAL,HEALTHY,-42.37,39.57
DIG_LOT04_COMP0950,LOT_04,DIGITAL_IC,CQFP-64,DIG-SIH-2026,THERMAL_BURN_IN,T04_0950,PROC-ISRO-IISU-01,ATE-STATION-01,CHAMBER-01,1.0,125.0,5.0,168,IDDQ,ELECTRICAL,uA,1.2709,987.852,987.9768,988.0003,986.5811,26.072,2.2874,11.65,0.0064,-0.0315,35.99,35.85,1.2709,987.852,987.9768,988.0003,986.5811,50.0,False,NOMINAL,HEALTHY,42.72,-29.49
DIG_LOT04_COMP0951,LOT_04,DIGITAL_IC,CQFP-64,DIG-SIH-2026,THERMAL_BURN_IN,T04_0951,PROC-ISRO-IISU-01,ATE-STATION-01,CHAMBER-01,1.0,125.0,5.0,168,IDDQ,ELECTRICAL,uA,1.1885,938.4817,938.6139,938.6345,937.2932,25.498,1.6653,13.804,0.0126,0.0,35.13,35.42,1.1885,938.4817,938.6139,938.6345,937.2932,50.0,False,NOMINAL,HEALTHY,-42.56,6.32
DIG_LOT04_COMP0952,LOT_04,DIGITAL_IC,CQFP-64,DIG-SIH-2026,THERMAL_BURN_IN,T04_0952,PROC-ISRO-IISU-01,ATE-STATION-01,CHAMBER-01,1.0,125.0,5.0,168,IDDQ,ELECTRICAL,uA,1.4138,1100.0703,1100.1223,1100.1775,1098.6565,26.317,2.2096,10.546,-0.0264,0.0907,35.52,35.69,1.4138,1100.0703,1100.1223,1100.1775,1098.6565,50.0,False,NOMINAL,HEALTHY,47.01,35.31
DIG_LOT04_COMP0953,LOT_04,DIGITAL_IC,CQFP-64,DIG-SIH-2026,THERMAL_BURN_IN,T04_0953,PROC-ISRO-IISU-01,ATE-STATION-01,CHAMBER-01,1.0,125.0,5.0,168,IDDQ,ELECTRICAL,uA,1.2189,938.3885,938.496,938.5284,937.1696,24.919,1.8594,12.782,-0.0026,0.0278,31.73,31.4,1.2189,938.3885,938.496,938.5284,937.1696,50.0,False,NOMINAL,HEALTHY,-9.04,16.87
DIG_LOT04_COMP0954,LOT_04,DIGITAL_IC,CQFP-64,DIG-SIH-2026,THERMAL_BURN_IN,T04_0954,PROC-ISRO-IISU-01,ATE-STATION-01,CHAMBER-01,1.0,125.0,5.0,168,IDDQ,ELECTRICAL,uA,1.3779,1060.6593,1060.7158,1060.7123,1059.2814,24.505,1.6294,12.824,-0.0242,-0.1053,33.5,33.7,1.3779,1060.6593,1060.7158,1060.7123,1059.2814,50.0,False,NOMINAL,HEALTHY,18.72,9.64
DIG_LOT04_COMP0955,LOT_04,DIGITAL_IC,CQFP-64,DIG-SIH-2026,THERMAL_BURN_IN,T04_0955,PROC-ISRO-IISU-01,ATE-STATION-01,CHAMBER-01,1.0,125.0,5.0,168,IDDQ,ELECTRICAL,uA,1.0741,837.6105,837.6997,837.7789,836.5364,20.909,2.1675,12.375,0.0072,-0.0146,33.82,34.15,1.0741,837.6105,837.6997,837.7789,836.5364,50.0,False,NOMINAL,HEALTHY,-40.0,-23.39
DIG_LOT04_COMP0956,LOT_04,DIGITAL_IC,CQFP-64,DIG-SIH-2026,THERMAL_BURN_IN,T04_0956,PROC-ISRO-IISU-01,ATE-STATION-01,CHAMBER-01,1.0,125.0,5.0,168,IDDQ,ELECTRICAL,uA,1.4059,1066.6515,1066.6733,1066.7196,1065.2456,24.817,2.3146,11.597,0.0343,0.0835,34.53,35.06,1.4059,1066.6515,1066.6733,1066.7196,1065.2456,50.0,False,NOMINAL,HEALTHY,40.83,-37.1
DIG_LOT04_COMP0957,LOT_04,DIGITAL_IC,CQFP-64,DIG-SIH-2026,THERMAL_BURN_IN,T04_0957,PROC-ISRO-IISU-01,ATE-STATION-01,CHAMBER-01,1.0,125.0,5.0,168,IDDQ,ELECTRICAL,uA,1.1599,896.3691,896.4282,896.4656,895.2092,26.155,2.0835,11.971,-0.0039,-0.0151,35.05,35.18,1.1599,896.3691,896.4282,896.4656,895.2092,50.0,False,NOMINAL,HEALTHY,-37.29,5.18
DIG_LOT04_COMP0958,LOT_04,DIGITAL_IC,CQFP-64,DIG-SIH-2026,THERMAL_BURN_IN,T04_0958,PROC-ISRO-IISU-01,ATE-STATION-01,CHAMBER-01,1.0,125.0,5.0,168,IDDQ,ELECTRICAL,uA,1.4315,1083.2735,1083.342,1083.4029,1081.842,24.629,2.0832,12.617,0.0159,-0.0277,35.0,35.07,1.4315,1083.2735,1083.342,1083.4029,1081.842,50.0,False,NOMINAL,HEALTHY,-37.23,28.73
DIG_LOT04_COMP0959,LOT_04,DIGITAL_IC,CQFP-64,DIG-SIH-2026,THERMAL_BURN_IN,T04_0959,PROC-ISRO-IISU-01,ATE-STATION-01,CHAMBER-01,1.0,125.0,5.0,168,IDDQ,ELECTRICAL,uA,1.0436,808.1739,808.2407,808.2437,807.1303,24.889,2.1974,13.583,-0.0087,-0.0037,33.9,35.07,1.0436,808.1739,808.2407,808.2437,807.1303,50.0,False,NOMINAL,HEALTHY,-13.54,22.66
DIG_LOT04_COMP0960,LOT_04,DIGITAL_IC,CQFP-64,DIG-SIH-2026,THERMAL_BURN_IN,T04_0960,PROC-ISRO-IISU-01,ATE-STATION-01,CHAMBER-01,1.0,125.0,5.0,168,IDDQ,ELECTRICAL,uA,1.0972,845.1618,845.2452,845.2086,844.0646,26.328,2.1113,12.636,0.0327,0.0379,35.65,36.11,1.0972,845.1618,845.2452,845.2086,844.0646,50.0,False,NOMINAL,HEALTHY,-13.56,44.08
DIG_LOT04_COMP0961,LOT_04,DIGITAL_IC,CQFP-64,DIG-SIH-2026,THERMAL_BURN_IN,T04_0961,PROC-ISRO-IISU-01,ATE-STATION-01,CHAMBER-01,1.0,125.0,5.0,168,IDDQ,ELECTRICAL,uA,1.2725,995.2506,995.2738,995.3271,993.9781,22.629,1.6542,12.363,0.0113,0.0405,37.22,37.96,1.2725,995.2506,995.2738,995.3271,993.9781,50.0,False,NOMINAL,HEALTHY,-37.63,-5.69
DIG_LOT04_COMP0962,LOT_04,DIGITAL_IC,CQFP-64,DIG-SIH-2026,THERMAL_BURN_IN,T04_0962,PROC-ISRO-IISU-01,ATE-STATION-01,CHAMBER-01,1.0,125.0,5.0,168,IDDQ,ELECTRICAL,uA,5.104,3952.9322,3953.151,3953.2287,3947.8282,24.541,1.9689,12.211,-0.0052,0.0595,36.26,37.07,5.104,3952.9322,3953.151,3953.2287,3947.8282,50.0,True,SPATIAL_OUTLIER,HEALTHY,-37.19,42.7
DIG_LOT04_COMP0963,LOT_04,DIGITAL_IC,CQFP-64,DIG-SIH-2026,THERMAL_BURN_IN,T04_0963,PROC-ISRO-IISU-01,ATE-STATION-01,CHAMBER-01,1.0,125.0,5.0,168,IDDQ,ELECTRICAL,uA,0.9293,705.9937,706.0602,706.0704,705.0644,27.847,2.2189,13.665,-0.0266,0.0062,35.1,35.1,0.9293,705.9937,706.0602,706.0704,705.0644,50.0,False,NOMINAL,HEALTHY,-44.06,-44.5
DIG_LOT04_COMP0964,LOT_04,DIGITAL_IC,CQFP-64,DIG-SIH-2026,THERMAL_BURN_IN,T04_0964,PROC-ISRO-IISU-01,ATE-STATION-01,CHAMBER-01,1.0,125.0,5.0,168,IDDQ,ELECTRICAL,uA,1.1744,921.0223,921.1138,921.1008,919.8479,26.65,2.1351,11.526,-0.0048,0.0682,33.85,32.81,1.1744,921.0223,921.1138,921.1008,919.8479,50.0,False,NOMINAL,HEALTHY,10.7,-32.66
DIG_LOT04_COMP0965,LOT_04,DIGITAL_IC,CQFP-64,DIG-SIH-2026,THERMAL_BURN_IN,T04_0965,PROC-ISRO-IISU-01,ATE-STATION-01,CHAMBER-01,1.0,125.0,5.0,168,IDDQ,ELECTRICAL,uA,1.2883,1000.8812,1001.0092,1000.9822,999.5929,26.437,2.5476,12.128,0.0192,-0.012,34.69,35.32,1.2883,1000.8812,1001.0092,1000.9822,999.5929,50.0,False,NOMINAL,HEALTHY,16.47,31.51
DIG_LOT04_COMP0966,LOT_04,DIGITAL_IC,CQFP-64,DIG-SIH-2026,THERMAL_BURN_IN,T04_0966,PROC-ISRO-IISU-01,ATE-STATION-01,CHAMBER-01,1.0,125.0,5.0,168,IDDQ,ELECTRICAL,uA,1.2718,969.1957,969.3039,969.2458,967.9239,27.188,2.0446,13.668,0.0022,0.0243,35.47,35.09,1.2718,969.1957,969.3039,969.2458,967.9239,50.0,False,NOMINAL,HEALTHY,-48.14,44.48
DIG_LOT04_COMP0967,LOT_04,DIGITAL_IC,CQFP-64,DIG-SIH-2026,THERMAL_BURN_IN,T04_0967,PROC-ISRO-IISU-01,ATE-STATION-01,CHAMBER-01,1.0,125.0,5.0,168,IDDQ,ELECTRICAL,uA,1.3945,1072.6551,1072.7762,1072.854,1071.2606,23.965,2.3453,13.451,-0.0118,-0.0349,33.73,33.74,1.3945,1072.6551,1072.7762,1072.854,1071.2606,50.0,False,NOMINAL,HEALTHY,-4.48,-27.86
DIG_LOT04_COMP0968,LOT_04,DIGITAL_IC,CQFP-64,DIG-SIH-2026,THERMAL_BURN_IN,T04_0968,PROC-ISRO-IISU-01,ATE-STATION-01,CHAMBER-01,1.0,125.0,5.0,168,IDDQ,ELECTRICAL,uA,1.2968,1005.7315,1005.8325,1005.8695,1004.4347,25.887,1.9741,11.675,0.0233,0.0781,37.31,37.54,1.2968,1005.7315,1005.8325,1005.8695,1004.4347,50.0,False,NOMINAL,HEALTHY,6.52,-19.55
DIG_LOT04_COMP0969,LOT_04,DIGITAL_IC,CQFP-64,DIG-SIH-2026,THERMAL_BURN_IN,T04_0969,PROC-ISRO-IISU-01,ATE-STATION-01,CHAMBER-01,1.0,125.0,5.0,168,IDDQ,ELECTRICAL,uA,1.1461,876.8838,877.0028,876.9923,875.7377,22.516,1.223,13.014,0.0015,-0.0189,31.47,31.81,1.1461,876.8838,877.0028,876.9923,875.7377,50.0,False,NOMINAL,HEALTHY,-9.8,26.85
DIG_LOT04_COMP0970,LOT_04,DIGITAL_IC,CQFP-64,DIG-SIH-2026,THERMAL_BURN_IN,T04_0970,PROC-ISRO-IISU-01,ATE-STATION-01,CHAMBER-01,1.0,125.0,5.0,168,IDDQ,ELECTRICAL,uA,1.3409,1053.7502,1053.8126,1053.8822,1052.4093,24.647,2.0387,11.85,-0.0236,0.0733,36.35,37.05,1.3409,1053.7502,1053.8126,1053.8822,1052.4093,50.0,False,NOMINAL,HEALTHY,-10.88,4.34
DIG_LOT04_COMP0971,LOT_04,DIGITAL_IC,CQFP-64,DIG-SIH-2026,THERMAL_BURN_IN,T04_0971,PROC-ISRO-IISU-01,ATE-STATION-01,CHAMBER-01,1.0,125.0,5.0,168,IDDQ,ELECTRICAL,uA,1.5161,1178.4874,1178.5874,1178.643,1176.9713,25.748,1.8914,12.332,0.0116,0.0171,34.19,33.96,1.5161,1178.4874,1178.5874,1178.643,1176.9713,50.0,False,NOMINAL,HEALTHY,-31.12,-6.98
DIG_LOT04_COMP0972,LOT_04,DIGITAL_IC,CQFP-64,DIG-SIH-2026,THERMAL_BURN_IN,T04_0972,PROC-ISRO-IISU-01,ATE-STATION-01,CHAMBER-01,1.0,125.0,5.0,168,IDDQ,ELECTRICAL,uA,1.2862,976.5037,976.5242,976.5872,975.2175,25.731,1.5417,12.073,-0.0039,-0.0882,36.16,36.51,1.2862,976.5037,976.5242,976.5872,975.2175,50.0,False,NOMINAL,HEALTHY,-32.99,5.12
DIG_LOT04_COMP0973,LOT_04,DIGITAL_IC,CQFP-64,DIG-SIH-2026,THERMAL_BURN_IN,T04_0973,PROC-ISRO-IISU-01,ATE-STATION-01,CHAMBER-01,1.0,125.0,5.0,168,IDDQ,ELECTRICAL,uA,1.2637,979.66,979.7795,979.7211,978.3963,23.43,2.1428,12.998,0.0191,0.0412,36.31,36.92,1.2637,979.66,979.7795,979.7211,978.3963,50.0,False,NOMINAL,HEALTHY,31.1,13.34
DIG_LOT04_COMP0974,LOT_04,DIGITAL_IC,CQFP-64,DIG-SIH-2026,THERMAL_BURN_IN,T04_0974,PROC-ISRO-IISU-01,ATE-STATION-01,CHAMBER-01,1.0,125.0,5.0,168,IDDQ,ELECTRICAL,uA,1.4217,1100.8089,1100.8459,1100.9015,1099.3872,29.296,1.719,13.648,0.0376,0.1184,35.13,34.55,1.4217,1100.8089,1100.8459,1100.9015,1099.3872,50.0,False,NOMINAL,HEALTHY,-41.34,-39.33
DIG_LOT04_COMP0975,LOT_04,DIGITAL_IC,CQFP-64,DIG-SIH-2026,THERMAL_BURN_IN,T04_0975,PROC-ISRO-IISU-01,ATE-STATION-01,CHAMBER-01,1.0,125.0,5.0,168,IDDQ,ELECTRICAL,uA,1.0116,791.3214,791.3745,791.447,790.3098,23.56,2.7979,12.709,-0.0431,-0.0453,35.01,34.31,1.0116,791.3214,791.3745,791.447,790.3098,50.0,False,NOMINAL,HEALTHY,-31.45,33.03
DIG_LOT04_COMP0976,LOT_04,DIGITAL_IC,CQFP-64,DIG-SIH-2026,THERMAL_BURN_IN,T04_0976,PROC-ISRO-IISU-01,ATE-STATION-01,CHAMBER-01,1.0,125.0,5.0,168,IDDQ,ELECTRICAL,uA,1.3546,1037.1044,1037.2254,1037.3013,1035.7498,24.839,1.8872,11.493,-0.0102,-0.0092,37.19,37.09,1.3546,1037.1044,1037.2254,1037.3013,1035.7498,50.0,False,NOMINAL,HEALTHY,-30.23,12.73
DIG_LOT04_COMP0977,LOT_04,DIGITAL_IC,CQFP-64,DIG-SIH-2026,THERMAL_BURN_IN,T04_0977,PROC-ISRO-IISU-01,ATE-STATION-01,CHAMBER-01,1.0,125.0,5.0,168,IDDQ,ELECTRICAL,uA,1.3913,1067.9339,1068.0215,1067.9956,1066.5426,26.344,2.0489,13.795,-0.0239,-0.0134,35.43,35.47,1.3913,1067.9339,1068.0215,1067.9956,1066.5426,50.0,False,NOMINAL,HEALTHY,36.62,-18.33
DIG_LOT04_COMP0978,LOT_04,DIGITAL_IC,CQFP-64,DIG-SIH-2026,THERMAL_BURN_IN,T04_0978,PROC-ISRO-IISU-01,ATE-STATION-01,CHAMBER-01,1.0,125.0,5.0,168,IDDQ,ELECTRICAL,uA,1.2102,925.8414,925.9404,926.0112,924.6312,29.104,2.1817,12.225,-0.0125,-0.0205,34.79,35.32,1.2102,925.8414,925.9404,926.0112,924.6312,50.0,False,NOMINAL,HEALTHY,33.22,-32.05
DIG_LOT04_COMP0979,LOT_04,DIGITAL_IC,CQFP-64,DIG-SIH-2026,THERMAL_BURN_IN,T04_0979,PROC-ISRO-IISU-01,ATE-STATION-01,CHAMBER-01,1.0,125.0,5.0,168,IDDQ,ELECTRICAL,uA,1.4885,1160.7282,1160.7763,1160.8093,1159.2397,27.286,2.3122,13.153,0.0273,0.045,34.39,33.97,1.4885,1160.7282,1160.7763,1160.8093,1159.2397,50.0,False,NOMINAL,HEALTHY,-4.78,24.42
DIG_LOT04_COMP0980,LOT_04,DIGITAL_IC,CQFP-64,DIG-SIH-2026,THERMAL_BURN_IN,T04_0980,PROC-ISRO-IISU-01,ATE-STATION-01,CHAMBER-01,1.0,125.0,5.0,168,IDDQ,ELECTRICAL,uA,1.236,951.3853,951.4185,951.4856,950.1493,28.092,1.661,11.747,0.0087,-0.089,33.59,33.58,1.236,951.3853,951.4185,951.4856,950.1493,50.0,False,NOMINAL,HEALTHY,-42.79,15.05
DIG_LOT04_COMP0981,LOT_04,DIGITAL_IC,CQFP-64,DIG-SIH-2026,THERMAL_BURN_IN,T04_0981,PROC-ISRO-IISU-01,ATE-STATION-01,CHAMBER-01,1.0,125.0,5.0,168,IDDQ,ELECTRICAL,uA,1.7386,1346.185,1346.28,1346.324,1344.4464,24.592,2.2996,12.746,-0.01,-0.0298,33.37,32.88,1.7386,1346.185,1346.28,1346.324,1344.4464,50.0,False,NOMINAL,HEALTHY,-15.29,40.1
DIG_LOT04_COMP0982,LOT_04,DIGITAL_IC,CQFP-64,DIG-SIH-2026,THERMAL_BURN_IN,T04_0982,PROC-ISRO-IISU-01,ATE-STATION-01,CHAMBER-01,1.0,125.0,5.0,168,IDDQ,ELECTRICAL,uA,1.4569,1111.192,1111.209,1111.2847,1109.7351,25.345,2.1242,13.085,0.0012,-0.0354,34.66,34.75,1.4569,1111.192,1111.209,1111.2847,1109.7351,50.0,False,NOMINAL,HEALTHY,35.9,17.33
DIG_LOT04_COMP0983,LOT_04,DIGITAL_IC,CQFP-64,DIG-SIH-2026,THERMAL_BURN_IN,T04_0983,PROC-ISRO-IISU-01,ATE-STATION-01,CHAMBER-01,1.0,125.0,5.0,168,IDDQ,ELECTRICAL,uA,1.1503,877.6982,877.7834,877.7754,876.5479,25.779,2.083,12.83,-0.0308,-0.1233,36.89,36.87,1.1503,877.6982,877.7834,877.7754,876.5479,50.0,False,NOMINAL,HEALTHY,31.62,9.24
DIG_LOT04_COMP0984,LOT_04,DIGITAL_IC,CQFP-64,DIG-SIH-2026,THERMAL_BURN_IN,T04_0984,PROC-ISRO-IISU-01,ATE-STATION-01,CHAMBER-01,1.0,125.0,5.0,168,IDDQ,ELECTRICAL,uA,1.4636,1144.2887,1144.3841,1144.436,1142.8251,26.419,2.001,12.492,-0.005,0.0438,34.57,34.65,1.4636,1144.2887,1144.3841,1144.436,1142.8251,50.0,False,NOMINAL,HEALTHY,-35.34,19.02
DIG_LOT04_COMP0985,LOT_04,DIGITAL_IC,CQFP-64,DIG-SIH-2026,THERMAL_BURN_IN,T04_0985,PROC-ISRO-IISU-01,ATE-STATION-01,CHAMBER-01,1.0,125.0,5.0,168,IDDQ,ELECTRICAL,uA,1.58,1223.1388,1223.2014,1223.2203,1221.5588,26.293,1.9884,12.965,0.002,-0.0298,34.71,34.49,1.58,1223.1388,1223.2014,1223.2203,1221.5588,50.0,False,NOMINAL,HEALTHY,-36.42,0.99
DIG_LOT04_COMP0986,LOT_04,DIGITAL_IC,CQFP-64,DIG-SIH-2026,THERMAL_BURN_IN,T04_0986,PROC-ISRO-IISU-01,ATE-STATION-01,CHAMBER-01,1.0,125.0,5.0,168,IDDQ,ELECTRICAL,uA,1.1835,917.1143,917.1799,917.1251,915.9308,24.174,1.5341,12.883,0.0201,-0.0561,33.82,33.68,1.1835,917.1143,917.1799,917.1251,915.9308,50.0,False,NOMINAL,HEALTHY,-35.63,41.83
DIG_LOT04_COMP0987,LOT_04,DIGITAL_IC,CQFP-64,DIG-SIH-2026,THERMAL_BURN_IN,T04_0987,PROC-ISRO-IISU-01,ATE-STATION-01,CHAMBER-01,1.0,125.0,5.0,168,IDDQ,ELECTRICAL,uA,1.0973,861.8435,870.3321,1020.2218,860.7462,24.964,1.4643,13.18,0.0018,-0.0696,34.94,35.73,1.0973,861.8435,870.3321,1020.2218,860.7462,50.0,True,THERMAL_RUNAWAY,HEALTHY,14.66,-4.76
DIG_LOT04_COMP0988,LOT_04,DIGITAL_IC,CQFP-64,DIG-SIH-2026,THERMAL_BURN_IN,T04_0988,PROC-ISRO-IISU-01,ATE-STATION-01,CHAMBER-01,1.0,125.0,5.0,168,IDDQ,ELECTRICAL,uA,1.1278,862.3834,862.4791,862.502,861.2556,24.932,2.0945,12.702,-0.005,0.0786,33.88,33.49,1.1278,862.3834,862.4791,862.502,861.2556,50.0,False,NOMINAL,HEALTHY,13.15,27.83
DIG_LOT04_COMP0989,LOT_04,DIGITAL_IC,CQFP-64,DIG-SIH-2026,THERMAL_BURN_IN,T04_0989,PROC-ISRO-IISU-01,ATE-STATION-01,CHAMBER-01,1.0,125.0,5.0,168,IDDQ,ELECTRICAL,uA,1.0171,793.5375,793.5297,793.5679,792.5204,24.95,2.0253,12.367,0.0433,0.0365,32.15,32.8,1.0171,793.5375,793.5297,793.5679,792.5204,50.0,False,NOMINAL,HEALTHY,-21.06,38.81
DIG_LOT04_COMP0990,LOT_04,DIGITAL_IC,CQFP-64,DIG-SIH-2026,THERMAL_BURN_IN,T04_0990,PROC-ISRO-IISU-01,ATE-STATION-01,CHAMBER-01,1.0,125.0,5.0,168,IDDQ,ELECTRICAL,uA,1.3842,1068.5775,1068.6444,1068.726,1067.1933,23.895,1.9542,12.23,0.0103,0.0416,34.19,34.2,1.3842,1068.5775,1068.6444,1068.726,1067.1933,50.0,False,NOMINAL,HEALTHY,-32.78,-26.32
DIG_LOT04_COMP0991,LOT_04,DIGITAL_IC,CQFP-64,DIG-SIH-2026,THERMAL_BURN_IN,T04_0991,PROC-ISRO-IISU-01,ATE-STATION-01,CHAMBER-01,1.0,125.0,5.0,168,IDDQ,ELECTRICAL,uA,1.2293,972.9661,973.0364,973.0448,971.7368,25.214,1.7402,11.96,0.0002,-0.023,34.06,34.28,1.2293,972.9661,973.0364,973.0448,971.7368,50.0,False,NOMINAL,HEALTHY,-40.17,-36.94
DIG_LOT04_COMP0992,LOT_04,DIGITAL_IC,CQFP-64,DIG-SIH-2026,THERMAL_BURN_IN,T04_0992,PROC-ISRO-IISU-01,ATE-STATION-01,CHAMBER-01,1.0,125.0,5.0,168,IDDQ,ELECTRICAL,uA,1.4148,1101.1714,1101.2698,1101.3201,1099.7566,26.125,2.2167,11.399,-0.0131,-0.0402,35.64,35.75,1.4148,1101.1714,1101.2698,1101.3201,1099.7566,50.0,False,NOMINAL,HEALTHY,-14.86,32.41
DIG_LOT04_COMP0993,LOT_04,DIGITAL_IC,CQFP-64,DIG-SIH-2026,THERMAL_BURN_IN,T04_0993,PROC-ISRO-IISU-01,ATE-STATION-01,CHAMBER-01,1.0,125.0,5.0,168,IDDQ,ELECTRICAL,uA,1.4036,1087.4647,1087.6168,1087.6695,1086.0611,25.419,1.9042,12.338,0.0002,-0.031,34.15,34.14,1.4036,1087.4647,1087.6168,1087.6695,1086.0611,50.0,False,NOMINAL,HEALTHY,-42.47,-10.48
DIG_LOT04_COMP0994,LOT_04,DIGITAL_IC,CQFP-64,DIG-SIH-2026,THERMAL_BURN_IN,T04_0994,PROC-ISRO-IISU-01,ATE-STATION-01,CHAMBER-01,1.0,125.0,5.0,168,IDDQ,ELECTRICAL,uA,1.3809,1072.2568,1072.2853,1072.3358,1070.8759,25.431,2.3701,11.963,-0.0103,-0.0557,36.61,36.46,1.3809,1072.2568,1072.2853,1072.3358,1070.8759,50.0,False,NOMINAL,HEALTHY,-6.17,-49.18
DIG_LOT04_COMP0995,LOT_04,DIGITAL_IC,CQFP-64,DIG-SIH-2026,THERMAL_BURN_IN,T04_0995,PROC-ISRO-IISU-01,ATE-STATION-01,CHAMBER-01,1.0,125.0,5.0,168,IDDQ,ELECTRICAL,uA,1.2683,980.6772,980.7763,980.833,979.4089,28.194,2.1241,12.26,0.0019,0.0353,36.67,37.6,1.2683,980.6772,980.7763,980.833,979.4089,50.0,False,NOMINAL,HEALTHY,-48.16,31.31
DIG_LOT04_COMP0996,LOT_04,DIGITAL_IC,CQFP-64,DIG-SIH-2026,THERMAL_BURN_IN,T04_0996,PROC-ISRO-IISU-01,ATE-STATION-01,CHAMBER-01,1.0,125.0,5.0,168,IDDQ,ELECTRICAL,uA,1.1751,917.585,917.6237,917.7173,916.4099,27.868,1.6764,11.763,0.0167,-0.0437,36.7,36.2,1.1751,917.585,917.6237,917.7173,916.4099,50.0,False,NOMINAL,HEALTHY,-11.02,-9.57
DIG_LOT04_COMP0997,LOT_04,DIGITAL_IC,CQFP-64,DIG-SIH-2026,THERMAL_BURN_IN,T04_0997,PROC-ISRO-IISU-01,ATE-STATION-01,CHAMBER-01,1.0,125.0,5.0,168,IDDQ,ELECTRICAL,uA,1.2625,985.7335,985.8263,985.8859,984.471,23.669,1.7337,11.559,-0.0073,0.0452,35.69,35.55,1.2625,985.7335,985.8263,985.8859,984.471,50.0,False,NOMINAL,HEALTHY,25.26,37.02
DIG_LOT04_COMP0998,LOT_04,DIGITAL_IC,CQFP-64,DIG-SIH-2026,THERMAL_BURN_IN,T04_0998,PROC-ISRO-IISU-01,ATE-STATION-01,CHAMBER-01,1.0,125.0,5.0,168,IDDQ,ELECTRICAL,uA,1.5336,1182.2359,1182.3153,1182.4313,1180.7023,25.248,1.6755,11.334,0.0021,-0.0104,34.33,35.34,1.5336,1182.2359,1182.3153,1182.4313,1180.7023,50.0,False,NOMINAL,HEALTHY,-49.01,37.78
DIG_LOT04_COMP0999,LOT_04,DIGITAL_IC,CQFP-64,DIG-SIH-2026,THERMAL_BURN_IN,T04_0999,PROC-ISRO-IISU-01,ATE-STATION-01,CHAMBER-01,1.0,125.0,5.0,168,IDDQ,ELECTRICAL,uA,1.362,1075.3534,1075.4113,1075.465,1073.9914,26.648,2.2173,13.491,0.012,0.0765,37.06,36.62,1.362,1075.3534,1075.4113,1075.465,1073.9914,50.0,False,NOMINAL,HEALTHY,25.64,-44.13
DIG_LOT04_COMP1000,LOT_04,DIGITAL_IC,CQFP-64,DIG-SIH-2026,THERMAL_BURN_IN,T04_1000,PROC-ISRO-IISU-01,ATE-STATION-01,CHAMBER-01,1.0,125.0,5.0,168,IDDQ,ELECTRICAL,uA,1.363,1028.2513,1028.3096,1028.3773,1026.8883,24.528,1.6306,10.889,-0.0056,0.0232,33.29,33.81,1.363,1028.2513,1028.3096,1028.3773,1026.8883,50.0,False,NOMINAL,HEALTHY,-18.11,30.94
DIG_LOT04_COMP1001,LOT_04,DIGITAL_IC,CQFP-64,DIG-SIH-2026,THERMAL_BURN_IN,T04_1001,PROC-ISRO-IISU-01,ATE-STATION-01,CHAMBER-01,1.0,125.0,5.0,168,IDDQ,ELECTRICAL,uA,1.2732,974.4608,974.5385,974.5623,973.1876,26.049,2.2703,13.009,-0.0186,-0.0164,35.45,34.54,1.2732,974.4608,974.5385,974.5623,973.1876,50.0,False,NOMINAL,HEALTHY,-14.72,-12.09
DIG_LOT04_COMP1002,LOT_04,DIGITAL_IC,CQFP-64,DIG-SIH-2026,THERMAL_BURN_IN,T04_1002,PROC-ISRO-IISU-01,ATE-STATION-01,CHAMBER-01,1.0,125.0,5.0,168,IDDQ,ELECTRICAL,uA,1.3547,1037.8779,1037.9567,1038.0213,1036.5232,28.512,2.2421,12.405,-0.0134,0.0524,35.28,34.43,1.3547,1037.8779,1037.9567,1038.0213,1036.5232,50.0,False,NOMINAL,HEALTHY,-19.92,-4.43
DIG_LOT04_COMP1003,LOT_04,DIGITAL_IC,CQFP-64,DIG-SIH-2026,THERMAL_BURN_IN,T04_1003,PROC-ISRO-IISU-01,ATE-STATION-01,CHAMBER-01,1.0,125.0,5.0,168,IDDQ,ELECTRICAL,uA,1.2757,988.3983,988.4851,988.5176,987.1226,24.238,1.8415,12.303,-0.0417,-0.1098,36.42,36.54,1.2757,988.3983,988.4851,988.5176,987.1226,50.0,False,NOMINAL,HEALTHY,-37.2,42.11
DIG_LOT04_COMP1004,LOT_04,DIGITAL_IC,CQFP-64,DIG-SIH-2026,THERMAL_BURN_IN,T04_1004,PROC-ISRO-IISU-01,ATE-STATION-01,CHAMBER-01,1.0,125.0,5.0,168,IDDQ,ELECTRICAL,uA,1.2477,967.633,967.7308,967.6844,966.3853,26.743,1.8346,11.47,-0.0154,-0.0999,33.12,32.72,1.2477,967.633,967.7308,967.6844,966.3853,50.0,False,NOMINAL,HEALTHY,31.43,-28.39
DIG_LOT04_COMP1005,LOT_04,DIGITAL_IC,CQFP-64,DIG-SIH-2026,THERMAL_BURN_IN,T04_1005,PROC-ISRO-IISU-01,ATE-STATION-01,CHAMBER-01,1.0,125.0,5.0,168,IDDQ,ELECTRICAL,uA,1.3448,1040.9502,1041.0,1041.0438,1039.6054,23.9,2.3802,12.773,0.011,0.0758,33.68,33.33,1.3448,1040.9502,1041.0,1041.0438,1039.6054,50.0,False,NOMINAL,HEALTHY,42.25,2.1
DIG_LOT04_COMP1006,LOT_04,DIGITAL_IC,CQFP-64,DIG-SIH-2026,THERMAL_BURN_IN,T04_1006,PROC-ISRO-IISU-01,ATE-STATION-01,CHAMBER-01,1.0,125.0,5.0,168,IDDQ,ELECTRICAL,uA,1.3948,1067.9576,1068.0266,1068.1139,1066.5628,25.789,2.0783,13.007,-0.0136,-0.0103,36.66,37.58,1.3948,1067.9576,1068.0266,1068.1139,1066.5628,50.0,False,NOMINAL,HEALTHY,-43.27,7.25
DIG_LOT04_COMP1007,LOT_04,DIGITAL_IC,CQFP-64,DIG-SIH-2026,THERMAL_BURN_IN,T04_1007,PROC-ISRO-IISU-01,ATE-STATION-01,CHAMBER-01,1.0,125.0,5.0,168,IDDQ,ELECTRICAL,uA,1.078,835.875,835.9282,835.9422,834.797,24.486,1.902,11.906,-0.032,-0.0358,33.94,34.35,1.078,835.875,835.9282,835.9422,834.797,50.0,False,NOMINAL,HEALTHY,-5.82,-37.42
DIG_LOT04_COMP1008,LOT_04,DIGITAL_IC,CQFP-64,DIG-SIH-2026,THERMAL_BURN_IN,T04_1008,PROC-ISRO-IISU-01,ATE-STATION-01,CHAMBER-01,1.0,125.0,5.0,168,IDDQ,ELECTRICAL,uA,1.1065,833.0608,833.1256,833.1284,831.9543,25.792,2.3106,12.259,0.014,0.0334,34.1,35.59,1.1065,833.0608,833.1256,833.1284,831.9543,50.0,False,NOMINAL,HEALTHY,28.59,19.83
DIG_LOT04_COMP1009,LOT_04,DIGITAL_IC,CQFP-64,DIG-SIH-2026,THERMAL_BURN_IN,T04_1009,PROC-ISRO-IISU-01,ATE-STATION-01,CHAMBER-01,1.0,125.0,5.0,168,IDDQ,ELECTRICAL,uA,1.6228,1234.5077,1234.5697,1234.6758,1232.8849,25.291,2.0069,11.81,-0.0153,-0.013,35.58,36.49,1.6228,1234.5077,1234.5697,1234.6758,1232.8849,50.0,False,NOMINAL,HEALTHY,7.34,13.83
DIG_LOT04_COMP1010,LOT_04,DIGITAL_IC,CQFP-64,DIG-SIH-2026,THERMAL_BURN_IN,T04_1010,PROC-ISRO-IISU-01,ATE-STATION-01,CHAMBER-01,1.0,125.0,5.0,168,IDDQ,ELECTRICAL,uA,1.345,1031.7743,1031.8129,1031.8683,1030.4293,24.763,1.7835,13.015,-0.0117,-0.0144,35.05,34.95,1.345,1031.7743,1031.8129,1031.8683,1030.4293,50.0,False,NOMINAL,HEALTHY,-42.15,-25.13
DIG_LOT04_COMP1011,LOT_04,DIGITAL_IC,CQFP-64,DIG-SIH-2026,THERMAL_BURN_IN,T04_1011,PROC-ISRO-IISU-01,ATE-STATION-01,CHAMBER-01,1.0,125.0,5.0,168,IDDQ,ELECTRICAL,uA,1.2915,1007.0728,1007.144,1007.2008,1005.7813,25.228,2.1949,12.172,-0.0277,-0.0425,34.0,34.44,1.2915,1007.0728,1007.144,1007.2008,1005.7813,50.0,False,NOMINAL,HEALTHY,-33.35,-45.84
DIG_LOT04_COMP1012,LOT_04,DIGITAL_IC,CQFP-64,DIG-SIH-2026,THERMAL_BURN_IN,T04_1012,PROC-ISRO-IISU-01,ATE-STATION-01,CHAMBER-01,1.0,125.0,5.0,168,IDDQ,ELECTRICAL,uA,1.0474,811.053,811.1251,811.1312,810.0056,26.446,2.5381,10.231,0.012,0.0557,34.11,35.02,1.0474,811.053,811.1251,811.1312,810.0056,50.0,False,NOMINAL,HEALTHY,-24.42,-16.3
DIG_LOT04_COMP1013,LOT_04,DIGITAL_IC,CQFP-64,DIG-SIH-2026,THERMAL_BURN_IN,T04_1013,PROC-ISRO-IISU-01,ATE-STATION-01,CHAMBER-01,1.0,125.0,5.0,168,IDDQ,ELECTRICAL,uA,0.9945,745.2124,745.2898,745.3035,744.2179,24.361,2.6315,11.751,-0.0071,-0.0695,33.65,33.18,0.9945,745.2124,745.2898,745.3035,744.2179,50.0,False,NOMINAL,HEALTHY,-21.43,-46.12
DIG_LOT04_COMP1014,LOT_04,DIGITAL_IC,CQFP-64,DIG-SIH-2026,THERMAL_BURN_IN,T04_1014,PROC-ISRO-IISU-01,ATE-STATION-01,CHAMBER-01,1.0,125.0,5.0,168,IDDQ,ELECTRICAL,uA,1.3542,1042.9873,1043.0349,1043.0959,1041.6331,26.674,1.8268,13.097,-0.0031,-0.0272,34.57,35.99,1.3542,1042.9873,1043.0349,1043.0959,1041.6331,50.0,False,NOMINAL,HEALTHY,-29.93,2.64
DIG_LOT04_COMP1015,LOT_04,DIGITAL_IC,CQFP-64,DIG-SIH-2026,THERMAL_BURN_IN,T04_1015,PROC-ISRO-IISU-01,ATE-STATION-01,CHAMBER-01,1.0,125.0,5.0,168,IDDQ,ELECTRICAL,uA,1.4408,1110.4091,1110.5088,1110.5886,1108.9683,25.494,1.6023,11.9,0.0194,0.0563,35.6,36.15,1.4408,1110.4091,1110.5088,1110.5886,1108.9683,50.0,False,NOMINAL,HEALTHY,35.56,17.64
DIG_LOT04_COMP1016,LOT_04,DIGITAL_IC,CQFP-64,DIG-SIH-2026,THERMAL_BURN_IN,T04_1016,PROC-ISRO-IISU-01,ATE-STATION-01,CHAMBER-01,1.0,125.0,5.0,168,IDDQ,ELECTRICAL,uA,1.2809,996.2005,996.2258,996.2617,994.9196,23.183,1.9388,13.14,0.0354,-0.0537,35.09,34.84,1.2809,996.2005,996.2258,996.2617,994.9196,50.0,False,NOMINAL,HEALTHY,-2.23,-44.33
DIG_LOT04_COMP1017,LOT_04,DIGITAL_IC,CQFP-64,DIG-SIH-2026,THERMAL_BURN_IN,T04_1017,PROC-ISRO-IISU-01,ATE-STATION-01,CHAMBER-01,1.0,125.0,5.0,168,IDDQ,ELECTRICAL,uA,1.513,1168.6212,1168.6818,1168.8001,1167.1082,24.474,1.5998,13.919,0.012,0.0365,35.18,35.09,1.513,1168.6212,1168.6818,1168.8001,1167.1082,50.0,False,NOMINAL,HEALTHY,9.14,-22.37
DIG_LOT04_COMP1018,LOT_04,DIGITAL_IC,CQFP-64,DIG-SIH-2026,THERMAL_BURN_IN,T04_1018,PROC-ISRO-IISU-01,ATE-STATION-01,CHAMBER-01,1.0,125.0,5.0,168,IDDQ,ELECTRICAL,uA,1.3623,1026.6323,1026.734,1026.7828,1025.27,25.483,2.0464,13.607,0.0214,0.0916,33.86,33.69,1.3623,1026.6323,1026.734,1026.7828,1025.27,50.0,False,NOMINAL,HEALTHY,-24.9,41.58
DIG_LOT04_COMP1019,LOT_04,DIGITAL_IC,CQFP-64,DIG-SIH-2026,THERMAL_BURN_IN,T04_1019,PROC-ISRO-IISU-01,ATE-STATION-01,CHAMBER-01,1.0,125.0,5.0,168,IDDQ,ELECTRICAL,uA,1.0856,833.796,833.8237,833.8571,832.7104,25.548,2.103,13.807,-0.0031,0.0239,33.77,34.36,1.0856,833.796,833.8237,833.8571,832.7104,50.0,False,NOMINAL,HEALTHY,33.36,-29.58
DIG_LOT04_COMP1020,LOT_04,DIGITAL_IC,CQFP-64,DIG-SIH-2026,THERMAL_BURN_IN,T04_1020,PROC-ISRO-IISU-01,ATE-STATION-01,CHAMBER-01,1.0,125.0,5.0,168,IDDQ,ELECTRICAL,uA,1.5094,1159.4735,1159.5622,1159.6209,1157.9641,25.516,2.5322,13.015,0.003,-0.0423,35.96,36.07,1.5094,1159.4735,1159.5622,1159.6209,1157.9641,50.0,False,NOMINAL,HEALTHY,-48.53,23.38
DIG_LOT04_COMP1021,LOT_04,DIGITAL_IC,CQFP-64,DIG-SIH-2026,THERMAL_BURN_IN,T04_1021,PROC-ISRO-IISU-01,ATE-STATION-01,CHAMBER-01,1.0,125.0,5.0,168,IDDQ,ELECTRICAL,uA,1.3856,1082.3916,1082.4326,1082.4974,1081.006,23.544,2.094,13.743,-0.0135,0.0271,33.67,33.19,1.3856,1082.3916,1082.4326,1082.4974,1081.006,50.0,False,NOMINAL,HEALTHY,-10.11,-5.94
DIG_LOT04_COMP1022,LOT_04,DIGITAL_IC,CQFP-64,DIG-SIH-2026,THERMAL_BURN_IN,T04_1022,PROC-ISRO-IISU-01,ATE-STATION-01,CHAMBER-01,1.0,125.0,5.0,168,IDDQ,ELECTRICAL,uA,1.4491,1106.7718,1106.8686,1106.9422,1105.3227,26.648,1.7695,12.287,-0.011,0.0163,37.38,36.9,1.4491,1106.7718,1106.8686,1106.9422,1105.3227,50.0,False,NOMINAL,HEALTHY,34.73,40.51
DIG_LOT04_COMP1023,LOT_04,DIGITAL_IC,CQFP-64,DIG-SIH-2026,THERMAL_BURN_IN,T04_1023,PROC-ISRO-IISU-01,ATE-STATION-01,CHAMBER-01,1.0,125.0,5.0,168,IDDQ,ELECTRICAL,uA,1.2548,947.2741,947.3987,947.4859,946.0193,25.859,1.4944,11.22,0.0096,-0.0015,36.79,36.28,1.2548,947.2741,947.3987,947.4859,946.0193,50.0,False,NOMINAL,HEALTHY,-8.67,43.4
DIG_LOT04_COMP1024,LOT_04,DIGITAL_IC,CQFP-64,DIG-SIH-2026,THERMAL_BURN_IN,T04_1024,PROC-ISRO-IISU-01,ATE-STATION-01,CHAMBER-01,1.0,125.0,5.0,168,IDDQ,ELECTRICAL,uA,1.4248,1084.564,1084.6137,1084.6863,1083.1392,24.267,1.8573,11.619,0.0113,0.0215,36.03,35.81,1.4248,1084.564,1084.6137,1084.6863,1083.1392,50.0,False,NOMINAL,HEALTHY,7.49,3.99
DIG_LOT04_COMP1025,LOT_04,DIGITAL_IC,CQFP-64,DIG-SIH-2026,THERMAL_BURN_IN,T04_1025,PROC-ISRO-IISU-01,ATE-STATION-01,CHAMBER-01,1.0,125.0,5.0,168,IDDQ,ELECTRICAL,uA,1.3801,1078.7695,1078.8182,1078.8943,1077.3894,24.136,1.7814,11.389,0.0114,-0.0582,32.7,32.34,1.3801,1078.7695,1078.8182,1078.8943,1077.3894,50.0,False,NOMINAL,HEALTHY,35.26,8.37
DIG_LOT04_COMP1026,LOT_04,DIGITAL_IC,CQFP-64,DIG-SIH-2026,THERMAL_BURN_IN,T04_1026,PROC-ISRO-IISU-01,ATE-STATION-01,CHAMBER-01,1.0,125.0,5.0,168,IDDQ,ELECTRICAL,uA,1.3868,1061.6658,1061.792,1061.8224,1060.279,27.666,2.0328,13.395,0.0102,0.0523,34.15,34.27,1.3868,1061.6658,1061.792,1061.8224,1060.279,50.0,False,NOMINAL,HEALTHY,-38.74,-37.48
DIG_LOT04_COMP1027,LOT_04,DIGITAL_IC,CQFP-64,DIG-SIH-2026,THERMAL_BURN_IN,T04_1027,PROC-ISRO-IISU-01,ATE-STATION-01,CHAMBER-01,1.0,125.0,5.0,168,IDDQ,ELECTRICAL,uA,1.3476,1043.928,1044.0129,1044.1031,1042.5804,26.153,2.0258,12.884,0.0016,-0.0451,34.24,34.34,1.3476,1043.928,1044.0129,1044.1031,1042.5804,50.0,False,NOMINAL,HEALTHY,-9.04,-16.44
DIG_LOT04_COMP1028,LOT_04,DIGITAL_IC,CQFP-64,DIG-SIH-2026,THERMAL_BURN_IN,T04_1028,PROC-ISRO-IISU-01,ATE-STATION-01,CHAMBER-01,1.0,125.0,5.0,168,IDDQ,ELECTRICAL,uA,1.4068,1071.091,1071.1967,1071.211,1069.6842,24.27,2.09,12.855,0.0071,-0.013,35.74,36.52,1.4068,1071.091,1071.1967,1071.211,1069.6842,50.0,False,NOMINAL,HEALTHY,-40.95,-22.3
DIG_LOT04_COMP1029,LOT_04,DIGITAL_IC,CQFP-64,DIG-SIH-2026,THERMAL_BURN_IN,T04_1029,PROC-ISRO-IISU-01,ATE-STATION-01,CHAMBER-01,1.0,125.0,5.0,168,IDDQ,ELECTRICAL,uA,1.3807,1044.6046,1044.7025,1044.6875,1043.2239,23.941,2.3484,13.74,-0.0082,-0.0289,36.03,36.06,1.3807,1044.6046,1044.7025,1044.6875,1043.2239,50.0,False,NOMINAL,HEALTHY,3.62,4.32
DIG_LOT04_COMP1030,LOT_04,DIGITAL_IC,CQFP-64,DIG-SIH-2026,THERMAL_BURN_IN,T04_1030,PROC-ISRO-IISU-01,ATE-STATION-01,CHAMBER-01,1.0,125.0,5.0,168,IDDQ,ELECTRICAL,uA,1.4778,1136.4836,1136.5426,1136.6593,1135.0058,28.312,2.1714,13.637,0.0036,0.0347,36.55,36.78,1.4778,1136.4836,1136.5426,1136.6593,1135.0058,50.0,False,NOMINAL,HEALTHY,-33.07,-41.88
DIG_LOT04_COMP1031,LOT_04,DIGITAL_IC,CQFP-64,DIG-SIH-2026,THERMAL_BURN_IN,T04_1031,PROC-ISRO-IISU-01,ATE-STATION-01,CHAMBER-01,1.0,125.0,5.0,168,IDDQ,ELECTRICAL,uA,1.4294,1106.2109,1106.327,1106.4108,1104.7815,25.382,1.6248,13.427,-0.0277,-0.0097,35.64,35.1,1.4294,1106.2109,1106.327,1106.4108,1104.7815,50.0,False,NOMINAL,HEALTHY,49.43,-4.77
DIG_LOT04_COMP1032,LOT_04,DIGITAL_IC,CQFP-64,DIG-SIH-2026,THERMAL_BURN_IN,T04_1032,PROC-ISRO-IISU-01,ATE-STATION-01,CHAMBER-01,1.0,125.0,5.0,168,IDDQ,ELECTRICAL,uA,1.2911,991.639,991.7047,991.7345,990.3479,24.244,2.0082,12.814,-0.0095,0.0021,35.52,35.05,1.2911,991.639,991.7047,991.7345,990.3479,50.0,False,NOMINAL,HEALTHY,-39.94,-19.54
DIG_LOT04_COMP1033,LOT_04,DIGITAL_IC,CQFP-64,DIG-SIH-2026,THERMAL_BURN_IN,T04_1033,PROC-ISRO-IISU-01,ATE-STATION-01,CHAMBER-01,1.0,125.0,5.0,168,IDDQ,ELECTRICAL,uA,1.3148,1024.3683,1024.4933,1024.4704,1023.0535,23.086,1.638,13.143,0.0137,0.0663,32.38,32.35,1.3148,1024.3683,1024.4933,1024.4704,1023.0535,50.0,False,NOMINAL,HEALTHY,-22.84,-25.86
DIG_LOT04_COMP1034,LOT_04,DIGITAL_IC,CQFP-64,DIG-SIH-2026,THERMAL_BURN_IN,T04_1034,PROC-ISRO-IISU-01,ATE-STATION-01,CHAMBER-01,1.0,125.0,5.0,168,IDDQ,ELECTRICAL,uA,1.4754,1135.5563,1135.5724,1135.6967,1134.0809,25.38,1.7276,12.891,-0.015,-0.0768,33.58,34.08,1.4754,1135.5563,1135.5724,1135.6967,1134.0809,50.0,False,NOMINAL,HEALTHY,8.29,-19.02
DIG_LOT04_COMP1035,LOT_04,DIGITAL_IC,CQFP-64,DIG-SIH-2026,THERMAL_BURN_IN,T04_1035,PROC-ISRO-IISU-01,ATE-STATION-01,CHAMBER-01,1.0,125.0,5.0,168,IDDQ,ELECTRICAL,uA,1.5466,1192.0395,1192.141,1192.1947,1190.4929,25.684,2.0148,13.038,-0.0066,0.002,37.38,37.12,1.5466,1192.0395,1192.141,1192.1947,1190.4929,50.0,False,NOMINAL,HEALTHY,-38.85,10.02
DIG_LOT04_COMP1036,LOT_04,DIGITAL_IC,CQFP-64,DIG-SIH-2026,THERMAL_BURN_IN,T04_1036,PROC-ISRO-IISU-01,ATE-STATION-01,CHAMBER-01,1.0,125.0,5.0,168,IDDQ,ELECTRICAL,uA,1.2697,1007.5429,1007.5802,1007.5986,1006.2732,25.735,2.1555,12.648,-0.0095,0.0042,32.85,33.98,1.2697,1007.5429,1007.5802,1007.5986,1006.2732,50.0,False,NOMINAL,HEALTHY,-32.7,27.66
DIG_LOT04_COMP1037,LOT_04,DIGITAL_IC,CQFP-64,DIG-SIH-2026,THERMAL_BURN_IN,T04_1037,PROC-ISRO-IISU-01,ATE-STATION-01,CHAMBER-01,1.0,125.0,5.0,168,IDDQ,ELECTRICAL,uA,1.2522,978.7918,978.8933,978.9577,977.5396,26.323,1.7662,13.751,0.0112,0.0264,34.18,33.68,1.2522,978.7918,978.8933,978.9577,977.5396,50.0,False,NOMINAL,HEALTHY,-16.49,49.63
DIG_LOT04_COMP1038,LOT_04,DIGITAL_IC,CQFP-64,DIG-SIH-2026,THERMAL_BURN_IN,T04_1038,PROC-ISRO-IISU-01,ATE-STATION-01,CHAMBER-01,1.0,125.0,5.0,168,IDDQ,ELECTRICAL,uA,1.0293,789.7006,789.7591,789.815,788.6713,25.445,1.5814,13.397,0.021,0.0232,35.87,35.14,1.0293,789.7006,789.7591,789.815,788.6713,50.0,False,NOMINAL,HEALTHY,22.56,-45.93
DIG_LOT04_COMP1039,LOT_04,DIGITAL_IC,CQFP-64,DIG-SIH-2026,THERMAL_BURN_IN,T04_1039,PROC-ISRO-IISU-01,ATE-STATION-01,CHAMBER-01,1.0,125.0,5.0,168,IDDQ,ELECTRICAL,uA,1.2573,957.2206,957.3032,957.2882,955.9633,26.242,1.9049,13.489,0.0025,0.0227,34.51,34.58,1.2573,957.2206,957.3032,957.2882,955.9633,50.0,True,DIELECTRIC_OSCILLATION,HEALTHY,-41.7,49.57
DIG_LOT04_COMP1040,LOT_04,DIGITAL_IC,CQFP-64,DIG-SIH-2026,THERMAL_BURN_IN,T04_1040,PROC-ISRO-IISU-01,ATE-STATION-01,CHAMBER-01,1.0,125.0,5.0,168,IDDQ,ELECTRICAL,uA,1.3574,1048.7176,1048.8365,1048.8945,1047.3602,24.45,2.0306,12.272,0.0095,0.1027,35.75,36.32,1.3574,1048.7176,1048.8365,1048.8945,1047.3602,50.0,False,NOMINAL,HEALTHY,-41.38,12.56
DIG_LOT04_COMP1041,LOT_04,DIGITAL_IC,CQFP-64,DIG-SIH-2026,THERMAL_BURN_IN,T04_1041,PROC-ISRO-IISU-01,ATE-STATION-01,CHAMBER-01,1.0,125.0,5.0,168,IDDQ,ELECTRICAL,uA,1.6696,1257.0843,1257.131,1257.2118,1255.4147,25.722,1.3739,12.759,0.0165,-0.0146,33.98,33.74,1.6696,1257.0843,1257.131,1257.2118,1255.4147,50.0,False,NOMINAL,HEALTHY,-40.15,-1.67
DIG_LOT04_COMP1042,LOT_04,DIGITAL_IC,CQFP-64,DIG-SIH-2026,THERMAL_BURN_IN,T04_1042,PROC-ISRO-IISU-01,ATE-STATION-01,CHAMBER-01,1.0,125.0,5.0,168,IDDQ,ELECTRICAL,uA,1.6951,1292.5473,1292.6413,1292.7055,1290.8522,25.279,2.1811,13.103,-0.0024,-0.1072,36.25,36.35,1.6951,1292.5473,1292.6413,1292.7055,1290.8522,50.0,False,NOMINAL,HEALTHY,-28.84,31.1
DIG_LOT04_COMP1043,LOT_04,DIGITAL_IC,CQFP-64,DIG-SIH-2026,THERMAL_BURN_IN,T04_1043,PROC-ISRO-IISU-01,ATE-STATION-01,CHAMBER-01,1.0,125.0,5.0,168,IDDQ,ELECTRICAL,uA,1.5136,1146.4481,1146.5315,1146.6075,1144.9345,24.144,2.5958,12.69,0.0096,0.0103,36.49,37.35,1.5136,1146.4481,1146.5315,1146.6075,1144.9345,50.0,False,NOMINAL,HEALTHY,33.13,39.27
DIG_LOT04_COMP1044,LOT_04,DIGITAL_IC,CQFP-64,DIG-SIH-2026,THERMAL_BURN_IN,T04_1044,PROC-ISRO-IISU-01,ATE-STATION-01,CHAMBER-01,1.0,125.0,5.0,168,IDDQ,ELECTRICAL,uA,1.2502,963.6378,963.7422,963.7695,962.3876,24.87,2.0211,12.195,0.0041,-0.0779,33.94,33.86,1.2502,963.6378,963.7422,963.7695,962.3876,50.0,False,NOMINAL,HEALTHY,-14.22,25.37
DIG_LOT04_COMP1045,LOT_04,DIGITAL_IC,CQFP-64,DIG-SIH-2026,THERMAL_BURN_IN,T04_1045,PROC-ISRO-IISU-01,ATE-STATION-01,CHAMBER-01,1.0,125.0,5.0,168,IDDQ,ELECTRICAL,uA,1.323,1023.8291,1023.8725,1023.9132,1022.5061,24.388,2.8532,13.625,0.0117,-0.0232,34.74,34.56,1.323,1023.8291,1023.8725,1023.9132,1022.5061,50.0,False,NOMINAL,HEALTHY,49.59,40.57
DIG_LOT04_COMP1046,LOT_04,DIGITAL_IC,CQFP-64,DIG-SIH-2026,THERMAL_BURN_IN,T04_1046,PROC-ISRO-IISU-01,ATE-STATION-01,CHAMBER-01,1.0,125.0,5.0,168,IDDQ,ELECTRICAL,uA,1.3844,1070.429,1070.4599,1070.5257,1069.0446,24.91,1.8735,14.953,0.0073,-0.0008,34.26,34.45,1.3844,1070.429,1070.4599,1070.5257,1069.0446,50.0,False,NOMINAL,HEALTHY,-14.88,13.6
DIG_LOT04_COMP1047,LOT_04,DIGITAL_IC,CQFP-64,DIG-SIH-2026,THERMAL_BURN_IN,T04_1047,PROC-ISRO-IISU-01,ATE-STATION-01,CHAMBER-01,1.0,125.0,5.0,168,IDDQ,ELECTRICAL,uA,1.4286,1121.9489,1122.0869,1122.1194,1120.5203,25.509,1.5735,12.527,-0.0011,0.0375,35.64,34.49,1.4286,1121.9489,1122.0869,1122.1194,1120.5203,50.0,False,NOMINAL,HEALTHY,-8.35,31.74
DIG_LOT04_COMP1048,LOT_04,DIGITAL_IC,CQFP-64,DIG-SIH-2026,THERMAL_BURN_IN,T04_1048,PROC-ISRO-IISU-01,ATE-STATION-01,CHAMBER-01,1.0,125.0,5.0,168,IDDQ,ELECTRICAL,uA,1.2191,939.1383,939.1905,939.197,937.9192,24.972,2.7165,13.734,0.004,-0.0495,34.2,34.3,1.2191,939.1383,939.1905,939.197,937.9192,50.0,False,NOMINAL,HEALTHY,39.88,-0.1
DIG_LOT04_COMP1049,LOT_04,DIGITAL_IC,CQFP-64,DIG-SIH-2026,THERMAL_BURN_IN,T04_1049,PROC-ISRO-IISU-01,ATE-STATION-01,CHAMBER-01,1.0,125.0,5.0,168,IDDQ,ELECTRICAL,uA,1.2026,924.0905,924.1442,924.1397,922.8879,24.593,1.8435,12.972,-0.0301,-0.0136,36.1,35.45,1.2026,924.0905,924.1442,924.1397,922.8879,50.0,False,NOMINAL,HEALTHY,44.96,-11.98
DIG_LOT04_COMP1050,LOT_04,DIGITAL_IC,CQFP-64,DIG-SIH-2026,THERMAL_BURN_IN,T04_1050,PROC-ISRO-IISU-01,ATE-STATION-01,CHAMBER-01,1.0,125.0,5.0,168,IDDQ,ELECTRICAL,uA,1.1149,859.5988,859.7037,859.7216,858.4839,24.683,2.0897,12.331,0.0412,-0.0121,35.19,35.78,1.1149,859.5988,859.7037,859.7216,858.4839,50.0,False,NOMINAL,HEALTHY,-32.75,-12.49
DIG_LOT04_COMP1051,LOT_04,DIGITAL_IC,CQFP-64,DIG-SIH-2026,THERMAL_BURN_IN,T04_1051,PROC-ISRO-IISU-01,ATE-STATION-01,CHAMBER-01,1.0,125.0,5.0,168,IDDQ,ELECTRICAL,uA,0.9909,793.0323,793.1456,793.1561,792.0414,25.733,1.2949,12.452,-0.0351,-0.111,33.68,33.85,0.9909,793.0323,793.1456,793.1561,792.0414,50.0,False,NOMINAL,HEALTHY,-30.47,19.31
DIG_LOT04_COMP1052,LOT_04,DIGITAL_IC,CQFP-64,DIG-SIH-2026,THERMAL_BURN_IN,T04_1052,PROC-ISRO-IISU-01,ATE-STATION-01,CHAMBER-01,1.0,125.0,5.0,168,IDDQ,ELECTRICAL,uA,1.2638,981.0213,981.1211,981.1339,979.7575,25.942,1.7912,13.668,0.0026,0.0622,36.04,35.43,1.2638,981.0213,981.1211,981.1339,979.7575,50.0,False,NOMINAL,HEALTHY,34.13,26.97
DIG_LOT04_COMP1053,LOT_04,DIGITAL_IC,CQFP-64,DIG-SIH-2026,THERMAL_BURN_IN,T04_1053,PROC-ISRO-IISU-01,ATE-STATION-01,CHAMBER-01,1.0,125.0,5.0,168,IDDQ,ELECTRICAL,uA,1.5731,1228.0071,1228.1471,1228.1993,1226.434,25.954,2.0987,13.672,-0.0174,0.0375,35.11,35.46,1.5731,1228.0071,1228.1471,1228.1993,1226.434,50.0,False,NOMINAL,HEALTHY,48.37,23.72
DIG_LOT04_COMP1054,LOT_04,DIGITAL_IC,CQFP-64,DIG-SIH-2026,THERMAL_BURN_IN,T04_1054,PROC-ISRO-IISU-01,ATE-STATION-01,CHAMBER-01,1.0,125.0,5.0,168,IDDQ,ELECTRICAL,uA,1.2788,982.8695,982.9371,983.0088,981.5907,24.344,1.8705,13.057,-0.0007,-0.0004,33.55,33.03,1.2788,982.8695,982.9371,983.0088,981.5907,50.0,False,NOMINAL,HEALTHY,23.38,14.63
DIG_LOT04_COMP1055,LOT_04,DIGITAL_IC,CQFP-64,DIG-SIH-2026,THERMAL_BURN_IN,T04_1055,PROC-ISRO-IISU-01,ATE-STATION-01,CHAMBER-01,1.0,125.0,5.0,168,IDDQ,ELECTRICAL,uA,1.2352,945.2338,945.3678,945.3201,943.9986,24.135,1.8181,11.476,-0.0254,-0.0068,33.59,34.07,1.2352,945.2338,945.3678,945.3201,943.9986,50.0,False,NOMINAL,HEALTHY,-2.84,44.26
DIG_LOT04_COMP1056,LOT_04,DIGITAL_IC,CQFP-64,DIG-SIH-2026,THERMAL_BURN_IN,T04_1056,PROC-ISRO-IISU-01,ATE-STATION-01,CHAMBER-01,1.0,125.0,5.0,168,IDDQ,ELECTRICAL,uA,1.1659,892.3202,892.4073,892.4358,891.1543,29.138,1.9237,13.432,0.011,-0.0439,36.05,35.2,1.1659,892.3202,892.4073,892.4358,891.1543,50.0,False,NOMINAL,HEALTHY,-18.52,5.1
DIG_LOT04_COMP1057,LOT_04,DIGITAL_IC,CQFP-64,DIG-SIH-2026,THERMAL_BURN_IN,T04_1057,PROC-ISRO-IISU-01,ATE-STATION-01,CHAMBER-01,1.0,125.0,5.0,168,IDDQ,ELECTRICAL,uA,1.3797,1061.8818,1061.9492,1062.002,1060.5021,26.253,2.0508,14.358,-0.0036,0.0354,33.49,32.66,1.3797,1061.8818,1061.9492,1062.002,1060.5021,50.0,False,NOMINAL,HEALTHY,-28.86,30.86
DIG_LOT04_COMP1058,LOT_04,DIGITAL_IC,CQFP-64,DIG-SIH-2026,THERMAL_BURN_IN,T04_1058,PROC-ISRO-IISU-01,ATE-STATION-01,CHAMBER-01,1.0,125.0,5.0,168,IDDQ,ELECTRICAL,uA,1.4714,1136.6413,1136.729,1136.8271,1135.1699,22.208,2.047,12.639,-0.0061,-0.0832,34.18,32.87,1.4714,1136.6413,1136.729,1136.8271,1135.1699,50.0,False,NOMINAL,HEALTHY,-20.08,2.69
DIG_LOT04_COMP1059,LOT_04,DIGITAL_IC,CQFP-64,DIG-SIH-2026,THERMAL_BURN_IN,T04_1059,PROC-ISRO-IISU-01,ATE-STATION-01,CHAMBER-01,1.0,125.0,5.0,168,IDDQ,ELECTRICAL,uA,1.1749,917.4952,917.5175,917.6561,916.3203,25.685,2.1064,12.364,0.0244,0.0234,34.51,35.05,1.1749,917.4952,917.5175,917.6561,916.3203,50.0,False,NOMINAL,HEALTHY,-35.78,-49.69
DIG_LOT04_COMP1060,LOT_04,DIGITAL_IC,CQFP-64,DIG-SIH-2026,THERMAL_BURN_IN,T04_1060,PROC-ISRO-IISU-01,ATE-STATION-01,CHAMBER-01,1.0,125.0,5.0,168,IDDQ,ELECTRICAL,uA,1.2748,984.7295,984.8061,984.911,983.4547,27.217,1.7672,12.191,0.0036,0.1339,34.15,33.79,1.2748,984.7295,984.8061,984.911,983.4547,50.0,False,NOMINAL,HEALTHY,18.33,-36.54
DIG_LOT04_COMP1061,LOT_04,DIGITAL_IC,CQFP-64,DIG-SIH-2026,THERMAL_BURN_IN,T04_1061,PROC-ISRO-IISU-01,ATE-STATION-01,CHAMBER-01,1.0,125.0,5.0,168,IDDQ,ELECTRICAL,uA,1.409,1101.8718,1101.9515,1102.0146,1100.4628,25.065,1.7012,11.389,-0.0177,-0.0154,31.52,31.66,1.409,1101.8718,1101.9515,1102.0146,1100.4628,50.0,True,DIELECTRIC_OSCILLATION,HEALTHY,18.26,-33.73
DIG_LOT04_COMP1062,LOT_04,DIGITAL_IC,CQFP-64,DIG-SIH-2026,THERMAL_BURN_IN,T04_1062,PROC-ISRO-IISU-01,ATE-STATION-01,CHAMBER-01,1.0,125.0,5.0,168,IDDQ,ELECTRICAL,uA,1.0254,798.2952,798.3368,798.3592,797.2698,25.508,2.4301,13.623,-0.0163,0.0066,34.47,34.84,1.0254,798.2952,798.3368,798.3592,797.2698,50.0,False,NOMINAL,HEALTHY,7.7,17.91
DIG_LOT04_COMP1063,LOT_04,DIGITAL_IC,CQFP-64,DIG-SIH-2026,THERMAL_BURN_IN,T04_1063,PROC-ISRO-IISU-01,ATE-STATION-01,CHAMBER-01,1.0,125.0,5.0,168,IDDQ,ELECTRICAL,uA,1.5482,1187.5738,1187.6533,1187.7858,1186.0256,25.691,1.6741,14.281,0.001,0.0318,34.17,34.56,1.5482,1187.5738,1187.6533,1187.7858,1186.0256,50.0,False,NOMINAL,HEALTHY,-46.05,-8.69
DIG_LOT04_COMP1064,LOT_04,DIGITAL_IC,CQFP-64,DIG-SIH-2026,THERMAL_BURN_IN,T04_1064,PROC-ISRO-IISU-01,ATE-STATION-01,CHAMBER-01,1.0,125.0,5.0,168,IDDQ,ELECTRICAL,uA,1.2249,934.2277,934.2622,934.3004,933.0028,26.153,2.2364,13.508,0.0156,0.0776,36.71,35.95,1.2249,934.2277,934.2622,934.3004,933.0028,50.0,False,NOMINAL,HEALTHY,27.49,-31.25
DIG_LOT04_COMP1065,LOT_04,DIGITAL_IC,CQFP-64,DIG-SIH-2026,THERMAL_BURN_IN,T04_1065,PROC-ISRO-IISU-01,ATE-STATION-01,CHAMBER-01,1.0,125.0,5.0,168,IDDQ,ELECTRICAL,uA,1.4992,1164.4695,1164.5795,1164.6109,1162.9703,25.237,1.9601,11.682,-0.0023,-0.0324,35.6,35.28,1.4992,1164.4695,1164.5795,1164.6109,1162.9703,50.0,False,NOMINAL,HEALTHY,37.2,-7.76
DIG_LOT04_COMP1066,LOT_04,DIGITAL_IC,CQFP-64,DIG-SIH-2026,THERMAL_BURN_IN,T04_1066,PROC-ISRO-IISU-01,ATE-STATION-01,CHAMBER-01,1.0,125.0,5.0,168,IDDQ,ELECTRICAL,uA,1.2369,949.1555,949.2108,949.2499,947.9186,27.465,2.3874,11.104,-0.0083,0.0445,35.66,34.97,1.2369,949.1555,949.2108,949.2499,947.9186,50.0,False,NOMINAL,HEALTHY,17.01,-48.95
DIG_LOT04_COMP1067,LOT_04,DIGITAL_IC,CQFP-64,DIG-SIH-2026,THERMAL_BURN_IN,T04_1067,PROC-ISRO-IISU-01,ATE-STATION-01,CHAMBER-01,1.0,125.0,5.0,168,IDDQ,ELECTRICAL,uA,1.1608,893.3165,893.3856,893.4157,892.1557,25.878,2.6658,12.106,-0.0226,0.0501,35.15,35.23,1.1608,893.3165,893.3856,893.4157,892.1557,50.0,False,NOMINAL,HEALTHY,-4.86,-25.54
DIG_LOT04_COMP1068,LOT_04,DIGITAL_IC,CQFP-64,DIG-SIH-2026,THERMAL_BURN_IN,T04_1068,PROC-ISRO-IISU-01,ATE-STATION-01,CHAMBER-01,1.0,125.0,5.0,168,IDDQ,ELECTRICAL,uA,1.4091,1076.8466,1085.4067,1235.2419,1075.4375,24.752,1.6206,12.587,-0.0025,0.1011,36.11,36.1,1.4091,1076.8466,1085.4067,1235.2419,1075.4375,50.0,True,THERMAL_RUNAWAY,HEALTHY,-1.12,0.87
DIG_LOT04_COMP1069,LOT_04,DIGITAL_IC,CQFP-64,DIG-SIH-2026,THERMAL_BURN_IN,T04_1069,PROC-ISRO-IISU-01,ATE-STATION-01,CHAMBER-01,1.0,125.0,5.0,168,IDDQ,ELECTRICAL,uA,1.4141,1091.4046,1091.4439,1091.5244,1089.9905,25.688,1.8451,11.939,0.006,0.0567,36.54,36.26,1.4141,1091.4046,1091.4439,1091.5244,1089.9905,50.0,False,NOMINAL,HEALTHY,31.51,-35.72
DIG_LOT04_COMP1070,LOT_04,DIGITAL_IC,CQFP-64,DIG-SIH-2026,THERMAL_BURN_IN,T04_1070,PROC-ISRO-IISU-01,ATE-STATION-01,CHAMBER-01,1.0,125.0,5.0,168,IDDQ,ELECTRICAL,uA,1.29,996.3314,996.3838,996.4346,995.0414,24.347,1.6396,13.073,-0.0369,0.01,36.79,37.26,1.29,996.3314,996.3838,996.4346,995.0414,50.0,False,NOMINAL,HEALTHY,-47.64,44.23
DIG_LOT04_COMP1071,LOT_04,DIGITAL_IC,CQFP-64,DIG-SIH-2026,THERMAL_BURN_IN,T04_1071,PROC-ISRO-IISU-01,ATE-STATION-01,CHAMBER-01,1.0,125.0,5.0,168,IDDQ,ELECTRICAL,uA,1.5404,1180.1859,1180.2846,1180.2855,1178.6455,23.579,2.2443,11.969,0.0121,0.0547,36.16,36.4,1.5404,1180.1859,1180.2846,1180.2855,1178.6455,50.0,False,NOMINAL,HEALTHY,-8.28,-33.26
DIG_LOT04_COMP1072,LOT_04,DIGITAL_IC,CQFP-64,DIG-SIH-2026,THERMAL_BURN_IN,T04_1072,PROC-ISRO-IISU-01,ATE-STATION-01,CHAMBER-01,1.0,125.0,5.0,168,IDDQ,ELECTRICAL,uA,1.13,879.4441,879.5356,879.557,878.3141,25.938,2.2857,12.856,-0.019,-0.101,35.24,35.05,1.13,879.4441,879.5356,879.557,878.3141,50.0,False,NOMINAL,HEALTHY,-42.81,19.65
DIG_LOT04_COMP1073,LOT_04,DIGITAL_IC,CQFP-64,DIG-SIH-2026,THERMAL_BURN_IN,T04_1073,PROC-ISRO-IISU-01,ATE-STATION-01,CHAMBER-01,1.0,125.0,5.0,168,IDDQ,ELECTRICAL,uA,1.2714,982.0054,982.074,982.0617,980.734,24.358,2.1604,12.271,-0.0169,-0.0041,34.63,34.53,1.2714,982.0054,982.074,982.0617,980.734,50.0,False,NOMINAL,HEALTHY,23.59,-3.95
DIG_LOT04_COMP1074,LOT_04,DIGITAL_IC,CQFP-64,DIG-SIH-2026,THERMAL_BURN_IN,T04_1074,PROC-ISRO-IISU-01,ATE-STATION-01,CHAMBER-01,1.0,125.0,5.0,168,IDDQ,ELECTRICAL,uA,1.4436,1110.6279,1110.7172,1110.7462,1109.1843,24.077,2.1965,12.912,0.019,-0.0171,33.78,34.3,1.4436,1110.6279,1110.7172,1110.7462,1109.1843,50.0,False,NOMINAL,HEALTHY,-49.56,26.33
DIG_LOT04_COMP1075,LOT_04,DIGITAL_IC,CQFP-64,DIG-SIH-2026,THERMAL_BURN_IN,T04_1075,PROC-ISRO-IISU-01,ATE-STATION-01,CHAMBER-01,1.0,125.0,5.0,168,IDDQ,ELECTRICAL,uA,1.3965,1082.4491,1082.5118,1082.5385,1081.0526,22.881,2.113,12.86,-0.0064,-0.0252,34.27,35.19,1.3965,1082.4491,1082.5118,1082.5385,1081.0526,50.0,False,NOMINAL,HEALTHY,-27.86,-36.01
DIG_LOT04_COMP1076,LOT_04,DIGITAL_IC,CQFP-64,DIG-SIH-2026,THERMAL_BURN_IN,T04_1076,PROC-ISRO-IISU-01,ATE-STATION-01,CHAMBER-01,1.0,125.0,5.0,168,IDDQ,ELECTRICAL,uA,1.4965,1155.6435,1155.7198,1155.7262,1154.147,24.806,1.9627,13.013,0.0196,-0.0195,35.83,35.66,1.4965,1155.6435,1155.7198,1155.7262,1154.147,50.0,False,NOMINAL,HEALTHY,23.81,-18.63
DIG_LOT04_COMP1077,LOT_04,DIGITAL_IC,CQFP-64,DIG-SIH-2026,THERMAL_BURN_IN,T04_1077,PROC-ISRO-IISU-01,ATE-STATION-01,CHAMBER-01,1.0,125.0,5.0,168,IDDQ,ELECTRICAL,uA,1.2771,981.2222,981.2652,981.3766,979.9451,26.044,1.7203,12.862,-0.0108,-0.0388,36.72,36.39,1.2771,981.2222,981.2652,981.3766,979.9451,50.0,False,NOMINAL,HEALTHY,-49.27,-8.22
DIG_LOT04_COMP1078,LOT_04,DIGITAL_IC,CQFP-64,DIG-SIH-2026,THERMAL_BURN_IN,T04_1078,PROC-ISRO-IISU-01,ATE-STATION-01,CHAMBER-01,1.0,125.0,5.0,168,IDDQ,ELECTRICAL,uA,1.1028,844.1644,844.2723,844.2965,843.0616,25.997,1.7376,12.04,-0.0027,-0.0511,35.62,35.61,1.1028,844.1644,844.2723,844.2965,843.0616,50.0,False,NOMINAL,HEALTHY,-8.03,1.08
DIG_LOT04_COMP1079,LOT_04,DIGITAL_IC,CQFP-64,DIG-SIH-2026,THERMAL_BURN_IN,T04_1079,PROC-ISRO-IISU-01,ATE-STATION-01,CHAMBER-01,1.0,125.0,5.0,168,IDDQ,ELECTRICAL,uA,1.3531,1038.0418,1038.1627,1038.1372,1036.6887,23.152,2.0091,12.502,-0.0061,-0.0403,34.18,34.31,1.3531,1038.0418,1038.1627,1038.1372,1036.6887,50.0,False,NOMINAL,HEALTHY,34.23,33.5
DIG_LOT04_COMP1080,LOT_04,DIGITAL_IC,CQFP-64,DIG-SIH-2026,THERMAL_BURN_IN,T04_1080,PROC-ISRO-IISU-01,ATE-STATION-01,CHAMBER-01,1.0,125.0,5.0,168,IDDQ,ELECTRICAL,uA,1.1326,872.6395,872.7167,872.7645,871.5069,24.948,2.2361,13.961,-0.0498,-0.0555,32.85,32.62,1.1326,872.6395,872.7167,872.7645,871.5069,50.0,False,NOMINAL,HEALTHY,34.5,41.48
DIG_LOT04_COMP1081,LOT_04,DIGITAL_IC,CQFP-64,DIG-SIH-2026,THERMAL_BURN_IN,T04_1081,PROC-ISRO-IISU-01,ATE-STATION-01,CHAMBER-01,1.0,125.0,5.0,168,IDDQ,ELECTRICAL,uA,1.181,908.7458,908.8078,908.8291,907.5648,25.238,1.8916,12.46,-0.0239,-0.0243,34.32,34.86,1.181,908.7458,908.8078,908.8291,907.5648,50.0,False,NOMINAL,HEALTHY,-6.07,45.53
DIG_LOT04_COMP1082,LOT_04,DIGITAL_IC,CQFP-64,DIG-SIH-2026,THERMAL_BURN_IN,T04_1082,PROC-ISRO-IISU-01,ATE-STATION-01,CHAMBER-01,1.0,125.0,5.0,168,IDDQ,ELECTRICAL,uA,1.3583,1042.9465,1043.0199,1043.0364,1041.5882,22.946,2.5322,11.297,-0.0471,-0.0252,33.71,34.04,1.3583,1042.9465,1043.0199,1043.0364,1041.5882,50.0,False,NOMINAL,HEALTHY,16.1,2.16
DIG_LOT04_COMP1083,LOT_04,DIGITAL_IC,CQFP-64,DIG-SIH-2026,THERMAL_BURN_IN,T04_1083,PROC-ISRO-IISU-01,ATE-STATION-01,CHAMBER-01,1.0,125.0,5.0,168,IDDQ,ELECTRICAL,uA,1.5615,1204.2048,1204.2884,1204.3283,1202.6433,24.794,1.4491,11.674,-0.0222,-0.0354,35.97,36.67,1.5615,1204.2048,1204.2884,1204.3283,1202.6433,50.0,False,NOMINAL,HEALTHY,-46.43,33.47
DIG_LOT04_COMP1084,LOT_04,DIGITAL_IC,CQFP-64,DIG-SIH-2026,THERMAL_BURN_IN,T04_1084,PROC-ISRO-IISU-01,ATE-STATION-01,CHAMBER-01,1.0,125.0,5.0,168,IDDQ,ELECTRICAL,uA,1.4872,1144.5547,1144.6003,1144.6406,1143.0675,25.228,2.5733,13.219,-0.0255,-0.0242,34.16,34.06,1.4872,1144.5547,1144.6003,1144.6406,1143.0675,50.0,False,NOMINAL,HEALTHY,21.71,13.5
DIG_LOT04_COMP1085,LOT_04,DIGITAL_IC,CQFP-64,DIG-SIH-2026,THERMAL_BURN_IN,T04_1085,PROC-ISRO-IISU-01,ATE-STATION-01,CHAMBER-01,1.0,125.0,5.0,168,IDDQ,ELECTRICAL,uA,1.3304,1013.6486,1013.731,1013.7475,1012.3182,22.745,1.3262,13.977,-0.0167,0.0143,34.57,34.62,1.3304,1013.6486,1013.731,1013.7475,1012.3182,50.0,False,NOMINAL,HEALTHY,-46.62,-8.64
DIG_LOT04_COMP1086,LOT_04,DIGITAL_IC,CQFP-64,DIG-SIH-2026,THERMAL_BURN_IN,T04_1086,PROC-ISRO-IISU-01,ATE-STATION-01,CHAMBER-01,1.0,125.0,5.0,168,IDDQ,ELECTRICAL,uA,1.4768,1143.0161,1143.1363,1143.1556,1141.5393,22.948,1.6757,12.269,0.0007,-0.0427,33.49,33.43,1.4768,1143.0161,1143.1363,1143.1556,1141.5393,50.0,False,NOMINAL,HEALTHY,16.77,-12.31
DIG_LOT04_COMP1087,LOT_04,DIGITAL_IC,CQFP-64,DIG-SIH-2026,THERMAL_BURN_IN,T04_1087,PROC-ISRO-IISU-01,ATE-STATION-01,CHAMBER-01,1.0,125.0,5.0,168,IDDQ,ELECTRICAL,uA,1.0753,843.3903,843.4239,843.5,842.315,22.807,1.6919,11.886,0.006,-0.0255,35.85,36.22,1.0753,843.3903,843.4239,843.5,842.315,50.0,False,NOMINAL,HEALTHY,11.24,-8.73
DIG_LOT04_COMP1088,LOT_04,DIGITAL_IC,CQFP-64,DIG-SIH-2026,THERMAL_BURN_IN,T04_1088,PROC-ISRO-IISU-01,ATE-STATION-01,CHAMBER-01,1.0,125.0,5.0,168,IDDQ,ELECTRICAL,uA,1.4007,1071.106,1071.1485,1071.2717,1069.7053,24.135,1.4332,13.7,-0.0333,0.0307,34.41,34.43,1.4007,1071.106,1071.1485,1071.2717,1069.7053,50.0,False,NOMINAL,HEALTHY,-16.86,20.77
DIG_LOT04_COMP1089,LOT_04,DIGITAL_IC,CQFP-64,DIG-SIH-2026,THERMAL_BURN_IN,T04_1089,PROC-ISRO-IISU-01,ATE-STATION-01,CHAMBER-01,1.0,125.0,5.0,168,IDDQ,ELECTRICAL,uA,1.0037,789.4675,789.5248,789.5784,788.4638,20.562,1.7379,12.678,0.0074,0.0389,35.85,36.09,1.0037,789.4675,789.5248,789.5784,788.4638,50.0,False,NOMINAL,HEALTHY,29.66,28.6
DIG_LOT04_COMP1090,LOT_04,DIGITAL_IC,CQFP-64,DIG-SIH-2026,THERMAL_BURN_IN,T04_1090,PROC-ISRO-IISU-01,ATE-STATION-01,CHAMBER-01,1.0,125.0,5.0,168,IDDQ,ELECTRICAL,uA,1.2184,944.6941,944.766,944.8129,943.4757,26.285,2.4616,13.354,0.0174,0.0124,34.75,34.76,1.2184,944.6941,944.766,944.8129,943.4757,50.0,False,NOMINAL,HEALTHY,21.47,28.67
DIG_LOT04_COMP1091,LOT_04,DIGITAL_IC,CQFP-64,DIG-SIH-2026,THERMAL_BURN_IN,T04_1091,PROC-ISRO-IISU-01,ATE-STATION-01,CHAMBER-01,1.0,125.0,5.0,168,IDDQ,ELECTRICAL,uA,1.2509,979.0745,979.0977,979.178,977.8236,25.665,2.0901,11.505,-0.0349,-0.0533,35.72,35.79,1.2509,979.0745,979.0977,979.178,977.8236,50.0,False,NOMINAL,HEALTHY,3.19,-30.6
DIG_LOT04_COMP1092,LOT_04,DIGITAL_IC,CQFP-64,DIG-SIH-2026,THERMAL_BURN_IN,T04_1092,PROC-ISRO-IISU-01,ATE-STATION-01,CHAMBER-01,1.0,125.0,5.0,168,IDDQ,ELECTRICAL,uA,1.7302,1323.3863,1323.4996,1323.5005,1321.6561,22.532,2.2369,13.132,0.0291,-0.0366,34.38,34.35,1.7302,1323.3863,1323.4996,1323.5005,1321.6561,50.0,False,NOMINAL,HEALTHY,-47.53,14.58
DIG_LOT04_COMP1093,LOT_04,DIGITAL_IC,CQFP-64,DIG-SIH-2026,THERMAL_BURN_IN,T04_1093,PROC-ISRO-IISU-01,ATE-STATION-01,CHAMBER-01,1.0,125.0,5.0,168,IDDQ,ELECTRICAL,uA,1.7443,1331.2509,1331.3447,1331.3684,1329.5066,25.138,2.3657,12.05,0.0151,0.0249,31.25,31.95,1.7443,1331.2509,1331.3447,1331.3684,1329.5066,50.0,False,NOMINAL,HEALTHY,24.01,24.58
DIG_LOT04_COMP1094,LOT_04,DIGITAL_IC,CQFP-64,DIG-SIH-2026,THERMAL_BURN_IN,T04_1094,PROC-ISRO-IISU-01,ATE-STATION-01,CHAMBER-01,1.0,125.0,5.0,168,IDDQ,ELECTRICAL,uA,1.2488,962.3602,962.3866,962.4833,961.1114,27.122,1.7776,10.66,-0.0093,0.0424,32.79,32.77,1.2488,962.3602,962.3866,962.4833,961.1114,50.0,False,NOMINAL,HEALTHY,-14.11,-0.4
DIG_LOT04_COMP1095,LOT_04,DIGITAL_IC,CQFP-64,DIG-SIH-2026,THERMAL_BURN_IN,T04_1095,PROC-ISRO-IISU-01,ATE-STATION-01,CHAMBER-01,1.0,125.0,5.0,168,IDDQ,ELECTRICAL,uA,1.2547,974.4838,974.5517,974.555,973.2291,24.066,2.0245,11.956,0.0051,-0.0578,36.61,36.83,1.2547,974.4838,974.5517,974.555,973.2291,50.0,False,NOMINAL,HEALTHY,46.11,-10.14
DIG_LOT04_COMP1096,LOT_04,DIGITAL_IC,CQFP-64,DIG-SIH-2026,THERMAL_BURN_IN,T04_1096,PROC-ISRO-IISU-01,ATE-STATION-01,CHAMBER-01,1.0,125.0,5.0,168,IDDQ,ELECTRICAL,uA,1.165,879.4156,879.4982,879.5743,878.2506,24.754,2.0317,12.564,-0.0129,0.0852,35.34,35.16,1.165,879.4156,879.4982,879.5743,878.2506,50.0,False,NOMINAL,HEALTHY,-32.79,48.63
DIG_LOT04_COMP1097,LOT_04,DIGITAL_IC,CQFP-64,DIG-SIH-2026,THERMAL_BURN_IN,T04_1097,PROC-ISRO-IISU-01,ATE-STATION-01,CHAMBER-01,1.0,125.0,5.0,168,IDDQ,ELECTRICAL,uA,1.2354,959.4881,959.5635,959.6088,958.2527,26.551,1.8959,11.158,-0.0323,-0.072,35.53,36.09,1.2354,959.4881,959.5635,959.6088,958.2527,50.0,False,NOMINAL,HEALTHY,14.97,8.06
DIG_LOT04_COMP1098,LOT_04,DIGITAL_IC,CQFP-64,DIG-SIH-2026,THERMAL_BURN_IN,T04_1098,PROC-ISRO-IISU-01,ATE-STATION-01,CHAMBER-01,1.0,125.0,5.0,168,IDDQ,ELECTRICAL,uA,1.125,859.0239,859.0783,859.1314,857.8989,28.453,1.3401,11.9,0.0312,-0.0693,32.18,31.32,1.125,859.0239,859.0783,859.1314,857.8989,50.0,False,NOMINAL,HEALTHY,-25.4,43.07
DIG_LOT04_COMP1099,LOT_04,DIGITAL_IC,CQFP-64,DIG-SIH-2026,THERMAL_BURN_IN,T04_1099,PROC-ISRO-IISU-01,ATE-STATION-01,CHAMBER-01,1.0,125.0,5.0,168,IDDQ,ELECTRICAL,uA,1.3899,1041.1189,1041.1527,1041.2414,1039.729,25.159,1.4378,11.465,0.012,-0.0466,35.57,36.36,1.3899,1041.1189,1041.1527,1041.2414,1039.729,50.0,False,NOMINAL,HEALTHY,5.16,39.87
DIG_LOT04_COMP1100,LOT_04,DIGITAL_IC,CQFP-64,DIG-SIH-2026,THERMAL_BURN_IN,T04_1100,PROC-ISRO-IISU-01,ATE-STATION-01,CHAMBER-01,1.0,125.0,5.0,168,IDDQ,ELECTRICAL,uA,1.0503,818.4047,826.9808,976.7702,817.3544,26.603,2.1319,10.994,0.016,-0.001,36.19,36.47,1.0503,818.4047,826.9808,976.7702,817.3544,50.0,True,THERMAL_RUNAWAY,HEALTHY,17.0,-13.82
DIG_LOT04_COMP1101,LOT_04,DIGITAL_IC,CQFP-64,DIG-SIH-2026,THERMAL_BURN_IN,T04_1101,PROC-ISRO-IISU-01,ATE-STATION-01,CHAMBER-01,1.0,125.0,5.0,168,IDDQ,ELECTRICAL,uA,1.3062,991.5145,991.5487,991.6048,990.2083,26.586,1.9082,12.136,-0.0086,-0.0282,33.96,33.81,1.3062,991.5145,991.5487,991.6048,990.2083,50.0,False,NOMINAL,HEALTHY,12.54,-21.43
DIG_LOT04_COMP1102,LOT_04,DIGITAL_IC,CQFP-64,DIG-SIH-2026,THERMAL_BURN_IN,T04_1102,PROC-ISRO-IISU-01,ATE-STATION-01,CHAMBER-01,1.0,125.0,5.0,168,IDDQ,ELECTRICAL,uA,1.5628,1199.6586,1199.819,1199.8584,1198.0958,24.219,1.8536,10.738,-0.0173,0.0154,36.02,35.63,1.5628,1199.6586,1199.819,1199.8584,1198.0958,50.0,False,NOMINAL,HEALTHY,6.84,-49.17
DIG_LOT04_COMP1103,LOT_04,DIGITAL_IC,CQFP-64,DIG-SIH-2026,THERMAL_BURN_IN,T04_1103,PROC-ISRO-IISU-01,ATE-STATION-01,CHAMBER-01,1.0,125.0,5.0,168,IDDQ,ELECTRICAL,uA,1.1078,857.9179,857.9768,857.9758,856.8101,27.319,1.9357,12.71,0.0251,0.0767,34.62,35.47,1.1078,857.9179,857.9768,857.9758,856.8101,50.0,False,NOMINAL,HEALTHY,12.87,-13.35
DIG_LOT04_COMP1104,LOT_04,DIGITAL_IC,CQFP-64,DIG-SIH-2026,THERMAL_BURN_IN,T04_1104,PROC-ISRO-IISU-01,ATE-STATION-01,CHAMBER-01,1.0,125.0,5.0,168,IDDQ,ELECTRICAL,uA,1.4242,1089.1295,1089.2341,1089.2443,1087.7053,23.064,1.8864,10.208,0.0097,-0.0398,37.04,37.27,1.4242,1089.1295,1089.2341,1089.2443,1087.7053,50.0,False,NOMINAL,HEALTHY,-30.21,-15.51
DIG_LOT04_COMP1105,LOT_04,DIGITAL_IC,CQFP-64,DIG-SIH-2026,THERMAL_BURN_IN,T04_1105,PROC-ISRO-IISU-01,ATE-STATION-01,CHAMBER-01,1.0,125.0,5.0,168,IDDQ,ELECTRICAL,uA,1.298,996.7041,996.7759,996.8483,995.4061,23.427,2.2195,11.595,-0.0064,0.0204,35.65,36.02,1.298,996.7041,996.7759,996.8483,995.4061,50.0,False,NOMINAL,HEALTHY,-2.38,29.16
DIG_LOT04_COMP1106,LOT_04,DIGITAL_IC,CQFP-64,DIG-SIH-2026,THERMAL_BURN_IN,T04_1106,PROC-ISRO-IISU-01,ATE-STATION-01,CHAMBER-01,1.0,125.0,5.0,168,IDDQ,ELECTRICAL,uA,1.2607,990.9528,991.0182,991.0465,989.6921,25.879,2.5177,13.934,-0.0077,0.0579,33.02,32.22,1.2607,990.9528,991.0182,991.0465,989.6921,50.0,False,NOMINAL,HEALTHY,25.52,-4.59
DIG_LOT04_COMP1107,LOT_04,DIGITAL_IC,CQFP-64,DIG-SIH-2026,THERMAL_BURN_IN,T04_1107,PROC-ISRO-IISU-01,ATE-STATION-01,CHAMBER-01,1.0,125.0,5.0,168,IDDQ,ELECTRICAL,uA,1.2208,938.8428,938.9551,938.9754,937.622,23.205,2.1379,11.77,0.0235,0.0777,35.67,35.2,1.2208,938.8428,938.9551,938.9754,937.622,50.0,False,NOMINAL,HEALTHY,11.12,49.43
DIG_LOT04_COMP1108,LOT_04,DIGITAL_IC,CQFP-64,DIG-SIH-2026,THERMAL_BURN_IN,T04_1108,PROC-ISRO-IISU-01,ATE-STATION-01,CHAMBER-01,1.0,125.0,5.0,168,IDDQ,ELECTRICAL,uA,1.1543,903.6717,903.7554,903.7732,902.5174,22.881,2.303,13.619,0.0255,-0.0056,37.45,37.16,1.1543,903.6717,903.7554,903.7732,902.5174,50.0,False,NOMINAL,HEALTHY,-22.28,32.6
DIG_LOT04_COMP1109,LOT_04,DIGITAL_IC,CQFP-64,DIG-SIH-2026,THERMAL_BURN_IN,T04_1109,PROC-ISRO-IISU-01,ATE-STATION-01,CHAMBER-01,1.0,125.0,5.0,168,IDDQ,ELECTRICAL,uA,1.4345,1094.3599,1094.4491,1094.5013,1092.9254,25.146,1.8204,12.166,-0.002,-0.031,35.49,36.94,1.4345,1094.3599,1094.4491,1094.5013,1092.9254,50.0,False,NOMINAL,HEALTHY,43.76,9.51
DIG_LOT04_COMP1110,LOT_04,DIGITAL_IC,CQFP-64,DIG-SIH-2026,THERMAL_BURN_IN,T04_1110,PROC-ISRO-IISU-01,ATE-STATION-01,CHAMBER-01,1.0,125.0,5.0,168,IDDQ,ELECTRICAL,uA,1.3436,1025.3451,1025.4113,1025.4721,1024.0015,25.185,2.422,11.141,0.0168,0.0444,34.37,34.57,1.3436,1025.3451,1025.4113,1025.4721,1024.0015,50.0,False,NOMINAL,HEALTHY,41.41,10.62
DIG_LOT04_COMP1111,LOT_04,DIGITAL_IC,CQFP-64,DIG-SIH-2026,THERMAL_BURN_IN,T04_1111,PROC-ISRO-IISU-01,ATE-STATION-01,CHAMBER-01,1.0,125.0,5.0,168,IDDQ,ELECTRICAL,uA,1.0672,838.8748,838.9222,838.958,837.8076,22.172,1.7833,13.451,0.0185,0.0035,38.37,38.64,1.0672,838.8748,838.9222,838.958,837.8076,50.0,False,NOMINAL,HEALTHY,-19.77,-47.49
DIG_LOT04_COMP1112,LOT_04,DIGITAL_IC,CQFP-64,DIG-SIH-2026,THERMAL_BURN_IN,T04_1112,PROC-ISRO-IISU-01,ATE-STATION-01,CHAMBER-01,1.0,125.0,5.0,168,IDDQ,ELECTRICAL,uA,0.9411,746.8884,746.9957,747.0421,745.9473,24.519,1.5497,13.504,0.018,0.0131,35.93,35.69,0.9411,746.8884,746.9957,747.0421,745.9473,50.0,False,NOMINAL,HEALTHY,38.83,-43.75
DIG_LOT04_COMP1113,LOT_04,DIGITAL_IC,CQFP-64,DIG-SIH-2026,THERMAL_BURN_IN,T04_1113,PROC-ISRO-IISU-01,ATE-STATION-01,CHAMBER-01,1.0,125.0,5.0,168,IDDQ,ELECTRICAL,uA,1.6091,1253.7099,1253.7708,1253.892,1252.1008,25.952,2.2828,13.009,-0.0044,-0.0403,33.98,34.43,1.6091,1253.7099,1253.7708,1253.892,1252.1008,50.0,False,NOMINAL,HEALTHY,-12.15,-7.94
DIG_LOT04_COMP1114,LOT_04,DIGITAL_IC,CQFP-64,DIG-SIH-2026,THERMAL_BURN_IN,T04_1114,PROC-ISRO-IISU-01,ATE-STATION-01,CHAMBER-01,1.0,125.0,5.0,168,IDDQ,ELECTRICAL,uA,1.4749,1137.8335,1137.9214,1137.9653,1136.3586,24.86,1.9457,12.964,-0.0087,0.0179,34.92,34.46,1.4749,1137.8335,1137.9214,1137.9653,1136.3586,50.0,False,NOMINAL,HEALTHY,-0.6,-27.6
DIG_LOT04_COMP1115,LOT_04,DIGITAL_IC,CQFP-64,DIG-SIH-2026,THERMAL_BURN_IN,T04_1115,PROC-ISRO-IISU-01,ATE-STATION-01,CHAMBER-01,1.0,125.0,5.0,168,IDDQ,ELECTRICAL,uA,1.1137,850.655,850.6874,850.7589,849.5413,26.619,1.2652,11.853,-0.0392,-0.0406,33.04,32.8,1.1137,850.655,850.6874,850.7589,849.5413,50.0,False,NOMINAL,HEALTHY,-49.77,-30.16
DIG_LOT04_COMP1116,LOT_04,DIGITAL_IC,CQFP-64,DIG-SIH-2026,THERMAL_BURN_IN,T04_1116,PROC-ISRO-IISU-01,ATE-STATION-01,CHAMBER-01,1.0,125.0,5.0,168,IDDQ,ELECTRICAL,uA,1.3372,1024.7476,1024.845,1024.8888,1023.4104,24.968,1.8037,13.545,-0.009,0.021,35.21,35.06,1.3372,1024.7476,1024.845,1024.8888,1023.4104,50.0,False,NOMINAL,HEALTHY,15.99,22.65
DIG_LOT04_COMP1117,LOT_04,DIGITAL_IC,CQFP-64,DIG-SIH-2026,THERMAL_BURN_IN,T04_1117,PROC-ISRO-IISU-01,ATE-STATION-01,CHAMBER-01,1.0,125.0,5.0,168,IDDQ,ELECTRICAL,uA,0.8898,706.0067,705.9701,706.0673,705.1169,22.794,1.9509,12.334,-0.0433,-0.0218,36.15,36.18,0.8898,706.0067,705.9701,706.0673,705.1169,50.0,False,NOMINAL,HEALTHY,1.69,4.03
DIG_LOT04_COMP1118,LOT_04,DIGITAL_IC,CQFP-64,DIG-SIH-2026,THERMAL_BURN_IN,T04_1118,PROC-ISRO-IISU-01,ATE-STATION-01,CHAMBER-01,1.0,125.0,5.0,168,IDDQ,ELECTRICAL,uA,1.1491,878.1121,878.193,878.2418,876.963,24.632,1.5512,12.39,-0.0055,0.0176,36.39,36.83,1.1491,878.1121,878.193,878.2418,876.963,50.0,False,NOMINAL,HEALTHY,20.61,46.69
DIG_LOT04_COMP1119,LOT_04,DIGITAL_IC,CQFP-64,DIG-SIH-2026,THERMAL_BURN_IN,T04_1119,PROC-ISRO-IISU-01,ATE-STATION-01,CHAMBER-01,1.0,125.0,5.0,168,IDDQ,ELECTRICAL,uA,1.3318,1038.0773,1038.1581,1038.2206,1036.7455,24.479,2.1553,11.262,0.0069,0.0215,37.28,37.36,1.3318,1038.0773,1038.1581,1038.2206,1036.7455,50.0,False,NOMINAL,HEALTHY,12.64,-47.69
DIG_LOT04_COMP1120,LOT_04,DIGITAL_IC,CQFP-64,DIG-SIH-2026,THERMAL_BURN_IN,T04_1120,PROC-ISRO-IISU-01,ATE-STATION-01,CHAMBER-01,1.0,125.0,5.0,168,IDDQ,ELECTRICAL,uA,1.4488,1115.7287,1115.8568,1115.8308,1114.2799,23.98,1.9876,12.896,-0.0193,-0.0528,34.65,34.16,1.4488,1115.7287,1115.8568,1115.8308,1114.2799,50.0,False,NOMINAL,HEALTHY,-49.2,-19.9
DIG_LOT04_COMP1121,LOT_04,DIGITAL_IC,CQFP-64,DIG-SIH-2026,THERMAL_BURN_IN,T04_1121,PROC-ISRO-IISU-01,ATE-STATION-01,CHAMBER-01,1.0,125.0,5.0,168,IDDQ,ELECTRICAL,uA,1.5297,1188.6464,1188.7269,1188.8018,1187.1167,24.306,1.9424,12.326,0.007,0.0829,33.57,33.08,1.5297,1188.6464,1188.7269,1188.8018,1187.1167,50.0,False,NOMINAL,HEALTHY,30.89,10.51
DIG_LOT04_COMP1122,LOT_04,DIGITAL_IC,CQFP-64,DIG-SIH-2026,THERMAL_BURN_IN,T04_1122,PROC-ISRO-IISU-01,ATE-STATION-01,CHAMBER-01,1.0,125.0,5.0,168,IDDQ,ELECTRICAL,uA,1.3234,1013.2043,1013.2626,1013.3545,1011.8809,23.425,2.1113,12.858,-0.0389,0.0492,34.77,33.7,1.3234,1013.2043,1013.2626,1013.3545,1011.8809,50.0,False,NOMINAL,HEALTHY,-9.18,-14.75
DIG_LOT04_COMP1123,LOT_04,DIGITAL_IC,CQFP-64,DIG-SIH-2026,THERMAL_BURN_IN,T04_1123,PROC-ISRO-IISU-01,ATE-STATION-01,CHAMBER-01,1.0,125.0,5.0,168,IDDQ,ELECTRICAL,uA,1.6036,1247.9616,1248.0852,1248.1401,1246.358,26.972,2.0443,12.68,-0.0058,-0.0311,34.71,34.31,1.6036,1247.9616,1248.0852,1248.1401,1246.358,50.0,False,NOMINAL,HEALTHY,49.69,-45.15
DIG_LOT04_COMP1124,LOT_04,DIGITAL_IC,CQFP-64,DIG-SIH-2026,THERMAL_BURN_IN,T04_1124,PROC-ISRO-IISU-01,ATE-STATION-01,CHAMBER-01,1.0,125.0,5.0,168,IDDQ,ELECTRICAL,uA,1.29,999.5328,999.6113,999.649,998.2428,23.706,2.1127,12.809,-0.0125,-0.0005,34.81,34.99,1.29,999.5328,999.6113,999.649,998.2428,50.0,False,NOMINAL,HEALTHY,28.01,35.25
DIG_LOT04_COMP1125,LOT_04,DIGITAL_IC,CQFP-64,DIG-SIH-2026,THERMAL_BURN_IN,T04_1125,PROC-ISRO-IISU-01,ATE-STATION-01,CHAMBER-01,1.0,125.0,5.0,168,IDDQ,ELECTRICAL,uA,1.2257,961.8416,961.9577,961.9976,960.6159,25.045,2.2496,11.109,-0.0109,0.0179,36.85,37.14,1.2257,961.8416,961.9577,961.9976,960.6159,50.0,False,NOMINAL,HEALTHY,-20.88,40.28
DIG_LOT04_COMP1126,LOT_04,DIGITAL_IC,CQFP-64,DIG-SIH-2026,THERMAL_BURN_IN,T04_1126,PROC-ISRO-IISU-01,ATE-STATION-01,CHAMBER-01,1.0,125.0,5.0,168,IDDQ,ELECTRICAL,uA,0.9676,765.8258,765.8507,765.8911,764.8582,26.35,1.9103,11.763,-0.0104,-0.0785,33.24,32.86,0.9676,765.8258,765.8507,765.8911,764.8582,50.0,False,NOMINAL,HEALTHY,31.75,27.42
DIG_LOT04_COMP1127,LOT_04,DIGITAL_IC,CQFP-64,DIG-SIH-2026,THERMAL_BURN_IN,T04_1127,PROC-ISRO-IISU-01,ATE-STATION-01,CHAMBER-01,1.0,125.0,5.0,168,IDDQ,ELECTRICAL,uA,1.2277,932.6506,932.7362,932.8245,931.4229,22.293,1.5717,12.333,0.0104,0.0273,37.68,38.28,1.2277,932.6506,932.7362,932.8245,931.4229,50.0,False,NOMINAL,HEALTHY,22.54,-6.73
DIG_LOT04_COMP1128,LOT_04,DIGITAL_IC,CQFP-64,DIG-SIH-2026,THERMAL_BURN_IN,T04_1128,PROC-ISRO-IISU-01,ATE-STATION-01,CHAMBER-01,1.0,125.0,5.0,168,IDDQ,ELECTRICAL,uA,1.3829,1068.218,1068.2458,1068.3474,1066.8351,25.974,1.7845,13.498,0.0034,0.0293,33.19,33.16,1.3829,1068.218,1068.2458,1068.3474,1066.8351,50.0,False,NOMINAL,HEALTHY,28.91,-39.87
DIG_LOT04_COMP1129,LOT_04,DIGITAL_IC,CQFP-64,DIG-SIH-2026,THERMAL_BURN_IN,T04_1129,PROC-ISRO-IISU-01,ATE-STATION-01,CHAMBER-01,1.0,125.0,5.0,168,IDDQ,ELECTRICAL,uA,1.0768,818.4179,818.5018,818.5006,817.3411,25.111,1.7373,11.451,-0.0047,0.0111,34.6,34.55,1.0768,818.4179,818.5018,818.5006,817.3411,50.0,False,NOMINAL,HEALTHY,8.41,-30.96
DIG_LOT04_COMP1130,LOT_04,DIGITAL_IC,CQFP-64,DIG-SIH-2026,THERMAL_BURN_IN,T04_1130,PROC-ISRO-IISU-01,ATE-STATION-01,CHAMBER-01,1.0,125.0,5.0,168,IDDQ,ELECTRICAL,uA,1.4351,1091.7539,1091.8723,1091.8785,1090.3188,23.096,2.362,12.761,-0.0059,-0.0416,34.83,34.14,1.4351,1091.7539,1091.8723,1091.8785,1090.3188,50.0,False,NOMINAL,HEALTHY,-33.11,-29.64
DIG_LOT04_COMP1131,LOT_04,DIGITAL_IC,CQFP-64,DIG-SIH-2026,THERMAL_BURN_IN,T04_1131,PROC-ISRO-IISU-01,ATE-STATION-01,CHAMBER-01,1.0,125.0,5.0,168,IDDQ,ELECTRICAL,uA,1.3683,1056.5145,1056.5776,1056.6292,1055.1462,23.696,1.7121,11.408,0.0128,0.0108,34.96,34.51,1.3683,1056.5145,1056.5776,1056.6292,1055.1462,50.0,False,NOMINAL,HEALTHY,-2.06,-30.53
DIG_LOT04_COMP1132,LOT_04,DIGITAL_IC,CQFP-64,DIG-SIH-2026,THERMAL_BURN_IN,T04_1132,PROC-ISRO-IISU-01,ATE-STATION-01,CHAMBER-01,1.0,125.0,5.0,168,IDDQ,ELECTRICAL,uA,1.0548,817.5405,817.5762,817.6188,816.4857,29.895,2.0801,12.091,-0.0738,-0.0661,35.59,35.5,1.0548,817.5405,817.5762,817.6188,816.4857,50.0,False,NOMINAL,HEALTHY,-15.17,19.34
DIG_LOT04_COMP1133,LOT_04,DIGITAL_IC,CQFP-64,DIG-SIH-2026,THERMAL_BURN_IN,T04_1133,PROC-ISRO-IISU-01,ATE-STATION-01,CHAMBER-01,1.0,125.0,5.0,168,IDDQ,ELECTRICAL,uA,1.2151,940.9751,941.0094,941.1149,939.76,26.318,2.464,12.764,0.0357,0.0849,34.71,33.65,1.2151,940.9751,941.0094,941.1149,939.76,50.0,False,NOMINAL,HEALTHY,33.38,7.82
DIG_LOT04_COMP1134,LOT_04,DIGITAL_IC,CQFP-64,DIG-SIH-2026,THERMAL_BURN_IN,T04_1134,PROC-ISRO-IISU-01,ATE-STATION-01,CHAMBER-01,1.0,125.0,5.0,168,IDDQ,ELECTRICAL,uA,1.5803,1202.0932,1202.1642,1202.2382,1200.5129,24.835,1.4782,12.948,-0.0208,-0.0343,36.18,36.63,1.5803,1202.0932,1202.1642,1202.2382,1200.5129,50.0,False,NOMINAL,HEALTHY,3.65,27.52
DIG_LOT04_COMP1135,LOT_04,DIGITAL_IC,CQFP-64,DIG-SIH-2026,THERMAL_BURN_IN,T04_1135,PROC-ISRO-IISU-01,ATE-STATION-01,CHAMBER-01,1.0,125.0,5.0,168,IDDQ,ELECTRICAL,uA,1.3311,1038.9588,1039.0693,1039.11,1037.6277,25.565,1.5759,14.402,-0.0077,-0.073,36.64,37.02,1.3311,1038.9588,1039.0693,1039.11,1037.6277,50.0,False,NOMINAL,HEALTHY,-20.71,-40.14
DIG_LOT04_COMP1136,LOT_04,DIGITAL_IC,CQFP-64,DIG-SIH-2026,THERMAL_BURN_IN,T04_1136,PROC-ISRO-IISU-01,ATE-STATION-01,CHAMBER-01,1.0,125.0,5.0,168,IDDQ,ELECTRICAL,uA,1.2882,980.2122,980.2956,980.3829,978.924,23.183,2.0102,11.772,0.0035,-0.0063,35.98,35.75,1.2882,980.2122,980.2956,980.3829,978.924,50.0,False,NOMINAL,HEALTHY,0.57,-7.44
DIG_LOT04_COMP1137,LOT_04,DIGITAL_IC,CQFP-64,DIG-SIH-2026,THERMAL_BURN_IN,T04_1137,PROC-ISRO-IISU-01,ATE-STATION-01,CHAMBER-01,1.0,125.0,5.0,168,IDDQ,ELECTRICAL,uA,1.2775,976.038,976.102,976.1001,974.7605,24.532,1.7257,12.663,0.0172,-0.0252,35.64,36.43,1.2775,976.038,976.102,976.1001,974.7605,50.0,False,NOMINAL,HEALTHY,30.92,30.23
DIG_LOT04_COMP1138,LOT_04,DIGITAL_IC,CQFP-64,DIG-SIH-2026,THERMAL_BURN_IN,T04_1138,PROC-ISRO-IISU-01,ATE-STATION-01,CHAMBER-01,1.0,125.0,5.0,168,IDDQ,ELECTRICAL,uA,1.3874,1082.7815,1082.857,1082.8757,1081.3941,26.209,1.6811,12.467,-0.0162,0.0313,36.12,35.22,1.3874,1082.7815,1082.857,1082.8757,1081.3941,50.0,False,NOMINAL,HEALTHY,47.53,1.11
DIG_LOT04_COMP1139,LOT_04,DIGITAL_IC,CQFP-64,DIG-SIH-2026,THERMAL_BURN_IN,T04_1139,PROC-ISRO-IISU-01,ATE-STATION-01,CHAMBER-01,1.0,125.0,5.0,168,IDDQ,ELECTRICAL,uA,1.2031,940.4344,940.4878,940.5528,939.2313,23.927,2.1432,12.53,-0.0026,-0.0109,35.59,35.46,1.2031,940.4344,940.4878,940.5528,939.2313,50.0,False,NOMINAL,HEALTHY,10.37,-35.64
DIG_LOT04_COMP1140,LOT_04,DIGITAL_IC,CQFP-64,DIG-SIH-2026,THERMAL_BURN_IN,T04_1140,PROC-ISRO-IISU-01,ATE-STATION-01,CHAMBER-01,1.0,125.0,5.0,168,IDDQ,ELECTRICAL,uA,1.1502,891.7774,891.8936,891.8869,890.6272,23.405,1.8608,12.259,0.0075,0.0057,38.82,38.28,1.1502,891.7774,891.8936,891.8869,890.6272,50.0,False,NOMINAL,HEALTHY,-34.51,-49.46
DIG_LOT04_COMP1141,LOT_04,DIGITAL_IC,CQFP-64,DIG-SIH-2026,THERMAL_BURN_IN,T04_1141,PROC-ISRO-IISU-01,ATE-STATION-01,CHAMBER-01,1.0,125.0,5.0,168,IDDQ,ELECTRICAL,uA,1.2483,979.1217,979.2608,979.2608,977.8734,23.853,1.8792,12.354,0.0304,0.0294,33.54,33.62,1.2483,979.1217,979.2608,979.2608,977.8734,50.0,False,NOMINAL,HEALTHY,3.97,-3.97
DIG_LOT04_COMP1142,LOT_04,DIGITAL_IC,CQFP-64,DIG-SIH-2026,THERMAL_BURN_IN,T04_1142,PROC-ISRO-IISU-01,ATE-STATION-01,CHAMBER-01,1.0,125.0,5.0,168,IDDQ,ELECTRICAL,uA,1.1205,873.9818,874.0426,874.0658,872.8613,20.981,1.796,11.523,-0.0085,0.0999,34.55,33.86,1.1205,873.9818,874.0426,874.0658,872.8613,50.0,False,NOMINAL,HEALTHY,14.27,46.68
DIG_LOT04_COMP1143,LOT_04,DIGITAL_IC,CQFP-64,DIG-SIH-2026,THERMAL_BURN_IN,T04_1143,PROC-ISRO-IISU-01,ATE-STATION-01,CHAMBER-01,1.0,125.0,5.0,168,IDDQ,ELECTRICAL,uA,1.4214,1099.826,1099.8729,1099.9312,1098.4046,24.138,1.9553,12.221,-0.015,-0.024,34.31,33.28,1.4214,1099.826,1099.8729,1099.9312,1098.4046,50.0,False,NOMINAL,HEALTHY,2.46,13.64
DIG_LOT04_COMP1144,LOT_04,DIGITAL_IC,CQFP-64,DIG-SIH-2026,THERMAL_BURN_IN,T04_1144,PROC-ISRO-IISU-01,ATE-STATION-01,CHAMBER-01,1.0,125.0,5.0,168,IDDQ,ELECTRICAL,uA,1.3996,1086.9319,1087.0326,1087.0075,1085.5323,24.713,1.7773,12.173,0.0142,0.0115,33.33,33.47,1.3996,1086.9319,1087.0326,1087.0075,1085.5323,50.0,False,NOMINAL,HEALTHY,-40.14,-28.13
DIG_LOT04_COMP1145,LOT_04,DIGITAL_IC,CQFP-64,DIG-SIH-2026,THERMAL_BURN_IN,T04_1145,PROC-ISRO-IISU-01,ATE-STATION-01,CHAMBER-01,1.0,125.0,5.0,168,IDDQ,ELECTRICAL,uA,1.0367,800.2562,800.331,800.2891,799.2195,26.822,1.411,13.038,0.0025,-0.0071,36.31,36.63,1.0367,800.2562,800.331,800.2891,799.2195,50.0,False,NOMINAL,HEALTHY,4.39,28.95
DIG_LOT04_COMP1146,LOT_04,DIGITAL_IC,CQFP-64,DIG-SIH-2026,THERMAL_BURN_IN,T04_1146,PROC-ISRO-IISU-01,ATE-STATION-01,CHAMBER-01,1.0,125.0,5.0,168,IDDQ,ELECTRICAL,uA,1.3533,1034.1255,1034.1735,1034.2461,1032.7722,26.175,2.1951,12.662,0.0514,0.0934,36.65,36.46,1.3533,1034.1255,1034.1735,1034.2461,1032.7722,50.0,False,NOMINAL,HEALTHY,-6.9,-27.67
DIG_LOT04_COMP1147,LOT_04,DIGITAL_IC,CQFP-64,DIG-SIH-2026,THERMAL_BURN_IN,T04_1147,PROC-ISRO-IISU-01,ATE-STATION-01,CHAMBER-01,1.0,125.0,5.0,168,IDDQ,ELECTRICAL,uA,1.606,1226.7576,1226.8202,1226.906,1225.1516,23.629,2.5554,13.235,0.0158,-0.0289,35.29,34.75,1.606,1226.7576,1226.8202,1226.906,1225.1516,50.0,False,NOMINAL,HEALTHY,-26.91,-30.0
DIG_LOT04_COMP1148,LOT_04,DIGITAL_IC,CQFP-64,DIG-SIH-2026,THERMAL_BURN_IN,T04_1148,PROC-ISRO-IISU-01,ATE-STATION-01,CHAMBER-01,1.0,125.0,5.0,168,IDDQ,ELECTRICAL,uA,1.2252,926.2104,926.2949,926.3078,924.9852,24.083,1.8258,12.097,0.0158,-0.0337,35.38,34.89,1.2252,926.2104,926.2949,926.3078,924.9852,50.0,False,NOMINAL,HEALTHY,-40.78,-40.67
DIG_LOT04_COMP1149,LOT_04,DIGITAL_IC,CQFP-64,DIG-SIH-2026,THERMAL_BURN_IN,T04_1149,PROC-ISRO-IISU-01,ATE-STATION-01,CHAMBER-01,1.0,125.0,5.0,168,IDDQ,ELECTRICAL,uA,1.4945,1152.5902,1152.6867,1152.7067,1151.0957,27.037,1.4747,10.683,-0.0066,0.0081,36.52,37.14,1.4945,1152.5902,1152.6867,1152.7067,1151.0957,50.0,False,NOMINAL,HEALTHY,-44.99,15.97
DIG_LOT04_COMP1150,LOT_04,DIGITAL_IC,CQFP-64,DIG-SIH-2026,THERMAL_BURN_IN,T04_1150,PROC-ISRO-IISU-01,ATE-STATION-01,CHAMBER-01,1.0,125.0,5.0,168,IDDQ,ELECTRICAL,uA,1.3275,1026.293,1026.327,1026.4605,1024.9655,22.672,1.551,12.342,0.0321,0.0474,36.18,36.05,1.3275,1026.293,1026.327,1026.4605,1024.9655,50.0,False,NOMINAL,HEALTHY,8.7,-7.06
DIG_LOT04_COMP1151,LOT_04,DIGITAL_IC,CQFP-64,DIG-SIH-2026,THERMAL_BURN_IN,T04_1151,PROC-ISRO-IISU-01,ATE-STATION-01,CHAMBER-01,1.0,125.0,5.0,168,IDDQ,ELECTRICAL,uA,1.4132,1094.7459,1094.8112,1094.8682,1093.3327,23.32,2.4034,11.881,0.0317,0.0835,34.95,34.79,1.4132,1094.7459,1094.8112,1094.8682,1093.3327,50.0,False,NOMINAL,HEALTHY,-15.64,5.01
DIG_LOT04_COMP1152,LOT_04,DIGITAL_IC,CQFP-64,DIG-SIH-2026,THERMAL_BURN_IN,T04_1152,PROC-ISRO-IISU-01,ATE-STATION-01,CHAMBER-01,1.0,125.0,5.0,168,IDDQ,ELECTRICAL,uA,1.492,1163.9749,1164.1354,1164.156,1162.4829,25.702,2.3701,11.939,-0.0009,-0.0587,35.12,34.79,1.492,1163.9749,1164.1354,1164.156,1162.4829,50.0,False,NOMINAL,HEALTHY,34.1,-20.27
DIG_LOT04_COMP1153,LOT_04,DIGITAL_IC,CQFP-64,DIG-SIH-2026,THERMAL_BURN_IN,T04_1153,PROC-ISRO-IISU-01,ATE-STATION-01,CHAMBER-01,1.0,125.0,5.0,168,IDDQ,ELECTRICAL,uA,1.2604,954.5675,954.652,954.721,953.3071,26.262,1.7342,11.32,-0.0358,-0.032,34.61,34.03,1.2604,954.5675,954.652,954.721,953.3071,50.0,False,NOMINAL,HEALTHY,-12.7,-17.7
DIG_LOT04_COMP1154,LOT_04,DIGITAL_IC,CQFP-64,DIG-SIH-2026,THERMAL_BURN_IN,T04_1154,PROC-ISRO-IISU-01,ATE-STATION-01,CHAMBER-01,1.0,125.0,5.0,168,IDDQ,ELECTRICAL,uA,0.9623,742.0755,742.1494,742.1883,741.1132,24.937,1.3207,11.83,0.0017,0.032,33.72,33.45,0.9623,742.0755,742.1494,742.1883,741.1132,50.0,False,NOMINAL,HEALTHY,16.03,18.64
DIG_LOT04_COMP1155,LOT_04,DIGITAL_IC,CQFP-64,DIG-SIH-2026,THERMAL_BURN_IN,T04_1155,PROC-ISRO-IISU-01,ATE-STATION-01,CHAMBER-01,1.0,125.0,5.0,168,IDDQ,ELECTRICAL,uA,1.6566,1267.3302,1267.4269,1267.5287,1265.6736,23.613,1.6501,13.61,-0.0047,-0.0256,33.06,32.43,1.6566,1267.3302,1267.4269,1267.5287,1265.6736,50.0,False,NOMINAL,HEALTHY,-23.51,45.86
DIG_LOT04_COMP1156,LOT_04,DIGITAL_IC,CQFP-64,DIG-SIH-2026,THERMAL_BURN_IN,T04_1156,PROC-ISRO-IISU-01,ATE-STATION-01,CHAMBER-01,1.0,125.0,5.0,168,IDDQ,ELECTRICAL,uA,1.2602,967.6914,967.7967,967.8542,966.4312,25.172,1.6734,12.637,0.0132,0.053,33.7,34.36,1.2602,967.6914,967.7967,967.8542,966.4312,50.0,False,NOMINAL,HEALTHY,-8.69,35.77
DIG_LOT04_COMP1157,LOT_04,DIGITAL_IC,CQFP-64,DIG-SIH-2026,THERMAL_BURN_IN,T04_1157,PROC-ISRO-IISU-01,ATE-STATION-01,CHAMBER-01,1.0,125.0,5.0,168,IDDQ,ELECTRICAL,uA,1.2738,976.5324,976.5694,976.6192,975.2586,24.719,1.9061,11.906,0.0069,-0.0598,36.08,36.35,1.2738,976.5324,976.5694,976.6192,975.2586,50.0,False,NOMINAL,HEALTHY,-1.34,-5.82
DIG_LOT04_COMP1158,LOT_04,DIGITAL_IC,CQFP-64,DIG-SIH-2026,THERMAL_BURN_IN,T04_1158,PROC-ISRO-IISU-01,ATE-STATION-01,CHAMBER-01,1.0,125.0,5.0,168,IDDQ,ELECTRICAL,uA,1.2115,929.9384,930.0046,930.0291,928.7269,25.262,1.7848,13.389,0.0223,0.0423,34.39,34.6,1.2115,929.9384,930.0046,930.0291,928.7269,50.0,False,NOMINAL,HEALTHY,-41.72,7.24
DIG_LOT04_COMP1159,LOT_04,DIGITAL_IC,CQFP-64,DIG-SIH-2026,THERMAL_BURN_IN,T04_1159,PROC-ISRO-IISU-01,ATE-STATION-01,CHAMBER-01,1.0,125.0,5.0,168,IDDQ,ELECTRICAL,uA,1.4441,1114.476,1114.6115,1114.6406,1113.0319,23.598,1.7632,13.663,-0.0159,-0.0215,34.97,35.32,1.4441,1114.476,1114.6115,1114.6406,1113.0319,50.0,False,NOMINAL,HEALTHY,32.1,22.72
DIG_LOT04_COMP1160,LOT_04,DIGITAL_IC,CQFP-64,DIG-SIH-2026,THERMAL_BURN_IN,T04_1160,PROC-ISRO-IISU-01,ATE-STATION-01,CHAMBER-01,1.0,125.0,5.0,168,IDDQ,ELECTRICAL,uA,1.3024,1015.8224,1015.9103,1015.9549,1014.52,23.466,2.0599,12.317,0.0097,-0.1189,36.69,37.57,1.3024,1015.8224,1015.9103,1015.9549,1014.52,50.0,False,NOMINAL,HEALTHY,-48.47,19.94
DIG_LOT04_COMP1161,LOT_04,DIGITAL_IC,CQFP-64,DIG-SIH-2026,THERMAL_BURN_IN,T04_1161,PROC-ISRO-IISU-01,ATE-STATION-01,CHAMBER-01,1.0,125.0,5.0,168,IDDQ,ELECTRICAL,uA,1.5083,1159.65,1159.6821,1159.7929,1158.1417,23.422,1.9259,12.696,-0.0152,-0.0754,34.08,34.32,1.5083,1159.65,1159.6821,1159.7929,1158.1417,50.0,False,NOMINAL,HEALTHY,1.98,41.16
DIG_LOT04_COMP1162,LOT_04,DIGITAL_IC,CQFP-64,DIG-SIH-2026,THERMAL_BURN_IN,T04_1162,PROC-ISRO-IISU-01,ATE-STATION-01,CHAMBER-01,1.0,125.0,5.0,168,IDDQ,ELECTRICAL,uA,1.1389,881.7501,881.8248,881.8821,880.6112,23.878,1.6656,12.142,-0.0485,-0.0804,33.87,33.07,1.1389,881.7501,881.8248,881.8821,880.6112,50.0,False,NOMINAL,HEALTHY,9.26,14.41
DIG_LOT04_COMP1163,LOT_04,DIGITAL_IC,CQFP-64,DIG-SIH-2026,THERMAL_BURN_IN,T04_1163,PROC-ISRO-IISU-01,ATE-STATION-01,CHAMBER-01,1.0,125.0,5.0,168,IDDQ,ELECTRICAL,uA,1.2903,990.7343,990.8078,990.8423,989.444,24.137,2.5772,12.266,0.0159,0.0608,34.38,34.62,1.2903,990.7343,990.8078,990.8423,989.444,50.0,False,NOMINAL,HEALTHY,-31.31,-34.36
DIG_LOT04_COMP1164,LOT_04,DIGITAL_IC,CQFP-64,DIG-SIH-2026,THERMAL_BURN_IN,T04_1164,PROC-ISRO-IISU-01,ATE-STATION-01,CHAMBER-01,1.0,125.0,5.0,168,IDDQ,ELECTRICAL,uA,1.3949,1073.0924,1073.1793,1073.2358,1071.6975,25.1,2.3203,12.552,-0.0003,0.009,34.98,35.27,1.3949,1073.0924,1073.1793,1073.2358,1071.6975,50.0,False,NOMINAL,HEALTHY,2.32,-1.1
DIG_LOT04_COMP1165,LOT_04,DIGITAL_IC,CQFP-64,DIG-SIH-2026,THERMAL_BURN_IN,T04_1165,PROC-ISRO-IISU-01,ATE-STATION-01,CHAMBER-01,1.0,125.0,5.0,168,IDDQ,ELECTRICAL,uA,1.2947,992.3703,992.4415,992.4623,991.0756,26.561,1.8027,12.344,-0.0008,0.0355,35.72,34.98,1.2947,992.3703,992.4415,992.4623,991.0756,50.0,False,NOMINAL,HEALTHY,29.18,38.77
DIG_LOT04_COMP1166,LOT_04,DIGITAL_IC,CQFP-64,DIG-SIH-2026,THERMAL_BURN_IN,T04_1166,PROC-ISRO-IISU-01,ATE-STATION-01,CHAMBER-01,1.0,125.0,5.0,168,IDDQ,ELECTRICAL,uA,1.4396,1113.5192,1113.547,1113.7055,1112.0796,25.784,2.4477,13.208,-0.0069,-0.065,36.29,36.14,1.4396,1113.5192,1113.547,1113.7055,1112.0796,50.0,False,NOMINAL,HEALTHY,-48.04,-25.0
DIG_LOT04_COMP1167,LOT_04,DIGITAL_IC,CQFP-64,DIG-SIH-2026,THERMAL_BURN_IN,T04_1167,PROC-ISRO-IISU-01,ATE-STATION-01,CHAMBER-01,1.0,125.0,5.0,168,IDDQ,ELECTRICAL,uA,1.3369,1026.2775,1026.3357,1026.3941,1024.9406,25.296,2.3452,12.141,0.0009,0.0051,35.08,34.9,1.3369,1026.2775,1026.3357,1026.3941,1024.9406,50.0,False,NOMINAL,HEALTHY,11.88,-20.24
DIG_LOT04_COMP1168,LOT_04,DIGITAL_IC,CQFP-64,DIG-SIH-2026,THERMAL_BURN_IN,T04_1168,PROC-ISRO-IISU-01,ATE-STATION-01,CHAMBER-01,1.0,125.0,5.0,168,IDDQ,ELECTRICAL,uA,1.6788,1293.3473,1293.4113,1293.4752,1291.6685,25.508,2.1125,12.368,-0.0018,-0.0119,34.96,34.69,1.6788,1293.3473,1293.4113,1293.4752,1291.6685,50.0,False,NOMINAL,HEALTHY,-27.21,39.64
DIG_LOT04_COMP1169,LOT_04,DIGITAL_IC,CQFP-64,DIG-SIH-2026,THERMAL_BURN_IN,T04_1169,PROC-ISRO-IISU-01,ATE-STATION-01,CHAMBER-01,1.0,125.0,5.0,168,IDDQ,ELECTRICAL,uA,1.1896,897.2318,897.3139,897.3556,896.0422,22.269,2.3012,11.576,-0.0171,-0.0309,32.81,31.88,1.1896,897.2318,897.3139,897.3556,896.0422,50.0,False,NOMINAL,HEALTHY,-26.71,-35.18
DIG_LOT04_COMP1170,LOT_04,DIGITAL_IC,CQFP-64,DIG-SIH-2026,THERMAL_BURN_IN,T04_1170,PROC-ISRO-IISU-01,ATE-STATION-01,CHAMBER-01,1.0,125.0,5.0,168,IDDQ,ELECTRICAL,uA,1.1397,872.7465,872.7506,872.7772,871.6068,22.454,1.9082,14.413,0.0128,0.0077,35.1,35.92,1.1397,872.7465,872.7506,872.7772,871.6068,50.0,False,NOMINAL,HEALTHY,-23.34,39.6
DIG_LOT04_COMP1171,LOT_04,DIGITAL_IC,CQFP-64,DIG-SIH-2026,THERMAL_BURN_IN,T04_1171,PROC-ISRO-IISU-01,ATE-STATION-01,CHAMBER-01,1.0,125.0,5.0,168,IDDQ,ELECTRICAL,uA,1.3684,1059.3021,1067.8477,1217.6575,1057.9337,24.503,2.0927,13.417,-0.0209,-0.0188,34.67,35.29,1.3684,1059.3021,1067.8477,1217.6575,1057.9337,50.0,True,THERMAL_RUNAWAY,HEALTHY,39.18,-19.94
DIG_LOT04_COMP1172,LOT_04,DIGITAL_IC,CQFP-64,DIG-SIH-2026,THERMAL_BURN_IN,T04_1172,PROC-ISRO-IISU-01,ATE-STATION-01,CHAMBER-01,1.0,125.0,5.0,168,IDDQ,ELECTRICAL,uA,1.3148,975.6727,975.8059,975.8095,974.3579,25.279,2.2043,13.363,-0.0231,-0.0267,34.98,34.97,1.3148,975.6727,975.8059,975.8095,974.3579,50.0,False,NOMINAL,HEALTHY,37.13,-41.15
DIG_LOT04_COMP1173,LOT_04,DIGITAL_IC,CQFP-64,DIG-SIH-2026,THERMAL_BURN_IN,T04_1173,PROC-ISRO-IISU-01,ATE-STATION-01,CHAMBER-01,1.0,125.0,5.0,168,IDDQ,ELECTRICAL,uA,1.1313,860.0355,860.0978,860.1558,858.9042,26.461,1.9774,13.109,0.0204,-0.0233,35.31,34.75,1.1313,860.0355,860.0978,860.1558,858.9042,50.0,False,NOMINAL,HEALTHY,-42.56,5.89
DIG_LOT04_COMP1174,LOT_04,DIGITAL_IC,CQFP-64,DIG-SIH-2026,THERMAL_BURN_IN,T04_1174,PROC-ISRO-IISU-01,ATE-STATION-01,CHAMBER-01,1.0,125.0,5.0,168,IDDQ,ELECTRICAL,uA,1.3879,1075.7341,1075.7797,1075.843,1074.3462,23.917,1.8971,12.251,0.0236,0.0831,33.46,33.87,1.3879,1075.7341,1075.7797,1075.843,1074.3462,50.0,False,NOMINAL,HEALTHY,-31.87,8.68
DIG_LOT04_COMP1175,LOT_04,DIGITAL_IC,CQFP-64,DIG-SIH-2026,THERMAL_BURN_IN,T04_1175,PROC-ISRO-IISU-01,ATE-STATION-01,CHAMBER-01,1.0,125.0,5.0,168,IDDQ,ELECTRICAL,uA,1.6936,1278.4612,1278.6107,1278.5817,1276.7676,23.779,1.9406,12.557,0.0208,-0.0066,35.23,34.9,1.6936,1278.4612,1278.6107,1278.5817,1276.7676,50.0,False,NOMINAL,HEALTHY,-24.26,-39.65
DIG_LOT04_COMP1176,LOT_04,DIGITAL_IC,CQFP-64,DIG-SIH-2026,THERMAL_BURN_IN,T04_1176,PROC-ISRO-IISU-01,ATE-STATION-01,CHAMBER-01,1.0,125.0,5.0,168,IDDQ,ELECTRICAL,uA,1.5362,1177.1577,1177.2803,1177.2937,1175.6215,23.722,1.8679,12.712,-0.0227,0.0286,37.12,36.98,1.5362,1177.1577,1177.2803,1177.2937,1175.6215,50.0,False,NOMINAL,HEALTHY,-12.04,3.14
DIG_LOT04_COMP1177,LOT_04,DIGITAL_IC,CQFP-64,DIG-SIH-2026,THERMAL_BURN_IN,T04_1177,PROC-ISRO-IISU-01,ATE-STATION-01,CHAMBER-01,1.0,125.0,5.0,168,IDDQ,ELECTRICAL,uA,1.4763,1141.6969,1141.7411,1141.8223,1140.2206,23.45,1.7719,12.443,-0.0004,-0.0421,36.08,36.57,1.4763,1141.6969,1141.7411,1141.8223,1140.2206,50.0,False,NOMINAL,HEALTHY,38.57,33.84
DIG_LOT04_COMP1178,LOT_04,DIGITAL_IC,CQFP-64,DIG-SIH-2026,THERMAL_BURN_IN,T04_1178,PROC-ISRO-IISU-01,ATE-STATION-01,CHAMBER-01,1.0,125.0,5.0,168,IDDQ,ELECTRICAL,uA,1.6342,1253.6698,1253.7282,1253.7637,1252.0356,25.573,1.4653,12.402,0.0046,0.1087,35.21,35.22,1.6342,1253.6698,1253.7282,1253.7637,1252.0356,50.0,False,NOMINAL,HEALTHY,-43.27,-37.8
DIG_LOT04_COMP1179,LOT_04,DIGITAL_IC,CQFP-64,DIG-SIH-2026,THERMAL_BURN_IN,T04_1179,PROC-ISRO-IISU-01,ATE-STATION-01,CHAMBER-01,1.0,125.0,5.0,168,IDDQ,ELECTRICAL,uA,0.9913,784.1824,784.2493,784.2782,783.1911,25.71,2.1632,13.347,0.018,0.0499,34.55,33.62,0.9913,784.1824,784.2493,784.2782,783.1911,50.0,False,NOMINAL,HEALTHY,-43.57,19.67
DIG_LOT04_COMP1180,LOT_04,DIGITAL_IC,CQFP-64,DIG-SIH-2026,THERMAL_BURN_IN,T04_1180,PROC-ISRO-IISU-01,ATE-STATION-01,CHAMBER-01,1.0,125.0,5.0,168,IDDQ,ELECTRICAL,uA,1.3243,1027.0661,1027.2155,1027.1979,1025.7418,25.507,1.6891,10.946,-0.0023,0.0331,32.96,33.24,1.3243,1027.0661,1027.2155,1027.1979,1025.7418,50.0,False,NOMINAL,HEALTHY,32.55,-18.11
DIG_LOT04_COMP1181,LOT_04,DIGITAL_IC,CQFP-64,DIG-SIH-2026,THERMAL_BURN_IN,T04_1181,PROC-ISRO-IISU-01,ATE-STATION-01,CHAMBER-01,1.0,125.0,5.0,168,IDDQ,ELECTRICAL,uA,1.201,928.9618,929.0345,929.1305,927.7608,24.514,1.9979,12.133,0.0073,0.0396,35.34,35.42,1.201,928.9618,929.0345,929.1305,927.7608,50.0,False,NOMINAL,HEALTHY,0.17,-0.39
DIG_LOT04_COMP1182,LOT_04,DIGITAL_IC,CQFP-64,DIG-SIH-2026,THERMAL_BURN_IN,T04_1182,PROC-ISRO-IISU-01,ATE-STATION-01,CHAMBER-01,1.0,125.0,5.0,168,IDDQ,ELECTRICAL,uA,1.254,960.4636,960.5198,960.6264,959.2096,26.22,1.702,13.074,-0.0024,0.0205,35.79,35.08,1.254,960.4636,960.5198,960.6264,959.2096,50.0,False,NOMINAL,HEALTHY,23.87,-44.65
DIG_LOT04_COMP1183,LOT_04,DIGITAL_IC,CQFP-64,DIG-SIH-2026,THERMAL_BURN_IN,T04_1183,PROC-ISRO-IISU-01,ATE-STATION-01,CHAMBER-01,1.0,125.0,5.0,168,IDDQ,ELECTRICAL,uA,1.0363,824.6199,824.7059,824.7644,823.5836,25.152,2.2033,12.476,-0.0141,-0.0312,37.34,37.1,1.0363,824.6199,824.7059,824.7644,823.5836,50.0,False,NOMINAL,HEALTHY,-10.44,-2.68
DIG_LOT04_COMP1184,LOT_04,DIGITAL_IC,CQFP-64,DIG-SIH-2026,THERMAL_BURN_IN,T04_1184,PROC-ISRO-IISU-01,ATE-STATION-01,CHAMBER-01,1.0,125.0,5.0,168,IDDQ,ELECTRICAL,uA,1.371,1064.2748,1064.3333,1064.4009,1062.9038,27.106,1.8314,11.923,-0.0087,0.0555,32.78,32.98,1.371,1064.2748,1064.3333,1064.4009,1062.9038,50.0,False,NOMINAL,HEALTHY,18.44,23.99
DIG_LOT04_COMP1185,LOT_04,DIGITAL_IC,CQFP-64,DIG-SIH-2026,THERMAL_BURN_IN,T04_1185,PROC-ISRO-IISU-01,ATE-STATION-01,CHAMBER-01,1.0,125.0,5.0,168,IDDQ,ELECTRICAL,uA,1.4454,1114.088,1114.1707,1114.2146,1112.6426,24.555,2.1069,12.578,0.0004,0.0362,34.13,34.41,1.4454,1114.088,1114.1707,1114.2146,1112.6426,50.0,False,NOMINAL,HEALTHY,-37.64,41.33
DIG_LOT04_COMP1186,LOT_04,DIGITAL_IC,CQFP-64,DIG-SIH-2026,THERMAL_BURN_IN,T04_1186,PROC-ISRO-IISU-01,ATE-STATION-01,CHAMBER-01,1.0,125.0,5.0,168,IDDQ,ELECTRICAL,uA,1.25,954.7015,954.7211,954.8069,953.4515,23.907,1.8233,12.998,-0.0229,0.0048,36.99,37.3,1.25,954.7015,954.7211,954.8069,953.4515,50.0,False,NOMINAL,HEALTHY,-4.0,-21.68
DIG_LOT04_COMP1187,LOT_04,DIGITAL_IC,CQFP-64,DIG-SIH-2026,THERMAL_BURN_IN,T04_1187,PROC-ISRO-IISU-01,ATE-STATION-01,CHAMBER-01,1.0,125.0,5.0,168,IDDQ,ELECTRICAL,uA,1.1667,907.0264,907.0976,907.1149,905.8597,25.361,1.7342,10.885,0.0006,-0.0414,34.4,34.28,1.1667,907.0264,907.0976,907.1149,905.8597,50.0,False,NOMINAL,HEALTHY,-3.44,28.29
DIG_LOT04_COMP1188,LOT_04,DIGITAL_IC,CQFP-64,DIG-SIH-2026,THERMAL_BURN_IN,T04_1188,PROC-ISRO-IISU-01,ATE-STATION-01,CHAMBER-01,1.0,125.0,5.0,168,IDDQ,ELECTRICAL,uA,1.0569,811.6242,811.7187,811.7462,810.5673,23.674,1.7992,13.26,-0.0033,-0.012,34.59,33.54,1.0569,811.6242,811.7187,811.7462,810.5673,50.0,False,NOMINAL,HEALTHY,40.67,-35.38
DIG_LOT04_COMP1189,LOT_04,DIGITAL_IC,CQFP-64,DIG-SIH-2026,THERMAL_BURN_IN,T04_1189,PROC-ISRO-IISU-01,ATE-STATION-01,CHAMBER-01,1.0,125.0,5.0,168,IDDQ,ELECTRICAL,uA,1.207,936.6237,936.7189,936.7315,935.4167,25.484,2.0539,13.181,0.0281,0.1407,33.71,34.42,1.207,936.6237,936.7189,936.7315,935.4167,50.0,False,NOMINAL,HEALTHY,19.52,-24.7
DIG_LOT04_COMP1190,LOT_04,DIGITAL_IC,CQFP-64,DIG-SIH-2026,THERMAL_BURN_IN,T04_1190,PROC-ISRO-IISU-01,ATE-STATION-01,CHAMBER-01,1.0,125.0,5.0,168,IDDQ,ELECTRICAL,uA,1.1854,912.2084,912.2873,912.3372,911.023,27.044,1.7709,12.979,-0.0078,0.0277,33.08,32.54,1.1854,912.2084,912.2873,912.3372,911.023,50.0,False,NOMINAL,HEALTHY,49.28,-32.77
DIG_LOT04_COMP1191,LOT_04,DIGITAL_IC,CQFP-64,DIG-SIH-2026,THERMAL_BURN_IN,T04_1191,PROC-ISRO-IISU-01,ATE-STATION-01,CHAMBER-01,1.0,125.0,5.0,168,IDDQ,ELECTRICAL,uA,1.4274,1076.3822,1076.3921,1076.4435,1074.9548,24.537,1.6315,12.39,-0.0168,-0.0767,35.0,34.82,1.4274,1076.3822,1076.3921,1076.4435,1074.9548,50.0,False,NOMINAL,HEALTHY,26.7,15.19
DIG_LOT04_COMP1192,LOT_04,DIGITAL_IC,CQFP-64,DIG-SIH-2026,THERMAL_BURN_IN,T04_1192,PROC-ISRO-IISU-01,ATE-STATION-01,CHAMBER-01,1.0,125.0,5.0,168,IDDQ,ELECTRICAL,uA,1.362,1053.9984,1054.0733,1054.1221,1052.6364,24.861,1.7951,13.34,-0.0246,-0.0777,36.44,36.89,1.362,1053.9984,1054.0733,1054.1221,1052.6364,50.0,False,NOMINAL,HEALTHY,14.89,-29.14
DIG_LOT04_COMP1193,LOT_04,DIGITAL_IC,CQFP-64,DIG-SIH-2026,THERMAL_BURN_IN,T04_1193,PROC-ISRO-IISU-01,ATE-STATION-01,CHAMBER-01,1.0,125.0,5.0,168,IDDQ,ELECTRICAL,uA,1.4539,1124.3527,1124.4143,1124.4545,1122.8988,25.812,1.721,12.526,-0.0131,0.0143,36.24,36.36,1.4539,1124.3527,1124.4143,1124.4545,1122.8988,50.0,False,NOMINAL,HEALTHY,-12.86,-36.37
DIG_LOT04_COMP1194,LOT_04,DIGITAL_IC,CQFP-64,DIG-SIH-2026,THERMAL_BURN_IN,T04_1194,PROC-ISRO-IISU-01,ATE-STATION-01,CHAMBER-01,1.0,125.0,5.0,168,IDDQ,ELECTRICAL,uA,1.2788,977.4535,977.4883,977.5324,976.1747,25.362,1.7739,12.922,-0.0195,-0.0184,33.47,32.95,1.2788,977.4535,977.4883,977.5324,976.1747,50.0,False,NOMINAL,HEALTHY,32.06,-16.36
DIG_LOT04_COMP1195,LOT_04,DIGITAL_IC,CQFP-64,DIG-SIH-2026,THERMAL_BURN_IN,T04_1195,PROC-ISRO-IISU-01,ATE-STATION-01,CHAMBER-01,1.0,125.0,5.0,168,IDDQ,ELECTRICAL,uA,1.3636,1028.8838,1028.96,1029.0411,1027.5202,23.185,1.9895,11.332,-0.0274,-0.0685,34.63,34.71,1.3636,1028.8838,1028.96,1029.0411,1027.5202,50.0,False,NOMINAL,HEALTHY,-48.98,-35.81
DIG_LOT04_COMP1196,LOT_04,DIGITAL_IC,CQFP-64,DIG-SIH-2026,THERMAL_BURN_IN,T04_1196,PROC-ISRO-IISU-01,ATE-STATION-01,CHAMBER-01,1.0,125.0,5.0,168,IDDQ,ELECTRICAL,uA,1.2959,989.2038,989.2975,989.3842,987.9079,25.166,1.7057,12.39,-0.0153,-0.0594,34.71,35.83,1.2959,989.2038,989.2975,989.3842,987.9079,50.0,False,NOMINAL,HEALTHY,35.31,21.58
DIG_LOT04_COMP1197,LOT_04,DIGITAL_IC,CQFP-64,DIG-SIH-2026,THERMAL_BURN_IN,T04_1197,PROC-ISRO-IISU-01,ATE-STATION-01,CHAMBER-01,1.0,125.0,5.0,168,IDDQ,ELECTRICAL,uA,1.5511,1187.8338,1187.9529,1188.0042,1186.2827,21.517,2.2474,13.562,-0.03,0.045,34.48,34.43,1.5511,1187.8338,1187.9529,1188.0042,1186.2827,50.0,False,NOMINAL,HEALTHY,9.77,-19.11
DIG_LOT04_COMP1198,LOT_04,DIGITAL_IC,CQFP-64,DIG-SIH-2026,THERMAL_BURN_IN,T04_1198,PROC-ISRO-IISU-01,ATE-STATION-01,CHAMBER-01,1.0,125.0,5.0,168,IDDQ,ELECTRICAL,uA,1.5235,1174.9274,1175.0186,1175.0511,1173.4039,25.266,1.66,13.323,-0.0244,0.0164,33.32,33.56,1.5235,1174.9274,1175.0186,1175.0511,1173.4039,50.0,False,NOMINAL,HEALTHY,-7.74,-24.58
DIG_LOT04_COMP1199,LOT_04,DIGITAL_IC,CQFP-64,DIG-SIH-2026,THERMAL_BURN_IN,T04_1199,PROC-ISRO-IISU-01,ATE-STATION-01,CHAMBER-01,1.0,125.0,5.0,168,IDDQ,ELECTRICAL,uA,1.2785,971.4051,971.5068,971.4753,970.1266,24.52,1.9426,12.784,-0.0251,0.0034,34.17,34.47,1.2785,971.4051,971.5068,971.4753,970.1266,50.0,False,NOMINAL,HEALTHY,-34.72,35.17
DIG_LOT04_COMP1200,LOT_04,DIGITAL_IC,CQFP-64,DIG-SIH-2026,THERMAL_BURN_IN,T04_1200,PROC-ISRO-IISU-01,ATE-STATION-01,CHAMBER-01,1.0,125.0,5.0,168,IDDQ,ELECTRICAL,uA,0.9846,764.7958,764.8421,764.8911,763.8112,24.109,1.421,10.796,-0.0134,-0.0812,35.19,35.3,0.9846,764.7958,764.8421,764.8911,763.8112,50.0,False,NOMINAL,HEALTHY,38.99,-24.69
DIG_LOT04_COMP1201,LOT_04,DIGITAL_IC,CQFP-64,DIG-SIH-2026,THERMAL_BURN_IN,T04_1201,PROC-ISRO-IISU-01,ATE-STATION-01,CHAMBER-01,1.0,125.0,5.0,168,IDDQ,ELECTRICAL,uA,1.1975,917.5353,917.6244,917.647,916.3378,27.056,2.4461,11.902,-0.0118,0.0594,33.8,33.66,1.1975,917.5353,917.6244,917.647,916.3378,50.0,False,NOMINAL,HEALTHY,13.68,-18.29
DIG_LOT04_COMP1202,LOT_04,DIGITAL_IC,CQFP-64,DIG-SIH-2026,THERMAL_BURN_IN,T04_1202,PROC-ISRO-IISU-01,ATE-STATION-01,CHAMBER-01,1.0,125.0,5.0,168,IDDQ,ELECTRICAL,uA,1.0598,820.9094,820.9499,821.0402,819.8496,25.504,1.6382,12.629,-0.0059,0.0388,37.49,37.52,1.0598,820.9094,820.9499,821.0402,819.8496,50.0,False,NOMINAL,HEALTHY,-13.75,-16.01
DIG_LOT04_COMP1203,LOT_04,DIGITAL_IC,CQFP-64,DIG-SIH-2026,THERMAL_BURN_IN,T04_1203,PROC-ISRO-IISU-01,ATE-STATION-01,CHAMBER-01,1.0,125.0,5.0,168,IDDQ,ELECTRICAL,uA,1.2994,993.2771,993.4106,993.4604,991.9777,24.378,2.0786,10.868,-0.0367,-0.0887,35.29,35.02,1.2994,993.2771,993.4106,993.4604,991.9777,50.0,False,NOMINAL,HEALTHY,19.51,-24.46
DIG_LOT04_COMP1204,LOT_04,DIGITAL_IC,CQFP-64,DIG-SIH-2026,THERMAL_BURN_IN,T04_1204,PROC-ISRO-IISU-01,ATE-STATION-01,CHAMBER-01,1.0,125.0,5.0,168,IDDQ,ELECTRICAL,uA,1.5851,1223.2313,1223.3406,1223.4144,1221.6462,25.674,1.9132,12.371,-0.0091,-0.0403,34.62,35.19,1.5851,1223.2313,1223.3406,1223.4144,1221.6462,50.0,False,NOMINAL,HEALTHY,10.59,39.1
DIG_LOT04_COMP1205,LOT_04,DIGITAL_IC,CQFP-64,DIG-SIH-2026,THERMAL_BURN_IN,T04_1205,PROC-ISRO-IISU-01,ATE-STATION-01,CHAMBER-01,1.0,125.0,5.0,168,IDDQ,ELECTRICAL,uA,1.4116,1087.8573,1087.945,1087.9974,1086.4457,26.004,1.9882,13.16,0.0068,0.0558,35.66,35.06,1.4116,1087.8573,1087.945,1087.9974,1086.4457,50.0,False,NOMINAL,HEALTHY,41.81,-34.92
DIG_LOT04_COMP1206,LOT_04,DIGITAL_IC,CQFP-64,DIG-SIH-2026,THERMAL_BURN_IN,T04_1206,PROC-ISRO-IISU-01,ATE-STATION-01,CHAMBER-01,1.0,125.0,5.0,168,IDDQ,ELECTRICAL,uA,1.2226,935.7674,935.8396,935.9278,934.5448,22.765,1.845,12.69,-0.0222,-0.0678,34.47,34.93,1.2226,935.7674,935.8396,935.9278,934.5448,50.0,False,NOMINAL,HEALTHY,29.11,20.14
DIG_LOT04_COMP1207,LOT_04,DIGITAL_IC,CQFP-64,DIG-SIH-2026,THERMAL_BURN_IN,T04_1207,PROC-ISRO-IISU-01,ATE-STATION-01,CHAMBER-01,1.0,125.0,5.0,168,IDDQ,ELECTRICAL,uA,1.2955,996.48,996.55,996.5718,995.1845,24.92,2.1626,12.142,-0.0458,0.0056,34.41,34.58,1.2955,996.48,996.55,996.5718,995.1845,50.0,False,NOMINAL,HEALTHY,-15.37,-18.04
DIG_LOT04_COMP1208,LOT_04,DIGITAL_IC,CQFP-64,DIG-SIH-2026,THERMAL_BURN_IN,T04_1208,PROC-ISRO-IISU-01,ATE-STATION-01,CHAMBER-01,1.0,125.0,5.0,168,IDDQ,ELECTRICAL,uA,1.1888,912.9578,913.0214,913.05,911.769,26.213,1.6898,12.613,0.0219,0.0326,36.79,36.22,1.1888,912.9578,913.0214,913.05,911.769,50.0,False,NOMINAL,HEALTHY,10.26,10.47
DIG_LOT04_COMP1209,LOT_04,DIGITAL_IC,CQFP-64,DIG-SIH-2026,THERMAL_BURN_IN,T04_1209,PROC-ISRO-IISU-01,ATE-STATION-01,CHAMBER-01,1.0,125.0,5.0,168,IDDQ,ELECTRICAL,uA,1.4308,1094.2591,1094.3448,1094.3738,1092.8283,23.516,2.3041,12.751,0.0083,-0.0382,35.36,34.97,1.4308,1094.2591,1094.3448,1094.3738,1092.8283,50.0,False,NOMINAL,HEALTHY,-16.14,32.54
DIG_LOT04_COMP1210,LOT_04,DIGITAL_IC,CQFP-64,DIG-SIH-2026,THERMAL_BURN_IN,T04_1210,PROC-ISRO-IISU-01,ATE-STATION-01,CHAMBER-01,1.0,125.0,5.0,168,IDDQ,ELECTRICAL,uA,1.1318,888.836,888.8698,888.9828,887.7042,24.427,1.632,11.571,-0.0172,0.0176,35.01,35.49,1.1318,888.836,888.8698,888.9828,887.7042,50.0,False,NOMINAL,HEALTHY,2.29,18.06
DIG_LOT04_COMP1211,LOT_04,DIGITAL_IC,CQFP-64,DIG-SIH-2026,THERMAL_BURN_IN,T04_1211,PROC-ISRO-IISU-01,ATE-STATION-01,CHAMBER-01,1.0,125.0,5.0,168,IDDQ,ELECTRICAL,uA,1.6016,1228.2255,1228.3057,1228.3586,1226.6239,27.209,2.1988,11.259,-0.001,-0.0411,33.63,34.04,1.6016,1228.2255,1228.3057,1228.3586,1226.6239,50.0,False,NOMINAL,HEALTHY,23.1,26.35
DIG_LOT04_COMP1212,LOT_04,DIGITAL_IC,CQFP-64,DIG-SIH-2026,THERMAL_BURN_IN,T04_1212,PROC-ISRO-IISU-01,ATE-STATION-01,CHAMBER-01,1.0,125.0,5.0,168,IDDQ,ELECTRICAL,uA,1.4064,1095.7591,1095.878,1095.8971,1094.3527,24.709,1.4776,12.516,0.0133,0.0233,34.64,33.67,1.4064,1095.7591,1095.878,1095.8971,1094.3527,50.0,False,NOMINAL,HEALTHY,22.8,-18.54
DIG_LOT04_COMP1213,LOT_04,DIGITAL_IC,CQFP-64,DIG-SIH-2026,THERMAL_BURN_IN,T04_1213,PROC-ISRO-IISU-01,ATE-STATION-01,CHAMBER-01,1.0,125.0,5.0,168,IDDQ,ELECTRICAL,uA,1.2559,981.8743,981.9862,982.0332,980.6184,26.528,2.0341,12.048,-0.0035,0.0017,33.06,33.59,1.2559,981.8743,981.9862,982.0332,980.6184,50.0,False,NOMINAL,HEALTHY,12.39,34.15
DIG_LOT04_COMP1214,LOT_04,DIGITAL_IC,CQFP-64,DIG-SIH-2026,THERMAL_BURN_IN,T04_1214,PROC-ISRO-IISU-01,ATE-STATION-01,CHAMBER-01,1.0,125.0,5.0,168,IDDQ,ELECTRICAL,uA,1.5896,1218.0426,1218.1532,1218.1975,1216.453,24.414,1.5421,12.685,0.0106,0.0092,35.65,36.37,1.5896,1218.0426,1218.1532,1218.1975,1216.453,50.0,False,NOMINAL,HEALTHY,40.21,49.69
DIG_LOT04_COMP1215,LOT_04,DIGITAL_IC,CQFP-64,DIG-SIH-2026,THERMAL_BURN_IN,T04_1215,PROC-ISRO-IISU-01,ATE-STATION-01,CHAMBER-01,1.0,125.0,5.0,168,IDDQ,ELECTRICAL,uA,1.2895,979.9115,979.9867,980.063,978.622,23.178,2.195,12.323,-0.0201,-0.0582,33.77,33.12,1.2895,979.9115,979.9867,980.063,978.622,50.0,False,NOMINAL,HEALTHY,31.93,3.83
DIG_LOT04_COMP1216,LOT_04,DIGITAL_IC,CQFP-64,DIG-SIH-2026,THERMAL_BURN_IN,T04_1216,PROC-ISRO-IISU-01,ATE-STATION-01,CHAMBER-01,1.0,125.0,5.0,168,IDDQ,ELECTRICAL,uA,1.0867,828.5203,828.5537,828.5884,827.4336,22.393,1.5897,11.122,0.0017,0.0174,34.38,33.99,1.0867,828.5203,828.5537,828.5884,827.4336,50.0,False,NOMINAL,HEALTHY,2.86,20.75
DIG_LOT04_COMP1217,LOT_04,DIGITAL_IC,CQFP-64,DIG-SIH-2026,THERMAL_BURN_IN,T04_1217,PROC-ISRO-IISU-01,ATE-STATION-01,CHAMBER-01,1.0,125.0,5.0,168,IDDQ,ELECTRICAL,uA,1.3335,1020.6339,1020.7263,1020.7471,1019.3004,21.751,2.0586,10.082,0.006,-0.0577,32.82,32.17,1.3335,1020.6339,1020.7263,1020.7471,1019.3004,50.0,False,NOMINAL,HEALTHY,-6.09,25.15
DIG_LOT04_COMP1218,LOT_04,DIGITAL_IC,CQFP-64,DIG-SIH-2026,THERMAL_BURN_IN,T04_1218,PROC-ISRO-IISU-01,ATE-STATION-01,CHAMBER-01,1.0,125.0,5.0,168,IDDQ,ELECTRICAL,uA,1.3129,1021.8687,1021.9823,1021.9641,1020.5558,26.165,2.0668,13.461,0.045,-0.031,34.99,35.31,1.3129,1021.8687,1021.9823,1021.9641,1020.5558,50.0,False,NOMINAL,HEALTHY,49.53,-44.5
DIG_LOT04_COMP1219,LOT_04,DIGITAL_IC,CQFP-64,DIG-SIH-2026,THERMAL_BURN_IN,T04_1219,PROC-ISRO-IISU-01,ATE-STATION-01,CHAMBER-01,1.0,125.0,5.0,168,IDDQ,ELECTRICAL,uA,1.2622,984.0688,984.1706,984.233,982.8066,24.66,1.9474,12.094,0.0154,-0.0617,35.65,36.18,1.2622,984.0688,984.1706,984.233,982.8066,50.0,False,NOMINAL,HEALTHY,2.84,3.74
DIG_LOT04_COMP1220,LOT_04,DIGITAL_IC,CQFP-64,DIG-SIH-2026,THERMAL_BURN_IN,T04_1220,PROC-ISRO-IISU-01,ATE-STATION-01,CHAMBER-01,1.0,125.0,5.0,168,IDDQ,ELECTRICAL,uA,1.0503,825.4568,825.5224,825.588,824.4065,26.45,2.4324,12.351,0.0124,0.0279,36.42,36.21,1.0503,825.4568,825.5224,825.588,824.4065,50.0,False,NOMINAL,HEALTHY,-19.14,-10.65
DIG_LOT04_COMP1221,LOT_04,DIGITAL_IC,CQFP-64,DIG-SIH-2026,THERMAL_BURN_IN,T04_1221,PROC-ISRO-IISU-01,ATE-STATION-01,CHAMBER-01,1.0,125.0,5.0,168,IDDQ,ELECTRICAL,uA,0.9936,772.3818,772.4225,772.4692,771.3882,24.027,1.9873,13.203,0.0039,0.0498,35.56,35.44,0.9936,772.3818,772.4225,772.4692,771.3882,50.0,False,NOMINAL,HEALTHY,-31.78,24.57
DIG_LOT04_COMP1222,LOT_04,DIGITAL_IC,CQFP-64,DIG-SIH-2026,THERMAL_BURN_IN,T04_1222,PROC-ISRO-IISU-01,ATE-STATION-01,CHAMBER-01,1.0,125.0,5.0,168,IDDQ,ELECTRICAL,uA,1.3774,1061.9608,1061.9578,1062.0731,1060.5834,22.995,2.4687,12.771,0.0008,-0.0943,35.31,35.36,1.3774,1061.9608,1061.9578,1062.0731,1060.5834,50.0,False,NOMINAL,HEALTHY,-13.75,-25.75
DIG_LOT04_COMP1223,LOT_04,DIGITAL_IC,CQFP-64,DIG-SIH-2026,THERMAL_BURN_IN,T04_1223,PROC-ISRO-IISU-01,ATE-STATION-01,CHAMBER-01,1.0,125.0,5.0,168,IDDQ,ELECTRICAL,uA,1.2494,974.859,974.9422,974.9838,973.6096,24.571,2.3031,12.032,0.0075,0.0033,36.32,35.78,1.2494,974.859,974.9422,974.9838,973.6096,50.0,False,NOMINAL,HEALTHY,-11.91,-39.71
DIG_LOT04_COMP1224,LOT_04,DIGITAL_IC,CQFP-64,DIG-SIH-2026,THERMAL_BURN_IN,T04_1224,PROC-ISRO-IISU-01,ATE-STATION-01,CHAMBER-01,1.0,125.0,5.0,168,IDDQ,ELECTRICAL,uA,1.4029,1090.456,1092.2164,1099.4963,1089.0531,25.07,2.1837,12.518,0.0088,0.1485,33.98,33.97,1.4029,1090.456,1092.2164,1099.4963,1089.0531,50.0,True,ELECTROMIGRATION,HEALTHY,16.96,42.85
DIG_LOT04_COMP1225,LOT_04,DIGITAL_IC,CQFP-64,DIG-SIH-2026,THERMAL_BURN_IN,T04_1225,PROC-ISRO-IISU-01,ATE-STATION-01,CHAMBER-01,1.0,125.0,5.0,168,IDDQ,ELECTRICAL,uA,1.6316,1254.2,1254.3277,1254.4159,1252.5684,23.272,1.7639,11.64,0.0335,-0.1096,35.71,35.73,1.6316,1254.2,1254.3277,1254.4159,1252.5684,50.0,False,NOMINAL,HEALTHY,36.33,-13.81
DIG_LOT04_COMP1226,LOT_04,DIGITAL_IC,CQFP-64,DIG-SIH-2026,THERMAL_BURN_IN,T04_1226,PROC-ISRO-IISU-01,ATE-STATION-01,CHAMBER-01,1.0,125.0,5.0,168,IDDQ,ELECTRICAL,uA,1.1391,873.7732,873.8239,873.8944,872.6341,26.119,2.418,11.957,-0.0202,-0.0623,33.61,33.69,1.1391,873.7732,873.8239,873.8944,872.6341,50.0,False,NOMINAL,HEALTHY,-21.47,24.97
DIG_LOT04_COMP1227,LOT_04,DIGITAL_IC,CQFP-64,DIG-SIH-2026,THERMAL_BURN_IN,T04_1227,PROC-ISRO-IISU-01,ATE-STATION-01,CHAMBER-01,1.0,125.0,5.0,168,IDDQ,ELECTRICAL,uA,1.1505,902.2233,902.3092,902.3143,901.0728,24.667,1.589,11.669,-0.0094,0.0133,33.7,34.03,1.1505,902.2233,902.3092,902.3143,901.0728,50.0,False,NOMINAL,HEALTHY,-36.29,23.74
DIG_LOT04_COMP1228,LOT_04,DIGITAL_IC,CQFP-64,DIG-SIH-2026,THERMAL_BURN_IN,T04_1228,PROC-ISRO-IISU-01,ATE-STATION-01,CHAMBER-01,1.0,125.0,5.0,168,IDDQ,ELECTRICAL,uA,1.2251,953.3658,953.4445,953.4698,952.1407,25.108,1.7552,12.948,-0.0143,0.0272,34.93,34.87,1.2251,953.3658,953.4445,953.4698,952.1407,50.0,False,NOMINAL,HEALTHY,5.32,31.7
DIG_LOT04_COMP1229,LOT_04,DIGITAL_IC,CQFP-64,DIG-SIH-2026,THERMAL_BURN_IN,T04_1229,PROC-ISRO-IISU-01,ATE-STATION-01,CHAMBER-01,1.0,125.0,5.0,168,IDDQ,ELECTRICAL,uA,1.4048,1079.0324,1079.0998,1079.1978,1077.6276,23.475,1.9341,12.935,-0.0343,-0.0183,36.88,37.44,1.4048,1079.0324,1079.0998,1079.1978,1077.6276,50.0,False,NOMINAL,HEALTHY,31.4,-2.68
DIG_LOT04_COMP1230,LOT_04,DIGITAL_IC,CQFP-64,DIG-SIH-2026,THERMAL_BURN_IN,T04_1230,PROC-ISRO-IISU-01,ATE-STATION-01,CHAMBER-01,1.0,125.0,5.0,168,IDDQ,ELECTRICAL,uA,1.1957,923.7794,923.8819,923.8559,922.5837,25.105,1.6545,13.338,-0.0225,-0.0545,36.18,36.66,1.1957,923.7794,923.8819,923.8559,922.5837,50.0,False,NOMINAL,HEALTHY,-34.27,-30.05
DIG_LOT04_COMP1231,LOT_04,DIGITAL_IC,CQFP-64,DIG-SIH-2026,THERMAL_BURN_IN,T04_1231,PROC-ISRO-IISU-01,ATE-STATION-01,CHAMBER-01,1.0,125.0,5.0,168,IDDQ,ELECTRICAL,uA,1.3018,988.1948,988.2652,988.2985,986.893,25.772,2.0751,13.232,-0.0148,0.0275,34.35,35.49,1.3018,988.1948,988.2652,988.2985,986.893,50.0,False,NOMINAL,HEALTHY,22.33,16.6
DIG_LOT04_COMP1232,LOT_04,DIGITAL_IC,CQFP-64,DIG-SIH-2026,THERMAL_BURN_IN,T04_1232,PROC-ISRO-IISU-01,ATE-STATION-01,CHAMBER-01,1.0,125.0,5.0,168,IDDQ,ELECTRICAL,uA,1.5442,1204.4946,1204.5582,1204.6829,1202.9504,23.007,1.9328,12.61,0.0127,0.0194,35.43,35.61,1.5442,1204.4946,1204.5582,1204.6829,1202.9504,50.0,False,NOMINAL,HEALTHY,-21.45,-45.11
DIG_LOT04_COMP1233,LOT_04,DIGITAL_IC,CQFP-64,DIG-SIH-2026,THERMAL_BURN_IN,T04_1233,PROC-ISRO-IISU-01,ATE-STATION-01,CHAMBER-01,1.0,125.0,5.0,168,IDDQ,ELECTRICAL,uA,1.094,843.0818,843.1474,843.2507,841.9878,24.895,1.6601,11.094,-0.0012,-0.0887,35.39,36.15,1.094,843.0818,843.1474,843.2507,841.9878,50.0,False,NOMINAL,HEALTHY,18.35,-29.86
DIG_LOT04_COMP1234,LOT_04,DIGITAL_IC,CQFP-64,DIG-SIH-2026,THERMAL_BURN_IN,T04_1234,PROC-ISRO-IISU-01,ATE-STATION-01,CHAMBER-01,1.0,125.0,5.0,168,IDDQ,ELECTRICAL,uA,1.4743,1128.6673,1128.7795,1128.7962,1127.193,24.992,1.4085,12.329,0.0173,0.0557,36.0,36.03,1.4743,1128.6673,1128.7795,1128.7962,1127.193,50.0,False,NOMINAL,HEALTHY,26.0,-10.58
DIG_LOT04_COMP1235,LOT_04,DIGITAL_IC,CQFP-64,DIG-SIH-2026,THERMAL_BURN_IN,T04_1235,PROC-ISRO-IISU-01,ATE-STATION-01,CHAMBER-01,1.0,125.0,5.0,168,IDDQ,ELECTRICAL,uA,1.4317,1072.1486,1072.214,1072.2415,1070.7169,23.603,1.9571,13.049,-0.0016,-0.0606,36.55,36.76,1.4317,1072.1486,1072.214,1072.2415,1070.7169,50.0,False,NOMINAL,HEALTHY,-32.99,-8.99
DIG_LOT04_COMP1236,LOT_04,DIGITAL_IC,CQFP-64,DIG-SIH-2026,THERMAL_BURN_IN,T04_1236,PROC-ISRO-IISU-01,ATE-STATION-01,CHAMBER-01,1.0,125.0,5.0,168,IDDQ,ELECTRICAL,uA,1.2211,918.9756,919.0208,919.0625,917.7545,27.003,2.3069,11.857,-0.0067,-0.0098,34.47,33.92,1.2211,918.9756,919.0208,919.0625,917.7545,50.0,False,NOMINAL,HEALTHY,-39.61,1.63
DIG_LOT04_COMP1237,LOT_04,DIGITAL_IC,CQFP-64,DIG-SIH-2026,THERMAL_BURN_IN,T04_1237,PROC-ISRO-IISU-01,ATE-STATION-01,CHAMBER-01,1.0,125.0,5.0,168,IDDQ,ELECTRICAL,uA,1.3922,1069.9884,1070.0754,1070.1136,1068.5962,26.143,2.3272,12.767,0.0234,0.0635,34.95,35.24,1.3922,1069.9884,1070.0754,1070.1136,1068.5962,50.0,False,NOMINAL,HEALTHY,7.58,2.8
DIG_LOT04_COMP1238,LOT_04,DIGITAL_IC,CQFP-64,DIG-SIH-2026,THERMAL_BURN_IN,T04_1238,PROC-ISRO-IISU-01,ATE-STATION-01,CHAMBER-01,1.0,125.0,5.0,168,IDDQ,ELECTRICAL,uA,1.2004,905.7683,905.8039,905.8344,904.5679,27.937,1.6557,13.233,0.0043,-0.0379,35.18,35.24,1.2004,905.7683,905.8039,905.8344,904.5679,50.0,False,NOMINAL,HEALTHY,-9.14,-5.45
DIG_LOT04_COMP1239,LOT_04,DIGITAL_IC,CQFP-64,DIG-SIH-2026,THERMAL_BURN_IN,T04_1239,PROC-ISRO-IISU-01,ATE-STATION-01,CHAMBER-01,1.0,125.0,5.0,168,IDDQ,ELECTRICAL,uA,1.4602,1114.5858,1114.6445,1114.7173,1113.1256,24.923,1.7272,11.951,0.0036,0.0475,34.16,34.73,1.4602,1114.5858,1114.6445,1114.7173,1113.1256,50.0,False,NOMINAL,HEALTHY,-13.61,13.32
DIG_LOT04_COMP1240,LOT_04,DIGITAL_IC,CQFP-64,DIG-SIH-2026,THERMAL_BURN_IN,T04_1240,PROC-ISRO-IISU-01,ATE-STATION-01,CHAMBER-01,1.0,125.0,5.0,168,IDDQ,ELECTRICAL,uA,1.3956,1083.8336,1083.8604,1083.9091,1082.438,25.984,2.474,12.045,0.0071,-0.0533,34.12,34.08,1.3956,1083.8336,1083.8604,1083.9091,1082.438,50.0,False,NOMINAL,HEALTHY,-8.57,29.05
DIG_LOT04_COMP1241,LOT_04,DIGITAL_IC,CQFP-64,DIG-SIH-2026,THERMAL_BURN_IN,T04_1241,PROC-ISRO-IISU-01,ATE-STATION-01,CHAMBER-01,1.0,125.0,5.0,168,IDDQ,ELECTRICAL,uA,1.4991,1161.062,1161.1282,1161.1763,1159.5629,23.801,1.8429,12.197,0.028,0.0193,32.45,31.89,1.4991,1161.062,1161.1282,1161.1763,1159.5629,50.0,False,NOMINAL,HEALTHY,-22.59,3.16
DIG_LOT04_COMP1242,LOT_04,DIGITAL_IC,CQFP-64,DIG-SIH-2026,THERMAL_BURN_IN,T04_1242,PROC-ISRO-IISU-01,ATE-STATION-01,CHAMBER-01,1.0,125.0,5.0,168,IDDQ,ELECTRICAL,uA,1.2431,957.1553,957.224,957.2606,955.9122,21.771,1.7323,14.052,-0.0024,-0.0573,34.61,34.91,1.2431,957.1553,957.224,957.2606,955.9122,50.0,False,NOMINAL,HEALTHY,43.27,-16.6
DIG_LOT04_COMP1243,LOT_04,DIGITAL_IC,CQFP-64,DIG-SIH-2026,THERMAL_BURN_IN,T04_1243,PROC-ISRO-IISU-01,ATE-STATION-01,CHAMBER-01,1.0,125.0,5.0,168,IDDQ,ELECTRICAL,uA,1.2214,950.9777,951.0819,951.1314,949.7563,26.284,2.3363,12.141,0.0081,0.0233,34.26,34.53,1.2214,950.9777,951.0819,951.1314,949.7563,50.0,False,NOMINAL,HEALTHY,-17.59,20.29
DIG_LOT04_COMP1244,LOT_04,DIGITAL_IC,CQFP-64,DIG-SIH-2026,THERMAL_BURN_IN,T04_1244,PROC-ISRO-IISU-01,ATE-STATION-01,CHAMBER-01,1.0,125.0,5.0,168,IDDQ,ELECTRICAL,uA,1.4448,1101.127,1101.2515,1101.2746,1099.6822,23.651,2.0598,13.196,0.0105,0.0838,35.01,35.18,1.4448,1101.127,1101.2515,1101.2746,1099.6822,50.0,False,NOMINAL,HEALTHY,11.45,-44.04
DIG_LOT04_COMP1245,LOT_04,DIGITAL_IC,CQFP-64,DIG-SIH-2026,THERMAL_BURN_IN,T04_1245,PROC-ISRO-IISU-01,ATE-STATION-01,CHAMBER-01,1.0,125.0,5.0,168,IDDQ,ELECTRICAL,uA,1.2887,1000.2162,1000.2912,1000.3536,998.9275,25.537,2.1911,12.395,-0.022,-0.0705,33.85,34.03,1.2887,1000.2162,1000.2912,1000.3536,998.9275,50.0,False,NOMINAL,HEALTHY,-43.54,-27.42
DIG_LOT04_COMP1246,LOT_04,DIGITAL_IC,CQFP-64,DIG-SIH-2026,THERMAL_BURN_IN,T04_1246,PROC-ISRO-IISU-01,ATE-STATION-01,CHAMBER-01,1.0,125.0,5.0,168,IDDQ,ELECTRICAL,uA,1.432,1093.8857,1093.9576,1093.9936,1092.4537,26.535,2.0913,14.194,-0.0046,0.0329,34.58,35.0,1.432,1093.8857,1093.9576,1093.9936,1092.4537,50.0,False,NOMINAL,HEALTHY,-27.07,-6.4
DIG_LOT04_COMP1247,LOT_04,DIGITAL_IC,CQFP-64,DIG-SIH-2026,THERMAL_BURN_IN,T04_1247,PROC-ISRO-IISU-01,ATE-STATION-01,CHAMBER-01,1.0,125.0,5.0,168,IDDQ,ELECTRICAL,uA,1.3289,1023.97,1024.0291,1024.1587,1022.6411,24.373,2.0613,12.8,-0.0075,-0.0109,35.55,35.85,1.3289,1023.97,1024.0291,1024.1587,1022.6411,50.0,False,NOMINAL,HEALTHY,38.25,23.96
DIG_LOT04_COMP1248,LOT_04,DIGITAL_IC,CQFP-64,DIG-SIH-2026,THERMAL_BURN_IN,T04_1248,PROC-ISRO-IISU-01,ATE-STATION-01,CHAMBER-01,1.0,125.0,5.0,168,IDDQ,ELECTRICAL,uA,1.3668,1050.7774,1050.9233,1050.8968,1049.4106,27.359,2.5138,13.424,-0.0185,-0.0079,35.69,35.91,1.3668,1050.7774,1050.9233,1050.8968,1049.4106,50.0,False,NOMINAL,HEALTHY,16.2,36.61
DIG_LOT04_COMP1249,LOT_04,DIGITAL_IC,CQFP-64,DIG-SIH-2026,THERMAL_BURN_IN,T04_1249,PROC-ISRO-IISU-01,ATE-STATION-01,CHAMBER-01,1.0,125.0,5.0,168,IDDQ,ELECTRICAL,uA,1.353,1057.6986,1057.838,1057.8199,1056.3456,28.603,1.8438,12.69,0.0164,0.0321,33.39,33.11,1.353,1057.6986,1057.838,1057.8199,1056.3456,50.0,False,NOMINAL,HEALTHY,22.33,-25.78
DIG_LOT04_COMP1250,LOT_04,DIGITAL_IC,CQFP-64,DIG-SIH-2026,THERMAL_BURN_IN,T04_1250,PROC-ISRO-IISU-01,ATE-STATION-01,CHAMBER-01,1.0,125.0,5.0,168,IDDQ,ELECTRICAL,uA,1.2562,964.3114,964.384,964.4389,963.0552,23.712,1.7569,11.764,-0.0084,-0.039,34.19,33.86,1.2562,964.3114,964.384,964.4389,963.0552,50.0,False,NOMINAL,HEALTHY,20.9,-40.44
DIG_LOT04_COMP1251,LOT_04,DIGITAL_IC,CQFP-64,DIG-SIH-2026,THERMAL_BURN_IN,T04_1251,PROC-ISRO-IISU-01,ATE-STATION-01,CHAMBER-01,1.0,125.0,5.0,168,IDDQ,ELECTRICAL,uA,1.2699,961.2538,961.3313,961.3661,959.9839,24.037,1.3435,12.207,-0.0125,-0.0514,35.19,34.93,1.2699,961.2538,961.3313,961.3661,959.9839,50.0,False,NOMINAL,HEALTHY,-33.44,14.61
DIG_LOT04_COMP1252,LOT_04,DIGITAL_IC,CQFP-64,DIG-SIH-2026,THERMAL_BURN_IN,T04_1252,PROC-ISRO-IISU-01,ATE-STATION-01,CHAMBER-01,1.0,125.0,5.0,168,IDDQ,ELECTRICAL,uA,1.1361,878.2403,878.3011,878.3577,877.1042,26.985,2.6488,10.967,0.0043,0.0528,37.19,36.36,1.1361,878.2403,878.3011,878.3577,877.1042,50.0,False,NOMINAL,HEALTHY,-2.74,-31.0
DIG_LOT04_COMP1253,LOT_04,DIGITAL_IC,CQFP-64,DIG-SIH-2026,THERMAL_BURN_IN,T04_1253,PROC-ISRO-IISU-01,ATE-STATION-01,CHAMBER-01,1.0,125.0,5.0,168,IDDQ,ELECTRICAL,uA,1.2861,990.936,991.0124,991.0328,989.6499,26.198,2.5967,11.617,0.0084,0.0142,35.16,35.89,1.2861,990.936,991.0124,991.0328,989.6499,50.0,False,NOMINAL,HEALTHY,34.59,-48.25
DIG_LOT04_COMP1254,LOT_04,DIGITAL_IC,CQFP-64,DIG-SIH-2026,THERMAL_BURN_IN,T04_1254,PROC-ISRO-IISU-01,ATE-STATION-01,CHAMBER-01,1.0,125.0,5.0,168,IDDQ,ELECTRICAL,uA,1.5345,1165.4642,1165.5296,1165.5663,1163.9297,26.702,1.5616,12.756,0.028,0.0846,35.53,35.62,1.5345,1165.4642,1165.5296,1165.5663,1163.9297,50.0,False,NOMINAL,HEALTHY,-34.17,41.91
DIG_LOT04_COMP1255,LOT_04,DIGITAL_IC,CQFP-64,DIG-SIH-2026,THERMAL_BURN_IN,T04_1255,PROC-ISRO-IISU-01,ATE-STATION-01,CHAMBER-01,1.0,125.0,5.0,168,IDDQ,ELECTRICAL,uA,1.5768,1212.3213,1212.4353,1212.5017,1210.7445,24.813,1.6832,12.303,-0.0237,-0.0255,34.66,34.4,1.5768,1212.3213,1212.4353,1212.5017,1210.7445,50.0,False,NOMINAL,HEALTHY,-43.65,15.71
DIG_LOT04_COMP1256,LOT_04,DIGITAL_IC,CQFP-64,DIG-SIH-2026,THERMAL_BURN_IN,T04_1256,PROC-ISRO-IISU-01,ATE-STATION-01,CHAMBER-01,1.0,125.0,5.0,168,IDDQ,ELECTRICAL,uA,1.2582,965.5379,965.5967,965.6693,964.2797,24.725,1.5824,13.536,-0.002,0.1451,34.37,33.39,1.2582,965.5379,965.5967,965.6693,964.2797,50.0,False,NOMINAL,HEALTHY,41.04,4.88
DIG_LOT04_COMP1257,LOT_04,DIGITAL_IC,CQFP-64,DIG-SIH-2026,THERMAL_BURN_IN,T04_1257,PROC-ISRO-IISU-01,ATE-STATION-01,CHAMBER-01,1.0,125.0,5.0,168,IDDQ,ELECTRICAL,uA,1.3401,1030.6157,1030.6986,1030.7513,1029.2756,24.742,2.2308,13.39,0.0118,0.0171,34.7,34.99,1.3401,1030.6157,1030.6986,1030.7513,1029.2756,50.0,False,NOMINAL,HEALTHY,-21.27,-39.96
DIG_LOT04_COMP1258,LOT_04,DIGITAL_IC,CQFP-64,DIG-SIH-2026,THERMAL_BURN_IN,T04_1258,PROC-ISRO-IISU-01,ATE-STATION-01,CHAMBER-01,1.0,125.0,5.0,168,IDDQ,ELECTRICAL,uA,1.2693,977.8114,977.826,977.9194,976.5421,24.952,1.8993,12.962,0.0051,0.0163,36.83,37.56,1.2693,977.8114,977.826,977.9194,976.5421,50.0,False,NOMINAL,HEALTHY,-20.36,-45.75
DIG_LOT04_COMP1259,LOT_04,DIGITAL_IC,CQFP-64,DIG-SIH-2026,THERMAL_BURN_IN,T04_1259,PROC-ISRO-IISU-01,ATE-STATION-01,CHAMBER-01,1.0,125.0,5.0,168,IDDQ,ELECTRICAL,uA,1.2902,1013.5731,1013.7051,1013.7232,1012.2829,25.408,1.8192,12.942,0.0176,0.012,34.33,33.45,1.2902,1013.5731,1013.7051,1013.7232,1012.2829,50.0,False,NOMINAL,HEALTHY,20.53,-9.04
DIG_LOT04_COMP1260,LOT_04,DIGITAL_IC,CQFP-64,DIG-SIH-2026,THERMAL_BURN_IN,T04_1260,PROC-ISRO-IISU-01,ATE-STATION-01,CHAMBER-01,1.0,125.0,5.0,168,IDDQ,ELECTRICAL,uA,1.2974,987.0192,987.0385,987.1194,985.7218,24.447,1.9759,12.515,0.0387,0.0165,34.68,35.33,1.2974,987.0192,987.0385,987.1194,985.7218,50.0,False,NOMINAL,HEALTHY,-14.19,-19.31
DIG_LOT04_COMP1261,LOT_04,DIGITAL_IC,CQFP-64,DIG-SIH-2026,THERMAL_BURN_IN,T04_1261,PROC-ISRO-IISU-01,ATE-STATION-01,CHAMBER-01,1.0,125.0,5.0,168,IDDQ,ELECTRICAL,uA,1.2626,981.0335,981.0963,981.156,979.7709,26.585,1.9796,12.587,-0.0017,0.0999,35.22,34.9,1.2626,981.0335,981.0963,981.156,979.7709,50.0,False,NOMINAL,HEALTHY,38.25,43.77
DIG_LOT04_COMP1262,LOT_04,DIGITAL_IC,CQFP-64,DIG-SIH-2026,THERMAL_BURN_IN,T04_1262,PROC-ISRO-IISU-01,ATE-STATION-01,CHAMBER-01,1.0,125.0,5.0,168,IDDQ,ELECTRICAL,uA,1.2518,982.6469,982.7192,982.723,981.3951,25.429,1.5675,12.814,-0.0067,0.0192,34.68,34.65,1.2518,982.6469,982.7192,982.723,981.3951,50.0,False,NOMINAL,HEALTHY,-25.49,33.59
DIG_LOT04_COMP1263,LOT_04,DIGITAL_IC,CQFP-64,DIG-SIH-2026,THERMAL_BURN_IN,T04_1263,PROC-ISRO-IISU-01,ATE-STATION-01,CHAMBER-01,1.0,125.0,5.0,168,IDDQ,ELECTRICAL,uA,1.2763,991.4313,991.5276,991.579,990.155,26.728,2.1783,12.242,0.0143,0.0549,35.84,36.21,1.2763,991.4313,991.5276,991.579,990.155,50.0,False,NOMINAL,HEALTHY,41.49,2.45
DIG_LOT04_COMP1264,LOT_04,DIGITAL_IC,CQFP-64,DIG-SIH-2026,THERMAL_BURN_IN,T04_1264,PROC-ISRO-IISU-01,ATE-STATION-01,CHAMBER-01,1.0,125.0,5.0,168,IDDQ,ELECTRICAL,uA,1.2632,960.9209,960.9816,961.062,959.6577,25.767,2.3184,12.697,-0.0149,-0.0659,35.05,34.67,1.2632,960.9209,960.9816,961.062,959.6577,50.0,False,NOMINAL,HEALTHY,27.47,-16.17
DIG_LOT04_COMP1265,LOT_04,DIGITAL_IC,CQFP-64,DIG-SIH-2026,THERMAL_BURN_IN,T04_1265,PROC-ISRO-IISU-01,ATE-STATION-01,CHAMBER-01,1.0,125.0,5.0,168,IDDQ,ELECTRICAL,uA,1.2079,901.413,901.4572,901.5337,900.2051,24.5,1.8894,14.064,-0.0076,-0.0049,35.44,35.62,1.2079,901.413,901.4572,901.5337,900.2051,50.0,False,NOMINAL,HEALTHY,13.73,47.23
DIG_LOT04_COMP1266,LOT_04,DIGITAL_IC,CQFP-64,DIG-SIH-2026,THERMAL_BURN_IN,T04_1266,PROC-ISRO-IISU-01,ATE-STATION-01,CHAMBER-01,1.0,125.0,5.0,168,IDDQ,ELECTRICAL,uA,1.3149,1001.7073,1001.7699,1001.8973,1000.3924,26.651,1.8656,12.044,-0.0001,-0.054,33.64,33.29,1.3149,1001.7073,1001.7699,1001.8973,1000.3924,50.0,False,NOMINAL,HEALTHY,-28.91,-46.12
DIG_LOT04_COMP1267,LOT_04,DIGITAL_IC,CQFP-64,DIG-SIH-2026,THERMAL_BURN_IN,T04_1267,PROC-ISRO-IISU-01,ATE-STATION-01,CHAMBER-01,1.0,125.0,5.0,168,IDDQ,ELECTRICAL,uA,1.0934,843.8676,843.9335,843.9479,842.7742,27.671,1.6895,13.272,-0.0153,-0.044,36.41,37.48,1.0934,843.8676,843.9335,843.9479,842.7742,50.0,False,NOMINAL,HEALTHY,-17.62,-35.51
DIG_LOT04_COMP1268,LOT_04,DIGITAL_IC,CQFP-64,DIG-SIH-2026,THERMAL_BURN_IN,T04_1268,PROC-ISRO-IISU-01,ATE-STATION-01,CHAMBER-01,1.0,125.0,5.0,168,IDDQ,ELECTRICAL,uA,1.5272,1165.0107,1165.1071,1165.1105,1163.4835,24.593,2.0814,12.629,-0.0073,-0.1077,36.4,36.1,1.5272,1165.0107,1165.1071,1165.1105,1163.4835,50.0,False,NOMINAL,HEALTHY,29.26,14.0
DIG_LOT04_COMP1269,LOT_04,DIGITAL_IC,CQFP-64,DIG-SIH-2026,THERMAL_BURN_IN,T04_1269,PROC-ISRO-IISU-01,ATE-STATION-01,CHAMBER-01,1.0,125.0,5.0,168,IDDQ,ELECTRICAL,uA,1.7325,1334.7301,1334.826,1334.8519,1332.9976,23.208,2.1699,12.631,0.0086,0.0234,35.01,34.42,1.7325,1334.7301,1334.826,1334.8519,1332.9976,50.0,False,NOMINAL,HEALTHY,-36.75,32.14
DIG_LOT04_COMP1270,LOT_04,DIGITAL_IC,CQFP-64,DIG-SIH-2026,THERMAL_BURN_IN,T04_1270,PROC-ISRO-IISU-01,ATE-STATION-01,CHAMBER-01,1.0,125.0,5.0,168,IDDQ,ELECTRICAL,uA,1.3195,1029.6498,1029.7651,1029.7042,1028.3303,26.984,2.0985,12.268,0.0272,0.0423,31.84,30.83,1.3195,1029.6498,1029.7651,1029.7042,1028.3303,50.0,False,NOMINAL,HEALTHY,5.03,12.17
DIG_LOT04_COMP1271,LOT_04,DIGITAL_IC,CQFP-64,DIG-SIH-2026,THERMAL_BURN_IN,T04_1271,PROC-ISRO-IISU-01,ATE-STATION-01,CHAMBER-01,1.0,125.0,5.0,168,IDDQ,ELECTRICAL,uA,1.4091,1077.5037,1077.5981,1077.6774,1076.0946,26.101,2.0787,12.753,-0.0478,-0.023,34.21,34.6,1.4091,1077.5037,1077.5981,1077.6774,1076.0946,50.0,False,NOMINAL,HEALTHY,-2.22,-8.28
DIG_LOT04_COMP1272,LOT_04,DIGITAL_IC,CQFP-64,DIG-SIH-2026,THERMAL_BURN_IN,T04_1272,PROC-ISRO-IISU-01,ATE-STATION-01,CHAMBER-01,1.0,125.0,5.0,168,IDDQ,ELECTRICAL,uA,1.3304,1040.8903,1040.9721,1040.9958,1039.5599,20.579,2.4073,10.726,0.0003,0.0483,35.42,35.32,1.3304,1040.8903,1040.9721,1040.9958,1039.5599,50.0,False,NOMINAL,HEALTHY,23.0,-48.59
DIG_LOT04_COMP1273,LOT_04,DIGITAL_IC,CQFP-64,DIG-SIH-2026,THERMAL_BURN_IN,T04_1273,PROC-ISRO-IISU-01,ATE-STATION-01,CHAMBER-01,1.0,125.0,5.0,168,IDDQ,ELECTRICAL,uA,1.1753,895.208,895.2788,895.3028,894.0327,27.783,2.5184,11.424,-0.0118,0.0584,33.08,33.57,1.1753,895.208,895.2788,895.3028,894.0327,50.0,False,NOMINAL,HEALTHY,-41.09,47.74
DIG_LOT04_COMP1274,LOT_04,DIGITAL_IC,CQFP-64,DIG-SIH-2026,THERMAL_BURN_IN,T04_1274,PROC-ISRO-IISU-01,ATE-STATION-01,CHAMBER-01,1.0,125.0,5.0,168,IDDQ,ELECTRICAL,uA,1.4953,1162.8372,1162.9251,1162.9276,1161.3419,25.146,1.5149,12.875,0.0022,0.0373,36.12,36.23,1.4953,1162.8372,1162.9251,1162.9276,1161.3419,50.0,False,NOMINAL,HEALTHY,20.91,39.73
DIG_LOT04_COMP1275,LOT_04,DIGITAL_IC,CQFP-64,DIG-SIH-2026,THERMAL_BURN_IN,T04_1275,PROC-ISRO-IISU-01,ATE-STATION-01,CHAMBER-01,1.0,125.0,5.0,168,IDDQ,ELECTRICAL,uA,1.1437,880.7871,880.8375,880.848,879.6434,24.853,2.0632,13.638,0.0009,0.0743,33.5,32.98,1.1437,880.7871,880.8375,880.848,879.6434,50.0,False,NOMINAL,HEALTHY,3.35,-11.77
DIG_LOT04_COMP1276,LOT_04,DIGITAL_IC,CQFP-64,DIG-SIH-2026,THERMAL_BURN_IN,T04_1276,PROC-ISRO-IISU-01,ATE-STATION-01,CHAMBER-01,1.0,125.0,5.0,168,IDDQ,ELECTRICAL,uA,1.2567,965.4869,965.5634,965.5838,964.2302,23.862,1.6461,12.013,0.0188,-0.057,33.87,33.27,1.2567,965.4869,965.5634,965.5838,964.2302,50.0,False,NOMINAL,HEALTHY,16.94,-48.27
DIG_LOT04_COMP1277,LOT_04,DIGITAL_IC,CQFP-64,DIG-SIH-2026,THERMAL_BURN_IN,T04_1277,PROC-ISRO-IISU-01,ATE-STATION-01,CHAMBER-01,1.0,125.0,5.0,168,IDDQ,ELECTRICAL,uA,1.4272,1071.8121,1071.8545,1071.9479,1070.3849,26.734,1.724,12.406,-0.0131,0.0243,35.25,34.28,1.4272,1071.8121,1071.8545,1071.9479,1070.3849,50.0,False,NOMINAL,HEALTHY,25.42,35.84
DIG_LOT04_COMP1278,LOT_04,DIGITAL_IC,CQFP-64,DIG-SIH-2026,THERMAL_BURN_IN,T04_1278,PROC-ISRO-IISU-01,ATE-STATION-01,CHAMBER-01,1.0,125.0,5.0,168,IDDQ,ELECTRICAL,uA,1.2473,958.1316,958.1837,958.258,956.8843,23.941,2.0277,13.66,0.0211,0.0042,37.89,37.82,1.2473,958.1316,958.1837,958.258,956.8843,50.0,False,NOMINAL,HEALTHY,-22.45,-1.88
DIG_LOT04_COMP1279,LOT_04,DIGITAL_IC,CQFP-64,DIG-SIH-2026,THERMAL_BURN_IN,T04_1279,PROC-ISRO-IISU-01,ATE-STATION-01,CHAMBER-01,1.0,125.0,5.0,168,IDDQ,ELECTRICAL,uA,1.2667,990.7447,999.2483,1149.124,989.478,24.764,2.0391,11.935,-0.0279,-0.0955,33.99,33.99,1.2667,990.7447,999.2483,1149.124,989.478,50.0,True,THERMAL_RUNAWAY,HEALTHY,11.56,-41.56
DIG_LOT04_COMP1280,LOT_04,DIGITAL_IC,CQFP-64,DIG-SIH-2026,THERMAL_BURN_IN,T04_1280,PROC-ISRO-IISU-01,ATE-STATION-01,CHAMBER-01,1.0,125.0,5.0,168,IDDQ,ELECTRICAL,uA,1.3245,1019.6642,1019.7684,1019.7837,1018.3397,24.144,2.151,13.427,-0.0158,-0.0124,38.21,39.0,1.3245,1019.6642,1019.7684,1019.7837,1018.3397,50.0,False,NOMINAL,HEALTHY,49.73,43.31
DIG_LOT04_COMP1281,LOT_04,DIGITAL_IC,CQFP-64,DIG-SIH-2026,THERMAL_BURN_IN,T04_1281,PROC-ISRO-IISU-01,ATE-STATION-01,CHAMBER-01,1.0,125.0,5.0,168,IDDQ,ELECTRICAL,uA,1.5741,1216.8481,1216.9751,1216.9547,1215.274,25.996,1.5168,11.615,-0.0034,0.0134,33.29,32.97,1.5741,1216.8481,1216.9751,1216.9547,1215.274,50.0,False,NOMINAL,HEALTHY,-14.54,-38.59
DIG_LOT04_COMP1282,LOT_04,DIGITAL_IC,CQFP-64,DIG-SIH-2026,THERMAL_BURN_IN,T04_1282,PROC-ISRO-IISU-01,ATE-STATION-01,CHAMBER-01,1.0,125.0,5.0,168,IDDQ,ELECTRICAL,uA,1.2931,978.2435,978.301,978.318,976.9504,25.979,1.7954,12.578,0.023,0.0323,34.68,34.35,1.2931,978.2435,978.301,978.318,976.9504,50.0,False,NOMINAL,HEALTHY,-30.83,41.27
DIG_LOT04_COMP1283,LOT_04,DIGITAL_IC,CQFP-64,DIG-SIH-2026,THERMAL_BURN_IN,T04_1283,PROC-ISRO-IISU-01,ATE-STATION-01,CHAMBER-01,1.0,125.0,5.0,168,IDDQ,ELECTRICAL,uA,1.5058,1162.1975,1162.2853,1162.2882,1160.6917,25.789,1.9811,12.514,-0.0159,0.0651,34.8,34.88,1.5058,1162.1975,1162.2853,1162.2882,1160.6917,50.0,False,NOMINAL,HEALTHY,-34.33,19.17
DIG_LOT04_COMP1284,LOT_04,DIGITAL_IC,CQFP-64,DIG-SIH-2026,THERMAL_BURN_IN,T04_1284,PROC-ISRO-IISU-01,ATE-STATION-01,CHAMBER-01,1.0,125.0,5.0,168,IDDQ,ELECTRICAL,uA,1.2141,946.7407,946.8542,946.911,945.5266,27.823,1.6233,12.065,-0.0034,-0.06,33.26,33.14,1.2141,946.7407,946.8542,946.911,945.5266,50.0,False,NOMINAL,HEALTHY,-3.93,34.66
DIG_LOT04_COMP1285,LOT_04,DIGITAL_IC,CQFP-64,DIG-SIH-2026,THERMAL_BURN_IN,T04_1285,PROC-ISRO-IISU-01,ATE-STATION-01,CHAMBER-01,1.0,125.0,5.0,168,IDDQ,ELECTRICAL,uA,1.1954,906.0571,906.1333,906.1933,904.8617,23.006,2.2588,12.529,-0.0083,-0.0359,34.63,34.49,1.1954,906.0571,906.1333,906.1933,904.8617,50.0,False,NOMINAL,HEALTHY,17.93,38.94
DIG_LOT04_COMP1286,LOT_04,DIGITAL_IC,CQFP-64,DIG-SIH-2026,THERMAL_BURN_IN,T04_1286,PROC-ISRO-IISU-01,ATE-STATION-01,CHAMBER-01,1.0,125.0,5.0,168,IDDQ,ELECTRICAL,uA,1.341,1029.7109,1029.7756,1029.8166,1028.3699,24.461,2.0358,11.95,-0.0142,0.0933,35.48,35.84,1.341,1029.7109,1029.7756,1029.8166,1028.3699,50.0,False,NOMINAL,HEALTHY,-8.19,-30.6
DIG_LOT04_COMP1287,LOT_04,DIGITAL_IC,CQFP-64,DIG-SIH-2026,THERMAL_BURN_IN,T04_1287,PROC-ISRO-IISU-01,ATE-STATION-01,CHAMBER-01,1.0,125.0,5.0,168,IDDQ,ELECTRICAL,uA,1.1752,909.7824,909.8579,909.8847,908.6072,24.966,2.2038,13.818,0.0499,-0.0149,35.22,35.82,1.1752,909.7824,909.8579,909.8847,908.6072,50.0,False,NOMINAL,HEALTHY,-11.38,25.58
DIG_LOT04_COMP1288,LOT_04,DIGITAL_IC,CQFP-64,DIG-SIH-2026,THERMAL_BURN_IN,T04_1288,PROC-ISRO-IISU-01,ATE-STATION-01,CHAMBER-01,1.0,125.0,5.0,168,IDDQ,ELECTRICAL,uA,1.2327,961.979,962.0051,962.0882,960.7463,25.167,1.9597,11.37,-0.0097,0.0056,35.23,35.48,1.2327,961.979,962.0051,962.0882,960.7463,50.0,False,NOMINAL,HEALTHY,-31.17,29.94
DIG_LOT04_COMP1289,LOT_04,DIGITAL_IC,CQFP-64,DIG-SIH-2026,THERMAL_BURN_IN,T04_1289,PROC-ISRO-IISU-01,ATE-STATION-01,CHAMBER-01,1.0,125.0,5.0,168,IDDQ,ELECTRICAL,uA,1.403,1088.9624,1089.0037,1089.0671,1087.5594,23.9,2.3463,12.525,-0.0067,-0.0255,35.45,35.87,1.403,1088.9624,1089.0037,1089.0671,1087.5594,50.0,False,NOMINAL,HEALTHY,-22.54,24.14
DIG_LOT04_COMP1290,LOT_04,DIGITAL_IC,CQFP-64,DIG-SIH-2026,THERMAL_BURN_IN,T04_1290,PROC-ISRO-IISU-01,ATE-STATION-01,CHAMBER-01,1.0,125.0,5.0,168,IDDQ,ELECTRICAL,uA,1.5413,1189.5248,1189.6194,1189.6591,1187.9835,27.35,1.8512,12.042,-0.0117,0.0095,35.36,35.2,1.5413,1189.5248,1189.6194,1189.6591,1187.9835,50.0,False,NOMINAL,HEALTHY,33.0,-5.32
DIG_LOT04_COMP1291,LOT_04,DIGITAL_IC,CQFP-64,DIG-SIH-2026,THERMAL_BURN_IN,T04_1291,PROC-ISRO-IISU-01,ATE-STATION-01,CHAMBER-01,1.0,125.0,5.0,168,IDDQ,ELECTRICAL,uA,1.313,1005.1015,1005.1528,1005.2551,1003.7885,24.537,2.0392,14.01,-0.0461,-0.0579,36.59,36.57,1.313,1005.1015,1005.1528,1005.2551,1003.7885,50.0,False,NOMINAL,HEALTHY,28.77,-32.14
DIG_LOT04_COMP1292,LOT_04,DIGITAL_IC,CQFP-64,DIG-SIH-2026,THERMAL_BURN_IN,T04_1292,PROC-ISRO-IISU-01,ATE-STATION-01,CHAMBER-01,1.0,125.0,5.0,168,IDDQ,ELECTRICAL,uA,1.2465,969.6053,969.7233,969.7461,968.3588,28.797,1.5506,12.814,0.0206,0.0037,34.75,33.81,1.2465,969.6053,969.7233,969.7461,968.3588,50.0,False,NOMINAL,HEALTHY,16.95,38.97
DIG_LOT04_COMP1293,LOT_04,DIGITAL_IC,CQFP-64,DIG-SIH-2026,THERMAL_BURN_IN,T04_1293,PROC-ISRO-IISU-01,ATE-STATION-01,CHAMBER-01,1.0,125.0,5.0,168,IDDQ,ELECTRICAL,uA,1.3256,1026.1231,1026.1924,1026.2579,1024.7975,26.105,1.6192,13.56,0.0022,-0.0091,35.22,35.27,1.3256,1026.1231,1026.1924,1026.2579,1024.7975,50.0,False,NOMINAL,HEALTHY,33.47,19.08
DIG_LOT04_COMP1294,LOT_04,DIGITAL_IC,CQFP-64,DIG-SIH-2026,THERMAL_BURN_IN,T04_1294,PROC-ISRO-IISU-01,ATE-STATION-01,CHAMBER-01,1.0,125.0,5.0,168,IDDQ,ELECTRICAL,uA,1.4386,1110.2603,1110.3773,1110.4326,1108.8217,25.263,2.3869,12.306,0.0043,-0.0322,33.26,32.93,1.4386,1110.2603,1110.3773,1110.4326,1108.8217,50.0,False,NOMINAL,HEALTHY,20.71,-26.34
DIG_LOT04_COMP1295,LOT_04,DIGITAL_IC,CQFP-64,DIG-SIH-2026,THERMAL_BURN_IN,T04_1295,PROC-ISRO-IISU-01,ATE-STATION-01,CHAMBER-01,1.0,125.0,5.0,168,IDDQ,ELECTRICAL,uA,1.3061,999.9598,999.9847,1000.0393,998.6537,27.688,1.4947,13.209,-0.0417,-0.0937,37.82,38.05,1.3061,999.9598,999.9847,1000.0393,998.6537,50.0,False,NOMINAL,HEALTHY,31.7,-42.18
DIG_LOT04_COMP1296,LOT_04,DIGITAL_IC,CQFP-64,DIG-SIH-2026,THERMAL_BURN_IN,T04_1296,PROC-ISRO-IISU-01,ATE-STATION-01,CHAMBER-01,1.0,125.0,5.0,168,IDDQ,ELECTRICAL,uA,1.1074,860.3103,860.3821,860.3991,859.2029,24.251,1.8547,12.732,-0.0161,-0.0148,36.07,36.27,1.1074,860.3103,860.3821,860.3991,859.2029,50.0,False,NOMINAL,HEALTHY,-2.07,18.27
DIG_LOT04_COMP1297,LOT_04,DIGITAL_IC,CQFP-64,DIG-SIH-2026,THERMAL_BURN_IN,T04_1297,PROC-ISRO-IISU-01,ATE-STATION-01,CHAMBER-01,1.0,125.0,5.0,168,IDDQ,ELECTRICAL,uA,1.3097,997.7979,997.839,997.9165,996.4882,25.08,1.4759,11.771,-0.002,-0.0759,35.92,36.1,1.3097,997.7979,997.839,997.9165,996.4882,50.0,False,NOMINAL,HEALTHY,-1.39,5.48
DIG_LOT04_COMP1298,LOT_04,DIGITAL_IC,CQFP-64,DIG-SIH-2026,THERMAL_BURN_IN,T04_1298,PROC-ISRO-IISU-01,ATE-STATION-01,CHAMBER-01,1.0,125.0,5.0,168,IDDQ,ELECTRICAL,uA,1.5054,1160.0774,1160.198,1160.2046,1158.572,22.491,1.5256,12.025,-0.0244,-0.0791,36.16,36.11,1.5054,1160.0774,1160.198,1160.2046,1158.572,50.0,False,NOMINAL,HEALTHY,8.5,20.69
DIG_LOT04_COMP1299,LOT_04,DIGITAL_IC,CQFP-64,DIG-SIH-2026,THERMAL_BURN_IN,T04_1299,PROC-ISRO-IISU-01,ATE-STATION-01,CHAMBER-01,1.0,125.0,5.0,168,IDDQ,ELECTRICAL,uA,1.4497,1136.6374,1136.7422,1136.7676,1135.1877,27.764,2.0448,11.153,0.023,0.1042,35.4,35.17,1.4497,1136.6374,1136.7422,1136.7676,1135.1877,50.0,False,NOMINAL,HEALTHY,-37.75,-9.34
DIG_LOT04_COMP1300,LOT_04,DIGITAL_IC,CQFP-64,DIG-SIH-2026,THERMAL_BURN_IN,T04_1300,PROC-ISRO-IISU-01,ATE-STATION-01,CHAMBER-01,1.0,125.0,5.0,168,IDDQ,ELECTRICAL,uA,1.6785,1275.8741,1275.9762,1276.0769,1274.1956,23.345,1.8964,12.611,0.059,0.0461,35.17,35.46,1.6785,1275.8741,1275.9762,1276.0769,1274.1956,50.0,False,NOMINAL,HEALTHY,-39.83,-19.92
DIG_LOT04_COMP1301,LOT_04,DIGITAL_IC,CQFP-64,DIG-SIH-2026,THERMAL_BURN_IN,T04_1301,PROC-ISRO-IISU-01,ATE-STATION-01,CHAMBER-01,1.0,125.0,5.0,168,IDDQ,ELECTRICAL,uA,1.3268,1010.6089,1010.7098,1010.8085,1009.2821,24.941,2.1136,12.245,-0.0084,-0.0434,35.1,35.01,1.3268,1010.6089,1010.7098,1010.8085,1009.2821,50.0,False,NOMINAL,HEALTHY,-25.88,7.8
DIG_LOT04_COMP1302,LOT_04,DIGITAL_IC,CQFP-64,DIG-SIH-2026,THERMAL_BURN_IN,T04_1302,PROC-ISRO-IISU-01,ATE-STATION-01,CHAMBER-01,1.0,125.0,5.0,168,IDDQ,ELECTRICAL,uA,1.1205,873.4831,873.5962,873.602,872.3626,21.615,1.8217,12.264,0.0004,-0.023,36.18,36.93,1.1205,873.4831,873.5962,873.602,872.3626,50.0,False,NOMINAL,HEALTHY,14.81,40.95
DIG_LOT04_COMP1303,LOT_04,DIGITAL_IC,CQFP-64,DIG-SIH-2026,THERMAL_BURN_IN,T04_1303,PROC-ISRO-IISU-01,ATE-STATION-01,CHAMBER-01,1.0,125.0,5.0,168,IDDQ,ELECTRICAL,uA,1.3577,1046.2746,1046.3263,1046.4688,1044.9169,26.262,2.534,13.153,0.0102,0.0255,33.97,33.41,1.3577,1046.2746,1046.3263,1046.4688,1044.9169,50.0,False,NOMINAL,HEALTHY,-49.41,12.16
DIG_LOT04_COMP1304,LOT_04,DIGITAL_IC,CQFP-64,DIG-SIH-2026,THERMAL_BURN_IN,T04_1304,PROC-ISRO-IISU-01,ATE-STATION-01,CHAMBER-01,1.0,125.0,5.0,168,IDDQ,ELECTRICAL,uA,1.3926,1076.5346,1076.628,1076.6854,1075.142,23.903,1.7518,12.275,-0.0021,-0.0624,36.96,37.81,1.3926,1076.5346,1076.628,1076.6854,1075.142,50.0,False,NOMINAL,HEALTHY,22.1,28.58
DIG_LOT04_COMP1305,LOT_04,DIGITAL_IC,CQFP-64,DIG-SIH-2026,THERMAL_BURN_IN,T04_1305,PROC-ISRO-IISU-01,ATE-STATION-01,CHAMBER-01,1.0,125.0,5.0,168,IDDQ,ELECTRICAL,uA,0.8926,705.9652,706.0275,706.0709,705.0726,24.606,1.4919,11.799,-0.0015,-0.0432,34.61,35.1,0.8926,705.9652,706.0275,706.0709,705.0726,50.0,False,NOMINAL,HEALTHY,30.97,19.61
DIG_LOT04_COMP1306,LOT_04,DIGITAL_IC,CQFP-64,DIG-SIH-2026,THERMAL_BURN_IN,T04_1306,PROC-ISRO-IISU-01,ATE-STATION-01,CHAMBER-01,1.0,125.0,5.0,168,IDDQ,ELECTRICAL,uA,1.0999,837.079,837.119,837.1581,835.9791,26.186,1.9675,12.814,0.0001,0.0063,37.0,37.36,1.0999,837.079,837.119,837.1581,835.9791,50.0,False,NOMINAL,HEALTHY,-27.88,-25.93
DIG_LOT04_COMP1307,LOT_04,DIGITAL_IC,CQFP-64,DIG-SIH-2026,THERMAL_BURN_IN,T04_1307,PROC-ISRO-IISU-01,ATE-STATION-01,CHAMBER-01,1.0,125.0,5.0,168,IDDQ,ELECTRICAL,uA,1.3751,1064.6311,1064.6731,1064.7563,1063.256,25.812,2.1274,12.415,0.0386,0.0984,35.45,36.04,1.3751,1064.6311,1064.6731,1064.7563,1063.256,50.0,False,NOMINAL,HEALTHY,9.67,-21.29
DIG_LOT04_COMP1308,LOT_04,DIGITAL_IC,CQFP-64,DIG-SIH-2026,THERMAL_BURN_IN,T04_1308,PROC-ISRO-IISU-01,ATE-STATION-01,CHAMBER-01,1.0,125.0,5.0,168,IDDQ,ELECTRICAL,uA,1.3492,1036.9628,1037.0387,1037.0609,1035.6136,26.262,1.7238,13.419,-0.008,0.0104,35.27,35.81,1.3492,1036.9628,1037.0387,1037.0609,1035.6136,50.0,False,NOMINAL,HEALTHY,41.3,42.86
DIG_LOT04_COMP1309,LOT_04,DIGITAL_IC,CQFP-64,DIG-SIH-2026,THERMAL_BURN_IN,T04_1309,PROC-ISRO-IISU-01,ATE-STATION-01,CHAMBER-01,1.0,125.0,5.0,168,IDDQ,ELECTRICAL,uA,1.1782,920.2899,920.355,920.337,919.1117,24.598,2.2838,9.969,0.0211,0.0261,36.25,36.06,1.1782,920.2899,920.355,920.337,919.1117,50.0,False,NOMINAL,HEALTHY,-46.98,17.66
DIG_LOT04_COMP1310,LOT_04,DIGITAL_IC,CQFP-64,DIG-SIH-2026,THERMAL_BURN_IN,T04_1310,PROC-ISRO-IISU-01,ATE-STATION-01,CHAMBER-01,1.0,125.0,5.0,168,IDDQ,ELECTRICAL,uA,1.3992,1062.7619,1062.8057,1062.8463,1061.3627,24.93,1.931,12.196,0.0111,0.0902,35.43,34.64,1.3992,1062.7619,1062.8057,1062.8463,1061.3627,50.0,False,NOMINAL,HEALTHY,6.98,-48.43
DIG_LOT04_COMP1311,LOT_04,DIGITAL_IC,CQFP-64,DIG-SIH-2026,THERMAL_BURN_IN,T04_1311,PROC-ISRO-IISU-01,ATE-STATION-01,CHAMBER-01,1.0,125.0,5.0,168,IDDQ,ELECTRICAL,uA,1.1791,898.8901,898.9718,898.9136,897.711,25.653,1.7802,11.852,0.0144,-0.0296,35.36,34.9,1.1791,898.8901,898.9718,898.9136,897.711,50.0,False,NOMINAL,HEALTHY,41.06,21.61
DIG_LOT04_COMP1312,LOT_04,DIGITAL_IC,CQFP-64,DIG-SIH-2026,THERMAL_BURN_IN,T04_1312,PROC-ISRO-IISU-01,ATE-STATION-01,CHAMBER-01,1.0,125.0,5.0,168,IDDQ,ELECTRICAL,uA,1.1314,884.1714,884.2714,884.2651,883.04,24.151,2.586,13.313,-0.0184,-0.0238,34.49,34.99,1.1314,884.1714,884.2714,884.2651,883.04,50.0,False,NOMINAL,HEALTHY,22.77,23.17
DIG_LOT04_COMP1313,LOT_04,DIGITAL_IC,CQFP-64,DIG-SIH-2026,THERMAL_BURN_IN,T04_1313,PROC-ISRO-IISU-01,ATE-STATION-01,CHAMBER-01,1.0,125.0,5.0,168,IDDQ,ELECTRICAL,uA,1.2205,954.5867,954.6524,954.6881,953.3662,24.72,1.5065,12.584,-0.0756,-0.045,34.71,34.74,1.2205,954.5867,954.6524,954.6881,953.3662,50.0,False,NOMINAL,HEALTHY,-33.66,-30.5
DIG_LOT04_COMP1314,LOT_04,DIGITAL_IC,CQFP-64,DIG-SIH-2026,THERMAL_BURN_IN,T04_1314,PROC-ISRO-IISU-01,ATE-STATION-01,CHAMBER-01,1.0,125.0,5.0,168,IDDQ,ELECTRICAL,uA,1.3009,999.509,999.585,999.6247,998.2081,27.555,1.6862,11.738,0.0207,0.0521,35.19,35.62,1.3009,999.509,999.585,999.6247,998.2081,50.0,False,NOMINAL,HEALTHY,-8.84,23.36
DIG_LOT04_COMP1315,LOT_04,DIGITAL_IC,CQFP-64,DIG-SIH-2026,THERMAL_BURN_IN,T04_1315,PROC-ISRO-IISU-01,ATE-STATION-01,CHAMBER-01,1.0,125.0,5.0,168,IDDQ,ELECTRICAL,uA,1.3469,1026.8756,1026.985,1027.0198,1025.5287,22.751,2.1644,13.174,-0.0366,-0.0159,35.48,35.02,1.3469,1026.8756,1026.985,1027.0198,1025.5287,50.0,False,NOMINAL,HEALTHY,-38.84,-3.89
DIG_LOT04_COMP1316,LOT_04,DIGITAL_IC,CQFP-64,DIG-SIH-2026,THERMAL_BURN_IN,T04_1316,PROC-ISRO-IISU-01,ATE-STATION-01,CHAMBER-01,1.0,125.0,5.0,168,IDDQ,ELECTRICAL,uA,1.4074,1085.4664,1085.5072,1085.5715,1084.059,25.027,1.5444,11.431,0.0255,0.0173,36.54,36.38,1.4074,1085.4664,1085.5072,1085.5715,1084.059,50.0,False,NOMINAL,HEALTHY,-18.38,-21.43
DIG_LOT04_COMP1317,LOT_04,DIGITAL_IC,CQFP-64,DIG-SIH-2026,THERMAL_BURN_IN,T04_1317,PROC-ISRO-IISU-01,ATE-STATION-01,CHAMBER-01,1.0,125.0,5.0,168,IDDQ,ELECTRICAL,uA,1.4478,1098.7092,1098.7947,1098.8303,1097.2614,25.422,1.8091,12.335,0.0173,0.1092,33.36,33.27,1.4478,1098.7092,1098.7947,1098.8303,1097.2614,50.0,False,NOMINAL,HEALTHY,-35.23,33.89
DIG_LOT04_COMP1318,LOT_04,DIGITAL_IC,CQFP-64,DIG-SIH-2026,THERMAL_BURN_IN,T04_1318,PROC-ISRO-IISU-01,ATE-STATION-01,CHAMBER-01,1.0,125.0,5.0,168,IDDQ,ELECTRICAL,uA,1.2686,1010.0092,1010.0963,1010.1733,1008.7406,26.096,1.9699,12.205,-0.0351,-0.017,36.15,35.54,1.2686,1010.0092,1010.0963,1010.1733,1008.7406,50.0,False,NOMINAL,HEALTHY,-23.54,-33.1
DIG_LOT04_COMP1319,LOT_04,DIGITAL_IC,CQFP-64,DIG-SIH-2026,THERMAL_BURN_IN,T04_1319,PROC-ISRO-IISU-01,ATE-STATION-01,CHAMBER-01,1.0,125.0,5.0,168,IDDQ,ELECTRICAL,uA,1.3045,1004.7029,1004.811,1004.8444,1003.3984,25.077,1.9756,11.775,0.0154,0.0074,33.2,32.56,1.3045,1004.7029,1004.811,1004.8444,1003.3984,50.0,False,NOMINAL,HEALTHY,13.02,25.39
DIG_LOT04_COMP1320,LOT_04,DIGITAL_IC,CQFP-64,DIG-SIH-2026,THERMAL_BURN_IN,T04_1320,PROC-ISRO-IISU-01,ATE-STATION-01,CHAMBER-01,1.0,125.0,5.0,168,IDDQ,ELECTRICAL,uA,1.5205,1165.3551,1165.4121,1165.4575,1163.8346,26.997,2.0049,11.461,-0.0071,0.0216,35.97,35.17,1.5205,1165.3551,1165.4121,1165.4575,1163.8346,50.0,False,NOMINAL,HEALTHY,23.51,3.32
DIG_LOT04_COMP1321,LOT_04,DIGITAL_IC,CQFP-64,DIG-SIH-2026,THERMAL_BURN_IN,T04_1321,PROC-ISRO-IISU-01,ATE-STATION-01,CHAMBER-01,1.0,125.0,5.0,168,IDDQ,ELECTRICAL,uA,1.2631,969.9769,970.0643,970.0923,968.7138,27.244,2.2919,11.531,-0.0372,-0.0276,36.06,36.32,1.2631,969.9769,970.0643,970.0923,968.7138,50.0,False,NOMINAL,HEALTHY,2.66,-12.82
DIG_LOT04_COMP1322,LOT_04,DIGITAL_IC,CQFP-64,DIG-SIH-2026,THERMAL_BURN_IN,T04_1322,PROC-ISRO-IISU-01,ATE-STATION-01,CHAMBER-01,1.0,125.0,5.0,168,IDDQ,ELECTRICAL,uA,1.4496,1118.4493,1126.9941,1276.8659,1116.9997,24.802,1.9516,12.523,0.0004,-0.0714,34.03,33.88,1.4496,1118.4493,1126.9941,1276.8659,1116.9997,50.0,True,THERMAL_RUNAWAY,HEALTHY,-33.13,-7.45
DIG_LOT04_COMP1323,LOT_04,DIGITAL_IC,CQFP-64,DIG-SIH-2026,THERMAL_BURN_IN,T04_1323,PROC-ISRO-IISU-01,ATE-STATION-01,CHAMBER-01,1.0,125.0,5.0,168,IDDQ,ELECTRICAL,uA,1.3715,1057.0196,1057.0666,1057.1731,1055.6481,25.081,2.392,12.693,0.0146,0.0354,37.41,36.75,1.3715,1057.0196,1057.0666,1057.1731,1055.6481,50.0,False,NOMINAL,HEALTHY,22.06,10.37
DIG_LOT04_COMP1324,LOT_04,DIGITAL_IC,CQFP-64,DIG-SIH-2026,THERMAL_BURN_IN,T04_1324,PROC-ISRO-IISU-01,ATE-STATION-01,CHAMBER-01,1.0,125.0,5.0,168,IDDQ,ELECTRICAL,uA,1.1645,891.4074,891.4368,891.5485,890.2429,23.114,1.4941,12.886,0.0141,0.0155,34.46,34.24,1.1645,891.4074,891.4368,891.5485,890.2429,50.0,False,NOMINAL,HEALTHY,-6.63,-15.31
DIG_LOT04_COMP1325,LOT_04,DIGITAL_IC,CQFP-64,DIG-SIH-2026,THERMAL_BURN_IN,T04_1325,PROC-ISRO-IISU-01,ATE-STATION-01,CHAMBER-01,1.0,125.0,5.0,168,IDDQ,ELECTRICAL,uA,1.142,895.6928,904.1785,1053.9815,894.5508,26.198,2.0297,12.555,-0.0104,0.0156,34.39,34.58,1.142,895.6928,904.1785,1053.9815,894.5508,50.0,True,THERMAL_RUNAWAY,HEALTHY,29.18,28.07
DIG_LOT04_COMP1326,LOT_04,DIGITAL_IC,CQFP-64,DIG-SIH-2026,THERMAL_BURN_IN,T04_1326,PROC-ISRO-IISU-01,ATE-STATION-01,CHAMBER-01,1.0,125.0,5.0,168,IDDQ,ELECTRICAL,uA,1.0269,789.7258,789.7753,789.7949,788.6989,23.87,2.1867,11.993,0.0209,0.051,35.84,35.77,1.0269,789.7258,789.7753,789.7949,788.6989,50.0,False,NOMINAL,HEALTHY,-23.78,13.49
DIG_LOT04_COMP1327,LOT_04,DIGITAL_IC,CQFP-64,DIG-SIH-2026,THERMAL_BURN_IN,T04_1327,PROC-ISRO-IISU-01,ATE-STATION-01,CHAMBER-01,1.0,125.0,5.0,168,IDDQ,ELECTRICAL,uA,1.2928,984.8734,984.9686,985.0757,983.5806,26.462,2.1782,12.125,-0.036,-0.0138,33.8,34.51,1.2928,984.8734,984.9686,985.0757,983.5806,50.0,False,NOMINAL,HEALTHY,21.16,16.34
DIG_LOT04_COMP1328,LOT_04,DIGITAL_IC,CQFP-64,DIG-SIH-2026,THERMAL_BURN_IN,T04_1328,PROC-ISRO-IISU-01,ATE-STATION-01,CHAMBER-01,1.0,125.0,5.0,168,IDDQ,ELECTRICAL,uA,1.3321,1015.5683,1015.6076,1015.6988,1014.2362,26.648,2.084,13.534,-0.0001,0.1218,37.55,36.95,1.3321,1015.5683,1015.6076,1015.6988,1014.2362,50.0,False,NOMINAL,HEALTHY,10.5,-11.29
DIG_LOT04_COMP1329,LOT_04,DIGITAL_IC,CQFP-64,DIG-SIH-2026,THERMAL_BURN_IN,T04_1329,PROC-ISRO-IISU-01,ATE-STATION-01,CHAMBER-01,1.0,125.0,5.0,168,IDDQ,ELECTRICAL,uA,1.048,834.3796,834.4451,834.5431,833.3316,26.165,2.1513,12.282,0.0144,-0.097,36.74,36.41,1.048,834.3796,834.4451,834.5431,833.3316,50.0,False,NOMINAL,HEALTHY,-20.29,-28.46
DIG_LOT04_COMP1330,LOT_04,DIGITAL_IC,CQFP-64,DIG-SIH-2026,THERMAL_BURN_IN,T04_1330,PROC-ISRO-IISU-01,ATE-STATION-01,CHAMBER-01,1.0,125.0,5.0,168,IDDQ,ELECTRICAL,uA,1.5558,1199.0774,1199.1586,1199.2642,1197.5216,25.624,2.1223,12.63,-0.0102,-0.0291,34.21,33.88,1.5558,1199.0774,1199.1586,1199.2642,1197.5216,50.0,False,NOMINAL,HEALTHY,-14.33,-40.56
DIG_LOT04_COMP1331,LOT_04,DIGITAL_IC,CQFP-64,DIG-SIH-2026,THERMAL_BURN_IN,T04_1331,PROC-ISRO-IISU-01,ATE-STATION-01,CHAMBER-01,1.0,125.0,5.0,168,IDDQ,ELECTRICAL,uA,1.4,1079.3055,1079.4064,1079.4407,1077.9055,28.42,2.0687,12.262,-0.0238,-0.086,35.57,35.59,1.4,1079.3055,1079.4064,1079.4407,1077.9055,50.0,False,NOMINAL,HEALTHY,-8.61,-21.93
DIG_LOT04_COMP1332,LOT_04,DIGITAL_IC,CQFP-64,DIG-SIH-2026,THERMAL_BURN_IN,T04_1332,PROC-ISRO-IISU-01,ATE-STATION-01,CHAMBER-01,1.0,125.0,5.0,168,IDDQ,ELECTRICAL,uA,1.2462,958.4397,958.4654,958.4762,957.1935,24.069,1.7384,14.231,-0.0304,-0.0141,35.27,34.82,1.2462,958.4397,958.4654,958.4762,957.1935,50.0,False,NOMINAL,HEALTHY,13.51,-25.5
DIG_LOT04_COMP1333,LOT_04,DIGITAL_IC,CQFP-64,DIG-SIH-2026,THERMAL_BURN_IN,T04_1333,PROC-ISRO-IISU-01,ATE-STATION-01,CHAMBER-01,1.0,125.0,5.0,168,IDDQ,ELECTRICAL,uA,5.7075,4421.9625,4422.1996,4422.3804,4416.255,26.217,2.3156,13.062,-0.0164,-0.0617,34.33,34.7,5.7075,4421.9625,4422.1996,4422.3804,4416.255,50.0,True,SPATIAL_OUTLIER,HEALTHY,20.94,-45.93
DIG_LOT04_COMP1334,LOT_04,DIGITAL_IC,CQFP-64,DIG-SIH-2026,THERMAL_BURN_IN,T04_1334,PROC-ISRO-IISU-01,ATE-STATION-01,CHAMBER-01,1.0,125.0,5.0,168,IDDQ,ELECTRICAL,uA,1.5578,1199.2088,1199.288,1199.3247,1197.651,28.038,1.9044,12.916,0.0075,0.114,34.85,34.71,1.5578,1199.2088,1199.288,1199.3247,1197.651,50.0,False,NOMINAL,HEALTHY,36.7,-20.48
DIG_LOT04_COMP1335,LOT_04,DIGITAL_IC,CQFP-64,DIG-SIH-2026,THERMAL_BURN_IN,T04_1335,PROC-ISRO-IISU-01,ATE-STATION-01,CHAMBER-01,1.0,125.0,5.0,168,IDDQ,ELECTRICAL,uA,1.3958,1070.5708,1070.6518,1070.6808,1069.175,27.462,2.3939,12.546,-0.0313,-0.059,36.24,36.38,1.3958,1070.5708,1070.6518,1070.6808,1069.175,50.0,False,NOMINAL,HEALTHY,-8.46,31.06
DIG_LOT04_COMP1336,LOT_04,DIGITAL_IC,CQFP-64,DIG-SIH-2026,THERMAL_BURN_IN,T04_1336,PROC-ISRO-IISU-01,ATE-STATION-01,CHAMBER-01,1.0,125.0,5.0,168,IDDQ,ELECTRICAL,uA,1.2044,937.0586,937.1064,937.1428,935.8542,26.921,2.269,12.687,0.0106,-0.0247,34.15,34.04,1.2044,937.0586,937.1064,937.1428,935.8542,50.0,False,NOMINAL,HEALTHY,10.43,-25.37
DIG_LOT04_COMP1337,LOT_04,DIGITAL_IC,CQFP-64,DIG-SIH-2026,THERMAL_BURN_IN,T04_1337,PROC-ISRO-IISU-01,ATE-STATION-01,CHAMBER-01,1.0,125.0,5.0,168,IDDQ,ELECTRICAL,uA,1.05,819.915,819.9943,819.9643,818.865,23.941,2.2596,13.074,-0.0029,0.0171,32.54,32.12,1.05,819.915,819.9943,819.9643,818.865,50.0,False,NOMINAL,HEALTHY,4.83,-6.67
DIG_LOT04_COMP1338,LOT_04,DIGITAL_IC,CQFP-64,DIG-SIH-2026,THERMAL_BURN_IN,T04_1338,PROC-ISRO-IISU-01,ATE-STATION-01,CHAMBER-01,1.0,125.0,5.0,168,IDDQ,ELECTRICAL,uA,1.522,1163.1644,1163.2254,1163.2769,1161.6424,22.895,1.9945,11.827,-0.0294,-0.027,33.32,33.61,1.522,1163.1644,1163.2254,1163.2769,1161.6424,50.0,False,NOMINAL,HEALTHY,42.66,-24.31
DIG_LOT04_COMP1339,LOT_04,DIGITAL_IC,CQFP-64,DIG-SIH-2026,THERMAL_BURN_IN,T04_1339,PROC-ISRO-IISU-01,ATE-STATION-01,CHAMBER-01,1.0,125.0,5.0,168,IDDQ,ELECTRICAL,uA,1.655,1274.9672,1275.0582,1275.1128,1273.3122,28.18,1.8844,12.019,-0.0073,-0.0267,33.97,34.22,1.655,1274.9672,1275.0582,1275.1128,1273.3122,50.0,False,NOMINAL,HEALTHY,-11.64,-45.75
DIG_LOT04_COMP1340,LOT_04,DIGITAL_IC,CQFP-64,DIG-SIH-2026,THERMAL_BURN_IN,T04_1340,PROC-ISRO-IISU-01,ATE-STATION-01,CHAMBER-01,1.0,125.0,5.0,168,IDDQ,ELECTRICAL,uA,1.4261,1094.6715,1103.2171,1253.1283,1093.2454,23.791,1.7806,12.677,0.0239,-0.0016,34.39,34.1,1.4261,1094.6715,1103.2171,1253.1283,1093.2454,50.0,True,THERMAL_RUNAWAY,HEALTHY,47.06,-33.94
DIG_LOT04_COMP1341,LOT_04,DIGITAL_IC,CQFP-64,DIG-SIH-2026,THERMAL_BURN_IN,T04_1341,PROC-ISRO-IISU-01,ATE-STATION-01,CHAMBER-01,1.0,125.0,5.0,168,IDDQ,ELECTRICAL,uA,1.4364,1108.8938,1117.4325,1267.365,1107.4574,24.001,1.5948,12.791,0.0112,0.0888,33.32,32.62,1.4364,1108.8938,1117.4325,1267.365,1107.4574,50.0,True,THERMAL_RUNAWAY,HEALTHY,-47.07,-12.63
DIG_LOT04_COMP1342,LOT_04,DIGITAL_IC,CQFP-64,DIG-SIH-2026,THERMAL_BURN_IN,T04_1342,PROC-ISRO-IISU-01,ATE-STATION-01,CHAMBER-01,1.0,125.0,5.0,168,IDDQ,ELECTRICAL,uA,1.0154,795.9342,796.0216,796.0483,794.9188,24.442,1.9477,12.698,0.0025,-0.0127,34.87,34.91,1.0154,795.9342,796.0216,796.0483,794.9188,50.0,False,NOMINAL,HEALTHY,-1.44,16.2
DIG_LOT04_COMP1343,LOT_04,DIGITAL_IC,CQFP-64,DIG-SIH-2026,THERMAL_BURN_IN,T04_1343,PROC-ISRO-IISU-01,ATE-STATION-01,CHAMBER-01,1.0,125.0,5.0,168,IDDQ,ELECTRICAL,uA,1.1772,895.092,895.1383,895.1734,893.9148,24.888,2.5126,11.157,-0.0228,-0.0425,34.95,35.85,1.1772,895.092,895.1383,895.1734,893.9148,50.0,False,NOMINAL,HEALTHY,-5.72,-33.92
DIG_LOT04_COMP1344,LOT_04,DIGITAL_IC,CQFP-64,DIG-SIH-2026,THERMAL_BURN_IN,T04_1344,PROC-ISRO-IISU-01,ATE-STATION-01,CHAMBER-01,1.0,125.0,5.0,168,IDDQ,ELECTRICAL,uA,1.457,1128.0731,1128.1644,1128.1564,1126.6161,25.377,1.7917,12.638,-0.0156,-0.0011,34.79,35.06,1.457,1128.0731,1128.1644,1128.1564,1126.6161,50.0,False,NOMINAL,HEALTHY,43.47,-47.02
DIG_LOT04_COMP1345,LOT_04,DIGITAL_IC,CQFP-64,DIG-SIH-2026,THERMAL_BURN_IN,T04_1345,PROC-ISRO-IISU-01,ATE-STATION-01,CHAMBER-01,1.0,125.0,5.0,168,IDDQ,ELECTRICAL,uA,1.3662,1053.9598,1054.0433,1054.1233,1052.5936,28.037,2.0202,12.467,0.0276,0.1463,35.22,34.67,1.3662,1053.9598,1054.0433,1054.1233,1052.5936,50.0,False,NOMINAL,HEALTHY,-38.76,18.74
DIG_LOT04_COMP1346,LOT_04,DIGITAL_IC,CQFP-64,DIG-SIH-2026,THERMAL_BURN_IN,T04_1346,PROC-ISRO-IISU-01,ATE-STATION-01,CHAMBER-01,1.0,125.0,5.0,168,IDDQ,ELECTRICAL,uA,1.2348,955.9912,956.0906,956.1736,954.7564,24.876,1.787,13.292,-0.0486,-0.0666,35.68,35.46,1.2348,955.9912,956.0906,956.1736,954.7564,50.0,False,NOMINAL,HEALTHY,-6.38,-47.71
DIG_LOT04_COMP1347,LOT_04,DIGITAL_IC,CQFP-64,DIG-SIH-2026,THERMAL_BURN_IN,T04_1347,PROC-ISRO-IISU-01,ATE-STATION-01,CHAMBER-01,1.0,125.0,5.0,168,IDDQ,ELECTRICAL,uA,1.2525,946.0578,946.0755,946.1114,944.8053,26.167,2.1422,13.049,0.0165,0.0425,36.61,36.34,1.2525,946.0578,946.0755,946.1114,944.8053,50.0,False,NOMINAL,HEALTHY,26.67,35.23
DIG_LOT04_COMP1348,LOT_04,DIGITAL_IC,CQFP-64,DIG-SIH-2026,THERMAL_BURN_IN,T04_1348,PROC-ISRO-IISU-01,ATE-STATION-01,CHAMBER-01,1.0,125.0,5.0,168,IDDQ,ELECTRICAL,uA,1.1625,928.0224,928.0924,928.1253,926.8599,29.156,1.6854,12.062,-0.0368,0.0247,34.16,34.27,1.1625,928.0224,928.0924,928.1253,926.8599,50.0,False,NOMINAL,HEALTHY,35.86,-9.41
DIG_LOT04_COMP1349,LOT_04,DIGITAL_IC,CQFP-64,DIG-SIH-2026,THERMAL_BURN_IN,T04_1349,PROC-ISRO-IISU-01,ATE-STATION-01,CHAMBER-01,1.0,125.0,5.0,168,IDDQ,ELECTRICAL,uA,1.4178,1074.7903,1074.8211,1074.9091,1073.3725,24.875,1.9466,12.509,-0.0258,-0.0561,35.28,35.58,1.4178,1074.7903,1074.8211,1074.9091,1073.3725,50.0,False,NOMINAL,HEALTHY,45.36,40.96
DIG_LOT04_COMP1350,LOT_04,DIGITAL_IC,CQFP-64,DIG-SIH-2026,THERMAL_BURN_IN,T04_1350,PROC-ISRO-IISU-01,ATE-STATION-01,CHAMBER-01,1.0,125.0,5.0,168,IDDQ,ELECTRICAL,uA,1.0968,841.4748,841.5224,841.5659,840.378,23.006,1.6762,13.056,-0.0091,-0.028,32.92,32.78,1.0968,841.4748,841.5224,841.5659,840.378,50.0,False,NOMINAL,HEALTHY,-24.55,2.62
DIG_LOT04_COMP1351,LOT_04,DIGITAL_IC,CQFP-64,DIG-SIH-2026,THERMAL_BURN_IN,T04_1351,PROC-ISRO-IISU-01,ATE-STATION-01,CHAMBER-01,1.0,125.0,5.0,168,IDDQ,ELECTRICAL,uA,1.4349,1119.512,1119.5855,1119.6565,1118.0771,24.075,2.4601,12.052,-0.0227,-0.0312,36.55,36.58,1.4349,1119.512,1119.5855,1119.6565,1118.0771,50.0,False,NOMINAL,HEALTHY,-48.29,-17.86
DIG_LOT04_COMP1352,LOT_04,DIGITAL_IC,CQFP-64,DIG-SIH-2026,THERMAL_BURN_IN,T04_1352,PROC-ISRO-IISU-01,ATE-STATION-01,CHAMBER-01,1.0,125.0,5.0,168,IDDQ,ELECTRICAL,uA,1.1272,869.7873,869.8699,869.866,868.6601,23.733,1.8488,11.434,0.0045,0.0269,36.74,36.42,1.1272,869.7873,869.8699,869.866,868.6601,50.0,False,NOMINAL,HEALTHY,-6.05,23.55
DIG_LOT04_COMP1353,LOT_04,DIGITAL_IC,CQFP-64,DIG-SIH-2026,THERMAL_BURN_IN,T04_1353,PROC-ISRO-IISU-01,ATE-STATION-01,CHAMBER-01,1.0,125.0,5.0,168,IDDQ,ELECTRICAL,uA,1.1825,903.6762,903.7812,903.7858,902.4937,25.684,2.3445,12.852,0.0282,0.0142,35.96,36.0,1.1825,903.6762,903.7812,903.7858,902.4937,50.0,False,NOMINAL,HEALTHY,38.56,-2.63
DIG_LOT04_COMP1354,LOT_04,DIGITAL_IC,CQFP-64,DIG-SIH-2026,THERMAL_BURN_IN,T04_1354,PROC-ISRO-IISU-01,ATE-STATION-01,CHAMBER-01,1.0,125.0,5.0,168,IDDQ,ELECTRICAL,uA,1.3304,1013.7255,1013.7896,1013.8535,1012.3951,25.965,1.7095,12.028,0.0124,0.0072,35.06,35.14,1.3304,1013.7255,1013.7896,1013.8535,1012.3951,50.0,False,NOMINAL,HEALTHY,28.09,16.57
DIG_LOT04_COMP1355,LOT_04,DIGITAL_IC,CQFP-64,DIG-SIH-2026,THERMAL_BURN_IN,T04_1355,PROC-ISRO-IISU-01,ATE-STATION-01,CHAMBER-01,1.0,125.0,5.0,168,IDDQ,ELECTRICAL,uA,1.2227,938.8046,938.8692,938.9416,937.5819,25.36,2.0992,12.98,0.0299,0.0475,36.83,37.31,1.2227,938.8046,938.8692,938.9416,937.5819,50.0,False,NOMINAL,HEALTHY,-36.18,-15.37
DIG_LOT04_COMP1356,LOT_04,DIGITAL_IC,CQFP-64,DIG-SIH-2026,THERMAL_BURN_IN,T04_1356,PROC-ISRO-IISU-01,ATE-STATION-01,CHAMBER-01,1.0,125.0,5.0,168,IDDQ,ELECTRICAL,uA,1.2685,972.3573,972.4434,972.4763,971.0888,27.345,2.1573,12.806,0.0002,-0.0554,33.93,34.14,1.2685,972.3573,972.4434,972.4763,971.0888,50.0,False,NOMINAL,HEALTHY,-45.44,-21.22
DIG_LOT04_COMP1357,LOT_04,DIGITAL_IC,CQFP-64,DIG-SIH-2026,THERMAL_BURN_IN,T04_1357,PROC-ISRO-IISU-01,ATE-STATION-01,CHAMBER-01,1.0,125.0,5.0,168,IDDQ,ELECTRICAL,uA,1.6472,1260.3227,1260.4297,1260.475,1258.6755,25.146,2.1874,11.03,-0.0036,-0.0502,32.73,33.4,1.6472,1260.3227,1260.4297,1260.475,1258.6755,50.0,False,NOMINAL,HEALTHY,16.86,40.07
DIG_LOT04_COMP1358,LOT_04,DIGITAL_IC,CQFP-64,DIG-SIH-2026,THERMAL_BURN_IN,T04_1358,PROC-ISRO-IISU-01,ATE-STATION-01,CHAMBER-01,1.0,125.0,5.0,168,IDDQ,ELECTRICAL,uA,1.3336,1020.4051,1020.4671,1020.5357,1019.0715,24.889,1.485,13.401,-0.0134,-0.0369,36.62,35.92,1.3336,1020.4051,1020.4671,1020.5357,1019.0715,50.0,False,NOMINAL,HEALTHY,6.19,8.16
DIG_LOT04_COMP1359,LOT_04,DIGITAL_IC,CQFP-64,DIG-SIH-2026,THERMAL_BURN_IN,T04_1359,PROC-ISRO-IISU-01,ATE-STATION-01,CHAMBER-01,1.0,125.0,5.0,168,IDDQ,ELECTRICAL,uA,1.1423,886.1335,886.2206,886.3279,884.9912,23.876,2.5748,12.039,0.0337,-0.0042,35.28,35.29,1.1423,886.1335,886.2206,886.3279,884.9912,50.0,False,NOMINAL,HEALTHY,34.85,-18.25
DIG_LOT04_COMP1360,LOT_04,DIGITAL_IC,CQFP-64,DIG-SIH-2026,THERMAL_BURN_IN,T04_1360,PROC-ISRO-IISU-01,ATE-STATION-01,CHAMBER-01,1.0,125.0,5.0,168,IDDQ,ELECTRICAL,uA,1.4049,1095.2136,1095.296,1095.3286,1093.8087,22.161,1.6177,12.487,0.0322,-0.0149,34.82,34.52,1.4049,1095.2136,1095.296,1095.3286,1093.8087,50.0,False,NOMINAL,HEALTHY,45.44,27.74
DIG_LOT04_COMP1361,LOT_04,DIGITAL_IC,CQFP-64,DIG-SIH-2026,THERMAL_BURN_IN,T04_1361,PROC-ISRO-IISU-01,ATE-STATION-01,CHAMBER-01,1.0,125.0,5.0,168,IDDQ,ELECTRICAL,uA,1.2471,948.7424,948.8143,948.9127,947.4953,25.085,2.0239,11.385,-0.0262,-0.0255,33.89,33.71,1.2471,948.7424,948.8143,948.9127,947.4953,50.0,False,NOMINAL,HEALTHY,13.98,24.71
DIG_LOT04_COMP1362,LOT_04,DIGITAL_IC,CQFP-64,DIG-SIH-2026,THERMAL_BURN_IN,T04_1362,PROC-ISRO-IISU-01,ATE-STATION-01,CHAMBER-01,1.0,125.0,5.0,168,IDDQ,ELECTRICAL,uA,1.1162,852.1604,852.2012,852.2747,851.0442,21.719,2.0861,12.3,0.0186,0.0269,34.58,34.47,1.1162,852.1604,852.2012,852.2747,851.0442,50.0,False,NOMINAL,HEALTHY,33.36,30.26
DIG_LOT04_COMP1363,LOT_04,DIGITAL_IC,CQFP-64,DIG-SIH-2026,THERMAL_BURN_IN,T04_1363,PROC-ISRO-IISU-01,ATE-STATION-01,CHAMBER-01,1.0,125.0,5.0,168,IDDQ,ELECTRICAL,uA,1.3165,1011.7588,1011.8092,1011.8935,1010.4423,25.305,1.7293,12.556,0.004,0.04,36.06,36.5,1.3165,1011.7588,1011.8092,1011.8935,1010.4423,50.0,False,NOMINAL,HEALTHY,-43.42,6.56
DIG_LOT04_COMP1364,LOT_04,DIGITAL_IC,CQFP-64,DIG-SIH-2026,THERMAL_BURN_IN,T04_1364,PROC-ISRO-IISU-01,ATE-STATION-01,CHAMBER-01,1.0,125.0,5.0,168,IDDQ,ELECTRICAL,uA,1.4242,1094.3972,1094.4873,1094.5489,1092.973,26.319,1.8082,13.336,0.0266,0.0293,34.69,34.04,1.4242,1094.3972,1094.4873,1094.5489,1092.973,50.0,False,NOMINAL,HEALTHY,-39.11,-44.89
DIG_LOT04_COMP1365,LOT_04,DIGITAL_IC,CQFP-64,DIG-SIH-2026,THERMAL_BURN_IN,T04_1365,PROC-ISRO-IISU-01,ATE-STATION-01,CHAMBER-01,1.0,125.0,5.0,168,IDDQ,ELECTRICAL,uA,0.8967,706.0003,706.0558,706.0231,705.1036,25.881,1.6573,12.472,0.0112,-0.0321,34.4,35.26,0.8967,706.0003,706.0558,706.0231,705.1036,50.0,False,NOMINAL,HEALTHY,-47.29,-40.9
DIG_LOT04_COMP1366,LOT_04,DIGITAL_IC,CQFP-64,DIG-SIH-2026,THERMAL_BURN_IN,T04_1366,PROC-ISRO-IISU-01,ATE-STATION-01,CHAMBER-01,1.0,125.0,5.0,168,IDDQ,ELECTRICAL,uA,1.1218,846.4607,846.493,846.5659,845.3389,22.753,1.3538,13.224,0.0002,0.0592,32.97,33.5,1.1218,846.4607,846.493,846.5659,845.3389,50.0,False,NOMINAL,HEALTHY,-5.44,9.82
DIG_LOT04_COMP1367,LOT_04,DIGITAL_IC,CQFP-64,DIG-SIH-2026,THERMAL_BURN_IN,T04_1367,PROC-ISRO-IISU-01,ATE-STATION-01,CHAMBER-01,1.0,125.0,5.0,168,IDDQ,ELECTRICAL,uA,1.3731,1064.6299,1064.7087,1064.7865,1063.2568,23.493,2.1296,12.687,-0.0192,-0.0404,36.51,35.57,1.3731,1064.6299,1064.7087,1064.7865,1063.2568,50.0,False,NOMINAL,HEALTHY,-13.74,-10.89
DIG_LOT04_COMP1368,LOT_04,DIGITAL_IC,CQFP-64,DIG-SIH-2026,THERMAL_BURN_IN,T04_1368,PROC-ISRO-IISU-01,ATE-STATION-01,CHAMBER-01,1.0,125.0,5.0,168,IDDQ,ELECTRICAL,uA,1.2843,1008.2098,1008.3079,1008.3071,1006.9255,24.035,1.8503,11.658,0.0174,0.0479,34.15,33.81,1.2843,1008.2098,1008.3079,1008.3071,1006.9255,50.0,False,NOMINAL,HEALTHY,-4.98,-37.79
DIG_LOT04_COMP1369,LOT_04,DIGITAL_IC,CQFP-64,DIG-SIH-2026,THERMAL_BURN_IN,T04_1369,PROC-ISRO-IISU-01,ATE-STATION-01,CHAMBER-01,1.0,125.0,5.0,168,IDDQ,ELECTRICAL,uA,1.5295,1188.026,1188.1141,1188.1181,1186.4965,24.886,2.2054,12.552,0.0151,-0.0183,34.7,34.46,1.5295,1188.026,1188.1141,1188.1181,1186.4965,50.0,False,NOMINAL,HEALTHY,-13.34,2.03
DIG_LOT04_COMP1370,LOT_04,DIGITAL_IC,CQFP-64,DIG-SIH-2026,THERMAL_BURN_IN,T04_1370,PROC-ISRO-IISU-01,ATE-STATION-01,CHAMBER-01,1.0,125.0,5.0,168,IDDQ,ELECTRICAL,uA,1.3158,1008.6387,1008.6719,1008.6684,1007.3229,24.458,2.2855,11.5,-0.0016,-0.0321,35.53,35.28,1.3158,1008.6387,1008.6719,1008.6684,1007.3229,50.0,False,NOMINAL,HEALTHY,-46.98,-37.73
DIG_LOT04_COMP1371,LOT_04,DIGITAL_IC,CQFP-64,DIG-SIH-2026,THERMAL_BURN_IN,T04_1371,PROC-ISRO-IISU-01,ATE-STATION-01,CHAMBER-01,1.0,125.0,5.0,168,IDDQ,ELECTRICAL,uA,1.3911,1074.5962,1074.6755,1074.7395,1073.2051,23.882,1.6528,12.987,-0.0227,0.0528,38.34,37.62,1.3911,1074.5962,1074.6755,1074.7395,1073.2051,50.0,False,NOMINAL,HEALTHY,-21.4,-6.0
DIG_LOT04_COMP1372,LOT_04,DIGITAL_IC,CQFP-64,DIG-SIH-2026,THERMAL_BURN_IN,T04_1372,PROC-ISRO-IISU-01,ATE-STATION-01,CHAMBER-01,1.0,125.0,5.0,168,IDDQ,ELECTRICAL,uA,1.3476,1047.482,1047.5972,1047.631,1046.1344,26.523,2.2876,12.044,-0.0084,-0.0526,35.73,36.44,1.3476,1047.482,1047.5972,1047.631,1046.1344,50.0,False,NOMINAL,HEALTHY,-26.36,37.79
DIG_LOT04_COMP1373,LOT_04,DIGITAL_IC,CQFP-64,DIG-SIH-2026,THERMAL_BURN_IN,T04_1373,PROC-ISRO-IISU-01,ATE-STATION-01,CHAMBER-01,1.0,125.0,5.0,168,IDDQ,ELECTRICAL,uA,1.2495,977.0145,977.0979,977.1383,975.765,26.682,1.8205,11.996,-0.0283,-0.061,35.47,36.13,1.2495,977.0145,977.0979,977.1383,975.765,50.0,False,NOMINAL,HEALTHY,39.13,-11.54
DIG_LOT04_COMP1374,LOT_04,DIGITAL_IC,CQFP-64,DIG-SIH-2026,THERMAL_BURN_IN,T04_1374,PROC-ISRO-IISU-01,ATE-STATION-01,CHAMBER-01,1.0,125.0,5.0,168,IDDQ,ELECTRICAL,uA,1.4705,1132.3889,1132.4825,1132.5424,1130.9184,26.748,2.0682,13.318,-0.0105,-0.0421,35.34,36.2,1.4705,1132.3889,1132.4825,1132.5424,1130.9184,50.0,False,NOMINAL,HEALTHY,1.63,8.89
DIG_LOT04_COMP1375,LOT_04,DIGITAL_IC,CQFP-64,DIG-SIH-2026,THERMAL_BURN_IN,T04_1375,PROC-ISRO-IISU-01,ATE-STATION-01,CHAMBER-01,1.0,125.0,5.0,168,IDDQ,ELECTRICAL,uA,1.5056,1156.8087,1156.9537,1156.9314,1155.3031,26.311,1.7957,12.748,0.0285,0.08,36.3,35.91,1.5056,1156.8087,1156.9537,1156.9314,1155.3031,50.0,False,NOMINAL,HEALTHY,44.07,23.93
DIG_LOT04_COMP1376,LOT_04,DIGITAL_IC,CQFP-64,DIG-SIH-2026,THERMAL_BURN_IN,T04_1376,PROC-ISRO-IISU-01,ATE-STATION-01,CHAMBER-01,1.0,125.0,5.0,168,IDDQ,ELECTRICAL,uA,1.3543,1052.491,1052.525,1052.5955,1051.1367,23.81,2.2437,13.574,-0.0068,0.0376,36.19,36.89,1.3543,1052.491,1052.525,1052.5955,1051.1367,50.0,False,NOMINAL,HEALTHY,13.31,0.17
DIG_LOT04_COMP1377,LOT_04,DIGITAL_IC,CQFP-64,DIG-SIH-2026,THERMAL_BURN_IN,T04_1377,PROC-ISRO-IISU-01,ATE-STATION-01,CHAMBER-01,1.0,125.0,5.0,168,IDDQ,ELECTRICAL,uA,1.2857,997.2503,997.3443,997.378,995.9646,23.15,2.0558,11.662,0.0198,0.0179,35.56,35.44,1.2857,997.2503,997.3443,997.378,995.9646,50.0,False,NOMINAL,HEALTHY,11.71,20.62
DIG_LOT04_COMP1378,LOT_04,DIGITAL_IC,CQFP-64,DIG-SIH-2026,THERMAL_BURN_IN,T04_1378,PROC-ISRO-IISU-01,ATE-STATION-01,CHAMBER-01,1.0,125.0,5.0,168,IDDQ,ELECTRICAL,uA,1.4421,1095.6719,1095.7118,1095.7227,1094.2298,27.055,2.2097,11.345,-0.0051,0.0629,35.59,36.13,1.4421,1095.6719,1095.7118,1095.7227,1094.2298,50.0,False,NOMINAL,HEALTHY,-46.59,28.29
DIG_LOT04_COMP1379,LOT_04,DIGITAL_IC,CQFP-64,DIG-SIH-2026,THERMAL_BURN_IN,T04_1379,PROC-ISRO-IISU-01,ATE-STATION-01,CHAMBER-01,1.0,125.0,5.0,168,IDDQ,ELECTRICAL,uA,1.382,1066.5652,1066.6706,1066.6681,1065.1832,25.42,2.3807,12.627,0.05,0.0124,36.22,36.27,1.382,1066.5652,1066.6706,1066.6681,1065.1832,50.0,False,NOMINAL,HEALTHY,-34.5,-27.2
DIG_LOT04_COMP1380,LOT_04,DIGITAL_IC,CQFP-64,DIG-SIH-2026,THERMAL_BURN_IN,T04_1380,PROC-ISRO-IISU-01,ATE-STATION-01,CHAMBER-01,1.0,125.0,5.0,168,IDDQ,ELECTRICAL,uA,1.3567,1049.3982,1049.4762,1049.5575,1048.0415,24.818,1.879,12.746,0.0144,0.0014,36.3,36.07,1.3567,1049.3982,1049.4762,1049.5575,1048.0415,50.0,False,NOMINAL,HEALTHY,35.17,-47.37
DIG_LOT04_COMP1381,LOT_04,DIGITAL_IC,CQFP-64,DIG-SIH-2026,THERMAL_BURN_IN,T04_1381,PROC-ISRO-IISU-01,ATE-STATION-01,CHAMBER-01,1.0,125.0,5.0,168,IDDQ,ELECTRICAL,uA,1.0534,824.9566,824.9915,825.0711,823.9032,23.972,1.695,12.698,-0.001,-0.0007,34.48,34.61,1.0534,824.9566,824.9915,825.0711,823.9032,50.0,False,NOMINAL,HEALTHY,-19.14,-23.88
DIG_LOT04_COMP1382,LOT_04,DIGITAL_IC,CQFP-64,DIG-SIH-2026,THERMAL_BURN_IN,T04_1382,PROC-ISRO-IISU-01,ATE-STATION-01,CHAMBER-01,1.0,125.0,5.0,168,IDDQ,ELECTRICAL,uA,1.4773,1125.7323,1125.7881,1125.8468,1124.255,24.298,2.119,12.902,0.0168,-0.0722,33.64,33.92,1.4773,1125.7323,1125.7881,1125.8468,1124.255,50.0,False,NOMINAL,HEALTHY,12.33,48.12
DIG_LOT04_COMP1383,LOT_04,DIGITAL_IC,CQFP-64,DIG-SIH-2026,THERMAL_BURN_IN,T04_1383,PROC-ISRO-IISU-01,ATE-STATION-01,CHAMBER-01,1.0,125.0,5.0,168,IDDQ,ELECTRICAL,uA,1.2989,977.6986,977.7464,977.7666,976.3997,24.564,2.2506,12.842,0.0162,0.031,34.97,35.96,1.2989,977.6986,977.7464,977.7666,976.3997,50.0,False,NOMINAL,HEALTHY,28.66,-38.52
DIG_LOT04_COMP1384,LOT_04,DIGITAL_IC,CQFP-64,DIG-SIH-2026,THERMAL_BURN_IN,T04_1384,PROC-ISRO-IISU-01,ATE-STATION-01,CHAMBER-01,1.0,125.0,5.0,168,IDDQ,ELECTRICAL,uA,1.2592,974.8515,974.8948,974.9637,973.5923,24.416,1.8368,11.947,0.0339,0.0463,35.68,35.79,1.2592,974.8515,974.8948,974.9637,973.5923,50.0,False,NOMINAL,HEALTHY,30.92,-26.08
DIG_LOT04_COMP1385,LOT_04,DIGITAL_IC,CQFP-64,DIG-SIH-2026,THERMAL_BURN_IN,T04_1385,PROC-ISRO-IISU-01,ATE-STATION-01,CHAMBER-01,1.0,125.0,5.0,168,IDDQ,ELECTRICAL,uA,1.0168,766.3119,766.3955,766.4197,765.2951,26.05,1.8621,11.931,-0.0084,-0.044,33.98,34.1,1.0168,766.3119,766.3955,766.4197,765.2951,50.0,False,NOMINAL,HEALTHY,-2.64,33.69
DIG_LOT04_COMP1386,LOT_04,DIGITAL_IC,CQFP-64,DIG-SIH-2026,THERMAL_BURN_IN,T04_1386,PROC-ISRO-IISU-01,ATE-STATION-01,CHAMBER-01,1.0,125.0,5.0,168,IDDQ,ELECTRICAL,uA,1.2853,1000.2611,1000.302,1000.3519,998.9758,24.164,1.7222,14.364,0.0284,-0.076,35.74,35.71,1.2853,1000.2611,1000.302,1000.3519,998.9758,50.0,False,NOMINAL,HEALTHY,30.04,-24.53
DIG_LOT04_COMP1387,LOT_04,DIGITAL_IC,CQFP-64,DIG-SIH-2026,THERMAL_BURN_IN,T04_1387,PROC-ISRO-IISU-01,ATE-STATION-01,CHAMBER-01,1.0,125.0,5.0,168,IDDQ,ELECTRICAL,uA,1.2684,984.2963,984.3363,984.42,983.0279,23.275,2.0357,14.195,-0.0032,0.0016,35.79,35.61,1.2684,984.2963,984.3363,984.42,983.0279,50.0,False,NOMINAL,HEALTHY,-22.66,46.04
DIG_LOT04_COMP1388,LOT_04,DIGITAL_IC,CQFP-64,DIG-SIH-2026,THERMAL_BURN_IN,T04_1388,PROC-ISRO-IISU-01,ATE-STATION-01,CHAMBER-01,1.0,125.0,5.0,168,IDDQ,ELECTRICAL,uA,1.3143,1005.9932,1006.1028,1006.1219,1004.6789,25.52,2.3133,12.219,-0.0167,0.0716,33.1,33.36,1.3143,1005.9932,1006.1028,1006.1219,1004.6789,50.0,False,NOMINAL,HEALTHY,17.42,1.87
DIG_LOT04_COMP1389,LOT_04,DIGITAL_IC,CQFP-64,DIG-SIH-2026,THERMAL_BURN_IN,T04_1389,PROC-ISRO-IISU-01,ATE-STATION-01,CHAMBER-01,1.0,125.0,5.0,168,IDDQ,ELECTRICAL,uA,1.4294,1114.2518,1114.336,1114.4135,1112.8224,26.968,2.6047,12.913,-0.0157,-0.0153,36.16,36.32,1.4294,1114.2518,1114.336,1114.4135,1112.8224,50.0,False,NOMINAL,HEALTHY,-15.35,-31.96
DIG_LOT04_COMP1390,LOT_04,DIGITAL_IC,CQFP-64,DIG-SIH-2026,THERMAL_BURN_IN,T04_1390,PROC-ISRO-IISU-01,ATE-STATION-01,CHAMBER-01,1.0,125.0,5.0,168,IDDQ,ELECTRICAL,uA,1.2023,923.7369,923.8613,923.8523,922.5346,26.575,2.0435,12.224,-0.0211,-0.0252,37.02,36.99,1.2023,923.7369,923.8613,923.8523,922.5346,50.0,False,NOMINAL,HEALTHY,17.99,-44.49
DIG_LOT04_COMP1391,LOT_04,DIGITAL_IC,CQFP-64,DIG-SIH-2026,THERMAL_BURN_IN,T04_1391,PROC-ISRO-IISU-01,ATE-STATION-01,CHAMBER-01,1.0,125.0,5.0,168,IDDQ,ELECTRICAL,uA,6.1773,4783.7949,4784.1708,4784.229,4777.6176,23.989,1.6896,13.114,0.0027,-0.0234,33.61,33.93,6.1773,4783.7949,4784.1708,4784.229,4777.6176,50.0,True,SPATIAL_OUTLIER,HEALTHY,-24.76,-36.31
DIG_LOT04_COMP1392,LOT_04,DIGITAL_IC,CQFP-64,DIG-SIH-2026,THERMAL_BURN_IN,T04_1392,PROC-ISRO-IISU-01,ATE-STATION-01,CHAMBER-01,1.0,125.0,5.0,168,IDDQ,ELECTRICAL,uA,1.1572,899.8155,899.9446,899.9051,898.6583,24.629,2.4091,11.938,0.0205,0.0602,34.91,35.28,1.1572,899.8155,899.9446,899.9051,898.6583,50.0,False,NOMINAL,HEALTHY,25.51,-37.2
DIG_LOT04_COMP1393,LOT_04,DIGITAL_IC,CQFP-64,DIG-SIH-2026,THERMAL_BURN_IN,T04_1393,PROC-ISRO-IISU-01,ATE-STATION-01,CHAMBER-01,1.0,125.0,5.0,168,IDDQ,ELECTRICAL,uA,1.2336,964.6357,964.7386,964.8152,963.4021,26.468,1.8395,14.605,0.0094,0.0006,34.47,34.76,1.2336,964.6357,964.7386,964.8152,963.4021,50.0,False,NOMINAL,HEALTHY,46.28,1.37
DIG_LOT04_COMP1394,LOT_04,DIGITAL_IC,CQFP-64,DIG-SIH-2026,THERMAL_BURN_IN,T04_1394,PROC-ISRO-IISU-01,ATE-STATION-01,CHAMBER-01,1.0,125.0,5.0,168,IDDQ,ELECTRICAL,uA,1.2467,933.0862,933.1565,933.1981,931.8395,24.228,1.9954,12.286,0.003,0.0614,34.99,34.59,1.2467,933.0862,933.1565,933.1981,931.8395,50.0,False,NOMINAL,HEALTHY,2.14,0.22
DIG_LOT04_COMP1395,LOT_04,DIGITAL_IC,CQFP-64,DIG-SIH-2026,THERMAL_BURN_IN,T04_1395,PROC-ISRO-IISU-01,ATE-STATION-01,CHAMBER-01,1.0,125.0,5.0,168,IDDQ,ELECTRICAL,uA,1.71,1315.3354,1315.4645,1315.4783,1313.6254,23.618,2.4255,12.365,0.0006,-0.0669,35.39,35.17,1.71,1315.3354,1315.4645,1315.4783,1313.6254,50.0,False,NOMINAL,HEALTHY,-13.16,-9.11
DIG_LOT04_COMP1396,LOT_04,DIGITAL_IC,CQFP-64,DIG-SIH-2026,THERMAL_BURN_IN,T04_1396,PROC-ISRO-IISU-01,ATE-STATION-01,CHAMBER-01,1.0,125.0,5.0,168,IDDQ,ELECTRICAL,uA,1.2823,974.2293,974.3295,974.3366,972.947,26.456,1.9378,11.378,0.0127,-0.0943,35.41,34.66,1.2823,974.2293,974.3295,974.3366,972.947,50.0,False,NOMINAL,HEALTHY,-36.21,22.18
DIG_LOT04_COMP1397,LOT_04,DIGITAL_IC,CQFP-64,DIG-SIH-2026,THERMAL_BURN_IN,T04_1397,PROC-ISRO-IISU-01,ATE-STATION-01,CHAMBER-01,1.0,125.0,5.0,168,IDDQ,ELECTRICAL,uA,1.3352,1034.9247,1035.0005,1035.0303,1033.5895,23.52,2.0171,12.321,-0.0021,-0.0368,37.08,36.89,1.3352,1034.9247,1035.0005,1035.0303,1033.5895,50.0,False,NOMINAL,HEALTHY,-34.09,-3.47
DIG_LOT04_COMP1398,LOT_04,DIGITAL_IC,CQFP-64,DIG-SIH-2026,THERMAL_BURN_IN,T04_1398,PROC-ISRO-IISU-01,ATE-STATION-01,CHAMBER-01,1.0,125.0,5.0,168,IDDQ,ELECTRICAL,uA,1.5123,1174.0797,1174.2023,1174.2162,1172.5674,22.66,1.5379,11.211,-0.0121,-0.0212,35.48,36.17,1.5123,1174.0797,1174.2023,1174.2162,1172.5674,50.0,False,NOMINAL,HEALTHY,11.7,-6.51
DIG_LOT04_COMP1399,LOT_04,DIGITAL_IC,CQFP-64,DIG-SIH-2026,THERMAL_BURN_IN,T04_1399,PROC-ISRO-IISU-01,ATE-STATION-01,CHAMBER-01,1.0,125.0,5.0,168,IDDQ,ELECTRICAL,uA,1.2092,950.3975,950.5051,950.5088,949.1883,22.273,2.3015,12.673,-0.0057,-0.0093,34.45,34.78,1.2092,950.3975,950.5051,950.5088,949.1883,50.0,False,NOMINAL,HEALTHY,-25.54,11.09
DIG_LOT04_COMP1400,LOT_04,DIGITAL_IC,CQFP-64,DIG-SIH-2026,THERMAL_BURN_IN,T04_1400,PROC-ISRO-IISU-01,ATE-STATION-01,CHAMBER-01,1.0,125.0,5.0,168,IDDQ,ELECTRICAL,uA,1.4977,1147.084,1147.1354,1147.2094,1145.5863,23.981,2.7523,13.036,-0.0125,0.0631,34.97,34.53,1.4977,1147.084,1147.1354,1147.2094,1145.5863,50.0,False,NOMINAL,HEALTHY,6.09,-36.51
DIG_LOT04_COMP1401,LOT_04,DIGITAL_IC,CQFP-64,DIG-SIH-2026,THERMAL_BURN_IN,T04_1401,PROC-ISRO-IISU-01,ATE-STATION-01,CHAMBER-01,1.0,125.0,5.0,168,IDDQ,ELECTRICAL,uA,6.7867,5224.089,5224.387,5224.5333,5217.3023,24.386,2.1823,12.569,-0.0467,-0.0536,35.24,35.82,6.7867,5224.089,5224.387,5224.5333,5217.3023,50.0,True,SPATIAL_OUTLIER,HEALTHY,2.31,-16.41
DIG_LOT04_COMP1402,LOT_04,DIGITAL_IC,CQFP-64,DIG-SIH-2026,THERMAL_BURN_IN,T04_1402,PROC-ISRO-IISU-01,ATE-STATION-01,CHAMBER-01,1.0,125.0,5.0,168,IDDQ,ELECTRICAL,uA,1.2617,956.647,956.7577,956.7756,955.3853,21.618,1.5245,12.493,0.0057,0.0408,34.98,34.97,1.2617,956.647,956.7577,956.7756,955.3853,50.0,False,NOMINAL,HEALTHY,34.44,-28.89
DIG_LOT04_COMP1403,LOT_04,DIGITAL_IC,CQFP-64,DIG-SIH-2026,THERMAL_BURN_IN,T04_1403,PROC-ISRO-IISU-01,ATE-STATION-01,CHAMBER-01,1.0,125.0,5.0,168,IDDQ,ELECTRICAL,uA,1.6111,1233.8891,1234.002,1234.0794,1232.278,24.168,2.2622,12.296,0.0024,0.0741,33.97,33.51,1.6111,1233.8891,1234.002,1234.0794,1232.278,50.0,False,NOMINAL,HEALTHY,11.79,-29.67
DIG_LOT04_COMP1404,LOT_04,DIGITAL_IC,CQFP-64,DIG-SIH-2026,THERMAL_BURN_IN,T04_1404,PROC-ISRO-IISU-01,ATE-STATION-01,CHAMBER-01,1.0,125.0,5.0,168,IDDQ,ELECTRICAL,uA,1.1357,893.4385,893.4953,893.5742,892.3028,26.158,2.2022,12.178,-0.0019,0.0218,35.98,36.07,1.1357,893.4385,893.4953,893.5742,892.3028,50.0,False,NOMINAL,HEALTHY,14.61,47.18
DIG_LOT04_COMP1405,LOT_04,DIGITAL_IC,CQFP-64,DIG-SIH-2026,THERMAL_BURN_IN,T04_1405,PROC-ISRO-IISU-01,ATE-STATION-01,CHAMBER-01,1.0,125.0,5.0,168,IDDQ,ELECTRICAL,uA,1.39,1076.5672,1076.6479,1076.6737,1075.1772,26.772,1.9982,13.621,-0.0064,0.0517,35.59,34.73,1.39,1076.5672,1076.6479,1076.6737,1075.1772,50.0,False,NOMINAL,HEALTHY,-35.94,-11.39
DIG_LOT04_COMP1406,LOT_04,DIGITAL_IC,CQFP-64,DIG-SIH-2026,THERMAL_BURN_IN,T04_1406,PROC-ISRO-IISU-01,ATE-STATION-01,CHAMBER-01,1.0,125.0,5.0,168,IDDQ,ELECTRICAL,uA,1.3543,1034.5186,1034.6416,1034.6687,1033.1643,24.601,1.9565,11.725,0.0043,0.04,34.46,34.74,1.3543,1034.5186,1034.6416,1034.6687,1033.1643,50.0,False,NOMINAL,HEALTHY,-49.06,-37.75
DIG_LOT04_COMP1407,LOT_04,DIGITAL_IC,CQFP-64,DIG-SIH-2026,THERMAL_BURN_IN,T04_1407,PROC-ISRO-IISU-01,ATE-STATION-01,CHAMBER-01,1.0,125.0,5.0,168,IDDQ,ELECTRICAL,uA,1.5212,1182.7529,1182.8158,1182.8794,1181.2317,26.593,1.5758,12.144,0.0076,-0.052,35.51,35.98,1.5212,1182.7529,1182.8158,1182.8794,1181.2317,50.0,False,NOMINAL,HEALTHY,-14.53,-0.37
DIG_LOT04_COMP1408,LOT_04,DIGITAL_IC,CQFP-64,DIG-SIH-2026,THERMAL_BURN_IN,T04_1408,PROC-ISRO-IISU-01,ATE-STATION-01,CHAMBER-01,1.0,125.0,5.0,168,IDDQ,ELECTRICAL,uA,1.4147,1087.1397,1087.1732,1087.2376,1085.725,25.629,2.0559,11.418,-0.0094,-0.058,32.25,31.89,1.4147,1087.1397,1087.1732,1087.2376,1085.725,50.0,False,NOMINAL,HEALTHY,21.31,35.95
DIG_LOT04_COMP1409,LOT_04,DIGITAL_IC,CQFP-64,DIG-SIH-2026,THERMAL_BURN_IN,T04_1409,PROC-ISRO-IISU-01,ATE-STATION-01,CHAMBER-01,1.0,125.0,5.0,168,IDDQ,ELECTRICAL,uA,1.4031,1064.6093,1064.6622,1064.7253,1063.2062,26.506,1.9676,11.172,0.0596,0.0075,33.53,33.69,1.4031,1064.6093,1064.6622,1064.7253,1063.2062,50.0,False,NOMINAL,HEALTHY,-49.99,-37.41
DIG_LOT04_COMP1410,LOT_04,DIGITAL_IC,CQFP-64,DIG-SIH-2026,THERMAL_BURN_IN,T04_1410,PROC-ISRO-IISU-01,ATE-STATION-01,CHAMBER-01,1.0,125.0,5.0,168,IDDQ,ELECTRICAL,uA,1.319,1036.4315,1036.5005,1036.5759,1035.1125,27.191,1.6757,11.788,0.0129,0.0341,33.76,33.46,1.319,1036.4315,1036.5005,1036.5759,1035.1125,50.0,False,NOMINAL,HEALTHY,-17.52,13.33
DIG_LOT04_COMP1411,LOT_04,DIGITAL_IC,CQFP-64,DIG-SIH-2026,THERMAL_BURN_IN,T04_1411,PROC-ISRO-IISU-01,ATE-STATION-01,CHAMBER-01,1.0,125.0,5.0,168,IDDQ,ELECTRICAL,uA,1.294,992.5134,992.5395,992.6764,991.2194,23.656,2.2143,13.351,-0.0257,0.1124,35.99,36.02,1.294,992.5134,992.5395,992.6764,991.2194,50.0,False,NOMINAL,HEALTHY,-8.52,-39.69
DIG_LOT04_COMP1412,LOT_04,DIGITAL_IC,CQFP-64,DIG-SIH-2026,THERMAL_BURN_IN,T04_1412,PROC-ISRO-IISU-01,ATE-STATION-01,CHAMBER-01,1.0,125.0,5.0,168,IDDQ,ELECTRICAL,uA,1.3341,1004.1241,1004.2187,1004.2688,1002.79,22.945,1.7472,12.305,-0.0324,-0.0219,35.27,34.88,1.3341,1004.1241,1004.2187,1004.2688,1002.79,50.0,False,NOMINAL,HEALTHY,-16.05,-29.38
DIG_LOT04_COMP1413,LOT_04,DIGITAL_IC,CQFP-64,DIG-SIH-2026,THERMAL_BURN_IN,T04_1413,PROC-ISRO-IISU-01,ATE-STATION-01,CHAMBER-01,1.0,125.0,5.0,168,IDDQ,ELECTRICAL,uA,0.9323,732.2749,732.3156,732.3408,731.3426,27.316,1.538,9.976,0.0398,0.021,34.75,35.22,0.9323,732.2749,732.3156,732.3408,731.3426,50.0,False,NOMINAL,HEALTHY,46.81,42.31
DIG_LOT04_COMP1414,LOT_04,DIGITAL_IC,CQFP-64,DIG-SIH-2026,THERMAL_BURN_IN,T04_1414,PROC-ISRO-IISU-01,ATE-STATION-01,CHAMBER-01,1.0,125.0,5.0,168,IDDQ,ELECTRICAL,uA,1.2367,953.2295,953.3693,953.453,951.9928,24.99,2.1104,14.339,0.0102,0.0632,35.48,35.57,1.2367,953.2295,953.3693,953.453,951.9928,50.0,False,NOMINAL,HEALTHY,-40.24,14.32
DIG_LOT04_COMP1415,LOT_04,DIGITAL_IC,CQFP-64,DIG-SIH-2026,THERMAL_BURN_IN,T04_1415,PROC-ISRO-IISU-01,ATE-STATION-01,CHAMBER-01,1.0,125.0,5.0,168,IDDQ,ELECTRICAL,uA,1.3046,1016.0684,1016.1642,1016.2162,1014.7638,24.206,1.32,12.78,0.0302,0.0772,32.95,31.86,1.3046,1016.0684,1016.1642,1016.2162,1014.7638,50.0,True,DIELECTRIC_OSCILLATION,HEALTHY,-43.15,-49.61
DIG_LOT04_COMP1416,LOT_04,DIGITAL_IC,CQFP-64,DIG-SIH-2026,THERMAL_BURN_IN,T04_1416,PROC-ISRO-IISU-01,ATE-STATION-01,CHAMBER-01,1.0,125.0,5.0,168,IDDQ,ELECTRICAL,uA,1.4623,1127.8056,1127.9134,1127.9374,1126.3433,22.708,1.4293,12.725,0.0125,-0.013,34.87,34.96,1.4623,1127.8056,1127.9134,1127.9374,1126.3433,50.0,False,NOMINAL,HEALTHY,29.19,18.9
DIG_LOT04_COMP1417,LOT_04,DIGITAL_IC,CQFP-64,DIG-SIH-2026,THERMAL_BURN_IN,T04_1417,PROC-ISRO-IISU-01,ATE-STATION-01,CHAMBER-01,1.0,125.0,5.0,168,IDDQ,ELECTRICAL,uA,1.2834,996.5644,996.6431,996.6736,995.281,25.44,2.2509,12.159,0.0087,-0.1186,37.16,37.62,1.2834,996.5644,996.6431,996.6736,995.281,50.0,False,NOMINAL,HEALTHY,14.37,-5.65
DIG_LOT04_COMP1418,LOT_04,DIGITAL_IC,CQFP-64,DIG-SIH-2026,THERMAL_BURN_IN,T04_1418,PROC-ISRO-IISU-01,ATE-STATION-01,CHAMBER-01,1.0,125.0,5.0,168,IDDQ,ELECTRICAL,uA,1.496,1150.3971,1150.509,1150.4656,1148.9011,24.853,1.9517,11.997,0.0231,0.0835,35.35,34.88,1.496,1150.3971,1150.509,1150.4656,1148.9011,50.0,False,NOMINAL,HEALTHY,21.15,-9.84
DIG_LOT04_COMP1419,LOT_04,DIGITAL_IC,CQFP-64,DIG-SIH-2026,THERMAL_BURN_IN,T04_1419,PROC-ISRO-IISU-01,ATE-STATION-01,CHAMBER-01,1.0,125.0,5.0,168,IDDQ,ELECTRICAL,uA,1.3288,1015.1357,1015.221,1015.2509,1013.8069,22.12,1.9853,12.508,0.0188,-0.021,36.93,37.35,1.3288,1015.1357,1015.221,1015.2509,1013.8069,50.0,False,NOMINAL,HEALTHY,34.94,-13.45
DIG_LOT04_COMP1420,LOT_04,DIGITAL_IC,CQFP-64,DIG-SIH-2026,THERMAL_BURN_IN,T04_1420,PROC-ISRO-IISU-01,ATE-STATION-01,CHAMBER-01,1.0,125.0,5.0,168,IDDQ,ELECTRICAL,uA,1.4664,1121.2485,1121.3709,1121.3357,1119.7821,24.248,2.5183,12.635,-0.0058,-0.0831,35.01,35.26,1.4664,1121.2485,1121.3709,1121.3357,1119.7821,50.0,True,DIELECTRIC_OSCILLATION,HEALTHY,-14.92,33.51
DIG_LOT04_COMP1421,LOT_04,DIGITAL_IC,CQFP-64,DIG-SIH-2026,THERMAL_BURN_IN,T04_1421,PROC-ISRO-IISU-01,ATE-STATION-01,CHAMBER-01,1.0,125.0,5.0,168,IDDQ,ELECTRICAL,uA,1.5243,1162.2577,1162.2885,1162.3737,1160.7334,24.336,2.0668,13.284,-0.0108,0.0217,35.32,35.6,1.5243,1162.2577,1162.2885,1162.3737,1160.7334,50.0,False,NOMINAL,HEALTHY,-47.28,27.14
DIG_LOT04_COMP1422,LOT_04,DIGITAL_IC,CQFP-64,DIG-SIH-2026,THERMAL_BURN_IN,T04_1422,PROC-ISRO-IISU-01,ATE-STATION-01,CHAMBER-01,1.0,125.0,5.0,168,IDDQ,ELECTRICAL,uA,1.4465,1119.691,1119.7506,1119.801,1118.2445,24.91,2.0734,12.162,0.0114,-0.057,34.43,34.77,1.4465,1119.691,1119.7506,1119.801,1118.2445,50.0,False,NOMINAL,HEALTHY,-46.51,14.08
DIG_LOT04_COMP1423,LOT_04,DIGITAL_IC,CQFP-64,DIG-SIH-2026,THERMAL_BURN_IN,T04_1423,PROC-ISRO-IISU-01,ATE-STATION-01,CHAMBER-01,1.0,125.0,5.0,168,IDDQ,ELECTRICAL,uA,1.126,857.8415,857.921,857.9093,856.7155,26.385,2.1747,14.053,-0.0289,-0.0161,36.65,35.35,1.126,857.8415,857.921,857.9093,856.7155,50.0,False,NOMINAL,HEALTHY,-47.81,34.16
DIG_LOT04_COMP1424,LOT_04,DIGITAL_IC,CQFP-64,DIG-SIH-2026,THERMAL_BURN_IN,T04_1424,PROC-ISRO-IISU-01,ATE-STATION-01,CHAMBER-01,1.0,125.0,5.0,168,IDDQ,ELECTRICAL,uA,1.5652,1196.1166,1196.2253,1196.2643,1194.5514,26.691,1.7281,12.541,-0.0154,0.0542,34.35,34.28,1.5652,1196.1166,1196.2253,1196.2643,1194.5514,50.0,False,NOMINAL,HEALTHY,-34.97,35.53
DIG_LOT04_COMP1425,LOT_04,DIGITAL_IC,CQFP-64,DIG-SIH-2026,THERMAL_BURN_IN,T04_1425,PROC-ISRO-IISU-01,ATE-STATION-01,CHAMBER-01,1.0,125.0,5.0,168,IDDQ,ELECTRICAL,uA,1.3915,1064.7133,1064.7871,1064.8684,1063.3218,23.55,2.0678,12.603,0.0195,-0.0002,33.14,33.23,1.3915,1064.7133,1064.7871,1064.8684,1063.3218,50.0,False,NOMINAL,HEALTHY,10.76,-45.5
DIG_LOT04_COMP1426,LOT_04,DIGITAL_IC,CQFP-64,DIG-SIH-2026,THERMAL_BURN_IN,T04_1426,PROC-ISRO-IISU-01,ATE-STATION-01,CHAMBER-01,1.0,125.0,5.0,168,IDDQ,ELECTRICAL,uA,1.0904,847.2686,847.3652,847.3899,846.1782,23.4,2.045,12.767,-0.0204,-0.055,35.74,36.92,1.0904,847.2686,847.3652,847.3899,846.1782,50.0,False,NOMINAL,HEALTHY,17.31,-25.72
DIG_LOT04_COMP1427,LOT_04,DIGITAL_IC,CQFP-64,DIG-SIH-2026,THERMAL_BURN_IN,T04_1427,PROC-ISRO-IISU-01,ATE-STATION-01,CHAMBER-01,1.0,125.0,5.0,168,IDDQ,ELECTRICAL,uA,1.4961,1158.2211,1158.3546,1158.3845,1156.725,22.149,2.4563,14.05,0.0334,0.0055,36.14,37.14,1.4961,1158.2211,1158.3546,1158.3845,1156.725,50.0,False,NOMINAL,HEALTHY,-36.38,-23.49
DIG_LOT04_COMP1428,LOT_04,DIGITAL_IC,CQFP-64,DIG-SIH-2026,THERMAL_BURN_IN,T04_1428,PROC-ISRO-IISU-01,ATE-STATION-01,CHAMBER-01,1.0,125.0,5.0,168,IDDQ,ELECTRICAL,uA,1.4557,1119.5284,1119.6504,1119.6602,1118.0727,27.818,1.9277,12.411,-0.0267,-0.0413,34.94,35.15,1.4557,1119.5284,1119.6504,1119.6602,1118.0727,50.0,False,NOMINAL,HEALTHY,39.53,37.52
DIG_LOT04_COMP1429,LOT_04,DIGITAL_IC,CQFP-64,DIG-SIH-2026,THERMAL_BURN_IN,T04_1429,PROC-ISRO-IISU-01,ATE-STATION-01,CHAMBER-01,1.0,125.0,5.0,168,IDDQ,ELECTRICAL,uA,1.3099,1015.7317,1015.8609,1015.8207,1014.4218,24.481,2.1667,12.456,0.0408,0.0393,35.62,37.0,1.3099,1015.7317,1015.8609,1015.8207,1014.4218,50.0,False,NOMINAL,HEALTHY,16.45,9.46
DIG_LOT04_COMP1430,LOT_04,DIGITAL_IC,CQFP-64,DIG-SIH-2026,THERMAL_BURN_IN,T04_1430,PROC-ISRO-IISU-01,ATE-STATION-01,CHAMBER-01,1.0,125.0,5.0,168,IDDQ,ELECTRICAL,uA,1.492,1140.6334,1140.7921,1140.78,1139.1414,26.01,1.812,13.204,0.0113,-0.0323,35.04,35.46,1.492,1140.6334,1140.7921,1140.78,1139.1414,50.0,False,NOMINAL,HEALTHY,-12.43,-21.6
DIG_LOT04_COMP1431,LOT_04,DIGITAL_IC,CQFP-64,DIG-SIH-2026,THERMAL_BURN_IN,T04_1431,PROC-ISRO-IISU-01,ATE-STATION-01,CHAMBER-01,1.0,125.0,5.0,168,IDDQ,ELECTRICAL,uA,1.1279,874.0526,874.116,874.1112,872.9247,25.096,1.8216,12.402,0.0094,0.0304,33.8,33.62,1.1279,874.0526,874.116,874.1112,872.9247,50.0,False,NOMINAL,HEALTHY,-13.02,20.85
DIG_LOT04_COMP1432,LOT_04,DIGITAL_IC,CQFP-64,DIG-SIH-2026,THERMAL_BURN_IN,T04_1432,PROC-ISRO-IISU-01,ATE-STATION-01,CHAMBER-01,1.0,125.0,5.0,168,IDDQ,ELECTRICAL,uA,1.2865,989.2375,989.3233,989.3257,987.951,24.062,1.9017,13.268,0.0169,-0.0416,36.04,36.48,1.2865,989.2375,989.3233,989.3257,987.951,50.0,False,NOMINAL,HEALTHY,-47.92,-21.03
DIG_LOT04_COMP1433,LOT_04,DIGITAL_IC,CQFP-64,DIG-SIH-2026,THERMAL_BURN_IN,T04_1433,PROC-ISRO-IISU-01,ATE-STATION-01,CHAMBER-01,1.0,125.0,5.0,168,IDDQ,ELECTRICAL,uA,1.092,860.717,860.8094,860.82,859.625,25.949,1.9325,12.02,-0.0024,-0.0601,33.83,34.18,1.092,860.717,860.8094,860.82,859.625,50.0,False,NOMINAL,HEALTHY,-33.81,-10.55
DIG_LOT04_COMP1434,LOT_04,DIGITAL_IC,CQFP-64,DIG-SIH-2026,THERMAL_BURN_IN,T04_1434,PROC-ISRO-IISU-01,ATE-STATION-01,CHAMBER-01,1.0,125.0,5.0,168,IDDQ,ELECTRICAL,uA,1.2025,939.6442,939.7789,939.7703,938.4417,25.41,2.0113,12.305,-0.0126,0.0093,33.99,33.75,1.2025,939.6442,939.7789,939.7703,938.4417,50.0,False,NOMINAL,HEALTHY,43.81,-45.71
DIG_LOT04_COMP1435,LOT_04,DIGITAL_IC,CQFP-64,DIG-SIH-2026,THERMAL_BURN_IN,T04_1435,PROC-ISRO-IISU-01,ATE-STATION-01,CHAMBER-01,1.0,125.0,5.0,168,IDDQ,ELECTRICAL,uA,1.2125,949.2,949.2531,949.3588,947.9875,23.297,1.693,12.928,0.0335,0.0504,35.71,35.11,1.2125,949.2,949.2531,949.3588,947.9875,50.0,False,NOMINAL,HEALTHY,35.53,-24.05
DIG_LOT04_COMP1436,LOT_04,DIGITAL_IC,CQFP-64,DIG-SIH-2026,THERMAL_BURN_IN,T04_1436,PROC-ISRO-IISU-01,ATE-STATION-01,CHAMBER-01,1.0,125.0,5.0,168,IDDQ,ELECTRICAL,uA,1.3312,1023.1778,1023.2615,1023.3223,1021.8466,28.023,1.7159,12.796,0.0196,0.0699,36.07,35.89,1.3312,1023.1778,1023.2615,1023.3223,1021.8466,50.0,False,NOMINAL,HEALTHY,-38.45,-14.57
DIG_LOT04_COMP1437,LOT_04,DIGITAL_IC,CQFP-64,DIG-SIH-2026,THERMAL_BURN_IN,T04_1437,PROC-ISRO-IISU-01,ATE-STATION-01,CHAMBER-01,1.0,125.0,5.0,168,IDDQ,ELECTRICAL,uA,1.3515,1040.3914,1040.4925,1040.5283,1039.0399,26.505,1.6888,12.534,-0.0025,-0.0994,36.43,37.04,1.3515,1040.3914,1040.4925,1040.5283,1039.0399,50.0,False,NOMINAL,HEALTHY,46.52,-14.1
DIG_LOT04_COMP1438,LOT_04,DIGITAL_IC,CQFP-64,DIG-SIH-2026,THERMAL_BURN_IN,T04_1438,PROC-ISRO-IISU-01,ATE-STATION-01,CHAMBER-01,1.0,125.0,5.0,168,IDDQ,ELECTRICAL,uA,1.2849,985.5859,985.6501,985.8134,984.301,24.96,1.8119,12.709,-0.0028,-0.0243,33.02,32.39,1.2849,985.5859,985.6501,985.8134,984.301,50.0,False,NOMINAL,HEALTHY,30.32,6.61
DIG_LOT04_COMP1439,LOT_04,DIGITAL_IC,CQFP-64,DIG-SIH-2026,THERMAL_BURN_IN,T04_1439,PROC-ISRO-IISU-01,ATE-STATION-01,CHAMBER-01,1.0,125.0,5.0,168,IDDQ,ELECTRICAL,uA,1.333,1041.1514,1041.2184,1041.2754,1039.8184,26.048,2.2735,12.439,-0.0194,-0.0498,36.47,36.04,1.333,1041.1514,1041.2184,1041.2754,1039.8184,50.0,False,NOMINAL,HEALTHY,-39.8,2.95
DIG_LOT04_COMP1440,LOT_04,DIGITAL_IC,CQFP-64,DIG-SIH-2026,THERMAL_BURN_IN,T04_1440,PROC-ISRO-IISU-01,ATE-STATION-01,CHAMBER-01,1.0,125.0,5.0,168,IDDQ,ELECTRICAL,uA,1.1919,936.7291,936.7762,936.8292,935.5372,24.212,2.2886,13.451,0.0016,-0.0873,34.9,35.66,1.1919,936.7291,936.7762,936.8292,935.5372,50.0,False,NOMINAL,HEALTHY,31.22,-29.82
DIG_LOT04_COMP1441,LOT_04,DIGITAL_IC,CQFP-64,DIG-SIH-2026,THERMAL_BURN_IN,T04_1441,PROC-ISRO-IISU-01,ATE-STATION-01,CHAMBER-01,1.0,125.0,5.0,168,IDDQ,ELECTRICAL,uA,1.125,868.2978,868.3463,868.3927,867.1728,25.451,2.3639,13.704,-0.0142,0.0324,35.3,35.1,1.125,868.2978,868.3463,868.3927,867.1728,50.0,False,NOMINAL,HEALTHY,-46.42,-3.26
DIG_LOT04_COMP1442,LOT_04,DIGITAL_IC,CQFP-64,DIG-SIH-2026,THERMAL_BURN_IN,T04_1442,PROC-ISRO-IISU-01,ATE-STATION-01,CHAMBER-01,1.0,125.0,5.0,168,IDDQ,ELECTRICAL,uA,1.2038,929.331,929.3331,929.4419,928.1272,26.266,1.7373,12.52,0.0329,0.1341,32.69,33.45,1.2038,929.331,929.3331,929.4419,928.1272,50.0,False,NOMINAL,HEALTHY,-1.34,-6.42
DIG_LOT04_COMP1443,LOT_04,DIGITAL_IC,CQFP-64,DIG-SIH-2026,THERMAL_BURN_IN,T04_1443,PROC-ISRO-IISU-01,ATE-STATION-01,CHAMBER-01,1.0,125.0,5.0,168,IDDQ,ELECTRICAL,uA,1.1754,898.4654,898.5939,898.5676,897.29,25.245,2.0257,12.614,0.0274,0.0858,34.88,34.4,1.1754,898.4654,898.5939,898.5676,897.29,50.0,False,NOMINAL,HEALTHY,39.42,-38.59
DIG_LOT04_COMP1444,LOT_04,DIGITAL_IC,CQFP-64,DIG-SIH-2026,THERMAL_BURN_IN,T04_1444,PROC-ISRO-IISU-01,ATE-STATION-01,CHAMBER-01,1.0,125.0,5.0,168,IDDQ,ELECTRICAL,uA,1.3411,1040.8322,1040.9458,1040.9759,1039.4911,24.364,2.233,11.649,-0.0031,-0.0891,34.61,34.87,1.3411,1040.8322,1040.9458,1040.9759,1039.4911,50.0,False,NOMINAL,HEALTHY,33.87,46.63
DIG_LOT04_COMP1445,LOT_04,DIGITAL_IC,CQFP-64,DIG-SIH-2026,THERMAL_BURN_IN,T04_1445,PROC-ISRO-IISU-01,ATE-STATION-01,CHAMBER-01,1.0,125.0,5.0,168,IDDQ,ELECTRICAL,uA,1.294,1012.4667,1012.5249,1012.6058,1011.1727,25.774,2.3292,12.332,0.0469,0.0654,33.34,33.71,1.294,1012.4667,1012.5249,1012.6058,1011.1727,50.0,False,NOMINAL,HEALTHY,-49.77,40.98
DIG_LOT04_COMP1446,LOT_04,DIGITAL_IC,CQFP-64,DIG-SIH-2026,THERMAL_BURN_IN,T04_1446,PROC-ISRO-IISU-01,ATE-STATION-01,CHAMBER-01,1.0,125.0,5.0,168,IDDQ,ELECTRICAL,uA,1.3893,1061.0835,1061.1679,1061.1971,1059.6942,26.414,1.6837,12.628,0.0266,0.0234,36.4,37.39,1.3893,1061.0835,1061.1679,1061.1971,1059.6942,50.0,False,NOMINAL,HEALTHY,-6.81,-17.69
DIG_LOT04_COMP1447,LOT_04,DIGITAL_IC,CQFP-64,DIG-SIH-2026,THERMAL_BURN_IN,T04_1447,PROC-ISRO-IISU-01,ATE-STATION-01,CHAMBER-01,1.0,125.0,5.0,168,IDDQ,ELECTRICAL,uA,1.3296,1011.8816,1011.9697,1011.9862,1010.552,24.086,1.677,11.389,-0.0006,0.0417,35.09,35.29,1.3296,1011.8816,1011.9697,1011.9862,1010.552,50.0,False,NOMINAL,HEALTHY,-6.61,-11.28
DIG_LOT04_COMP1448,LOT_04,DIGITAL_IC,CQFP-64,DIG-SIH-2026,THERMAL_BURN_IN,T04_1448,PROC-ISRO-IISU-01,ATE-STATION-01,CHAMBER-01,1.0,125.0,5.0,168,IDDQ,ELECTRICAL,uA,1.3093,1005.147,1005.277,1005.3024,1003.8377,29.131,2.6727,13.063,0.0009,-0.0236,34.73,35.63,1.3093,1005.147,1005.277,1005.3024,1003.8377,50.0,False,NOMINAL,HEALTHY,37.04,17.53
DIG_LOT04_COMP1449,LOT_04,DIGITAL_IC,CQFP-64,DIG-SIH-2026,THERMAL_BURN_IN,T04_1449,PROC-ISRO-IISU-01,ATE-STATION-01,CHAMBER-01,1.0,125.0,5.0,168,IDDQ,ELECTRICAL,uA,1.1394,872.7711,874.1811,879.7856,871.6317,24.548,1.9757,11.661,-0.0006,-0.0296,35.75,35.65,1.1394,872.7711,874.1811,879.7856,871.6317,50.0,True,ELECTROMIGRATION,HEALTHY,12.57,36.98
DIG_LOT04_COMP1450,LOT_04,DIGITAL_IC,CQFP-64,DIG-SIH-2026,THERMAL_BURN_IN,T04_1450,PROC-ISRO-IISU-01,ATE-STATION-01,CHAMBER-01,1.0,125.0,5.0,168,IDDQ,ELECTRICAL,uA,1.5523,1199.7527,1199.8785,1199.9238,1198.2004,25.453,1.6682,13.139,0.0091,-0.0813,32.99,33.99,1.5523,1199.7527,1199.8785,1199.9238,1198.2004,50.0,False,NOMINAL,HEALTHY,-30.37,6.59
DIG_LOT04_COMP1451,LOT_04,DIGITAL_IC,CQFP-64,DIG-SIH-2026,THERMAL_BURN_IN,T04_1451,PROC-ISRO-IISU-01,ATE-STATION-01,CHAMBER-01,1.0,125.0,5.0,168,IDDQ,ELECTRICAL,uA,1.4621,1129.5662,1129.6756,1129.7802,1128.1041,25.237,1.7489,12.231,0.0156,0.099,35.44,35.39,1.4621,1129.5662,1129.6756,1129.7802,1128.1041,50.0,False,NOMINAL,HEALTHY,-12.35,43.21
DIG_LOT04_COMP1452,LOT_04,DIGITAL_IC,CQFP-64,DIG-SIH-2026,THERMAL_BURN_IN,T04_1452,PROC-ISRO-IISU-01,ATE-STATION-01,CHAMBER-01,1.0,125.0,5.0,168,IDDQ,ELECTRICAL,uA,1.3242,1017.2956,1017.3858,1017.4033,1015.9714,25.829,2.1291,13.331,0.0178,-0.0623,34.35,34.71,1.3242,1017.2956,1017.3858,1017.4033,1015.9714,50.0,False,NOMINAL,HEALTHY,-30.16,42.64
DIG_LOT04_COMP1453,LOT_04,DIGITAL_IC,CQFP-64,DIG-SIH-2026,THERMAL_BURN_IN,T04_1453,PROC-ISRO-IISU-01,ATE-STATION-01,CHAMBER-01,1.0,125.0,5.0,168,IDDQ,ELECTRICAL,uA,1.6628,1286.6915,1286.8289,1286.9409,1285.0287,27.764,1.8492,13.162,-0.0306,0.0244,36.32,36.77,1.6628,1286.6915,1286.8289,1286.9409,1285.0287,50.0,False,NOMINAL,HEALTHY,1.37,32.11
DIG_LOT04_COMP1454,LOT_04,DIGITAL_IC,CQFP-64,DIG-SIH-2026,THERMAL_BURN_IN,T04_1454,PROC-ISRO-IISU-01,ATE-STATION-01,CHAMBER-01,1.0,125.0,5.0,168,IDDQ,ELECTRICAL,uA,1.4959,1141.8601,1141.9536,1141.9978,1140.3642,23.396,1.8114,12.036,-0.0154,-0.0612,35.45,35.35,1.4959,1141.8601,1141.9536,1141.9978,1140.3642,50.0,False,NOMINAL,HEALTHY,3.11,-15.02
DIG_LOT04_COMP1455,LOT_04,DIGITAL_IC,CQFP-64,DIG-SIH-2026,THERMAL_BURN_IN,T04_1455,PROC-ISRO-IISU-01,ATE-STATION-01,CHAMBER-01,1.0,125.0,5.0,168,IDDQ,ELECTRICAL,uA,1.2903,992.996,993.0167,993.0535,991.7057,25.829,1.9048,12.007,-0.0103,-0.0436,35.55,34.89,1.2903,992.996,993.0167,993.0535,991.7057,50.0,False,NOMINAL,HEALTHY,49.56,-49.81
DIG_LOT04_COMP1456,LOT_04,DIGITAL_IC,CQFP-64,DIG-SIH-2026,THERMAL_BURN_IN,T04_1456,PROC-ISRO-IISU-01,ATE-STATION-01,CHAMBER-01,1.0,125.0,5.0,168,IDDQ,ELECTRICAL,uA,1.7244,1315.3553,1315.4579,1315.5306,1313.6309,22.859,2.0011,13.757,0.0017,0.0435,36.11,36.28,1.7244,1315.3553,1315.4579,1315.5306,1313.6309,50.0,False,NOMINAL,HEALTHY,-20.28,24.58
DIG_LOT04_COMP1457,LOT_04,DIGITAL_IC,CQFP-64,DIG-SIH-2026,THERMAL_BURN_IN,T04_1457,PROC-ISRO-IISU-01,ATE-STATION-01,CHAMBER-01,1.0,125.0,5.0,168,IDDQ,ELECTRICAL,uA,1.3569,1045.2992,1045.3855,1045.4331,1043.9423,25.347,1.9453,12.675,0.0013,-0.0288,36.87,37.16,1.3569,1045.2992,1045.3855,1045.4331,1043.9423,50.0,False,NOMINAL,HEALTHY,-19.56,-3.19
DIG_LOT04_COMP1458,LOT_04,DIGITAL_IC,CQFP-64,DIG-SIH-2026,THERMAL_BURN_IN,T04_1458,PROC-ISRO-IISU-01,ATE-STATION-01,CHAMBER-01,1.0,125.0,5.0,168,IDDQ,ELECTRICAL,uA,1.3436,1044.122,1044.1552,1044.1778,1042.7784,24.579,2.1352,11.748,0.0197,0.0514,36.15,36.27,1.3436,1044.122,1044.1552,1044.1778,1042.7784,50.0,False,NOMINAL,HEALTHY,-10.09,45.03
DIG_LOT04_COMP1459,LOT_04,DIGITAL_IC,CQFP-64,DIG-SIH-2026,THERMAL_BURN_IN,T04_1459,PROC-ISRO-IISU-01,ATE-STATION-01,CHAMBER-01,1.0,125.0,5.0,168,IDDQ,ELECTRICAL,uA,1.5483,1192.5416,1201.1406,1351.0075,1190.9933,25.613,1.8153,12.698,-0.0285,0.136,36.2,36.13,1.5483,1192.5416,1201.1406,1351.0075,1190.9933,50.0,True,THERMAL_RUNAWAY,HEALTHY,29.3,40.51
DIG_LOT04_COMP1460,LOT_04,DIGITAL_IC,CQFP-64,DIG-SIH-2026,THERMAL_BURN_IN,T04_1460,PROC-ISRO-IISU-01,ATE-STATION-01,CHAMBER-01,1.0,125.0,5.0,168,IDDQ,ELECTRICAL,uA,1.3262,1017.7704,1017.8687,1017.956,1016.4442,27.712,2.0776,11.105,-0.0234,0.0011,35.53,35.56,1.3262,1017.7704,1017.8687,1017.956,1016.4442,50.0,False,NOMINAL,HEALTHY,-21.82,-5.28
DIG_LOT04_COMP1461,LOT_04,DIGITAL_IC,CQFP-64,DIG-SIH-2026,THERMAL_BURN_IN,T04_1461,PROC-ISRO-IISU-01,ATE-STATION-01,CHAMBER-01,1.0,125.0,5.0,168,IDDQ,ELECTRICAL,uA,1.3144,1021.6598,1021.706,1021.7454,1020.3454,27.98,1.8264,11.337,0.0039,-0.0864,33.19,33.19,1.3144,1021.6598,1021.706,1021.7454,1020.3454,50.0,False,NOMINAL,HEALTHY,-36.21,-42.47
DIG_LOT04_COMP1462,LOT_04,DIGITAL_IC,CQFP-64,DIG-SIH-2026,THERMAL_BURN_IN,T04_1462,PROC-ISRO-IISU-01,ATE-STATION-01,CHAMBER-01,1.0,125.0,5.0,168,IDDQ,ELECTRICAL,uA,1.1814,923.7093,923.7643,923.8627,922.5279,27.974,2.0419,12.496,0.0145,-0.0494,34.37,34.66,1.1814,923.7093,923.7643,923.8627,922.5279,50.0,False,NOMINAL,HEALTHY,-14.13,7.61
DIG_LOT04_COMP1463,LOT_04,DIGITAL_IC,CQFP-64,DIG-SIH-2026,THERMAL_BURN_IN,T04_1463,PROC-ISRO-IISU-01,ATE-STATION-01,CHAMBER-01,1.0,125.0,5.0,168,IDDQ,ELECTRICAL,uA,1.2369,962.818,962.8586,962.9437,961.5811,26.132,1.5992,11.52,-0.0135,0.0344,34.76,34.56,1.2369,962.818,962.8586,962.9437,961.5811,50.0,False,NOMINAL,HEALTHY,-26.01,-18.6
DIG_LOT04_COMP1464,LOT_04,DIGITAL_IC,CQFP-64,DIG-SIH-2026,THERMAL_BURN_IN,T04_1464,PROC-ISRO-IISU-01,ATE-STATION-01,CHAMBER-01,1.0,125.0,5.0,168,IDDQ,ELECTRICAL,uA,1.14,889.057,889.1526,889.103,887.917,27.869,1.4494,11.916,0.0444,0.0768,34.37,34.58,1.14,889.057,889.1526,889.103,887.917,50.0,False,NOMINAL,HEALTHY,-39.44,-37.48
DIG_LOT04_COMP1465,LOT_04,DIGITAL_IC,CQFP-64,DIG-SIH-2026,THERMAL_BURN_IN,T04_1465,PROC-ISRO-IISU-01,ATE-STATION-01,CHAMBER-01,1.0,125.0,5.0,168,IDDQ,ELECTRICAL,uA,1.0989,850.0074,850.0849,850.065,848.9085,25.803,2.4841,12.027,-0.0126,-0.0098,33.0,32.44,1.0989,850.0074,850.0849,850.065,848.9085,50.0,False,NOMINAL,HEALTHY,47.5,-12.79
DIG_LOT04_COMP1466,LOT_04,DIGITAL_IC,CQFP-64,DIG-SIH-2026,THERMAL_BURN_IN,T04_1466,PROC-ISRO-IISU-01,ATE-STATION-01,CHAMBER-01,1.0,125.0,5.0,168,IDDQ,ELECTRICAL,uA,1.3543,1055.3548,1055.4531,1055.4351,1054.0005,24.733,2.5165,13.941,0.0038,0.0709,34.11,35.36,1.3543,1055.3548,1055.4531,1055.4351,1054.0005,50.0,False,NOMINAL,HEALTHY,18.44,16.94
DIG_LOT04_COMP1467,LOT_04,DIGITAL_IC,CQFP-64,DIG-SIH-2026,THERMAL_BURN_IN,T04_1467,PROC-ISRO-IISU-01,ATE-STATION-01,CHAMBER-01,1.0,125.0,5.0,168,IDDQ,ELECTRICAL,uA,1.4201,1100.4771,1100.5663,1100.6165,1099.057,26.618,2.0854,12.844,0.0002,0.1006,34.22,33.55,1.4201,1100.4771,1100.5663,1100.6165,1099.057,50.0,False,NOMINAL,HEALTHY,-36.17,-7.1
DIG_LOT04_COMP1468,LOT_04,DIGITAL_IC,CQFP-64,DIG-SIH-2026,THERMAL_BURN_IN,T04_1468,PROC-ISRO-IISU-01,ATE-STATION-01,CHAMBER-01,1.0,125.0,5.0,168,IDDQ,ELECTRICAL,uA,1.3191,1033.2042,1033.2797,1033.3389,1031.8851,24.846,2.5324,13.062,0.0029,-0.0668,36.38,36.87,1.3191,1033.2042,1033.2797,1033.3389,1031.8851,50.0,False,NOMINAL,HEALTHY,24.98,-14.72
DIG_LOT04_COMP1469,LOT_04,DIGITAL_IC,CQFP-64,DIG-SIH-2026,THERMAL_BURN_IN,T04_1469,PROC-ISRO-IISU-01,ATE-STATION-01,CHAMBER-01,1.0,125.0,5.0,168,IDDQ,ELECTRICAL,uA,1.1415,890.7325,890.7731,890.8767,889.591,26.054,2.0815,12.493,0.006,0.0106,34.77,34.93,1.1415,890.7325,890.7731,890.8767,889.591,50.0,False,NOMINAL,HEALTHY,38.46,16.81
DIG_LOT04_COMP1470,LOT_04,DIGITAL_IC,CQFP-64,DIG-SIH-2026,THERMAL_BURN_IN,T04_1470,PROC-ISRO-IISU-01,ATE-STATION-01,CHAMBER-01,1.0,125.0,5.0,168,IDDQ,ELECTRICAL,uA,1.3025,1007.5982,1007.648,1007.7197,1006.2957,27.75,1.9675,13.273,0.0106,-0.0399,37.48,37.35,1.3025,1007.5982,1007.648,1007.7197,1006.2957,50.0,False,NOMINAL,HEALTHY,-36.76,-16.87
DIG_LOT04_COMP1471,LOT_04,DIGITAL_IC,CQFP-64,DIG-SIH-2026,THERMAL_BURN_IN,T04_1471,PROC-ISRO-IISU-01,ATE-STATION-01,CHAMBER-01,1.0,125.0,5.0,168,IDDQ,ELECTRICAL,uA,1.2442,969.9582,970.0162,970.0116,968.714,24.633,1.8161,14.327,0.0041,0.0023,36.14,35.31,1.2442,969.9582,970.0162,970.0116,968.714,50.0,False,NOMINAL,HEALTHY,3.25,-41.75
DIG_LOT04_COMP1472,LOT_04,DIGITAL_IC,CQFP-64,DIG-SIH-2026,THERMAL_BURN_IN,T04_1472,PROC-ISRO-IISU-01,ATE-STATION-01,CHAMBER-01,1.0,125.0,5.0,168,IDDQ,ELECTRICAL,uA,1.3102,1010.6861,1010.762,1010.8289,1009.3759,23.75,2.3835,11.981,0.0041,0.0342,35.23,34.78,1.3102,1010.6861,1010.762,1010.8289,1009.3759,50.0,False,NOMINAL,HEALTHY,27.83,-41.16
DIG_LOT04_COMP1473,LOT_04,DIGITAL_IC,CQFP-64,DIG-SIH-2026,THERMAL_BURN_IN,T04_1473,PROC-ISRO-IISU-01,ATE-STATION-01,CHAMBER-01,1.0,125.0,5.0,168,IDDQ,ELECTRICAL,uA,1.3788,1049.8044,1049.8633,1049.8735,1048.4256,27.221,2.0462,13.287,-0.0354,-0.0375,35.34,34.99,1.3788,1049.8044,1049.8633,1049.8735,1048.4256,50.0,False,NOMINAL,HEALTHY,-4.23,5.83
DIG_LOT04_COMP1474,LOT_04,DIGITAL_IC,CQFP-64,DIG-SIH-2026,THERMAL_BURN_IN,T04_1474,PROC-ISRO-IISU-01,ATE-STATION-01,CHAMBER-01,1.0,125.0,5.0,168,IDDQ,ELECTRICAL,uA,1.3685,1041.3332,1041.4389,1041.4326,1039.9647,23.206,1.7595,12.428,-0.0071,-0.0535,35.12,35.63,1.3685,1041.3332,1041.4389,1041.4326,1039.9647,50.0,False,NOMINAL,HEALTHY,48.02,-46.33
DIG_LOT04_COMP1475,LOT_04,DIGITAL_IC,CQFP-64,DIG-SIH-2026,THERMAL_BURN_IN,T04_1475,PROC-ISRO-IISU-01,ATE-STATION-01,CHAMBER-01,1.0,125.0,5.0,168,IDDQ,ELECTRICAL,uA,1.5653,1219.9058,1219.9839,1220.0523,1218.3405,24.136,1.8273,11.33,-0.0191,-0.0138,34.68,35.04,1.5653,1219.9058,1219.9839,1220.0523,1218.3405,50.0,False,NOMINAL,HEALTHY,-44.23,-31.57
DIG_LOT04_COMP1476,LOT_04,DIGITAL_IC,CQFP-64,DIG-SIH-2026,THERMAL_BURN_IN,T04_1476,PROC-ISRO-IISU-01,ATE-STATION-01,CHAMBER-01,1.0,125.0,5.0,168,IDDQ,ELECTRICAL,uA,1.3982,1082.5394,1082.5948,1082.6145,1081.1412,27.094,2.1313,11.458,-0.0233,0.0017,34.19,34.26,1.3982,1082.5394,1082.5948,1082.6145,1081.1412,50.0,False,NOMINAL,HEALTHY,-37.97,-23.45
DIG_LOT04_COMP1477,LOT_04,DIGITAL_IC,CQFP-64,DIG-SIH-2026,THERMAL_BURN_IN,T04_1477,PROC-ISRO-IISU-01,ATE-STATION-01,CHAMBER-01,1.0,125.0,5.0,168,IDDQ,ELECTRICAL,uA,1.4494,1121.805,1121.8687,1122.0083,1120.3556,23.782,2.1694,13.142,-0.0324,-0.0822,35.23,35.44,1.4494,1121.805,1121.8687,1122.0083,1120.3556,50.0,False,NOMINAL,HEALTHY,-27.26,-0.17
DIG_LOT04_COMP1478,LOT_04,DIGITAL_IC,CQFP-64,DIG-SIH-2026,THERMAL_BURN_IN,T04_1478,PROC-ISRO-IISU-01,ATE-STATION-01,CHAMBER-01,1.0,125.0,5.0,168,IDDQ,ELECTRICAL,uA,1.2773,973.9162,973.9807,974.0347,972.6389,26.783,2.228,12.847,0.0417,0.1418,34.51,33.61,1.2773,973.9162,973.9807,974.0347,972.6389,50.0,False,NOMINAL,HEALTHY,-4.2,-15.46
DIG_LOT04_COMP1479,LOT_04,DIGITAL_IC,CQFP-64,DIG-SIH-2026,THERMAL_BURN_IN,T04_1479,PROC-ISRO-IISU-01,ATE-STATION-01,CHAMBER-01,1.0,125.0,5.0,168,IDDQ,ELECTRICAL,uA,1.2289,945.1079,945.1468,945.1386,943.879,26.544,2.3982,11.645,0.0231,0.0429,36.09,35.61,1.2289,945.1079,945.1468,945.1386,943.879,50.0,False,NOMINAL,HEALTHY,23.53,37.0
DIG_LOT04_COMP1480,LOT_04,DIGITAL_IC,CQFP-64,DIG-SIH-2026,THERMAL_BURN_IN,T04_1480,PROC-ISRO-IISU-01,ATE-STATION-01,CHAMBER-01,1.0,125.0,5.0,168,IDDQ,ELECTRICAL,uA,1.0793,849.4094,849.514,849.5301,848.3301,26.449,2.2755,12.926,-0.0135,-0.1076,36.43,36.23,1.0793,849.4094,849.514,849.5301,848.3301,50.0,False,NOMINAL,HEALTHY,40.47,-35.38
DIG_LOT04_COMP1481,LOT_04,DIGITAL_IC,CQFP-64,DIG-SIH-2026,THERMAL_BURN_IN,T04_1481,PROC-ISRO-IISU-01,ATE-STATION-01,CHAMBER-01,1.0,125.0,5.0,168,IDDQ,ELECTRICAL,uA,1.4008,1071.1624,1071.2479,1071.2771,1069.7616,23.564,1.5017,11.995,0.0023,-0.0091,32.89,31.89,1.4008,1071.1624,1071.2479,1071.2771,1069.7616,50.0,False,NOMINAL,HEALTHY,3.13,12.88
DIG_LOT04_COMP1482,LOT_04,DIGITAL_IC,CQFP-64,DIG-SIH-2026,THERMAL_BURN_IN,T04_1482,PROC-ISRO-IISU-01,ATE-STATION-01,CHAMBER-01,1.0,125.0,5.0,168,IDDQ,ELECTRICAL,uA,1.044,803.0594,803.1042,803.0925,802.0154,23.501,1.6465,10.712,-0.0058,-0.1544,33.69,33.43,1.044,803.0594,803.1042,803.0925,802.0154,50.0,False,NOMINAL,HEALTHY,21.22,34.35
DIG_LOT04_COMP1483,LOT_04,DIGITAL_IC,CQFP-64,DIG-SIH-2026,THERMAL_BURN_IN,T04_1483,PROC-ISRO-IISU-01,ATE-STATION-01,CHAMBER-01,1.0,125.0,5.0,168,IDDQ,ELECTRICAL,uA,1.0743,820.4243,820.4658,820.5702,819.35,25.275,1.8856,12.986,0.0348,0.0569,35.39,34.72,1.0743,820.4243,820.4658,820.5702,819.35,50.0,False,NOMINAL,HEALTHY,-10.09,27.67
DIG_LOT04_COMP1484,LOT_04,DIGITAL_IC,CQFP-64,DIG-SIH-2026,THERMAL_BURN_IN,T04_1484,PROC-ISRO-IISU-01,ATE-STATION-01,CHAMBER-01,1.0,125.0,5.0,168,IDDQ,ELECTRICAL,uA,1.2273,941.9523,942.0497,942.1225,940.725,27.764,1.8167,11.921,0.0243,0.0111,34.12,33.6,1.2273,941.9523,942.0497,942.1225,940.725,50.0,False,NOMINAL,HEALTHY,-9.98,36.16
DIG_LOT04_COMP1485,LOT_04,DIGITAL_IC,CQFP-64,DIG-SIH-2026,THERMAL_BURN_IN,T04_1485,PROC-ISRO-IISU-01,ATE-STATION-01,CHAMBER-01,1.0,125.0,5.0,168,IDDQ,ELECTRICAL,uA,1.4184,1097.834,1097.9642,1098.0141,1096.4156,25.832,1.4343,12.69,-0.0102,-0.0686,35.91,36.48,1.4184,1097.834,1097.9642,1098.0141,1096.4156,50.0,False,NOMINAL,HEALTHY,24.06,-46.01
DIG_LOT04_COMP1486,LOT_04,DIGITAL_IC,CQFP-64,DIG-SIH-2026,THERMAL_BURN_IN,T04_1486,PROC-ISRO-IISU-01,ATE-STATION-01,CHAMBER-01,1.0,125.0,5.0,168,IDDQ,ELECTRICAL,uA,1.4044,1083.8333,1083.8755,1083.9656,1082.4289,22.328,1.9068,13.286,0.0127,0.0114,34.35,34.39,1.4044,1083.8333,1083.8755,1083.9656,1082.4289,50.0,False,NOMINAL,HEALTHY,23.22,49.08
DIG_LOT04_COMP1487,LOT_04,DIGITAL_IC,CQFP-64,DIG-SIH-2026,THERMAL_BURN_IN,T04_1487,PROC-ISRO-IISU-01,ATE-STATION-01,CHAMBER-01,1.0,125.0,5.0,168,IDDQ,ELECTRICAL,uA,1.4909,1134.5774,1134.6662,1134.7422,1133.0865,25.431,1.6642,11.187,-0.0075,-0.0658,33.48,33.83,1.4909,1134.5774,1134.6662,1134.7422,1133.0865,50.0,False,NOMINAL,HEALTHY,36.47,-30.13
DIG_LOT04_COMP1488,LOT_04,DIGITAL_IC,CQFP-64,DIG-SIH-2026,THERMAL_BURN_IN,T04_1488,PROC-ISRO-IISU-01,ATE-STATION-01,CHAMBER-01,1.0,125.0,5.0,168,IDDQ,ELECTRICAL,uA,1.5165,1169.6505,1169.7652,1169.8125,1168.134,25.262,1.9208,12.156,0.0188,0.0927,34.16,35.06,1.5165,1169.6505,1169.7652,1169.8125,1168.134,50.0,False,NOMINAL,HEALTHY,49.73,2.49
DIG_LOT04_COMP1489,LOT_04,DIGITAL_IC,CQFP-64,DIG-SIH-2026,THERMAL_BURN_IN,T04_1489,PROC-ISRO-IISU-01,ATE-STATION-01,CHAMBER-01,1.0,125.0,5.0,168,IDDQ,ELECTRICAL,uA,1.4147,1107.3441,1107.4272,1107.4383,1105.9294,25.019,2.3987,13.678,-0.0123,0.0294,36.38,36.62,1.4147,1107.3441,1107.4272,1107.4383,1105.9294,50.0,False,NOMINAL,HEALTHY,29.24,-11.39
DIG_LOT04_COMP1490,LOT_04,DIGITAL_IC,CQFP-64,DIG-SIH-2026,THERMAL_BURN_IN,T04_1490,PROC-ISRO-IISU-01,ATE-STATION-01,CHAMBER-01,1.0,125.0,5.0,168,IDDQ,ELECTRICAL,uA,1.2953,1016.3758,1016.4612,1016.5279,1015.0805,26.241,1.7188,12.97,0.0004,-0.0342,34.04,34.59,1.2953,1016.3758,1016.4612,1016.5279,1015.0805,50.0,False,NOMINAL,HEALTHY,-43.19,23.95
DIG_LOT04_COMP1491,LOT_04,DIGITAL_IC,CQFP-64,DIG-SIH-2026,THERMAL_BURN_IN,T04_1491,PROC-ISRO-IISU-01,ATE-STATION-01,CHAMBER-01,1.0,125.0,5.0,168,IDDQ,ELECTRICAL,uA,1.1878,907.9921,908.0501,908.1216,906.8043,24.088,2.1356,12.999,-0.0266,0.0193,34.43,33.78,1.1878,907.9921,908.0501,908.1216,906.8043,50.0,False,NOMINAL,HEALTHY,47.34,-7.71
DIG_LOT04_COMP1492,LOT_04,DIGITAL_IC,CQFP-64,DIG-SIH-2026,THERMAL_BURN_IN,T04_1492,PROC-ISRO-IISU-01,ATE-STATION-01,CHAMBER-01,1.0,125.0,5.0,168,IDDQ,ELECTRICAL,uA,1.6411,1271.5086,1271.5691,1271.6376,1269.8675,24.066,1.4403,11.079,-0.0085,0.004,32.78,32.94,1.6411,1271.5086,1271.5691,1271.6376,1269.8675,50.0,False,NOMINAL,HEALTHY,47.51,6.84
DIG_LOT04_COMP1493,LOT_04,DIGITAL_IC,CQFP-64,DIG-SIH-2026,THERMAL_BURN_IN,T04_1493,PROC-ISRO-IISU-01,ATE-STATION-01,CHAMBER-01,1.0,125.0,5.0,168,IDDQ,ELECTRICAL,uA,1.2338,961.6759,961.8188,961.814,960.4421,22.797,1.8437,13.071,-0.0158,-0.017,34.08,34.34,1.2338,961.6759,961.8188,961.814,960.4421,50.0,False,NOMINAL,HEALTHY,-24.05,28.78
DIG_LOT04_COMP1494,LOT_04,DIGITAL_IC,CQFP-64,DIG-SIH-2026,THERMAL_BURN_IN,T04_1494,PROC-ISRO-IISU-01,ATE-STATION-01,CHAMBER-01,1.0,125.0,5.0,168,IDDQ,ELECTRICAL,uA,1.2655,971.962,972.0485,972.0742,970.6965,22.31,1.9071,12.23,-0.0061,0.0871,36.01,36.61,1.2655,971.962,972.0485,972.0742,970.6965,50.0,False,NOMINAL,HEALTHY,-15.78,-18.41
DIG_LOT04_COMP1495,LOT_04,DIGITAL_IC,CQFP-64,DIG-SIH-2026,THERMAL_BURN_IN,T04_1495,PROC-ISRO-IISU-01,ATE-STATION-01,CHAMBER-01,1.0,125.0,5.0,168,IDDQ,ELECTRICAL,uA,1.3748,1052.3872,1052.4617,1052.5523,1051.0124,24.436,2.02,11.946,-0.0161,-0.0223,33.11,33.8,1.3748,1052.3872,1052.4617,1052.5523,1051.0124,50.0,False,NOMINAL,HEALTHY,47.03,-21.88
DIG_LOT04_COMP1496,LOT_04,DIGITAL_IC,CQFP-64,DIG-SIH-2026,THERMAL_BURN_IN,T04_1496,PROC-ISRO-IISU-01,ATE-STATION-01,CHAMBER-01,1.0,125.0,5.0,168,IDDQ,ELECTRICAL,uA,1.3429,1039.8656,1039.9135,1039.9914,1038.5227,24.823,2.0955,12.064,0.0116,-0.0799,33.79,34.75,1.3429,1039.8656,1039.9135,1039.9914,1038.5227,50.0,False,NOMINAL,HEALTHY,-22.42,45.88
DIG_LOT04_COMP1497,LOT_04,DIGITAL_IC,CQFP-64,DIG-SIH-2026,THERMAL_BURN_IN,T04_1497,PROC-ISRO-IISU-01,ATE-STATION-01,CHAMBER-01,1.0,125.0,5.0,168,IDDQ,ELECTRICAL,uA,1.214,960.778,960.8797,960.9525,959.564,24.487,1.9729,13.601,0.0115,0.0402,35.02,35.83,1.214,960.778,960.8797,960.9525,959.564,50.0,False,NOMINAL,HEALTHY,-26.52,-12.1
DIG_LOT04_COMP1498,LOT_04,DIGITAL_IC,CQFP-64,DIG-SIH-2026,THERMAL_BURN_IN,T04_1498,PROC-ISRO-IISU-01,ATE-STATION-01,CHAMBER-01,1.0,125.0,5.0,168,IDDQ,ELECTRICAL,uA,1.2523,964.7368,964.7998,964.8532,963.4845,25.988,1.5699,12.665,0.0018,0.0076,33.89,34.05,1.2523,964.7368,964.7998,964.8532,963.4845,50.0,False,NOMINAL,HEALTHY,-28.61,-21.17
DIG_LOT04_COMP1499,LOT_04,DIGITAL_IC,CQFP-64,DIG-SIH-2026,THERMAL_BURN_IN,T04_1499,PROC-ISRO-IISU-01,ATE-STATION-01,CHAMBER-01,1.0,125.0,5.0,168,IDDQ,ELECTRICAL,uA,1.1366,888.1118,888.1729,888.2194,886.9752,22.723,2.0558,12.998,0.0144,0.0769,34.58,34.32,1.1366,888.1118,888.1729,888.2194,886.9752,50.0,False,NOMINAL,HEALTHY,20.65,39.31
DIG_LOT04_COMP1500,LOT_04,DIGITAL_IC,CQFP-64,DIG-SIH-2026,THERMAL_BURN_IN,T04_1500,PROC-ISRO-IISU-01,ATE-STATION-01,CHAMBER-01,1.0,125.0,5.0,168,IDDQ,ELECTRICAL,uA,1.1822,898.0228,898.1207,898.1761,896.8406,25.962,2.5569,12.393,0.0001,0.0405,34.78,35.03,1.1822,898.0228,898.1207,898.1761,896.8406,50.0,False,NOMINAL,HEALTHY,10.16,-8.87
DIG_LOT04_COMP1501,LOT_04,DIGITAL_IC,CQFP-64,DIG-SIH-2026,THERMAL_BURN_IN,T04_1501,PROC-ISRO-IISU-01,ATE-STATION-01,CHAMBER-01,1.0,125.0,5.0,168,IDDQ,ELECTRICAL,uA,1.5711,1193.8619,1193.9593,1193.9718,1192.2908,25.28,2.4699,11.607,-0.0044,0.0363,34.15,34.08,1.5711,1193.8619,1193.9593,1193.9718,1192.2908,50.0,False,NOMINAL,HEALTHY,16.31,-27.8
DIG_LOT04_COMP1502,LOT_04,DIGITAL_IC,CQFP-64,DIG-SIH-2026,THERMAL_BURN_IN,T04_1502,PROC-ISRO-IISU-01,ATE-STATION-01,CHAMBER-01,1.0,125.0,5.0,168,IDDQ,ELECTRICAL,uA,1.3737,1052.5802,1052.6919,1052.7702,1051.2065,23.396,2.125,13.444,0.0034,-0.0111,36.35,36.08,1.3737,1052.5802,1052.6919,1052.7702,1051.2065,50.0,False,NOMINAL,HEALTHY,20.22,-6.77
DIG_LOT04_COMP1503,LOT_04,DIGITAL_IC,CQFP-64,DIG-SIH-2026,THERMAL_BURN_IN,T04_1503,PROC-ISRO-IISU-01,ATE-STATION-01,CHAMBER-01,1.0,125.0,5.0,168,IDDQ,ELECTRICAL,uA,1.1616,914.8007,914.905,914.9393,913.6391,26.204,1.3127,12.84,0.0484,0.0204,36.07,36.15,1.1616,914.8007,914.905,914.9393,913.6391,50.0,False,NOMINAL,HEALTHY,-35.83,-27.04
DIG_LOT04_COMP1504,LOT_04,DIGITAL_IC,CQFP-64,DIG-SIH-2026,THERMAL_BURN_IN,T04_1504,PROC-ISRO-IISU-01,ATE-STATION-01,CHAMBER-01,1.0,125.0,5.0,168,IDDQ,ELECTRICAL,uA,1.3106,1006.1301,1006.1684,1006.1999,1004.8195,23.265,1.8409,11.896,-0.0153,-0.0234,36.8,36.13,1.3106,1006.1301,1006.1684,1006.1999,1004.8195,50.0,False,NOMINAL,HEALTHY,-31.71,11.89
DIG_LOT04_COMP1505,LOT_04,DIGITAL_IC,CQFP-64,DIG-SIH-2026,THERMAL_BURN_IN,T04_1505,PROC-ISRO-IISU-01,ATE-STATION-01,CHAMBER-01,1.0,125.0,5.0,168,IDDQ,ELECTRICAL,uA,1.2187,928.8778,928.907,928.9154,927.6591,23.701,2.4694,11.865,0.0069,-0.0192,34.4,34.19,1.2187,928.8778,928.907,928.9154,927.6591,50.0,False,NOMINAL,HEALTHY,-25.27,14.94
DIG_LOT04_COMP1506,LOT_04,DIGITAL_IC,CQFP-64,DIG-SIH-2026,THERMAL_BURN_IN,T04_1506,PROC-ISRO-IISU-01,ATE-STATION-01,CHAMBER-01,1.0,125.0,5.0,168,IDDQ,ELECTRICAL,uA,1.1556,899.4977,899.58,899.641,898.3421,22.831,1.9868,11.879,0.0014,0.0331,36.25,36.02,1.1556,899.4977,899.58,899.641,898.3421,50.0,False,NOMINAL,HEALTHY,-27.86,48.51
DIG_LOT04_COMP1507,LOT_04,DIGITAL_IC,CQFP-64,DIG-SIH-2026,THERMAL_BURN_IN,T04_1507,PROC-ISRO-IISU-01,ATE-STATION-01,CHAMBER-01,1.0,125.0,5.0,168,IDDQ,ELECTRICAL,uA,1.5583,1201.4212,1201.5248,1201.5585,1199.8629,25.675,1.9719,13.178,-0.0201,-0.0295,34.0,34.09,1.5583,1201.4212,1201.5248,1201.5585,1199.8629,50.0,False,NOMINAL,HEALTHY,20.86,-35.1
DIG_LOT04_COMP1508,LOT_04,DIGITAL_IC,CQFP-64,DIG-SIH-2026,THERMAL_BURN_IN,T04_1508,PROC-ISRO-IISU-01,ATE-STATION-01,CHAMBER-01,1.0,125.0,5.0,168,IDDQ,ELECTRICAL,uA,1.005,762.8275,762.8734,762.9749,761.8225,25.088,2.4026,13.047,-0.0234,0.0149,35.79,35.38,1.005,762.8275,762.8734,762.9749,761.8225,50.0,False,NOMINAL,HEALTHY,19.5,-27.77
DIG_LOT04_COMP1509,LOT_04,DIGITAL_IC,CQFP-64,DIG-SIH-2026,THERMAL_BURN_IN,T04_1509,PROC-ISRO-IISU-01,ATE-STATION-01,CHAMBER-01,1.0,125.0,5.0,168,IDDQ,ELECTRICAL,uA,1.4081,1109.5948,1109.7013,1109.7488,1108.1867,26.102,2.6141,12.063,0.0489,0.1179,36.85,37.0,1.4081,1109.5948,1109.7013,1109.7488,1108.1867,50.0,False,NOMINAL,HEALTHY,37.73,-0.3
DIG_LOT04_COMP1510,LOT_04,DIGITAL_IC,CQFP-64,DIG-SIH-2026,THERMAL_BURN_IN,T04_1510,PROC-ISRO-IISU-01,ATE-STATION-01,CHAMBER-01,1.0,125.0,5.0,168,IDDQ,ELECTRICAL,uA,1.1961,926.5185,926.6003,926.5759,925.3224,25.522,1.9901,11.233,-0.0186,-0.1008,32.56,32.16,1.1961,926.5185,926.6003,926.5759,925.3224,50.0,False,NOMINAL,HEALTHY,-21.09,-4.48
DIG_LOT04_COMP1511,LOT_04,DIGITAL_IC,CQFP-64,DIG-SIH-2026,THERMAL_BURN_IN,T04_1511,PROC-ISRO-IISU-01,ATE-STATION-01,CHAMBER-01,1.0,125.0,5.0,168,IDDQ,ELECTRICAL,uA,1.3193,1017.5668,1017.636,1017.6357,1016.2475,25.811,1.5318,12.718,0.0065,-0.0686,35.6,35.69,1.3193,1017.5668,1017.636,1017.6357,1016.2475,50.0,False,NOMINAL,HEALTHY,-34.56,47.55
DIG_LOT04_COMP1512,LOT_04,DIGITAL_IC,CQFP-64,DIG-SIH-2026,THERMAL_BURN_IN,T04_1512,PROC-ISRO-IISU-01,ATE-STATION-01,CHAMBER-01,1.0,125.0,5.0,168,IDDQ,ELECTRICAL,uA,1.2641,990.842,990.9633,991.0116,989.5779,25.325,1.9278,11.29,-0.0054,0.0272,34.18,34.04,1.2641,990.842,990.9633,991.0116,989.5779,50.0,True,DIELECTRIC_OSCILLATION,HEALTHY,-0.83,-7.23
DIG_LOT04_COMP1513,LOT_04,DIGITAL_IC,CQFP-64,DIG-SIH-2026,THERMAL_BURN_IN,T04_1513,PROC-ISRO-IISU-01,ATE-STATION-01,CHAMBER-01,1.0,125.0,5.0,168,IDDQ,ELECTRICAL,uA,1.3669,1047.4871,1047.5597,1047.6153,1046.1202,29.161,2.1476,14.758,-0.0209,-0.0477,35.16,34.57,1.3669,1047.4871,1047.5597,1047.6153,1046.1202,50.0,False,NOMINAL,HEALTHY,31.9,34.34
DIG_LOT04_COMP1514,LOT_04,DIGITAL_IC,CQFP-64,DIG-SIH-2026,THERMAL_BURN_IN,T04_1514,PROC-ISRO-IISU-01,ATE-STATION-01,CHAMBER-01,1.0,125.0,5.0,168,IDDQ,ELECTRICAL,uA,1.2813,993.1641,993.2034,993.2816,991.8828,23.326,1.9092,12.392,-0.0223,-0.0498,36.2,36.66,1.2813,993.1641,993.2034,993.2816,991.8828,50.0,False,NOMINAL,HEALTHY,-49.78,6.33
DIG_LOT04_COMP1515,LOT_04,DIGITAL_IC,CQFP-64,DIG-SIH-2026,THERMAL_BURN_IN,T04_1515,PROC-ISRO-IISU-01,ATE-STATION-01,CHAMBER-01,1.0,125.0,5.0,168,IDDQ,ELECTRICAL,uA,1.3268,1014.1796,1014.27,1014.3295,1012.8528,24.588,1.7752,12.528,0.0292,0.098,34.42,34.74,1.3268,1014.1796,1014.27,1014.3295,1012.8528,50.0,False,NOMINAL,HEALTHY,34.08,-31.75
DIG_LOT04_COMP1516,LOT_04,DIGITAL_IC,CQFP-64,DIG-SIH-2026,THERMAL_BURN_IN,T04_1516,PROC-ISRO-IISU-01,ATE-STATION-01,CHAMBER-01,1.0,125.0,5.0,168,IDDQ,ELECTRICAL,uA,1.1828,921.7673,921.8165,921.9157,920.5845,23.143,2.0054,12.114,0.0086,-0.0379,34.77,34.93,1.1828,921.7673,921.8165,921.9157,920.5845,50.0,False,NOMINAL,HEALTHY,-45.98,43.4
DIG_LOT04_COMP1517,LOT_04,DIGITAL_IC,CQFP-64,DIG-SIH-2026,THERMAL_BURN_IN,T04_1517,PROC-ISRO-IISU-01,ATE-STATION-01,CHAMBER-01,1.0,125.0,5.0,168,IDDQ,ELECTRICAL,uA,1.4367,1093.9546,1094.0242,1094.0844,1092.5179,23.596,1.6529,12.466,-0.0119,0.04,34.63,34.54,1.4367,1093.9546,1094.0242,1094.0844,1092.5179,50.0,False,NOMINAL,HEALTHY,-32.23,18.87
DIG_LOT04_COMP1518,LOT_04,DIGITAL_IC,CQFP-64,DIG-SIH-2026,THERMAL_BURN_IN,T04_1518,PROC-ISRO-IISU-01,ATE-STATION-01,CHAMBER-01,1.0,125.0,5.0,168,IDDQ,ELECTRICAL,uA,1.0973,823.8693,823.9265,823.9431,822.772,25.542,2.0546,12.466,0.0241,0.0067,35.29,34.8,1.0973,823.8693,823.9265,823.9431,822.772,50.0,False,NOMINAL,HEALTHY,-2.95,15.76
DIG_LOT04_COMP1519,LOT_04,DIGITAL_IC,CQFP-64,DIG-SIH-2026,THERMAL_BURN_IN,T04_1519,PROC-ISRO-IISU-01,ATE-STATION-01,CHAMBER-01,1.0,125.0,5.0,168,IDDQ,ELECTRICAL,uA,1.2954,984.6791,984.771,984.7705,983.3837,24.917,1.7535,12.998,0.0022,-0.0505,34.35,34.31,1.2954,984.6791,984.771,984.7705,983.3837,50.0,False,NOMINAL,HEALTHY,-21.18,-32.41
DIG_LOT04_COMP1520,LOT_04,DIGITAL_IC,CQFP-64,DIG-SIH-2026,THERMAL_BURN_IN,T04_1520,PROC-ISRO-IISU-01,ATE-STATION-01,CHAMBER-01,1.0,125.0,5.0,168,IDDQ,ELECTRICAL,uA,1.2429,971.0769,971.1001,971.2108,969.834,24.402,1.8432,12.926,-0.0116,-0.0781,35.33,35.11,1.2429,971.0769,971.1001,971.2108,969.834,50.0,False,NOMINAL,HEALTHY,-46.39,36.25
DIG_LOT04_COMP1521,LOT_04,DIGITAL_IC,CQFP-64,DIG-SIH-2026,THERMAL_BURN_IN,T04_1521,PROC-ISRO-IISU-01,ATE-STATION-01,CHAMBER-01,1.0,125.0,5.0,168,IDDQ,ELECTRICAL,uA,1.2224,927.2245,927.3284,927.3859,926.0021,25.82,1.6938,14.286,-0.0101,0.0118,36.43,36.16,1.2224,927.2245,927.3284,927.3859,926.0021,50.0,False,NOMINAL,HEALTHY,-27.79,29.58
DIG_LOT04_COMP1522,LOT_04,DIGITAL_IC,CQFP-64,DIG-SIH-2026,THERMAL_BURN_IN,T04_1522,PROC-ISRO-IISU-01,ATE-STATION-01,CHAMBER-01,1.0,125.0,5.0,168,IDDQ,ELECTRICAL,uA,1.2542,964.6019,964.6308,964.6375,963.3477,22.9,1.61,11.56,0.0047,0.0162,35.32,34.6,1.2542,964.6019,964.6308,964.6375,963.3477,50.0,False,NOMINAL,HEALTHY,48.31,35.22
DIG_LOT04_COMP1523,LOT_04,DIGITAL_IC,CQFP-64,DIG-SIH-2026,THERMAL_BURN_IN,T04_1523,PROC-ISRO-IISU-01,ATE-STATION-01,CHAMBER-01,1.0,125.0,5.0,168,IDDQ,ELECTRICAL,uA,1.2772,984.2534,984.3351,984.4239,982.9762,26.187,2.1743,12.512,0.0244,-0.024,35.3,35.96,1.2772,984.2534,984.3351,984.4239,982.9762,50.0,False,NOMINAL,HEALTHY,-8.27,34.44
DIG_LOT04_COMP1524,LOT_04,DIGITAL_IC,CQFP-64,DIG-SIH-2026,THERMAL_BURN_IN,T04_1524,PROC-ISRO-IISU-01,ATE-STATION-01,CHAMBER-01,1.0,125.0,5.0,168,IDDQ,ELECTRICAL,uA,1.4922,1143.9052,1143.9731,1144.0022,1142.413,24.234,1.8785,14.206,-0.0272,-0.0482,34.79,35.46,1.4922,1143.9052,1143.9731,1144.0022,1142.413,50.0,False,NOMINAL,HEALTHY,-3.71,7.26
DIG_LOT04_COMP1525,LOT_04,DIGITAL_IC,CQFP-64,DIG-SIH-2026,THERMAL_BURN_IN,T04_1525,PROC-ISRO-IISU-01,ATE-STATION-01,CHAMBER-01,1.0,125.0,5.0,168,IDDQ,ELECTRICAL,uA,1.511,1170.1804,1170.2946,1170.2976,1168.6694,24.02,1.6342,13.394,0.0133,0.1091,35.98,35.71,1.511,1170.1804,1170.2946,1170.2976,1168.6694,50.0,False,NOMINAL,HEALTHY,8.25,-49.24
DIG_LOT04_COMP1526,LOT_04,DIGITAL_IC,CQFP-64,DIG-SIH-2026,THERMAL_BURN_IN,T04_1526,PROC-ISRO-IISU-01,ATE-STATION-01,CHAMBER-01,1.0,125.0,5.0,168,IDDQ,ELECTRICAL,uA,1.4254,1101.0998,1101.1973,1101.2535,1099.6744,27.412,2.3143,12.097,-0.0023,-0.0408,32.44,32.77,1.4254,1101.0998,1101.1973,1101.2535,1099.6744,50.0,False,NOMINAL,HEALTHY,-38.45,-4.14
DIG_LOT04_COMP1527,LOT_04,DIGITAL_IC,CQFP-64,DIG-SIH-2026,THERMAL_BURN_IN,T04_1527,PROC-ISRO-IISU-01,ATE-STATION-01,CHAMBER-01,1.0,125.0,5.0,168,IDDQ,ELECTRICAL,uA,1.481,1141.0101,1141.086,1141.1839,1139.5291,23.919,2.3255,10.591,-0.0079,0.066,34.33,33.86,1.481,1141.0101,1141.086,1141.1839,1139.5291,50.0,False,NOMINAL,HEALTHY,-19.2,-14.35
DIG_LOT04_COMP1528,LOT_04,DIGITAL_IC,CQFP-64,DIG-SIH-2026,THERMAL_BURN_IN,T04_1528,PROC-ISRO-IISU-01,ATE-STATION-01,CHAMBER-01,1.0,125.0,5.0,168,IDDQ,ELECTRICAL,uA,1.2771,988.8449,988.8589,988.8854,987.5678,26.051,1.8223,12.825,0.0312,0.1056,35.93,35.94,1.2771,988.8449,988.8589,988.8854,987.5678,50.0,False,NOMINAL,HEALTHY,-39.32,-15.62
DIG_LOT04_COMP1529,LOT_04,DIGITAL_IC,CQFP-64,DIG-SIH-2026,THERMAL_BURN_IN,T04_1529,PROC-ISRO-IISU-01,ATE-STATION-01,CHAMBER-01,1.0,125.0,5.0,168,IDDQ,ELECTRICAL,uA,1.0701,837.4549,837.5753,837.5742,836.3848,28.585,2.2952,12.061,0.0112,-0.0498,34.88,35.15,1.0701,837.4549,837.5753,837.5742,836.3848,50.0,False,NOMINAL,HEALTHY,-0.2,-9.37
DIG_LOT04_COMP1530,LOT_04,DIGITAL_IC,CQFP-64,DIG-SIH-2026,THERMAL_BURN_IN,T04_1530,PROC-ISRO-IISU-01,ATE-STATION-01,CHAMBER-01,1.0,125.0,5.0,168,IDDQ,ELECTRICAL,uA,1.4262,1080.1944,1080.3095,1080.3515,1078.7682,27.195,1.6246,12.874,-0.0641,-0.0889,35.03,34.34,1.4262,1080.1944,1080.3095,1080.3515,1078.7682,50.0,False,NOMINAL,HEALTHY,42.45,-20.98
DIG_LOT04_COMP1531,LOT_04,DIGITAL_IC,CQFP-64,DIG-SIH-2026,THERMAL_BURN_IN,T04_1531,PROC-ISRO-IISU-01,ATE-STATION-01,CHAMBER-01,1.0,125.0,5.0,168,IDDQ,ELECTRICAL,uA,1.4065,1083.9107,1083.9896,1084.1002,1082.5042,27.239,2.0833,13.341,0.0222,0.0541,34.15,33.08,1.4065,1083.9107,1083.9896,1084.1002,1082.5042,50.0,False,NOMINAL,HEALTHY,48.2,-28.34
DIG_LOT04_COMP1532,LOT_04,DIGITAL_IC,CQFP-64,DIG-SIH-2026,THERMAL_BURN_IN,T04_1532,PROC-ISRO-IISU-01,ATE-STATION-01,CHAMBER-01,1.0,125.0,5.0,168,IDDQ,ELECTRICAL,uA,1.1367,884.1382,884.2519,884.2217,883.0015,23.406,2.1365,12.702,0.0139,0.0127,33.81,33.81,1.1367,884.1382,884.2519,884.2217,883.0015,50.0,False,NOMINAL,HEALTHY,-49.82,-31.51
DIG_LOT04_COMP1533,LOT_04,DIGITAL_IC,CQFP-64,DIG-SIH-2026,THERMAL_BURN_IN,T04_1533,PROC-ISRO-IISU-01,ATE-STATION-01,CHAMBER-01,1.0,125.0,5.0,168,IDDQ,ELECTRICAL,uA,1.4138,1096.2297,1096.2997,1096.3463,1094.8159,27.395,2.2674,12.136,-0.0261,0.0012,35.65,35.26,1.4138,1096.2297,1096.2997,1096.3463,1094.8159,50.0,False,NOMINAL,HEALTHY,3.56,36.66
DIG_LOT04_COMP1534,LOT_04,DIGITAL_IC,CQFP-64,DIG-SIH-2026,THERMAL_BURN_IN,T04_1534,PROC-ISRO-IISU-01,ATE-STATION-01,CHAMBER-01,1.0,125.0,5.0,168,IDDQ,ELECTRICAL,uA,1.1231,855.8963,855.965,855.9472,854.7732,26.218,1.7742,11.463,0.0128,0.0734,33.74,35.09,1.1231,855.8963,855.965,855.9472,854.7732,50.0,False,NOMINAL,HEALTHY,-1.99,-36.03
DIG_LOT04_COMP1535,LOT_04,DIGITAL_IC,CQFP-64,DIG-SIH-2026,THERMAL_BURN_IN,T04_1535,PROC-ISRO-IISU-01,ATE-STATION-01,CHAMBER-01,1.0,125.0,5.0,168,IDDQ,ELECTRICAL,uA,0.9617,749.0713,749.0632,749.1433,748.1096,24.447,1.7287,12.526,0.0223,0.0171,35.53,35.27,0.9617,749.0713,749.0632,749.1433,748.1096,50.0,False,NOMINAL,HEALTHY,38.11,-15.64
DIG_LOT04_COMP1536,LOT_04,DIGITAL_IC,CQFP-64,DIG-SIH-2026,THERMAL_BURN_IN,T04_1536,PROC-ISRO-IISU-01,ATE-STATION-01,CHAMBER-01,1.0,125.0,5.0,168,IDDQ,ELECTRICAL,uA,1.3317,1031.6792,1031.7728,1031.8461,1030.3475,24.211,2.0201,12.552,0.021,-0.0706,33.36,32.88,1.3317,1031.6792,1031.7728,1031.8461,1030.3475,50.0,False,NOMINAL,HEALTHY,47.89,-47.21
DIG_LOT04_COMP1537,LOT_04,DIGITAL_IC,CQFP-64,DIG-SIH-2026,THERMAL_BURN_IN,T04_1537,PROC-ISRO-IISU-01,ATE-STATION-01,CHAMBER-01,1.0,125.0,5.0,168,IDDQ,ELECTRICAL,uA,1.6514,1266.5996,1266.6918,1266.7295,1264.9482,23.891,1.6938,13.733,-0.0039,0.0111,35.9,36.02,1.6514,1266.5996,1266.6918,1266.7295,1264.9482,50.0,False,NOMINAL,HEALTHY,9.76,40.47
DIG_LOT04_COMP1538,LOT_04,DIGITAL_IC,CQFP-64,DIG-SIH-2026,THERMAL_BURN_IN,T04_1538,PROC-ISRO-IISU-01,ATE-STATION-01,CHAMBER-01,1.0,125.0,5.0,168,IDDQ,ELECTRICAL,uA,1.313,995.2891,995.3531,995.3967,993.9761,24.176,1.7763,12.526,-0.0595,-0.072,36.84,37.13,1.313,995.2891,995.3531,995.3967,993.9761,50.0,False,NOMINAL,HEALTHY,0.37,-45.65
DIG_LOT04_COMP1539,LOT_04,DIGITAL_IC,CQFP-64,DIG-SIH-2026,THERMAL_BURN_IN,T04_1539,PROC-ISRO-IISU-01,ATE-STATION-01,CHAMBER-01,1.0,125.0,5.0,168,IDDQ,ELECTRICAL,uA,1.2718,975.4844,975.5025,975.5904,974.2126,25.437,1.9759,13.424,-0.0257,-0.0466,34.09,35.08,1.2718,975.4844,975.5025,975.5904,974.2126,50.0,False,NOMINAL,HEALTHY,9.63,27.5
DIG_LOT04_COMP1540,LOT_04,DIGITAL_IC,CQFP-64,DIG-SIH-2026,THERMAL_BURN_IN,T04_1540,PROC-ISRO-IISU-01,ATE-STATION-01,CHAMBER-01,1.0,125.0,5.0,168,IDDQ,ELECTRICAL,uA,1.1897,899.5751,899.6605,899.7398,898.3854,26.909,1.5533,11.753,-0.0166,-0.0311,35.64,35.26,1.1897,899.5751,899.6605,899.7398,898.3854,50.0,False,NOMINAL,HEALTHY,3.8,-41.07
DIG_LOT04_COMP1541,LOT_04,DIGITAL_IC,CQFP-64,DIG-SIH-2026,THERMAL_BURN_IN,T04_1541,PROC-ISRO-IISU-01,ATE-STATION-01,CHAMBER-01,1.0,125.0,5.0,168,IDDQ,ELECTRICAL,uA,1.2576,965.5627,965.5895,965.7781,964.3051,24.279,1.8859,12.321,-0.0074,-0.043,35.06,35.51,1.2576,965.5627,965.5895,965.7781,964.3051,50.0,False,NOMINAL,HEALTHY,-45.77,-27.24
DIG_LOT04_COMP1542,LOT_04,DIGITAL_IC,CQFP-64,DIG-SIH-2026,THERMAL_BURN_IN,T04_1542,PROC-ISRO-IISU-01,ATE-STATION-01,CHAMBER-01,1.0,125.0,5.0,168,IDDQ,ELECTRICAL,uA,1.1732,916.5387,916.5497,916.5963,915.3655,25.038,1.6905,11.121,0.0023,0.037,36.06,35.79,1.1732,916.5387,916.5497,916.5963,915.3655,50.0,False,NOMINAL,HEALTHY,-1.61,-24.87
DIG_LOT04_COMP1543,LOT_04,DIGITAL_IC,CQFP-64,DIG-SIH-2026,THERMAL_BURN_IN,T04_1543,PROC-ISRO-IISU-01,ATE-STATION-01,CHAMBER-01,1.0,125.0,5.0,168,IDDQ,ELECTRICAL,uA,1.0306,792.9056,792.9272,792.9873,791.875,22.818,2.689,11.315,-0.0219,0.0196,34.42,34.24,1.0306,792.9056,792.9272,792.9873,791.875,50.0,False,NOMINAL,HEALTHY,-6.91,-3.26
DIG_LOT04_COMP1544,LOT_04,DIGITAL_IC,CQFP-64,DIG-SIH-2026,THERMAL_BURN_IN,T04_1544,PROC-ISRO-IISU-01,ATE-STATION-01,CHAMBER-01,1.0,125.0,5.0,168,IDDQ,ELECTRICAL,uA,1.2316,927.5673,927.6228,927.6202,926.3357,25.143,2.4627,12.33,-0.0148,0.0173,32.75,32.31,1.2316,927.5673,927.6228,927.6202,926.3357,50.0,False,NOMINAL,HEALTHY,-38.96,-21.99
DIG_LOT04_COMP1545,LOT_04,DIGITAL_IC,CQFP-64,DIG-SIH-2026,THERMAL_BURN_IN,T04_1545,PROC-ISRO-IISU-01,ATE-STATION-01,CHAMBER-01,1.0,125.0,5.0,168,IDDQ,ELECTRICAL,uA,1.404,1065.4863,1065.6171,1065.5996,1064.0823,25.591,2.2286,12.305,0.0045,0.0089,35.72,35.1,1.404,1065.4863,1065.6171,1065.5996,1064.0823,50.0,False,NOMINAL,HEALTHY,26.41,45.58
DIG_LOT04_COMP1546,LOT_04,DIGITAL_IC,CQFP-64,DIG-SIH-2026,THERMAL_BURN_IN,T04_1546,PROC-ISRO-IISU-01,ATE-STATION-01,CHAMBER-01,1.0,125.0,5.0,168,IDDQ,ELECTRICAL,uA,1.1562,895.5833,895.6311,895.6753,894.4271,25.608,2.0965,12.84,-0.0063,-0.0162,35.54,34.79,1.1562,895.5833,895.6311,895.6753,894.4271,50.0,False,NOMINAL,HEALTHY,46.27,-19.8
DIG_LOT04_COMP1547,LOT_04,DIGITAL_IC,CQFP-64,DIG-SIH-2026,THERMAL_BURN_IN,T04_1547,PROC-ISRO-IISU-01,ATE-STATION-01,CHAMBER-01,1.0,125.0,5.0,168,IDDQ,ELECTRICAL,uA,1.2357,937.8424,937.9266,937.9398,936.6067,27.042,1.8938,12.664,0.0219,-0.0451,37.12,35.55,1.2357,937.8424,937.9266,937.9398,936.6067,50.0,False,NOMINAL,HEALTHY,32.06,-26.67
DIG_LOT04_COMP1548,LOT_04,DIGITAL_IC,CQFP-64,DIG-SIH-2026,THERMAL_BURN_IN,T04_1548,PROC-ISRO-IISU-01,ATE-STATION-01,CHAMBER-01,1.0,125.0,5.0,168,IDDQ,ELECTRICAL,uA,1.4867,1141.2367,1141.2729,1141.3723,1139.75,21.763,2.0586,11.431,-0.0139,-0.0383,36.42,36.58,1.4867,1141.2367,1141.2729,1141.3723,1139.75,50.0,False,NOMINAL,HEALTHY,10.07,35.56
DIG_LOT04_COMP1549,LOT_04,DIGITAL_IC,CQFP-64,DIG-SIH-2026,THERMAL_BURN_IN,T04_1549,PROC-ISRO-IISU-01,ATE-STATION-01,CHAMBER-01,1.0,125.0,5.0,168,IDDQ,ELECTRICAL,uA,1.0522,824.0277,825.3047,830.7263,822.9755,25.469,2.0967,13.196,0.0155,0.0409,37.56,37.85,1.0522,824.0277,825.3047,830.7263,822.9755,50.0,True,ELECTROMIGRATION,HEALTHY,3.65,13.34
DIG_LOT04_COMP1550,LOT_04,DIGITAL_IC,CQFP-64,DIG-SIH-2026,THERMAL_BURN_IN,T04_1550,PROC-ISRO-IISU-01,ATE-STATION-01,CHAMBER-01,1.0,125.0,5.0,168,IDDQ,ELECTRICAL,uA,1.2021,924.5167,924.6429,924.6535,923.3146,24.86,2.197,14.327,-0.0056,0.1396,34.27,34.49,1.2021,924.5167,924.6429,924.6535,923.3146,50.0,False,NOMINAL,HEALTHY,-43.75,9.59
DIG_LOT04_COMP1551,LOT_04,DIGITAL_IC,CQFP-64,DIG-SIH-2026,THERMAL_BURN_IN,T04_1551,PROC-ISRO-IISU-01,ATE-STATION-01,CHAMBER-01,1.0,125.0,5.0,168,IDDQ,ELECTRICAL,uA,1.4678,1148.3203,1148.4597,1148.5191,1146.8525,28.143,1.8569,13.133,0.0226,0.026,35.66,35.64,1.4678,1148.3203,1148.4597,1148.5191,1146.8525,50.0,False,NOMINAL,HEALTHY,-35.26,-43.6
DIG_LOT04_COMP1552,LOT_04,DIGITAL_IC,CQFP-64,DIG-SIH-2026,THERMAL_BURN_IN,T04_1552,PROC-ISRO-IISU-01,ATE-STATION-01,CHAMBER-01,1.0,125.0,5.0,168,IDDQ,ELECTRICAL,uA,1.6717,1278.4713,1278.5813,1278.6085,1276.7996,24.092,2.363,12.281,-0.0113,0.0134,34.83,35.67,1.6717,1278.4713,1278.5813,1278.6085,1276.7996,50.0,False,NOMINAL,HEALTHY,-35.04,41.41
DIG_LOT04_COMP1553,LOT_04,DIGITAL_IC,CQFP-64,DIG-SIH-2026,THERMAL_BURN_IN,T04_1553,PROC-ISRO-IISU-01,ATE-STATION-01,CHAMBER-01,1.0,125.0,5.0,168,IDDQ,ELECTRICAL,uA,1.3015,1004.4871,1004.5677,1004.6556,1003.1856,26.615,2.1238,13.063,-0.002,-0.01,34.37,34.99,1.3015,1004.4871,1004.5677,1004.6556,1003.1856,50.0,False,NOMINAL,HEALTHY,11.65,-13.99
DIG_LOT04_COMP1554,LOT_04,DIGITAL_IC,CQFP-64,DIG-SIH-2026,THERMAL_BURN_IN,T04_1554,PROC-ISRO-IISU-01,ATE-STATION-01,CHAMBER-01,1.0,125.0,5.0,168,IDDQ,ELECTRICAL,uA,1.2742,982.8818,982.9525,983.0437,981.6076,27.395,2.5117,13.334,0.0148,-0.0636,35.65,35.38,1.2742,982.8818,982.9525,983.0437,981.6076,50.0,False,NOMINAL,HEALTHY,-35.44,9.7
DIG_LOT04_COMP1555,LOT_04,DIGITAL_IC,CQFP-64,DIG-SIH-2026,THERMAL_BURN_IN,T04_1555,PROC-ISRO-IISU-01,ATE-STATION-01,CHAMBER-01,1.0,125.0,5.0,168,IDDQ,ELECTRICAL,uA,1.4111,1089.6659,1089.7759,1089.791,1088.2548,26.804,1.8889,11.861,0.0096,-0.0571,35.71,35.78,1.4111,1089.6659,1089.7759,1089.791,1088.2548,50.0,False,NOMINAL,HEALTHY,-14.44,25.27
DIG_LOT04_COMP1556,LOT_04,DIGITAL_IC,CQFP-64,DIG-SIH-2026,THERMAL_BURN_IN,T04_1556,PROC-ISRO-IISU-01,ATE-STATION-01,CHAMBER-01,1.0,125.0,5.0,168,IDDQ,ELECTRICAL,uA,1.205,952.4548,952.5375,952.5595,951.2498,27.513,1.7046,13.802,0.0321,0.0547,35.59,35.61,1.205,952.4548,952.5375,952.5595,951.2498,50.0,False,NOMINAL,HEALTHY,-40.01,38.54
DIG_LOT04_COMP1557,LOT_04,DIGITAL_IC,CQFP-64,DIG-SIH-2026,THERMAL_BURN_IN,T04_1557,PROC-ISRO-IISU-01,ATE-STATION-01,CHAMBER-01,1.0,125.0,5.0,168,IDDQ,ELECTRICAL,uA,1.2683,986.7976,986.892,986.9468,985.5293,24.635,2.1932,12.798,0.0042,-0.016,35.89,35.54,1.2683,986.7976,986.892,986.9468,985.5293,50.0,False,NOMINAL,HEALTHY,-38.85,-42.35
DIG_LOT04_COMP1558,LOT_04,DIGITAL_IC,CQFP-64,DIG-SIH-2026,THERMAL_BURN_IN,T04_1558,PROC-ISRO-IISU-01,ATE-STATION-01,CHAMBER-01,1.0,125.0,5.0,168,IDDQ,ELECTRICAL,uA,1.277,988.2273,988.3294,988.3994,986.9503,23.911,2.5509,13.102,-0.0168,-0.0169,34.81,34.52,1.277,988.2273,988.3294,988.3994,986.9503,50.0,False,NOMINAL,HEALTHY,7.65,-42.14
DIG_LOT04_COMP1559,LOT_04,DIGITAL_IC,CQFP-64,DIG-SIH-2026,THERMAL_BURN_IN,T04_1559,PROC-ISRO-IISU-01,ATE-STATION-01,CHAMBER-01,1.0,125.0,5.0,168,IDDQ,ELECTRICAL,uA,1.4213,1068.3499,1068.4244,1068.4747,1066.9286,24.61,1.9474,12.353,0.0254,0.1149,37.15,36.91,1.4213,1068.3499,1068.4244,1068.4747,1066.9286,50.0,False,NOMINAL,HEALTHY,34.86,-29.54
DIG_LOT04_COMP1560,LOT_04,DIGITAL_IC,CQFP-64,DIG-SIH-2026,THERMAL_BURN_IN,T04_1560,PROC-ISRO-IISU-01,ATE-STATION-01,CHAMBER-01,1.0,125.0,5.0,168,IDDQ,ELECTRICAL,uA,1.3842,1074.9657,1075.0751,1075.0522,1073.5815,25.657,2.2213,11.867,0.0027,-0.014,34.55,34.31,1.3842,1074.9657,1075.0751,1075.0522,1073.5815,50.0,False,NOMINAL,HEALTHY,36.95,42.79
DIG_LOT04_COMP1561,LOT_04,DIGITAL_IC,CQFP-64,DIG-SIH-2026,THERMAL_BURN_IN,T04_1561,PROC-ISRO-IISU-01,ATE-STATION-01,CHAMBER-01,1.0,125.0,5.0,168,IDDQ,ELECTRICAL,uA,0.9056,705.9461,706.0373,706.0092,705.0405,24.205,1.6988,12.62,-0.0229,-0.0356,36.15,35.2,0.9056,705.9461,706.0373,706.0092,705.0405,50.0,False,NOMINAL,HEALTHY,38.55,33.67
DIG_LOT04_COMP1562,LOT_04,DIGITAL_IC,CQFP-64,DIG-SIH-2026,THERMAL_BURN_IN,T04_1562,PROC-ISRO-IISU-01,ATE-STATION-01,CHAMBER-01,1.0,125.0,5.0,168,IDDQ,ELECTRICAL,uA,1.4946,1153.2043,1153.2413,1153.3309,1151.7097,23.383,2.1934,12.344,-0.0124,0.0646,34.77,34.73,1.4946,1153.2043,1153.2413,1153.3309,1151.7097,50.0,False,NOMINAL,HEALTHY,-37.94,13.76
DIG_LOT04_COMP1563,LOT_04,DIGITAL_IC,CQFP-64,DIG-SIH-2026,THERMAL_BURN_IN,T04_1563,PROC-ISRO-IISU-01,ATE-STATION-01,CHAMBER-01,1.0,125.0,5.0,168,IDDQ,ELECTRICAL,uA,1.1213,851.4728,851.5652,851.6334,850.3515,26.901,2.1001,13.374,0.0094,-0.0296,35.91,36.18,1.1213,851.4728,851.5652,851.6334,850.3515,50.0,False,NOMINAL,HEALTHY,45.94,43.99
DIG_LOT04_COMP1564,LOT_04,DIGITAL_IC,CQFP-64,DIG-SIH-2026,THERMAL_BURN_IN,T04_1564,PROC-ISRO-IISU-01,ATE-STATION-01,CHAMBER-01,1.0,125.0,5.0,168,IDDQ,ELECTRICAL,uA,1.0579,814.9218,823.4249,973.2783,813.8639,22.242,2.1704,12.695,0.009,-0.0066,35.18,35.73,1.0579,814.9218,823.4249,973.2783,813.8639,50.0,True,THERMAL_RUNAWAY,HEALTHY,-21.89,26.76
DIG_LOT04_COMP1565,LOT_04,DIGITAL_IC,CQFP-64,DIG-SIH-2026,THERMAL_BURN_IN,T04_1565,PROC-ISRO-IISU-01,ATE-STATION-01,CHAMBER-01,1.0,125.0,5.0,168,IDDQ,ELECTRICAL,uA,1.3516,1043.6727,1052.2294,1202.1186,1042.3211,25.202,1.7331,11.452,-0.0446,-0.0619,34.13,34.35,1.3516,1043.6727,1052.2294,1202.1186,1042.3211,50.0,True,THERMAL_RUNAWAY,HEALTHY,-9.59,0.48
DIG_LOT04_COMP1566,LOT_04,DIGITAL_IC,CQFP-64,DIG-SIH-2026,THERMAL_BURN_IN,T04_1566,PROC-ISRO-IISU-01,ATE-STATION-01,CHAMBER-01,1.0,125.0,5.0,168,IDDQ,ELECTRICAL,uA,1.4612,1128.0076,1128.062,1128.1476,1126.5464,25.436,2.3033,11.345,-0.0431,-0.1741,34.18,34.27,1.4612,1128.0076,1128.062,1128.1476,1126.5464,50.0,False,NOMINAL,HEALTHY,20.17,-11.83
DIG_LOT04_COMP1567,LOT_04,DIGITAL_IC,CQFP-64,DIG-SIH-2026,THERMAL_BURN_IN,T04_1567,PROC-ISRO-IISU-01,ATE-STATION-01,CHAMBER-01,1.0,125.0,5.0,168,IDDQ,ELECTRICAL,uA,1.2446,956.5503,956.5618,956.6282,955.3057,25.485,2.499,14.496,0.0035,-0.0447,35.95,35.82,1.2446,956.5503,956.5618,956.6282,955.3057,50.0,False,NOMINAL,HEALTHY,-5.76,3.71
DIG_LOT04_COMP1568,LOT_04,DIGITAL_IC,CQFP-64,DIG-SIH-2026,THERMAL_BURN_IN,T04_1568,PROC-ISRO-IISU-01,ATE-STATION-01,CHAMBER-01,1.0,125.0,5.0,168,IDDQ,ELECTRICAL,uA,1.2234,952.775,952.8799,952.8308,951.5516,22.904,1.5924,12.919,-0.0236,0.0143,32.75,32.63,1.2234,952.775,952.8799,952.8308,951.5516,50.0,False,NOMINAL,HEALTHY,14.18,42.0
DIG_LOT04_COMP1569,LOT_04,DIGITAL_IC,CQFP-64,DIG-SIH-2026,THERMAL_BURN_IN,T04_1569,PROC-ISRO-IISU-01,ATE-STATION-01,CHAMBER-01,1.0,125.0,5.0,168,IDDQ,ELECTRICAL,uA,1.2128,939.0333,939.0544,939.0888,937.8205,27.337,2.0022,10.441,0.0425,0.0261,35.89,35.35,1.2128,939.0333,939.0544,939.0888,937.8205,50.0,False,NOMINAL,HEALTHY,8.96,23.82
DIG_LOT04_COMP1570,LOT_04,DIGITAL_IC,CQFP-64,DIG-SIH-2026,THERMAL_BURN_IN,T04_1570,PROC-ISRO-IISU-01,ATE-STATION-01,CHAMBER-01,1.0,125.0,5.0,168,IDDQ,ELECTRICAL,uA,1.0797,831.9853,832.0809,832.1243,830.9056,24.167,1.8788,12.944,-0.0119,-0.0198,35.1,34.38,1.0797,831.9853,832.0809,832.1243,830.9056,50.0,False,NOMINAL,HEALTHY,-2.01,14.71
DIG_LOT04_COMP1571,LOT_04,DIGITAL_IC,CQFP-64,DIG-SIH-2026,THERMAL_BURN_IN,T04_1571,PROC-ISRO-IISU-01,ATE-STATION-01,CHAMBER-01,1.0,125.0,5.0,168,IDDQ,ELECTRICAL,uA,1.2796,995.801,995.8699,995.9019,994.5214,22.047,1.6433,11.699,0.0392,0.0701,35.85,35.82,1.2796,995.801,995.8699,995.9019,994.5214,50.0,False,NOMINAL,HEALTHY,-9.04,-15.1
DIG_LOT04_COMP1572,LOT_04,DIGITAL_IC,CQFP-64,DIG-SIH-2026,THERMAL_BURN_IN,T04_1572,PROC-ISRO-IISU-01,ATE-STATION-01,CHAMBER-01,1.0,125.0,5.0,168,IDDQ,ELECTRICAL,uA,1.4798,1113.7616,1113.8524,1113.9382,1112.2818,24.165,1.9206,12.0,-0.0075,-0.0535,33.46,33.98,1.4798,1113.7616,1113.8524,1113.9382,1112.2818,50.0,False,NOMINAL,HEALTHY,25.34,-44.12
DIG_LOT04_COMP1573,LOT_04,DIGITAL_IC,CQFP-64,DIG-SIH-2026,THERMAL_BURN_IN,T04_1573,PROC-ISRO-IISU-01,ATE-STATION-01,CHAMBER-01,1.0,125.0,5.0,168,IDDQ,ELECTRICAL,uA,1.1009,845.2334,845.3586,845.3293,844.1325,24.677,1.517,11.345,0.0008,-0.0266,36.09,36.3,1.1009,845.2334,845.3586,845.3293,844.1325,50.0,False,NOMINAL,HEALTHY,-38.17,-37.87
DIG_LOT04_COMP1574,LOT_04,DIGITAL_IC,CQFP-64,DIG-SIH-2026,THERMAL_BURN_IN,T04_1574,PROC-ISRO-IISU-01,ATE-STATION-01,CHAMBER-01,1.0,125.0,5.0,168,IDDQ,ELECTRICAL,uA,1.0754,825.6064,825.7427,825.7224,824.531,23.785,1.9919,14.176,0.0117,0.0047,34.9,35.6,1.0754,825.6064,825.7427,825.7224,824.531,50.0,False,NOMINAL,HEALTHY,31.51,-8.48
DIG_LOT04_COMP1575,LOT_04,DIGITAL_IC,CQFP-64,DIG-SIH-2026,THERMAL_BURN_IN,T04_1575,PROC-ISRO-IISU-01,ATE-STATION-01,CHAMBER-01,1.0,125.0,5.0,168,IDDQ,ELECTRICAL,uA,1.3115,1033.1615,1033.2625,1033.3175,1031.85,27.08,1.7327,12.389,0.0016,0.0218,34.77,35.21,1.3115,1033.1615,1033.2625,1033.3175,1031.85,50.0,False,NOMINAL,HEALTHY,4.18,-15.0
DIG_LOT04_COMP1576,LOT_04,DIGITAL_IC,CQFP-64,DIG-SIH-2026,THERMAL_BURN_IN,T04_1576,PROC-ISRO-IISU-01,ATE-STATION-01,CHAMBER-01,1.0,125.0,5.0,168,IDDQ,ELECTRICAL,uA,1.1868,915.8007,915.876,915.9292,914.6139,22.947,1.9296,13.627,-0.0281,0.0163,34.55,33.81,1.1868,915.8007,915.876,915.9292,914.6139,50.0,False,NOMINAL,HEALTHY,-35.36,-9.8
DIG_LOT04_COMP1577,LOT_04,DIGITAL_IC,CQFP-64,DIG-SIH-2026,THERMAL_BURN_IN,T04_1577,PROC-ISRO-IISU-01,ATE-STATION-01,CHAMBER-01,1.0,125.0,5.0,168,IDDQ,ELECTRICAL,uA,1.6497,1262.255,1262.3728,1262.3956,1260.6053,25.528,2.7947,11.496,0.0207,0.0339,35.45,35.43,1.6497,1262.255,1262.3728,1262.3956,1260.6053,50.0,False,NOMINAL,HEALTHY,-34.32,-19.58
DIG_LOT04_COMP1578,LOT_04,DIGITAL_IC,CQFP-64,DIG-SIH-2026,THERMAL_BURN_IN,T04_1578,PROC-ISRO-IISU-01,ATE-STATION-01,CHAMBER-01,1.0,125.0,5.0,168,IDDQ,ELECTRICAL,uA,1.3271,1027.9745,1028.0732,1028.126,1026.6474,23.651,1.9954,12.511,-0.0351,-0.1414,36.52,35.87,1.3271,1027.9745,1028.0732,1028.126,1026.6474,50.0,False,NOMINAL,HEALTHY,-32.43,-28.84
DIG_LOT04_COMP1579,LOT_04,DIGITAL_IC,CQFP-64,DIG-SIH-2026,THERMAL_BURN_IN,T04_1579,PROC-ISRO-IISU-01,ATE-STATION-01,CHAMBER-01,1.0,125.0,5.0,168,IDDQ,ELECTRICAL,uA,1.4193,1103.2394,1103.3085,1103.4188,1101.8201,25.432,1.638,13.186,-0.0161,0.0499,35.94,35.61,1.4193,1103.2394,1103.3085,1103.4188,1101.8201,50.0,False,NOMINAL,HEALTHY,-13.59,-25.22
DIG_LOT04_COMP1580,LOT_04,DIGITAL_IC,CQFP-64,DIG-SIH-2026,THERMAL_BURN_IN,T04_1580,PROC-ISRO-IISU-01,ATE-STATION-01,CHAMBER-01,1.0,125.0,5.0,168,IDDQ,ELECTRICAL,uA,1.4556,1135.1395,1135.2377,1135.2841,1133.6839,26.476,1.9906,12.089,0.0053,0.0157,34.75,35.41,1.4556,1135.1395,1135.2377,1135.2841,1133.6839,50.0,False,NOMINAL,HEALTHY,8.42,24.19
DIG_LOT04_COMP1581,LOT_04,DIGITAL_IC,CQFP-64,DIG-SIH-2026,THERMAL_BURN_IN,T04_1581,PROC-ISRO-IISU-01,ATE-STATION-01,CHAMBER-01,1.0,125.0,5.0,168,IDDQ,ELECTRICAL,uA,1.3154,999.7789,999.8397,999.9062,998.4635,25.104,1.8916,12.895,-0.0282,0.005,35.29,35.32,1.3154,999.7789,999.8397,999.9062,998.4635,50.0,False,NOMINAL,HEALTHY,-38.91,-4.45
DIG_LOT04_COMP1582,LOT_04,DIGITAL_IC,CQFP-64,DIG-SIH-2026,THERMAL_BURN_IN,T04_1582,PROC-ISRO-IISU-01,ATE-STATION-01,CHAMBER-01,1.0,125.0,5.0,168,IDDQ,ELECTRICAL,uA,0.9667,752.6032,752.6849,752.7368,751.6365,23.113,1.975,12.937,-0.0121,-0.0606,34.02,34.0,0.9667,752.6032,752.6849,752.7368,751.6365,50.0,False,NOMINAL,HEALTHY,21.36,2.53
DIG_LOT04_COMP1583,LOT_04,DIGITAL_IC,CQFP-64,DIG-SIH-2026,THERMAL_BURN_IN,T04_1583,PROC-ISRO-IISU-01,ATE-STATION-01,CHAMBER-01,1.0,125.0,5.0,168,IDDQ,ELECTRICAL,uA,1.2867,972.7485,972.8047,972.8307,971.4618,25.644,2.0865,11.86,0.0099,0.0006,34.7,34.99,1.2867,972.7485,972.8047,972.8307,971.4618,50.0,False,NOMINAL,HEALTHY,44.67,-4.01
DIG_LOT04_COMP1584,LOT_04,DIGITAL_IC,CQFP-64,DIG-SIH-2026,THERMAL_BURN_IN,T04_1584,PROC-ISRO-IISU-01,ATE-STATION-01,CHAMBER-01,1.0,125.0,5.0,168,IDDQ,ELECTRICAL,uA,1.4234,1091.6028,1091.7455,1091.7562,1090.1794,25.205,1.5674,14.017,-0.0065,-0.055,33.91,33.05,1.4234,1091.6028,1091.7455,1091.7562,1090.1794,50.0,False,NOMINAL,HEALTHY,45.48,30.16
DIG_LOT04_COMP1585,LOT_04,DIGITAL_IC,CQFP-64,DIG-SIH-2026,THERMAL_BURN_IN,T04_1585,PROC-ISRO-IISU-01,ATE-STATION-01,CHAMBER-01,1.0,125.0,5.0,168,IDDQ,ELECTRICAL,uA,1.483,1159.8591,1159.9489,1160.0169,1158.3761,26.95,2.3911,12.405,-0.022,-0.0871,35.41,36.26,1.483,1159.8591,1159.9489,1160.0169,1158.3761,50.0,False,NOMINAL,HEALTHY,5.56,27.78
DIG_LOT04_COMP1586,LOT_04,DIGITAL_IC,CQFP-64,DIG-SIH-2026,THERMAL_BURN_IN,T04_1586,PROC-ISRO-IISU-01,ATE-STATION-01,CHAMBER-01,1.0,125.0,5.0,168,IDDQ,ELECTRICAL,uA,1.4462,1125.3162,1125.3773,1125.3988,1123.87,25.508,1.8117,12.522,-0.0044,0.0079,37.14,36.76,1.4462,1125.3162,1125.3773,1125.3988,1123.87,50.0,False,NOMINAL,HEALTHY,29.08,-41.71
DIG_LOT04_COMP1587,LOT_04,DIGITAL_IC,CQFP-64,DIG-SIH-2026,THERMAL_BURN_IN,T04_1587,PROC-ISRO-IISU-01,ATE-STATION-01,CHAMBER-01,1.0,125.0,5.0,168,IDDQ,ELECTRICAL,uA,1.4334,1109.1288,1109.206,1109.3622,1107.6954,23.731,1.9387,11.066,0.0231,0.0863,35.5,35.13,1.4334,1109.1288,1109.206,1109.3622,1107.6954,50.0,False,NOMINAL,HEALTHY,-6.79,30.58
DIG_LOT04_COMP1588,LOT_04,DIGITAL_IC,CQFP-64,DIG-SIH-2026,THERMAL_BURN_IN,T04_1588,PROC-ISRO-IISU-01,ATE-STATION-01,CHAMBER-01,1.0,125.0,5.0,168,IDDQ,ELECTRICAL,uA,1.3378,1030.9691,1031.0779,1031.0616,1029.6313,23.208,2.3235,11.459,0.0248,0.0348,36.26,34.85,1.3378,1030.9691,1031.0779,1031.0616,1029.6313,50.0,False,NOMINAL,HEALTHY,6.61,-38.07
DIG_LOT04_COMP1589,LOT_04,DIGITAL_IC,CQFP-64,DIG-SIH-2026,THERMAL_BURN_IN,T04_1589,PROC-ISRO-IISU-01,ATE-STATION-01,CHAMBER-01,1.0,125.0,5.0,168,IDDQ,ELECTRICAL,uA,1.3523,1059.4199,1059.5247,1059.6209,1058.0676,25.612,2.1693,13.07,0.0193,0.0261,34.13,33.77,1.3523,1059.4199,1059.5247,1059.6209,1058.0676,50.0,False,NOMINAL,HEALTHY,-21.96,13.29
DIG_LOT04_COMP1590,LOT_04,DIGITAL_IC,CQFP-64,DIG-SIH-2026,THERMAL_BURN_IN,T04_1590,PROC-ISRO-IISU-01,ATE-STATION-01,CHAMBER-01,1.0,125.0,5.0,168,IDDQ,ELECTRICAL,uA,1.1458,884.9447,885.0082,885.064,883.7989,24.079,2.093,13.695,-0.0014,0.0165,35.91,35.93,1.1458,884.9447,885.0082,885.064,883.7989,50.0,False,NOMINAL,HEALTHY,-2.48,-38.26
DIG_LOT04_COMP1591,LOT_04,DIGITAL_IC,CQFP-64,DIG-SIH-2026,THERMAL_BURN_IN,T04_1591,PROC-ISRO-IISU-01,ATE-STATION-01,CHAMBER-01,1.0,125.0,5.0,168,IDDQ,ELECTRICAL,uA,1.0999,850.458,850.4813,850.555,849.3581,26.684,1.9045,10.877,-0.0139,0.0195,34.59,34.66,1.0999,850.458,850.4813,850.555,849.3581,50.0,False,NOMINAL,HEALTHY,-12.56,-21.97
DIG_LOT04_COMP1592,LOT_04,DIGITAL_IC,CQFP-64,DIG-SIH-2026,THERMAL_BURN_IN,T04_1592,PROC-ISRO-IISU-01,ATE-STATION-01,CHAMBER-01,1.0,125.0,5.0,168,IDDQ,ELECTRICAL,uA,1.2298,950.5485,950.5834,950.6499,949.3187,23.183,2.2853,12.961,-0.0243,-0.029,36.27,35.87,1.2298,950.5485,950.5834,950.6499,949.3187,50.0,False,NOMINAL,HEALTHY,-1.86,1.8
DIG_LOT04_COMP1593,LOT_04,DIGITAL_IC,CQFP-64,DIG-SIH-2026,THERMAL_BURN_IN,T04_1593,PROC-ISRO-IISU-01,ATE-STATION-01,CHAMBER-01,1.0,125.0,5.0,168,IDDQ,ELECTRICAL,uA,1.3338,1036.7468,1036.8136,1036.8577,1035.413,22.035,1.842,13.249,-0.0068,-0.0075,36.22,36.71,1.3338,1036.7468,1036.8136,1036.8577,1035.413,50.0,False,NOMINAL,HEALTHY,23.54,-17.77
DIG_LOT04_COMP1594,LOT_04,DIGITAL_IC,CQFP-64,DIG-SIH-2026,THERMAL_BURN_IN,T04_1594,PROC-ISRO-IISU-01,ATE-STATION-01,CHAMBER-01,1.0,125.0,5.0,168,IDDQ,ELECTRICAL,uA,1.5393,1187.1234,1187.232,1187.2501,1185.5841,24.034,2.0378,13.33,0.0042,-0.0288,34.46,34.72,1.5393,1187.1234,1187.232,1187.2501,1185.5841,50.0,False,NOMINAL,HEALTHY,12.51,-44.53
DIG_LOT04_COMP1595,LOT_04,DIGITAL_IC,CQFP-64,DIG-SIH-2026,THERMAL_BURN_IN,T04_1595,PROC-ISRO-IISU-01,ATE-STATION-01,CHAMBER-01,1.0,125.0,5.0,168,IDDQ,ELECTRICAL,uA,1.2897,989.4422,989.4771,989.5115,988.1525,22.729,1.8088,12.404,-0.0114,0.0404,33.4,33.02,1.2897,989.4422,989.4771,989.5115,988.1525,50.0,False,NOMINAL,HEALTHY,-28.6,11.52
DIG_LOT04_COMP1596,LOT_04,DIGITAL_IC,CQFP-64,DIG-SIH-2026,THERMAL_BURN_IN,T04_1596,PROC-ISRO-IISU-01,ATE-STATION-01,CHAMBER-01,1.0,125.0,5.0,168,IDDQ,ELECTRICAL,uA,1.0631,817.9803,818.0722,818.0354,816.9172,23.989,2.6725,13.148,-0.0167,-0.0172,34.19,34.04,1.0631,817.9803,818.0722,818.0354,816.9172,50.0,False,NOMINAL,HEALTHY,46.14,-19.46
DIG_LOT04_COMP1597,LOT_04,DIGITAL_IC,CQFP-64,DIG-SIH-2026,THERMAL_BURN_IN,T04_1597,PROC-ISRO-IISU-01,ATE-STATION-01,CHAMBER-01,1.0,125.0,5.0,168,IDDQ,ELECTRICAL,uA,1.3034,1008.9021,1008.9323,1008.9357,1007.5987,22.239,2.0986,11.668,-0.0164,0.0307,35.05,35.36,1.3034,1008.9021,1008.9323,1008.9357,1007.5987,50.0,False,NOMINAL,HEALTHY,7.88,14.72
DIG_LOT04_COMP1598,LOT_04,DIGITAL_IC,CQFP-64,DIG-SIH-2026,THERMAL_BURN_IN,T04_1598,PROC-ISRO-IISU-01,ATE-STATION-01,CHAMBER-01,1.0,125.0,5.0,168,IDDQ,ELECTRICAL,uA,1.4563,1119.1739,1119.2314,1119.2921,1117.7176,27.747,1.9871,13.211,-0.0166,-0.1087,34.23,34.11,1.4563,1119.1739,1119.2314,1119.2921,1117.7176,50.0,False,NOMINAL,HEALTHY,-42.62,-26.57
DIG_LOT04_COMP1599,LOT_04,DIGITAL_IC,CQFP-64,DIG-SIH-2026,THERMAL_BURN_IN,T04_1599,PROC-ISRO-IISU-01,ATE-STATION-01,CHAMBER-01,1.0,125.0,5.0,168,IDDQ,ELECTRICAL,uA,1.3357,1045.8895,1045.9498,1046.0574,1044.5538,24.107,2.3734,12.447,0.0109,0.0256,36.58,35.88,1.3357,1045.8895,1045.9498,1046.0574,1044.5538,50.0,False,NOMINAL,HEALTHY,9.39,7.02
DIG_LOT04_COMP1600,LOT_04,DIGITAL_IC,CQFP-64,DIG-SIH-2026,THERMAL_BURN_IN,T04_1600,PROC-ISRO-IISU-01,ATE-STATION-01,CHAMBER-01,1.0,125.0,5.0,168,IDDQ,ELECTRICAL,uA,1.4274,1105.9875,1106.0628,1106.1356,1104.5601,23.633,1.6919,11.233,0.0271,0.0982,33.39,34.43,1.4274,1105.9875,1106.0628,1106.1356,1104.5601,50.0,False,NOMINAL,HEALTHY,14.71,-48.47
DIG_LOT04_COMP1601,LOT_04,DIGITAL_IC,CQFP-64,DIG-SIH-2026,THERMAL_BURN_IN,T04_1601,PROC-ISRO-IISU-01,ATE-STATION-01,CHAMBER-01,1.0,125.0,5.0,168,IDDQ,ELECTRICAL,uA,1.2225,955.2707,955.3458,955.4601,954.0482,25.508,1.915,12.108,0.0109,-0.0123,32.4,32.73,1.2225,955.2707,955.3458,955.4601,954.0482,50.0,False,NOMINAL,HEALTHY,-47.25,33.96
DIG_LOT04_COMP1602,LOT_04,DIGITAL_IC,CQFP-64,DIG-SIH-2026,THERMAL_BURN_IN,T04_1602,PROC-ISRO-IISU-01,ATE-STATION-01,CHAMBER-01,1.0,125.0,5.0,168,IDDQ,ELECTRICAL,uA,1.267,990.0154,990.0438,990.1482,988.7484,24.91,1.465,11.138,0.0188,-0.0562,38.17,37.91,1.267,990.0154,990.0438,990.1482,988.7484,50.0,False,NOMINAL,HEALTHY,0.63,-42.74
DIG_LOT04_COMP1603,LOT_04,DIGITAL_IC,CQFP-64,DIG-SIH-2026,THERMAL_BURN_IN,T04_1603,PROC-ISRO-IISU-01,ATE-STATION-01,CHAMBER-01,1.0,125.0,5.0,168,IDDQ,ELECTRICAL,uA,1.2436,961.0117,961.1095,961.1555,959.7681,25.641,2.2789,12.6,0.0202,0.0099,33.73,34.36,1.2436,961.0117,961.1095,961.1555,959.7681,50.0,False,NOMINAL,HEALTHY,6.2,31.11
DIG_LOT04_COMP1604,LOT_04,DIGITAL_IC,CQFP-64,DIG-SIH-2026,THERMAL_BURN_IN,T04_1604,PROC-ISRO-IISU-01,ATE-STATION-01,CHAMBER-01,1.0,125.0,5.0,168,IDDQ,ELECTRICAL,uA,1.2971,992.4389,992.5607,992.6113,991.1418,23.658,2.0668,11.003,0.0288,-0.0007,35.33,34.92,1.2971,992.4389,992.5607,992.6113,991.1418,50.0,False,NOMINAL,HEALTHY,3.74,-18.06
DIG_LOT04_COMP1605,LOT_04,DIGITAL_IC,CQFP-64,DIG-SIH-2026,THERMAL_BURN_IN,T04_1605,PROC-ISRO-IISU-01,ATE-STATION-01,CHAMBER-01,1.0,125.0,5.0,168,IDDQ,ELECTRICAL,uA,1.3204,1011.4255,1011.4889,1011.5391,1010.1051,29.311,1.9245,13.839,0.0085,-0.0173,35.54,35.58,1.3204,1011.4255,1011.4889,1011.5391,1010.1051,50.0,False,NOMINAL,HEALTHY,12.03,-40.52
DIG_LOT04_COMP1606,LOT_04,DIGITAL_IC,CQFP-64,DIG-SIH-2026,THERMAL_BURN_IN,T04_1606,PROC-ISRO-IISU-01,ATE-STATION-01,CHAMBER-01,1.0,125.0,5.0,168,IDDQ,ELECTRICAL,uA,0.9197,705.9449,706.0273,706.0784,705.0252,24.318,1.6417,13.698,0.0451,-0.1297,35.17,34.81,0.9197,705.9449,706.0273,706.0784,705.0252,50.0,False,NOMINAL,HEALTHY,37.11,18.63
DIG_LOT04_COMP1607,LOT_04,DIGITAL_IC,CQFP-64,DIG-SIH-2026,THERMAL_BURN_IN,T04_1607,PROC-ISRO-IISU-01,ATE-STATION-01,CHAMBER-01,1.0,125.0,5.0,168,IDDQ,ELECTRICAL,uA,1.5489,1200.9251,1201.0458,1201.0305,1199.3762,24.776,1.9502,14.156,0.0168,-0.0895,36.79,37.36,1.5489,1200.9251,1201.0458,1201.0305,1199.3762,50.0,False,NOMINAL,HEALTHY,-46.23,-15.53
DIG_LOT04_COMP1608,LOT_04,DIGITAL_IC,CQFP-64,DIG-SIH-2026,THERMAL_BURN_IN,T04_1608,PROC-ISRO-IISU-01,ATE-STATION-01,CHAMBER-01,1.0,125.0,5.0,168,IDDQ,ELECTRICAL,uA,1.2336,955.8843,955.8533,955.9384,954.6507,26.557,2.3148,13.565,0.0329,-0.0057,35.37,35.64,1.2336,955.8843,955.8533,955.9384,954.6507,50.0,False,NOMINAL,HEALTHY,-23.21,-49.79
DIG_LOT04_COMP1609,LOT_04,DIGITAL_IC,CQFP-64,DIG-SIH-2026,THERMAL_BURN_IN,T04_1609,PROC-ISRO-IISU-01,ATE-STATION-01,CHAMBER-01,1.0,125.0,5.0,168,IDDQ,ELECTRICAL,uA,1.1013,877.5451,877.6036,877.65,876.4438,29.169,2.1935,13.295,0.0083,0.0681,33.57,33.58,1.1013,877.5451,877.6036,877.65,876.4438,50.0,False,NOMINAL,HEALTHY,-25.36,5.42
DIG_LOT04_COMP1610,LOT_04,DIGITAL_IC,CQFP-64,DIG-SIH-2026,THERMAL_BURN_IN,T04_1610,PROC-ISRO-IISU-01,ATE-STATION-01,CHAMBER-01,1.0,125.0,5.0,168,IDDQ,ELECTRICAL,uA,1.199,909.6452,909.6636,909.7282,908.4462,24.138,1.5928,11.618,0.0254,0.0227,32.66,32.0,1.199,909.6452,909.6636,909.7282,908.4462,50.0,False,NOMINAL,HEALTHY,-42.09,-8.14
DIG_LOT04_COMP1611,LOT_04,DIGITAL_IC,CQFP-64,DIG-SIH-2026,THERMAL_BURN_IN,T04_1611,PROC-ISRO-IISU-01,ATE-STATION-01,CHAMBER-01,1.0,125.0,5.0,168,IDDQ,ELECTRICAL,uA,1.6215,1252.7334,1252.8395,1252.8853,1251.1119,25.422,2.2415,11.171,-0.0236,-0.1059,33.87,33.91,1.6215,1252.7334,1252.8395,1252.8853,1251.1119,50.0,False,NOMINAL,HEALTHY,-1.99,33.37
DIG_LOT04_COMP1612,LOT_04,DIGITAL_IC,CQFP-64,DIG-SIH-2026,THERMAL_BURN_IN,T04_1612,PROC-ISRO-IISU-01,ATE-STATION-01,CHAMBER-01,1.0,125.0,5.0,168,IDDQ,ELECTRICAL,uA,1.2065,917.2198,917.2863,917.2834,916.0133,25.238,2.6994,11.502,-0.004,0.0483,34.9,34.12,1.2065,917.2198,917.2863,917.2834,916.0133,50.0,False,NOMINAL,HEALTHY,45.9,-1.91
DIG_LOT04_COMP1613,LOT_04,DIGITAL_IC,CQFP-64,DIG-SIH-2026,THERMAL_BURN_IN,T04_1613,PROC-ISRO-IISU-01,ATE-STATION-01,CHAMBER-01,1.0,125.0,5.0,168,IDDQ,ELECTRICAL,uA,1.2957,991.821,991.8934,991.909,990.5253,25.637,1.7617,12.053,0.0053,0.0717,34.35,34.37,1.2957,991.821,991.8934,991.909,990.5253,50.0,False,NOMINAL,HEALTHY,-45.3,41.08
DIG_LOT04_COMP1614,LOT_04,DIGITAL_IC,CQFP-64,DIG-SIH-2026,THERMAL_BURN_IN,T04_1614,PROC-ISRO-IISU-01,ATE-STATION-01,CHAMBER-01,1.0,125.0,5.0,168,IDDQ,ELECTRICAL,uA,1.2023,921.3541,921.4156,921.4614,920.1518,24.678,1.92,11.586,0.0138,0.0656,35.5,36.27,1.2023,921.3541,921.4156,921.4614,920.1518,50.0,False,NOMINAL,HEALTHY,30.58,-24.7
DIG_LOT04_COMP1615,LOT_04,DIGITAL_IC,CQFP-64,DIG-SIH-2026,THERMAL_BURN_IN,T04_1615,PROC-ISRO-IISU-01,ATE-STATION-01,CHAMBER-01,1.0,125.0,5.0,168,IDDQ,ELECTRICAL,uA,1.3331,1038.9407,1039.0266,1039.0852,1037.6076,22.922,1.8331,12.41,-0.0178,-0.0984,37.93,37.79,1.3331,1038.9407,1039.0266,1039.0852,1037.6076,50.0,False,NOMINAL,HEALTHY,48.86,13.23
DIG_LOT04_COMP1616,LOT_04,DIGITAL_IC,CQFP-64,DIG-SIH-2026,THERMAL_BURN_IN,T04_1616,PROC-ISRO-IISU-01,ATE-STATION-01,CHAMBER-01,1.0,125.0,5.0,168,IDDQ,ELECTRICAL,uA,1.2784,992.6675,992.7333,992.803,991.3891,24.95,1.9827,12.468,-0.03,-0.013,37.06,36.98,1.2784,992.6675,992.7333,992.803,991.3891,50.0,False,NOMINAL,HEALTHY,18.23,49.22
DIG_LOT04_COMP1617,LOT_04,DIGITAL_IC,CQFP-64,DIG-SIH-2026,THERMAL_BURN_IN,T04_1617,PROC-ISRO-IISU-01,ATE-STATION-01,CHAMBER-01,1.0,125.0,5.0,168,IDDQ,ELECTRICAL,uA,1.2628,990.0891,990.1676,990.203,988.8263,23.623,1.5195,13.064,-0.0351,-0.0177,35.13,35.52,1.2628,990.0891,990.1676,990.203,988.8263,50.0,False,NOMINAL,HEALTHY,-41.89,28.28
DIG_LOT04_COMP1618,LOT_04,DIGITAL_IC,CQFP-64,DIG-SIH-2026,THERMAL_BURN_IN,T04_1618,PROC-ISRO-IISU-01,ATE-STATION-01,CHAMBER-01,1.0,125.0,5.0,168,IDDQ,ELECTRICAL,uA,1.3544,1050.0458,1050.0967,1050.1935,1048.6914,23.247,2.1406,12.003,-0.0158,-0.01,32.59,33.54,1.3544,1050.0458,1050.0967,1050.1935,1048.6914,50.0,False,NOMINAL,HEALTHY,2.9,10.76
DIG_LOT04_COMP1619,LOT_04,DIGITAL_IC,CQFP-64,DIG-SIH-2026,THERMAL_BURN_IN,T04_1619,PROC-ISRO-IISU-01,ATE-STATION-01,CHAMBER-01,1.0,125.0,5.0,168,IDDQ,ELECTRICAL,uA,1.3788,1056.1527,1056.2297,1056.2902,1054.7739,23.888,1.6008,13.397,-0.0239,-0.0825,39.53,38.91,1.3788,1056.1527,1056.2297,1056.2902,1054.7739,50.0,False,NOMINAL,HEALTHY,6.77,43.4
DIG_LOT04_COMP1620,LOT_04,DIGITAL_IC,CQFP-64,DIG-SIH-2026,THERMAL_BURN_IN,T04_1620,PROC-ISRO-IISU-01,ATE-STATION-01,CHAMBER-01,1.0,125.0,5.0,168,IDDQ,ELECTRICAL,uA,1.4346,1119.5908,1119.697,1119.7784,1118.1562,27.919,2.0501,12.548,0.0076,0.0117,36.12,35.15,1.4346,1119.5908,1119.697,1119.7784,1118.1562,50.0,False,NOMINAL,HEALTHY,-45.26,-32.45
DIG_LOT04_COMP1621,LOT_04,DIGITAL_IC,CQFP-64,DIG-SIH-2026,THERMAL_BURN_IN,T04_1621,PROC-ISRO-IISU-01,ATE-STATION-01,CHAMBER-01,1.0,125.0,5.0,168,IDDQ,ELECTRICAL,uA,1.3786,1048.6511,1048.7277,1048.7828,1047.2725,27.792,2.2755,11.25,-0.0005,-0.1055,36.28,36.57,1.3786,1048.6511,1048.7277,1048.7828,1047.2725,50.0,False,NOMINAL,HEALTHY,-4.04,-26.73
DIG_LOT04_COMP1622,LOT_04,DIGITAL_IC,CQFP-64,DIG-SIH-2026,THERMAL_BURN_IN,T04_1622,PROC-ISRO-IISU-01,ATE-STATION-01,CHAMBER-01,1.0,125.0,5.0,168,IDDQ,ELECTRICAL,uA,1.5254,1175.6829,1177.4269,1184.4343,1174.1575,24.802,1.7929,9.752,0.0058,-0.0308,35.45,35.41,1.5254,1175.6829,1177.4269,1184.4343,1174.1575,50.0,True,ELECTROMIGRATION,HEALTHY,-42.51,42.6
DIG_LOT04_COMP1623,LOT_04,DIGITAL_IC,CQFP-64,DIG-SIH-2026,THERMAL_BURN_IN,T04_1623,PROC-ISRO-IISU-01,ATE-STATION-01,CHAMBER-01,1.0,125.0,5.0,168,IDDQ,ELECTRICAL,uA,1.5483,1203.9384,1204.02,1204.1303,1202.3901,23.218,1.5606,11.692,0.011,0.0071,35.77,35.72,1.5483,1203.9384,1204.02,1204.1303,1202.3901,50.0,False,NOMINAL,HEALTHY,-36.84,-29.51
DIG_LOT04_COMP1624,LOT_04,DIGITAL_IC,CQFP-64,DIG-SIH-2026,THERMAL_BURN_IN,T04_1624,PROC-ISRO-IISU-01,ATE-STATION-01,CHAMBER-01,1.0,125.0,5.0,168,IDDQ,ELECTRICAL,uA,1.4219,1099.5056,1099.5893,1099.6754,1098.0837,26.659,1.7445,12.89,-0.0219,-0.0464,35.18,34.91,1.4219,1099.5056,1099.5893,1099.6754,1098.0837,50.0,False,NOMINAL,HEALTHY,-19.66,24.15
DIG_LOT04_COMP1625,LOT_04,DIGITAL_IC,CQFP-64,DIG-SIH-2026,THERMAL_BURN_IN,T04_1625,PROC-ISRO-IISU-01,ATE-STATION-01,CHAMBER-01,1.0,125.0,5.0,168,IDDQ,ELECTRICAL,uA,1.2492,954.9284,955.0251,955.0798,953.6792,27.573,2.0359,12.834,0.0335,0.0581,34.92,34.21,1.2492,954.9284,955.0251,955.0798,953.6792,50.0,False,NOMINAL,HEALTHY,-5.07,37.94
DIG_LOT04_COMP1626,LOT_04,DIGITAL_IC,CQFP-64,DIG-SIH-2026,THERMAL_BURN_IN,T04_1626,PROC-ISRO-IISU-01,ATE-STATION-01,CHAMBER-01,1.0,125.0,5.0,168,IDDQ,ELECTRICAL,uA,1.2815,990.8842,990.9515,990.9647,989.6027,25.614,1.865,13.125,-0.0088,0.0173,34.65,35.03,1.2815,990.8842,990.9515,990.9647,989.6027,50.0,False,NOMINAL,HEALTHY,1.96,-19.43
DIG_LOT04_COMP1627,LOT_04,DIGITAL_IC,CQFP-64,DIG-SIH-2026,THERMAL_BURN_IN,T04_1627,PROC-ISRO-IISU-01,ATE-STATION-01,CHAMBER-01,1.0,125.0,5.0,168,IDDQ,ELECTRICAL,uA,1.4427,1099.4836,1099.5345,1099.539,1098.0409,26.431,1.697,12.951,0.0087,0.0547,36.93,36.44,1.4427,1099.4836,1099.5345,1099.539,1098.0409,50.0,False,NOMINAL,HEALTHY,-39.85,-43.24
DIG_LOT04_COMP1628,LOT_04,DIGITAL_IC,CQFP-64,DIG-SIH-2026,THERMAL_BURN_IN,T04_1628,PROC-ISRO-IISU-01,ATE-STATION-01,CHAMBER-01,1.0,125.0,5.0,168,IDDQ,ELECTRICAL,uA,1.5122,1170.7391,1170.8365,1170.891,1169.2269,25.089,2.0076,13.05,-0.0001,-0.0869,37.02,36.83,1.5122,1170.7391,1170.8365,1170.891,1169.2269,50.0,False,NOMINAL,HEALTHY,-1.93,43.69
DIG_LOT04_COMP1629,LOT_04,DIGITAL_IC,CQFP-64,DIG-SIH-2026,THERMAL_BURN_IN,T04_1629,PROC-ISRO-IISU-01,ATE-STATION-01,CHAMBER-01,1.0,125.0,5.0,168,IDDQ,ELECTRICAL,uA,1.5101,1146.9379,1147.0863,1147.0915,1145.4278,22.777,2.6764,11.272,0.0138,0.1031,33.38,33.89,1.5101,1146.9379,1147.0863,1147.0915,1145.4278,50.0,False,NOMINAL,HEALTHY,-24.16,-43.72
DIG_LOT04_COMP1630,LOT_04,DIGITAL_IC,CQFP-64,DIG-SIH-2026,THERMAL_BURN_IN,T04_1630,PROC-ISRO-IISU-01,ATE-STATION-01,CHAMBER-01,1.0,125.0,5.0,168,IDDQ,ELECTRICAL,uA,1.0944,837.9379,838.0393,838.0116,836.8435,24.48,1.5296,12.824,-0.0154,-0.0254,35.31,34.85,1.0944,837.9379,838.0393,838.0116,836.8435,50.0,False,NOMINAL,HEALTHY,40.25,17.45
DIG_LOT04_COMP1631,LOT_04,DIGITAL_IC,CQFP-64,DIG-SIH-2026,THERMAL_BURN_IN,T04_1631,PROC-ISRO-IISU-01,ATE-STATION-01,CHAMBER-01,1.0,125.0,5.0,168,IDDQ,ELECTRICAL,uA,1.432,1100.0728,1100.1733,1100.2332,1098.6408,22.514,2.4844,10.997,0.0054,-0.0288,34.74,35.23,1.432,1100.0728,1100.1733,1100.2332,1098.6408,50.0,False,NOMINAL,HEALTHY,11.88,-24.59
DIG_LOT04_COMP1632,LOT_04,DIGITAL_IC,CQFP-64,DIG-SIH-2026,THERMAL_BURN_IN,T04_1632,PROC-ISRO-IISU-01,ATE-STATION-01,CHAMBER-01,1.0,125.0,5.0,168,IDDQ,ELECTRICAL,uA,1.4182,1113.9597,1114.0147,1114.0639,1112.5415,23.96,1.9854,13.334,0.0454,0.0143,35.24,35.41,1.4182,1113.9597,1114.0147,1114.0639,1112.5415,50.0,False,NOMINAL,HEALTHY,7.08,30.58
DIG_LOT04_COMP1633,LOT_04,DIGITAL_IC,CQFP-64,DIG-SIH-2026,THERMAL_BURN_IN,T04_1633,PROC-ISRO-IISU-01,ATE-STATION-01,CHAMBER-01,1.0,125.0,5.0,168,IDDQ,ELECTRICAL,uA,1.6203,1231.0108,1231.091,1231.1664,1229.3905,24.587,1.721,11.792,-0.0057,-0.0636,36.4,35.87,1.6203,1231.0108,1231.091,1231.1664,1229.3905,50.0,False,NOMINAL,HEALTHY,16.32,-45.99
DIG_LOT04_COMP1634,LOT_04,DIGITAL_IC,CQFP-64,DIG-SIH-2026,THERMAL_BURN_IN,T04_1634,PROC-ISRO-IISU-01,ATE-STATION-01,CHAMBER-01,1.0,125.0,5.0,168,IDDQ,ELECTRICAL,uA,1.2815,991.722,991.8146,991.8308,990.4405,27.219,1.6769,11.953,0.0226,-0.0603,35.39,35.9,1.2815,991.722,991.8146,991.8308,990.4405,50.0,False,NOMINAL,HEALTHY,-5.84,10.16
DIG_LOT04_COMP1635,LOT_04,DIGITAL_IC,CQFP-64,DIG-SIH-2026,THERMAL_BURN_IN,T04_1635,PROC-ISRO-IISU-01,ATE-STATION-01,CHAMBER-01,1.0,125.0,5.0,168,IDDQ,ELECTRICAL,uA,1.3412,1044.0902,1044.1409,1044.2337,1042.749,22.767,2.0561,11.891,-0.0033,0.0311,35.03,36.87,1.3412,1044.0902,1044.1409,1044.2337,1042.749,50.0,False,NOMINAL,HEALTHY,3.93,-1.98
DIG_LOT04_COMP1636,LOT_04,DIGITAL_IC,CQFP-64,DIG-SIH-2026,THERMAL_BURN_IN,T04_1636,PROC-ISRO-IISU-01,ATE-STATION-01,CHAMBER-01,1.0,125.0,5.0,168,IDDQ,ELECTRICAL,uA,1.2412,972.586,972.6318,972.664,971.3448,22.528,2.4126,12.346,0.0092,0.058,34.09,33.01,1.2412,972.586,972.6318,972.664,971.3448,50.0,False,NOMINAL,HEALTHY,41.8,-5.53
DIG_LOT04_COMP1637,LOT_04,DIGITAL_IC,CQFP-64,DIG-SIH-2026,THERMAL_BURN_IN,T04_1637,PROC-ISRO-IISU-01,ATE-STATION-01,CHAMBER-01,1.0,125.0,5.0,168,IDDQ,ELECTRICAL,uA,1.2963,1003.7604,1003.8644,1003.9388,1002.4641,25.52,1.876,12.499,-0.0053,0.0289,34.92,35.55,1.2963,1003.7604,1003.8644,1003.9388,1002.4641,50.0,False,NOMINAL,HEALTHY,-40.56,-30.35
DIG_LOT04_COMP1638,LOT_04,DIGITAL_IC,CQFP-64,DIG-SIH-2026,THERMAL_BURN_IN,T04_1638,PROC-ISRO-IISU-01,ATE-STATION-01,CHAMBER-01,1.0,125.0,5.0,168,IDDQ,ELECTRICAL,uA,1.3081,1004.038,1004.1143,1004.1157,1002.7299,24.644,2.1153,11.288,0.015,0.0752,33.91,34.2,1.3081,1004.038,1004.1143,1004.1157,1002.7299,50.0,False,NOMINAL,HEALTHY,-5.7,37.46
DIG_LOT04_COMP1639,LOT_04,DIGITAL_IC,CQFP-64,DIG-SIH-2026,THERMAL_BURN_IN,T04_1639,PROC-ISRO-IISU-01,ATE-STATION-01,CHAMBER-01,1.0,125.0,5.0,168,IDDQ,ELECTRICAL,uA,1.2923,986.6209,986.6518,986.7403,985.3286,23.505,2.5914,13.494,0.003,0.0115,33.61,33.22,1.2923,986.6209,986.6518,986.7403,985.3286,50.0,False,NOMINAL,HEALTHY,47.17,27.51
DIG_LOT04_COMP1640,LOT_04,DIGITAL_IC,CQFP-64,DIG-SIH-2026,THERMAL_BURN_IN,T04_1640,PROC-ISRO-IISU-01,ATE-STATION-01,CHAMBER-01,1.0,125.0,5.0,168,IDDQ,ELECTRICAL,uA,1.273,993.2955,993.4145,993.4739,992.0225,26.216,2.4066,12.044,0.0101,0.0184,34.28,34.4,1.273,993.2955,993.4145,993.4739,992.0225,50.0,False,NOMINAL,HEALTHY,-18.96,24.83
DIG_LOT04_COMP1641,LOT_04,DIGITAL_IC,CQFP-64,DIG-SIH-2026,THERMAL_BURN_IN,T04_1641,PROC-ISRO-IISU-01,ATE-STATION-01,CHAMBER-01,1.0,125.0,5.0,168,IDDQ,ELECTRICAL,uA,1.2089,952.6084,952.6975,952.7698,951.3995,26.225,2.0352,12.802,0.0099,-0.1147,35.27,34.72,1.2089,952.6084,952.6975,952.7698,951.3995,50.0,False,NOMINAL,HEALTHY,-44.0,45.19
DIG_LOT04_COMP1642,LOT_04,DIGITAL_IC,CQFP-64,DIG-SIH-2026,THERMAL_BURN_IN,T04_1642,PROC-ISRO-IISU-01,ATE-STATION-01,CHAMBER-01,1.0,125.0,5.0,168,IDDQ,ELECTRICAL,uA,1.5149,1149.3691,1149.4426,1149.5136,1147.8542,24.558,1.4845,11.084,-0.0274,0.0761,35.84,35.45,1.5149,1149.3691,1149.4426,1149.5136,1147.8542,50.0,False,NOMINAL,HEALTHY,32.53,25.45
DIG_LOT04_COMP1643,LOT_04,DIGITAL_IC,CQFP-64,DIG-SIH-2026,THERMAL_BURN_IN,T04_1643,PROC-ISRO-IISU-01,ATE-STATION-01,CHAMBER-01,1.0,125.0,5.0,168,IDDQ,ELECTRICAL,uA,1.2133,947.2617,947.2956,947.4367,946.0484,26.215,1.9711,13.394,-0.0262,-0.0015,35.43,35.52,1.2133,947.2617,947.2956,947.4367,946.0484,50.0,False,NOMINAL,HEALTHY,23.91,-10.06
DIG_LOT04_COMP1644,LOT_04,DIGITAL_IC,CQFP-64,DIG-SIH-2026,THERMAL_BURN_IN,T04_1644,PROC-ISRO-IISU-01,ATE-STATION-01,CHAMBER-01,1.0,125.0,5.0,168,IDDQ,ELECTRICAL,uA,1.2605,976.141,976.1897,976.255,974.8805,26.094,1.7304,11.863,0.0002,0.013,34.68,34.71,1.2605,976.141,976.1897,976.255,974.8805,50.0,False,NOMINAL,HEALTHY,-1.87,42.17
DIG_LOT04_COMP1645,LOT_04,DIGITAL_IC,CQFP-64,DIG-SIH-2026,THERMAL_BURN_IN,T04_1645,PROC-ISRO-IISU-01,ATE-STATION-01,CHAMBER-01,1.0,125.0,5.0,168,IDDQ,ELECTRICAL,uA,1.0765,839.1867,839.2007,839.2511,838.1102,24.438,2.1627,11.896,0.0102,-0.0143,36.68,35.74,1.0765,839.1867,839.2007,839.2511,838.1102,50.0,False,NOMINAL,HEALTHY,19.68,-24.32
DIG_LOT04_COMP1646,LOT_04,DIGITAL_IC,CQFP-64,DIG-SIH-2026,THERMAL_BURN_IN,T04_1646,PROC-ISRO-IISU-01,ATE-STATION-01,CHAMBER-01,1.0,125.0,5.0,168,IDDQ,ELECTRICAL,uA,1.3137,1016.9797,1016.999,1017.0654,1015.666,21.745,1.8455,11.6,0.0445,0.1142,34.58,34.46,1.3137,1016.9797,1016.999,1017.0654,1015.666,50.0,False,NOMINAL,HEALTHY,-17.79,37.48
DIG_LOT04_COMP1647,LOT_04,DIGITAL_IC,CQFP-64,DIG-SIH-2026,THERMAL_BURN_IN,T04_1647,PROC-ISRO-IISU-01,ATE-STATION-01,CHAMBER-01,1.0,125.0,5.0,168,IDDQ,ELECTRICAL,uA,1.1098,864.7329,864.7872,864.7577,863.6231,25.597,2.4301,11.517,0.0047,-0.028,35.64,35.99,1.1098,864.7329,864.7872,864.7577,863.6231,50.0,False,NOMINAL,HEALTHY,8.19,-5.79
DIG_LOT04_COMP1648,LOT_04,DIGITAL_IC,CQFP-64,DIG-SIH-2026,THERMAL_BURN_IN,T04_1648,PROC-ISRO-IISU-01,ATE-STATION-01,CHAMBER-01,1.0,125.0,5.0,168,IDDQ,ELECTRICAL,uA,1.4635,1115.8351,1115.9167,1115.9963,1114.3716,27.415,2.0331,11.065,-0.0046,0.0219,33.62,33.84,1.4635,1115.8351,1115.9167,1115.9963,1114.3716,50.0,False,NOMINAL,HEALTHY,-38.07,44.45
DIG_LOT04_COMP1649,LOT_04,DIGITAL_IC,CQFP-64,DIG-SIH-2026,THERMAL_BURN_IN,T04_1649,PROC-ISRO-IISU-01,ATE-STATION-01,CHAMBER-01,1.0,125.0,5.0,168,IDDQ,ELECTRICAL,uA,1.0802,822.8352,822.959,822.9809,821.755,26.91,2.1071,13.606,0.0036,-0.0104,35.82,35.79,1.0802,822.8352,822.959,822.9809,821.755,50.0,False,NOMINAL,HEALTHY,-44.32,40.0
DIG_LOT04_COMP1650,LOT_04,DIGITAL_IC,CQFP-64,DIG-SIH-2026,THERMAL_BURN_IN,T04_1650,PROC-ISRO-IISU-01,ATE-STATION-01,CHAMBER-01,1.0,125.0,5.0,168,IDDQ,ELECTRICAL,uA,1.3358,1030.5818,1030.6917,1030.679,1029.246,25.672,2.0075,12.942,-0.0064,0.0138,32.8,32.46,1.3358,1030.5818,1030.6917,1030.679,1029.246,50.0,False,NOMINAL,HEALTHY,-18.76,34.82
DIG_LOT04_COMP1651,LOT_04,DIGITAL_IC,CQFP-64,DIG-SIH-2026,THERMAL_BURN_IN,T04_1651,PROC-ISRO-IISU-01,ATE-STATION-01,CHAMBER-01,1.0,125.0,5.0,168,IDDQ,ELECTRICAL,uA,1.3389,1013.3145,1013.3735,1013.4333,1011.9756,24.403,2.0518,12.51,-0.0043,-0.0261,35.69,36.17,1.3389,1013.3145,1013.3735,1013.4333,1011.9756,50.0,False,NOMINAL,HEALTHY,48.5,-10.94
DIG_LOT04_COMP1652,LOT_04,DIGITAL_IC,CQFP-64,DIG-SIH-2026,THERMAL_BURN_IN,T04_1652,PROC-ISRO-IISU-01,ATE-STATION-01,CHAMBER-01,1.0,125.0,5.0,168,IDDQ,ELECTRICAL,uA,1.2266,952.8022,952.8801,952.9407,951.5756,25.386,1.8084,12.707,-0.0208,-0.098,34.7,34.92,1.2266,952.8022,952.8801,952.9407,951.5756,50.0,False,NOMINAL,HEALTHY,-8.43,-30.15
DIG_LOT04_COMP1653,LOT_04,DIGITAL_IC,CQFP-64,DIG-SIH-2026,THERMAL_BURN_IN,T04_1653,PROC-ISRO-IISU-01,ATE-STATION-01,CHAMBER-01,1.0,125.0,5.0,168,IDDQ,ELECTRICAL,uA,1.2295,950.9014,950.9842,951.0165,949.6719,25.217,2.393,13.396,0.0172,0.029,33.29,33.51,1.2295,950.9014,950.9842,951.0165,949.6719,50.0,False,NOMINAL,HEALTHY,-44.87,-24.39
DIG_LOT04_COMP1654,LOT_04,DIGITAL_IC,CQFP-64,DIG-SIH-2026,THERMAL_BURN_IN,T04_1654,PROC-ISRO-IISU-01,ATE-STATION-01,CHAMBER-01,1.0,125.0,5.0,168,IDDQ,ELECTRICAL,uA,1.1159,878.9983,879.0242,879.0375,877.8824,24.285,2.088,11.611,-0.0153,-0.0412,33.34,33.28,1.1159,878.9983,879.0242,879.0375,877.8824,50.0,False,NOMINAL,HEALTHY,46.7,19.84
DIG_LOT04_COMP1655,LOT_04,DIGITAL_IC,CQFP-64,DIG-SIH-2026,THERMAL_BURN_IN,T04_1655,PROC-ISRO-IISU-01,ATE-STATION-01,CHAMBER-01,1.0,125.0,5.0,168,IDDQ,ELECTRICAL,uA,1.3011,997.8349,997.8761,997.9917,996.5338,24.199,2.3314,13.249,-0.0123,-0.0604,35.27,34.43,1.3011,997.8349,997.8761,997.9917,996.5338,50.0,False,NOMINAL,HEALTHY,-14.03,-39.79
DIG_LOT04_COMP1656,LOT_04,DIGITAL_IC,CQFP-64,DIG-SIH-2026,THERMAL_BURN_IN,T04_1656,PROC-ISRO-IISU-01,ATE-STATION-01,CHAMBER-01,1.0,125.0,5.0,168,IDDQ,ELECTRICAL,uA,1.6924,1291.6999,1291.7744,1291.8533,1290.0075,26.173,1.8088,12.608,-0.0011,-0.0186,36.65,36.52,1.6924,1291.6999,1291.7744,1291.8533,1290.0075,50.0,False,NOMINAL,HEALTHY,2.6,-10.01
DIG_LOT04_COMP1657,LOT_04,DIGITAL_IC,CQFP-64,DIG-SIH-2026,THERMAL_BURN_IN,T04_1657,PROC-ISRO-IISU-01,ATE-STATION-01,CHAMBER-01,1.0,125.0,5.0,168,IDDQ,ELECTRICAL,uA,1.3419,1026.7063,1026.8289,1026.8518,1025.3644,23.056,1.9283,11.788,-0.0392,-0.0068,36.21,35.97,1.3419,1026.7063,1026.8289,1026.8518,1025.3644,50.0,False,NOMINAL,HEALTHY,36.35,-43.2
DIG_LOT04_COMP1658,LOT_04,DIGITAL_IC,CQFP-64,DIG-SIH-2026,THERMAL_BURN_IN,T04_1658,PROC-ISRO-IISU-01,ATE-STATION-01,CHAMBER-01,1.0,125.0,5.0,168,IDDQ,ELECTRICAL,uA,1.6089,1245.4274,1245.5226,1245.5467,1243.8185,24.031,2.1264,12.834,0.002,0.0608,35.4,35.92,1.6089,1245.4274,1245.5226,1245.5467,1243.8185,50.0,False,NOMINAL,HEALTHY,3.87,-24.39
DIG_LOT04_COMP1659,LOT_04,DIGITAL_IC,CQFP-64,DIG-SIH-2026,THERMAL_BURN_IN,T04_1659,PROC-ISRO-IISU-01,ATE-STATION-01,CHAMBER-01,1.0,125.0,5.0,168,IDDQ,ELECTRICAL,uA,1.1744,912.2853,912.3047,912.2954,911.1109,29.349,2.092,13.319,-0.0243,-0.0552,36.96,38.31,1.1744,912.2853,912.3047,912.2954,911.1109,50.0,False,NOMINAL,HEALTHY,-47.75,-46.61
DIG_LOT04_COMP1660,LOT_04,DIGITAL_IC,CQFP-64,DIG-SIH-2026,THERMAL_BURN_IN,T04_1660,PROC-ISRO-IISU-01,ATE-STATION-01,CHAMBER-01,1.0,125.0,5.0,168,IDDQ,ELECTRICAL,uA,1.2877,987.3018,987.337,987.4271,986.0141,24.448,2.358,11.521,0.0015,-0.0348,35.23,34.94,1.2877,987.3018,987.337,987.4271,986.0141,50.0,False,NOMINAL,HEALTHY,-43.89,-10.61
DIG_LOT04_COMP1661,LOT_04,DIGITAL_IC,CQFP-64,DIG-SIH-2026,THERMAL_BURN_IN,T04_1661,PROC-ISRO-IISU-01,ATE-STATION-01,CHAMBER-01,1.0,125.0,5.0,168,IDDQ,ELECTRICAL,uA,1.1304,885.5631,885.6634,885.7038,884.4327,25.513,1.9426,12.055,0.0399,0.0115,34.41,34.41,1.1304,885.5631,885.6634,885.7038,884.4327,50.0,False,NOMINAL,HEALTHY,21.4,34.05
DIG_LOT04_COMP1662,LOT_04,DIGITAL_IC,CQFP-64,DIG-SIH-2026,THERMAL_BURN_IN,T04_1662,PROC-ISRO-IISU-01,ATE-STATION-01,CHAMBER-01,1.0,125.0,5.0,168,IDDQ,ELECTRICAL,uA,1.2938,990.6204,990.6736,990.7192,989.3266,23.724,2.3722,11.512,-0.008,-0.0466,35.37,35.12,1.2938,990.6204,990.6736,990.7192,989.3266,50.0,False,NOMINAL,HEALTHY,-22.53,-49.09
DIG_LOT04_COMP1663,LOT_04,DIGITAL_IC,CQFP-64,DIG-SIH-2026,THERMAL_BURN_IN,T04_1663,PROC-ISRO-IISU-01,ATE-STATION-01,CHAMBER-01,1.0,125.0,5.0,168,IDDQ,ELECTRICAL,uA,1.3975,1058.804,1058.9375,1058.9139,1057.4065,24.921,2.1081,12.633,-0.0266,0.04,35.71,35.97,1.3975,1058.804,1058.9375,1058.9139,1057.4065,50.0,False,NOMINAL,HEALTHY,-45.74,-11.6
DIG_LOT04_COMP1664,LOT_04,DIGITAL_IC,CQFP-64,DIG-SIH-2026,THERMAL_BURN_IN,T04_1664,PROC-ISRO-IISU-01,ATE-STATION-01,CHAMBER-01,1.0,125.0,5.0,168,IDDQ,ELECTRICAL,uA,1.218,942.2044,942.2846,942.3382,940.9864,26.109,2.2806,12.45,0.0043,-0.0146,32.77,31.77,1.218,942.2044,942.2846,942.3382,940.9864,50.0,False,NOMINAL,HEALTHY,1.17,16.9
DIG_LOT04_COMP1665,LOT_04,DIGITAL_IC,CQFP-64,DIG-SIH-2026,THERMAL_BURN_IN,T04_1665,PROC-ISRO-IISU-01,ATE-STATION-01,CHAMBER-01,1.0,125.0,5.0,168,IDDQ,ELECTRICAL,uA,1.2704,970.3772,970.4759,970.5267,969.1068,23.18,2.0469,12.822,0.0087,-0.0872,37.22,37.25,1.2704,970.3772,970.4759,970.5267,969.1068,50.0,False,NOMINAL,HEALTHY,33.15,-26.59
DIG_LOT04_COMP1666,LOT_04,DIGITAL_IC,CQFP-64,DIG-SIH-2026,THERMAL_BURN_IN,T04_1666,PROC-ISRO-IISU-01,ATE-STATION-01,CHAMBER-01,1.0,125.0,5.0,168,IDDQ,ELECTRICAL,uA,1.2716,979.2744,979.3203,979.4207,978.0028,27.022,1.9748,12.578,-0.0146,-0.0087,36.39,37.02,1.2716,979.2744,979.3203,979.4207,978.0028,50.0,False,NOMINAL,HEALTHY,-49.84,48.56
DIG_LOT04_COMP1667,LOT_04,DIGITAL_IC,CQFP-64,DIG-SIH-2026,THERMAL_BURN_IN,T04_1667,PROC-ISRO-IISU-01,ATE-STATION-01,CHAMBER-01,1.0,125.0,5.0,168,IDDQ,ELECTRICAL,uA,1.3995,1086.6095,1086.6923,1086.6922,1085.21,25.632,1.8157,12.345,-0.0193,0.0084,32.76,32.23,1.3995,1086.6095,1086.6923,1086.6922,1085.21,50.0,False,NOMINAL,HEALTHY,-37.71,-36.26
DIG_LOT04_COMP1668,LOT_04,DIGITAL_IC,CQFP-64,DIG-SIH-2026,THERMAL_BURN_IN,T04_1668,PROC-ISRO-IISU-01,ATE-STATION-01,CHAMBER-01,1.0,125.0,5.0,168,IDDQ,ELECTRICAL,uA,1.1505,901.4598,901.5334,901.5933,900.3093,22.565,2.2074,11.997,-0.0033,0.0406,33.58,33.41,1.1505,901.4598,901.5334,901.5933,900.3093,50.0,False,NOMINAL,HEALTHY,-38.9,-21.33
DIG_LOT04_COMP1669,LOT_04,DIGITAL_IC,CQFP-64,DIG-SIH-2026,THERMAL_BURN_IN,T04_1669,PROC-ISRO-IISU-01,ATE-STATION-01,CHAMBER-01,1.0,125.0,5.0,168,IDDQ,ELECTRICAL,uA,1.0673,814.7526,814.8285,814.8359,813.6853,23.43,2.3262,12.26,0.0194,0.0702,35.33,35.97,1.0673,814.7526,814.8285,814.8359,813.6853,50.0,False,NOMINAL,HEALTHY,-20.94,3.38
DIG_LOT04_COMP1670,LOT_04,DIGITAL_IC,CQFP-64,DIG-SIH-2026,THERMAL_BURN_IN,T04_1670,PROC-ISRO-IISU-01,ATE-STATION-01,CHAMBER-01,1.0,125.0,5.0,168,IDDQ,ELECTRICAL,uA,1.4009,1080.8881,1080.9572,1081.0081,1079.4872,23.252,2.4117,12.144,-0.0303,-0.0367,36.05,36.02,1.4009,1080.8881,1080.9572,1081.0081,1079.4872,50.0,False,NOMINAL,HEALTHY,20.7,16.68
DIG_LOT04_COMP1671,LOT_04,DIGITAL_IC,CQFP-64,DIG-SIH-2026,THERMAL_BURN_IN,T04_1671,PROC-ISRO-IISU-01,ATE-STATION-01,CHAMBER-01,1.0,125.0,5.0,168,IDDQ,ELECTRICAL,uA,1.0781,840.7582,840.866,840.8499,839.6801,24.05,1.3246,12.78,0.0281,0.0145,33.42,33.51,1.0781,840.7582,840.866,840.8499,839.6801,50.0,False,NOMINAL,HEALTHY,-25.17,22.89
DIG_LOT04_COMP1672,LOT_04,DIGITAL_IC,CQFP-64,DIG-SIH-2026,THERMAL_BURN_IN,T04_1672,PROC-ISRO-IISU-01,ATE-STATION-01,CHAMBER-01,1.0,125.0,5.0,168,IDDQ,ELECTRICAL,uA,1.1799,903.6823,903.7929,903.8393,902.5024,25.909,2.0278,12.663,-0.0159,-0.0092,36.08,35.81,1.1799,903.6823,903.7929,903.8393,902.5024,50.0,False,NOMINAL,HEALTHY,32.23,-3.24
DIG_LOT04_COMP1673,LOT_04,DIGITAL_IC,CQFP-64,DIG-SIH-2026,THERMAL_BURN_IN,T04_1673,PROC-ISRO-IISU-01,ATE-STATION-01,CHAMBER-01,1.0,125.0,5.0,168,IDDQ,ELECTRICAL,uA,0.936,705.9891,706.037,706.0475,705.0531,27.3,1.8374,12.779,0.0036,-0.0113,36.7,36.78,0.936,705.9891,706.037,706.0475,705.0531,50.0,False,NOMINAL,HEALTHY,27.71,-31.69
DIG_LOT04_COMP1674,LOT_04,DIGITAL_IC,CQFP-64,DIG-SIH-2026,THERMAL_BURN_IN,T04_1674,PROC-ISRO-IISU-01,ATE-STATION-01,CHAMBER-01,1.0,125.0,5.0,168,IDDQ,ELECTRICAL,uA,1.3138,1010.8846,1010.986,1011.0598,1009.5708,24.669,2.0194,12.398,-0.0029,-0.0842,35.53,36.66,1.3138,1010.8846,1010.986,1011.0598,1009.5708,50.0,False,NOMINAL,HEALTHY,-31.72,-9.21
DIG_LOT04_COMP1675,LOT_04,DIGITAL_IC,CQFP-64,DIG-SIH-2026,THERMAL_BURN_IN,T04_1675,PROC-ISRO-IISU-01,ATE-STATION-01,CHAMBER-01,1.0,125.0,5.0,168,IDDQ,ELECTRICAL,uA,1.3543,1056.1596,1056.2117,1056.2979,1054.8053,23.457,1.8584,11.413,0.013,0.0492,35.68,36.0,1.3543,1056.1596,1056.2117,1056.2979,1054.8053,50.0,False,NOMINAL,HEALTHY,-27.05,-31.7
DIG_LOT04_COMP1676,LOT_04,DIGITAL_IC,CQFP-64,DIG-SIH-2026,THERMAL_BURN_IN,T04_1676,PROC-ISRO-IISU-01,ATE-STATION-01,CHAMBER-01,1.0,125.0,5.0,168,IDDQ,ELECTRICAL,uA,1.011,793.4616,793.5038,793.5687,792.4506,25.387,2.3105,11.467,0.0023,0.0329,34.07,34.27,1.011,793.4616,793.5038,793.5687,792.4506,50.0,False,NOMINAL,HEALTHY,-8.9,27.74
DIG_LOT04_COMP1677,LOT_04,DIGITAL_IC,CQFP-64,DIG-SIH-2026,THERMAL_BURN_IN,T04_1677,PROC-ISRO-IISU-01,ATE-STATION-01,CHAMBER-01,1.0,125.0,5.0,168,IDDQ,ELECTRICAL,uA,1.2518,973.9834,974.0587,974.1207,972.7316,26.047,2.2736,12.93,0.0131,0.0028,35.55,34.76,1.2518,973.9834,974.0587,974.1207,972.7316,50.0,False,NOMINAL,HEALTHY,18.35,0.82
DIG_LOT04_COMP1678,LOT_04,DIGITAL_IC,CQFP-64,DIG-SIH-2026,THERMAL_BURN_IN,T04_1678,PROC-ISRO-IISU-01,ATE-STATION-01,CHAMBER-01,1.0,125.0,5.0,168,IDDQ,ELECTRICAL,uA,1.3461,1044.6705,1044.7702,1044.8302,1043.3244,25.12,2.493,12.282,-0.0114,-0.0054,37.63,37.52,1.3461,1044.6705,1044.7702,1044.8302,1043.3244,50.0,False,NOMINAL,HEALTHY,-1.87,2.15
DIG_LOT04_COMP1679,LOT_04,DIGITAL_IC,CQFP-64,DIG-SIH-2026,THERMAL_BURN_IN,T04_1679,PROC-ISRO-IISU-01,ATE-STATION-01,CHAMBER-01,1.0,125.0,5.0,168,IDDQ,ELECTRICAL,uA,1.3968,1076.5768,1076.6307,1076.7496,1075.18,26.738,2.4544,13.628,-0.0012,0.0321,34.49,34.78,1.3968,1076.5768,1076.6307,1076.7496,1075.18,50.0,False,NOMINAL,HEALTHY,17.47,25.15
DIG_LOT04_COMP1680,LOT_04,DIGITAL_IC,CQFP-64,DIG-SIH-2026,THERMAL_BURN_IN,T04_1680,PROC-ISRO-IISU-01,ATE-STATION-01,CHAMBER-01,1.0,125.0,5.0,168,IDDQ,ELECTRICAL,uA,1.0669,831.1638,831.2292,831.2623,830.0969,25.505,2.083,11.666,0.0302,-0.0074,33.69,34.28,1.0669,831.1638,831.2292,831.2623,830.0969,50.0,False,NOMINAL,HEALTHY,14.33,-9.87
DIG_LOT04_COMP1681,LOT_04,DIGITAL_IC,CQFP-64,DIG-SIH-2026,THERMAL_BURN_IN,T04_1681,PROC-ISRO-IISU-01,ATE-STATION-01,CHAMBER-01,1.0,125.0,5.0,168,IDDQ,ELECTRICAL,uA,1.305,1018.8209,1018.8702,1018.915,1017.5159,23.795,1.7677,12.347,0.0231,-0.0499,35.38,35.02,1.305,1018.8209,1018.8702,1018.915,1017.5159,50.0,False,NOMINAL,HEALTHY,-37.23,1.4
DIG_LOT04_COMP1682,LOT_04,DIGITAL_IC,CQFP-64,DIG-SIH-2026,THERMAL_BURN_IN,T04_1682,PROC-ISRO-IISU-01,ATE-STATION-01,CHAMBER-01,1.0,125.0,5.0,168,IDDQ,ELECTRICAL,uA,1.2804,977.5667,977.67,977.6677,976.2863,23.67,2.1341,12.061,-0.0057,-0.0249,36.2,35.68,1.2804,977.5667,977.67,977.6677,976.2863,50.0,False,NOMINAL,HEALTHY,19.69,-4.73
DIG_LOT04_COMP1683,LOT_04,DIGITAL_IC,CQFP-64,DIG-SIH-2026,THERMAL_BURN_IN,T04_1683,PROC-ISRO-IISU-01,ATE-STATION-01,CHAMBER-01,1.0,125.0,5.0,168,IDDQ,ELECTRICAL,uA,1.3465,1030.1454,1030.2116,1030.283,1028.7989,27.543,2.0456,11.672,0.0044,0.0377,34.74,35.39,1.3465,1030.1454,1030.2116,1030.283,1028.7989,50.0,False,NOMINAL,HEALTHY,-34.46,5.16
DIG_LOT04_COMP1684,LOT_04,DIGITAL_IC,CQFP-64,DIG-SIH-2026,THERMAL_BURN_IN,T04_1684,PROC-ISRO-IISU-01,ATE-STATION-01,CHAMBER-01,1.0,125.0,5.0,168,IDDQ,ELECTRICAL,uA,1.0128,803.6503,803.6793,803.7723,802.6375,25.223,1.8461,13.417,-0.0221,-0.0454,33.48,33.15,1.0128,803.6503,803.6793,803.7723,802.6375,50.0,False,NOMINAL,HEALTHY,16.34,3.99
DIG_LOT04_COMP1685,LOT_04,DIGITAL_IC,CQFP-64,DIG-SIH-2026,THERMAL_BURN_IN,T04_1685,PROC-ISRO-IISU-01,ATE-STATION-01,CHAMBER-01,1.0,125.0,5.0,168,IDDQ,ELECTRICAL,uA,1.2554,976.3956,976.4797,976.5115,975.1402,25.615,1.5315,11.906,0.0174,0.0412,35.61,34.92,1.2554,976.3956,976.4797,976.5115,975.1402,50.0,False,NOMINAL,HEALTHY,-28.46,-37.12
DIG_LOT04_COMP1686,LOT_04,DIGITAL_IC,CQFP-64,DIG-SIH-2026,THERMAL_BURN_IN,T04_1686,PROC-ISRO-IISU-01,ATE-STATION-01,CHAMBER-01,1.0,125.0,5.0,168,IDDQ,ELECTRICAL,uA,1.2816,975.3132,975.3918,975.4711,974.0316,25.196,1.5336,12.708,-0.0006,0.0869,35.84,36.37,1.2816,975.3132,975.3918,975.4711,974.0316,50.0,False,NOMINAL,HEALTHY,3.06,46.91
DIG_LOT04_COMP1687,LOT_04,DIGITAL_IC,CQFP-64,DIG-SIH-2026,THERMAL_BURN_IN,T04_1687,PROC-ISRO-IISU-01,ATE-STATION-01,CHAMBER-01,1.0,125.0,5.0,168,IDDQ,ELECTRICAL,uA,1.3248,1027.6182,1027.6691,1027.6907,1026.2934,23.557,1.9097,12.314,0.0237,-0.0505,36.63,36.38,1.3248,1027.6182,1027.6691,1027.6907,1026.2934,50.0,False,NOMINAL,HEALTHY,-9.88,7.33
DIG_LOT04_COMP1688,LOT_04,DIGITAL_IC,CQFP-64,DIG-SIH-2026,THERMAL_BURN_IN,T04_1688,PROC-ISRO-IISU-01,ATE-STATION-01,CHAMBER-01,1.0,125.0,5.0,168,IDDQ,ELECTRICAL,uA,1.1059,865.0298,865.0669,865.0773,863.9239,25.013,2.4692,12.205,-0.0232,-0.0695,35.63,35.35,1.1059,865.0298,865.0669,865.0773,863.9239,50.0,False,NOMINAL,HEALTHY,-38.91,-11.62
DIG_LOT04_COMP1689,LOT_04,DIGITAL_IC,CQFP-64,DIG-SIH-2026,THERMAL_BURN_IN,T04_1689,PROC-ISRO-IISU-01,ATE-STATION-01,CHAMBER-01,1.0,125.0,5.0,168,IDDQ,ELECTRICAL,uA,1.1196,864.5605,864.6268,864.6579,863.4409,25.336,2.0715,11.467,0.0192,-0.046,36.61,36.72,1.1196,864.5605,864.6268,864.6579,863.4409,50.0,False,NOMINAL,HEALTHY,7.62,-36.44
DIG_LOT04_COMP1690,LOT_04,DIGITAL_IC,CQFP-64,DIG-SIH-2026,THERMAL_BURN_IN,T04_1690,PROC-ISRO-IISU-01,ATE-STATION-01,CHAMBER-01,1.0,125.0,5.0,168,IDDQ,ELECTRICAL,uA,1.2064,922.2773,922.3597,922.3563,921.0709,23.998,2.284,12.986,0.0156,0.0738,35.25,34.8,1.2064,922.2773,922.3597,922.3563,921.0709,50.0,False,NOMINAL,HEALTHY,-36.91,-21.6
DIG_LOT04_COMP1691,LOT_04,DIGITAL_IC,CQFP-64,DIG-SIH-2026,THERMAL_BURN_IN,T04_1691,PROC-ISRO-IISU-01,ATE-STATION-01,CHAMBER-01,1.0,125.0,5.0,168,IDDQ,ELECTRICAL,uA,1.3153,999.9407,1000.0344,1000.0729,998.6254,24.914,1.7301,11.344,0.0045,-0.036,35.86,35.53,1.3153,999.9407,1000.0344,1000.0729,998.6254,50.0,False,NOMINAL,HEALTHY,-0.23,44.53
DIG_LOT04_COMP1692,LOT_04,DIGITAL_IC,CQFP-64,DIG-SIH-2026,THERMAL_BURN_IN,T04_1692,PROC-ISRO-IISU-01,ATE-STATION-01,CHAMBER-01,1.0,125.0,5.0,168,IDDQ,ELECTRICAL,uA,1.7025,1309.0638,1309.2104,1309.2509,1307.3613,24.891,2.1086,13.674,0.0039,-0.0168,35.59,35.31,1.7025,1309.0638,1309.2104,1309.2509,1307.3613,50.0,False,NOMINAL,HEALTHY,-37.27,-43.83
DIG_LOT04_COMP1693,LOT_04,DIGITAL_IC,CQFP-64,DIG-SIH-2026,THERMAL_BURN_IN,T04_1693,PROC-ISRO-IISU-01,ATE-STATION-01,CHAMBER-01,1.0,125.0,5.0,168,IDDQ,ELECTRICAL,uA,1.156,879.3626,880.7252,886.1763,878.2066,27.918,1.9779,13.595,0.0215,0.0028,35.24,35.94,1.156,879.3626,880.7252,886.1763,878.2066,50.0,True,ELECTROMIGRATION,HEALTHY,19.25,8.91
DIG_LOT04_COMP1694,LOT_04,DIGITAL_IC,CQFP-64,DIG-SIH-2026,THERMAL_BURN_IN,T04_1694,PROC-ISRO-IISU-01,ATE-STATION-01,CHAMBER-01,1.0,125.0,5.0,168,IDDQ,ELECTRICAL,uA,1.3956,1071.0942,1071.1367,1071.2254,1069.6986,27.364,1.7153,12.619,-0.0196,-0.0589,33.04,33.02,1.3956,1071.0942,1071.1367,1071.2254,1069.6986,50.0,False,NOMINAL,HEALTHY,11.72,12.62
DIG_LOT04_COMP1695,LOT_04,DIGITAL_IC,CQFP-64,DIG-SIH-2026,THERMAL_BURN_IN,T04_1695,PROC-ISRO-IISU-01,ATE-STATION-01,CHAMBER-01,1.0,125.0,5.0,168,IDDQ,ELECTRICAL,uA,1.3115,1021.2895,1021.3801,1021.4233,1019.978,25.271,2.182,12.503,0.0043,-0.046,35.85,35.73,1.3115,1021.2895,1021.3801,1021.4233,1019.978,50.0,False,NOMINAL,HEALTHY,40.16,-24.53
DIG_LOT04_COMP1696,LOT_04,DIGITAL_IC,CQFP-64,DIG-SIH-2026,THERMAL_BURN_IN,T04_1696,PROC-ISRO-IISU-01,ATE-STATION-01,CHAMBER-01,1.0,125.0,5.0,168,IDDQ,ELECTRICAL,uA,1.4425,1093.492,1093.5436,1093.6053,1092.0495,25.007,1.4516,11.634,0.0111,-0.0026,33.63,33.36,1.4425,1093.492,1093.5436,1093.6053,1092.0495,50.0,False,NOMINAL,HEALTHY,-23.38,-32.45
DIG_LOT04_COMP1697,LOT_04,DIGITAL_IC,CQFP-64,DIG-SIH-2026,THERMAL_BURN_IN,T04_1697,PROC-ISRO-IISU-01,ATE-STATION-01,CHAMBER-01,1.0,125.0,5.0,168,IDDQ,ELECTRICAL,uA,1.2334,938.3328,938.4077,938.4217,937.0994,23.824,1.9197,12.418,0.0054,-0.1195,36.62,36.53,1.2334,938.3328,938.4077,938.4217,937.0994,50.0,False,NOMINAL,HEALTHY,16.56,-38.41
DIG_LOT04_COMP1698,LOT_04,DIGITAL_IC,CQFP-64,DIG-SIH-2026,THERMAL_BURN_IN,T04_1698,PROC-ISRO-IISU-01,ATE-STATION-01,CHAMBER-01,1.0,125.0,5.0,168,IDDQ,ELECTRICAL,uA,1.2817,989.7461,989.8063,989.922,988.4644,25.154,2.1801,12.087,0.0141,0.0102,34.13,33.77,1.2817,989.7461,989.8063,989.922,988.4644,50.0,False,NOMINAL,HEALTHY,-16.25,-0.44
DIG_LOT04_COMP1699,LOT_04,DIGITAL_IC,CQFP-64,DIG-SIH-2026,THERMAL_BURN_IN,T04_1699,PROC-ISRO-IISU-01,ATE-STATION-01,CHAMBER-01,1.0,125.0,5.0,168,IDDQ,ELECTRICAL,uA,1.3379,1039.0759,1039.1348,1039.1763,1037.738,26.994,1.575,12.409,-0.0054,-0.0486,36.23,36.73,1.3379,1039.0759,1039.1348,1039.1763,1037.738,50.0,False,NOMINAL,HEALTHY,26.81,11.34
DIG_LOT04_COMP1700,LOT_04,DIGITAL_IC,CQFP-64,DIG-SIH-2026,THERMAL_BURN_IN,T04_1700,PROC-ISRO-IISU-01,ATE-STATION-01,CHAMBER-01,1.0,125.0,5.0,168,IDDQ,ELECTRICAL,uA,1.0909,862.49,862.5744,862.5976,861.3991,26.001,1.4171,13.287,0.0233,-0.0144,33.83,32.86,1.0909,862.49,862.5744,862.5976,861.3991,50.0,False,NOMINAL,HEALTHY,-45.74,6.53
DIG_LOT04_COMP1701,LOT_04,DIGITAL_IC,CQFP-64,DIG-SIH-2026,THERMAL_BURN_IN,T04_1701,PROC-ISRO-IISU-01,ATE-STATION-01,CHAMBER-01,1.0,125.0,5.0,168,IDDQ,ELECTRICAL,uA,1.1159,864.0468,864.1207,864.2316,862.9309,25.251,2.1763,12.502,-0.0127,-0.0104,34.49,34.59,1.1159,864.0468,864.1207,864.2316,862.9309,50.0,False,NOMINAL,HEALTHY,-14.77,-48.3
DIG_LOT04_COMP1702,LOT_04,DIGITAL_IC,CQFP-64,DIG-SIH-2026,THERMAL_BURN_IN,T04_1702,PROC-ISRO-IISU-01,ATE-STATION-01,CHAMBER-01,1.0,125.0,5.0,168,IDDQ,ELECTRICAL,uA,1.4877,1152.7107,1152.7657,1152.8551,1151.223,24.86,2.4555,12.554,-0.0022,0.0478,35.1,35.4,1.4877,1152.7107,1152.7657,1152.8551,1151.223,50.0,False,NOMINAL,HEALTHY,-16.39,-0.67
DIG_LOT04_COMP1703,LOT_04,DIGITAL_IC,CQFP-64,DIG-SIH-2026,THERMAL_BURN_IN,T04_1703,PROC-ISRO-IISU-01,ATE-STATION-01,CHAMBER-01,1.0,125.0,5.0,168,IDDQ,ELECTRICAL,uA,1.4226,1095.9754,1096.0012,1096.1057,1094.5528,25.712,2.2206,12.845,-0.0138,-0.0849,35.05,34.9,1.4226,1095.9754,1096.0012,1096.1057,1094.5528,50.0,False,NOMINAL,HEALTHY,-3.1,36.15
DIG_LOT04_COMP1704,LOT_04,DIGITAL_IC,CQFP-64,DIG-SIH-2026,THERMAL_BURN_IN,T04_1704,PROC-ISRO-IISU-01,ATE-STATION-01,CHAMBER-01,1.0,125.0,5.0,168,IDDQ,ELECTRICAL,uA,1.3853,1069.4848,1069.5774,1069.6569,1068.0995,26.008,1.4396,12.589,-0.0174,0.0239,34.16,33.96,1.3853,1069.4848,1069.5774,1069.6569,1068.0995,50.0,False,NOMINAL,HEALTHY,-42.07,47.24
DIG_LOT04_COMP1705,LOT_04,DIGITAL_IC,CQFP-64,DIG-SIH-2026,THERMAL_BURN_IN,T04_1705,PROC-ISRO-IISU-01,ATE-STATION-01,CHAMBER-01,1.0,125.0,5.0,168,IDDQ,ELECTRICAL,uA,1.1506,879.2245,879.3345,879.3994,878.0739,22.908,1.67,12.049,0.0097,-0.0587,35.61,34.74,1.1506,879.2245,879.3345,879.3994,878.0739,50.0,False,NOMINAL,HEALTHY,-42.04,-33.39
DIG_LOT04_COMP1706,LOT_04,DIGITAL_IC,CQFP-64,DIG-SIH-2026,THERMAL_BURN_IN,T04_1706,PROC-ISRO-IISU-01,ATE-STATION-01,CHAMBER-01,1.0,125.0,5.0,168,IDDQ,ELECTRICAL,uA,1.2882,988.5646,988.6595,988.6922,987.2764,23.636,1.8109,11.576,0.0298,0.0062,33.92,34.78,1.2882,988.5646,988.6595,988.6922,987.2764,50.0,False,NOMINAL,HEALTHY,27.75,15.49
DIG_LOT04_COMP1707,LOT_04,DIGITAL_IC,CQFP-64,DIG-SIH-2026,THERMAL_BURN_IN,T04_1707,PROC-ISRO-IISU-01,ATE-STATION-01,CHAMBER-01,1.0,125.0,5.0,168,IDDQ,ELECTRICAL,uA,1.234,958.1214,958.1424,958.2398,956.8874,26.39,1.9112,11.659,0.0039,0.0174,34.33,34.78,1.234,958.1214,958.1424,958.2398,956.8874,50.0,False,NOMINAL,HEALTHY,21.08,-10.05
DIG_LOT04_COMP1708,LOT_04,DIGITAL_IC,CQFP-64,DIG-SIH-2026,THERMAL_BURN_IN,T04_1708,PROC-ISRO-IISU-01,ATE-STATION-01,CHAMBER-01,1.0,125.0,5.0,168,IDDQ,ELECTRICAL,uA,1.1886,909.2605,909.3393,909.3412,908.0719,24.615,1.6381,13.0,-0.0127,-0.0326,35.37,36.31,1.1886,909.2605,909.3393,909.3412,908.0719,50.0,False,NOMINAL,HEALTHY,13.92,37.49
DIG_LOT04_COMP1709,LOT_04,DIGITAL_IC,CQFP-64,DIG-SIH-2026,THERMAL_BURN_IN,T04_1709,PROC-ISRO-IISU-01,ATE-STATION-01,CHAMBER-01,1.0,125.0,5.0,168,IDDQ,ELECTRICAL,uA,1.2858,966.6578,966.6962,966.7811,965.372,23.433,1.8889,11.601,-0.024,-0.0684,34.54,34.27,1.2858,966.6578,966.6962,966.7811,965.372,50.0,False,NOMINAL,HEALTHY,-37.52,-36.52
DIG_LOT04_COMP1710,LOT_04,DIGITAL_IC,CQFP-64,DIG-SIH-2026,THERMAL_BURN_IN,T04_1710,PROC-ISRO-IISU-01,ATE-STATION-01,CHAMBER-01,1.0,125.0,5.0,168,IDDQ,ELECTRICAL,uA,1.3741,1051.0424,1051.0694,1051.2147,1049.6683,25.612,1.842,11.371,0.0173,0.0615,32.93,32.88,1.3741,1051.0424,1051.0694,1051.2147,1049.6683,50.0,False,NOMINAL,HEALTHY,26.52,-8.44
DIG_LOT04_COMP1711,LOT_04,DIGITAL_IC,CQFP-64,DIG-SIH-2026,THERMAL_BURN_IN,T04_1711,PROC-ISRO-IISU-01,ATE-STATION-01,CHAMBER-01,1.0,125.0,5.0,168,IDDQ,ELECTRICAL,uA,1.132,885.0659,885.1249,885.1641,883.9339,27.532,1.4234,12.051,-0.0114,0.0161,35.81,35.98,1.132,885.0659,885.1249,885.1641,883.9339,50.0,False,NOMINAL,HEALTHY,48.29,20.71
DIG_LOT04_COMP1712,LOT_04,DIGITAL_IC,CQFP-64,DIG-SIH-2026,THERMAL_BURN_IN,T04_1712,PROC-ISRO-IISU-01,ATE-STATION-01,CHAMBER-01,1.0,125.0,5.0,168,IDDQ,ELECTRICAL,uA,1.1857,921.4,921.452,921.5016,920.2143,24.526,2.229,12.444,0.0236,0.0432,34.56,34.95,1.1857,921.4,921.452,921.5016,920.2143,50.0,False,NOMINAL,HEALTHY,-17.54,-44.83
DIG_LOT04_COMP1713,LOT_04,DIGITAL_IC,CQFP-64,DIG-SIH-2026,THERMAL_BURN_IN,T04_1713,PROC-ISRO-IISU-01,ATE-STATION-01,CHAMBER-01,1.0,125.0,5.0,168,IDDQ,ELECTRICAL,uA,1.4219,1082.8264,1082.9347,1083.0148,1081.4045,25.27,2.3126,12.254,0.0231,0.0221,34.59,33.82,1.4219,1082.8264,1082.9347,1083.0148,1081.4045,50.0,False,NOMINAL,HEALTHY,-45.35,30.1
DIG_LOT04_COMP1714,LOT_04,DIGITAL_IC,CQFP-64,DIG-SIH-2026,THERMAL_BURN_IN,T04_1714,PROC-ISRO-IISU-01,ATE-STATION-01,CHAMBER-01,1.0,125.0,5.0,168,IDDQ,ELECTRICAL,uA,1.2249,944.1432,944.2125,944.3046,942.9183,25.552,2.3749,12.661,-0.0364,-0.1458,33.63,33.77,1.2249,944.1432,944.2125,944.3046,942.9183,50.0,False,NOMINAL,HEALTHY,-10.43,-18.02
DIG_LOT04_COMP1715,LOT_04,DIGITAL_IC,CQFP-64,DIG-SIH-2026,THERMAL_BURN_IN,T04_1715,PROC-ISRO-IISU-01,ATE-STATION-01,CHAMBER-01,1.0,125.0,5.0,168,IDDQ,ELECTRICAL,uA,1.2568,951.7684,951.8704,951.9281,950.5116,24.651,1.8686,13.121,0.0077,0.0131,34.99,36.09,1.2568,951.7684,951.8704,951.9281,950.5116,50.0,False,NOMINAL,HEALTHY,26.97,24.34
DIG_LOT04_COMP1716,LOT_04,DIGITAL_IC,CQFP-64,DIG-SIH-2026,THERMAL_BURN_IN,T04_1716,PROC-ISRO-IISU-01,ATE-STATION-01,CHAMBER-01,1.0,125.0,5.0,168,IDDQ,ELECTRICAL,uA,1.241,963.6794,963.7553,963.8241,962.4384,26.934,1.8096,12.369,-0.0369,-0.1167,36.61,36.88,1.241,963.6794,963.7553,963.8241,962.4384,50.0,False,NOMINAL,HEALTHY,18.93,-0.6
DIG_LOT04_COMP1717,LOT_04,DIGITAL_IC,CQFP-64,DIG-SIH-2026,THERMAL_BURN_IN,T04_1717,PROC-ISRO-IISU-01,ATE-STATION-01,CHAMBER-01,1.0,125.0,5.0,168,IDDQ,ELECTRICAL,uA,1.2829,978.7492,978.8056,978.8802,977.4663,25.292,1.7,12.009,-0.0195,-0.1637,36.13,35.69,1.2829,978.7492,978.8056,978.8802,977.4663,50.0,False,NOMINAL,HEALTHY,-4.6,20.71
DIG_LOT04_COMP1718,LOT_04,DIGITAL_IC,CQFP-64,DIG-SIH-2026,THERMAL_BURN_IN,T04_1718,PROC-ISRO-IISU-01,ATE-STATION-01,CHAMBER-01,1.0,125.0,5.0,168,IDDQ,ELECTRICAL,uA,1.199,903.3743,903.4816,903.4558,902.1753,24.237,1.4535,11.737,-0.0296,0.0002,35.75,35.86,1.199,903.3743,903.4816,903.4558,902.1753,50.0,False,NOMINAL,HEALTHY,15.48,10.44
DIG_LOT04_COMP1719,LOT_04,DIGITAL_IC,CQFP-64,DIG-SIH-2026,THERMAL_BURN_IN,T04_1719,PROC-ISRO-IISU-01,ATE-STATION-01,CHAMBER-01,1.0,125.0,5.0,168,IDDQ,ELECTRICAL,uA,0.9925,781.6698,781.7257,781.7759,780.6773,25.875,2.1736,13.574,-0.013,-0.0304,35.17,35.06,0.9925,781.6698,781.7257,781.7759,780.6773,50.0,False,NOMINAL,HEALTHY,20.29,13.77
DIG_LOT04_COMP1720,LOT_04,DIGITAL_IC,CQFP-64,DIG-SIH-2026,THERMAL_BURN_IN,T04_1720,PROC-ISRO-IISU-01,ATE-STATION-01,CHAMBER-01,1.0,125.0,5.0,168,IDDQ,ELECTRICAL,uA,1.2368,940.6275,940.7253,940.7673,939.3907,26.138,2.0546,12.836,-0.0272,-0.1302,35.64,35.41,1.2368,940.6275,940.7253,940.7673,939.3907,50.0,False,NOMINAL,HEALTHY,15.55,7.01
DIG_LOT04_COMP1721,LOT_04,DIGITAL_IC,CQFP-64,DIG-SIH-2026,THERMAL_BURN_IN,T04_1721,PROC-ISRO-IISU-01,ATE-STATION-01,CHAMBER-01,1.0,125.0,5.0,168,IDDQ,ELECTRICAL,uA,1.2832,995.7346,995.8257,995.8668,994.4514,23.209,1.8979,12.149,0.0318,0.0494,36.54,36.88,1.2832,995.7346,995.8257,995.8668,994.4514,50.0,False,NOMINAL,HEALTHY,-6.7,-33.63
DIG_LOT04_COMP1722,LOT_04,DIGITAL_IC,CQFP-64,DIG-SIH-2026,THERMAL_BURN_IN,T04_1722,PROC-ISRO-IISU-01,ATE-STATION-01,CHAMBER-01,1.0,125.0,5.0,168,IDDQ,ELECTRICAL,uA,1.2365,942.3338,942.3973,942.4535,941.0973,23.847,1.9626,11.742,-0.011,-0.0649,36.29,36.3,1.2365,942.3338,942.3973,942.4535,941.0973,50.0,False,NOMINAL,HEALTHY,-7.97,-30.73
DIG_LOT04_COMP1723,LOT_04,DIGITAL_IC,CQFP-64,DIG-SIH-2026,THERMAL_BURN_IN,T04_1723,PROC-ISRO-IISU-01,ATE-STATION-01,CHAMBER-01,1.0,125.0,5.0,168,IDDQ,ELECTRICAL,uA,1.2287,959.241,959.3203,959.3372,958.0123,22.767,2.2763,12.984,0.0022,0.0547,35.07,34.95,1.2287,959.241,959.3203,959.3372,958.0123,50.0,False,NOMINAL,HEALTHY,-17.24,-17.85
DIG_LOT04_COMP1724,LOT_04,DIGITAL_IC,CQFP-64,DIG-SIH-2026,THERMAL_BURN_IN,T04_1724,PROC-ISRO-IISU-01,ATE-STATION-01,CHAMBER-01,1.0,125.0,5.0,168,IDDQ,ELECTRICAL,uA,1.2128,937.2365,937.3594,937.3619,936.0237,27.118,1.66,13.108,-0.0112,-0.0148,34.15,34.44,1.2128,937.2365,937.3594,937.3619,936.0237,50.0,False,NOMINAL,HEALTHY,-48.99,-19.35
DIG_LOT04_COMP1725,LOT_04,DIGITAL_IC,CQFP-64,DIG-SIH-2026,THERMAL_BURN_IN,T04_1725,PROC-ISRO-IISU-01,ATE-STATION-01,CHAMBER-01,1.0,125.0,5.0,168,IDDQ,ELECTRICAL,uA,1.5419,1200.7373,1200.8269,1200.8776,1199.1954,24.14,1.8362,12.853,-0.0166,-0.07,35.9,35.86,1.5419,1200.7373,1200.8269,1200.8776,1199.1954,50.0,False,NOMINAL,HEALTHY,-35.16,43.74
DIG_LOT04_COMP1726,LOT_04,DIGITAL_IC,CQFP-64,DIG-SIH-2026,THERMAL_BURN_IN,T04_1726,PROC-ISRO-IISU-01,ATE-STATION-01,CHAMBER-01,1.0,125.0,5.0,168,IDDQ,ELECTRICAL,uA,1.6211,1245.214,1245.307,1245.3714,1243.5929,25.898,1.5979,11.482,-0.012,-0.0378,34.34,34.44,1.6211,1245.214,1245.307,1245.3714,1243.5929,50.0,False,NOMINAL,HEALTHY,-22.65,-36.34
DIG_LOT04_COMP1727,LOT_04,DIGITAL_IC,CQFP-64,DIG-SIH-2026,THERMAL_BURN_IN,T04_1727,PROC-ISRO-IISU-01,ATE-STATION-01,CHAMBER-01,1.0,125.0,5.0,168,IDDQ,ELECTRICAL,uA,1.3817,1066.4575,1066.5598,1066.5358,1065.0758,26.715,2.0482,13.387,0.006,-0.0295,35.3,35.97,1.3817,1066.4575,1066.5598,1066.5358,1065.0758,50.0,False,NOMINAL,HEALTHY,45.16,10.32
DIG_LOT04_COMP1728,LOT_04,DIGITAL_IC,CQFP-64,DIG-SIH-2026,THERMAL_BURN_IN,T04_1728,PROC-ISRO-IISU-01,ATE-STATION-01,CHAMBER-01,1.0,125.0,5.0,168,IDDQ,ELECTRICAL,uA,1.2151,923.4082,923.5134,923.5316,922.1931,26.83,1.926,13.463,0.0144,-0.0279,34.64,34.37,1.2151,923.4082,923.5134,923.5316,922.1931,50.0,False,NOMINAL,HEALTHY,46.24,29.09
DIG_LOT04_COMP1729,LOT_04,DIGITAL_IC,CQFP-64,DIG-SIH-2026,THERMAL_BURN_IN,T04_1729,PROC-ISRO-IISU-01,ATE-STATION-01,CHAMBER-01,1.0,125.0,5.0,168,IDDQ,ELECTRICAL,uA,1.1161,874.2947,874.378,874.4155,873.1786,26.575,1.8961,12.224,0.009,-0.0034,36.38,36.48,1.1161,874.2947,874.378,874.4155,873.1786,50.0,False,NOMINAL,HEALTHY,-36.13,-21.85
DIG_LOT04_COMP1730,LOT_04,DIGITAL_IC,CQFP-64,DIG-SIH-2026,THERMAL_BURN_IN,T04_1730,PROC-ISRO-IISU-01,ATE-STATION-01,CHAMBER-01,1.0,125.0,5.0,168,IDDQ,ELECTRICAL,uA,1.5226,1159.1053,1159.2155,1159.2583,1157.5827,23.979,1.8015,12.787,-0.0507,0.0249,36.2,36.41,1.5226,1159.1053,1159.2155,1159.2583,1157.5827,50.0,False,NOMINAL,HEALTHY,32.21,10.11
DIG_LOT04_COMP1731,LOT_04,DIGITAL_IC,CQFP-64,DIG-SIH-2026,THERMAL_BURN_IN,T04_1731,PROC-ISRO-IISU-01,ATE-STATION-01,CHAMBER-01,1.0,125.0,5.0,168,IDDQ,ELECTRICAL,uA,1.2264,936.1621,936.2468,936.2964,934.9357,25.627,1.9666,12.719,-0.0086,-0.0062,36.09,36.14,1.2264,936.1621,936.2468,936.2964,934.9357,50.0,False,NOMINAL,HEALTHY,-11.95,7.04
DIG_LOT04_COMP1732,LOT_04,DIGITAL_IC,CQFP-64,DIG-SIH-2026,THERMAL_BURN_IN,T04_1732,PROC-ISRO-IISU-01,ATE-STATION-01,CHAMBER-01,1.0,125.0,5.0,168,IDDQ,ELECTRICAL,uA,1.345,1037.776,1037.8567,1037.9049,1036.431,23.53,2.242,12.771,-0.0177,-0.0869,34.61,35.04,1.345,1037.776,1037.8567,1037.9049,1036.431,50.0,False,NOMINAL,HEALTHY,-4.47,3.22
DIG_LOT04_COMP1733,LOT_04,DIGITAL_IC,CQFP-64,DIG-SIH-2026,THERMAL_BURN_IN,T04_1733,PROC-ISRO-IISU-01,ATE-STATION-01,CHAMBER-01,1.0,125.0,5.0,168,IDDQ,ELECTRICAL,uA,1.338,1031.3187,1031.3788,1031.412,1029.9807,22.837,1.934,12.205,-0.008,-0.0415,32.68,32.62,1.338,1031.3187,1031.3788,1031.412,1029.9807,50.0,False,NOMINAL,HEALTHY,25.63,28.54
DIG_LOT04_COMP1734,LOT_04,DIGITAL_IC,CQFP-64,DIG-SIH-2026,THERMAL_BURN_IN,T04_1734,PROC-ISRO-IISU-01,ATE-STATION-01,CHAMBER-01,1.0,125.0,5.0,168,IDDQ,ELECTRICAL,uA,1.5067,1168.5281,1168.6398,1168.7303,1167.0214,25.66,2.2999,11.739,0.0157,0.0999,35.56,35.78,1.5067,1168.5281,1168.6398,1168.7303,1167.0214,50.0,False,NOMINAL,HEALTHY,-7.01,49.33
DIG_LOT04_COMP1735,LOT_04,DIGITAL_IC,CQFP-64,DIG-SIH-2026,THERMAL_BURN_IN,T04_1735,PROC-ISRO-IISU-01,ATE-STATION-01,CHAMBER-01,1.0,125.0,5.0,168,IDDQ,ELECTRICAL,uA,1.3107,1021.3546,1021.4476,1021.5063,1020.0439,22.975,2.0041,12.643,0.0034,-0.0365,35.85,36.42,1.3107,1021.3546,1021.4476,1021.5063,1020.0439,50.0,False,NOMINAL,HEALTHY,24.61,43.18
DIG_LOT04_COMP1736,LOT_04,DIGITAL_IC,CQFP-64,DIG-SIH-2026,THERMAL_BURN_IN,T04_1736,PROC-ISRO-IISU-01,ATE-STATION-01,CHAMBER-01,1.0,125.0,5.0,168,IDDQ,ELECTRICAL,uA,1.1448,882.0293,882.1292,882.0817,880.8845,24.964,1.6102,12.253,0.0017,0.1011,36.4,36.0,1.1448,882.0293,882.1292,882.0817,880.8845,50.0,False,NOMINAL,HEALTHY,-10.36,3.15
DIG_LOT04_COMP1737,LOT_04,DIGITAL_IC,CQFP-64,DIG-SIH-2026,THERMAL_BURN_IN,T04_1737,PROC-ISRO-IISU-01,ATE-STATION-01,CHAMBER-01,1.0,125.0,5.0,168,IDDQ,ELECTRICAL,uA,1.4721,1123.176,1123.2672,1123.3469,1121.7039,24.024,2.1336,11.968,-0.0074,-0.1153,35.23,35.28,1.4721,1123.176,1123.2672,1123.3469,1121.7039,50.0,False,NOMINAL,HEALTHY,14.42,35.14
DIG_LOT04_COMP1738,LOT_04,DIGITAL_IC,CQFP-64,DIG-SIH-2026,THERMAL_BURN_IN,T04_1738,PROC-ISRO-IISU-01,ATE-STATION-01,CHAMBER-01,1.0,125.0,5.0,168,IDDQ,ELECTRICAL,uA,1.1705,902.1296,902.1904,902.2452,900.9591,25.367,1.9772,11.836,0.0116,-0.0126,36.24,36.38,1.1705,902.1296,902.1904,902.2452,900.9591,50.0,False,NOMINAL,HEALTHY,-7.34,-44.85
DIG_LOT04_COMP1739,LOT_04,DIGITAL_IC,CQFP-64,DIG-SIH-2026,THERMAL_BURN_IN,T04_1739,PROC-ISRO-IISU-01,ATE-STATION-01,CHAMBER-01,1.0,125.0,5.0,168,IDDQ,ELECTRICAL,uA,1.4241,1088.4201,1088.5122,1088.5719,1086.996,26.096,2.3227,14.037,0.0471,0.1382,35.15,34.66,1.4241,1088.4201,1088.5122,1088.5719,1086.996,50.0,False,NOMINAL,HEALTHY,41.64,-33.08
DIG_LOT04_COMP1740,LOT_04,DIGITAL_IC,CQFP-64,DIG-SIH-2026,THERMAL_BURN_IN,T04_1740,PROC-ISRO-IISU-01,ATE-STATION-01,CHAMBER-01,1.0,125.0,5.0,168,IDDQ,ELECTRICAL,uA,1.3964,1076.8036,1076.8852,1076.9338,1075.4072,24.796,2.2588,12.432,0.0012,0.0543,35.86,35.98,1.3964,1076.8036,1076.8852,1076.9338,1075.4072,50.0,False,NOMINAL,HEALTHY,9.34,34.55
DIG_LOT04_COMP1741,LOT_04,DIGITAL_IC,CQFP-64,DIG-SIH-2026,THERMAL_BURN_IN,T04_1741,PROC-ISRO-IISU-01,ATE-STATION-01,CHAMBER-01,1.0,125.0,5.0,168,IDDQ,ELECTRICAL,uA,1.0211,784.758,784.8414,784.833,783.7369,21.326,1.961,12.592,0.0107,-0.0103,35.4,35.91,1.0211,784.758,784.8414,784.833,783.7369,50.0,False,NOMINAL,HEALTHY,-10.57,7.07
DIG_LOT04_COMP1742,LOT_04,DIGITAL_IC,CQFP-64,DIG-SIH-2026,THERMAL_BURN_IN,T04_1742,PROC-ISRO-IISU-01,ATE-STATION-01,CHAMBER-01,1.0,125.0,5.0,168,IDDQ,ELECTRICAL,uA,1.3374,1012.7049,1012.7812,1012.8264,1011.3675,24.998,1.9755,11.475,-0.0002,0.011,35.04,35.07,1.3374,1012.7049,1012.7812,1012.8264,1011.3675,50.0,False,NOMINAL,HEALTHY,6.67,-5.89
DIG_LOT04_COMP1743,LOT_04,DIGITAL_IC,CQFP-64,DIG-SIH-2026,THERMAL_BURN_IN,T04_1743,PROC-ISRO-IISU-01,ATE-STATION-01,CHAMBER-01,1.0,125.0,5.0,168,IDDQ,ELECTRICAL,uA,1.3281,1017.7968,1017.9014,1017.9169,1016.4687,26.783,1.8182,12.777,-0.0048,0.0067,35.72,36.34,1.3281,1017.7968,1017.9014,1017.9169,1016.4687,50.0,False,NOMINAL,HEALTHY,-17.82,3.94
DIG_LOT04_COMP1744,LOT_04,DIGITAL_IC,CQFP-64,DIG-SIH-2026,THERMAL_BURN_IN,T04_1744,PROC-ISRO-IISU-01,ATE-STATION-01,CHAMBER-01,1.0,125.0,5.0,168,IDDQ,ELECTRICAL,uA,1.3295,1037.2938,1037.3327,1037.3779,1035.9643,27.447,2.1398,12.436,-0.0067,0.0323,35.57,34.67,1.3295,1037.2938,1037.3327,1037.3779,1035.9643,50.0,False,NOMINAL,HEALTHY,32.61,19.8
DIG_LOT04_COMP1745,LOT_04,DIGITAL_IC,CQFP-64,DIG-SIH-2026,THERMAL_BURN_IN,T04_1745,PROC-ISRO-IISU-01,ATE-STATION-01,CHAMBER-01,1.0,125.0,5.0,168,IDDQ,ELECTRICAL,uA,1.1854,927.2959,927.3274,927.4975,926.1105,25.8,1.896,13.094,0.0047,-0.0023,36.95,37.07,1.1854,927.2959,927.3274,927.4975,926.1105,50.0,False,NOMINAL,HEALTHY,18.73,1.24
DIG_LOT04_COMP1746,LOT_04,DIGITAL_IC,CQFP-64,DIG-SIH-2026,THERMAL_BURN_IN,T04_1746,PROC-ISRO-IISU-01,ATE-STATION-01,CHAMBER-01,1.0,125.0,5.0,168,IDDQ,ELECTRICAL,uA,1.3304,1016.998,1017.0746,1017.1075,1015.6676,25.347,1.8327,11.849,-0.0285,-0.0641,34.6,33.79,1.3304,1016.998,1017.0746,1017.1075,1015.6676,50.0,False,NOMINAL,HEALTHY,-26.15,46.49
DIG_LOT04_COMP1747,LOT_04,DIGITAL_IC,CQFP-64,DIG-SIH-2026,THERMAL_BURN_IN,T04_1747,PROC-ISRO-IISU-01,ATE-STATION-01,CHAMBER-01,1.0,125.0,5.0,168,IDDQ,ELECTRICAL,uA,1.3525,1062.4302,1062.5007,1062.5331,1061.0777,25.642,1.9772,12.568,-0.006,-0.0759,34.64,34.66,1.3525,1062.4302,1062.5007,1062.5331,1061.0777,50.0,False,NOMINAL,HEALTHY,-44.37,1.13
DIG_LOT04_COMP1748,LOT_04,DIGITAL_IC,CQFP-64,DIG-SIH-2026,THERMAL_BURN_IN,T04_1748,PROC-ISRO-IISU-01,ATE-STATION-01,CHAMBER-01,1.0,125.0,5.0,168,IDDQ,ELECTRICAL,uA,1.3418,1026.4116,1026.5188,1026.5254,1025.0698,27.9,1.6186,11.216,-0.0056,-0.0299,34.86,34.39,1.3418,1026.4116,1026.5188,1026.5254,1025.0698,50.0,False,NOMINAL,HEALTHY,18.23,-13.09
DIG_LOT04_COMP1749,LOT_04,DIGITAL_IC,CQFP-64,DIG-SIH-2026,THERMAL_BURN_IN,T04_1749,PROC-ISRO-IISU-01,ATE-STATION-01,CHAMBER-01,1.0,125.0,5.0,168,IDDQ,ELECTRICAL,uA,1.0971,851.8677,851.8914,851.9741,850.7706,27.164,1.2265,13.017,-0.0091,-0.0733,35.43,34.75,1.0971,851.8677,851.8914,851.9741,850.7706,50.0,False,NOMINAL,HEALTHY,-19.36,-17.69
DIG_LOT04_COMP1750,LOT_04,DIGITAL_IC,CQFP-64,DIG-SIH-2026,THERMAL_BURN_IN,T04_1750,PROC-ISRO-IISU-01,ATE-STATION-01,CHAMBER-01,1.0,125.0,5.0,168,IDDQ,ELECTRICAL,uA,1.1066,851.7468,851.8192,851.9077,850.6402,26.107,2.1782,14.108,-0.0044,0.0291,36.42,36.34,1.1066,851.7468,851.8192,851.9077,850.6402,50.0,False,NOMINAL,HEALTHY,39.48,-48.05
DIG_LOT04_COMP1751,LOT_04,DIGITAL_IC,CQFP-64,DIG-SIH-2026,THERMAL_BURN_IN,T04_1751,PROC-ISRO-IISU-01,ATE-STATION-01,CHAMBER-01,1.0,125.0,5.0,168,IDDQ,ELECTRICAL,uA,1.2592,972.4042,972.456,972.5691,971.145,22.777,1.7865,12.751,-0.0126,-0.0577,35.99,35.33,1.2592,972.4042,972.456,972.5691,971.145,50.0,False,NOMINAL,HEALTHY,25.55,-22.21
DIG_LOT04_COMP1752,LOT_04,DIGITAL_IC,CQFP-64,DIG-SIH-2026,THERMAL_BURN_IN,T04_1752,PROC-ISRO-IISU-01,ATE-STATION-01,CHAMBER-01,1.0,125.0,5.0,168,IDDQ,ELECTRICAL,uA,1.428,1123.6231,1123.6437,1123.7504,1122.1951,22.571,2.0949,10.859,0.0057,-0.014,34.2,33.27,1.428,1123.6231,1123.6437,1123.7504,1122.1951,50.0,False,NOMINAL,HEALTHY,46.3,-12.17
DIG_LOT04_COMP1753,LOT_04,DIGITAL_IC,CQFP-64,DIG-SIH-2026,THERMAL_BURN_IN,T04_1753,PROC-ISRO-IISU-01,ATE-STATION-01,CHAMBER-01,1.0,125.0,5.0,168,IDDQ,ELECTRICAL,uA,1.7116,1327.3004,1327.4299,1327.4604,1325.5888,26.933,2.3032,13.671,-0.0055,-0.0134,35.13,35.07,1.7116,1327.3004,1327.4299,1327.4604,1325.5888,50.0,False,NOMINAL,HEALTHY,30.1,-36.55
DIG_LOT04_COMP1754,LOT_04,DIGITAL_IC,CQFP-64,DIG-SIH-2026,THERMAL_BURN_IN,T04_1754,PROC-ISRO-IISU-01,ATE-STATION-01,CHAMBER-01,1.0,125.0,5.0,168,IDDQ,ELECTRICAL,uA,1.284,1007.7489,1016.2556,1166.1443,1006.4649,22.3,2.3346,11.657,0.0118,0.0881,35.68,36.14,1.284,1007.7489,1016.2556,1166.1443,1006.4649,50.0,True,THERMAL_RUNAWAY,HEALTHY,6.47,29.92
DIG_LOT04_COMP1755,LOT_04,DIGITAL_IC,CQFP-64,DIG-SIH-2026,THERMAL_BURN_IN,T04_1755,PROC-ISRO-IISU-01,ATE-STATION-01,CHAMBER-01,1.0,125.0,5.0,168,IDDQ,ELECTRICAL,uA,1.3131,1040.4823,1040.555,1040.6241,1039.1692,23.819,1.965,12.483,0.0004,-0.0424,33.71,35.27,1.3131,1040.4823,1040.555,1040.6241,1039.1692,50.0,False,NOMINAL,HEALTHY,27.76,-23.31
DIG_LOT04_COMP1756,LOT_04,DIGITAL_IC,CQFP-64,DIG-SIH-2026,THERMAL_BURN_IN,T04_1756,PROC-ISRO-IISU-01,ATE-STATION-01,CHAMBER-01,1.0,125.0,5.0,168,IDDQ,ELECTRICAL,uA,1.2714,967.1452,967.2198,967.217,965.8738,24.53,2.0528,12.445,-0.0142,0.0584,33.45,33.24,1.2714,967.1452,967.2198,967.217,965.8738,50.0,False,NOMINAL,HEALTHY,14.97,40.14
DIG_LOT04_COMP1757,LOT_04,DIGITAL_IC,CQFP-64,DIG-SIH-2026,THERMAL_BURN_IN,T04_1757,PROC-ISRO-IISU-01,ATE-STATION-01,CHAMBER-01,1.0,125.0,5.0,168,IDDQ,ELECTRICAL,uA,1.4726,1118.2489,1118.3307,1118.4125,1116.7763,27.414,2.0682,11.755,0.0096,-0.0613,34.31,35.0,1.4726,1118.2489,1118.3307,1118.4125,1116.7763,50.0,False,NOMINAL,HEALTHY,3.44,5.14
DIG_LOT04_COMP1758,LOT_04,DIGITAL_IC,CQFP-64,DIG-SIH-2026,THERMAL_BURN_IN,T04_1758,PROC-ISRO-IISU-01,ATE-STATION-01,CHAMBER-01,1.0,125.0,5.0,168,IDDQ,ELECTRICAL,uA,1.163,903.2455,903.3429,903.3346,902.0825,24.92,2.2233,11.264,-0.0401,-0.0266,32.82,32.76,1.163,903.2455,903.3429,903.3346,902.0825,50.0,False,NOMINAL,HEALTHY,14.66,36.43
DIG_LOT04_COMP1759,LOT_04,DIGITAL_IC,CQFP-64,DIG-SIH-2026,THERMAL_BURN_IN,T04_1759,PROC-ISRO-IISU-01,ATE-STATION-01,CHAMBER-01,1.0,125.0,5.0,168,IDDQ,ELECTRICAL,uA,1.2377,959.1068,959.161,959.2052,957.8691,25.304,1.9711,12.775,0.0043,0.077,35.83,36.0,1.2377,959.1068,959.161,959.2052,957.8691,50.0,False,NOMINAL,HEALTHY,36.48,45.99
DIG_LOT04_COMP1760,LOT_04,DIGITAL_IC,CQFP-64,DIG-SIH-2026,THERMAL_BURN_IN,T04_1760,PROC-ISRO-IISU-01,ATE-STATION-01,CHAMBER-01,1.0,125.0,5.0,168,IDDQ,ELECTRICAL,uA,1.1438,870.5035,870.5718,870.6246,869.3597,27.3,1.7579,14.001,-0.0206,-0.0369,37.59,36.76,1.1438,870.5035,870.5718,870.6246,869.3597,50.0,False,NOMINAL,HEALTHY,-49.14,-40.99
DIG_LOT04_COMP1761,LOT_04,DIGITAL_IC,CQFP-64,DIG-SIH-2026,THERMAL_BURN_IN,T04_1761,PROC-ISRO-IISU-01,ATE-STATION-01,CHAMBER-01,1.0,125.0,5.0,168,IDDQ,ELECTRICAL,uA,1.3386,1036.2768,1036.354,1036.3723,1034.9382,25.834,1.9842,11.077,0.0082,-0.0203,34.79,34.93,1.3386,1036.2768,1036.354,1036.3723,1034.9382,50.0,False,NOMINAL,HEALTHY,-19.57,24.51
DIG_LOT04_COMP1762,LOT_04,DIGITAL_IC,CQFP-64,DIG-SIH-2026,THERMAL_BURN_IN,T04_1762,PROC-ISRO-IISU-01,ATE-STATION-01,CHAMBER-01,1.0,125.0,5.0,168,IDDQ,ELECTRICAL,uA,1.1532,891.3483,891.3928,891.4512,890.1951,24.08,2.1834,12.374,-0.0019,-0.0013,37.67,38.64,1.1532,891.3483,891.3928,891.4512,890.1951,50.0,False,NOMINAL,HEALTHY,8.97,-29.38
DIG_LOT04_COMP1763,LOT_04,DIGITAL_IC,CQFP-64,DIG-SIH-2026,THERMAL_BURN_IN,T04_1763,PROC-ISRO-IISU-01,ATE-STATION-01,CHAMBER-01,1.0,125.0,5.0,168,IDDQ,ELECTRICAL,uA,1.2755,985.3816,985.4518,985.4656,984.1061,23.93,2.0276,12.19,-0.0081,-0.0618,34.41,34.45,1.2755,985.3816,985.4518,985.4656,984.1061,50.0,False,NOMINAL,HEALTHY,-39.87,-43.54
DIG_LOT04_COMP1764,LOT_04,DIGITAL_IC,CQFP-64,DIG-SIH-2026,THERMAL_BURN_IN,T04_1764,PROC-ISRO-IISU-01,ATE-STATION-01,CHAMBER-01,1.0,125.0,5.0,168,IDDQ,ELECTRICAL,uA,1.3981,1066.8864,1066.9504,1067.0197,1065.4883,26.619,1.6102,11.915,0.0014,0.0788,36.52,36.5,1.3981,1066.8864,1066.9504,1067.0197,1065.4883,50.0,False,NOMINAL,HEALTHY,0.12,-21.69
DIG_LOT04_COMP1765,LOT_04,DIGITAL_IC,CQFP-64,DIG-SIH-2026,THERMAL_BURN_IN,T04_1765,PROC-ISRO-IISU-01,ATE-STATION-01,CHAMBER-01,1.0,125.0,5.0,168,IDDQ,ELECTRICAL,uA,1.3869,1075.0276,1075.1195,1075.1302,1073.6407,27.509,1.9701,12.071,-0.0192,0.068,34.51,34.81,1.3869,1075.0276,1075.1195,1075.1302,1073.6407,50.0,False,NOMINAL,HEALTHY,42.42,-23.07
DIG_LOT04_COMP1766,LOT_04,DIGITAL_IC,CQFP-64,DIG-SIH-2026,THERMAL_BURN_IN,T04_1766,PROC-ISRO-IISU-01,ATE-STATION-01,CHAMBER-01,1.0,125.0,5.0,168,IDDQ,ELECTRICAL,uA,1.2199,933.3276,933.3889,933.4853,932.1077,25.809,2.357,11.026,0.006,-0.0198,35.89,36.27,1.2199,933.3276,933.3889,933.4853,932.1077,50.0,False,NOMINAL,HEALTHY,-20.83,35.33
DIG_LOT04_COMP1767,LOT_04,DIGITAL_IC,CQFP-64,DIG-SIH-2026,THERMAL_BURN_IN,T04_1767,PROC-ISRO-IISU-01,ATE-STATION-01,CHAMBER-01,1.0,125.0,5.0,168,IDDQ,ELECTRICAL,uA,1.2327,959.6573,959.7348,959.8,958.4246,25.459,1.7349,12.314,-0.0278,0.0319,34.27,34.1,1.2327,959.6573,959.7348,959.8,958.4246,50.0,False,NOMINAL,HEALTHY,-8.89,43.6
DIG_LOT04_COMP1768,LOT_04,DIGITAL_IC,CQFP-64,DIG-SIH-2026,THERMAL_BURN_IN,T04_1768,PROC-ISRO-IISU-01,ATE-STATION-01,CHAMBER-01,1.0,125.0,5.0,168,IDDQ,ELECTRICAL,uA,1.5506,1210.1538,1210.1931,1210.2684,1208.6032,23.995,2.1258,10.817,-0.0373,-0.029,36.97,36.71,1.5506,1210.1538,1210.1931,1210.2684,1208.6032,50.0,False,NOMINAL,HEALTHY,24.02,32.24
DIG_LOT04_COMP1769,LOT_04,DIGITAL_IC,CQFP-64,DIG-SIH-2026,THERMAL_BURN_IN,T04_1769,PROC-ISRO-IISU-01,ATE-STATION-01,CHAMBER-01,1.0,125.0,5.0,168,IDDQ,ELECTRICAL,uA,1.3027,1002.3239,1002.4105,1002.4194,1001.0212,24.688,1.9863,12.266,-0.0194,-0.102,36.57,36.68,1.3027,1002.3239,1002.4105,1002.4194,1001.0212,50.0,False,NOMINAL,HEALTHY,-1.36,21.75
DIG_LOT04_COMP1770,LOT_04,DIGITAL_IC,CQFP-64,DIG-SIH-2026,THERMAL_BURN_IN,T04_1770,PROC-ISRO-IISU-01,ATE-STATION-01,CHAMBER-01,1.0,125.0,5.0,168,IDDQ,ELECTRICAL,uA,1.6976,1289.2223,1289.3404,1289.4269,1287.5247,24.109,1.9601,11.771,-0.0116,0.0725,34.01,33.93,1.6976,1289.2223,1289.3404,1289.4269,1287.5247,50.0,False,NOMINAL,HEALTHY,23.28,-17.42
DIG_LOT04_COMP1771,LOT_04,DIGITAL_IC,CQFP-64,DIG-SIH-2026,THERMAL_BURN_IN,T04_1771,PROC-ISRO-IISU-01,ATE-STATION-01,CHAMBER-01,1.0,125.0,5.0,168,IDDQ,ELECTRICAL,uA,1.4455,1115.8415,1115.9169,1115.9002,1114.396,22.893,2.2294,12.56,0.0409,0.0732,33.82,33.69,1.4455,1115.8415,1115.9169,1115.9002,1114.396,50.0,False,NOMINAL,HEALTHY,-41.98,26.37
DIG_LOT04_COMP1772,LOT_04,DIGITAL_IC,CQFP-64,DIG-SIH-2026,THERMAL_BURN_IN,T04_1772,PROC-ISRO-IISU-01,ATE-STATION-01,CHAMBER-01,1.0,125.0,5.0,168,IDDQ,ELECTRICAL,uA,1.2684,999.8644,999.9705,999.9973,998.596,25.262,2.1819,11.793,0.043,0.0721,34.42,34.37,1.2684,999.8644,999.9705,999.9973,998.596,50.0,False,NOMINAL,HEALTHY,13.83,-46.17
DIG_LOT04_COMP1773,LOT_04,DIGITAL_IC,CQFP-64,DIG-SIH-2026,THERMAL_BURN_IN,T04_1773,PROC-ISRO-IISU-01,ATE-STATION-01,CHAMBER-01,1.0,125.0,5.0,168,IDDQ,ELECTRICAL,uA,1.5235,1188.6926,1188.7634,1188.8299,1187.1691,27.458,2.142,13.194,-0.0161,0.0151,35.23,34.55,1.5235,1188.6926,1188.7634,1188.8299,1187.1691,50.0,False,NOMINAL,HEALTHY,-31.58,-8.21
DIG_LOT04_COMP1774,LOT_04,DIGITAL_IC,CQFP-64,DIG-SIH-2026,THERMAL_BURN_IN,T04_1774,PROC-ISRO-IISU-01,ATE-STATION-01,CHAMBER-01,1.0,125.0,5.0,168,IDDQ,ELECTRICAL,uA,1.0641,833.5767,833.6415,833.6862,832.5126,25.826,1.9499,14.733,-0.0188,-0.0269,33.38,33.46,1.0641,833.5767,833.6415,833.6862,832.5126,50.0,False,NOMINAL,HEALTHY,-3.2,12.17
DIG_LOT04_COMP1775,LOT_04,DIGITAL_IC,CQFP-64,DIG-SIH-2026,THERMAL_BURN_IN,T04_1775,PROC-ISRO-IISU-01,ATE-STATION-01,CHAMBER-01,1.0,125.0,5.0,168,IDDQ,ELECTRICAL,uA,1.2918,987.0554,987.1448,987.1861,985.7636,25.967,2.0576,13.847,0.0123,-0.0613,36.66,36.59,1.2918,987.0554,987.1448,987.1861,985.7636,50.0,False,NOMINAL,HEALTHY,1.45,-8.77
DIG_LOT04_COMP1776,LOT_04,DIGITAL_IC,CQFP-64,DIG-SIH-2026,THERMAL_BURN_IN,T04_1776,PROC-ISRO-IISU-01,ATE-STATION-01,CHAMBER-01,1.0,125.0,5.0,168,IDDQ,ELECTRICAL,uA,1.4849,1142.8257,1142.8863,1142.9038,1141.3408,25.127,1.5479,12.459,-0.0253,0.0111,34.77,34.71,1.4849,1142.8257,1142.8863,1142.9038,1141.3408,50.0,False,NOMINAL,HEALTHY,40.18,12.18
DIG_LOT04_COMP1777,LOT_04,DIGITAL_IC,CQFP-64,DIG-SIH-2026,THERMAL_BURN_IN,T04_1777,PROC-ISRO-IISU-01,ATE-STATION-01,CHAMBER-01,1.0,125.0,5.0,168,IDDQ,ELECTRICAL,uA,1.1525,899.293,899.3087,899.376,898.1405,24.848,1.8108,13.382,0.0135,-0.0484,35.13,33.89,1.1525,899.293,899.3087,899.376,898.1405,50.0,False,NOMINAL,HEALTHY,16.82,-10.3
DIG_LOT04_COMP1778,LOT_04,DIGITAL_IC,CQFP-64,DIG-SIH-2026,THERMAL_BURN_IN,T04_1778,PROC-ISRO-IISU-01,ATE-STATION-01,CHAMBER-01,1.0,125.0,5.0,168,IDDQ,ELECTRICAL,uA,1.5104,1165.2384,1165.3158,1165.3566,1163.728,23.885,2.25,12.508,-0.0139,0.0507,34.02,33.87,1.5104,1165.2384,1165.3158,1165.3566,1163.728,50.0,False,NOMINAL,HEALTHY,-22.65,33.5
DIG_LOT04_COMP1779,LOT_04,DIGITAL_IC,CQFP-64,DIG-SIH-2026,THERMAL_BURN_IN,T04_1779,PROC-ISRO-IISU-01,ATE-STATION-01,CHAMBER-01,1.0,125.0,5.0,168,IDDQ,ELECTRICAL,uA,1.349,1047.4977,1047.5654,1047.6955,1046.1487,22.851,1.9006,12.255,0.0304,0.1504,36.01,35.61,1.349,1047.4977,1047.5654,1047.6955,1046.1487,50.0,False,NOMINAL,HEALTHY,46.58,17.64
DIG_LOT04_COMP1780,LOT_04,DIGITAL_IC,CQFP-64,DIG-SIH-2026,THERMAL_BURN_IN,T04_1780,PROC-ISRO-IISU-01,ATE-STATION-01,CHAMBER-01,1.0,125.0,5.0,168,IDDQ,ELECTRICAL,uA,1.43,1107.2733,1107.3178,1107.3871,1105.8433,26.794,1.8845,12.641,0.0027,-0.0018,34.2,34.83,1.43,1107.2733,1107.3178,1107.3871,1105.8433,50.0,False,NOMINAL,HEALTHY,-8.63,-17.67
DIG_LOT04_COMP1781,LOT_04,DIGITAL_IC,CQFP-64,DIG-SIH-2026,THERMAL_BURN_IN,T04_1781,PROC-ISRO-IISU-01,ATE-STATION-01,CHAMBER-01,1.0,125.0,5.0,168,IDDQ,ELECTRICAL,uA,1.4611,1105.6773,1105.7916,1105.8349,1104.2162,22.799,1.7846,13.01,-0.0076,-0.042,36.5,36.63,1.4611,1105.6773,1105.7916,1105.8349,1104.2162,50.0,False,NOMINAL,HEALTHY,42.82,4.9
DIG_LOT04_COMP1782,LOT_04,DIGITAL_IC,CQFP-64,DIG-SIH-2026,THERMAL_BURN_IN,T04_1782,PROC-ISRO-IISU-01,ATE-STATION-01,CHAMBER-01,1.0,125.0,5.0,168,IDDQ,ELECTRICAL,uA,1.3408,1045.4314,1045.5612,1045.58,1044.0906,26.242,1.7348,13.328,0.0285,0.0203,34.38,34.1,1.3408,1045.4314,1045.5612,1045.58,1044.0906,50.0,False,NOMINAL,HEALTHY,-8.21,29.63
DIG_LOT04_COMP1783,LOT_04,DIGITAL_IC,CQFP-64,DIG-SIH-2026,THERMAL_BURN_IN,T04_1783,PROC-ISRO-IISU-01,ATE-STATION-01,CHAMBER-01,1.0,125.0,5.0,168,IDDQ,ELECTRICAL,uA,1.4325,1102.3841,1102.4841,1102.5723,1100.9516,26.198,1.9223,12.49,0.0146,0.1385,36.72,36.42,1.4325,1102.3841,1102.4841,1102.5723,1100.9516,50.0,False,NOMINAL,HEALTHY,-40.14,-26.44
DIG_LOT04_COMP1784,LOT_04,DIGITAL_IC,CQFP-64,DIG-SIH-2026,THERMAL_BURN_IN,T04_1784,PROC-ISRO-IISU-01,ATE-STATION-01,CHAMBER-01,1.0,125.0,5.0,168,IDDQ,ELECTRICAL,uA,1.3073,1012.6273,1012.682,1012.8079,1011.32,24.441,1.9153,13.215,-0.0074,-0.0643,36.68,37.4,1.3073,1012.6273,1012.682,1012.8079,1011.32,50.0,False,NOMINAL,HEALTHY,-11.65,17.98
DIG_LOT04_COMP1785,LOT_04,DIGITAL_IC,CQFP-64,DIG-SIH-2026,THERMAL_BURN_IN,T04_1785,PROC-ISRO-IISU-01,ATE-STATION-01,CHAMBER-01,1.0,125.0,5.0,168,IDDQ,ELECTRICAL,uA,1.5097,1164.3909,1164.4397,1164.5407,1162.8812,25.657,1.8938,11.708,0.0028,-0.0215,35.11,34.59,1.5097,1164.3909,1164.4397,1164.5407,1162.8812,50.0,False,NOMINAL,HEALTHY,18.71,48.86
DIG_LOT04_COMP1786,LOT_04,DIGITAL_IC,CQFP-64,DIG-SIH-2026,THERMAL_BURN_IN,T04_1786,PROC-ISRO-IISU-01,ATE-STATION-01,CHAMBER-01,1.0,125.0,5.0,168,IDDQ,ELECTRICAL,uA,1.2939,991.769,991.7973,991.8776,990.4751,25.098,2.3627,13.527,0.0252,0.091,35.57,35.47,1.2939,991.769,991.7973,991.8776,990.4751,50.0,False,NOMINAL,HEALTHY,42.65,19.62
DIG_LOT04_COMP1787,LOT_04,DIGITAL_IC,CQFP-64,DIG-SIH-2026,THERMAL_BURN_IN,T04_1787,PROC-ISRO-IISU-01,ATE-STATION-01,CHAMBER-01,1.0,125.0,5.0,168,IDDQ,ELECTRICAL,uA,1.417,1080.5358,1080.5971,1080.7083,1079.1188,25.177,1.7329,11.979,-0.015,0.05,35.76,35.53,1.417,1080.5358,1080.5971,1080.7083,1079.1188,50.0,False,NOMINAL,HEALTHY,19.62,7.65
DIG_LOT04_COMP1788,LOT_04,DIGITAL_IC,CQFP-64,DIG-SIH-2026,THERMAL_BURN_IN,T04_1788,PROC-ISRO-IISU-01,ATE-STATION-01,CHAMBER-01,1.0,125.0,5.0,168,IDDQ,ELECTRICAL,uA,1.4854,1155.9681,1156.0659,1156.1498,1154.4827,26.104,1.7655,11.088,0.0107,-0.0052,36.4,36.76,1.4854,1155.9681,1156.0659,1156.1498,1154.4827,50.0,False,NOMINAL,HEALTHY,-4.18,-1.14
DIG_LOT04_COMP1789,LOT_04,DIGITAL_IC,CQFP-64,DIG-SIH-2026,THERMAL_BURN_IN,T04_1789,PROC-ISRO-IISU-01,ATE-STATION-01,CHAMBER-01,1.0,125.0,5.0,168,IDDQ,ELECTRICAL,uA,1.3906,1079.4552,1079.5532,1079.5187,1078.0646,24.748,2.1059,12.804,0.0236,0.0268,33.71,33.5,1.3906,1079.4552,1079.5532,1079.5187,1078.0646,50.0,False,NOMINAL,HEALTHY,-16.78,17.79
DIG_LOT04_COMP1790,LOT_04,DIGITAL_IC,CQFP-64,DIG-SIH-2026,THERMAL_BURN_IN,T04_1790,PROC-ISRO-IISU-01,ATE-STATION-01,CHAMBER-01,1.0,125.0,5.0,168,IDDQ,ELECTRICAL,uA,1.5507,1177.2253,1177.3029,1177.3708,1175.6746,25.866,1.682,11.551,-0.0257,0.0287,35.38,35.59,1.5507,1177.2253,1177.3029,1177.3708,1175.6746,50.0,False,NOMINAL,HEALTHY,-21.81,-47.96
DIG_LOT04_COMP1791,LOT_04,DIGITAL_IC,CQFP-64,DIG-SIH-2026,THERMAL_BURN_IN,T04_1791,PROC-ISRO-IISU-01,ATE-STATION-01,CHAMBER-01,1.0,125.0,5.0,168,IDDQ,ELECTRICAL,uA,1.4876,1155.0187,1155.098,1155.1464,1153.5311,26.131,2.435,11.684,-0.0107,-0.0069,33.03,34.01,1.4876,1155.0187,1155.098,1155.1464,1153.5311,50.0,False,NOMINAL,HEALTHY,5.28,-25.84
DIG_LOT04_COMP1792,LOT_04,DIGITAL_IC,CQFP-64,DIG-SIH-2026,THERMAL_BURN_IN,T04_1792,PROC-ISRO-IISU-01,ATE-STATION-01,CHAMBER-01,1.0,125.0,5.0,168,IDDQ,ELECTRICAL,uA,1.2207,955.5185,955.6133,955.6733,954.2978,26.755,1.9265,11.964,-0.0318,-0.0314,33.64,34.0,1.2207,955.5185,955.6133,955.6733,954.2978,50.0,False,NOMINAL,HEALTHY,43.14,10.67
DIG_LOT04_COMP1793,LOT_04,DIGITAL_IC,CQFP-64,DIG-SIH-2026,THERMAL_BURN_IN,T04_1793,PROC-ISRO-IISU-01,ATE-STATION-01,CHAMBER-01,1.0,125.0,5.0,168,IDDQ,ELECTRICAL,uA,1.2534,971.6842,971.8003,971.8478,970.4308,26.354,1.5786,11.864,-0.0334,-0.0415,35.7,36.42,1.2534,971.6842,971.8003,971.8478,970.4308,50.0,False,NOMINAL,HEALTHY,19.61,-48.54
DIG_LOT04_COMP1794,LOT_04,DIGITAL_IC,CQFP-64,DIG-SIH-2026,THERMAL_BURN_IN,T04_1794,PROC-ISRO-IISU-01,ATE-STATION-01,CHAMBER-01,1.0,125.0,5.0,168,IDDQ,ELECTRICAL,uA,1.26,968.4512,968.5342,968.5806,967.1912,22.624,1.6835,12.347,0.0098,0.0245,37.22,37.67,1.26,968.4512,968.5342,968.5806,967.1912,50.0,False,NOMINAL,HEALTHY,-22.23,-47.96
DIG_LOT04_COMP1795,LOT_04,DIGITAL_IC,CQFP-64,DIG-SIH-2026,THERMAL_BURN_IN,T04_1795,PROC-ISRO-IISU-01,ATE-STATION-01,CHAMBER-01,1.0,125.0,5.0,168,IDDQ,ELECTRICAL,uA,1.3434,1053.6581,1053.7371,1053.7386,1052.3147,25.033,2.2895,11.712,0.0287,0.0901,33.82,33.59,1.3434,1053.6581,1053.7371,1053.7386,1052.3147,50.0,False,NOMINAL,HEALTHY,-42.89,-44.66
DIG_LOT04_COMP1796,LOT_04,DIGITAL_IC,CQFP-64,DIG-SIH-2026,THERMAL_BURN_IN,T04_1796,PROC-ISRO-IISU-01,ATE-STATION-01,CHAMBER-01,1.0,125.0,5.0,168,IDDQ,ELECTRICAL,uA,1.0079,775.4528,775.5106,775.593,774.4449,23.886,2.0493,12.118,-0.0218,-0.0334,35.4,35.05,1.0079,775.4528,775.5106,775.593,774.4449,50.0,False,NOMINAL,HEALTHY,-42.59,-34.46
DIG_LOT04_COMP1797,LOT_04,DIGITAL_IC,CQFP-64,DIG-SIH-2026,THERMAL_BURN_IN,T04_1797,PROC-ISRO-IISU-01,ATE-STATION-01,CHAMBER-01,1.0,125.0,5.0,168,IDDQ,ELECTRICAL,uA,1.3161,1028.8819,1028.9613,1029.0213,1027.5658,24.431,1.2469,12.653,0.0138,-0.0442,36.0,35.72,1.3161,1028.8819,1028.9613,1029.0213,1027.5658,50.0,False,NOMINAL,HEALTHY,-29.1,9.24
DIG_LOT04_COMP1798,LOT_04,DIGITAL_IC,CQFP-64,DIG-SIH-2026,THERMAL_BURN_IN,T04_1798,PROC-ISRO-IISU-01,ATE-STATION-01,CHAMBER-01,1.0,125.0,5.0,168,IDDQ,ELECTRICAL,uA,1.1791,922.4335,922.5356,922.5678,921.2544,23.251,1.8911,13.932,-0.0295,0.0395,33.41,33.34,1.1791,922.4335,922.5356,922.5678,921.2544,50.0,False,NOMINAL,HEALTHY,-37.03,-13.87
DIG_LOT04_COMP1799,LOT_04,DIGITAL_IC,CQFP-64,DIG-SIH-2026,THERMAL_BURN_IN,T04_1799,PROC-ISRO-IISU-01,ATE-STATION-01,CHAMBER-01,1.0,125.0,5.0,168,IDDQ,ELECTRICAL,uA,1.179,927.7167,927.8052,927.8571,926.5377,26.153,2.3158,13.755,0.0295,-0.0072,35.87,36.46,1.179,927.7167,927.8052,927.8571,926.5377,50.0,False,NOMINAL,HEALTHY,26.71,-18.39
DIG_LOT04_COMP1800,LOT_04,DIGITAL_IC,CQFP-64,DIG-SIH-2026,THERMAL_BURN_IN,T04_1800,PROC-ISRO-IISU-01,ATE-STATION-01,CHAMBER-01,1.0,125.0,5.0,168,IDDQ,ELECTRICAL,uA,1.422,1106.1936,1106.2084,1106.2929,1104.7716,25.38,1.896,11.271,0.0217,0.1713,34.6,34.66,1.422,1106.1936,1106.2084,1106.2929,1104.7716,50.0,False,NOMINAL,HEALTHY,-11.06,-0.22
DIG_LOT04_COMP1801,LOT_04,DIGITAL_IC,CQFP-64,DIG-SIH-2026,THERMAL_BURN_IN,T04_1801,PROC-ISRO-IISU-01,ATE-STATION-01,CHAMBER-01,1.0,125.0,5.0,168,IDDQ,ELECTRICAL,uA,7.1233,5468.9056,5469.2747,5469.4515,5461.7823,28.032,1.9492,13.042,0.0259,0.0168,32.6,33.0,7.1233,5468.9056,5469.2747,5469.4515,5461.7823,50.0,True,SPATIAL_OUTLIER,HEALTHY,-10.27,-38.93
DIG_LOT04_COMP1802,LOT_04,DIGITAL_IC,CQFP-64,DIG-SIH-2026,THERMAL_BURN_IN,T04_1802,PROC-ISRO-IISU-01,ATE-STATION-01,CHAMBER-01,1.0,125.0,5.0,168,IDDQ,ELECTRICAL,uA,1.2683,977.6136,977.6966,977.7573,976.3453,24.154,1.7445,11.453,0.0109,0.071,35.57,35.17,1.2683,977.6136,977.6966,977.7573,976.3453,50.0,False,NOMINAL,HEALTHY,-7.83,20.04
DIG_LOT04_COMP1803,LOT_04,DIGITAL_IC,CQFP-64,DIG-SIH-2026,THERMAL_BURN_IN,T04_1803,PROC-ISRO-IISU-01,ATE-STATION-01,CHAMBER-01,1.0,125.0,5.0,168,IDDQ,ELECTRICAL,uA,1.2211,940.2231,940.2634,940.335,939.002,26.226,1.6162,13.309,0.0128,0.0875,34.64,34.2,1.2211,940.2231,940.2634,940.335,939.002,50.0,False,NOMINAL,HEALTHY,9.72,-11.3
DIG_LOT04_COMP1804,LOT_04,DIGITAL_IC,CQFP-64,DIG-SIH-2026,THERMAL_BURN_IN,T04_1804,PROC-ISRO-IISU-01,ATE-STATION-01,CHAMBER-01,1.0,125.0,5.0,168,IDDQ,ELECTRICAL,uA,1.1596,889.6108,889.6796,889.7063,888.4512,28.376,2.0912,14.534,-0.0074,-0.0003,36.09,35.84,1.1596,889.6108,889.6796,889.7063,888.4512,50.0,False,NOMINAL,HEALTHY,-12.09,3.56
DIG_LOT04_COMP1805,LOT_04,DIGITAL_IC,CQFP-64,DIG-SIH-2026,THERMAL_BURN_IN,T04_1805,PROC-ISRO-IISU-01,ATE-STATION-01,CHAMBER-01,1.0,125.0,5.0,168,IDDQ,ELECTRICAL,uA,1.4368,1103.6787,1103.7826,1103.868,1102.2419,26.881,2.0665,12.085,-0.0027,-0.0345,35.94,35.64,1.4368,1103.6787,1103.7826,1103.868,1102.2419,50.0,False,NOMINAL,HEALTHY,-28.14,12.89
DIG_LOT04_COMP1806,LOT_04,DIGITAL_IC,CQFP-64,DIG-SIH-2026,THERMAL_BURN_IN,T04_1806,PROC-ISRO-IISU-01,ATE-STATION-01,CHAMBER-01,1.0,125.0,5.0,168,IDDQ,ELECTRICAL,uA,1.2813,968.1427,968.2112,968.2435,966.8614,25.801,1.9977,11.153,-0.0099,0.0021,36.29,36.53,1.2813,968.1427,968.2112,968.2435,966.8614,50.0,False,NOMINAL,HEALTHY,16.24,-12.41
DIG_LOT04_COMP1807,LOT_04,DIGITAL_IC,CQFP-64,DIG-SIH-2026,THERMAL_BURN_IN,T04_1807,PROC-ISRO-IISU-01,ATE-STATION-01,CHAMBER-01,1.0,125.0,5.0,168,IDDQ,ELECTRICAL,uA,1.1153,858.5205,858.6078,858.6793,857.4052,26.698,1.6358,13.887,-0.0074,0.0102,35.33,35.08,1.1153,858.5205,858.6078,858.6793,857.4052,50.0,False,NOMINAL,HEALTHY,-38.29,-14.11
DIG_LOT04_COMP1808,LOT_04,DIGITAL_IC,CQFP-64,DIG-SIH-2026,THERMAL_BURN_IN,T04_1808,PROC-ISRO-IISU-01,ATE-STATION-01,CHAMBER-01,1.0,125.0,5.0,168,IDDQ,ELECTRICAL,uA,1.3791,1066.014,1066.0792,1066.1264,1064.6349,23.464,1.9486,12.406,0.0183,0.0496,34.53,35.64,1.3791,1066.014,1066.0792,1066.1264,1064.6349,50.0,False,NOMINAL,HEALTHY,4.54,0.39
DIG_LOT04_COMP1809,LOT_04,DIGITAL_IC,CQFP-64,DIG-SIH-2026,THERMAL_BURN_IN,T04_1809,PROC-ISRO-IISU-01,ATE-STATION-01,CHAMBER-01,1.0,125.0,5.0,168,IDDQ,ELECTRICAL,uA,1.2819,986.8167,986.9186,986.89,985.5348,23.883,2.1529,13.71,0.0112,-0.0007,34.61,34.92,1.2819,986.8167,986.9186,986.89,985.5348,50.0,False,NOMINAL,HEALTHY,-23.74,-42.1
DIG_LOT04_COMP1810,LOT_04,DIGITAL_IC,CQFP-64,DIG-SIH-2026,THERMAL_BURN_IN,T04_1810,PROC-ISRO-IISU-01,ATE-STATION-01,CHAMBER-01,1.0,125.0,5.0,168,IDDQ,ELECTRICAL,uA,1.2778,999.3673,999.4106,999.4635,998.0895,23.536,1.2093,12.16,0.0248,-0.0404,35.08,35.38,1.2778,999.3673,999.4106,999.4635,998.0895,50.0,False,NOMINAL,HEALTHY,37.21,-41.97
DIG_LOT04_COMP1811,LOT_04,DIGITAL_IC,CQFP-64,DIG-SIH-2026,THERMAL_BURN_IN,T04_1811,PROC-ISRO-IISU-01,ATE-STATION-01,CHAMBER-01,1.0,125.0,5.0,168,IDDQ,ELECTRICAL,uA,1.3233,1020.6637,1020.7849,1020.8293,1019.3404,22.68,1.9073,12.418,0.0304,0.0083,33.71,32.99,1.3233,1020.6637,1020.7849,1020.8293,1019.3404,50.0,False,NOMINAL,HEALTHY,-16.69,-12.81
DIG_LOT04_COMP1812,LOT_04,DIGITAL_IC,CQFP-64,DIG-SIH-2026,THERMAL_BURN_IN,T04_1812,PROC-ISRO-IISU-01,ATE-STATION-01,CHAMBER-01,1.0,125.0,5.0,168,IDDQ,ELECTRICAL,uA,1.3843,1055.8349,1055.9413,1055.8967,1054.4506,28.441,1.4663,12.378,0.0063,-0.0747,33.14,33.76,1.3843,1055.8349,1055.9413,1055.8967,1054.4506,50.0,False,NOMINAL,HEALTHY,-13.61,45.17
DIG_LOT04_COMP1813,LOT_04,DIGITAL_IC,CQFP-64,DIG-SIH-2026,THERMAL_BURN_IN,T04_1813,PROC-ISRO-IISU-01,ATE-STATION-01,CHAMBER-01,1.0,125.0,5.0,168,IDDQ,ELECTRICAL,uA,1.5983,1230.6275,1230.6997,1230.7771,1229.0292,24.849,2.1012,12.559,0.0325,0.0496,35.74,35.9,1.5983,1230.6275,1230.6997,1230.7771,1229.0292,50.0,False,NOMINAL,HEALTHY,-6.49,29.78
DIG_LOT04_COMP1814,LOT_04,DIGITAL_IC,CQFP-64,DIG-SIH-2026,THERMAL_BURN_IN,T04_1814,PROC-ISRO-IISU-01,ATE-STATION-01,CHAMBER-01,1.0,125.0,5.0,168,IDDQ,ELECTRICAL,uA,1.2802,970.1408,970.1927,970.2468,968.8606,22.207,2.1758,13.263,-0.0001,-0.0428,36.14,35.53,1.2802,970.1408,970.1927,970.2468,968.8606,50.0,False,NOMINAL,HEALTHY,-14.26,29.1
DIG_LOT04_COMP1815,LOT_04,DIGITAL_IC,CQFP-64,DIG-SIH-2026,THERMAL_BURN_IN,T04_1815,PROC-ISRO-IISU-01,ATE-STATION-01,CHAMBER-01,1.0,125.0,5.0,168,IDDQ,ELECTRICAL,uA,1.2131,931.7554,931.8333,931.8506,930.5423,26.325,1.7043,13.393,0.0048,-0.0288,36.44,36.63,1.2131,931.7554,931.8333,931.8506,930.5423,50.0,False,NOMINAL,HEALTHY,15.3,47.77
DIG_LOT04_COMP1816,LOT_04,DIGITAL_IC,CQFP-64,DIG-SIH-2026,THERMAL_BURN_IN,T04_1816,PROC-ISRO-IISU-01,ATE-STATION-01,CHAMBER-01,1.0,125.0,5.0,168,IDDQ,ELECTRICAL,uA,1.133,865.7261,865.8204,865.8662,864.5931,21.781,1.9906,10.729,-0.0534,-0.0268,35.83,36.38,1.133,865.7261,865.8204,865.8662,864.5931,50.0,False,NOMINAL,HEALTHY,48.71,-24.63
DIG_LOT04_COMP1817,LOT_04,DIGITAL_IC,CQFP-64,DIG-SIH-2026,THERMAL_BURN_IN,T04_1817,PROC-ISRO-IISU-01,ATE-STATION-01,CHAMBER-01,1.0,125.0,5.0,168,IDDQ,ELECTRICAL,uA,1.2277,935.8523,935.9386,935.9773,934.6246,24.608,1.8526,12.324,-0.0146,-0.0361,36.44,36.3,1.2277,935.8523,935.9386,935.9773,934.6246,50.0,False,NOMINAL,HEALTHY,31.84,-15.09
DIG_LOT04_COMP1818,LOT_04,DIGITAL_IC,CQFP-64,DIG-SIH-2026,THERMAL_BURN_IN,T04_1818,PROC-ISRO-IISU-01,ATE-STATION-01,CHAMBER-01,1.0,125.0,5.0,168,IDDQ,ELECTRICAL,uA,1.4907,1144.577,1144.6974,1144.7504,1143.0863,25.09,1.9197,12.143,-0.0035,0.0038,34.85,34.43,1.4907,1144.577,1144.6974,1144.7504,1143.0863,50.0,False,NOMINAL,HEALTHY,-30.92,-43.38
DIG_LOT04_COMP1819,LOT_04,DIGITAL_IC,CQFP-64,DIG-SIH-2026,THERMAL_BURN_IN,T04_1819,PROC-ISRO-IISU-01,ATE-STATION-01,CHAMBER-01,1.0,125.0,5.0,168,IDDQ,ELECTRICAL,uA,1.1794,914.2956,914.3489,914.4247,913.1162,25.039,2.0664,12.2,0.0081,0.004,32.75,32.5,1.1794,914.2956,914.3489,914.4247,913.1162,50.0,False,NOMINAL,HEALTHY,20.05,-6.01
DIG_LOT04_COMP1820,LOT_04,DIGITAL_IC,CQFP-64,DIG-SIH-2026,THERMAL_BURN_IN,T04_1820,PROC-ISRO-IISU-01,ATE-STATION-01,CHAMBER-01,1.0,125.0,5.0,168,IDDQ,ELECTRICAL,uA,1.2486,964.9886,965.076,965.1213,963.74,25.129,2.3397,12.448,-0.0174,-0.0848,35.6,34.86,1.2486,964.9886,965.076,965.1213,963.74,50.0,False,NOMINAL,HEALTHY,-25.72,-37.49
DIG_LOT04_COMP1821,LOT_04,DIGITAL_IC,CQFP-64,DIG-SIH-2026,THERMAL_BURN_IN,T04_1821,PROC-ISRO-IISU-01,ATE-STATION-01,CHAMBER-01,1.0,125.0,5.0,168,IDDQ,ELECTRICAL,uA,1.201,935.1595,935.2587,935.3042,933.9585,23.826,2.1622,12.797,0.0265,-0.0429,36.05,36.35,1.201,935.1595,935.2587,935.3042,933.9585,50.0,False,NOMINAL,HEALTHY,-28.08,-0.03
DIG_LOT04_COMP1822,LOT_04,DIGITAL_IC,CQFP-64,DIG-SIH-2026,THERMAL_BURN_IN,T04_1822,PROC-ISRO-IISU-01,ATE-STATION-01,CHAMBER-01,1.0,125.0,5.0,168,IDDQ,ELECTRICAL,uA,1.5012,1151.0025,1151.0974,1151.1155,1149.5013,25.887,1.818,11.113,0.0187,0.0059,35.93,36.3,1.5012,1151.0025,1151.0974,1151.1155,1149.5013,50.0,False,NOMINAL,HEALTHY,-11.81,-25.13
DIG_LOT04_COMP1823,LOT_04,DIGITAL_IC,CQFP-64,DIG-SIH-2026,THERMAL_BURN_IN,T04_1823,PROC-ISRO-IISU-01,ATE-STATION-01,CHAMBER-01,1.0,125.0,5.0,168,IDDQ,ELECTRICAL,uA,1.2737,986.447,986.533,986.5621,985.1733,24.415,2.3537,13.181,-0.0293,-0.0459,32.66,33.27,1.2737,986.447,986.533,986.5621,985.1733,50.0,False,NOMINAL,HEALTHY,-18.93,0.27
DIG_LOT04_COMP1824,LOT_04,DIGITAL_IC,CQFP-64,DIG-SIH-2026,THERMAL_BURN_IN,T04_1824,PROC-ISRO-IISU-01,ATE-STATION-01,CHAMBER-01,1.0,125.0,5.0,168,IDDQ,ELECTRICAL,uA,1.0917,848.7817,848.8503,848.8745,847.69,25.72,1.7609,12.963,-0.0067,-0.0813,36.58,37.19,1.0917,848.7817,848.8503,848.8745,847.69,50.0,False,NOMINAL,HEALTHY,33.35,-26.8
DIG_LOT04_COMP1825,LOT_04,DIGITAL_IC,CQFP-64,DIG-SIH-2026,THERMAL_BURN_IN,T04_1825,PROC-ISRO-IISU-01,ATE-STATION-01,CHAMBER-01,1.0,125.0,5.0,168,IDDQ,ELECTRICAL,uA,1.4673,1129.5382,1129.5657,1129.6421,1128.0709,23.967,1.9592,12.801,0.0002,-0.0062,33.13,32.88,1.4673,1129.5382,1129.5657,1129.6421,1128.0709,50.0,False,NOMINAL,HEALTHY,5.31,32.13
DIG_LOT04_COMP1826,LOT_04,DIGITAL_IC,CQFP-64,DIG-SIH-2026,THERMAL_BURN_IN,T04_1826,PROC-ISRO-IISU-01,ATE-STATION-01,CHAMBER-01,1.0,125.0,5.0,168,IDDQ,ELECTRICAL,uA,1.4114,1115.6731,1115.7727,1115.8984,1114.2617,23.278,2.6046,13.474,-0.0217,-0.0004,35.09,35.06,1.4114,1115.6731,1115.7727,1115.8984,1114.2617,50.0,False,NOMINAL,HEALTHY,13.25,11.87
DIG_LOT04_COMP1827,LOT_04,DIGITAL_IC,CQFP-64,DIG-SIH-2026,THERMAL_BURN_IN,T04_1827,PROC-ISRO-IISU-01,ATE-STATION-01,CHAMBER-01,1.0,125.0,5.0,168,IDDQ,ELECTRICAL,uA,1.2209,946.6454,946.7203,946.7653,945.4245,25.814,1.3525,11.885,0.0362,0.0513,34.01,33.43,1.2209,946.6454,946.7203,946.7653,945.4245,50.0,False,NOMINAL,HEALTHY,17.29,25.73
DIG_LOT04_COMP1828,LOT_04,DIGITAL_IC,CQFP-64,DIG-SIH-2026,THERMAL_BURN_IN,T04_1828,PROC-ISRO-IISU-01,ATE-STATION-01,CHAMBER-01,1.0,125.0,5.0,168,IDDQ,ELECTRICAL,uA,1.2725,990.656,990.7296,990.892,989.3835,25.059,2.1557,12.026,0.0172,0.0388,36.35,36.61,1.2725,990.656,990.7296,990.892,989.3835,50.0,False,NOMINAL,HEALTHY,23.75,30.53
DIG_LOT04_COMP1829,LOT_04,DIGITAL_IC,CQFP-64,DIG-SIH-2026,THERMAL_BURN_IN,T04_1829,PROC-ISRO-IISU-01,ATE-STATION-01,CHAMBER-01,1.0,125.0,5.0,168,IDDQ,ELECTRICAL,uA,1.1492,880.171,880.2539,880.243,879.0218,23.342,1.6282,11.309,0.0192,-0.0457,35.94,35.94,1.1492,880.171,880.2539,880.243,879.0218,50.0,False,NOMINAL,HEALTHY,-26.61,-12.96
DIG_LOT04_COMP1830,LOT_04,DIGITAL_IC,CQFP-64,DIG-SIH-2026,THERMAL_BURN_IN,T04_1830,PROC-ISRO-IISU-01,ATE-STATION-01,CHAMBER-01,1.0,125.0,5.0,168,IDDQ,ELECTRICAL,uA,1.4974,1125.9297,1126.0225,1126.1087,1124.4323,24.314,2.0093,12.493,0.0003,0.0114,33.1,33.57,1.4974,1125.9297,1126.0225,1126.1087,1124.4323,50.0,False,NOMINAL,HEALTHY,15.66,-13.2
DIG_LOT04_COMP1831,LOT_04,DIGITAL_IC,CQFP-64,DIG-SIH-2026,THERMAL_BURN_IN,T04_1831,PROC-ISRO-IISU-01,ATE-STATION-01,CHAMBER-01,1.0,125.0,5.0,168,IDDQ,ELECTRICAL,uA,1.3931,1077.4145,1077.5034,1077.4908,1076.0214,26.609,1.2961,11.825,-0.0,-0.0101,35.09,35.71,1.3931,1077.4145,1077.5034,1077.4908,1076.0214,50.0,False,NOMINAL,HEALTHY,27.0,40.17
DIG_LOT04_COMP1832,LOT_04,DIGITAL_IC,CQFP-64,DIG-SIH-2026,THERMAL_BURN_IN,T04_1832,PROC-ISRO-IISU-01,ATE-STATION-01,CHAMBER-01,1.0,125.0,5.0,168,IDDQ,ELECTRICAL,uA,1.2299,951.9912,952.0522,952.1385,950.7613,24.299,1.8909,12.174,0.0126,0.0923,35.45,35.88,1.2299,951.9912,952.0522,952.1385,950.7613,50.0,False,NOMINAL,HEALTHY,34.6,33.19
DIG_LOT04_COMP1833,LOT_04,DIGITAL_IC,CQFP-64,DIG-SIH-2026,THERMAL_BURN_IN,T04_1833,PROC-ISRO-IISU-01,ATE-STATION-01,CHAMBER-01,1.0,125.0,5.0,168,IDDQ,ELECTRICAL,uA,1.072,836.9168,837.0171,837.0835,835.8448,28.223,2.2623,12.338,0.0106,-0.016,34.55,34.58,1.072,836.9168,837.0171,837.0835,835.8448,50.0,False,NOMINAL,HEALTHY,-22.07,-44.2
DIG_LOT04_COMP1834,LOT_04,DIGITAL_IC,CQFP-64,DIG-SIH-2026,THERMAL_BURN_IN,T04_1834,PROC-ISRO-IISU-01,ATE-STATION-01,CHAMBER-01,1.0,125.0,5.0,168,IDDQ,ELECTRICAL,uA,1.2463,956.4088,956.4843,956.5249,955.1625,25.104,2.2625,13.412,0.0137,0.0372,34.68,34.91,1.2463,956.4088,956.4843,956.5249,955.1625,50.0,False,NOMINAL,HEALTHY,-10.0,-18.25
DIG_LOT04_COMP1835,LOT_04,DIGITAL_IC,CQFP-64,DIG-SIH-2026,THERMAL_BURN_IN,T04_1835,PROC-ISRO-IISU-01,ATE-STATION-01,CHAMBER-01,1.0,125.0,5.0,168,IDDQ,ELECTRICAL,uA,1.4352,1119.533,1119.6474,1119.6979,1118.0978,26.65,1.9461,12.087,0.0051,0.0668,32.09,32.66,1.4352,1119.533,1119.6474,1119.6979,1118.0978,50.0,False,NOMINAL,HEALTHY,16.08,-43.67
DIG_LOT04_COMP1836,LOT_04,DIGITAL_IC,CQFP-64,DIG-SIH-2026,THERMAL_BURN_IN,T04_1836,PROC-ISRO-IISU-01,ATE-STATION-01,CHAMBER-01,1.0,125.0,5.0,168,IDDQ,ELECTRICAL,uA,1.2231,942.492,942.5653,942.6526,941.2689,24.294,1.9845,10.35,-0.0058,0.0006,33.96,34.31,1.2231,942.492,942.5653,942.6526,941.2689,50.0,False,NOMINAL,HEALTHY,2.57,-14.84
DIG_LOT04_COMP1837,LOT_04,DIGITAL_IC,CQFP-64,DIG-SIH-2026,THERMAL_BURN_IN,T04_1837,PROC-ISRO-IISU-01,ATE-STATION-01,CHAMBER-01,1.0,125.0,5.0,168,IDDQ,ELECTRICAL,uA,1.145,884.4506,884.5262,884.5448,883.3056,28.236,1.7907,12.751,0.0087,0.0531,34.48,34.99,1.145,884.4506,884.5262,884.5448,883.3056,50.0,False,NOMINAL,HEALTHY,-6.95,-1.84
DIG_LOT04_COMP1838,LOT_04,DIGITAL_IC,CQFP-64,DIG-SIH-2026,THERMAL_BURN_IN,T04_1838,PROC-ISRO-IISU-01,ATE-STATION-01,CHAMBER-01,1.0,125.0,5.0,168,IDDQ,ELECTRICAL,uA,1.4282,1092.3474,1092.4058,1092.4587,1090.9192,26.21,2.5736,13.146,0.0029,0.0109,34.1,34.31,1.4282,1092.3474,1092.4058,1092.4587,1090.9192,50.0,False,NOMINAL,HEALTHY,-14.47,-16.07
DIG_LOT04_COMP1839,LOT_04,DIGITAL_IC,CQFP-64,DIG-SIH-2026,THERMAL_BURN_IN,T04_1839,PROC-ISRO-IISU-01,ATE-STATION-01,CHAMBER-01,1.0,125.0,5.0,168,IDDQ,ELECTRICAL,uA,1.1611,891.3649,891.4362,891.4831,890.2038,26.116,2.0734,12.81,-0.0101,-0.0353,34.78,34.7,1.1611,891.3649,891.4362,891.4831,890.2038,50.0,False,NOMINAL,HEALTHY,-5.66,-19.19
DIG_LOT04_COMP1840,LOT_04,DIGITAL_IC,CQFP-64,DIG-SIH-2026,THERMAL_BURN_IN,T04_1840,PROC-ISRO-IISU-01,ATE-STATION-01,CHAMBER-01,1.0,125.0,5.0,168,IDDQ,ELECTRICAL,uA,1.2119,929.11,929.1849,929.256,927.8981,23.772,1.7428,12.756,-0.0032,-0.0469,36.31,36.41,1.2119,929.11,929.1849,929.256,927.8981,50.0,False,NOMINAL,HEALTHY,-4.43,-22.13
DIG_LOT04_COMP1841,LOT_04,DIGITAL_IC,CQFP-64,DIG-SIH-2026,THERMAL_BURN_IN,T04_1841,PROC-ISRO-IISU-01,ATE-STATION-01,CHAMBER-01,1.0,125.0,5.0,168,IDDQ,ELECTRICAL,uA,1.1118,856.1879,856.2919,856.2517,855.0761,25.636,2.8053,13.497,-0.0157,-0.0747,35.55,35.07,1.1118,856.1879,856.2919,856.2517,855.0761,50.0,False,NOMINAL,HEALTHY,24.64,18.12
DIG_LOT04_COMP1842,LOT_04,DIGITAL_IC,CQFP-64,DIG-SIH-2026,THERMAL_BURN_IN,T04_1842,PROC-ISRO-IISU-01,ATE-STATION-01,CHAMBER-01,1.0,125.0,5.0,168,IDDQ,ELECTRICAL,uA,1.3587,1045.2226,1046.7671,1053.3,1043.8639,22.576,2.1685,11.454,0.0118,0.0418,34.04,34.0,1.3587,1045.2226,1046.7671,1053.3,1043.8639,50.0,True,ELECTROMIGRATION,HEALTHY,-18.94,-1.52
DIG_LOT04_COMP1843,LOT_04,DIGITAL_IC,CQFP-64,DIG-SIH-2026,THERMAL_BURN_IN,T04_1843,PROC-ISRO-IISU-01,ATE-STATION-01,CHAMBER-01,1.0,125.0,5.0,168,IDDQ,ELECTRICAL,uA,1.4481,1118.7401,1118.7818,1118.8685,1117.292,24.337,1.7123,11.72,-0.0113,0.022,34.01,34.07,1.4481,1118.7401,1118.7818,1118.8685,1117.292,50.0,False,NOMINAL,HEALTHY,2.01,-12.23
DIG_LOT04_COMP1844,LOT_04,DIGITAL_IC,CQFP-64,DIG-SIH-2026,THERMAL_BURN_IN,T04_1844,PROC-ISRO-IISU-01,ATE-STATION-01,CHAMBER-01,1.0,125.0,5.0,168,IDDQ,ELECTRICAL,uA,1.3627,1037.5309,1037.6337,1037.6618,1036.1682,22.97,2.3489,11.314,-0.017,0.0022,34.63,34.35,1.3627,1037.5309,1037.6337,1037.6618,1036.1682,50.0,False,NOMINAL,HEALTHY,3.56,11.27
DIG_LOT04_COMP1845,LOT_04,DIGITAL_IC,CQFP-64,DIG-SIH-2026,THERMAL_BURN_IN,T04_1845,PROC-ISRO-IISU-01,ATE-STATION-01,CHAMBER-01,1.0,125.0,5.0,168,IDDQ,ELECTRICAL,uA,1.6327,1263.7525,1263.8607,1263.9853,1262.1198,26.424,2.3963,11.325,0.021,-0.003,34.89,34.54,1.6327,1263.7525,1263.8607,1263.9853,1262.1198,50.0,False,NOMINAL,HEALTHY,15.37,37.61
DIG_LOT04_COMP1846,LOT_04,DIGITAL_IC,CQFP-64,DIG-SIH-2026,THERMAL_BURN_IN,T04_1846,PROC-ISRO-IISU-01,ATE-STATION-01,CHAMBER-01,1.0,125.0,5.0,168,IDDQ,ELECTRICAL,uA,1.0652,837.5893,837.6831,837.6721,836.5241,23.694,1.5015,11.639,-0.0145,-0.0685,34.61,34.85,1.0652,837.5893,837.6831,837.6721,836.5241,50.0,False,NOMINAL,HEALTHY,-39.12,-21.82
DIG_LOT04_COMP1847,LOT_04,DIGITAL_IC,CQFP-64,DIG-SIH-2026,THERMAL_BURN_IN,T04_1847,PROC-ISRO-IISU-01,ATE-STATION-01,CHAMBER-01,1.0,125.0,5.0,168,IDDQ,ELECTRICAL,uA,0.9681,751.8907,751.9855,752.0576,750.9226,28.814,2.0263,13.64,0.005,-0.0214,34.82,34.69,0.9681,751.8907,751.9855,752.0576,750.9226,50.0,False,NOMINAL,HEALTHY,25.82,11.86
DIG_LOT04_COMP1848,LOT_04,DIGITAL_IC,CQFP-64,DIG-SIH-2026,THERMAL_BURN_IN,T04_1848,PROC-ISRO-IISU-01,ATE-STATION-01,CHAMBER-01,1.0,125.0,5.0,168,IDDQ,ELECTRICAL,uA,1.4231,1099.0297,1099.1062,1099.1598,1097.6066,24.223,2.0927,11.864,-0.0095,-0.037,34.7,35.33,1.4231,1099.0297,1099.1062,1099.1598,1097.6066,50.0,False,NOMINAL,HEALTHY,2.36,-20.39
DIG_LOT04_COMP1849,LOT_04,DIGITAL_IC,CQFP-64,DIG-SIH-2026,THERMAL_BURN_IN,T04_1849,PROC-ISRO-IISU-01,ATE-STATION-01,CHAMBER-01,1.0,125.0,5.0,168,IDDQ,ELECTRICAL,uA,1.2712,958.0405,958.1292,958.1481,956.7693,24.566,1.949,13.61,-0.0123,0.0567,33.75,32.9,1.2712,958.0405,958.1292,958.1481,956.7693,50.0,False,NOMINAL,HEALTHY,-30.09,-19.14
DIG_LOT04_COMP1850,LOT_04,DIGITAL_IC,CQFP-64,DIG-SIH-2026,THERMAL_BURN_IN,T04_1850,PROC-ISRO-IISU-01,ATE-STATION-01,CHAMBER-01,1.0,125.0,5.0,168,IDDQ,ELECTRICAL,uA,1.4518,1136.3958,1136.5043,1136.5792,1134.944,26.119,2.2408,12.076,0.0033,0.0138,34.43,34.73,1.4518,1136.3958,1136.5043,1136.5792,1134.944,50.0,False,NOMINAL,HEALTHY,26.94,2.76
DIG_LOT04_COMP1851,LOT_04,DIGITAL_IC,CQFP-64,DIG-SIH-2026,THERMAL_BURN_IN,T04_1851,PROC-ISRO-IISU-01,ATE-STATION-01,CHAMBER-01,1.0,125.0,5.0,168,IDDQ,ELECTRICAL,uA,1.5778,1207.236,1207.3329,1207.3974,1205.6582,27.071,2.2618,10.299,0.0285,-0.0662,35.21,35.25,1.5778,1207.236,1207.3329,1207.3974,1205.6582,50.0,False,NOMINAL,HEALTHY,41.12,-12.07
DIG_LOT04_COMP1852,LOT_04,DIGITAL_IC,CQFP-64,DIG-SIH-2026,THERMAL_BURN_IN,T04_1852,PROC-ISRO-IISU-01,ATE-STATION-01,CHAMBER-01,1.0,125.0,5.0,168,IDDQ,ELECTRICAL,uA,1.1228,869.3131,869.3937,869.4811,868.1903,25.586,2.2008,11.604,0.0073,0.0099,36.87,36.34,1.1228,869.3131,869.3937,869.4811,868.1903,50.0,False,NOMINAL,HEALTHY,6.3,31.06
DIG_LOT04_COMP1853,LOT_04,DIGITAL_IC,CQFP-64,DIG-SIH-2026,THERMAL_BURN_IN,T04_1853,PROC-ISRO-IISU-01,ATE-STATION-01,CHAMBER-01,1.0,125.0,5.0,168,IDDQ,ELECTRICAL,uA,1.4336,1109.6894,1109.7339,1109.8475,1108.2558,25.755,2.0666,13.463,0.0013,0.0166,34.75,34.96,1.4336,1109.6894,1109.7339,1109.8475,1108.2558,50.0,False,NOMINAL,HEALTHY,-1.84,-7.89
DIG_LOT04_COMP1854,LOT_04,DIGITAL_IC,CQFP-64,DIG-SIH-2026,THERMAL_BURN_IN,T04_1854,PROC-ISRO-IISU-01,ATE-STATION-01,CHAMBER-01,1.0,125.0,5.0,168,IDDQ,ELECTRICAL,uA,1.2614,985.0615,985.1604,985.1609,983.8001,28.133,1.6219,12.811,-0.0269,0.0112,33.29,33.94,1.2614,985.0615,985.1604,985.1609,983.8001,50.0,False,NOMINAL,HEALTHY,9.77,-32.03
DIG_LOT04_COMP1855,LOT_04,DIGITAL_IC,CQFP-64,DIG-SIH-2026,THERMAL_BURN_IN,T04_1855,PROC-ISRO-IISU-01,ATE-STATION-01,CHAMBER-01,1.0,125.0,5.0,168,IDDQ,ELECTRICAL,uA,1.0261,804.1413,804.1824,804.2172,803.1152,27.114,1.9441,12.698,-0.0019,-0.0818,34.71,34.9,1.0261,804.1413,804.1824,804.2172,803.1152,50.0,False,NOMINAL,HEALTHY,-1.05,39.67
DIG_LOT04_COMP1856,LOT_04,DIGITAL_IC,CQFP-64,DIG-SIH-2026,THERMAL_BURN_IN,T04_1856,PROC-ISRO-IISU-01,ATE-STATION-01,CHAMBER-01,1.0,125.0,5.0,168,IDDQ,ELECTRICAL,uA,1.7034,1304.3006,1304.408,1304.4292,1302.5972,23.938,2.041,11.817,0.0187,0.0359,35.1,35.0,1.7034,1304.3006,1304.408,1304.4292,1302.5972,50.0,False,NOMINAL,HEALTHY,-37.1,-46.39
DIG_LOT04_COMP1857,LOT_04,DIGITAL_IC,CQFP-64,DIG-SIH-2026,THERMAL_BURN_IN,T04_1857,PROC-ISRO-IISU-01,ATE-STATION-01,CHAMBER-01,1.0,125.0,5.0,168,IDDQ,ELECTRICAL,uA,1.3258,1012.6638,1012.7641,1012.7795,1011.338,25.2,2.1223,13.349,0.0062,0.0076,36.57,36.53,1.3258,1012.6638,1012.7641,1012.7795,1011.338,50.0,False,NOMINAL,HEALTHY,30.83,-27.62
DIG_LOT04_COMP1858,LOT_04,DIGITAL_IC,CQFP-64,DIG-SIH-2026,THERMAL_BURN_IN,T04_1858,PROC-ISRO-IISU-01,ATE-STATION-01,CHAMBER-01,1.0,125.0,5.0,168,IDDQ,ELECTRICAL,uA,0.995,756.9135,756.9895,757.0316,755.9185,24.968,1.804,12.426,-0.0069,-0.0587,32.16,32.17,0.995,756.9135,756.9895,757.0316,755.9185,50.0,False,NOMINAL,HEALTHY,-44.47,25.46
DIG_LOT04_COMP1859,LOT_04,DIGITAL_IC,CQFP-64,DIG-SIH-2026,THERMAL_BURN_IN,T04_1859,PROC-ISRO-IISU-01,ATE-STATION-01,CHAMBER-01,1.0,125.0,5.0,168,IDDQ,ELECTRICAL,uA,1.3741,1042.9284,1042.9997,1043.078,1041.5543,27.3,2.197,14.706,-0.012,0.0288,33.87,33.33,1.3741,1042.9284,1042.9997,1043.078,1041.5543,50.0,False,NOMINAL,HEALTHY,-21.43,-15.36
DIG_LOT04_COMP1860,LOT_04,DIGITAL_IC,CQFP-64,DIG-SIH-2026,THERMAL_BURN_IN,T04_1860,PROC-ISRO-IISU-01,ATE-STATION-01,CHAMBER-01,1.0,125.0,5.0,168,IDDQ,ELECTRICAL,uA,1.2877,1010.4087,1010.5067,1010.5791,1009.121,25.97,2.8645,11.798,-0.0014,0.0526,33.23,33.59,1.2877,1010.4087,1010.5067,1010.5791,1009.121,50.0,False,NOMINAL,HEALTHY,-39.88,22.61
DIG_LOT04_COMP1861,LOT_04,DIGITAL_IC,CQFP-64,DIG-SIH-2026,THERMAL_BURN_IN,T04_1861,PROC-ISRO-IISU-01,ATE-STATION-01,CHAMBER-01,1.0,125.0,5.0,168,IDDQ,ELECTRICAL,uA,0.9084,706.0082,706.0198,706.1124,705.0998,28.823,2.0478,14.319,-0.0175,-0.0227,34.51,34.84,0.9084,706.0082,706.0198,706.1124,705.0998,50.0,False,NOMINAL,HEALTHY,48.5,2.41
DIG_LOT04_COMP1862,LOT_04,DIGITAL_IC,CQFP-64,DIG-SIH-2026,THERMAL_BURN_IN,T04_1862,PROC-ISRO-IISU-01,ATE-STATION-01,CHAMBER-01,1.0,125.0,5.0,168,IDDQ,ELECTRICAL,uA,1.359,1072.4158,1072.5359,1072.5894,1071.0568,26.24,1.5742,12.861,-0.0186,0.0564,35.69,36.04,1.359,1072.4158,1072.5359,1072.5894,1071.0568,50.0,False,NOMINAL,HEALTHY,-24.71,-44.7
DIG_LOT04_COMP1863,LOT_04,DIGITAL_IC,CQFP-64,DIG-SIH-2026,THERMAL_BURN_IN,T04_1863,PROC-ISRO-IISU-01,ATE-STATION-01,CHAMBER-01,1.0,125.0,5.0,168,IDDQ,ELECTRICAL,uA,1.2418,964.3557,964.4302,964.4325,963.1139,26.445,1.5472,12.574,0.0085,-0.016,34.3,34.19,1.2418,964.3557,964.4302,964.4325,963.1139,50.0,False,NOMINAL,HEALTHY,-33.59,7.88
DIG_LOT04_COMP1864,LOT_04,DIGITAL_IC,CQFP-64,DIG-SIH-2026,THERMAL_BURN_IN,T04_1864,PROC-ISRO-IISU-01,ATE-STATION-01,CHAMBER-01,1.0,125.0,5.0,168,IDDQ,ELECTRICAL,uA,1.1744,904.0464,904.1584,904.1707,902.872,26.16,2.9085,14.129,-0.0242,-0.0003,36.18,35.73,1.1744,904.0464,904.1584,904.1707,902.872,50.0,False,NOMINAL,HEALTHY,43.89,26.97
DIG_LOT04_COMP1865,LOT_04,DIGITAL_IC,CQFP-64,DIG-SIH-2026,THERMAL_BURN_IN,T04_1865,PROC-ISRO-IISU-01,ATE-STATION-01,CHAMBER-01,1.0,125.0,5.0,168,IDDQ,ELECTRICAL,uA,1.1651,918.1925,918.2114,918.3274,917.0274,24.975,1.8389,12.476,-0.0011,-0.0557,36.06,36.12,1.1651,918.1925,918.2114,918.3274,917.0274,50.0,False,NOMINAL,HEALTHY,8.99,21.78
DIG_LOT04_COMP1866,LOT_04,DIGITAL_IC,CQFP-64,DIG-SIH-2026,THERMAL_BURN_IN,T04_1866,PROC-ISRO-IISU-01,ATE-STATION-01,CHAMBER-01,1.0,125.0,5.0,168,IDDQ,ELECTRICAL,uA,1.1771,887.6685,887.7146,887.7867,886.4914,24.493,2.1715,12.165,0.0013,-0.0499,32.17,32.12,1.1771,887.6685,887.7146,887.7867,886.4914,50.0,False,NOMINAL,HEALTHY,36.99,-46.22
DIG_LOT04_COMP1867,LOT_04,DIGITAL_IC,CQFP-64,DIG-SIH-2026,THERMAL_BURN_IN,T04_1867,PROC-ISRO-IISU-01,ATE-STATION-01,CHAMBER-01,1.0,125.0,5.0,168,IDDQ,ELECTRICAL,uA,1.2656,983.032,983.1034,983.1555,981.7664,26.693,2.0943,12.827,0.025,0.1676,34.91,33.87,1.2656,983.032,983.1034,983.1555,981.7664,50.0,False,NOMINAL,HEALTHY,25.37,-34.69
DIG_LOT04_COMP1868,LOT_04,DIGITAL_IC,CQFP-64,DIG-SIH-2026,THERMAL_BURN_IN,T04_1868,PROC-ISRO-IISU-01,ATE-STATION-01,CHAMBER-01,1.0,125.0,5.0,168,IDDQ,ELECTRICAL,uA,1.4432,1096.5187,1096.6588,1096.6558,1095.0755,26.177,2.1887,11.862,-0.0203,-0.0319,32.69,33.19,1.4432,1096.5187,1096.6588,1096.6558,1095.0755,50.0,False,NOMINAL,HEALTHY,10.5,19.42
DIG_LOT04_COMP1869,LOT_04,DIGITAL_IC,CQFP-64,DIG-SIH-2026,THERMAL_BURN_IN,T04_1869,PROC-ISRO-IISU-01,ATE-STATION-01,CHAMBER-01,1.0,125.0,5.0,168,IDDQ,ELECTRICAL,uA,1.4758,1119.8673,1119.9197,1119.9557,1118.3915,25.493,1.9456,14.041,0.016,-0.0911,35.13,35.47,1.4758,1119.8673,1119.9197,1119.9557,1118.3915,50.0,False,NOMINAL,HEALTHY,-29.34,-43.47
DIG_LOT04_COMP1870,LOT_04,DIGITAL_IC,CQFP-64,DIG-SIH-2026,THERMAL_BURN_IN,T04_1870,PROC-ISRO-IISU-01,ATE-STATION-01,CHAMBER-01,1.0,125.0,5.0,168,IDDQ,ELECTRICAL,uA,1.558,1207.1024,1207.1336,1207.2333,1205.5444,26.034,1.9953,13.976,-0.0033,0.0031,36.46,36.13,1.558,1207.1024,1207.1336,1207.2333,1205.5444,50.0,False,NOMINAL,HEALTHY,-25.91,-30.09
DIG_LOT04_COMP1871,LOT_04,DIGITAL_IC,CQFP-64,DIG-SIH-2026,THERMAL_BURN_IN,T04_1871,PROC-ISRO-IISU-01,ATE-STATION-01,CHAMBER-01,1.0,125.0,5.0,168,IDDQ,ELECTRICAL,uA,1.0714,843.2643,843.3948,843.4758,842.1929,23.99,2.2267,11.754,0.0244,0.0474,33.2,32.08,1.0714,843.2643,843.3948,843.4758,842.1929,50.0,False,NOMINAL,HEALTHY,-42.51,22.84
DIG_LOT04_COMP1872,LOT_04,DIGITAL_IC,CQFP-64,DIG-SIH-2026,THERMAL_BURN_IN,T04_1872,PROC-ISRO-IISU-01,ATE-STATION-01,CHAMBER-01,1.0,125.0,5.0,168,IDDQ,ELECTRICAL,uA,1.3194,1011.9618,1011.988,1012.0717,1010.6424,25.046,1.709,12.227,0.0148,-0.0113,35.53,35.25,1.3194,1011.9618,1011.988,1012.0717,1010.6424,50.0,False,NOMINAL,HEALTHY,33.34,-42.6
DIG_LOT04_COMP1873,LOT_04,DIGITAL_IC,CQFP-64,DIG-SIH-2026,THERMAL_BURN_IN,T04_1873,PROC-ISRO-IISU-01,ATE-STATION-01,CHAMBER-01,1.0,125.0,5.0,168,IDDQ,ELECTRICAL,uA,1.4039,1108.2673,1108.3509,1108.3901,1106.8634,25.036,2.2431,12.768,0.0063,0.0776,36.12,36.34,1.4039,1108.2673,1108.3509,1108.3901,1106.8634,50.0,False,NOMINAL,HEALTHY,28.83,15.07
DIG_LOT04_COMP1874,LOT_04,DIGITAL_IC,CQFP-64,DIG-SIH-2026,THERMAL_BURN_IN,T04_1874,PROC-ISRO-IISU-01,ATE-STATION-01,CHAMBER-01,1.0,125.0,5.0,168,IDDQ,ELECTRICAL,uA,1.0502,829.1794,829.2073,829.3035,828.1292,26.036,1.9494,12.376,-0.0223,-0.0188,35.97,36.05,1.0502,829.1794,829.2073,829.3035,828.1292,50.0,False,NOMINAL,HEALTHY,-48.39,-29.72
DIG_LOT04_COMP1875,LOT_04,DIGITAL_IC,CQFP-64,DIG-SIH-2026,THERMAL_BURN_IN,T04_1875,PROC-ISRO-IISU-01,ATE-STATION-01,CHAMBER-01,1.0,125.0,5.0,168,IDDQ,ELECTRICAL,uA,1.3381,1043.4179,1043.534,1043.5118,1042.0798,24.949,2.0831,12.023,-0.012,0.0357,35.34,35.54,1.3381,1043.4179,1043.534,1043.5118,1042.0798,50.0,False,NOMINAL,HEALTHY,-12.37,3.03
DIG_LOT04_COMP1876,LOT_04,DIGITAL_IC,CQFP-64,DIG-SIH-2026,THERMAL_BURN_IN,T04_1876,PROC-ISRO-IISU-01,ATE-STATION-01,CHAMBER-01,1.0,125.0,5.0,168,IDDQ,ELECTRICAL,uA,1.3736,1049.5028,1049.5303,1049.567,1048.1292,23.068,2.1022,12.256,-0.0139,-0.0402,33.64,33.47,1.3736,1049.5028,1049.5303,1049.567,1048.1292,50.0,False,NOMINAL,HEALTHY,-38.63,9.24
DIG_LOT04_COMP1877,LOT_04,DIGITAL_IC,CQFP-64,DIG-SIH-2026,THERMAL_BURN_IN,T04_1877,PROC-ISRO-IISU-01,ATE-STATION-01,CHAMBER-01,1.0,125.0,5.0,168,IDDQ,ELECTRICAL,uA,1.4745,1137.9787,1138.0524,1138.0705,1136.5042,25.721,1.9132,11.588,-0.0012,0.0694,34.08,34.3,1.4745,1137.9787,1138.0524,1138.0705,1136.5042,50.0,False,NOMINAL,HEALTHY,4.92,-11.3
DIG_LOT04_COMP1878,LOT_04,DIGITAL_IC,CQFP-64,DIG-SIH-2026,THERMAL_BURN_IN,T04_1878,PROC-ISRO-IISU-01,ATE-STATION-01,CHAMBER-01,1.0,125.0,5.0,168,IDDQ,ELECTRICAL,uA,1.0842,825.466,825.5052,825.5941,824.3818,25.998,1.8909,12.653,0.0348,0.0201,36.56,36.64,1.0842,825.466,825.5052,825.5941,824.3818,50.0,False,NOMINAL,HEALTHY,38.62,-5.48
DIG_LOT04_COMP1879,LOT_04,DIGITAL_IC,CQFP-64,DIG-SIH-2026,THERMAL_BURN_IN,T04_1879,PROC-ISRO-IISU-01,ATE-STATION-01,CHAMBER-01,1.0,125.0,5.0,168,IDDQ,ELECTRICAL,uA,1.1,832.8318,832.8484,832.8958,831.7318,27.051,1.8138,12.461,0.0172,0.0103,33.48,33.06,1.1,832.8318,832.8484,832.8958,831.7318,50.0,False,NOMINAL,HEALTHY,40.9,-10.98
DIG_LOT04_COMP1880,LOT_04,DIGITAL_IC,CQFP-64,DIG-SIH-2026,THERMAL_BURN_IN,T04_1880,PROC-ISRO-IISU-01,ATE-STATION-01,CHAMBER-01,1.0,125.0,5.0,168,IDDQ,ELECTRICAL,uA,1.1657,911.8669,911.8947,911.978,910.7012,27.002,2.2775,12.813,-0.021,-0.0269,35.26,35.73,1.1657,911.8669,911.8947,911.978,910.7012,50.0,False,NOMINAL,HEALTHY,-1.75,34.4
DIG_LOT04_COMP1881,LOT_04,DIGITAL_IC,CQFP-64,DIG-SIH-2026,THERMAL_BURN_IN,T04_1881,PROC-ISRO-IISU-01,ATE-STATION-01,CHAMBER-01,1.0,125.0,5.0,168,IDDQ,ELECTRICAL,uA,1.1651,890.1594,890.2371,890.2466,888.9943,25.413,1.7497,11.823,-0.0466,-0.0466,35.12,36.21,1.1651,890.1594,890.2371,890.2466,888.9943,50.0,False,NOMINAL,HEALTHY,-27.04,-39.59
DIG_LOT04_COMP1882,LOT_04,DIGITAL_IC,CQFP-64,DIG-SIH-2026,THERMAL_BURN_IN,T04_1882,PROC-ISRO-IISU-01,ATE-STATION-01,CHAMBER-01,1.0,125.0,5.0,168,IDDQ,ELECTRICAL,uA,1.3018,995.5477,995.648,995.6765,994.2459,22.929,1.9112,11.036,-0.0003,-0.0504,35.12,34.56,1.3018,995.5477,995.648,995.6765,994.2459,50.0,False,NOMINAL,HEALTHY,43.7,14.23
DIG_LOT04_COMP1883,LOT_04,DIGITAL_IC,CQFP-64,DIG-SIH-2026,THERMAL_BURN_IN,T04_1883,PROC-ISRO-IISU-01,ATE-STATION-01,CHAMBER-01,1.0,125.0,5.0,168,IDDQ,ELECTRICAL,uA,1.5602,1184.842,1184.8929,1184.9754,1183.2818,26.475,2.3792,14.162,-0.0087,0.0247,35.59,35.6,1.5602,1184.842,1184.8929,1184.9754,1183.2818,50.0,False,NOMINAL,HEALTHY,22.01,7.81
DIG_LOT04_COMP1884,LOT_04,DIGITAL_IC,CQFP-64,DIG-SIH-2026,THERMAL_BURN_IN,T04_1884,PROC-ISRO-IISU-01,ATE-STATION-01,CHAMBER-01,1.0,125.0,5.0,168,IDDQ,ELECTRICAL,uA,1.3054,1022.7254,1022.7796,1022.785,1021.42,24.987,2.1225,13.174,0.0141,-0.019,33.6,33.26,1.3054,1022.7254,1022.7796,1022.785,1021.42,50.0,False,NOMINAL,HEALTHY,34.51,15.96
DIG_LOT04_COMP1885,LOT_04,DIGITAL_IC,CQFP-64,DIG-SIH-2026,THERMAL_BURN_IN,T04_1885,PROC-ISRO-IISU-01,ATE-STATION-01,CHAMBER-01,1.0,125.0,5.0,168,IDDQ,ELECTRICAL,uA,1.3214,1029.1617,1029.2494,1029.2357,1027.8403,28.021,1.6609,12.797,-0.0253,0.0566,34.69,34.58,1.3214,1029.1617,1029.2494,1029.2357,1027.8403,50.0,False,NOMINAL,HEALTHY,23.51,-32.16
DIG_LOT04_COMP1886,LOT_04,DIGITAL_IC,CQFP-64,DIG-SIH-2026,THERMAL_BURN_IN,T04_1886,PROC-ISRO-IISU-01,ATE-STATION-01,CHAMBER-01,1.0,125.0,5.0,168,IDDQ,ELECTRICAL,uA,1.3468,1018.3087,1018.4176,1018.4708,1016.9619,24.523,2.0584,12.072,0.0059,0.0042,35.89,35.19,1.3468,1018.3087,1018.4176,1018.4708,1016.9619,50.0,False,NOMINAL,HEALTHY,6.52,-33.38
DIG_LOT04_COMP1887,LOT_04,DIGITAL_IC,CQFP-64,DIG-SIH-2026,THERMAL_BURN_IN,T04_1887,PROC-ISRO-IISU-01,ATE-STATION-01,CHAMBER-01,1.0,125.0,5.0,168,IDDQ,ELECTRICAL,uA,1.6543,1268.1528,1268.2643,1268.3664,1266.4985,24.684,1.4751,13.106,0.024,0.1026,35.9,35.73,1.6543,1268.1528,1268.2643,1268.3664,1266.4985,50.0,False,NOMINAL,HEALTHY,27.38,-30.88
DIG_LOT04_COMP1888,LOT_04,DIGITAL_IC,CQFP-64,DIG-SIH-2026,THERMAL_BURN_IN,T04_1888,PROC-ISRO-IISU-01,ATE-STATION-01,CHAMBER-01,1.0,125.0,5.0,168,IDDQ,ELECTRICAL,uA,1.484,1129.5769,1129.6657,1129.7697,1128.0929,24.511,1.8181,13.237,0.0275,0.0368,36.09,36.99,1.484,1129.5769,1129.6657,1129.7697,1128.0929,50.0,False,NOMINAL,HEALTHY,23.2,47.42
DIG_LOT04_COMP1889,LOT_04,DIGITAL_IC,CQFP-64,DIG-SIH-2026,THERMAL_BURN_IN,T04_1889,PROC-ISRO-IISU-01,ATE-STATION-01,CHAMBER-01,1.0,125.0,5.0,168,IDDQ,ELECTRICAL,uA,1.4247,1094.6402,1094.7103,1094.8117,1093.2155,23.819,2.3129,11.741,0.0177,-0.0577,37.04,37.26,1.4247,1094.6402,1094.7103,1094.8117,1093.2155,50.0,False,NOMINAL,HEALTHY,-8.34,1.7
DIG_LOT04_COMP1890,LOT_04,DIGITAL_IC,CQFP-64,DIG-SIH-2026,THERMAL_BURN_IN,T04_1890,PROC-ISRO-IISU-01,ATE-STATION-01,CHAMBER-01,1.0,125.0,5.0,168,IDDQ,ELECTRICAL,uA,1.3992,1080.6347,1080.7163,1080.781,1079.2355,23.485,2.2379,13.632,-0.0023,0.0094,33.43,33.61,1.3992,1080.6347,1080.7163,1080.781,1079.2355,50.0,False,NOMINAL,HEALTHY,28.08,-37.62
DIG_LOT04_COMP1891,LOT_04,DIGITAL_IC,CQFP-64,DIG-SIH-2026,THERMAL_BURN_IN,T04_1891,PROC-ISRO-IISU-01,ATE-STATION-01,CHAMBER-01,1.0,125.0,5.0,168,IDDQ,ELECTRICAL,uA,1.5924,1214.7888,1214.8871,1214.9174,1213.1964,22.813,2.1333,13.043,0.0155,-0.0481,36.88,36.74,1.5924,1214.7888,1214.8871,1214.9174,1213.1964,50.0,False,NOMINAL,HEALTHY,-2.98,-47.84
DIG_LOT04_COMP1892,LOT_04,DIGITAL_IC,CQFP-64,DIG-SIH-2026,THERMAL_BURN_IN,T04_1892,PROC-ISRO-IISU-01,ATE-STATION-01,CHAMBER-01,1.0,125.0,5.0,168,IDDQ,ELECTRICAL,uA,1.4377,1109.7787,1109.8321,1109.9153,1108.341,25.718,2.2372,13.379,-0.0122,0.0178,36.39,36.2,1.4377,1109.7787,1109.8321,1109.9153,1108.341,50.0,False,NOMINAL,HEALTHY,-12.5,45.94
DIG_LOT04_COMP1893,LOT_04,DIGITAL_IC,CQFP-64,DIG-SIH-2026,THERMAL_BURN_IN,T04_1893,PROC-ISRO-IISU-01,ATE-STATION-01,CHAMBER-01,1.0,125.0,5.0,168,IDDQ,ELECTRICAL,uA,1.371,1039.6944,1039.7415,1039.8223,1038.3234,26.498,1.884,12.827,-0.0249,0.1141,33.73,33.0,1.371,1039.6944,1039.7415,1039.8223,1038.3234,50.0,False,NOMINAL,HEALTHY,-36.92,-30.21
DIG_LOT04_COMP1894,LOT_04,DIGITAL_IC,CQFP-64,DIG-SIH-2026,THERMAL_BURN_IN,T04_1894,PROC-ISRO-IISU-01,ATE-STATION-01,CHAMBER-01,1.0,125.0,5.0,168,IDDQ,ELECTRICAL,uA,1.417,1105.7307,1105.8435,1105.9164,1104.3137,24.915,2.2976,13.221,0.0042,-0.0073,35.51,34.72,1.417,1105.7307,1105.8435,1105.9164,1104.3137,50.0,False,NOMINAL,HEALTHY,-30.54,44.71
DIG_LOT04_COMP1895,LOT_04,DIGITAL_IC,CQFP-64,DIG-SIH-2026,THERMAL_BURN_IN,T04_1895,PROC-ISRO-IISU-01,ATE-STATION-01,CHAMBER-01,1.0,125.0,5.0,168,IDDQ,ELECTRICAL,uA,1.0861,838.7411,838.8136,838.8797,837.655,26.667,2.5987,13.021,-0.0004,0.0557,33.48,33.56,1.0861,838.7411,838.8136,838.8797,837.655,50.0,False,NOMINAL,HEALTHY,-13.58,42.34
DIG_LOT04_COMP1896,LOT_04,DIGITAL_IC,CQFP-64,DIG-SIH-2026,THERMAL_BURN_IN,T04_1896,PROC-ISRO-IISU-01,ATE-STATION-01,CHAMBER-01,1.0,125.0,5.0,168,IDDQ,ELECTRICAL,uA,1.1332,876.7315,876.8502,876.9188,875.5983,27.424,1.6568,13.07,0.0092,0.019,32.96,33.61,1.1332,876.7315,876.8502,876.9188,875.5983,50.0,False,NOMINAL,HEALTHY,26.65,-30.1
DIG_LOT04_COMP1897,LOT_04,DIGITAL_IC,CQFP-64,DIG-SIH-2026,THERMAL_BURN_IN,T04_1897,PROC-ISRO-IISU-01,ATE-STATION-01,CHAMBER-01,1.0,125.0,5.0,168,IDDQ,ELECTRICAL,uA,1.1346,865.6655,865.739,865.7967,864.5309,25.47,2.0827,13.828,-0.0089,-0.0344,35.94,36.36,1.1346,865.6655,865.739,865.7967,864.5309,50.0,False,NOMINAL,HEALTHY,-27.83,-44.66
DIG_LOT04_COMP1898,LOT_04,DIGITAL_IC,CQFP-64,DIG-SIH-2026,THERMAL_BURN_IN,T04_1898,PROC-ISRO-IISU-01,ATE-STATION-01,CHAMBER-01,1.0,125.0,5.0,168,IDDQ,ELECTRICAL,uA,1.4666,1121.3782,1121.4815,1121.457,1119.9116,26.321,1.9881,12.517,-0.0219,-0.062,34.4,33.84,1.4666,1121.3782,1121.4815,1121.457,1119.9116,50.0,False,NOMINAL,HEALTHY,-10.53,-38.27
DIG_LOT04_COMP1899,LOT_04,DIGITAL_IC,CQFP-64,DIG-SIH-2026,THERMAL_BURN_IN,T04_1899,PROC-ISRO-IISU-01,ATE-STATION-01,CHAMBER-01,1.0,125.0,5.0,168,IDDQ,ELECTRICAL,uA,1.3463,1030.0256,1031.5373,1037.8578,1028.6793,25.842,2.2788,13.178,-0.0517,-0.0876,34.59,34.6,1.3463,1030.0256,1031.5373,1037.8578,1028.6793,50.0,True,ELECTROMIGRATION,HEALTHY,-29.27,-24.72
DIG_LOT04_COMP1900,LOT_04,DIGITAL_IC,CQFP-64,DIG-SIH-2026,THERMAL_BURN_IN,T04_1900,PROC-ISRO-IISU-01,ATE-STATION-01,CHAMBER-01,1.0,125.0,5.0,168,IDDQ,ELECTRICAL,uA,1.3214,1035.3003,1035.391,1035.4541,1033.9789,23.13,2.1428,11.505,-0.0455,-0.0755,36.06,36.42,1.3214,1035.3003,1035.391,1035.4541,1033.9789,50.0,False,NOMINAL,HEALTHY,-32.64,-6.99
DIG_LOT04_COMP1901,LOT_04,DIGITAL_IC,CQFP-64,DIG-SIH-2026,THERMAL_BURN_IN,T04_1901,PROC-ISRO-IISU-01,ATE-STATION-01,CHAMBER-01,1.0,125.0,5.0,168,IDDQ,ELECTRICAL,uA,1.3838,1048.122,1048.2111,1048.2788,1046.7382,23.076,2.2163,12.921,-0.0001,-0.0306,32.71,32.96,1.3838,1048.122,1048.2111,1048.2788,1046.7382,50.0,False,NOMINAL,HEALTHY,-27.78,36.93
DIG_LOT04_COMP1902,LOT_04,DIGITAL_IC,CQFP-64,DIG-SIH-2026,THERMAL_BURN_IN,T04_1902,PROC-ISRO-IISU-01,ATE-STATION-01,CHAMBER-01,1.0,125.0,5.0,168,IDDQ,ELECTRICAL,uA,1.2318,946.4938,946.5944,946.6387,945.262,25.452,2.2702,12.844,0.0119,0.0611,33.84,33.73,1.2318,946.4938,946.5944,946.6387,945.262,50.0,False,NOMINAL,HEALTHY,-23.01,46.06
DIG_LOT04_COMP1903,LOT_04,DIGITAL_IC,CQFP-64,DIG-SIH-2026,THERMAL_BURN_IN,T04_1903,PROC-ISRO-IISU-01,ATE-STATION-01,CHAMBER-01,1.0,125.0,5.0,168,IDDQ,ELECTRICAL,uA,1.5268,1163.1165,1163.201,1163.2803,1161.5897,23.891,1.6962,12.156,-0.0164,0.0199,34.95,34.88,1.5268,1163.1165,1163.201,1163.2803,1161.5897,50.0,False,NOMINAL,HEALTHY,42.86,-30.61
DIG_LOT04_COMP1904,LOT_04,DIGITAL_IC,CQFP-64,DIG-SIH-2026,THERMAL_BURN_IN,T04_1904,PROC-ISRO-IISU-01,ATE-STATION-01,CHAMBER-01,1.0,125.0,5.0,168,IDDQ,ELECTRICAL,uA,1.399,1076.9729,1077.0913,1077.1044,1075.5739,23.583,2.1408,13.845,0.0043,0.0121,36.66,37.3,1.399,1076.9729,1077.0913,1077.1044,1075.5739,50.0,False,NOMINAL,HEALTHY,30.05,-0.74
DIG_LOT04_COMP1905,LOT_04,DIGITAL_IC,CQFP-64,DIG-SIH-2026,THERMAL_BURN_IN,T04_1905,PROC-ISRO-IISU-01,ATE-STATION-01,CHAMBER-01,1.0,125.0,5.0,168,IDDQ,ELECTRICAL,uA,1.331,1026.7197,1026.7409,1026.8602,1025.3887,22.938,2.3774,11.254,-0.0102,-0.0673,32.82,32.71,1.331,1026.7197,1026.7409,1026.8602,1025.3887,50.0,False,NOMINAL,HEALTHY,17.88,-18.29
DIG_LOT04_COMP1906,LOT_04,DIGITAL_IC,CQFP-64,DIG-SIH-2026,THERMAL_BURN_IN,T04_1906,PROC-ISRO-IISU-01,ATE-STATION-01,CHAMBER-01,1.0,125.0,5.0,168,IDDQ,ELECTRICAL,uA,1.1776,898.1245,898.1412,898.2157,896.9469,25.385,2.1808,13.744,0.0272,0.0546,34.92,34.26,1.1776,898.1245,898.1412,898.2157,896.9469,50.0,False,NOMINAL,HEALTHY,-24.01,40.21
DIG_LOT04_COMP1907,LOT_04,DIGITAL_IC,CQFP-64,DIG-SIH-2026,THERMAL_BURN_IN,T04_1907,PROC-ISRO-IISU-01,ATE-STATION-01,CHAMBER-01,1.0,125.0,5.0,168,IDDQ,ELECTRICAL,uA,1.3452,1021.7961,1021.9604,1021.9474,1020.4509,23.833,2.1806,11.712,-0.0161,-0.0727,35.23,34.75,1.3452,1021.7961,1021.9604,1021.9474,1020.4509,50.0,False,NOMINAL,HEALTHY,-9.04,49.27
DIG_LOT04_COMP1908,LOT_04,DIGITAL_IC,CQFP-64,DIG-SIH-2026,THERMAL_BURN_IN,T04_1908,PROC-ISRO-IISU-01,ATE-STATION-01,CHAMBER-01,1.0,125.0,5.0,168,IDDQ,ELECTRICAL,uA,1.0234,792.4352,792.4953,792.5703,791.4118,25.211,2.1644,13.035,-0.006,-0.0341,34.5,35.23,1.0234,792.4352,792.4953,792.5703,791.4118,50.0,False,NOMINAL,HEALTHY,-34.9,10.96
DIG_LOT04_COMP1909,LOT_04,DIGITAL_IC,CQFP-64,DIG-SIH-2026,THERMAL_BURN_IN,T04_1909,PROC-ISRO-IISU-01,ATE-STATION-01,CHAMBER-01,1.0,125.0,5.0,168,IDDQ,ELECTRICAL,uA,1.3508,1039.8475,1039.983,1040.0258,1038.4967,23.677,2.0008,12.434,0.009,-0.0047,35.27,35.99,1.3508,1039.8475,1039.983,1040.0258,1038.4967,50.0,False,NOMINAL,HEALTHY,-23.05,-31.83
DIG_LOT04_COMP1910,LOT_04,DIGITAL_IC,CQFP-64,DIG-SIH-2026,THERMAL_BURN_IN,T04_1910,PROC-ISRO-IISU-01,ATE-STATION-01,CHAMBER-01,1.0,125.0,5.0,168,IDDQ,ELECTRICAL,uA,1.3536,1044.8417,1044.9189,1044.9728,1043.4881,26.506,1.789,11.711,-0.0103,0.0736,36.42,35.38,1.3536,1044.8417,1044.9189,1044.9728,1043.4881,50.0,False,NOMINAL,HEALTHY,-19.65,-11.77
DIG_LOT04_COMP1911,LOT_04,DIGITAL_IC,CQFP-64,DIG-SIH-2026,THERMAL_BURN_IN,T04_1911,PROC-ISRO-IISU-01,ATE-STATION-01,CHAMBER-01,1.0,125.0,5.0,168,IDDQ,ELECTRICAL,uA,1.5181,1167.1819,1167.2621,1167.3583,1165.6638,25.766,1.962,12.724,0.0192,0.0029,36.59,37.41,1.5181,1167.1819,1167.2621,1167.3583,1165.6638,50.0,False,NOMINAL,HEALTHY,-3.87,42.65
DIG_LOT04_COMP1912,LOT_04,DIGITAL_IC,CQFP-64,DIG-SIH-2026,THERMAL_BURN_IN,T04_1912,PROC-ISRO-IISU-01,ATE-STATION-01,CHAMBER-01,1.0,125.0,5.0,168,IDDQ,ELECTRICAL,uA,1.4167,1088.1182,1088.1905,1088.2268,1086.7015,24.453,2.3925,11.755,0.0398,0.0732,33.63,33.58,1.4167,1088.1182,1088.1905,1088.2268,1086.7015,50.0,False,NOMINAL,HEALTHY,3.05,-49.05
DIG_LOT04_COMP1913,LOT_04,DIGITAL_IC,CQFP-64,DIG-SIH-2026,THERMAL_BURN_IN,T04_1913,PROC-ISRO-IISU-01,ATE-STATION-01,CHAMBER-01,1.0,125.0,5.0,168,IDDQ,ELECTRICAL,uA,1.326,1013.5957,1013.6939,1013.7178,1012.2697,22.836,2.248,13.63,0.0012,-0.0132,35.01,35.57,1.326,1013.5957,1013.6939,1013.7178,1012.2697,50.0,False,NOMINAL,HEALTHY,-9.6,-41.73
DIG_LOT04_COMP1914,LOT_04,DIGITAL_IC,CQFP-64,DIG-SIH-2026,THERMAL_BURN_IN,T04_1914,PROC-ISRO-IISU-01,ATE-STATION-01,CHAMBER-01,1.0,125.0,5.0,168,IDDQ,ELECTRICAL,uA,1.3181,1023.5238,1023.6005,1023.6521,1022.2057,22.307,2.1064,12.43,0.0138,-0.0336,35.46,35.23,1.3181,1023.5238,1023.6005,1023.6521,1022.2057,50.0,False,NOMINAL,HEALTHY,-32.3,-25.85
DIG_LOT04_COMP1915,LOT_04,DIGITAL_IC,CQFP-64,DIG-SIH-2026,THERMAL_BURN_IN,T04_1915,PROC-ISRO-IISU-01,ATE-STATION-01,CHAMBER-01,1.0,125.0,5.0,168,IDDQ,ELECTRICAL,uA,1.4244,1100.026,1100.1,1100.1838,1098.6016,26.425,1.8684,12.124,0.0529,0.0313,34.64,35.11,1.4244,1100.026,1100.1,1100.1838,1098.6016,50.0,False,NOMINAL,HEALTHY,15.15,-8.3
DIG_LOT04_COMP1916,LOT_04,DIGITAL_IC,CQFP-64,DIG-SIH-2026,THERMAL_BURN_IN,T04_1916,PROC-ISRO-IISU-01,ATE-STATION-01,CHAMBER-01,1.0,125.0,5.0,168,IDDQ,ELECTRICAL,uA,1.3892,1079.0878,1079.2042,1079.2413,1077.6986,21.429,2.0166,12.52,-0.0046,0.0182,34.82,35.14,1.3892,1079.0878,1079.2042,1079.2413,1077.6986,50.0,False,NOMINAL,HEALTHY,19.89,46.98
DIG_LOT04_COMP1917,LOT_04,DIGITAL_IC,CQFP-64,DIG-SIH-2026,THERMAL_BURN_IN,T04_1917,PROC-ISRO-IISU-01,ATE-STATION-01,CHAMBER-01,1.0,125.0,5.0,168,IDDQ,ELECTRICAL,uA,1.6789,1299.653,1299.7519,1299.7787,1297.9741,26.422,1.8519,10.927,0.0528,0.0282,34.45,34.08,1.6789,1299.653,1299.7519,1299.7787,1297.9741,50.0,False,NOMINAL,HEALTHY,47.12,-18.62
DIG_LOT04_COMP1918,LOT_04,DIGITAL_IC,CQFP-64,DIG-SIH-2026,THERMAL_BURN_IN,T04_1918,PROC-ISRO-IISU-01,ATE-STATION-01,CHAMBER-01,1.0,125.0,5.0,168,IDDQ,ELECTRICAL,uA,1.3763,1056.8126,1056.8749,1056.9435,1055.4363,25.768,1.9246,11.731,0.0273,0.0411,33.7,33.56,1.3763,1056.8126,1056.8749,1056.9435,1055.4363,50.0,False,NOMINAL,HEALTHY,17.06,-42.48
DIG_LOT04_COMP1919,LOT_04,DIGITAL_IC,CQFP-64,DIG-SIH-2026,THERMAL_BURN_IN,T04_1919,PROC-ISRO-IISU-01,ATE-STATION-01,CHAMBER-01,1.0,125.0,5.0,168,IDDQ,ELECTRICAL,uA,1.5291,1164.5814,1164.7066,1164.7142,1163.0523,24.929,1.4883,11.658,0.0134,-0.0125,34.18,33.75,1.5291,1164.5814,1164.7066,1164.7142,1163.0523,50.0,False,NOMINAL,HEALTHY,-36.34,48.32
DIG_LOT04_COMP1920,LOT_04,DIGITAL_IC,CQFP-64,DIG-SIH-2026,THERMAL_BURN_IN,T04_1920,PROC-ISRO-IISU-01,ATE-STATION-01,CHAMBER-01,1.0,125.0,5.0,168,IDDQ,ELECTRICAL,uA,1.2908,999.9989,1000.0958,1000.1444,998.7081,24.288,2.6201,12.266,-0.0204,-0.047,33.71,33.25,1.2908,999.9989,1000.0958,1000.1444,998.7081,50.0,False,NOMINAL,HEALTHY,-30.23,15.64
DIG_LOT04_COMP1921,LOT_04,DIGITAL_IC,CQFP-64,DIG-SIH-2026,THERMAL_BURN_IN,T04_1921,PROC-ISRO-IISU-01,ATE-STATION-01,CHAMBER-01,1.0,125.0,5.0,168,IDDQ,ELECTRICAL,uA,1.2882,972.2043,972.3147,972.3624,970.9161,26.42,1.7943,12.846,-0.0179,0.0999,34.89,34.94,1.2882,972.2043,972.3147,972.3624,970.9161,50.0,False,NOMINAL,HEALTHY,-30.06,-8.31
DIG_LOT04_COMP1922,LOT_04,DIGITAL_IC,CQFP-64,DIG-SIH-2026,THERMAL_BURN_IN,T04_1922,PROC-ISRO-IISU-01,ATE-STATION-01,CHAMBER-01,1.0,125.0,5.0,168,IDDQ,ELECTRICAL,uA,0.957,743.2851,743.3417,743.3565,742.3281,22.925,1.8547,12.58,-0.0568,-0.0123,35.69,34.98,0.957,743.2851,743.3417,743.3565,742.3281,50.0,False,NOMINAL,HEALTHY,19.29,8.63
DIG_LOT04_COMP1923,LOT_04,DIGITAL_IC,CQFP-64,DIG-SIH-2026,THERMAL_BURN_IN,T04_1923,PROC-ISRO-IISU-01,ATE-STATION-01,CHAMBER-01,1.0,125.0,5.0,168,IDDQ,ELECTRICAL,uA,1.3288,1007.8886,1007.9267,1007.9816,1006.5598,24.843,1.7341,11.982,-0.0153,0.0018,33.63,33.7,1.3288,1007.8886,1007.9267,1007.9816,1006.5598,50.0,False,NOMINAL,HEALTHY,-22.01,40.33
DIG_LOT04_COMP1924,LOT_04,DIGITAL_IC,CQFP-64,DIG-SIH-2026,THERMAL_BURN_IN,T04_1924,PROC-ISRO-IISU-01,ATE-STATION-01,CHAMBER-01,1.0,125.0,5.0,168,IDDQ,ELECTRICAL,uA,1.1335,866.9,866.9807,867.0433,865.7665,26.539,1.6958,11.334,0.005,0.0139,33.98,34.05,1.1335,866.9,866.9807,867.0433,865.7665,50.0,False,NOMINAL,HEALTHY,-29.22,-7.76
DIG_LOT04_COMP1925,LOT_04,DIGITAL_IC,CQFP-64,DIG-SIH-2026,THERMAL_BURN_IN,T04_1925,PROC-ISRO-IISU-01,ATE-STATION-01,CHAMBER-01,1.0,125.0,5.0,168,IDDQ,ELECTRICAL,uA,1.1643,908.9643,909.0662,909.0867,907.8,24.997,1.8173,11.728,-0.0032,0.062,33.57,33.64,1.1643,908.9643,909.0662,909.0867,907.8,50.0,False,NOMINAL,HEALTHY,3.76,44.36
DIG_LOT04_COMP1926,LOT_04,DIGITAL_IC,CQFP-64,DIG-SIH-2026,THERMAL_BURN_IN,T04_1926,PROC-ISRO-IISU-01,ATE-STATION-01,CHAMBER-01,1.0,125.0,5.0,168,IDDQ,ELECTRICAL,uA,1.1797,920.4065,920.4622,920.5038,919.2268,25.074,1.6869,12.87,0.0039,0.0799,34.81,35.13,1.1797,920.4065,920.4622,920.5038,919.2268,50.0,False,NOMINAL,HEALTHY,-43.57,18.1
DIG_LOT04_COMP1927,LOT_04,DIGITAL_IC,CQFP-64,DIG-SIH-2026,THERMAL_BURN_IN,T04_1927,PROC-ISRO-IISU-01,ATE-STATION-01,CHAMBER-01,1.0,125.0,5.0,168,IDDQ,ELECTRICAL,uA,1.5171,1165.4882,1165.5726,1165.6608,1163.9711,22.735,1.7825,11.863,-0.0055,0.0324,33.77,33.41,1.5171,1165.4882,1165.5726,1165.6608,1163.9711,50.0,False,NOMINAL,HEALTHY,22.52,-23.77
DIG_LOT04_COMP1928,LOT_04,DIGITAL_IC,CQFP-64,DIG-SIH-2026,THERMAL_BURN_IN,T04_1928,PROC-ISRO-IISU-01,ATE-STATION-01,CHAMBER-01,1.0,125.0,5.0,168,IDDQ,ELECTRICAL,uA,1.2894,993.2395,993.3433,993.3892,991.9501,22.641,2.226,12.129,0.0028,0.0158,36.55,36.27,1.2894,993.2395,993.3433,993.3892,991.9501,50.0,False,NOMINAL,HEALTHY,-2.5,-11.35
DIG_LOT04_COMP1929,LOT_04,DIGITAL_IC,CQFP-64,DIG-SIH-2026,THERMAL_BURN_IN,T04_1929,PROC-ISRO-IISU-01,ATE-STATION-01,CHAMBER-01,1.0,125.0,5.0,168,IDDQ,ELECTRICAL,uA,1.6239,1253.4019,1253.4437,1253.6172,1251.778,25.359,1.7137,11.757,-0.0399,0.0107,33.11,32.59,1.6239,1253.4019,1253.4437,1253.6172,1251.778,50.0,False,NOMINAL,HEALTHY,40.66,-29.74
DIG_LOT04_COMP1930,LOT_04,DIGITAL_IC,CQFP-64,DIG-SIH-2026,THERMAL_BURN_IN,T04_1930,PROC-ISRO-IISU-01,ATE-STATION-01,CHAMBER-01,1.0,125.0,5.0,168,IDDQ,ELECTRICAL,uA,1.2069,925.7047,925.7891,925.8216,924.4978,25.272,2.0214,13.496,0.0058,-0.0109,36.02,36.52,1.2069,925.7047,925.7891,925.8216,924.4978,50.0,False,NOMINAL,HEALTHY,-10.16,8.39
DIG_LOT04_COMP1931,LOT_04,DIGITAL_IC,CQFP-64,DIG-SIH-2026,THERMAL_BURN_IN,T04_1931,PROC-ISRO-IISU-01,ATE-STATION-01,CHAMBER-01,1.0,125.0,5.0,168,IDDQ,ELECTRICAL,uA,1.2043,929.3162,929.3999,929.4612,928.1119,27.347,1.399,12.545,-0.0055,0.0248,35.08,35.13,1.2043,929.3162,929.3999,929.4612,928.1119,50.0,False,NOMINAL,HEALTHY,14.77,-5.03
DIG_LOT04_COMP1932,LOT_04,DIGITAL_IC,CQFP-64,DIG-SIH-2026,THERMAL_BURN_IN,T04_1932,PROC-ISRO-IISU-01,ATE-STATION-01,CHAMBER-01,1.0,125.0,5.0,168,IDDQ,ELECTRICAL,uA,1.1946,908.8142,908.8949,908.936,907.6196,25.287,1.992,12.38,0.0071,-0.0977,35.22,35.3,1.1946,908.8142,908.8949,908.936,907.6196,50.0,False,NOMINAL,HEALTHY,35.22,-33.05
DIG_LOT04_COMP1933,LOT_04,DIGITAL_IC,CQFP-64,DIG-SIH-2026,THERMAL_BURN_IN,T04_1933,PROC-ISRO-IISU-01,ATE-STATION-01,CHAMBER-01,1.0,125.0,5.0,168,IDDQ,ELECTRICAL,uA,1.6014,1223.1192,1223.2314,1223.3415,1221.5178,26.905,1.2544,10.982,0.0024,0.0639,36.69,36.33,1.6014,1223.1192,1223.2314,1223.3415,1221.5178,50.0,False,NOMINAL,HEALTHY,9.28,-32.73
DIG_LOT04_COMP1934,LOT_04,DIGITAL_IC,CQFP-64,DIG-SIH-2026,THERMAL_BURN_IN,T04_1934,PROC-ISRO-IISU-01,ATE-STATION-01,CHAMBER-01,1.0,125.0,5.0,168,IDDQ,ELECTRICAL,uA,1.3568,1036.9507,1037.0342,1037.0857,1035.5939,21.787,2.2166,13.169,-0.0066,0.0065,37.46,36.47,1.3568,1036.9507,1037.0342,1037.0857,1035.5939,50.0,False,NOMINAL,HEALTHY,-38.98,2.16
DIG_LOT04_COMP1935,LOT_04,DIGITAL_IC,CQFP-64,DIG-SIH-2026,THERMAL_BURN_IN,T04_1935,PROC-ISRO-IISU-01,ATE-STATION-01,CHAMBER-01,1.0,125.0,5.0,168,IDDQ,ELECTRICAL,uA,1.0457,791.6711,791.7624,791.7649,790.6254,21.744,2.2783,13.245,-0.003,-0.034,34.7,34.63,1.0457,791.6711,791.7624,791.7649,790.6254,50.0,False,NOMINAL,HEALTHY,-47.79,-29.89
DIG_LOT04_COMP1936,LOT_04,DIGITAL_IC,CQFP-64,DIG-SIH-2026,THERMAL_BURN_IN,T04_1936,PROC-ISRO-IISU-01,ATE-STATION-01,CHAMBER-01,1.0,125.0,5.0,168,IDDQ,ELECTRICAL,uA,1.3283,1022.8582,1022.987,1023.0309,1021.5299,24.161,2.0746,12.549,-0.0022,0.0101,35.76,36.08,1.3283,1022.8582,1022.987,1023.0309,1021.5299,50.0,False,NOMINAL,HEALTHY,23.33,-49.62
DIG_LOT04_COMP1937,LOT_04,DIGITAL_IC,CQFP-64,DIG-SIH-2026,THERMAL_BURN_IN,T04_1937,PROC-ISRO-IISU-01,ATE-STATION-01,CHAMBER-01,1.0,125.0,5.0,168,IDDQ,ELECTRICAL,uA,1.6144,1234.4298,1234.5334,1234.5799,1232.8154,26.122,1.6716,13.396,0.0034,-0.0148,33.85,33.64,1.6144,1234.4298,1234.5334,1234.5799,1232.8154,50.0,False,NOMINAL,HEALTHY,43.23,-30.07
DIG_LOT04_COMP1938,LOT_04,DIGITAL_IC,CQFP-64,DIG-SIH-2026,THERMAL_BURN_IN,T04_1938,PROC-ISRO-IISU-01,ATE-STATION-01,CHAMBER-01,1.0,125.0,5.0,168,IDDQ,ELECTRICAL,uA,1.224,960.7689,960.806,960.857,959.5449,24.689,1.6848,12.317,-0.011,0.0293,34.07,34.3,1.224,960.7689,960.806,960.857,959.5449,50.0,False,NOMINAL,HEALTHY,7.11,30.56
DIG_LOT04_COMP1939,LOT_04,DIGITAL_IC,CQFP-64,DIG-SIH-2026,THERMAL_BURN_IN,T04_1939,PROC-ISRO-IISU-01,ATE-STATION-01,CHAMBER-01,1.0,125.0,5.0,168,IDDQ,ELECTRICAL,uA,1.2134,921.7363,921.79,921.844,920.5229,25.177,2.1326,12.149,-0.0395,-0.0405,35.34,33.54,1.2134,921.7363,921.79,921.844,920.5229,50.0,False,NOMINAL,HEALTHY,-35.29,-44.85
DIG_LOT04_COMP1940,LOT_04,DIGITAL_IC,CQFP-64,DIG-SIH-2026,THERMAL_BURN_IN,T04_1940,PROC-ISRO-IISU-01,ATE-STATION-01,CHAMBER-01,1.0,125.0,5.0,168,IDDQ,ELECTRICAL,uA,1.2651,987.5548,987.6299,987.7134,986.2897,27.021,1.8163,11.499,-0.0488,-0.0333,34.8,35.24,1.2651,987.5548,987.6299,987.7134,986.2897,50.0,False,NOMINAL,HEALTHY,35.43,20.53
DIG_LOT04_COMP1941,LOT_04,DIGITAL_IC,CQFP-64,DIG-SIH-2026,THERMAL_BURN_IN,T04_1941,PROC-ISRO-IISU-01,ATE-STATION-01,CHAMBER-01,1.0,125.0,5.0,168,IDDQ,ELECTRICAL,uA,1.2629,979.2785,979.3374,979.3498,978.0156,24.153,1.8937,12.356,0.0111,-0.0726,35.2,34.74,1.2629,979.2785,979.3374,979.3498,978.0156,50.0,False,NOMINAL,HEALTHY,49.72,24.97
DIG_LOT04_COMP1942,LOT_04,DIGITAL_IC,CQFP-64,DIG-SIH-2026,THERMAL_BURN_IN,T04_1942,PROC-ISRO-IISU-01,ATE-STATION-01,CHAMBER-01,1.0,125.0,5.0,168,IDDQ,ELECTRICAL,uA,1.1423,884.4748,884.5434,884.5765,883.3325,22.711,1.7187,12.204,0.0073,-0.051,35.12,34.92,1.1423,884.4748,884.5434,884.5765,883.3325,50.0,False,NOMINAL,HEALTHY,-15.3,21.07
DIG_LOT04_COMP1943,LOT_04,DIGITAL_IC,CQFP-64,DIG-SIH-2026,THERMAL_BURN_IN,T04_1943,PROC-ISRO-IISU-01,ATE-STATION-01,CHAMBER-01,1.0,125.0,5.0,168,IDDQ,ELECTRICAL,uA,1.6702,1278.6177,1278.7158,1278.8193,1276.9475,25.115,1.8858,13.481,-0.0131,-0.0619,33.71,34.06,1.6702,1278.6177,1278.7158,1278.8193,1276.9475,50.0,False,NOMINAL,HEALTHY,-36.77,-25.73
DIG_LOT04_COMP1944,LOT_04,DIGITAL_IC,CQFP-64,DIG-SIH-2026,THERMAL_BURN_IN,T04_1944,PROC-ISRO-IISU-01,ATE-STATION-01,CHAMBER-01,1.0,125.0,5.0,168,IDDQ,ELECTRICAL,uA,1.1916,945.0941,945.1557,945.191,943.9025,26.846,2.011,12.583,-0.0036,0.0528,35.26,35.73,1.1916,945.0941,945.1557,945.191,943.9025,50.0,False,NOMINAL,HEALTHY,27.62,-34.21
DIG_LOT04_COMP1945,LOT_04,DIGITAL_IC,CQFP-64,DIG-SIH-2026,THERMAL_BURN_IN,T04_1945,PROC-ISRO-IISU-01,ATE-STATION-01,CHAMBER-01,1.0,125.0,5.0,168,IDDQ,ELECTRICAL,uA,1.2715,999.6274,999.6929,999.7515,998.3559,24.882,2.2065,12.043,-0.0115,-0.0542,36.41,36.8,1.2715,999.6274,999.6929,999.7515,998.3559,50.0,False,NOMINAL,HEALTHY,-42.18,7.55
DIG_LOT04_COMP1946,LOT_04,DIGITAL_IC,CQFP-64,DIG-SIH-2026,THERMAL_BURN_IN,T04_1946,PROC-ISRO-IISU-01,ATE-STATION-01,CHAMBER-01,1.0,125.0,5.0,168,IDDQ,ELECTRICAL,uA,1.2835,997.1229,997.202,997.2685,995.8394,23.715,2.4083,12.312,0.0054,-0.0048,35.14,35.27,1.2835,997.1229,997.202,997.2685,995.8394,50.0,False,NOMINAL,HEALTHY,13.35,-6.14
DIG_LOT04_COMP1947,LOT_04,DIGITAL_IC,CQFP-64,DIG-SIH-2026,THERMAL_BURN_IN,T04_1947,PROC-ISRO-IISU-01,ATE-STATION-01,CHAMBER-01,1.0,125.0,5.0,168,IDDQ,ELECTRICAL,uA,1.3314,1029.9567,1030.0358,1030.0942,1028.6253,24.5,1.5832,11.261,-0.0604,-0.0292,33.17,32.77,1.3314,1029.9567,1030.0358,1030.0942,1028.6253,50.0,False,NOMINAL,HEALTHY,2.75,37.52
DIG_LOT04_COMP1948,LOT_04,DIGITAL_IC,CQFP-64,DIG-SIH-2026,THERMAL_BURN_IN,T04_1948,PROC-ISRO-IISU-01,ATE-STATION-01,CHAMBER-01,1.0,125.0,5.0,168,IDDQ,ELECTRICAL,uA,1.3809,1065.1057,1065.1868,1065.1961,1063.7248,25.695,1.7619,12.531,-0.027,0.0256,34.04,34.34,1.3809,1065.1057,1065.1868,1065.1961,1063.7248,50.0,False,NOMINAL,HEALTHY,47.97,-18.89
DIG_LOT04_COMP1949,LOT_04,DIGITAL_IC,CQFP-64,DIG-SIH-2026,THERMAL_BURN_IN,T04_1949,PROC-ISRO-IISU-01,ATE-STATION-01,CHAMBER-01,1.0,125.0,5.0,168,IDDQ,ELECTRICAL,uA,1.2265,949.6041,949.6693,949.6983,948.3776,21.755,2.1299,13.049,0.0056,-0.0092,34.38,34.97,1.2265,949.6041,949.6693,949.6983,948.3776,50.0,False,NOMINAL,HEALTHY,-12.8,-18.94
DIG_LOT04_COMP1950,LOT_04,DIGITAL_IC,CQFP-64,DIG-SIH-2026,THERMAL_BURN_IN,T04_1950,PROC-ISRO-IISU-01,ATE-STATION-01,CHAMBER-01,1.0,125.0,5.0,168,IDDQ,ELECTRICAL,uA,1.2558,975.7834,975.8433,975.8743,974.5276,22.689,1.7024,12.424,-0.0013,0.0843,35.1,35.7,1.2558,975.7834,975.8433,975.8743,974.5276,50.0,False,NOMINAL,HEALTHY,-17.84,-26.41
DIG_LOT04_COMP1951,LOT_04,DIGITAL_IC,CQFP-64,DIG-SIH-2026,THERMAL_BURN_IN,T04_1951,PROC-ISRO-IISU-01,ATE-STATION-01,CHAMBER-01,1.0,125.0,5.0,168,IDDQ,ELECTRICAL,uA,1.4157,1090.6179,1090.6941,1090.7206,1089.2022,24.63,1.7043,12.229,-0.0082,0.0089,36.37,36.75,1.4157,1090.6179,1090.6941,1090.7206,1089.2022,50.0,False,NOMINAL,HEALTHY,31.54,-49.17
DIG_LOT04_COMP1952,LOT_04,DIGITAL_IC,CQFP-64,DIG-SIH-2026,THERMAL_BURN_IN,T04_1952,PROC-ISRO-IISU-01,ATE-STATION-01,CHAMBER-01,1.0,125.0,5.0,168,IDDQ,ELECTRICAL,uA,1.3258,1035.9204,1035.977,1036.05,1034.5946,23.956,2.0305,12.152,-0.026,0.0168,34.23,34.24,1.3258,1035.9204,1035.977,1036.05,1034.5946,50.0,False,NOMINAL,HEALTHY,-42.51,-49.08
DIG_LOT04_COMP1953,LOT_04,DIGITAL_IC,CQFP-64,DIG-SIH-2026,THERMAL_BURN_IN,T04_1953,PROC-ISRO-IISU-01,ATE-STATION-01,CHAMBER-01,1.0,125.0,5.0,168,IDDQ,ELECTRICAL,uA,1.0405,800.0209,800.1031,800.067,798.9804,22.948,2.649,13.415,-0.0002,0.0315,36.33,36.85,1.0405,800.0209,800.1031,800.067,798.9804,50.0,False,NOMINAL,HEALTHY,21.23,-44.5
DIG_LOT04_COMP1954,LOT_04,DIGITAL_IC,CQFP-64,DIG-SIH-2026,THERMAL_BURN_IN,T04_1954,PROC-ISRO-IISU-01,ATE-STATION-01,CHAMBER-01,1.0,125.0,5.0,168,IDDQ,ELECTRICAL,uA,1.5001,1150.4267,1150.5109,1150.5905,1148.9266,25.947,2.0394,11.491,-0.023,0.0205,36.24,36.57,1.5001,1150.4267,1150.5109,1150.5905,1148.9266,50.0,False,NOMINAL,HEALTHY,48.73,10.93
DIG_LOT04_COMP1955,LOT_04,DIGITAL_IC,CQFP-64,DIG-SIH-2026,THERMAL_BURN_IN,T04_1955,PROC-ISRO-IISU-01,ATE-STATION-01,CHAMBER-01,1.0,125.0,5.0,168,IDDQ,ELECTRICAL,uA,1.2152,937.6833,937.758,937.8304,936.4681,24.396,1.6278,13.177,-0.011,-0.0772,35.6,36.2,1.2152,937.6833,937.758,937.8304,936.4681,50.0,False,NOMINAL,HEALTHY,3.11,-28.59
DIG_LOT04_COMP1956,LOT_04,DIGITAL_IC,CQFP-64,DIG-SIH-2026,THERMAL_BURN_IN,T04_1956,PROC-ISRO-IISU-01,ATE-STATION-01,CHAMBER-01,1.0,125.0,5.0,168,IDDQ,ELECTRICAL,uA,1.4752,1131.6763,1131.7485,1131.8067,1130.2011,23.579,2.3078,12.021,-0.0141,0.0248,32.07,31.69,1.4752,1131.6763,1131.7485,1131.8067,1130.2011,50.0,False,NOMINAL,HEALTHY,35.14,35.35
DIG_LOT04_COMP1957,LOT_04,DIGITAL_IC,CQFP-64,DIG-SIH-2026,THERMAL_BURN_IN,T04_1957,PROC-ISRO-IISU-01,ATE-STATION-01,CHAMBER-01,1.0,125.0,5.0,168,IDDQ,ELECTRICAL,uA,1.1079,866.7087,866.7804,866.7718,865.6008,24.597,2.2865,13.255,-0.0025,0.014,35.21,34.83,1.1079,866.7087,866.7804,866.7718,865.6008,50.0,False,NOMINAL,HEALTHY,-10.14,-42.88
DIG_LOT04_COMP1958,LOT_04,DIGITAL_IC,CQFP-64,DIG-SIH-2026,THERMAL_BURN_IN,T04_1958,PROC-ISRO-IISU-01,ATE-STATION-01,CHAMBER-01,1.0,125.0,5.0,168,IDDQ,ELECTRICAL,uA,1.0214,768.9664,769.0889,769.0979,767.945,22.799,1.7455,11.643,0.0685,0.0568,35.12,33.74,1.0214,768.9664,769.0889,769.0979,767.945,50.0,False,NOMINAL,HEALTHY,-19.89,15.37
DIG_LOT04_COMP1959,LOT_04,DIGITAL_IC,CQFP-64,DIG-SIH-2026,THERMAL_BURN_IN,T04_1959,PROC-ISRO-IISU-01,ATE-STATION-01,CHAMBER-01,1.0,125.0,5.0,168,IDDQ,ELECTRICAL,uA,1.3719,1067.7827,1067.8738,1067.9455,1066.4108,26.467,1.5083,12.057,0.0045,0.033,32.59,32.89,1.3719,1067.7827,1067.8738,1067.9455,1066.4108,50.0,False,NOMINAL,HEALTHY,-42.9,42.63
DIG_LOT04_COMP1960,LOT_04,DIGITAL_IC,CQFP-64,DIG-SIH-2026,THERMAL_BURN_IN,T04_1960,PROC-ISRO-IISU-01,ATE-STATION-01,CHAMBER-01,1.0,125.0,5.0,168,IDDQ,ELECTRICAL,uA,1.1038,849.5872,849.6472,849.6581,848.4834,26.673,2.2142,13.252,-0.0133,-0.0324,35.2,35.48,1.1038,849.5872,849.6472,849.6581,848.4834,50.0,False,NOMINAL,HEALTHY,12.3,48.56
DIG_LOT04_COMP1961,LOT_04,DIGITAL_IC,CQFP-64,DIG-SIH-2026,THERMAL_BURN_IN,T04_1961,PROC-ISRO-IISU-01,ATE-STATION-01,CHAMBER-01,1.0,125.0,5.0,168,IDDQ,ELECTRICAL,uA,1.4208,1087.8474,1087.9034,1087.9603,1086.4266,23.555,2.1312,13.005,0.014,0.0801,35.34,35.52,1.4208,1087.8474,1087.9034,1087.9603,1086.4266,50.0,False,NOMINAL,HEALTHY,-29.62,-24.64
DIG_LOT04_COMP1962,LOT_04,DIGITAL_IC,CQFP-64,DIG-SIH-2026,THERMAL_BURN_IN,T04_1962,PROC-ISRO-IISU-01,ATE-STATION-01,CHAMBER-01,1.0,125.0,5.0,168,IDDQ,ELECTRICAL,uA,0.9939,768.2697,768.3098,768.3875,767.2758,24.891,2.1334,12.772,-0.0085,0.0498,31.9,32.56,0.9939,768.2697,768.3098,768.3875,767.2758,50.0,False,NOMINAL,HEALTHY,-17.9,-12.85
DIG_LOT04_COMP1963,LOT_04,DIGITAL_IC,CQFP-64,DIG-SIH-2026,THERMAL_BURN_IN,T04_1963,PROC-ISRO-IISU-01,ATE-STATION-01,CHAMBER-01,1.0,125.0,5.0,168,IDDQ,ELECTRICAL,uA,1.307,1000.7271,1000.7765,1000.8236,999.4201,24.576,2.2385,12.048,-0.0285,-0.1041,34.69,34.76,1.307,1000.7271,1000.7765,1000.8236,999.4201,50.0,False,NOMINAL,HEALTHY,-36.39,40.7
DIG_LOT04_COMP1964,LOT_04,DIGITAL_IC,CQFP-64,DIG-SIH-2026,THERMAL_BURN_IN,T04_1964,PROC-ISRO-IISU-01,ATE-STATION-01,CHAMBER-01,1.0,125.0,5.0,168,IDDQ,ELECTRICAL,uA,1.3147,995.7611,995.8394,995.9628,994.4464,24.4,2.0259,11.956,0.0268,-0.0035,34.59,35.19,1.3147,995.7611,995.8394,995.9628,994.4464,50.0,False,NOMINAL,HEALTHY,42.43,-12.89
DIG_LOT04_COMP1965,LOT_04,DIGITAL_IC,CQFP-64,DIG-SIH-2026,THERMAL_BURN_IN,T04_1965,PROC-ISRO-IISU-01,ATE-STATION-01,CHAMBER-01,1.0,125.0,5.0,168,IDDQ,ELECTRICAL,uA,1.1483,907.393,907.5066,907.559,906.2447,26.26,1.7142,13.273,-0.0075,0.0386,34.04,33.8,1.1483,907.393,907.5066,907.559,906.2447,50.0,False,NOMINAL,HEALTHY,-26.16,-19.9
DIG_LOT04_COMP1966,LOT_04,DIGITAL_IC,CQFP-64,DIG-SIH-2026,THERMAL_BURN_IN,T04_1966,PROC-ISRO-IISU-01,ATE-STATION-01,CHAMBER-01,1.0,125.0,5.0,168,IDDQ,ELECTRICAL,uA,1.2624,944.8039,944.8874,944.9179,943.5415,26.312,2.1867,12.976,0.0087,-0.0295,34.58,34.07,1.2624,944.8039,944.8874,944.9179,943.5415,50.0,False,NOMINAL,HEALTHY,-29.46,46.01
DIG_LOT04_COMP1967,LOT_04,DIGITAL_IC,CQFP-64,DIG-SIH-2026,THERMAL_BURN_IN,T04_1967,PROC-ISRO-IISU-01,ATE-STATION-01,CHAMBER-01,1.0,125.0,5.0,168,IDDQ,ELECTRICAL,uA,1.4027,1094.6496,1094.7028,1094.8138,1093.2469,26.528,1.8062,13.278,-0.0035,-0.0407,36.95,37.3,1.4027,1094.6496,1094.7028,1094.8138,1093.2469,50.0,False,NOMINAL,HEALTHY,-27.91,-45.76
DIG_LOT04_COMP1968,LOT_04,DIGITAL_IC,CQFP-64,DIG-SIH-2026,THERMAL_BURN_IN,T04_1968,PROC-ISRO-IISU-01,ATE-STATION-01,CHAMBER-01,1.0,125.0,5.0,168,IDDQ,ELECTRICAL,uA,1.0168,777.2376,777.2669,777.3332,776.2208,23.976,1.969,13.686,0.0009,-0.0054,32.55,33.05,1.0168,777.2376,777.2669,777.3332,776.2208,50.0,False,NOMINAL,HEALTHY,45.98,46.81
DIG_LOT04_COMP1969,LOT_04,DIGITAL_IC,CQFP-64,DIG-SIH-2026,THERMAL_BURN_IN,T04_1969,PROC-ISRO-IISU-01,ATE-STATION-01,CHAMBER-01,1.0,125.0,5.0,168,IDDQ,ELECTRICAL,uA,1.3996,1089.8189,1089.8922,1089.8921,1088.4193,22.597,1.9119,11.44,-0.0251,-0.0206,34.62,34.78,1.3996,1089.8189,1089.8922,1089.8921,1088.4193,50.0,False,NOMINAL,HEALTHY,-26.15,-35.23
DIG_LOT04_COMP1970,LOT_04,DIGITAL_IC,CQFP-64,DIG-SIH-2026,THERMAL_BURN_IN,T04_1970,PROC-ISRO-IISU-01,ATE-STATION-01,CHAMBER-01,1.0,125.0,5.0,168,IDDQ,ELECTRICAL,uA,1.3861,1086.7958,1086.8961,1086.8703,1085.4097,24.582,1.8594,12.928,-0.018,-0.0106,36.36,36.71,1.3861,1086.7958,1086.8961,1086.8703,1085.4097,50.0,False,NOMINAL,HEALTHY,38.15,41.79
DIG_LOT04_COMP1971,LOT_04,DIGITAL_IC,CQFP-64,DIG-SIH-2026,THERMAL_BURN_IN,T04_1971,PROC-ISRO-IISU-01,ATE-STATION-01,CHAMBER-01,1.0,125.0,5.0,168,IDDQ,ELECTRICAL,uA,1.1165,857.5262,857.553,857.6329,856.4097,26.34,1.6516,12.563,-0.0131,-0.0664,33.62,34.08,1.1165,857.5262,857.553,857.6329,856.4097,50.0,False,NOMINAL,HEALTHY,-45.71,14.11
DIG_LOT04_COMP1972,LOT_04,DIGITAL_IC,CQFP-64,DIG-SIH-2026,THERMAL_BURN_IN,T04_1972,PROC-ISRO-IISU-01,ATE-STATION-01,CHAMBER-01,1.0,125.0,5.0,168,IDDQ,ELECTRICAL,uA,1.3838,1073.0741,1073.1479,1073.2654,1071.6903,22.915,1.3112,12.529,-0.0122,-0.0824,35.14,34.95,1.3838,1073.0741,1073.1479,1073.2654,1071.6903,50.0,False,NOMINAL,HEALTHY,-9.52,-9.15
DIG_LOT04_COMP1973,LOT_04,DIGITAL_IC,CQFP-64,DIG-SIH-2026,THERMAL_BURN_IN,T04_1973,PROC-ISRO-IISU-01,ATE-STATION-01,CHAMBER-01,1.0,125.0,5.0,168,IDDQ,ELECTRICAL,uA,1.378,1039.5622,1039.5995,1039.6864,1038.1842,26.352,2.4306,11.041,-0.0042,0.0294,34.86,34.66,1.378,1039.5622,1039.5995,1039.6864,1038.1842,50.0,False,NOMINAL,HEALTHY,-22.57,19.52
DIG_LOT04_COMP1974,LOT_04,DIGITAL_IC,CQFP-64,DIG-SIH-2026,THERMAL_BURN_IN,T04_1974,PROC-ISRO-IISU-01,ATE-STATION-01,CHAMBER-01,1.0,125.0,5.0,168,IDDQ,ELECTRICAL,uA,1.0201,761.1056,761.1464,761.2037,760.0855,26.034,2.2508,11.691,-0.0036,-0.0356,33.65,32.99,1.0201,761.1056,761.1464,761.2037,760.0855,50.0,False,NOMINAL,HEALTHY,19.2,-35.15
DIG_LOT04_COMP1975,LOT_04,DIGITAL_IC,CQFP-64,DIG-SIH-2026,THERMAL_BURN_IN,T04_1975,PROC-ISRO-IISU-01,ATE-STATION-01,CHAMBER-01,1.0,125.0,5.0,168,IDDQ,ELECTRICAL,uA,1.5793,1211.7788,1211.9006,1211.9414,1210.1995,24.116,1.7938,12.0,0.0119,-0.0432,34.62,34.36,1.5793,1211.7788,1211.9006,1211.9414,1210.1995,50.0,False,NOMINAL,HEALTHY,-6.33,38.31
DIG_LOT04_COMP1976,LOT_04,DIGITAL_IC,CQFP-64,DIG-SIH-2026,THERMAL_BURN_IN,T04_1976,PROC-ISRO-IISU-01,ATE-STATION-01,CHAMBER-01,1.0,125.0,5.0,168,IDDQ,ELECTRICAL,uA,1.3568,1031.4018,1031.4739,1031.5257,1030.045,26.131,1.6773,13.194,-0.0203,-0.0537,34.58,34.65,1.3568,1031.4018,1031.4739,1031.5257,1030.045,50.0,False,NOMINAL,HEALTHY,-15.0,36.95
DIG_LOT04_COMP1977,LOT_04,DIGITAL_IC,CQFP-64,DIG-SIH-2026,THERMAL_BURN_IN,T04_1977,PROC-ISRO-IISU-01,ATE-STATION-01,CHAMBER-01,1.0,125.0,5.0,168,IDDQ,ELECTRICAL,uA,1.4575,1122.0043,1122.1161,1122.1581,1120.5468,23.976,2.0047,12.694,0.0259,-0.0315,35.95,36.47,1.4575,1122.0043,1122.1161,1122.1581,1120.5468,50.0,False,NOMINAL,HEALTHY,-13.44,49.05
DIG_LOT04_COMP1978,LOT_04,DIGITAL_IC,CQFP-64,DIG-SIH-2026,THERMAL_BURN_IN,T04_1978,PROC-ISRO-IISU-01,ATE-STATION-01,CHAMBER-01,1.0,125.0,5.0,168,IDDQ,ELECTRICAL,uA,1.2991,1027.0205,1027.0601,1027.1582,1025.7214,26.052,2.1987,11.263,0.034,0.047,32.48,32.31,1.2991,1027.0205,1027.0601,1027.1582,1025.7214,50.0,False,NOMINAL,HEALTHY,23.84,-4.47
DIG_LOT04_COMP1979,LOT_04,DIGITAL_IC,CQFP-64,DIG-SIH-2026,THERMAL_BURN_IN,T04_1979,PROC-ISRO-IISU-01,ATE-STATION-01,CHAMBER-01,1.0,125.0,5.0,168,IDDQ,ELECTRICAL,uA,1.0748,837.1796,837.2192,837.2122,836.1048,23.943,1.9158,13.531,-0.0066,0.0314,35.33,36.07,1.0748,837.1796,837.2192,837.2122,836.1048,50.0,False,NOMINAL,HEALTHY,-47.43,22.26
DIG_LOT04_COMP1980,LOT_04,DIGITAL_IC,CQFP-64,DIG-SIH-2026,THERMAL_BURN_IN,T04_1980,PROC-ISRO-IISU-01,ATE-STATION-01,CHAMBER-01,1.0,125.0,5.0,168,IDDQ,ELECTRICAL,uA,1.429,1122.141,1122.2266,1122.2727,1120.712,28.053,1.7462,12.42,-0.0177,-0.0276,35.64,36.13,1.429,1122.141,1122.2266,1122.2727,1120.712,50.0,False,NOMINAL,HEALTHY,17.74,-30.58
DIG_LOT04_COMP1981,LOT_04,DIGITAL_IC,CQFP-64,DIG-SIH-2026,THERMAL_BURN_IN,T04_1981,PROC-ISRO-IISU-01,ATE-STATION-01,CHAMBER-01,1.0,125.0,5.0,168,IDDQ,ELECTRICAL,uA,1.1236,862.1955,862.2035,862.2789,861.0719,23.454,2.0459,12.214,0.0147,0.0963,35.19,35.65,1.1236,862.1955,862.2035,862.2789,861.0719,50.0,False,NOMINAL,HEALTHY,-7.05,45.98
DIG_LOT04_COMP1982,LOT_04,DIGITAL_IC,CQFP-64,DIG-SIH-2026,THERMAL_BURN_IN,T04_1982,PROC-ISRO-IISU-01,ATE-STATION-01,CHAMBER-01,1.0,125.0,5.0,168,IDDQ,ELECTRICAL,uA,1.4858,1118.582,1118.7052,1118.7508,1117.0962,27.781,2.5959,11.437,0.0158,0.0121,36.51,36.64,1.4858,1118.582,1118.7052,1118.7508,1117.0962,50.0,False,NOMINAL,HEALTHY,-25.16,8.75
DIG_LOT04_COMP1983,LOT_04,DIGITAL_IC,CQFP-64,DIG-SIH-2026,THERMAL_BURN_IN,T04_1983,PROC-ISRO-IISU-01,ATE-STATION-01,CHAMBER-01,1.0,125.0,5.0,168,IDDQ,ELECTRICAL,uA,1.2882,1004.7487,1004.7746,1004.8145,1003.4605,26.566,2.4607,12.984,0.0188,0.0856,35.5,36.2,1.2882,1004.7487,1004.7746,1004.8145,1003.4605,50.0,False,NOMINAL,HEALTHY,36.2,-5.77
DIG_LOT04_COMP1984,LOT_04,DIGITAL_IC,CQFP-64,DIG-SIH-2026,THERMAL_BURN_IN,T04_1984,PROC-ISRO-IISU-01,ATE-STATION-01,CHAMBER-01,1.0,125.0,5.0,168,IDDQ,ELECTRICAL,uA,1.2496,965.4609,965.5115,965.6116,964.2113,26.663,2.2304,13.576,0.009,-0.0069,35.28,34.99,1.2496,965.4609,965.5115,965.6116,964.2113,50.0,False,NOMINAL,HEALTHY,-30.81,0.02
DIG_LOT04_COMP1985,LOT_04,DIGITAL_IC,CQFP-64,DIG-SIH-2026,THERMAL_BURN_IN,T04_1985,PROC-ISRO-IISU-01,ATE-STATION-01,CHAMBER-01,1.0,125.0,5.0,168,IDDQ,ELECTRICAL,uA,1.2178,939.5406,939.5924,939.607,938.3228,26.817,2.3318,12.69,0.0072,-0.1231,35.87,35.85,1.2178,939.5406,939.5924,939.607,938.3228,50.0,False,NOMINAL,HEALTHY,-2.69,-9.43
DIG_LOT04_COMP1986,LOT_04,DIGITAL_IC,CQFP-64,DIG-SIH-2026,THERMAL_BURN_IN,T04_1986,PROC-ISRO-IISU-01,ATE-STATION-01,CHAMBER-01,1.0,125.0,5.0,168,IDDQ,ELECTRICAL,uA,1.4652,1111.6159,1111.7005,1111.7776,1110.1507,22.237,2.0905,13.434,0.0188,-0.0401,34.12,34.88,1.4652,1111.6159,1111.7005,1111.7776,1110.1507,50.0,False,NOMINAL,HEALTHY,-0.03,-19.78
DIG_LOT04_COMP1987,LOT_04,DIGITAL_IC,CQFP-64,DIG-SIH-2026,THERMAL_BURN_IN,T04_1987,PROC-ISRO-IISU-01,ATE-STATION-01,CHAMBER-01,1.0,125.0,5.0,168,IDDQ,ELECTRICAL,uA,1.3644,1052.3814,1052.4793,1052.5352,1051.017,24.551,2.3772,11.341,0.0116,0.008,34.03,34.18,1.3644,1052.3814,1052.4793,1052.5352,1051.017,50.0,False,NOMINAL,HEALTHY,21.86,-11.25
DIG_LOT04_COMP1988,LOT_04,DIGITAL_IC,CQFP-64,DIG-SIH-2026,THERMAL_BURN_IN,T04_1988,PROC-ISRO-IISU-01,ATE-STATION-01,CHAMBER-01,1.0,125.0,5.0,168,IDDQ,ELECTRICAL,uA,1.4294,1100.0062,1100.0677,1100.1193,1098.5768,27.235,1.3706,12.407,0.0044,-0.0653,35.32,35.44,1.4294,1100.0062,1100.0677,1100.1193,1098.5768,50.0,False,NOMINAL,HEALTHY,-38.1,-46.83
DIG_LOT04_COMP1989,LOT_04,DIGITAL_IC,CQFP-64,DIG-SIH-2026,THERMAL_BURN_IN,T04_1989,PROC-ISRO-IISU-01,ATE-STATION-01,CHAMBER-01,1.0,125.0,5.0,168,IDDQ,ELECTRICAL,uA,0.9131,705.9432,706.0382,706.1021,705.0301,25.132,2.4909,11.813,0.0108,0.0629,32.13,32.87,0.9131,705.9432,706.0382,706.1021,705.0301,50.0,False,NOMINAL,HEALTHY,6.6,38.13
DIG_LOT04_COMP1990,LOT_04,DIGITAL_IC,CQFP-64,DIG-SIH-2026,THERMAL_BURN_IN,T04_1990,PROC-ISRO-IISU-01,ATE-STATION-01,CHAMBER-01,1.0,125.0,5.0,168,IDDQ,ELECTRICAL,uA,1.49,1155.482,1155.6,1155.6237,1153.992,28.563,1.9403,13.429,0.0236,0.0123,33.56,33.81,1.49,1155.482,1155.6,1155.6237,1153.992,50.0,False,NOMINAL,HEALTHY,2.2,-45.94
DIG_LOT04_COMP1991,LOT_04,DIGITAL_IC,CQFP-64,DIG-SIH-2026,THERMAL_BURN_IN,T04_1991,PROC-ISRO-IISU-01,ATE-STATION-01,CHAMBER-01,1.0,125.0,5.0,168,IDDQ,ELECTRICAL,uA,1.3341,1032.9526,1033.0264,1033.1163,1031.6185,25.341,1.844,13.27,-0.0114,-0.108,33.75,34.27,1.3341,1032.9526,1033.0264,1033.1163,1031.6185,50.0,True,DIELECTRIC_OSCILLATION,HEALTHY,35.19,-26.15
DIG_LOT04_COMP1992,LOT_04,DIGITAL_IC,CQFP-64,DIG-SIH-2026,THERMAL_BURN_IN,T04_1992,PROC-ISRO-IISU-01,ATE-STATION-01,CHAMBER-01,1.0,125.0,5.0,168,IDDQ,ELECTRICAL,uA,1.2641,958.2058,958.2506,958.344,956.9417,22.523,2.1758,12.891,-0.0299,-0.0926,33.21,33.24,1.2641,958.2058,958.2506,958.344,956.9417,50.0,False,NOMINAL,HEALTHY,-17.71,33.64
DIG_LOT04_COMP1993,LOT_04,DIGITAL_IC,CQFP-64,DIG-SIH-2026,THERMAL_BURN_IN,T04_1993,PROC-ISRO-IISU-01,ATE-STATION-01,CHAMBER-01,1.0,125.0,5.0,168,IDDQ,ELECTRICAL,uA,1.0247,775.7135,775.8086,775.8013,774.6888,24.995,1.9966,12.584,-0.0223,0.0498,37.36,37.53,1.0247,775.7135,775.8086,775.8013,774.6888,50.0,False,NOMINAL,HEALTHY,-27.58,-47.68
DIG_LOT04_COMP1994,LOT_04,DIGITAL_IC,CQFP-64,DIG-SIH-2026,THERMAL_BURN_IN,T04_1994,PROC-ISRO-IISU-01,ATE-STATION-01,CHAMBER-01,1.0,125.0,5.0,168,IDDQ,ELECTRICAL,uA,1.2465,958.2562,958.3362,958.4134,957.0097,25.388,1.9562,11.89,-0.0199,0.0049,34.21,33.84,1.2465,958.2562,958.3362,958.4134,957.0097,50.0,False,NOMINAL,HEALTHY,-12.01,9.66
DIG_LOT04_COMP1995,LOT_04,DIGITAL_IC,CQFP-64,DIG-SIH-2026,THERMAL_BURN_IN,T04_1995,PROC-ISRO-IISU-01,ATE-STATION-01,CHAMBER-01,1.0,125.0,5.0,168,IDDQ,ELECTRICAL,uA,1.4382,1100.9579,1101.0913,1101.1066,1099.5197,23.99,1.9821,13.655,0.005,-0.0295,34.6,34.69,1.4382,1100.9579,1101.0913,1101.1066,1099.5197,50.0,False,NOMINAL,HEALTHY,-43.24,-23.67
DIG_LOT04_COMP1996,LOT_04,DIGITAL_IC,CQFP-64,DIG-SIH-2026,THERMAL_BURN_IN,T04_1996,PROC-ISRO-IISU-01,ATE-STATION-01,CHAMBER-01,1.0,125.0,5.0,168,IDDQ,ELECTRICAL,uA,1.3455,1043.1021,1043.145,1043.1404,1041.7566,25.803,2.2105,13.127,0.0037,0.0309,37.86,38.09,1.3455,1043.1021,1043.145,1043.1404,1041.7566,50.0,False,NOMINAL,HEALTHY,20.79,-38.96
DIG_LOT04_COMP1997,LOT_04,DIGITAL_IC,CQFP-64,DIG-SIH-2026,THERMAL_BURN_IN,T04_1997,PROC-ISRO-IISU-01,ATE-STATION-01,CHAMBER-01,1.0,125.0,5.0,168,IDDQ,ELECTRICAL,uA,1.402,1083.3129,1083.3483,1083.432,1081.9109,26.929,2.1881,11.575,-0.023,-0.0427,31.74,32.19,1.402,1083.3129,1083.3483,1083.432,1081.9109,50.0,False,NOMINAL,HEALTHY,-34.29,11.81
DIG_LOT04_COMP1998,LOT_04,DIGITAL_IC,CQFP-64,DIG-SIH-2026,THERMAL_BURN_IN,T04_1998,PROC-ISRO-IISU-01,ATE-STATION-01,CHAMBER-01,1.0,125.0,5.0,168,IDDQ,ELECTRICAL,uA,1.526,1187.7593,1187.8326,1187.9442,1186.2333,23.239,1.8442,12.209,0.0115,-0.1258,34.17,35.16,1.526,1187.7593,1187.8326,1187.9442,1186.2333,50.0,False,NOMINAL,HEALTHY,-22.87,17.17
DIG_LOT04_COMP1999,LOT_04,DIGITAL_IC,CQFP-64,DIG-SIH-2026,THERMAL_BURN_IN,T04_1999,PROC-ISRO-IISU-01,ATE-STATION-01,CHAMBER-01,1.0,125.0,5.0,168,IDDQ,ELECTRICAL,uA,0.9259,717.6589,726.1589,876.0038,716.733,22.949,1.9426,13.048,0.0005,-0.0727,34.51,33.9,0.9259,717.6589,726.1589,876.0038,716.733,50.0,True,THERMAL_RUNAWAY,HEALTHY,26.33,24.45
