component_id,lot_id,device_family,package_type,part_number,test_type,test_id,procedure_id,station_id,chamber_id,test_identity_confidence,stress_temperature_c,stress_voltage_v,duration_hours,primary_parameter,parameter_category,unit,value_0h,value_24h,value_96h,value_168h_actual,delta_value_0_24h,ICC_active_mA,input_leakage_nA,propagation_delay_ns,v_offset_0h,v_offset_24h,snr_0h,snr_24h,iddq_0h,iddq_24h,iddq_96h_actual,iddq_168h_actual,delta_iddq,spec_max_iddq,is_defective_gt,failure_mode_gt,instrument_status,wafer_x,wafer_y
DIG_LOT07_COMP0000,LOT_07,DIGITAL_IC,CQFP-64,DIG-SIH-2026,THERMAL_BURN_IN,T07_0000,PROC-ISRO-IISU-01,ATE-STATION-01,CHAMBER-01,1.0,125.0,5.0,168,IDDQ,ELECTRICAL,uA,1.3693,1065.5293,1065.5997,1065.6713,1064.16,23.911,2.0417,11.944,-0.0017,0.0018,34.87,34.49,1.3693,1065.5293,1065.5997,1065.6713,1064.16,50.0,False,NOMINAL,HEALTHY,-34.31,-8.67
DIG_LOT07_COMP0001,LOT_07,DIGITAL_IC,CQFP-64,DIG-SIH-2026,THERMAL_BURN_IN,T07_0001,PROC-ISRO-IISU-01,ATE-STATION-01,CHAMBER-01,1.0,125.0,5.0,168,IDDQ,ELECTRICAL,uA,1.1916,920.1987,920.2211,920.3161,919.0071,25.91,2.4635,11.199,0.0233,0.0176,36.18,35.71,1.1916,920.1987,920.2211,920.3161,919.0071,50.0,False,NOMINAL,HEALTHY,-17.12,-21.97
DIG_LOT07_COMP0002,LOT_07,DIGITAL_IC,CQFP-64,DIG-SIH-2026,THERMAL_BURN_IN,T07_0002,PROC-ISRO-IISU-01,ATE-STATION-01,CHAMBER-01,1.0,125.0,5.0,168,IDDQ,ELECTRICAL,uA,1.4652,1129.277,1129.4204,1129.4347,1127.8118,25.789,1.5156,11.9,-0.0169,0.0427,35.96,35.15,1.4652,1129.277,1129.4204,1129.4347,1127.8118,50.0,False,NOMINAL,HEALTHY,37.38,-20.86
DIG_LOT07_COMP0003,LOT_07,DIGITAL_IC,CQFP-64,DIG-SIH-2026,THERMAL_BURN_IN,T07_0003,PROC-ISRO-IISU-01,ATE-STATION-01,CHAMBER-01,1.0,125.0,5.0,168,IDDQ,ELECTRICAL,uA,1.5549,1194.4881,1194.4916,1194.6243,1192.9332,27.166,2.0712,12.699,0.0382,-0.0904,35.46,34.65,1.5549,1194.4881,1194.4916,1194.6243,1192.9332,50.0,False,NOMINAL,HEALTHY,-34.82,-27.04
DIG_LOT07_COMP0004,LOT_07,DIGITAL_IC,CQFP-64,DIG-SIH-2026,THERMAL_BURN_IN,T07_0004,PROC-ISRO-IISU-01,ATE-STATION-01,CHAMBER-01,1.0,125.0,5.0,168,IDDQ,ELECTRICAL,uA,1.4686,1133.739,1133.8081,1133.8726,1132.2704,25.283,2.4043,12.93,0.0109,0.0668,34.7,34.8,1.4686,1133.739,1133.8081,1133.8726,1132.2704,50.0,False,NOMINAL,HEALTHY,-30.31,-44.22
DIG_LOT07_COMP0005,LOT_07,DIGITAL_IC,CQFP-64,DIG-SIH-2026,THERMAL_BURN_IN,T07_0005,PROC-ISRO-IISU-01,ATE-STATION-01,CHAMBER-01,1.0,125.0,5.0,168,IDDQ,ELECTRICAL,uA,1.3284,1025.6022,1025.7445,1025.7439,1024.2738,23.612,2.3307,13.04,0.0349,-0.052,36.32,36.33,1.3284,1025.6022,1025.7445,1025.7439,1024.2738,50.0,False,NOMINAL,HEALTHY,45.67,14.19
DIG_LOT07_COMP0006,LOT_07,DIGITAL_IC,CQFP-64,DIG-SIH-2026,THERMAL_BURN_IN,T07_0006,PROC-ISRO-IISU-01,ATE-STATION-01,CHAMBER-01,1.0,125.0,5.0,168,IDDQ,ELECTRICAL,uA,1.403,1063.4937,1063.5347,1063.5613,1062.0907,24.515,2.1241,12.154,-0.0018,0.0615,34.68,34.71,1.403,1063.4937,1063.5347,1063.5613,1062.0907,50.0,False,NOMINAL,HEALTHY,3.13,-32.3
DIG_LOT07_COMP0007,LOT_07,DIGITAL_IC,CQFP-64,DIG-SIH-2026,THERMAL_BURN_IN,T07_0007,PROC-ISRO-IISU-01,ATE-STATION-01,CHAMBER-01,1.0,125.0,5.0,168,IDDQ,ELECTRICAL,uA,1.1026,855.5858,855.6179,855.7185,854.4832,27.609,1.8593,13.39,0.0236,0.0832,33.29,33.0,1.1026,855.5858,855.6179,855.7185,854.4832,50.0,False,NOMINAL,HEALTHY,1.33,34.99
DIG_LOT07_COMP0008,LOT_07,DIGITAL_IC,CQFP-64,DIG-SIH-2026,THERMAL_BURN_IN,T07_0008,PROC-ISRO-IISU-01,ATE-STATION-01,CHAMBER-01,1.0,125.0,5.0,168,IDDQ,ELECTRICAL,uA,1.2176,931.4623,931.5258,931.5971,930.2447,25.678,1.7184,10.499,0.0376,-0.0288,33.7,33.4,1.2176,931.4623,931.5258,931.5971,930.2447,50.0,False,NOMINAL,HEALTHY,2.5,1.87
DIG_LOT07_COMP0009,LOT_07,DIGITAL_IC,CQFP-64,DIG-SIH-2026,THERMAL_BURN_IN,T07_0009,PROC-ISRO-IISU-01,ATE-STATION-01,CHAMBER-01,1.0,125.0,5.0,168,IDDQ,ELECTRICAL,uA,1.4341,1091.0773,1091.173,1091.1905,1089.6432,25.699,2.341,10.301,-0.0236,-0.0404,33.91,33.8,1.4341,1091.0773,1091.173,1091.1905,1089.6432,50.0,False,NOMINAL,HEALTHY,13.23,9.1
DIG_LOT07_COMP0010,LOT_07,DIGITAL_IC,CQFP-64,DIG-SIH-2026,THERMAL_BURN_IN,T07_0010,PROC-ISRO-IISU-01,ATE-STATION-01,CHAMBER-01,1.0,125.0,5.0,168,IDDQ,ELECTRICAL,uA,1.2119,943.6949,943.7801,943.8218,942.483,25.547,2.2927,11.579,0.0338,0.1094,36.33,37.24,1.2119,943.6949,943.7801,943.8218,942.483,50.0,False,NOMINAL,HEALTHY,-41.35,-41.25
DIG_LOT07_COMP0011,LOT_07,DIGITAL_IC,CQFP-64,DIG-SIH-2026,THERMAL_BURN_IN,T07_0011,PROC-ISRO-IISU-01,ATE-STATION-01,CHAMBER-01,1.0,125.0,5.0,168,IDDQ,ELECTRICAL,uA,1.1809,903.9685,904.0588,904.1409,902.7876,25.238,2.0887,11.715,-0.0108,0.0211,34.07,34.01,1.1809,903.9685,904.0588,904.1409,902.7876,50.0,False,NOMINAL,HEALTHY,4.25,22.3
DIG_LOT07_COMP0012,LOT_07,DIGITAL_IC,CQFP-64,DIG-SIH-2026,THERMAL_BURN_IN,T07_0012,PROC-ISRO-IISU-01,ATE-STATION-01,CHAMBER-01,1.0,125.0,5.0,168,IDDQ,ELECTRICAL,uA,1.1927,910.5829,919.1095,1068.9629,909.3902,24.316,1.4578,12.98,0.0053,0.0648,35.31,34.86,1.1927,910.5829,919.1095,1068.9629,909.3902,50.0,True,THERMAL_RUNAWAY,HEALTHY,25.1,-47.77
DIG_LOT07_COMP0013,LOT_07,DIGITAL_IC,CQFP-64,DIG-SIH-2026,THERMAL_BURN_IN,T07_0013,PROC-ISRO-IISU-01,ATE-STATION-01,CHAMBER-01,1.0,125.0,5.0,168,IDDQ,ELECTRICAL,uA,1.4044,1078.8676,1078.976,1078.9837,1077.4632,25.88,1.5708,11.51,0.0211,-0.0652,34.38,34.82,1.4044,1078.8676,1078.976,1078.9837,1077.4632,50.0,False,NOMINAL,HEALTHY,1.8,40.32
DIG_LOT07_COMP0014,LOT_07,DIGITAL_IC,CQFP-64,DIG-SIH-2026,THERMAL_BURN_IN,T07_0014,PROC-ISRO-IISU-01,ATE-STATION-01,CHAMBER-01,1.0,125.0,5.0,168,IDDQ,ELECTRICAL,uA,1.3735,1056.8555,1056.94,1056.9917,1055.482,25.638,1.7088,12.422,0.0268,-0.0157,35.55,35.81,1.3735,1056.8555,1056.94,1056.9917,1055.482,50.0,False,NOMINAL,HEALTHY,16.68,47.36
DIG_LOT07_COMP0015,LOT_07,DIGITAL_IC,CQFP-64,DIG-SIH-2026,THERMAL_BURN_IN,T07_0015,PROC-ISRO-IISU-01,ATE-STATION-01,CHAMBER-01,1.0,125.0,5.0,168,IDDQ,ELECTRICAL,uA,1.2123,951.9102,951.999,952.0196,950.6979,22.29,2.1854,12.405,-0.006,-0.0091,37.04,37.2,1.2123,951.9102,951.999,952.0196,950.6979,50.0,False,NOMINAL,HEALTHY,-43.51,-5.74
DIG_LOT07_COMP0016,LOT_07,DIGITAL_IC,CQFP-64,DIG-SIH-2026,THERMAL_BURN_IN,T07_0016,PROC-ISRO-IISU-01,ATE-STATION-01,CHAMBER-01,1.0,125.0,5.0,168,IDDQ,ELECTRICAL,uA,1.1688,887.7648,887.8007,887.8564,886.596,25.238,1.9901,13.553,-0.0266,-0.0029,35.15,35.31,1.1688,887.7648,887.8007,887.8564,886.596,50.0,False,NOMINAL,HEALTHY,2.38,-36.4
DIG_LOT07_COMP0017,LOT_07,DIGITAL_IC,CQFP-64,DIG-SIH-2026,THERMAL_BURN_IN,T07_0017,PROC-ISRO-IISU-01,ATE-STATION-01,CHAMBER-01,1.0,125.0,5.0,168,IDDQ,ELECTRICAL,uA,1.0354,803.1477,803.2215,803.2474,802.1123,26.538,1.9646,13.157,-0.0141,0.0038,34.4,34.71,1.0354,803.1477,803.2215,803.2474,802.1123,50.0,False,NOMINAL,HEALTHY,-46.22,-16.46
DIG_LOT07_COMP0018,LOT_07,DIGITAL_IC,CQFP-64,DIG-SIH-2026,THERMAL_BURN_IN,T07_0018,PROC-ISRO-IISU-01,ATE-STATION-01,CHAMBER-01,1.0,125.0,5.0,168,IDDQ,ELECTRICAL,uA,1.322,1011.0983,1011.1534,1011.2635,1009.7763,25.413,2.1675,12.759,0.0335,0.0249,35.34,35.3,1.322,1011.0983,1011.1534,1011.2635,1009.7763,50.0,False,NOMINAL,HEALTHY,15.15,-48.35
DIG_LOT07_COMP0019,LOT_07,DIGITAL_IC,CQFP-64,DIG-SIH-2026,THERMAL_BURN_IN,T07_0019,PROC-ISRO-IISU-01,ATE-STATION-01,CHAMBER-01,1.0,125.0,5.0,168,IDDQ,ELECTRICAL,uA,1.064,830.9481,830.9903,831.0502,829.8841,25.214,2.1257,11.786,-0.0078,-0.0597,34.42,33.54,1.064,830.9481,830.9903,831.0502,829.8841,50.0,False,NOMINAL,HEALTHY,18.09,-2.62
DIG_LOT07_COMP0020,LOT_07,DIGITAL_IC,CQFP-64,DIG-SIH-2026,THERMAL_BURN_IN,T07_0020,PROC-ISRO-IISU-01,ATE-STATION-01,CHAMBER-01,1.0,125.0,5.0,168,IDDQ,ELECTRICAL,uA,1.5601,1197.3412,1197.4314,1197.4798,1195.7811,24.8,2.3678,12.523,0.0099,-0.0042,36.54,36.44,1.5601,1197.3412,1197.4314,1197.4798,1195.7811,50.0,False,NOMINAL,HEALTHY,36.46,0.97
DIG_LOT07_COMP0021,LOT_07,DIGITAL_IC,CQFP-64,DIG-SIH-2026,THERMAL_BURN_IN,T07_0021,PROC-ISRO-IISU-01,ATE-STATION-01,CHAMBER-01,1.0,125.0,5.0,168,IDDQ,ELECTRICAL,uA,1.1778,899.8802,899.8799,900.0432,898.7024,24.498,1.9886,12.664,0.0165,0.0191,34.04,34.95,1.1778,899.8802,899.8799,900.0432,898.7024,50.0,False,NOMINAL,HEALTHY,-23.71,-41.38
DIG_LOT07_COMP0022,LOT_07,DIGITAL_IC,CQFP-64,DIG-SIH-2026,THERMAL_BURN_IN,T07_0022,PROC-ISRO-IISU-01,ATE-STATION-01,CHAMBER-01,1.0,125.0,5.0,168,IDDQ,ELECTRICAL,uA,1.294,995.5784,995.6372,995.6316,994.2844,27.69,1.4759,12.744,-0.0052,-0.0591,34.43,35.21,1.294,995.5784,995.6372,995.6316,994.2844,50.0,False,NOMINAL,HEALTHY,39.11,-49.51
DIG_LOT07_COMP0023,LOT_07,DIGITAL_IC,CQFP-64,DIG-SIH-2026,THERMAL_BURN_IN,T07_0023,PROC-ISRO-IISU-01,ATE-STATION-01,CHAMBER-01,1.0,125.0,5.0,168,IDDQ,ELECTRICAL,uA,1.6212,1242.0731,1242.1532,1242.2428,1240.4519,23.874,2.157,12.459,-0.0133,-0.0806,35.56,35.66,1.6212,1242.0731,1242.1532,1242.2428,1240.4519,50.0,False,NOMINAL,HEALTHY,40.88,49.04
DIG_LOT07_COMP0024,LOT_07,DIGITAL_IC,CQFP-64,DIG-SIH-2026,THERMAL_BURN_IN,T07_0024,PROC-ISRO-IISU-01,ATE-STATION-01,CHAMBER-01,1.0,125.0,5.0,168,IDDQ,ELECTRICAL,uA,1.4873,1130.0105,1130.0914,1130.243,1128.5232,23.014,1.6481,12.784,0.0145,-0.0298,34.94,35.48,1.4873,1130.0105,1130.0914,1130.243,1128.5232,50.0,False,NOMINAL,HEALTHY,-43.08,0.03
DIG_LOT07_COMP0025,LOT_07,DIGITAL_IC,CQFP-64,DIG-SIH-2026,THERMAL_BURN_IN,T07_0025,PROC-ISRO-IISU-01,ATE-STATION-01,CHAMBER-01,1.0,125.0,5.0,168,IDDQ,ELECTRICAL,uA,1.2525,982.4153,990.9661,1140.8236,981.1628,23.917,2.2555,12.675,0.0034,0.004,33.77,33.15,1.2525,982.4153,990.9661,1140.8236,981.1628,50.0,True,THERMAL_RUNAWAY,HEALTHY,-48.46,20.69
DIG_LOT07_COMP0026,LOT_07,DIGITAL_IC,CQFP-64,DIG-SIH-2026,THERMAL_BURN_IN,T07_0026,PROC-ISRO-IISU-01,ATE-STATION-01,CHAMBER-01,1.0,125.0,5.0,168,IDDQ,ELECTRICAL,uA,1.2151,953.4074,953.4866,953.5029,952.1923,24.343,2.3731,12.652,-0.0218,-0.0213,35.24,35.03,1.2151,953.4074,953.4866,953.5029,952.1923,50.0,False,NOMINAL,HEALTHY,45.34,-9.17
DIG_LOT07_COMP0027,LOT_07,DIGITAL_IC,CQFP-64,DIG-SIH-2026,THERMAL_BURN_IN,T07_0027,PROC-ISRO-IISU-01,ATE-STATION-01,CHAMBER-01,1.0,125.0,5.0,168,IDDQ,ELECTRICAL,uA,1.1718,896.0635,896.084,896.1669,894.8917,25.326,1.8246,12.934,-0.0023,0.0564,36.85,37.1,1.1718,896.0635,896.084,896.1669,894.8917,50.0,False,NOMINAL,HEALTHY,37.44,-8.54
DIG_LOT07_COMP0028,LOT_07,DIGITAL_IC,CQFP-64,DIG-SIH-2026,THERMAL_BURN_IN,T07_0028,PROC-ISRO-IISU-01,ATE-STATION-01,CHAMBER-01,1.0,125.0,5.0,168,IDDQ,ELECTRICAL,uA,1.1838,919.2297,919.322,919.3509,918.0459,22.246,1.9971,10.735,0.0389,0.0499,35.12,35.9,1.1838,919.2297,919.322,919.3509,918.0459,50.0,False,NOMINAL,HEALTHY,40.18,-37.46
DIG_LOT07_COMP0029,LOT_07,DIGITAL_IC,CQFP-64,DIG-SIH-2026,THERMAL_BURN_IN,T07_0029,PROC-ISRO-IISU-01,ATE-STATION-01,CHAMBER-01,1.0,125.0,5.0,168,IDDQ,ELECTRICAL,uA,1.7245,1315.0517,1315.1148,1315.1872,1313.3272,22.97,1.8283,11.058,-0.0269,-0.0681,35.71,35.7,1.7245,1315.0517,1315.1148,1315.1872,1313.3272,50.0,False,NOMINAL,HEALTHY,-15.56,18.56
DIG_LOT07_COMP0030,LOT_07,DIGITAL_IC,CQFP-64,DIG-SIH-2026,THERMAL_BURN_IN,T07_0030,PROC-ISRO-IISU-01,ATE-STATION-01,CHAMBER-01,1.0,125.0,5.0,168,IDDQ,ELECTRICAL,uA,1.1156,864.6759,864.7294,864.7779,863.5603,25.242,2.2708,11.432,0.0231,-0.0051,36.96,36.77,1.1156,864.6759,864.7294,864.7779,863.5603,50.0,False,NOMINAL,HEALTHY,-39.87,-31.03
DIG_LOT07_COMP0031,LOT_07,DIGITAL_IC,CQFP-64,DIG-SIH-2026,THERMAL_BURN_IN,T07_0031,PROC-ISRO-IISU-01,ATE-STATION-01,CHAMBER-01,1.0,125.0,5.0,168,IDDQ,ELECTRICAL,uA,1.4194,1089.5634,1089.6238,1089.6928,1088.144,24.983,1.8555,12.257,-0.0206,0.0444,34.08,33.7,1.4194,1089.5634,1089.6238,1089.6928,1088.144,50.0,False,NOMINAL,HEALTHY,-5.52,29.66
DIG_LOT07_COMP0032,LOT_07,DIGITAL_IC,CQFP-64,DIG-SIH-2026,THERMAL_BURN_IN,T07_0032,PROC-ISRO-IISU-01,ATE-STATION-01,CHAMBER-01,1.0,125.0,5.0,168,IDDQ,ELECTRICAL,uA,1.2793,974.8552,974.9265,974.9432,973.5759,24.964,2.524,12.807,0.0104,0.1069,35.05,35.68,1.2793,974.8552,974.9265,974.9432,973.5759,50.0,False,NOMINAL,HEALTHY,32.24,0.56
DIG_LOT07_COMP0033,LOT_07,DIGITAL_IC,CQFP-64,DIG-SIH-2026,THERMAL_BURN_IN,T07_0033,PROC-ISRO-IISU-01,ATE-STATION-01,CHAMBER-01,1.0,125.0,5.0,168,IDDQ,ELECTRICAL,uA,1.1544,885.4093,885.5008,885.4687,884.2549,26.326,1.731,11.63,0.0199,-0.0264,32.9,32.15,1.1544,885.4093,885.5008,885.4687,884.2549,50.0,False,NOMINAL,HEALTHY,-33.02,-35.13
DIG_LOT07_COMP0034,LOT_07,DIGITAL_IC,CQFP-64,DIG-SIH-2026,THERMAL_BURN_IN,T07_0034,PROC-ISRO-IISU-01,ATE-STATION-01,CHAMBER-01,1.0,125.0,5.0,168,IDDQ,ELECTRICAL,uA,1.5473,1186.9686,1187.0291,1187.1251,1185.4213,23.588,2.5951,12.196,-0.0096,-0.0899,34.17,33.56,1.5473,1186.9686,1187.0291,1187.1251,1185.4213,50.0,False,NOMINAL,HEALTHY,-44.96,47.44
DIG_LOT07_COMP0035,LOT_07,DIGITAL_IC,CQFP-64,DIG-SIH-2026,THERMAL_BURN_IN,T07_0035,PROC-ISRO-IISU-01,ATE-STATION-01,CHAMBER-01,1.0,125.0,5.0,168,IDDQ,ELECTRICAL,uA,1.6392,1263.1702,1263.2382,1263.302,1261.531,25.678,1.8182,12.643,0.0031,0.0253,36.08,36.12,1.6392,1263.1702,1263.2382,1263.302,1261.531,50.0,False,NOMINAL,HEALTHY,-33.04,40.74
DIG_LOT07_COMP0036,LOT_07,DIGITAL_IC,CQFP-64,DIG-SIH-2026,THERMAL_BURN_IN,T07_0036,PROC-ISRO-IISU-01,ATE-STATION-01,CHAMBER-01,1.0,125.0,5.0,168,IDDQ,ELECTRICAL,uA,1.3359,1012.9778,1013.0384,1013.1182,1011.6419,23.493,1.7726,12.206,-0.0038,-0.0871,34.51,35.0,1.3359,1012.9778,1013.0384,1013.1182,1011.6419,50.0,False,NOMINAL,HEALTHY,-10.96,-46.31
DIG_LOT07_COMP0037,LOT_07,DIGITAL_IC,CQFP-64,DIG-SIH-2026,THERMAL_BURN_IN,T07_0037,PROC-ISRO-IISU-01,ATE-STATION-01,CHAMBER-01,1.0,125.0,5.0,168,IDDQ,ELECTRICAL,uA,1.4002,1091.8542,1091.9376,1091.9756,1090.454,25.737,2.7655,11.212,-0.0183,-0.0433,34.98,34.8,1.4002,1091.8542,1091.9376,1091.9756,1090.454,50.0,False,NOMINAL,HEALTHY,-4.03,0.74
DIG_LOT07_COMP0038,LOT_07,DIGITAL_IC,CQFP-64,DIG-SIH-2026,THERMAL_BURN_IN,T07_0038,PROC-ISRO-IISU-01,ATE-STATION-01,CHAMBER-01,1.0,125.0,5.0,168,IDDQ,ELECTRICAL,uA,1.15,889.6717,889.6981,889.773,888.5217,25.907,1.7197,12.283,-0.0418,0.0022,34.56,35.41,1.15,889.6717,889.6981,889.773,888.5217,50.0,False,NOMINAL,HEALTHY,40.86,11.92
DIG_LOT07_COMP0039,LOT_07,DIGITAL_IC,CQFP-64,DIG-SIH-2026,THERMAL_BURN_IN,T07_0039,PROC-ISRO-IISU-01,ATE-STATION-01,CHAMBER-01,1.0,125.0,5.0,168,IDDQ,ELECTRICAL,uA,1.3726,1060.9353,1060.9845,1061.0344,1059.5627,26.593,1.7553,12.152,0.0049,-0.0036,34.91,34.0,1.3726,1060.9353,1060.9845,1061.0344,1059.5627,50.0,False,NOMINAL,HEALTHY,6.71,26.56
DIG_LOT07_COMP0040,LOT_07,DIGITAL_IC,CQFP-64,DIG-SIH-2026,THERMAL_BURN_IN,T07_0040,PROC-ISRO-IISU-01,ATE-STATION-01,CHAMBER-01,1.0,125.0,5.0,168,IDDQ,ELECTRICAL,uA,1.0889,854.3473,854.3421,854.4192,853.2584,23.766,2.0505,10.683,0.0127,-0.0398,36.88,36.4,1.0889,854.3473,854.3421,854.4192,853.2584,50.0,False,NOMINAL,HEALTHY,-8.9,-9.2
DIG_LOT07_COMP0041,LOT_07,DIGITAL_IC,CQFP-64,DIG-SIH-2026,THERMAL_BURN_IN,T07_0041,PROC-ISRO-IISU-01,ATE-STATION-01,CHAMBER-01,1.0,125.0,5.0,168,IDDQ,ELECTRICAL,uA,1.1623,892.0708,892.1147,892.1057,890.9085,24.794,1.6806,12.235,0.0094,-0.0505,37.54,37.79,1.1623,892.0708,892.1147,892.1057,890.9085,50.0,False,NOMINAL,HEALTHY,-19.02,16.46
DIG_LOT07_COMP0042,LOT_07,DIGITAL_IC,CQFP-64,DIG-SIH-2026,THERMAL_BURN_IN,T07_0042,PROC-ISRO-IISU-01,ATE-STATION-01,CHAMBER-01,1.0,125.0,5.0,168,IDDQ,ELECTRICAL,uA,1.1888,919.7686,919.787,919.8632,918.5798,26.662,1.9959,12.039,-0.0273,0.0302,35.63,35.33,1.1888,919.7686,919.787,919.8632,918.5798,50.0,False,NOMINAL,HEALTHY,21.6,-45.21
DIG_LOT07_COMP0043,LOT_07,DIGITAL_IC,CQFP-64,DIG-SIH-2026,THERMAL_BURN_IN,T07_0043,PROC-ISRO-IISU-01,ATE-STATION-01,CHAMBER-01,1.0,125.0,5.0,168,IDDQ,ELECTRICAL,uA,1.4327,1108.2246,1108.2934,1108.3525,1106.7919,24.209,1.9633,13.459,0.0009,-0.0732,35.75,35.6,1.4327,1108.2246,1108.2934,1108.3525,1106.7919,50.0,False,NOMINAL,HEALTHY,26.37,-48.86
DIG_LOT07_COMP0044,LOT_07,DIGITAL_IC,CQFP-64,DIG-SIH-2026,THERMAL_BURN_IN,T07_0044,PROC-ISRO-IISU-01,ATE-STATION-01,CHAMBER-01,1.0,125.0,5.0,168,IDDQ,ELECTRICAL,uA,1.2666,1003.2668,1003.333,1003.419,1002.0002,23.651,2.2323,12.267,-0.0078,0.0125,35.0,34.79,1.2666,1003.2668,1003.333,1003.419,1002.0002,50.0,False,NOMINAL,HEALTHY,-48.94,-44.57
DIG_LOT07_COMP0045,LOT_07,DIGITAL_IC,CQFP-64,DIG-SIH-2026,THERMAL_BURN_IN,T07_0045,PROC-ISRO-IISU-01,ATE-STATION-01,CHAMBER-01,1.0,125.0,5.0,168,IDDQ,ELECTRICAL,uA,1.2381,953.8802,953.929,954.074,952.6421,25.012,1.7804,11.458,0.0107,-0.0324,36.32,37.05,1.2381,953.8802,953.929,954.074,952.6421,50.0,False,NOMINAL,HEALTHY,38.95,-13.85
DIG_LOT07_COMP0046,LOT_07,DIGITAL_IC,CQFP-64,DIG-SIH-2026,THERMAL_BURN_IN,T07_0046,PROC-ISRO-IISU-01,ATE-STATION-01,CHAMBER-01,1.0,125.0,5.0,168,IDDQ,ELECTRICAL,uA,1.4951,1155.5132,1155.5844,1155.6466,1154.0181,24.266,2.2425,12.838,0.0085,-0.0221,35.92,36.46,1.4951,1155.5132,1155.5844,1155.6466,1154.0181,50.0,False,NOMINAL,HEALTHY,-29.22,-11.71
DIG_LOT07_COMP0047,LOT_07,DIGITAL_IC,CQFP-64,DIG-SIH-2026,THERMAL_BURN_IN,T07_0047,PROC-ISRO-IISU-01,ATE-STATION-01,CHAMBER-01,1.0,125.0,5.0,168,IDDQ,ELECTRICAL,uA,1.4626,1112.7501,1112.7813,1112.8815,1111.2875,24.12,2.0576,12.461,-0.0197,0.0025,31.95,31.98,1.4626,1112.7501,1112.7813,1112.8815,1111.2875,50.0,False,NOMINAL,HEALTHY,22.94,-26.48
DIG_LOT07_COMP0048,LOT_07,DIGITAL_IC,CQFP-64,DIG-SIH-2026,THERMAL_BURN_IN,T07_0048,PROC-ISRO-IISU-01,ATE-STATION-01,CHAMBER-01,1.0,125.0,5.0,168,IDDQ,ELECTRICAL,uA,1.452,1130.2969,1130.4026,1130.4929,1128.8449,23.025,2.4005,14.067,-0.0131,-0.0999,34.69,34.98,1.452,1130.2969,1130.4026,1130.4929,1128.8449,50.0,False,NOMINAL,HEALTHY,-49.77,-47.76
DIG_LOT07_COMP0049,LOT_07,DIGITAL_IC,CQFP-64,DIG-SIH-2026,THERMAL_BURN_IN,T07_0049,PROC-ISRO-IISU-01,ATE-STATION-01,CHAMBER-01,1.0,125.0,5.0,168,IDDQ,ELECTRICAL,uA,1.3031,990.1787,990.2783,990.311,988.8756,23.319,1.7483,12.051,-0.026,-0.0883,37.96,38.74,1.3031,990.1787,990.2783,990.311,988.8756,50.0,False,NOMINAL,HEALTHY,18.53,14.21
DIG_LOT07_COMP0050,LOT_07,DIGITAL_IC,CQFP-64,DIG-SIH-2026,THERMAL_BURN_IN,T07_0050,PROC-ISRO-IISU-01,ATE-STATION-01,CHAMBER-01,1.0,125.0,5.0,168,IDDQ,ELECTRICAL,uA,1.3867,1082.9284,1082.9827,1083.0812,1081.5417,23.461,2.5088,12.731,0.0015,0.0084,34.72,35.2,1.3867,1082.9284,1082.9827,1083.0812,1081.5417,50.0,False,NOMINAL,HEALTHY,35.94,-45.31
DIG_LOT07_COMP0051,LOT_07,DIGITAL_IC,CQFP-64,DIG-SIH-2026,THERMAL_BURN_IN,T07_0051,PROC-ISRO-IISU-01,ATE-STATION-01,CHAMBER-01,1.0,125.0,5.0,168,IDDQ,ELECTRICAL,uA,1.4189,1096.8053,1096.853,1096.9785,1095.3864,22.835,1.8356,12.89,-0.0352,-0.0433,34.34,34.35,1.4189,1096.8053,1096.853,1096.9785,1095.3864,50.0,False,NOMINAL,HEALTHY,-25.75,-23.44
DIG_LOT07_COMP0052,LOT_07,DIGITAL_IC,CQFP-64,DIG-SIH-2026,THERMAL_BURN_IN,T07_0052,PROC-ISRO-IISU-01,ATE-STATION-01,CHAMBER-01,1.0,125.0,5.0,168,IDDQ,ELECTRICAL,uA,1.2787,1001.005,1001.1194,1001.1012,999.7263,24.471,1.8275,11.845,-0.0124,-0.0585,34.44,33.56,1.2787,1001.005,1001.1194,1001.1012,999.7263,50.0,True,DIELECTRIC_OSCILLATION,HEALTHY,48.72,-15.31
DIG_LOT07_COMP0053,LOT_07,DIGITAL_IC,CQFP-64,DIG-SIH-2026,THERMAL_BURN_IN,T07_0053,PROC-ISRO-IISU-01,ATE-STATION-01,CHAMBER-01,1.0,125.0,5.0,168,IDDQ,ELECTRICAL,uA,1.058,808.1148,808.222,808.173,807.0568,26.01,2.4362,13.024,-0.0022,0.1398,34.23,33.78,1.058,808.1148,808.222,808.173,807.0568,50.0,False,NOMINAL,HEALTHY,-35.48,33.89
DIG_LOT07_COMP0054,LOT_07,DIGITAL_IC,CQFP-64,DIG-SIH-2026,THERMAL_BURN_IN,T07_0054,PROC-ISRO-IISU-01,ATE-STATION-01,CHAMBER-01,1.0,125.0,5.0,168,IDDQ,ELECTRICAL,uA,1.1361,896.5604,896.6465,896.6868,895.4243,23.248,2.0115,12.778,-0.0021,-0.0747,35.51,35.94,1.1361,896.5604,896.6465,896.6868,895.4243,50.0,False,NOMINAL,HEALTHY,-24.12,43.64
DIG_LOT07_COMP0055,LOT_07,DIGITAL_IC,CQFP-64,DIG-SIH-2026,THERMAL_BURN_IN,T07_0055,PROC-ISRO-IISU-01,ATE-STATION-01,CHAMBER-01,1.0,125.0,5.0,168,IDDQ,ELECTRICAL,uA,1.4266,1106.1565,1106.2457,1106.2734,1104.7299,22.496,1.9429,11.655,-0.0015,0.0255,35.52,36.05,1.4266,1106.1565,1106.2457,1106.2734,1104.7299,50.0,False,NOMINAL,HEALTHY,0.19,41.85
DIG_LOT07_COMP0056,LOT_07,DIGITAL_IC,CQFP-64,DIG-SIH-2026,THERMAL_BURN_IN,T07_0056,PROC-ISRO-IISU-01,ATE-STATION-01,CHAMBER-01,1.0,125.0,5.0,168,IDDQ,ELECTRICAL,uA,1.4106,1097.8734,1097.9979,1098.0538,1096.4628,23.486,1.58,11.596,0.0079,-0.0086,38.2,38.77,1.4106,1097.8734,1097.9979,1098.0538,1096.4628,50.0,False,NOMINAL,HEALTHY,-20.32,37.76
DIG_LOT07_COMP0057,LOT_07,DIGITAL_IC,CQFP-64,DIG-SIH-2026,THERMAL_BURN_IN,T07_0057,PROC-ISRO-IISU-01,ATE-STATION-01,CHAMBER-01,1.0,125.0,5.0,168,IDDQ,ELECTRICAL,uA,1.4139,1080.9119,1080.9939,1081.0504,1079.498,25.811,2.1355,12.567,0.0132,0.0929,35.01,35.9,1.4139,1080.9119,1080.9939,1081.0504,1079.498,50.0,False,NOMINAL,HEALTHY,11.39,-12.28
DIG_LOT07_COMP0058,LOT_07,DIGITAL_IC,CQFP-64,DIG-SIH-2026,THERMAL_BURN_IN,T07_0058,PROC-ISRO-IISU-01,ATE-STATION-01,CHAMBER-01,1.0,125.0,5.0,168,IDDQ,ELECTRICAL,uA,1.3083,994.4496,994.569,994.5606,993.1413,23.257,1.6368,12.451,-0.0033,0.0188,34.3,34.91,1.3083,994.4496,994.569,994.5606,993.1413,50.0,False,NOMINAL,HEALTHY,32.45,7.11
DIG_LOT07_COMP0059,LOT_07,DIGITAL_IC,CQFP-64,DIG-SIH-2026,THERMAL_BURN_IN,T07_0059,PROC-ISRO-IISU-01,ATE-STATION-01,CHAMBER-01,1.0,125.0,5.0,168,IDDQ,ELECTRICAL,uA,1.2922,995.6966,995.7468,995.8134,994.4044,26.299,2.2309,13.144,0.0227,0.0036,36.75,36.55,1.2922,995.6966,995.7468,995.8134,994.4044,50.0,False,NOMINAL,HEALTHY,-16.39,34.49
DIG_LOT07_COMP0060,LOT_07,DIGITAL_IC,CQFP-64,DIG-SIH-2026,THERMAL_BURN_IN,T07_0060,PROC-ISRO-IISU-01,ATE-STATION-01,CHAMBER-01,1.0,125.0,5.0,168,IDDQ,ELECTRICAL,uA,1.5165,1192.8987,1192.974,1193.0656,1191.3822,24.528,1.9636,11.204,0.0259,0.0213,33.16,33.4,1.5165,1192.8987,1192.974,1193.0656,1191.3822,50.0,False,NOMINAL,HEALTHY,-25.46,-4.23
DIG_LOT07_COMP0061,LOT_07,DIGITAL_IC,CQFP-64,DIG-SIH-2026,THERMAL_BURN_IN,T07_0061,PROC-ISRO-IISU-01,ATE-STATION-01,CHAMBER-01,1.0,125.0,5.0,168,IDDQ,ELECTRICAL,uA,1.1299,878.094,878.1617,878.2137,876.9641,23.653,1.9489,12.915,-0.0052,-0.004,33.99,34.5,1.1299,878.094,878.1617,878.2137,876.9641,50.0,False,NOMINAL,HEALTHY,-9.35,-34.36
DIG_LOT07_COMP0062,LOT_07,DIGITAL_IC,CQFP-64,DIG-SIH-2026,THERMAL_BURN_IN,T07_0062,PROC-ISRO-IISU-01,ATE-STATION-01,CHAMBER-01,1.0,125.0,5.0,168,IDDQ,ELECTRICAL,uA,1.5,1159.0495,1159.1356,1159.1357,1157.5495,22.36,2.2066,12.116,-0.0431,-0.0461,35.67,34.99,1.5,1159.0495,1159.1356,1159.1357,1157.5495,50.0,False,NOMINAL,HEALTHY,11.09,-8.3
DIG_LOT07_COMP0063,LOT_07,DIGITAL_IC,CQFP-64,DIG-SIH-2026,THERMAL_BURN_IN,T07_0063,PROC-ISRO-IISU-01,ATE-STATION-01,CHAMBER-01,1.0,125.0,5.0,168,IDDQ,ELECTRICAL,uA,1.3312,1015.3917,1015.4433,1015.5355,1014.0605,24.281,2.3896,12.523,-0.0018,-0.0282,34.87,35.02,1.3312,1015.3917,1015.4433,1015.5355,1014.0605,50.0,False,NOMINAL,HEALTHY,-3.22,14.94
DIG_LOT07_COMP0064,LOT_07,DIGITAL_IC,CQFP-64,DIG-SIH-2026,THERMAL_BURN_IN,T07_0064,PROC-ISRO-IISU-01,ATE-STATION-01,CHAMBER-01,1.0,125.0,5.0,168,IDDQ,ELECTRICAL,uA,1.4966,1154.2363,1154.3087,1154.3754,1152.7397,23.06,2.454,12.876,0.0082,-0.0172,35.48,34.46,1.4966,1154.2363,1154.3087,1154.3754,1152.7397,50.0,False,NOMINAL,HEALTHY,-34.26,12.31
DIG_LOT07_COMP0065,LOT_07,DIGITAL_IC,CQFP-64,DIG-SIH-2026,THERMAL_BURN_IN,T07_0065,PROC-ISRO-IISU-01,ATE-STATION-01,CHAMBER-01,1.0,125.0,5.0,168,IDDQ,ELECTRICAL,uA,1.0704,807.3534,807.4618,807.472,806.283,25.245,1.8113,13.474,-0.0073,0.0151,36.2,35.57,1.0704,807.3534,807.4618,807.472,806.283,50.0,False,NOMINAL,HEALTHY,32.91,40.52
DIG_LOT07_COMP0066,LOT_07,DIGITAL_IC,CQFP-64,DIG-SIH-2026,THERMAL_BURN_IN,T07_0066,PROC-ISRO-IISU-01,ATE-STATION-01,CHAMBER-01,1.0,125.0,5.0,168,IDDQ,ELECTRICAL,uA,1.2175,925.203,925.2742,925.3742,923.9855,25.086,2.1707,12.433,0.0341,0.042,36.57,36.56,1.2175,925.203,925.2742,925.3742,923.9855,50.0,False,NOMINAL,HEALTHY,-14.16,23.21
DIG_LOT07_COMP0067,LOT_07,DIGITAL_IC,CQFP-64,DIG-SIH-2026,THERMAL_BURN_IN,T07_0067,PROC-ISRO-IISU-01,ATE-STATION-01,CHAMBER-01,1.0,125.0,5.0,168,IDDQ,ELECTRICAL,uA,1.1659,900.9864,901.0914,901.1166,899.8205,27.905,2.0583,13.043,0.0166,-0.0585,34.12,34.33,1.1659,900.9864,901.0914,901.1166,899.8205,50.0,False,NOMINAL,HEALTHY,-8.48,26.94
DIG_LOT07_COMP0068,LOT_07,DIGITAL_IC,CQFP-64,DIG-SIH-2026,THERMAL_BURN_IN,T07_0068,PROC-ISRO-IISU-01,ATE-STATION-01,CHAMBER-01,1.0,125.0,5.0,168,IDDQ,ELECTRICAL,uA,1.4456,1122.3774,1122.4963,1122.532,1120.9318,21.259,2.3244,11.924,0.0165,0.0431,36.63,36.84,1.4456,1122.3774,1122.4963,1122.532,1120.9318,50.0,False,NOMINAL,HEALTHY,-37.1,31.68
DIG_LOT07_COMP0069,LOT_07,DIGITAL_IC,CQFP-64,DIG-SIH-2026,THERMAL_BURN_IN,T07_0069,PROC-ISRO-IISU-01,ATE-STATION-01,CHAMBER-01,1.0,125.0,5.0,168,IDDQ,ELECTRICAL,uA,1.2332,969.3217,969.3835,969.4031,968.0885,24.752,2.1792,12.315,-0.0158,-0.0825,36.66,36.92,1.2332,969.3217,969.3835,969.4031,968.0885,50.0,False,NOMINAL,HEALTHY,36.76,0.07
DIG_LOT07_COMP0070,LOT_07,DIGITAL_IC,CQFP-64,DIG-SIH-2026,THERMAL_BURN_IN,T07_0070,PROC-ISRO-IISU-01,ATE-STATION-01,CHAMBER-01,1.0,125.0,5.0,168,IDDQ,ELECTRICAL,uA,1.6189,1242.7142,1242.8115,1242.8292,1241.0953,25.847,1.7362,11.391,-0.004,0.0846,33.9,34.74,1.6189,1242.7142,1242.8115,1242.8292,1241.0953,50.0,False,NOMINAL,HEALTHY,29.03,-47.25
DIG_LOT07_COMP0071,LOT_07,DIGITAL_IC,CQFP-64,DIG-SIH-2026,THERMAL_BURN_IN,T07_0071,PROC-ISRO-IISU-01,ATE-STATION-01,CHAMBER-01,1.0,125.0,5.0,168,IDDQ,ELECTRICAL,uA,1.585,1221.5598,1221.5833,1221.6861,1219.9748,22.723,2.1605,11.071,-0.0124,0.0387,36.24,36.0,1.585,1221.5598,1221.5833,1221.6861,1219.9748,50.0,False,NOMINAL,HEALTHY,40.36,46.66
DIG_LOT07_COMP0072,LOT_07,DIGITAL_IC,CQFP-64,DIG-SIH-2026,THERMAL_BURN_IN,T07_0072,PROC-ISRO-IISU-01,ATE-STATION-01,CHAMBER-01,1.0,125.0,5.0,168,IDDQ,ELECTRICAL,uA,1.0352,797.6596,797.7849,797.7684,796.6244,26.018,2.2317,12.555,-0.0096,-0.0796,34.68,34.38,1.0352,797.6596,797.7849,797.7684,796.6244,50.0,False,NOMINAL,HEALTHY,26.23,42.89
DIG_LOT07_COMP0073,LOT_07,DIGITAL_IC,CQFP-64,DIG-SIH-2026,THERMAL_BURN_IN,T07_0073,PROC-ISRO-IISU-01,ATE-STATION-01,CHAMBER-01,1.0,125.0,5.0,168,IDDQ,ELECTRICAL,uA,1.317,1019.3624,1019.4384,1019.5127,1018.0454,25.676,2.0814,11.79,0.0003,-0.0502,35.13,34.54,1.317,1019.3624,1019.4384,1019.5127,1018.0454,50.0,False,NOMINAL,HEALTHY,21.92,3.29
DIG_LOT07_COMP0074,LOT_07,DIGITAL_IC,CQFP-64,DIG-SIH-2026,THERMAL_BURN_IN,T07_0074,PROC-ISRO-IISU-01,ATE-STATION-01,CHAMBER-01,1.0,125.0,5.0,168,IDDQ,ELECTRICAL,uA,1.6349,1263.877,1263.9323,1264.0544,1262.2421,27.132,1.8575,12.217,0.0151,-0.0246,35.26,34.46,1.6349,1263.877,1263.9323,1264.0544,1262.2421,50.0,False,NOMINAL,HEALTHY,12.37,8.75
DIG_LOT07_COMP0075,LOT_07,DIGITAL_IC,CQFP-64,DIG-SIH-2026,THERMAL_BURN_IN,T07_0075,PROC-ISRO-IISU-01,ATE-STATION-01,CHAMBER-01,1.0,125.0,5.0,168,IDDQ,ELECTRICAL,uA,1.2594,965.9141,967.3555,973.4401,964.6547,23.403,2.1296,12.6,0.0098,0.1186,33.69,34.18,1.2594,965.9141,967.3555,973.4401,964.6547,50.0,True,ELECTROMIGRATION,HEALTHY,33.66,-3.57
DIG_LOT07_COMP0076,LOT_07,DIGITAL_IC,CQFP-64,DIG-SIH-2026,THERMAL_BURN_IN,T07_0076,PROC-ISRO-IISU-01,ATE-STATION-01,CHAMBER-01,1.0,125.0,5.0,168,IDDQ,ELECTRICAL,uA,1.4648,1116.2871,1116.3826,1116.4056,1114.8223,24.106,2.0849,11.647,0.0154,-0.0329,34.61,35.03,1.4648,1116.2871,1116.3826,1116.4056,1114.8223,50.0,False,NOMINAL,HEALTHY,-7.33,6.15
DIG_LOT07_COMP0077,LOT_07,DIGITAL_IC,CQFP-64,DIG-SIH-2026,THERMAL_BURN_IN,T07_0077,PROC-ISRO-IISU-01,ATE-STATION-01,CHAMBER-01,1.0,125.0,5.0,168,IDDQ,ELECTRICAL,uA,1.3592,1056.8647,1056.9314,1056.9558,1055.5055,23.306,1.3618,13.991,-0.0196,-0.027,34.49,33.95,1.3592,1056.8647,1056.9314,1056.9558,1055.5055,50.0,False,NOMINAL,HEALTHY,-18.22,22.82
DIG_LOT07_COMP0078,LOT_07,DIGITAL_IC,CQFP-64,DIG-SIH-2026,THERMAL_BURN_IN,T07_0078,PROC-ISRO-IISU-01,ATE-STATION-01,CHAMBER-01,1.0,125.0,5.0,168,IDDQ,ELECTRICAL,uA,1.5678,1222.9706,1223.09,1223.0776,1221.4028,26.132,2.2967,12.545,-0.0109,0.0144,35.06,35.47,1.5678,1222.9706,1223.09,1223.0776,1221.4028,50.0,False,NOMINAL,HEALTHY,0.33,47.54
DIG_LOT07_COMP0079,LOT_07,DIGITAL_IC,CQFP-64,DIG-SIH-2026,THERMAL_BURN_IN,T07_0079,PROC-ISRO-IISU-01,ATE-STATION-01,CHAMBER-01,1.0,125.0,5.0,168,IDDQ,ELECTRICAL,uA,1.266,954.3089,954.3413,954.3955,953.0429,25.214,1.8252,12.238,0.0168,-0.0109,34.75,35.69,1.266,954.3089,954.3413,954.3955,953.0429,50.0,False,NOMINAL,HEALTHY,4.03,-20.35
DIG_LOT07_COMP0080,LOT_07,DIGITAL_IC,CQFP-64,DIG-SIH-2026,THERMAL_BURN_IN,T07_0080,PROC-ISRO-IISU-01,ATE-STATION-01,CHAMBER-01,1.0,125.0,5.0,168,IDDQ,ELECTRICAL,uA,1.0509,825.2895,825.3525,825.3501,824.2386,24.652,1.9306,14.317,0.0071,-0.0691,36.89,36.85,1.0509,825.2895,825.3525,825.3501,824.2386,50.0,False,NOMINAL,HEALTHY,-36.36,3.88
DIG_LOT07_COMP0081,LOT_07,DIGITAL_IC,CQFP-64,DIG-SIH-2026,THERMAL_BURN_IN,T07_0081,PROC-ISRO-IISU-01,ATE-STATION-01,CHAMBER-01,1.0,125.0,5.0,168,IDDQ,ELECTRICAL,uA,1.2877,988.7473,988.7899,988.9332,987.4596,28.152,1.9243,11.463,0.0393,0.029,35.39,35.15,1.2877,988.7473,988.7899,988.9332,987.4596,50.0,False,NOMINAL,HEALTHY,4.09,-41.87
DIG_LOT07_COMP0082,LOT_07,DIGITAL_IC,CQFP-64,DIG-SIH-2026,THERMAL_BURN_IN,T07_0082,PROC-ISRO-IISU-01,ATE-STATION-01,CHAMBER-01,1.0,125.0,5.0,168,IDDQ,ELECTRICAL,uA,1.5338,1179.1763,1179.3339,1179.3991,1177.6425,24.153,1.9647,12.873,0.0045,0.101,36.25,35.49,1.5338,1179.1763,1179.3339,1179.3991,1177.6425,50.0,False,NOMINAL,HEALTHY,27.81,16.65
DIG_LOT07_COMP0083,LOT_07,DIGITAL_IC,CQFP-64,DIG-SIH-2026,THERMAL_BURN_IN,T07_0083,PROC-ISRO-IISU-01,ATE-STATION-01,CHAMBER-01,1.0,125.0,5.0,168,IDDQ,ELECTRICAL,uA,1.5272,1184.9305,1184.9963,1185.0669,1183.4033,24.899,2.0419,12.887,0.0141,0.0683,34.24,34.3,1.5272,1184.9305,1184.9963,1185.0669,1183.4033,50.0,False,NOMINAL,HEALTHY,-33.71,-34.47
DIG_LOT07_COMP0084,LOT_07,DIGITAL_IC,CQFP-64,DIG-SIH-2026,THERMAL_BURN_IN,T07_0084,PROC-ISRO-IISU-01,ATE-STATION-01,CHAMBER-01,1.0,125.0,5.0,168,IDDQ,ELECTRICAL,uA,1.3305,1005.7299,1005.8233,1005.8548,1004.3994,24.66,2.2987,11.858,0.0216,0.0519,36.7,37.12,1.3305,1005.7299,1005.8233,1005.8548,1004.3994,50.0,False,NOMINAL,HEALTHY,24.42,-39.96
DIG_LOT07_COMP0085,LOT_07,DIGITAL_IC,CQFP-64,DIG-SIH-2026,THERMAL_BURN_IN,T07_0085,PROC-ISRO-IISU-01,ATE-STATION-01,CHAMBER-01,1.0,125.0,5.0,168,IDDQ,ELECTRICAL,uA,1.2491,966.6332,966.6937,966.6951,965.3841,26.44,2.0574,12.15,-0.0265,0.0261,33.85,33.77,1.2491,966.6332,966.6937,966.6951,965.3841,50.0,False,NOMINAL,HEALTHY,-47.76,23.83
DIG_LOT07_COMP0086,LOT_07,DIGITAL_IC,CQFP-64,DIG-SIH-2026,THERMAL_BURN_IN,T07_0086,PROC-ISRO-IISU-01,ATE-STATION-01,CHAMBER-01,1.0,125.0,5.0,168,IDDQ,ELECTRICAL,uA,1.415,1079.8854,1081.6176,1088.9501,1078.4704,24.274,1.864,11.23,0.004,0.0157,34.34,33.73,1.415,1079.8854,1081.6176,1088.9501,1078.4704,50.0,True,ELECTROMIGRATION,HEALTHY,27.04,10.49
DIG_LOT07_COMP0087,LOT_07,DIGITAL_IC,CQFP-64,DIG-SIH-2026,THERMAL_BURN_IN,T07_0087,PROC-ISRO-IISU-01,ATE-STATION-01,CHAMBER-01,1.0,125.0,5.0,168,IDDQ,ELECTRICAL,uA,1.4029,1069.2302,1069.4011,1069.4283,1067.8273,24.743,2.6221,12.361,0.0293,0.0602,33.77,34.26,1.4029,1069.2302,1069.4011,1069.4283,1067.8273,50.0,False,NOMINAL,HEALTHY,-31.17,49.66
DIG_LOT07_COMP0088,LOT_07,DIGITAL_IC,CQFP-64,DIG-SIH-2026,THERMAL_BURN_IN,T07_0088,PROC-ISRO-IISU-01,ATE-STATION-01,CHAMBER-01,1.0,125.0,5.0,168,IDDQ,ELECTRICAL,uA,1.2531,957.8386,957.9122,957.9127,956.5855,26.835,1.512,12.9,-0.0069,0.0104,34.46,33.55,1.2531,957.8386,957.9122,957.9127,956.5855,50.0,False,NOMINAL,HEALTHY,14.25,19.94
DIG_LOT07_COMP0089,LOT_07,DIGITAL_IC,CQFP-64,DIG-SIH-2026,THERMAL_BURN_IN,T07_0089,PROC-ISRO-IISU-01,ATE-STATION-01,CHAMBER-01,1.0,125.0,5.0,168,IDDQ,ELECTRICAL,uA,1.2093,929.5367,929.5966,929.6751,928.3274,23.961,1.6772,13.124,-0.0026,0.0654,34.12,34.24,1.2093,929.5367,929.5966,929.6751,928.3274,50.0,False,NOMINAL,HEALTHY,22.62,-29.52
DIG_LOT07_COMP0090,LOT_07,DIGITAL_IC,CQFP-64,DIG-SIH-2026,THERMAL_BURN_IN,T07_0090,PROC-ISRO-IISU-01,ATE-STATION-01,CHAMBER-01,1.0,125.0,5.0,168,IDDQ,ELECTRICAL,uA,0.9985,787.7583,787.7985,787.8407,786.7598,25.439,1.5762,13.058,0.0046,-0.025,34.34,34.23,0.9985,787.7583,787.7985,787.8407,786.7598,50.0,False,NOMINAL,HEALTHY,23.12,42.2
DIG_LOT07_COMP0091,LOT_07,DIGITAL_IC,CQFP-64,DIG-SIH-2026,THERMAL_BURN_IN,T07_0091,PROC-ISRO-IISU-01,ATE-STATION-01,CHAMBER-01,1.0,125.0,5.0,168,IDDQ,ELECTRICAL,uA,1.3187,1014.2257,1014.3099,1014.3968,1012.907,24.455,1.7598,12.32,0.0035,-0.0016,36.41,36.42,1.3187,1014.2257,1014.3099,1014.3968,1012.907,50.0,False,NOMINAL,HEALTHY,38.64,-36.77
DIG_LOT07_COMP0092,LOT_07,DIGITAL_IC,CQFP-64,DIG-SIH-2026,THERMAL_BURN_IN,T07_0092,PROC-ISRO-IISU-01,ATE-STATION-01,CHAMBER-01,1.0,125.0,5.0,168,IDDQ,ELECTRICAL,uA,1.3548,1056.2219,1056.3409,1056.3203,1054.8671,24.662,1.8899,12.68,-0.0172,-0.052,34.5,35.09,1.3548,1056.2219,1056.3409,1056.3203,1054.8671,50.0,False,NOMINAL,HEALTHY,5.85,-35.05
DIG_LOT07_COMP0093,LOT_07,DIGITAL_IC,CQFP-64,DIG-SIH-2026,THERMAL_BURN_IN,T07_0093,PROC-ISRO-IISU-01,ATE-STATION-01,CHAMBER-01,1.0,125.0,5.0,168,IDDQ,ELECTRICAL,uA,0.9915,773.1866,773.2439,773.2652,772.1951,27.596,2.0815,12.396,0.0087,0.0576,33.73,33.08,0.9915,773.1866,773.2439,773.2652,772.1951,50.0,False,NOMINAL,HEALTHY,-28.46,-20.96
DIG_LOT07_COMP0094,LOT_07,DIGITAL_IC,CQFP-64,DIG-SIH-2026,THERMAL_BURN_IN,T07_0094,PROC-ISRO-IISU-01,ATE-STATION-01,CHAMBER-01,1.0,125.0,5.0,168,IDDQ,ELECTRICAL,uA,1.2575,992.4571,992.4899,992.5933,991.1996,26.167,1.6427,11.219,0.0269,0.0213,33.82,33.57,1.2575,992.4571,992.4899,992.5933,991.1996,50.0,False,NOMINAL,HEALTHY,-11.91,4.0
DIG_LOT07_COMP0095,LOT_07,DIGITAL_IC,CQFP-64,DIG-SIH-2026,THERMAL_BURN_IN,T07_0095,PROC-ISRO-IISU-01,ATE-STATION-01,CHAMBER-01,1.0,125.0,5.0,168,IDDQ,ELECTRICAL,uA,1.2549,971.3398,971.4564,971.5191,970.0849,28.863,1.8669,12.563,0.0231,0.0579,33.09,33.96,1.2549,971.3398,971.4564,971.5191,970.0849,50.0,False,NOMINAL,HEALTHY,20.68,11.36
DIG_LOT07_COMP0096,LOT_07,DIGITAL_IC,CQFP-64,DIG-SIH-2026,THERMAL_BURN_IN,T07_0096,PROC-ISRO-IISU-01,ATE-STATION-01,CHAMBER-01,1.0,125.0,5.0,168,IDDQ,ELECTRICAL,uA,1.4151,1092.8936,1093.0068,1093.048,1091.4785,24.571,2.1453,11.775,-0.0041,0.0034,34.98,34.75,1.4151,1092.8936,1093.0068,1093.048,1091.4785,50.0,False,NOMINAL,HEALTHY,-1.5,-37.63
DIG_LOT07_COMP0097,LOT_07,DIGITAL_IC,CQFP-64,DIG-SIH-2026,THERMAL_BURN_IN,T07_0097,PROC-ISRO-IISU-01,ATE-STATION-01,CHAMBER-01,1.0,125.0,5.0,168,IDDQ,ELECTRICAL,uA,1.255,967.5857,967.6568,967.6552,966.3307,22.988,2.0048,13.413,-0.0273,0.0878,36.02,36.49,1.255,967.5857,967.6568,967.6552,966.3307,50.0,False,NOMINAL,HEALTHY,-49.86,25.85
DIG_LOT07_COMP0098,LOT_07,DIGITAL_IC,CQFP-64,DIG-SIH-2026,THERMAL_BURN_IN,T07_0098,PROC-ISRO-IISU-01,ATE-STATION-01,CHAMBER-01,1.0,125.0,5.0,168,IDDQ,ELECTRICAL,uA,1.6269,1258.6681,1258.7492,1258.8432,1257.0412,27.725,2.3353,12.366,-0.002,-0.0963,35.85,35.58,1.6269,1258.6681,1258.7492,1258.8432,1257.0412,50.0,False,NOMINAL,HEALTHY,43.64,23.26
DIG_LOT07_COMP0099,LOT_07,DIGITAL_IC,CQFP-64,DIG-SIH-2026,THERMAL_BURN_IN,T07_0099,PROC-ISRO-IISU-01,ATE-STATION-01,CHAMBER-01,1.0,125.0,5.0,168,IDDQ,ELECTRICAL,uA,1.2602,967.4889,967.6122,967.6226,966.2287,27.173,2.1443,12.18,-0.0005,-0.0389,36.63,36.09,1.2602,967.4889,967.6122,967.6226,966.2287,50.0,False,NOMINAL,HEALTHY,-5.15,36.61
DIG_LOT07_COMP0100,LOT_07,DIGITAL_IC,CQFP-64,DIG-SIH-2026,THERMAL_BURN_IN,T07_0100,PROC-ISRO-IISU-01,ATE-STATION-01,CHAMBER-01,1.0,125.0,5.0,168,IDDQ,ELECTRICAL,uA,1.3206,1022.6662,1022.7305,1022.857,1021.3456,22.589,2.1463,12.598,-0.0105,0.0436,35.0,34.6,1.3206,1022.6662,1022.7305,1022.857,1021.3456,50.0,False,NOMINAL,HEALTHY,-0.94,3.64
DIG_LOT07_COMP0101,LOT_07,DIGITAL_IC,CQFP-64,DIG-SIH-2026,THERMAL_BURN_IN,T07_0101,PROC-ISRO-IISU-01,ATE-STATION-01,CHAMBER-01,1.0,125.0,5.0,168,IDDQ,ELECTRICAL,uA,1.2791,993.3883,993.4496,993.5021,992.1092,25.987,1.5975,13.324,0.0292,-0.0146,35.74,35.85,1.2791,993.3883,993.4496,993.5021,992.1092,50.0,False,NOMINAL,HEALTHY,-4.07,21.58
DIG_LOT07_COMP0102,LOT_07,DIGITAL_IC,CQFP-64,DIG-SIH-2026,THERMAL_BURN_IN,T07_0102,PROC-ISRO-IISU-01,ATE-STATION-01,CHAMBER-01,1.0,125.0,5.0,168,IDDQ,ELECTRICAL,uA,1.3432,1038.4945,1038.5318,1038.625,1037.1513,26.397,2.3231,13.243,-0.0305,0.0558,34.46,35.12,1.3432,1038.4945,1038.5318,1038.625,1037.1513,50.0,False,NOMINAL,HEALTHY,16.85,-43.68
DIG_LOT07_COMP0103,LOT_07,DIGITAL_IC,CQFP-64,DIG-SIH-2026,THERMAL_BURN_IN,T07_0103,PROC-ISRO-IISU-01,ATE-STATION-01,CHAMBER-01,1.0,125.0,5.0,168,IDDQ,ELECTRICAL,uA,1.287,996.0195,996.0835,996.2058,994.7325,23.441,1.9851,12.261,0.0054,-0.0597,35.03,34.71,1.287,996.0195,996.0835,996.2058,994.7325,50.0,False,NOMINAL,HEALTHY,-34.15,-22.58
DIG_LOT07_COMP0104,LOT_07,DIGITAL_IC,CQFP-64,DIG-SIH-2026,THERMAL_BURN_IN,T07_0104,PROC-ISRO-IISU-01,ATE-STATION-01,CHAMBER-01,1.0,125.0,5.0,168,IDDQ,ELECTRICAL,uA,1.4647,1143.6834,1143.7592,1143.8219,1142.2187,23.903,2.2593,12.288,0.0043,0.0961,36.71,36.44,1.4647,1143.6834,1143.7592,1143.8219,1142.2187,50.0,False,NOMINAL,HEALTHY,-16.11,-34.53
DIG_LOT07_COMP0105,LOT_07,DIGITAL_IC,CQFP-64,DIG-SIH-2026,THERMAL_BURN_IN,T07_0105,PROC-ISRO-IISU-01,ATE-STATION-01,CHAMBER-01,1.0,125.0,5.0,168,IDDQ,ELECTRICAL,uA,1.5016,1140.99,1141.1157,1141.1706,1139.4884,23.881,1.9028,13.652,-0.0144,-0.0005,36.02,35.44,1.5016,1140.99,1141.1157,1141.1706,1139.4884,50.0,False,NOMINAL,HEALTHY,-22.55,19.44
DIG_LOT07_COMP0106,LOT_07,DIGITAL_IC,CQFP-64,DIG-SIH-2026,THERMAL_BURN_IN,T07_0106,PROC-ISRO-IISU-01,ATE-STATION-01,CHAMBER-01,1.0,125.0,5.0,168,IDDQ,ELECTRICAL,uA,1.3513,1040.3076,1040.3925,1040.3179,1038.9563,24.221,1.5676,13.241,-0.0026,-0.0371,36.61,37.12,1.3513,1040.3076,1040.3925,1040.3179,1038.9563,50.0,False,NOMINAL,HEALTHY,38.32,-17.53
DIG_LOT07_COMP0107,LOT_07,DIGITAL_IC,CQFP-64,DIG-SIH-2026,THERMAL_BURN_IN,T07_0107,PROC-ISRO-IISU-01,ATE-STATION-01,CHAMBER-01,1.0,125.0,5.0,168,IDDQ,ELECTRICAL,uA,1.4191,1074.4645,1074.5391,1074.6183,1073.0454,25.477,1.6475,12.727,0.0391,0.1173,34.08,34.4,1.4191,1074.4645,1074.5391,1074.6183,1073.0454,50.0,False,NOMINAL,HEALTHY,1.6,-22.82
DIG_LOT07_COMP0108,LOT_07,DIGITAL_IC,CQFP-64,DIG-SIH-2026,THERMAL_BURN_IN,T07_0108,PROC-ISRO-IISU-01,ATE-STATION-01,CHAMBER-01,1.0,125.0,5.0,168,IDDQ,ELECTRICAL,uA,1.4898,1170.1848,1170.2948,1170.3321,1168.695,21.247,2.0252,13.943,-0.0302,-0.0204,34.65,33.82,1.4898,1170.1848,1170.2948,1170.3321,1168.695,50.0,False,NOMINAL,HEALTHY,-12.32,21.8
DIG_LOT07_COMP0109,LOT_07,DIGITAL_IC,CQFP-64,DIG-SIH-2026,THERMAL_BURN_IN,T07_0109,PROC-ISRO-IISU-01,ATE-STATION-01,CHAMBER-01,1.0,125.0,5.0,168,IDDQ,ELECTRICAL,uA,1.1712,906.3054,906.4179,906.4414,905.1342,24.327,1.8212,12.631,0.0415,0.0061,35.64,35.52,1.1712,906.3054,906.4179,906.4414,905.1342,50.0,False,NOMINAL,HEALTHY,3.42,32.85
DIG_LOT07_COMP0110,LOT_07,DIGITAL_IC,CQFP-64,DIG-SIH-2026,THERMAL_BURN_IN,T07_0110,PROC-ISRO-IISU-01,ATE-STATION-01,CHAMBER-01,1.0,125.0,5.0,168,IDDQ,ELECTRICAL,uA,1.5384,1190.008,1190.1215,1190.2018,1188.4696,23.528,2.4218,12.91,-0.0246,-0.126,34.29,34.98,1.5384,1190.008,1190.1215,1190.2018,1188.4696,50.0,False,NOMINAL,HEALTHY,17.06,-25.19
DIG_LOT07_COMP0111,LOT_07,DIGITAL_IC,CQFP-64,DIG-SIH-2026,THERMAL_BURN_IN,T07_0111,PROC-ISRO-IISU-01,ATE-STATION-01,CHAMBER-01,1.0,125.0,5.0,168,IDDQ,ELECTRICAL,uA,1.1472,896.9874,897.0533,897.0933,895.8402,24.834,1.7329,12.842,0.0025,-0.0377,36.18,36.78,1.1472,896.9874,897.0533,897.0933,895.8402,50.0,False,NOMINAL,HEALTHY,-18.42,-4.31
DIG_LOT07_COMP0112,LOT_07,DIGITAL_IC,CQFP-64,DIG-SIH-2026,THERMAL_BURN_IN,T07_0112,PROC-ISRO-IISU-01,ATE-STATION-01,CHAMBER-01,1.0,125.0,5.0,168,IDDQ,ELECTRICAL,uA,1.2721,986.4176,986.4497,986.4692,985.1455,26.207,1.9608,12.252,0.0008,0.0931,34.82,35.12,1.2721,986.4176,986.4497,986.4692,985.1455,50.0,False,NOMINAL,HEALTHY,3.74,-22.57
DIG_LOT07_COMP0113,LOT_07,DIGITAL_IC,CQFP-64,DIG-SIH-2026,THERMAL_BURN_IN,T07_0113,PROC-ISRO-IISU-01,ATE-STATION-01,CHAMBER-01,1.0,125.0,5.0,168,IDDQ,ELECTRICAL,uA,1.4535,1123.3682,1123.4879,1123.5033,1121.9147,23.029,2.0758,12.165,-0.0258,-0.0961,33.41,33.8,1.4535,1123.3682,1123.4879,1123.5033,1121.9147,50.0,False,NOMINAL,HEALTHY,31.41,7.82
DIG_LOT07_COMP0114,LOT_07,DIGITAL_IC,CQFP-64,DIG-SIH-2026,THERMAL_BURN_IN,T07_0114,PROC-ISRO-IISU-01,ATE-STATION-01,CHAMBER-01,1.0,125.0,5.0,168,IDDQ,ELECTRICAL,uA,1.3737,1064.7744,1064.8145,1064.8375,1063.4007,24.963,2.095,13.368,-0.0023,-0.0301,35.43,35.27,1.3737,1064.7744,1064.8145,1064.8375,1063.4007,50.0,False,NOMINAL,HEALTHY,-23.32,16.91
DIG_LOT07_COMP0115,LOT_07,DIGITAL_IC,CQFP-64,DIG-SIH-2026,THERMAL_BURN_IN,T07_0115,PROC-ISRO-IISU-01,ATE-STATION-01,CHAMBER-01,1.0,125.0,5.0,168,IDDQ,ELECTRICAL,uA,1.1701,916.5554,916.6572,916.6592,915.3853,24.744,2.2473,11.032,0.0185,-0.0124,34.61,34.58,1.1701,916.5554,916.6572,916.6592,915.3853,50.0,False,NOMINAL,HEALTHY,-6.93,41.92
DIG_LOT07_COMP0116,LOT_07,DIGITAL_IC,CQFP-64,DIG-SIH-2026,THERMAL_BURN_IN,T07_0116,PROC-ISRO-IISU-01,ATE-STATION-01,CHAMBER-01,1.0,125.0,5.0,168,IDDQ,ELECTRICAL,uA,1.2243,950.3875,950.4362,950.5312,949.1632,25.711,1.738,12.92,-0.0082,-0.0988,35.37,34.78,1.2243,950.3875,950.4362,950.5312,949.1632,50.0,False,NOMINAL,HEALTHY,-30.07,19.58
DIG_LOT07_COMP0117,LOT_07,DIGITAL_IC,CQFP-64,DIG-SIH-2026,THERMAL_BURN_IN,T07_0117,PROC-ISRO-IISU-01,ATE-STATION-01,CHAMBER-01,1.0,125.0,5.0,168,IDDQ,ELECTRICAL,uA,1.2868,983.7891,983.8205,983.937,982.5023,26.842,2.4483,12.742,-0.0274,-0.0988,33.84,34.26,1.2868,983.7891,983.8205,983.937,982.5023,50.0,False,NOMINAL,HEALTHY,38.7,-23.64
DIG_LOT07_COMP0118,LOT_07,DIGITAL_IC,CQFP-64,DIG-SIH-2026,THERMAL_BURN_IN,T07_0118,PROC-ISRO-IISU-01,ATE-STATION-01,CHAMBER-01,1.0,125.0,5.0,168,IDDQ,ELECTRICAL,uA,1.2098,931.6987,931.7456,931.7813,930.4889,26.623,2.1184,12.166,0.0016,-0.0014,34.84,34.78,1.2098,931.6987,931.7456,931.7813,930.4889,50.0,False,NOMINAL,HEALTHY,37.34,17.01
DIG_LOT07_COMP0119,LOT_07,DIGITAL_IC,CQFP-64,DIG-SIH-2026,THERMAL_BURN_IN,T07_0119,PROC-ISRO-IISU-01,ATE-STATION-01,CHAMBER-01,1.0,125.0,5.0,168,IDDQ,ELECTRICAL,uA,1.2207,932.9365,932.9825,933.0515,931.7158,28.474,1.8193,12.349,-0.0038,-0.0487,33.91,33.82,1.2207,932.9365,932.9825,933.0515,931.7158,50.0,False,NOMINAL,HEALTHY,38.85,41.05
DIG_LOT07_COMP0120,LOT_07,DIGITAL_IC,CQFP-64,DIG-SIH-2026,THERMAL_BURN_IN,T07_0120,PROC-ISRO-IISU-01,ATE-STATION-01,CHAMBER-01,1.0,125.0,5.0,168,IDDQ,ELECTRICAL,uA,1.3945,1071.7869,1071.8719,1071.9178,1070.3924,25.101,2.1333,13.487,0.0167,-0.0229,36.75,37.18,1.3945,1071.7869,1071.8719,1071.9178,1070.3924,50.0,False,NOMINAL,HEALTHY,-33.0,-29.42
DIG_LOT07_COMP0121,LOT_07,DIGITAL_IC,CQFP-64,DIG-SIH-2026,THERMAL_BURN_IN,T07_0121,PROC-ISRO-IISU-01,ATE-STATION-01,CHAMBER-01,1.0,125.0,5.0,168,IDDQ,ELECTRICAL,uA,1.1727,901.8178,901.8367,901.9374,900.6451,25.455,1.9552,12.409,-0.011,0.0067,34.31,34.56,1.1727,901.8178,901.8367,901.9374,900.6451,50.0,False,NOMINAL,HEALTHY,-12.09,18.89
DIG_LOT07_COMP0122,LOT_07,DIGITAL_IC,CQFP-64,DIG-SIH-2026,THERMAL_BURN_IN,T07_0122,PROC-ISRO-IISU-01,ATE-STATION-01,CHAMBER-01,1.0,125.0,5.0,168,IDDQ,ELECTRICAL,uA,1.4207,1094.7271,1094.8192,1094.8457,1093.3064,26.702,2.3005,13.079,0.0217,-0.0404,35.16,35.28,1.4207,1094.7271,1094.8192,1094.8457,1093.3064,50.0,False,NOMINAL,HEALTHY,12.33,-28.34
DIG_LOT07_COMP0123,LOT_07,DIGITAL_IC,CQFP-64,DIG-SIH-2026,THERMAL_BURN_IN,T07_0123,PROC-ISRO-IISU-01,ATE-STATION-01,CHAMBER-01,1.0,125.0,5.0,168,IDDQ,ELECTRICAL,uA,1.1725,894.366,894.4132,894.5433,893.1935,24.003,2.2146,13.466,-0.0101,-0.0614,32.63,33.39,1.1725,894.366,894.4132,894.5433,893.1935,50.0,True,DIELECTRIC_OSCILLATION,HEALTHY,6.29,-23.53
DIG_LOT07_COMP0124,LOT_07,DIGITAL_IC,CQFP-64,DIG-SIH-2026,THERMAL_BURN_IN,T07_0124,PROC-ISRO-IISU-01,ATE-STATION-01,CHAMBER-01,1.0,125.0,5.0,168,IDDQ,ELECTRICAL,uA,1.0298,794.9206,794.9591,795.0356,793.8908,25.711,1.4738,14.042,0.0063,-0.051,34.16,34.87,1.0298,794.9206,794.9591,795.0356,793.8908,50.0,False,NOMINAL,HEALTHY,-4.76,36.33
DIG_LOT07_COMP0125,LOT_07,DIGITAL_IC,CQFP-64,DIG-SIH-2026,THERMAL_BURN_IN,T07_0125,PROC-ISRO-IISU-01,ATE-STATION-01,CHAMBER-01,1.0,125.0,5.0,168,IDDQ,ELECTRICAL,uA,1.5107,1179.7009,1179.7801,1179.7584,1178.1902,26.201,1.5042,10.825,-0.0014,0.0607,35.24,35.01,1.5107,1179.7009,1179.7801,1179.7584,1178.1902,50.0,False,NOMINAL,HEALTHY,31.95,16.02
DIG_LOT07_COMP0126,LOT_07,DIGITAL_IC,CQFP-64,DIG-SIH-2026,THERMAL_BURN_IN,T07_0126,PROC-ISRO-IISU-01,ATE-STATION-01,CHAMBER-01,1.0,125.0,5.0,168,IDDQ,ELECTRICAL,uA,1.216,924.8441,924.9638,924.9774,923.6281,26.95,1.6341,13.061,-0.0275,0.0972,34.05,35.16,1.216,924.8441,924.9638,924.9774,923.6281,50.0,False,NOMINAL,HEALTHY,28.05,-0.42
DIG_LOT07_COMP0127,LOT_07,DIGITAL_IC,CQFP-64,DIG-SIH-2026,THERMAL_BURN_IN,T07_0127,PROC-ISRO-IISU-01,ATE-STATION-01,CHAMBER-01,1.0,125.0,5.0,168,IDDQ,ELECTRICAL,uA,1.4104,1087.722,1087.856,1087.8606,1086.3116,25.398,2.0884,12.757,0.018,0.0832,35.54,35.78,1.4104,1087.722,1087.856,1087.8606,1086.3116,50.0,False,NOMINAL,HEALTHY,-33.15,46.37
DIG_LOT07_COMP0128,LOT_07,DIGITAL_IC,CQFP-64,DIG-SIH-2026,THERMAL_BURN_IN,T07_0128,PROC-ISRO-IISU-01,ATE-STATION-01,CHAMBER-01,1.0,125.0,5.0,168,IDDQ,ELECTRICAL,uA,1.4971,1127.9201,1127.9938,1128.1007,1126.423,25.865,2.0549,13.692,-0.0308,0.0037,33.66,33.42,1.4971,1127.9201,1127.9938,1128.1007,1126.423,50.0,False,NOMINAL,HEALTHY,49.27,30.0
DIG_LOT07_COMP0129,LOT_07,DIGITAL_IC,CQFP-64,DIG-SIH-2026,THERMAL_BURN_IN,T07_0129,PROC-ISRO-IISU-01,ATE-STATION-01,CHAMBER-01,1.0,125.0,5.0,168,IDDQ,ELECTRICAL,uA,1.1123,859.0038,859.0977,859.1332,857.8915,29.045,1.8315,12.965,0.009,0.0106,36.82,37.51,1.1123,859.0038,859.0977,859.1332,857.8915,50.0,False,NOMINAL,HEALTHY,-26.14,18.42
DIG_LOT07_COMP0130,LOT_07,DIGITAL_IC,CQFP-64,DIG-SIH-2026,THERMAL_BURN_IN,T07_0130,PROC-ISRO-IISU-01,ATE-STATION-01,CHAMBER-01,1.0,125.0,5.0,168,IDDQ,ELECTRICAL,uA,1.5019,1145.5191,1145.6525,1145.7152,1144.0172,26.909,1.9046,10.893,0.0007,-0.0331,36.32,36.04,1.5019,1145.5191,1145.6525,1145.7152,1144.0172,50.0,False,NOMINAL,HEALTHY,19.77,18.82
DIG_LOT07_COMP0131,LOT_07,DIGITAL_IC,CQFP-64,DIG-SIH-2026,THERMAL_BURN_IN,T07_0131,PROC-ISRO-IISU-01,ATE-STATION-01,CHAMBER-01,1.0,125.0,5.0,168,IDDQ,ELECTRICAL,uA,1.458,1147.6655,1147.8171,1147.8753,1146.2075,26.238,1.8395,13.864,-0.0066,0.0348,34.98,35.37,1.458,1147.6655,1147.8171,1147.8753,1146.2075,50.0,False,NOMINAL,HEALTHY,22.88,33.9
DIG_LOT07_COMP0132,LOT_07,DIGITAL_IC,CQFP-64,DIG-SIH-2026,THERMAL_BURN_IN,T07_0132,PROC-ISRO-IISU-01,ATE-STATION-01,CHAMBER-01,1.0,125.0,5.0,168,IDDQ,ELECTRICAL,uA,1.3746,1051.9763,1052.0542,1052.0236,1050.6017,24.133,2.1611,12.835,0.0233,0.0753,35.37,35.34,1.3746,1051.9763,1052.0542,1052.0236,1050.6017,50.0,False,NOMINAL,HEALTHY,-8.39,20.06
DIG_LOT07_COMP0133,LOT_07,DIGITAL_IC,CQFP-64,DIG-SIH-2026,THERMAL_BURN_IN,T07_0133,PROC-ISRO-IISU-01,ATE-STATION-01,CHAMBER-01,1.0,125.0,5.0,168,IDDQ,ELECTRICAL,uA,1.5287,1167.9532,1167.9903,1168.0553,1166.4245,24.806,2.0922,13.264,-0.0247,-0.038,33.75,33.68,1.5287,1167.9532,1167.9903,1168.0553,1166.4245,50.0,False,NOMINAL,HEALTHY,35.46,17.69
DIG_LOT07_COMP0134,LOT_07,DIGITAL_IC,CQFP-64,DIG-SIH-2026,THERMAL_BURN_IN,T07_0134,PROC-ISRO-IISU-01,ATE-STATION-01,CHAMBER-01,1.0,125.0,5.0,168,IDDQ,ELECTRICAL,uA,1.273,982.5979,982.7467,982.7797,981.3249,24.474,1.349,13.057,0.0119,0.0297,35.26,35.01,1.273,982.5979,982.7467,982.7797,981.3249,50.0,False,NOMINAL,HEALTHY,33.64,30.51
DIG_LOT07_COMP0135,LOT_07,DIGITAL_IC,CQFP-64,DIG-SIH-2026,THERMAL_BURN_IN,T07_0135,PROC-ISRO-IISU-01,ATE-STATION-01,CHAMBER-01,1.0,125.0,5.0,168,IDDQ,ELECTRICAL,uA,1.4161,1083.3812,1083.4969,1083.4814,1081.9651,23.933,2.3278,11.563,0.0246,0.0492,34.93,34.89,1.4161,1083.3812,1083.4969,1083.4814,1081.9651,50.0,False,NOMINAL,HEALTHY,46.49,14.55
DIG_LOT07_COMP0136,LOT_07,DIGITAL_IC,CQFP-64,DIG-SIH-2026,THERMAL_BURN_IN,T07_0136,PROC-ISRO-IISU-01,ATE-STATION-01,CHAMBER-01,1.0,125.0,5.0,168,IDDQ,ELECTRICAL,uA,1.4216,1094.725,1094.8376,1094.8503,1093.3034,21.312,2.1195,12.686,-0.0095,-0.0139,35.85,35.19,1.4216,1094.725,1094.8376,1094.8503,1093.3034,50.0,False,NOMINAL,HEALTHY,-31.23,-31.59
DIG_LOT07_COMP0137,LOT_07,DIGITAL_IC,CQFP-64,DIG-SIH-2026,THERMAL_BURN_IN,T07_0137,PROC-ISRO-IISU-01,ATE-STATION-01,CHAMBER-01,1.0,125.0,5.0,168,IDDQ,ELECTRICAL,uA,0.9313,712.466,712.571,712.5788,711.5347,28.301,1.6868,12.753,0.0326,0.0443,31.98,32.3,0.9313,712.466,712.571,712.5788,711.5347,50.0,False,NOMINAL,HEALTHY,-49.4,19.53
DIG_LOT07_COMP0138,LOT_07,DIGITAL_IC,CQFP-64,DIG-SIH-2026,THERMAL_BURN_IN,T07_0138,PROC-ISRO-IISU-01,ATE-STATION-01,CHAMBER-01,1.0,125.0,5.0,168,IDDQ,ELECTRICAL,uA,1.5671,1202.6635,1202.7368,1202.8513,1201.0964,26.403,1.9008,12.409,-0.0026,0.0272,38.27,37.59,1.5671,1202.6635,1202.7368,1202.8513,1201.0964,50.0,False,NOMINAL,HEALTHY,-13.34,23.14
DIG_LOT07_COMP0139,LOT_07,DIGITAL_IC,CQFP-64,DIG-SIH-2026,THERMAL_BURN_IN,T07_0139,PROC-ISRO-IISU-01,ATE-STATION-01,CHAMBER-01,1.0,125.0,5.0,168,IDDQ,ELECTRICAL,uA,1.3799,1069.0796,1069.1683,1069.1721,1067.6997,25.367,1.969,12.541,-0.0052,0.0079,33.86,34.29,1.3799,1069.0796,1069.1683,1069.1721,1067.6997,50.0,False,NOMINAL,HEALTHY,12.97,-33.64
DIG_LOT07_COMP0140,LOT_07,DIGITAL_IC,CQFP-64,DIG-SIH-2026,THERMAL_BURN_IN,T07_0140,PROC-ISRO-IISU-01,ATE-STATION-01,CHAMBER-01,1.0,125.0,5.0,168,IDDQ,ELECTRICAL,uA,1.0415,788.3766,788.47,788.4982,787.3351,25.859,1.4914,12.521,-0.0117,-0.0342,35.62,35.91,1.0415,788.3766,788.47,788.4982,787.3351,50.0,False,NOMINAL,HEALTHY,0.25,-27.31
DIG_LOT07_COMP0141,LOT_07,DIGITAL_IC,CQFP-64,DIG-SIH-2026,THERMAL_BURN_IN,T07_0141,PROC-ISRO-IISU-01,ATE-STATION-01,CHAMBER-01,1.0,125.0,5.0,168,IDDQ,ELECTRICAL,uA,1.3789,1060.1913,1060.2799,1060.2872,1058.8124,23.102,1.8896,14.372,0.0134,-0.0202,34.77,34.72,1.3789,1060.1913,1060.2799,1060.2872,1058.8124,50.0,False,NOMINAL,HEALTHY,8.53,-47.97
DIG_LOT07_COMP0142,LOT_07,DIGITAL_IC,CQFP-64,DIG-SIH-2026,THERMAL_BURN_IN,T07_0142,PROC-ISRO-IISU-01,ATE-STATION-01,CHAMBER-01,1.0,125.0,5.0,168,IDDQ,ELECTRICAL,uA,1.4861,1158.4784,1158.5366,1158.603,1156.9923,26.347,1.7616,11.398,0.0274,-0.012,36.39,36.51,1.4861,1158.4784,1158.5366,1158.603,1156.9923,50.0,False,NOMINAL,HEALTHY,3.88,34.86
DIG_LOT07_COMP0143,LOT_07,DIGITAL_IC,CQFP-64,DIG-SIH-2026,THERMAL_BURN_IN,T07_0143,PROC-ISRO-IISU-01,ATE-STATION-01,CHAMBER-01,1.0,125.0,5.0,168,IDDQ,ELECTRICAL,uA,1.4243,1086.2708,1086.3088,1086.3742,1084.8465,24.605,1.8488,13.151,-0.0091,0.0308,35.58,35.31,1.4243,1086.2708,1086.3088,1086.3742,1084.8465,50.0,False,NOMINAL,HEALTHY,32.6,-32.66
DIG_LOT07_COMP0144,LOT_07,DIGITAL_IC,CQFP-64,DIG-SIH-2026,THERMAL_BURN_IN,T07_0144,PROC-ISRO-IISU-01,ATE-STATION-01,CHAMBER-01,1.0,125.0,5.0,168,IDDQ,ELECTRICAL,uA,1.1725,906.3701,906.4103,906.4771,905.1976,27.183,1.6844,11.743,0.03,0.0147,33.92,34.22,1.1725,906.3701,906.4103,906.4771,905.1976,50.0,False,NOMINAL,HEALTHY,-9.94,0.4
DIG_LOT07_COMP0145,LOT_07,DIGITAL_IC,CQFP-64,DIG-SIH-2026,THERMAL_BURN_IN,T07_0145,PROC-ISRO-IISU-01,ATE-STATION-01,CHAMBER-01,1.0,125.0,5.0,168,IDDQ,ELECTRICAL,uA,1.1741,897.9595,898.0161,898.0833,896.7854,22.142,2.0737,11.386,-0.0281,-0.0161,34.45,33.64,1.1741,897.9595,898.0161,898.0833,896.7854,50.0,False,NOMINAL,HEALTHY,7.67,0.52
DIG_LOT07_COMP0146,LOT_07,DIGITAL_IC,CQFP-64,DIG-SIH-2026,THERMAL_BURN_IN,T07_0146,PROC-ISRO-IISU-01,ATE-STATION-01,CHAMBER-01,1.0,125.0,5.0,168,IDDQ,ELECTRICAL,uA,1.5492,1192.6303,1192.7522,1192.7854,1191.0811,26.165,1.9451,14.174,-0.008,-0.0664,33.43,33.63,1.5492,1192.6303,1192.7522,1192.7854,1191.0811,50.0,False,NOMINAL,HEALTHY,-14.82,-2.73
DIG_LOT07_COMP0147,LOT_07,DIGITAL_IC,CQFP-64,DIG-SIH-2026,THERMAL_BURN_IN,T07_0147,PROC-ISRO-IISU-01,ATE-STATION-01,CHAMBER-01,1.0,125.0,5.0,168,IDDQ,ELECTRICAL,uA,0.9983,789.8827,789.9018,789.9849,788.8844,24.313,1.9611,12.852,-0.0093,0.0997,33.23,33.54,0.9983,789.8827,789.9018,789.9849,788.8844,50.0,False,NOMINAL,HEALTHY,20.28,-44.53
DIG_LOT07_COMP0148,LOT_07,DIGITAL_IC,CQFP-64,DIG-SIH-2026,THERMAL_BURN_IN,T07_0148,PROC-ISRO-IISU-01,ATE-STATION-01,CHAMBER-01,1.0,125.0,5.0,168,IDDQ,ELECTRICAL,uA,1.5502,1209.6137,1209.7109,1209.758,1208.0635,26.087,1.2942,12.087,0.0272,0.0328,34.73,34.31,1.5502,1209.6137,1209.7109,1209.758,1208.0635,50.0,False,NOMINAL,HEALTHY,-1.42,-32.07
DIG_LOT07_COMP0149,LOT_07,DIGITAL_IC,CQFP-64,DIG-SIH-2026,THERMAL_BURN_IN,T07_0149,PROC-ISRO-IISU-01,ATE-STATION-01,CHAMBER-01,1.0,125.0,5.0,168,IDDQ,ELECTRICAL,uA,1.4058,1079.1332,1079.2262,1079.2995,1077.7274,24.51,2.1035,11.462,-0.0052,-0.0526,33.8,34.21,1.4058,1079.1332,1079.2262,1079.2995,1077.7274,50.0,False,NOMINAL,HEALTHY,37.75,13.39
DIG_LOT07_COMP0150,LOT_07,DIGITAL_IC,CQFP-64,DIG-SIH-2026,THERMAL_BURN_IN,T07_0150,PROC-ISRO-IISU-01,ATE-STATION-01,CHAMBER-01,1.0,125.0,5.0,168,IDDQ,ELECTRICAL,uA,1.4291,1104.0381,1104.1065,1104.2075,1102.609,25.706,2.1401,12.45,0.0308,-0.0088,36.57,37.86,1.4291,1104.0381,1104.1065,1104.2075,1102.609,50.0,False,NOMINAL,HEALTHY,-8.08,-47.66
DIG_LOT07_COMP0151,LOT_07,DIGITAL_IC,CQFP-64,DIG-SIH-2026,THERMAL_BURN_IN,T07_0151,PROC-ISRO-IISU-01,ATE-STATION-01,CHAMBER-01,1.0,125.0,5.0,168,IDDQ,ELECTRICAL,uA,1.133,875.8998,875.9799,876.0657,874.7668,23.35,2.2414,12.57,0.0009,0.0912,35.5,35.93,1.133,875.8998,875.9799,876.0657,874.7668,50.0,False,NOMINAL,HEALTHY,-7.83,29.07
DIG_LOT07_COMP0152,LOT_07,DIGITAL_IC,CQFP-64,DIG-SIH-2026,THERMAL_BURN_IN,T07_0152,PROC-ISRO-IISU-01,ATE-STATION-01,CHAMBER-01,1.0,125.0,5.0,168,IDDQ,ELECTRICAL,uA,1.3525,1055.6482,1055.7076,1055.8391,1054.2957,25.197,2.2289,11.158,-0.004,0.0187,34.28,33.68,1.3525,1055.6482,1055.7076,1055.8391,1054.2957,50.0,False,NOMINAL,HEALTHY,22.75,48.35
DIG_LOT07_COMP0153,LOT_07,DIGITAL_IC,CQFP-64,DIG-SIH-2026,THERMAL_BURN_IN,T07_0153,PROC-ISRO-IISU-01,ATE-STATION-01,CHAMBER-01,1.0,125.0,5.0,168,IDDQ,ELECTRICAL,uA,1.4195,1077.9366,1078.0602,1078.0833,1076.5171,24.406,1.8793,12.031,-0.0217,-0.0176,34.64,35.16,1.4195,1077.9366,1078.0602,1078.0833,1076.5171,50.0,False,NOMINAL,HEALTHY,18.19,-24.47
DIG_LOT07_COMP0154,LOT_07,DIGITAL_IC,CQFP-64,DIG-SIH-2026,THERMAL_BURN_IN,T07_0154,PROC-ISRO-IISU-01,ATE-STATION-01,CHAMBER-01,1.0,125.0,5.0,168,IDDQ,ELECTRICAL,uA,1.4436,1129.2536,1129.2697,1129.3245,1127.81,20.724,1.3947,11.734,0.0203,-0.0091,34.52,34.22,1.4436,1129.2536,1129.2697,1129.3245,1127.81,50.0,False,NOMINAL,HEALTHY,-39.33,-38.33
DIG_LOT07_COMP0155,LOT_07,DIGITAL_IC,CQFP-64,DIG-SIH-2026,THERMAL_BURN_IN,T07_0155,PROC-ISRO-IISU-01,ATE-STATION-01,CHAMBER-01,1.0,125.0,5.0,168,IDDQ,ELECTRICAL,uA,1.5496,1175.5768,1175.6571,1175.7037,1174.0272,26.097,2.1507,12.136,0.0055,0.0023,33.34,33.5,1.5496,1175.5768,1175.6571,1175.7037,1174.0272,50.0,False,NOMINAL,HEALTHY,-42.87,-43.68
DIG_LOT07_COMP0156,LOT_07,DIGITAL_IC,CQFP-64,DIG-SIH-2026,THERMAL_BURN_IN,T07_0156,PROC-ISRO-IISU-01,ATE-STATION-01,CHAMBER-01,1.0,125.0,5.0,168,IDDQ,ELECTRICAL,uA,1.2876,1008.3096,1008.4145,1008.5025,1007.022,23.38,2.2923,12.418,0.0284,0.1657,33.14,33.61,1.2876,1008.3096,1008.4145,1008.5025,1007.022,50.0,False,NOMINAL,HEALTHY,5.82,2.22
DIG_LOT07_COMP0157,LOT_07,DIGITAL_IC,CQFP-64,DIG-SIH-2026,THERMAL_BURN_IN,T07_0157,PROC-ISRO-IISU-01,ATE-STATION-01,CHAMBER-01,1.0,125.0,5.0,168,IDDQ,ELECTRICAL,uA,1.2226,942.5706,942.6433,942.6777,941.348,24.85,1.5769,13.181,0.0027,-0.0719,36.57,36.78,1.2226,942.5706,942.6433,942.6777,941.348,50.0,False,NOMINAL,HEALTHY,-33.73,-35.16
DIG_LOT07_COMP0158,LOT_07,DIGITAL_IC,CQFP-64,DIG-SIH-2026,THERMAL_BURN_IN,T07_0158,PROC-ISRO-IISU-01,ATE-STATION-01,CHAMBER-01,1.0,125.0,5.0,168,IDDQ,ELECTRICAL,uA,1.3384,1016.6957,1016.7259,1016.7903,1015.3573,22.43,1.545,12.478,-0.0092,0.016,35.88,35.27,1.3384,1016.6957,1016.7259,1016.7903,1015.3573,50.0,False,NOMINAL,HEALTHY,3.23,17.83
DIG_LOT07_COMP0159,LOT_07,DIGITAL_IC,CQFP-64,DIG-SIH-2026,THERMAL_BURN_IN,T07_0159,PROC-ISRO-IISU-01,ATE-STATION-01,CHAMBER-01,1.0,125.0,5.0,168,IDDQ,ELECTRICAL,uA,1.198,937.5835,937.6499,937.7429,936.3855,26.942,1.5686,13.287,-0.0196,0.0238,36.73,36.48,1.198,937.5835,937.6499,937.7429,936.3855,50.0,False,NOMINAL,HEALTHY,40.53,39.09
DIG_LOT07_COMP0160,LOT_07,DIGITAL_IC,CQFP-64,DIG-SIH-2026,THERMAL_BURN_IN,T07_0160,PROC-ISRO-IISU-01,ATE-STATION-01,CHAMBER-01,1.0,125.0,5.0,168,IDDQ,ELECTRICAL,uA,1.3788,1071.3713,1072.8557,1078.9683,1069.9925,25.287,1.704,11.709,0.0219,-0.0027,34.36,34.44,1.3788,1071.3713,1072.8557,1078.9683,1069.9925,50.0,True,ELECTROMIGRATION,HEALTHY,-38.4,34.79
DIG_LOT07_COMP0161,LOT_07,DIGITAL_IC,CQFP-64,DIG-SIH-2026,THERMAL_BURN_IN,T07_0161,PROC-ISRO-IISU-01,ATE-STATION-01,CHAMBER-01,1.0,125.0,5.0,168,IDDQ,ELECTRICAL,uA,1.2479,958.2598,958.3552,958.3757,957.0119,25.244,2.1427,12.694,-0.001,0.0458,34.96,34.97,1.2479,958.2598,958.3552,958.3757,957.0119,50.0,False,NOMINAL,HEALTHY,-3.46,-2.24
DIG_LOT07_COMP0162,LOT_07,DIGITAL_IC,CQFP-64,DIG-SIH-2026,THERMAL_BURN_IN,T07_0162,PROC-ISRO-IISU-01,ATE-STATION-01,CHAMBER-01,1.0,125.0,5.0,168,IDDQ,ELECTRICAL,uA,0.9596,760.0158,760.1219,760.1205,759.0562,25.565,2.4218,12.722,-0.0016,0.0128,34.26,34.16,0.9596,760.0158,760.1219,760.1205,759.0562,50.0,False,NOMINAL,HEALTHY,30.44,-37.48
DIG_LOT07_COMP0163,LOT_07,DIGITAL_IC,CQFP-64,DIG-SIH-2026,THERMAL_BURN_IN,T07_0163,PROC-ISRO-IISU-01,ATE-STATION-01,CHAMBER-01,1.0,125.0,5.0,168,IDDQ,ELECTRICAL,uA,1.2934,973.3755,973.4586,973.5048,972.0821,25.508,2.2109,12.594,0.0115,0.0031,34.67,35.07,1.2934,973.3755,973.4586,973.5048,972.0821,50.0,False,NOMINAL,HEALTHY,-28.05,48.71
DIG_LOT07_COMP0164,LOT_07,DIGITAL_IC,CQFP-64,DIG-SIH-2026,THERMAL_BURN_IN,T07_0164,PROC-ISRO-IISU-01,ATE-STATION-01,CHAMBER-01,1.0,125.0,5.0,168,IDDQ,ELECTRICAL,uA,1.3148,1013.0169,1013.0733,1013.1029,1011.7021,25.854,2.0469,13.304,0.0078,0.0093,36.77,36.14,1.3148,1013.0169,1013.0733,1013.1029,1011.7021,50.0,False,NOMINAL,HEALTHY,-35.11,-6.12
DIG_LOT07_COMP0165,LOT_07,DIGITAL_IC,CQFP-64,DIG-SIH-2026,THERMAL_BURN_IN,T07_0165,PROC-ISRO-IISU-01,ATE-STATION-01,CHAMBER-01,1.0,125.0,5.0,168,IDDQ,ELECTRICAL,uA,1.147,879.3529,879.4411,879.5503,878.2059,23.375,1.6885,11.65,-0.002,-0.0414,34.43,35.14,1.147,879.3529,879.4411,879.5503,878.2059,50.0,False,NOMINAL,HEALTHY,44.99,30.45
DIG_LOT07_COMP0166,LOT_07,DIGITAL_IC,CQFP-64,DIG-SIH-2026,THERMAL_BURN_IN,T07_0166,PROC-ISRO-IISU-01,ATE-STATION-01,CHAMBER-01,1.0,125.0,5.0,168,IDDQ,ELECTRICAL,uA,1.3259,1051.3891,1051.4337,1051.4516,1050.0632,25.25,1.629,12.689,0.0128,0.0709,36.32,35.31,1.3259,1051.3891,1051.4337,1051.4516,1050.0632,50.0,False,NOMINAL,HEALTHY,26.18,-31.01
DIG_LOT07_COMP0167,LOT_07,DIGITAL_IC,CQFP-64,DIG-SIH-2026,THERMAL_BURN_IN,T07_0167,PROC-ISRO-IISU-01,ATE-STATION-01,CHAMBER-01,1.0,125.0,5.0,168,IDDQ,ELECTRICAL,uA,1.1997,910.9981,911.0402,911.0963,909.7984,24.304,2.3276,12.855,0.0008,0.0409,34.19,33.67,1.1997,910.9981,911.0402,911.0963,909.7984,50.0,False,NOMINAL,HEALTHY,41.69,2.66
DIG_LOT07_COMP0168,LOT_07,DIGITAL_IC,CQFP-64,DIG-SIH-2026,THERMAL_BURN_IN,T07_0168,PROC-ISRO-IISU-01,ATE-STATION-01,CHAMBER-01,1.0,125.0,5.0,168,IDDQ,ELECTRICAL,uA,1.4534,1108.137,1108.2028,1108.2982,1106.6836,24.456,1.8491,12.641,-0.0161,-0.0506,36.01,35.21,1.4534,1108.137,1108.2028,1108.2982,1106.6836,50.0,False,NOMINAL,HEALTHY,8.29,-42.88
DIG_LOT07_COMP0169,LOT_07,DIGITAL_IC,CQFP-64,DIG-SIH-2026,THERMAL_BURN_IN,T07_0169,PROC-ISRO-IISU-01,ATE-STATION-01,CHAMBER-01,1.0,125.0,5.0,168,IDDQ,ELECTRICAL,uA,1.4459,1140.2413,1140.3255,1140.4348,1138.7954,26.352,1.7861,13.46,0.0332,0.0131,35.52,35.01,1.4459,1140.2413,1140.3255,1140.4348,1138.7954,50.0,False,NOMINAL,HEALTHY,-33.49,-8.17
DIG_LOT07_COMP0170,LOT_07,DIGITAL_IC,CQFP-64,DIG-SIH-2026,THERMAL_BURN_IN,T07_0170,PROC-ISRO-IISU-01,ATE-STATION-01,CHAMBER-01,1.0,125.0,5.0,168,IDDQ,ELECTRICAL,uA,1.1387,864.5126,864.5959,864.629,863.3739,26.109,1.8606,12.381,0.0104,-0.0009,35.44,35.27,1.1387,864.5126,864.5959,864.629,863.3739,50.0,False,NOMINAL,HEALTHY,-9.02,-14.75
DIG_LOT07_COMP0171,LOT_07,DIGITAL_IC,CQFP-64,DIG-SIH-2026,THERMAL_BURN_IN,T07_0171,PROC-ISRO-IISU-01,ATE-STATION-01,CHAMBER-01,1.0,125.0,5.0,168,IDDQ,ELECTRICAL,uA,1.2766,990.7937,990.8609,990.8861,989.5171,26.079,1.9538,13.752,-0.0105,-0.0419,35.47,34.79,1.2766,990.7937,990.8609,990.8861,989.5171,50.0,False,NOMINAL,HEALTHY,10.52,4.75
DIG_LOT07_COMP0172,LOT_07,DIGITAL_IC,CQFP-64,DIG-SIH-2026,THERMAL_BURN_IN,T07_0172,PROC-ISRO-IISU-01,ATE-STATION-01,CHAMBER-01,1.0,125.0,5.0,168,IDDQ,ELECTRICAL,uA,1.346,1047.319,1047.4122,1047.5168,1045.973,23.164,2.0005,13.453,0.0002,0.0354,36.41,35.75,1.346,1047.319,1047.4122,1047.5168,1045.973,50.0,False,NOMINAL,HEALTHY,45.44,-5.14
DIG_LOT07_COMP0173,LOT_07,DIGITAL_IC,CQFP-64,DIG-SIH-2026,THERMAL_BURN_IN,T07_0173,PROC-ISRO-IISU-01,ATE-STATION-01,CHAMBER-01,1.0,125.0,5.0,168,IDDQ,ELECTRICAL,uA,1.5479,1192.3246,1192.3923,1192.4421,1190.7767,27.321,2.1298,12.664,0.0149,-0.0267,35.28,34.44,1.5479,1192.3246,1192.3923,1192.4421,1190.7767,50.0,False,NOMINAL,HEALTHY,22.42,0.68
DIG_LOT07_COMP0174,LOT_07,DIGITAL_IC,CQFP-64,DIG-SIH-2026,THERMAL_BURN_IN,T07_0174,PROC-ISRO-IISU-01,ATE-STATION-01,CHAMBER-01,1.0,125.0,5.0,168,IDDQ,ELECTRICAL,uA,1.2782,977.1601,977.2694,977.3521,975.8819,23.181,2.0773,12.749,0.0147,0.0073,36.05,35.77,1.2782,977.1601,977.2694,977.3521,975.8819,50.0,False,NOMINAL,HEALTHY,44.36,-14.21
DIG_LOT07_COMP0175,LOT_07,DIGITAL_IC,CQFP-64,DIG-SIH-2026,THERMAL_BURN_IN,T07_0175,PROC-ISRO-IISU-01,ATE-STATION-01,CHAMBER-01,1.0,125.0,5.0,168,IDDQ,ELECTRICAL,uA,1.5256,1176.9472,1177.0654,1177.1495,1175.4216,23.812,2.0734,11.967,-0.0218,-0.0623,34.84,35.61,1.5256,1176.9472,1177.0654,1177.1495,1175.4216,50.0,False,NOMINAL,HEALTHY,-37.63,-22.25
DIG_LOT07_COMP0176,LOT_07,DIGITAL_IC,CQFP-64,DIG-SIH-2026,THERMAL_BURN_IN,T07_0176,PROC-ISRO-IISU-01,ATE-STATION-01,CHAMBER-01,1.0,125.0,5.0,168,IDDQ,ELECTRICAL,uA,1.3213,1029.3669,1029.4794,1029.5615,1028.0456,25.1,1.7747,10.683,-0.0041,-0.0961,37.33,37.64,1.3213,1029.3669,1029.4794,1029.5615,1028.0456,50.0,False,NOMINAL,HEALTHY,-7.65,-26.68
DIG_LOT07_COMP0177,LOT_07,DIGITAL_IC,CQFP-64,DIG-SIH-2026,THERMAL_BURN_IN,T07_0177,PROC-ISRO-IISU-01,ATE-STATION-01,CHAMBER-01,1.0,125.0,5.0,168,IDDQ,ELECTRICAL,uA,1.0706,822.2158,822.227,822.331,821.1452,24.613,1.8401,11.436,-0.015,0.1659,34.29,35.02,1.0706,822.2158,822.227,822.331,821.1452,50.0,False,NOMINAL,HEALTHY,3.69,28.44
DIG_LOT07_COMP0178,LOT_07,DIGITAL_IC,CQFP-64,DIG-SIH-2026,THERMAL_BURN_IN,T07_0178,PROC-ISRO-IISU-01,ATE-STATION-01,CHAMBER-01,1.0,125.0,5.0,168,IDDQ,ELECTRICAL,uA,1.3418,1044.7598,1044.8616,1044.9184,1043.418,24.557,2.3452,12.259,0.0265,0.0829,34.34,34.37,1.3418,1044.7598,1044.8616,1044.9184,1043.418,50.0,False,NOMINAL,HEALTHY,-26.08,-9.66
DIG_LOT07_COMP0179,LOT_07,DIGITAL_IC,CQFP-64,DIG-SIH-2026,THERMAL_BURN_IN,T07_0179,PROC-ISRO-IISU-01,ATE-STATION-01,CHAMBER-01,1.0,125.0,5.0,168,IDDQ,ELECTRICAL,uA,1.2104,923.2609,923.3816,923.3931,922.0505,26.376,1.3222,12.758,-0.0025,0.0469,35.49,35.44,1.2104,923.2609,923.3816,923.3931,922.0505,50.0,False,NOMINAL,HEALTHY,-32.55,17.25
DIG_LOT07_COMP0180,LOT_07,DIGITAL_IC,CQFP-64,DIG-SIH-2026,THERMAL_BURN_IN,T07_0180,PROC-ISRO-IISU-01,ATE-STATION-01,CHAMBER-01,1.0,125.0,5.0,168,IDDQ,ELECTRICAL,uA,1.2909,983.7739,983.841,983.9286,982.483,23.994,1.6531,12.666,0.0004,0.0462,34.6,34.17,1.2909,983.7739,983.841,983.9286,982.483,50.0,False,NOMINAL,HEALTHY,-26.06,15.76
DIG_LOT07_COMP0181,LOT_07,DIGITAL_IC,CQFP-64,DIG-SIH-2026,THERMAL_BURN_IN,T07_0181,PROC-ISRO-IISU-01,ATE-STATION-01,CHAMBER-01,1.0,125.0,5.0,168,IDDQ,ELECTRICAL,uA,1.2281,946.8185,946.8631,946.9535,945.5904,24.373,1.7687,13.02,0.02,0.0082,36.84,37.02,1.2281,946.8185,946.8631,946.9535,945.5904,50.0,False,NOMINAL,HEALTHY,-13.02,21.36
DIG_LOT07_COMP0182,LOT_07,DIGITAL_IC,CQFP-64,DIG-SIH-2026,THERMAL_BURN_IN,T07_0182,PROC-ISRO-IISU-01,ATE-STATION-01,CHAMBER-01,1.0,125.0,5.0,168,IDDQ,ELECTRICAL,uA,1.597,1215.8505,1215.9461,1215.989,1214.2535,23.545,1.5872,11.837,-0.0033,0.0644,35.58,36.55,1.597,1215.8505,1215.9461,1215.989,1214.2535,50.0,True,DIELECTRIC_OSCILLATION,HEALTHY,-36.55,21.02
DIG_LOT07_COMP0183,LOT_07,DIGITAL_IC,CQFP-64,DIG-SIH-2026,THERMAL_BURN_IN,T07_0183,PROC-ISRO-IISU-01,ATE-STATION-01,CHAMBER-01,1.0,125.0,5.0,168,IDDQ,ELECTRICAL,uA,5.2989,4076.589,4076.8074,4076.9683,4071.2901,27.391,1.9017,11.615,0.009,-0.0103,34.69,34.91,5.2989,4076.589,4076.8074,4076.9683,4071.2901,50.0,True,SPATIAL_OUTLIER,HEALTHY,15.42,15.74
DIG_LOT07_COMP0184,LOT_07,DIGITAL_IC,CQFP-64,DIG-SIH-2026,THERMAL_BURN_IN,T07_0184,PROC-ISRO-IISU-01,ATE-STATION-01,CHAMBER-01,1.0,125.0,5.0,168,IDDQ,ELECTRICAL,uA,1.5034,1166.8548,1166.956,1167.0056,1165.3514,22.976,2.1432,12.631,-0.0103,-0.0285,33.59,32.91,1.5034,1166.8548,1166.956,1167.0056,1165.3514,50.0,False,NOMINAL,HEALTHY,-34.07,-34.55
DIG_LOT07_COMP0185,LOT_07,DIGITAL_IC,CQFP-64,DIG-SIH-2026,THERMAL_BURN_IN,T07_0185,PROC-ISRO-IISU-01,ATE-STATION-01,CHAMBER-01,1.0,125.0,5.0,168,IDDQ,ELECTRICAL,uA,1.1405,876.2443,876.3347,876.3448,875.1038,26.446,2.6667,11.831,-0.0127,-0.0159,35.9,35.03,1.1405,876.2443,876.3347,876.3448,875.1038,50.0,False,NOMINAL,HEALTHY,44.65,32.07
DIG_LOT07_COMP0186,LOT_07,DIGITAL_IC,CQFP-64,DIG-SIH-2026,THERMAL_BURN_IN,T07_0186,PROC-ISRO-IISU-01,ATE-STATION-01,CHAMBER-01,1.0,125.0,5.0,168,IDDQ,ELECTRICAL,uA,1.235,951.7174,951.7331,951.7956,950.4824,25.117,2.2159,13.24,0.0035,0.029,34.92,35.93,1.235,951.7174,951.7331,951.7956,950.4824,50.0,False,NOMINAL,HEALTHY,-24.17,-24.49
DIG_LOT07_COMP0187,LOT_07,DIGITAL_IC,CQFP-64,DIG-SIH-2026,THERMAL_BURN_IN,T07_0187,PROC-ISRO-IISU-01,ATE-STATION-01,CHAMBER-01,1.0,125.0,5.0,168,IDDQ,ELECTRICAL,uA,1.3444,1040.8796,1040.9336,1041.0086,1039.5352,23.457,1.9571,12.077,-0.0153,0.0609,35.82,35.53,1.3444,1040.8796,1040.9336,1041.0086,1039.5352,50.0,False,NOMINAL,HEALTHY,-9.71,-35.92
DIG_LOT07_COMP0188,LOT_07,DIGITAL_IC,CQFP-64,DIG-SIH-2026,THERMAL_BURN_IN,T07_0188,PROC-ISRO-IISU-01,ATE-STATION-01,CHAMBER-01,1.0,125.0,5.0,168,IDDQ,ELECTRICAL,uA,1.5544,1195.1322,1195.2116,1195.2455,1193.5778,26.528,2.069,11.389,0.0024,-0.0988,33.44,33.95,1.5544,1195.1322,1195.2116,1195.2455,1193.5778,50.0,False,NOMINAL,HEALTHY,-4.86,4.77
DIG_LOT07_COMP0189,LOT_07,DIGITAL_IC,CQFP-64,DIG-SIH-2026,THERMAL_BURN_IN,T07_0189,PROC-ISRO-IISU-01,ATE-STATION-01,CHAMBER-01,1.0,125.0,5.0,168,IDDQ,ELECTRICAL,uA,1.447,1117.2784,1117.3828,1117.4432,1115.8314,24.209,2.3991,13.552,0.009,0.0058,35.77,35.82,1.447,1117.2784,1117.3828,1117.4432,1115.8314,50.0,False,NOMINAL,HEALTHY,39.74,-6.25
DIG_LOT07_COMP0190,LOT_07,DIGITAL_IC,CQFP-64,DIG-SIH-2026,THERMAL_BURN_IN,T07_0190,PROC-ISRO-IISU-01,ATE-STATION-01,CHAMBER-01,1.0,125.0,5.0,168,IDDQ,ELECTRICAL,uA,1.157,884.865,884.9238,884.9425,883.708,23.234,1.7774,12.52,0.0278,0.0803,36.91,37.94,1.157,884.865,884.9238,884.9425,883.708,50.0,False,NOMINAL,HEALTHY,-9.67,48.25
DIG_LOT07_COMP0191,LOT_07,DIGITAL_IC,CQFP-64,DIG-SIH-2026,THERMAL_BURN_IN,T07_0191,PROC-ISRO-IISU-01,ATE-STATION-01,CHAMBER-01,1.0,125.0,5.0,168,IDDQ,ELECTRICAL,uA,1.1822,922.8297,922.9176,922.9879,921.6475,25.335,1.9338,12.091,0.0055,-0.0492,33.34,33.27,1.1822,922.8297,922.9176,922.9879,921.6475,50.0,False,NOMINAL,HEALTHY,-32.62,-22.34
DIG_LOT07_COMP0192,LOT_07,DIGITAL_IC,CQFP-64,DIG-SIH-2026,THERMAL_BURN_IN,T07_0192,PROC-ISRO-IISU-01,ATE-STATION-01,CHAMBER-01,1.0,125.0,5.0,168,IDDQ,ELECTRICAL,uA,1.16,874.9361,875.0071,875.0278,873.7761,27.133,2.2337,12.516,0.0093,-0.0404,34.35,34.66,1.16,874.9361,875.0071,875.0278,873.7761,50.0,False,NOMINAL,HEALTHY,-19.82,14.05
DIG_LOT07_COMP0193,LOT_07,DIGITAL_IC,CQFP-64,DIG-SIH-2026,THERMAL_BURN_IN,T07_0193,PROC-ISRO-IISU-01,ATE-STATION-01,CHAMBER-01,1.0,125.0,5.0,168,IDDQ,ELECTRICAL,uA,1.4172,1082.2065,1082.2744,1082.3051,1080.7893,24.188,2.1298,11.758,-0.0241,-0.0017,36.11,36.32,1.4172,1082.2065,1082.2744,1082.3051,1080.7893,50.0,False,NOMINAL,HEALTHY,4.88,-20.53
DIG_LOT07_COMP0194,LOT_07,DIGITAL_IC,CQFP-64,DIG-SIH-2026,THERMAL_BURN_IN,T07_0194,PROC-ISRO-IISU-01,ATE-STATION-01,CHAMBER-01,1.0,125.0,5.0,168,IDDQ,ELECTRICAL,uA,1.4676,1132.0005,1132.12,1132.1317,1130.5329,23.563,2.5466,12.183,-0.0075,0.0663,36.06,35.17,1.4676,1132.0005,1132.12,1132.1317,1130.5329,50.0,False,NOMINAL,HEALTHY,13.04,-39.82
DIG_LOT07_COMP0195,LOT_07,DIGITAL_IC,CQFP-64,DIG-SIH-2026,THERMAL_BURN_IN,T07_0195,PROC-ISRO-IISU-01,ATE-STATION-01,CHAMBER-01,1.0,125.0,5.0,168,IDDQ,ELECTRICAL,uA,1.4077,1098.8025,1098.8792,1098.9055,1097.3948,24.957,1.8818,11.726,-0.0071,-0.055,35.61,35.32,1.4077,1098.8025,1098.8792,1098.9055,1097.3948,50.0,False,NOMINAL,HEALTHY,-28.54,40.4
DIG_LOT07_COMP0196,LOT_07,DIGITAL_IC,CQFP-64,DIG-SIH-2026,THERMAL_BURN_IN,T07_0196,PROC-ISRO-IISU-01,ATE-STATION-01,CHAMBER-01,1.0,125.0,5.0,168,IDDQ,ELECTRICAL,uA,1.0993,849.8739,849.9199,850.0252,848.7746,26.045,2.5326,14.012,-0.0432,-0.1219,37.0,36.96,1.0993,849.8739,849.9199,850.0252,848.7746,50.0,False,NOMINAL,HEALTHY,0.05,24.59
DIG_LOT07_COMP0197,LOT_07,DIGITAL_IC,CQFP-64,DIG-SIH-2026,THERMAL_BURN_IN,T07_0197,PROC-ISRO-IISU-01,ATE-STATION-01,CHAMBER-01,1.0,125.0,5.0,168,IDDQ,ELECTRICAL,uA,1.0188,768.7386,768.7766,768.905,767.7198,23.37,1.0398,13.234,-0.0016,-0.0668,34.61,35.1,1.0188,768.7386,768.7766,768.905,767.7198,50.0,False,NOMINAL,HEALTHY,7.66,23.87
DIG_LOT07_COMP0198,LOT_07,DIGITAL_IC,CQFP-64,DIG-SIH-2026,THERMAL_BURN_IN,T07_0198,PROC-ISRO-IISU-01,ATE-STATION-01,CHAMBER-01,1.0,125.0,5.0,168,IDDQ,ELECTRICAL,uA,1.5988,1245.277,1245.3846,1245.4905,1243.6782,24.048,2.3157,11.452,-0.0032,-0.1206,32.52,31.91,1.5988,1245.277,1245.3846,1245.4905,1243.6782,50.0,False,NOMINAL,HEALTHY,32.64,-40.87
DIG_LOT07_COMP0199,LOT_07,DIGITAL_IC,CQFP-64,DIG-SIH-2026,THERMAL_BURN_IN,T07_0199,PROC-ISRO-IISU-01,ATE-STATION-01,CHAMBER-01,1.0,125.0,5.0,168,IDDQ,ELECTRICAL,uA,1.4771,1125.0847,1125.1984,1125.2699,1123.6076,26.083,2.5044,12.975,-0.0348,-0.1369,36.04,36.4,1.4771,1125.0847,1125.1984,1125.2699,1123.6076,50.0,False,NOMINAL,HEALTHY,49.75,-38.89
DIG_LOT07_COMP0200,LOT_07,DIGITAL_IC,CQFP-64,DIG-SIH-2026,THERMAL_BURN_IN,T07_0200,PROC-ISRO-IISU-01,ATE-STATION-01,CHAMBER-01,1.0,125.0,5.0,168,IDDQ,ELECTRICAL,uA,1.1169,867.0683,867.1342,867.1539,865.9514,22.672,1.6112,12.866,-0.0096,0.0345,35.93,35.01,1.1169,867.0683,867.1342,867.1539,865.9514,50.0,False,NOMINAL,HEALTHY,30.75,-18.35
DIG_LOT07_COMP0201,LOT_07,DIGITAL_IC,CQFP-64,DIG-SIH-2026,THERMAL_BURN_IN,T07_0201,PROC-ISRO-IISU-01,ATE-STATION-01,CHAMBER-01,1.0,125.0,5.0,168,IDDQ,ELECTRICAL,uA,1.2626,969.0442,969.1348,969.1804,967.7816,25.276,1.6934,12.208,0.0405,0.004,35.38,35.0,1.2626,969.0442,969.1348,969.1804,967.7816,50.0,False,NOMINAL,HEALTHY,31.88,-21.71
DIG_LOT07_COMP0202,LOT_07,DIGITAL_IC,CQFP-64,DIG-SIH-2026,THERMAL_BURN_IN,T07_0202,PROC-ISRO-IISU-01,ATE-STATION-01,CHAMBER-01,1.0,125.0,5.0,168,IDDQ,ELECTRICAL,uA,1.2076,926.6606,926.7705,926.8125,925.453,26.836,1.9296,13.268,-0.0061,0.063,35.0,34.48,1.2076,926.6606,926.7705,926.8125,925.453,50.0,False,NOMINAL,HEALTHY,-49.65,-24.0
DIG_LOT07_COMP0203,LOT_07,DIGITAL_IC,CQFP-64,DIG-SIH-2026,THERMAL_BURN_IN,T07_0203,PROC-ISRO-IISU-01,ATE-STATION-01,CHAMBER-01,1.0,125.0,5.0,168,IDDQ,ELECTRICAL,uA,1.4738,1138.1108,1138.1924,1138.1822,1136.637,25.793,1.7311,13.454,-0.0083,-0.0601,33.88,34.23,1.4738,1138.1108,1138.1924,1138.1822,1136.637,50.0,False,NOMINAL,HEALTHY,28.33,35.04
DIG_LOT07_COMP0204,LOT_07,DIGITAL_IC,CQFP-64,DIG-SIH-2026,THERMAL_BURN_IN,T07_0204,PROC-ISRO-IISU-01,ATE-STATION-01,CHAMBER-01,1.0,125.0,5.0,168,IDDQ,ELECTRICAL,uA,1.3934,1081.1874,1081.2839,1081.3524,1079.794,22.818,1.7844,12.576,0.0047,-0.0077,36.91,36.61,1.3934,1081.1874,1081.2839,1081.3524,1079.794,50.0,False,NOMINAL,HEALTHY,48.14,6.18
DIG_LOT07_COMP0205,LOT_07,DIGITAL_IC,CQFP-64,DIG-SIH-2026,THERMAL_BURN_IN,T07_0205,PROC-ISRO-IISU-01,ATE-STATION-01,CHAMBER-01,1.0,125.0,5.0,168,IDDQ,ELECTRICAL,uA,1.3028,1018.0251,1018.0834,1018.1658,1016.7223,25.075,2.3959,13.148,-0.0245,0.0498,35.22,34.62,1.3028,1018.0251,1018.0834,1018.1658,1016.7223,50.0,False,NOMINAL,HEALTHY,8.15,27.91
DIG_LOT07_COMP0206,LOT_07,DIGITAL_IC,CQFP-64,DIG-SIH-2026,THERMAL_BURN_IN,T07_0206,PROC-ISRO-IISU-01,ATE-STATION-01,CHAMBER-01,1.0,125.0,5.0,168,IDDQ,ELECTRICAL,uA,1.2252,946.1354,946.2149,946.2315,944.9102,21.917,2.0267,11.543,-0.0218,0.0212,35.6,36.44,1.2252,946.1354,946.2149,946.2315,944.9102,50.0,False,NOMINAL,HEALTHY,-42.91,2.27
DIG_LOT07_COMP0207,LOT_07,DIGITAL_IC,CQFP-64,DIG-SIH-2026,THERMAL_BURN_IN,T07_0207,PROC-ISRO-IISU-01,ATE-STATION-01,CHAMBER-01,1.0,125.0,5.0,168,IDDQ,ELECTRICAL,uA,1.4163,1092.0549,1092.1341,1092.1864,1090.6386,26.749,1.8249,14.158,-0.014,-0.0698,34.16,34.86,1.4163,1092.0549,1092.1341,1092.1864,1090.6386,50.0,False,NOMINAL,HEALTHY,42.81,3.91
DIG_LOT07_COMP0208,LOT_07,DIGITAL_IC,CQFP-64,DIG-SIH-2026,THERMAL_BURN_IN,T07_0208,PROC-ISRO-IISU-01,ATE-STATION-01,CHAMBER-01,1.0,125.0,5.0,168,IDDQ,ELECTRICAL,uA,1.2232,948.1905,948.2866,948.3117,946.9673,23.822,1.8539,11.127,0.0069,0.0089,34.9,35.15,1.2232,948.1905,948.2866,948.3117,946.9673,50.0,False,NOMINAL,HEALTHY,47.82,-26.95
DIG_LOT07_COMP0209,LOT_07,DIGITAL_IC,CQFP-64,DIG-SIH-2026,THERMAL_BURN_IN,T07_0209,PROC-ISRO-IISU-01,ATE-STATION-01,CHAMBER-01,1.0,125.0,5.0,168,IDDQ,ELECTRICAL,uA,1.3364,1024.013,1024.0831,1024.1387,1022.6766,23.477,1.735,13.152,-0.0124,0.0035,35.57,36.19,1.3364,1024.013,1024.0831,1024.1387,1022.6766,50.0,False,NOMINAL,HEALTHY,36.5,7.08
DIG_LOT07_COMP0210,LOT_07,DIGITAL_IC,CQFP-64,DIG-SIH-2026,THERMAL_BURN_IN,T07_0210,PROC-ISRO-IISU-01,ATE-STATION-01,CHAMBER-01,1.0,125.0,5.0,168,IDDQ,ELECTRICAL,uA,1.2566,972.5396,972.6322,972.6729,971.283,23.921,1.6242,12.753,0.0009,0.0036,36.44,35.91,1.2566,972.5396,972.6322,972.6729,971.283,50.0,False,NOMINAL,HEALTHY,-5.28,-4.34
DIG_LOT07_COMP0211,LOT_07,DIGITAL_IC,CQFP-64,DIG-SIH-2026,THERMAL_BURN_IN,T07_0211,PROC-ISRO-IISU-01,ATE-STATION-01,CHAMBER-01,1.0,125.0,5.0,168,IDDQ,ELECTRICAL,uA,1.1764,874.7167,874.7414,874.7632,873.5403,24.956,1.9312,13.241,0.0197,0.0496,35.67,36.35,1.1764,874.7167,874.7414,874.7632,873.5403,50.0,False,NOMINAL,HEALTHY,47.96,-25.33
DIG_LOT07_COMP0212,LOT_07,DIGITAL_IC,CQFP-64,DIG-SIH-2026,THERMAL_BURN_IN,T07_0212,PROC-ISRO-IISU-01,ATE-STATION-01,CHAMBER-01,1.0,125.0,5.0,168,IDDQ,ELECTRICAL,uA,1.1791,915.9854,916.059,916.0909,914.8063,25.828,2.3461,13.695,-0.0018,-0.0278,35.19,34.46,1.1791,915.9854,916.059,916.0909,914.8063,50.0,False,NOMINAL,HEALTHY,-27.62,-48.45
DIG_LOT07_COMP0213,LOT_07,DIGITAL_IC,CQFP-64,DIG-SIH-2026,THERMAL_BURN_IN,T07_0213,PROC-ISRO-IISU-01,ATE-STATION-01,CHAMBER-01,1.0,125.0,5.0,168,IDDQ,ELECTRICAL,uA,1.3013,995.8056,995.898,995.9619,994.5043,25.474,1.644,12.212,0.0138,-0.0326,33.11,33.36,1.3013,995.8056,995.898,995.9619,994.5043,50.0,False,NOMINAL,HEALTHY,-29.39,-5.17
DIG_LOT07_COMP0214,LOT_07,DIGITAL_IC,CQFP-64,DIG-SIH-2026,THERMAL_BURN_IN,T07_0214,PROC-ISRO-IISU-01,ATE-STATION-01,CHAMBER-01,1.0,125.0,5.0,168,IDDQ,ELECTRICAL,uA,1.3583,1047.3095,1047.4295,1047.5114,1045.9512,23.564,2.3209,11.936,0.0005,-0.0633,34.38,34.04,1.3583,1047.3095,1047.4295,1047.5114,1045.9512,50.0,False,NOMINAL,HEALTHY,-43.67,7.15
DIG_LOT07_COMP0215,LOT_07,DIGITAL_IC,CQFP-64,DIG-SIH-2026,THERMAL_BURN_IN,T07_0215,PROC-ISRO-IISU-01,ATE-STATION-01,CHAMBER-01,1.0,125.0,5.0,168,IDDQ,ELECTRICAL,uA,1.3588,1032.2937,1032.3776,1032.4339,1030.9349,26.998,1.7947,11.976,0.0318,-0.0344,35.59,35.14,1.3588,1032.2937,1032.3776,1032.4339,1030.9349,50.0,False,NOMINAL,HEALTHY,27.81,29.3
DIG_LOT07_COMP0216,LOT_07,DIGITAL_IC,CQFP-64,DIG-SIH-2026,THERMAL_BURN_IN,T07_0216,PROC-ISRO-IISU-01,ATE-STATION-01,CHAMBER-01,1.0,125.0,5.0,168,IDDQ,ELECTRICAL,uA,1.3133,1025.8976,1025.989,1026.0486,1024.5843,24.808,1.7644,11.892,0.0121,0.0354,36.05,37.27,1.3133,1025.8976,1025.989,1026.0486,1024.5843,50.0,False,NOMINAL,HEALTHY,-19.06,43.67
DIG_LOT07_COMP0217,LOT_07,DIGITAL_IC,CQFP-64,DIG-SIH-2026,THERMAL_BURN_IN,T07_0217,PROC-ISRO-IISU-01,ATE-STATION-01,CHAMBER-01,1.0,125.0,5.0,168,IDDQ,ELECTRICAL,uA,1.1677,907.886,907.9974,908.0192,906.7183,26.801,2.0588,12.537,0.0391,0.0421,34.47,34.77,1.1677,907.886,907.9974,908.0192,906.7183,50.0,False,NOMINAL,HEALTHY,12.87,47.64
DIG_LOT07_COMP0218,LOT_07,DIGITAL_IC,CQFP-64,DIG-SIH-2026,THERMAL_BURN_IN,T07_0218,PROC-ISRO-IISU-01,ATE-STATION-01,CHAMBER-01,1.0,125.0,5.0,168,IDDQ,ELECTRICAL,uA,1.2658,966.8023,966.8579,966.9472,965.5365,26.066,2.0631,12.087,0.0077,-0.023,35.68,35.37,1.2658,966.8023,966.8579,966.9472,965.5365,50.0,False,NOMINAL,HEALTHY,-34.25,-1.57
DIG_LOT07_COMP0219,LOT_07,DIGITAL_IC,CQFP-64,DIG-SIH-2026,THERMAL_BURN_IN,T07_0219,PROC-ISRO-IISU-01,ATE-STATION-01,CHAMBER-01,1.0,125.0,5.0,168,IDDQ,ELECTRICAL,uA,1.0131,774.0693,774.1473,774.1586,773.0562,21.788,2.3105,11.359,-0.0048,-0.0594,35.47,35.49,1.0131,774.0693,774.1473,774.1586,773.0562,50.0,False,NOMINAL,HEALTHY,6.09,12.41
DIG_LOT07_COMP0220,LOT_07,DIGITAL_IC,CQFP-64,DIG-SIH-2026,THERMAL_BURN_IN,T07_0220,PROC-ISRO-IISU-01,ATE-STATION-01,CHAMBER-01,1.0,125.0,5.0,168,IDDQ,ELECTRICAL,uA,1.36,1041.0159,1041.0512,1041.0656,1039.6559,25.663,1.9907,12.563,0.0273,0.1512,35.1,35.17,1.36,1041.0159,1041.0512,1041.0656,1039.6559,50.0,False,NOMINAL,HEALTHY,-7.46,-3.77
DIG_LOT07_COMP0221,LOT_07,DIGITAL_IC,CQFP-64,DIG-SIH-2026,THERMAL_BURN_IN,T07_0221,PROC-ISRO-IISU-01,ATE-STATION-01,CHAMBER-01,1.0,125.0,5.0,168,IDDQ,ELECTRICAL,uA,1.2993,978.3974,978.4841,978.504,977.0981,26.69,1.7441,13.038,0.0306,0.0225,32.34,32.4,1.2993,978.3974,978.4841,978.504,977.0981,50.0,False,NOMINAL,HEALTHY,-46.21,1.74
DIG_LOT07_COMP0222,LOT_07,DIGITAL_IC,CQFP-64,DIG-SIH-2026,THERMAL_BURN_IN,T07_0222,PROC-ISRO-IISU-01,ATE-STATION-01,CHAMBER-01,1.0,125.0,5.0,168,IDDQ,ELECTRICAL,uA,1.3041,1013.6049,1013.6989,1013.7771,1012.3008,22.873,2.0875,11.362,0.0081,0.1226,35.19,35.09,1.3041,1013.6049,1013.6989,1013.7771,1012.3008,50.0,False,NOMINAL,HEALTHY,42.27,-31.88
DIG_LOT07_COMP0223,LOT_07,DIGITAL_IC,CQFP-64,DIG-SIH-2026,THERMAL_BURN_IN,T07_0223,PROC-ISRO-IISU-01,ATE-STATION-01,CHAMBER-01,1.0,125.0,5.0,168,IDDQ,ELECTRICAL,uA,1.2607,973.3497,973.3787,973.453,972.089,24.992,1.6952,11.131,-0.0199,-0.0093,34.86,34.74,1.2607,973.3497,973.3787,973.453,972.089,50.0,False,NOMINAL,HEALTHY,14.13,5.97
DIG_LOT07_COMP0224,LOT_07,DIGITAL_IC,CQFP-64,DIG-SIH-2026,THERMAL_BURN_IN,T07_0224,PROC-ISRO-IISU-01,ATE-STATION-01,CHAMBER-01,1.0,125.0,5.0,168,IDDQ,ELECTRICAL,uA,1.3827,1057.2207,1057.2956,1057.3308,1055.838,29.137,1.7486,12.321,-0.0223,-0.0664,36.83,36.48,1.3827,1057.2207,1057.2956,1057.3308,1055.838,50.0,False,NOMINAL,HEALTHY,-42.91,15.47
DIG_LOT07_COMP0225,LOT_07,DIGITAL_IC,CQFP-64,DIG-SIH-2026,THERMAL_BURN_IN,T07_0225,PROC-ISRO-IISU-01,ATE-STATION-01,CHAMBER-01,1.0,125.0,5.0,168,IDDQ,ELECTRICAL,uA,1.3502,1037.4687,1037.5207,1037.4897,1036.1185,24.185,2.148,12.563,-0.0368,-0.0488,33.45,32.56,1.3502,1037.4687,1037.5207,1037.4897,1036.1185,50.0,False,NOMINAL,HEALTHY,38.11,14.58
DIG_LOT07_COMP0226,LOT_07,DIGITAL_IC,CQFP-64,DIG-SIH-2026,THERMAL_BURN_IN,T07_0226,PROC-ISRO-IISU-01,ATE-STATION-01,CHAMBER-01,1.0,125.0,5.0,168,IDDQ,ELECTRICAL,uA,1.4567,1112.9393,1112.9981,1113.0584,1111.4826,25.059,2.1867,12.675,-0.0436,0.0429,34.75,34.59,1.4567,1112.9393,1112.9981,1113.0584,1111.4826,50.0,False,NOMINAL,HEALTHY,7.04,-11.97
DIG_LOT07_COMP0227,LOT_07,DIGITAL_IC,CQFP-64,DIG-SIH-2026,THERMAL_BURN_IN,T07_0227,PROC-ISRO-IISU-01,ATE-STATION-01,CHAMBER-01,1.0,125.0,5.0,168,IDDQ,ELECTRICAL,uA,1.4551,1130.8683,1130.9732,1130.9915,1129.4132,24.919,2.2452,13.323,0.0044,0.0177,35.69,35.51,1.4551,1130.8683,1130.9732,1130.9915,1129.4132,50.0,False,NOMINAL,HEALTHY,28.17,-3.06
DIG_LOT07_COMP0228,LOT_07,DIGITAL_IC,CQFP-64,DIG-SIH-2026,THERMAL_BURN_IN,T07_0228,PROC-ISRO-IISU-01,ATE-STATION-01,CHAMBER-01,1.0,125.0,5.0,168,IDDQ,ELECTRICAL,uA,1.307,1000.0492,1000.1358,1000.2994,998.7422,23.498,1.9661,12.83,0.0179,0.0824,33.21,32.66,1.307,1000.0492,1000.1358,1000.2994,998.7422,50.0,False,NOMINAL,HEALTHY,-4.11,36.21
DIG_LOT07_COMP0229,LOT_07,DIGITAL_IC,CQFP-64,DIG-SIH-2026,THERMAL_BURN_IN,T07_0229,PROC-ISRO-IISU-01,ATE-STATION-01,CHAMBER-01,1.0,125.0,5.0,168,IDDQ,ELECTRICAL,uA,1.3197,1027.9715,1028.0707,1028.1799,1026.6518,21.847,1.7187,12.386,0.0301,0.0852,33.31,33.04,1.3197,1027.9715,1028.0707,1028.1799,1026.6518,50.0,False,NOMINAL,HEALTHY,7.18,49.98
DIG_LOT07_COMP0230,LOT_07,DIGITAL_IC,CQFP-64,DIG-SIH-2026,THERMAL_BURN_IN,T07_0230,PROC-ISRO-IISU-01,ATE-STATION-01,CHAMBER-01,1.0,125.0,5.0,168,IDDQ,ELECTRICAL,uA,1.4155,1097.009,1097.1322,1097.1157,1095.5935,24.129,1.5994,12.789,0.0241,0.0714,34.31,34.8,1.4155,1097.009,1097.1322,1097.1157,1095.5935,50.0,False,NOMINAL,HEALTHY,-1.3,-45.75
DIG_LOT07_COMP0231,LOT_07,DIGITAL_IC,CQFP-64,DIG-SIH-2026,THERMAL_BURN_IN,T07_0231,PROC-ISRO-IISU-01,ATE-STATION-01,CHAMBER-01,1.0,125.0,5.0,168,IDDQ,ELECTRICAL,uA,1.3826,1056.3385,1056.3794,1056.437,1054.9559,24.986,1.649,13.148,-0.0188,0.0352,36.02,35.33,1.3826,1056.3385,1056.3794,1056.437,1054.9559,50.0,False,NOMINAL,HEALTHY,-43.54,-40.41
DIG_LOT07_COMP0232,LOT_07,DIGITAL_IC,CQFP-64,DIG-SIH-2026,THERMAL_BURN_IN,T07_0232,PROC-ISRO-IISU-01,ATE-STATION-01,CHAMBER-01,1.0,125.0,5.0,168,IDDQ,ELECTRICAL,uA,1.1711,884.9613,885.0626,885.0833,883.7902,25.177,1.6987,12.107,0.0427,0.0864,36.05,36.34,1.1711,884.9613,885.0626,885.0833,883.7902,50.0,False,NOMINAL,HEALTHY,-43.89,-3.9
DIG_LOT07_COMP0233,LOT_07,DIGITAL_IC,CQFP-64,DIG-SIH-2026,THERMAL_BURN_IN,T07_0233,PROC-ISRO-IISU-01,ATE-STATION-01,CHAMBER-01,1.0,125.0,5.0,168,IDDQ,ELECTRICAL,uA,1.232,959.3917,959.4948,959.5085,958.1597,25.458,2.3121,12.333,-0.0149,-0.018,35.68,36.05,1.232,959.3917,959.4948,959.5085,958.1597,50.0,False,NOMINAL,HEALTHY,2.74,-1.88
DIG_LOT07_COMP0234,LOT_07,DIGITAL_IC,CQFP-64,DIG-SIH-2026,THERMAL_BURN_IN,T07_0234,PROC-ISRO-IISU-01,ATE-STATION-01,CHAMBER-01,1.0,125.0,5.0,168,IDDQ,ELECTRICAL,uA,1.4256,1100.0394,1100.1658,1100.1529,1098.6138,25.184,2.5948,13.529,0.0359,0.0334,34.58,33.36,1.4256,1100.0394,1100.1658,1100.1529,1098.6138,50.0,False,NOMINAL,HEALTHY,13.61,-49.58
DIG_LOT07_COMP0235,LOT_07,DIGITAL_IC,CQFP-64,DIG-SIH-2026,THERMAL_BURN_IN,T07_0235,PROC-ISRO-IISU-01,ATE-STATION-01,CHAMBER-01,1.0,125.0,5.0,168,IDDQ,ELECTRICAL,uA,1.2734,981.9829,982.047,982.0853,980.7095,26.103,2.4868,12.985,-0.0106,-0.0034,35.66,35.73,1.2734,981.9829,982.047,982.0853,980.7095,50.0,False,NOMINAL,HEALTHY,36.85,20.26
DIG_LOT07_COMP0236,LOT_07,DIGITAL_IC,CQFP-64,DIG-SIH-2026,THERMAL_BURN_IN,T07_0236,PROC-ISRO-IISU-01,ATE-STATION-01,CHAMBER-01,1.0,125.0,5.0,168,IDDQ,ELECTRICAL,uA,1.4443,1110.0662,1110.1587,1110.2006,1108.6219,25.863,2.0743,13.247,-0.0065,-0.0053,35.79,35.41,1.4443,1110.0662,1110.1587,1110.2006,1108.6219,50.0,False,NOMINAL,HEALTHY,33.95,-25.25
DIG_LOT07_COMP0237,LOT_07,DIGITAL_IC,CQFP-64,DIG-SIH-2026,THERMAL_BURN_IN,T07_0237,PROC-ISRO-IISU-01,ATE-STATION-01,CHAMBER-01,1.0,125.0,5.0,168,IDDQ,ELECTRICAL,uA,1.2393,966.4967,966.5754,966.6326,965.2574,21.747,1.9425,13.194,0.0078,0.0374,34.91,35.67,1.2393,966.4967,966.5754,966.6326,965.2574,50.0,False,NOMINAL,HEALTHY,-18.34,-42.58
DIG_LOT07_COMP0238,LOT_07,DIGITAL_IC,CQFP-64,DIG-SIH-2026,THERMAL_BURN_IN,T07_0238,PROC-ISRO-IISU-01,ATE-STATION-01,CHAMBER-01,1.0,125.0,5.0,168,IDDQ,ELECTRICAL,uA,1.2088,917.6896,917.7487,917.8014,916.4808,23.981,1.9841,12.28,0.0029,0.0087,35.06,35.19,1.2088,917.6896,917.7487,917.8014,916.4808,50.0,False,NOMINAL,HEALTHY,22.14,-27.29
DIG_LOT07_COMP0239,LOT_07,DIGITAL_IC,CQFP-64,DIG-SIH-2026,THERMAL_BURN_IN,T07_0239,PROC-ISRO-IISU-01,ATE-STATION-01,CHAMBER-01,1.0,125.0,5.0,168,IDDQ,ELECTRICAL,uA,1.0307,811.7324,811.8177,811.8084,810.7017,25.88,2.3574,13.007,0.0074,0.1079,35.04,35.21,1.0307,811.7324,811.8177,811.8084,810.7017,50.0,False,NOMINAL,HEALTHY,-4.29,1.74
DIG_LOT07_COMP0240,LOT_07,DIGITAL_IC,CQFP-64,DIG-SIH-2026,THERMAL_BURN_IN,T07_0240,PROC-ISRO-IISU-01,ATE-STATION-01,CHAMBER-01,1.0,125.0,5.0,168,IDDQ,ELECTRICAL,uA,1.1708,906.6998,906.7425,906.796,905.529,25.7,2.1655,12.896,-0.0327,-0.0637,34.11,33.05,1.1708,906.6998,906.7425,906.796,905.529,50.0,False,NOMINAL,HEALTHY,-19.12,20.45
DIG_LOT07_COMP0241,LOT_07,DIGITAL_IC,CQFP-64,DIG-SIH-2026,THERMAL_BURN_IN,T07_0241,PROC-ISRO-IISU-01,ATE-STATION-01,CHAMBER-01,1.0,125.0,5.0,168,IDDQ,ELECTRICAL,uA,5.7483,4449.1585,4449.4253,4449.5235,4443.4102,26.517,1.8183,12.789,-0.0129,-0.0846,36.08,36.46,5.7483,4449.1585,4449.4253,4449.5235,4443.4102,50.0,True,SPATIAL_OUTLIER,HEALTHY,18.09,5.8
DIG_LOT07_COMP0242,LOT_07,DIGITAL_IC,CQFP-64,DIG-SIH-2026,THERMAL_BURN_IN,T07_0242,PROC-ISRO-IISU-01,ATE-STATION-01,CHAMBER-01,1.0,125.0,5.0,168,IDDQ,ELECTRICAL,uA,1.6995,1315.7061,1315.8429,1315.9261,1314.0066,27.242,1.9254,12.671,0.0289,-0.0044,34.97,34.93,1.6995,1315.7061,1315.8429,1315.9261,1314.0066,50.0,False,NOMINAL,HEALTHY,-17.16,-23.83
DIG_LOT07_COMP0243,LOT_07,DIGITAL_IC,CQFP-64,DIG-SIH-2026,THERMAL_BURN_IN,T07_0243,PROC-ISRO-IISU-01,ATE-STATION-01,CHAMBER-01,1.0,125.0,5.0,168,IDDQ,ELECTRICAL,uA,1.3208,1014.5488,1014.5839,1014.6472,1013.228,27.322,1.2935,11.994,0.015,0.0037,34.57,34.19,1.3208,1014.5488,1014.5839,1014.6472,1013.228,50.0,False,NOMINAL,HEALTHY,47.96,1.01
DIG_LOT07_COMP0244,LOT_07,DIGITAL_IC,CQFP-64,DIG-SIH-2026,THERMAL_BURN_IN,T07_0244,PROC-ISRO-IISU-01,ATE-STATION-01,CHAMBER-01,1.0,125.0,5.0,168,IDDQ,ELECTRICAL,uA,1.3529,1044.3816,1044.4478,1044.5461,1043.0287,25.122,1.9542,13.3,0.007,-0.0056,34.56,34.6,1.3529,1044.3816,1044.4478,1044.5461,1043.0287,50.0,False,NOMINAL,HEALTHY,41.22,-8.53
DIG_LOT07_COMP0245,LOT_07,DIGITAL_IC,CQFP-64,DIG-SIH-2026,THERMAL_BURN_IN,T07_0245,PROC-ISRO-IISU-01,ATE-STATION-01,CHAMBER-01,1.0,125.0,5.0,168,IDDQ,ELECTRICAL,uA,1.3966,1074.5907,1074.7163,1074.7467,1073.1941,26.243,2.1236,12.838,0.0166,-0.015,36.51,36.71,1.3966,1074.5907,1074.7163,1074.7467,1073.1941,50.0,False,NOMINAL,HEALTHY,-15.28,-37.68
DIG_LOT07_COMP0246,LOT_07,DIGITAL_IC,CQFP-64,DIG-SIH-2026,THERMAL_BURN_IN,T07_0246,PROC-ISRO-IISU-01,ATE-STATION-01,CHAMBER-01,1.0,125.0,5.0,168,IDDQ,ELECTRICAL,uA,1.2409,963.0626,963.1443,963.193,961.8217,26.773,1.4052,11.809,-0.0044,0.063,34.86,35.68,1.2409,963.0626,963.1443,963.193,961.8217,50.0,False,NOMINAL,HEALTHY,-48.16,-31.6
DIG_LOT07_COMP0247,LOT_07,DIGITAL_IC,CQFP-64,DIG-SIH-2026,THERMAL_BURN_IN,T07_0247,PROC-ISRO-IISU-01,ATE-STATION-01,CHAMBER-01,1.0,125.0,5.0,168,IDDQ,ELECTRICAL,uA,1.3052,1009.4398,1009.5488,1009.6118,1008.1346,22.008,1.6045,11.791,0.0475,0.0139,33.67,34.1,1.3052,1009.4398,1009.5488,1009.6118,1008.1346,50.0,False,NOMINAL,HEALTHY,-41.74,-39.08
DIG_LOT07_COMP0248,LOT_07,DIGITAL_IC,CQFP-64,DIG-SIH-2026,THERMAL_BURN_IN,T07_0248,PROC-ISRO-IISU-01,ATE-STATION-01,CHAMBER-01,1.0,125.0,5.0,168,IDDQ,ELECTRICAL,uA,1.4319,1110.4995,1112.2965,1119.6695,1109.0676,28.005,1.8692,12.012,0.0471,0.0212,36.52,36.6,1.4319,1110.4995,1112.2965,1119.6695,1109.0676,50.0,True,ELECTROMIGRATION,HEALTHY,-38.87,44.39
DIG_LOT07_COMP0249,LOT_07,DIGITAL_IC,CQFP-64,DIG-SIH-2026,THERMAL_BURN_IN,T07_0249,PROC-ISRO-IISU-01,ATE-STATION-01,CHAMBER-01,1.0,125.0,5.0,168,IDDQ,ELECTRICAL,uA,1.4161,1085.0281,1085.1,1085.1092,1083.612,25.625,1.7488,11.33,0.001,0.0904,35.66,35.54,1.4161,1085.0281,1085.1,1085.1092,1083.612,50.0,False,NOMINAL,HEALTHY,3.96,48.33
DIG_LOT07_COMP0250,LOT_07,DIGITAL_IC,CQFP-64,DIG-SIH-2026,THERMAL_BURN_IN,T07_0250,PROC-ISRO-IISU-01,ATE-STATION-01,CHAMBER-01,1.0,125.0,5.0,168,IDDQ,ELECTRICAL,uA,1.4108,1080.7852,1080.8531,1080.9201,1079.3744,24.604,2.1892,11.971,-0.0487,-0.0417,35.39,35.58,1.4108,1080.7852,1080.8531,1080.9201,1079.3744,50.0,False,NOMINAL,HEALTHY,22.17,2.54
DIG_LOT07_COMP0251,LOT_07,DIGITAL_IC,CQFP-64,DIG-SIH-2026,THERMAL_BURN_IN,T07_0251,PROC-ISRO-IISU-01,ATE-STATION-01,CHAMBER-01,1.0,125.0,5.0,168,IDDQ,ELECTRICAL,uA,1.4264,1081.0961,1081.1847,1081.2753,1079.6697,24.428,2.1392,11.304,-0.0138,-0.0376,33.29,34.42,1.4264,1081.0961,1081.1847,1081.2753,1079.6697,50.0,False,NOMINAL,HEALTHY,5.14,26.0
DIG_LOT07_COMP0252,LOT_07,DIGITAL_IC,CQFP-64,DIG-SIH-2026,THERMAL_BURN_IN,T07_0252,PROC-ISRO-IISU-01,ATE-STATION-01,CHAMBER-01,1.0,125.0,5.0,168,IDDQ,ELECTRICAL,uA,1.3565,1039.7701,1039.8551,1039.9052,1038.4136,24.513,1.6683,12.857,0.0175,0.0327,36.06,35.87,1.3565,1039.7701,1039.8551,1039.9052,1038.4136,50.0,False,NOMINAL,HEALTHY,-35.95,35.19
DIG_LOT07_COMP0253,LOT_07,DIGITAL_IC,CQFP-64,DIG-SIH-2026,THERMAL_BURN_IN,T07_0253,PROC-ISRO-IISU-01,ATE-STATION-01,CHAMBER-01,1.0,125.0,5.0,168,IDDQ,ELECTRICAL,uA,1.5338,1178.0695,1178.157,1178.2021,1176.5357,23.169,1.6778,12.911,0.0091,-0.0607,33.01,33.5,1.5338,1178.0695,1178.157,1178.2021,1176.5357,50.0,False,NOMINAL,HEALTHY,-32.12,-47.27
DIG_LOT07_COMP0254,LOT_07,DIGITAL_IC,CQFP-64,DIG-SIH-2026,THERMAL_BURN_IN,T07_0254,PROC-ISRO-IISU-01,ATE-STATION-01,CHAMBER-01,1.0,125.0,5.0,168,IDDQ,ELECTRICAL,uA,1.1316,864.2627,864.3417,864.3918,863.1311,25.346,2.0834,12.13,-0.0003,0.0429,36.63,35.86,1.1316,864.2627,864.3417,864.3918,863.1311,50.0,False,NOMINAL,HEALTHY,10.76,-12.22
DIG_LOT07_COMP0255,LOT_07,DIGITAL_IC,CQFP-64,DIG-SIH-2026,THERMAL_BURN_IN,T07_0255,PROC-ISRO-IISU-01,ATE-STATION-01,CHAMBER-01,1.0,125.0,5.0,168,IDDQ,ELECTRICAL,uA,6.2906,4839.4831,4839.7701,4839.884,4833.1925,26.64,1.3206,12.32,-0.0197,-0.0135,35.65,35.85,6.2906,4839.4831,4839.7701,4839.884,4833.1925,50.0,True,SPATIAL_OUTLIER,HEALTHY,-13.43,-1.53
DIG_LOT07_COMP0256,LOT_07,DIGITAL_IC,CQFP-64,DIG-SIH-2026,THERMAL_BURN_IN,T07_0256,PROC-ISRO-IISU-01,ATE-STATION-01,CHAMBER-01,1.0,125.0,5.0,168,IDDQ,ELECTRICAL,uA,1.0464,813.0598,813.1394,813.1502,812.0134,26.351,2.0221,10.924,-0.0024,-0.0525,34.19,34.42,1.0464,813.0598,813.1394,813.1502,812.0134,50.0,False,NOMINAL,HEALTHY,-41.86,-31.57
DIG_LOT07_COMP0257,LOT_07,DIGITAL_IC,CQFP-64,DIG-SIH-2026,THERMAL_BURN_IN,T07_0257,PROC-ISRO-IISU-01,ATE-STATION-01,CHAMBER-01,1.0,125.0,5.0,168,IDDQ,ELECTRICAL,uA,1.3396,1037.6343,1037.6865,1037.7196,1036.2947,25.114,2.1894,12.204,-0.0093,-0.0035,36.15,36.16,1.3396,1037.6343,1037.6865,1037.7196,1036.2947,50.0,False,NOMINAL,HEALTHY,39.62,49.13
DIG_LOT07_COMP0258,LOT_07,DIGITAL_IC,CQFP-64,DIG-SIH-2026,THERMAL_BURN_IN,T07_0258,PROC-ISRO-IISU-01,ATE-STATION-01,CHAMBER-01,1.0,125.0,5.0,168,IDDQ,ELECTRICAL,uA,1.3241,998.4521,998.5524,998.5826,997.128,23.835,1.5369,13.335,0.0029,0.0052,36.9,37.6,1.3241,998.4521,998.5524,998.5826,997.128,50.0,False,NOMINAL,HEALTHY,0.43,-34.53
DIG_LOT07_COMP0259,LOT_07,DIGITAL_IC,CQFP-64,DIG-SIH-2026,THERMAL_BURN_IN,T07_0259,PROC-ISRO-IISU-01,ATE-STATION-01,CHAMBER-01,1.0,125.0,5.0,168,IDDQ,ELECTRICAL,uA,1.3152,1020.1388,1020.2131,1020.2341,1018.8236,25.361,2.4404,12.637,-0.0005,-0.0058,33.01,32.46,1.3152,1020.1388,1020.2131,1020.2341,1018.8236,50.0,False,NOMINAL,HEALTHY,10.24,31.33
DIG_LOT07_COMP0260,LOT_07,DIGITAL_IC,CQFP-64,DIG-SIH-2026,THERMAL_BURN_IN,T07_0260,PROC-ISRO-IISU-01,ATE-STATION-01,CHAMBER-01,1.0,125.0,5.0,168,IDDQ,ELECTRICAL,uA,1.0662,835.1823,835.2269,835.2853,834.1161,25.487,2.4161,12.628,-0.0002,-0.038,36.24,36.37,1.0662,835.1823,835.2269,835.2853,834.1161,50.0,False,NOMINAL,HEALTHY,-41.98,45.22
DIG_LOT07_COMP0261,LOT_07,DIGITAL_IC,CQFP-64,DIG-SIH-2026,THERMAL_BURN_IN,T07_0261,PROC-ISRO-IISU-01,ATE-STATION-01,CHAMBER-01,1.0,125.0,5.0,168,IDDQ,ELECTRICAL,uA,1.3745,1072.5697,1072.5965,1072.7014,1071.1952,25.096,1.8082,11.106,0.0181,0.0853,34.59,34.85,1.3745,1072.5697,1072.5965,1072.7014,1071.1952,50.0,False,NOMINAL,HEALTHY,-39.77,49.72
DIG_LOT07_COMP0262,LOT_07,DIGITAL_IC,CQFP-64,DIG-SIH-2026,THERMAL_BURN_IN,T07_0262,PROC-ISRO-IISU-01,ATE-STATION-01,CHAMBER-01,1.0,125.0,5.0,168,IDDQ,ELECTRICAL,uA,1.5679,1210.0326,1210.1426,1210.1653,1208.4647,26.0,1.6232,12.857,0.0068,0.0487,36.44,37.07,1.5679,1210.0326,1210.1426,1210.1653,1208.4647,50.0,False,NOMINAL,HEALTHY,-22.39,26.51
DIG_LOT07_COMP0263,LOT_07,DIGITAL_IC,CQFP-64,DIG-SIH-2026,THERMAL_BURN_IN,T07_0263,PROC-ISRO-IISU-01,ATE-STATION-01,CHAMBER-01,1.0,125.0,5.0,168,IDDQ,ELECTRICAL,uA,1.3839,1060.9348,1060.9956,1061.0047,1059.5509,27.492,1.9196,12.499,-0.0072,-0.0605,33.84,34.54,1.3839,1060.9348,1060.9956,1061.0047,1059.5509,50.0,False,NOMINAL,HEALTHY,-2.61,-48.93
DIG_LOT07_COMP0264,LOT_07,DIGITAL_IC,CQFP-64,DIG-SIH-2026,THERMAL_BURN_IN,T07_0264,PROC-ISRO-IISU-01,ATE-STATION-01,CHAMBER-01,1.0,125.0,5.0,168,IDDQ,ELECTRICAL,uA,1.2201,934.5178,934.6003,934.6598,933.2977,24.896,2.0853,11.9,-0.0062,-0.0243,34.41,34.56,1.2201,934.5178,934.6003,934.6598,933.2977,50.0,False,NOMINAL,HEALTHY,41.95,40.95
DIG_LOT07_COMP0265,LOT_07,DIGITAL_IC,CQFP-64,DIG-SIH-2026,THERMAL_BURN_IN,T07_0265,PROC-ISRO-IISU-01,ATE-STATION-01,CHAMBER-01,1.0,125.0,5.0,168,IDDQ,ELECTRICAL,uA,1.632,1261.9541,1262.0153,1262.0564,1260.3221,21.988,2.1934,12.541,-0.0205,-0.0802,35.9,36.04,1.632,1261.9541,1262.0153,1262.0564,1260.3221,50.0,False,NOMINAL,HEALTHY,45.96,-46.68
DIG_LOT07_COMP0266,LOT_07,DIGITAL_IC,CQFP-64,DIG-SIH-2026,THERMAL_BURN_IN,T07_0266,PROC-ISRO-IISU-01,ATE-STATION-01,CHAMBER-01,1.0,125.0,5.0,168,IDDQ,ELECTRICAL,uA,1.3641,1064.9546,1065.0772,1065.1562,1063.5905,26.205,2.058,13.001,-0.0092,-0.0295,35.05,35.04,1.3641,1064.9546,1065.0772,1065.1562,1063.5905,50.0,False,NOMINAL,HEALTHY,-45.73,-25.11
DIG_LOT07_COMP0267,LOT_07,DIGITAL_IC,CQFP-64,DIG-SIH-2026,THERMAL_BURN_IN,T07_0267,PROC-ISRO-IISU-01,ATE-STATION-01,CHAMBER-01,1.0,125.0,5.0,168,IDDQ,ELECTRICAL,uA,1.301,1000.2103,1000.3042,1000.3138,998.9093,24.797,2.3102,12.236,-0.0012,-0.0776,34.77,34.65,1.301,1000.2103,1000.3042,1000.3138,998.9093,50.0,False,NOMINAL,HEALTHY,-14.08,-16.76
DIG_LOT07_COMP0268,LOT_07,DIGITAL_IC,CQFP-64,DIG-SIH-2026,THERMAL_BURN_IN,T07_0268,PROC-ISRO-IISU-01,ATE-STATION-01,CHAMBER-01,1.0,125.0,5.0,168,IDDQ,ELECTRICAL,uA,1.2501,938.7306,938.7982,938.8879,937.4805,24.2,1.6767,12.436,0.001,0.0248,36.28,36.94,1.2501,938.7306,938.7982,938.8879,937.4805,50.0,False,NOMINAL,HEALTHY,27.99,-1.77
DIG_LOT07_COMP0269,LOT_07,DIGITAL_IC,CQFP-64,DIG-SIH-2026,THERMAL_BURN_IN,T07_0269,PROC-ISRO-IISU-01,ATE-STATION-01,CHAMBER-01,1.0,125.0,5.0,168,IDDQ,ELECTRICAL,uA,1.5681,1221.2191,1221.3081,1221.3429,1219.651,23.521,1.9087,12.33,0.0088,0.0312,33.1,32.96,1.5681,1221.2191,1221.3081,1221.3429,1219.651,50.0,False,NOMINAL,HEALTHY,-8.35,31.49
DIG_LOT07_COMP0270,LOT_07,DIGITAL_IC,CQFP-64,DIG-SIH-2026,THERMAL_BURN_IN,T07_0270,PROC-ISRO-IISU-01,ATE-STATION-01,CHAMBER-01,1.0,125.0,5.0,168,IDDQ,ELECTRICAL,uA,1.2749,975.2981,975.3509,975.3551,974.0232,22.204,1.8017,12.347,-0.0215,-0.0705,36.47,36.17,1.2749,975.2981,975.3509,975.3551,974.0232,50.0,False,NOMINAL,HEALTHY,-15.91,7.13
DIG_LOT07_COMP0271,LOT_07,DIGITAL_IC,CQFP-64,DIG-SIH-2026,THERMAL_BURN_IN,T07_0271,PROC-ISRO-IISU-01,ATE-STATION-01,CHAMBER-01,1.0,125.0,5.0,168,IDDQ,ELECTRICAL,uA,1.2424,957.9759,958.064,958.1392,956.7335,23.469,2.0611,11.115,0.0215,0.031,35.06,35.39,1.2424,957.9759,958.064,958.1392,956.7335,50.0,False,NOMINAL,HEALTHY,16.62,-9.99
DIG_LOT07_COMP0272,LOT_07,DIGITAL_IC,CQFP-64,DIG-SIH-2026,THERMAL_BURN_IN,T07_0272,PROC-ISRO-IISU-01,ATE-STATION-01,CHAMBER-01,1.0,125.0,5.0,168,IDDQ,ELECTRICAL,uA,1.4275,1076.8158,1076.9239,1076.9585,1075.3883,25.005,1.2749,12.466,0.0243,0.0157,34.58,33.93,1.4275,1076.8158,1076.9239,1076.9585,1075.3883,50.0,False,NOMINAL,HEALTHY,36.57,-22.05
DIG_LOT07_COMP0273,LOT_07,DIGITAL_IC,CQFP-64,DIG-SIH-2026,THERMAL_BURN_IN,T07_0273,PROC-ISRO-IISU-01,ATE-STATION-01,CHAMBER-01,1.0,125.0,5.0,168,IDDQ,ELECTRICAL,uA,1.2845,990.5076,990.5638,990.6722,989.2231,24.675,2.1764,12.702,0.0102,-0.0245,34.67,35.21,1.2845,990.5076,990.5638,990.6722,989.2231,50.0,False,NOMINAL,HEALTHY,-8.61,47.24
DIG_LOT07_COMP0274,LOT_07,DIGITAL_IC,CQFP-64,DIG-SIH-2026,THERMAL_BURN_IN,T07_0274,PROC-ISRO-IISU-01,ATE-STATION-01,CHAMBER-01,1.0,125.0,5.0,168,IDDQ,ELECTRICAL,uA,1.4375,1092.0016,1092.0993,1092.1202,1090.5641,24.011,1.778,11.162,-0.0416,0.0816,35.39,35.64,1.4375,1092.0016,1092.0993,1092.1202,1090.5641,50.0,False,NOMINAL,HEALTHY,48.25,41.85
DIG_LOT07_COMP0275,LOT_07,DIGITAL_IC,CQFP-64,DIG-SIH-2026,THERMAL_BURN_IN,T07_0275,PROC-ISRO-IISU-01,ATE-STATION-01,CHAMBER-01,1.0,125.0,5.0,168,IDDQ,ELECTRICAL,uA,1.4221,1089.6625,1089.7973,1089.7951,1088.2404,23.551,1.525,13.78,-0.004,0.0336,34.07,33.34,1.4221,1089.6625,1089.7973,1089.7951,1088.2404,50.0,False,NOMINAL,HEALTHY,-5.2,-40.64
DIG_LOT07_COMP0276,LOT_07,DIGITAL_IC,CQFP-64,DIG-SIH-2026,THERMAL_BURN_IN,T07_0276,PROC-ISRO-IISU-01,ATE-STATION-01,CHAMBER-01,1.0,125.0,5.0,168,IDDQ,ELECTRICAL,uA,1.3914,1061.9794,1062.0451,1062.0778,1060.588,26.448,2.3724,12.564,-0.0334,-0.0797,36.85,37.78,1.3914,1061.9794,1062.0451,1062.0778,1060.588,50.0,False,NOMINAL,HEALTHY,-47.08,31.98
DIG_LOT07_COMP0277,LOT_07,DIGITAL_IC,CQFP-64,DIG-SIH-2026,THERMAL_BURN_IN,T07_0277,PROC-ISRO-IISU-01,ATE-STATION-01,CHAMBER-01,1.0,125.0,5.0,168,IDDQ,ELECTRICAL,uA,1.5053,1153.9389,1154.1004,1154.0708,1152.4336,24.492,1.7463,11.758,0.0065,-0.0385,36.02,35.84,1.5053,1153.9389,1154.1004,1154.0708,1152.4336,50.0,False,NOMINAL,HEALTHY,17.61,47.49
DIG_LOT07_COMP0278,LOT_07,DIGITAL_IC,CQFP-64,DIG-SIH-2026,THERMAL_BURN_IN,T07_0278,PROC-ISRO-IISU-01,ATE-STATION-01,CHAMBER-01,1.0,125.0,5.0,168,IDDQ,ELECTRICAL,uA,1.4584,1103.7499,1103.8435,1103.9146,1102.2915,26.777,1.5211,11.519,-0.0174,-0.0683,34.37,33.78,1.4584,1103.7499,1103.8435,1103.9146,1102.2915,50.0,False,NOMINAL,HEALTHY,-37.95,44.05
DIG_LOT07_COMP0279,LOT_07,DIGITAL_IC,CQFP-64,DIG-SIH-2026,THERMAL_BURN_IN,T07_0279,PROC-ISRO-IISU-01,ATE-STATION-01,CHAMBER-01,1.0,125.0,5.0,168,IDDQ,ELECTRICAL,uA,1.1808,905.5414,905.6375,905.6365,904.3606,24.239,1.8672,12.18,0.0036,-0.0056,33.46,33.08,1.1808,905.5414,905.6375,905.6365,904.3606,50.0,False,NOMINAL,HEALTHY,-1.51,38.21
DIG_LOT07_COMP0280,LOT_07,DIGITAL_IC,CQFP-64,DIG-SIH-2026,THERMAL_BURN_IN,T07_0280,PROC-ISRO-IISU-01,ATE-STATION-01,CHAMBER-01,1.0,125.0,5.0,168,IDDQ,ELECTRICAL,uA,1.2974,1016.5279,1016.6016,1016.6604,1015.2305,26.33,2.3104,11.677,-0.008,0.0426,35.07,34.45,1.2974,1016.5279,1016.6016,1016.6604,1015.2305,50.0,False,NOMINAL,HEALTHY,-12.96,25.12
DIG_LOT07_COMP0281,LOT_07,DIGITAL_IC,CQFP-64,DIG-SIH-2026,THERMAL_BURN_IN,T07_0281,PROC-ISRO-IISU-01,ATE-STATION-01,CHAMBER-01,1.0,125.0,5.0,168,IDDQ,ELECTRICAL,uA,1.4625,1101.5957,1101.6685,1101.7814,1100.1332,25.393,1.5846,11.539,0.0343,0.0129,34.68,34.75,1.4625,1101.5957,1101.6685,1101.7814,1100.1332,50.0,False,NOMINAL,HEALTHY,-48.48,-4.9
DIG_LOT07_COMP0282,LOT_07,DIGITAL_IC,CQFP-64,DIG-SIH-2026,THERMAL_BURN_IN,T07_0282,PROC-ISRO-IISU-01,ATE-STATION-01,CHAMBER-01,1.0,125.0,5.0,168,IDDQ,ELECTRICAL,uA,1.2085,936.0466,936.1013,936.106,934.8381,26.296,1.7407,12.438,0.0001,0.0285,33.8,33.86,1.2085,936.0466,936.1013,936.106,934.8381,50.0,False,NOMINAL,HEALTHY,21.54,-49.35
DIG_LOT07_COMP0283,LOT_07,DIGITAL_IC,CQFP-64,DIG-SIH-2026,THERMAL_BURN_IN,T07_0283,PROC-ISRO-IISU-01,ATE-STATION-01,CHAMBER-01,1.0,125.0,5.0,168,IDDQ,ELECTRICAL,uA,1.4769,1140.9479,1141.0315,1141.0892,1139.471,24.192,1.7361,13.574,-0.0012,-0.0146,36.8,36.42,1.4769,1140.9479,1141.0315,1141.0892,1139.471,50.0,False,NOMINAL,HEALTHY,37.09,-12.69
DIG_LOT07_COMP0284,LOT_07,DIGITAL_IC,CQFP-64,DIG-SIH-2026,THERMAL_BURN_IN,T07_0284,PROC-ISRO-IISU-01,ATE-STATION-01,CHAMBER-01,1.0,125.0,5.0,168,IDDQ,ELECTRICAL,uA,1.4993,1144.0242,1144.1701,1144.1904,1142.5249,26.626,1.9141,11.971,0.0406,0.0599,37.95,37.79,1.4993,1144.0242,1144.1701,1144.1904,1142.5249,50.0,False,NOMINAL,HEALTHY,23.18,29.97
DIG_LOT07_COMP0285,LOT_07,DIGITAL_IC,CQFP-64,DIG-SIH-2026,THERMAL_BURN_IN,T07_0285,PROC-ISRO-IISU-01,ATE-STATION-01,CHAMBER-01,1.0,125.0,5.0,168,IDDQ,ELECTRICAL,uA,1.369,1057.3373,1057.4573,1057.4838,1055.9683,24.431,2.1298,12.812,0.0089,-0.0127,34.52,34.66,1.369,1057.3373,1057.4573,1057.4838,1055.9683,50.0,False,NOMINAL,HEALTHY,-15.45,-38.76
DIG_LOT07_COMP0286,LOT_07,DIGITAL_IC,CQFP-64,DIG-SIH-2026,THERMAL_BURN_IN,T07_0286,PROC-ISRO-IISU-01,ATE-STATION-01,CHAMBER-01,1.0,125.0,5.0,168,IDDQ,ELECTRICAL,uA,1.1468,895.4605,895.5526,895.5573,894.3137,25.804,1.593,12.063,-0.0104,-0.0563,34.66,34.45,1.1468,895.4605,895.5526,895.5573,894.3137,50.0,False,NOMINAL,HEALTHY,-24.5,47.87
DIG_LOT07_COMP0287,LOT_07,DIGITAL_IC,CQFP-64,DIG-SIH-2026,THERMAL_BURN_IN,T07_0287,PROC-ISRO-IISU-01,ATE-STATION-01,CHAMBER-01,1.0,125.0,5.0,168,IDDQ,ELECTRICAL,uA,1.1234,866.8304,866.8398,866.9758,865.707,25.282,1.7785,12.414,-0.0348,-0.0606,34.63,34.64,1.1234,866.8304,866.8398,866.9758,865.707,50.0,False,NOMINAL,HEALTHY,-18.18,-42.16
DIG_LOT07_COMP0288,LOT_07,DIGITAL_IC,CQFP-64,DIG-SIH-2026,THERMAL_BURN_IN,T07_0288,PROC-ISRO-IISU-01,ATE-STATION-01,CHAMBER-01,1.0,125.0,5.0,168,IDDQ,ELECTRICAL,uA,1.2724,961.4602,961.5493,961.5542,960.1878,25.253,2.1189,12.963,-0.0007,-0.0111,36.1,36.5,1.2724,961.4602,961.5493,961.5542,960.1878,50.0,False,NOMINAL,HEALTHY,-46.11,22.08
DIG_LOT07_COMP0289,LOT_07,DIGITAL_IC,CQFP-64,DIG-SIH-2026,THERMAL_BURN_IN,T07_0289,PROC-ISRO-IISU-01,ATE-STATION-01,CHAMBER-01,1.0,125.0,5.0,168,IDDQ,ELECTRICAL,uA,1.3375,1009.6906,1009.7468,1009.8118,1008.3531,24.664,2.0736,11.741,-0.0019,0.0294,34.85,34.58,1.3375,1009.6906,1009.7468,1009.8118,1008.3531,50.0,False,NOMINAL,HEALTHY,40.86,-44.82
DIG_LOT07_COMP0290,LOT_07,DIGITAL_IC,CQFP-64,DIG-SIH-2026,THERMAL_BURN_IN,T07_0290,PROC-ISRO-IISU-01,ATE-STATION-01,CHAMBER-01,1.0,125.0,5.0,168,IDDQ,ELECTRICAL,uA,1.3212,1008.9534,1008.9926,1009.0345,1007.6322,25.33,1.695,13.123,-0.0099,0.0792,35.21,35.61,1.3212,1008.9534,1008.9926,1009.0345,1007.6322,50.0,False,NOMINAL,HEALTHY,2.48,48.94
DIG_LOT07_COMP0291,LOT_07,DIGITAL_IC,CQFP-64,DIG-SIH-2026,THERMAL_BURN_IN,T07_0291,PROC-ISRO-IISU-01,ATE-STATION-01,CHAMBER-01,1.0,125.0,5.0,168,IDDQ,ELECTRICAL,uA,1.2564,958.6154,958.6448,958.745,957.359,23.219,2.0822,12.124,-0.0032,0.0351,35.02,34.84,1.2564,958.6154,958.6448,958.745,957.359,50.0,False,NOMINAL,HEALTHY,-1.56,-47.37
DIG_LOT07_COMP0292,LOT_07,DIGITAL_IC,CQFP-64,DIG-SIH-2026,THERMAL_BURN_IN,T07_0292,PROC-ISRO-IISU-01,ATE-STATION-01,CHAMBER-01,1.0,125.0,5.0,168,IDDQ,ELECTRICAL,uA,1.1475,885.2616,885.3168,885.3114,884.1141,22.429,2.6027,11.693,-0.0277,-0.0288,37.24,37.65,1.1475,885.2616,885.3168,885.3114,884.1141,50.0,False,NOMINAL,HEALTHY,-19.12,8.57
DIG_LOT07_COMP0293,LOT_07,DIGITAL_IC,CQFP-64,DIG-SIH-2026,THERMAL_BURN_IN,T07_0293,PROC-ISRO-IISU-01,ATE-STATION-01,CHAMBER-01,1.0,125.0,5.0,168,IDDQ,ELECTRICAL,uA,1.2813,982.9657,983.0134,983.0771,981.6844,24.709,1.4673,11.284,0.0034,-0.0428,36.37,36.31,1.2813,982.9657,983.0134,983.0771,981.6844,50.0,False,NOMINAL,HEALTHY,-46.93,-38.53
DIG_LOT07_COMP0294,LOT_07,DIGITAL_IC,CQFP-64,DIG-SIH-2026,THERMAL_BURN_IN,T07_0294,PROC-ISRO-IISU-01,ATE-STATION-01,CHAMBER-01,1.0,125.0,5.0,168,IDDQ,ELECTRICAL,uA,1.413,1070.6626,1070.7029,1070.7657,1069.2496,24.507,2.1,12.04,-0.0254,0.0104,34.51,34.92,1.413,1070.6626,1070.7029,1070.7657,1069.2496,50.0,False,NOMINAL,HEALTHY,-28.76,-1.14
DIG_LOT07_COMP0295,LOT_07,DIGITAL_IC,CQFP-64,DIG-SIH-2026,THERMAL_BURN_IN,T07_0295,PROC-ISRO-IISU-01,ATE-STATION-01,CHAMBER-01,1.0,125.0,5.0,168,IDDQ,ELECTRICAL,uA,1.5638,1217.6106,1217.6923,1217.7181,1216.0468,23.842,1.9427,12.726,-0.0257,-0.0884,35.62,35.37,1.5638,1217.6106,1217.6923,1217.7181,1216.0468,50.0,False,NOMINAL,HEALTHY,4.64,-10.11
DIG_LOT07_COMP0296,LOT_07,DIGITAL_IC,CQFP-64,DIG-SIH-2026,THERMAL_BURN_IN,T07_0296,PROC-ISRO-IISU-01,ATE-STATION-01,CHAMBER-01,1.0,125.0,5.0,168,IDDQ,ELECTRICAL,uA,1.1363,896.6991,896.7303,896.8052,895.5628,24.596,2.2408,12.066,0.0013,-0.0237,32.59,32.92,1.1363,896.6991,896.7303,896.8052,895.5628,50.0,False,NOMINAL,HEALTHY,-8.33,17.48
DIG_LOT07_COMP0297,LOT_07,DIGITAL_IC,CQFP-64,DIG-SIH-2026,THERMAL_BURN_IN,T07_0297,PROC-ISRO-IISU-01,ATE-STATION-01,CHAMBER-01,1.0,125.0,5.0,168,IDDQ,ELECTRICAL,uA,1.1165,861.834,861.9096,861.942,860.7175,26.187,1.9494,11.994,0.0187,0.0834,35.53,35.34,1.1165,861.834,861.9096,861.942,860.7175,50.0,False,NOMINAL,HEALTHY,23.09,36.4
DIG_LOT07_COMP0298,LOT_07,DIGITAL_IC,CQFP-64,DIG-SIH-2026,THERMAL_BURN_IN,T07_0298,PROC-ISRO-IISU-01,ATE-STATION-01,CHAMBER-01,1.0,125.0,5.0,168,IDDQ,ELECTRICAL,uA,1.0748,820.6517,820.7047,820.732,819.5769,24.663,1.7812,10.938,0.008,0.0152,35.84,35.97,1.0748,820.6517,820.7047,820.732,819.5769,50.0,False,NOMINAL,HEALTHY,30.02,6.89
DIG_LOT07_COMP0299,LOT_07,DIGITAL_IC,CQFP-64,DIG-SIH-2026,THERMAL_BURN_IN,T07_0299,PROC-ISRO-IISU-01,ATE-STATION-01,CHAMBER-01,1.0,125.0,5.0,168,IDDQ,ELECTRICAL,uA,1.2464,983.0881,983.1746,983.2084,981.8417,21.815,1.8508,13.403,0.0239,-0.0264,33.78,33.22,1.2464,983.0881,983.1746,983.2084,981.8417,50.0,False,NOMINAL,HEALTHY,-30.13,44.09
DIG_LOT07_COMP0300,LOT_07,DIGITAL_IC,CQFP-64,DIG-SIH-2026,THERMAL_BURN_IN,T07_0300,PROC-ISRO-IISU-01,ATE-STATION-01,CHAMBER-01,1.0,125.0,5.0,168,IDDQ,ELECTRICAL,uA,1.5037,1172.0129,1172.1135,1172.1568,1170.5092,24.308,1.9484,13.119,0.0468,0.0991,35.21,35.09,1.5037,1172.0129,1172.1135,1172.1568,1170.5092,50.0,False,NOMINAL,HEALTHY,8.12,3.01
DIG_LOT07_COMP0301,LOT_07,DIGITAL_IC,CQFP-64,DIG-SIH-2026,THERMAL_BURN_IN,T07_0301,PROC-ISRO-IISU-01,ATE-STATION-01,CHAMBER-01,1.0,125.0,5.0,168,IDDQ,ELECTRICAL,uA,1.6343,1264.5637,1264.6814,1264.7747,1262.9294,27.668,1.389,12.555,-0.0011,-0.0299,34.02,34.14,1.6343,1264.5637,1264.6814,1264.7747,1262.9294,50.0,False,NOMINAL,HEALTHY,0.71,-15.79
DIG_LOT07_COMP0302,LOT_07,DIGITAL_IC,CQFP-64,DIG-SIH-2026,THERMAL_BURN_IN,T07_0302,PROC-ISRO-IISU-01,ATE-STATION-01,CHAMBER-01,1.0,125.0,5.0,168,IDDQ,ELECTRICAL,uA,1.3586,1052.7308,1052.8499,1052.8967,1051.3722,23.835,1.4703,10.99,0.013,-0.066,37.09,36.64,1.3586,1052.7308,1052.8499,1052.8967,1051.3722,50.0,False,NOMINAL,HEALTHY,-32.85,17.98
DIG_LOT07_COMP0303,LOT_07,DIGITAL_IC,CQFP-64,DIG-SIH-2026,THERMAL_BURN_IN,T07_0303,PROC-ISRO-IISU-01,ATE-STATION-01,CHAMBER-01,1.0,125.0,5.0,168,IDDQ,ELECTRICAL,uA,1.5308,1182.7873,1182.9108,1182.9716,1181.2565,23.157,1.6155,13.625,0.0083,0.0064,35.43,35.18,1.5308,1182.7873,1182.9108,1182.9716,1181.2565,50.0,False,NOMINAL,HEALTHY,47.44,46.51
DIG_LOT07_COMP0304,LOT_07,DIGITAL_IC,CQFP-64,DIG-SIH-2026,THERMAL_BURN_IN,T07_0304,PROC-ISRO-IISU-01,ATE-STATION-01,CHAMBER-01,1.0,125.0,5.0,168,IDDQ,ELECTRICAL,uA,1.2078,937.0053,937.0593,937.124,935.7975,25.312,1.8684,11.419,-0.0312,-0.1023,34.28,34.12,1.2078,937.0053,937.0593,937.124,935.7975,50.0,False,NOMINAL,HEALTHY,-40.39,31.45
DIG_LOT07_COMP0305,LOT_07,DIGITAL_IC,CQFP-64,DIG-SIH-2026,THERMAL_BURN_IN,T07_0305,PROC-ISRO-IISU-01,ATE-STATION-01,CHAMBER-01,1.0,125.0,5.0,168,IDDQ,ELECTRICAL,uA,1.502,1161.6406,1161.7303,1161.8172,1160.1386,22.2,2.3025,11.288,0.0176,-0.0013,35.92,36.11,1.502,1161.6406,1161.7303,1161.8172,1160.1386,50.0,False,NOMINAL,HEALTHY,-14.23,31.9
DIG_LOT07_COMP0306,LOT_07,DIGITAL_IC,CQFP-64,DIG-SIH-2026,THERMAL_BURN_IN,T07_0306,PROC-ISRO-IISU-01,ATE-STATION-01,CHAMBER-01,1.0,125.0,5.0,168,IDDQ,ELECTRICAL,uA,1.4755,1129.8783,1138.388,1288.2982,1128.4028,24.289,2.5204,12.559,0.0288,-0.013,36.26,36.36,1.4755,1129.8783,1138.388,1288.2982,1128.4028,50.0,True,THERMAL_RUNAWAY,HEALTHY,-8.4,-39.41
DIG_LOT07_COMP0307,LOT_07,DIGITAL_IC,CQFP-64,DIG-SIH-2026,THERMAL_BURN_IN,T07_0307,PROC-ISRO-IISU-01,ATE-STATION-01,CHAMBER-01,1.0,125.0,5.0,168,IDDQ,ELECTRICAL,uA,1.5085,1173.3529,1173.4432,1173.477,1171.8444,22.662,1.7591,14.12,-0.0303,-0.012,34.89,34.12,1.5085,1173.3529,1173.4432,1173.477,1171.8444,50.0,False,NOMINAL,HEALTHY,21.58,21.36
DIG_LOT07_COMP0308,LOT_07,DIGITAL_IC,CQFP-64,DIG-SIH-2026,THERMAL_BURN_IN,T07_0308,PROC-ISRO-IISU-01,ATE-STATION-01,CHAMBER-01,1.0,125.0,5.0,168,IDDQ,ELECTRICAL,uA,0.9478,719.0728,719.0886,719.1643,718.125,27.063,2.0921,13.001,-0.0062,-0.0397,36.06,35.78,0.9478,719.0728,719.0886,719.1643,718.125,50.0,False,NOMINAL,HEALTHY,36.62,1.19
DIG_LOT07_COMP0309,LOT_07,DIGITAL_IC,CQFP-64,DIG-SIH-2026,THERMAL_BURN_IN,T07_0309,PROC-ISRO-IISU-01,ATE-STATION-01,CHAMBER-01,1.0,125.0,5.0,168,IDDQ,ELECTRICAL,uA,1.2514,956.2356,956.2995,956.3111,954.9842,26.272,2.2711,13.143,-0.0228,0.0777,35.93,36.17,1.2514,956.2356,956.2995,956.3111,954.9842,50.0,False,NOMINAL,HEALTHY,-16.21,19.45
DIG_LOT07_COMP0310,LOT_07,DIGITAL_IC,CQFP-64,DIG-SIH-2026,THERMAL_BURN_IN,T07_0310,PROC-ISRO-IISU-01,ATE-STATION-01,CHAMBER-01,1.0,125.0,5.0,168,IDDQ,ELECTRICAL,uA,1.4692,1122.9189,1123.0001,1123.0586,1121.4497,24.067,2.099,12.808,0.0142,-0.0428,34.22,34.96,1.4692,1122.9189,1123.0001,1123.0586,1121.4497,50.0,False,NOMINAL,HEALTHY,1.13,17.8
DIG_LOT07_COMP0311,LOT_07,DIGITAL_IC,CQFP-64,DIG-SIH-2026,THERMAL_BURN_IN,T07_0311,PROC-ISRO-IISU-01,ATE-STATION-01,CHAMBER-01,1.0,125.0,5.0,168,IDDQ,ELECTRICAL,uA,1.1776,920.5188,920.6669,920.6855,919.3412,24.581,2.0202,11.23,0.0001,0.0498,34.23,34.23,1.1776,920.5188,920.6669,920.6855,919.3412,50.0,False,NOMINAL,HEALTHY,-14.12,-32.24
DIG_LOT07_COMP0312,LOT_07,DIGITAL_IC,CQFP-64,DIG-SIH-2026,THERMAL_BURN_IN,T07_0312,PROC-ISRO-IISU-01,ATE-STATION-01,CHAMBER-01,1.0,125.0,5.0,168,IDDQ,ELECTRICAL,uA,1.6146,1262.2304,1262.3124,1262.3744,1260.6158,26.106,1.6739,12.421,0.0462,0.0193,32.53,32.64,1.6146,1262.2304,1262.3124,1262.3744,1260.6158,50.0,False,NOMINAL,HEALTHY,9.2,-32.5
DIG_LOT07_COMP0313,LOT_07,DIGITAL_IC,CQFP-64,DIG-SIH-2026,THERMAL_BURN_IN,T07_0313,PROC-ISRO-IISU-01,ATE-STATION-01,CHAMBER-01,1.0,125.0,5.0,168,IDDQ,ELECTRICAL,uA,1.0903,851.4105,859.8863,1009.7274,850.3202,23.183,2.4543,12.205,0.0055,-0.033,36.01,36.06,1.0903,851.4105,859.8863,1009.7274,850.3202,50.0,True,THERMAL_RUNAWAY,HEALTHY,34.11,-49.43
DIG_LOT07_COMP0314,LOT_07,DIGITAL_IC,CQFP-64,DIG-SIH-2026,THERMAL_BURN_IN,T07_0314,PROC-ISRO-IISU-01,ATE-STATION-01,CHAMBER-01,1.0,125.0,5.0,168,IDDQ,ELECTRICAL,uA,0.928,712.4676,712.5315,712.5725,711.5396,21.272,2.1967,13.851,0.028,0.0575,34.23,34.45,0.928,712.4676,712.5315,712.5725,711.5396,50.0,False,NOMINAL,HEALTHY,0.27,15.07
DIG_LOT07_COMP0315,LOT_07,DIGITAL_IC,CQFP-64,DIG-SIH-2026,THERMAL_BURN_IN,T07_0315,PROC-ISRO-IISU-01,ATE-STATION-01,CHAMBER-01,1.0,125.0,5.0,168,IDDQ,ELECTRICAL,uA,1.2736,992.4274,992.4698,992.4626,991.1538,25.12,1.8393,13.94,0.0227,-0.0139,35.16,35.5,1.2736,992.4274,992.4698,992.4626,991.1538,50.0,False,NOMINAL,HEALTHY,-0.2,-39.94
DIG_LOT07_COMP0316,LOT_07,DIGITAL_IC,CQFP-64,DIG-SIH-2026,THERMAL_BURN_IN,T07_0316,PROC-ISRO-IISU-01,ATE-STATION-01,CHAMBER-01,1.0,125.0,5.0,168,IDDQ,ELECTRICAL,uA,1.1045,843.1247,843.204,843.2497,842.0202,23.802,1.6414,12.567,-0.035,-0.0771,35.93,35.85,1.1045,843.1247,843.204,843.2497,842.0202,50.0,False,NOMINAL,HEALTHY,7.02,31.29
DIG_LOT07_COMP0317,LOT_07,DIGITAL_IC,CQFP-64,DIG-SIH-2026,THERMAL_BURN_IN,T07_0317,PROC-ISRO-IISU-01,ATE-STATION-01,CHAMBER-01,1.0,125.0,5.0,168,IDDQ,ELECTRICAL,uA,1.365,1038.7257,1038.8505,1038.9082,1037.3607,23.856,2.0999,12.383,-0.019,-0.0136,34.98,34.73,1.365,1038.7257,1038.8505,1038.9082,1037.3607,50.0,False,NOMINAL,HEALTHY,16.14,31.62
DIG_LOT07_COMP0318,LOT_07,DIGITAL_IC,CQFP-64,DIG-SIH-2026,THERMAL_BURN_IN,T07_0318,PROC-ISRO-IISU-01,ATE-STATION-01,CHAMBER-01,1.0,125.0,5.0,168,IDDQ,ELECTRICAL,uA,1.4706,1164.3705,1164.4639,1164.517,1162.8999,24.909,2.0867,13.808,-0.0183,-0.0172,34.51,34.39,1.4706,1164.3705,1164.4639,1164.517,1162.8999,50.0,False,NOMINAL,HEALTHY,-27.6,-40.0
DIG_LOT07_COMP0319,LOT_07,DIGITAL_IC,CQFP-64,DIG-SIH-2026,THERMAL_BURN_IN,T07_0319,PROC-ISRO-IISU-01,ATE-STATION-01,CHAMBER-01,1.0,125.0,5.0,168,IDDQ,ELECTRICAL,uA,1.1036,857.156,857.2484,857.3369,856.0524,23.888,1.6928,12.798,-0.0378,-0.0614,34.94,34.27,1.1036,857.156,857.2484,857.3369,856.0524,50.0,False,NOMINAL,HEALTHY,36.08,14.98
DIG_LOT07_COMP0320,LOT_07,DIGITAL_IC,CQFP-64,DIG-SIH-2026,THERMAL_BURN_IN,T07_0320,PROC-ISRO-IISU-01,ATE-STATION-01,CHAMBER-01,1.0,125.0,5.0,168,IDDQ,ELECTRICAL,uA,1.1147,842.8369,842.8806,842.9487,841.7222,26.021,1.951,11.879,-0.0082,0.0178,35.1,35.24,1.1147,842.8369,842.8806,842.9487,841.7222,50.0,False,NOMINAL,HEALTHY,-33.33,3.16
DIG_LOT07_COMP0321,LOT_07,DIGITAL_IC,CQFP-64,DIG-SIH-2026,THERMAL_BURN_IN,T07_0321,PROC-ISRO-IISU-01,ATE-STATION-01,CHAMBER-01,1.0,125.0,5.0,168,IDDQ,ELECTRICAL,uA,1.2342,968.4201,968.5551,968.563,967.1859,24.051,1.7528,13.336,0.0005,-0.0012,33.12,33.32,1.2342,968.4201,968.5551,968.563,967.1859,50.0,False,NOMINAL,HEALTHY,28.83,47.63
DIG_LOT07_COMP0322,LOT_07,DIGITAL_IC,CQFP-64,DIG-SIH-2026,THERMAL_BURN_IN,T07_0322,PROC-ISRO-IISU-01,ATE-STATION-01,CHAMBER-01,1.0,125.0,5.0,168,IDDQ,ELECTRICAL,uA,0.9288,712.4984,712.5409,712.56,711.5696,23.868,1.8889,11.112,-0.0012,0.0478,36.76,36.77,0.9288,712.4984,712.5409,712.56,711.5696,50.0,False,NOMINAL,HEALTHY,24.66,-7.91
DIG_LOT07_COMP0323,LOT_07,DIGITAL_IC,CQFP-64,DIG-SIH-2026,THERMAL_BURN_IN,T07_0323,PROC-ISRO-IISU-01,ATE-STATION-01,CHAMBER-01,1.0,125.0,5.0,168,IDDQ,ELECTRICAL,uA,1.3,1012.5877,1012.6765,1012.7399,1011.2877,25.146,2.0428,11.837,-0.0047,0.0157,34.27,34.77,1.3,1012.5877,1012.6765,1012.7399,1011.2877,50.0,False,NOMINAL,HEALTHY,-42.96,26.39
DIG_LOT07_COMP0324,LOT_07,DIGITAL_IC,CQFP-64,DIG-SIH-2026,THERMAL_BURN_IN,T07_0324,PROC-ISRO-IISU-01,ATE-STATION-01,CHAMBER-01,1.0,125.0,5.0,168,IDDQ,ELECTRICAL,uA,1.3685,1057.1218,1057.1969,1057.1575,1055.7533,24.907,2.1043,11.692,-0.023,-0.0072,31.74,32.24,1.3685,1057.1218,1057.1969,1057.1575,1055.7533,50.0,False,NOMINAL,HEALTHY,-41.74,14.33
DIG_LOT07_COMP0325,LOT_07,DIGITAL_IC,CQFP-64,DIG-SIH-2026,THERMAL_BURN_IN,T07_0325,PROC-ISRO-IISU-01,ATE-STATION-01,CHAMBER-01,1.0,125.0,5.0,168,IDDQ,ELECTRICAL,uA,1.3151,1003.4437,1003.491,1003.6158,1002.1286,25.78,2.0706,12.816,0.0047,-0.0049,36.26,37.28,1.3151,1003.4437,1003.491,1003.6158,1002.1286,50.0,False,NOMINAL,HEALTHY,45.36,35.33
DIG_LOT07_COMP0326,LOT_07,DIGITAL_IC,CQFP-64,DIG-SIH-2026,THERMAL_BURN_IN,T07_0326,PROC-ISRO-IISU-01,ATE-STATION-01,CHAMBER-01,1.0,125.0,5.0,168,IDDQ,ELECTRICAL,uA,1.251,978.6388,978.7312,978.7439,977.3878,27.071,2.1875,13.457,0.0008,0.0075,35.6,35.3,1.251,978.6388,978.7312,978.7439,977.3878,50.0,False,NOMINAL,HEALTHY,24.43,3.85
DIG_LOT07_COMP0327,LOT_07,DIGITAL_IC,CQFP-64,DIG-SIH-2026,THERMAL_BURN_IN,T07_0327,PROC-ISRO-IISU-01,ATE-STATION-01,CHAMBER-01,1.0,125.0,5.0,168,IDDQ,ELECTRICAL,uA,1.3606,1033.8879,1033.9446,1034.0411,1032.5273,24.195,2.0115,11.839,-0.0293,0.0122,34.71,34.74,1.3606,1033.8879,1033.9446,1034.0411,1032.5273,50.0,False,NOMINAL,HEALTHY,39.23,-17.93
DIG_LOT07_COMP0328,LOT_07,DIGITAL_IC,CQFP-64,DIG-SIH-2026,THERMAL_BURN_IN,T07_0328,PROC-ISRO-IISU-01,ATE-STATION-01,CHAMBER-01,1.0,125.0,5.0,168,IDDQ,ELECTRICAL,uA,0.9532,725.4459,725.4658,725.5181,724.4927,24.622,2.4406,11.738,-0.0298,0.0216,35.44,35.76,0.9532,725.4459,725.4658,725.5181,724.4927,50.0,False,NOMINAL,HEALTHY,-17.16,-28.01
DIG_LOT07_COMP0329,LOT_07,DIGITAL_IC,CQFP-64,DIG-SIH-2026,THERMAL_BURN_IN,T07_0329,PROC-ISRO-IISU-01,ATE-STATION-01,CHAMBER-01,1.0,125.0,5.0,168,IDDQ,ELECTRICAL,uA,1.3639,1043.8463,1043.9293,1043.9998,1042.4824,22.497,1.8006,12.735,-0.0387,0.0229,36.96,36.43,1.3639,1043.8463,1043.9293,1043.9998,1042.4824,50.0,False,NOMINAL,HEALTHY,47.02,-41.17
DIG_LOT07_COMP0330,LOT_07,DIGITAL_IC,CQFP-64,DIG-SIH-2026,THERMAL_BURN_IN,T07_0330,PROC-ISRO-IISU-01,ATE-STATION-01,CHAMBER-01,1.0,125.0,5.0,168,IDDQ,ELECTRICAL,uA,1.1713,902.8338,902.9262,903.0002,901.6625,23.624,2.2605,13.047,-0.0123,-0.0269,33.85,33.89,1.1713,902.8338,902.9262,903.0002,901.6625,50.0,False,NOMINAL,HEALTHY,-15.53,-18.62
DIG_LOT07_COMP0331,LOT_07,DIGITAL_IC,CQFP-64,DIG-SIH-2026,THERMAL_BURN_IN,T07_0331,PROC-ISRO-IISU-01,ATE-STATION-01,CHAMBER-01,1.0,125.0,5.0,168,IDDQ,ELECTRICAL,uA,1.1063,849.9474,850.0095,850.0993,848.8411,25.013,1.7847,13.152,0.0318,0.0481,34.69,34.97,1.1063,849.9474,850.0095,850.0993,848.8411,50.0,False,NOMINAL,HEALTHY,25.64,18.83
DIG_LOT07_COMP0332,LOT_07,DIGITAL_IC,CQFP-64,DIG-SIH-2026,THERMAL_BURN_IN,T07_0332,PROC-ISRO-IISU-01,ATE-STATION-01,CHAMBER-01,1.0,125.0,5.0,168,IDDQ,ELECTRICAL,uA,1.3669,1066.5197,1066.601,1066.6074,1065.1528,25.257,1.894,12.208,-0.0165,0.0303,34.54,34.75,1.3669,1066.5197,1066.601,1066.6074,1065.1528,50.0,False,NOMINAL,HEALTHY,48.63,37.94
DIG_LOT07_COMP0333,LOT_07,DIGITAL_IC,CQFP-64,DIG-SIH-2026,THERMAL_BURN_IN,T07_0333,PROC-ISRO-IISU-01,ATE-STATION-01,CHAMBER-01,1.0,125.0,5.0,168,IDDQ,ELECTRICAL,uA,1.3638,1050.7377,1050.7829,1050.8217,1049.3739,24.567,2.4651,13.197,0.0278,0.0154,35.79,36.66,1.3638,1050.7377,1050.7829,1050.8217,1049.3739,50.0,False,NOMINAL,HEALTHY,29.02,-42.68
DIG_LOT07_COMP0334,LOT_07,DIGITAL_IC,CQFP-64,DIG-SIH-2026,THERMAL_BURN_IN,T07_0334,PROC-ISRO-IISU-01,ATE-STATION-01,CHAMBER-01,1.0,125.0,5.0,168,IDDQ,ELECTRICAL,uA,1.4697,1131.9447,1132.0275,1132.0999,1130.475,26.069,1.7776,12.651,0.0068,-0.0443,36.31,36.22,1.4697,1131.9447,1132.0275,1132.0999,1130.475,50.0,False,NOMINAL,HEALTHY,46.58,-1.51
DIG_LOT07_COMP0335,LOT_07,DIGITAL_IC,CQFP-64,DIG-SIH-2026,THERMAL_BURN_IN,T07_0335,PROC-ISRO-IISU-01,ATE-STATION-01,CHAMBER-01,1.0,125.0,5.0,168,IDDQ,ELECTRICAL,uA,1.309,1019.8953,1019.9237,1020.0677,1018.5863,22.724,2.0992,12.411,0.022,0.0184,34.77,34.93,1.309,1019.8953,1019.9237,1020.0677,1018.5863,50.0,False,NOMINAL,HEALTHY,35.05,1.44
DIG_LOT07_COMP0336,LOT_07,DIGITAL_IC,CQFP-64,DIG-SIH-2026,THERMAL_BURN_IN,T07_0336,PROC-ISRO-IISU-01,ATE-STATION-01,CHAMBER-01,1.0,125.0,5.0,168,IDDQ,ELECTRICAL,uA,1.3124,1006.9492,1006.9723,1007.0871,1005.6368,23.531,1.9636,11.558,0.0217,0.0062,34.4,34.37,1.3124,1006.9492,1006.9723,1007.0871,1005.6368,50.0,False,NOMINAL,HEALTHY,47.24,-39.45
DIG_LOT07_COMP0337,LOT_07,DIGITAL_IC,CQFP-64,DIG-SIH-2026,THERMAL_BURN_IN,T07_0337,PROC-ISRO-IISU-01,ATE-STATION-01,CHAMBER-01,1.0,125.0,5.0,168,IDDQ,ELECTRICAL,uA,1.3864,1068.4167,1068.4941,1068.5356,1067.0303,25.844,2.0975,12.401,0.0154,0.0614,35.8,35.4,1.3864,1068.4167,1068.4941,1068.5356,1067.0303,50.0,False,NOMINAL,HEALTHY,-8.39,-36.28
DIG_LOT07_COMP0338,LOT_07,DIGITAL_IC,CQFP-64,DIG-SIH-2026,THERMAL_BURN_IN,T07_0338,PROC-ISRO-IISU-01,ATE-STATION-01,CHAMBER-01,1.0,125.0,5.0,168,IDDQ,ELECTRICAL,uA,1.4089,1104.7511,1104.8071,1104.8658,1103.3422,24.126,2.4154,13.192,0.0235,-0.0674,36.07,37.1,1.4089,1104.7511,1104.8071,1104.8658,1103.3422,50.0,False,NOMINAL,HEALTHY,14.95,42.59
DIG_LOT07_COMP0339,LOT_07,DIGITAL_IC,CQFP-64,DIG-SIH-2026,THERMAL_BURN_IN,T07_0339,PROC-ISRO-IISU-01,ATE-STATION-01,CHAMBER-01,1.0,125.0,5.0,168,IDDQ,ELECTRICAL,uA,1.3566,1042.9642,1043.0123,1043.1061,1041.6076,25.749,2.0839,12.042,-0.0126,-0.005,34.63,34.35,1.3566,1042.9642,1043.0123,1043.1061,1041.6076,50.0,False,NOMINAL,HEALTHY,40.28,-31.62
DIG_LOT07_COMP0340,LOT_07,DIGITAL_IC,CQFP-64,DIG-SIH-2026,THERMAL_BURN_IN,T07_0340,PROC-ISRO-IISU-01,ATE-STATION-01,CHAMBER-01,1.0,125.0,5.0,168,IDDQ,ELECTRICAL,uA,1.5221,1194.2795,1196.1527,1203.5939,1192.7574,24.226,2.2445,12.788,-0.0253,-0.026,36.66,37.31,1.5221,1194.2795,1196.1527,1203.5939,1192.7574,50.0,True,ELECTROMIGRATION,HEALTHY,-10.7,31.33
DIG_LOT07_COMP0341,LOT_07,DIGITAL_IC,CQFP-64,DIG-SIH-2026,THERMAL_BURN_IN,T07_0341,PROC-ISRO-IISU-01,ATE-STATION-01,CHAMBER-01,1.0,125.0,5.0,168,IDDQ,ELECTRICAL,uA,1.2966,1001.5162,1001.5944,1001.6312,1000.2196,23.389,1.677,11.32,-0.0265,-0.0144,35.77,35.44,1.2966,1001.5162,1001.5944,1001.6312,1000.2196,50.0,False,NOMINAL,HEALTHY,-6.6,8.55
DIG_LOT07_COMP0342,LOT_07,DIGITAL_IC,CQFP-64,DIG-SIH-2026,THERMAL_BURN_IN,T07_0342,PROC-ISRO-IISU-01,ATE-STATION-01,CHAMBER-01,1.0,125.0,5.0,168,IDDQ,ELECTRICAL,uA,1.6491,1267.3938,1267.5437,1267.6218,1265.7447,27.579,1.5839,12.316,0.0051,0.0052,35.66,36.03,1.6491,1267.3938,1267.5437,1267.6218,1265.7447,50.0,False,NOMINAL,HEALTHY,-6.94,-12.02
DIG_LOT07_COMP0343,LOT_07,DIGITAL_IC,CQFP-64,DIG-SIH-2026,THERMAL_BURN_IN,T07_0343,PROC-ISRO-IISU-01,ATE-STATION-01,CHAMBER-01,1.0,125.0,5.0,168,IDDQ,ELECTRICAL,uA,1.4687,1127.7335,1127.8338,1127.8758,1126.2648,24.609,2.2581,12.873,-0.0209,-0.0391,37.1,37.32,1.4687,1127.7335,1127.8338,1127.8758,1126.2648,50.0,False,NOMINAL,HEALTHY,-42.99,35.46
DIG_LOT07_COMP0344,LOT_07,DIGITAL_IC,CQFP-64,DIG-SIH-2026,THERMAL_BURN_IN,T07_0344,PROC-ISRO-IISU-01,ATE-STATION-01,CHAMBER-01,1.0,125.0,5.0,168,IDDQ,ELECTRICAL,uA,1.28,999.9317,1000.0215,1000.0625,998.6517,23.837,1.6345,12.009,0.0049,0.0411,35.11,35.08,1.28,999.9317,1000.0215,1000.0625,998.6517,50.0,False,NOMINAL,HEALTHY,40.66,-2.45
DIG_LOT07_COMP0345,LOT_07,DIGITAL_IC,CQFP-64,DIG-SIH-2026,THERMAL_BURN_IN,T07_0345,PROC-ISRO-IISU-01,ATE-STATION-01,CHAMBER-01,1.0,125.0,5.0,168,IDDQ,ELECTRICAL,uA,1.5544,1199.1564,1199.2376,1199.3006,1197.602,25.283,2.0623,14.3,-0.0071,0.0129,35.52,35.48,1.5544,1199.1564,1199.2376,1199.3006,1197.602,50.0,False,NOMINAL,HEALTHY,7.51,-24.16
DIG_LOT07_COMP0346,LOT_07,DIGITAL_IC,CQFP-64,DIG-SIH-2026,THERMAL_BURN_IN,T07_0346,PROC-ISRO-IISU-01,ATE-STATION-01,CHAMBER-01,1.0,125.0,5.0,168,IDDQ,ELECTRICAL,uA,1.0131,783.3094,783.394,783.3637,782.2963,25.933,1.8263,13.061,-0.0552,-0.0729,33.7,34.25,1.0131,783.3094,783.394,783.3637,782.2963,50.0,False,NOMINAL,HEALTHY,16.67,-6.86
DIG_LOT07_COMP0347,LOT_07,DIGITAL_IC,CQFP-64,DIG-SIH-2026,THERMAL_BURN_IN,T07_0347,PROC-ISRO-IISU-01,ATE-STATION-01,CHAMBER-01,1.0,125.0,5.0,168,IDDQ,ELECTRICAL,uA,0.9836,756.3805,756.4456,756.4225,755.3969,24.954,2.3959,12.749,0.0248,0.0225,35.39,35.52,0.9836,756.3805,756.4456,756.4225,755.3969,50.0,False,NOMINAL,HEALTHY,-42.22,-3.89
DIG_LOT07_COMP0348,LOT_07,DIGITAL_IC,CQFP-64,DIG-SIH-2026,THERMAL_BURN_IN,T07_0348,PROC-ISRO-IISU-01,ATE-STATION-01,CHAMBER-01,1.0,125.0,5.0,168,IDDQ,ELECTRICAL,uA,1.2175,945.5854,945.5903,945.6325,944.3679,24.803,1.7589,12.574,-0.0323,-0.0142,35.51,35.71,1.2175,945.5854,945.5903,945.6325,944.3679,50.0,False,NOMINAL,HEALTHY,10.78,-0.59
DIG_LOT07_COMP0349,LOT_07,DIGITAL_IC,CQFP-64,DIG-SIH-2026,THERMAL_BURN_IN,T07_0349,PROC-ISRO-IISU-01,ATE-STATION-01,CHAMBER-01,1.0,125.0,5.0,168,IDDQ,ELECTRICAL,uA,1.0286,782.7002,782.7426,782.7891,781.6716,24.815,2.1175,13.686,-0.0062,-0.0673,37.43,37.84,1.0286,782.7002,782.7426,782.7891,781.6716,50.0,False,NOMINAL,HEALTHY,-13.88,40.56
DIG_LOT07_COMP0350,LOT_07,DIGITAL_IC,CQFP-64,DIG-SIH-2026,THERMAL_BURN_IN,T07_0350,PROC-ISRO-IISU-01,ATE-STATION-01,CHAMBER-01,1.0,125.0,5.0,168,IDDQ,ELECTRICAL,uA,1.5903,1211.3106,1211.3752,1211.4404,1209.7203,25.508,2.1082,12.516,-0.0099,0.0337,35.54,36.13,1.5903,1211.3106,1211.3752,1211.4404,1209.7203,50.0,False,NOMINAL,HEALTHY,-44.56,-28.98
DIG_LOT07_COMP0351,LOT_07,DIGITAL_IC,CQFP-64,DIG-SIH-2026,THERMAL_BURN_IN,T07_0351,PROC-ISRO-IISU-01,ATE-STATION-01,CHAMBER-01,1.0,125.0,5.0,168,IDDQ,ELECTRICAL,uA,1.3985,1081.855,1081.9415,1081.9616,1080.4565,23.317,2.1815,12.385,0.0376,0.0013,36.15,35.9,1.3985,1081.855,1081.9415,1081.9616,1080.4565,50.0,False,NOMINAL,HEALTHY,22.69,-34.79
DIG_LOT07_COMP0352,LOT_07,DIGITAL_IC,CQFP-64,DIG-SIH-2026,THERMAL_BURN_IN,T07_0352,PROC-ISRO-IISU-01,ATE-STATION-01,CHAMBER-01,1.0,125.0,5.0,168,IDDQ,ELECTRICAL,uA,1.2879,981.9865,982.0278,982.1096,980.6986,24.922,1.7764,13.562,0.0107,-0.0543,33.88,33.5,1.2879,981.9865,982.0278,982.1096,980.6986,50.0,False,NOMINAL,HEALTHY,24.03,-22.73
DIG_LOT07_COMP0353,LOT_07,DIGITAL_IC,CQFP-64,DIG-SIH-2026,THERMAL_BURN_IN,T07_0353,PROC-ISRO-IISU-01,ATE-STATION-01,CHAMBER-01,1.0,125.0,5.0,168,IDDQ,ELECTRICAL,uA,1.5451,1186.3646,1186.4521,1186.5498,1184.8195,23.015,1.6358,12.542,-0.0093,-0.0091,35.44,34.65,1.5451,1186.3646,1186.4521,1186.5498,1184.8195,50.0,False,NOMINAL,HEALTHY,6.84,-49.58
DIG_LOT07_COMP0354,LOT_07,DIGITAL_IC,CQFP-64,DIG-SIH-2026,THERMAL_BURN_IN,T07_0354,PROC-ISRO-IISU-01,ATE-STATION-01,CHAMBER-01,1.0,125.0,5.0,168,IDDQ,ELECTRICAL,uA,1.1062,842.987,843.0561,843.0942,841.8808,28.336,1.7391,12.49,-0.0014,0.0551,34.25,34.22,1.1062,842.987,843.0561,843.0942,841.8808,50.0,False,NOMINAL,HEALTHY,10.43,3.14
DIG_LOT07_COMP0355,LOT_07,DIGITAL_IC,CQFP-64,DIG-SIH-2026,THERMAL_BURN_IN,T07_0355,PROC-ISRO-IISU-01,ATE-STATION-01,CHAMBER-01,1.0,125.0,5.0,168,IDDQ,ELECTRICAL,uA,1.4784,1141.4972,1141.5834,1141.6569,1140.0188,23.571,2.1744,12.342,0.0013,0.0795,36.59,37.31,1.4784,1141.4972,1141.5834,1141.6569,1140.0188,50.0,False,NOMINAL,HEALTHY,-1.69,-5.47
DIG_LOT07_COMP0356,LOT_07,DIGITAL_IC,CQFP-64,DIG-SIH-2026,THERMAL_BURN_IN,T07_0356,PROC-ISRO-IISU-01,ATE-STATION-01,CHAMBER-01,1.0,125.0,5.0,168,IDDQ,ELECTRICAL,uA,1.5346,1203.0315,1203.1265,1203.1755,1201.4969,24.76,2.1243,13.809,-0.0144,-0.0395,36.27,35.82,1.5346,1203.0315,1203.1265,1203.1755,1201.4969,50.0,False,NOMINAL,HEALTHY,-36.53,-11.92
DIG_LOT07_COMP0357,LOT_07,DIGITAL_IC,CQFP-64,DIG-SIH-2026,THERMAL_BURN_IN,T07_0357,PROC-ISRO-IISU-01,ATE-STATION-01,CHAMBER-01,1.0,125.0,5.0,168,IDDQ,ELECTRICAL,uA,1.5981,1221.1629,1221.2548,1221.3154,1219.5648,25.274,2.5288,10.174,-0.0014,-0.0773,36.57,36.86,1.5981,1221.1629,1221.2548,1221.3154,1219.5648,50.0,False,NOMINAL,HEALTHY,48.92,-15.86
DIG_LOT07_COMP0358,LOT_07,DIGITAL_IC,CQFP-64,DIG-SIH-2026,THERMAL_BURN_IN,T07_0358,PROC-ISRO-IISU-01,ATE-STATION-01,CHAMBER-01,1.0,125.0,5.0,168,IDDQ,ELECTRICAL,uA,1.3758,1068.6333,1068.7632,1068.894,1067.2575,27.028,2.1066,11.998,0.022,0.0224,33.5,34.09,1.3758,1068.6333,1068.7632,1068.894,1067.2575,50.0,False,NOMINAL,HEALTHY,-1.91,40.11
DIG_LOT07_COMP0359,LOT_07,DIGITAL_IC,CQFP-64,DIG-SIH-2026,THERMAL_BURN_IN,T07_0359,PROC-ISRO-IISU-01,ATE-STATION-01,CHAMBER-01,1.0,125.0,5.0,168,IDDQ,ELECTRICAL,uA,0.9897,768.8345,768.9221,768.9431,767.8448,24.554,2.2274,12.433,0.035,0.0086,35.07,36.05,0.9897,768.8345,768.9221,768.9431,767.8448,50.0,False,NOMINAL,HEALTHY,15.59,2.33
DIG_LOT07_COMP0360,LOT_07,DIGITAL_IC,CQFP-64,DIG-SIH-2026,THERMAL_BURN_IN,T07_0360,PROC-ISRO-IISU-01,ATE-STATION-01,CHAMBER-01,1.0,125.0,5.0,168,IDDQ,ELECTRICAL,uA,1.1288,871.3092,871.3814,871.4508,870.1804,23.936,1.5261,12.709,0.0001,-0.0092,35.96,36.77,1.1288,871.3092,871.3814,871.4508,870.1804,50.0,False,NOMINAL,HEALTHY,-14.62,-41.64
DIG_LOT07_COMP0361,LOT_07,DIGITAL_IC,CQFP-64,DIG-SIH-2026,THERMAL_BURN_IN,T07_0361,PROC-ISRO-IISU-01,ATE-STATION-01,CHAMBER-01,1.0,125.0,5.0,168,IDDQ,ELECTRICAL,uA,1.4933,1142.6892,1142.7619,1142.8094,1141.1959,25.151,2.0228,11.661,-0.0271,-0.0753,35.07,35.82,1.4933,1142.6892,1142.7619,1142.8094,1141.1959,50.0,False,NOMINAL,HEALTHY,-17.48,-19.77
DIG_LOT07_COMP0362,LOT_07,DIGITAL_IC,CQFP-64,DIG-SIH-2026,THERMAL_BURN_IN,T07_0362,PROC-ISRO-IISU-01,ATE-STATION-01,CHAMBER-01,1.0,125.0,5.0,168,IDDQ,ELECTRICAL,uA,1.6811,1284.0226,1284.1207,1284.1725,1282.3415,23.809,1.8336,12.005,0.0052,-0.0401,35.45,35.55,1.6811,1284.0226,1284.1207,1284.1725,1282.3415,50.0,False,NOMINAL,HEALTHY,21.99,19.61
DIG_LOT07_COMP0363,LOT_07,DIGITAL_IC,CQFP-64,DIG-SIH-2026,THERMAL_BURN_IN,T07_0363,PROC-ISRO-IISU-01,ATE-STATION-01,CHAMBER-01,1.0,125.0,5.0,168,IDDQ,ELECTRICAL,uA,1.2145,927.4645,927.5441,927.5378,926.25,24.101,2.4015,11.239,-0.0331,-0.0213,35.15,34.92,1.2145,927.4645,927.5441,927.5378,926.25,50.0,False,NOMINAL,HEALTHY,-32.55,-39.86
DIG_LOT07_COMP0364,LOT_07,DIGITAL_IC,CQFP-64,DIG-SIH-2026,THERMAL_BURN_IN,T07_0364,PROC-ISRO-IISU-01,ATE-STATION-01,CHAMBER-01,1.0,125.0,5.0,168,IDDQ,ELECTRICAL,uA,1.2912,998.5916,998.6775,998.7234,997.3004,27.35,2.2385,13.761,0.0065,-0.0172,34.31,34.1,1.2912,998.5916,998.6775,998.7234,997.3004,50.0,False,NOMINAL,HEALTHY,-17.83,9.83
DIG_LOT07_COMP0365,LOT_07,DIGITAL_IC,CQFP-64,DIG-SIH-2026,THERMAL_BURN_IN,T07_0365,PROC-ISRO-IISU-01,ATE-STATION-01,CHAMBER-01,1.0,125.0,5.0,168,IDDQ,ELECTRICAL,uA,1.4669,1125.5932,1125.7227,1125.7293,1124.1263,26.076,1.8427,12.282,-0.0288,-0.0717,36.64,36.83,1.4669,1125.5932,1125.7227,1125.7293,1124.1263,50.0,False,NOMINAL,HEALTHY,5.34,-4.29
DIG_LOT07_COMP0366,LOT_07,DIGITAL_IC,CQFP-64,DIG-SIH-2026,THERMAL_BURN_IN,T07_0366,PROC-ISRO-IISU-01,ATE-STATION-01,CHAMBER-01,1.0,125.0,5.0,168,IDDQ,ELECTRICAL,uA,1.4287,1104.6533,1104.7182,1104.7541,1103.2246,24.431,2.0971,12.533,0.0219,0.0004,33.72,33.73,1.4287,1104.6533,1104.7182,1104.7541,1103.2246,50.0,False,NOMINAL,HEALTHY,-4.01,35.61
DIG_LOT07_COMP0367,LOT_07,DIGITAL_IC,CQFP-64,DIG-SIH-2026,THERMAL_BURN_IN,T07_0367,PROC-ISRO-IISU-01,ATE-STATION-01,CHAMBER-01,1.0,125.0,5.0,168,IDDQ,ELECTRICAL,uA,1.3773,1077.5747,1077.6415,1077.6977,1076.1974,22.611,2.124,12.0,0.0203,0.0581,35.63,35.75,1.3773,1077.5747,1077.6415,1077.6977,1076.1974,50.0,False,NOMINAL,HEALTHY,-45.52,-29.37
DIG_LOT07_COMP0368,LOT_07,DIGITAL_IC,CQFP-64,DIG-SIH-2026,THERMAL_BURN_IN,T07_0368,PROC-ISRO-IISU-01,ATE-STATION-01,CHAMBER-01,1.0,125.0,5.0,168,IDDQ,ELECTRICAL,uA,1.5573,1211.6774,1211.7848,1211.8437,1210.1201,24.258,1.8077,13.609,0.0128,0.0835,34.43,34.08,1.5573,1211.6774,1211.7848,1211.8437,1210.1201,50.0,False,NOMINAL,HEALTHY,-41.73,1.39
DIG_LOT07_COMP0369,LOT_07,DIGITAL_IC,CQFP-64,DIG-SIH-2026,THERMAL_BURN_IN,T07_0369,PROC-ISRO-IISU-01,ATE-STATION-01,CHAMBER-01,1.0,125.0,5.0,168,IDDQ,ELECTRICAL,uA,1.3067,1012.8757,1012.9848,1013.0287,1011.569,25.425,1.7675,11.167,0.0391,-0.0333,34.96,34.66,1.3067,1012.8757,1012.9848,1013.0287,1011.569,50.0,False,NOMINAL,HEALTHY,31.71,49.58
DIG_LOT07_COMP0370,LOT_07,DIGITAL_IC,CQFP-64,DIG-SIH-2026,THERMAL_BURN_IN,T07_0370,PROC-ISRO-IISU-01,ATE-STATION-01,CHAMBER-01,1.0,125.0,5.0,168,IDDQ,ELECTRICAL,uA,1.3289,1030.3458,1030.4114,1030.4807,1029.0169,26.897,2.166,12.876,0.0152,0.057,35.82,36.1,1.3289,1030.3458,1030.4114,1030.4807,1029.0169,50.0,False,NOMINAL,HEALTHY,-28.9,2.93
DIG_LOT07_COMP0371,LOT_07,DIGITAL_IC,CQFP-64,DIG-SIH-2026,THERMAL_BURN_IN,T07_0371,PROC-ISRO-IISU-01,ATE-STATION-01,CHAMBER-01,1.0,125.0,5.0,168,IDDQ,ELECTRICAL,uA,1.3798,1068.5506,1068.6149,1068.6593,1067.1708,25.803,1.5846,12.379,0.0032,0.0357,36.65,36.17,1.3798,1068.5506,1068.6149,1068.6593,1067.1708,50.0,False,NOMINAL,HEALTHY,-12.31,24.0
DIG_LOT07_COMP0372,LOT_07,DIGITAL_IC,CQFP-64,DIG-SIH-2026,THERMAL_BURN_IN,T07_0372,PROC-ISRO-IISU-01,ATE-STATION-01,CHAMBER-01,1.0,125.0,5.0,168,IDDQ,ELECTRICAL,uA,1.3107,1000.3699,1000.4582,1000.5477,999.0592,23.941,1.6349,12.672,-0.0307,-0.0592,34.33,33.29,1.3107,1000.3699,1000.4582,1000.5477,999.0592,50.0,False,NOMINAL,HEALTHY,9.04,43.52
DIG_LOT07_COMP0373,LOT_07,DIGITAL_IC,CQFP-64,DIG-SIH-2026,THERMAL_BURN_IN,T07_0373,PROC-ISRO-IISU-01,ATE-STATION-01,CHAMBER-01,1.0,125.0,5.0,168,IDDQ,ELECTRICAL,uA,1.4473,1117.3032,1117.3803,1117.482,1115.8559,25.409,2.1562,12.067,0.0054,0.0309,34.33,34.08,1.4473,1117.3032,1117.3803,1117.482,1115.8559,50.0,False,NOMINAL,HEALTHY,21.4,-14.98
DIG_LOT07_COMP0374,LOT_07,DIGITAL_IC,CQFP-64,DIG-SIH-2026,THERMAL_BURN_IN,T07_0374,PROC-ISRO-IISU-01,ATE-STATION-01,CHAMBER-01,1.0,125.0,5.0,168,IDDQ,ELECTRICAL,uA,1.1769,929.6823,929.751,929.8168,928.5054,24.928,1.7107,11.64,-0.0098,0.0232,34.05,34.12,1.1769,929.6823,929.751,929.8168,928.5054,50.0,False,NOMINAL,HEALTHY,-28.71,36.64
DIG_LOT07_COMP0375,LOT_07,DIGITAL_IC,CQFP-64,DIG-SIH-2026,THERMAL_BURN_IN,T07_0375,PROC-ISRO-IISU-01,ATE-STATION-01,CHAMBER-01,1.0,125.0,5.0,168,IDDQ,ELECTRICAL,uA,1.3496,1040.2683,1040.2956,1040.3811,1038.9187,23.941,2.0182,12.701,-0.0069,0.0823,34.54,34.3,1.3496,1040.2683,1040.2956,1040.3811,1038.9187,50.0,False,NOMINAL,HEALTHY,-0.77,-41.2
DIG_LOT07_COMP0376,LOT_07,DIGITAL_IC,CQFP-64,DIG-SIH-2026,THERMAL_BURN_IN,T07_0376,PROC-ISRO-IISU-01,ATE-STATION-01,CHAMBER-01,1.0,125.0,5.0,168,IDDQ,ELECTRICAL,uA,1.6194,1254.959,1255.0345,1255.1295,1253.3396,25.355,2.0776,11.762,0.0004,-0.0014,36.53,37.1,1.6194,1254.959,1255.0345,1255.1295,1253.3396,50.0,False,NOMINAL,HEALTHY,-47.26,23.66
DIG_LOT07_COMP0377,LOT_07,DIGITAL_IC,CQFP-64,DIG-SIH-2026,THERMAL_BURN_IN,T07_0377,PROC-ISRO-IISU-01,ATE-STATION-01,CHAMBER-01,1.0,125.0,5.0,168,IDDQ,ELECTRICAL,uA,1.272,983.9724,984.074,984.1181,982.7004,27.141,1.9837,11.967,-0.0068,0.0501,35.04,35.82,1.272,983.9724,984.074,984.1181,982.7004,50.0,False,NOMINAL,HEALTHY,-6.17,-25.35
DIG_LOT07_COMP0378,LOT_07,DIGITAL_IC,CQFP-64,DIG-SIH-2026,THERMAL_BURN_IN,T07_0378,PROC-ISRO-IISU-01,ATE-STATION-01,CHAMBER-01,1.0,125.0,5.0,168,IDDQ,ELECTRICAL,uA,1.0612,822.2012,822.2341,822.2915,821.14,23.441,2.1966,13.16,0.0046,0.0765,34.4,35.89,1.0612,822.2012,822.2341,822.2915,821.14,50.0,False,NOMINAL,HEALTHY,-37.71,34.06
DIG_LOT07_COMP0379,LOT_07,DIGITAL_IC,CQFP-64,DIG-SIH-2026,THERMAL_BURN_IN,T07_0379,PROC-ISRO-IISU-01,ATE-STATION-01,CHAMBER-01,1.0,125.0,5.0,168,IDDQ,ELECTRICAL,uA,1.5008,1160.3293,1160.4008,1160.4636,1158.8285,24.647,2.0231,12.298,0.0176,-0.0343,36.38,35.41,1.5008,1160.3293,1160.4008,1160.4636,1158.8285,50.0,False,NOMINAL,HEALTHY,-22.94,-10.07
DIG_LOT07_COMP0380,LOT_07,DIGITAL_IC,CQFP-64,DIG-SIH-2026,THERMAL_BURN_IN,T07_0380,PROC-ISRO-IISU-01,ATE-STATION-01,CHAMBER-01,1.0,125.0,5.0,168,IDDQ,ELECTRICAL,uA,1.3304,1013.423,1013.4447,1013.5022,1012.0926,27.299,2.1148,11.384,-0.0054,0.0158,34.66,35.19,1.3304,1013.423,1013.4447,1013.5022,1012.0926,50.0,False,NOMINAL,HEALTHY,25.06,-47.44
DIG_LOT07_COMP0381,LOT_07,DIGITAL_IC,CQFP-64,DIG-SIH-2026,THERMAL_BURN_IN,T07_0381,PROC-ISRO-IISU-01,ATE-STATION-01,CHAMBER-01,1.0,125.0,5.0,168,IDDQ,ELECTRICAL,uA,1.0703,844.0822,844.1416,844.1606,843.0119,26.476,2.363,11.267,0.0095,0.055,36.13,35.84,1.0703,844.0822,844.1416,844.1606,843.0119,50.0,False,NOMINAL,HEALTHY,-8.93,-39.53
DIG_LOT07_COMP0382,LOT_07,DIGITAL_IC,CQFP-64,DIG-SIH-2026,THERMAL_BURN_IN,T07_0382,PROC-ISRO-IISU-01,ATE-STATION-01,CHAMBER-01,1.0,125.0,5.0,168,IDDQ,ELECTRICAL,uA,1.4101,1076.7201,1076.8558,1076.84,1075.31,24.099,2.016,13.025,-0.0219,-0.0078,35.76,35.75,1.4101,1076.7201,1076.8558,1076.84,1075.31,50.0,False,NOMINAL,HEALTHY,6.96,-6.39
DIG_LOT07_COMP0383,LOT_07,DIGITAL_IC,CQFP-64,DIG-SIH-2026,THERMAL_BURN_IN,T07_0383,PROC-ISRO-IISU-01,ATE-STATION-01,CHAMBER-01,1.0,125.0,5.0,168,IDDQ,ELECTRICAL,uA,1.453,1101.1909,1101.2126,1101.247,1099.7379,24.411,2.4545,13.807,0.002,-0.0173,35.68,36.11,1.453,1101.1909,1101.2126,1101.247,1099.7379,50.0,False,NOMINAL,HEALTHY,45.37,39.31
DIG_LOT07_COMP0384,LOT_07,DIGITAL_IC,CQFP-64,DIG-SIH-2026,THERMAL_BURN_IN,T07_0384,PROC-ISRO-IISU-01,ATE-STATION-01,CHAMBER-01,1.0,125.0,5.0,168,IDDQ,ELECTRICAL,uA,1.3923,1049.4515,1049.594,1049.639,1048.0592,24.482,1.9474,12.921,-0.0014,0.0058,33.83,34.47,1.3923,1049.4515,1049.594,1049.639,1048.0592,50.0,False,NOMINAL,HEALTHY,45.1,-9.19
DIG_LOT07_COMP0385,LOT_07,DIGITAL_IC,CQFP-64,DIG-SIH-2026,THERMAL_BURN_IN,T07_0385,PROC-ISRO-IISU-01,ATE-STATION-01,CHAMBER-01,1.0,125.0,5.0,168,IDDQ,ELECTRICAL,uA,1.0304,774.9266,775.0189,774.9989,773.8962,22.888,2.4594,12.996,0.0293,0.0562,35.92,35.36,1.0304,774.9266,775.0189,774.9989,773.8962,50.0,False,NOMINAL,HEALTHY,34.71,-28.92
DIG_LOT07_COMP0386,LOT_07,DIGITAL_IC,CQFP-64,DIG-SIH-2026,THERMAL_BURN_IN,T07_0386,PROC-ISRO-IISU-01,ATE-STATION-01,CHAMBER-01,1.0,125.0,5.0,168,IDDQ,ELECTRICAL,uA,1.5439,1194.4016,1194.4859,1194.5468,1192.8577,21.182,2.2348,13.07,-0.0152,-0.0631,34.77,35.15,1.5439,1194.4016,1194.4859,1194.5468,1192.8577,50.0,False,NOMINAL,HEALTHY,19.61,11.57
DIG_LOT07_COMP0387,LOT_07,DIGITAL_IC,CQFP-64,DIG-SIH-2026,THERMAL_BURN_IN,T07_0387,PROC-ISRO-IISU-01,ATE-STATION-01,CHAMBER-01,1.0,125.0,5.0,168,IDDQ,ELECTRICAL,uA,1.5395,1170.0967,1170.1911,1170.2198,1168.5572,23.803,2.0232,13.396,-0.0019,-0.0175,36.93,37.21,1.5395,1170.0967,1170.1911,1170.2198,1168.5572,50.0,False,NOMINAL,HEALTHY,-20.3,48.99
DIG_LOT07_COMP0388,LOT_07,DIGITAL_IC,CQFP-64,DIG-SIH-2026,THERMAL_BURN_IN,T07_0388,PROC-ISRO-IISU-01,ATE-STATION-01,CHAMBER-01,1.0,125.0,5.0,168,IDDQ,ELECTRICAL,uA,1.3058,989.2088,989.2899,989.3904,987.903,23.258,1.4152,13.447,0.0369,0.0165,34.95,34.97,1.3058,989.2088,989.2899,989.3904,987.903,50.0,False,NOMINAL,HEALTHY,11.81,-18.03
DIG_LOT07_COMP0389,LOT_07,DIGITAL_IC,CQFP-64,DIG-SIH-2026,THERMAL_BURN_IN,T07_0389,PROC-ISRO-IISU-01,ATE-STATION-01,CHAMBER-01,1.0,125.0,5.0,168,IDDQ,ELECTRICAL,uA,1.3149,1017.2009,1017.2831,1017.303,1015.886,22.697,2.1895,11.704,-0.0079,-0.0061,35.18,35.6,1.3149,1017.2009,1017.2831,1017.303,1015.886,50.0,False,NOMINAL,HEALTHY,-34.67,-24.49
DIG_LOT07_COMP0390,LOT_07,DIGITAL_IC,CQFP-64,DIG-SIH-2026,THERMAL_BURN_IN,T07_0390,PROC-ISRO-IISU-01,ATE-STATION-01,CHAMBER-01,1.0,125.0,5.0,168,IDDQ,ELECTRICAL,uA,1.4543,1120.102,1120.1721,1120.1719,1118.6477,24.538,1.548,11.952,0.0075,-0.0346,36.76,36.68,1.4543,1120.102,1120.1721,1120.1719,1118.6477,50.0,False,NOMINAL,HEALTHY,-14.75,49.92
DIG_LOT07_COMP0391,LOT_07,DIGITAL_IC,CQFP-64,DIG-SIH-2026,THERMAL_BURN_IN,T07_0391,PROC-ISRO-IISU-01,ATE-STATION-01,CHAMBER-01,1.0,125.0,5.0,168,IDDQ,ELECTRICAL,uA,1.6502,1272.2054,1272.2993,1272.3708,1270.5552,27.599,2.3856,14.677,-0.0236,0.0503,34.24,34.2,1.6502,1272.2054,1272.2993,1272.3708,1270.5552,50.0,False,NOMINAL,HEALTHY,27.63,46.7
DIG_LOT07_COMP0392,LOT_07,DIGITAL_IC,CQFP-64,DIG-SIH-2026,THERMAL_BURN_IN,T07_0392,PROC-ISRO-IISU-01,ATE-STATION-01,CHAMBER-01,1.0,125.0,5.0,168,IDDQ,ELECTRICAL,uA,1.5249,1181.9646,1182.0289,1182.0769,1180.4397,26.945,2.3627,12.48,0.0015,-0.0937,36.72,37.47,1.5249,1181.9646,1182.0289,1182.0769,1180.4397,50.0,False,NOMINAL,HEALTHY,-15.68,-37.46
DIG_LOT07_COMP0393,LOT_07,DIGITAL_IC,CQFP-64,DIG-SIH-2026,THERMAL_BURN_IN,T07_0393,PROC-ISRO-IISU-01,ATE-STATION-01,CHAMBER-01,1.0,125.0,5.0,168,IDDQ,ELECTRICAL,uA,1.0629,819.468,819.5421,819.5625,818.4051,23.396,1.9962,12.307,-0.0137,-0.0053,32.05,32.03,1.0629,819.468,819.5421,819.5625,818.4051,50.0,False,NOMINAL,HEALTHY,46.94,14.8
DIG_LOT07_COMP0394,LOT_07,DIGITAL_IC,CQFP-64,DIG-SIH-2026,THERMAL_BURN_IN,T07_0394,PROC-ISRO-IISU-01,ATE-STATION-01,CHAMBER-01,1.0,125.0,5.0,168,IDDQ,ELECTRICAL,uA,1.3009,1017.0897,1017.1836,1017.2775,1015.7888,25.245,1.7184,12.775,-0.0283,0.0173,37.0,37.44,1.3009,1017.0897,1017.1836,1017.2775,1015.7888,50.0,False,NOMINAL,HEALTHY,-27.74,-17.12
DIG_LOT07_COMP0395,LOT_07,DIGITAL_IC,CQFP-64,DIG-SIH-2026,THERMAL_BURN_IN,T07_0395,PROC-ISRO-IISU-01,ATE-STATION-01,CHAMBER-01,1.0,125.0,5.0,168,IDDQ,ELECTRICAL,uA,1.3988,1085.6073,1085.6844,1085.7435,1084.2085,27.115,1.6158,13.157,-0.0133,-0.0237,36.22,36.22,1.3988,1085.6073,1085.6844,1085.7435,1084.2085,50.0,False,NOMINAL,HEALTHY,-32.31,30.3
DIG_LOT07_COMP0396,LOT_07,DIGITAL_IC,CQFP-64,DIG-SIH-2026,THERMAL_BURN_IN,T07_0396,PROC-ISRO-IISU-01,ATE-STATION-01,CHAMBER-01,1.0,125.0,5.0,168,IDDQ,ELECTRICAL,uA,1.3265,1026.5124,1026.6037,1026.6399,1025.1859,25.547,1.2715,11.829,0.0225,-0.0283,33.29,32.91,1.3265,1026.5124,1026.6037,1026.6399,1025.1859,50.0,False,NOMINAL,HEALTHY,-39.45,4.3
DIG_LOT07_COMP0397,LOT_07,DIGITAL_IC,CQFP-64,DIG-SIH-2026,THERMAL_BURN_IN,T07_0397,PROC-ISRO-IISU-01,ATE-STATION-01,CHAMBER-01,1.0,125.0,5.0,168,IDDQ,ELECTRICAL,uA,1.2323,941.2669,941.4019,941.4174,940.0346,22.191,1.5222,13.56,-0.0023,-0.0122,33.73,33.54,1.2323,941.2669,941.4019,941.4174,940.0346,50.0,False,NOMINAL,HEALTHY,20.01,16.92
DIG_LOT07_COMP0398,LOT_07,DIGITAL_IC,CQFP-64,DIG-SIH-2026,THERMAL_BURN_IN,T07_0398,PROC-ISRO-IISU-01,ATE-STATION-01,CHAMBER-01,1.0,125.0,5.0,168,IDDQ,ELECTRICAL,uA,1.2121,921.6457,921.738,921.7978,920.4336,25.259,2.1952,13.883,-0.0151,0.0299,35.83,35.99,1.2121,921.6457,921.738,921.7978,920.4336,50.0,False,NOMINAL,HEALTHY,-6.99,17.96
DIG_LOT07_COMP0399,LOT_07,DIGITAL_IC,CQFP-64,DIG-SIH-2026,THERMAL_BURN_IN,T07_0399,PROC-ISRO-IISU-01,ATE-STATION-01,CHAMBER-01,1.0,125.0,5.0,168,IDDQ,ELECTRICAL,uA,1.4058,1094.0308,1094.1364,1094.0987,1092.625,24.947,2.466,12.016,0.0176,-0.0332,35.91,36.43,1.4058,1094.0308,1094.1364,1094.0987,1092.625,50.0,False,NOMINAL,HEALTHY,-22.37,-31.91
DIG_LOT07_COMP0400,LOT_07,DIGITAL_IC,CQFP-64,DIG-SIH-2026,THERMAL_BURN_IN,T07_0400,PROC-ISRO-IISU-01,ATE-STATION-01,CHAMBER-01,1.0,125.0,5.0,168,IDDQ,ELECTRICAL,uA,1.1274,867.886,867.969,867.9531,866.7586,27.355,1.8252,13.967,0.008,-0.0316,35.83,35.72,1.1274,867.886,867.969,867.9531,866.7586,50.0,False,NOMINAL,HEALTHY,-33.5,39.02
DIG_LOT07_COMP0401,LOT_07,DIGITAL_IC,CQFP-64,DIG-SIH-2026,THERMAL_BURN_IN,T07_0401,PROC-ISRO-IISU-01,ATE-STATION-01,CHAMBER-01,1.0,125.0,5.0,168,IDDQ,ELECTRICAL,uA,1.1938,927.4537,927.5135,927.5844,926.2599,24.409,1.9979,11.214,-0.012,-0.0295,35.55,35.13,1.1938,927.4537,927.5135,927.5844,926.2599,50.0,False,NOMINAL,HEALTHY,41.54,46.51
DIG_LOT07_COMP0402,LOT_07,DIGITAL_IC,CQFP-64,DIG-SIH-2026,THERMAL_BURN_IN,T07_0402,PROC-ISRO-IISU-01,ATE-STATION-01,CHAMBER-01,1.0,125.0,5.0,168,IDDQ,ELECTRICAL,uA,5.493,4222.4768,4222.718,4222.9188,4216.9838,24.894,1.9073,13.323,-0.0036,-0.019,35.44,35.41,5.493,4222.4768,4222.718,4222.9188,4216.9838,50.0,True,SPATIAL_OUTLIER,HEALTHY,34.22,25.63
DIG_LOT07_COMP0403,LOT_07,DIGITAL_IC,CQFP-64,DIG-SIH-2026,THERMAL_BURN_IN,T07_0403,PROC-ISRO-IISU-01,ATE-STATION-01,CHAMBER-01,1.0,125.0,5.0,168,IDDQ,ELECTRICAL,uA,1.1247,864.0908,864.1288,864.1416,862.9661,28.525,2.4659,12.767,-0.0065,0.0822,37.54,37.52,1.1247,864.0908,864.1288,864.1416,862.9661,50.0,False,NOMINAL,HEALTHY,36.57,0.41
DIG_LOT07_COMP0404,LOT_07,DIGITAL_IC,CQFP-64,DIG-SIH-2026,THERMAL_BURN_IN,T07_0404,PROC-ISRO-IISU-01,ATE-STATION-01,CHAMBER-01,1.0,125.0,5.0,168,IDDQ,ELECTRICAL,uA,1.3781,1072.9669,1073.0403,1073.1354,1071.5888,23.587,1.5049,13.133,-0.0004,-0.0765,33.61,32.96,1.3781,1072.9669,1073.0403,1073.1354,1071.5888,50.0,False,NOMINAL,HEALTHY,-32.07,33.25
DIG_LOT07_COMP0405,LOT_07,DIGITAL_IC,CQFP-64,DIG-SIH-2026,THERMAL_BURN_IN,T07_0405,PROC-ISRO-IISU-01,ATE-STATION-01,CHAMBER-01,1.0,125.0,5.0,168,IDDQ,ELECTRICAL,uA,1.261,965.8097,965.8909,965.8916,964.5487,24.46,2.0044,13.399,0.014,-0.0212,34.25,33.92,1.261,965.8097,965.8909,965.8916,964.5487,50.0,False,NOMINAL,HEALTHY,-2.52,47.19
DIG_LOT07_COMP0406,LOT_07,DIGITAL_IC,CQFP-64,DIG-SIH-2026,THERMAL_BURN_IN,T07_0406,PROC-ISRO-IISU-01,ATE-STATION-01,CHAMBER-01,1.0,125.0,5.0,168,IDDQ,ELECTRICAL,uA,1.3742,1054.1478,1054.2042,1054.261,1052.7736,23.318,2.1489,12.057,0.0104,-0.0317,35.53,36.53,1.3742,1054.1478,1054.2042,1054.261,1052.7736,50.0,False,NOMINAL,HEALTHY,48.98,-7.7
DIG_LOT07_COMP0407,LOT_07,DIGITAL_IC,CQFP-64,DIG-SIH-2026,THERMAL_BURN_IN,T07_0407,PROC-ISRO-IISU-01,ATE-STATION-01,CHAMBER-01,1.0,125.0,5.0,168,IDDQ,ELECTRICAL,uA,1.1879,909.8275,909.8285,909.9497,908.6396,24.896,1.905,13.431,0.0159,0.0536,36.06,36.14,1.1879,909.8275,909.8285,909.9497,908.6396,50.0,False,NOMINAL,HEALTHY,-43.32,45.82
DIG_LOT07_COMP0408,LOT_07,DIGITAL_IC,CQFP-64,DIG-SIH-2026,THERMAL_BURN_IN,T07_0408,PROC-ISRO-IISU-01,ATE-STATION-01,CHAMBER-01,1.0,125.0,5.0,168,IDDQ,ELECTRICAL,uA,1.1081,870.7721,870.8695,870.8634,869.664,23.933,2.604,12.374,0.011,0.0174,34.6,34.35,1.1081,870.7721,870.8695,870.8634,869.664,50.0,False,NOMINAL,HEALTHY,1.22,45.76
DIG_LOT07_COMP0409,LOT_07,DIGITAL_IC,CQFP-64,DIG-SIH-2026,THERMAL_BURN_IN,T07_0409,PROC-ISRO-IISU-01,ATE-STATION-01,CHAMBER-01,1.0,125.0,5.0,168,IDDQ,ELECTRICAL,uA,1.0421,810.7383,810.8048,810.837,809.6962,25.528,2.038,12.974,0.0115,0.001,35.4,35.44,1.0421,810.7383,810.8048,810.837,809.6962,50.0,False,NOMINAL,HEALTHY,20.51,6.38
DIG_LOT07_COMP0410,LOT_07,DIGITAL_IC,CQFP-64,DIG-SIH-2026,THERMAL_BURN_IN,T07_0410,PROC-ISRO-IISU-01,ATE-STATION-01,CHAMBER-01,1.0,125.0,5.0,168,IDDQ,ELECTRICAL,uA,1.3532,1035.2338,1035.3186,1035.3675,1033.8806,22.793,1.9906,12.91,0.0269,0.0278,35.17,35.71,1.3532,1035.2338,1035.3186,1035.3675,1033.8806,50.0,False,NOMINAL,HEALTHY,6.76,28.98
DIG_LOT07_COMP0411,LOT_07,DIGITAL_IC,CQFP-64,DIG-SIH-2026,THERMAL_BURN_IN,T07_0411,PROC-ISRO-IISU-01,ATE-STATION-01,CHAMBER-01,1.0,125.0,5.0,168,IDDQ,ELECTRICAL,uA,1.23,973.7205,973.7606,973.8711,972.4905,24.13,2.0718,12.224,0.0165,0.0125,34.24,34.75,1.23,973.7205,973.7606,973.8711,972.4905,50.0,False,NOMINAL,HEALTHY,33.24,-6.94
DIG_LOT07_COMP0412,LOT_07,DIGITAL_IC,CQFP-64,DIG-SIH-2026,THERMAL_BURN_IN,T07_0412,PROC-ISRO-IISU-01,ATE-STATION-01,CHAMBER-01,1.0,125.0,5.0,168,IDDQ,ELECTRICAL,uA,1.4116,1090.9699,1091.0435,1091.1378,1089.5583,24.828,2.1076,12.998,-0.0395,-0.038,35.13,35.51,1.4116,1090.9699,1091.0435,1091.1378,1089.5583,50.0,True,DIELECTRIC_OSCILLATION,HEALTHY,-32.23,23.62
DIG_LOT07_COMP0413,LOT_07,DIGITAL_IC,CQFP-64,DIG-SIH-2026,THERMAL_BURN_IN,T07_0413,PROC-ISRO-IISU-01,ATE-STATION-01,CHAMBER-01,1.0,125.0,5.0,168,IDDQ,ELECTRICAL,uA,1.4787,1118.8091,1118.9177,1118.9491,1117.3304,25.394,2.3538,13.503,0.0246,0.0647,34.01,34.33,1.4787,1118.8091,1118.9177,1118.9491,1117.3304,50.0,False,NOMINAL,HEALTHY,15.55,38.14
DIG_LOT07_COMP0414,LOT_07,DIGITAL_IC,CQFP-64,DIG-SIH-2026,THERMAL_BURN_IN,T07_0414,PROC-ISRO-IISU-01,ATE-STATION-01,CHAMBER-01,1.0,125.0,5.0,168,IDDQ,ELECTRICAL,uA,1.2146,935.9317,936.0062,936.0128,934.7171,24.751,1.6564,11.874,-0.0278,-0.0305,34.91,34.81,1.2146,935.9317,936.0062,936.0128,934.7171,50.0,False,NOMINAL,HEALTHY,-34.94,3.36
DIG_LOT07_COMP0415,LOT_07,DIGITAL_IC,CQFP-64,DIG-SIH-2026,THERMAL_BURN_IN,T07_0415,PROC-ISRO-IISU-01,ATE-STATION-01,CHAMBER-01,1.0,125.0,5.0,168,IDDQ,ELECTRICAL,uA,1.2964,1007.3933,1007.4716,1007.5218,1006.0969,25.38,2.3009,13.493,0.0079,-0.0456,34.42,34.42,1.2964,1007.3933,1007.4716,1007.5218,1006.0969,50.0,False,NOMINAL,HEALTHY,-21.37,-24.71
DIG_LOT07_COMP0416,LOT_07,DIGITAL_IC,CQFP-64,DIG-SIH-2026,THERMAL_BURN_IN,T07_0416,PROC-ISRO-IISU-01,ATE-STATION-01,CHAMBER-01,1.0,125.0,5.0,168,IDDQ,ELECTRICAL,uA,1.1795,889.7476,889.811,889.8535,888.5681,24.772,2.496,13.953,-0.0078,0.0017,35.62,35.65,1.1795,889.7476,889.811,889.8535,888.5681,50.0,False,NOMINAL,HEALTHY,-47.37,46.15
DIG_LOT07_COMP0417,LOT_07,DIGITAL_IC,CQFP-64,DIG-SIH-2026,THERMAL_BURN_IN,T07_0417,PROC-ISRO-IISU-01,ATE-STATION-01,CHAMBER-01,1.0,125.0,5.0,168,IDDQ,ELECTRICAL,uA,1.2925,1000.6599,1000.7281,1000.7426,999.3674,27.019,2.2614,11.772,0.0252,0.0287,34.56,34.46,1.2925,1000.6599,1000.7281,1000.7426,999.3674,50.0,False,NOMINAL,HEALTHY,-11.42,-32.87
DIG_LOT07_COMP0418,LOT_07,DIGITAL_IC,CQFP-64,DIG-SIH-2026,THERMAL_BURN_IN,T07_0418,PROC-ISRO-IISU-01,ATE-STATION-01,CHAMBER-01,1.0,125.0,5.0,168,IDDQ,ELECTRICAL,uA,1.2618,974.6076,974.6827,974.7419,973.3458,25.923,1.4397,12.01,0.0247,0.1018,36.72,36.26,1.2618,974.6076,974.6827,974.7419,973.3458,50.0,False,NOMINAL,HEALTHY,24.95,30.7
DIG_LOT07_COMP0419,LOT_07,DIGITAL_IC,CQFP-64,DIG-SIH-2026,THERMAL_BURN_IN,T07_0419,PROC-ISRO-IISU-01,ATE-STATION-01,CHAMBER-01,1.0,125.0,5.0,168,IDDQ,ELECTRICAL,uA,1.145,896.1541,896.242,896.2571,895.0091,25.5,1.505,11.65,0.012,-0.0451,34.42,34.25,1.145,896.1541,896.242,896.2571,895.0091,50.0,False,NOMINAL,HEALTHY,17.09,13.35
DIG_LOT07_COMP0420,LOT_07,DIGITAL_IC,CQFP-64,DIG-SIH-2026,THERMAL_BURN_IN,T07_0420,PROC-ISRO-IISU-01,ATE-STATION-01,CHAMBER-01,1.0,125.0,5.0,168,IDDQ,ELECTRICAL,uA,0.9598,733.5108,733.5784,733.6236,732.551,25.238,2.3828,12.823,0.0069,-0.0823,35.07,35.77,0.9598,733.5108,733.5784,733.6236,732.551,50.0,False,NOMINAL,HEALTHY,-18.72,-2.77
DIG_LOT07_COMP0421,LOT_07,DIGITAL_IC,CQFP-64,DIG-SIH-2026,THERMAL_BURN_IN,T07_0421,PROC-ISRO-IISU-01,ATE-STATION-01,CHAMBER-01,1.0,125.0,5.0,168,IDDQ,ELECTRICAL,uA,1.3415,1022.7481,1022.8246,1022.8846,1021.4066,28.793,2.0812,11.716,0.0307,-0.0551,36.19,35.9,1.3415,1022.7481,1022.8246,1022.8846,1021.4066,50.0,False,NOMINAL,HEALTHY,-49.25,-27.03
DIG_LOT07_COMP0422,LOT_07,DIGITAL_IC,CQFP-64,DIG-SIH-2026,THERMAL_BURN_IN,T07_0422,PROC-ISRO-IISU-01,ATE-STATION-01,CHAMBER-01,1.0,125.0,5.0,168,IDDQ,ELECTRICAL,uA,1.2528,975.9013,975.9376,976.0006,974.6485,22.996,1.648,12.209,-0.0095,-0.0155,36.6,37.05,1.2528,975.9013,975.9376,976.0006,974.6485,50.0,False,NOMINAL,HEALTHY,-28.41,4.11
DIG_LOT07_COMP0423,LOT_07,DIGITAL_IC,CQFP-64,DIG-SIH-2026,THERMAL_BURN_IN,T07_0423,PROC-ISRO-IISU-01,ATE-STATION-01,CHAMBER-01,1.0,125.0,5.0,168,IDDQ,ELECTRICAL,uA,1.301,995.1964,995.2548,995.2977,993.8954,25.101,2.2456,12.775,-0.0297,-0.0487,36.04,36.66,1.301,995.1964,995.2548,995.2977,993.8954,50.0,False,NOMINAL,HEALTHY,-35.47,-25.85
DIG_LOT07_COMP0424,LOT_07,DIGITAL_IC,CQFP-64,DIG-SIH-2026,THERMAL_BURN_IN,T07_0424,PROC-ISRO-IISU-01,ATE-STATION-01,CHAMBER-01,1.0,125.0,5.0,168,IDDQ,ELECTRICAL,uA,1.1869,914.2934,914.3749,914.3512,913.1065,23.128,1.6854,12.983,-0.0078,-0.0187,33.48,32.71,1.1869,914.2934,914.3749,914.3512,913.1065,50.0,False,NOMINAL,HEALTHY,-40.19,29.57
DIG_LOT07_COMP0425,LOT_07,DIGITAL_IC,CQFP-64,DIG-SIH-2026,THERMAL_BURN_IN,T07_0425,PROC-ISRO-IISU-01,ATE-STATION-01,CHAMBER-01,1.0,125.0,5.0,168,IDDQ,ELECTRICAL,uA,1.3901,1078.8823,1078.97,1078.9995,1077.4922,25.029,1.6033,11.682,0.032,-0.0853,36.01,36.38,1.3901,1078.8823,1078.97,1078.9995,1077.4922,50.0,False,NOMINAL,HEALTHY,-7.36,-21.82
DIG_LOT07_COMP0426,LOT_07,DIGITAL_IC,CQFP-64,DIG-SIH-2026,THERMAL_BURN_IN,T07_0426,PROC-ISRO-IISU-01,ATE-STATION-01,CHAMBER-01,1.0,125.0,5.0,168,IDDQ,ELECTRICAL,uA,1.1228,855.2497,855.3152,855.3749,854.1269,24.904,1.6636,12.739,0.0164,0.0281,34.68,34.74,1.1228,855.2497,855.3152,855.3749,854.1269,50.0,False,NOMINAL,HEALTHY,-38.72,-40.13
DIG_LOT07_COMP0427,LOT_07,DIGITAL_IC,CQFP-64,DIG-SIH-2026,THERMAL_BURN_IN,T07_0427,PROC-ISRO-IISU-01,ATE-STATION-01,CHAMBER-01,1.0,125.0,5.0,168,IDDQ,ELECTRICAL,uA,1.3906,1059.5193,1059.5951,1059.6526,1058.1287,28.783,1.9539,13.17,-0.0119,-0.024,35.59,36.28,1.3906,1059.5193,1059.5951,1059.6526,1058.1287,50.0,False,NOMINAL,HEALTHY,17.48,25.22
DIG_LOT07_COMP0428,LOT_07,DIGITAL_IC,CQFP-64,DIG-SIH-2026,THERMAL_BURN_IN,T07_0428,PROC-ISRO-IISU-01,ATE-STATION-01,CHAMBER-01,1.0,125.0,5.0,168,IDDQ,ELECTRICAL,uA,1.1912,913.1063,913.2085,913.187,911.9151,25.491,2.4886,10.598,0.0468,0.0506,34.48,35.03,1.1912,913.1063,913.2085,913.187,911.9151,50.0,False,NOMINAL,HEALTHY,43.4,7.29
DIG_LOT07_COMP0429,LOT_07,DIGITAL_IC,CQFP-64,DIG-SIH-2026,THERMAL_BURN_IN,T07_0429,PROC-ISRO-IISU-01,ATE-STATION-01,CHAMBER-01,1.0,125.0,5.0,168,IDDQ,ELECTRICAL,uA,1.4626,1113.3856,1113.5096,1113.4959,1111.923,25.757,2.1389,12.428,-0.043,-0.0318,34.93,34.96,1.4626,1113.3856,1113.5096,1113.4959,1111.923,50.0,False,NOMINAL,HEALTHY,28.78,34.58
DIG_LOT07_COMP0430,LOT_07,DIGITAL_IC,CQFP-64,DIG-SIH-2026,THERMAL_BURN_IN,T07_0430,PROC-ISRO-IISU-01,ATE-STATION-01,CHAMBER-01,1.0,125.0,5.0,168,IDDQ,ELECTRICAL,uA,1.4174,1086.134,1086.1977,1086.2364,1084.7166,27.509,2.4297,11.752,-0.038,-0.0073,33.18,33.17,1.4174,1086.134,1086.1977,1086.2364,1084.7166,50.0,False,NOMINAL,HEALTHY,-22.03,-31.18
DIG_LOT07_COMP0431,LOT_07,DIGITAL_IC,CQFP-64,DIG-SIH-2026,THERMAL_BURN_IN,T07_0431,PROC-ISRO-IISU-01,ATE-STATION-01,CHAMBER-01,1.0,125.0,5.0,168,IDDQ,ELECTRICAL,uA,1.1226,882.212,883.5095,888.7008,881.0894,23.968,1.6538,11.168,-0.0134,0.036,33.3,32.98,1.1226,882.212,883.5095,888.7008,881.0894,50.0,True,ELECTROMIGRATION,HEALTHY,-28.78,-45.97
DIG_LOT07_COMP0432,LOT_07,DIGITAL_IC,CQFP-64,DIG-SIH-2026,THERMAL_BURN_IN,T07_0432,PROC-ISRO-IISU-01,ATE-STATION-01,CHAMBER-01,1.0,125.0,5.0,168,IDDQ,ELECTRICAL,uA,1.3954,1092.685,1092.7894,1092.8244,1091.2896,24.351,2.5874,12.628,0.0077,-0.0422,36.2,36.12,1.3954,1092.685,1092.7894,1092.8244,1091.2896,50.0,False,NOMINAL,HEALTHY,-35.48,-3.56
DIG_LOT07_COMP0433,LOT_07,DIGITAL_IC,CQFP-64,DIG-SIH-2026,THERMAL_BURN_IN,T07_0433,PROC-ISRO-IISU-01,ATE-STATION-01,CHAMBER-01,1.0,125.0,5.0,168,IDDQ,ELECTRICAL,uA,1.5173,1178.6377,1178.7048,1178.7688,1177.1204,23.555,2.0466,12.904,-0.0278,0.0232,33.59,33.73,1.5173,1178.6377,1178.7048,1178.7688,1177.1204,50.0,False,NOMINAL,HEALTHY,-35.85,2.18
DIG_LOT07_COMP0434,LOT_07,DIGITAL_IC,CQFP-64,DIG-SIH-2026,THERMAL_BURN_IN,T07_0434,PROC-ISRO-IISU-01,ATE-STATION-01,CHAMBER-01,1.0,125.0,5.0,168,IDDQ,ELECTRICAL,uA,1.1805,937.1938,937.2823,937.3038,936.0133,24.15,2.0674,13.19,-0.0131,-0.0286,33.46,33.02,1.1805,937.1938,937.2823,937.3038,936.0133,50.0,False,NOMINAL,HEALTHY,23.63,37.83
DIG_LOT07_COMP0435,LOT_07,DIGITAL_IC,CQFP-64,DIG-SIH-2026,THERMAL_BURN_IN,T07_0435,PROC-ISRO-IISU-01,ATE-STATION-01,CHAMBER-01,1.0,125.0,5.0,168,IDDQ,ELECTRICAL,uA,1.1323,883.1666,883.2843,883.2379,882.0343,25.357,2.5387,12.899,0.0098,0.0608,34.95,34.84,1.1323,883.1666,883.2843,883.2379,882.0343,50.0,False,NOMINAL,HEALTHY,-9.9,-40.69
DIG_LOT07_COMP0436,LOT_07,DIGITAL_IC,CQFP-64,DIG-SIH-2026,THERMAL_BURN_IN,T07_0436,PROC-ISRO-IISU-01,ATE-STATION-01,CHAMBER-01,1.0,125.0,5.0,168,IDDQ,ELECTRICAL,uA,1.2356,958.9746,959.0928,959.1491,957.739,26.38,2.3594,13.125,0.004,0.0726,34.77,34.34,1.2356,958.9746,959.0928,959.1491,957.739,50.0,False,NOMINAL,HEALTHY,-21.17,-45.82
DIG_LOT07_COMP0437,LOT_07,DIGITAL_IC,CQFP-64,DIG-SIH-2026,THERMAL_BURN_IN,T07_0437,PROC-ISRO-IISU-01,ATE-STATION-01,CHAMBER-01,1.0,125.0,5.0,168,IDDQ,ELECTRICAL,uA,1.4397,1125.9263,1126.0282,1126.0748,1124.4866,25.318,1.3692,13.354,0.0335,0.1158,35.34,36.15,1.4397,1125.9263,1126.0282,1126.0748,1124.4866,50.0,False,NOMINAL,HEALTHY,16.07,6.66
DIG_LOT07_COMP0438,LOT_07,DIGITAL_IC,CQFP-64,DIG-SIH-2026,THERMAL_BURN_IN,T07_0438,PROC-ISRO-IISU-01,ATE-STATION-01,CHAMBER-01,1.0,125.0,5.0,168,IDDQ,ELECTRICAL,uA,1.4226,1086.4102,1086.5502,1086.6502,1084.9876,25.05,1.4248,12.888,-0.0056,-0.0419,36.1,36.34,1.4226,1086.4102,1086.5502,1086.6502,1084.9876,50.0,False,NOMINAL,HEALTHY,23.62,18.48
DIG_LOT07_COMP0439,LOT_07,DIGITAL_IC,CQFP-64,DIG-SIH-2026,THERMAL_BURN_IN,T07_0439,PROC-ISRO-IISU-01,ATE-STATION-01,CHAMBER-01,1.0,125.0,5.0,168,IDDQ,ELECTRICAL,uA,1.1812,910.2041,910.2948,910.3812,909.0229,25.794,2.4414,11.442,0.0138,0.021,34.91,34.86,1.1812,910.2041,910.2948,910.3812,909.0229,50.0,False,NOMINAL,HEALTHY,-4.03,39.79
DIG_LOT07_COMP0440,LOT_07,DIGITAL_IC,CQFP-64,DIG-SIH-2026,THERMAL_BURN_IN,T07_0440,PROC-ISRO-IISU-01,ATE-STATION-01,CHAMBER-01,1.0,125.0,5.0,168,IDDQ,ELECTRICAL,uA,1.5247,1165.9443,1166.0109,1166.0758,1164.4196,24.604,2.3542,11.631,-0.0044,0.0919,35.82,35.24,1.5247,1165.9443,1166.0109,1166.0758,1164.4196,50.0,False,NOMINAL,HEALTHY,16.36,-1.69
DIG_LOT07_COMP0441,LOT_07,DIGITAL_IC,CQFP-64,DIG-SIH-2026,THERMAL_BURN_IN,T07_0441,PROC-ISRO-IISU-01,ATE-STATION-01,CHAMBER-01,1.0,125.0,5.0,168,IDDQ,ELECTRICAL,uA,1.3422,1038.5331,1038.5987,1038.6267,1037.1909,25.013,1.7429,13.503,0.0185,0.0799,32.92,33.4,1.3422,1038.5331,1038.5987,1038.6267,1037.1909,50.0,False,NOMINAL,HEALTHY,-2.6,9.67
DIG_LOT07_COMP0442,LOT_07,DIGITAL_IC,CQFP-64,DIG-SIH-2026,THERMAL_BURN_IN,T07_0442,PROC-ISRO-IISU-01,ATE-STATION-01,CHAMBER-01,1.0,125.0,5.0,168,IDDQ,ELECTRICAL,uA,1.431,1108.924,1108.9785,1109.1043,1107.493,26.336,1.9055,11.868,-0.0132,-0.0341,37.03,37.76,1.431,1108.924,1108.9785,1109.1043,1107.493,50.0,False,NOMINAL,HEALTHY,-33.06,39.74
DIG_LOT07_COMP0443,LOT_07,DIGITAL_IC,CQFP-64,DIG-SIH-2026,THERMAL_BURN_IN,T07_0443,PROC-ISRO-IISU-01,ATE-STATION-01,CHAMBER-01,1.0,125.0,5.0,168,IDDQ,ELECTRICAL,uA,1.4111,1081.1509,1081.2329,1081.2789,1079.7398,26.295,1.5994,12.097,-0.0036,0.0165,35.95,35.96,1.4111,1081.1509,1081.2329,1081.2789,1079.7398,50.0,False,NOMINAL,HEALTHY,-44.44,-41.17
DIG_LOT07_COMP0444,LOT_07,DIGITAL_IC,CQFP-64,DIG-SIH-2026,THERMAL_BURN_IN,T07_0444,PROC-ISRO-IISU-01,ATE-STATION-01,CHAMBER-01,1.0,125.0,5.0,168,IDDQ,ELECTRICAL,uA,1.3769,1045.0107,1045.0629,1045.1202,1043.6338,24.365,1.8489,13.489,-0.0589,-0.0086,34.08,33.44,1.3769,1045.0107,1045.0629,1045.1202,1043.6338,50.0,False,NOMINAL,HEALTHY,-27.98,5.25
DIG_LOT07_COMP0445,LOT_07,DIGITAL_IC,CQFP-64,DIG-SIH-2026,THERMAL_BURN_IN,T07_0445,PROC-ISRO-IISU-01,ATE-STATION-01,CHAMBER-01,1.0,125.0,5.0,168,IDDQ,ELECTRICAL,uA,1.4404,1123.8082,1123.8491,1123.9352,1122.3678,24.931,2.4832,11.922,0.0192,-0.0642,33.12,32.72,1.4404,1123.8082,1123.8491,1123.9352,1122.3678,50.0,False,NOMINAL,HEALTHY,3.39,-49.82
DIG_LOT07_COMP0446,LOT_07,DIGITAL_IC,CQFP-64,DIG-SIH-2026,THERMAL_BURN_IN,T07_0446,PROC-ISRO-IISU-01,ATE-STATION-01,CHAMBER-01,1.0,125.0,5.0,168,IDDQ,ELECTRICAL,uA,1.3359,1046.9913,1047.0833,1047.1066,1045.6554,26.001,2.2349,12.322,0.0052,-0.0174,35.58,36.43,1.3359,1046.9913,1047.0833,1047.1066,1045.6554,50.0,False,NOMINAL,HEALTHY,10.07,17.33
DIG_LOT07_COMP0447,LOT_07,DIGITAL_IC,CQFP-64,DIG-SIH-2026,THERMAL_BURN_IN,T07_0447,PROC-ISRO-IISU-01,ATE-STATION-01,CHAMBER-01,1.0,125.0,5.0,168,IDDQ,ELECTRICAL,uA,1.2171,967.0028,967.0918,967.1264,965.7857,26.481,1.7136,12.934,-0.0217,0.0344,33.88,33.29,1.2171,967.0028,967.0918,967.1264,965.7857,50.0,False,NOMINAL,HEALTHY,-0.97,-47.87
DIG_LOT07_COMP0448,LOT_07,DIGITAL_IC,CQFP-64,DIG-SIH-2026,THERMAL_BURN_IN,T07_0448,PROC-ISRO-IISU-01,ATE-STATION-01,CHAMBER-01,1.0,125.0,5.0,168,IDDQ,ELECTRICAL,uA,1.1072,852.6945,852.753,852.828,851.5873,23.727,2.0412,12.78,-0.0111,0.019,34.64,33.6,1.1072,852.6945,852.753,852.828,851.5873,50.0,False,NOMINAL,HEALTHY,-27.72,1.4
DIG_LOT07_COMP0449,LOT_07,DIGITAL_IC,CQFP-64,DIG-SIH-2026,THERMAL_BURN_IN,T07_0449,PROC-ISRO-IISU-01,ATE-STATION-01,CHAMBER-01,1.0,125.0,5.0,168,IDDQ,ELECTRICAL,uA,1.4891,1130.2211,1130.2786,1130.3482,1128.732,27.255,1.8473,10.949,0.0202,0.0559,35.39,34.67,1.4891,1130.2211,1130.2786,1130.3482,1128.732,50.0,False,NOMINAL,HEALTHY,-47.72,-22.4
DIG_LOT07_COMP0450,LOT_07,DIGITAL_IC,CQFP-64,DIG-SIH-2026,THERMAL_BURN_IN,T07_0450,PROC-ISRO-IISU-01,ATE-STATION-01,CHAMBER-01,1.0,125.0,5.0,168,IDDQ,ELECTRICAL,uA,1.4341,1084.9079,1084.9601,1085.0572,1083.4738,26.333,1.7189,12.874,-0.0121,-0.0635,34.52,35.0,1.4341,1084.9079,1084.9601,1085.0572,1083.4738,50.0,False,NOMINAL,HEALTHY,-0.18,45.66
DIG_LOT07_COMP0451,LOT_07,DIGITAL_IC,CQFP-64,DIG-SIH-2026,THERMAL_BURN_IN,T07_0451,PROC-ISRO-IISU-01,ATE-STATION-01,CHAMBER-01,1.0,125.0,5.0,168,IDDQ,ELECTRICAL,uA,1.4918,1159.0998,1159.193,1159.2305,1157.608,24.766,2.4871,13.886,-0.0168,0.017,36.52,36.91,1.4918,1159.0998,1159.193,1159.2305,1157.608,50.0,False,NOMINAL,HEALTHY,-37.37,36.83
DIG_LOT07_COMP0452,LOT_07,DIGITAL_IC,CQFP-64,DIG-SIH-2026,THERMAL_BURN_IN,T07_0452,PROC-ISRO-IISU-01,ATE-STATION-01,CHAMBER-01,1.0,125.0,5.0,168,IDDQ,ELECTRICAL,uA,1.3018,1011.8521,1011.9151,1011.9661,1010.5503,25.751,2.5498,13.251,0.0029,0.1036,34.6,34.59,1.3018,1011.8521,1011.9151,1011.9661,1010.5503,50.0,False,NOMINAL,HEALTHY,-12.56,48.13
DIG_LOT07_COMP0453,LOT_07,DIGITAL_IC,CQFP-64,DIG-SIH-2026,THERMAL_BURN_IN,T07_0453,PROC-ISRO-IISU-01,ATE-STATION-01,CHAMBER-01,1.0,125.0,5.0,168,IDDQ,ELECTRICAL,uA,1.4563,1133.2665,1133.386,1133.3969,1131.8102,25.708,2.0451,11.686,0.0212,0.0009,33.51,33.98,1.4563,1133.2665,1133.386,1133.3969,1131.8102,50.0,False,NOMINAL,HEALTHY,-37.13,39.2
DIG_LOT07_COMP0454,LOT_07,DIGITAL_IC,CQFP-64,DIG-SIH-2026,THERMAL_BURN_IN,T07_0454,PROC-ISRO-IISU-01,ATE-STATION-01,CHAMBER-01,1.0,125.0,5.0,168,IDDQ,ELECTRICAL,uA,1.4453,1096.4995,1096.5871,1096.6254,1095.0542,22.693,1.6261,12.832,0.0057,0.0241,36.0,35.83,1.4453,1096.4995,1096.5871,1096.6254,1095.0542,50.0,False,NOMINAL,HEALTHY,45.26,45.86
DIG_LOT07_COMP0455,LOT_07,DIGITAL_IC,CQFP-64,DIG-SIH-2026,THERMAL_BURN_IN,T07_0455,PROC-ISRO-IISU-01,ATE-STATION-01,CHAMBER-01,1.0,125.0,5.0,168,IDDQ,ELECTRICAL,uA,1.5418,1194.3966,1194.5397,1194.5741,1192.8548,25.458,2.5175,12.592,0.0317,-0.0813,34.0,34.39,1.5418,1194.3966,1194.5397,1194.5741,1192.8548,50.0,False,NOMINAL,HEALTHY,-35.08,29.91
DIG_LOT07_COMP0456,LOT_07,DIGITAL_IC,CQFP-64,DIG-SIH-2026,THERMAL_BURN_IN,T07_0456,PROC-ISRO-IISU-01,ATE-STATION-01,CHAMBER-01,1.0,125.0,5.0,168,IDDQ,ELECTRICAL,uA,0.9421,736.8206,736.883,736.9427,735.8785,24.827,1.894,12.244,0.0115,0.0436,35.17,34.6,0.9421,736.8206,736.883,736.9427,735.8785,50.0,False,NOMINAL,HEALTHY,-24.32,-32.67
DIG_LOT07_COMP0457,LOT_07,DIGITAL_IC,CQFP-64,DIG-SIH-2026,THERMAL_BURN_IN,T07_0457,PROC-ISRO-IISU-01,ATE-STATION-01,CHAMBER-01,1.0,125.0,5.0,168,IDDQ,ELECTRICAL,uA,1.3602,1059.3871,1059.4859,1059.5166,1058.0269,23.058,2.2672,12.338,-0.0107,-0.024,35.0,34.95,1.3602,1059.3871,1059.4859,1059.5166,1058.0269,50.0,False,NOMINAL,HEALTHY,-43.42,-22.03
DIG_LOT07_COMP0458,LOT_07,DIGITAL_IC,CQFP-64,DIG-SIH-2026,THERMAL_BURN_IN,T07_0458,PROC-ISRO-IISU-01,ATE-STATION-01,CHAMBER-01,1.0,125.0,5.0,168,IDDQ,ELECTRICAL,uA,1.1664,890.2233,890.2806,890.2998,889.0569,26.19,1.7447,11.788,-0.0147,-0.1364,35.72,35.73,1.1664,890.2233,890.2806,890.2998,889.0569,50.0,False,NOMINAL,HEALTHY,-22.16,5.24
DIG_LOT07_COMP0459,LOT_07,DIGITAL_IC,CQFP-64,DIG-SIH-2026,THERMAL_BURN_IN,T07_0459,PROC-ISRO-IISU-01,ATE-STATION-01,CHAMBER-01,1.0,125.0,5.0,168,IDDQ,ELECTRICAL,uA,1.2428,928.5086,928.6287,928.6651,927.2658,23.767,1.5226,11.461,0.0359,0.1273,33.23,33.67,1.2428,928.5086,928.6287,928.6651,927.2658,50.0,False,NOMINAL,HEALTHY,-40.09,-4.61
DIG_LOT07_COMP0460,LOT_07,DIGITAL_IC,CQFP-64,DIG-SIH-2026,THERMAL_BURN_IN,T07_0460,PROC-ISRO-IISU-01,ATE-STATION-01,CHAMBER-01,1.0,125.0,5.0,168,IDDQ,ELECTRICAL,uA,1.3498,1037.7158,1037.7647,1037.8673,1036.366,25.319,2.3528,12.878,-0.0082,0.0164,34.4,35.4,1.3498,1037.7158,1037.7647,1037.8673,1036.366,50.0,False,NOMINAL,HEALTHY,14.7,-15.78
DIG_LOT07_COMP0461,LOT_07,DIGITAL_IC,CQFP-64,DIG-SIH-2026,THERMAL_BURN_IN,T07_0461,PROC-ISRO-IISU-01,ATE-STATION-01,CHAMBER-01,1.0,125.0,5.0,168,IDDQ,ELECTRICAL,uA,1.2905,970.8135,970.8669,970.9724,969.523,27.817,1.6782,12.335,-0.0009,0.0178,33.92,33.35,1.2905,970.8135,970.8669,970.9724,969.523,50.0,False,NOMINAL,HEALTHY,-10.94,-48.53
DIG_LOT07_COMP0462,LOT_07,DIGITAL_IC,CQFP-64,DIG-SIH-2026,THERMAL_BURN_IN,T07_0462,PROC-ISRO-IISU-01,ATE-STATION-01,CHAMBER-01,1.0,125.0,5.0,168,IDDQ,ELECTRICAL,uA,1.3885,1062.9751,1063.0653,1063.1155,1061.5866,21.108,2.4287,14.238,0.0134,-0.0064,35.0,35.84,1.3885,1062.9751,1063.0653,1063.1155,1061.5866,50.0,False,NOMINAL,HEALTHY,-48.97,49.38
DIG_LOT07_COMP0463,LOT_07,DIGITAL_IC,CQFP-64,DIG-SIH-2026,THERMAL_BURN_IN,T07_0463,PROC-ISRO-IISU-01,ATE-STATION-01,CHAMBER-01,1.0,125.0,5.0,168,IDDQ,ELECTRICAL,uA,1.3228,1028.2109,1028.2788,1028.3377,1026.8881,24.848,1.9155,13.142,0.0034,0.0715,34.78,34.85,1.3228,1028.2109,1028.2788,1028.3377,1026.8881,50.0,False,NOMINAL,HEALTHY,-0.6,5.24
DIG_LOT07_COMP0464,LOT_07,DIGITAL_IC,CQFP-64,DIG-SIH-2026,THERMAL_BURN_IN,T07_0464,PROC-ISRO-IISU-01,ATE-STATION-01,CHAMBER-01,1.0,125.0,5.0,168,IDDQ,ELECTRICAL,uA,1.2586,961.0779,961.1979,961.2175,959.8193,23.722,1.9501,12.743,-0.0037,-0.0209,34.46,33.89,1.2586,961.0779,961.1979,961.2175,959.8193,50.0,False,NOMINAL,HEALTHY,36.47,36.96
DIG_LOT07_COMP0465,LOT_07,DIGITAL_IC,CQFP-64,DIG-SIH-2026,THERMAL_BURN_IN,T07_0465,PROC-ISRO-IISU-01,ATE-STATION-01,CHAMBER-01,1.0,125.0,5.0,168,IDDQ,ELECTRICAL,uA,1.3621,1048.9618,1049.0019,1049.0931,1047.5997,26.046,1.8217,13.008,-0.004,0.02,36.72,36.64,1.3621,1048.9618,1049.0019,1049.0931,1047.5997,50.0,False,NOMINAL,HEALTHY,41.28,40.79
DIG_LOT07_COMP0466,LOT_07,DIGITAL_IC,CQFP-64,DIG-SIH-2026,THERMAL_BURN_IN,T07_0466,PROC-ISRO-IISU-01,ATE-STATION-01,CHAMBER-01,1.0,125.0,5.0,168,IDDQ,ELECTRICAL,uA,1.5989,1234.4262,1234.532,1234.6336,1232.8273,25.461,2.1997,13.014,-0.0083,-0.0742,36.01,35.99,1.5989,1234.4262,1234.532,1234.6336,1232.8273,50.0,False,NOMINAL,HEALTHY,-23.88,-31.53
DIG_LOT07_COMP0467,LOT_07,DIGITAL_IC,CQFP-64,DIG-SIH-2026,THERMAL_BURN_IN,T07_0467,PROC-ISRO-IISU-01,ATE-STATION-01,CHAMBER-01,1.0,125.0,5.0,168,IDDQ,ELECTRICAL,uA,1.4078,1074.6194,1074.7264,1074.8002,1073.2116,25.289,2.0952,10.831,0.0095,0.0363,34.98,34.93,1.4078,1074.6194,1074.7264,1074.8002,1073.2116,50.0,False,NOMINAL,HEALTHY,-6.15,-23.2
DIG_LOT07_COMP0468,LOT_07,DIGITAL_IC,CQFP-64,DIG-SIH-2026,THERMAL_BURN_IN,T07_0468,PROC-ISRO-IISU-01,ATE-STATION-01,CHAMBER-01,1.0,125.0,5.0,168,IDDQ,ELECTRICAL,uA,1.4204,1092.6984,1092.7758,1092.8691,1091.278,24.341,1.6736,11.62,-0.0314,-0.0719,36.26,36.37,1.4204,1092.6984,1092.7758,1092.8691,1091.278,50.0,False,NOMINAL,HEALTHY,-40.28,2.24
DIG_LOT07_COMP0469,LOT_07,DIGITAL_IC,CQFP-64,DIG-SIH-2026,THERMAL_BURN_IN,T07_0469,PROC-ISRO-IISU-01,ATE-STATION-01,CHAMBER-01,1.0,125.0,5.0,168,IDDQ,ELECTRICAL,uA,1.1798,903.4132,903.4774,903.5695,902.2334,26.819,1.6814,12.353,-0.0428,-0.0893,33.02,33.72,1.1798,903.4132,903.4774,903.5695,902.2334,50.0,False,NOMINAL,HEALTHY,-10.44,30.73
DIG_LOT07_COMP0470,LOT_07,DIGITAL_IC,CQFP-64,DIG-SIH-2026,THERMAL_BURN_IN,T07_0470,PROC-ISRO-IISU-01,ATE-STATION-01,CHAMBER-01,1.0,125.0,5.0,168,IDDQ,ELECTRICAL,uA,1.2284,935.0689,935.1861,935.1752,933.8405,25.062,2.1744,12.453,-0.0046,-0.0499,35.2,35.81,1.2284,935.0689,935.1861,935.1752,933.8405,50.0,False,NOMINAL,HEALTHY,-11.71,23.73
DIG_LOT07_COMP0471,LOT_07,DIGITAL_IC,CQFP-64,DIG-SIH-2026,THERMAL_BURN_IN,T07_0471,PROC-ISRO-IISU-01,ATE-STATION-01,CHAMBER-01,1.0,125.0,5.0,168,IDDQ,ELECTRICAL,uA,1.4623,1116.6849,1116.8246,1116.8312,1115.2226,25.352,1.8338,13.491,0.0217,-0.0093,34.9,35.17,1.4623,1116.6849,1116.8246,1116.8312,1115.2226,50.0,False,NOMINAL,HEALTHY,5.15,16.25
DIG_LOT07_COMP0472,LOT_07,DIGITAL_IC,CQFP-64,DIG-SIH-2026,THERMAL_BURN_IN,T07_0472,PROC-ISRO-IISU-01,ATE-STATION-01,CHAMBER-01,1.0,125.0,5.0,168,IDDQ,ELECTRICAL,uA,1.2885,1001.3849,1001.4727,1001.4784,1000.0964,25.93,1.6617,11.416,0.0429,0.0165,37.16,37.17,1.2885,1001.3849,1001.4727,1001.4784,1000.0964,50.0,False,NOMINAL,HEALTHY,42.39,-7.75
DIG_LOT07_COMP0473,LOT_07,DIGITAL_IC,CQFP-64,DIG-SIH-2026,THERMAL_BURN_IN,T07_0473,PROC-ISRO-IISU-01,ATE-STATION-01,CHAMBER-01,1.0,125.0,5.0,168,IDDQ,ELECTRICAL,uA,1.6559,1284.7423,1284.8136,1284.8714,1283.0864,24.869,2.221,11.819,0.0018,0.014,33.64,33.71,1.6559,1284.7423,1284.8136,1284.8714,1283.0864,50.0,False,NOMINAL,HEALTHY,-36.75,-34.35
DIG_LOT07_COMP0474,LOT_07,DIGITAL_IC,CQFP-64,DIG-SIH-2026,THERMAL_BURN_IN,T07_0474,PROC-ISRO-IISU-01,ATE-STATION-01,CHAMBER-01,1.0,125.0,5.0,168,IDDQ,ELECTRICAL,uA,1.3031,997.2928,997.37,997.4283,995.9897,24.16,2.1902,12.245,-0.0027,-0.1037,35.36,35.49,1.3031,997.2928,997.37,997.4283,995.9897,50.0,False,NOMINAL,HEALTHY,37.2,-39.79
DIG_LOT07_COMP0475,LOT_07,DIGITAL_IC,CQFP-64,DIG-SIH-2026,THERMAL_BURN_IN,T07_0475,PROC-ISRO-IISU-01,ATE-STATION-01,CHAMBER-01,1.0,125.0,5.0,168,IDDQ,ELECTRICAL,uA,1.2353,969.4218,969.4775,969.5447,968.1865,25.571,1.9902,13.157,-0.0138,-0.0073,36.95,37.07,1.2353,969.4218,969.4775,969.5447,968.1865,50.0,False,NOMINAL,HEALTHY,-41.41,-33.56
DIG_LOT07_COMP0476,LOT_07,DIGITAL_IC,CQFP-64,DIG-SIH-2026,THERMAL_BURN_IN,T07_0476,PROC-ISRO-IISU-01,ATE-STATION-01,CHAMBER-01,1.0,125.0,5.0,168,IDDQ,ELECTRICAL,uA,1.4004,1067.9038,1068.04,1068.0,1066.5034,26.122,1.7745,13.305,-0.0339,-0.0125,34.32,33.45,1.4004,1067.9038,1068.04,1068.0,1066.5034,50.0,False,NOMINAL,HEALTHY,-34.73,16.42
DIG_LOT07_COMP0477,LOT_07,DIGITAL_IC,CQFP-64,DIG-SIH-2026,THERMAL_BURN_IN,T07_0477,PROC-ISRO-IISU-01,ATE-STATION-01,CHAMBER-01,1.0,125.0,5.0,168,IDDQ,ELECTRICAL,uA,1.2796,981.2068,981.2804,981.3422,979.9272,25.842,1.0977,12.679,-0.0014,-0.0274,35.47,36.01,1.2796,981.2068,981.2804,981.3422,979.9272,50.0,False,NOMINAL,HEALTHY,-6.08,33.87
DIG_LOT07_COMP0478,LOT_07,DIGITAL_IC,CQFP-64,DIG-SIH-2026,THERMAL_BURN_IN,T07_0478,PROC-ISRO-IISU-01,ATE-STATION-01,CHAMBER-01,1.0,125.0,5.0,168,IDDQ,ELECTRICAL,uA,1.1403,878.134,878.22,878.2494,876.9937,23.433,1.929,13.406,-0.0054,0.0085,33.34,33.89,1.1403,878.134,878.22,878.2494,876.9937,50.0,False,NOMINAL,HEALTHY,-16.08,-5.1
DIG_LOT07_COMP0479,LOT_07,DIGITAL_IC,CQFP-64,DIG-SIH-2026,THERMAL_BURN_IN,T07_0479,PROC-ISRO-IISU-01,ATE-STATION-01,CHAMBER-01,1.0,125.0,5.0,168,IDDQ,ELECTRICAL,uA,1.3982,1062.9797,1063.0831,1063.1227,1061.5815,25.78,1.7417,13.021,0.0432,-0.0216,33.77,33.73,1.3982,1062.9797,1063.0831,1063.1227,1061.5815,50.0,False,NOMINAL,HEALTHY,-2.26,-42.57
DIG_LOT07_COMP0480,LOT_07,DIGITAL_IC,CQFP-64,DIG-SIH-2026,THERMAL_BURN_IN,T07_0480,PROC-ISRO-IISU-01,ATE-STATION-01,CHAMBER-01,1.0,125.0,5.0,168,IDDQ,ELECTRICAL,uA,1.5367,1183.7712,1183.8533,1183.9953,1182.2345,28.487,2.1053,11.981,0.04,0.0771,35.89,35.95,1.5367,1183.7712,1183.8533,1183.9953,1182.2345,50.0,False,NOMINAL,HEALTHY,-9.81,-46.44
DIG_LOT07_COMP0481,LOT_07,DIGITAL_IC,CQFP-64,DIG-SIH-2026,THERMAL_BURN_IN,T07_0481,PROC-ISRO-IISU-01,ATE-STATION-01,CHAMBER-01,1.0,125.0,5.0,168,IDDQ,ELECTRICAL,uA,1.2852,980.9914,981.0638,981.0911,979.7062,26.418,1.6367,12.462,0.0082,-0.0295,33.24,33.32,1.2852,980.9914,981.0638,981.0911,979.7062,50.0,False,NOMINAL,HEALTHY,-3.29,44.32
DIG_LOT07_COMP0482,LOT_07,DIGITAL_IC,CQFP-64,DIG-SIH-2026,THERMAL_BURN_IN,T07_0482,PROC-ISRO-IISU-01,ATE-STATION-01,CHAMBER-01,1.0,125.0,5.0,168,IDDQ,ELECTRICAL,uA,1.4267,1095.8352,1095.9005,1095.9775,1094.4085,23.374,2.2769,12.826,0.025,0.0607,35.61,35.7,1.4267,1095.8352,1095.9005,1095.9775,1094.4085,50.0,False,NOMINAL,HEALTHY,1.66,-37.89
DIG_LOT07_COMP0483,LOT_07,DIGITAL_IC,CQFP-64,DIG-SIH-2026,THERMAL_BURN_IN,T07_0483,PROC-ISRO-IISU-01,ATE-STATION-01,CHAMBER-01,1.0,125.0,5.0,168,IDDQ,ELECTRICAL,uA,1.3387,1037.6938,1037.7824,1037.8552,1036.3551,23.635,1.6779,13.433,-0.0068,-0.0873,34.14,34.43,1.3387,1037.6938,1037.7824,1037.8552,1036.3551,50.0,False,NOMINAL,HEALTHY,-32.15,35.63
DIG_LOT07_COMP0484,LOT_07,DIGITAL_IC,CQFP-64,DIG-SIH-2026,THERMAL_BURN_IN,T07_0484,PROC-ISRO-IISU-01,ATE-STATION-01,CHAMBER-01,1.0,125.0,5.0,168,IDDQ,ELECTRICAL,uA,1.2208,944.1794,945.778,952.1531,942.9586,24.536,2.218,12.839,-0.0057,-0.085,35.48,35.48,1.2208,944.1794,945.778,952.1531,942.9586,50.0,True,ELECTROMIGRATION,HEALTHY,44.36,-3.22
DIG_LOT07_COMP0485,LOT_07,DIGITAL_IC,CQFP-64,DIG-SIH-2026,THERMAL_BURN_IN,T07_0485,PROC-ISRO-IISU-01,ATE-STATION-01,CHAMBER-01,1.0,125.0,5.0,168,IDDQ,ELECTRICAL,uA,1.3685,1047.2287,1047.3387,1047.3863,1045.8602,22.782,1.6738,13.537,0.0112,0.0186,34.65,34.29,1.3685,1047.2287,1047.3387,1047.3863,1045.8602,50.0,False,NOMINAL,HEALTHY,-41.37,-39.36
DIG_LOT07_COMP0486,LOT_07,DIGITAL_IC,CQFP-64,DIG-SIH-2026,THERMAL_BURN_IN,T07_0486,PROC-ISRO-IISU-01,ATE-STATION-01,CHAMBER-01,1.0,125.0,5.0,168,IDDQ,ELECTRICAL,uA,1.1754,907.4745,907.5849,907.5555,906.2991,25.508,1.679,12.58,-0.0137,0.0705,33.97,34.3,1.1754,907.4745,907.5849,907.5555,906.2991,50.0,False,NOMINAL,HEALTHY,20.36,8.3
DIG_LOT07_COMP0487,LOT_07,DIGITAL_IC,CQFP-64,DIG-SIH-2026,THERMAL_BURN_IN,T07_0487,PROC-ISRO-IISU-01,ATE-STATION-01,CHAMBER-01,1.0,125.0,5.0,168,IDDQ,ELECTRICAL,uA,1.5477,1176.0603,1176.162,1176.2757,1174.5126,24.982,2.2834,11.135,0.0216,0.0075,35.39,36.14,1.5477,1176.0603,1176.162,1176.2757,1174.5126,50.0,False,NOMINAL,HEALTHY,-30.69,-36.95
DIG_LOT07_COMP0488,LOT_07,DIGITAL_IC,CQFP-64,DIG-SIH-2026,THERMAL_BURN_IN,T07_0488,PROC-ISRO-IISU-01,ATE-STATION-01,CHAMBER-01,1.0,125.0,5.0,168,IDDQ,ELECTRICAL,uA,1.1292,881.8525,881.9449,881.9946,880.7233,27.256,1.6926,12.504,-0.0001,0.0608,35.2,35.31,1.1292,881.8525,881.9449,881.9946,880.7233,50.0,False,NOMINAL,HEALTHY,13.94,-46.95
DIG_LOT07_COMP0489,LOT_07,DIGITAL_IC,CQFP-64,DIG-SIH-2026,THERMAL_BURN_IN,T07_0489,PROC-ISRO-IISU-01,ATE-STATION-01,CHAMBER-01,1.0,125.0,5.0,168,IDDQ,ELECTRICAL,uA,1.5152,1162.2834,1162.3969,1162.3964,1160.7682,26.364,2.0432,12.997,-0.0127,0.002,38.06,38.53,1.5152,1162.2834,1162.3969,1162.3964,1160.7682,50.0,False,NOMINAL,HEALTHY,2.65,38.86
DIG_LOT07_COMP0490,LOT_07,DIGITAL_IC,CQFP-64,DIG-SIH-2026,THERMAL_BURN_IN,T07_0490,PROC-ISRO-IISU-01,ATE-STATION-01,CHAMBER-01,1.0,125.0,5.0,168,IDDQ,ELECTRICAL,uA,0.9997,782.1511,782.2349,782.2462,781.1514,25.299,1.9895,12.107,-0.032,0.0627,37.82,37.28,0.9997,782.1511,782.2349,782.2462,781.1514,50.0,False,NOMINAL,HEALTHY,24.56,-31.42
DIG_LOT07_COMP0491,LOT_07,DIGITAL_IC,CQFP-64,DIG-SIH-2026,THERMAL_BURN_IN,T07_0491,PROC-ISRO-IISU-01,ATE-STATION-01,CHAMBER-01,1.0,125.0,5.0,168,IDDQ,ELECTRICAL,uA,1.3883,1069.5835,1069.6636,1069.7459,1068.1952,23.869,2.5665,12.881,-0.0101,0.0052,33.75,32.79,1.3883,1069.5835,1069.6636,1069.7459,1068.1952,50.0,False,NOMINAL,HEALTHY,-3.69,37.48
DIG_LOT07_COMP0492,LOT_07,DIGITAL_IC,CQFP-64,DIG-SIH-2026,THERMAL_BURN_IN,T07_0492,PROC-ISRO-IISU-01,ATE-STATION-01,CHAMBER-01,1.0,125.0,5.0,168,IDDQ,ELECTRICAL,uA,1.3527,1045.9163,1045.9959,1046.0753,1044.5636,24.999,1.8277,13.524,-0.0061,0.0147,34.36,34.8,1.3527,1045.9163,1045.9959,1046.0753,1044.5636,50.0,False,NOMINAL,HEALTHY,-0.49,-46.37
DIG_LOT07_COMP0493,LOT_07,DIGITAL_IC,CQFP-64,DIG-SIH-2026,THERMAL_BURN_IN,T07_0493,PROC-ISRO-IISU-01,ATE-STATION-01,CHAMBER-01,1.0,125.0,5.0,168,IDDQ,ELECTRICAL,uA,1.3177,1003.5939,1003.632,1003.715,1002.2762,22.728,2.084,11.529,-0.0131,-0.0369,34.52,34.49,1.3177,1003.5939,1003.632,1003.715,1002.2762,50.0,False,NOMINAL,HEALTHY,-36.98,-9.73
DIG_LOT07_COMP0494,LOT_07,DIGITAL_IC,CQFP-64,DIG-SIH-2026,THERMAL_BURN_IN,T07_0494,PROC-ISRO-IISU-01,ATE-STATION-01,CHAMBER-01,1.0,125.0,5.0,168,IDDQ,ELECTRICAL,uA,1.5244,1157.4074,1157.4745,1157.5835,1155.883,24.031,1.5553,12.274,-0.0208,-0.0341,36.48,36.21,1.5244,1157.4074,1157.4745,1157.5835,1155.883,50.0,False,NOMINAL,HEALTHY,-10.25,-44.02
DIG_LOT07_COMP0495,LOT_07,DIGITAL_IC,CQFP-64,DIG-SIH-2026,THERMAL_BURN_IN,T07_0495,PROC-ISRO-IISU-01,ATE-STATION-01,CHAMBER-01,1.0,125.0,5.0,168,IDDQ,ELECTRICAL,uA,1.5664,1218.1242,1218.2439,1218.3362,1216.5578,24.61,1.5026,13.354,-0.0079,-0.0318,35.93,35.56,1.5664,1218.1242,1218.2439,1218.3362,1216.5578,50.0,False,NOMINAL,HEALTHY,-22.85,19.0
DIG_LOT07_COMP0496,LOT_07,DIGITAL_IC,CQFP-64,DIG-SIH-2026,THERMAL_BURN_IN,T07_0496,PROC-ISRO-IISU-01,ATE-STATION-01,CHAMBER-01,1.0,125.0,5.0,168,IDDQ,ELECTRICAL,uA,1.4738,1153.1242,1153.251,1153.3017,1151.6504,25.7,2.3626,13.297,-0.0064,-0.0346,37.72,38.11,1.4738,1153.1242,1153.251,1153.3017,1151.6504,50.0,False,NOMINAL,HEALTHY,44.58,-10.01
DIG_LOT07_COMP0497,LOT_07,DIGITAL_IC,CQFP-64,DIG-SIH-2026,THERMAL_BURN_IN,T07_0497,PROC-ISRO-IISU-01,ATE-STATION-01,CHAMBER-01,1.0,125.0,5.0,168,IDDQ,ELECTRICAL,uA,1.3443,1036.6651,1036.726,1036.6881,1035.3208,22.693,2.0639,11.386,0.0023,-0.0227,34.33,33.55,1.3443,1036.6651,1036.726,1036.6881,1035.3208,50.0,False,NOMINAL,HEALTHY,-26.49,-26.81
DIG_LOT07_COMP0498,LOT_07,DIGITAL_IC,CQFP-64,DIG-SIH-2026,THERMAL_BURN_IN,T07_0498,PROC-ISRO-IISU-01,ATE-STATION-01,CHAMBER-01,1.0,125.0,5.0,168,IDDQ,ELECTRICAL,uA,1.4769,1143.5587,1143.6598,1143.7156,1142.0818,26.885,2.0463,11.827,0.0115,0.0127,32.74,32.18,1.4769,1143.5587,1143.6598,1143.7156,1142.0818,50.0,False,NOMINAL,HEALTHY,-32.92,-23.03
DIG_LOT07_COMP0499,LOT_07,DIGITAL_IC,CQFP-64,DIG-SIH-2026,THERMAL_BURN_IN,T07_0499,PROC-ISRO-IISU-01,ATE-STATION-01,CHAMBER-01,1.0,125.0,5.0,168,IDDQ,ELECTRICAL,uA,1.3004,991.2544,991.3758,991.4217,989.954,27.867,2.2024,13.288,0.0128,0.0046,35.01,35.22,1.3004,991.2544,991.3758,991.4217,989.954,50.0,False,NOMINAL,HEALTHY,-31.04,-40.24
DIG_LOT07_COMP0500,LOT_07,DIGITAL_IC,CQFP-64,DIG-SIH-2026,THERMAL_BURN_IN,T07_0500,PROC-ISRO-IISU-01,ATE-STATION-01,CHAMBER-01,1.0,125.0,5.0,168,IDDQ,ELECTRICAL,uA,1.1023,851.6986,851.8023,851.8354,850.5963,24.937,2.0238,12.386,-0.0048,-0.0456,33.26,33.78,1.1023,851.6986,851.8023,851.8354,850.5963,50.0,False,NOMINAL,HEALTHY,44.09,-30.11
DIG_LOT07_COMP0501,LOT_07,DIGITAL_IC,CQFP-64,DIG-SIH-2026,THERMAL_BURN_IN,T07_0501,PROC-ISRO-IISU-01,ATE-STATION-01,CHAMBER-01,1.0,125.0,5.0,168,IDDQ,ELECTRICAL,uA,1.3446,1044.2325,1044.3675,1044.3835,1042.8879,22.786,1.7128,10.786,0.0022,0.0511,34.28,33.84,1.3446,1044.2325,1044.3675,1044.3835,1042.8879,50.0,False,NOMINAL,HEALTHY,40.59,38.77
DIG_LOT07_COMP0502,LOT_07,DIGITAL_IC,CQFP-64,DIG-SIH-2026,THERMAL_BURN_IN,T07_0502,PROC-ISRO-IISU-01,ATE-STATION-01,CHAMBER-01,1.0,125.0,5.0,168,IDDQ,ELECTRICAL,uA,1.2805,991.2586,999.7563,1149.6302,989.9781,25.421,2.4283,12.142,0.0172,-0.0321,35.87,35.17,1.2805,991.2586,999.7563,1149.6302,989.9781,50.0,True,THERMAL_RUNAWAY,HEALTHY,23.41,-44.7
DIG_LOT07_COMP0503,LOT_07,DIGITAL_IC,CQFP-64,DIG-SIH-2026,THERMAL_BURN_IN,T07_0503,PROC-ISRO-IISU-01,ATE-STATION-01,CHAMBER-01,1.0,125.0,5.0,168,IDDQ,ELECTRICAL,uA,1.431,1103.3414,1103.4231,1103.4412,1101.9104,26.151,1.9524,11.068,-0.013,0.0214,36.14,36.58,1.431,1103.3414,1103.4231,1103.4412,1101.9104,50.0,False,NOMINAL,HEALTHY,47.87,27.37
DIG_LOT07_COMP0504,LOT_07,DIGITAL_IC,CQFP-64,DIG-SIH-2026,THERMAL_BURN_IN,T07_0504,PROC-ISRO-IISU-01,ATE-STATION-01,CHAMBER-01,1.0,125.0,5.0,168,IDDQ,ELECTRICAL,uA,1.2372,944.517,944.5981,944.6001,943.2798,23.611,1.9279,11.27,0.0133,-0.001,31.98,31.88,1.2372,944.517,944.5981,944.6001,943.2798,50.0,False,NOMINAL,HEALTHY,-21.81,-12.17
DIG_LOT07_COMP0505,LOT_07,DIGITAL_IC,CQFP-64,DIG-SIH-2026,THERMAL_BURN_IN,T07_0505,PROC-ISRO-IISU-01,ATE-STATION-01,CHAMBER-01,1.0,125.0,5.0,168,IDDQ,ELECTRICAL,uA,1.4687,1137.2899,1137.4366,1137.4728,1135.8212,25.603,1.9147,12.056,-0.0074,-0.0602,37.8,37.88,1.4687,1137.2899,1137.4366,1137.4728,1135.8212,50.0,False,NOMINAL,HEALTHY,42.1,38.63
DIG_LOT07_COMP0506,LOT_07,DIGITAL_IC,CQFP-64,DIG-SIH-2026,THERMAL_BURN_IN,T07_0506,PROC-ISRO-IISU-01,ATE-STATION-01,CHAMBER-01,1.0,125.0,5.0,168,IDDQ,ELECTRICAL,uA,1.3652,1040.6481,1040.7173,1040.7373,1039.2829,26.535,2.6318,12.534,0.0083,-0.0653,35.3,35.13,1.3652,1040.6481,1040.7173,1040.7373,1039.2829,50.0,False,NOMINAL,HEALTHY,6.89,-20.9
DIG_LOT07_COMP0507,LOT_07,DIGITAL_IC,CQFP-64,DIG-SIH-2026,THERMAL_BURN_IN,T07_0507,PROC-ISRO-IISU-01,ATE-STATION-01,CHAMBER-01,1.0,125.0,5.0,168,IDDQ,ELECTRICAL,uA,1.4707,1128.0316,1128.1419,1128.1524,1126.5609,24.655,1.883,13.855,0.0305,0.0425,35.44,36.84,1.4707,1128.0316,1128.1419,1128.1524,1126.5609,50.0,False,NOMINAL,HEALTHY,-29.82,44.06
DIG_LOT07_COMP0508,LOT_07,DIGITAL_IC,CQFP-64,DIG-SIH-2026,THERMAL_BURN_IN,T07_0508,PROC-ISRO-IISU-01,ATE-STATION-01,CHAMBER-01,1.0,125.0,5.0,168,IDDQ,ELECTRICAL,uA,1.2347,955.8725,955.9592,956.0225,954.6378,24.221,1.4923,13.203,-0.0017,0.0251,33.11,33.83,1.2347,955.8725,955.9592,956.0225,954.6378,50.0,False,NOMINAL,HEALTHY,-43.55,-18.89
DIG_LOT07_COMP0509,LOT_07,DIGITAL_IC,CQFP-64,DIG-SIH-2026,THERMAL_BURN_IN,T07_0509,PROC-ISRO-IISU-01,ATE-STATION-01,CHAMBER-01,1.0,125.0,5.0,168,IDDQ,ELECTRICAL,uA,1.2593,965.1302,965.2154,965.2895,963.8709,26.723,1.9702,11.991,-0.0002,-0.0472,35.15,34.91,1.2593,965.1302,965.2154,965.2895,963.8709,50.0,False,NOMINAL,HEALTHY,41.34,3.22
DIG_LOT07_COMP0510,LOT_07,DIGITAL_IC,CQFP-64,DIG-SIH-2026,THERMAL_BURN_IN,T07_0510,PROC-ISRO-IISU-01,ATE-STATION-01,CHAMBER-01,1.0,125.0,5.0,168,IDDQ,ELECTRICAL,uA,1.4428,1127.6698,1127.7974,1127.8165,1126.227,25.989,2.2445,11.358,-0.0209,-0.1537,34.2,35.12,1.4428,1127.6698,1127.7974,1127.8165,1126.227,50.0,False,NOMINAL,HEALTHY,-39.87,-9.14
DIG_LOT07_COMP0511,LOT_07,DIGITAL_IC,CQFP-64,DIG-SIH-2026,THERMAL_BURN_IN,T07_0511,PROC-ISRO-IISU-01,ATE-STATION-01,CHAMBER-01,1.0,125.0,5.0,168,IDDQ,ELECTRICAL,uA,1.1527,875.7383,875.7946,875.9037,874.5856,24.56,2.5908,11.499,-0.0404,0.0087,37.47,37.87,1.1527,875.7383,875.7946,875.9037,874.5856,50.0,False,NOMINAL,HEALTHY,47.64,-7.77
DIG_LOT07_COMP0512,LOT_07,DIGITAL_IC,CQFP-64,DIG-SIH-2026,THERMAL_BURN_IN,T07_0512,PROC-ISRO-IISU-01,ATE-STATION-01,CHAMBER-01,1.0,125.0,5.0,168,IDDQ,ELECTRICAL,uA,1.4272,1124.8495,1124.9215,1124.9642,1123.4223,25.396,2.1356,12.496,-0.0224,-0.059,35.91,36.0,1.4272,1124.8495,1124.9215,1124.9642,1123.4223,50.0,False,NOMINAL,HEALTHY,44.5,29.24
DIG_LOT07_COMP0513,LOT_07,DIGITAL_IC,CQFP-64,DIG-SIH-2026,THERMAL_BURN_IN,T07_0513,PROC-ISRO-IISU-01,ATE-STATION-01,CHAMBER-01,1.0,125.0,5.0,168,IDDQ,ELECTRICAL,uA,1.3594,1061.7039,1061.8044,1061.8394,1060.3445,25.637,2.0995,12.288,-0.0035,0.0537,33.47,33.88,1.3594,1061.7039,1061.8044,1061.8394,1060.3445,50.0,False,NOMINAL,HEALTHY,37.56,-49.59
DIG_LOT07_COMP0514,LOT_07,DIGITAL_IC,CQFP-64,DIG-SIH-2026,THERMAL_BURN_IN,T07_0514,PROC-ISRO-IISU-01,ATE-STATION-01,CHAMBER-01,1.0,125.0,5.0,168,IDDQ,ELECTRICAL,uA,1.2951,975.9026,975.9982,975.996,974.6075,23.481,1.8622,12.36,0.0137,-0.0184,35.76,35.95,1.2951,975.9026,975.9982,975.996,974.6075,50.0,False,NOMINAL,HEALTHY,-18.94,-49.87
DIG_LOT07_COMP0515,LOT_07,DIGITAL_IC,CQFP-64,DIG-SIH-2026,THERMAL_BURN_IN,T07_0515,PROC-ISRO-IISU-01,ATE-STATION-01,CHAMBER-01,1.0,125.0,5.0,168,IDDQ,ELECTRICAL,uA,1.6506,1256.9515,1257.0506,1257.077,1255.3009,22.794,2.1562,12.847,-0.0079,-0.0116,36.27,36.71,1.6506,1256.9515,1257.0506,1257.077,1255.3009,50.0,False,NOMINAL,HEALTHY,-49.24,9.25
DIG_LOT07_COMP0516,LOT_07,DIGITAL_IC,CQFP-64,DIG-SIH-2026,THERMAL_BURN_IN,T07_0516,PROC-ISRO-IISU-01,ATE-STATION-01,CHAMBER-01,1.0,125.0,5.0,168,IDDQ,ELECTRICAL,uA,1.2851,995.0138,995.0902,995.1083,993.7287,25.518,1.7937,11.83,-0.0034,-0.0553,36.43,35.9,1.2851,995.0138,995.0902,995.1083,993.7287,50.0,False,NOMINAL,HEALTHY,31.26,-49.36
DIG_LOT07_COMP0517,LOT_07,DIGITAL_IC,CQFP-64,DIG-SIH-2026,THERMAL_BURN_IN,T07_0517,PROC-ISRO-IISU-01,ATE-STATION-01,CHAMBER-01,1.0,125.0,5.0,168,IDDQ,ELECTRICAL,uA,1.2906,994.9108,994.9867,995.0059,993.6202,23.313,1.7689,11.687,-0.0117,-0.1077,35.23,34.9,1.2906,994.9108,994.9867,995.0059,993.6202,50.0,False,NOMINAL,HEALTHY,3.29,-13.9
DIG_LOT07_COMP0518,LOT_07,DIGITAL_IC,CQFP-64,DIG-SIH-2026,THERMAL_BURN_IN,T07_0518,PROC-ISRO-IISU-01,ATE-STATION-01,CHAMBER-01,1.0,125.0,5.0,168,IDDQ,ELECTRICAL,uA,1.2324,966.0121,966.0499,966.1131,964.7797,24.679,1.6648,13.954,-0.0012,-0.0221,35.47,35.37,1.2324,966.0121,966.0499,966.1131,964.7797,50.0,False,NOMINAL,HEALTHY,-13.19,33.8
DIG_LOT07_COMP0519,LOT_07,DIGITAL_IC,CQFP-64,DIG-SIH-2026,THERMAL_BURN_IN,T07_0519,PROC-ISRO-IISU-01,ATE-STATION-01,CHAMBER-01,1.0,125.0,5.0,168,IDDQ,ELECTRICAL,uA,1.1453,885.5737,885.6237,885.6516,884.4284,25.933,1.7737,13.28,-0.013,0.0095,35.72,35.66,1.1453,885.5737,885.6237,885.6516,884.4284,50.0,False,NOMINAL,HEALTHY,22.8,11.39
DIG_LOT07_COMP0520,LOT_07,DIGITAL_IC,CQFP-64,DIG-SIH-2026,THERMAL_BURN_IN,T07_0520,PROC-ISRO-IISU-01,ATE-STATION-01,CHAMBER-01,1.0,125.0,5.0,168,IDDQ,ELECTRICAL,uA,1.2617,973.2771,973.3784,973.405,972.0154,26.105,2.2141,12.236,-0.0342,-0.0376,34.51,34.84,1.2617,973.2771,973.3784,973.405,972.0154,50.0,False,NOMINAL,HEALTHY,-35.01,-48.98
DIG_LOT07_COMP0521,LOT_07,DIGITAL_IC,CQFP-64,DIG-SIH-2026,THERMAL_BURN_IN,T07_0521,PROC-ISRO-IISU-01,ATE-STATION-01,CHAMBER-01,1.0,125.0,5.0,168,IDDQ,ELECTRICAL,uA,1.4211,1090.3606,1090.4571,1090.5564,1088.9395,24.869,2.1223,11.417,-0.028,-0.0349,33.99,34.66,1.4211,1090.3606,1090.4571,1090.5564,1088.9395,50.0,False,NOMINAL,HEALTHY,32.9,-43.89
DIG_LOT07_COMP0522,LOT_07,DIGITAL_IC,CQFP-64,DIG-SIH-2026,THERMAL_BURN_IN,T07_0522,PROC-ISRO-IISU-01,ATE-STATION-01,CHAMBER-01,1.0,125.0,5.0,168,IDDQ,ELECTRICAL,uA,1.4832,1145.785,1145.9185,1145.9674,1144.3018,28.406,1.8214,12.312,-0.0043,-0.0381,34.88,34.78,1.4832,1145.785,1145.9185,1145.9674,1144.3018,50.0,False,NOMINAL,HEALTHY,-28.49,-39.42
DIG_LOT07_COMP0523,LOT_07,DIGITAL_IC,CQFP-64,DIG-SIH-2026,THERMAL_BURN_IN,T07_0523,PROC-ISRO-IISU-01,ATE-STATION-01,CHAMBER-01,1.0,125.0,5.0,168,IDDQ,ELECTRICAL,uA,1.3557,1054.2323,1054.3476,1054.3862,1052.8766,24.93,2.1426,14.09,-0.0266,-0.0871,35.17,35.07,1.3557,1054.2323,1054.3476,1054.3862,1052.8766,50.0,False,NOMINAL,HEALTHY,15.36,46.73
DIG_LOT07_COMP0524,LOT_07,DIGITAL_IC,CQFP-64,DIG-SIH-2026,THERMAL_BURN_IN,T07_0524,PROC-ISRO-IISU-01,ATE-STATION-01,CHAMBER-01,1.0,125.0,5.0,168,IDDQ,ELECTRICAL,uA,1.2982,1004.2464,1004.3577,1004.3678,1002.9482,22.309,2.2722,12.156,-0.0201,-0.057,34.81,34.98,1.2982,1004.2464,1004.3577,1004.3678,1002.9482,50.0,False,NOMINAL,HEALTHY,7.29,41.25
DIG_LOT07_COMP0525,LOT_07,DIGITAL_IC,CQFP-64,DIG-SIH-2026,THERMAL_BURN_IN,T07_0525,PROC-ISRO-IISU-01,ATE-STATION-01,CHAMBER-01,1.0,125.0,5.0,168,IDDQ,ELECTRICAL,uA,1.3804,1061.8226,1061.8765,1061.9504,1060.4422,24.688,2.4013,11.913,0.0262,0.0119,34.42,33.78,1.3804,1061.8226,1061.8765,1061.9504,1060.4422,50.0,False,NOMINAL,HEALTHY,9.16,30.68
DIG_LOT07_COMP0526,LOT_07,DIGITAL_IC,CQFP-64,DIG-SIH-2026,THERMAL_BURN_IN,T07_0526,PROC-ISRO-IISU-01,ATE-STATION-01,CHAMBER-01,1.0,125.0,5.0,168,IDDQ,ELECTRICAL,uA,1.2417,941.3088,941.394,941.4469,940.0671,26.186,1.7884,13.515,0.011,-0.0012,34.9,35.12,1.2417,941.3088,941.394,941.4469,940.0671,50.0,False,NOMINAL,HEALTHY,-17.47,35.88
DIG_LOT07_COMP0527,LOT_07,DIGITAL_IC,CQFP-64,DIG-SIH-2026,THERMAL_BURN_IN,T07_0527,PROC-ISRO-IISU-01,ATE-STATION-01,CHAMBER-01,1.0,125.0,5.0,168,IDDQ,ELECTRICAL,uA,1.4049,1096.9524,1097.0192,1097.0229,1095.5475,25.211,1.8238,12.823,0.0058,0.0357,35.11,34.85,1.4049,1096.9524,1097.0192,1097.0229,1095.5475,50.0,False,NOMINAL,HEALTHY,-32.39,-4.56
DIG_LOT07_COMP0528,LOT_07,DIGITAL_IC,CQFP-64,DIG-SIH-2026,THERMAL_BURN_IN,T07_0528,PROC-ISRO-IISU-01,ATE-STATION-01,CHAMBER-01,1.0,125.0,5.0,168,IDDQ,ELECTRICAL,uA,1.168,897.5316,897.578,897.5832,896.3636,23.043,2.2694,13.314,0.04,-0.0244,35.78,35.05,1.168,897.5316,897.578,897.5832,896.3636,50.0,False,NOMINAL,HEALTHY,42.35,33.85
DIG_LOT07_COMP0529,LOT_07,DIGITAL_IC,CQFP-64,DIG-SIH-2026,THERMAL_BURN_IN,T07_0529,PROC-ISRO-IISU-01,ATE-STATION-01,CHAMBER-01,1.0,125.0,5.0,168,IDDQ,ELECTRICAL,uA,1.1252,853.4699,853.486,853.5518,852.3447,24.115,2.073,12.24,0.0114,0.033,34.52,34.59,1.1252,853.4699,853.486,853.5518,852.3447,50.0,False,NOMINAL,HEALTHY,-12.54,5.73
DIG_LOT07_COMP0530,LOT_07,DIGITAL_IC,CQFP-64,DIG-SIH-2026,THERMAL_BURN_IN,T07_0530,PROC-ISRO-IISU-01,ATE-STATION-01,CHAMBER-01,1.0,125.0,5.0,168,IDDQ,ELECTRICAL,uA,1.265,955.9455,955.9881,956.0524,954.6805,27.476,2.8536,11.979,-0.0102,0.0465,35.53,36.43,1.265,955.9455,955.9881,956.0524,954.6805,50.0,False,NOMINAL,HEALTHY,-31.13,-42.97
DIG_LOT07_COMP0531,LOT_07,DIGITAL_IC,CQFP-64,DIG-SIH-2026,THERMAL_BURN_IN,T07_0531,PROC-ISRO-IISU-01,ATE-STATION-01,CHAMBER-01,1.0,125.0,5.0,168,IDDQ,ELECTRICAL,uA,0.9777,753.392,753.445,753.4481,752.4143,25.196,2.4209,11.688,-0.0202,-0.035,33.49,33.07,0.9777,753.392,753.445,753.4481,752.4143,50.0,False,NOMINAL,HEALTHY,-43.07,-1.03
DIG_LOT07_COMP0532,LOT_07,DIGITAL_IC,CQFP-64,DIG-SIH-2026,THERMAL_BURN_IN,T07_0532,PROC-ISRO-IISU-01,ATE-STATION-01,CHAMBER-01,1.0,125.0,5.0,168,IDDQ,ELECTRICAL,uA,0.9943,771.9758,780.4496,930.2742,770.9815,29.089,2.1191,11.622,-0.0068,0.0112,33.19,33.62,0.9943,771.9758,780.4496,930.2742,770.9815,50.0,True,THERMAL_RUNAWAY,HEALTHY,10.59,37.73
DIG_LOT07_COMP0533,LOT_07,DIGITAL_IC,CQFP-64,DIG-SIH-2026,THERMAL_BURN_IN,T07_0533,PROC-ISRO-IISU-01,ATE-STATION-01,CHAMBER-01,1.0,125.0,5.0,168,IDDQ,ELECTRICAL,uA,1.1959,918.2119,918.3074,918.3177,917.016,24.78,1.5003,11.211,-0.031,-0.0685,35.58,35.17,1.1959,918.2119,918.3074,918.3177,917.016,50.0,False,NOMINAL,HEALTHY,-27.99,19.79
DIG_LOT07_COMP0534,LOT_07,DIGITAL_IC,CQFP-64,DIG-SIH-2026,THERMAL_BURN_IN,T07_0534,PROC-ISRO-IISU-01,ATE-STATION-01,CHAMBER-01,1.0,125.0,5.0,168,IDDQ,ELECTRICAL,uA,1.0933,831.9976,832.0773,832.0911,830.9043,25.204,1.8196,11.769,0.0142,0.0706,36.26,36.24,1.0933,831.9976,832.0773,832.0911,830.9043,50.0,False,NOMINAL,HEALTHY,34.68,17.23
DIG_LOT07_COMP0535,LOT_07,DIGITAL_IC,CQFP-64,DIG-SIH-2026,THERMAL_BURN_IN,T07_0535,PROC-ISRO-IISU-01,ATE-STATION-01,CHAMBER-01,1.0,125.0,5.0,168,IDDQ,ELECTRICAL,uA,1.4306,1099.2002,1099.2903,1099.3446,1097.7696,25.12,1.936,12.395,0.0027,-0.0436,34.9,34.32,1.4306,1099.2002,1099.2903,1099.3446,1097.7696,50.0,False,NOMINAL,HEALTHY,37.16,39.08
DIG_LOT07_COMP0536,LOT_07,DIGITAL_IC,CQFP-64,DIG-SIH-2026,THERMAL_BURN_IN,T07_0536,PROC-ISRO-IISU-01,ATE-STATION-01,CHAMBER-01,1.0,125.0,5.0,168,IDDQ,ELECTRICAL,uA,1.5668,1219.6891,1219.7595,1219.8348,1218.1223,24.629,1.628,13.829,-0.0124,-0.1051,35.7,35.85,1.5668,1219.6891,1219.7595,1219.8348,1218.1223,50.0,False,NOMINAL,HEALTHY,-45.51,18.96
DIG_LOT07_COMP0537,LOT_07,DIGITAL_IC,CQFP-64,DIG-SIH-2026,THERMAL_BURN_IN,T07_0537,PROC-ISRO-IISU-01,ATE-STATION-01,CHAMBER-01,1.0,125.0,5.0,168,IDDQ,ELECTRICAL,uA,1.1825,883.1817,883.2761,883.3551,881.9992,24.194,1.5044,11.759,-0.0093,-0.0067,35.19,35.05,1.1825,883.1817,883.2761,883.3551,881.9992,50.0,False,NOMINAL,HEALTHY,37.05,44.77
DIG_LOT07_COMP0538,LOT_07,DIGITAL_IC,CQFP-64,DIG-SIH-2026,THERMAL_BURN_IN,T07_0538,PROC-ISRO-IISU-01,ATE-STATION-01,CHAMBER-01,1.0,125.0,5.0,168,IDDQ,ELECTRICAL,uA,1.6528,1262.8956,1264.8449,1272.8364,1261.2428,23.923,2.0274,12.512,0.0291,-0.0754,34.48,34.58,1.6528,1262.8956,1264.8449,1272.8364,1261.2428,50.0,True,ELECTROMIGRATION,HEALTHY,43.12,-6.5
DIG_LOT07_COMP0539,LOT_07,DIGITAL_IC,CQFP-64,DIG-SIH-2026,THERMAL_BURN_IN,T07_0539,PROC-ISRO-IISU-01,ATE-STATION-01,CHAMBER-01,1.0,125.0,5.0,168,IDDQ,ELECTRICAL,uA,1.394,1091.0793,1091.2184,1091.2455,1089.6853,23.961,2.5872,12.754,-0.0022,-0.0253,37.04,36.53,1.394,1091.0793,1091.2184,1091.2455,1089.6853,50.0,False,NOMINAL,HEALTHY,-30.24,16.18
DIG_LOT07_COMP0540,LOT_07,DIGITAL_IC,CQFP-64,DIG-SIH-2026,THERMAL_BURN_IN,T07_0540,PROC-ISRO-IISU-01,ATE-STATION-01,CHAMBER-01,1.0,125.0,5.0,168,IDDQ,ELECTRICAL,uA,1.3219,998.3681,998.4178,998.4601,997.0462,24.735,2.0396,12.255,-0.0029,-0.0833,36.47,36.89,1.3219,998.3681,998.4178,998.4601,997.0462,50.0,False,NOMINAL,HEALTHY,29.14,-27.59
DIG_LOT07_COMP0541,LOT_07,DIGITAL_IC,CQFP-64,DIG-SIH-2026,THERMAL_BURN_IN,T07_0541,PROC-ISRO-IISU-01,ATE-STATION-01,CHAMBER-01,1.0,125.0,5.0,168,IDDQ,ELECTRICAL,uA,1.5023,1151.86,1151.9639,1151.9926,1150.3577,24.448,1.7777,13.107,0.016,0.0057,35.19,35.44,1.5023,1151.86,1151.9639,1151.9926,1150.3577,50.0,False,NOMINAL,HEALTHY,-34.81,-33.63
DIG_LOT07_COMP0542,LOT_07,DIGITAL_IC,CQFP-64,DIG-SIH-2026,THERMAL_BURN_IN,T07_0542,PROC-ISRO-IISU-01,ATE-STATION-01,CHAMBER-01,1.0,125.0,5.0,168,IDDQ,ELECTRICAL,uA,0.9376,718.3044,718.3648,718.3827,717.3668,22.704,2.1262,11.124,0.0116,0.0233,37.89,37.27,0.9376,718.3044,718.3648,718.3827,717.3668,50.0,False,NOMINAL,HEALTHY,6.35,32.18
DIG_LOT07_COMP0543,LOT_07,DIGITAL_IC,CQFP-64,DIG-SIH-2026,THERMAL_BURN_IN,T07_0543,PROC-ISRO-IISU-01,ATE-STATION-01,CHAMBER-01,1.0,125.0,5.0,168,IDDQ,ELECTRICAL,uA,1.4638,1136.0439,1136.1465,1136.1708,1134.5801,23.445,2.2615,13.162,0.0038,0.0132,32.83,32.77,1.4638,1136.0439,1136.1465,1136.1708,1134.5801,50.0,False,NOMINAL,HEALTHY,25.36,-29.57
DIG_LOT07_COMP0544,LOT_07,DIGITAL_IC,CQFP-64,DIG-SIH-2026,THERMAL_BURN_IN,T07_0544,PROC-ISRO-IISU-01,ATE-STATION-01,CHAMBER-01,1.0,125.0,5.0,168,IDDQ,ELECTRICAL,uA,1.5172,1157.9133,1157.9927,1158.076,1156.3961,23.922,2.065,11.416,-0.0429,-0.0572,34.83,34.85,1.5172,1157.9133,1157.9927,1158.076,1156.3961,50.0,False,NOMINAL,HEALTHY,-48.09,-15.95
DIG_LOT07_COMP0545,LOT_07,DIGITAL_IC,CQFP-64,DIG-SIH-2026,THERMAL_BURN_IN,T07_0545,PROC-ISRO-IISU-01,ATE-STATION-01,CHAMBER-01,1.0,125.0,5.0,168,IDDQ,ELECTRICAL,uA,1.2631,990.0011,998.5797,1148.4493,988.738,25.31,1.772,13.036,-0.0084,-0.0545,35.76,35.25,1.2631,990.0011,998.5797,1148.4493,988.738,50.0,True,THERMAL_RUNAWAY,HEALTHY,-7.87,34.96
DIG_LOT07_COMP0546,LOT_07,DIGITAL_IC,CQFP-64,DIG-SIH-2026,THERMAL_BURN_IN,T07_0546,PROC-ISRO-IISU-01,ATE-STATION-01,CHAMBER-01,1.0,125.0,5.0,168,IDDQ,ELECTRICAL,uA,1.3473,1048.6109,1048.6546,1048.7703,1047.2636,26.074,1.9718,12.878,0.0055,0.0293,36.69,36.46,1.3473,1048.6109,1048.6546,1048.7703,1047.2636,50.0,False,NOMINAL,HEALTHY,-49.29,15.96
DIG_LOT07_COMP0547,LOT_07,DIGITAL_IC,CQFP-64,DIG-SIH-2026,THERMAL_BURN_IN,T07_0547,PROC-ISRO-IISU-01,ATE-STATION-01,CHAMBER-01,1.0,125.0,5.0,168,IDDQ,ELECTRICAL,uA,1.5529,1190.2132,1191.7548,1198.0759,1188.6603,22.267,1.5813,13.562,0.0039,0.0847,34.8,34.94,1.5529,1190.2132,1191.7548,1198.0759,1188.6603,50.0,True,ELECTROMIGRATION,HEALTHY,-8.36,16.12
DIG_LOT07_COMP0548,LOT_07,DIGITAL_IC,CQFP-64,DIG-SIH-2026,THERMAL_BURN_IN,T07_0548,PROC-ISRO-IISU-01,ATE-STATION-01,CHAMBER-01,1.0,125.0,5.0,168,IDDQ,ELECTRICAL,uA,1.3844,1072.6006,1072.6836,1072.676,1071.2162,25.496,2.5791,12.537,-0.0009,0.0341,34.89,34.46,1.3844,1072.6006,1072.6836,1072.676,1071.2162,50.0,False,NOMINAL,HEALTHY,-15.47,-29.61
DIG_LOT07_COMP0549,LOT_07,DIGITAL_IC,CQFP-64,DIG-SIH-2026,THERMAL_BURN_IN,T07_0549,PROC-ISRO-IISU-01,ATE-STATION-01,CHAMBER-01,1.0,125.0,5.0,168,IDDQ,ELECTRICAL,uA,1.126,879.8936,879.9944,880.0385,878.7676,24.714,2.2693,12.196,-0.0208,-0.0594,36.65,36.17,1.126,879.8936,879.9944,880.0385,878.7676,50.0,False,NOMINAL,HEALTHY,-3.88,21.23
DIG_LOT07_COMP0550,LOT_07,DIGITAL_IC,CQFP-64,DIG-SIH-2026,THERMAL_BURN_IN,T07_0550,PROC-ISRO-IISU-01,ATE-STATION-01,CHAMBER-01,1.0,125.0,5.0,168,IDDQ,ELECTRICAL,uA,1.6315,1258.3852,1258.4395,1258.5572,1256.7537,22.835,1.7383,13.763,0.0171,0.0722,33.88,33.7,1.6315,1258.3852,1258.4395,1258.5572,1256.7537,50.0,False,NOMINAL,HEALTHY,-1.24,10.07
DIG_LOT07_COMP0551,LOT_07,DIGITAL_IC,CQFP-64,DIG-SIH-2026,THERMAL_BURN_IN,T07_0551,PROC-ISRO-IISU-01,ATE-STATION-01,CHAMBER-01,1.0,125.0,5.0,168,IDDQ,ELECTRICAL,uA,1.5498,1187.2401,1187.3726,1187.4514,1185.6903,26.278,2.0851,12.445,-0.033,-0.0384,34.71,35.48,1.5498,1187.2401,1187.3726,1187.4514,1185.6903,50.0,False,NOMINAL,HEALTHY,39.04,24.92
DIG_LOT07_COMP0552,LOT_07,DIGITAL_IC,CQFP-64,DIG-SIH-2026,THERMAL_BURN_IN,T07_0552,PROC-ISRO-IISU-01,ATE-STATION-01,CHAMBER-01,1.0,125.0,5.0,168,IDDQ,ELECTRICAL,uA,1.223,934.9758,935.0725,935.1094,933.7528,24.737,2.309,12.571,-0.0024,-0.0347,33.84,33.18,1.223,934.9758,935.0725,935.1094,933.7528,50.0,False,NOMINAL,HEALTHY,-33.48,33.68
DIG_LOT07_COMP0553,LOT_07,DIGITAL_IC,CQFP-64,DIG-SIH-2026,THERMAL_BURN_IN,T07_0553,PROC-ISRO-IISU-01,ATE-STATION-01,CHAMBER-01,1.0,125.0,5.0,168,IDDQ,ELECTRICAL,uA,1.5968,1229.8079,1229.9027,1229.9433,1228.2111,25.695,2.093,11.48,-0.0213,-0.0435,35.42,35.78,1.5968,1229.8079,1229.9027,1229.9433,1228.2111,50.0,True,DIELECTRIC_OSCILLATION,HEALTHY,-41.08,-22.84
DIG_LOT07_COMP0554,LOT_07,DIGITAL_IC,CQFP-64,DIG-SIH-2026,THERMAL_BURN_IN,T07_0554,PROC-ISRO-IISU-01,ATE-STATION-01,CHAMBER-01,1.0,125.0,5.0,168,IDDQ,ELECTRICAL,uA,1.6753,1280.8887,1280.9892,1281.0297,1279.2134,24.492,2.1133,12.735,0.011,0.1208,34.35,35.13,1.6753,1280.8887,1280.9892,1281.0297,1279.2134,50.0,True,DIELECTRIC_OSCILLATION,HEALTHY,10.48,46.93
DIG_LOT07_COMP0555,LOT_07,DIGITAL_IC,CQFP-64,DIG-SIH-2026,THERMAL_BURN_IN,T07_0555,PROC-ISRO-IISU-01,ATE-STATION-01,CHAMBER-01,1.0,125.0,5.0,168,IDDQ,ELECTRICAL,uA,1.2775,1000.6578,1000.7689,1000.7703,999.3803,25.247,2.4269,12.125,-0.0164,-0.0641,35.68,35.72,1.2775,1000.6578,1000.7689,1000.7703,999.3803,50.0,False,NOMINAL,HEALTHY,-34.33,7.61
DIG_LOT07_COMP0556,LOT_07,DIGITAL_IC,CQFP-64,DIG-SIH-2026,THERMAL_BURN_IN,T07_0556,PROC-ISRO-IISU-01,ATE-STATION-01,CHAMBER-01,1.0,125.0,5.0,168,IDDQ,ELECTRICAL,uA,1.4156,1087.8427,1087.9628,1087.912,1086.4271,24.735,1.9253,13.226,0.0095,-0.0352,35.08,34.58,1.4156,1087.8427,1087.9628,1087.912,1086.4271,50.0,False,NOMINAL,HEALTHY,25.23,19.66
DIG_LOT07_COMP0557,LOT_07,DIGITAL_IC,CQFP-64,DIG-SIH-2026,THERMAL_BURN_IN,T07_0557,PROC-ISRO-IISU-01,ATE-STATION-01,CHAMBER-01,1.0,125.0,5.0,168,IDDQ,ELECTRICAL,uA,1.0564,814.1661,814.2178,814.2678,813.1097,26.078,2.2573,12.998,-0.017,0.0255,35.18,35.24,1.0564,814.1661,814.2178,814.2678,813.1097,50.0,False,NOMINAL,HEALTHY,-37.15,32.95
DIG_LOT07_COMP0558,LOT_07,DIGITAL_IC,CQFP-64,DIG-SIH-2026,THERMAL_BURN_IN,T07_0558,PROC-ISRO-IISU-01,ATE-STATION-01,CHAMBER-01,1.0,125.0,5.0,168,IDDQ,ELECTRICAL,uA,1.0928,840.1705,840.2073,840.2501,839.0777,25.981,1.8107,11.743,-0.0081,0.0292,36.04,36.99,1.0928,840.1705,840.2073,840.2501,839.0777,50.0,False,NOMINAL,HEALTHY,-21.8,43.34
DIG_LOT07_COMP0559,LOT_07,DIGITAL_IC,CQFP-64,DIG-SIH-2026,THERMAL_BURN_IN,T07_0559,PROC-ISRO-IISU-01,ATE-STATION-01,CHAMBER-01,1.0,125.0,5.0,168,IDDQ,ELECTRICAL,uA,1.4747,1147.5838,1156.1754,1306.033,1146.1091,22.569,1.9327,12.96,0.0086,-0.0359,38.13,38.2,1.4747,1147.5838,1156.1754,1306.033,1146.1091,50.0,True,THERMAL_RUNAWAY,HEALTHY,14.25,-38.87
DIG_LOT07_COMP0560,LOT_07,DIGITAL_IC,CQFP-64,DIG-SIH-2026,THERMAL_BURN_IN,T07_0560,PROC-ISRO-IISU-01,ATE-STATION-01,CHAMBER-01,1.0,125.0,5.0,168,IDDQ,ELECTRICAL,uA,1.1945,922.0304,922.1572,922.169,920.8359,25.02,2.1561,12.571,0.0204,-0.0389,37.43,37.17,1.1945,922.0304,922.1572,922.169,920.8359,50.0,False,NOMINAL,HEALTHY,-2.04,-45.29
DIG_LOT07_COMP0561,LOT_07,DIGITAL_IC,CQFP-64,DIG-SIH-2026,THERMAL_BURN_IN,T07_0561,PROC-ISRO-IISU-01,ATE-STATION-01,CHAMBER-01,1.0,125.0,5.0,168,IDDQ,ELECTRICAL,uA,1.2026,931.2627,931.3604,931.3576,930.0601,24.389,2.3417,12.664,0.0094,-0.0051,34.03,34.31,1.2026,931.2627,931.3604,931.3576,930.0601,50.0,False,NOMINAL,HEALTHY,8.5,36.29
DIG_LOT07_COMP0562,LOT_07,DIGITAL_IC,CQFP-64,DIG-SIH-2026,THERMAL_BURN_IN,T07_0562,PROC-ISRO-IISU-01,ATE-STATION-01,CHAMBER-01,1.0,125.0,5.0,168,IDDQ,ELECTRICAL,uA,0.9698,760.3271,760.3446,760.4222,759.3573,25.69,2.1109,12.287,-0.0101,-0.0395,35.09,35.14,0.9698,760.3271,760.3446,760.4222,759.3573,50.0,False,NOMINAL,HEALTHY,4.21,21.41
DIG_LOT07_COMP0563,LOT_07,DIGITAL_IC,CQFP-64,DIG-SIH-2026,THERMAL_BURN_IN,T07_0563,PROC-ISRO-IISU-01,ATE-STATION-01,CHAMBER-01,1.0,125.0,5.0,168,IDDQ,ELECTRICAL,uA,1.4343,1093.2058,1093.3406,1093.3845,1091.7715,24.89,2.1975,12.209,0.0218,0.0142,35.1,35.53,1.4343,1093.2058,1093.3406,1093.3845,1091.7715,50.0,False,NOMINAL,HEALTHY,33.96,46.07
DIG_LOT07_COMP0564,LOT_07,DIGITAL_IC,CQFP-64,DIG-SIH-2026,THERMAL_BURN_IN,T07_0564,PROC-ISRO-IISU-01,ATE-STATION-01,CHAMBER-01,1.0,125.0,5.0,168,IDDQ,ELECTRICAL,uA,0.9459,712.5115,712.5134,712.5536,711.5656,25.445,1.9809,12.22,0.0184,0.1057,36.36,35.85,0.9459,712.5115,712.5134,712.5536,711.5656,50.0,False,NOMINAL,HEALTHY,-7.83,49.8
DIG_LOT07_COMP0565,LOT_07,DIGITAL_IC,CQFP-64,DIG-SIH-2026,THERMAL_BURN_IN,T07_0565,PROC-ISRO-IISU-01,ATE-STATION-01,CHAMBER-01,1.0,125.0,5.0,168,IDDQ,ELECTRICAL,uA,1.3554,1042.786,1042.8787,1042.932,1041.4306,26.022,2.1358,13.669,-0.0053,0.102,36.05,35.56,1.3554,1042.786,1042.8787,1042.932,1041.4306,50.0,False,NOMINAL,HEALTHY,17.22,-41.0
DIG_LOT07_COMP0566,LOT_07,DIGITAL_IC,CQFP-64,DIG-SIH-2026,THERMAL_BURN_IN,T07_0566,PROC-ISRO-IISU-01,ATE-STATION-01,CHAMBER-01,1.0,125.0,5.0,168,IDDQ,ELECTRICAL,uA,1.021,768.7466,768.7259,768.7514,767.7256,24.592,2.1645,14.142,0.0121,0.0531,33.99,33.46,1.021,768.7466,768.7259,768.7514,767.7256,50.0,False,NOMINAL,HEALTHY,26.93,23.64
DIG_LOT07_COMP0567,LOT_07,DIGITAL_IC,CQFP-64,DIG-SIH-2026,THERMAL_BURN_IN,T07_0567,PROC-ISRO-IISU-01,ATE-STATION-01,CHAMBER-01,1.0,125.0,5.0,168,IDDQ,ELECTRICAL,uA,1.58,1215.511,1215.6123,1215.7272,1213.931,23.448,1.5923,11.277,-0.0239,0.0043,34.14,33.8,1.58,1215.511,1215.6123,1215.7272,1213.931,50.0,False,NOMINAL,HEALTHY,42.12,-12.66
DIG_LOT07_COMP0568,LOT_07,DIGITAL_IC,CQFP-64,DIG-SIH-2026,THERMAL_BURN_IN,T07_0568,PROC-ISRO-IISU-01,ATE-STATION-01,CHAMBER-01,1.0,125.0,5.0,168,IDDQ,ELECTRICAL,uA,1.4127,1082.6833,1082.7977,1082.801,1081.2706,25.988,1.8511,11.978,-0.0068,-0.0461,35.99,36.33,1.4127,1082.6833,1082.7977,1082.801,1081.2706,50.0,False,NOMINAL,HEALTHY,44.3,-49.1
DIG_LOT07_COMP0569,LOT_07,DIGITAL_IC,CQFP-64,DIG-SIH-2026,THERMAL_BURN_IN,T07_0569,PROC-ISRO-IISU-01,ATE-STATION-01,CHAMBER-01,1.0,125.0,5.0,168,IDDQ,ELECTRICAL,uA,1.4856,1146.8165,1146.8386,1146.8564,1145.3309,24.446,1.9844,11.662,0.0464,-0.0038,34.3,33.61,1.4856,1146.8165,1146.8386,1146.8564,1145.3309,50.0,False,NOMINAL,HEALTHY,27.22,45.84
DIG_LOT07_COMP0570,LOT_07,DIGITAL_IC,CQFP-64,DIG-SIH-2026,THERMAL_BURN_IN,T07_0570,PROC-ISRO-IISU-01,ATE-STATION-01,CHAMBER-01,1.0,125.0,5.0,168,IDDQ,ELECTRICAL,uA,1.0636,838.4735,838.5404,838.522,837.4099,25.673,1.6661,12.012,-0.005,-0.0769,33.59,32.92,1.0636,838.4735,838.5404,838.522,837.4099,50.0,False,NOMINAL,HEALTHY,-20.43,17.65
DIG_LOT07_COMP0571,LOT_07,DIGITAL_IC,CQFP-64,DIG-SIH-2026,THERMAL_BURN_IN,T07_0571,PROC-ISRO-IISU-01,ATE-STATION-01,CHAMBER-01,1.0,125.0,5.0,168,IDDQ,ELECTRICAL,uA,1.3633,1061.8506,1061.8969,1062.0498,1060.4873,22.686,1.8696,11.921,-0.0067,0.0477,35.79,35.83,1.3633,1061.8506,1061.8969,1062.0498,1060.4873,50.0,False,NOMINAL,HEALTHY,4.03,10.38
DIG_LOT07_COMP0572,LOT_07,DIGITAL_IC,CQFP-64,DIG-SIH-2026,THERMAL_BURN_IN,T07_0572,PROC-ISRO-IISU-01,ATE-STATION-01,CHAMBER-01,1.0,125.0,5.0,168,IDDQ,ELECTRICAL,uA,1.3006,991.3601,991.4055,991.4971,990.0595,25.074,2.2459,12.611,0.0142,0.0946,34.69,34.85,1.3006,991.3601,991.4055,991.4971,990.0595,50.0,False,NOMINAL,HEALTHY,48.68,40.4
DIG_LOT07_COMP0573,LOT_07,DIGITAL_IC,CQFP-64,DIG-SIH-2026,THERMAL_BURN_IN,T07_0573,PROC-ISRO-IISU-01,ATE-STATION-01,CHAMBER-01,1.0,125.0,5.0,168,IDDQ,ELECTRICAL,uA,1.4328,1109.2348,1109.2671,1109.3684,1107.802,26.386,1.643,12.505,0.032,0.0578,36.16,36.1,1.4328,1109.2348,1109.2671,1109.3684,1107.802,50.0,False,NOMINAL,HEALTHY,-29.35,9.06
DIG_LOT07_COMP0574,LOT_07,DIGITAL_IC,CQFP-64,DIG-SIH-2026,THERMAL_BURN_IN,T07_0574,PROC-ISRO-IISU-01,ATE-STATION-01,CHAMBER-01,1.0,125.0,5.0,168,IDDQ,ELECTRICAL,uA,1.5401,1193.5597,1193.649,1193.6974,1192.0196,28.329,1.6777,13.254,-0.0228,0.0243,31.59,31.21,1.5401,1193.5597,1193.649,1193.6974,1192.0196,50.0,False,NOMINAL,HEALTHY,-4.67,30.66
DIG_LOT07_COMP0575,LOT_07,DIGITAL_IC,CQFP-64,DIG-SIH-2026,THERMAL_BURN_IN,T07_0575,PROC-ISRO-IISU-01,ATE-STATION-01,CHAMBER-01,1.0,125.0,5.0,168,IDDQ,ELECTRICAL,uA,1.4482,1110.7006,1110.7546,1110.8853,1109.2524,25.753,2.0989,12.636,0.0053,0.0076,34.41,33.97,1.4482,1110.7006,1110.7546,1110.8853,1109.2524,50.0,False,NOMINAL,HEALTHY,24.78,18.14
DIG_LOT07_COMP0576,LOT_07,DIGITAL_IC,CQFP-64,DIG-SIH-2026,THERMAL_BURN_IN,T07_0576,PROC-ISRO-IISU-01,ATE-STATION-01,CHAMBER-01,1.0,125.0,5.0,168,IDDQ,ELECTRICAL,uA,1.4677,1147.9057,1147.9806,1148.028,1146.438,24.389,1.9616,11.477,-0.0112,-0.0181,35.71,35.13,1.4677,1147.9057,1147.9806,1148.028,1146.438,50.0,False,NOMINAL,HEALTHY,-5.28,3.34
DIG_LOT07_COMP0577,LOT_07,DIGITAL_IC,CQFP-64,DIG-SIH-2026,THERMAL_BURN_IN,T07_0577,PROC-ISRO-IISU-01,ATE-STATION-01,CHAMBER-01,1.0,125.0,5.0,168,IDDQ,ELECTRICAL,uA,1.2878,990.7326,990.8115,990.9169,989.4448,23.892,2.3271,12.518,0.0171,0.0217,34.88,34.38,1.2878,990.7326,990.8115,990.9169,989.4448,50.0,False,NOMINAL,HEALTHY,-21.27,49.42
DIG_LOT07_COMP0578,LOT_07,DIGITAL_IC,CQFP-64,DIG-SIH-2026,THERMAL_BURN_IN,T07_0578,PROC-ISRO-IISU-01,ATE-STATION-01,CHAMBER-01,1.0,125.0,5.0,168,IDDQ,ELECTRICAL,uA,1.1132,845.3052,845.3211,845.4067,844.192,23.409,2.2408,12.218,0.0012,0.0021,33.57,34.47,1.1132,845.3052,845.3211,845.4067,844.192,50.0,False,NOMINAL,HEALTHY,-11.72,34.65
DIG_LOT07_COMP0579,LOT_07,DIGITAL_IC,CQFP-64,DIG-SIH-2026,THERMAL_BURN_IN,T07_0579,PROC-ISRO-IISU-01,ATE-STATION-01,CHAMBER-01,1.0,125.0,5.0,168,IDDQ,ELECTRICAL,uA,1.0622,821.4464,821.4663,821.4999,820.3842,25.496,1.6462,12.431,0.0171,0.0151,35.58,36.26,1.0622,821.4464,821.4663,821.4999,820.3842,50.0,False,NOMINAL,HEALTHY,-22.41,1.38
DIG_LOT07_COMP0580,LOT_07,DIGITAL_IC,CQFP-64,DIG-SIH-2026,THERMAL_BURN_IN,T07_0580,PROC-ISRO-IISU-01,ATE-STATION-01,CHAMBER-01,1.0,125.0,5.0,168,IDDQ,ELECTRICAL,uA,1.5802,1245.5769,1245.6804,1245.7222,1243.9967,24.559,1.9246,12.574,-0.0048,0.113,36.16,36.24,1.5802,1245.5769,1245.6804,1245.7222,1243.9967,50.0,False,NOMINAL,HEALTHY,-10.23,34.11
DIG_LOT07_COMP0581,LOT_07,DIGITAL_IC,CQFP-64,DIG-SIH-2026,THERMAL_BURN_IN,T07_0581,PROC-ISRO-IISU-01,ATE-STATION-01,CHAMBER-01,1.0,125.0,5.0,168,IDDQ,ELECTRICAL,uA,1.1706,906.5169,906.6078,906.601,905.3463,23.647,2.1474,12.733,0.0014,-0.0127,33.66,33.97,1.1706,906.5169,906.6078,906.601,905.3463,50.0,False,NOMINAL,HEALTHY,-17.09,42.45
DIG_LOT07_COMP0582,LOT_07,DIGITAL_IC,CQFP-64,DIG-SIH-2026,THERMAL_BURN_IN,T07_0582,PROC-ISRO-IISU-01,ATE-STATION-01,CHAMBER-01,1.0,125.0,5.0,168,IDDQ,ELECTRICAL,uA,1.3531,1020.5895,1020.6825,1020.7564,1019.2364,26.576,1.5118,11.869,-0.0104,0.0452,35.39,36.4,1.3531,1020.5895,1020.6825,1020.7564,1019.2364,50.0,False,NOMINAL,HEALTHY,39.45,-25.96
DIG_LOT07_COMP0583,LOT_07,DIGITAL_IC,CQFP-64,DIG-SIH-2026,THERMAL_BURN_IN,T07_0583,PROC-ISRO-IISU-01,ATE-STATION-01,CHAMBER-01,1.0,125.0,5.0,168,IDDQ,ELECTRICAL,uA,1.3401,1030.8304,1030.9406,1030.951,1029.4903,23.149,2.2458,12.504,-0.0248,0.0572,36.24,36.67,1.3401,1030.8304,1030.9406,1030.951,1029.4903,50.0,False,NOMINAL,HEALTHY,29.27,-30.08
DIG_LOT07_COMP0584,LOT_07,DIGITAL_IC,CQFP-64,DIG-SIH-2026,THERMAL_BURN_IN,T07_0584,PROC-ISRO-IISU-01,ATE-STATION-01,CHAMBER-01,1.0,125.0,5.0,168,IDDQ,ELECTRICAL,uA,1.1437,892.5153,892.5904,892.5797,891.3716,26.227,2.1804,12.613,-0.0045,0.0429,34.88,35.1,1.1437,892.5153,892.5904,892.5797,891.3716,50.0,True,DIELECTRIC_OSCILLATION,HEALTHY,30.1,40.25
DIG_LOT07_COMP0585,LOT_07,DIGITAL_IC,CQFP-64,DIG-SIH-2026,THERMAL_BURN_IN,T07_0585,PROC-ISRO-IISU-01,ATE-STATION-01,CHAMBER-01,1.0,125.0,5.0,168,IDDQ,ELECTRICAL,uA,1.3095,984.3792,984.4376,984.5468,983.0697,23.304,2.4762,13.503,0.0012,0.019,35.98,35.39,1.3095,984.3792,984.4376,984.5468,983.0697,50.0,False,NOMINAL,HEALTHY,27.38,-8.4
DIG_LOT07_COMP0586,LOT_07,DIGITAL_IC,CQFP-64,DIG-SIH-2026,THERMAL_BURN_IN,T07_0586,PROC-ISRO-IISU-01,ATE-STATION-01,CHAMBER-01,1.0,125.0,5.0,168,IDDQ,ELECTRICAL,uA,1.2577,956.536,956.5993,956.7247,955.2783,24.509,1.8415,13.041,-0.0197,0.0971,35.71,35.78,1.2577,956.536,956.5993,956.7247,955.2783,50.0,False,NOMINAL,HEALTHY,-6.05,36.97
DIG_LOT07_COMP0587,LOT_07,DIGITAL_IC,CQFP-64,DIG-SIH-2026,THERMAL_BURN_IN,T07_0587,PROC-ISRO-IISU-01,ATE-STATION-01,CHAMBER-01,1.0,125.0,5.0,168,IDDQ,ELECTRICAL,uA,0.9435,731.607,731.6344,731.7045,730.6635,22.596,1.5848,12.383,-0.0064,0.0304,32.86,33.12,0.9435,731.607,731.6344,731.7045,730.6635,50.0,False,NOMINAL,HEALTHY,7.54,-4.7
DIG_LOT07_COMP0588,LOT_07,DIGITAL_IC,CQFP-64,DIG-SIH-2026,THERMAL_BURN_IN,T07_0588,PROC-ISRO-IISU-01,ATE-STATION-01,CHAMBER-01,1.0,125.0,5.0,168,IDDQ,ELECTRICAL,uA,1.0642,840.6801,840.7764,840.8307,839.6159,24.802,2.6243,12.229,0.0007,-0.0025,35.6,36.11,1.0642,840.6801,840.7764,840.8307,839.6159,50.0,False,NOMINAL,HEALTHY,-22.06,-5.35
DIG_LOT07_COMP0589,LOT_07,DIGITAL_IC,CQFP-64,DIG-SIH-2026,THERMAL_BURN_IN,T07_0589,PROC-ISRO-IISU-01,ATE-STATION-01,CHAMBER-01,1.0,125.0,5.0,168,IDDQ,ELECTRICAL,uA,1.5511,1196.6725,1196.7842,1196.8574,1195.1214,24.517,1.7691,13.458,0.0086,-0.0128,34.89,34.72,1.5511,1196.6725,1196.7842,1196.8574,1195.1214,50.0,False,NOMINAL,HEALTHY,-5.97,-22.95
DIG_LOT07_COMP0590,LOT_07,DIGITAL_IC,CQFP-64,DIG-SIH-2026,THERMAL_BURN_IN,T07_0590,PROC-ISRO-IISU-01,ATE-STATION-01,CHAMBER-01,1.0,125.0,5.0,168,IDDQ,ELECTRICAL,uA,1.3578,1045.9526,1046.06,1046.0354,1044.5948,26.556,2.1684,12.024,0.0185,0.0292,36.94,36.78,1.3578,1045.9526,1046.06,1046.0354,1044.5948,50.0,False,NOMINAL,HEALTHY,8.99,37.64
DIG_LOT07_COMP0591,LOT_07,DIGITAL_IC,CQFP-64,DIG-SIH-2026,THERMAL_BURN_IN,T07_0591,PROC-ISRO-IISU-01,ATE-STATION-01,CHAMBER-01,1.0,125.0,5.0,168,IDDQ,ELECTRICAL,uA,1.6285,1244.658,1244.7758,1244.7992,1243.0295,24.227,1.9247,13.557,0.0072,-0.0389,35.75,35.94,1.6285,1244.658,1244.7758,1244.7992,1243.0295,50.0,False,NOMINAL,HEALTHY,-1.16,-3.55
DIG_LOT07_COMP0592,LOT_07,DIGITAL_IC,CQFP-64,DIG-SIH-2026,THERMAL_BURN_IN,T07_0592,PROC-ISRO-IISU-01,ATE-STATION-01,CHAMBER-01,1.0,125.0,5.0,168,IDDQ,ELECTRICAL,uA,1.5147,1163.7145,1163.8292,1163.9296,1162.1998,25.284,2.1426,12.575,0.0166,0.0834,35.74,35.56,1.5147,1163.7145,1163.8292,1163.9296,1162.1998,50.0,False,NOMINAL,HEALTHY,-0.98,-21.99
DIG_LOT07_COMP0593,LOT_07,DIGITAL_IC,CQFP-64,DIG-SIH-2026,THERMAL_BURN_IN,T07_0593,PROC-ISRO-IISU-01,ATE-STATION-01,CHAMBER-01,1.0,125.0,5.0,168,IDDQ,ELECTRICAL,uA,1.0554,790.1955,790.2536,790.2859,789.1401,25.481,2.5735,11.801,-0.0044,-0.0472,35.79,35.54,1.0554,790.1955,790.2536,790.2859,789.1401,50.0,False,NOMINAL,HEALTHY,20.86,-37.58
DIG_LOT07_COMP0594,LOT_07,DIGITAL_IC,CQFP-64,DIG-SIH-2026,THERMAL_BURN_IN,T07_0594,PROC-ISRO-IISU-01,ATE-STATION-01,CHAMBER-01,1.0,125.0,5.0,168,IDDQ,ELECTRICAL,uA,1.5794,1215.4374,1215.5465,1215.6027,1213.858,26.051,1.9617,11.239,0.0298,0.0376,36.44,36.16,1.5794,1215.4374,1215.5465,1215.6027,1213.858,50.0,False,NOMINAL,HEALTHY,46.06,-27.42
DIG_LOT07_COMP0595,LOT_07,DIGITAL_IC,CQFP-64,DIG-SIH-2026,THERMAL_BURN_IN,T07_0595,PROC-ISRO-IISU-01,ATE-STATION-01,CHAMBER-01,1.0,125.0,5.0,168,IDDQ,ELECTRICAL,uA,1.3851,1087.1863,1087.2481,1087.2804,1085.8012,24.38,1.5712,12.594,0.0178,0.0708,35.65,35.95,1.3851,1087.1863,1087.2481,1087.2804,1085.8012,50.0,False,NOMINAL,HEALTHY,14.61,-18.51
DIG_LOT07_COMP0596,LOT_07,DIGITAL_IC,CQFP-64,DIG-SIH-2026,THERMAL_BURN_IN,T07_0596,PROC-ISRO-IISU-01,ATE-STATION-01,CHAMBER-01,1.0,125.0,5.0,168,IDDQ,ELECTRICAL,uA,1.2547,952.2626,952.33,952.3495,951.0079,26.048,1.7254,11.51,0.0036,0.0034,34.73,34.31,1.2547,952.2626,952.33,952.3495,951.0079,50.0,False,NOMINAL,HEALTHY,-48.38,48.16
DIG_LOT07_COMP0597,LOT_07,DIGITAL_IC,CQFP-64,DIG-SIH-2026,THERMAL_BURN_IN,T07_0597,PROC-ISRO-IISU-01,ATE-STATION-01,CHAMBER-01,1.0,125.0,5.0,168,IDDQ,ELECTRICAL,uA,1.0841,846.5526,846.5889,846.645,845.4685,22.456,1.8673,13.573,-0.0099,0.069,34.83,34.62,1.0841,846.5526,846.5889,846.645,845.4685,50.0,False,NOMINAL,HEALTHY,8.42,7.14
DIG_LOT07_COMP0598,LOT_07,DIGITAL_IC,CQFP-64,DIG-SIH-2026,THERMAL_BURN_IN,T07_0598,PROC-ISRO-IISU-01,ATE-STATION-01,CHAMBER-01,1.0,125.0,5.0,168,IDDQ,ELECTRICAL,uA,1.4356,1105.1267,1105.2275,1105.3013,1103.6911,26.688,1.7831,12.419,0.0227,-0.0312,35.55,34.23,1.4356,1105.1267,1105.2275,1105.3013,1103.6911,50.0,False,NOMINAL,HEALTHY,-10.08,30.19
DIG_LOT07_COMP0599,LOT_07,DIGITAL_IC,CQFP-64,DIG-SIH-2026,THERMAL_BURN_IN,T07_0599,PROC-ISRO-IISU-01,ATE-STATION-01,CHAMBER-01,1.0,125.0,5.0,168,IDDQ,ELECTRICAL,uA,1.2414,954.0368,954.1101,954.1596,952.7954,27.219,1.8234,10.538,0.0091,0.127,33.01,32.28,1.2414,954.0368,954.1101,954.1596,952.7954,50.0,False,NOMINAL,HEALTHY,17.96,40.93
DIG_LOT07_COMP0600,LOT_07,DIGITAL_IC,CQFP-64,DIG-SIH-2026,THERMAL_BURN_IN,T07_0600,PROC-ISRO-IISU-01,ATE-STATION-01,CHAMBER-01,1.0,125.0,5.0,168,IDDQ,ELECTRICAL,uA,1.4482,1116.1967,1116.3118,1116.3638,1114.7485,24.028,2.3619,12.287,-0.0021,-0.0367,34.64,33.94,1.4482,1116.1967,1116.3118,1116.3638,1114.7485,50.0,False,NOMINAL,HEALTHY,10.15,15.52
DIG_LOT07_COMP0601,LOT_07,DIGITAL_IC,CQFP-64,DIG-SIH-2026,THERMAL_BURN_IN,T07_0601,PROC-ISRO-IISU-01,ATE-STATION-01,CHAMBER-01,1.0,125.0,5.0,168,IDDQ,ELECTRICAL,uA,1.608,1241.8792,1242.0058,1242.0384,1240.2712,26.016,1.8278,12.282,0.005,-0.0456,36.8,37.22,1.608,1241.8792,1242.0058,1242.0384,1240.2712,50.0,False,NOMINAL,HEALTHY,1.57,18.37
DIG_LOT07_COMP0602,LOT_07,DIGITAL_IC,CQFP-64,DIG-SIH-2026,THERMAL_BURN_IN,T07_0602,PROC-ISRO-IISU-01,ATE-STATION-01,CHAMBER-01,1.0,125.0,5.0,168,IDDQ,ELECTRICAL,uA,1.3673,1058.1392,1058.2109,1058.2489,1056.7719,26.519,2.6602,11.742,0.012,-0.0472,36.29,36.44,1.3673,1058.1392,1058.2109,1058.2489,1056.7719,50.0,False,NOMINAL,HEALTHY,-49.53,35.62
DIG_LOT07_COMP0603,LOT_07,DIGITAL_IC,CQFP-64,DIG-SIH-2026,THERMAL_BURN_IN,T07_0603,PROC-ISRO-IISU-01,ATE-STATION-01,CHAMBER-01,1.0,125.0,5.0,168,IDDQ,ELECTRICAL,uA,1.3852,1079.2751,1079.3563,1079.4269,1077.8899,24.734,1.7838,11.583,0.0002,0.0352,35.77,34.93,1.3852,1079.2751,1079.3563,1079.4269,1077.8899,50.0,False,NOMINAL,HEALTHY,-37.59,49.44
DIG_LOT07_COMP0604,LOT_07,DIGITAL_IC,CQFP-64,DIG-SIH-2026,THERMAL_BURN_IN,T07_0604,PROC-ISRO-IISU-01,ATE-STATION-01,CHAMBER-01,1.0,125.0,5.0,168,IDDQ,ELECTRICAL,uA,1.4324,1119.5996,1119.7046,1119.7307,1118.1672,25.31,2.1794,13.747,-0.0054,-0.0567,34.62,35.07,1.4324,1119.5996,1119.7046,1119.7307,1118.1672,50.0,False,NOMINAL,HEALTHY,-9.32,-11.39
DIG_LOT07_COMP0605,LOT_07,DIGITAL_IC,CQFP-64,DIG-SIH-2026,THERMAL_BURN_IN,T07_0605,PROC-ISRO-IISU-01,ATE-STATION-01,CHAMBER-01,1.0,125.0,5.0,168,IDDQ,ELECTRICAL,uA,1.287,990.6921,990.7384,990.8061,989.4051,23.45,2.2085,12.771,-0.0033,0.0048,35.2,35.25,1.287,990.6921,990.7384,990.8061,989.4051,50.0,False,NOMINAL,HEALTHY,-44.31,-16.45
DIG_LOT07_COMP0606,LOT_07,DIGITAL_IC,CQFP-64,DIG-SIH-2026,THERMAL_BURN_IN,T07_0606,PROC-ISRO-IISU-01,ATE-STATION-01,CHAMBER-01,1.0,125.0,5.0,168,IDDQ,ELECTRICAL,uA,1.2188,929.6247,929.6818,929.6903,928.4059,24.344,2.1912,11.103,-0.0174,-0.0925,33.86,33.83,1.2188,929.6247,929.6818,929.6903,928.4059,50.0,False,NOMINAL,HEALTHY,45.9,31.07
DIG_LOT07_COMP0607,LOT_07,DIGITAL_IC,CQFP-64,DIG-SIH-2026,THERMAL_BURN_IN,T07_0607,PROC-ISRO-IISU-01,ATE-STATION-01,CHAMBER-01,1.0,125.0,5.0,168,IDDQ,ELECTRICAL,uA,1.3594,1044.184,1044.268,1044.2847,1042.8246,24.742,2.398,14.113,0.0232,0.0061,34.27,33.92,1.3594,1044.184,1044.268,1044.2847,1042.8246,50.0,False,NOMINAL,HEALTHY,46.79,25.03
DIG_LOT07_COMP0608,LOT_07,DIGITAL_IC,CQFP-64,DIG-SIH-2026,THERMAL_BURN_IN,T07_0608,PROC-ISRO-IISU-01,ATE-STATION-01,CHAMBER-01,1.0,125.0,5.0,168,IDDQ,ELECTRICAL,uA,1.3577,1061.2082,1061.299,1061.3637,1059.8505,23.62,1.7129,12.086,-0.0287,0.0273,34.1,33.61,1.3577,1061.2082,1061.299,1061.3637,1059.8505,50.0,False,NOMINAL,HEALTHY,-24.81,6.96
DIG_LOT07_COMP0609,LOT_07,DIGITAL_IC,CQFP-64,DIG-SIH-2026,THERMAL_BURN_IN,T07_0609,PROC-ISRO-IISU-01,ATE-STATION-01,CHAMBER-01,1.0,125.0,5.0,168,IDDQ,ELECTRICAL,uA,1.1259,870.8489,870.8478,870.9417,869.723,25.538,1.853,12.192,0.0173,-0.0192,34.91,34.29,1.1259,870.8489,870.8478,870.9417,869.723,50.0,False,NOMINAL,HEALTHY,25.62,28.16
DIG_LOT07_COMP0610,LOT_07,DIGITAL_IC,CQFP-64,DIG-SIH-2026,THERMAL_BURN_IN,T07_0610,PROC-ISRO-IISU-01,ATE-STATION-01,CHAMBER-01,1.0,125.0,5.0,168,IDDQ,ELECTRICAL,uA,1.6284,1269.5061,1269.5909,1269.6787,1267.8777,25.919,1.8681,11.563,0.0306,0.0483,34.7,34.63,1.6284,1269.5061,1269.5909,1269.6787,1267.8777,50.0,False,NOMINAL,HEALTHY,-18.86,6.16
DIG_LOT07_COMP0611,LOT_07,DIGITAL_IC,CQFP-64,DIG-SIH-2026,THERMAL_BURN_IN,T07_0611,PROC-ISRO-IISU-01,ATE-STATION-01,CHAMBER-01,1.0,125.0,5.0,168,IDDQ,ELECTRICAL,uA,1.3135,1032.704,1032.8426,1032.8531,1031.3905,24.563,1.9143,12.372,0.0225,0.0076,31.96,32.15,1.3135,1032.704,1032.8426,1032.8531,1031.3905,50.0,False,NOMINAL,HEALTHY,39.59,-37.71
DIG_LOT07_COMP0612,LOT_07,DIGITAL_IC,CQFP-64,DIG-SIH-2026,THERMAL_BURN_IN,T07_0612,PROC-ISRO-IISU-01,ATE-STATION-01,CHAMBER-01,1.0,125.0,5.0,168,IDDQ,ELECTRICAL,uA,1.5418,1196.0353,1196.1137,1196.1944,1194.4935,25.183,2.2734,10.848,0.0007,-0.0375,35.2,35.75,1.5418,1196.0353,1196.1137,1196.1944,1194.4935,50.0,False,NOMINAL,HEALTHY,0.87,-0.11
DIG_LOT07_COMP0613,LOT_07,DIGITAL_IC,CQFP-64,DIG-SIH-2026,THERMAL_BURN_IN,T07_0613,PROC-ISRO-IISU-01,ATE-STATION-01,CHAMBER-01,1.0,125.0,5.0,168,IDDQ,ELECTRICAL,uA,1.2721,982.3507,982.4055,982.471,981.0786,25.604,2.4094,11.815,-0.0076,0.0357,34.75,35.61,1.2721,982.3507,982.4055,982.471,981.0786,50.0,False,NOMINAL,HEALTHY,31.88,13.58
DIG_LOT07_COMP0614,LOT_07,DIGITAL_IC,CQFP-64,DIG-SIH-2026,THERMAL_BURN_IN,T07_0614,PROC-ISRO-IISU-01,ATE-STATION-01,CHAMBER-01,1.0,125.0,5.0,168,IDDQ,ELECTRICAL,uA,1.2794,980.2639,980.3269,980.4257,978.9845,25.785,1.9335,12.536,-0.0029,-0.1029,35.17,34.88,1.2794,980.2639,980.3269,980.4257,978.9845,50.0,False,NOMINAL,HEALTHY,-21.88,13.95
DIG_LOT07_COMP0615,LOT_07,DIGITAL_IC,CQFP-64,DIG-SIH-2026,THERMAL_BURN_IN,T07_0615,PROC-ISRO-IISU-01,ATE-STATION-01,CHAMBER-01,1.0,125.0,5.0,168,IDDQ,ELECTRICAL,uA,1.4364,1090.4978,1090.558,1090.5585,1089.0614,24.156,1.5695,10.907,0.0182,-0.0221,35.65,35.24,1.4364,1090.4978,1090.558,1090.5585,1089.0614,50.0,False,NOMINAL,HEALTHY,37.02,1.97
DIG_LOT07_COMP0616,LOT_07,DIGITAL_IC,CQFP-64,DIG-SIH-2026,THERMAL_BURN_IN,T07_0616,PROC-ISRO-IISU-01,ATE-STATION-01,CHAMBER-01,1.0,125.0,5.0,168,IDDQ,ELECTRICAL,uA,1.3595,1057.3257,1057.4122,1057.4462,1055.9662,24.737,1.612,12.99,-0.0033,-0.0347,31.56,31.61,1.3595,1057.3257,1057.4122,1057.4462,1055.9662,50.0,False,NOMINAL,HEALTHY,14.58,15.03
DIG_LOT07_COMP0617,LOT_07,DIGITAL_IC,CQFP-64,DIG-SIH-2026,THERMAL_BURN_IN,T07_0617,PROC-ISRO-IISU-01,ATE-STATION-01,CHAMBER-01,1.0,125.0,5.0,168,IDDQ,ELECTRICAL,uA,1.4137,1081.574,1081.662,1081.6478,1080.1603,26.894,1.903,11.95,0.0177,0.0397,35.24,35.16,1.4137,1081.574,1081.662,1081.6478,1080.1603,50.0,False,NOMINAL,HEALTHY,11.32,15.87
DIG_LOT07_COMP0618,LOT_07,DIGITAL_IC,CQFP-64,DIG-SIH-2026,THERMAL_BURN_IN,T07_0618,PROC-ISRO-IISU-01,ATE-STATION-01,CHAMBER-01,1.0,125.0,5.0,168,IDDQ,ELECTRICAL,uA,1.2555,976.161,976.2088,976.2772,974.9055,27.622,1.4667,12.294,0.0127,0.0558,33.04,33.31,1.2555,976.161,976.2088,976.2772,974.9055,50.0,False,NOMINAL,HEALTHY,3.06,31.94
DIG_LOT07_COMP0619,LOT_07,DIGITAL_IC,CQFP-64,DIG-SIH-2026,THERMAL_BURN_IN,T07_0619,PROC-ISRO-IISU-01,ATE-STATION-01,CHAMBER-01,1.0,125.0,5.0,168,IDDQ,ELECTRICAL,uA,1.0402,811.2129,811.2483,811.2404,810.1727,23.279,2.1625,12.031,-0.0132,-0.0164,35.19,35.58,1.0402,811.2129,811.2483,811.2404,810.1727,50.0,False,NOMINAL,HEALTHY,-9.81,4.83
DIG_LOT07_COMP0620,LOT_07,DIGITAL_IC,CQFP-64,DIG-SIH-2026,THERMAL_BURN_IN,T07_0620,PROC-ISRO-IISU-01,ATE-STATION-01,CHAMBER-01,1.0,125.0,5.0,168,IDDQ,ELECTRICAL,uA,1.1532,917.3917,917.4401,917.5046,916.2385,27.002,2.0379,13.829,0.0078,-0.0672,35.17,35.61,1.1532,917.3917,917.4401,917.5046,916.2385,50.0,False,NOMINAL,HEALTHY,-26.0,-25.05
DIG_LOT07_COMP0621,LOT_07,DIGITAL_IC,CQFP-64,DIG-SIH-2026,THERMAL_BURN_IN,T07_0621,PROC-ISRO-IISU-01,ATE-STATION-01,CHAMBER-01,1.0,125.0,5.0,168,IDDQ,ELECTRICAL,uA,1.3979,1093.1381,1093.2855,1093.3361,1091.7402,26.542,1.9881,12.249,-0.02,0.0495,35.1,34.77,1.3979,1093.1381,1093.2855,1093.3361,1091.7402,50.0,False,NOMINAL,HEALTHY,11.39,34.91
DIG_LOT07_COMP0622,LOT_07,DIGITAL_IC,CQFP-64,DIG-SIH-2026,THERMAL_BURN_IN,T07_0622,PROC-ISRO-IISU-01,ATE-STATION-01,CHAMBER-01,1.0,125.0,5.0,168,IDDQ,ELECTRICAL,uA,1.4935,1131.7949,1131.8615,1131.9473,1130.3014,24.471,2.0918,13.167,0.0143,-0.0094,35.02,36.2,1.4935,1131.7949,1131.8615,1131.9473,1130.3014,50.0,False,NOMINAL,HEALTHY,27.3,27.84
DIG_LOT07_COMP0623,LOT_07,DIGITAL_IC,CQFP-64,DIG-SIH-2026,THERMAL_BURN_IN,T07_0623,PROC-ISRO-IISU-01,ATE-STATION-01,CHAMBER-01,1.0,125.0,5.0,168,IDDQ,ELECTRICAL,uA,1.4602,1097.7996,1097.8842,1097.8982,1096.3394,22.656,2.073,11.812,0.0102,0.0393,35.49,35.16,1.4602,1097.7996,1097.8842,1097.8982,1096.3394,50.0,False,NOMINAL,HEALTHY,47.68,40.63
DIG_LOT07_COMP0624,LOT_07,DIGITAL_IC,CQFP-64,DIG-SIH-2026,THERMAL_BURN_IN,T07_0624,PROC-ISRO-IISU-01,ATE-STATION-01,CHAMBER-01,1.0,125.0,5.0,168,IDDQ,ELECTRICAL,uA,1.2635,972.2332,972.2848,972.3949,970.9697,25.359,1.9641,11.213,-0.0444,-0.0018,36.48,36.69,1.2635,972.2332,972.2848,972.3949,970.9697,50.0,False,NOMINAL,HEALTHY,-28.57,-17.47
DIG_LOT07_COMP0625,LOT_07,DIGITAL_IC,CQFP-64,DIG-SIH-2026,THERMAL_BURN_IN,T07_0625,PROC-ISRO-IISU-01,ATE-STATION-01,CHAMBER-01,1.0,125.0,5.0,168,IDDQ,ELECTRICAL,uA,1.0247,793.0624,793.1191,793.1654,792.0377,22.365,1.6355,11.716,0.0005,-0.0403,36.82,37.32,1.0247,793.0624,793.1191,793.1654,792.0377,50.0,False,NOMINAL,HEALTHY,-6.69,34.89
DIG_LOT07_COMP0626,LOT_07,DIGITAL_IC,CQFP-64,DIG-SIH-2026,THERMAL_BURN_IN,T07_0626,PROC-ISRO-IISU-01,ATE-STATION-01,CHAMBER-01,1.0,125.0,5.0,168,IDDQ,ELECTRICAL,uA,1.4455,1115.4046,1115.4898,1115.544,1113.9591,22.624,2.4456,12.926,0.0124,0.0215,34.83,34.96,1.4455,1115.4046,1115.4898,1115.544,1113.9591,50.0,False,NOMINAL,HEALTHY,26.41,14.96
DIG_LOT07_COMP0627,LOT_07,DIGITAL_IC,CQFP-64,DIG-SIH-2026,THERMAL_BURN_IN,T07_0627,PROC-ISRO-IISU-01,ATE-STATION-01,CHAMBER-01,1.0,125.0,5.0,168,IDDQ,ELECTRICAL,uA,1.3476,1045.5246,1045.6037,1045.7213,1044.177,26.644,2.1595,11.831,-0.0044,0.0504,35.73,35.8,1.3476,1045.5246,1045.6037,1045.7213,1044.177,50.0,False,NOMINAL,HEALTHY,24.73,49.16
DIG_LOT07_COMP0628,LOT_07,DIGITAL_IC,CQFP-64,DIG-SIH-2026,THERMAL_BURN_IN,T07_0628,PROC-ISRO-IISU-01,ATE-STATION-01,CHAMBER-01,1.0,125.0,5.0,168,IDDQ,ELECTRICAL,uA,1.326,1018.9791,1019.0793,1019.082,1017.6531,24.325,1.9629,12.038,-0.0116,0.0108,33.62,33.3,1.326,1018.9791,1019.0793,1019.082,1017.6531,50.0,False,NOMINAL,HEALTHY,31.88,12.47
DIG_LOT07_COMP0629,LOT_07,DIGITAL_IC,CQFP-64,DIG-SIH-2026,THERMAL_BURN_IN,T07_0629,PROC-ISRO-IISU-01,ATE-STATION-01,CHAMBER-01,1.0,125.0,5.0,168,IDDQ,ELECTRICAL,uA,1.1197,864.6276,864.7221,864.7462,863.5079,24.985,1.8601,12.801,0.0199,-0.0212,34.15,34.07,1.1197,864.6276,864.7221,864.7462,863.5079,50.0,False,NOMINAL,HEALTHY,-25.55,45.09
DIG_LOT07_COMP0630,LOT_07,DIGITAL_IC,CQFP-64,DIG-SIH-2026,THERMAL_BURN_IN,T07_0630,PROC-ISRO-IISU-01,ATE-STATION-01,CHAMBER-01,1.0,125.0,5.0,168,IDDQ,ELECTRICAL,uA,1.1764,894.2765,894.3136,894.4049,893.1001,23.713,1.8851,11.622,-0.0154,0.0877,36.02,36.24,1.1764,894.2765,894.3136,894.4049,893.1001,50.0,False,NOMINAL,HEALTHY,16.17,39.48
DIG_LOT07_COMP0631,LOT_07,DIGITAL_IC,CQFP-64,DIG-SIH-2026,THERMAL_BURN_IN,T07_0631,PROC-ISRO-IISU-01,ATE-STATION-01,CHAMBER-01,1.0,125.0,5.0,168,IDDQ,ELECTRICAL,uA,1.2977,985.2018,985.2983,985.318,983.9041,23.169,2.2324,12.891,0.0218,-0.0073,35.98,35.82,1.2977,985.2018,985.2983,985.318,983.9041,50.0,False,NOMINAL,HEALTHY,47.53,-14.57
DIG_LOT07_COMP0632,LOT_07,DIGITAL_IC,CQFP-64,DIG-SIH-2026,THERMAL_BURN_IN,T07_0632,PROC-ISRO-IISU-01,ATE-STATION-01,CHAMBER-01,1.0,125.0,5.0,168,IDDQ,ELECTRICAL,uA,1.3349,1015.5617,1015.6364,1015.6808,1014.2268,25.138,1.6945,12.143,-0.0128,0.0623,33.42,33.33,1.3349,1015.5617,1015.6364,1015.6808,1014.2268,50.0,False,NOMINAL,HEALTHY,-30.33,-6.9
DIG_LOT07_COMP0633,LOT_07,DIGITAL_IC,CQFP-64,DIG-SIH-2026,THERMAL_BURN_IN,T07_0633,PROC-ISRO-IISU-01,ATE-STATION-01,CHAMBER-01,1.0,125.0,5.0,168,IDDQ,ELECTRICAL,uA,1.1078,858.9284,858.9993,858.9885,857.8206,25.77,2.1345,13.95,0.023,-0.0249,35.76,35.35,1.1078,858.9284,858.9993,858.9885,857.8206,50.0,False,NOMINAL,HEALTHY,-10.4,-26.79
DIG_LOT07_COMP0634,LOT_07,DIGITAL_IC,CQFP-64,DIG-SIH-2026,THERMAL_BURN_IN,T07_0634,PROC-ISRO-IISU-01,ATE-STATION-01,CHAMBER-01,1.0,125.0,5.0,168,IDDQ,ELECTRICAL,uA,1.2886,994.3218,994.3851,994.4117,993.0332,26.508,1.6614,13.33,0.03,0.0943,36.27,35.92,1.2886,994.3218,994.3851,994.4117,993.0332,50.0,False,NOMINAL,HEALTHY,-14.9,12.35
DIG_LOT07_COMP0635,LOT_07,DIGITAL_IC,CQFP-64,DIG-SIH-2026,THERMAL_BURN_IN,T07_0635,PROC-ISRO-IISU-01,ATE-STATION-01,CHAMBER-01,1.0,125.0,5.0,168,IDDQ,ELECTRICAL,uA,1.2062,946.6477,946.7278,946.7608,945.4415,22.662,2.3182,11.61,-0.0125,-0.0027,36.21,36.16,1.2062,946.6477,946.7278,946.7608,945.4415,50.0,False,NOMINAL,HEALTHY,-27.8,-23.73
DIG_LOT07_COMP0636,LOT_07,DIGITAL_IC,CQFP-64,DIG-SIH-2026,THERMAL_BURN_IN,T07_0636,PROC-ISRO-IISU-01,ATE-STATION-01,CHAMBER-01,1.0,125.0,5.0,168,IDDQ,ELECTRICAL,uA,1.6095,1258.0711,1258.1599,1258.3237,1256.4616,25.157,1.9349,12.149,0.0062,-0.0646,34.56,35.57,1.6095,1258.0711,1258.1599,1258.3237,1256.4616,50.0,False,NOMINAL,HEALTHY,36.67,36.61
DIG_LOT07_COMP0637,LOT_07,DIGITAL_IC,CQFP-64,DIG-SIH-2026,THERMAL_BURN_IN,T07_0637,PROC-ISRO-IISU-01,ATE-STATION-01,CHAMBER-01,1.0,125.0,5.0,168,IDDQ,ELECTRICAL,uA,1.2596,958.519,958.6515,958.635,957.2594,26.208,1.7943,11.164,-0.0151,-0.0654,36.84,36.96,1.2596,958.519,958.6515,958.635,957.2594,50.0,False,NOMINAL,HEALTHY,-17.74,19.44
DIG_LOT07_COMP0638,LOT_07,DIGITAL_IC,CQFP-64,DIG-SIH-2026,THERMAL_BURN_IN,T07_0638,PROC-ISRO-IISU-01,ATE-STATION-01,CHAMBER-01,1.0,125.0,5.0,168,IDDQ,ELECTRICAL,uA,1.4785,1118.4558,1118.5484,1118.5702,1116.9773,25.145,2.3563,13.609,-0.0058,-0.0563,37.29,38.54,1.4785,1118.4558,1118.5484,1118.5702,1116.9773,50.0,False,NOMINAL,HEALTHY,-27.88,38.5
DIG_LOT07_COMP0639,LOT_07,DIGITAL_IC,CQFP-64,DIG-SIH-2026,THERMAL_BURN_IN,T07_0639,PROC-ISRO-IISU-01,ATE-STATION-01,CHAMBER-01,1.0,125.0,5.0,168,IDDQ,ELECTRICAL,uA,1.3129,997.4591,997.5809,997.6343,996.1462,26.682,2.4763,12.958,0.0112,-0.0288,36.48,36.06,1.3129,997.4591,997.5809,997.6343,996.1462,50.0,False,NOMINAL,HEALTHY,-46.34,48.31
DIG_LOT07_COMP0640,LOT_07,DIGITAL_IC,CQFP-64,DIG-SIH-2026,THERMAL_BURN_IN,T07_0640,PROC-ISRO-IISU-01,ATE-STATION-01,CHAMBER-01,1.0,125.0,5.0,168,IDDQ,ELECTRICAL,uA,1.2638,959.8577,959.992,959.966,958.5939,25.666,1.9149,12.368,-0.0216,-0.0243,35.25,34.82,1.2638,959.8577,959.992,959.966,958.5939,50.0,False,NOMINAL,HEALTHY,-31.98,-41.65
DIG_LOT07_COMP0641,LOT_07,DIGITAL_IC,CQFP-64,DIG-SIH-2026,THERMAL_BURN_IN,T07_0641,PROC-ISRO-IISU-01,ATE-STATION-01,CHAMBER-01,1.0,125.0,5.0,168,IDDQ,ELECTRICAL,uA,1.3663,1053.5556,1053.6346,1053.7081,1052.1893,27.054,1.6415,11.792,0.0182,0.0383,34.65,34.57,1.3663,1053.5556,1053.6346,1053.7081,1052.1893,50.0,False,NOMINAL,HEALTHY,36.4,22.15
DIG_LOT07_COMP0642,LOT_07,DIGITAL_IC,CQFP-64,DIG-SIH-2026,THERMAL_BURN_IN,T07_0642,PROC-ISRO-IISU-01,ATE-STATION-01,CHAMBER-01,1.0,125.0,5.0,168,IDDQ,ELECTRICAL,uA,1.2832,1008.7749,1008.7745,1008.8915,1007.4917,24.466,2.0402,12.044,-0.03,0.0093,36.13,37.06,1.2832,1008.7749,1008.7745,1008.8915,1007.4917,50.0,False,NOMINAL,HEALTHY,17.26,7.54
DIG_LOT07_COMP0643,LOT_07,DIGITAL_IC,CQFP-64,DIG-SIH-2026,THERMAL_BURN_IN,T07_0643,PROC-ISRO-IISU-01,ATE-STATION-01,CHAMBER-01,1.0,125.0,5.0,168,IDDQ,ELECTRICAL,uA,1.3508,1029.7964,1029.8562,1029.886,1028.4456,25.808,2.2143,12.684,-0.0161,-0.1043,33.43,32.94,1.3508,1029.7964,1029.8562,1029.886,1028.4456,50.0,False,NOMINAL,HEALTHY,8.97,-8.4
DIG_LOT07_COMP0644,LOT_07,DIGITAL_IC,CQFP-64,DIG-SIH-2026,THERMAL_BURN_IN,T07_0644,PROC-ISRO-IISU-01,ATE-STATION-01,CHAMBER-01,1.0,125.0,5.0,168,IDDQ,ELECTRICAL,uA,1.4438,1114.9312,1115.0384,1115.0362,1113.4874,21.847,2.1731,12.777,-0.0079,0.0287,37.4,37.63,1.4438,1114.9312,1115.0384,1115.0362,1113.4874,50.0,False,NOMINAL,HEALTHY,0.51,2.24
DIG_LOT07_COMP0645,LOT_07,DIGITAL_IC,CQFP-64,DIG-SIH-2026,THERMAL_BURN_IN,T07_0645,PROC-ISRO-IISU-01,ATE-STATION-01,CHAMBER-01,1.0,125.0,5.0,168,IDDQ,ELECTRICAL,uA,1.1643,904.9249,913.4863,1063.3803,903.7606,26.075,2.2223,12.647,-0.0164,-0.0739,33.33,33.38,1.1643,904.9249,913.4863,1063.3803,903.7606,50.0,True,THERMAL_RUNAWAY,HEALTHY,26.04,-45.05
DIG_LOT07_COMP0646,LOT_07,DIGITAL_IC,CQFP-64,DIG-SIH-2026,THERMAL_BURN_IN,T07_0646,PROC-ISRO-IISU-01,ATE-STATION-01,CHAMBER-01,1.0,125.0,5.0,168,IDDQ,ELECTRICAL,uA,1.3732,1051.937,1052.061,1052.046,1050.5638,25.566,1.3624,13.211,0.0067,0.0917,33.62,33.33,1.3732,1051.937,1052.061,1052.046,1050.5638,50.0,False,NOMINAL,HEALTHY,-27.22,-48.26
DIG_LOT07_COMP0647,LOT_07,DIGITAL_IC,CQFP-64,DIG-SIH-2026,THERMAL_BURN_IN,T07_0647,PROC-ISRO-IISU-01,ATE-STATION-01,CHAMBER-01,1.0,125.0,5.0,168,IDDQ,ELECTRICAL,uA,1.2073,920.7261,920.8394,920.8567,919.5188,27.154,2.0925,12.589,-0.011,0.0168,35.35,35.53,1.2073,920.7261,920.8394,920.8567,919.5188,50.0,False,NOMINAL,HEALTHY,-42.9,3.99
DIG_LOT07_COMP0648,LOT_07,DIGITAL_IC,CQFP-64,DIG-SIH-2026,THERMAL_BURN_IN,T07_0648,PROC-ISRO-IISU-01,ATE-STATION-01,CHAMBER-01,1.0,125.0,5.0,168,IDDQ,ELECTRICAL,uA,1.26,972.931,973.0988,973.0243,971.671,25.027,2.2779,13.16,-0.0319,0.0176,37.67,36.76,1.26,972.931,973.0988,973.0243,971.671,50.0,False,NOMINAL,HEALTHY,25.29,-29.32
DIG_LOT07_COMP0649,LOT_07,DIGITAL_IC,CQFP-64,DIG-SIH-2026,THERMAL_BURN_IN,T07_0649,PROC-ISRO-IISU-01,ATE-STATION-01,CHAMBER-01,1.0,125.0,5.0,168,IDDQ,ELECTRICAL,uA,1.363,1025.4342,1025.4921,1025.5479,1024.0712,22.797,2.1454,11.605,0.029,-0.0339,36.45,36.12,1.363,1025.4342,1025.4921,1025.5479,1024.0712,50.0,False,NOMINAL,HEALTHY,-27.46,-28.53
DIG_LOT07_COMP0650,LOT_07,DIGITAL_IC,CQFP-64,DIG-SIH-2026,THERMAL_BURN_IN,T07_0650,PROC-ISRO-IISU-01,ATE-STATION-01,CHAMBER-01,1.0,125.0,5.0,168,IDDQ,ELECTRICAL,uA,1.0848,835.8437,835.9146,835.9598,834.7589,23.091,2.1963,12.774,-0.0012,-0.0249,35.52,36.6,1.0848,835.8437,835.9146,835.9598,834.7589,50.0,False,NOMINAL,HEALTHY,5.41,-30.18
DIG_LOT07_COMP0651,LOT_07,DIGITAL_IC,CQFP-64,DIG-SIH-2026,THERMAL_BURN_IN,T07_0651,PROC-ISRO-IISU-01,ATE-STATION-01,CHAMBER-01,1.0,125.0,5.0,168,IDDQ,ELECTRICAL,uA,1.3057,1005.762,1005.8699,1005.866,1004.4563,23.786,2.2255,11.058,0.0078,0.0058,34.81,35.14,1.3057,1005.762,1005.8699,1005.866,1004.4563,50.0,False,NOMINAL,HEALTHY,-0.8,29.09
DIG_LOT07_COMP0652,LOT_07,DIGITAL_IC,CQFP-64,DIG-SIH-2026,THERMAL_BURN_IN,T07_0652,PROC-ISRO-IISU-01,ATE-STATION-01,CHAMBER-01,1.0,125.0,5.0,168,IDDQ,ELECTRICAL,uA,1.3018,1006.9564,1007.0106,1007.1074,1005.6546,25.401,2.3708,14.056,0.0246,0.0151,36.24,36.52,1.3018,1006.9564,1007.0106,1007.1074,1005.6546,50.0,False,NOMINAL,HEALTHY,6.18,9.34
DIG_LOT07_COMP0653,LOT_07,DIGITAL_IC,CQFP-64,DIG-SIH-2026,THERMAL_BURN_IN,T07_0653,PROC-ISRO-IISU-01,ATE-STATION-01,CHAMBER-01,1.0,125.0,5.0,168,IDDQ,ELECTRICAL,uA,1.3727,1030.4739,1030.5705,1030.596,1029.1012,26.072,2.1688,12.536,-0.0202,0.009,35.56,35.04,1.3727,1030.4739,1030.5705,1030.596,1029.1012,50.0,False,NOMINAL,HEALTHY,3.88,22.49
DIG_LOT07_COMP0654,LOT_07,DIGITAL_IC,CQFP-64,DIG-SIH-2026,THERMAL_BURN_IN,T07_0654,PROC-ISRO-IISU-01,ATE-STATION-01,CHAMBER-01,1.0,125.0,5.0,168,IDDQ,ELECTRICAL,uA,1.2847,977.7536,977.8331,977.9103,976.4689,25.551,1.904,12.879,-0.0079,0.0212,34.35,34.79,1.2847,977.7536,977.8331,977.9103,976.4689,50.0,False,NOMINAL,HEALTHY,16.21,47.4
DIG_LOT07_COMP0655,LOT_07,DIGITAL_IC,CQFP-64,DIG-SIH-2026,THERMAL_BURN_IN,T07_0655,PROC-ISRO-IISU-01,ATE-STATION-01,CHAMBER-01,1.0,125.0,5.0,168,IDDQ,ELECTRICAL,uA,1.3839,1078.7533,1078.8812,1078.8964,1077.3694,23.519,1.5973,13.208,0.0203,0.0308,36.6,37.18,1.3839,1078.7533,1078.8812,1078.8964,1077.3694,50.0,False,NOMINAL,HEALTHY,-43.97,-3.73
DIG_LOT07_COMP0656,LOT_07,DIGITAL_IC,CQFP-64,DIG-SIH-2026,THERMAL_BURN_IN,T07_0656,PROC-ISRO-IISU-01,ATE-STATION-01,CHAMBER-01,1.0,125.0,5.0,168,IDDQ,ELECTRICAL,uA,1.3743,1062.9897,1063.1163,1063.1456,1061.6154,26.383,2.1195,14.527,0.0456,0.0519,34.76,35.18,1.3743,1062.9897,1063.1163,1063.1456,1061.6154,50.0,False,NOMINAL,HEALTHY,4.88,24.92
DIG_LOT07_COMP0657,LOT_07,DIGITAL_IC,CQFP-64,DIG-SIH-2026,THERMAL_BURN_IN,T07_0657,PROC-ISRO-IISU-01,ATE-STATION-01,CHAMBER-01,1.0,125.0,5.0,168,IDDQ,ELECTRICAL,uA,1.2456,974.7993,974.8663,974.9041,973.5537,21.554,2.0215,13.284,0.0206,0.0703,36.04,36.02,1.2456,974.7993,974.8663,974.9041,973.5537,50.0,False,NOMINAL,HEALTHY,24.17,-27.04
DIG_LOT07_COMP0658,LOT_07,DIGITAL_IC,CQFP-64,DIG-SIH-2026,THERMAL_BURN_IN,T07_0658,PROC-ISRO-IISU-01,ATE-STATION-01,CHAMBER-01,1.0,125.0,5.0,168,IDDQ,ELECTRICAL,uA,1.341,1021.8402,1021.9229,1021.9909,1020.4992,25.862,2.1659,9.665,-0.0081,-0.0881,35.57,36.36,1.341,1021.8402,1021.9229,1021.9909,1020.4992,50.0,False,NOMINAL,HEALTHY,-15.41,5.11
DIG_LOT07_COMP0659,LOT_07,DIGITAL_IC,CQFP-64,DIG-SIH-2026,THERMAL_BURN_IN,T07_0659,PROC-ISRO-IISU-01,ATE-STATION-01,CHAMBER-01,1.0,125.0,5.0,168,IDDQ,ELECTRICAL,uA,1.1482,872.9868,873.0064,873.0759,871.8386,24.811,2.536,13.046,0.0115,0.0765,33.26,33.15,1.1482,872.9868,873.0064,873.0759,871.8386,50.0,False,NOMINAL,HEALTHY,-28.22,-15.36
DIG_LOT07_COMP0660,LOT_07,DIGITAL_IC,CQFP-64,DIG-SIH-2026,THERMAL_BURN_IN,T07_0660,PROC-ISRO-IISU-01,ATE-STATION-01,CHAMBER-01,1.0,125.0,5.0,168,IDDQ,ELECTRICAL,uA,1.4452,1105.3138,1105.3707,1105.4255,1103.8686,26.996,1.888,12.449,0.0038,0.0102,37.17,36.47,1.4452,1105.3138,1105.3707,1105.4255,1103.8686,50.0,False,NOMINAL,HEALTHY,-36.45,-17.75
DIG_LOT07_COMP0661,LOT_07,DIGITAL_IC,CQFP-64,DIG-SIH-2026,THERMAL_BURN_IN,T07_0661,PROC-ISRO-IISU-01,ATE-STATION-01,CHAMBER-01,1.0,125.0,5.0,168,IDDQ,ELECTRICAL,uA,1.3741,1052.6939,1052.7334,1052.8221,1051.3198,26.001,1.6935,12.915,0.0171,0.0267,37.25,37.06,1.3741,1052.6939,1052.7334,1052.8221,1051.3198,50.0,False,NOMINAL,HEALTHY,-41.98,34.02
DIG_LOT07_COMP0662,LOT_07,DIGITAL_IC,CQFP-64,DIG-SIH-2026,THERMAL_BURN_IN,T07_0662,PROC-ISRO-IISU-01,ATE-STATION-01,CHAMBER-01,1.0,125.0,5.0,168,IDDQ,ELECTRICAL,uA,1.1322,865.0262,865.0592,865.1687,863.894,25.386,1.9439,13.404,0.0385,0.0435,36.06,36.5,1.1322,865.0262,865.0592,865.1687,863.894,50.0,False,NOMINAL,HEALTHY,40.1,-33.72
DIG_LOT07_COMP0663,LOT_07,DIGITAL_IC,CQFP-64,DIG-SIH-2026,THERMAL_BURN_IN,T07_0663,PROC-ISRO-IISU-01,ATE-STATION-01,CHAMBER-01,1.0,125.0,5.0,168,IDDQ,ELECTRICAL,uA,1.2637,978.2128,978.3256,978.3344,976.9491,25.856,2.1535,13.053,0.0188,0.0269,33.77,33.73,1.2637,978.2128,978.3256,978.3344,976.9491,50.0,False,NOMINAL,HEALTHY,-39.41,-32.19
DIG_LOT07_COMP0664,LOT_07,DIGITAL_IC,CQFP-64,DIG-SIH-2026,THERMAL_BURN_IN,T07_0664,PROC-ISRO-IISU-01,ATE-STATION-01,CHAMBER-01,1.0,125.0,5.0,168,IDDQ,ELECTRICAL,uA,1.4912,1142.942,1143.0044,1143.1148,1141.4508,24.851,1.8559,13.13,0.0189,-0.016,34.55,34.56,1.4912,1142.942,1143.0044,1143.1148,1141.4508,50.0,False,NOMINAL,HEALTHY,-35.73,-18.79
DIG_LOT07_COMP0665,LOT_07,DIGITAL_IC,CQFP-64,DIG-SIH-2026,THERMAL_BURN_IN,T07_0665,PROC-ISRO-IISU-01,ATE-STATION-01,CHAMBER-01,1.0,125.0,5.0,168,IDDQ,ELECTRICAL,uA,1.2574,958.9499,958.9939,958.9997,957.6925,27.054,1.5993,12.986,0.0038,0.0325,36.94,37.03,1.2574,958.9499,958.9939,958.9997,957.6925,50.0,False,NOMINAL,HEALTHY,-46.44,-16.72
DIG_LOT07_COMP0666,LOT_07,DIGITAL_IC,CQFP-64,DIG-SIH-2026,THERMAL_BURN_IN,T07_0666,PROC-ISRO-IISU-01,ATE-STATION-01,CHAMBER-01,1.0,125.0,5.0,168,IDDQ,ELECTRICAL,uA,1.4799,1144.6479,1144.7537,1144.7563,1143.168,27.113,1.5681,12.456,0.0075,-0.0336,36.61,37.46,1.4799,1144.6479,1144.7537,1144.7563,1143.168,50.0,False,NOMINAL,HEALTHY,16.93,30.4
DIG_LOT07_COMP0667,LOT_07,DIGITAL_IC,CQFP-64,DIG-SIH-2026,THERMAL_BURN_IN,T07_0667,PROC-ISRO-IISU-01,ATE-STATION-01,CHAMBER-01,1.0,125.0,5.0,168,IDDQ,ELECTRICAL,uA,1.3106,1014.3953,1014.4941,1014.5201,1013.0847,25.811,1.8432,13.032,-0.039,0.002,33.14,32.56,1.3106,1014.3953,1014.4941,1014.5201,1013.0847,50.0,False,NOMINAL,HEALTHY,14.46,-29.23
DIG_LOT07_COMP0668,LOT_07,DIGITAL_IC,CQFP-64,DIG-SIH-2026,THERMAL_BURN_IN,T07_0668,PROC-ISRO-IISU-01,ATE-STATION-01,CHAMBER-01,1.0,125.0,5.0,168,IDDQ,ELECTRICAL,uA,1.3246,1030.6646,1030.7324,1030.7721,1029.34,23.992,2.1586,12.719,0.0117,-0.0762,34.54,35.15,1.3246,1030.6646,1030.7324,1030.7721,1029.34,50.0,False,NOMINAL,HEALTHY,-14.85,41.7
DIG_LOT07_COMP0669,LOT_07,DIGITAL_IC,CQFP-64,DIG-SIH-2026,THERMAL_BURN_IN,T07_0669,PROC-ISRO-IISU-01,ATE-STATION-01,CHAMBER-01,1.0,125.0,5.0,168,IDDQ,ELECTRICAL,uA,1.2197,933.0162,933.0975,933.1647,931.7965,24.806,2.3436,12.415,-0.0069,-0.0664,35.3,34.97,1.2197,933.0162,933.0975,933.1647,931.7965,50.0,False,NOMINAL,HEALTHY,35.13,20.53
DIG_LOT07_COMP0670,LOT_07,DIGITAL_IC,CQFP-64,DIG-SIH-2026,THERMAL_BURN_IN,T07_0670,PROC-ISRO-IISU-01,ATE-STATION-01,CHAMBER-01,1.0,125.0,5.0,168,IDDQ,ELECTRICAL,uA,1.0382,797.4641,797.5362,797.559,796.4259,26.764,2.6138,11.87,-0.0216,-0.1132,35.23,35.28,1.0382,797.4641,797.5362,797.559,796.4259,50.0,False,NOMINAL,HEALTHY,23.72,49.44
DIG_LOT07_COMP0671,LOT_07,DIGITAL_IC,CQFP-64,DIG-SIH-2026,THERMAL_BURN_IN,T07_0671,PROC-ISRO-IISU-01,ATE-STATION-01,CHAMBER-01,1.0,125.0,5.0,168,IDDQ,ELECTRICAL,uA,1.3335,1039.1579,1039.25,1039.2968,1037.8244,24.035,1.6984,11.253,-0.0124,-0.0112,32.43,31.91,1.3335,1039.1579,1039.25,1039.2968,1037.8244,50.0,False,NOMINAL,HEALTHY,48.27,30.25
DIG_LOT07_COMP0672,LOT_07,DIGITAL_IC,CQFP-64,DIG-SIH-2026,THERMAL_BURN_IN,T07_0672,PROC-ISRO-IISU-01,ATE-STATION-01,CHAMBER-01,1.0,125.0,5.0,168,IDDQ,ELECTRICAL,uA,1.5397,1192.4863,1192.5978,1192.6763,1190.9466,26.831,2.1678,13.043,-0.0352,-0.0646,34.37,34.41,1.5397,1192.4863,1192.5978,1192.6763,1190.9466,50.0,False,NOMINAL,HEALTHY,38.8,-26.55
DIG_LOT07_COMP0673,LOT_07,DIGITAL_IC,CQFP-64,DIG-SIH-2026,THERMAL_BURN_IN,T07_0673,PROC-ISRO-IISU-01,ATE-STATION-01,CHAMBER-01,1.0,125.0,5.0,168,IDDQ,ELECTRICAL,uA,1.3505,1031.1916,1031.2807,1031.2879,1029.8411,27.204,1.7665,11.865,-0.0132,0.0695,34.99,35.13,1.3505,1031.1916,1031.2807,1031.2879,1029.8411,50.0,False,NOMINAL,HEALTHY,16.72,1.41
DIG_LOT07_COMP0674,LOT_07,DIGITAL_IC,CQFP-64,DIG-SIH-2026,THERMAL_BURN_IN,T07_0674,PROC-ISRO-IISU-01,ATE-STATION-01,CHAMBER-01,1.0,125.0,5.0,168,IDDQ,ELECTRICAL,uA,1.2943,991.8837,991.9349,991.9679,990.5894,27.493,1.8817,11.843,0.0366,0.0793,34.16,34.17,1.2943,991.8837,991.9349,991.9679,990.5894,50.0,False,NOMINAL,HEALTHY,35.89,33.81
DIG_LOT07_COMP0675,LOT_07,DIGITAL_IC,CQFP-64,DIG-SIH-2026,THERMAL_BURN_IN,T07_0675,PROC-ISRO-IISU-01,ATE-STATION-01,CHAMBER-01,1.0,125.0,5.0,168,IDDQ,ELECTRICAL,uA,1.4109,1084.0425,1084.1374,1084.2035,1082.6316,27.32,2.1574,13.901,-0.0337,-0.0977,35.53,35.39,1.4109,1084.0425,1084.1374,1084.2035,1082.6316,50.0,False,NOMINAL,HEALTHY,-44.58,-21.34
DIG_LOT07_COMP0676,LOT_07,DIGITAL_IC,CQFP-64,DIG-SIH-2026,THERMAL_BURN_IN,T07_0676,PROC-ISRO-IISU-01,ATE-STATION-01,CHAMBER-01,1.0,125.0,5.0,168,IDDQ,ELECTRICAL,uA,1.6075,1214.9837,1215.0299,1215.1057,1213.3762,25.901,1.86,12.0,0.0234,-0.0005,35.1,35.47,1.6075,1214.9837,1215.0299,1215.1057,1213.3762,50.0,False,NOMINAL,HEALTHY,-11.34,-2.57
DIG_LOT07_COMP0677,LOT_07,DIGITAL_IC,CQFP-64,DIG-SIH-2026,THERMAL_BURN_IN,T07_0677,PROC-ISRO-IISU-01,ATE-STATION-01,CHAMBER-01,1.0,125.0,5.0,168,IDDQ,ELECTRICAL,uA,1.5169,1182.1027,1182.1988,1182.2659,1180.5858,23.392,2.2159,11.702,-0.0084,-0.0426,34.43,34.14,1.5169,1182.1027,1182.1988,1182.2659,1180.5858,50.0,False,NOMINAL,HEALTHY,6.4,1.36
DIG_LOT07_COMP0678,LOT_07,DIGITAL_IC,CQFP-64,DIG-SIH-2026,THERMAL_BURN_IN,T07_0678,PROC-ISRO-IISU-01,ATE-STATION-01,CHAMBER-01,1.0,125.0,5.0,168,IDDQ,ELECTRICAL,uA,1.2695,954.7313,954.7878,954.8587,953.4618,25.205,2.0637,11.905,0.006,-0.0093,33.73,33.64,1.2695,954.7313,954.7878,954.8587,953.4618,50.0,False,NOMINAL,HEALTHY,-22.81,4.35
DIG_LOT07_COMP0679,LOT_07,DIGITAL_IC,CQFP-64,DIG-SIH-2026,THERMAL_BURN_IN,T07_0679,PROC-ISRO-IISU-01,ATE-STATION-01,CHAMBER-01,1.0,125.0,5.0,168,IDDQ,ELECTRICAL,uA,1.1517,903.3448,903.3249,903.4282,902.1931,24.82,1.8793,13.827,0.0097,0.0537,35.68,35.88,1.1517,903.3448,903.3249,903.4282,902.1931,50.0,False,NOMINAL,HEALTHY,-12.33,-35.97
DIG_LOT07_COMP0680,LOT_07,DIGITAL_IC,CQFP-64,DIG-SIH-2026,THERMAL_BURN_IN,T07_0680,PROC-ISRO-IISU-01,ATE-STATION-01,CHAMBER-01,1.0,125.0,5.0,168,IDDQ,ELECTRICAL,uA,1.2204,948.5815,948.6146,948.7156,947.3611,23.638,1.5151,12.415,-0.0145,0.0382,34.54,33.92,1.2204,948.5815,948.6146,948.7156,947.3611,50.0,False,NOMINAL,HEALTHY,41.19,-42.55
DIG_LOT07_COMP0681,LOT_07,DIGITAL_IC,CQFP-64,DIG-SIH-2026,THERMAL_BURN_IN,T07_0681,PROC-ISRO-IISU-01,ATE-STATION-01,CHAMBER-01,1.0,125.0,5.0,168,IDDQ,ELECTRICAL,uA,1.4361,1115.3289,1115.417,1115.4741,1113.8928,24.286,1.564,12.187,-0.0241,-0.0352,33.31,32.83,1.4361,1115.3289,1115.417,1115.4741,1113.8928,50.0,False,NOMINAL,HEALTHY,-37.62,8.48
DIG_LOT07_COMP0682,LOT_07,DIGITAL_IC,CQFP-64,DIG-SIH-2026,THERMAL_BURN_IN,T07_0682,PROC-ISRO-IISU-01,ATE-STATION-01,CHAMBER-01,1.0,125.0,5.0,168,IDDQ,ELECTRICAL,uA,1.3028,1007.4125,1007.4161,1007.4578,1006.1097,24.122,1.9613,11.787,0.0458,-0.0371,34.58,33.68,1.3028,1007.4125,1007.4161,1007.4578,1006.1097,50.0,False,NOMINAL,HEALTHY,-20.05,-48.99
DIG_LOT07_COMP0683,LOT_07,DIGITAL_IC,CQFP-64,DIG-SIH-2026,THERMAL_BURN_IN,T07_0683,PROC-ISRO-IISU-01,ATE-STATION-01,CHAMBER-01,1.0,125.0,5.0,168,IDDQ,ELECTRICAL,uA,1.3148,1027.3849,1027.4817,1027.554,1026.0701,26.3,1.8337,11.469,-0.0021,0.0475,34.53,34.07,1.3148,1027.3849,1027.4817,1027.554,1026.0701,50.0,False,NOMINAL,HEALTHY,38.65,-33.33
DIG_LOT07_COMP0684,LOT_07,DIGITAL_IC,CQFP-64,DIG-SIH-2026,THERMAL_BURN_IN,T07_0684,PROC-ISRO-IISU-01,ATE-STATION-01,CHAMBER-01,1.0,125.0,5.0,168,IDDQ,ELECTRICAL,uA,1.3765,1047.6275,1047.7037,1047.7869,1046.251,23.982,2.2146,13.797,-0.0131,-0.0087,34.88,34.72,1.3765,1047.6275,1047.7037,1047.7869,1046.251,50.0,False,NOMINAL,HEALTHY,-29.15,20.07
DIG_LOT07_COMP0685,LOT_07,DIGITAL_IC,CQFP-64,DIG-SIH-2026,THERMAL_BURN_IN,T07_0685,PROC-ISRO-IISU-01,ATE-STATION-01,CHAMBER-01,1.0,125.0,5.0,168,IDDQ,ELECTRICAL,uA,1.1201,878.2671,878.3186,878.389,877.147,22.665,2.0086,13.35,-0.0005,0.0411,37.33,37.25,1.1201,878.2671,878.3186,878.389,877.147,50.0,False,NOMINAL,HEALTHY,-14.77,-26.87
DIG_LOT07_COMP0686,LOT_07,DIGITAL_IC,CQFP-64,DIG-SIH-2026,THERMAL_BURN_IN,T07_0686,PROC-ISRO-IISU-01,ATE-STATION-01,CHAMBER-01,1.0,125.0,5.0,168,IDDQ,ELECTRICAL,uA,1.1686,885.4612,885.4944,885.549,884.2926,26.064,1.9645,14.125,-0.0128,-0.0315,35.17,34.34,1.1686,885.4612,885.4944,885.549,884.2926,50.0,False,NOMINAL,HEALTHY,48.45,34.33
DIG_LOT07_COMP0687,LOT_07,DIGITAL_IC,CQFP-64,DIG-SIH-2026,THERMAL_BURN_IN,T07_0687,PROC-ISRO-IISU-01,ATE-STATION-01,CHAMBER-01,1.0,125.0,5.0,168,IDDQ,ELECTRICAL,uA,1.3361,1023.1218,1023.2081,1023.2643,1021.7857,28.676,1.5835,13.532,-0.0233,0.0269,34.88,35.47,1.3361,1023.1218,1023.2081,1023.2643,1021.7857,50.0,False,NOMINAL,HEALTHY,-12.32,14.22
DIG_LOT07_COMP0688,LOT_07,DIGITAL_IC,CQFP-64,DIG-SIH-2026,THERMAL_BURN_IN,T07_0688,PROC-ISRO-IISU-01,ATE-STATION-01,CHAMBER-01,1.0,125.0,5.0,168,IDDQ,ELECTRICAL,uA,1.3221,1015.8852,1016.0094,1016.0246,1014.5631,23.041,2.4393,11.721,0.001,-0.0832,34.97,35.15,1.3221,1015.8852,1016.0094,1016.0246,1014.5631,50.0,False,NOMINAL,HEALTHY,24.1,30.39
DIG_LOT07_COMP0689,LOT_07,DIGITAL_IC,CQFP-64,DIG-SIH-2026,THERMAL_BURN_IN,T07_0689,PROC-ISRO-IISU-01,ATE-STATION-01,CHAMBER-01,1.0,125.0,5.0,168,IDDQ,ELECTRICAL,uA,1.2842,995.3936,995.4456,995.4677,994.1094,24.377,2.7348,13.274,0.0013,0.0445,37.46,37.94,1.2842,995.3936,995.4456,995.4677,994.1094,50.0,False,NOMINAL,HEALTHY,-24.28,-33.98
DIG_LOT07_COMP0690,LOT_07,DIGITAL_IC,CQFP-64,DIG-SIH-2026,THERMAL_BURN_IN,T07_0690,PROC-ISRO-IISU-01,ATE-STATION-01,CHAMBER-01,1.0,125.0,5.0,168,IDDQ,ELECTRICAL,uA,1.3073,1013.0402,1013.1394,1013.1983,1011.7329,21.277,2.0426,12.404,-0.0054,-0.0288,36.37,36.59,1.3073,1013.0402,1013.1394,1013.1983,1011.7329,50.0,True,DIELECTRIC_OSCILLATION,HEALTHY,18.41,17.87
DIG_LOT07_COMP0691,LOT_07,DIGITAL_IC,CQFP-64,DIG-SIH-2026,THERMAL_BURN_IN,T07_0691,PROC-ISRO-IISU-01,ATE-STATION-01,CHAMBER-01,1.0,125.0,5.0,168,IDDQ,ELECTRICAL,uA,1.6322,1239.9188,1240.0217,1240.1216,1238.2866,26.678,1.3498,12.632,0.028,-0.0458,35.17,35.41,1.6322,1239.9188,1240.0217,1240.1216,1238.2866,50.0,False,NOMINAL,HEALTHY,42.68,-36.84
DIG_LOT07_COMP0692,LOT_07,DIGITAL_IC,CQFP-64,DIG-SIH-2026,THERMAL_BURN_IN,T07_0692,PROC-ISRO-IISU-01,ATE-STATION-01,CHAMBER-01,1.0,125.0,5.0,168,IDDQ,ELECTRICAL,uA,1.266,991.3017,991.3321,991.4001,990.0357,25.027,2.2752,11.013,0.0242,0.0077,34.04,34.52,1.266,991.3017,991.3321,991.4001,990.0357,50.0,False,NOMINAL,HEALTHY,-18.59,15.5
DIG_LOT07_COMP0693,LOT_07,DIGITAL_IC,CQFP-64,DIG-SIH-2026,THERMAL_BURN_IN,T07_0693,PROC-ISRO-IISU-01,ATE-STATION-01,CHAMBER-01,1.0,125.0,5.0,168,IDDQ,ELECTRICAL,uA,1.213,961.7799,961.8719,961.8847,960.5669,23.971,1.6716,14.386,0.0254,0.0012,33.64,33.61,1.213,961.7799,961.8719,961.8847,960.5669,50.0,False,NOMINAL,HEALTHY,11.09,-45.45
DIG_LOT07_COMP0694,LOT_07,DIGITAL_IC,CQFP-64,DIG-SIH-2026,THERMAL_BURN_IN,T07_0694,PROC-ISRO-IISU-01,ATE-STATION-01,CHAMBER-01,1.0,125.0,5.0,168,IDDQ,ELECTRICAL,uA,1.4362,1094.9524,1095.0573,1095.1741,1093.5162,24.196,2.3212,13.043,-0.0142,0.0158,36.02,34.9,1.4362,1094.9524,1095.0573,1095.1741,1093.5162,50.0,False,NOMINAL,HEALTHY,43.29,17.8
DIG_LOT07_COMP0695,LOT_07,DIGITAL_IC,CQFP-64,DIG-SIH-2026,THERMAL_BURN_IN,T07_0695,PROC-ISRO-IISU-01,ATE-STATION-01,CHAMBER-01,1.0,125.0,5.0,168,IDDQ,ELECTRICAL,uA,1.3216,1016.9185,1017.0097,1016.9867,1015.5969,27.24,1.9888,11.821,-0.0005,-0.0068,33.77,33.59,1.3216,1016.9185,1017.0097,1016.9867,1015.5969,50.0,False,NOMINAL,HEALTHY,-14.8,8.76
DIG_LOT07_COMP0696,LOT_07,DIGITAL_IC,CQFP-64,DIG-SIH-2026,THERMAL_BURN_IN,T07_0696,PROC-ISRO-IISU-01,ATE-STATION-01,CHAMBER-01,1.0,125.0,5.0,168,IDDQ,ELECTRICAL,uA,1.6051,1222.0821,1222.2177,1222.2738,1220.477,24.907,1.6661,13.56,0.0172,-0.0786,36.16,35.56,1.6051,1222.0821,1222.2177,1222.2738,1220.477,50.0,False,NOMINAL,HEALTHY,19.13,-9.07
DIG_LOT07_COMP0697,LOT_07,DIGITAL_IC,CQFP-64,DIG-SIH-2026,THERMAL_BURN_IN,T07_0697,PROC-ISRO-IISU-01,ATE-STATION-01,CHAMBER-01,1.0,125.0,5.0,168,IDDQ,ELECTRICAL,uA,1.4653,1123.9737,1124.0556,1124.1289,1122.5084,22.108,2.1725,11.867,0.0163,-0.037,36.57,36.99,1.4653,1123.9737,1124.0556,1124.1289,1122.5084,50.0,False,NOMINAL,HEALTHY,46.61,6.51
DIG_LOT07_COMP0698,LOT_07,DIGITAL_IC,CQFP-64,DIG-SIH-2026,THERMAL_BURN_IN,T07_0698,PROC-ISRO-IISU-01,ATE-STATION-01,CHAMBER-01,1.0,125.0,5.0,168,IDDQ,ELECTRICAL,uA,1.2672,982.0336,982.1459,982.1566,980.7664,24.704,2.5108,13.714,0.0145,-0.0015,33.24,31.9,1.2672,982.0336,982.1459,982.1566,980.7664,50.0,False,NOMINAL,HEALTHY,-31.99,17.38
DIG_LOT07_COMP0699,LOT_07,DIGITAL_IC,CQFP-64,DIG-SIH-2026,THERMAL_BURN_IN,T07_0699,PROC-ISRO-IISU-01,ATE-STATION-01,CHAMBER-01,1.0,125.0,5.0,168,IDDQ,ELECTRICAL,uA,1.4918,1139.6166,1139.6759,1139.7134,1138.1248,23.118,2.1678,10.328,0.0131,0.0186,34.99,34.57,1.4918,1139.6166,1139.6759,1139.7134,1138.1248,50.0,False,NOMINAL,HEALTHY,44.49,44.41
DIG_LOT07_COMP0700,LOT_07,DIGITAL_IC,CQFP-64,DIG-SIH-2026,THERMAL_BURN_IN,T07_0700,PROC-ISRO-IISU-01,ATE-STATION-01,CHAMBER-01,1.0,125.0,5.0,168,IDDQ,ELECTRICAL,uA,1.3667,1044.9753,1045.1156,1045.1481,1043.6086,25.029,1.9284,11.833,0.0228,0.0834,35.43,34.42,1.3667,1044.9753,1045.1156,1045.1481,1043.6086,50.0,False,NOMINAL,HEALTHY,-34.13,-10.29
DIG_LOT07_COMP0701,LOT_07,DIGITAL_IC,CQFP-64,DIG-SIH-2026,THERMAL_BURN_IN,T07_0701,PROC-ISRO-IISU-01,ATE-STATION-01,CHAMBER-01,1.0,125.0,5.0,168,IDDQ,ELECTRICAL,uA,1.2242,951.6981,951.8115,951.8036,950.4739,23.367,2.3914,11.69,0.0159,0.0098,33.88,33.28,1.2242,951.6981,951.8115,951.8036,950.4739,50.0,False,NOMINAL,HEALTHY,0.69,42.95
DIG_LOT07_COMP0702,LOT_07,DIGITAL_IC,CQFP-64,DIG-SIH-2026,THERMAL_BURN_IN,T07_0702,PROC-ISRO-IISU-01,ATE-STATION-01,CHAMBER-01,1.0,125.0,5.0,168,IDDQ,ELECTRICAL,uA,1.5459,1179.2505,1179.3971,1179.423,1177.7046,26.12,1.8169,13.298,-0.0311,-0.0941,36.63,36.33,1.5459,1179.2505,1179.3971,1179.423,1177.7046,50.0,False,NOMINAL,HEALTHY,46.02,-30.21
DIG_LOT07_COMP0703,LOT_07,DIGITAL_IC,CQFP-64,DIG-SIH-2026,THERMAL_BURN_IN,T07_0703,PROC-ISRO-IISU-01,ATE-STATION-01,CHAMBER-01,1.0,125.0,5.0,168,IDDQ,ELECTRICAL,uA,1.2859,979.3076,979.3166,979.4142,978.0217,22.382,2.0369,13.043,-0.0269,-0.0656,36.0,35.6,1.2859,979.3076,979.3166,979.4142,978.0217,50.0,False,NOMINAL,HEALTHY,39.5,30.76
DIG_LOT07_COMP0704,LOT_07,DIGITAL_IC,CQFP-64,DIG-SIH-2026,THERMAL_BURN_IN,T07_0704,PROC-ISRO-IISU-01,ATE-STATION-01,CHAMBER-01,1.0,125.0,5.0,168,IDDQ,ELECTRICAL,uA,1.4518,1085.537,1085.6566,1085.7475,1084.0852,25.577,2.0074,12.704,-0.0148,-0.0165,37.37,36.93,1.4518,1085.537,1085.6566,1085.7475,1084.0852,50.0,False,NOMINAL,HEALTHY,23.27,-32.9
DIG_LOT07_COMP0705,LOT_07,DIGITAL_IC,CQFP-64,DIG-SIH-2026,THERMAL_BURN_IN,T07_0705,PROC-ISRO-IISU-01,ATE-STATION-01,CHAMBER-01,1.0,125.0,5.0,168,IDDQ,ELECTRICAL,uA,1.4525,1133.3565,1133.4387,1133.4682,1131.904,28.334,1.7616,11.968,0.0198,0.032,34.89,35.09,1.4525,1133.3565,1133.4387,1133.4682,1131.904,50.0,False,NOMINAL,HEALTHY,-41.24,-43.6
DIG_LOT07_COMP0706,LOT_07,DIGITAL_IC,CQFP-64,DIG-SIH-2026,THERMAL_BURN_IN,T07_0706,PROC-ISRO-IISU-01,ATE-STATION-01,CHAMBER-01,1.0,125.0,5.0,168,IDDQ,ELECTRICAL,uA,1.2131,933.6097,933.7149,933.7314,932.3966,25.552,1.5056,12.424,-0.0502,-0.0921,35.33,35.35,1.2131,933.6097,933.7149,933.7314,932.3966,50.0,False,NOMINAL,HEALTHY,-2.32,-18.64
DIG_LOT07_COMP0707,LOT_07,DIGITAL_IC,CQFP-64,DIG-SIH-2026,THERMAL_BURN_IN,T07_0707,PROC-ISRO-IISU-01,ATE-STATION-01,CHAMBER-01,1.0,125.0,5.0,168,IDDQ,ELECTRICAL,uA,1.3686,1043.2959,1043.3551,1043.4033,1041.9273,26.452,2.1345,12.392,-0.0197,-0.0714,34.25,34.25,1.3686,1043.2959,1043.3551,1043.4033,1041.9273,50.0,False,NOMINAL,HEALTHY,13.85,-2.64
DIG_LOT07_COMP0708,LOT_07,DIGITAL_IC,CQFP-64,DIG-SIH-2026,THERMAL_BURN_IN,T07_0708,PROC-ISRO-IISU-01,ATE-STATION-01,CHAMBER-01,1.0,125.0,5.0,168,IDDQ,ELECTRICAL,uA,1.2529,946.4023,946.495,946.4698,945.1494,25.552,2.1406,12.473,-0.0241,-0.035,36.01,35.72,1.2529,946.4023,946.495,946.4698,945.1494,50.0,False,NOMINAL,HEALTHY,-35.08,-37.22
DIG_LOT07_COMP0709,LOT_07,DIGITAL_IC,CQFP-64,DIG-SIH-2026,THERMAL_BURN_IN,T07_0709,PROC-ISRO-IISU-01,ATE-STATION-01,CHAMBER-01,1.0,125.0,5.0,168,IDDQ,ELECTRICAL,uA,1.1485,888.6871,888.8229,888.8179,887.5386,25.678,2.1989,13.562,0.0208,-0.0247,35.49,35.75,1.1485,888.6871,888.8229,888.8179,887.5386,50.0,False,NOMINAL,HEALTHY,-38.14,-4.35
DIG_LOT07_COMP0710,LOT_07,DIGITAL_IC,CQFP-64,DIG-SIH-2026,THERMAL_BURN_IN,T07_0710,PROC-ISRO-IISU-01,ATE-STATION-01,CHAMBER-01,1.0,125.0,5.0,168,IDDQ,ELECTRICAL,uA,1.3523,1040.2255,1040.3333,1040.386,1038.8732,24.053,2.0953,13.278,0.0066,0.1005,35.66,34.55,1.3523,1040.2255,1040.3333,1040.386,1038.8732,50.0,False,NOMINAL,HEALTHY,-24.93,-21.46
DIG_LOT07_COMP0711,LOT_07,DIGITAL_IC,CQFP-64,DIG-SIH-2026,THERMAL_BURN_IN,T07_0711,PROC-ISRO-IISU-01,ATE-STATION-01,CHAMBER-01,1.0,125.0,5.0,168,IDDQ,ELECTRICAL,uA,1.3532,1025.4635,1025.5599,1025.5831,1024.1103,25.161,1.8782,12.517,0.0266,0.0261,35.52,34.95,1.3532,1025.4635,1025.5599,1025.5831,1024.1103,50.0,False,NOMINAL,HEALTHY,-11.61,5.53
DIG_LOT07_COMP0712,LOT_07,DIGITAL_IC,CQFP-64,DIG-SIH-2026,THERMAL_BURN_IN,T07_0712,PROC-ISRO-IISU-01,ATE-STATION-01,CHAMBER-01,1.0,125.0,5.0,168,IDDQ,ELECTRICAL,uA,1.3845,1060.2663,1060.3384,1060.4238,1058.8818,26.134,2.2886,13.829,-0.0429,-0.0255,34.94,34.69,1.3845,1060.2663,1060.3384,1060.4238,1058.8818,50.0,False,NOMINAL,HEALTHY,36.26,-39.21
DIG_LOT07_COMP0713,LOT_07,DIGITAL_IC,CQFP-64,DIG-SIH-2026,THERMAL_BURN_IN,T07_0713,PROC-ISRO-IISU-01,ATE-STATION-01,CHAMBER-01,1.0,125.0,5.0,168,IDDQ,ELECTRICAL,uA,1.3762,1061.9248,1062.0257,1062.0424,1060.5486,24.694,1.7683,11.053,0.0412,-0.0436,34.69,34.77,1.3762,1061.9248,1062.0257,1062.0424,1060.5486,50.0,False,NOMINAL,HEALTHY,-17.67,2.86
DIG_LOT07_COMP0714,LOT_07,DIGITAL_IC,CQFP-64,DIG-SIH-2026,THERMAL_BURN_IN,T07_0714,PROC-ISRO-IISU-01,ATE-STATION-01,CHAMBER-01,1.0,125.0,5.0,168,IDDQ,ELECTRICAL,uA,1.1495,883.8438,883.9009,883.9258,882.6943,24.893,1.6838,12.25,-0.0466,0.0345,37.6,38.27,1.1495,883.8438,883.9009,883.9258,882.6943,50.0,False,NOMINAL,HEALTHY,-47.94,-18.95
DIG_LOT07_COMP0715,LOT_07,DIGITAL_IC,CQFP-64,DIG-SIH-2026,THERMAL_BURN_IN,T07_0715,PROC-ISRO-IISU-01,ATE-STATION-01,CHAMBER-01,1.0,125.0,5.0,168,IDDQ,ELECTRICAL,uA,1.4358,1101.3187,1101.4066,1101.4276,1099.8829,24.501,1.6384,12.629,0.0058,-0.0306,34.42,34.23,1.4358,1101.3187,1101.4066,1101.4276,1099.8829,50.0,False,NOMINAL,HEALTHY,-32.57,-40.41
DIG_LOT07_COMP0716,LOT_07,DIGITAL_IC,CQFP-64,DIG-SIH-2026,THERMAL_BURN_IN,T07_0716,PROC-ISRO-IISU-01,ATE-STATION-01,CHAMBER-01,1.0,125.0,5.0,168,IDDQ,ELECTRICAL,uA,1.5135,1155.7061,1155.8111,1155.8422,1154.1926,24.658,2.0932,12.265,-0.0041,0.0013,36.09,35.8,1.5135,1155.7061,1155.8111,1155.8422,1154.1926,50.0,False,NOMINAL,HEALTHY,7.08,28.47
DIG_LOT07_COMP0717,LOT_07,DIGITAL_IC,CQFP-64,DIG-SIH-2026,THERMAL_BURN_IN,T07_0717,PROC-ISRO-IISU-01,ATE-STATION-01,CHAMBER-01,1.0,125.0,5.0,168,IDDQ,ELECTRICAL,uA,1.2609,963.2703,963.329,963.4338,962.0094,26.784,2.0574,12.042,-0.0081,-0.0329,35.44,35.95,1.2609,963.2703,963.329,963.4338,962.0094,50.0,False,NOMINAL,HEALTHY,16.66,7.13
DIG_LOT07_COMP0718,LOT_07,DIGITAL_IC,CQFP-64,DIG-SIH-2026,THERMAL_BURN_IN,T07_0718,PROC-ISRO-IISU-01,ATE-STATION-01,CHAMBER-01,1.0,125.0,5.0,168,IDDQ,ELECTRICAL,uA,1.3575,1042.351,1042.4234,1042.4597,1040.9935,25.187,1.8884,10.236,0.0005,-0.0429,32.9,32.42,1.3575,1042.351,1042.4234,1042.4597,1040.9935,50.0,False,NOMINAL,HEALTHY,4.01,-39.41
DIG_LOT07_COMP0719,LOT_07,DIGITAL_IC,CQFP-64,DIG-SIH-2026,THERMAL_BURN_IN,T07_0719,PROC-ISRO-IISU-01,ATE-STATION-01,CHAMBER-01,1.0,125.0,5.0,168,IDDQ,ELECTRICAL,uA,1.5881,1209.8868,1209.9984,1210.0126,1208.2987,27.031,1.9815,11.091,-0.0016,0.07,34.28,33.76,1.5881,1209.8868,1209.9984,1210.0126,1208.2987,50.0,False,NOMINAL,HEALTHY,-40.76,-27.72
DIG_LOT07_COMP0720,LOT_07,DIGITAL_IC,CQFP-64,DIG-SIH-2026,THERMAL_BURN_IN,T07_0720,PROC-ISRO-IISU-01,ATE-STATION-01,CHAMBER-01,1.0,125.0,5.0,168,IDDQ,ELECTRICAL,uA,1.4724,1126.2575,1126.3432,1126.3575,1124.7851,22.348,2.4158,13.054,0.0411,0.0959,35.36,35.09,1.4724,1126.2575,1126.3432,1126.3575,1124.7851,50.0,False,NOMINAL,HEALTHY,13.55,-38.28
DIG_LOT07_COMP0721,LOT_07,DIGITAL_IC,CQFP-64,DIG-SIH-2026,THERMAL_BURN_IN,T07_0721,PROC-ISRO-IISU-01,ATE-STATION-01,CHAMBER-01,1.0,125.0,5.0,168,IDDQ,ELECTRICAL,uA,1.3688,1039.7162,1039.7859,1039.8562,1038.3474,28.526,1.519,13.153,-0.0304,0.019,35.16,35.5,1.3688,1039.7162,1039.7859,1039.8562,1038.3474,50.0,False,NOMINAL,HEALTHY,48.38,29.04
DIG_LOT07_COMP0722,LOT_07,DIGITAL_IC,CQFP-64,DIG-SIH-2026,THERMAL_BURN_IN,T07_0722,PROC-ISRO-IISU-01,ATE-STATION-01,CHAMBER-01,1.0,125.0,5.0,168,IDDQ,ELECTRICAL,uA,1.4437,1110.4815,1110.5731,1110.6129,1109.0378,22.942,1.2688,12.483,-0.0051,-0.0296,34.71,34.55,1.4437,1110.4815,1110.5731,1110.6129,1109.0378,50.0,False,NOMINAL,HEALTHY,-16.08,-26.36
DIG_LOT07_COMP0723,LOT_07,DIGITAL_IC,CQFP-64,DIG-SIH-2026,THERMAL_BURN_IN,T07_0723,PROC-ISRO-IISU-01,ATE-STATION-01,CHAMBER-01,1.0,125.0,5.0,168,IDDQ,ELECTRICAL,uA,1.1392,891.2054,891.2598,891.3146,890.0662,25.811,1.6381,12.78,-0.017,-0.057,35.48,35.3,1.1392,891.2054,891.2598,891.3146,890.0662,50.0,False,NOMINAL,HEALTHY,27.28,-34.12
DIG_LOT07_COMP0724,LOT_07,DIGITAL_IC,CQFP-64,DIG-SIH-2026,THERMAL_BURN_IN,T07_0724,PROC-ISRO-IISU-01,ATE-STATION-01,CHAMBER-01,1.0,125.0,5.0,168,IDDQ,ELECTRICAL,uA,1.1109,868.5768,868.6619,868.7082,867.4659,24.266,2.307,12.923,-0.0379,0.0036,33.61,34.04,1.1109,868.5768,868.6619,868.7082,867.4659,50.0,False,NOMINAL,HEALTHY,48.63,8.18
DIG_LOT07_COMP0725,LOT_07,DIGITAL_IC,CQFP-64,DIG-SIH-2026,THERMAL_BURN_IN,T07_0725,PROC-ISRO-IISU-01,ATE-STATION-01,CHAMBER-01,1.0,125.0,5.0,168,IDDQ,ELECTRICAL,uA,1.5815,1228.9436,1229.0093,1229.0828,1227.3621,23.845,1.8929,13.495,0.0024,0.0825,34.89,34.55,1.5815,1228.9436,1229.0093,1229.0828,1227.3621,50.0,False,NOMINAL,HEALTHY,-7.85,8.51
DIG_LOT07_COMP0726,LOT_07,DIGITAL_IC,CQFP-64,DIG-SIH-2026,THERMAL_BURN_IN,T07_0726,PROC-ISRO-IISU-01,ATE-STATION-01,CHAMBER-01,1.0,125.0,5.0,168,IDDQ,ELECTRICAL,uA,1.1626,892.4574,892.5022,892.5896,891.2948,24.894,2.1816,11.347,0.0138,0.0469,35.77,35.78,1.1626,892.4574,892.5022,892.5896,891.2948,50.0,True,DIELECTRIC_OSCILLATION,HEALTHY,-28.72,28.71
DIG_LOT07_COMP0727,LOT_07,DIGITAL_IC,CQFP-64,DIG-SIH-2026,THERMAL_BURN_IN,T07_0727,PROC-ISRO-IISU-01,ATE-STATION-01,CHAMBER-01,1.0,125.0,5.0,168,IDDQ,ELECTRICAL,uA,1.295,1008.3048,1008.3666,1008.3716,1007.0098,23.719,1.6189,11.114,-0.0374,0.0055,33.52,33.05,1.295,1008.3048,1008.3666,1008.3716,1007.0098,50.0,False,NOMINAL,HEALTHY,49.96,36.47
DIG_LOT07_COMP0728,LOT_07,DIGITAL_IC,CQFP-64,DIG-SIH-2026,THERMAL_BURN_IN,T07_0728,PROC-ISRO-IISU-01,ATE-STATION-01,CHAMBER-01,1.0,125.0,5.0,168,IDDQ,ELECTRICAL,uA,1.1538,884.575,884.6549,884.6909,883.4212,24.488,1.9575,12.706,-0.0075,-0.0188,34.31,34.09,1.1538,884.575,884.6549,884.6909,883.4212,50.0,False,NOMINAL,HEALTHY,-14.07,-33.03
DIG_LOT07_COMP0729,LOT_07,DIGITAL_IC,CQFP-64,DIG-SIH-2026,THERMAL_BURN_IN,T07_0729,PROC-ISRO-IISU-01,ATE-STATION-01,CHAMBER-01,1.0,125.0,5.0,168,IDDQ,ELECTRICAL,uA,1.6055,1233.0451,1233.1175,1233.2403,1231.4396,25.218,1.9704,12.187,-0.0102,0.0323,34.35,35.17,1.6055,1233.0451,1233.1175,1233.2403,1231.4396,50.0,False,NOMINAL,HEALTHY,12.43,-1.21
DIG_LOT07_COMP0730,LOT_07,DIGITAL_IC,CQFP-64,DIG-SIH-2026,THERMAL_BURN_IN,T07_0730,PROC-ISRO-IISU-01,ATE-STATION-01,CHAMBER-01,1.0,125.0,5.0,168,IDDQ,ELECTRICAL,uA,1.6437,1270.4787,1270.6089,1270.7204,1268.835,24.534,1.6863,14.341,-0.0086,-0.0332,34.96,35.57,1.6437,1270.4787,1270.6089,1270.7204,1268.835,50.0,False,NOMINAL,HEALTHY,-46.08,-9.79
DIG_LOT07_COMP0731,LOT_07,DIGITAL_IC,CQFP-64,DIG-SIH-2026,THERMAL_BURN_IN,T07_0731,PROC-ISRO-IISU-01,ATE-STATION-01,CHAMBER-01,1.0,125.0,5.0,168,IDDQ,ELECTRICAL,uA,1.154,895.3644,895.4296,895.5197,894.2104,26.868,1.28,13.819,-0.0256,-0.0981,36.91,36.75,1.154,895.3644,895.4296,895.5197,894.2104,50.0,False,NOMINAL,HEALTHY,6.97,-34.06
DIG_LOT07_COMP0732,LOT_07,DIGITAL_IC,CQFP-64,DIG-SIH-2026,THERMAL_BURN_IN,T07_0732,PROC-ISRO-IISU-01,ATE-STATION-01,CHAMBER-01,1.0,125.0,5.0,168,IDDQ,ELECTRICAL,uA,1.2368,957.1191,957.2104,957.3106,955.8823,26.555,2.2763,12.218,0.0248,0.0013,34.0,32.7,1.2368,957.1191,957.2104,957.3106,955.8823,50.0,False,NOMINAL,HEALTHY,-18.61,8.72
DIG_LOT07_COMP0733,LOT_07,DIGITAL_IC,CQFP-64,DIG-SIH-2026,THERMAL_BURN_IN,T07_0733,PROC-ISRO-IISU-01,ATE-STATION-01,CHAMBER-01,1.0,125.0,5.0,168,IDDQ,ELECTRICAL,uA,1.177,887.9804,888.0609,888.0925,886.8034,24.226,1.7253,11.965,-0.0425,0.0116,36.81,36.34,1.177,887.9804,888.0609,888.0925,886.8034,50.0,False,NOMINAL,HEALTHY,13.98,17.45
DIG_LOT07_COMP0734,LOT_07,DIGITAL_IC,CQFP-64,DIG-SIH-2026,THERMAL_BURN_IN,T07_0734,PROC-ISRO-IISU-01,ATE-STATION-01,CHAMBER-01,1.0,125.0,5.0,168,IDDQ,ELECTRICAL,uA,1.1437,889.8215,889.8451,889.9167,888.6778,24.444,1.7145,11.656,-0.0204,0.0243,35.18,35.25,1.1437,889.8215,889.8451,889.9167,888.6778,50.0,False,NOMINAL,HEALTHY,-46.89,33.3
DIG_LOT07_COMP0735,LOT_07,DIGITAL_IC,CQFP-64,DIG-SIH-2026,THERMAL_BURN_IN,T07_0735,PROC-ISRO-IISU-01,ATE-STATION-01,CHAMBER-01,1.0,125.0,5.0,168,IDDQ,ELECTRICAL,uA,1.3685,1056.8659,1056.9465,1057.0035,1055.4974,27.064,2.2359,12.799,-0.0262,-0.0396,35.76,36.21,1.3685,1056.8659,1056.9465,1057.0035,1055.4974,50.0,False,NOMINAL,HEALTHY,46.98,48.05
DIG_LOT07_COMP0736,LOT_07,DIGITAL_IC,CQFP-64,DIG-SIH-2026,THERMAL_BURN_IN,T07_0736,PROC-ISRO-IISU-01,ATE-STATION-01,CHAMBER-01,1.0,125.0,5.0,168,IDDQ,ELECTRICAL,uA,1.3978,1083.5637,1083.6545,1083.7002,1082.1659,24.876,2.4522,11.325,0.0163,0.0323,35.8,35.53,1.3978,1083.5637,1083.6545,1083.7002,1082.1659,50.0,False,NOMINAL,HEALTHY,3.11,-49.05
DIG_LOT07_COMP0737,LOT_07,DIGITAL_IC,CQFP-64,DIG-SIH-2026,THERMAL_BURN_IN,T07_0737,PROC-ISRO-IISU-01,ATE-STATION-01,CHAMBER-01,1.0,125.0,5.0,168,IDDQ,ELECTRICAL,uA,1.3754,1043.7542,1043.836,1043.8918,1042.3788,26.4,2.5237,13.122,0.0005,-0.0161,34.86,34.76,1.3754,1043.7542,1043.836,1043.8918,1042.3788,50.0,False,NOMINAL,HEALTHY,46.69,-32.56
DIG_LOT07_COMP0738,LOT_07,DIGITAL_IC,CQFP-64,DIG-SIH-2026,THERMAL_BURN_IN,T07_0738,PROC-ISRO-IISU-01,ATE-STATION-01,CHAMBER-01,1.0,125.0,5.0,168,IDDQ,ELECTRICAL,uA,1.4422,1119.508,1119.6327,1119.6363,1118.0658,26.854,1.8188,11.47,-0.0203,-0.0282,34.17,34.23,1.4422,1119.508,1119.6327,1119.6363,1118.0658,50.0,False,NOMINAL,HEALTHY,-9.03,16.06
DIG_LOT07_COMP0739,LOT_07,DIGITAL_IC,CQFP-64,DIG-SIH-2026,THERMAL_BURN_IN,T07_0739,PROC-ISRO-IISU-01,ATE-STATION-01,CHAMBER-01,1.0,125.0,5.0,168,IDDQ,ELECTRICAL,uA,1.3437,1026.5184,1026.581,1026.5909,1025.1747,26.047,2.4031,12.784,0.0091,0.0838,34.06,33.35,1.3437,1026.5184,1026.581,1026.5909,1025.1747,50.0,False,NOMINAL,HEALTHY,37.37,-23.85
DIG_LOT07_COMP0740,LOT_07,DIGITAL_IC,CQFP-64,DIG-SIH-2026,THERMAL_BURN_IN,T07_0740,PROC-ISRO-IISU-01,ATE-STATION-01,CHAMBER-01,1.0,125.0,5.0,168,IDDQ,ELECTRICAL,uA,1.279,991.6498,991.7768,991.7675,990.3708,24.803,1.5778,14.563,-0.005,-0.0076,36.64,37.7,1.279,991.6498,991.7768,991.7675,990.3708,50.0,False,NOMINAL,HEALTHY,-21.04,-29.18
DIG_LOT07_COMP0741,LOT_07,DIGITAL_IC,CQFP-64,DIG-SIH-2026,THERMAL_BURN_IN,T07_0741,PROC-ISRO-IISU-01,ATE-STATION-01,CHAMBER-01,1.0,125.0,5.0,168,IDDQ,ELECTRICAL,uA,1.416,1100.8897,1100.95,1100.9971,1099.4737,26.945,1.9638,12.456,0.0047,0.039,35.65,35.25,1.416,1100.8897,1100.95,1100.9971,1099.4737,50.0,True,DIELECTRIC_OSCILLATION,HEALTHY,-28.75,14.75
DIG_LOT07_COMP0742,LOT_07,DIGITAL_IC,CQFP-64,DIG-SIH-2026,THERMAL_BURN_IN,T07_0742,PROC-ISRO-IISU-01,ATE-STATION-01,CHAMBER-01,1.0,125.0,5.0,168,IDDQ,ELECTRICAL,uA,1.3334,1010.4341,1010.5506,1010.6508,1009.1007,24.246,2.3297,12.646,0.0135,0.0031,32.81,32.8,1.3334,1010.4341,1010.5506,1010.6508,1009.1007,50.0,False,NOMINAL,HEALTHY,33.38,5.86
DIG_LOT07_COMP0743,LOT_07,DIGITAL_IC,CQFP-64,DIG-SIH-2026,THERMAL_BURN_IN,T07_0743,PROC-ISRO-IISU-01,ATE-STATION-01,CHAMBER-01,1.0,125.0,5.0,168,IDDQ,ELECTRICAL,uA,1.5888,1218.8232,1218.9184,1218.9325,1217.2344,24.686,2.3709,11.783,-0.0134,-0.0268,33.5,32.9,1.5888,1218.8232,1218.9184,1218.9325,1217.2344,50.0,False,NOMINAL,HEALTHY,25.79,34.97
DIG_LOT07_COMP0744,LOT_07,DIGITAL_IC,CQFP-64,DIG-SIH-2026,THERMAL_BURN_IN,T07_0744,PROC-ISRO-IISU-01,ATE-STATION-01,CHAMBER-01,1.0,125.0,5.0,168,IDDQ,ELECTRICAL,uA,1.1051,834.6682,834.7601,834.7373,833.5631,26.055,1.992,12.26,-0.0007,0.0384,33.06,32.8,1.1051,834.6682,834.7601,834.7373,833.5631,50.0,False,NOMINAL,HEALTHY,-44.98,-48.82
DIG_LOT07_COMP0745,LOT_07,DIGITAL_IC,CQFP-64,DIG-SIH-2026,THERMAL_BURN_IN,T07_0745,PROC-ISRO-IISU-01,ATE-STATION-01,CHAMBER-01,1.0,125.0,5.0,168,IDDQ,ELECTRICAL,uA,1.4499,1120.085,1120.1684,1120.2696,1118.6351,24.806,1.9504,11.944,0.01,0.038,35.32,34.85,1.4499,1120.085,1120.1684,1120.2696,1118.6351,50.0,False,NOMINAL,HEALTHY,6.82,-6.35
DIG_LOT07_COMP0746,LOT_07,DIGITAL_IC,CQFP-64,DIG-SIH-2026,THERMAL_BURN_IN,T07_0746,PROC-ISRO-IISU-01,ATE-STATION-01,CHAMBER-01,1.0,125.0,5.0,168,IDDQ,ELECTRICAL,uA,1.4171,1095.2507,1095.338,1095.3605,1093.8336,26.096,2.0166,12.266,-0.0141,-0.0819,35.58,35.17,1.4171,1095.2507,1095.338,1095.3605,1093.8336,50.0,False,NOMINAL,HEALTHY,-39.49,-32.53
DIG_LOT07_COMP0747,LOT_07,DIGITAL_IC,CQFP-64,DIG-SIH-2026,THERMAL_BURN_IN,T07_0747,PROC-ISRO-IISU-01,ATE-STATION-01,CHAMBER-01,1.0,125.0,5.0,168,IDDQ,ELECTRICAL,uA,1.2515,969.362,969.4249,969.4422,968.1105,27.519,2.7283,14.263,-0.0133,-0.0228,32.74,32.46,1.2515,969.362,969.4249,969.4422,968.1105,50.0,False,NOMINAL,HEALTHY,5.18,-34.1
DIG_LOT07_COMP0748,LOT_07,DIGITAL_IC,CQFP-64,DIG-SIH-2026,THERMAL_BURN_IN,T07_0748,PROC-ISRO-IISU-01,ATE-STATION-01,CHAMBER-01,1.0,125.0,5.0,168,IDDQ,ELECTRICAL,uA,1.2389,940.4669,940.5488,940.6068,939.228,25.226,1.8511,12.014,-0.0012,0.0666,35.57,36.21,1.2389,940.4669,940.5488,940.6068,939.228,50.0,False,NOMINAL,HEALTHY,25.76,22.95
DIG_LOT07_COMP0749,LOT_07,DIGITAL_IC,CQFP-64,DIG-SIH-2026,THERMAL_BURN_IN,T07_0749,PROC-ISRO-IISU-01,ATE-STATION-01,CHAMBER-01,1.0,125.0,5.0,168,IDDQ,ELECTRICAL,uA,1.1726,909.6136,909.6706,909.7295,908.441,24.476,2.1188,11.423,-0.033,-0.1023,35.05,34.67,1.1726,909.6136,909.6706,909.7295,908.441,50.0,False,NOMINAL,HEALTHY,5.21,8.34
DIG_LOT07_COMP0750,LOT_07,DIGITAL_IC,CQFP-64,DIG-SIH-2026,THERMAL_BURN_IN,T07_0750,PROC-ISRO-IISU-01,ATE-STATION-01,CHAMBER-01,1.0,125.0,5.0,168,IDDQ,ELECTRICAL,uA,1.4228,1088.0757,1088.1765,1088.1924,1086.6529,26.496,1.951,13.002,-0.0053,0.0225,37.0,36.51,1.4228,1088.0757,1088.1765,1088.1924,1086.6529,50.0,False,NOMINAL,HEALTHY,-6.68,-18.29
DIG_LOT07_COMP0751,LOT_07,DIGITAL_IC,CQFP-64,DIG-SIH-2026,THERMAL_BURN_IN,T07_0751,PROC-ISRO-IISU-01,ATE-STATION-01,CHAMBER-01,1.0,125.0,5.0,168,IDDQ,ELECTRICAL,uA,1.5854,1246.4878,1246.5907,1246.6379,1244.9024,23.268,1.9898,13.389,0.0432,0.0239,35.74,36.72,1.5854,1246.4878,1246.5907,1246.6379,1244.9024,50.0,False,NOMINAL,HEALTHY,22.98,-21.51
DIG_LOT07_COMP0752,LOT_07,DIGITAL_IC,CQFP-64,DIG-SIH-2026,THERMAL_BURN_IN,T07_0752,PROC-ISRO-IISU-01,ATE-STATION-01,CHAMBER-01,1.0,125.0,5.0,168,IDDQ,ELECTRICAL,uA,1.3823,1063.7513,1063.8266,1063.8778,1062.369,25.399,2.032,12.4,-0.0391,-0.0484,35.4,36.12,1.3823,1063.7513,1063.8266,1063.8778,1062.369,50.0,False,NOMINAL,HEALTHY,-39.6,23.39
DIG_LOT07_COMP0753,LOT_07,DIGITAL_IC,CQFP-64,DIG-SIH-2026,THERMAL_BURN_IN,T07_0753,PROC-ISRO-IISU-01,ATE-STATION-01,CHAMBER-01,1.0,125.0,5.0,168,IDDQ,ELECTRICAL,uA,1.3073,1006.2439,1006.3486,1006.3614,1004.9366,24.06,1.9981,13.209,0.011,-0.0325,36.33,36.95,1.3073,1006.2439,1006.3486,1006.3614,1004.9366,50.0,False,NOMINAL,HEALTHY,-40.84,-13.01
DIG_LOT07_COMP0754,LOT_07,DIGITAL_IC,CQFP-64,DIG-SIH-2026,THERMAL_BURN_IN,T07_0754,PROC-ISRO-IISU-01,ATE-STATION-01,CHAMBER-01,1.0,125.0,5.0,168,IDDQ,ELECTRICAL,uA,1.292,1027.4328,1027.4614,1027.5285,1026.1408,25.351,1.9349,12.841,-0.0068,0.0266,35.42,34.35,1.292,1027.4328,1027.4614,1027.5285,1026.1408,50.0,False,NOMINAL,HEALTHY,-41.58,2.47
DIG_LOT07_COMP0755,LOT_07,DIGITAL_IC,CQFP-64,DIG-SIH-2026,THERMAL_BURN_IN,T07_0755,PROC-ISRO-IISU-01,ATE-STATION-01,CHAMBER-01,1.0,125.0,5.0,168,IDDQ,ELECTRICAL,uA,1.3838,1068.7383,1068.8149,1068.8916,1067.3545,26.394,1.9564,11.541,-0.0133,0.0042,33.71,33.74,1.3838,1068.7383,1068.8149,1068.8916,1067.3545,50.0,False,NOMINAL,HEALTHY,36.1,-21.94
DIG_LOT07_COMP0756,LOT_07,DIGITAL_IC,CQFP-64,DIG-SIH-2026,THERMAL_BURN_IN,T07_0756,PROC-ISRO-IISU-01,ATE-STATION-01,CHAMBER-01,1.0,125.0,5.0,168,IDDQ,ELECTRICAL,uA,1.3746,1075.0358,1075.1354,1075.1241,1073.6612,22.09,2.0972,13.987,-0.0029,-0.0356,35.5,35.58,1.3746,1075.0358,1075.1354,1075.1241,1073.6612,50.0,False,NOMINAL,HEALTHY,-48.97,-46.38
DIG_LOT07_COMP0757,LOT_07,DIGITAL_IC,CQFP-64,DIG-SIH-2026,THERMAL_BURN_IN,T07_0757,PROC-ISRO-IISU-01,ATE-STATION-01,CHAMBER-01,1.0,125.0,5.0,168,IDDQ,ELECTRICAL,uA,1.3904,1068.9649,1069.0228,1069.0734,1067.5745,24.999,1.9336,11.924,0.0188,-0.0161,32.58,32.29,1.3904,1068.9649,1069.0228,1069.0734,1067.5745,50.0,False,NOMINAL,HEALTHY,-32.99,-28.36
DIG_LOT07_COMP0758,LOT_07,DIGITAL_IC,CQFP-64,DIG-SIH-2026,THERMAL_BURN_IN,T07_0758,PROC-ISRO-IISU-01,ATE-STATION-01,CHAMBER-01,1.0,125.0,5.0,168,IDDQ,ELECTRICAL,uA,1.2423,977.584,977.6512,977.6862,976.3417,27.369,1.6896,11.494,-0.0173,0.0108,34.25,34.64,1.2423,977.584,977.6512,977.6862,976.3417,50.0,False,NOMINAL,HEALTHY,-43.91,16.61
DIG_LOT07_COMP0759,LOT_07,DIGITAL_IC,CQFP-64,DIG-SIH-2026,THERMAL_BURN_IN,T07_0759,PROC-ISRO-IISU-01,ATE-STATION-01,CHAMBER-01,1.0,125.0,5.0,168,IDDQ,ELECTRICAL,uA,1.5232,1162.5282,1162.6414,1162.6746,1161.005,25.548,2.6765,12.933,-0.0191,0.029,33.94,33.58,1.5232,1162.5282,1162.6414,1162.6746,1161.005,50.0,False,NOMINAL,HEALTHY,19.9,42.52
DIG_LOT07_COMP0760,LOT_07,DIGITAL_IC,CQFP-64,DIG-SIH-2026,THERMAL_BURN_IN,T07_0760,PROC-ISRO-IISU-01,ATE-STATION-01,CHAMBER-01,1.0,125.0,5.0,168,IDDQ,ELECTRICAL,uA,1.5064,1155.0546,1155.1341,1155.1607,1153.5482,25.476,1.9625,12.018,-0.0122,-0.065,35.78,37.45,1.5064,1155.0546,1155.1341,1155.1607,1153.5482,50.0,False,NOMINAL,HEALTHY,15.55,-42.24
DIG_LOT07_COMP0761,LOT_07,DIGITAL_IC,CQFP-64,DIG-SIH-2026,THERMAL_BURN_IN,T07_0761,PROC-ISRO-IISU-01,ATE-STATION-01,CHAMBER-01,1.0,125.0,5.0,168,IDDQ,ELECTRICAL,uA,1.4229,1110.9331,1111.0185,1111.0822,1109.5102,25.373,2.4757,12.664,0.006,-0.0297,33.98,34.39,1.4229,1110.9331,1111.0185,1111.0822,1109.5102,50.0,False,NOMINAL,HEALTHY,-2.75,1.49
DIG_LOT07_COMP0762,LOT_07,DIGITAL_IC,CQFP-64,DIG-SIH-2026,THERMAL_BURN_IN,T07_0762,PROC-ISRO-IISU-01,ATE-STATION-01,CHAMBER-01,1.0,125.0,5.0,168,IDDQ,ELECTRICAL,uA,1.4205,1078.7701,1078.8893,1078.9439,1077.3496,24.423,2.1369,11.657,-0.0131,-0.004,35.8,35.8,1.4205,1078.7701,1078.8893,1078.9439,1077.3496,50.0,False,NOMINAL,HEALTHY,-14.74,-14.74
DIG_LOT07_COMP0763,LOT_07,DIGITAL_IC,CQFP-64,DIG-SIH-2026,THERMAL_BURN_IN,T07_0763,PROC-ISRO-IISU-01,ATE-STATION-01,CHAMBER-01,1.0,125.0,5.0,168,IDDQ,ELECTRICAL,uA,1.2929,981.1903,981.2807,981.3186,979.8974,26.73,1.4156,13.12,0.0053,-0.0091,35.06,35.89,1.2929,981.1903,981.2807,981.3186,979.8974,50.0,False,NOMINAL,HEALTHY,-5.68,21.47
DIG_LOT07_COMP0764,LOT_07,DIGITAL_IC,CQFP-64,DIG-SIH-2026,THERMAL_BURN_IN,T07_0764,PROC-ISRO-IISU-01,ATE-STATION-01,CHAMBER-01,1.0,125.0,5.0,168,IDDQ,ELECTRICAL,uA,0.9627,712.4667,712.5181,712.5361,711.504,22.256,2.1468,12.641,-0.0392,-0.1575,34.22,33.1,0.9627,712.4667,712.5181,712.5361,711.504,50.0,False,NOMINAL,HEALTHY,24.85,-5.78
DIG_LOT07_COMP0765,LOT_07,DIGITAL_IC,CQFP-64,DIG-SIH-2026,THERMAL_BURN_IN,T07_0765,PROC-ISRO-IISU-01,ATE-STATION-01,CHAMBER-01,1.0,125.0,5.0,168,IDDQ,ELECTRICAL,uA,1.3126,1009.4204,1009.5324,1009.5612,1008.1078,25.445,2.0296,12.749,-0.0117,0.0177,35.54,35.69,1.3126,1009.4204,1009.5324,1009.5612,1008.1078,50.0,False,NOMINAL,HEALTHY,40.86,36.12
DIG_LOT07_COMP0766,LOT_07,DIGITAL_IC,CQFP-64,DIG-SIH-2026,THERMAL_BURN_IN,T07_0766,PROC-ISRO-IISU-01,ATE-STATION-01,CHAMBER-01,1.0,125.0,5.0,168,IDDQ,ELECTRICAL,uA,1.2258,936.5306,936.5866,936.6749,935.3048,22.968,1.7597,12.497,-0.0044,0.0824,33.74,33.53,1.2258,936.5306,936.5866,936.6749,935.3048,50.0,False,NOMINAL,HEALTHY,-36.09,-35.82
DIG_LOT07_COMP0767,LOT_07,DIGITAL_IC,CQFP-64,DIG-SIH-2026,THERMAL_BURN_IN,T07_0767,PROC-ISRO-IISU-01,ATE-STATION-01,CHAMBER-01,1.0,125.0,5.0,168,IDDQ,ELECTRICAL,uA,1.3618,1054.1133,1054.2551,1054.2645,1052.7515,23.629,1.9408,12.024,-0.0147,-0.0893,32.06,32.31,1.3618,1054.1133,1054.2551,1054.2645,1052.7515,50.0,False,NOMINAL,HEALTHY,-13.9,20.42
DIG_LOT07_COMP0768,LOT_07,DIGITAL_IC,CQFP-64,DIG-SIH-2026,THERMAL_BURN_IN,T07_0768,PROC-ISRO-IISU-01,ATE-STATION-01,CHAMBER-01,1.0,125.0,5.0,168,IDDQ,ELECTRICAL,uA,1.5743,1226.9984,1227.0622,1227.0806,1225.4241,23.684,2.1186,13.422,0.0077,-0.0384,35.31,35.1,1.5743,1226.9984,1227.0622,1227.0806,1225.4241,50.0,False,NOMINAL,HEALTHY,-5.17,-41.57
DIG_LOT07_COMP0769,LOT_07,DIGITAL_IC,CQFP-64,DIG-SIH-2026,THERMAL_BURN_IN,T07_0769,PROC-ISRO-IISU-01,ATE-STATION-01,CHAMBER-01,1.0,125.0,5.0,168,IDDQ,ELECTRICAL,uA,1.1373,876.7114,878.1986,884.3113,875.5741,23.784,1.9464,11.905,-0.0133,0.0149,34.59,34.87,1.1373,876.7114,878.1986,884.3113,875.5741,50.0,True,ELECTROMIGRATION,HEALTHY,9.1,-45.54
DIG_LOT07_COMP0770,LOT_07,DIGITAL_IC,CQFP-64,DIG-SIH-2026,THERMAL_BURN_IN,T07_0770,PROC-ISRO-IISU-01,ATE-STATION-01,CHAMBER-01,1.0,125.0,5.0,168,IDDQ,ELECTRICAL,uA,1.3097,1005.7547,1005.841,1005.889,1004.445,24.947,2.0865,12.754,-0.0322,-0.0148,36.93,36.17,1.3097,1005.7547,1005.841,1005.889,1004.445,50.0,False,NOMINAL,HEALTHY,-30.31,23.5
DIG_LOT07_COMP0771,LOT_07,DIGITAL_IC,CQFP-64,DIG-SIH-2026,THERMAL_BURN_IN,T07_0771,PROC-ISRO-IISU-01,ATE-STATION-01,CHAMBER-01,1.0,125.0,5.0,168,IDDQ,ELECTRICAL,uA,1.4952,1145.4269,1145.5292,1145.6144,1143.9317,26.631,1.4965,11.095,0.0092,-0.0276,36.51,36.85,1.4952,1145.4269,1145.5292,1145.6144,1143.9317,50.0,False,NOMINAL,HEALTHY,-47.28,-12.55
DIG_LOT07_COMP0772,LOT_07,DIGITAL_IC,CQFP-64,DIG-SIH-2026,THERMAL_BURN_IN,T07_0772,PROC-ISRO-IISU-01,ATE-STATION-01,CHAMBER-01,1.0,125.0,5.0,168,IDDQ,ELECTRICAL,uA,1.1855,939.7808,939.8442,939.9279,938.5953,23.317,1.9774,13.364,-0.004,-0.073,34.48,34.4,1.1855,939.7808,939.8442,939.9279,938.5953,50.0,False,NOMINAL,HEALTHY,-32.48,6.0
DIG_LOT07_COMP0773,LOT_07,DIGITAL_IC,CQFP-64,DIG-SIH-2026,THERMAL_BURN_IN,T07_0773,PROC-ISRO-IISU-01,ATE-STATION-01,CHAMBER-01,1.0,125.0,5.0,168,IDDQ,ELECTRICAL,uA,1.6269,1246.8046,1246.9377,1246.9407,1245.1777,24.31,1.6152,12.836,-0.0103,0.0435,35.62,35.77,1.6269,1246.8046,1246.9377,1246.9407,1245.1777,50.0,False,NOMINAL,HEALTHY,-27.72,29.66
DIG_LOT07_COMP0774,LOT_07,DIGITAL_IC,CQFP-64,DIG-SIH-2026,THERMAL_BURN_IN,T07_0774,PROC-ISRO-IISU-01,ATE-STATION-01,CHAMBER-01,1.0,125.0,5.0,168,IDDQ,ELECTRICAL,uA,1.5687,1205.8777,1205.9923,1206.0184,1204.309,22.938,2.2044,12.956,-0.0054,0.0806,35.23,35.1,1.5687,1205.8777,1205.9923,1206.0184,1204.309,50.0,False,NOMINAL,HEALTHY,-43.33,20.53
DIG_LOT07_COMP0775,LOT_07,DIGITAL_IC,CQFP-64,DIG-SIH-2026,THERMAL_BURN_IN,T07_0775,PROC-ISRO-IISU-01,ATE-STATION-01,CHAMBER-01,1.0,125.0,5.0,168,IDDQ,ELECTRICAL,uA,1.3967,1058.2604,1058.3425,1058.3442,1056.8637,23.062,2.0395,12.338,0.0016,-0.0335,34.7,35.04,1.3967,1058.2604,1058.3425,1058.3442,1056.8637,50.0,False,NOMINAL,HEALTHY,18.53,-13.8
DIG_LOT07_COMP0776,LOT_07,DIGITAL_IC,CQFP-64,DIG-SIH-2026,THERMAL_BURN_IN,T07_0776,PROC-ISRO-IISU-01,ATE-STATION-01,CHAMBER-01,1.0,125.0,5.0,168,IDDQ,ELECTRICAL,uA,1.1312,876.2945,876.3552,876.429,875.1633,23.12,2.4201,11.87,-0.0041,-0.0182,35.75,36.46,1.1312,876.2945,876.3552,876.429,875.1633,50.0,False,NOMINAL,HEALTHY,-15.58,17.92
DIG_LOT07_COMP0777,LOT_07,DIGITAL_IC,CQFP-64,DIG-SIH-2026,THERMAL_BURN_IN,T07_0777,PROC-ISRO-IISU-01,ATE-STATION-01,CHAMBER-01,1.0,125.0,5.0,168,IDDQ,ELECTRICAL,uA,1.3368,1062.0346,1062.0648,1062.2114,1060.6978,24.594,1.8285,12.593,0.0231,0.0775,33.41,33.2,1.3368,1062.0346,1062.0648,1062.2114,1060.6978,50.0,False,NOMINAL,HEALTHY,7.34,-34.38
DIG_LOT07_COMP0778,LOT_07,DIGITAL_IC,CQFP-64,DIG-SIH-2026,THERMAL_BURN_IN,T07_0778,PROC-ISRO-IISU-01,ATE-STATION-01,CHAMBER-01,1.0,125.0,5.0,168,IDDQ,ELECTRICAL,uA,1.1819,913.628,913.647,913.7355,912.4461,24.435,1.5893,13.031,-0.0191,0.086,36.36,36.34,1.1819,913.628,913.647,913.7355,912.4461,50.0,False,NOMINAL,HEALTHY,-28.56,42.67
DIG_LOT07_COMP0779,LOT_07,DIGITAL_IC,CQFP-64,DIG-SIH-2026,THERMAL_BURN_IN,T07_0779,PROC-ISRO-IISU-01,ATE-STATION-01,CHAMBER-01,1.0,125.0,5.0,168,IDDQ,ELECTRICAL,uA,0.9476,712.4641,712.5326,712.5355,711.5165,27.545,1.5838,14.099,-0.021,-0.0325,33.94,33.72,0.9476,712.4641,712.5326,712.5355,711.5165,50.0,False,NOMINAL,HEALTHY,-22.45,22.12
DIG_LOT07_COMP0780,LOT_07,DIGITAL_IC,CQFP-64,DIG-SIH-2026,THERMAL_BURN_IN,T07_0780,PROC-ISRO-IISU-01,ATE-STATION-01,CHAMBER-01,1.0,125.0,5.0,168,IDDQ,ELECTRICAL,uA,1.5193,1185.2647,1185.3545,1185.4613,1183.7454,21.897,1.9057,12.88,-0.0288,-0.0358,35.27,34.49,1.5193,1185.2647,1185.3545,1185.4613,1183.7454,50.0,False,NOMINAL,HEALTHY,-47.99,4.12
DIG_LOT07_COMP0781,LOT_07,DIGITAL_IC,CQFP-64,DIG-SIH-2026,THERMAL_BURN_IN,T07_0781,PROC-ISRO-IISU-01,ATE-STATION-01,CHAMBER-01,1.0,125.0,5.0,168,IDDQ,ELECTRICAL,uA,1.2284,963.9967,964.0494,964.1,962.7683,26.01,1.8769,11.94,-0.0025,-0.015,35.48,35.47,1.2284,963.9967,964.0494,964.1,962.7683,50.0,False,NOMINAL,HEALTHY,-42.5,33.75
DIG_LOT07_COMP0782,LOT_07,DIGITAL_IC,CQFP-64,DIG-SIH-2026,THERMAL_BURN_IN,T07_0782,PROC-ISRO-IISU-01,ATE-STATION-01,CHAMBER-01,1.0,125.0,5.0,168,IDDQ,ELECTRICAL,uA,1.1187,852.2839,852.3666,852.4138,851.1652,23.962,2.3505,11.591,-0.027,-0.0355,34.08,33.64,1.1187,852.2839,852.3666,852.4138,851.1652,50.0,False,NOMINAL,HEALTHY,-20.75,-11.86
DIG_LOT07_COMP0783,LOT_07,DIGITAL_IC,CQFP-64,DIG-SIH-2026,THERMAL_BURN_IN,T07_0783,PROC-ISRO-IISU-01,ATE-STATION-01,CHAMBER-01,1.0,125.0,5.0,168,IDDQ,ELECTRICAL,uA,1.5534,1209.428,1209.5306,1209.6542,1207.8746,24.966,2.0092,11.001,0.0227,0.146,33.78,33.95,1.5534,1209.428,1209.5306,1209.6542,1207.8746,50.0,False,NOMINAL,HEALTHY,-31.83,-29.6
DIG_LOT07_COMP0784,LOT_07,DIGITAL_IC,CQFP-64,DIG-SIH-2026,THERMAL_BURN_IN,T07_0784,PROC-ISRO-IISU-01,ATE-STATION-01,CHAMBER-01,1.0,125.0,5.0,168,IDDQ,ELECTRICAL,uA,1.3345,1023.8926,1023.9591,1024.0205,1022.5581,26.577,2.1929,12.266,0.0038,-0.02,36.25,35.5,1.3345,1023.8926,1023.9591,1024.0205,1022.5581,50.0,False,NOMINAL,HEALTHY,-47.83,45.97
DIG_LOT07_COMP0785,LOT_07,DIGITAL_IC,CQFP-64,DIG-SIH-2026,THERMAL_BURN_IN,T07_0785,PROC-ISRO-IISU-01,ATE-STATION-01,CHAMBER-01,1.0,125.0,5.0,168,IDDQ,ELECTRICAL,uA,1.1165,859.3236,859.4248,859.462,858.2071,23.976,2.492,12.011,0.0115,0.0315,33.94,33.16,1.1165,859.3236,859.4248,859.462,858.2071,50.0,False,NOMINAL,HEALTHY,-38.77,8.23
DIG_LOT07_COMP0786,LOT_07,DIGITAL_IC,CQFP-64,DIG-SIH-2026,THERMAL_BURN_IN,T07_0786,PROC-ISRO-IISU-01,ATE-STATION-01,CHAMBER-01,1.0,125.0,5.0,168,IDDQ,ELECTRICAL,uA,1.5544,1191.8826,1191.9945,1192.0496,1190.3282,25.581,2.2059,11.836,-0.0174,-0.0074,34.7,34.39,1.5544,1191.8826,1191.9945,1192.0496,1190.3282,50.0,False,NOMINAL,HEALTHY,46.27,42.76
DIG_LOT07_COMP0787,LOT_07,DIGITAL_IC,CQFP-64,DIG-SIH-2026,THERMAL_BURN_IN,T07_0787,PROC-ISRO-IISU-01,ATE-STATION-01,CHAMBER-01,1.0,125.0,5.0,168,IDDQ,ELECTRICAL,uA,1.3099,981.0291,981.0924,981.1312,979.7192,24.278,1.6103,11.93,-0.0156,-0.0532,36.33,35.9,1.3099,981.0291,981.0924,981.1312,979.7192,50.0,False,NOMINAL,HEALTHY,-6.17,-48.58
DIG_LOT07_COMP0788,LOT_07,DIGITAL_IC,CQFP-64,DIG-SIH-2026,THERMAL_BURN_IN,T07_0788,PROC-ISRO-IISU-01,ATE-STATION-01,CHAMBER-01,1.0,125.0,5.0,168,IDDQ,ELECTRICAL,uA,1.4488,1105.2759,1105.3625,1105.3724,1103.8271,26.3,1.8915,12.765,-0.0104,0.0218,35.77,34.9,1.4488,1105.2759,1105.3625,1105.3724,1103.8271,50.0,False,NOMINAL,HEALTHY,23.17,10.72
DIG_LOT07_COMP0789,LOT_07,DIGITAL_IC,CQFP-64,DIG-SIH-2026,THERMAL_BURN_IN,T07_0789,PROC-ISRO-IISU-01,ATE-STATION-01,CHAMBER-01,1.0,125.0,5.0,168,IDDQ,ELECTRICAL,uA,1.5941,1227.3606,1227.4774,1227.5194,1225.7665,25.066,1.8661,12.545,-0.0024,0.0174,36.0,35.73,1.5941,1227.3606,1227.4774,1227.5194,1225.7665,50.0,False,NOMINAL,HEALTHY,-34.14,-34.89
DIG_LOT07_COMP0790,LOT_07,DIGITAL_IC,CQFP-64,DIG-SIH-2026,THERMAL_BURN_IN,T07_0790,PROC-ISRO-IISU-01,ATE-STATION-01,CHAMBER-01,1.0,125.0,5.0,168,IDDQ,ELECTRICAL,uA,1.2412,959.7848,959.8305,959.927,958.5436,24.041,1.6608,11.423,-0.0333,-0.0496,34.49,35.05,1.2412,959.7848,959.8305,959.927,958.5436,50.0,False,NOMINAL,HEALTHY,-37.5,1.47
DIG_LOT07_COMP0791,LOT_07,DIGITAL_IC,CQFP-64,DIG-SIH-2026,THERMAL_BURN_IN,T07_0791,PROC-ISRO-IISU-01,ATE-STATION-01,CHAMBER-01,1.0,125.0,5.0,168,IDDQ,ELECTRICAL,uA,1.4599,1126.3176,1126.427,1126.4597,1124.8577,22.338,2.1364,12.734,0.0482,0.0141,36.02,36.07,1.4599,1126.3176,1126.427,1126.4597,1124.8577,50.0,False,NOMINAL,HEALTHY,0.72,-3.3
DIG_LOT07_COMP0792,LOT_07,DIGITAL_IC,CQFP-64,DIG-SIH-2026,THERMAL_BURN_IN,T07_0792,PROC-ISRO-IISU-01,ATE-STATION-01,CHAMBER-01,1.0,125.0,5.0,168,IDDQ,ELECTRICAL,uA,1.4954,1162.7578,1162.8609,1162.8935,1161.2624,29.875,1.7309,12.028,-0.0021,-0.0369,36.77,36.67,1.4954,1162.7578,1162.8609,1162.8935,1161.2624,50.0,False,NOMINAL,HEALTHY,-46.94,-46.44
DIG_LOT07_COMP0793,LOT_07,DIGITAL_IC,CQFP-64,DIG-SIH-2026,THERMAL_BURN_IN,T07_0793,PROC-ISRO-IISU-01,ATE-STATION-01,CHAMBER-01,1.0,125.0,5.0,168,IDDQ,ELECTRICAL,uA,1.3925,1063.1438,1063.2457,1063.2739,1061.7513,24.609,2.0692,11.535,-0.0036,0.0852,34.32,34.13,1.3925,1063.1438,1063.2457,1063.2739,1061.7513,50.0,False,NOMINAL,HEALTHY,-17.87,-27.0
DIG_LOT07_COMP0794,LOT_07,DIGITAL_IC,CQFP-64,DIG-SIH-2026,THERMAL_BURN_IN,T07_0794,PROC-ISRO-IISU-01,ATE-STATION-01,CHAMBER-01,1.0,125.0,5.0,168,IDDQ,ELECTRICAL,uA,1.3887,1073.7979,1073.9254,1073.9385,1072.4092,23.126,2.5488,11.715,-0.0267,-0.0529,36.98,37.05,1.3887,1073.7979,1073.9254,1073.9385,1072.4092,50.0,False,NOMINAL,HEALTHY,22.3,3.82
DIG_LOT07_COMP0795,LOT_07,DIGITAL_IC,CQFP-64,DIG-SIH-2026,THERMAL_BURN_IN,T07_0795,PROC-ISRO-IISU-01,ATE-STATION-01,CHAMBER-01,1.0,125.0,5.0,168,IDDQ,ELECTRICAL,uA,1.1343,886.5744,886.6352,886.6633,885.4401,25.327,1.8321,12.534,0.0219,-0.0018,33.93,34.5,1.1343,886.5744,886.6352,886.6633,885.4401,50.0,False,NOMINAL,HEALTHY,-2.64,-3.12
DIG_LOT07_COMP0796,LOT_07,DIGITAL_IC,CQFP-64,DIG-SIH-2026,THERMAL_BURN_IN,T07_0796,PROC-ISRO-IISU-01,ATE-STATION-01,CHAMBER-01,1.0,125.0,5.0,168,IDDQ,ELECTRICAL,uA,1.3064,1006.7337,1015.2807,1165.1281,1005.4273,21.817,1.7832,13.332,-0.0062,0.0133,34.87,35.19,1.3064,1006.7337,1015.2807,1165.1281,1005.4273,50.0,True,THERMAL_RUNAWAY,HEALTHY,-6.95,-41.44
DIG_LOT07_COMP0797,LOT_07,DIGITAL_IC,CQFP-64,DIG-SIH-2026,THERMAL_BURN_IN,T07_0797,PROC-ISRO-IISU-01,ATE-STATION-01,CHAMBER-01,1.0,125.0,5.0,168,IDDQ,ELECTRICAL,uA,1.0484,795.5678,795.5846,795.6797,794.5194,26.064,1.6207,12.285,-0.0019,0.0099,35.78,35.63,1.0484,795.5678,795.5846,795.6797,794.5194,50.0,False,NOMINAL,HEALTHY,-21.77,21.29
DIG_LOT07_COMP0798,LOT_07,DIGITAL_IC,CQFP-64,DIG-SIH-2026,THERMAL_BURN_IN,T07_0798,PROC-ISRO-IISU-01,ATE-STATION-01,CHAMBER-01,1.0,125.0,5.0,168,IDDQ,ELECTRICAL,uA,1.4434,1120.5973,1120.6915,1120.738,1119.1539,25.135,1.2922,12.745,-0.0001,-0.0576,35.92,36.08,1.4434,1120.5973,1120.6915,1120.738,1119.1539,50.0,True,DIELECTRIC_OSCILLATION,HEALTHY,-12.15,7.31
DIG_LOT07_COMP0799,LOT_07,DIGITAL_IC,CQFP-64,DIG-SIH-2026,THERMAL_BURN_IN,T07_0799,PROC-ISRO-IISU-01,ATE-STATION-01,CHAMBER-01,1.0,125.0,5.0,168,IDDQ,ELECTRICAL,uA,1.4414,1100.0004,1100.1462,1100.1274,1098.559,26.303,1.6454,12.4,-0.0015,0.0952,34.9,35.21,1.4414,1100.0004,1100.1462,1100.1274,1098.559,50.0,False,NOMINAL,HEALTHY,43.22,-14.41
DIG_LOT07_COMP0800,LOT_07,DIGITAL_IC,CQFP-64,DIG-SIH-2026,THERMAL_BURN_IN,T07_0800,PROC-ISRO-IISU-01,ATE-STATION-01,CHAMBER-01,1.0,125.0,5.0,168,IDDQ,ELECTRICAL,uA,1.4536,1160.3579,1160.4596,1160.529,1158.9043,24.866,2.0895,11.726,-0.0174,0.0288,36.23,36.62,1.4536,1160.3579,1160.4596,1160.529,1158.9043,50.0,False,NOMINAL,HEALTHY,-4.35,-30.36
DIG_LOT07_COMP0801,LOT_07,DIGITAL_IC,CQFP-64,DIG-SIH-2026,THERMAL_BURN_IN,T07_0801,PROC-ISRO-IISU-01,ATE-STATION-01,CHAMBER-01,1.0,125.0,5.0,168,IDDQ,ELECTRICAL,uA,1.3731,1034.6131,1034.7459,1034.7775,1033.24,25.276,2.0168,11.996,-0.0188,-0.0954,36.63,36.72,1.3731,1034.6131,1034.7459,1034.7775,1033.24,50.0,False,NOMINAL,HEALTHY,9.92,-28.61
DIG_LOT07_COMP0802,LOT_07,DIGITAL_IC,CQFP-64,DIG-SIH-2026,THERMAL_BURN_IN,T07_0802,PROC-ISRO-IISU-01,ATE-STATION-01,CHAMBER-01,1.0,125.0,5.0,168,IDDQ,ELECTRICAL,uA,1.0719,833.5195,833.5981,833.6715,832.4476,24.489,2.288,12.31,0.0072,-0.0656,35.55,35.71,1.0719,833.5195,833.5981,833.6715,832.4476,50.0,False,NOMINAL,HEALTHY,33.67,37.51
DIG_LOT07_COMP0803,LOT_07,DIGITAL_IC,CQFP-64,DIG-SIH-2026,THERMAL_BURN_IN,T07_0803,PROC-ISRO-IISU-01,ATE-STATION-01,CHAMBER-01,1.0,125.0,5.0,168,IDDQ,ELECTRICAL,uA,1.3129,977.867,977.901,977.9,976.5541,24.843,2.4263,12.959,-0.0183,-0.0284,36.44,35.75,1.3129,977.867,977.901,977.9,976.5541,50.0,False,NOMINAL,HEALTHY,33.36,49.96
DIG_LOT07_COMP0804,LOT_07,DIGITAL_IC,CQFP-64,DIG-SIH-2026,THERMAL_BURN_IN,T07_0804,PROC-ISRO-IISU-01,ATE-STATION-01,CHAMBER-01,1.0,125.0,5.0,168,IDDQ,ELECTRICAL,uA,1.3098,1017.8777,1017.9847,1017.9778,1016.5679,25.163,1.85,13.94,0.025,0.0253,32.64,32.75,1.3098,1017.8777,1017.9847,1017.9778,1016.5679,50.0,False,NOMINAL,HEALTHY,-6.85,27.83
DIG_LOT07_COMP0805,LOT_07,DIGITAL_IC,CQFP-64,DIG-SIH-2026,THERMAL_BURN_IN,T07_0805,PROC-ISRO-IISU-01,ATE-STATION-01,CHAMBER-01,1.0,125.0,5.0,168,IDDQ,ELECTRICAL,uA,1.3817,1081.7835,1081.9064,1081.8896,1080.4018,24.552,1.808,11.801,-0.0105,0.0023,34.0,33.89,1.3817,1081.7835,1081.9064,1081.8896,1080.4018,50.0,False,NOMINAL,HEALTHY,16.5,44.22
DIG_LOT07_COMP0806,LOT_07,DIGITAL_IC,CQFP-64,DIG-SIH-2026,THERMAL_BURN_IN,T07_0806,PROC-ISRO-IISU-01,ATE-STATION-01,CHAMBER-01,1.0,125.0,5.0,168,IDDQ,ELECTRICAL,uA,1.2988,1012.4137,1012.4941,1012.5131,1011.1149,23.234,2.214,12.54,0.0126,-0.0441,37.37,37.44,1.2988,1012.4137,1012.4941,1012.5131,1011.1149,50.0,False,NOMINAL,HEALTHY,-17.1,40.45
DIG_LOT07_COMP0807,LOT_07,DIGITAL_IC,CQFP-64,DIG-SIH-2026,THERMAL_BURN_IN,T07_0807,PROC-ISRO-IISU-01,ATE-STATION-01,CHAMBER-01,1.0,125.0,5.0,168,IDDQ,ELECTRICAL,uA,1.4469,1109.4599,1109.5362,1109.6404,1108.013,24.673,2.0632,12.541,0.007,0.0396,34.11,34.78,1.4469,1109.4599,1109.5362,1109.6404,1108.013,50.0,False,NOMINAL,HEALTHY,-46.56,-6.67
DIG_LOT07_COMP0808,LOT_07,DIGITAL_IC,CQFP-64,DIG-SIH-2026,THERMAL_BURN_IN,T07_0808,PROC-ISRO-IISU-01,ATE-STATION-01,CHAMBER-01,1.0,125.0,5.0,168,IDDQ,ELECTRICAL,uA,1.5275,1212.6906,1212.8141,1212.8232,1211.1631,26.424,1.7936,12.773,0.0102,0.0227,36.31,35.89,1.5275,1212.6906,1212.8141,1212.8232,1211.1631,50.0,False,NOMINAL,HEALTHY,1.16,1.73
DIG_LOT07_COMP0809,LOT_07,DIGITAL_IC,CQFP-64,DIG-SIH-2026,THERMAL_BURN_IN,T07_0809,PROC-ISRO-IISU-01,ATE-STATION-01,CHAMBER-01,1.0,125.0,5.0,168,IDDQ,ELECTRICAL,uA,1.2775,1002.397,1002.4363,1002.542,1001.1195,26.086,2.213,11.347,-0.003,0.0375,35.96,36.19,1.2775,1002.397,1002.4363,1002.542,1001.1195,50.0,False,NOMINAL,HEALTHY,-36.7,15.31
DIG_LOT07_COMP0810,LOT_07,DIGITAL_IC,CQFP-64,DIG-SIH-2026,THERMAL_BURN_IN,T07_0810,PROC-ISRO-IISU-01,ATE-STATION-01,CHAMBER-01,1.0,125.0,5.0,168,IDDQ,ELECTRICAL,uA,1.4181,1102.7338,1102.7638,1102.8156,1101.3157,25.46,2.3524,13.076,0.0382,0.0911,33.37,33.12,1.4181,1102.7338,1102.7638,1102.8156,1101.3157,50.0,False,NOMINAL,HEALTHY,23.22,9.45
DIG_LOT07_COMP0811,LOT_07,DIGITAL_IC,CQFP-64,DIG-SIH-2026,THERMAL_BURN_IN,T07_0811,PROC-ISRO-IISU-01,ATE-STATION-01,CHAMBER-01,1.0,125.0,5.0,168,IDDQ,ELECTRICAL,uA,1.4941,1144.277,1144.3923,1144.4398,1142.7829,26.69,1.7203,12.361,-0.0368,-0.0822,38.09,37.82,1.4941,1144.277,1144.3923,1144.4398,1142.7829,50.0,False,NOMINAL,HEALTHY,-7.92,12.81
DIG_LOT07_COMP0812,LOT_07,DIGITAL_IC,CQFP-64,DIG-SIH-2026,THERMAL_BURN_IN,T07_0812,PROC-ISRO-IISU-01,ATE-STATION-01,CHAMBER-01,1.0,125.0,5.0,168,IDDQ,ELECTRICAL,uA,1.4696,1122.5784,1122.6704,1122.678,1121.1088,23.566,1.488,12.659,0.0024,-0.0532,36.49,36.73,1.4696,1122.5784,1122.6704,1122.678,1121.1088,50.0,False,NOMINAL,HEALTHY,38.45,22.57
DIG_LOT07_COMP0813,LOT_07,DIGITAL_IC,CQFP-64,DIG-SIH-2026,THERMAL_BURN_IN,T07_0813,PROC-ISRO-IISU-01,ATE-STATION-01,CHAMBER-01,1.0,125.0,5.0,168,IDDQ,ELECTRICAL,uA,1.4951,1151.84,1151.8697,1151.9344,1150.3449,24.493,1.964,13.206,-0.0057,-0.0238,36.51,36.86,1.4951,1151.84,1151.8697,1151.9344,1150.3449,50.0,False,NOMINAL,HEALTHY,-20.02,10.88
DIG_LOT07_COMP0814,LOT_07,DIGITAL_IC,CQFP-64,DIG-SIH-2026,THERMAL_BURN_IN,T07_0814,PROC-ISRO-IISU-01,ATE-STATION-01,CHAMBER-01,1.0,125.0,5.0,168,IDDQ,ELECTRICAL,uA,1.1902,938.0304,938.1396,938.1626,936.8402,23.658,2.5187,11.598,0.0047,0.1143,36.17,35.98,1.1902,938.0304,938.1396,938.1626,936.8402,50.0,False,NOMINAL,HEALTHY,37.99,-17.06
DIG_LOT07_COMP0815,LOT_07,DIGITAL_IC,CQFP-64,DIG-SIH-2026,THERMAL_BURN_IN,T07_0815,PROC-ISRO-IISU-01,ATE-STATION-01,CHAMBER-01,1.0,125.0,5.0,168,IDDQ,ELECTRICAL,uA,1.0796,836.3295,836.4128,836.4593,835.2499,23.522,1.6566,12.21,-0.0036,0.069,34.28,34.34,1.0796,836.3295,836.4128,836.4593,835.2499,50.0,False,NOMINAL,HEALTHY,39.99,-24.11
DIG_LOT07_COMP0816,LOT_07,DIGITAL_IC,CQFP-64,DIG-SIH-2026,THERMAL_BURN_IN,T07_0816,PROC-ISRO-IISU-01,ATE-STATION-01,CHAMBER-01,1.0,125.0,5.0,168,IDDQ,ELECTRICAL,uA,1.352,1030.2509,1030.2566,1030.2703,1028.8989,23.632,2.4748,14.0,0.0195,0.0073,35.17,34.79,1.352,1030.2509,1030.2566,1030.2703,1028.8989,50.0,False,NOMINAL,HEALTHY,45.47,2.76
DIG_LOT07_COMP0817,LOT_07,DIGITAL_IC,CQFP-64,DIG-SIH-2026,THERMAL_BURN_IN,T07_0817,PROC-ISRO-IISU-01,ATE-STATION-01,CHAMBER-01,1.0,125.0,5.0,168,IDDQ,ELECTRICAL,uA,1.5006,1152.3187,1152.4318,1152.5325,1150.8181,27.03,1.6036,11.438,-0.0257,0.0259,34.54,33.89,1.5006,1152.3187,1152.4318,1152.5325,1150.8181,50.0,False,NOMINAL,HEALTHY,37.93,31.04
DIG_LOT07_COMP0818,LOT_07,DIGITAL_IC,CQFP-64,DIG-SIH-2026,THERMAL_BURN_IN,T07_0818,PROC-ISRO-IISU-01,ATE-STATION-01,CHAMBER-01,1.0,125.0,5.0,168,IDDQ,ELECTRICAL,uA,1.5526,1192.5445,1192.639,1192.7368,1190.9919,24.437,1.6079,12.79,0.0107,-0.013,34.55,34.2,1.5526,1192.5445,1192.639,1192.7368,1190.9919,50.0,False,NOMINAL,HEALTHY,-38.55,-16.79
DIG_LOT07_COMP0819,LOT_07,DIGITAL_IC,CQFP-64,DIG-SIH-2026,THERMAL_BURN_IN,T07_0819,PROC-ISRO-IISU-01,ATE-STATION-01,CHAMBER-01,1.0,125.0,5.0,168,IDDQ,ELECTRICAL,uA,1.1981,916.1805,916.2446,916.3448,914.9824,25.969,2.256,11.607,0.038,0.0264,36.63,35.6,1.1981,916.1805,916.2446,916.3448,914.9824,50.0,False,NOMINAL,HEALTHY,11.69,24.54
DIG_LOT07_COMP0820,LOT_07,DIGITAL_IC,CQFP-64,DIG-SIH-2026,THERMAL_BURN_IN,T07_0820,PROC-ISRO-IISU-01,ATE-STATION-01,CHAMBER-01,1.0,125.0,5.0,168,IDDQ,ELECTRICAL,uA,1.2612,992.2233,992.2609,992.2643,990.9621,26.8,2.0227,12.496,0.0077,-0.004,34.75,34.51,1.2612,992.2233,992.2609,992.2643,990.9621,50.0,False,NOMINAL,HEALTHY,3.17,-25.98
DIG_LOT07_COMP0821,LOT_07,DIGITAL_IC,CQFP-64,DIG-SIH-2026,THERMAL_BURN_IN,T07_0821,PROC-ISRO-IISU-01,ATE-STATION-01,CHAMBER-01,1.0,125.0,5.0,168,IDDQ,ELECTRICAL,uA,1.1439,879.1875,879.2258,879.3361,878.0436,23.448,1.1871,12.572,-0.0141,0.0138,35.03,34.79,1.1439,879.1875,879.2258,879.3361,878.0436,50.0,False,NOMINAL,HEALTHY,44.03,41.21
DIG_LOT07_COMP0822,LOT_07,DIGITAL_IC,CQFP-64,DIG-SIH-2026,THERMAL_BURN_IN,T07_0822,PROC-ISRO-IISU-01,ATE-STATION-01,CHAMBER-01,1.0,125.0,5.0,168,IDDQ,ELECTRICAL,uA,1.7781,1363.8071,1363.9234,1363.9537,1362.029,23.965,2.032,11.403,-0.01,-0.0832,33.87,33.54,1.7781,1363.8071,1363.9234,1363.9537,1362.029,50.0,True,DIELECTRIC_OSCILLATION,HEALTHY,-13.36,-14.89
DIG_LOT07_COMP0823,LOT_07,DIGITAL_IC,CQFP-64,DIG-SIH-2026,THERMAL_BURN_IN,T07_0823,PROC-ISRO-IISU-01,ATE-STATION-01,CHAMBER-01,1.0,125.0,5.0,168,IDDQ,ELECTRICAL,uA,1.3638,1055.1692,1055.2398,1055.2772,1053.8054,25.795,1.925,11.498,0.0011,-0.0316,34.66,34.97,1.3638,1055.1692,1055.2398,1055.2772,1053.8054,50.0,False,NOMINAL,HEALTHY,-19.33,17.68
DIG_LOT07_COMP0824,LOT_07,DIGITAL_IC,CQFP-64,DIG-SIH-2026,THERMAL_BURN_IN,T07_0824,PROC-ISRO-IISU-01,ATE-STATION-01,CHAMBER-01,1.0,125.0,5.0,168,IDDQ,ELECTRICAL,uA,1.5645,1207.9664,1208.0783,1208.1502,1206.4019,23.953,2.0546,13.653,0.0384,0.0219,36.62,36.87,1.5645,1207.9664,1208.0783,1208.1502,1206.4019,50.0,False,NOMINAL,HEALTHY,47.65,15.0
DIG_LOT07_COMP0825,LOT_07,DIGITAL_IC,CQFP-64,DIG-SIH-2026,THERMAL_BURN_IN,T07_0825,PROC-ISRO-IISU-01,ATE-STATION-01,CHAMBER-01,1.0,125.0,5.0,168,IDDQ,ELECTRICAL,uA,1.1217,865.2267,865.2684,865.3538,864.105,23.767,1.9035,13.439,0.0016,-0.0548,34.31,34.0,1.1217,865.2267,865.2684,865.3538,864.105,50.0,False,NOMINAL,HEALTHY,25.56,-7.65
DIG_LOT07_COMP0826,LOT_07,DIGITAL_IC,CQFP-64,DIG-SIH-2026,THERMAL_BURN_IN,T07_0826,PROC-ISRO-IISU-01,ATE-STATION-01,CHAMBER-01,1.0,125.0,5.0,168,IDDQ,ELECTRICAL,uA,1.1455,869.6641,869.7169,869.7626,868.5186,25.477,1.6701,12.625,0.0234,-0.0165,33.83,33.64,1.1455,869.6641,869.7169,869.7626,868.5186,50.0,False,NOMINAL,HEALTHY,-35.83,7.93
DIG_LOT07_COMP0827,LOT_07,DIGITAL_IC,CQFP-64,DIG-SIH-2026,THERMAL_BURN_IN,T07_0827,PROC-ISRO-IISU-01,ATE-STATION-01,CHAMBER-01,1.0,125.0,5.0,168,IDDQ,ELECTRICAL,uA,1.3044,1010.895,1010.9614,1011.0438,1009.5906,22.527,1.7944,11.004,0.0105,0.017,35.26,34.33,1.3044,1010.895,1010.9614,1011.0438,1009.5906,50.0,False,NOMINAL,HEALTHY,-21.22,-20.08
DIG_LOT07_COMP0828,LOT_07,DIGITAL_IC,CQFP-64,DIG-SIH-2026,THERMAL_BURN_IN,T07_0828,PROC-ISRO-IISU-01,ATE-STATION-01,CHAMBER-01,1.0,125.0,5.0,168,IDDQ,ELECTRICAL,uA,1.2605,979.728,979.8241,979.8074,978.4675,23.095,2.646,12.878,0.0463,0.0224,34.5,34.44,1.2605,979.728,979.8241,979.8074,978.4675,50.0,False,NOMINAL,HEALTHY,-17.39,-42.17
DIG_LOT07_COMP0829,LOT_07,DIGITAL_IC,CQFP-64,DIG-SIH-2026,THERMAL_BURN_IN,T07_0829,PROC-ISRO-IISU-01,ATE-STATION-01,CHAMBER-01,1.0,125.0,5.0,168,IDDQ,ELECTRICAL,uA,1.077,837.3215,837.3816,837.4189,836.2445,25.528,2.4719,12.628,0.0018,-0.0426,34.95,34.76,1.077,837.3215,837.3816,837.4189,836.2445,50.0,False,NOMINAL,HEALTHY,36.07,33.49
DIG_LOT07_COMP0830,LOT_07,DIGITAL_IC,CQFP-64,DIG-SIH-2026,THERMAL_BURN_IN,T07_0830,PROC-ISRO-IISU-01,ATE-STATION-01,CHAMBER-01,1.0,125.0,5.0,168,IDDQ,ELECTRICAL,uA,1.2686,977.0732,978.6006,985.0454,975.8046,23.176,2.6628,12.587,0.0142,-0.0123,34.75,35.22,1.2686,977.0732,978.6006,985.0454,975.8046,50.0,True,ELECTROMIGRATION,HEALTHY,47.4,42.97
DIG_LOT07_COMP0831,LOT_07,DIGITAL_IC,CQFP-64,DIG-SIH-2026,THERMAL_BURN_IN,T07_0831,PROC-ISRO-IISU-01,ATE-STATION-01,CHAMBER-01,1.0,125.0,5.0,168,IDDQ,ELECTRICAL,uA,1.3255,1012.5419,1012.6284,1012.6653,1011.2164,24.111,2.3042,11.838,0.017,0.0483,34.51,35.53,1.3255,1012.5419,1012.6284,1012.6653,1011.2164,50.0,False,NOMINAL,HEALTHY,-5.48,49.7
DIG_LOT07_COMP0832,LOT_07,DIGITAL_IC,CQFP-64,DIG-SIH-2026,THERMAL_BURN_IN,T07_0832,PROC-ISRO-IISU-01,ATE-STATION-01,CHAMBER-01,1.0,125.0,5.0,168,IDDQ,ELECTRICAL,uA,1.4351,1090.001,1090.0806,1090.1614,1088.5659,23.193,1.9154,13.52,-0.0106,-0.0088,37.32,37.04,1.4351,1090.001,1090.0806,1090.1614,1088.5659,50.0,False,NOMINAL,HEALTHY,4.69,49.62
DIG_LOT07_COMP0833,LOT_07,DIGITAL_IC,CQFP-64,DIG-SIH-2026,THERMAL_BURN_IN,T07_0833,PROC-ISRO-IISU-01,ATE-STATION-01,CHAMBER-01,1.0,125.0,5.0,168,IDDQ,ELECTRICAL,uA,1.6392,1252.3804,1252.5177,1252.5144,1250.7412,25.784,1.8949,12.81,0.0234,0.0091,35.65,35.6,1.6392,1252.3804,1252.5177,1252.5144,1250.7412,50.0,False,NOMINAL,HEALTHY,24.27,-37.2
DIG_LOT07_COMP0834,LOT_07,DIGITAL_IC,CQFP-64,DIG-SIH-2026,THERMAL_BURN_IN,T07_0834,PROC-ISRO-IISU-01,ATE-STATION-01,CHAMBER-01,1.0,125.0,5.0,168,IDDQ,ELECTRICAL,uA,1.3349,1042.0165,1042.1118,1042.1619,1040.6816,24.025,1.5515,13.32,-0.0014,-0.0161,35.59,35.2,1.3349,1042.0165,1042.1118,1042.1619,1040.6816,50.0,False,NOMINAL,HEALTHY,40.22,-28.33
DIG_LOT07_COMP0835,LOT_07,DIGITAL_IC,CQFP-64,DIG-SIH-2026,THERMAL_BURN_IN,T07_0835,PROC-ISRO-IISU-01,ATE-STATION-01,CHAMBER-01,1.0,125.0,5.0,168,IDDQ,ELECTRICAL,uA,1.1769,916.8959,916.9786,917.0678,915.719,25.613,2.2115,12.076,-0.0176,0.0254,34.65,34.82,1.1769,916.8959,916.9786,917.0678,915.719,50.0,False,NOMINAL,HEALTHY,-37.55,1.15
DIG_LOT07_COMP0836,LOT_07,DIGITAL_IC,CQFP-64,DIG-SIH-2026,THERMAL_BURN_IN,T07_0836,PROC-ISRO-IISU-01,ATE-STATION-01,CHAMBER-01,1.0,125.0,5.0,168,IDDQ,ELECTRICAL,uA,1.1075,840.9563,841.0334,841.033,839.8488,27.869,2.2389,13.183,0.0076,0.0669,34.58,33.34,1.1075,840.9563,841.0334,841.033,839.8488,50.0,False,NOMINAL,HEALTHY,35.34,-48.96
DIG_LOT07_COMP0837,LOT_07,DIGITAL_IC,CQFP-64,DIG-SIH-2026,THERMAL_BURN_IN,T07_0837,PROC-ISRO-IISU-01,ATE-STATION-01,CHAMBER-01,1.0,125.0,5.0,168,IDDQ,ELECTRICAL,uA,1.1294,868.143,868.1877,868.2947,867.0136,22.141,2.4684,13.444,0.0138,0.0116,33.58,33.83,1.1294,868.143,868.1877,868.2947,867.0136,50.0,False,NOMINAL,HEALTHY,-42.11,-8.95
DIG_LOT07_COMP0838,LOT_07,DIGITAL_IC,CQFP-64,DIG-SIH-2026,THERMAL_BURN_IN,T07_0838,PROC-ISRO-IISU-01,ATE-STATION-01,CHAMBER-01,1.0,125.0,5.0,168,IDDQ,ELECTRICAL,uA,1.1916,919.3994,919.5265,919.4877,918.2078,24.583,2.188,10.839,0.0009,-0.0629,33.26,34.2,1.1916,919.3994,919.5265,919.4877,918.2078,50.0,False,NOMINAL,HEALTHY,18.1,-27.94
DIG_LOT07_COMP0839,LOT_07,DIGITAL_IC,CQFP-64,DIG-SIH-2026,THERMAL_BURN_IN,T07_0839,PROC-ISRO-IISU-01,ATE-STATION-01,CHAMBER-01,1.0,125.0,5.0,168,IDDQ,ELECTRICAL,uA,1.3357,1035.5701,1035.649,1035.6668,1034.2344,25.346,1.595,12.139,0.0123,0.002,33.98,34.75,1.3357,1035.5701,1035.649,1035.6668,1034.2344,50.0,False,NOMINAL,HEALTHY,-31.25,18.86
DIG_LOT07_COMP0840,LOT_07,DIGITAL_IC,CQFP-64,DIG-SIH-2026,THERMAL_BURN_IN,T07_0840,PROC-ISRO-IISU-01,ATE-STATION-01,CHAMBER-01,1.0,125.0,5.0,168,IDDQ,ELECTRICAL,uA,1.1345,872.5394,872.6169,872.6303,871.4049,25.688,2.0996,12.531,-0.0116,0.0004,33.38,33.04,1.1345,872.5394,872.6169,872.6303,871.4049,50.0,False,NOMINAL,HEALTHY,-15.74,-26.23
DIG_LOT07_COMP0841,LOT_07,DIGITAL_IC,CQFP-64,DIG-SIH-2026,THERMAL_BURN_IN,T07_0841,PROC-ISRO-IISU-01,ATE-STATION-01,CHAMBER-01,1.0,125.0,5.0,168,IDDQ,ELECTRICAL,uA,1.2781,999.4524,999.5344,999.5551,998.1743,25.749,2.5399,11.606,0.0086,0.0072,34.05,32.78,1.2781,999.4524,999.5344,999.5551,998.1743,50.0,False,NOMINAL,HEALTHY,8.6,19.26
DIG_LOT07_COMP0842,LOT_07,DIGITAL_IC,CQFP-64,DIG-SIH-2026,THERMAL_BURN_IN,T07_0842,PROC-ISRO-IISU-01,ATE-STATION-01,CHAMBER-01,1.0,125.0,5.0,168,IDDQ,ELECTRICAL,uA,1.4709,1138.437,1138.5352,1138.6433,1136.9661,25.21,1.8841,12.552,0.0131,-0.092,37.01,37.85,1.4709,1138.437,1138.5352,1138.6433,1136.9661,50.0,False,NOMINAL,HEALTHY,39.43,-19.05
DIG_LOT07_COMP0843,LOT_07,DIGITAL_IC,CQFP-64,DIG-SIH-2026,THERMAL_BURN_IN,T07_0843,PROC-ISRO-IISU-01,ATE-STATION-01,CHAMBER-01,1.0,125.0,5.0,168,IDDQ,ELECTRICAL,uA,1.2092,930.7827,930.8051,930.9331,929.5735,25.253,1.9793,10.941,0.0205,-0.0163,35.19,35.03,1.2092,930.7827,930.8051,930.9331,929.5735,50.0,False,NOMINAL,HEALTHY,47.71,24.74
DIG_LOT07_COMP0844,LOT_07,DIGITAL_IC,CQFP-64,DIG-SIH-2026,THERMAL_BURN_IN,T07_0844,PROC-ISRO-IISU-01,ATE-STATION-01,CHAMBER-01,1.0,125.0,5.0,168,IDDQ,ELECTRICAL,uA,0.9215,718.8975,718.9155,718.9185,717.976,24.233,2.56,12.39,-0.0322,-0.0425,34.85,35.46,0.9215,718.8975,718.9155,718.9185,717.976,50.0,False,NOMINAL,HEALTHY,1.99,21.28
DIG_LOT07_COMP0845,LOT_07,DIGITAL_IC,CQFP-64,DIG-SIH-2026,THERMAL_BURN_IN,T07_0845,PROC-ISRO-IISU-01,ATE-STATION-01,CHAMBER-01,1.0,125.0,5.0,168,IDDQ,ELECTRICAL,uA,1.3727,1063.8426,1063.9489,1063.9969,1062.4699,24.616,1.5385,11.418,0.0233,0.0069,35.43,35.33,1.3727,1063.8426,1063.9489,1063.9969,1062.4699,50.0,False,NOMINAL,HEALTHY,33.37,3.04
DIG_LOT07_COMP0846,LOT_07,DIGITAL_IC,CQFP-64,DIG-SIH-2026,THERMAL_BURN_IN,T07_0846,PROC-ISRO-IISU-01,ATE-STATION-01,CHAMBER-01,1.0,125.0,5.0,168,IDDQ,ELECTRICAL,uA,1.2983,1024.3534,1024.4105,1024.4891,1023.0551,25.315,2.2471,12.466,0.0274,0.0285,34.8,34.64,1.2983,1024.3534,1024.4105,1024.4891,1023.0551,50.0,False,NOMINAL,HEALTHY,21.51,35.11
DIG_LOT07_COMP0847,LOT_07,DIGITAL_IC,CQFP-64,DIG-SIH-2026,THERMAL_BURN_IN,T07_0847,PROC-ISRO-IISU-01,ATE-STATION-01,CHAMBER-01,1.0,125.0,5.0,168,IDDQ,ELECTRICAL,uA,1.2227,945.8183,945.9029,945.9172,944.5956,26.12,2.3508,13.374,-0.0109,0.0163,33.47,33.83,1.2227,945.8183,945.9029,945.9172,944.5956,50.0,False,NOMINAL,HEALTHY,-49.92,42.18
DIG_LOT07_COMP0848,LOT_07,DIGITAL_IC,CQFP-64,DIG-SIH-2026,THERMAL_BURN_IN,T07_0848,PROC-ISRO-IISU-01,ATE-STATION-01,CHAMBER-01,1.0,125.0,5.0,168,IDDQ,ELECTRICAL,uA,1.3225,1036.6665,1036.7427,1036.7545,1035.344,24.041,2.8454,12.061,-0.0065,-0.0065,35.69,36.55,1.3225,1036.6665,1036.7427,1036.7545,1035.344,50.0,False,NOMINAL,HEALTHY,27.43,23.21
DIG_LOT07_COMP0849,LOT_07,DIGITAL_IC,CQFP-64,DIG-SIH-2026,THERMAL_BURN_IN,T07_0849,PROC-ISRO-IISU-01,ATE-STATION-01,CHAMBER-01,1.0,125.0,5.0,168,IDDQ,ELECTRICAL,uA,1.1991,907.3527,907.4283,907.4773,906.1536,25.38,2.0352,12.535,-0.0037,0.0142,35.51,35.57,1.1991,907.3527,907.4283,907.4773,906.1536,50.0,False,NOMINAL,HEALTHY,-19.1,-24.33
DIG_LOT07_COMP0850,LOT_07,DIGITAL_IC,CQFP-64,DIG-SIH-2026,THERMAL_BURN_IN,T07_0850,PROC-ISRO-IISU-01,ATE-STATION-01,CHAMBER-01,1.0,125.0,5.0,168,IDDQ,ELECTRICAL,uA,1.4203,1081.0659,1081.1748,1081.2232,1079.6456,24.862,1.8442,12.197,-0.0006,-0.0122,36.37,36.29,1.4203,1081.0659,1081.1748,1081.2232,1079.6456,50.0,False,NOMINAL,HEALTHY,8.39,41.54
DIG_LOT07_COMP0851,LOT_07,DIGITAL_IC,CQFP-64,DIG-SIH-2026,THERMAL_BURN_IN,T07_0851,PROC-ISRO-IISU-01,ATE-STATION-01,CHAMBER-01,1.0,125.0,5.0,168,IDDQ,ELECTRICAL,uA,1.4481,1100.0698,1100.179,1100.1985,1098.6217,26.173,1.8436,12.212,-0.0011,0.0116,35.33,34.61,1.4481,1100.0698,1100.179,1100.1985,1098.6217,50.0,False,NOMINAL,HEALTHY,29.08,-38.88
DIG_LOT07_COMP0852,LOT_07,DIGITAL_IC,CQFP-64,DIG-SIH-2026,THERMAL_BURN_IN,T07_0852,PROC-ISRO-IISU-01,ATE-STATION-01,CHAMBER-01,1.0,125.0,5.0,168,IDDQ,ELECTRICAL,uA,1.4011,1072.1316,1072.1905,1072.2958,1070.7305,25.349,1.7013,14.222,-0.0012,-0.0375,34.98,34.96,1.4011,1072.1316,1072.1905,1072.2958,1070.7305,50.0,False,NOMINAL,HEALTHY,-39.0,-10.72
DIG_LOT07_COMP0853,LOT_07,DIGITAL_IC,CQFP-64,DIG-SIH-2026,THERMAL_BURN_IN,T07_0853,PROC-ISRO-IISU-01,ATE-STATION-01,CHAMBER-01,1.0,125.0,5.0,168,IDDQ,ELECTRICAL,uA,1.3846,1064.9017,1064.9895,1065.039,1063.5171,25.864,2.0612,11.501,0.0132,-0.0454,35.15,34.96,1.3846,1064.9017,1064.9895,1065.039,1063.5171,50.0,False,NOMINAL,HEALTHY,-8.21,-45.33
DIG_LOT07_COMP0854,LOT_07,DIGITAL_IC,CQFP-64,DIG-SIH-2026,THERMAL_BURN_IN,T07_0854,PROC-ISRO-IISU-01,ATE-STATION-01,CHAMBER-01,1.0,125.0,5.0,168,IDDQ,ELECTRICAL,uA,1.484,1143.6543,1143.7626,1143.7498,1142.1703,24.565,2.1938,12.006,-0.0221,-0.0152,33.21,33.26,1.484,1143.6543,1143.7626,1143.7498,1142.1703,50.0,False,NOMINAL,HEALTHY,-27.59,-38.5
DIG_LOT07_COMP0855,LOT_07,DIGITAL_IC,CQFP-64,DIG-SIH-2026,THERMAL_BURN_IN,T07_0855,PROC-ISRO-IISU-01,ATE-STATION-01,CHAMBER-01,1.0,125.0,5.0,168,IDDQ,ELECTRICAL,uA,1.3522,1038.7931,1038.8999,1038.8773,1037.4409,26.056,2.7889,11.299,-0.0124,-0.0716,36.63,36.89,1.3522,1038.7931,1038.8999,1038.8773,1037.4409,50.0,False,NOMINAL,HEALTHY,-24.17,-34.67
DIG_LOT07_COMP0856,LOT_07,DIGITAL_IC,CQFP-64,DIG-SIH-2026,THERMAL_BURN_IN,T07_0856,PROC-ISRO-IISU-01,ATE-STATION-01,CHAMBER-01,1.0,125.0,5.0,168,IDDQ,ELECTRICAL,uA,1.1797,913.8265,913.9162,913.9722,912.6468,28.104,2.2552,11.241,0.0052,-0.0026,36.32,35.89,1.1797,913.8265,913.9162,913.9722,912.6468,50.0,False,NOMINAL,HEALTHY,25.78,-16.33
DIG_LOT07_COMP0857,LOT_07,DIGITAL_IC,CQFP-64,DIG-SIH-2026,THERMAL_BURN_IN,T07_0857,PROC-ISRO-IISU-01,ATE-STATION-01,CHAMBER-01,1.0,125.0,5.0,168,IDDQ,ELECTRICAL,uA,1.5196,1164.7235,1164.7822,1164.8825,1163.2039,24.914,1.5776,11.757,0.0024,-0.0509,36.08,36.31,1.5196,1164.7235,1164.7822,1164.8825,1163.2039,50.0,False,NOMINAL,HEALTHY,46.13,3.0
DIG_LOT07_COMP0858,LOT_07,DIGITAL_IC,CQFP-64,DIG-SIH-2026,THERMAL_BURN_IN,T07_0858,PROC-ISRO-IISU-01,ATE-STATION-01,CHAMBER-01,1.0,125.0,5.0,168,IDDQ,ELECTRICAL,uA,1.1776,910.1364,910.1995,910.2511,908.9588,24.798,2.1076,12.555,0.0038,-0.033,35.69,36.32,1.1776,910.1364,910.1995,910.2511,908.9588,50.0,False,NOMINAL,HEALTHY,-40.2,-44.23
DIG_LOT07_COMP0859,LOT_07,DIGITAL_IC,CQFP-64,DIG-SIH-2026,THERMAL_BURN_IN,T07_0859,PROC-ISRO-IISU-01,ATE-STATION-01,CHAMBER-01,1.0,125.0,5.0,168,IDDQ,ELECTRICAL,uA,1.7328,1331.5744,1331.6651,1331.7967,1329.8416,26.165,1.7516,13.476,0.0244,0.0738,36.9,37.81,1.7328,1331.5744,1331.6651,1331.7967,1329.8416,50.0,False,NOMINAL,HEALTHY,34.26,-41.5
DIG_LOT07_COMP0860,LOT_07,DIGITAL_IC,CQFP-64,DIG-SIH-2026,THERMAL_BURN_IN,T07_0860,PROC-ISRO-IISU-01,ATE-STATION-01,CHAMBER-01,1.0,125.0,5.0,168,IDDQ,ELECTRICAL,uA,1.4963,1141.5437,1141.6312,1141.6696,1140.0474,24.944,2.361,11.89,-0.0186,-0.0259,34.44,34.68,1.4963,1141.5437,1141.6312,1141.6696,1140.0474,50.0,False,NOMINAL,HEALTHY,-19.64,-41.39
DIG_LOT07_COMP0861,LOT_07,DIGITAL_IC,CQFP-64,DIG-SIH-2026,THERMAL_BURN_IN,T07_0861,PROC-ISRO-IISU-01,ATE-STATION-01,CHAMBER-01,1.0,125.0,5.0,168,IDDQ,ELECTRICAL,uA,1.41,1090.116,1090.2457,1090.3095,1088.706,24.013,1.8074,11.814,-0.0087,-0.0569,36.03,36.75,1.41,1090.116,1090.2457,1090.3095,1088.706,50.0,False,NOMINAL,HEALTHY,42.36,-1.12
DIG_LOT07_COMP0862,LOT_07,DIGITAL_IC,CQFP-64,DIG-SIH-2026,THERMAL_BURN_IN,T07_0862,PROC-ISRO-IISU-01,ATE-STATION-01,CHAMBER-01,1.0,125.0,5.0,168,IDDQ,ELECTRICAL,uA,1.2656,966.4372,966.4848,966.5028,965.1716,24.11,2.3365,13.366,0.0068,0.0378,34.78,33.69,1.2656,966.4372,966.4848,966.5028,965.1716,50.0,False,NOMINAL,HEALTHY,12.07,46.37
DIG_LOT07_COMP0863,LOT_07,DIGITAL_IC,CQFP-64,DIG-SIH-2026,THERMAL_BURN_IN,T07_0863,PROC-ISRO-IISU-01,ATE-STATION-01,CHAMBER-01,1.0,125.0,5.0,168,IDDQ,ELECTRICAL,uA,1.4485,1116.5563,1116.6379,1116.6455,1115.1078,24.098,1.7632,12.142,-0.0027,0.0743,35.25,34.63,1.4485,1116.5563,1116.6379,1116.6455,1115.1078,50.0,False,NOMINAL,HEALTHY,13.68,-8.91
DIG_LOT07_COMP0864,LOT_07,DIGITAL_IC,CQFP-64,DIG-SIH-2026,THERMAL_BURN_IN,T07_0864,PROC-ISRO-IISU-01,ATE-STATION-01,CHAMBER-01,1.0,125.0,5.0,168,IDDQ,ELECTRICAL,uA,1.467,1140.3813,1140.4788,1140.529,1138.9143,29.23,1.461,12.014,0.02,-0.0223,34.61,34.89,1.467,1140.3813,1140.4788,1140.529,1138.9143,50.0,False,NOMINAL,HEALTHY,47.9,-27.84
DIG_LOT07_COMP0865,LOT_07,DIGITAL_IC,CQFP-64,DIG-SIH-2026,THERMAL_BURN_IN,T07_0865,PROC-ISRO-IISU-01,ATE-STATION-01,CHAMBER-01,1.0,125.0,5.0,168,IDDQ,ELECTRICAL,uA,1.2552,983.75,983.7994,983.8304,982.4948,24.214,1.9357,10.494,0.0208,-0.027,35.0,35.1,1.2552,983.75,983.7994,983.8304,982.4948,50.0,False,NOMINAL,HEALTHY,11.43,10.29
DIG_LOT07_COMP0866,LOT_07,DIGITAL_IC,CQFP-64,DIG-SIH-2026,THERMAL_BURN_IN,T07_0866,PROC-ISRO-IISU-01,ATE-STATION-01,CHAMBER-01,1.0,125.0,5.0,168,IDDQ,ELECTRICAL,uA,1.3533,1049.9807,1050.0654,1050.0757,1048.6274,24.85,2.1617,12.209,0.0282,0.0318,34.89,34.66,1.3533,1049.9807,1050.0654,1050.0757,1048.6274,50.0,False,NOMINAL,HEALTHY,-0.43,39.56
DIG_LOT07_COMP0867,LOT_07,DIGITAL_IC,CQFP-64,DIG-SIH-2026,THERMAL_BURN_IN,T07_0867,PROC-ISRO-IISU-01,ATE-STATION-01,CHAMBER-01,1.0,125.0,5.0,168,IDDQ,ELECTRICAL,uA,1.3578,1050.0456,1050.1703,1050.2095,1048.6878,24.753,1.9195,12.16,0.0413,0.1559,35.24,36.06,1.3578,1050.0456,1050.1703,1050.2095,1048.6878,50.0,False,NOMINAL,HEALTHY,7.03,-1.21
DIG_LOT07_COMP0868,LOT_07,DIGITAL_IC,CQFP-64,DIG-SIH-2026,THERMAL_BURN_IN,T07_0868,PROC-ISRO-IISU-01,ATE-STATION-01,CHAMBER-01,1.0,125.0,5.0,168,IDDQ,ELECTRICAL,uA,1.2135,950.208,950.2415,950.3541,948.9945,27.935,2.1827,12.895,0.0162,0.155,35.73,36.16,1.2135,950.208,950.2415,950.3541,948.9945,50.0,False,NOMINAL,HEALTHY,12.79,29.26
DIG_LOT07_COMP0869,LOT_07,DIGITAL_IC,CQFP-64,DIG-SIH-2026,THERMAL_BURN_IN,T07_0869,PROC-ISRO-IISU-01,ATE-STATION-01,CHAMBER-01,1.0,125.0,5.0,168,IDDQ,ELECTRICAL,uA,1.4497,1123.3628,1123.4294,1123.4602,1121.9131,24.461,2.2599,12.383,0.0245,0.0235,33.73,32.78,1.4497,1123.3628,1123.4294,1123.4602,1121.9131,50.0,False,NOMINAL,HEALTHY,-30.32,-14.77
DIG_LOT07_COMP0870,LOT_07,DIGITAL_IC,CQFP-64,DIG-SIH-2026,THERMAL_BURN_IN,T07_0870,PROC-ISRO-IISU-01,ATE-STATION-01,CHAMBER-01,1.0,125.0,5.0,168,IDDQ,ELECTRICAL,uA,1.095,834.7025,834.7492,834.8052,833.6075,26.435,2.0864,12.943,0.0164,0.0546,35.35,35.74,1.095,834.7025,834.7492,834.8052,833.6075,50.0,False,NOMINAL,HEALTHY,-0.68,30.01
DIG_LOT07_COMP0871,LOT_07,DIGITAL_IC,CQFP-64,DIG-SIH-2026,THERMAL_BURN_IN,T07_0871,PROC-ISRO-IISU-01,ATE-STATION-01,CHAMBER-01,1.0,125.0,5.0,168,IDDQ,ELECTRICAL,uA,1.413,1117.2483,1117.3817,1117.4546,1115.8353,25.264,1.8962,12.946,-0.0014,-0.0159,33.83,33.76,1.413,1117.2483,1117.3817,1117.4546,1115.8353,50.0,False,NOMINAL,HEALTHY,-43.86,30.37
DIG_LOT07_COMP0872,LOT_07,DIGITAL_IC,CQFP-64,DIG-SIH-2026,THERMAL_BURN_IN,T07_0872,PROC-ISRO-IISU-01,ATE-STATION-01,CHAMBER-01,1.0,125.0,5.0,168,IDDQ,ELECTRICAL,uA,1.0985,849.9031,849.9881,849.9931,848.8046,25.368,1.8898,14.673,-0.0187,-0.0674,35.17,35.75,1.0985,849.9031,849.9881,849.9931,848.8046,50.0,False,NOMINAL,HEALTHY,38.9,43.16
DIG_LOT07_COMP0873,LOT_07,DIGITAL_IC,CQFP-64,DIG-SIH-2026,THERMAL_BURN_IN,T07_0873,PROC-ISRO-IISU-01,ATE-STATION-01,CHAMBER-01,1.0,125.0,5.0,168,IDDQ,ELECTRICAL,uA,1.3045,1005.0824,1005.1841,1005.2311,1003.7779,23.876,1.9523,12.163,0.006,-0.0135,34.65,35.0,1.3045,1005.0824,1005.1841,1005.2311,1003.7779,50.0,False,NOMINAL,HEALTHY,10.85,35.71
DIG_LOT07_COMP0874,LOT_07,DIGITAL_IC,CQFP-64,DIG-SIH-2026,THERMAL_BURN_IN,T07_0874,PROC-ISRO-IISU-01,ATE-STATION-01,CHAMBER-01,1.0,125.0,5.0,168,IDDQ,ELECTRICAL,uA,1.6878,1317.4862,1317.587,1317.6395,1315.7984,23.697,1.7992,10.938,0.0037,0.0143,35.5,36.18,1.6878,1317.4862,1317.587,1317.6395,1315.7984,50.0,False,NOMINAL,HEALTHY,-33.15,-9.42
DIG_LOT07_COMP0875,LOT_07,DIGITAL_IC,CQFP-64,DIG-SIH-2026,THERMAL_BURN_IN,T07_0875,PROC-ISRO-IISU-01,ATE-STATION-01,CHAMBER-01,1.0,125.0,5.0,168,IDDQ,ELECTRICAL,uA,1.6399,1264.1691,1264.2696,1264.3083,1262.5292,23.847,1.6493,11.77,0.0111,-0.0247,34.87,35.79,1.6399,1264.1691,1264.2696,1264.3083,1262.5292,50.0,False,NOMINAL,HEALTHY,9.13,6.87
DIG_LOT07_COMP0876,LOT_07,DIGITAL_IC,CQFP-64,DIG-SIH-2026,THERMAL_BURN_IN,T07_0876,PROC-ISRO-IISU-01,ATE-STATION-01,CHAMBER-01,1.0,125.0,5.0,168,IDDQ,ELECTRICAL,uA,1.481,1161.6433,1161.763,1161.7999,1160.1623,23.97,1.862,12.947,-0.0002,0.0347,36.71,36.51,1.481,1161.6433,1161.763,1161.7999,1160.1623,50.0,False,NOMINAL,HEALTHY,-35.14,31.66
DIG_LOT07_COMP0877,LOT_07,DIGITAL_IC,CQFP-64,DIG-SIH-2026,THERMAL_BURN_IN,T07_0877,PROC-ISRO-IISU-01,ATE-STATION-01,CHAMBER-01,1.0,125.0,5.0,168,IDDQ,ELECTRICAL,uA,1.3115,1007.0732,1007.1866,1007.2182,1005.7617,26.421,2.1803,11.817,0.0758,0.1013,33.38,32.82,1.3115,1007.0732,1007.1866,1007.2182,1005.7617,50.0,False,NOMINAL,HEALTHY,17.31,-22.56
DIG_LOT07_COMP0878,LOT_07,DIGITAL_IC,CQFP-64,DIG-SIH-2026,THERMAL_BURN_IN,T07_0878,PROC-ISRO-IISU-01,ATE-STATION-01,CHAMBER-01,1.0,125.0,5.0,168,IDDQ,ELECTRICAL,uA,1.2234,948.0707,948.1122,948.1641,946.8473,24.771,2.2608,11.915,0.0107,0.0646,36.88,37.05,1.2234,948.0707,948.1122,948.1641,946.8473,50.0,False,NOMINAL,HEALTHY,47.7,-46.52
DIG_LOT07_COMP0879,LOT_07,DIGITAL_IC,CQFP-64,DIG-SIH-2026,THERMAL_BURN_IN,T07_0879,PROC-ISRO-IISU-01,ATE-STATION-01,CHAMBER-01,1.0,125.0,5.0,168,IDDQ,ELECTRICAL,uA,1.1081,843.9876,843.9894,844.0957,842.8795,26.501,2.11,12.752,0.0291,-0.0295,35.57,35.93,1.1081,843.9876,843.9894,844.0957,842.8795,50.0,False,NOMINAL,HEALTHY,20.94,-36.06
DIG_LOT07_COMP0880,LOT_07,DIGITAL_IC,CQFP-64,DIG-SIH-2026,THERMAL_BURN_IN,T07_0880,PROC-ISRO-IISU-01,ATE-STATION-01,CHAMBER-01,1.0,125.0,5.0,168,IDDQ,ELECTRICAL,uA,1.2415,941.8024,941.8551,941.9218,940.5609,25.782,2.0193,12.119,-0.0086,-0.09,33.93,33.48,1.2415,941.8024,941.8551,941.9218,940.5609,50.0,False,NOMINAL,HEALTHY,8.98,13.98
DIG_LOT07_COMP0881,LOT_07,DIGITAL_IC,CQFP-64,DIG-SIH-2026,THERMAL_BURN_IN,T07_0881,PROC-ISRO-IISU-01,ATE-STATION-01,CHAMBER-01,1.0,125.0,5.0,168,IDDQ,ELECTRICAL,uA,1.2167,953.1554,953.2062,953.2845,951.9387,24.298,1.8971,13.634,-0.0056,-0.0014,35.55,36.08,1.2167,953.1554,953.2062,953.2845,951.9387,50.0,False,NOMINAL,HEALTHY,-3.17,-24.87
DIG_LOT07_COMP0882,LOT_07,DIGITAL_IC,CQFP-64,DIG-SIH-2026,THERMAL_BURN_IN,T07_0882,PROC-ISRO-IISU-01,ATE-STATION-01,CHAMBER-01,1.0,125.0,5.0,168,IDDQ,ELECTRICAL,uA,1.4209,1105.3311,1105.4094,1105.4964,1103.9102,25.034,2.2696,13.319,-0.0146,-0.0685,34.19,34.71,1.4209,1105.3311,1105.4094,1105.4964,1103.9102,50.0,False,NOMINAL,HEALTHY,-34.79,17.46
DIG_LOT07_COMP0883,LOT_07,DIGITAL_IC,CQFP-64,DIG-SIH-2026,THERMAL_BURN_IN,T07_0883,PROC-ISRO-IISU-01,ATE-STATION-01,CHAMBER-01,1.0,125.0,5.0,168,IDDQ,ELECTRICAL,uA,1.3435,1057.6724,1057.7596,1057.818,1056.3289,24.235,2.3173,12.099,-0.0233,0.0009,35.65,35.29,1.3435,1057.6724,1057.7596,1057.818,1056.3289,50.0,False,NOMINAL,HEALTHY,-2.87,32.19
DIG_LOT07_COMP0884,LOT_07,DIGITAL_IC,CQFP-64,DIG-SIH-2026,THERMAL_BURN_IN,T07_0884,PROC-ISRO-IISU-01,ATE-STATION-01,CHAMBER-01,1.0,125.0,5.0,168,IDDQ,ELECTRICAL,uA,1.4018,1081.8125,1081.9295,1081.9771,1080.4107,25.497,2.3096,12.014,0.0119,0.0292,35.72,35.14,1.4018,1081.8125,1081.9295,1081.9771,1080.4107,50.0,False,NOMINAL,HEALTHY,-46.67,-40.04
DIG_LOT07_COMP0885,LOT_07,DIGITAL_IC,CQFP-64,DIG-SIH-2026,THERMAL_BURN_IN,T07_0885,PROC-ISRO-IISU-01,ATE-STATION-01,CHAMBER-01,1.0,125.0,5.0,168,IDDQ,ELECTRICAL,uA,1.0663,828.3234,828.3158,828.3758,827.2571,27.082,1.8156,14.071,-0.0168,0.0399,34.17,34.55,1.0663,828.3234,828.3158,828.3758,827.2571,50.0,False,NOMINAL,HEALTHY,-5.47,-8.87
DIG_LOT07_COMP0886,LOT_07,DIGITAL_IC,CQFP-64,DIG-SIH-2026,THERMAL_BURN_IN,T07_0886,PROC-ISRO-IISU-01,ATE-STATION-01,CHAMBER-01,1.0,125.0,5.0,168,IDDQ,ELECTRICAL,uA,1.412,1079.5691,1079.6526,1079.6829,1078.1571,25.658,2.4463,11.722,0.0092,-0.0729,34.89,35.08,1.412,1079.5691,1079.6526,1079.6829,1078.1571,50.0,False,NOMINAL,HEALTHY,46.7,-44.41
DIG_LOT07_COMP0887,LOT_07,DIGITAL_IC,CQFP-64,DIG-SIH-2026,THERMAL_BURN_IN,T07_0887,PROC-ISRO-IISU-01,ATE-STATION-01,CHAMBER-01,1.0,125.0,5.0,168,IDDQ,ELECTRICAL,uA,1.7662,1358.0907,1358.1755,1358.2684,1356.3245,23.978,1.6104,9.851,-0.023,-0.1293,35.93,34.96,1.7662,1358.0907,1358.1755,1358.2684,1356.3245,50.0,False,NOMINAL,HEALTHY,-32.73,-48.7
DIG_LOT07_COMP0888,LOT_07,DIGITAL_IC,CQFP-64,DIG-SIH-2026,THERMAL_BURN_IN,T07_0888,PROC-ISRO-IISU-01,ATE-STATION-01,CHAMBER-01,1.0,125.0,5.0,168,IDDQ,ELECTRICAL,uA,1.3214,1005.3771,1005.4167,1005.4484,1004.0557,24.6,2.3652,11.943,0.0142,0.0382,35.57,35.62,1.3214,1005.3771,1005.4167,1005.4484,1004.0557,50.0,False,NOMINAL,HEALTHY,-21.15,-40.37
DIG_LOT07_COMP0889,LOT_07,DIGITAL_IC,CQFP-64,DIG-SIH-2026,THERMAL_BURN_IN,T07_0889,PROC-ISRO-IISU-01,ATE-STATION-01,CHAMBER-01,1.0,125.0,5.0,168,IDDQ,ELECTRICAL,uA,1.3342,1040.8099,1040.9241,1040.9116,1039.4757,23.509,1.8873,13.184,0.0319,-0.0216,36.33,37.06,1.3342,1040.8099,1040.9241,1040.9116,1039.4757,50.0,False,NOMINAL,HEALTHY,-41.62,25.18
DIG_LOT07_COMP0890,LOT_07,DIGITAL_IC,CQFP-64,DIG-SIH-2026,THERMAL_BURN_IN,T07_0890,PROC-ISRO-IISU-01,ATE-STATION-01,CHAMBER-01,1.0,125.0,5.0,168,IDDQ,ELECTRICAL,uA,1.3467,1054.021,1054.0791,1054.1683,1052.6743,24.808,1.9039,12.065,0.0205,0.0697,33.04,32.85,1.3467,1054.021,1054.0791,1054.1683,1052.6743,50.0,False,NOMINAL,HEALTHY,-1.5,-2.63
DIG_LOT07_COMP0891,LOT_07,DIGITAL_IC,CQFP-64,DIG-SIH-2026,THERMAL_BURN_IN,T07_0891,PROC-ISRO-IISU-01,ATE-STATION-01,CHAMBER-01,1.0,125.0,5.0,168,IDDQ,ELECTRICAL,uA,1.0411,798.7065,798.7902,798.8235,797.6654,25.347,1.2663,12.372,-0.0035,0.0204,33.35,34.75,1.0411,798.7065,798.7902,798.8235,797.6654,50.0,False,NOMINAL,HEALTHY,2.37,-39.77
DIG_LOT07_COMP0892,LOT_07,DIGITAL_IC,CQFP-64,DIG-SIH-2026,THERMAL_BURN_IN,T07_0892,PROC-ISRO-IISU-01,ATE-STATION-01,CHAMBER-01,1.0,125.0,5.0,168,IDDQ,ELECTRICAL,uA,1.7524,1340.5091,1340.6511,1340.6814,1338.7567,22.986,2.1978,11.487,0.0127,0.0205,37.17,37.88,1.7524,1340.5091,1340.6511,1340.6814,1338.7567,50.0,False,NOMINAL,HEALTHY,39.1,14.4
DIG_LOT07_COMP0893,LOT_07,DIGITAL_IC,CQFP-64,DIG-SIH-2026,THERMAL_BURN_IN,T07_0893,PROC-ISRO-IISU-01,ATE-STATION-01,CHAMBER-01,1.0,125.0,5.0,168,IDDQ,ELECTRICAL,uA,1.0788,848.319,848.3943,848.4371,847.2402,24.291,1.9766,13.088,0.0104,-0.0017,36.02,36.27,1.0788,848.319,848.3943,848.4371,847.2402,50.0,False,NOMINAL,HEALTHY,-30.41,-10.26
DIG_LOT07_COMP0894,LOT_07,DIGITAL_IC,CQFP-64,DIG-SIH-2026,THERMAL_BURN_IN,T07_0894,PROC-ISRO-IISU-01,ATE-STATION-01,CHAMBER-01,1.0,125.0,5.0,168,IDDQ,ELECTRICAL,uA,1.356,1034.2012,1034.2669,1034.3153,1032.8452,23.797,2.003,13.197,-0.012,-0.011,34.13,33.26,1.356,1034.2012,1034.2669,1034.3153,1032.8452,50.0,False,NOMINAL,HEALTHY,28.92,29.37
DIG_LOT07_COMP0895,LOT_07,DIGITAL_IC,CQFP-64,DIG-SIH-2026,THERMAL_BURN_IN,T07_0895,PROC-ISRO-IISU-01,ATE-STATION-01,CHAMBER-01,1.0,125.0,5.0,168,IDDQ,ELECTRICAL,uA,1.2661,978.4424,978.4683,978.4815,977.1763,26.334,1.9524,12.859,-0.0025,0.0399,37.65,36.79,1.2661,978.4424,978.4683,978.4815,977.1763,50.0,False,NOMINAL,HEALTHY,-7.57,-9.16
DIG_LOT07_COMP0896,LOT_07,DIGITAL_IC,CQFP-64,DIG-SIH-2026,THERMAL_BURN_IN,T07_0896,PROC-ISRO-IISU-01,ATE-STATION-01,CHAMBER-01,1.0,125.0,5.0,168,IDDQ,ELECTRICAL,uA,1.3927,1074.7551,1074.8419,1074.8318,1073.3624,25.453,1.7237,13.938,0.0042,0.0657,36.26,37.03,1.3927,1074.7551,1074.8419,1074.8318,1073.3624,50.0,False,NOMINAL,HEALTHY,-32.84,-3.65
DIG_LOT07_COMP0897,LOT_07,DIGITAL_IC,CQFP-64,DIG-SIH-2026,THERMAL_BURN_IN,T07_0897,PROC-ISRO-IISU-01,ATE-STATION-01,CHAMBER-01,1.0,125.0,5.0,168,IDDQ,ELECTRICAL,uA,1.2617,956.8772,956.9753,957.003,955.6155,22.273,2.3539,13.316,-0.0075,-0.0129,33.57,34.58,1.2617,956.8772,956.9753,957.003,955.6155,50.0,False,NOMINAL,HEALTHY,3.71,26.49
DIG_LOT07_COMP0898,LOT_07,DIGITAL_IC,CQFP-64,DIG-SIH-2026,THERMAL_BURN_IN,T07_0898,PROC-ISRO-IISU-01,ATE-STATION-01,CHAMBER-01,1.0,125.0,5.0,168,IDDQ,ELECTRICAL,uA,1.2684,980.2235,980.2591,980.3324,978.9551,25.317,2.0428,12.126,-0.0131,-0.0235,33.27,33.37,1.2684,980.2235,980.2591,980.3324,978.9551,50.0,False,NOMINAL,HEALTHY,-0.16,32.3
DIG_LOT07_COMP0899,LOT_07,DIGITAL_IC,CQFP-64,DIG-SIH-2026,THERMAL_BURN_IN,T07_0899,PROC-ISRO-IISU-01,ATE-STATION-01,CHAMBER-01,1.0,125.0,5.0,168,IDDQ,ELECTRICAL,uA,1.6886,1309.8569,1309.9831,1310.0272,1308.1683,25.334,2.813,11.237,0.0062,-0.0384,34.37,34.76,1.6886,1309.8569,1309.9831,1310.0272,1308.1683,50.0,False,NOMINAL,HEALTHY,-26.34,-16.64
DIG_LOT07_COMP0900,LOT_07,DIGITAL_IC,CQFP-64,DIG-SIH-2026,THERMAL_BURN_IN,T07_0900,PROC-ISRO-IISU-01,ATE-STATION-01,CHAMBER-01,1.0,125.0,5.0,168,IDDQ,ELECTRICAL,uA,1.4903,1148.8588,1148.8912,1148.9773,1147.3685,24.848,1.9453,11.613,-0.0344,-0.0147,36.79,37.19,1.4903,1148.8588,1148.8912,1148.9773,1147.3685,50.0,False,NOMINAL,HEALTHY,-17.46,-43.81
DIG_LOT07_COMP0901,LOT_07,DIGITAL_IC,CQFP-64,DIG-SIH-2026,THERMAL_BURN_IN,T07_0901,PROC-ISRO-IISU-01,ATE-STATION-01,CHAMBER-01,1.0,125.0,5.0,168,IDDQ,ELECTRICAL,uA,1.362,1058.6771,1058.7599,1058.7819,1057.3151,25.687,2.0136,14.037,0.0042,0.0598,36.68,37.27,1.362,1058.6771,1058.7599,1058.7819,1057.3151,50.0,False,NOMINAL,HEALTHY,-24.26,17.31
DIG_LOT07_COMP0902,LOT_07,DIGITAL_IC,CQFP-64,DIG-SIH-2026,THERMAL_BURN_IN,T07_0902,PROC-ISRO-IISU-01,ATE-STATION-01,CHAMBER-01,1.0,125.0,5.0,168,IDDQ,ELECTRICAL,uA,1.267,979.0241,979.0727,979.094,977.7571,26.647,2.0533,12.438,-0.0025,-0.0354,37.58,37.3,1.267,979.0241,979.0727,979.094,977.7571,50.0,False,NOMINAL,HEALTHY,-45.57,6.06
DIG_LOT07_COMP0903,LOT_07,DIGITAL_IC,CQFP-64,DIG-SIH-2026,THERMAL_BURN_IN,T07_0903,PROC-ISRO-IISU-01,ATE-STATION-01,CHAMBER-01,1.0,125.0,5.0,168,IDDQ,ELECTRICAL,uA,1.1662,914.9042,914.9697,915.0159,913.738,25.604,2.2151,12.162,0.0223,0.022,34.74,35.1,1.1662,914.9042,914.9697,915.0159,913.738,50.0,False,NOMINAL,HEALTHY,22.05,-16.29
DIG_LOT07_COMP0904,LOT_07,DIGITAL_IC,CQFP-64,DIG-SIH-2026,THERMAL_BURN_IN,T07_0904,PROC-ISRO-IISU-01,ATE-STATION-01,CHAMBER-01,1.0,125.0,5.0,168,IDDQ,ELECTRICAL,uA,1.3205,1011.8037,1011.8848,1012.0023,1010.4832,23.983,1.8303,11.714,0.0218,0.0857,34.64,34.64,1.3205,1011.8037,1011.8848,1012.0023,1010.4832,50.0,False,NOMINAL,HEALTHY,-23.67,-17.49
DIG_LOT07_COMP0905,LOT_07,DIGITAL_IC,CQFP-64,DIG-SIH-2026,THERMAL_BURN_IN,T07_0905,PROC-ISRO-IISU-01,ATE-STATION-01,CHAMBER-01,1.0,125.0,5.0,168,IDDQ,ELECTRICAL,uA,1.2291,936.2902,936.3994,936.4402,935.0611,27.136,1.7064,12.981,0.012,-0.0293,33.79,33.68,1.2291,936.2902,936.3994,936.4402,935.0611,50.0,False,NOMINAL,HEALTHY,13.44,-2.31
DIG_LOT07_COMP0906,LOT_07,DIGITAL_IC,CQFP-64,DIG-SIH-2026,THERMAL_BURN_IN,T07_0906,PROC-ISRO-IISU-01,ATE-STATION-01,CHAMBER-01,1.0,125.0,5.0,168,IDDQ,ELECTRICAL,uA,1.2877,972.7134,972.7958,972.8253,971.4257,24.963,1.9133,11.599,-0.0104,-0.0786,35.01,35.6,1.2877,972.7134,972.7958,972.8253,971.4257,50.0,False,NOMINAL,HEALTHY,33.29,-20.6
DIG_LOT07_COMP0907,LOT_07,DIGITAL_IC,CQFP-64,DIG-SIH-2026,THERMAL_BURN_IN,T07_0907,PROC-ISRO-IISU-01,ATE-STATION-01,CHAMBER-01,1.0,125.0,5.0,168,IDDQ,ELECTRICAL,uA,1.5309,1176.0136,1176.1184,1176.202,1174.4827,25.247,2.208,12.331,-0.0025,-0.0755,35.03,35.47,1.5309,1176.0136,1176.1184,1176.202,1174.4827,50.0,False,NOMINAL,HEALTHY,10.48,34.85
DIG_LOT07_COMP0908,LOT_07,DIGITAL_IC,CQFP-64,DIG-SIH-2026,THERMAL_BURN_IN,T07_0908,PROC-ISRO-IISU-01,ATE-STATION-01,CHAMBER-01,1.0,125.0,5.0,168,IDDQ,ELECTRICAL,uA,1.0504,821.564,821.6098,821.6236,820.5136,27.915,2.0974,12.164,-0.0229,0.0185,35.57,35.36,1.0504,821.564,821.6098,821.6236,820.5136,50.0,False,NOMINAL,HEALTHY,-15.42,1.86
DIG_LOT07_COMP0909,LOT_07,DIGITAL_IC,CQFP-64,DIG-SIH-2026,THERMAL_BURN_IN,T07_0909,PROC-ISRO-IISU-01,ATE-STATION-01,CHAMBER-01,1.0,125.0,5.0,168,IDDQ,ELECTRICAL,uA,1.3021,998.0895,998.1363,998.239,996.7874,24.833,1.7475,11.964,0.0144,-0.0186,34.23,33.93,1.3021,998.0895,998.1363,998.239,996.7874,50.0,False,NOMINAL,HEALTHY,-36.0,-31.3
DIG_LOT07_COMP0910,LOT_07,DIGITAL_IC,CQFP-64,DIG-SIH-2026,THERMAL_BURN_IN,T07_0910,PROC-ISRO-IISU-01,ATE-STATION-01,CHAMBER-01,1.0,125.0,5.0,168,IDDQ,ELECTRICAL,uA,1.2624,989.936,990.0281,990.076,988.6736,24.791,2.179,12.098,0.002,-0.0403,36.08,35.95,1.2624,989.936,990.0281,990.076,988.6736,50.0,False,NOMINAL,HEALTHY,0.31,46.74
DIG_LOT07_COMP0911,LOT_07,DIGITAL_IC,CQFP-64,DIG-SIH-2026,THERMAL_BURN_IN,T07_0911,PROC-ISRO-IISU-01,ATE-STATION-01,CHAMBER-01,1.0,125.0,5.0,168,IDDQ,ELECTRICAL,uA,1.6299,1271.3358,1271.4904,1271.531,1269.7059,23.19,1.6715,12.317,0.0141,0.0357,35.01,35.56,1.6299,1271.3358,1271.4904,1271.531,1269.7059,50.0,False,NOMINAL,HEALTHY,-45.64,35.94
DIG_LOT07_COMP0912,LOT_07,DIGITAL_IC,CQFP-64,DIG-SIH-2026,THERMAL_BURN_IN,T07_0912,PROC-ISRO-IISU-01,ATE-STATION-01,CHAMBER-01,1.0,125.0,5.0,168,IDDQ,ELECTRICAL,uA,1.3742,1041.9686,1042.0698,1042.1455,1040.5944,22.001,1.9409,14.479,-0.0077,0.041,35.55,35.12,1.3742,1041.9686,1042.0698,1042.1455,1040.5944,50.0,False,NOMINAL,HEALTHY,19.01,6.52
DIG_LOT07_COMP0913,LOT_07,DIGITAL_IC,CQFP-64,DIG-SIH-2026,THERMAL_BURN_IN,T07_0913,PROC-ISRO-IISU-01,ATE-STATION-01,CHAMBER-01,1.0,125.0,5.0,168,IDDQ,ELECTRICAL,uA,1.4636,1133.1089,1133.2113,1133.2465,1131.6453,28.276,2.4945,12.331,-0.0108,-0.0048,34.36,34.41,1.4636,1133.1089,1133.2113,1133.2465,1131.6453,50.0,False,NOMINAL,HEALTHY,33.52,19.62
DIG_LOT07_COMP0914,LOT_07,DIGITAL_IC,CQFP-64,DIG-SIH-2026,THERMAL_BURN_IN,T07_0914,PROC-ISRO-IISU-01,ATE-STATION-01,CHAMBER-01,1.0,125.0,5.0,168,IDDQ,ELECTRICAL,uA,1.3027,1021.3844,1029.9184,1179.7372,1020.0817,26.125,2.187,12.986,-0.0301,-0.0602,34.74,35.43,1.3027,1021.3844,1029.9184,1179.7372,1020.0817,50.0,True,THERMAL_RUNAWAY,HEALTHY,-48.25,-37.19
DIG_LOT07_COMP0915,LOT_07,DIGITAL_IC,CQFP-64,DIG-SIH-2026,THERMAL_BURN_IN,T07_0915,PROC-ISRO-IISU-01,ATE-STATION-01,CHAMBER-01,1.0,125.0,5.0,168,IDDQ,ELECTRICAL,uA,1.3609,1046.7345,1046.844,1046.896,1045.3736,23.224,1.9255,12.878,0.0047,-0.0111,34.38,33.89,1.3609,1046.7345,1046.844,1046.896,1045.3736,50.0,False,NOMINAL,HEALTHY,7.46,35.9
DIG_LOT07_COMP0916,LOT_07,DIGITAL_IC,CQFP-64,DIG-SIH-2026,THERMAL_BURN_IN,T07_0916,PROC-ISRO-IISU-01,ATE-STATION-01,CHAMBER-01,1.0,125.0,5.0,168,IDDQ,ELECTRICAL,uA,1.3914,1078.1125,1078.1888,1078.247,1076.7211,24.713,2.4518,12.975,-0.0186,-0.0282,35.54,36.05,1.3914,1078.1125,1078.1888,1078.247,1076.7211,50.0,False,NOMINAL,HEALTHY,-5.61,-44.77
DIG_LOT07_COMP0917,LOT_07,DIGITAL_IC,CQFP-64,DIG-SIH-2026,THERMAL_BURN_IN,T07_0917,PROC-ISRO-IISU-01,ATE-STATION-01,CHAMBER-01,1.0,125.0,5.0,168,IDDQ,ELECTRICAL,uA,1.6386,1265.8636,1265.9373,1266.0271,1264.225,23.392,1.9401,12.525,-0.0061,-0.0353,35.01,34.53,1.6386,1265.8636,1265.9373,1266.0271,1264.225,50.0,False,NOMINAL,HEALTHY,-25.47,-31.78
DIG_LOT07_COMP0918,LOT_07,DIGITAL_IC,CQFP-64,DIG-SIH-2026,THERMAL_BURN_IN,T07_0918,PROC-ISRO-IISU-01,ATE-STATION-01,CHAMBER-01,1.0,125.0,5.0,168,IDDQ,ELECTRICAL,uA,1.4127,1059.8484,1059.9787,1059.9957,1058.4357,24.782,1.6131,14.357,0.0008,-0.021,33.82,33.69,1.4127,1059.8484,1059.9787,1059.9957,1058.4357,50.0,False,NOMINAL,HEALTHY,25.47,-6.52
DIG_LOT07_COMP0919,LOT_07,DIGITAL_IC,CQFP-64,DIG-SIH-2026,THERMAL_BURN_IN,T07_0919,PROC-ISRO-IISU-01,ATE-STATION-01,CHAMBER-01,1.0,125.0,5.0,168,IDDQ,ELECTRICAL,uA,1.3852,1068.5998,1068.659,1068.7359,1067.2146,23.8,2.1983,13.383,-0.026,0.0416,34.03,33.76,1.3852,1068.5998,1068.659,1068.7359,1067.2146,50.0,False,NOMINAL,HEALTHY,19.88,-26.71
DIG_LOT07_COMP0920,LOT_07,DIGITAL_IC,CQFP-64,DIG-SIH-2026,THERMAL_BURN_IN,T07_0920,PROC-ISRO-IISU-01,ATE-STATION-01,CHAMBER-01,1.0,125.0,5.0,168,IDDQ,ELECTRICAL,uA,0.9413,732.5815,732.6304,732.6648,731.6402,26.345,1.8174,13.016,0.029,0.0698,35.12,34.28,0.9413,732.5815,732.6304,732.6648,731.6402,50.0,False,NOMINAL,HEALTHY,15.46,-3.21
DIG_LOT07_COMP0921,LOT_07,DIGITAL_IC,CQFP-64,DIG-SIH-2026,THERMAL_BURN_IN,T07_0921,PROC-ISRO-IISU-01,ATE-STATION-01,CHAMBER-01,1.0,125.0,5.0,168,IDDQ,ELECTRICAL,uA,1.732,1328.406,1328.5239,1328.5301,1326.674,25.983,1.8978,11.636,-0.0024,0.0842,34.31,34.43,1.732,1328.406,1328.5239,1328.5301,1326.674,50.0,False,NOMINAL,HEALTHY,-36.76,-41.27
DIG_LOT07_COMP0922,LOT_07,DIGITAL_IC,CQFP-64,DIG-SIH-2026,THERMAL_BURN_IN,T07_0922,PROC-ISRO-IISU-01,ATE-STATION-01,CHAMBER-01,1.0,125.0,5.0,168,IDDQ,ELECTRICAL,uA,1.351,1036.617,1036.7275,1036.8265,1035.266,24.284,1.9378,12.197,0.0336,0.0995,37.68,37.28,1.351,1036.617,1036.7275,1036.8265,1035.266,50.0,False,NOMINAL,HEALTHY,-34.33,28.4
DIG_LOT07_COMP0923,LOT_07,DIGITAL_IC,CQFP-64,DIG-SIH-2026,THERMAL_BURN_IN,T07_0923,PROC-ISRO-IISU-01,ATE-STATION-01,CHAMBER-01,1.0,125.0,5.0,168,IDDQ,ELECTRICAL,uA,1.3696,1043.2181,1043.3207,1043.3517,1041.8485,25.545,1.6797,14.18,0.0317,0.0282,35.15,35.78,1.3696,1043.2181,1043.3207,1043.3517,1041.8485,50.0,False,NOMINAL,HEALTHY,-44.6,-35.78
DIG_LOT07_COMP0924,LOT_07,DIGITAL_IC,CQFP-64,DIG-SIH-2026,THERMAL_BURN_IN,T07_0924,PROC-ISRO-IISU-01,ATE-STATION-01,CHAMBER-01,1.0,125.0,5.0,168,IDDQ,ELECTRICAL,uA,1.618,1241.4334,1241.5836,1241.6211,1239.8154,25.473,1.8988,12.533,-0.0026,-0.0935,36.66,36.3,1.618,1241.4334,1241.5836,1241.6211,1239.8154,50.0,False,NOMINAL,HEALTHY,-15.92,-11.12
DIG_LOT07_COMP0925,LOT_07,DIGITAL_IC,CQFP-64,DIG-SIH-2026,THERMAL_BURN_IN,T07_0925,PROC-ISRO-IISU-01,ATE-STATION-01,CHAMBER-01,1.0,125.0,5.0,168,IDDQ,ELECTRICAL,uA,1.2134,930.4893,930.5699,930.5899,929.2759,23.987,2.2999,13.352,-0.0111,0.0017,32.2,33.09,1.2134,930.4893,930.5699,930.5899,929.2759,50.0,False,NOMINAL,HEALTHY,-4.82,15.21
DIG_LOT07_COMP0926,LOT_07,DIGITAL_IC,CQFP-64,DIG-SIH-2026,THERMAL_BURN_IN,T07_0926,PROC-ISRO-IISU-01,ATE-STATION-01,CHAMBER-01,1.0,125.0,5.0,168,IDDQ,ELECTRICAL,uA,1.5219,1186.4722,1186.592,1186.5486,1184.9503,24.009,1.6273,11.639,0.0202,-0.0072,34.13,33.47,1.5219,1186.4722,1186.592,1186.5486,1184.9503,50.0,False,NOMINAL,HEALTHY,47.12,-38.81
DIG_LOT07_COMP0927,LOT_07,DIGITAL_IC,CQFP-64,DIG-SIH-2026,THERMAL_BURN_IN,T07_0927,PROC-ISRO-IISU-01,ATE-STATION-01,CHAMBER-01,1.0,125.0,5.0,168,IDDQ,ELECTRICAL,uA,1.4255,1108.0045,1108.1312,1108.2012,1106.579,23.868,2.1789,13.359,0.0093,0.0313,38.12,37.93,1.4255,1108.0045,1108.1312,1108.2012,1106.579,50.0,False,NOMINAL,HEALTHY,49.19,47.21
DIG_LOT07_COMP0928,LOT_07,DIGITAL_IC,CQFP-64,DIG-SIH-2026,THERMAL_BURN_IN,T07_0928,PROC-ISRO-IISU-01,ATE-STATION-01,CHAMBER-01,1.0,125.0,5.0,168,IDDQ,ELECTRICAL,uA,1.5471,1182.0805,1182.1975,1182.2078,1180.5334,26.404,2.1906,12.956,-0.0066,0.0311,33.8,34.19,1.5471,1182.0805,1182.1975,1182.2078,1180.5334,50.0,False,NOMINAL,HEALTHY,10.46,19.99
DIG_LOT07_COMP0929,LOT_07,DIGITAL_IC,CQFP-64,DIG-SIH-2026,THERMAL_BURN_IN,T07_0929,PROC-ISRO-IISU-01,ATE-STATION-01,CHAMBER-01,1.0,125.0,5.0,168,IDDQ,ELECTRICAL,uA,1.4941,1144.1516,1144.2736,1144.2809,1142.6575,22.484,2.0909,12.989,-0.0261,0.0525,34.75,34.56,1.4941,1144.1516,1144.2736,1144.2809,1142.6575,50.0,True,DIELECTRIC_OSCILLATION,HEALTHY,2.5,2.05
DIG_LOT07_COMP0930,LOT_07,DIGITAL_IC,CQFP-64,DIG-SIH-2026,THERMAL_BURN_IN,T07_0930,PROC-ISRO-IISU-01,ATE-STATION-01,CHAMBER-01,1.0,125.0,5.0,168,IDDQ,ELECTRICAL,uA,1.4493,1111.0425,1111.0856,1111.109,1109.5932,25.454,2.3049,12.344,-0.0046,0.0509,35.51,35.6,1.4493,1111.0425,1111.0856,1111.109,1109.5932,50.0,False,NOMINAL,HEALTHY,10.39,20.71
DIG_LOT07_COMP0931,LOT_07,DIGITAL_IC,CQFP-64,DIG-SIH-2026,THERMAL_BURN_IN,T07_0931,PROC-ISRO-IISU-01,ATE-STATION-01,CHAMBER-01,1.0,125.0,5.0,168,IDDQ,ELECTRICAL,uA,1.1002,851.8304,851.9181,851.9256,850.7302,24.42,2.6528,11.218,-0.004,0.0313,35.78,35.54,1.1002,851.8304,851.9181,851.9256,850.7302,50.0,False,NOMINAL,HEALTHY,3.81,12.94
DIG_LOT07_COMP0932,LOT_07,DIGITAL_IC,CQFP-64,DIG-SIH-2026,THERMAL_BURN_IN,T07_0932,PROC-ISRO-IISU-01,ATE-STATION-01,CHAMBER-01,1.0,125.0,5.0,168,IDDQ,ELECTRICAL,uA,1.4387,1106.2419,1106.3614,1106.3836,1104.8032,24.657,1.9893,13.564,-0.0366,-0.1001,36.56,37.08,1.4387,1106.2419,1106.3614,1106.3836,1104.8032,50.0,False,NOMINAL,HEALTHY,29.39,10.57
DIG_LOT07_COMP0933,LOT_07,DIGITAL_IC,CQFP-64,DIG-SIH-2026,THERMAL_BURN_IN,T07_0933,PROC-ISRO-IISU-01,ATE-STATION-01,CHAMBER-01,1.0,125.0,5.0,168,IDDQ,ELECTRICAL,uA,1.1782,899.4117,899.4872,899.5485,898.2335,24.672,1.8451,12.369,-0.0392,0.0294,34.49,34.59,1.1782,899.4117,899.4872,899.5485,898.2335,50.0,False,NOMINAL,HEALTHY,27.9,5.67
DIG_LOT07_COMP0934,LOT_07,DIGITAL_IC,CQFP-64,DIG-SIH-2026,THERMAL_BURN_IN,T07_0934,PROC-ISRO-IISU-01,ATE-STATION-01,CHAMBER-01,1.0,125.0,5.0,168,IDDQ,ELECTRICAL,uA,1.1979,928.5353,928.6295,928.5821,927.3374,24.176,2.1431,12.816,0.0279,0.0001,34.28,35.03,1.1979,928.5353,928.6295,928.5821,927.3374,50.0,False,NOMINAL,HEALTHY,-32.03,47.72
DIG_LOT07_COMP0935,LOT_07,DIGITAL_IC,CQFP-64,DIG-SIH-2026,THERMAL_BURN_IN,T07_0935,PROC-ISRO-IISU-01,ATE-STATION-01,CHAMBER-01,1.0,125.0,5.0,168,IDDQ,ELECTRICAL,uA,1.4414,1125.5316,1125.6145,1125.6706,1124.0902,25.734,1.6053,12.796,0.0196,0.0167,35.81,36.22,1.4414,1125.5316,1125.6145,1125.6706,1124.0902,50.0,False,NOMINAL,HEALTHY,-5.82,-30.1
DIG_LOT07_COMP0936,LOT_07,DIGITAL_IC,CQFP-64,DIG-SIH-2026,THERMAL_BURN_IN,T07_0936,PROC-ISRO-IISU-01,ATE-STATION-01,CHAMBER-01,1.0,125.0,5.0,168,IDDQ,ELECTRICAL,uA,1.2162,955.7096,955.7466,955.8241,954.4934,25.504,1.96,12.249,-0.0021,-0.0366,34.95,35.01,1.2162,955.7096,955.7466,955.8241,954.4934,50.0,False,NOMINAL,HEALTHY,-44.0,-14.03
DIG_LOT07_COMP0937,LOT_07,DIGITAL_IC,CQFP-64,DIG-SIH-2026,THERMAL_BURN_IN,T07_0937,PROC-ISRO-IISU-01,ATE-STATION-01,CHAMBER-01,1.0,125.0,5.0,168,IDDQ,ELECTRICAL,uA,1.654,1280.0218,1280.1355,1280.2097,1278.3678,23.7,1.7933,13.781,-0.0098,-0.0566,34.89,34.94,1.654,1280.0218,1280.1355,1280.2097,1278.3678,50.0,False,NOMINAL,HEALTHY,37.92,10.49
DIG_LOT07_COMP0938,LOT_07,DIGITAL_IC,CQFP-64,DIG-SIH-2026,THERMAL_BURN_IN,T07_0938,PROC-ISRO-IISU-01,ATE-STATION-01,CHAMBER-01,1.0,125.0,5.0,168,IDDQ,ELECTRICAL,uA,1.0223,794.3351,794.4068,794.4483,793.3128,26.322,2.5823,13.275,-0.0122,-0.0233,36.66,36.36,1.0223,794.3351,794.4068,794.4483,793.3128,50.0,False,NOMINAL,HEALTHY,-24.21,7.39
DIG_LOT07_COMP0939,LOT_07,DIGITAL_IC,CQFP-64,DIG-SIH-2026,THERMAL_BURN_IN,T07_0939,PROC-ISRO-IISU-01,ATE-STATION-01,CHAMBER-01,1.0,125.0,5.0,168,IDDQ,ELECTRICAL,uA,1.255,969.3618,969.4584,969.4946,968.1068,26.427,2.4592,12.408,-0.0041,0.0267,33.96,33.79,1.255,969.3618,969.4584,969.4946,968.1068,50.0,False,NOMINAL,HEALTHY,24.01,42.68
DIG_LOT07_COMP0940,LOT_07,DIGITAL_IC,CQFP-64,DIG-SIH-2026,THERMAL_BURN_IN,T07_0940,PROC-ISRO-IISU-01,ATE-STATION-01,CHAMBER-01,1.0,125.0,5.0,168,IDDQ,ELECTRICAL,uA,1.2688,982.4727,982.6361,982.6527,981.2039,25.732,1.9645,12.886,0.0042,0.0164,33.58,33.11,1.2688,982.4727,982.6361,982.6527,981.2039,50.0,False,NOMINAL,HEALTHY,8.98,17.71
DIG_LOT07_COMP0941,LOT_07,DIGITAL_IC,CQFP-64,DIG-SIH-2026,THERMAL_BURN_IN,T07_0941,PROC-ISRO-IISU-01,ATE-STATION-01,CHAMBER-01,1.0,125.0,5.0,168,IDDQ,ELECTRICAL,uA,1.6614,1268.5857,1268.6742,1268.7068,1266.9243,24.659,1.6529,12.95,0.0288,0.0552,34.83,34.53,1.6614,1268.5857,1268.6742,1268.7068,1266.9243,50.0,True,DIELECTRIC_OSCILLATION,HEALTHY,40.29,-24.8
DIG_LOT07_COMP0942,LOT_07,DIGITAL_IC,CQFP-64,DIG-SIH-2026,THERMAL_BURN_IN,T07_0942,PROC-ISRO-IISU-01,ATE-STATION-01,CHAMBER-01,1.0,125.0,5.0,168,IDDQ,ELECTRICAL,uA,1.1916,909.7331,909.7793,909.8356,908.5415,24.973,2.047,13.605,0.0075,-0.0994,32.85,33.01,1.1916,909.7331,909.7793,909.8356,908.5415,50.0,False,NOMINAL,HEALTHY,-48.22,-12.94
DIG_LOT07_COMP0943,LOT_07,DIGITAL_IC,CQFP-64,DIG-SIH-2026,THERMAL_BURN_IN,T07_0943,PROC-ISRO-IISU-01,ATE-STATION-01,CHAMBER-01,1.0,125.0,5.0,168,IDDQ,ELECTRICAL,uA,1.2783,980.1374,980.2303,980.2863,978.8591,23.043,2.1664,12.688,0.0019,-0.0386,34.36,34.34,1.2783,980.1374,980.2303,980.2863,978.8591,50.0,False,NOMINAL,HEALTHY,-4.32,-40.5
DIG_LOT07_COMP0944,LOT_07,DIGITAL_IC,CQFP-64,DIG-SIH-2026,THERMAL_BURN_IN,T07_0944,PROC-ISRO-IISU-01,ATE-STATION-01,CHAMBER-01,1.0,125.0,5.0,168,IDDQ,ELECTRICAL,uA,1.4714,1120.879,1120.9637,1121.0599,1119.4076,26.162,2.3097,12.59,-0.0297,0.0476,36.5,36.92,1.4714,1120.879,1120.9637,1121.0599,1119.4076,50.0,False,NOMINAL,HEALTHY,32.1,-11.01
DIG_LOT07_COMP0945,LOT_07,DIGITAL_IC,CQFP-64,DIG-SIH-2026,THERMAL_BURN_IN,T07_0945,PROC-ISRO-IISU-01,ATE-STATION-01,CHAMBER-01,1.0,125.0,5.0,168,IDDQ,ELECTRICAL,uA,1.279,993.6389,993.6995,993.8415,992.3599,26.302,2.0467,11.602,-0.0281,-0.0371,35.8,35.47,1.279,993.6389,993.6995,993.8415,992.3599,50.0,False,NOMINAL,HEALTHY,-7.64,-45.25
DIG_LOT07_COMP0946,LOT_07,DIGITAL_IC,CQFP-64,DIG-SIH-2026,THERMAL_BURN_IN,T07_0946,PROC-ISRO-IISU-01,ATE-STATION-01,CHAMBER-01,1.0,125.0,5.0,168,IDDQ,ELECTRICAL,uA,1.1779,898.5978,898.6569,898.7044,897.4199,22.918,1.8047,12.936,-0.0,0.0101,34.25,34.13,1.1779,898.5978,898.6569,898.7044,897.4199,50.0,False,NOMINAL,HEALTHY,33.45,18.15
DIG_LOT07_COMP0947,LOT_07,DIGITAL_IC,CQFP-64,DIG-SIH-2026,THERMAL_BURN_IN,T07_0947,PROC-ISRO-IISU-01,ATE-STATION-01,CHAMBER-01,1.0,125.0,5.0,168,IDDQ,ELECTRICAL,uA,1.3087,994.9385,995.0061,995.0859,993.6298,25.338,1.6259,12.587,0.0063,-0.02,34.08,34.41,1.3087,994.9385,995.0061,995.0859,993.6298,50.0,False,NOMINAL,HEALTHY,8.47,-21.48
DIG_LOT07_COMP0948,LOT_07,DIGITAL_IC,CQFP-64,DIG-SIH-2026,THERMAL_BURN_IN,T07_0948,PROC-ISRO-IISU-01,ATE-STATION-01,CHAMBER-01,1.0,125.0,5.0,168,IDDQ,ELECTRICAL,uA,1.7065,1313.5321,1313.6253,1313.7305,1311.8256,24.431,1.8986,9.738,0.0218,0.0449,35.26,35.5,1.7065,1313.5321,1313.6253,1313.7305,1311.8256,50.0,False,NOMINAL,HEALTHY,-49.34,-34.99
DIG_LOT07_COMP0949,LOT_07,DIGITAL_IC,CQFP-64,DIG-SIH-2026,THERMAL_BURN_IN,T07_0949,PROC-ISRO-IISU-01,ATE-STATION-01,CHAMBER-01,1.0,125.0,5.0,168,IDDQ,ELECTRICAL,uA,1.4041,1082.3061,1082.4173,1082.4358,1080.902,26.045,2.3468,12.543,-0.0277,-0.0055,36.51,36.13,1.4041,1082.3061,1082.4173,1082.4358,1080.902,50.0,False,NOMINAL,HEALTHY,12.91,8.85
DIG_LOT07_COMP0950,LOT_07,DIGITAL_IC,CQFP-64,DIG-SIH-2026,THERMAL_BURN_IN,T07_0950,PROC-ISRO-IISU-01,ATE-STATION-01,CHAMBER-01,1.0,125.0,5.0,168,IDDQ,ELECTRICAL,uA,1.3128,1016.2531,1016.3007,1016.3706,1014.9403,24.945,1.7719,11.841,0.0347,-0.0602,36.02,34.96,1.3128,1016.2531,1016.3007,1016.3706,1014.9403,50.0,False,NOMINAL,HEALTHY,6.76,17.29
DIG_LOT07_COMP0951,LOT_07,DIGITAL_IC,CQFP-64,DIG-SIH-2026,THERMAL_BURN_IN,T07_0951,PROC-ISRO-IISU-01,ATE-STATION-01,CHAMBER-01,1.0,125.0,5.0,168,IDDQ,ELECTRICAL,uA,1.4801,1133.9514,1134.0662,1134.09,1132.4713,24.31,1.5535,12.563,0.0245,0.0289,34.68,35.34,1.4801,1133.9514,1134.0662,1134.09,1132.4713,50.0,False,NOMINAL,HEALTHY,27.34,32.66
DIG_LOT07_COMP0952,LOT_07,DIGITAL_IC,CQFP-64,DIG-SIH-2026,THERMAL_BURN_IN,T07_0952,PROC-ISRO-IISU-01,ATE-STATION-01,CHAMBER-01,1.0,125.0,5.0,168,IDDQ,ELECTRICAL,uA,1.1786,924.1983,924.2639,924.335,923.0197,24.216,1.7495,12.434,0.0229,0.0415,35.86,35.36,1.1786,924.1983,924.2639,924.335,923.0197,50.0,False,NOMINAL,HEALTHY,-6.85,26.7
DIG_LOT07_COMP0953,LOT_07,DIGITAL_IC,CQFP-64,DIG-SIH-2026,THERMAL_BURN_IN,T07_0953,PROC-ISRO-IISU-01,ATE-STATION-01,CHAMBER-01,1.0,125.0,5.0,168,IDDQ,ELECTRICAL,uA,1.2623,958.1112,958.2004,958.2614,956.8489,24.137,2.1353,12.464,0.0005,0.0025,34.65,34.19,1.2623,958.1112,958.2004,958.2614,956.8489,50.0,False,NOMINAL,HEALTHY,7.53,34.67
DIG_LOT07_COMP0954,LOT_07,DIGITAL_IC,CQFP-64,DIG-SIH-2026,THERMAL_BURN_IN,T07_0954,PROC-ISRO-IISU-01,ATE-STATION-01,CHAMBER-01,1.0,125.0,5.0,168,IDDQ,ELECTRICAL,uA,1.233,956.9039,956.9795,957.0569,955.6709,25.828,2.2674,13.571,-0.0154,-0.0075,31.99,32.69,1.233,956.9039,956.9795,957.0569,955.6709,50.0,False,NOMINAL,HEALTHY,38.02,33.48
DIG_LOT07_COMP0955,LOT_07,DIGITAL_IC,CQFP-64,DIG-SIH-2026,THERMAL_BURN_IN,T07_0955,PROC-ISRO-IISU-01,ATE-STATION-01,CHAMBER-01,1.0,125.0,5.0,168,IDDQ,ELECTRICAL,uA,1.0237,781.2492,789.7998,939.588,780.2255,26.055,2.117,13.171,-0.0066,-0.0286,35.04,35.37,1.0237,781.2492,789.7998,939.588,780.2255,50.0,True,THERMAL_RUNAWAY,HEALTHY,-49.42,0.28
DIG_LOT07_COMP0956,LOT_07,DIGITAL_IC,CQFP-64,DIG-SIH-2026,THERMAL_BURN_IN,T07_0956,PROC-ISRO-IISU-01,ATE-STATION-01,CHAMBER-01,1.0,125.0,5.0,168,IDDQ,ELECTRICAL,uA,1.3203,1010.009,1010.0562,1010.1328,1008.6887,27.52,1.1516,12.357,-0.0184,-0.0939,34.55,34.58,1.3203,1010.009,1010.0562,1010.1328,1008.6887,50.0,False,NOMINAL,HEALTHY,-32.09,-9.1
DIG_LOT07_COMP0957,LOT_07,DIGITAL_IC,CQFP-64,DIG-SIH-2026,THERMAL_BURN_IN,T07_0957,PROC-ISRO-IISU-01,ATE-STATION-01,CHAMBER-01,1.0,125.0,5.0,168,IDDQ,ELECTRICAL,uA,1.3723,1073.5404,1073.6368,1073.6723,1072.1681,25.356,2.2734,12.477,-0.0095,-0.0812,35.83,35.45,1.3723,1073.5404,1073.6368,1073.6723,1072.1681,50.0,False,NOMINAL,HEALTHY,-10.03,9.35
DIG_LOT07_COMP0958,LOT_07,DIGITAL_IC,CQFP-64,DIG-SIH-2026,THERMAL_BURN_IN,T07_0958,PROC-ISRO-IISU-01,ATE-STATION-01,CHAMBER-01,1.0,125.0,5.0,168,IDDQ,ELECTRICAL,uA,1.0326,788.5068,788.5417,788.612,787.4742,24.606,1.9609,11.798,0.0113,0.076,34.6,34.75,1.0326,788.5068,788.5417,788.612,787.4742,50.0,False,NOMINAL,HEALTHY,44.61,-32.72
DIG_LOT07_COMP0959,LOT_07,DIGITAL_IC,CQFP-64,DIG-SIH-2026,THERMAL_BURN_IN,T07_0959,PROC-ISRO-IISU-01,ATE-STATION-01,CHAMBER-01,1.0,125.0,5.0,168,IDDQ,ELECTRICAL,uA,1.5495,1174.0559,1174.1168,1174.2274,1172.5064,24.977,2.0114,13.422,-0.0125,0.0535,35.36,35.1,1.5495,1174.0559,1174.1168,1174.2274,1172.5064,50.0,False,NOMINAL,HEALTHY,-40.49,-25.82
DIG_LOT07_COMP0960,LOT_07,DIGITAL_IC,CQFP-64,DIG-SIH-2026,THERMAL_BURN_IN,T07_0960,PROC-ISRO-IISU-01,ATE-STATION-01,CHAMBER-01,1.0,125.0,5.0,168,IDDQ,ELECTRICAL,uA,1.0889,829.2278,829.2672,829.3104,828.1389,23.758,1.916,13.497,0.0079,0.0122,34.48,34.39,1.0889,829.2278,829.2672,829.3104,828.1389,50.0,False,NOMINAL,HEALTHY,22.38,26.1
DIG_LOT07_COMP0961,LOT_07,DIGITAL_IC,CQFP-64,DIG-SIH-2026,THERMAL_BURN_IN,T07_0961,PROC-ISRO-IISU-01,ATE-STATION-01,CHAMBER-01,1.0,125.0,5.0,168,IDDQ,ELECTRICAL,uA,1.5595,1199.5201,1199.6459,1199.6301,1197.9606,26.501,1.8375,12.266,-0.0074,0.0506,35.03,35.35,1.5595,1199.5201,1199.6459,1199.6301,1197.9606,50.0,False,NOMINAL,HEALTHY,25.71,14.55
DIG_LOT07_COMP0962,LOT_07,DIGITAL_IC,CQFP-64,DIG-SIH-2026,THERMAL_BURN_IN,T07_0962,PROC-ISRO-IISU-01,ATE-STATION-01,CHAMBER-01,1.0,125.0,5.0,168,IDDQ,ELECTRICAL,uA,6.4448,4956.9401,4957.194,4957.3564,4950.4953,24.244,2.0062,10.868,-0.0141,0.0108,35.54,36.14,6.4448,4956.9401,4957.194,4957.3564,4950.4953,50.0,True,SPATIAL_OUTLIER,HEALTHY,36.5,-11.5
DIG_LOT07_COMP0963,LOT_07,DIGITAL_IC,CQFP-64,DIG-SIH-2026,THERMAL_BURN_IN,T07_0963,PROC-ISRO-IISU-01,ATE-STATION-01,CHAMBER-01,1.0,125.0,5.0,168,IDDQ,ELECTRICAL,uA,1.5416,1175.4135,1175.548,1175.6311,1173.8719,24.953,2.235,12.234,-0.0286,-0.1001,33.75,32.56,1.5416,1175.4135,1175.548,1175.6311,1173.8719,50.0,False,NOMINAL,HEALTHY,17.49,24.05
DIG_LOT07_COMP0964,LOT_07,DIGITAL_IC,CQFP-64,DIG-SIH-2026,THERMAL_BURN_IN,T07_0964,PROC-ISRO-IISU-01,ATE-STATION-01,CHAMBER-01,1.0,125.0,5.0,168,IDDQ,ELECTRICAL,uA,1.4731,1135.7338,1135.7445,1135.892,1134.2607,24.802,2.2437,12.95,-0.0233,0.0146,35.52,35.75,1.4731,1135.7338,1135.7445,1135.892,1134.2607,50.0,False,NOMINAL,HEALTHY,23.53,-47.02
DIG_LOT07_COMP0965,LOT_07,DIGITAL_IC,CQFP-64,DIG-SIH-2026,THERMAL_BURN_IN,T07_0965,PROC-ISRO-IISU-01,ATE-STATION-01,CHAMBER-01,1.0,125.0,5.0,168,IDDQ,ELECTRICAL,uA,1.1345,866.5182,866.6003,866.6436,865.3837,25.549,1.71,12.966,0.0285,0.0825,35.69,35.71,1.1345,866.5182,866.6003,866.6436,865.3837,50.0,False,NOMINAL,HEALTHY,11.69,-0.15
DIG_LOT07_COMP0966,LOT_07,DIGITAL_IC,CQFP-64,DIG-SIH-2026,THERMAL_BURN_IN,T07_0966,PROC-ISRO-IISU-01,ATE-STATION-01,CHAMBER-01,1.0,125.0,5.0,168,IDDQ,ELECTRICAL,uA,1.2222,954.4516,954.5389,954.5896,953.2294,23.997,1.979,12.206,-0.0136,-0.0567,34.97,34.69,1.2222,954.4516,954.5389,954.5896,953.2294,50.0,False,NOMINAL,HEALTHY,-6.57,32.77
DIG_LOT07_COMP0967,LOT_07,DIGITAL_IC,CQFP-64,DIG-SIH-2026,THERMAL_BURN_IN,T07_0967,PROC-ISRO-IISU-01,ATE-STATION-01,CHAMBER-01,1.0,125.0,5.0,168,IDDQ,ELECTRICAL,uA,1.2074,922.3125,922.4109,922.5074,921.1051,23.708,1.904,13.472,0.0293,0.0624,34.63,35.32,1.2074,922.3125,922.4109,922.5074,921.1051,50.0,False,NOMINAL,HEALTHY,-11.77,21.58
DIG_LOT07_COMP0968,LOT_07,DIGITAL_IC,CQFP-64,DIG-SIH-2026,THERMAL_BURN_IN,T07_0968,PROC-ISRO-IISU-01,ATE-STATION-01,CHAMBER-01,1.0,125.0,5.0,168,IDDQ,ELECTRICAL,uA,1.2457,962.0715,962.1111,962.1177,960.8258,24.536,1.8802,12.23,0.0077,-0.0015,35.64,35.37,1.2457,962.0715,962.1111,962.1177,960.8258,50.0,False,NOMINAL,HEALTHY,13.77,20.07
DIG_LOT07_COMP0969,LOT_07,DIGITAL_IC,CQFP-64,DIG-SIH-2026,THERMAL_BURN_IN,T07_0969,PROC-ISRO-IISU-01,ATE-STATION-01,CHAMBER-01,1.0,125.0,5.0,168,IDDQ,ELECTRICAL,uA,1.4231,1096.3458,1096.3803,1096.4435,1094.9227,23.989,2.3333,12.252,0.0027,-0.0208,35.09,34.16,1.4231,1096.3458,1096.3803,1096.4435,1094.9227,50.0,False,NOMINAL,HEALTHY,-12.14,5.44
DIG_LOT07_COMP0970,LOT_07,DIGITAL_IC,CQFP-64,DIG-SIH-2026,THERMAL_BURN_IN,T07_0970,PROC-ISRO-IISU-01,ATE-STATION-01,CHAMBER-01,1.0,125.0,5.0,168,IDDQ,ELECTRICAL,uA,1.3853,1068.0794,1068.1906,1068.2036,1066.6941,23.229,2.5602,14.649,0.0001,0.0659,35.16,36.02,1.3853,1068.0794,1068.1906,1068.2036,1066.6941,50.0,False,NOMINAL,HEALTHY,-47.25,46.58
DIG_LOT07_COMP0971,LOT_07,DIGITAL_IC,CQFP-64,DIG-SIH-2026,THERMAL_BURN_IN,T07_0971,PROC-ISRO-IISU-01,ATE-STATION-01,CHAMBER-01,1.0,125.0,5.0,168,IDDQ,ELECTRICAL,uA,1.2338,956.551,956.5843,956.6147,955.3172,24.741,2.0989,11.918,0.0138,-0.0531,34.38,34.35,1.2338,956.551,956.5843,956.6147,955.3172,50.0,False,NOMINAL,HEALTHY,-49.06,-14.66
DIG_LOT07_COMP0972,LOT_07,DIGITAL_IC,CQFP-64,DIG-SIH-2026,THERMAL_BURN_IN,T07_0972,PROC-ISRO-IISU-01,ATE-STATION-01,CHAMBER-01,1.0,125.0,5.0,168,IDDQ,ELECTRICAL,uA,1.685,1308.8073,1308.9061,1309.0149,1307.1223,25.528,1.7971,12.228,-0.0177,-0.0132,35.4,35.42,1.685,1308.8073,1308.9061,1309.0149,1307.1223,50.0,False,NOMINAL,HEALTHY,5.0,-34.81
DIG_LOT07_COMP0973,LOT_07,DIGITAL_IC,CQFP-64,DIG-SIH-2026,THERMAL_BURN_IN,T07_0973,PROC-ISRO-IISU-01,ATE-STATION-01,CHAMBER-01,1.0,125.0,5.0,168,IDDQ,ELECTRICAL,uA,1.5132,1166.1475,1166.2268,1166.3,1164.6343,25.454,1.9951,12.772,0.0089,0.0534,35.95,35.02,1.5132,1166.1475,1166.2268,1166.3,1164.6343,50.0,False,NOMINAL,HEALTHY,33.34,-36.73
DIG_LOT07_COMP0974,LOT_07,DIGITAL_IC,CQFP-64,DIG-SIH-2026,THERMAL_BURN_IN,T07_0974,PROC-ISRO-IISU-01,ATE-STATION-01,CHAMBER-01,1.0,125.0,5.0,168,IDDQ,ELECTRICAL,uA,1.4149,1083.5474,1083.6318,1083.6634,1082.1325,24.876,1.9671,13.122,0.0008,0.0439,36.12,35.62,1.4149,1083.5474,1083.6318,1083.6634,1082.1325,50.0,False,NOMINAL,HEALTHY,-42.25,17.3
DIG_LOT07_COMP0975,LOT_07,DIGITAL_IC,CQFP-64,DIG-SIH-2026,THERMAL_BURN_IN,T07_0975,PROC-ISRO-IISU-01,ATE-STATION-01,CHAMBER-01,1.0,125.0,5.0,168,IDDQ,ELECTRICAL,uA,1.5641,1207.0303,1207.117,1207.2324,1205.4662,27.234,2.3097,12.015,0.0347,0.0766,33.3,33.15,1.5641,1207.0303,1207.117,1207.2324,1205.4662,50.0,False,NOMINAL,HEALTHY,29.32,-8.85
DIG_LOT07_COMP0976,LOT_07,DIGITAL_IC,CQFP-64,DIG-SIH-2026,THERMAL_BURN_IN,T07_0976,PROC-ISRO-IISU-01,ATE-STATION-01,CHAMBER-01,1.0,125.0,5.0,168,IDDQ,ELECTRICAL,uA,1.2683,985.8962,986.0316,986.0501,984.6279,22.8,2.0651,11.725,-0.003,-0.0181,34.3,34.77,1.2683,985.8962,986.0316,986.0501,984.6279,50.0,False,NOMINAL,HEALTHY,38.54,4.65
DIG_LOT07_COMP0977,LOT_07,DIGITAL_IC,CQFP-64,DIG-SIH-2026,THERMAL_BURN_IN,T07_0977,PROC-ISRO-IISU-01,ATE-STATION-01,CHAMBER-01,1.0,125.0,5.0,168,IDDQ,ELECTRICAL,uA,1.1123,857.327,857.3653,857.3948,856.2147,25.725,2.3284,12.467,-0.0003,-0.0359,35.32,35.03,1.1123,857.327,857.3653,857.3948,856.2147,50.0,False,NOMINAL,HEALTHY,-26.36,24.52
DIG_LOT07_COMP0978,LOT_07,DIGITAL_IC,CQFP-64,DIG-SIH-2026,THERMAL_BURN_IN,T07_0978,PROC-ISRO-IISU-01,ATE-STATION-01,CHAMBER-01,1.0,125.0,5.0,168,IDDQ,ELECTRICAL,uA,1.1029,845.4584,845.5217,845.561,844.3555,25.084,2.3338,12.921,-0.007,-0.1017,37.31,37.29,1.1029,845.4584,845.5217,845.561,844.3555,50.0,False,NOMINAL,HEALTHY,-19.06,-28.34
DIG_LOT07_COMP0979,LOT_07,DIGITAL_IC,CQFP-64,DIG-SIH-2026,THERMAL_BURN_IN,T07_0979,PROC-ISRO-IISU-01,ATE-STATION-01,CHAMBER-01,1.0,125.0,5.0,168,IDDQ,ELECTRICAL,uA,1.4291,1076.5003,1076.5811,1076.6172,1075.0712,23.607,1.8493,13.634,-0.0361,0.0401,35.6,36.41,1.4291,1076.5003,1076.5811,1076.6172,1075.0712,50.0,False,NOMINAL,HEALTHY,4.15,-36.96
DIG_LOT07_COMP0980,LOT_07,DIGITAL_IC,CQFP-64,DIG-SIH-2026,THERMAL_BURN_IN,T07_0980,PROC-ISRO-IISU-01,ATE-STATION-01,CHAMBER-01,1.0,125.0,5.0,168,IDDQ,ELECTRICAL,uA,1.2914,1000.7289,1000.7809,1000.8864,999.4375,25.806,1.944,11.99,0.0567,0.124,33.11,33.14,1.2914,1000.7289,1000.7809,1000.8864,999.4375,50.0,False,NOMINAL,HEALTHY,26.65,49.36
DIG_LOT07_COMP0981,LOT_07,DIGITAL_IC,CQFP-64,DIG-SIH-2026,THERMAL_BURN_IN,T07_0981,PROC-ISRO-IISU-01,ATE-STATION-01,CHAMBER-01,1.0,125.0,5.0,168,IDDQ,ELECTRICAL,uA,1.3672,1069.241,1069.3437,1069.3451,1067.8738,24.326,2.3468,12.846,-0.0106,-0.0115,34.1,34.07,1.3672,1069.241,1069.3437,1069.3451,1067.8738,50.0,False,NOMINAL,HEALTHY,-44.46,-45.69
DIG_LOT07_COMP0982,LOT_07,DIGITAL_IC,CQFP-64,DIG-SIH-2026,THERMAL_BURN_IN,T07_0982,PROC-ISRO-IISU-01,ATE-STATION-01,CHAMBER-01,1.0,125.0,5.0,168,IDDQ,ELECTRICAL,uA,1.3571,1024.1735,1024.2694,1024.3204,1022.8164,26.21,1.9911,11.718,0.0281,0.0551,34.0,34.18,1.3571,1024.1735,1024.2694,1024.3204,1022.8164,50.0,False,NOMINAL,HEALTHY,-46.68,-31.49
DIG_LOT07_COMP0983,LOT_07,DIGITAL_IC,CQFP-64,DIG-SIH-2026,THERMAL_BURN_IN,T07_0983,PROC-ISRO-IISU-01,ATE-STATION-01,CHAMBER-01,1.0,125.0,5.0,168,IDDQ,ELECTRICAL,uA,1.553,1199.8348,1199.9304,1199.9159,1198.2818,24.228,2.0454,13.794,0.0405,0.1409,36.26,36.05,1.553,1199.8348,1199.9304,1199.9159,1198.2818,50.0,False,NOMINAL,HEALTHY,42.8,-42.25
DIG_LOT07_COMP0984,LOT_07,DIGITAL_IC,CQFP-64,DIG-SIH-2026,THERMAL_BURN_IN,T07_0984,PROC-ISRO-IISU-01,ATE-STATION-01,CHAMBER-01,1.0,125.0,5.0,168,IDDQ,ELECTRICAL,uA,1.3166,1007.1965,1007.2158,1007.371,1005.8799,26.704,2.3595,11.811,0.0078,0.0736,34.79,33.92,1.3166,1007.1965,1007.2158,1007.371,1005.8799,50.0,False,NOMINAL,HEALTHY,31.75,-27.92
DIG_LOT07_COMP0985,LOT_07,DIGITAL_IC,CQFP-64,DIG-SIH-2026,THERMAL_BURN_IN,T07_0985,PROC-ISRO-IISU-01,ATE-STATION-01,CHAMBER-01,1.0,125.0,5.0,168,IDDQ,ELECTRICAL,uA,1.2278,927.1206,927.211,927.247,925.8928,24.786,2.3726,12.507,0.0007,0.0012,36.54,36.39,1.2278,927.1206,927.211,927.247,925.8928,50.0,False,NOMINAL,HEALTHY,46.46,26.62
DIG_LOT07_COMP0986,LOT_07,DIGITAL_IC,CQFP-64,DIG-SIH-2026,THERMAL_BURN_IN,T07_0986,PROC-ISRO-IISU-01,ATE-STATION-01,CHAMBER-01,1.0,125.0,5.0,168,IDDQ,ELECTRICAL,uA,1.3695,1036.8003,1036.8798,1036.9346,1035.4308,25.154,2.0328,11.906,0.0194,-0.0192,34.85,35.21,1.3695,1036.8003,1036.8798,1036.9346,1035.4308,50.0,False,NOMINAL,HEALTHY,-28.16,-30.18
DIG_LOT07_COMP0987,LOT_07,DIGITAL_IC,CQFP-64,DIG-SIH-2026,THERMAL_BURN_IN,T07_0987,PROC-ISRO-IISU-01,ATE-STATION-01,CHAMBER-01,1.0,125.0,5.0,168,IDDQ,ELECTRICAL,uA,1.4193,1071.5674,1071.6199,1071.6609,1070.1481,24.519,1.581,12.708,-0.025,-0.0146,36.42,36.27,1.4193,1071.5674,1071.6199,1071.6609,1070.1481,50.0,False,NOMINAL,HEALTHY,38.85,-31.9
DIG_LOT07_COMP0988,LOT_07,DIGITAL_IC,CQFP-64,DIG-SIH-2026,THERMAL_BURN_IN,T07_0988,PROC-ISRO-IISU-01,ATE-STATION-01,CHAMBER-01,1.0,125.0,5.0,168,IDDQ,ELECTRICAL,uA,1.1094,873.6247,873.6982,873.7247,872.5153,23.171,2.079,13.053,0.0182,0.1236,33.36,34.09,1.1094,873.6247,873.6982,873.7247,872.5153,50.0,False,NOMINAL,HEALTHY,-48.59,41.05
DIG_LOT07_COMP0989,LOT_07,DIGITAL_IC,CQFP-64,DIG-SIH-2026,THERMAL_BURN_IN,T07_0989,PROC-ISRO-IISU-01,ATE-STATION-01,CHAMBER-01,1.0,125.0,5.0,168,IDDQ,ELECTRICAL,uA,1.0912,855.0773,855.1659,855.2145,853.9861,24.924,1.5992,12.136,-0.0109,-0.0856,34.08,34.1,1.0912,855.0773,855.1659,855.2145,853.9861,50.0,False,NOMINAL,HEALTHY,38.37,-20.82
DIG_LOT07_COMP0990,LOT_07,DIGITAL_IC,CQFP-64,DIG-SIH-2026,THERMAL_BURN_IN,T07_0990,PROC-ISRO-IISU-01,ATE-STATION-01,CHAMBER-01,1.0,125.0,5.0,168,IDDQ,ELECTRICAL,uA,1.3345,1029.0545,1029.1162,1029.1925,1027.72,25.499,1.3247,12.827,0.0004,-0.0555,34.25,34.38,1.3345,1029.0545,1029.1162,1029.1925,1027.72,50.0,False,NOMINAL,HEALTHY,47.26,-44.5
DIG_LOT07_COMP0991,LOT_07,DIGITAL_IC,CQFP-64,DIG-SIH-2026,THERMAL_BURN_IN,T07_0991,PROC-ISRO-IISU-01,ATE-STATION-01,CHAMBER-01,1.0,125.0,5.0,168,IDDQ,ELECTRICAL,uA,1.5368,1176.0408,1176.1506,1176.1856,1174.504,25.343,2.3294,11.096,-0.0004,-0.0057,33.44,33.01,1.5368,1176.0408,1176.1506,1176.1856,1174.504,50.0,False,NOMINAL,HEALTHY,-10.79,-19.15
DIG_LOT07_COMP0992,LOT_07,DIGITAL_IC,CQFP-64,DIG-SIH-2026,THERMAL_BURN_IN,T07_0992,PROC-ISRO-IISU-01,ATE-STATION-01,CHAMBER-01,1.0,125.0,5.0,168,IDDQ,ELECTRICAL,uA,1.4117,1086.8511,1086.9715,1086.9627,1085.4394,25.729,2.4965,12.59,0.0162,0.0724,35.4,34.81,1.4117,1086.8511,1086.9715,1086.9627,1085.4394,50.0,False,NOMINAL,HEALTHY,-37.07,-29.81
DIG_LOT07_COMP0993,LOT_07,DIGITAL_IC,CQFP-64,DIG-SIH-2026,THERMAL_BURN_IN,T07_0993,PROC-ISRO-IISU-01,ATE-STATION-01,CHAMBER-01,1.0,125.0,5.0,168,IDDQ,ELECTRICAL,uA,1.213,933.9064,935.282,940.7711,932.6934,24.996,2.9076,11.783,-0.0153,-0.021,33.19,33.4,1.213,933.9064,935.282,940.7711,932.6934,50.0,True,ELECTROMIGRATION,HEALTHY,-23.25,14.33
DIG_LOT07_COMP0994,LOT_07,DIGITAL_IC,CQFP-64,DIG-SIH-2026,THERMAL_BURN_IN,T07_0994,PROC-ISRO-IISU-01,ATE-STATION-01,CHAMBER-01,1.0,125.0,5.0,168,IDDQ,ELECTRICAL,uA,1.4414,1119.4479,1119.5407,1119.6117,1118.0065,25.731,1.6648,12.214,0.0169,0.0018,34.1,34.19,1.4414,1119.4479,1119.5407,1119.6117,1118.0065,50.0,False,NOMINAL,HEALTHY,18.24,48.94
DIG_LOT07_COMP0995,LOT_07,DIGITAL_IC,CQFP-64,DIG-SIH-2026,THERMAL_BURN_IN,T07_0995,PROC-ISRO-IISU-01,ATE-STATION-01,CHAMBER-01,1.0,125.0,5.0,168,IDDQ,ELECTRICAL,uA,1.3382,1034.1178,1034.1932,1034.2348,1032.7796,24.65,1.8144,12.606,0.0056,0.0974,33.81,33.78,1.3382,1034.1178,1034.1932,1034.2348,1032.7796,50.0,False,NOMINAL,HEALTHY,38.75,21.99
DIG_LOT07_COMP0996,LOT_07,DIGITAL_IC,CQFP-64,DIG-SIH-2026,THERMAL_BURN_IN,T07_0996,PROC-ISRO-IISU-01,ATE-STATION-01,CHAMBER-01,1.0,125.0,5.0,168,IDDQ,ELECTRICAL,uA,1.2783,983.3812,983.5006,983.4752,982.1029,28.09,1.5599,11.807,0.0044,0.0528,36.34,36.67,1.2783,983.3812,983.5006,983.4752,982.1029,50.0,False,NOMINAL,HEALTHY,30.12,48.67
DIG_LOT07_COMP0997,LOT_07,DIGITAL_IC,CQFP-64,DIG-SIH-2026,THERMAL_BURN_IN,T07_0997,PROC-ISRO-IISU-01,ATE-STATION-01,CHAMBER-01,1.0,125.0,5.0,168,IDDQ,ELECTRICAL,uA,1.2401,941.883,941.8576,941.9574,940.6429,27.142,1.7169,13.321,-0.0252,-0.0503,34.85,34.5,1.2401,941.883,941.8576,941.9574,940.6429,50.0,False,NOMINAL,HEALTHY,-34.01,20.69
DIG_LOT07_COMP0998,LOT_07,DIGITAL_IC,CQFP-64,DIG-SIH-2026,THERMAL_BURN_IN,T07_0998,PROC-ISRO-IISU-01,ATE-STATION-01,CHAMBER-01,1.0,125.0,5.0,168,IDDQ,ELECTRICAL,uA,1.2109,952.5807,952.7123,952.7499,951.3698,26.241,2.2847,11.337,-0.0063,-0.0562,33.58,33.59,1.2109,952.5807,952.7123,952.7499,951.3698,50.0,False,NOMINAL,HEALTHY,-8.41,30.12
DIG_LOT07_COMP0999,LOT_07,DIGITAL_IC,CQFP-64,DIG-SIH-2026,THERMAL_BURN_IN,T07_0999,PROC-ISRO-IISU-01,ATE-STATION-01,CHAMBER-01,1.0,125.0,5.0,168,IDDQ,ELECTRICAL,uA,1.2602,976.4664,976.5909,976.5865,975.2062,24.669,2.1537,10.944,-0.0021,0.0234,37.51,37.19,1.2602,976.4664,976.5909,976.5865,975.2062,50.0,False,NOMINAL,HEALTHY,40.63,-48.74
DIG_LOT07_COMP1000,LOT_07,DIGITAL_IC,CQFP-64,DIG-SIH-2026,THERMAL_BURN_IN,T07_1000,PROC-ISRO-IISU-01,ATE-STATION-01,CHAMBER-01,1.0,125.0,5.0,168,IDDQ,ELECTRICAL,uA,1.2944,1019.1802,1019.1878,1019.2729,1017.8858,23.742,1.6868,12.741,-0.0252,0.0261,33.24,33.11,1.2944,1019.1802,1019.1878,1019.2729,1017.8858,50.0,False,NOMINAL,HEALTHY,31.58,-43.34
DIG_LOT07_COMP1001,LOT_07,DIGITAL_IC,CQFP-64,DIG-SIH-2026,THERMAL_BURN_IN,T07_1001,PROC-ISRO-IISU-01,ATE-STATION-01,CHAMBER-01,1.0,125.0,5.0,168,IDDQ,ELECTRICAL,uA,1.3482,1033.7104,1033.7589,1033.9574,1032.3622,24.944,1.9908,12.561,-0.0096,-0.0359,33.55,33.72,1.3482,1033.7104,1033.7589,1033.9574,1032.3622,50.0,False,NOMINAL,HEALTHY,-43.07,45.22
DIG_LOT07_COMP1002,LOT_07,DIGITAL_IC,CQFP-64,DIG-SIH-2026,THERMAL_BURN_IN,T07_1002,PROC-ISRO-IISU-01,ATE-STATION-01,CHAMBER-01,1.0,125.0,5.0,168,IDDQ,ELECTRICAL,uA,1.2442,968.1798,968.2367,968.2838,966.9356,25.506,1.567,12.933,0.0162,-0.0521,35.04,35.21,1.2442,968.1798,968.2367,968.2838,966.9356,50.0,False,NOMINAL,HEALTHY,4.31,8.81
DIG_LOT07_COMP1003,LOT_07,DIGITAL_IC,CQFP-64,DIG-SIH-2026,THERMAL_BURN_IN,T07_1003,PROC-ISRO-IISU-01,ATE-STATION-01,CHAMBER-01,1.0,125.0,5.0,168,IDDQ,ELECTRICAL,uA,1.3946,1075.3608,1075.449,1075.4473,1073.9662,26.498,1.6336,11.542,-0.0491,-0.0426,35.84,35.65,1.3946,1075.3608,1075.449,1075.4473,1073.9662,50.0,False,NOMINAL,HEALTHY,-24.36,-13.65
DIG_LOT07_COMP1004,LOT_07,DIGITAL_IC,CQFP-64,DIG-SIH-2026,THERMAL_BURN_IN,T07_1004,PROC-ISRO-IISU-01,ATE-STATION-01,CHAMBER-01,1.0,125.0,5.0,168,IDDQ,ELECTRICAL,uA,1.3886,1080.3148,1080.3827,1080.4783,1078.9262,25.447,2.1348,12.965,-0.0433,-0.0532,32.66,32.91,1.3886,1080.3148,1080.3827,1080.4783,1078.9262,50.0,False,NOMINAL,HEALTHY,-26.47,14.47
DIG_LOT07_COMP1005,LOT_07,DIGITAL_IC,CQFP-64,DIG-SIH-2026,THERMAL_BURN_IN,T07_1005,PROC-ISRO-IISU-01,ATE-STATION-01,CHAMBER-01,1.0,125.0,5.0,168,IDDQ,ELECTRICAL,uA,1.2446,949.9257,950.0035,950.0859,948.6811,28.643,2.0845,12.158,-0.0202,-0.0177,36.5,36.56,1.2446,949.9257,950.0035,950.0859,948.6811,50.0,False,NOMINAL,HEALTHY,6.26,0.53
DIG_LOT07_COMP1006,LOT_07,DIGITAL_IC,CQFP-64,DIG-SIH-2026,THERMAL_BURN_IN,T07_1006,PROC-ISRO-IISU-01,ATE-STATION-01,CHAMBER-01,1.0,125.0,5.0,168,IDDQ,ELECTRICAL,uA,1.3301,1036.5136,1036.5828,1036.7341,1035.1835,24.668,1.2041,11.334,-0.0239,-0.0827,35.62,35.38,1.3301,1036.5136,1036.5828,1036.7341,1035.1835,50.0,False,NOMINAL,HEALTHY,29.75,-30.81
DIG_LOT07_COMP1007,LOT_07,DIGITAL_IC,CQFP-64,DIG-SIH-2026,THERMAL_BURN_IN,T07_1007,PROC-ISRO-IISU-01,ATE-STATION-01,CHAMBER-01,1.0,125.0,5.0,168,IDDQ,ELECTRICAL,uA,0.9846,767.7746,767.8201,767.8476,766.79,22.166,1.9358,12.562,-0.034,-0.0502,34.87,35.4,0.9846,767.7746,767.8201,767.8476,766.79,50.0,False,NOMINAL,HEALTHY,-34.38,-30.79
DIG_LOT07_COMP1008,LOT_07,DIGITAL_IC,CQFP-64,DIG-SIH-2026,THERMAL_BURN_IN,T07_1008,PROC-ISRO-IISU-01,ATE-STATION-01,CHAMBER-01,1.0,125.0,5.0,168,IDDQ,ELECTRICAL,uA,1.2945,995.0124,995.0928,995.1293,993.7179,25.58,1.5719,12.591,0.0124,0.0086,34.12,34.5,1.2945,995.0124,995.0928,995.1293,993.7179,50.0,False,NOMINAL,HEALTHY,29.02,-41.05
DIG_LOT07_COMP1009,LOT_07,DIGITAL_IC,CQFP-64,DIG-SIH-2026,THERMAL_BURN_IN,T07_1009,PROC-ISRO-IISU-01,ATE-STATION-01,CHAMBER-01,1.0,125.0,5.0,168,IDDQ,ELECTRICAL,uA,1.195,928.7643,928.8135,928.8443,927.5693,26.624,2.0749,12.057,-0.0165,0.0547,36.94,36.72,1.195,928.7643,928.8135,928.8443,927.5693,50.0,False,NOMINAL,HEALTHY,-43.14,-8.13
DIG_LOT07_COMP1010,LOT_07,DIGITAL_IC,CQFP-64,DIG-SIH-2026,THERMAL_BURN_IN,T07_1010,PROC-ISRO-IISU-01,ATE-STATION-01,CHAMBER-01,1.0,125.0,5.0,168,IDDQ,ELECTRICAL,uA,1.1783,909.9723,910.0716,910.1346,908.794,24.701,2.1673,12.325,-0.0378,-0.1252,35.4,35.0,1.1783,909.9723,910.0716,910.1346,908.794,50.0,False,NOMINAL,HEALTHY,-23.86,-37.51
DIG_LOT07_COMP1011,LOT_07,DIGITAL_IC,CQFP-64,DIG-SIH-2026,THERMAL_BURN_IN,T07_1011,PROC-ISRO-IISU-01,ATE-STATION-01,CHAMBER-01,1.0,125.0,5.0,168,IDDQ,ELECTRICAL,uA,1.6589,1289.0163,1289.1086,1289.143,1287.3574,25.864,1.2758,11.567,0.0004,-0.0247,35.15,34.88,1.6589,1289.0163,1289.1086,1289.143,1287.3574,50.0,False,NOMINAL,HEALTHY,40.27,21.03
DIG_LOT07_COMP1012,LOT_07,DIGITAL_IC,CQFP-64,DIG-SIH-2026,THERMAL_BURN_IN,T07_1012,PROC-ISRO-IISU-01,ATE-STATION-01,CHAMBER-01,1.0,125.0,5.0,168,IDDQ,ELECTRICAL,uA,1.197,942.4367,942.5049,942.6047,941.2397,23.0,1.6059,10.947,-0.0105,-0.011,35.33,35.13,1.197,942.4367,942.5049,942.6047,941.2397,50.0,False,NOMINAL,HEALTHY,-30.76,47.94
DIG_LOT07_COMP1013,LOT_07,DIGITAL_IC,CQFP-64,DIG-SIH-2026,THERMAL_BURN_IN,T07_1013,PROC-ISRO-IISU-01,ATE-STATION-01,CHAMBER-01,1.0,125.0,5.0,168,IDDQ,ELECTRICAL,uA,1.2534,950.4123,950.5152,950.5415,949.1589,22.986,2.2043,12.065,-0.0019,0.0293,34.37,35.14,1.2534,950.4123,950.5152,950.5415,949.1589,50.0,False,NOMINAL,HEALTHY,24.51,28.31
DIG_LOT07_COMP1014,LOT_07,DIGITAL_IC,CQFP-64,DIG-SIH-2026,THERMAL_BURN_IN,T07_1014,PROC-ISRO-IISU-01,ATE-STATION-01,CHAMBER-01,1.0,125.0,5.0,168,IDDQ,ELECTRICAL,uA,1.0829,821.5836,821.7026,821.7385,820.5007,23.63,1.737,14.13,-0.0011,-0.0264,34.63,34.49,1.0829,821.5836,821.7026,821.7385,820.5007,50.0,False,NOMINAL,HEALTHY,35.23,42.11
DIG_LOT07_COMP1015,LOT_07,DIGITAL_IC,CQFP-64,DIG-SIH-2026,THERMAL_BURN_IN,T07_1015,PROC-ISRO-IISU-01,ATE-STATION-01,CHAMBER-01,1.0,125.0,5.0,168,IDDQ,ELECTRICAL,uA,1.0668,828.7894,828.8124,828.8767,827.7226,24.726,2.111,13.467,0.0102,-0.0395,32.61,32.14,1.0668,828.7894,828.8124,828.8767,827.7226,50.0,False,NOMINAL,HEALTHY,4.2,-34.44
DIG_LOT07_COMP1016,LOT_07,DIGITAL_IC,CQFP-64,DIG-SIH-2026,THERMAL_BURN_IN,T07_1016,PROC-ISRO-IISU-01,ATE-STATION-01,CHAMBER-01,1.0,125.0,5.0,168,IDDQ,ELECTRICAL,uA,1.2982,986.2201,986.2495,986.3708,984.9219,25.704,2.6075,12.786,-0.0011,-0.0408,37.85,37.89,1.2982,986.2201,986.2495,986.3708,984.9219,50.0,False,NOMINAL,HEALTHY,-39.92,2.83
DIG_LOT07_COMP1017,LOT_07,DIGITAL_IC,CQFP-64,DIG-SIH-2026,THERMAL_BURN_IN,T07_1017,PROC-ISRO-IISU-01,ATE-STATION-01,CHAMBER-01,1.0,125.0,5.0,168,IDDQ,ELECTRICAL,uA,1.2946,997.5964,997.6314,997.6477,996.3018,27.545,2.6537,13.764,0.013,0.042,36.84,36.91,1.2946,997.5964,997.6314,997.6477,996.3018,50.0,False,NOMINAL,HEALTHY,-43.33,31.94
DIG_LOT07_COMP1018,LOT_07,DIGITAL_IC,CQFP-64,DIG-SIH-2026,THERMAL_BURN_IN,T07_1018,PROC-ISRO-IISU-01,ATE-STATION-01,CHAMBER-01,1.0,125.0,5.0,168,IDDQ,ELECTRICAL,uA,1.4623,1116.1609,1116.224,1116.2388,1114.6986,27.232,2.1119,11.648,0.0067,0.0125,36.39,37.16,1.4623,1116.1609,1116.224,1116.2388,1114.6986,50.0,False,NOMINAL,HEALTHY,19.46,-7.25
DIG_LOT07_COMP1019,LOT_07,DIGITAL_IC,CQFP-64,DIG-SIH-2026,THERMAL_BURN_IN,T07_1019,PROC-ISRO-IISU-01,ATE-STATION-01,CHAMBER-01,1.0,125.0,5.0,168,IDDQ,ELECTRICAL,uA,1.2812,994.3159,994.4136,994.4151,993.0347,25.443,2.2266,13.175,-0.0071,-0.0292,34.82,34.14,1.2812,994.3159,994.4136,994.4151,993.0347,50.0,False,NOMINAL,HEALTHY,48.94,31.48
DIG_LOT07_COMP1020,LOT_07,DIGITAL_IC,CQFP-64,DIG-SIH-2026,THERMAL_BURN_IN,T07_1020,PROC-ISRO-IISU-01,ATE-STATION-01,CHAMBER-01,1.0,125.0,5.0,168,IDDQ,ELECTRICAL,uA,1.4194,1094.9012,1094.9979,1095.0489,1093.4818,24.754,1.5438,13.012,0.008,-0.0072,35.05,35.22,1.4194,1094.9012,1094.9979,1095.0489,1093.4818,50.0,False,NOMINAL,HEALTHY,21.64,-31.4
DIG_LOT07_COMP1021,LOT_07,DIGITAL_IC,CQFP-64,DIG-SIH-2026,THERMAL_BURN_IN,T07_1021,PROC-ISRO-IISU-01,ATE-STATION-01,CHAMBER-01,1.0,125.0,5.0,168,IDDQ,ELECTRICAL,uA,1.2689,983.4266,983.5046,983.539,982.1577,24.896,1.9424,11.595,0.0157,0.0613,34.15,33.81,1.2689,983.4266,983.5046,983.539,982.1577,50.0,False,NOMINAL,HEALTHY,-8.09,-24.4
DIG_LOT07_COMP1022,LOT_07,DIGITAL_IC,CQFP-64,DIG-SIH-2026,THERMAL_BURN_IN,T07_1022,PROC-ISRO-IISU-01,ATE-STATION-01,CHAMBER-01,1.0,125.0,5.0,168,IDDQ,ELECTRICAL,uA,1.4572,1121.6978,1121.821,1121.8444,1120.2406,25.684,2.3268,12.026,0.0224,-0.0757,35.3,34.13,1.4572,1121.6978,1121.821,1121.8444,1120.2406,50.0,False,NOMINAL,HEALTHY,32.86,-5.82
DIG_LOT07_COMP1023,LOT_07,DIGITAL_IC,CQFP-64,DIG-SIH-2026,THERMAL_BURN_IN,T07_1023,PROC-ISRO-IISU-01,ATE-STATION-01,CHAMBER-01,1.0,125.0,5.0,168,IDDQ,ELECTRICAL,uA,1.2809,987.971,988.0027,988.1059,986.6901,22.58,1.5681,12.312,0.0015,-0.0712,34.5,34.86,1.2809,987.971,988.0027,988.1059,986.6901,50.0,False,NOMINAL,HEALTHY,-28.58,-9.84
DIG_LOT07_COMP1024,LOT_07,DIGITAL_IC,CQFP-64,DIG-SIH-2026,THERMAL_BURN_IN,T07_1024,PROC-ISRO-IISU-01,ATE-STATION-01,CHAMBER-01,1.0,125.0,5.0,168,IDDQ,ELECTRICAL,uA,1.3008,992.5764,994.1073,1000.5026,991.2756,25.183,2.0748,13.16,0.0074,0.0699,34.21,34.02,1.3008,992.5764,994.1073,1000.5026,991.2756,50.0,True,ELECTROMIGRATION,HEALTHY,-7.48,-25.43
DIG_LOT07_COMP1025,LOT_07,DIGITAL_IC,CQFP-64,DIG-SIH-2026,THERMAL_BURN_IN,T07_1025,PROC-ISRO-IISU-01,ATE-STATION-01,CHAMBER-01,1.0,125.0,5.0,168,IDDQ,ELECTRICAL,uA,1.0693,823.1057,823.1579,823.1948,822.0364,25.504,1.8081,12.856,0.0107,0.0756,37.01,36.94,1.0693,823.1057,823.1579,823.1948,822.0364,50.0,False,NOMINAL,HEALTHY,-15.79,2.28
DIG_LOT07_COMP1026,LOT_07,DIGITAL_IC,CQFP-64,DIG-SIH-2026,THERMAL_BURN_IN,T07_1026,PROC-ISRO-IISU-01,ATE-STATION-01,CHAMBER-01,1.0,125.0,5.0,168,IDDQ,ELECTRICAL,uA,1.2056,908.6656,908.7136,908.734,907.46,25.502,1.7436,12.663,0.0217,-0.0235,34.32,34.93,1.2056,908.6656,908.7136,908.734,907.46,50.0,False,NOMINAL,HEALTHY,9.46,8.59
DIG_LOT07_COMP1027,LOT_07,DIGITAL_IC,CQFP-64,DIG-SIH-2026,THERMAL_BURN_IN,T07_1027,PROC-ISRO-IISU-01,ATE-STATION-01,CHAMBER-01,1.0,125.0,5.0,168,IDDQ,ELECTRICAL,uA,1.0849,849.8537,849.9465,849.9357,848.7688,23.183,2.6726,11.372,-0.0377,0.0047,34.43,34.67,1.0849,849.8537,849.9465,849.9357,848.7688,50.0,False,NOMINAL,HEALTHY,24.71,0.55
DIG_LOT07_COMP1028,LOT_07,DIGITAL_IC,CQFP-64,DIG-SIH-2026,THERMAL_BURN_IN,T07_1028,PROC-ISRO-IISU-01,ATE-STATION-01,CHAMBER-01,1.0,125.0,5.0,168,IDDQ,ELECTRICAL,uA,1.3736,1073.863,1073.9656,1073.979,1072.4894,26.29,1.9545,13.093,-0.011,-0.0822,32.36,31.15,1.3736,1073.863,1073.9656,1073.979,1072.4894,50.0,False,NOMINAL,HEALTHY,-30.16,-7.17
DIG_LOT07_COMP1029,LOT_07,DIGITAL_IC,CQFP-64,DIG-SIH-2026,THERMAL_BURN_IN,T07_1029,PROC-ISRO-IISU-01,ATE-STATION-01,CHAMBER-01,1.0,125.0,5.0,168,IDDQ,ELECTRICAL,uA,1.2965,1011.6526,1011.6871,1011.7926,1010.3561,27.661,1.7935,10.787,-0.0122,0.0027,35.5,35.14,1.2965,1011.6526,1011.6871,1011.7926,1010.3561,50.0,False,NOMINAL,HEALTHY,-31.51,40.98
DIG_LOT07_COMP1030,LOT_07,DIGITAL_IC,CQFP-64,DIG-SIH-2026,THERMAL_BURN_IN,T07_1030,PROC-ISRO-IISU-01,ATE-STATION-01,CHAMBER-01,1.0,125.0,5.0,168,IDDQ,ELECTRICAL,uA,1.3406,1055.1684,1055.2991,1055.2667,1053.8278,25.27,1.9827,12.511,0.0172,0.0183,35.19,34.89,1.3406,1055.1684,1055.2991,1055.2667,1053.8278,50.0,False,NOMINAL,HEALTHY,-44.13,42.23
DIG_LOT07_COMP1031,LOT_07,DIGITAL_IC,CQFP-64,DIG-SIH-2026,THERMAL_BURN_IN,T07_1031,PROC-ISRO-IISU-01,ATE-STATION-01,CHAMBER-01,1.0,125.0,5.0,168,IDDQ,ELECTRICAL,uA,1.1161,845.0055,845.0668,845.1315,843.8894,24.011,2.232,11.652,-0.0132,-0.0584,36.26,35.72,1.1161,845.0055,845.0668,845.1315,843.8894,50.0,False,NOMINAL,HEALTHY,-14.5,22.95
DIG_LOT07_COMP1032,LOT_07,DIGITAL_IC,CQFP-64,DIG-SIH-2026,THERMAL_BURN_IN,T07_1032,PROC-ISRO-IISU-01,ATE-STATION-01,CHAMBER-01,1.0,125.0,5.0,168,IDDQ,ELECTRICAL,uA,1.5666,1198.1309,1198.2017,1198.3037,1196.5643,25.663,2.3436,13.436,0.0003,0.0386,33.43,32.73,1.5666,1198.1309,1198.2017,1198.3037,1196.5643,50.0,False,NOMINAL,HEALTHY,-35.04,-49.44
DIG_LOT07_COMP1033,LOT_07,DIGITAL_IC,CQFP-64,DIG-SIH-2026,THERMAL_BURN_IN,T07_1033,PROC-ISRO-IISU-01,ATE-STATION-01,CHAMBER-01,1.0,125.0,5.0,168,IDDQ,ELECTRICAL,uA,1.5372,1199.5059,1199.6062,1199.6031,1197.9687,25.838,1.6333,12.126,-0.029,-0.0587,34.33,34.67,1.5372,1199.5059,1199.6062,1199.6031,1197.9687,50.0,False,NOMINAL,HEALTHY,44.5,-26.97
DIG_LOT07_COMP1034,LOT_07,DIGITAL_IC,CQFP-64,DIG-SIH-2026,THERMAL_BURN_IN,T07_1034,PROC-ISRO-IISU-01,ATE-STATION-01,CHAMBER-01,1.0,125.0,5.0,168,IDDQ,ELECTRICAL,uA,1.31,1024.7351,1024.8088,1024.8755,1023.4251,24.999,1.8627,12.018,-0.0081,-0.0331,35.13,34.99,1.31,1024.7351,1024.8088,1024.8755,1023.4251,50.0,False,NOMINAL,HEALTHY,-49.75,15.39
DIG_LOT07_COMP1035,LOT_07,DIGITAL_IC,CQFP-64,DIG-SIH-2026,THERMAL_BURN_IN,T07_1035,PROC-ISRO-IISU-01,ATE-STATION-01,CHAMBER-01,1.0,125.0,5.0,168,IDDQ,ELECTRICAL,uA,1.1478,887.3587,887.4144,887.4461,886.2109,26.416,2.3975,13.485,-0.0223,-0.1029,37.13,37.72,1.1478,887.3587,887.4144,887.4461,886.2109,50.0,False,NOMINAL,HEALTHY,-13.63,-21.03
DIG_LOT07_COMP1036,LOT_07,DIGITAL_IC,CQFP-64,DIG-SIH-2026,THERMAL_BURN_IN,T07_1036,PROC-ISRO-IISU-01,ATE-STATION-01,CHAMBER-01,1.0,125.0,5.0,168,IDDQ,ELECTRICAL,uA,1.3794,1044.4357,1044.5212,1044.5341,1043.0563,24.208,2.384,12.723,-0.0084,-0.0137,36.68,37.03,1.3794,1044.4357,1044.5212,1044.5341,1043.0563,50.0,False,NOMINAL,HEALTHY,45.59,1.8
DIG_LOT07_COMP1037,LOT_07,DIGITAL_IC,CQFP-64,DIG-SIH-2026,THERMAL_BURN_IN,T07_1037,PROC-ISRO-IISU-01,ATE-STATION-01,CHAMBER-01,1.0,125.0,5.0,168,IDDQ,ELECTRICAL,uA,1.3007,990.5365,990.6486,990.6747,989.2358,24.698,2.1558,13.215,0.005,-0.0764,34.61,35.56,1.3007,990.5365,990.6486,990.6747,989.2358,50.0,False,NOMINAL,HEALTHY,13.13,-37.39
DIG_LOT07_COMP1038,LOT_07,DIGITAL_IC,CQFP-64,DIG-SIH-2026,THERMAL_BURN_IN,T07_1038,PROC-ISRO-IISU-01,ATE-STATION-01,CHAMBER-01,1.0,125.0,5.0,168,IDDQ,ELECTRICAL,uA,1.3225,1026.1044,1026.1557,1026.1986,1024.7819,23.105,1.8018,14.33,-0.0068,-0.0731,36.38,36.14,1.3225,1026.1044,1026.1557,1026.1986,1024.7819,50.0,False,NOMINAL,HEALTHY,42.39,-32.37
DIG_LOT07_COMP1039,LOT_07,DIGITAL_IC,CQFP-64,DIG-SIH-2026,THERMAL_BURN_IN,T07_1039,PROC-ISRO-IISU-01,ATE-STATION-01,CHAMBER-01,1.0,125.0,5.0,168,IDDQ,ELECTRICAL,uA,1.0974,854.751,854.8051,854.8725,853.6536,26.793,2.0395,12.921,0.0164,0.0319,34.42,34.79,1.0974,854.751,854.8051,854.8725,853.6536,50.0,False,NOMINAL,HEALTHY,19.12,10.89
DIG_LOT07_COMP1040,LOT_07,DIGITAL_IC,CQFP-64,DIG-SIH-2026,THERMAL_BURN_IN,T07_1040,PROC-ISRO-IISU-01,ATE-STATION-01,CHAMBER-01,1.0,125.0,5.0,168,IDDQ,ELECTRICAL,uA,1.2709,988.1825,988.2253,988.2671,986.9116,22.724,1.9658,14.537,0.0131,-0.0807,33.14,33.25,1.2709,988.1825,988.2253,988.2671,986.9116,50.0,False,NOMINAL,HEALTHY,-19.46,44.4
DIG_LOT07_COMP1041,LOT_07,DIGITAL_IC,CQFP-64,DIG-SIH-2026,THERMAL_BURN_IN,T07_1041,PROC-ISRO-IISU-01,ATE-STATION-01,CHAMBER-01,1.0,125.0,5.0,168,IDDQ,ELECTRICAL,uA,1.2112,942.1129,942.2175,942.2701,940.9017,24.694,1.8708,13.241,-0.0416,-0.0489,33.57,33.95,1.2112,942.1129,942.2175,942.2701,940.9017,50.0,False,NOMINAL,HEALTHY,46.15,-24.79
DIG_LOT07_COMP1042,LOT_07,DIGITAL_IC,CQFP-64,DIG-SIH-2026,THERMAL_BURN_IN,T07_1042,PROC-ISRO-IISU-01,ATE-STATION-01,CHAMBER-01,1.0,125.0,5.0,168,IDDQ,ELECTRICAL,uA,0.9899,763.7663,763.8427,763.8482,762.7764,26.695,1.9499,12.69,0.0073,0.0686,36.69,36.3,0.9899,763.7663,763.8427,763.8482,762.7764,50.0,False,NOMINAL,HEALTHY,23.55,-42.4
DIG_LOT07_COMP1043,LOT_07,DIGITAL_IC,CQFP-64,DIG-SIH-2026,THERMAL_BURN_IN,T07_1043,PROC-ISRO-IISU-01,ATE-STATION-01,CHAMBER-01,1.0,125.0,5.0,168,IDDQ,ELECTRICAL,uA,1.1984,921.0844,921.1461,921.2043,919.886,28.698,1.8708,11.595,-0.034,-0.0106,36.78,36.53,1.1984,921.0844,921.1461,921.2043,919.886,50.0,False,NOMINAL,HEALTHY,7.86,42.63
DIG_LOT07_COMP1044,LOT_07,DIGITAL_IC,CQFP-64,DIG-SIH-2026,THERMAL_BURN_IN,T07_1044,PROC-ISRO-IISU-01,ATE-STATION-01,CHAMBER-01,1.0,125.0,5.0,168,IDDQ,ELECTRICAL,uA,1.4852,1138.0874,1138.1755,1138.2549,1136.6022,27.817,2.0655,12.827,0.0112,0.0575,33.15,33.46,1.4852,1138.0874,1138.1755,1138.2549,1136.6022,50.0,False,NOMINAL,HEALTHY,1.95,30.09
DIG_LOT07_COMP1045,LOT_07,DIGITAL_IC,CQFP-64,DIG-SIH-2026,THERMAL_BURN_IN,T07_1045,PROC-ISRO-IISU-01,ATE-STATION-01,CHAMBER-01,1.0,125.0,5.0,168,IDDQ,ELECTRICAL,uA,1.4066,1092.8762,1092.9066,1093.0244,1091.4696,26.521,2.1806,12.514,0.0201,0.057,34.85,34.28,1.4066,1092.8762,1092.9066,1093.0244,1091.4696,50.0,False,NOMINAL,HEALTHY,-36.08,-2.46
DIG_LOT07_COMP1046,LOT_07,DIGITAL_IC,CQFP-64,DIG-SIH-2026,THERMAL_BURN_IN,T07_1046,PROC-ISRO-IISU-01,ATE-STATION-01,CHAMBER-01,1.0,125.0,5.0,168,IDDQ,ELECTRICAL,uA,1.1769,898.2291,898.2723,898.2887,897.0522,26.26,1.8529,13.405,-0.0152,0.0089,38.04,38.08,1.1769,898.2291,898.2723,898.2887,897.0522,50.0,False,NOMINAL,HEALTHY,10.64,16.01
DIG_LOT07_COMP1047,LOT_07,DIGITAL_IC,CQFP-64,DIG-SIH-2026,THERMAL_BURN_IN,T07_1047,PROC-ISRO-IISU-01,ATE-STATION-01,CHAMBER-01,1.0,125.0,5.0,168,IDDQ,ELECTRICAL,uA,1.5343,1176.6286,1176.7153,1176.8991,1175.0943,25.548,1.7965,11.748,-0.0011,-0.0158,35.82,35.59,1.5343,1176.6286,1176.7153,1176.8991,1175.0943,50.0,False,NOMINAL,HEALTHY,27.72,31.53
DIG_LOT07_COMP1048,LOT_07,DIGITAL_IC,CQFP-64,DIG-SIH-2026,THERMAL_BURN_IN,T07_1048,PROC-ISRO-IISU-01,ATE-STATION-01,CHAMBER-01,1.0,125.0,5.0,168,IDDQ,ELECTRICAL,uA,1.2952,974.817,974.8639,974.8576,973.5218,25.315,1.6634,11.378,0.0019,-0.0509,35.48,35.16,1.2952,974.817,974.8639,974.8576,973.5218,50.0,False,NOMINAL,HEALTHY,-39.36,41.13
DIG_LOT07_COMP1049,LOT_07,DIGITAL_IC,CQFP-64,DIG-SIH-2026,THERMAL_BURN_IN,T07_1049,PROC-ISRO-IISU-01,ATE-STATION-01,CHAMBER-01,1.0,125.0,5.0,168,IDDQ,ELECTRICAL,uA,1.1771,922.0133,922.1364,922.1122,920.8362,29.144,2.0159,13.244,-0.0085,0.0835,34.48,34.84,1.1771,922.0133,922.1364,922.1122,920.8362,50.0,False,NOMINAL,HEALTHY,20.21,3.99
DIG_LOT07_COMP1050,LOT_07,DIGITAL_IC,CQFP-64,DIG-SIH-2026,THERMAL_BURN_IN,T07_1050,PROC-ISRO-IISU-01,ATE-STATION-01,CHAMBER-01,1.0,125.0,5.0,168,IDDQ,ELECTRICAL,uA,1.1778,918.4034,918.4578,918.4973,917.2256,23.129,1.7857,12.543,-0.0094,-0.0414,33.74,33.36,1.1778,918.4034,918.4578,918.4973,917.2256,50.0,False,NOMINAL,HEALTHY,-22.19,-25.99
DIG_LOT07_COMP1051,LOT_07,DIGITAL_IC,CQFP-64,DIG-SIH-2026,THERMAL_BURN_IN,T07_1051,PROC-ISRO-IISU-01,ATE-STATION-01,CHAMBER-01,1.0,125.0,5.0,168,IDDQ,ELECTRICAL,uA,1.2475,957.6294,957.7181,957.7566,956.3819,27.193,2.3134,11.727,0.0051,0.0019,33.45,34.08,1.2475,957.6294,957.7181,957.7566,956.3819,50.0,False,NOMINAL,HEALTHY,37.18,34.34
DIG_LOT07_COMP1052,LOT_07,DIGITAL_IC,CQFP-64,DIG-SIH-2026,THERMAL_BURN_IN,T07_1052,PROC-ISRO-IISU-01,ATE-STATION-01,CHAMBER-01,1.0,125.0,5.0,168,IDDQ,ELECTRICAL,uA,1.6451,1263.1073,1263.1763,1263.2289,1261.4622,22.821,1.7193,12.222,0.0133,0.104,34.61,35.48,1.6451,1263.1073,1263.1763,1263.2289,1261.4622,50.0,False,NOMINAL,HEALTHY,35.36,-13.25
DIG_LOT07_COMP1053,LOT_07,DIGITAL_IC,CQFP-64,DIG-SIH-2026,THERMAL_BURN_IN,T07_1053,PROC-ISRO-IISU-01,ATE-STATION-01,CHAMBER-01,1.0,125.0,5.0,168,IDDQ,ELECTRICAL,uA,1.4456,1119.0337,1119.1375,1119.1688,1117.5881,25.611,2.2173,12.967,0.0033,0.0196,34.74,34.76,1.4456,1119.0337,1119.1375,1119.1688,1117.5881,50.0,False,NOMINAL,HEALTHY,34.38,-28.87
DIG_LOT07_COMP1054,LOT_07,DIGITAL_IC,CQFP-64,DIG-SIH-2026,THERMAL_BURN_IN,T07_1054,PROC-ISRO-IISU-01,ATE-STATION-01,CHAMBER-01,1.0,125.0,5.0,168,IDDQ,ELECTRICAL,uA,1.5169,1163.2657,1163.3497,1163.4427,1161.7488,24.333,2.0242,12.468,0.0054,-0.0482,34.79,34.82,1.5169,1163.2657,1163.3497,1163.4427,1161.7488,50.0,False,NOMINAL,HEALTHY,37.55,26.46
DIG_LOT07_COMP1055,LOT_07,DIGITAL_IC,CQFP-64,DIG-SIH-2026,THERMAL_BURN_IN,T07_1055,PROC-ISRO-IISU-01,ATE-STATION-01,CHAMBER-01,1.0,125.0,5.0,168,IDDQ,ELECTRICAL,uA,1.5606,1188.303,1188.446,1188.4905,1186.7424,24.184,1.875,12.509,0.0067,-0.0346,35.05,35.36,1.5606,1188.303,1188.446,1188.4905,1186.7424,50.0,False,NOMINAL,HEALTHY,1.87,-7.02
DIG_LOT07_COMP1056,LOT_07,DIGITAL_IC,CQFP-64,DIG-SIH-2026,THERMAL_BURN_IN,T07_1056,PROC-ISRO-IISU-01,ATE-STATION-01,CHAMBER-01,1.0,125.0,5.0,168,IDDQ,ELECTRICAL,uA,1.2469,957.2743,957.3383,957.3689,956.0274,25.555,1.5715,12.186,-0.0144,-0.0476,34.95,36.0,1.2469,957.2743,957.3383,957.3689,956.0274,50.0,False,NOMINAL,HEALTHY,-7.76,-17.41
DIG_LOT07_COMP1057,LOT_07,DIGITAL_IC,CQFP-64,DIG-SIH-2026,THERMAL_BURN_IN,T07_1057,PROC-ISRO-IISU-01,ATE-STATION-01,CHAMBER-01,1.0,125.0,5.0,168,IDDQ,ELECTRICAL,uA,1.1759,893.8973,893.9966,894.0229,892.7214,21.505,2.637,13.403,-0.0041,-0.004,35.65,35.42,1.1759,893.8973,893.9966,894.0229,892.7214,50.0,False,NOMINAL,HEALTHY,-9.67,-28.32
DIG_LOT07_COMP1058,LOT_07,DIGITAL_IC,CQFP-64,DIG-SIH-2026,THERMAL_BURN_IN,T07_1058,PROC-ISRO-IISU-01,ATE-STATION-01,CHAMBER-01,1.0,125.0,5.0,168,IDDQ,ELECTRICAL,uA,1.1062,853.5673,853.6768,853.6392,852.4611,24.904,1.7155,13.033,-0.0414,-0.0606,36.26,37.68,1.1062,853.5673,853.6768,853.6392,852.4611,50.0,False,NOMINAL,HEALTHY,-7.96,21.6
DIG_LOT07_COMP1059,LOT_07,DIGITAL_IC,CQFP-64,DIG-SIH-2026,THERMAL_BURN_IN,T07_1059,PROC-ISRO-IISU-01,ATE-STATION-01,CHAMBER-01,1.0,125.0,5.0,168,IDDQ,ELECTRICAL,uA,1.2558,963.2587,963.3429,963.4084,962.0029,25.937,1.7949,11.808,-0.0144,-0.022,34.48,34.72,1.2558,963.2587,963.3429,963.4084,962.0029,50.0,False,NOMINAL,HEALTHY,1.38,43.11
DIG_LOT07_COMP1060,LOT_07,DIGITAL_IC,CQFP-64,DIG-SIH-2026,THERMAL_BURN_IN,T07_1060,PROC-ISRO-IISU-01,ATE-STATION-01,CHAMBER-01,1.0,125.0,5.0,168,IDDQ,ELECTRICAL,uA,1.3616,1043.2664,1043.3053,1043.3462,1041.9048,27.297,1.8691,11.792,0.0033,0.0342,34.63,34.11,1.3616,1043.2664,1043.3053,1043.3462,1041.9048,50.0,False,NOMINAL,HEALTHY,16.72,-5.12
DIG_LOT07_COMP1061,LOT_07,DIGITAL_IC,CQFP-64,DIG-SIH-2026,THERMAL_BURN_IN,T07_1061,PROC-ISRO-IISU-01,ATE-STATION-01,CHAMBER-01,1.0,125.0,5.0,168,IDDQ,ELECTRICAL,uA,1.3029,1006.7462,1006.7553,1006.8033,1005.4433,24.283,2.1604,12.137,0.0099,-0.0221,35.78,35.17,1.3029,1006.7462,1006.7553,1006.8033,1005.4433,50.0,False,NOMINAL,HEALTHY,14.64,-18.53
DIG_LOT07_COMP1062,LOT_07,DIGITAL_IC,CQFP-64,DIG-SIH-2026,THERMAL_BURN_IN,T07_1062,PROC-ISRO-IISU-01,ATE-STATION-01,CHAMBER-01,1.0,125.0,5.0,168,IDDQ,ELECTRICAL,uA,1.3603,1057.1814,1057.2712,1057.2753,1055.8211,23.767,1.9951,12.278,-0.0168,-0.0055,35.35,34.67,1.3603,1057.1814,1057.2712,1057.2753,1055.8211,50.0,False,NOMINAL,HEALTHY,-32.33,18.26
DIG_LOT07_COMP1063,LOT_07,DIGITAL_IC,CQFP-64,DIG-SIH-2026,THERMAL_BURN_IN,T07_1063,PROC-ISRO-IISU-01,ATE-STATION-01,CHAMBER-01,1.0,125.0,5.0,168,IDDQ,ELECTRICAL,uA,1.2372,956.7786,956.8209,956.9112,955.5414,25.02,2.2974,15.148,0.014,-0.0333,36.02,36.39,1.2372,956.7786,956.8209,956.9112,955.5414,50.0,False,NOMINAL,HEALTHY,-13.42,13.06
DIG_LOT07_COMP1064,LOT_07,DIGITAL_IC,CQFP-64,DIG-SIH-2026,THERMAL_BURN_IN,T07_1064,PROC-ISRO-IISU-01,ATE-STATION-01,CHAMBER-01,1.0,125.0,5.0,168,IDDQ,ELECTRICAL,uA,1.0962,846.2457,846.34,846.3851,845.1495,22.8,2.0813,11.874,0.005,0.0012,35.07,35.28,1.0962,846.2457,846.34,846.3851,845.1495,50.0,False,NOMINAL,HEALTHY,47.8,-43.57
DIG_LOT07_COMP1065,LOT_07,DIGITAL_IC,CQFP-64,DIG-SIH-2026,THERMAL_BURN_IN,T07_1065,PROC-ISRO-IISU-01,ATE-STATION-01,CHAMBER-01,1.0,125.0,5.0,168,IDDQ,ELECTRICAL,uA,1.1424,871.3259,871.4202,871.4051,870.1835,25.365,2.1968,12.533,0.0022,-0.1127,35.3,35.02,1.1424,871.3259,871.4202,871.4051,870.1835,50.0,False,NOMINAL,HEALTHY,-33.43,8.29
DIG_LOT07_COMP1066,LOT_07,DIGITAL_IC,CQFP-64,DIG-SIH-2026,THERMAL_BURN_IN,T07_1066,PROC-ISRO-IISU-01,ATE-STATION-01,CHAMBER-01,1.0,125.0,5.0,168,IDDQ,ELECTRICAL,uA,1.2529,955.5231,955.5924,955.5972,954.2702,26.737,2.1645,12.018,0.0,0.0463,34.64,35.47,1.2529,955.5231,955.5924,955.5972,954.2702,50.0,False,NOMINAL,HEALTHY,-35.09,-2.14
DIG_LOT07_COMP1067,LOT_07,DIGITAL_IC,CQFP-64,DIG-SIH-2026,THERMAL_BURN_IN,T07_1067,PROC-ISRO-IISU-01,ATE-STATION-01,CHAMBER-01,1.0,125.0,5.0,168,IDDQ,ELECTRICAL,uA,1.555,1197.6505,1197.7808,1197.8151,1196.0955,22.846,1.9961,11.745,-0.0043,-0.0262,33.45,33.31,1.555,1197.6505,1197.7808,1197.8151,1196.0955,50.0,False,NOMINAL,HEALTHY,18.49,-14.85
DIG_LOT07_COMP1068,LOT_07,DIGITAL_IC,CQFP-64,DIG-SIH-2026,THERMAL_BURN_IN,T07_1068,PROC-ISRO-IISU-01,ATE-STATION-01,CHAMBER-01,1.0,125.0,5.0,168,IDDQ,ELECTRICAL,uA,1.297,1008.4974,1008.6068,1008.614,1007.2004,24.895,2.2526,12.457,0.016,0.0875,32.5,32.81,1.297,1008.4974,1008.6068,1008.614,1007.2004,50.0,False,NOMINAL,HEALTHY,-45.96,15.38
DIG_LOT07_COMP1069,LOT_07,DIGITAL_IC,CQFP-64,DIG-SIH-2026,THERMAL_BURN_IN,T07_1069,PROC-ISRO-IISU-01,ATE-STATION-01,CHAMBER-01,1.0,125.0,5.0,168,IDDQ,ELECTRICAL,uA,1.4513,1127.4865,1127.5591,1127.6377,1126.0352,24.309,1.2632,12.639,-0.0148,0.0215,36.04,36.66,1.4513,1127.4865,1127.5591,1127.6377,1126.0352,50.0,False,NOMINAL,HEALTHY,-31.58,-40.81
DIG_LOT07_COMP1070,LOT_07,DIGITAL_IC,CQFP-64,DIG-SIH-2026,THERMAL_BURN_IN,T07_1070,PROC-ISRO-IISU-01,ATE-STATION-01,CHAMBER-01,1.0,125.0,5.0,168,IDDQ,ELECTRICAL,uA,1.3536,1045.9886,1046.0893,1046.0987,1044.635,25.766,2.0595,12.526,0.0193,0.0752,34.6,34.47,1.3536,1045.9886,1046.0893,1046.0987,1044.635,50.0,False,NOMINAL,HEALTHY,-36.46,-26.51
DIG_LOT07_COMP1071,LOT_07,DIGITAL_IC,CQFP-64,DIG-SIH-2026,THERMAL_BURN_IN,T07_1071,PROC-ISRO-IISU-01,ATE-STATION-01,CHAMBER-01,1.0,125.0,5.0,168,IDDQ,ELECTRICAL,uA,1.3547,1022.4169,1022.5008,1022.5099,1021.0622,25.48,2.198,12.531,0.0006,0.0229,34.93,34.47,1.3547,1022.4169,1022.5008,1022.5099,1021.0622,50.0,False,NOMINAL,HEALTHY,-29.56,-18.38
DIG_LOT07_COMP1072,LOT_07,DIGITAL_IC,CQFP-64,DIG-SIH-2026,THERMAL_BURN_IN,T07_1072,PROC-ISRO-IISU-01,ATE-STATION-01,CHAMBER-01,1.0,125.0,5.0,168,IDDQ,ELECTRICAL,uA,1.2227,960.1488,968.6879,1118.5646,958.9261,27.17,2.4531,12.063,0.0075,-0.0451,33.1,32.37,1.2227,960.1488,968.6879,1118.5646,958.9261,50.0,True,THERMAL_RUNAWAY,HEALTHY,12.75,-31.83
DIG_LOT07_COMP1073,LOT_07,DIGITAL_IC,CQFP-64,DIG-SIH-2026,THERMAL_BURN_IN,T07_1073,PROC-ISRO-IISU-01,ATE-STATION-01,CHAMBER-01,1.0,125.0,5.0,168,IDDQ,ELECTRICAL,uA,1.1617,888.2334,888.2844,888.2938,887.0717,25.923,2.4237,12.887,0.0073,-0.0254,34.97,36.14,1.1617,888.2334,888.2844,888.2938,887.0717,50.0,False,NOMINAL,HEALTHY,-33.21,-33.19
DIG_LOT07_COMP1074,LOT_07,DIGITAL_IC,CQFP-64,DIG-SIH-2026,THERMAL_BURN_IN,T07_1074,PROC-ISRO-IISU-01,ATE-STATION-01,CHAMBER-01,1.0,125.0,5.0,168,IDDQ,ELECTRICAL,uA,1.3615,1054.1483,1054.2219,1054.2858,1052.7868,22.996,1.7355,13.089,-0.0207,0.0029,35.04,35.21,1.3615,1054.1483,1054.2219,1054.2858,1052.7868,50.0,False,NOMINAL,HEALTHY,49.32,36.79
DIG_LOT07_COMP1075,LOT_07,DIGITAL_IC,CQFP-64,DIG-SIH-2026,THERMAL_BURN_IN,T07_1075,PROC-ISRO-IISU-01,ATE-STATION-01,CHAMBER-01,1.0,125.0,5.0,168,IDDQ,ELECTRICAL,uA,1.4381,1092.0232,1092.1276,1092.1386,1090.5851,25.225,2.2255,13.568,0.0103,0.0341,33.49,32.76,1.4381,1092.0232,1092.1276,1092.1386,1090.5851,50.0,False,NOMINAL,HEALTHY,-10.41,39.73
DIG_LOT07_COMP1076,LOT_07,DIGITAL_IC,CQFP-64,DIG-SIH-2026,THERMAL_BURN_IN,T07_1076,PROC-ISRO-IISU-01,ATE-STATION-01,CHAMBER-01,1.0,125.0,5.0,168,IDDQ,ELECTRICAL,uA,1.4301,1108.9377,1109.0012,1109.0291,1107.5076,26.12,2.0591,13.141,0.0215,0.0349,34.96,34.94,1.4301,1108.9377,1109.0012,1109.0291,1107.5076,50.0,True,DIELECTRIC_OSCILLATION,HEALTHY,-37.94,-33.83
DIG_LOT07_COMP1077,LOT_07,DIGITAL_IC,CQFP-64,DIG-SIH-2026,THERMAL_BURN_IN,T07_1077,PROC-ISRO-IISU-01,ATE-STATION-01,CHAMBER-01,1.0,125.0,5.0,168,IDDQ,ELECTRICAL,uA,1.413,1077.8873,1077.9821,1078.072,1076.4743,23.761,2.2006,11.775,0.0291,0.0382,35.32,35.45,1.413,1077.8873,1077.9821,1078.072,1076.4743,50.0,False,NOMINAL,HEALTHY,25.9,-2.32
DIG_LOT07_COMP1078,LOT_07,DIGITAL_IC,CQFP-64,DIG-SIH-2026,THERMAL_BURN_IN,T07_1078,PROC-ISRO-IISU-01,ATE-STATION-01,CHAMBER-01,1.0,125.0,5.0,168,IDDQ,ELECTRICAL,uA,1.667,1308.1246,1308.1745,1308.2587,1306.4576,27.313,1.8627,12.481,-0.0114,-0.0134,35.77,35.47,1.667,1308.1246,1308.1745,1308.2587,1306.4576,50.0,False,NOMINAL,HEALTHY,28.2,9.65
DIG_LOT07_COMP1079,LOT_07,DIGITAL_IC,CQFP-64,DIG-SIH-2026,THERMAL_BURN_IN,T07_1079,PROC-ISRO-IISU-01,ATE-STATION-01,CHAMBER-01,1.0,125.0,5.0,168,IDDQ,ELECTRICAL,uA,1.2691,975.6261,975.6623,975.7272,974.357,21.979,1.8559,13.498,-0.0102,-0.0024,35.54,34.29,1.2691,975.6261,975.6623,975.7272,974.357,50.0,False,NOMINAL,HEALTHY,13.19,1.04
DIG_LOT07_COMP1080,LOT_07,DIGITAL_IC,CQFP-64,DIG-SIH-2026,THERMAL_BURN_IN,T07_1080,PROC-ISRO-IISU-01,ATE-STATION-01,CHAMBER-01,1.0,125.0,5.0,168,IDDQ,ELECTRICAL,uA,1.2176,933.5492,933.6101,933.6426,932.3316,24.816,2.1894,12.457,-0.0229,-0.0201,36.19,36.32,1.2176,933.5492,933.6101,933.6426,932.3316,50.0,False,NOMINAL,HEALTHY,-41.76,40.26
DIG_LOT07_COMP1081,LOT_07,DIGITAL_IC,CQFP-64,DIG-SIH-2026,THERMAL_BURN_IN,T07_1081,PROC-ISRO-IISU-01,ATE-STATION-01,CHAMBER-01,1.0,125.0,5.0,168,IDDQ,ELECTRICAL,uA,1.4027,1086.1458,1086.2698,1086.3309,1084.7431,26.284,1.7803,12.531,-0.014,-0.1068,35.87,35.23,1.4027,1086.1458,1086.2698,1086.3309,1084.7431,50.0,False,NOMINAL,HEALTHY,24.01,-6.65
DIG_LOT07_COMP1082,LOT_07,DIGITAL_IC,CQFP-64,DIG-SIH-2026,THERMAL_BURN_IN,T07_1082,PROC-ISRO-IISU-01,ATE-STATION-01,CHAMBER-01,1.0,125.0,5.0,168,IDDQ,ELECTRICAL,uA,1.1736,891.5651,891.6495,891.6928,890.3915,22.927,1.6472,11.914,-0.0222,-0.0704,34.89,35.74,1.1736,891.5651,891.6495,891.6928,890.3915,50.0,False,NOMINAL,HEALTHY,-45.9,-40.28
DIG_LOT07_COMP1083,LOT_07,DIGITAL_IC,CQFP-64,DIG-SIH-2026,THERMAL_BURN_IN,T07_1083,PROC-ISRO-IISU-01,ATE-STATION-01,CHAMBER-01,1.0,125.0,5.0,168,IDDQ,ELECTRICAL,uA,1.3207,1014.7758,1014.8785,1014.9071,1013.4551,29.006,1.8626,11.533,-0.0193,0.0108,35.41,35.88,1.3207,1014.7758,1014.8785,1014.9071,1013.4551,50.0,False,NOMINAL,HEALTHY,-36.82,-4.39
DIG_LOT07_COMP1084,LOT_07,DIGITAL_IC,CQFP-64,DIG-SIH-2026,THERMAL_BURN_IN,T07_1084,PROC-ISRO-IISU-01,ATE-STATION-01,CHAMBER-01,1.0,125.0,5.0,168,IDDQ,ELECTRICAL,uA,1.2903,997.1904,997.2929,997.2977,995.9001,24.954,2.0003,13.562,0.0185,0.017,34.24,34.27,1.2903,997.1904,997.2929,997.2977,995.9001,50.0,False,NOMINAL,HEALTHY,45.38,-25.27
DIG_LOT07_COMP1085,LOT_07,DIGITAL_IC,CQFP-64,DIG-SIH-2026,THERMAL_BURN_IN,T07_1085,PROC-ISRO-IISU-01,ATE-STATION-01,CHAMBER-01,1.0,125.0,5.0,168,IDDQ,ELECTRICAL,uA,1.2712,955.2111,955.3159,955.3043,953.9399,24.659,2.0805,11.967,0.0176,0.0932,35.81,35.08,1.2712,955.2111,955.3159,955.3043,953.9399,50.0,False,NOMINAL,HEALTHY,-43.49,16.77
DIG_LOT07_COMP1086,LOT_07,DIGITAL_IC,CQFP-64,DIG-SIH-2026,THERMAL_BURN_IN,T07_1086,PROC-ISRO-IISU-01,ATE-STATION-01,CHAMBER-01,1.0,125.0,5.0,168,IDDQ,ELECTRICAL,uA,1.3449,1021.5236,1021.5581,1021.646,1020.1787,24.061,2.242,11.7,-0.0039,-0.0783,34.92,34.83,1.3449,1021.5236,1021.5581,1021.646,1020.1787,50.0,False,NOMINAL,HEALTHY,10.27,7.52
DIG_LOT07_COMP1087,LOT_07,DIGITAL_IC,CQFP-64,DIG-SIH-2026,THERMAL_BURN_IN,T07_1087,PROC-ISRO-IISU-01,ATE-STATION-01,CHAMBER-01,1.0,125.0,5.0,168,IDDQ,ELECTRICAL,uA,1.1025,869.73,869.8028,869.8453,868.6275,23.978,1.6509,12.352,-0.0127,-0.0266,35.43,35.49,1.1025,869.73,869.8028,869.8453,868.6275,50.0,False,NOMINAL,HEALTHY,-36.81,23.91
DIG_LOT07_COMP1088,LOT_07,DIGITAL_IC,CQFP-64,DIG-SIH-2026,THERMAL_BURN_IN,T07_1088,PROC-ISRO-IISU-01,ATE-STATION-01,CHAMBER-01,1.0,125.0,5.0,168,IDDQ,ELECTRICAL,uA,1.0369,787.4032,787.462,787.5186,786.3663,25.509,2.0721,13.433,0.0206,0.1053,34.8,34.64,1.0369,787.4032,787.462,787.5186,786.3663,50.0,False,NOMINAL,HEALTHY,-33.58,35.52
DIG_LOT07_COMP1089,LOT_07,DIGITAL_IC,CQFP-64,DIG-SIH-2026,THERMAL_BURN_IN,T07_1089,PROC-ISRO-IISU-01,ATE-STATION-01,CHAMBER-01,1.0,125.0,5.0,168,IDDQ,ELECTRICAL,uA,1.2563,975.172,975.2502,975.2969,973.9157,23.77,1.9091,12.814,0.0178,0.0559,35.62,36.1,1.2563,975.172,975.2502,975.2969,973.9157,50.0,False,NOMINAL,HEALTHY,-47.64,-24.15
DIG_LOT07_COMP1090,LOT_07,DIGITAL_IC,CQFP-64,DIG-SIH-2026,THERMAL_BURN_IN,T07_1090,PROC-ISRO-IISU-01,ATE-STATION-01,CHAMBER-01,1.0,125.0,5.0,168,IDDQ,ELECTRICAL,uA,1.093,855.6244,855.688,855.7545,854.5314,25.738,1.5354,13.103,0.0033,-0.0676,35.13,35.49,1.093,855.6244,855.688,855.7545,854.5314,50.0,False,NOMINAL,HEALTHY,-1.99,-44.67
DIG_LOT07_COMP1091,LOT_07,DIGITAL_IC,CQFP-64,DIG-SIH-2026,THERMAL_BURN_IN,T07_1091,PROC-ISRO-IISU-01,ATE-STATION-01,CHAMBER-01,1.0,125.0,5.0,168,IDDQ,ELECTRICAL,uA,1.2895,988.5531,988.6295,988.6335,987.2636,27.165,2.3859,12.716,-0.0306,0.0156,35.12,34.52,1.2895,988.5531,988.6295,988.6335,987.2636,50.0,False,NOMINAL,HEALTHY,7.45,49.39
DIG_LOT07_COMP1092,LOT_07,DIGITAL_IC,CQFP-64,DIG-SIH-2026,THERMAL_BURN_IN,T07_1092,PROC-ISRO-IISU-01,ATE-STATION-01,CHAMBER-01,1.0,125.0,5.0,168,IDDQ,ELECTRICAL,uA,1.2502,980.3574,980.4281,980.4237,979.1072,27.614,2.0165,12.194,-0.0178,-0.0607,36.39,35.57,1.2502,980.3574,980.4281,980.4237,979.1072,50.0,False,NOMINAL,HEALTHY,-1.78,43.69
DIG_LOT07_COMP1093,LOT_07,DIGITAL_IC,CQFP-64,DIG-SIH-2026,THERMAL_BURN_IN,T07_1093,PROC-ISRO-IISU-01,ATE-STATION-01,CHAMBER-01,1.0,125.0,5.0,168,IDDQ,ELECTRICAL,uA,1.3399,1028.7136,1028.8491,1028.907,1027.3737,24.098,1.8196,12.746,0.0109,0.024,35.41,35.34,1.3399,1028.7136,1028.8491,1028.907,1027.3737,50.0,False,NOMINAL,HEALTHY,8.12,-26.09
DIG_LOT07_COMP1094,LOT_07,DIGITAL_IC,CQFP-64,DIG-SIH-2026,THERMAL_BURN_IN,T07_1094,PROC-ISRO-IISU-01,ATE-STATION-01,CHAMBER-01,1.0,125.0,5.0,168,IDDQ,ELECTRICAL,uA,1.2286,960.462,960.5345,960.6157,959.2334,23.432,2.0256,12.764,0.0212,0.0038,37.09,37.29,1.2286,960.462,960.5345,960.6157,959.2334,50.0,False,NOMINAL,HEALTHY,47.23,-30.43
DIG_LOT07_COMP1095,LOT_07,DIGITAL_IC,CQFP-64,DIG-SIH-2026,THERMAL_BURN_IN,T07_1095,PROC-ISRO-IISU-01,ATE-STATION-01,CHAMBER-01,1.0,125.0,5.0,168,IDDQ,ELECTRICAL,uA,1.3538,1042.8137,1042.8743,1042.9566,1041.4599,25.872,1.8568,12.525,0.0006,0.0355,33.67,33.52,1.3538,1042.8137,1042.8743,1042.9566,1041.4599,50.0,False,NOMINAL,HEALTHY,32.89,10.79
DIG_LOT07_COMP1096,LOT_07,DIGITAL_IC,CQFP-64,DIG-SIH-2026,THERMAL_BURN_IN,T07_1096,PROC-ISRO-IISU-01,ATE-STATION-01,CHAMBER-01,1.0,125.0,5.0,168,IDDQ,ELECTRICAL,uA,1.3543,1080.1716,1080.2626,1080.2684,1078.8173,24.4,1.9795,13.644,-0.0056,-0.0541,36.56,35.84,1.3543,1080.1716,1080.2626,1080.2684,1078.8173,50.0,False,NOMINAL,HEALTHY,31.95,45.84
DIG_LOT07_COMP1097,LOT_07,DIGITAL_IC,CQFP-64,DIG-SIH-2026,THERMAL_BURN_IN,T07_1097,PROC-ISRO-IISU-01,ATE-STATION-01,CHAMBER-01,1.0,125.0,5.0,168,IDDQ,ELECTRICAL,uA,1.4851,1121.2037,1121.2963,1121.3303,1119.7186,25.772,1.9469,12.699,-0.002,0.1329,34.79,35.15,1.4851,1121.2037,1121.2963,1121.3303,1119.7186,50.0,False,NOMINAL,HEALTHY,-19.35,-7.73
DIG_LOT07_COMP1098,LOT_07,DIGITAL_IC,CQFP-64,DIG-SIH-2026,THERMAL_BURN_IN,T07_1098,PROC-ISRO-IISU-01,ATE-STATION-01,CHAMBER-01,1.0,125.0,5.0,168,IDDQ,ELECTRICAL,uA,1.3826,1063.0849,1063.1331,1063.2647,1061.7023,22.857,2.2068,12.667,0.0037,0.1139,33.95,33.28,1.3826,1063.0849,1063.1331,1063.2647,1061.7023,50.0,False,NOMINAL,HEALTHY,7.42,-7.65
DIG_LOT07_COMP1099,LOT_07,DIGITAL_IC,CQFP-64,DIG-SIH-2026,THERMAL_BURN_IN,T07_1099,PROC-ISRO-IISU-01,ATE-STATION-01,CHAMBER-01,1.0,125.0,5.0,168,IDDQ,ELECTRICAL,uA,1.1442,865.4273,865.5441,865.5533,864.2831,24.371,2.2581,13.152,0.005,0.0322,33.68,34.02,1.1442,865.4273,865.5441,865.5533,864.2831,50.0,False,NOMINAL,HEALTHY,32.91,26.82
DIG_LOT07_COMP1100,LOT_07,DIGITAL_IC,CQFP-64,DIG-SIH-2026,THERMAL_BURN_IN,T07_1100,PROC-ISRO-IISU-01,ATE-STATION-01,CHAMBER-01,1.0,125.0,5.0,168,IDDQ,ELECTRICAL,uA,1.2683,959.5083,959.6204,959.6432,958.24,27.56,1.8295,12.498,0.0297,-0.0201,35.77,36.11,1.2683,959.5083,959.6204,959.6432,958.24,50.0,False,NOMINAL,HEALTHY,34.05,30.51
DIG_LOT07_COMP1101,LOT_07,DIGITAL_IC,CQFP-64,DIG-SIH-2026,THERMAL_BURN_IN,T07_1101,PROC-ISRO-IISU-01,ATE-STATION-01,CHAMBER-01,1.0,125.0,5.0,168,IDDQ,ELECTRICAL,uA,1.4726,1131.2275,1131.3249,1131.3938,1129.7549,24.066,1.8776,11.514,0.0087,-0.0501,35.43,35.29,1.4726,1131.2275,1131.3249,1131.3938,1129.7549,50.0,False,NOMINAL,HEALTHY,1.75,2.78
DIG_LOT07_COMP1102,LOT_07,DIGITAL_IC,CQFP-64,DIG-SIH-2026,THERMAL_BURN_IN,T07_1102,PROC-ISRO-IISU-01,ATE-STATION-01,CHAMBER-01,1.0,125.0,5.0,168,IDDQ,ELECTRICAL,uA,1.3255,1042.2381,1042.3397,1042.3613,1040.9126,28.744,2.159,12.054,0.0211,-0.0185,36.67,37.01,1.3255,1042.2381,1042.3397,1042.3613,1040.9126,50.0,False,NOMINAL,HEALTHY,-31.27,22.4
DIG_LOT07_COMP1103,LOT_07,DIGITAL_IC,CQFP-64,DIG-SIH-2026,THERMAL_BURN_IN,T07_1103,PROC-ISRO-IISU-01,ATE-STATION-01,CHAMBER-01,1.0,125.0,5.0,168,IDDQ,ELECTRICAL,uA,1.3127,1008.2307,1008.3424,1008.4181,1006.918,25.738,1.3933,11.471,0.008,0.0256,34.67,34.56,1.3127,1008.2307,1008.3424,1008.4181,1006.918,50.0,False,NOMINAL,HEALTHY,-48.37,-31.67
DIG_LOT07_COMP1104,LOT_07,DIGITAL_IC,CQFP-64,DIG-SIH-2026,THERMAL_BURN_IN,T07_1104,PROC-ISRO-IISU-01,ATE-STATION-01,CHAMBER-01,1.0,125.0,5.0,168,IDDQ,ELECTRICAL,uA,1.5645,1196.9709,1197.1234,1197.1272,1195.4064,24.092,1.7879,12.766,0.0213,0.0943,35.08,34.6,1.5645,1196.9709,1197.1234,1197.1272,1195.4064,50.0,False,NOMINAL,HEALTHY,-11.47,2.2
DIG_LOT07_COMP1105,LOT_07,DIGITAL_IC,CQFP-64,DIG-SIH-2026,THERMAL_BURN_IN,T07_1105,PROC-ISRO-IISU-01,ATE-STATION-01,CHAMBER-01,1.0,125.0,5.0,168,IDDQ,ELECTRICAL,uA,1.2278,958.3249,958.3981,958.4537,957.0971,21.452,1.7957,12.768,0.0044,0.0463,37.22,37.83,1.2278,958.3249,958.3981,958.4537,957.0971,50.0,False,NOMINAL,HEALTHY,41.32,-42.93
DIG_LOT07_COMP1106,LOT_07,DIGITAL_IC,CQFP-64,DIG-SIH-2026,THERMAL_BURN_IN,T07_1106,PROC-ISRO-IISU-01,ATE-STATION-01,CHAMBER-01,1.0,125.0,5.0,168,IDDQ,ELECTRICAL,uA,1.135,877.4554,877.5213,877.5208,876.3204,22.844,1.7728,13.376,0.0532,0.0458,36.73,36.45,1.135,877.4554,877.5213,877.5208,876.3204,50.0,False,NOMINAL,HEALTHY,34.13,-24.61
DIG_LOT07_COMP1107,LOT_07,DIGITAL_IC,CQFP-64,DIG-SIH-2026,THERMAL_BURN_IN,T07_1107,PROC-ISRO-IISU-01,ATE-STATION-01,CHAMBER-01,1.0,125.0,5.0,168,IDDQ,ELECTRICAL,uA,1.4185,1104.7761,1104.855,1104.8796,1103.3576,27.492,2.3836,11.951,-0.0012,0.0541,34.84,34.53,1.4185,1104.7761,1104.855,1104.8796,1103.3576,50.0,False,NOMINAL,HEALTHY,-24.32,-23.29
DIG_LOT07_COMP1108,LOT_07,DIGITAL_IC,CQFP-64,DIG-SIH-2026,THERMAL_BURN_IN,T07_1108,PROC-ISRO-IISU-01,ATE-STATION-01,CHAMBER-01,1.0,125.0,5.0,168,IDDQ,ELECTRICAL,uA,1.1871,902.3505,902.4372,902.4459,901.1634,25.177,1.7083,13.252,-0.0038,-0.0675,37.22,37.59,1.1871,902.3505,902.4372,902.4459,901.1634,50.0,False,NOMINAL,HEALTHY,-48.78,34.98
DIG_LOT07_COMP1109,LOT_07,DIGITAL_IC,CQFP-64,DIG-SIH-2026,THERMAL_BURN_IN,T07_1109,PROC-ISRO-IISU-01,ATE-STATION-01,CHAMBER-01,1.0,125.0,5.0,168,IDDQ,ELECTRICAL,uA,1.5182,1154.1667,1154.2815,1154.3549,1152.6485,23.528,1.9403,12.339,0.0098,0.0453,34.7,34.36,1.5182,1154.1667,1154.2815,1154.3549,1152.6485,50.0,False,NOMINAL,HEALTHY,-31.1,-48.61
DIG_LOT07_COMP1110,LOT_07,DIGITAL_IC,CQFP-64,DIG-SIH-2026,THERMAL_BURN_IN,T07_1110,PROC-ISRO-IISU-01,ATE-STATION-01,CHAMBER-01,1.0,125.0,5.0,168,IDDQ,ELECTRICAL,uA,1.098,859.3752,859.4455,859.5453,858.2772,24.64,1.8227,12.873,0.0099,0.0435,35.42,35.35,1.098,859.3752,859.4455,859.5453,858.2772,50.0,False,NOMINAL,HEALTHY,-6.69,33.1
DIG_LOT07_COMP1111,LOT_07,DIGITAL_IC,CQFP-64,DIG-SIH-2026,THERMAL_BURN_IN,T07_1111,PROC-ISRO-IISU-01,ATE-STATION-01,CHAMBER-01,1.0,125.0,5.0,168,IDDQ,ELECTRICAL,uA,1.4559,1120.3092,1120.3683,1120.4232,1118.8533,24.856,2.4563,10.96,0.0222,0.0242,35.07,34.59,1.4559,1120.3092,1120.3683,1120.4232,1118.8533,50.0,False,NOMINAL,HEALTHY,43.65,-4.88
DIG_LOT07_COMP1112,LOT_07,DIGITAL_IC,CQFP-64,DIG-SIH-2026,THERMAL_BURN_IN,T07_1112,PROC-ISRO-IISU-01,ATE-STATION-01,CHAMBER-01,1.0,125.0,5.0,168,IDDQ,ELECTRICAL,uA,1.0509,795.7473,795.7931,795.8374,794.6964,23.256,2.5262,13.36,0.0157,-0.0003,32.77,32.75,1.0509,795.7473,795.7931,795.8374,794.6964,50.0,False,NOMINAL,HEALTHY,4.42,31.78
DIG_LOT07_COMP1113,LOT_07,DIGITAL_IC,CQFP-64,DIG-SIH-2026,THERMAL_BURN_IN,T07_1113,PROC-ISRO-IISU-01,ATE-STATION-01,CHAMBER-01,1.0,125.0,5.0,168,IDDQ,ELECTRICAL,uA,1.3623,1049.7413,1049.7732,1049.8611,1048.379,24.797,2.1491,11.973,-0.0302,-0.1049,35.18,35.4,1.3623,1049.7413,1049.7732,1049.8611,1048.379,50.0,False,NOMINAL,HEALTHY,-48.29,32.67
DIG_LOT07_COMP1114,LOT_07,DIGITAL_IC,CQFP-64,DIG-SIH-2026,THERMAL_BURN_IN,T07_1114,PROC-ISRO-IISU-01,ATE-STATION-01,CHAMBER-01,1.0,125.0,5.0,168,IDDQ,ELECTRICAL,uA,1.4435,1121.6619,1121.7414,1121.767,1120.2184,24.796,2.2723,12.718,-0.0598,0.0207,36.2,36.49,1.4435,1121.6619,1121.7414,1121.767,1120.2184,50.0,False,NOMINAL,HEALTHY,39.24,-42.87
DIG_LOT07_COMP1115,LOT_07,DIGITAL_IC,CQFP-64,DIG-SIH-2026,THERMAL_BURN_IN,T07_1115,PROC-ISRO-IISU-01,ATE-STATION-01,CHAMBER-01,1.0,125.0,5.0,168,IDDQ,ELECTRICAL,uA,1.4923,1166.305,1166.4554,1166.4936,1164.8127,24.575,1.9677,11.668,-0.0112,-0.0141,35.77,35.26,1.4923,1166.305,1166.4554,1166.4936,1164.8127,50.0,False,NOMINAL,HEALTHY,-28.75,22.51
DIG_LOT07_COMP1116,LOT_07,DIGITAL_IC,CQFP-64,DIG-SIH-2026,THERMAL_BURN_IN,T07_1116,PROC-ISRO-IISU-01,ATE-STATION-01,CHAMBER-01,1.0,125.0,5.0,168,IDDQ,ELECTRICAL,uA,1.1876,929.0238,929.0384,929.0376,927.8362,26.154,1.7935,12.864,-0.0309,0.0742,35.24,35.46,1.1876,929.0238,929.0384,929.0376,927.8362,50.0,False,NOMINAL,HEALTHY,-3.97,44.34
DIG_LOT07_COMP1117,LOT_07,DIGITAL_IC,CQFP-64,DIG-SIH-2026,THERMAL_BURN_IN,T07_1117,PROC-ISRO-IISU-01,ATE-STATION-01,CHAMBER-01,1.0,125.0,5.0,168,IDDQ,ELECTRICAL,uA,1.116,851.0177,851.0723,851.1342,849.9017,25.145,2.1504,12.853,0.0059,-0.0522,34.93,34.95,1.116,851.0177,851.0723,851.1342,849.9017,50.0,False,NOMINAL,HEALTHY,-39.05,-26.21
DIG_LOT07_COMP1118,LOT_07,DIGITAL_IC,CQFP-64,DIG-SIH-2026,THERMAL_BURN_IN,T07_1118,PROC-ISRO-IISU-01,ATE-STATION-01,CHAMBER-01,1.0,125.0,5.0,168,IDDQ,ELECTRICAL,uA,1.1924,918.2382,918.3246,918.3767,917.0458,24.074,2.0377,12.646,-0.0071,-0.0299,35.01,34.41,1.1924,918.2382,918.3246,918.3767,917.0458,50.0,False,NOMINAL,HEALTHY,-48.89,-41.51
DIG_LOT07_COMP1119,LOT_07,DIGITAL_IC,CQFP-64,DIG-SIH-2026,THERMAL_BURN_IN,T07_1119,PROC-ISRO-IISU-01,ATE-STATION-01,CHAMBER-01,1.0,125.0,5.0,168,IDDQ,ELECTRICAL,uA,1.0749,831.7927,831.8192,831.8671,830.7178,26.139,2.5045,12.597,0.0014,0.0506,35.29,34.75,1.0749,831.7927,831.8192,831.8671,830.7178,50.0,False,NOMINAL,HEALTHY,-44.17,39.31
DIG_LOT07_COMP1120,LOT_07,DIGITAL_IC,CQFP-64,DIG-SIH-2026,THERMAL_BURN_IN,T07_1120,PROC-ISRO-IISU-01,ATE-STATION-01,CHAMBER-01,1.0,125.0,5.0,168,IDDQ,ELECTRICAL,uA,1.6164,1235.1557,1235.219,1235.301,1233.5393,25.122,1.6945,10.011,0.003,-0.0423,35.26,34.28,1.6164,1235.1557,1235.219,1235.301,1233.5393,50.0,False,NOMINAL,HEALTHY,-9.09,15.63
DIG_LOT07_COMP1121,LOT_07,DIGITAL_IC,CQFP-64,DIG-SIH-2026,THERMAL_BURN_IN,T07_1121,PROC-ISRO-IISU-01,ATE-STATION-01,CHAMBER-01,1.0,125.0,5.0,168,IDDQ,ELECTRICAL,uA,1.3978,1066.4881,1066.5862,1066.6036,1065.0903,27.041,1.815,12.096,-0.0283,-0.022,36.03,36.18,1.3978,1066.4881,1066.5862,1066.6036,1065.0903,50.0,False,NOMINAL,HEALTHY,40.82,24.76
DIG_LOT07_COMP1122,LOT_07,DIGITAL_IC,CQFP-64,DIG-SIH-2026,THERMAL_BURN_IN,T07_1122,PROC-ISRO-IISU-01,ATE-STATION-01,CHAMBER-01,1.0,125.0,5.0,168,IDDQ,ELECTRICAL,uA,1.3258,1033.3412,1033.3888,1033.4586,1032.0154,25.885,1.4794,13.396,-0.0062,-0.0453,35.69,35.88,1.3258,1033.3412,1033.3888,1033.4586,1032.0154,50.0,False,NOMINAL,HEALTHY,-41.18,-44.73
DIG_LOT07_COMP1123,LOT_07,DIGITAL_IC,CQFP-64,DIG-SIH-2026,THERMAL_BURN_IN,T07_1123,PROC-ISRO-IISU-01,ATE-STATION-01,CHAMBER-01,1.0,125.0,5.0,168,IDDQ,ELECTRICAL,uA,1.0303,808.0183,808.0924,808.107,806.988,25.399,2.6448,13.155,0.0324,0.0884,35.66,35.41,1.0303,808.0183,808.0924,808.107,806.988,50.0,False,NOMINAL,HEALTHY,1.36,-36.35
DIG_LOT07_COMP1124,LOT_07,DIGITAL_IC,CQFP-64,DIG-SIH-2026,THERMAL_BURN_IN,T07_1124,PROC-ISRO-IISU-01,ATE-STATION-01,CHAMBER-01,1.0,125.0,5.0,168,IDDQ,ELECTRICAL,uA,1.4147,1076.022,1076.117,1076.144,1074.6073,26.982,2.5137,11.495,-0.0056,0.0021,35.35,34.9,1.4147,1076.022,1076.117,1076.144,1074.6073,50.0,False,NOMINAL,HEALTHY,-14.41,12.8
DIG_LOT07_COMP1125,LOT_07,DIGITAL_IC,CQFP-64,DIG-SIH-2026,THERMAL_BURN_IN,T07_1125,PROC-ISRO-IISU-01,ATE-STATION-01,CHAMBER-01,1.0,125.0,5.0,168,IDDQ,ELECTRICAL,uA,1.099,863.4747,863.5044,863.587,862.3757,24.947,1.9764,12.458,0.0149,-0.0136,35.12,35.04,1.099,863.4747,863.5044,863.587,862.3757,50.0,False,NOMINAL,HEALTHY,-30.18,-31.96
DIG_LOT07_COMP1126,LOT_07,DIGITAL_IC,CQFP-64,DIG-SIH-2026,THERMAL_BURN_IN,T07_1126,PROC-ISRO-IISU-01,ATE-STATION-01,CHAMBER-01,1.0,125.0,5.0,168,IDDQ,ELECTRICAL,uA,1.3201,1005.5547,1005.6834,1005.6229,1004.2346,24.701,2.2276,12.234,-0.0122,-0.0443,34.36,34.37,1.3201,1005.5547,1005.6834,1005.6229,1004.2346,50.0,False,NOMINAL,HEALTHY,-21.18,-44.43
DIG_LOT07_COMP1127,LOT_07,DIGITAL_IC,CQFP-64,DIG-SIH-2026,THERMAL_BURN_IN,T07_1127,PROC-ISRO-IISU-01,ATE-STATION-01,CHAMBER-01,1.0,125.0,5.0,168,IDDQ,ELECTRICAL,uA,1.3509,1050.9604,1051.0111,1051.0964,1049.6095,25.818,1.8787,12.8,-0.0198,-0.0122,34.28,34.69,1.3509,1050.9604,1051.0111,1051.0964,1049.6095,50.0,False,NOMINAL,HEALTHY,-28.66,-31.58
DIG_LOT07_COMP1128,LOT_07,DIGITAL_IC,CQFP-64,DIG-SIH-2026,THERMAL_BURN_IN,T07_1128,PROC-ISRO-IISU-01,ATE-STATION-01,CHAMBER-01,1.0,125.0,5.0,168,IDDQ,ELECTRICAL,uA,1.5114,1156.1481,1156.198,1156.2605,1154.6367,26.283,1.8449,11.89,0.024,0.0499,35.02,35.78,1.5114,1156.1481,1156.198,1156.2605,1154.6367,50.0,False,NOMINAL,HEALTHY,19.42,-16.34
DIG_LOT07_COMP1129,LOT_07,DIGITAL_IC,CQFP-64,DIG-SIH-2026,THERMAL_BURN_IN,T07_1129,PROC-ISRO-IISU-01,ATE-STATION-01,CHAMBER-01,1.0,125.0,5.0,168,IDDQ,ELECTRICAL,uA,1.1163,863.718,863.7935,863.8496,862.6017,24.821,2.3294,12.303,-0.0292,-0.0019,34.68,34.79,1.1163,863.718,863.7935,863.8496,862.6017,50.0,False,NOMINAL,HEALTHY,-40.02,-44.31
DIG_LOT07_COMP1130,LOT_07,DIGITAL_IC,CQFP-64,DIG-SIH-2026,THERMAL_BURN_IN,T07_1130,PROC-ISRO-IISU-01,ATE-STATION-01,CHAMBER-01,1.0,125.0,5.0,168,IDDQ,ELECTRICAL,uA,1.5675,1204.0257,1204.1236,1204.1899,1202.4582,23.85,1.8455,13.233,0.0264,0.0502,34.72,34.79,1.5675,1204.0257,1204.1236,1204.1899,1202.4582,50.0,False,NOMINAL,HEALTHY,11.36,21.43
DIG_LOT07_COMP1131,LOT_07,DIGITAL_IC,CQFP-64,DIG-SIH-2026,THERMAL_BURN_IN,T07_1131,PROC-ISRO-IISU-01,ATE-STATION-01,CHAMBER-01,1.0,125.0,5.0,168,IDDQ,ELECTRICAL,uA,1.2589,976.0707,976.179,976.2592,974.8118,24.836,1.9624,12.188,0.0046,-0.0041,35.83,36.22,1.2589,976.0707,976.179,976.2592,974.8118,50.0,False,NOMINAL,HEALTHY,-43.38,19.39
DIG_LOT07_COMP1132,LOT_07,DIGITAL_IC,CQFP-64,DIG-SIH-2026,THERMAL_BURN_IN,T07_1132,PROC-ISRO-IISU-01,ATE-STATION-01,CHAMBER-01,1.0,125.0,5.0,168,IDDQ,ELECTRICAL,uA,1.2179,962.3757,962.4429,962.5138,961.1578,25.634,2.2055,11.733,-0.0011,0.0215,33.98,33.64,1.2179,962.3757,962.4429,962.5138,961.1578,50.0,False,NOMINAL,HEALTHY,-23.13,1.88
DIG_LOT07_COMP1133,LOT_07,DIGITAL_IC,CQFP-64,DIG-SIH-2026,THERMAL_BURN_IN,T07_1133,PROC-ISRO-IISU-01,ATE-STATION-01,CHAMBER-01,1.0,125.0,5.0,168,IDDQ,ELECTRICAL,uA,1.4101,1097.4795,1097.5008,1097.5818,1096.0694,24.881,2.3591,12.873,0.0048,-0.0829,35.35,35.56,1.4101,1097.4795,1097.5008,1097.5818,1096.0694,50.0,False,NOMINAL,HEALTHY,-22.76,-6.1
DIG_LOT07_COMP1134,LOT_07,DIGITAL_IC,CQFP-64,DIG-SIH-2026,THERMAL_BURN_IN,T07_1134,PROC-ISRO-IISU-01,ATE-STATION-01,CHAMBER-01,1.0,125.0,5.0,168,IDDQ,ELECTRICAL,uA,1.5916,1224.9094,1225.0235,1225.0155,1223.3178,26.539,2.3083,12.175,0.0217,0.0573,34.92,35.34,1.5916,1224.9094,1225.0235,1225.0155,1223.3178,50.0,False,NOMINAL,HEALTHY,-10.25,-9.0
DIG_LOT07_COMP1135,LOT_07,DIGITAL_IC,CQFP-64,DIG-SIH-2026,THERMAL_BURN_IN,T07_1135,PROC-ISRO-IISU-01,ATE-STATION-01,CHAMBER-01,1.0,125.0,5.0,168,IDDQ,ELECTRICAL,uA,1.4569,1115.8817,1115.9922,1116.0214,1114.4248,22.577,1.7467,13.671,-0.0117,-0.0333,34.57,34.84,1.4569,1115.8817,1115.9922,1116.0214,1114.4248,50.0,False,NOMINAL,HEALTHY,-40.91,36.99
DIG_LOT07_COMP1136,LOT_07,DIGITAL_IC,CQFP-64,DIG-SIH-2026,THERMAL_BURN_IN,T07_1136,PROC-ISRO-IISU-01,ATE-STATION-01,CHAMBER-01,1.0,125.0,5.0,168,IDDQ,ELECTRICAL,uA,1.3929,1078.4339,1078.5197,1078.5586,1077.041,22.985,1.6654,11.783,0.0027,0.0115,34.82,34.65,1.3929,1078.4339,1078.5197,1078.5586,1077.041,50.0,False,NOMINAL,HEALTHY,-39.65,18.72
DIG_LOT07_COMP1137,LOT_07,DIGITAL_IC,CQFP-64,DIG-SIH-2026,THERMAL_BURN_IN,T07_1137,PROC-ISRO-IISU-01,ATE-STATION-01,CHAMBER-01,1.0,125.0,5.0,168,IDDQ,ELECTRICAL,uA,1.4578,1121.6249,1121.7203,1121.773,1120.1671,26.167,2.1081,12.585,0.0018,-0.0096,36.46,36.53,1.4578,1121.6249,1121.7203,1121.773,1120.1671,50.0,False,NOMINAL,HEALTHY,-23.39,-21.16
DIG_LOT07_COMP1138,LOT_07,DIGITAL_IC,CQFP-64,DIG-SIH-2026,THERMAL_BURN_IN,T07_1138,PROC-ISRO-IISU-01,ATE-STATION-01,CHAMBER-01,1.0,125.0,5.0,168,IDDQ,ELECTRICAL,uA,1.1956,903.6822,903.7323,903.8616,902.4866,25.568,1.7778,12.775,0.0063,0.057,36.67,37.05,1.1956,903.6822,903.7323,903.8616,902.4866,50.0,False,NOMINAL,HEALTHY,21.52,-20.54
DIG_LOT07_COMP1139,LOT_07,DIGITAL_IC,CQFP-64,DIG-SIH-2026,THERMAL_BURN_IN,T07_1139,PROC-ISRO-IISU-01,ATE-STATION-01,CHAMBER-01,1.0,125.0,5.0,168,IDDQ,ELECTRICAL,uA,1.2646,974.1243,974.2005,974.2342,972.8597,24.996,1.3482,11.468,0.0115,-0.0416,34.74,34.41,1.2646,974.1243,974.2005,974.2342,972.8597,50.0,False,NOMINAL,HEALTHY,19.73,7.13
DIG_LOT07_COMP1140,LOT_07,DIGITAL_IC,CQFP-64,DIG-SIH-2026,THERMAL_BURN_IN,T07_1140,PROC-ISRO-IISU-01,ATE-STATION-01,CHAMBER-01,1.0,125.0,5.0,168,IDDQ,ELECTRICAL,uA,1.2961,998.2798,998.3555,998.3891,996.9837,26.963,2.1965,12.202,-0.0006,0.0159,32.73,33.13,1.2961,998.2798,998.3555,998.3891,996.9837,50.0,False,NOMINAL,HEALTHY,34.27,4.94
DIG_LOT07_COMP1141,LOT_07,DIGITAL_IC,CQFP-64,DIG-SIH-2026,THERMAL_BURN_IN,T07_1141,PROC-ISRO-IISU-01,ATE-STATION-01,CHAMBER-01,1.0,125.0,5.0,168,IDDQ,ELECTRICAL,uA,1.3458,1014.5152,1014.6071,1014.6605,1013.1694,23.732,1.967,12.141,-0.0182,0.0426,36.36,36.06,1.3458,1014.5152,1014.6071,1014.6605,1013.1694,50.0,False,NOMINAL,HEALTHY,-32.72,2.67
DIG_LOT07_COMP1142,LOT_07,DIGITAL_IC,CQFP-64,DIG-SIH-2026,THERMAL_BURN_IN,T07_1142,PROC-ISRO-IISU-01,ATE-STATION-01,CHAMBER-01,1.0,125.0,5.0,168,IDDQ,ELECTRICAL,uA,1.2485,967.4717,967.5792,967.6519,966.2232,22.494,2.2336,11.417,-0.0285,-0.0853,33.34,32.61,1.2485,967.4717,967.5792,967.6519,966.2232,50.0,False,NOMINAL,HEALTHY,38.47,38.47
DIG_LOT07_COMP1143,LOT_07,DIGITAL_IC,CQFP-64,DIG-SIH-2026,THERMAL_BURN_IN,T07_1143,PROC-ISRO-IISU-01,ATE-STATION-01,CHAMBER-01,1.0,125.0,5.0,168,IDDQ,ELECTRICAL,uA,1.255,988.5158,988.591,988.689,987.2608,20.409,1.9789,13.463,-0.0362,-0.0894,35.48,35.9,1.255,988.5158,988.591,988.689,987.2608,50.0,False,NOMINAL,HEALTHY,47.25,-35.01
DIG_LOT07_COMP1144,LOT_07,DIGITAL_IC,CQFP-64,DIG-SIH-2026,THERMAL_BURN_IN,T07_1144,PROC-ISRO-IISU-01,ATE-STATION-01,CHAMBER-01,1.0,125.0,5.0,168,IDDQ,ELECTRICAL,uA,1.5182,1162.5012,1162.6022,1162.6403,1160.983,26.291,2.0659,11.638,-0.0046,-0.0256,33.8,34.04,1.5182,1162.5012,1162.6022,1162.6403,1160.983,50.0,False,NOMINAL,HEALTHY,9.92,-31.5
DIG_LOT07_COMP1145,LOT_07,DIGITAL_IC,CQFP-64,DIG-SIH-2026,THERMAL_BURN_IN,T07_1145,PROC-ISRO-IISU-01,ATE-STATION-01,CHAMBER-01,1.0,125.0,5.0,168,IDDQ,ELECTRICAL,uA,1.3792,1059.9381,1060.0423,1060.0975,1058.5589,27.819,1.5467,12.946,-0.0062,-0.05,34.24,34.03,1.3792,1059.9381,1060.0423,1060.0975,1058.5589,50.0,False,NOMINAL,HEALTHY,21.68,-24.62
DIG_LOT07_COMP1146,LOT_07,DIGITAL_IC,CQFP-64,DIG-SIH-2026,THERMAL_BURN_IN,T07_1146,PROC-ISRO-IISU-01,ATE-STATION-01,CHAMBER-01,1.0,125.0,5.0,168,IDDQ,ELECTRICAL,uA,1.5062,1162.415,1162.4837,1162.5506,1160.9088,25.569,1.4491,12.693,-0.0151,-0.025,35.0,34.32,1.5062,1162.415,1162.4837,1162.5506,1160.9088,50.0,False,NOMINAL,HEALTHY,-11.23,-32.58
DIG_LOT07_COMP1147,LOT_07,DIGITAL_IC,CQFP-64,DIG-SIH-2026,THERMAL_BURN_IN,T07_1147,PROC-ISRO-IISU-01,ATE-STATION-01,CHAMBER-01,1.0,125.0,5.0,168,IDDQ,ELECTRICAL,uA,1.3417,1036.7942,1036.879,1036.9197,1035.4525,25.998,2.2163,11.641,0.0399,0.1291,35.45,35.1,1.3417,1036.7942,1036.879,1036.9197,1035.4525,50.0,False,NOMINAL,HEALTHY,-11.08,18.78
DIG_LOT07_COMP1148,LOT_07,DIGITAL_IC,CQFP-64,DIG-SIH-2026,THERMAL_BURN_IN,T07_1148,PROC-ISRO-IISU-01,ATE-STATION-01,CHAMBER-01,1.0,125.0,5.0,168,IDDQ,ELECTRICAL,uA,1.3877,1058.6778,1058.7543,1058.7631,1057.2901,24.452,1.8232,13.618,0.0138,-0.0115,34.59,36.01,1.3877,1058.6778,1058.7543,1058.7631,1057.2901,50.0,False,NOMINAL,HEALTHY,26.93,14.01
DIG_LOT07_COMP1149,LOT_07,DIGITAL_IC,CQFP-64,DIG-SIH-2026,THERMAL_BURN_IN,T07_1149,PROC-ISRO-IISU-01,ATE-STATION-01,CHAMBER-01,1.0,125.0,5.0,168,IDDQ,ELECTRICAL,uA,1.2999,983.8702,983.9535,983.9759,982.5703,26.467,1.6569,12.498,0.0291,0.0026,34.5,34.74,1.2999,983.8702,983.9535,983.9759,982.5703,50.0,False,NOMINAL,HEALTHY,-36.7,8.89
DIG_LOT07_COMP1150,LOT_07,DIGITAL_IC,CQFP-64,DIG-SIH-2026,THERMAL_BURN_IN,T07_1150,PROC-ISRO-IISU-01,ATE-STATION-01,CHAMBER-01,1.0,125.0,5.0,168,IDDQ,ELECTRICAL,uA,1.1605,887.8715,887.9183,887.9916,886.711,22.986,1.8997,13.276,-0.0315,-0.0457,33.81,33.44,1.1605,887.8715,887.9183,887.9916,886.711,50.0,False,NOMINAL,HEALTHY,-36.01,18.29
DIG_LOT07_COMP1151,LOT_07,DIGITAL_IC,CQFP-64,DIG-SIH-2026,THERMAL_BURN_IN,T07_1151,PROC-ISRO-IISU-01,ATE-STATION-01,CHAMBER-01,1.0,125.0,5.0,168,IDDQ,ELECTRICAL,uA,1.6298,1251.082,1251.1502,1251.249,1249.4522,25.053,2.275,12.719,-0.0308,-0.0692,33.61,33.57,1.6298,1251.082,1251.1502,1251.249,1249.4522,50.0,False,NOMINAL,HEALTHY,43.09,-33.5
DIG_LOT07_COMP1152,LOT_07,DIGITAL_IC,CQFP-64,DIG-SIH-2026,THERMAL_BURN_IN,T07_1152,PROC-ISRO-IISU-01,ATE-STATION-01,CHAMBER-01,1.0,125.0,5.0,168,IDDQ,ELECTRICAL,uA,1.5424,1171.8622,1171.9963,1172.0261,1170.3198,26.253,1.9575,12.618,-0.0073,-0.034,34.12,33.61,1.5424,1171.8622,1171.9963,1172.0261,1170.3198,50.0,False,NOMINAL,HEALTHY,43.2,-6.66
DIG_LOT07_COMP1153,LOT_07,DIGITAL_IC,CQFP-64,DIG-SIH-2026,THERMAL_BURN_IN,T07_1153,PROC-ISRO-IISU-01,ATE-STATION-01,CHAMBER-01,1.0,125.0,5.0,168,IDDQ,ELECTRICAL,uA,1.4857,1150.7237,1150.783,1150.7719,1149.238,23.751,2.4162,12.811,0.0,0.0334,34.7,34.77,1.4857,1150.7237,1150.783,1150.7719,1149.238,50.0,False,NOMINAL,HEALTHY,29.89,24.57
DIG_LOT07_COMP1154,LOT_07,DIGITAL_IC,CQFP-64,DIG-SIH-2026,THERMAL_BURN_IN,T07_1154,PROC-ISRO-IISU-01,ATE-STATION-01,CHAMBER-01,1.0,125.0,5.0,168,IDDQ,ELECTRICAL,uA,1.4285,1100.6755,1100.6983,1100.7566,1099.247,25.751,2.1865,13.663,0.0402,0.0046,34.42,34.64,1.4285,1100.6755,1100.6983,1100.7566,1099.247,50.0,False,NOMINAL,HEALTHY,10.29,15.27
DIG_LOT07_COMP1155,LOT_07,DIGITAL_IC,CQFP-64,DIG-SIH-2026,THERMAL_BURN_IN,T07_1155,PROC-ISRO-IISU-01,ATE-STATION-01,CHAMBER-01,1.0,125.0,5.0,168,IDDQ,ELECTRICAL,uA,1.0855,845.5988,845.6311,845.6677,844.5133,26.393,1.7856,12.001,-0.0287,-0.0591,34.98,35.34,1.0855,845.5988,845.6311,845.6677,844.5133,50.0,False,NOMINAL,HEALTHY,20.75,12.66
DIG_LOT07_COMP1156,LOT_07,DIGITAL_IC,CQFP-64,DIG-SIH-2026,THERMAL_BURN_IN,T07_1156,PROC-ISRO-IISU-01,ATE-STATION-01,CHAMBER-01,1.0,125.0,5.0,168,IDDQ,ELECTRICAL,uA,1.4654,1124.9804,1125.1068,1125.0878,1123.515,23.298,1.9812,12.383,0.019,-0.0532,33.4,33.39,1.4654,1124.9804,1125.1068,1125.0878,1123.515,50.0,False,NOMINAL,HEALTHY,23.96,-38.76
DIG_LOT07_COMP1157,LOT_07,DIGITAL_IC,CQFP-64,DIG-SIH-2026,THERMAL_BURN_IN,T07_1157,PROC-ISRO-IISU-01,ATE-STATION-01,CHAMBER-01,1.0,125.0,5.0,168,IDDQ,ELECTRICAL,uA,1.5401,1193.1257,1193.2317,1193.3433,1191.5856,24.622,1.5374,12.482,0.0161,-0.0139,36.24,34.86,1.5401,1193.1257,1193.2317,1193.3433,1191.5856,50.0,False,NOMINAL,HEALTHY,-18.53,-23.12
DIG_LOT07_COMP1158,LOT_07,DIGITAL_IC,CQFP-64,DIG-SIH-2026,THERMAL_BURN_IN,T07_1158,PROC-ISRO-IISU-01,ATE-STATION-01,CHAMBER-01,1.0,125.0,5.0,168,IDDQ,ELECTRICAL,uA,1.2124,938.0698,938.1731,938.2682,936.8574,26.445,1.9187,13.09,-0.0058,0.0181,35.78,35.8,1.2124,938.0698,938.1731,938.2682,936.8574,50.0,False,NOMINAL,HEALTHY,-40.23,-26.05
DIG_LOT07_COMP1159,LOT_07,DIGITAL_IC,CQFP-64,DIG-SIH-2026,THERMAL_BURN_IN,T07_1159,PROC-ISRO-IISU-01,ATE-STATION-01,CHAMBER-01,1.0,125.0,5.0,168,IDDQ,ELECTRICAL,uA,1.4719,1135.5027,1135.5873,1135.6617,1134.0308,24.385,1.6918,13.86,-0.0152,-0.1046,34.75,34.84,1.4719,1135.5027,1135.5873,1135.6617,1134.0308,50.0,False,NOMINAL,HEALTHY,34.35,-39.43
DIG_LOT07_COMP1160,LOT_07,DIGITAL_IC,CQFP-64,DIG-SIH-2026,THERMAL_BURN_IN,T07_1160,PROC-ISRO-IISU-01,ATE-STATION-01,CHAMBER-01,1.0,125.0,5.0,168,IDDQ,ELECTRICAL,uA,1.4494,1111.3232,1111.3942,1111.4395,1109.8738,26.383,1.841,11.687,-0.0091,-0.0277,36.47,35.84,1.4494,1111.3232,1111.3942,1111.4395,1109.8738,50.0,False,NOMINAL,HEALTHY,-34.09,26.44
DIG_LOT07_COMP1161,LOT_07,DIGITAL_IC,CQFP-64,DIG-SIH-2026,THERMAL_BURN_IN,T07_1161,PROC-ISRO-IISU-01,ATE-STATION-01,CHAMBER-01,1.0,125.0,5.0,168,IDDQ,ELECTRICAL,uA,1.3472,1039.8313,1039.9512,1039.9829,1038.4841,26.855,1.8819,13.241,-0.0329,-0.1222,35.43,35.84,1.3472,1039.8313,1039.9512,1039.9829,1038.4841,50.0,False,NOMINAL,HEALTHY,37.16,1.33
DIG_LOT07_COMP1162,LOT_07,DIGITAL_IC,CQFP-64,DIG-SIH-2026,THERMAL_BURN_IN,T07_1162,PROC-ISRO-IISU-01,ATE-STATION-01,CHAMBER-01,1.0,125.0,5.0,168,IDDQ,ELECTRICAL,uA,1.4518,1113.7364,1113.7452,1113.8391,1112.2846,26.369,1.9686,13.514,0.0261,0.0408,34.69,34.7,1.4518,1113.7364,1113.7452,1113.8391,1112.2846,50.0,False,NOMINAL,HEALTHY,41.62,5.56
DIG_LOT07_COMP1163,LOT_07,DIGITAL_IC,CQFP-64,DIG-SIH-2026,THERMAL_BURN_IN,T07_1163,PROC-ISRO-IISU-01,ATE-STATION-01,CHAMBER-01,1.0,125.0,5.0,168,IDDQ,ELECTRICAL,uA,1.2114,921.2248,921.2953,921.3123,920.0134,27.09,2.1466,12.124,-0.007,-0.0769,35.49,35.66,1.2114,921.2248,921.2953,921.3123,920.0134,50.0,False,NOMINAL,HEALTHY,23.06,-37.45
DIG_LOT07_COMP1164,LOT_07,DIGITAL_IC,CQFP-64,DIG-SIH-2026,THERMAL_BURN_IN,T07_1164,PROC-ISRO-IISU-01,ATE-STATION-01,CHAMBER-01,1.0,125.0,5.0,168,IDDQ,ELECTRICAL,uA,1.7017,1297.0122,1297.113,1297.1879,1295.3105,25.507,2.0085,12.872,0.0416,0.0123,35.32,35.16,1.7017,1297.0122,1297.113,1297.1879,1295.3105,50.0,False,NOMINAL,HEALTHY,6.57,47.83
DIG_LOT07_COMP1165,LOT_07,DIGITAL_IC,CQFP-64,DIG-SIH-2026,THERMAL_BURN_IN,T07_1165,PROC-ISRO-IISU-01,ATE-STATION-01,CHAMBER-01,1.0,125.0,5.0,168,IDDQ,ELECTRICAL,uA,1.2919,966.9657,967.047,967.0716,965.6738,28.756,2.1724,11.308,-0.0315,0.0777,37.34,38.42,1.2919,966.9657,967.047,967.0716,965.6738,50.0,False,NOMINAL,HEALTHY,14.75,-1.86
DIG_LOT07_COMP1166,LOT_07,DIGITAL_IC,CQFP-64,DIG-SIH-2026,THERMAL_BURN_IN,T07_1166,PROC-ISRO-IISU-01,ATE-STATION-01,CHAMBER-01,1.0,125.0,5.0,168,IDDQ,ELECTRICAL,uA,1.291,993.7645,993.8175,993.9161,992.4735,25.141,1.7167,14.124,-0.0461,0.0048,34.94,35.19,1.291,993.7645,993.8175,993.9161,992.4735,50.0,False,NOMINAL,HEALTHY,-43.87,2.01
DIG_LOT07_COMP1167,LOT_07,DIGITAL_IC,CQFP-64,DIG-SIH-2026,THERMAL_BURN_IN,T07_1167,PROC-ISRO-IISU-01,ATE-STATION-01,CHAMBER-01,1.0,125.0,5.0,168,IDDQ,ELECTRICAL,uA,1.3512,1037.2106,1037.2827,1037.3519,1035.8594,25.626,1.7427,11.698,0.0011,-0.0253,35.4,36.16,1.3512,1037.2106,1037.2827,1037.3519,1035.8594,50.0,False,NOMINAL,HEALTHY,-7.41,39.78
DIG_LOT07_COMP1168,LOT_07,DIGITAL_IC,CQFP-64,DIG-SIH-2026,THERMAL_BURN_IN,T07_1168,PROC-ISRO-IISU-01,ATE-STATION-01,CHAMBER-01,1.0,125.0,5.0,168,IDDQ,ELECTRICAL,uA,1.4682,1127.13,1127.2489,1127.3169,1125.6618,27.941,1.7394,12.287,0.0362,0.0259,35.27,34.97,1.4682,1127.13,1127.2489,1127.3169,1125.6618,50.0,False,NOMINAL,HEALTHY,-36.98,36.9
DIG_LOT07_COMP1169,LOT_07,DIGITAL_IC,CQFP-64,DIG-SIH-2026,THERMAL_BURN_IN,T07_1169,PROC-ISRO-IISU-01,ATE-STATION-01,CHAMBER-01,1.0,125.0,5.0,168,IDDQ,ELECTRICAL,uA,1.3128,997.108,997.2289,997.2561,995.7952,25.539,1.995,11.309,0.0048,-0.0806,37.36,36.84,1.3128,997.108,997.2289,997.2561,995.7952,50.0,False,NOMINAL,HEALTHY,3.41,16.91
DIG_LOT07_COMP1170,LOT_07,DIGITAL_IC,CQFP-64,DIG-SIH-2026,THERMAL_BURN_IN,T07_1170,PROC-ISRO-IISU-01,ATE-STATION-01,CHAMBER-01,1.0,125.0,5.0,168,IDDQ,ELECTRICAL,uA,1.3572,1053.2603,1053.2879,1053.3859,1051.9031,25.226,1.9959,11.892,-0.0008,-0.0289,35.3,35.37,1.3572,1053.2603,1053.2879,1053.3859,1051.9031,50.0,False,NOMINAL,HEALTHY,-8.69,48.95
DIG_LOT07_COMP1171,LOT_07,DIGITAL_IC,CQFP-64,DIG-SIH-2026,THERMAL_BURN_IN,T07_1171,PROC-ISRO-IISU-01,ATE-STATION-01,CHAMBER-01,1.0,125.0,5.0,168,IDDQ,ELECTRICAL,uA,1.125,856.3343,856.4136,856.4792,855.2093,24.703,2.102,12.196,-0.0012,-0.0138,34.08,34.23,1.125,856.3343,856.4136,856.4792,855.2093,50.0,False,NOMINAL,HEALTHY,-31.92,-21.09
DIG_LOT07_COMP1172,LOT_07,DIGITAL_IC,CQFP-64,DIG-SIH-2026,THERMAL_BURN_IN,T07_1172,PROC-ISRO-IISU-01,ATE-STATION-01,CHAMBER-01,1.0,125.0,5.0,168,IDDQ,ELECTRICAL,uA,1.0507,824.2241,824.2762,824.3031,823.1734,24.88,1.91,15.001,-0.052,-0.134,35.42,34.99,1.0507,824.2241,824.2762,824.3031,823.1734,50.0,False,NOMINAL,HEALTHY,7.74,28.43
DIG_LOT07_COMP1173,LOT_07,DIGITAL_IC,CQFP-64,DIG-SIH-2026,THERMAL_BURN_IN,T07_1173,PROC-ISRO-IISU-01,ATE-STATION-01,CHAMBER-01,1.0,125.0,5.0,168,IDDQ,ELECTRICAL,uA,1.3102,1000.0419,1000.1345,1000.1905,998.7317,25.063,2.3619,12.156,0.0228,0.015,34.53,35.34,1.3102,1000.0419,1000.1345,1000.1905,998.7317,50.0,False,NOMINAL,HEALTHY,-26.61,-21.65
DIG_LOT07_COMP1174,LOT_07,DIGITAL_IC,CQFP-64,DIG-SIH-2026,THERMAL_BURN_IN,T07_1174,PROC-ISRO-IISU-01,ATE-STATION-01,CHAMBER-01,1.0,125.0,5.0,168,IDDQ,ELECTRICAL,uA,1.0292,798.2079,798.2498,798.3036,797.1787,25.959,1.852,12.654,0.0313,-0.0749,34.15,33.35,1.0292,798.2079,798.2498,798.3036,797.1787,50.0,False,NOMINAL,HEALTHY,-28.23,-45.85
DIG_LOT07_COMP1175,LOT_07,DIGITAL_IC,CQFP-64,DIG-SIH-2026,THERMAL_BURN_IN,T07_1175,PROC-ISRO-IISU-01,ATE-STATION-01,CHAMBER-01,1.0,125.0,5.0,168,IDDQ,ELECTRICAL,uA,1.336,1050.5953,1050.6607,1050.7045,1049.2593,23.636,1.8966,11.955,-0.013,-0.1038,37.7,37.82,1.336,1050.5953,1050.6607,1050.7045,1049.2593,50.0,False,NOMINAL,HEALTHY,-32.2,21.29
DIG_LOT07_COMP1176,LOT_07,DIGITAL_IC,CQFP-64,DIG-SIH-2026,THERMAL_BURN_IN,T07_1176,PROC-ISRO-IISU-01,ATE-STATION-01,CHAMBER-01,1.0,125.0,5.0,168,IDDQ,ELECTRICAL,uA,1.5599,1195.5267,1195.6025,1195.6145,1193.9668,25.65,2.1788,11.944,0.0204,-0.0061,36.76,36.13,1.5599,1195.5267,1195.6025,1195.6145,1193.9668,50.0,True,DIELECTRIC_OSCILLATION,HEALTHY,-12.11,31.33
DIG_LOT07_COMP1177,LOT_07,DIGITAL_IC,CQFP-64,DIG-SIH-2026,THERMAL_BURN_IN,T07_1177,PROC-ISRO-IISU-01,ATE-STATION-01,CHAMBER-01,1.0,125.0,5.0,168,IDDQ,ELECTRICAL,uA,1.2844,991.0434,991.1145,991.117,989.759,23.834,2.1422,13.851,-0.0228,-0.1053,36.08,35.97,1.2844,991.0434,991.1145,991.117,989.759,50.0,False,NOMINAL,HEALTHY,-49.0,11.77
DIG_LOT07_COMP1178,LOT_07,DIGITAL_IC,CQFP-64,DIG-SIH-2026,THERMAL_BURN_IN,T07_1178,PROC-ISRO-IISU-01,ATE-STATION-01,CHAMBER-01,1.0,125.0,5.0,168,IDDQ,ELECTRICAL,uA,1.6006,1224.9126,1224.9659,1225.0771,1223.312,23.283,1.7718,10.847,0.0013,-0.0474,35.42,36.17,1.6006,1224.9126,1224.9659,1225.0771,1223.312,50.0,False,NOMINAL,HEALTHY,-34.41,48.06
DIG_LOT07_COMP1179,LOT_07,DIGITAL_IC,CQFP-64,DIG-SIH-2026,THERMAL_BURN_IN,T07_1179,PROC-ISRO-IISU-01,ATE-STATION-01,CHAMBER-01,1.0,125.0,5.0,168,IDDQ,ELECTRICAL,uA,1.2995,996.2259,996.2837,996.3398,994.9264,25.144,1.6427,11.932,-0.0213,-0.0146,36.98,37.58,1.2995,996.2259,996.2837,996.3398,994.9264,50.0,False,NOMINAL,HEALTHY,-19.98,0.52
DIG_LOT07_COMP1180,LOT_07,DIGITAL_IC,CQFP-64,DIG-SIH-2026,THERMAL_BURN_IN,T07_1180,PROC-ISRO-IISU-01,ATE-STATION-01,CHAMBER-01,1.0,125.0,5.0,168,IDDQ,ELECTRICAL,uA,1.1006,862.2421,862.3202,862.3382,861.1415,25.998,2.5881,13.299,0.0042,0.0779,34.85,35.03,1.1006,862.2421,862.3202,862.3382,861.1415,50.0,False,NOMINAL,HEALTHY,38.83,-12.22
DIG_LOT07_COMP1181,LOT_07,DIGITAL_IC,CQFP-64,DIG-SIH-2026,THERMAL_BURN_IN,T07_1181,PROC-ISRO-IISU-01,ATE-STATION-01,CHAMBER-01,1.0,125.0,5.0,168,IDDQ,ELECTRICAL,uA,1.1048,868.5414,868.5906,868.6477,867.4366,27.763,1.8578,11.69,-0.019,0.003,36.14,35.56,1.1048,868.5414,868.5906,868.6477,867.4366,50.0,False,NOMINAL,HEALTHY,-20.8,-0.9
DIG_LOT07_COMP1182,LOT_07,DIGITAL_IC,CQFP-64,DIG-SIH-2026,THERMAL_BURN_IN,T07_1182,PROC-ISRO-IISU-01,ATE-STATION-01,CHAMBER-01,1.0,125.0,5.0,168,IDDQ,ELECTRICAL,uA,1.2579,970.556,970.6393,970.7517,969.2981,26.998,2.2489,13.256,0.0298,-0.0418,35.83,35.84,1.2579,970.556,970.6393,970.7517,969.2981,50.0,False,NOMINAL,HEALTHY,44.84,-47.57
DIG_LOT07_COMP1183,LOT_07,DIGITAL_IC,CQFP-64,DIG-SIH-2026,THERMAL_BURN_IN,T07_1183,PROC-ISRO-IISU-01,ATE-STATION-01,CHAMBER-01,1.0,125.0,5.0,168,IDDQ,ELECTRICAL,uA,1.2295,929.3209,929.4169,929.433,928.0914,25.742,1.5167,10.633,-0.0262,-0.0291,36.67,37.32,1.2295,929.3209,929.4169,929.433,928.0914,50.0,False,NOMINAL,HEALTHY,-16.83,18.1
DIG_LOT07_COMP1184,LOT_07,DIGITAL_IC,CQFP-64,DIG-SIH-2026,THERMAL_BURN_IN,T07_1184,PROC-ISRO-IISU-01,ATE-STATION-01,CHAMBER-01,1.0,125.0,5.0,168,IDDQ,ELECTRICAL,uA,1.3912,1064.2182,1064.3135,1064.4043,1062.827,22.846,1.6785,13.67,0.0152,0.0618,34.74,34.94,1.3912,1064.2182,1064.3135,1064.4043,1062.827,50.0,False,NOMINAL,HEALTHY,42.72,38.13
DIG_LOT07_COMP1185,LOT_07,DIGITAL_IC,CQFP-64,DIG-SIH-2026,THERMAL_BURN_IN,T07_1185,PROC-ISRO-IISU-01,ATE-STATION-01,CHAMBER-01,1.0,125.0,5.0,168,IDDQ,ELECTRICAL,uA,1.5393,1180.6036,1180.7058,1180.7108,1179.0643,26.606,2.0633,11.979,-0.0135,-0.0506,34.71,33.9,1.5393,1180.6036,1180.7058,1180.7108,1179.0643,50.0,False,NOMINAL,HEALTHY,21.44,40.18
DIG_LOT07_COMP1186,LOT_07,DIGITAL_IC,CQFP-64,DIG-SIH-2026,THERMAL_BURN_IN,T07_1186,PROC-ISRO-IISU-01,ATE-STATION-01,CHAMBER-01,1.0,125.0,5.0,168,IDDQ,ELECTRICAL,uA,1.5354,1176.7981,1176.9034,1176.9744,1175.2627,24.322,1.7165,13.269,0.0066,0.002,32.66,32.02,1.5354,1176.7981,1176.9034,1176.9744,1175.2627,50.0,False,NOMINAL,HEALTHY,-13.31,-31.04
DIG_LOT07_COMP1187,LOT_07,DIGITAL_IC,CQFP-64,DIG-SIH-2026,THERMAL_BURN_IN,T07_1187,PROC-ISRO-IISU-01,ATE-STATION-01,CHAMBER-01,1.0,125.0,5.0,168,IDDQ,ELECTRICAL,uA,1.1843,899.6654,899.6975,899.7622,898.4811,25.175,1.9736,12.64,-0.0248,-0.0174,35.01,35.38,1.1843,899.6654,899.6975,899.7622,898.4811,50.0,False,NOMINAL,HEALTHY,-42.09,-23.79
DIG_LOT07_COMP1188,LOT_07,DIGITAL_IC,CQFP-64,DIG-SIH-2026,THERMAL_BURN_IN,T07_1188,PROC-ISRO-IISU-01,ATE-STATION-01,CHAMBER-01,1.0,125.0,5.0,168,IDDQ,ELECTRICAL,uA,1.7552,1339.037,1339.1242,1339.1702,1337.2818,25.38,2.4126,12.049,0.0121,0.0609,33.98,33.91,1.7552,1339.037,1339.1242,1339.1702,1337.2818,50.0,False,NOMINAL,HEALTHY,-31.58,-25.76
DIG_LOT07_COMP1189,LOT_07,DIGITAL_IC,CQFP-64,DIG-SIH-2026,THERMAL_BURN_IN,T07_1189,PROC-ISRO-IISU-01,ATE-STATION-01,CHAMBER-01,1.0,125.0,5.0,168,IDDQ,ELECTRICAL,uA,1.1012,852.0136,860.5486,1010.3875,850.9124,26.757,1.7103,12.6,-0.0055,0.0987,34.06,34.33,1.1012,852.0136,860.5486,1010.3875,850.9124,50.0,True,THERMAL_RUNAWAY,HEALTHY,-25.99,42.12
DIG_LOT07_COMP1190,LOT_07,DIGITAL_IC,CQFP-64,DIG-SIH-2026,THERMAL_BURN_IN,T07_1190,PROC-ISRO-IISU-01,ATE-STATION-01,CHAMBER-01,1.0,125.0,5.0,168,IDDQ,ELECTRICAL,uA,1.3799,1068.8653,1068.933,1068.9787,1067.4854,27.005,2.5629,13.076,0.0394,0.1364,33.29,33.44,1.3799,1068.8653,1068.933,1068.9787,1067.4854,50.0,False,NOMINAL,HEALTHY,33.99,36.45
DIG_LOT07_COMP1191,LOT_07,DIGITAL_IC,CQFP-64,DIG-SIH-2026,THERMAL_BURN_IN,T07_1191,PROC-ISRO-IISU-01,ATE-STATION-01,CHAMBER-01,1.0,125.0,5.0,168,IDDQ,ELECTRICAL,uA,1.0668,818.6697,818.7189,818.7535,817.6029,23.721,1.8563,12.79,0.0277,0.0283,36.46,36.39,1.0668,818.6697,818.7189,818.7535,817.6029,50.0,False,NOMINAL,HEALTHY,34.64,42.97
DIG_LOT07_COMP1192,LOT_07,DIGITAL_IC,CQFP-64,DIG-SIH-2026,THERMAL_BURN_IN,T07_1192,PROC-ISRO-IISU-01,ATE-STATION-01,CHAMBER-01,1.0,125.0,5.0,168,IDDQ,ELECTRICAL,uA,1.0268,800.0052,800.0782,800.0534,798.9784,25.902,1.7459,12.349,0.0033,0.018,33.78,33.05,1.0268,800.0052,800.0782,800.0534,798.9784,50.0,False,NOMINAL,HEALTHY,-20.88,-35.79
DIG_LOT07_COMP1193,LOT_07,DIGITAL_IC,CQFP-64,DIG-SIH-2026,THERMAL_BURN_IN,T07_1193,PROC-ISRO-IISU-01,ATE-STATION-01,CHAMBER-01,1.0,125.0,5.0,168,IDDQ,ELECTRICAL,uA,1.1024,865.0823,865.1699,865.199,863.9799,25.35,1.8725,11.79,0.0039,-0.0352,35.31,36.26,1.1024,865.0823,865.1699,865.199,863.9799,50.0,False,NOMINAL,HEALTHY,41.78,-2.62
DIG_LOT07_COMP1194,LOT_07,DIGITAL_IC,CQFP-64,DIG-SIH-2026,THERMAL_BURN_IN,T07_1194,PROC-ISRO-IISU-01,ATE-STATION-01,CHAMBER-01,1.0,125.0,5.0,168,IDDQ,ELECTRICAL,uA,1.2667,959.9978,960.1005,960.1395,958.7311,25.126,1.9115,12.415,0.0261,-0.0348,35.27,35.04,1.2667,959.9978,960.1005,960.1395,958.7311,50.0,False,NOMINAL,HEALTHY,-9.71,-20.58
DIG_LOT07_COMP1195,LOT_07,DIGITAL_IC,CQFP-64,DIG-SIH-2026,THERMAL_BURN_IN,T07_1195,PROC-ISRO-IISU-01,ATE-STATION-01,CHAMBER-01,1.0,125.0,5.0,168,IDDQ,ELECTRICAL,uA,1.5494,1189.8877,1189.9622,1190.0669,1188.3383,26.412,1.8513,12.649,-0.0136,0.0022,33.98,33.32,1.5494,1189.8877,1189.9622,1190.0669,1188.3383,50.0,False,NOMINAL,HEALTHY,46.75,-34.91
DIG_LOT07_COMP1196,LOT_07,DIGITAL_IC,CQFP-64,DIG-SIH-2026,THERMAL_BURN_IN,T07_1196,PROC-ISRO-IISU-01,ATE-STATION-01,CHAMBER-01,1.0,125.0,5.0,168,IDDQ,ELECTRICAL,uA,1.5986,1250.9521,1251.0589,1251.1515,1249.3535,24.395,2.0741,13.383,-0.0265,0.0257,37.19,36.65,1.5986,1250.9521,1251.0589,1251.1515,1249.3535,50.0,False,NOMINAL,HEALTHY,1.39,17.94
DIG_LOT07_COMP1197,LOT_07,DIGITAL_IC,CQFP-64,DIG-SIH-2026,THERMAL_BURN_IN,T07_1197,PROC-ISRO-IISU-01,ATE-STATION-01,CHAMBER-01,1.0,125.0,5.0,168,IDDQ,ELECTRICAL,uA,1.3593,1041.9532,1042.0443,1042.111,1040.5939,25.911,2.0393,13.121,-0.0,0.0258,34.58,34.61,1.3593,1041.9532,1042.0443,1042.111,1040.5939,50.0,False,NOMINAL,HEALTHY,45.57,3.53
DIG_LOT07_COMP1198,LOT_07,DIGITAL_IC,CQFP-64,DIG-SIH-2026,THERMAL_BURN_IN,T07_1198,PROC-ISRO-IISU-01,ATE-STATION-01,CHAMBER-01,1.0,125.0,5.0,168,IDDQ,ELECTRICAL,uA,1.5073,1145.3956,1145.4651,1145.5309,1143.8883,23.918,1.6755,13.187,0.0064,-0.0383,35.19,36.61,1.5073,1145.3956,1145.4651,1145.5309,1143.8883,50.0,False,NOMINAL,HEALTHY,-4.97,-37.92
DIG_LOT07_COMP1199,LOT_07,DIGITAL_IC,CQFP-64,DIG-SIH-2026,THERMAL_BURN_IN,T07_1199,PROC-ISRO-IISU-01,ATE-STATION-01,CHAMBER-01,1.0,125.0,5.0,168,IDDQ,ELECTRICAL,uA,1.1275,871.3535,871.4166,871.4824,870.226,25.846,2.1862,13.006,0.0059,0.0102,35.21,35.58,1.1275,871.3535,871.4166,871.4824,870.226,50.0,False,NOMINAL,HEALTHY,-18.13,45.0
DIG_LOT07_COMP1200,LOT_07,DIGITAL_IC,CQFP-64,DIG-SIH-2026,THERMAL_BURN_IN,T07_1200,PROC-ISRO-IISU-01,ATE-STATION-01,CHAMBER-01,1.0,125.0,5.0,168,IDDQ,ELECTRICAL,uA,1.2094,926.7635,926.7911,926.7924,925.5541,24.765,2.2713,12.196,-0.033,-0.0304,33.94,34.15,1.2094,926.7635,926.7911,926.7924,925.5541,50.0,False,NOMINAL,HEALTHY,0.64,43.64
DIG_LOT07_COMP1201,LOT_07,DIGITAL_IC,CQFP-64,DIG-SIH-2026,THERMAL_BURN_IN,T07_1201,PROC-ISRO-IISU-01,ATE-STATION-01,CHAMBER-01,1.0,125.0,5.0,168,IDDQ,ELECTRICAL,uA,1.1547,867.0806,867.1291,867.2114,865.9259,26.459,1.8928,11.929,-0.0232,0.0643,35.1,34.03,1.1547,867.0806,867.1291,867.2114,865.9259,50.0,False,NOMINAL,HEALTHY,-24.64,-42.49
DIG_LOT07_COMP1202,LOT_07,DIGITAL_IC,CQFP-64,DIG-SIH-2026,THERMAL_BURN_IN,T07_1202,PROC-ISRO-IISU-01,ATE-STATION-01,CHAMBER-01,1.0,125.0,5.0,168,IDDQ,ELECTRICAL,uA,1.1853,925.5565,925.6071,925.6521,924.3712,25.353,1.7166,12.601,-0.0294,-0.1158,35.67,35.64,1.1853,925.5565,925.6071,925.6521,924.3712,50.0,False,NOMINAL,HEALTHY,-43.37,-45.46
DIG_LOT07_COMP1203,LOT_07,DIGITAL_IC,CQFP-64,DIG-SIH-2026,THERMAL_BURN_IN,T07_1203,PROC-ISRO-IISU-01,ATE-STATION-01,CHAMBER-01,1.0,125.0,5.0,168,IDDQ,ELECTRICAL,uA,1.2047,928.2814,928.356,928.4294,927.0767,27.226,2.0768,12.128,-0.0632,-0.0326,36.0,36.71,1.2047,928.2814,928.356,928.4294,927.0767,50.0,False,NOMINAL,HEALTHY,-11.07,-11.41
DIG_LOT07_COMP1204,LOT_07,DIGITAL_IC,CQFP-64,DIG-SIH-2026,THERMAL_BURN_IN,T07_1204,PROC-ISRO-IISU-01,ATE-STATION-01,CHAMBER-01,1.0,125.0,5.0,168,IDDQ,ELECTRICAL,uA,1.1468,890.3376,890.4237,890.4365,889.1908,23.579,2.0739,13.582,0.0153,0.051,36.93,37.48,1.1468,890.3376,890.4237,890.4365,889.1908,50.0,False,NOMINAL,HEALTHY,47.37,-34.38
DIG_LOT07_COMP1205,LOT_07,DIGITAL_IC,CQFP-64,DIG-SIH-2026,THERMAL_BURN_IN,T07_1205,PROC-ISRO-IISU-01,ATE-STATION-01,CHAMBER-01,1.0,125.0,5.0,168,IDDQ,ELECTRICAL,uA,1.3672,1061.4687,1061.5872,1061.6592,1060.1015,25.339,1.8615,11.208,-0.0212,-0.0218,35.55,35.48,1.3672,1061.4687,1061.5872,1061.6592,1060.1015,50.0,False,NOMINAL,HEALTHY,-8.1,-47.22
DIG_LOT07_COMP1206,LOT_07,DIGITAL_IC,CQFP-64,DIG-SIH-2026,THERMAL_BURN_IN,T07_1206,PROC-ISRO-IISU-01,ATE-STATION-01,CHAMBER-01,1.0,125.0,5.0,168,IDDQ,ELECTRICAL,uA,1.0483,816.1232,816.2052,816.1887,815.0749,23.835,1.2956,11.224,-0.0108,-0.0713,36.36,36.14,1.0483,816.1232,816.2052,816.1887,815.0749,50.0,False,NOMINAL,HEALTHY,-12.6,12.31
DIG_LOT07_COMP1207,LOT_07,DIGITAL_IC,CQFP-64,DIG-SIH-2026,THERMAL_BURN_IN,T07_1207,PROC-ISRO-IISU-01,ATE-STATION-01,CHAMBER-01,1.0,125.0,5.0,168,IDDQ,ELECTRICAL,uA,1.3088,1001.9304,1002.0271,1002.0831,1000.6216,24.021,2.2834,13.167,0.0018,-0.0844,36.34,35.37,1.3088,1001.9304,1002.0271,1002.0831,1000.6216,50.0,False,NOMINAL,HEALTHY,48.27,-33.3
DIG_LOT07_COMP1208,LOT_07,DIGITAL_IC,CQFP-64,DIG-SIH-2026,THERMAL_BURN_IN,T07_1208,PROC-ISRO-IISU-01,ATE-STATION-01,CHAMBER-01,1.0,125.0,5.0,168,IDDQ,ELECTRICAL,uA,1.4688,1137.2614,1137.3991,1137.3576,1135.7926,25.092,1.5325,11.942,-0.0323,-0.0108,36.03,36.53,1.4688,1137.2614,1137.3991,1137.3576,1135.7926,50.0,False,NOMINAL,HEALTHY,-11.64,-38.27
DIG_LOT07_COMP1209,LOT_07,DIGITAL_IC,CQFP-64,DIG-SIH-2026,THERMAL_BURN_IN,T07_1209,PROC-ISRO-IISU-01,ATE-STATION-01,CHAMBER-01,1.0,125.0,5.0,168,IDDQ,ELECTRICAL,uA,1.2425,960.4047,960.512,960.5335,959.1622,25.231,2.2523,14.657,0.0051,-0.0704,35.3,35.51,1.2425,960.4047,960.512,960.5335,959.1622,50.0,False,NOMINAL,HEALTHY,-26.65,20.75
DIG_LOT07_COMP1210,LOT_07,DIGITAL_IC,CQFP-64,DIG-SIH-2026,THERMAL_BURN_IN,T07_1210,PROC-ISRO-IISU-01,ATE-STATION-01,CHAMBER-01,1.0,125.0,5.0,168,IDDQ,ELECTRICAL,uA,1.2615,973.0838,973.1305,973.2186,971.8223,24.14,2.3863,12.819,-0.0266,-0.0247,33.78,33.49,1.2615,973.0838,973.1305,973.2186,971.8223,50.0,False,NOMINAL,HEALTHY,42.11,38.4
DIG_LOT07_COMP1211,LOT_07,DIGITAL_IC,CQFP-64,DIG-SIH-2026,THERMAL_BURN_IN,T07_1211,PROC-ISRO-IISU-01,ATE-STATION-01,CHAMBER-01,1.0,125.0,5.0,168,IDDQ,ELECTRICAL,uA,1.4941,1163.3261,1163.4097,1163.5076,1161.832,23.131,1.2615,11.728,0.002,0.0469,36.08,35.21,1.4941,1163.3261,1163.4097,1163.5076,1161.832,50.0,False,NOMINAL,HEALTHY,4.59,-32.85
DIG_LOT07_COMP1212,LOT_07,DIGITAL_IC,CQFP-64,DIG-SIH-2026,THERMAL_BURN_IN,T07_1212,PROC-ISRO-IISU-01,ATE-STATION-01,CHAMBER-01,1.0,125.0,5.0,168,IDDQ,ELECTRICAL,uA,1.4636,1131.0304,1131.1002,1131.1718,1129.5668,23.637,1.9763,11.391,-0.0013,0.0347,36.03,36.2,1.4636,1131.0304,1131.1002,1131.1718,1129.5668,50.0,False,NOMINAL,HEALTHY,28.48,7.47
DIG_LOT07_COMP1213,LOT_07,DIGITAL_IC,CQFP-64,DIG-SIH-2026,THERMAL_BURN_IN,T07_1213,PROC-ISRO-IISU-01,ATE-STATION-01,CHAMBER-01,1.0,125.0,5.0,168,IDDQ,ELECTRICAL,uA,1.2201,954.7356,954.8692,954.9045,953.5155,25.211,1.5966,11.865,-0.0194,0.0113,36.83,36.88,1.2201,954.7356,954.8692,954.9045,953.5155,50.0,False,NOMINAL,HEALTHY,1.61,26.42
DIG_LOT07_COMP1214,LOT_07,DIGITAL_IC,CQFP-64,DIG-SIH-2026,THERMAL_BURN_IN,T07_1214,PROC-ISRO-IISU-01,ATE-STATION-01,CHAMBER-01,1.0,125.0,5.0,168,IDDQ,ELECTRICAL,uA,1.2532,968.3214,968.3954,968.4614,967.0682,24.87,1.6903,12.893,0.0233,0.0521,35.92,35.23,1.2532,968.3214,968.3954,968.4614,967.0682,50.0,False,NOMINAL,HEALTHY,49.96,38.84
DIG_LOT07_COMP1215,LOT_07,DIGITAL_IC,CQFP-64,DIG-SIH-2026,THERMAL_BURN_IN,T07_1215,PROC-ISRO-IISU-01,ATE-STATION-01,CHAMBER-01,1.0,125.0,5.0,168,IDDQ,ELECTRICAL,uA,1.4101,1079.6559,1079.6708,1079.7545,1078.2458,23.647,1.9768,12.302,0.0212,-0.0279,35.02,34.22,1.4101,1079.6559,1079.6708,1079.7545,1078.2458,50.0,False,NOMINAL,HEALTHY,49.4,-11.29
DIG_LOT07_COMP1216,LOT_07,DIGITAL_IC,CQFP-64,DIG-SIH-2026,THERMAL_BURN_IN,T07_1216,PROC-ISRO-IISU-01,ATE-STATION-01,CHAMBER-01,1.0,125.0,5.0,168,IDDQ,ELECTRICAL,uA,1.1324,876.4708,876.5135,876.5759,875.3384,26.964,2.2133,13.585,-0.0042,-0.0243,34.84,34.12,1.1324,876.4708,876.5135,876.5759,875.3384,50.0,False,NOMINAL,HEALTHY,1.57,-34.06
DIG_LOT07_COMP1217,LOT_07,DIGITAL_IC,CQFP-64,DIG-SIH-2026,THERMAL_BURN_IN,T07_1217,PROC-ISRO-IISU-01,ATE-STATION-01,CHAMBER-01,1.0,125.0,5.0,168,IDDQ,ELECTRICAL,uA,1.294,980.1684,980.2299,980.2676,978.8744,23.494,2.2272,12.868,-0.0163,-0.006,36.28,35.99,1.294,980.1684,980.2299,980.2676,978.8744,50.0,False,NOMINAL,HEALTHY,37.7,-37.58
DIG_LOT07_COMP1218,LOT_07,DIGITAL_IC,CQFP-64,DIG-SIH-2026,THERMAL_BURN_IN,T07_1218,PROC-ISRO-IISU-01,ATE-STATION-01,CHAMBER-01,1.0,125.0,5.0,168,IDDQ,ELECTRICAL,uA,1.1541,874.0588,875.6425,881.9536,872.9047,24.579,2.0663,12.301,-0.0498,0.055,34.63,35.22,1.1541,874.0588,875.6425,881.9536,872.9047,50.0,True,ELECTROMIGRATION,HEALTHY,-23.98,-41.75
DIG_LOT07_COMP1219,LOT_07,DIGITAL_IC,CQFP-64,DIG-SIH-2026,THERMAL_BURN_IN,T07_1219,PROC-ISRO-IISU-01,ATE-STATION-01,CHAMBER-01,1.0,125.0,5.0,168,IDDQ,ELECTRICAL,uA,1.3303,1044.8798,1044.945,1044.9847,1043.5495,25.965,2.3288,13.348,0.0338,0.0004,33.46,33.66,1.3303,1044.8798,1044.945,1044.9847,1043.5495,50.0,False,NOMINAL,HEALTHY,-33.31,16.36
DIG_LOT07_COMP1220,LOT_07,DIGITAL_IC,CQFP-64,DIG-SIH-2026,THERMAL_BURN_IN,T07_1220,PROC-ISRO-IISU-01,ATE-STATION-01,CHAMBER-01,1.0,125.0,5.0,168,IDDQ,ELECTRICAL,uA,1.2394,959.0258,959.0877,959.1441,957.7864,26.427,2.3168,12.631,-0.0194,-0.0156,34.69,34.55,1.2394,959.0258,959.0877,959.1441,957.7864,50.0,False,NOMINAL,HEALTHY,-40.26,-5.05
DIG_LOT07_COMP1221,LOT_07,DIGITAL_IC,CQFP-64,DIG-SIH-2026,THERMAL_BURN_IN,T07_1221,PROC-ISRO-IISU-01,ATE-STATION-01,CHAMBER-01,1.0,125.0,5.0,168,IDDQ,ELECTRICAL,uA,1.3306,1032.697,1032.7538,1032.8511,1031.3664,25.792,2.1708,12.71,-0.0263,-0.0467,33.22,33.45,1.3306,1032.697,1032.7538,1032.8511,1031.3664,50.0,False,NOMINAL,HEALTHY,-2.71,49.17
DIG_LOT07_COMP1222,LOT_07,DIGITAL_IC,CQFP-64,DIG-SIH-2026,THERMAL_BURN_IN,T07_1222,PROC-ISRO-IISU-01,ATE-STATION-01,CHAMBER-01,1.0,125.0,5.0,168,IDDQ,ELECTRICAL,uA,1.4732,1136.4735,1136.5431,1136.6777,1135.0003,23.473,1.7833,13.015,0.0108,0.1161,33.26,32.74,1.4732,1136.4735,1136.5431,1136.6777,1135.0003,50.0,False,NOMINAL,HEALTHY,-33.45,18.63
DIG_LOT07_COMP1223,LOT_07,DIGITAL_IC,CQFP-64,DIG-SIH-2026,THERMAL_BURN_IN,T07_1223,PROC-ISRO-IISU-01,ATE-STATION-01,CHAMBER-01,1.0,125.0,5.0,168,IDDQ,ELECTRICAL,uA,1.09,863.269,863.2722,863.3315,862.179,26.251,1.8858,12.54,0.0217,0.0018,35.01,34.46,1.09,863.269,863.2722,863.3315,862.179,50.0,False,NOMINAL,HEALTHY,1.79,-42.8
DIG_LOT07_COMP1224,LOT_07,DIGITAL_IC,CQFP-64,DIG-SIH-2026,THERMAL_BURN_IN,T07_1224,PROC-ISRO-IISU-01,ATE-STATION-01,CHAMBER-01,1.0,125.0,5.0,168,IDDQ,ELECTRICAL,uA,1.3442,1046.7954,1046.8811,1046.9286,1045.4512,24.26,1.8109,12.622,0.0057,0.0249,33.66,33.9,1.3442,1046.7954,1046.8811,1046.9286,1045.4512,50.0,False,NOMINAL,HEALTHY,37.38,-49.12
DIG_LOT07_COMP1225,LOT_07,DIGITAL_IC,CQFP-64,DIG-SIH-2026,THERMAL_BURN_IN,T07_1225,PROC-ISRO-IISU-01,ATE-STATION-01,CHAMBER-01,1.0,125.0,5.0,168,IDDQ,ELECTRICAL,uA,1.2938,1002.1087,1002.1996,1002.2742,1000.8149,25.652,2.0732,12.508,-0.0268,0.0668,35.07,35.98,1.2938,1002.1087,1002.1996,1002.2742,1000.8149,50.0,False,NOMINAL,HEALTHY,-35.55,26.73
DIG_LOT07_COMP1226,LOT_07,DIGITAL_IC,CQFP-64,DIG-SIH-2026,THERMAL_BURN_IN,T07_1226,PROC-ISRO-IISU-01,ATE-STATION-01,CHAMBER-01,1.0,125.0,5.0,168,IDDQ,ELECTRICAL,uA,1.2842,999.322,999.407,999.4284,998.0378,24.603,1.9139,12.947,-0.012,0.0038,34.9,35.09,1.2842,999.322,999.407,999.4284,998.0378,50.0,False,NOMINAL,HEALTHY,-34.33,17.47
DIG_LOT07_COMP1227,LOT_07,DIGITAL_IC,CQFP-64,DIG-SIH-2026,THERMAL_BURN_IN,T07_1227,PROC-ISRO-IISU-01,ATE-STATION-01,CHAMBER-01,1.0,125.0,5.0,168,IDDQ,ELECTRICAL,uA,1.4765,1145.9393,1146.0872,1146.1073,1144.4628,27.451,1.9646,12.813,0.0322,-0.001,34.62,35.44,1.4765,1145.9393,1146.0872,1146.1073,1144.4628,50.0,False,NOMINAL,HEALTHY,-33.11,-14.83
DIG_LOT07_COMP1228,LOT_07,DIGITAL_IC,CQFP-64,DIG-SIH-2026,THERMAL_BURN_IN,T07_1228,PROC-ISRO-IISU-01,ATE-STATION-01,CHAMBER-01,1.0,125.0,5.0,168,IDDQ,ELECTRICAL,uA,1.5673,1219.6008,1219.6887,1219.7544,1218.0335,25.939,2.1151,12.467,0.0008,-0.0494,34.17,34.03,1.5673,1219.6008,1219.6887,1219.7544,1218.0335,50.0,False,NOMINAL,HEALTHY,37.14,-16.3
DIG_LOT07_COMP1229,LOT_07,DIGITAL_IC,CQFP-64,DIG-SIH-2026,THERMAL_BURN_IN,T07_1229,PROC-ISRO-IISU-01,ATE-STATION-01,CHAMBER-01,1.0,125.0,5.0,168,IDDQ,ELECTRICAL,uA,1.2622,988.5723,988.6567,988.6832,987.3101,25.756,2.1166,12.381,0.0191,-0.1499,34.12,34.52,1.2622,988.5723,988.6567,988.6832,987.3101,50.0,False,NOMINAL,HEALTHY,45.19,-28.66
DIG_LOT07_COMP1230,LOT_07,DIGITAL_IC,CQFP-64,DIG-SIH-2026,THERMAL_BURN_IN,T07_1230,PROC-ISRO-IISU-01,ATE-STATION-01,CHAMBER-01,1.0,125.0,5.0,168,IDDQ,ELECTRICAL,uA,1.0494,800.4702,800.5138,800.5065,799.4208,24.431,1.8502,13.475,0.0119,0.0877,37.79,38.0,1.0494,800.4702,800.5138,800.5065,799.4208,50.0,False,NOMINAL,HEALTHY,20.45,-10.31
DIG_LOT07_COMP1231,LOT_07,DIGITAL_IC,CQFP-64,DIG-SIH-2026,THERMAL_BURN_IN,T07_1231,PROC-ISRO-IISU-01,ATE-STATION-01,CHAMBER-01,1.0,125.0,5.0,168,IDDQ,ELECTRICAL,uA,1.0354,772.2043,772.2829,772.294,771.1689,25.294,2.2442,12.124,-0.0061,-0.0812,34.17,34.25,1.0354,772.2043,772.2829,772.294,771.1689,50.0,False,NOMINAL,HEALTHY,-14.44,26.8
DIG_LOT07_COMP1232,LOT_07,DIGITAL_IC,CQFP-64,DIG-SIH-2026,THERMAL_BURN_IN,T07_1232,PROC-ISRO-IISU-01,ATE-STATION-01,CHAMBER-01,1.0,125.0,5.0,168,IDDQ,ELECTRICAL,uA,1.3508,1023.4781,1023.592,1023.6049,1022.1273,25.107,2.455,14.399,-0.0083,0.0057,34.04,33.94,1.3508,1023.4781,1023.592,1023.6049,1022.1273,50.0,False,NOMINAL,HEALTHY,-21.2,-5.3
DIG_LOT07_COMP1233,LOT_07,DIGITAL_IC,CQFP-64,DIG-SIH-2026,THERMAL_BURN_IN,T07_1233,PROC-ISRO-IISU-01,ATE-STATION-01,CHAMBER-01,1.0,125.0,5.0,168,IDDQ,ELECTRICAL,uA,1.5334,1180.4987,1180.6164,1180.6015,1178.9653,25.254,1.9241,13.685,-0.0053,0.0238,35.27,35.26,1.5334,1180.4987,1180.6164,1180.6015,1178.9653,50.0,False,NOMINAL,HEALTHY,-3.71,3.82
DIG_LOT07_COMP1234,LOT_07,DIGITAL_IC,CQFP-64,DIG-SIH-2026,THERMAL_BURN_IN,T07_1234,PROC-ISRO-IISU-01,ATE-STATION-01,CHAMBER-01,1.0,125.0,5.0,168,IDDQ,ELECTRICAL,uA,1.1139,865.3404,865.4176,865.456,864.2265,22.047,2.0253,11.879,0.0027,-0.0046,34.6,34.28,1.1139,865.3404,865.4176,865.456,864.2265,50.0,False,NOMINAL,HEALTHY,-25.23,26.67
DIG_LOT07_COMP1235,LOT_07,DIGITAL_IC,CQFP-64,DIG-SIH-2026,THERMAL_BURN_IN,T07_1235,PROC-ISRO-IISU-01,ATE-STATION-01,CHAMBER-01,1.0,125.0,5.0,168,IDDQ,ELECTRICAL,uA,1.2754,974.6856,974.7138,974.7812,973.4102,27.381,2.0541,13.321,-0.011,-0.0261,34.16,34.32,1.2754,974.6856,974.7138,974.7812,973.4102,50.0,False,NOMINAL,HEALTHY,-34.66,-12.9
DIG_LOT07_COMP1236,LOT_07,DIGITAL_IC,CQFP-64,DIG-SIH-2026,THERMAL_BURN_IN,T07_1236,PROC-ISRO-IISU-01,ATE-STATION-01,CHAMBER-01,1.0,125.0,5.0,168,IDDQ,ELECTRICAL,uA,1.326,1021.884,1021.9383,1021.9856,1020.558,25.898,2.0343,12.608,-0.0096,-0.0193,33.23,33.19,1.326,1021.884,1021.9383,1021.9856,1020.558,50.0,False,NOMINAL,HEALTHY,-47.59,-0.29
DIG_LOT07_COMP1237,LOT_07,DIGITAL_IC,CQFP-64,DIG-SIH-2026,THERMAL_BURN_IN,T07_1237,PROC-ISRO-IISU-01,ATE-STATION-01,CHAMBER-01,1.0,125.0,5.0,168,IDDQ,ELECTRICAL,uA,1.2164,924.614,924.7026,924.7593,923.3976,26.855,2.4689,12.724,-0.0227,0.0023,34.19,34.15,1.2164,924.614,924.7026,924.7593,923.3976,50.0,False,NOMINAL,HEALTHY,11.22,-19.72
DIG_LOT07_COMP1238,LOT_07,DIGITAL_IC,CQFP-64,DIG-SIH-2026,THERMAL_BURN_IN,T07_1238,PROC-ISRO-IISU-01,ATE-STATION-01,CHAMBER-01,1.0,125.0,5.0,168,IDDQ,ELECTRICAL,uA,1.3702,1053.4783,1053.5765,1053.5773,1052.1081,22.254,1.9695,12.71,0.0398,0.0049,33.61,32.96,1.3702,1053.4783,1053.5765,1053.5773,1052.1081,50.0,False,NOMINAL,HEALTHY,-26.37,-22.47
DIG_LOT07_COMP1239,LOT_07,DIGITAL_IC,CQFP-64,DIG-SIH-2026,THERMAL_BURN_IN,T07_1239,PROC-ISRO-IISU-01,ATE-STATION-01,CHAMBER-01,1.0,125.0,5.0,168,IDDQ,ELECTRICAL,uA,1.3768,1060.5514,1060.6267,1060.6781,1059.1746,25.936,1.7062,10.73,0.0013,0.1025,34.69,35.5,1.3768,1060.5514,1060.6267,1060.6781,1059.1746,50.0,False,NOMINAL,HEALTHY,-30.08,4.76
DIG_LOT07_COMP1240,LOT_07,DIGITAL_IC,CQFP-64,DIG-SIH-2026,THERMAL_BURN_IN,T07_1240,PROC-ISRO-IISU-01,ATE-STATION-01,CHAMBER-01,1.0,125.0,5.0,168,IDDQ,ELECTRICAL,uA,1.2221,952.7633,952.8104,952.8713,951.5412,24.215,2.2664,11.626,0.0041,0.011,34.09,34.4,1.2221,952.7633,952.8104,952.8713,951.5412,50.0,False,NOMINAL,HEALTHY,-45.44,14.97
DIG_LOT07_COMP1241,LOT_07,DIGITAL_IC,CQFP-64,DIG-SIH-2026,THERMAL_BURN_IN,T07_1241,PROC-ISRO-IISU-01,ATE-STATION-01,CHAMBER-01,1.0,125.0,5.0,168,IDDQ,ELECTRICAL,uA,1.1617,890.558,890.625,890.6685,889.3963,25.732,2.0791,11.35,-0.0513,0.0204,34.7,34.21,1.1617,890.558,890.625,890.6685,889.3963,50.0,False,NOMINAL,HEALTHY,44.17,27.09
DIG_LOT07_COMP1242,LOT_07,DIGITAL_IC,CQFP-64,DIG-SIH-2026,THERMAL_BURN_IN,T07_1242,PROC-ISRO-IISU-01,ATE-STATION-01,CHAMBER-01,1.0,125.0,5.0,168,IDDQ,ELECTRICAL,uA,1.2304,937.5388,937.6718,937.6789,936.3084,25.156,1.3264,12.142,-0.0029,-0.0213,36.57,37.08,1.2304,937.5388,937.6718,937.6789,936.3084,50.0,False,NOMINAL,HEALTHY,45.29,-25.95
DIG_LOT07_COMP1243,LOT_07,DIGITAL_IC,CQFP-64,DIG-SIH-2026,THERMAL_BURN_IN,T07_1243,PROC-ISRO-IISU-01,ATE-STATION-01,CHAMBER-01,1.0,125.0,5.0,168,IDDQ,ELECTRICAL,uA,1.3295,1029.639,1029.6819,1029.7159,1028.3095,22.096,1.9932,12.481,0.0286,0.0358,34.24,33.78,1.3295,1029.639,1029.6819,1029.7159,1028.3095,50.0,False,NOMINAL,HEALTHY,-39.25,-9.13
DIG_LOT07_COMP1244,LOT_07,DIGITAL_IC,CQFP-64,DIG-SIH-2026,THERMAL_BURN_IN,T07_1244,PROC-ISRO-IISU-01,ATE-STATION-01,CHAMBER-01,1.0,125.0,5.0,168,IDDQ,ELECTRICAL,uA,1.4262,1091.8703,1091.9982,1091.9946,1090.4441,24.563,2.6143,11.791,0.0108,0.0137,37.97,37.7,1.4262,1091.8703,1091.9982,1091.9946,1090.4441,50.0,False,NOMINAL,HEALTHY,20.25,33.26
DIG_LOT07_COMP1245,LOT_07,DIGITAL_IC,CQFP-64,DIG-SIH-2026,THERMAL_BURN_IN,T07_1245,PROC-ISRO-IISU-01,ATE-STATION-01,CHAMBER-01,1.0,125.0,5.0,168,IDDQ,ELECTRICAL,uA,1.126,870.4249,870.4809,870.553,869.2989,22.666,1.5349,11.713,-0.0287,0.0178,36.6,36.89,1.126,870.4249,870.4809,870.553,869.2989,50.0,False,NOMINAL,HEALTHY,-7.33,20.5
DIG_LOT07_COMP1246,LOT_07,DIGITAL_IC,CQFP-64,DIG-SIH-2026,THERMAL_BURN_IN,T07_1246,PROC-ISRO-IISU-01,ATE-STATION-01,CHAMBER-01,1.0,125.0,5.0,168,IDDQ,ELECTRICAL,uA,1.352,1045.2897,1045.3473,1045.3932,1043.9377,24.274,1.93,12.74,-0.0071,-0.0766,33.95,34.18,1.352,1045.2897,1045.3473,1045.3932,1043.9377,50.0,False,NOMINAL,HEALTHY,-40.83,-38.97
DIG_LOT07_COMP1247,LOT_07,DIGITAL_IC,CQFP-64,DIG-SIH-2026,THERMAL_BURN_IN,T07_1247,PROC-ISRO-IISU-01,ATE-STATION-01,CHAMBER-01,1.0,125.0,5.0,168,IDDQ,ELECTRICAL,uA,1.3977,1099.8976,1099.9768,1100.1259,1098.4999,25.797,2.2068,11.968,0.0036,-0.0505,34.33,34.5,1.3977,1099.8976,1099.9768,1100.1259,1098.4999,50.0,False,NOMINAL,HEALTHY,-10.3,-25.71
DIG_LOT07_COMP1248,LOT_07,DIGITAL_IC,CQFP-64,DIG-SIH-2026,THERMAL_BURN_IN,T07_1248,PROC-ISRO-IISU-01,ATE-STATION-01,CHAMBER-01,1.0,125.0,5.0,168,IDDQ,ELECTRICAL,uA,1.3435,1036.7563,1036.8648,1036.9591,1035.4128,25.9,2.0396,12.32,-0.0148,0.0044,33.04,32.74,1.3435,1036.7563,1036.8648,1036.9591,1035.4128,50.0,False,NOMINAL,HEALTHY,30.73,-46.48
DIG_LOT07_COMP1249,LOT_07,DIGITAL_IC,CQFP-64,DIG-SIH-2026,THERMAL_BURN_IN,T07_1249,PROC-ISRO-IISU-01,ATE-STATION-01,CHAMBER-01,1.0,125.0,5.0,168,IDDQ,ELECTRICAL,uA,1.0813,857.0457,857.0993,857.1883,855.9644,24.968,1.4453,13.271,-0.0035,0.1201,33.49,33.32,1.0813,857.0457,857.0993,857.1883,855.9644,50.0,False,NOMINAL,HEALTHY,1.31,32.68
DIG_LOT07_COMP1250,LOT_07,DIGITAL_IC,CQFP-64,DIG-SIH-2026,THERMAL_BURN_IN,T07_1250,PROC-ISRO-IISU-01,ATE-STATION-01,CHAMBER-01,1.0,125.0,5.0,168,IDDQ,ELECTRICAL,uA,1.4773,1124.0838,1124.1795,1124.1834,1122.6065,23.591,2.1218,13.453,-0.0084,0.0303,35.03,35.54,1.4773,1124.0838,1124.1795,1124.1834,1122.6065,50.0,False,NOMINAL,HEALTHY,-1.23,-23.45
DIG_LOT07_COMP1251,LOT_07,DIGITAL_IC,CQFP-64,DIG-SIH-2026,THERMAL_BURN_IN,T07_1251,PROC-ISRO-IISU-01,ATE-STATION-01,CHAMBER-01,1.0,125.0,5.0,168,IDDQ,ELECTRICAL,uA,6.3065,4854.8141,4855.084,4855.2265,4848.5076,21.969,2.2496,11.914,0.0265,0.0559,33.39,33.43,6.3065,4854.8141,4855.084,4855.2265,4848.5076,50.0,True,SPATIAL_OUTLIER,HEALTHY,-33.46,-17.77
DIG_LOT07_COMP1252,LOT_07,DIGITAL_IC,CQFP-64,DIG-SIH-2026,THERMAL_BURN_IN,T07_1252,PROC-ISRO-IISU-01,ATE-STATION-01,CHAMBER-01,1.0,125.0,5.0,168,IDDQ,ELECTRICAL,uA,1.2337,949.7659,949.8676,949.9189,948.5322,25.819,1.9718,12.286,-0.0189,-0.0642,33.49,32.83,1.2337,949.7659,949.8676,949.9189,948.5322,50.0,False,NOMINAL,HEALTHY,2.59,-26.33
DIG_LOT07_COMP1253,LOT_07,DIGITAL_IC,CQFP-64,DIG-SIH-2026,THERMAL_BURN_IN,T07_1253,PROC-ISRO-IISU-01,ATE-STATION-01,CHAMBER-01,1.0,125.0,5.0,168,IDDQ,ELECTRICAL,uA,1.2753,996.8082,996.8801,996.9093,995.5329,22.879,2.2635,12.364,0.0173,0.0523,36.51,36.37,1.2753,996.8082,996.8801,996.9093,995.5329,50.0,False,NOMINAL,HEALTHY,-5.89,-49.41
DIG_LOT07_COMP1254,LOT_07,DIGITAL_IC,CQFP-64,DIG-SIH-2026,THERMAL_BURN_IN,T07_1254,PROC-ISRO-IISU-01,ATE-STATION-01,CHAMBER-01,1.0,125.0,5.0,168,IDDQ,ELECTRICAL,uA,1.3981,1077.8234,1077.9061,1077.9835,1076.4253,25.592,2.2932,13.306,-0.0039,0.0619,36.81,35.97,1.3981,1077.8234,1077.9061,1077.9835,1076.4253,50.0,False,NOMINAL,HEALTHY,-40.48,36.8
DIG_LOT07_COMP1255,LOT_07,DIGITAL_IC,CQFP-64,DIG-SIH-2026,THERMAL_BURN_IN,T07_1255,PROC-ISRO-IISU-01,ATE-STATION-01,CHAMBER-01,1.0,125.0,5.0,168,IDDQ,ELECTRICAL,uA,1.3738,1049.4168,1049.5047,1049.5434,1048.043,23.481,1.7765,13.212,-0.0154,0.0159,36.62,36.39,1.3738,1049.4168,1049.5047,1049.5434,1048.043,50.0,False,NOMINAL,HEALTHY,47.22,-30.61
DIG_LOT07_COMP1256,LOT_07,DIGITAL_IC,CQFP-64,DIG-SIH-2026,THERMAL_BURN_IN,T07_1256,PROC-ISRO-IISU-01,ATE-STATION-01,CHAMBER-01,1.0,125.0,5.0,168,IDDQ,ELECTRICAL,uA,1.1726,915.1457,915.2444,915.2753,913.9731,23.784,1.6703,13.008,0.0053,-0.0151,35.9,35.25,1.1726,915.1457,915.2444,915.2753,913.9731,50.0,False,NOMINAL,HEALTHY,-42.1,38.25
DIG_LOT07_COMP1257,LOT_07,DIGITAL_IC,CQFP-64,DIG-SIH-2026,THERMAL_BURN_IN,T07_1257,PROC-ISRO-IISU-01,ATE-STATION-01,CHAMBER-01,1.0,125.0,5.0,168,IDDQ,ELECTRICAL,uA,1.4261,1092.5728,1092.681,1092.6861,1091.1467,25.72,2.0419,13.868,0.0078,-0.0063,37.77,37.98,1.4261,1092.5728,1092.681,1092.6861,1091.1467,50.0,False,NOMINAL,HEALTHY,-24.17,31.96
DIG_LOT07_COMP1258,LOT_07,DIGITAL_IC,CQFP-64,DIG-SIH-2026,THERMAL_BURN_IN,T07_1258,PROC-ISRO-IISU-01,ATE-STATION-01,CHAMBER-01,1.0,125.0,5.0,168,IDDQ,ELECTRICAL,uA,1.3996,1083.5342,1083.6115,1083.6666,1082.1346,23.959,1.5985,11.901,-0.0071,0.0391,33.65,34.11,1.3996,1083.5342,1083.6115,1083.6666,1082.1346,50.0,False,NOMINAL,HEALTHY,-25.07,-2.11
DIG_LOT07_COMP1259,LOT_07,DIGITAL_IC,CQFP-64,DIG-SIH-2026,THERMAL_BURN_IN,T07_1259,PROC-ISRO-IISU-01,ATE-STATION-01,CHAMBER-01,1.0,125.0,5.0,168,IDDQ,ELECTRICAL,uA,1.3791,1055.6167,1055.6905,1055.7491,1054.2376,23.513,1.6991,12.194,0.0004,-0.0115,34.59,34.54,1.3791,1055.6167,1055.6905,1055.7491,1054.2376,50.0,False,NOMINAL,HEALTHY,-30.09,-11.12
DIG_LOT07_COMP1260,LOT_07,DIGITAL_IC,CQFP-64,DIG-SIH-2026,THERMAL_BURN_IN,T07_1260,PROC-ISRO-IISU-01,ATE-STATION-01,CHAMBER-01,1.0,125.0,5.0,168,IDDQ,ELECTRICAL,uA,1.3632,1051.8165,1051.8638,1051.9303,1050.4533,24.193,1.3576,12.043,0.0176,0.0722,36.28,36.97,1.3632,1051.8165,1051.8638,1051.9303,1050.4533,50.0,False,NOMINAL,HEALTHY,-5.26,-48.57
DIG_LOT07_COMP1261,LOT_07,DIGITAL_IC,CQFP-64,DIG-SIH-2026,THERMAL_BURN_IN,T07_1261,PROC-ISRO-IISU-01,ATE-STATION-01,CHAMBER-01,1.0,125.0,5.0,168,IDDQ,ELECTRICAL,uA,1.045,817.5002,817.5573,817.6243,816.4552,26.565,2.1712,12.903,-0.0122,0.016,34.62,34.48,1.045,817.5002,817.5573,817.6243,816.4552,50.0,False,NOMINAL,HEALTHY,-26.41,17.76
DIG_LOT07_COMP1262,LOT_07,DIGITAL_IC,CQFP-64,DIG-SIH-2026,THERMAL_BURN_IN,T07_1262,PROC-ISRO-IISU-01,ATE-STATION-01,CHAMBER-01,1.0,125.0,5.0,168,IDDQ,ELECTRICAL,uA,1.4412,1121.8333,1121.9508,1121.9961,1120.3921,24.375,1.7641,11.812,0.0031,-0.0236,34.16,34.72,1.4412,1121.8333,1121.9508,1121.9961,1120.3921,50.0,False,NOMINAL,HEALTHY,-0.9,15.82
DIG_LOT07_COMP1263,LOT_07,DIGITAL_IC,CQFP-64,DIG-SIH-2026,THERMAL_BURN_IN,T07_1263,PROC-ISRO-IISU-01,ATE-STATION-01,CHAMBER-01,1.0,125.0,5.0,168,IDDQ,ELECTRICAL,uA,1.2969,994.6869,994.7216,994.7333,993.39,26.443,2.0455,11.965,0.0112,0.0287,37.12,36.96,1.2969,994.6869,994.7216,994.7333,993.39,50.0,False,NOMINAL,HEALTHY,-48.49,36.75
DIG_LOT07_COMP1264,LOT_07,DIGITAL_IC,CQFP-64,DIG-SIH-2026,THERMAL_BURN_IN,T07_1264,PROC-ISRO-IISU-01,ATE-STATION-01,CHAMBER-01,1.0,125.0,5.0,168,IDDQ,ELECTRICAL,uA,1.0171,764.7323,764.7597,764.8167,763.7152,25.692,1.9346,12.738,-0.0153,0.0522,34.13,33.44,1.0171,764.7323,764.7597,764.8167,763.7152,50.0,False,NOMINAL,HEALTHY,-33.21,10.21
DIG_LOT07_COMP1265,LOT_07,DIGITAL_IC,CQFP-64,DIG-SIH-2026,THERMAL_BURN_IN,T07_1265,PROC-ISRO-IISU-01,ATE-STATION-01,CHAMBER-01,1.0,125.0,5.0,168,IDDQ,ELECTRICAL,uA,1.2376,949.3466,949.3875,949.4724,948.109,24.579,2.6625,12.589,0.0156,0.0529,35.93,35.86,1.2376,949.3466,949.3875,949.4724,948.109,50.0,False,NOMINAL,HEALTHY,35.6,-49.77
DIG_LOT07_COMP1266,LOT_07,DIGITAL_IC,CQFP-64,DIG-SIH-2026,THERMAL_BURN_IN,T07_1266,PROC-ISRO-IISU-01,ATE-STATION-01,CHAMBER-01,1.0,125.0,5.0,168,IDDQ,ELECTRICAL,uA,1.541,1200.6836,1200.7417,1200.7911,1199.1426,23.96,2.241,12.011,0.0062,-0.0402,34.73,35.47,1.541,1200.6836,1200.7417,1200.7911,1199.1426,50.0,False,NOMINAL,HEALTHY,45.49,-39.03
DIG_LOT07_COMP1267,LOT_07,DIGITAL_IC,CQFP-64,DIG-SIH-2026,THERMAL_BURN_IN,T07_1267,PROC-ISRO-IISU-01,ATE-STATION-01,CHAMBER-01,1.0,125.0,5.0,168,IDDQ,ELECTRICAL,uA,1.2745,983.177,983.2228,983.2254,981.9025,24.512,2.2855,12.437,-0.0281,0.0064,34.55,34.68,1.2745,983.177,983.2228,983.2254,981.9025,50.0,False,NOMINAL,HEALTHY,-21.6,17.0
DIG_LOT07_COMP1268,LOT_07,DIGITAL_IC,CQFP-64,DIG-SIH-2026,THERMAL_BURN_IN,T07_1268,PROC-ISRO-IISU-01,ATE-STATION-01,CHAMBER-01,1.0,125.0,5.0,168,IDDQ,ELECTRICAL,uA,1.47,1124.499,1126.2264,1133.3217,1123.029,23.646,1.7266,11.768,0.0021,0.0087,35.59,35.93,1.47,1124.499,1126.2264,1133.3217,1123.029,50.0,True,ELECTROMIGRATION,HEALTHY,35.29,40.82
DIG_LOT07_COMP1269,LOT_07,DIGITAL_IC,CQFP-64,DIG-SIH-2026,THERMAL_BURN_IN,T07_1269,PROC-ISRO-IISU-01,ATE-STATION-01,CHAMBER-01,1.0,125.0,5.0,168,IDDQ,ELECTRICAL,uA,1.1038,836.3263,836.4444,836.3646,835.2225,25.255,1.6753,12.252,-0.008,0.0623,34.62,35.96,1.1038,836.3263,836.4444,836.3646,835.2225,50.0,False,NOMINAL,HEALTHY,2.97,35.73
DIG_LOT07_COMP1270,LOT_07,DIGITAL_IC,CQFP-64,DIG-SIH-2026,THERMAL_BURN_IN,T07_1270,PROC-ISRO-IISU-01,ATE-STATION-01,CHAMBER-01,1.0,125.0,5.0,168,IDDQ,ELECTRICAL,uA,1.3988,1073.9615,1074.0316,1074.0443,1072.5627,26.901,2.3416,11.833,-0.0149,0.0154,33.16,33.1,1.3988,1073.9615,1074.0316,1074.0443,1072.5627,50.0,False,NOMINAL,HEALTHY,27.73,-22.09
DIG_LOT07_COMP1271,LOT_07,DIGITAL_IC,CQFP-64,DIG-SIH-2026,THERMAL_BURN_IN,T07_1271,PROC-ISRO-IISU-01,ATE-STATION-01,CHAMBER-01,1.0,125.0,5.0,168,IDDQ,ELECTRICAL,uA,1.3777,1069.7146,1069.7942,1069.8467,1068.3369,26.753,2.012,12.04,-0.0278,-0.0813,34.44,34.82,1.3777,1069.7146,1069.7942,1069.8467,1068.3369,50.0,False,NOMINAL,HEALTHY,-35.07,9.96
DIG_LOT07_COMP1272,LOT_07,DIGITAL_IC,CQFP-64,DIG-SIH-2026,THERMAL_BURN_IN,T07_1272,PROC-ISRO-IISU-01,ATE-STATION-01,CHAMBER-01,1.0,125.0,5.0,168,IDDQ,ELECTRICAL,uA,1.2796,983.847,983.9544,984.0233,982.5674,24.943,1.5513,14.022,0.0107,0.0081,33.91,34.84,1.2796,983.847,983.9544,984.0233,982.5674,50.0,False,NOMINAL,HEALTHY,-17.86,46.63
DIG_LOT07_COMP1273,LOT_07,DIGITAL_IC,CQFP-64,DIG-SIH-2026,THERMAL_BURN_IN,T07_1273,PROC-ISRO-IISU-01,ATE-STATION-01,CHAMBER-01,1.0,125.0,5.0,168,IDDQ,ELECTRICAL,uA,1.4823,1152.4991,1152.5911,1152.6124,1151.0168,26.672,1.7748,12.774,-0.0036,-0.0343,32.47,32.21,1.4823,1152.4991,1152.5911,1152.6124,1151.0168,50.0,False,NOMINAL,HEALTHY,-7.21,40.68
DIG_LOT07_COMP1274,LOT_07,DIGITAL_IC,CQFP-64,DIG-SIH-2026,THERMAL_BURN_IN,T07_1274,PROC-ISRO-IISU-01,ATE-STATION-01,CHAMBER-01,1.0,125.0,5.0,168,IDDQ,ELECTRICAL,uA,1.2228,932.9934,933.0568,933.1001,931.7706,26.429,2.1006,12.718,0.0036,-0.0463,35.62,35.61,1.2228,932.9934,933.0568,933.1001,931.7706,50.0,False,NOMINAL,HEALTHY,10.28,-10.02
DIG_LOT07_COMP1275,LOT_07,DIGITAL_IC,CQFP-64,DIG-SIH-2026,THERMAL_BURN_IN,T07_1275,PROC-ISRO-IISU-01,ATE-STATION-01,CHAMBER-01,1.0,125.0,5.0,168,IDDQ,ELECTRICAL,uA,1.4403,1092.7272,1092.8089,1092.873,1091.2869,25.968,1.5513,12.058,0.0371,0.0113,36.66,36.02,1.4403,1092.7272,1092.8089,1092.873,1091.2869,50.0,False,NOMINAL,HEALTHY,37.49,19.96
DIG_LOT07_COMP1276,LOT_07,DIGITAL_IC,CQFP-64,DIG-SIH-2026,THERMAL_BURN_IN,T07_1276,PROC-ISRO-IISU-01,ATE-STATION-01,CHAMBER-01,1.0,125.0,5.0,168,IDDQ,ELECTRICAL,uA,1.1879,933.5949,933.6291,933.633,932.407,24.308,1.835,12.686,0.0035,-0.0252,34.92,35.23,1.1879,933.5949,933.6291,933.633,932.407,50.0,False,NOMINAL,HEALTHY,37.39,-10.63
DIG_LOT07_COMP1277,LOT_07,DIGITAL_IC,CQFP-64,DIG-SIH-2026,THERMAL_BURN_IN,T07_1277,PROC-ISRO-IISU-01,ATE-STATION-01,CHAMBER-01,1.0,125.0,5.0,168,IDDQ,ELECTRICAL,uA,1.4799,1137.3447,1137.4344,1137.417,1135.8648,24.188,1.8675,12.216,-0.0233,-0.0168,36.38,36.29,1.4799,1137.3447,1137.4344,1137.417,1135.8648,50.0,False,NOMINAL,HEALTHY,24.7,-7.9
DIG_LOT07_COMP1278,LOT_07,DIGITAL_IC,CQFP-64,DIG-SIH-2026,THERMAL_BURN_IN,T07_1278,PROC-ISRO-IISU-01,ATE-STATION-01,CHAMBER-01,1.0,125.0,5.0,168,IDDQ,ELECTRICAL,uA,1.4807,1126.3618,1126.4649,1126.5116,1124.8811,21.811,1.9334,11.222,-0.0006,-0.0775,32.59,32.51,1.4807,1126.3618,1126.4649,1126.5116,1124.8811,50.0,False,NOMINAL,HEALTHY,0.29,30.21
DIG_LOT07_COMP1279,LOT_07,DIGITAL_IC,CQFP-64,DIG-SIH-2026,THERMAL_BURN_IN,T07_1279,PROC-ISRO-IISU-01,ATE-STATION-01,CHAMBER-01,1.0,125.0,5.0,168,IDDQ,ELECTRICAL,uA,1.3332,1038.6645,1038.7679,1038.7995,1037.3313,28.803,2.0333,14.015,0.0293,0.0078,34.32,35.02,1.3332,1038.6645,1038.7679,1038.7995,1037.3313,50.0,False,NOMINAL,HEALTHY,0.25,24.31
DIG_LOT07_COMP1280,LOT_07,DIGITAL_IC,CQFP-64,DIG-SIH-2026,THERMAL_BURN_IN,T07_1280,PROC-ISRO-IISU-01,ATE-STATION-01,CHAMBER-01,1.0,125.0,5.0,168,IDDQ,ELECTRICAL,uA,1.3803,1072.6788,1072.7403,1072.7866,1071.2985,23.377,2.3248,13.665,-0.0108,-0.0536,35.16,34.64,1.3803,1072.6788,1072.7403,1072.7866,1071.2985,50.0,False,NOMINAL,HEALTHY,-1.97,22.84
DIG_LOT07_COMP1281,LOT_07,DIGITAL_IC,CQFP-64,DIG-SIH-2026,THERMAL_BURN_IN,T07_1281,PROC-ISRO-IISU-01,ATE-STATION-01,CHAMBER-01,1.0,125.0,5.0,168,IDDQ,ELECTRICAL,uA,1.0945,844.0932,844.1478,844.2302,842.9987,25.097,2.312,11.66,-0.0087,0.0212,37.07,36.84,1.0945,844.0932,844.1478,844.2302,842.9987,50.0,False,NOMINAL,HEALTHY,-23.22,-4.88
DIG_LOT07_COMP1282,LOT_07,DIGITAL_IC,CQFP-64,DIG-SIH-2026,THERMAL_BURN_IN,T07_1282,PROC-ISRO-IISU-01,ATE-STATION-01,CHAMBER-01,1.0,125.0,5.0,168,IDDQ,ELECTRICAL,uA,1.5862,1225.6483,1225.7388,1225.7484,1224.0621,23.948,1.9298,13.171,-0.0032,0.0443,35.64,35.6,1.5862,1225.6483,1225.7388,1225.7484,1224.0621,50.0,False,NOMINAL,HEALTHY,6.53,-29.89
DIG_LOT07_COMP1283,LOT_07,DIGITAL_IC,CQFP-64,DIG-SIH-2026,THERMAL_BURN_IN,T07_1283,PROC-ISRO-IISU-01,ATE-STATION-01,CHAMBER-01,1.0,125.0,5.0,168,IDDQ,ELECTRICAL,uA,1.3567,1059.1429,1059.1951,1059.3059,1057.7862,26.411,1.0831,12.397,0.0004,0.072,36.51,36.46,1.3567,1059.1429,1059.1951,1059.3059,1057.7862,50.0,False,NOMINAL,HEALTHY,46.29,1.56
DIG_LOT07_COMP1284,LOT_07,DIGITAL_IC,CQFP-64,DIG-SIH-2026,THERMAL_BURN_IN,T07_1284,PROC-ISRO-IISU-01,ATE-STATION-01,CHAMBER-01,1.0,125.0,5.0,168,IDDQ,ELECTRICAL,uA,1.4514,1113.1473,1113.2121,1113.2974,1111.6959,25.331,2.1473,13.224,0.0206,0.0866,34.5,33.96,1.4514,1113.1473,1113.2121,1113.2974,1111.6959,50.0,False,NOMINAL,HEALTHY,33.71,-11.36
DIG_LOT07_COMP1285,LOT_07,DIGITAL_IC,CQFP-64,DIG-SIH-2026,THERMAL_BURN_IN,T07_1285,PROC-ISRO-IISU-01,ATE-STATION-01,CHAMBER-01,1.0,125.0,5.0,168,IDDQ,ELECTRICAL,uA,1.2679,969.6432,971.0813,977.124,968.3753,24.387,1.7863,11.593,0.0054,-0.0781,35.28,35.56,1.2679,969.6432,971.0813,977.124,968.3753,50.0,True,ELECTROMIGRATION,HEALTHY,-18.28,-13.58
DIG_LOT07_COMP1286,LOT_07,DIGITAL_IC,CQFP-64,DIG-SIH-2026,THERMAL_BURN_IN,T07_1286,PROC-ISRO-IISU-01,ATE-STATION-01,CHAMBER-01,1.0,125.0,5.0,168,IDDQ,ELECTRICAL,uA,1.1863,936.8951,936.9363,936.9141,935.7088,23.675,2.0089,12.381,-0.0294,0.0969,34.45,34.46,1.1863,936.8951,936.9363,936.9141,935.7088,50.0,False,NOMINAL,HEALTHY,-3.83,43.0
DIG_LOT07_COMP1287,LOT_07,DIGITAL_IC,CQFP-64,DIG-SIH-2026,THERMAL_BURN_IN,T07_1287,PROC-ISRO-IISU-01,ATE-STATION-01,CHAMBER-01,1.0,125.0,5.0,168,IDDQ,ELECTRICAL,uA,1.3058,991.2059,991.3291,991.3523,989.9001,25.923,1.7639,12.465,-0.0165,0.0218,34.05,34.21,1.3058,991.2059,991.3291,991.3523,989.9001,50.0,False,NOMINAL,HEALTHY,-7.94,-41.87
DIG_LOT07_COMP1288,LOT_07,DIGITAL_IC,CQFP-64,DIG-SIH-2026,THERMAL_BURN_IN,T07_1288,PROC-ISRO-IISU-01,ATE-STATION-01,CHAMBER-01,1.0,125.0,5.0,168,IDDQ,ELECTRICAL,uA,1.3493,1047.4512,1047.5131,1047.5643,1046.1019,24.672,2.0388,11.101,0.0021,-0.0144,34.68,34.44,1.3493,1047.4512,1047.5131,1047.5643,1046.1019,50.0,False,NOMINAL,HEALTHY,9.23,49.42
DIG_LOT07_COMP1289,LOT_07,DIGITAL_IC,CQFP-64,DIG-SIH-2026,THERMAL_BURN_IN,T07_1289,PROC-ISRO-IISU-01,ATE-STATION-01,CHAMBER-01,1.0,125.0,5.0,168,IDDQ,ELECTRICAL,uA,1.5022,1156.919,1157.0161,1157.0136,1155.4168,26.219,2.0439,13.653,0.0045,0.0523,33.41,32.62,1.5022,1156.919,1157.0161,1157.0136,1155.4168,50.0,False,NOMINAL,HEALTHY,-5.75,-32.5
DIG_LOT07_COMP1290,LOT_07,DIGITAL_IC,CQFP-64,DIG-SIH-2026,THERMAL_BURN_IN,T07_1290,PROC-ISRO-IISU-01,ATE-STATION-01,CHAMBER-01,1.0,125.0,5.0,168,IDDQ,ELECTRICAL,uA,1.1456,883.8165,883.931,883.9037,882.6709,25.135,1.9119,12.221,0.0149,-0.0266,36.74,37.02,1.1456,883.8165,883.931,883.9037,882.6709,50.0,False,NOMINAL,HEALTHY,43.44,13.07
DIG_LOT07_COMP1291,LOT_07,DIGITAL_IC,CQFP-64,DIG-SIH-2026,THERMAL_BURN_IN,T07_1291,PROC-ISRO-IISU-01,ATE-STATION-01,CHAMBER-01,1.0,125.0,5.0,168,IDDQ,ELECTRICAL,uA,1.4912,1140.1368,1140.1835,1140.2474,1138.6456,28.15,1.8802,11.981,0.009,-0.0216,35.63,35.41,1.4912,1140.1368,1140.1835,1140.2474,1138.6456,50.0,False,NOMINAL,HEALTHY,-18.15,-21.8
DIG_LOT07_COMP1292,LOT_07,DIGITAL_IC,CQFP-64,DIG-SIH-2026,THERMAL_BURN_IN,T07_1292,PROC-ISRO-IISU-01,ATE-STATION-01,CHAMBER-01,1.0,125.0,5.0,168,IDDQ,ELECTRICAL,uA,1.3124,991.9186,991.9687,991.9867,990.6062,22.887,1.833,12.047,-0.0003,-0.0411,35.45,35.61,1.3124,991.9186,991.9687,991.9867,990.6062,50.0,False,NOMINAL,HEALTHY,-1.86,-37.26
DIG_LOT07_COMP1293,LOT_07,DIGITAL_IC,CQFP-64,DIG-SIH-2026,THERMAL_BURN_IN,T07_1293,PROC-ISRO-IISU-01,ATE-STATION-01,CHAMBER-01,1.0,125.0,5.0,168,IDDQ,ELECTRICAL,uA,1.4317,1090.4568,1090.5361,1090.4958,1089.0251,24.666,2.0707,12.48,-0.011,0.0317,34.1,34.13,1.4317,1090.4568,1090.5361,1090.4958,1089.0251,50.0,False,NOMINAL,HEALTHY,-24.43,30.75
DIG_LOT07_COMP1294,LOT_07,DIGITAL_IC,CQFP-64,DIG-SIH-2026,THERMAL_BURN_IN,T07_1294,PROC-ISRO-IISU-01,ATE-STATION-01,CHAMBER-01,1.0,125.0,5.0,168,IDDQ,ELECTRICAL,uA,1.2961,987.6937,987.7798,987.8119,986.3976,24.927,1.3765,13.522,-0.0282,-0.0162,35.47,36.17,1.2961,987.6937,987.7798,987.8119,986.3976,50.0,False,NOMINAL,HEALTHY,15.37,0.15
DIG_LOT07_COMP1295,LOT_07,DIGITAL_IC,CQFP-64,DIG-SIH-2026,THERMAL_BURN_IN,T07_1295,PROC-ISRO-IISU-01,ATE-STATION-01,CHAMBER-01,1.0,125.0,5.0,168,IDDQ,ELECTRICAL,uA,1.1583,904.6284,904.6646,904.7191,903.4701,23.626,1.976,14.076,-0.0087,0.0624,33.44,33.33,1.1583,904.6284,904.6646,904.7191,903.4701,50.0,False,NOMINAL,HEALTHY,-23.92,-8.82
DIG_LOT07_COMP1296,LOT_07,DIGITAL_IC,CQFP-64,DIG-SIH-2026,THERMAL_BURN_IN,T07_1296,PROC-ISRO-IISU-01,ATE-STATION-01,CHAMBER-01,1.0,125.0,5.0,168,IDDQ,ELECTRICAL,uA,1.6825,1272.8795,1272.9861,1273.077,1271.197,25.328,1.9539,12.941,-0.0035,-0.0202,35.52,36.22,1.6825,1272.8795,1272.9861,1273.077,1271.197,50.0,False,NOMINAL,HEALTHY,13.06,47.07
DIG_LOT07_COMP1297,LOT_07,DIGITAL_IC,CQFP-64,DIG-SIH-2026,THERMAL_BURN_IN,T07_1297,PROC-ISRO-IISU-01,ATE-STATION-01,CHAMBER-01,1.0,125.0,5.0,168,IDDQ,ELECTRICAL,uA,1.3565,1043.2512,1043.3577,1043.4485,1041.8947,25.745,1.805,13.355,-0.0208,0.0671,34.85,35.2,1.3565,1043.2512,1043.3577,1043.4485,1041.8947,50.0,False,NOMINAL,HEALTHY,40.69,-8.85
DIG_LOT07_COMP1298,LOT_07,DIGITAL_IC,CQFP-64,DIG-SIH-2026,THERMAL_BURN_IN,T07_1298,PROC-ISRO-IISU-01,ATE-STATION-01,CHAMBER-01,1.0,125.0,5.0,168,IDDQ,ELECTRICAL,uA,1.3508,1055.1371,1055.2005,1055.2563,1053.7863,21.587,1.8823,12.611,-0.0298,-0.0376,35.75,36.68,1.3508,1055.1371,1055.2005,1055.2563,1053.7863,50.0,False,NOMINAL,HEALTHY,34.36,-19.65
DIG_LOT07_COMP1299,LOT_07,DIGITAL_IC,CQFP-64,DIG-SIH-2026,THERMAL_BURN_IN,T07_1299,PROC-ISRO-IISU-01,ATE-STATION-01,CHAMBER-01,1.0,125.0,5.0,168,IDDQ,ELECTRICAL,uA,1.4664,1139.5111,1139.6045,1139.7058,1138.0447,23.596,1.996,12.804,-0.0231,-0.0555,35.19,34.76,1.4664,1139.5111,1139.6045,1139.7058,1138.0447,50.0,False,NOMINAL,HEALTHY,23.73,-36.97
DIG_LOT07_COMP1300,LOT_07,DIGITAL_IC,CQFP-64,DIG-SIH-2026,THERMAL_BURN_IN,T07_1300,PROC-ISRO-IISU-01,ATE-STATION-01,CHAMBER-01,1.0,125.0,5.0,168,IDDQ,ELECTRICAL,uA,1.5929,1217.3956,1217.49,1217.5648,1215.8027,24.505,2.109,12.678,-0.0083,0.0398,35.63,36.27,1.5929,1217.3956,1217.49,1217.5648,1215.8027,50.0,False,NOMINAL,HEALTHY,-49.87,18.77
DIG_LOT07_COMP1301,LOT_07,DIGITAL_IC,CQFP-64,DIG-SIH-2026,THERMAL_BURN_IN,T07_1301,PROC-ISRO-IISU-01,ATE-STATION-01,CHAMBER-01,1.0,125.0,5.0,168,IDDQ,ELECTRICAL,uA,1.3124,999.6807,999.7479,999.7756,998.3683,30.471,1.9966,12.317,-0.0281,0.0593,36.89,36.15,1.3124,999.6807,999.7479,999.7756,998.3683,50.0,False,NOMINAL,HEALTHY,23.78,14.05
DIG_LOT07_COMP1302,LOT_07,DIGITAL_IC,CQFP-64,DIG-SIH-2026,THERMAL_BURN_IN,T07_1302,PROC-ISRO-IISU-01,ATE-STATION-01,CHAMBER-01,1.0,125.0,5.0,168,IDDQ,ELECTRICAL,uA,1.7072,1324.3159,1324.455,1324.5387,1322.6087,25.68,2.305,11.776,-0.0031,-0.0469,35.66,36.19,1.7072,1324.3159,1324.455,1324.5387,1322.6087,50.0,False,NOMINAL,HEALTHY,30.53,-15.77
DIG_LOT07_COMP1303,LOT_07,DIGITAL_IC,CQFP-64,DIG-SIH-2026,THERMAL_BURN_IN,T07_1303,PROC-ISRO-IISU-01,ATE-STATION-01,CHAMBER-01,1.0,125.0,5.0,168,IDDQ,ELECTRICAL,uA,1.0803,812.479,812.5159,812.6502,811.3987,26.125,1.5823,12.306,-0.0066,-0.012,34.86,34.64,1.0803,812.479,812.5159,812.6502,811.3987,50.0,False,NOMINAL,HEALTHY,-10.49,42.13
DIG_LOT07_COMP1304,LOT_07,DIGITAL_IC,CQFP-64,DIG-SIH-2026,THERMAL_BURN_IN,T07_1304,PROC-ISRO-IISU-01,ATE-STATION-01,CHAMBER-01,1.0,125.0,5.0,168,IDDQ,ELECTRICAL,uA,1.3412,1028.6181,1028.697,1028.7178,1027.2769,25.381,2.3649,12.859,-0.0004,-0.0477,35.73,35.46,1.3412,1028.6181,1028.697,1028.7178,1027.2769,50.0,False,NOMINAL,HEALTHY,-41.19,-0.55
DIG_LOT07_COMP1305,LOT_07,DIGITAL_IC,CQFP-64,DIG-SIH-2026,THERMAL_BURN_IN,T07_1305,PROC-ISRO-IISU-01,ATE-STATION-01,CHAMBER-01,1.0,125.0,5.0,168,IDDQ,ELECTRICAL,uA,1.1895,911.17,911.2568,911.2471,909.9805,24.658,2.1413,12.518,0.0263,-0.0851,33.34,33.64,1.1895,911.17,911.2568,911.2471,909.9805,50.0,False,NOMINAL,HEALTHY,-27.39,-26.64
DIG_LOT07_COMP1306,LOT_07,DIGITAL_IC,CQFP-64,DIG-SIH-2026,THERMAL_BURN_IN,T07_1306,PROC-ISRO-IISU-01,ATE-STATION-01,CHAMBER-01,1.0,125.0,5.0,168,IDDQ,ELECTRICAL,uA,1.0071,776.8148,776.8537,776.9089,775.8077,23.612,1.6706,12.281,-0.0176,0.011,35.02,34.79,1.0071,776.8148,776.8537,776.9089,775.8077,50.0,False,NOMINAL,HEALTHY,-21.19,-38.14
DIG_LOT07_COMP1307,LOT_07,DIGITAL_IC,CQFP-64,DIG-SIH-2026,THERMAL_BURN_IN,T07_1307,PROC-ISRO-IISU-01,ATE-STATION-01,CHAMBER-01,1.0,125.0,5.0,168,IDDQ,ELECTRICAL,uA,1.3915,1058.6875,1058.8099,1058.8044,1057.296,28.548,1.6486,12.528,0.0151,0.0273,36.66,35.91,1.3915,1058.6875,1058.8099,1058.8044,1057.296,50.0,False,NOMINAL,HEALTHY,-7.87,-23.45
DIG_LOT07_COMP1308,LOT_07,DIGITAL_IC,CQFP-64,DIG-SIH-2026,THERMAL_BURN_IN,T07_1308,PROC-ISRO-IISU-01,ATE-STATION-01,CHAMBER-01,1.0,125.0,5.0,168,IDDQ,ELECTRICAL,uA,1.359,1036.3632,1036.4333,1036.514,1035.0042,23.479,2.3925,12.985,-0.0348,-0.0222,35.47,35.9,1.359,1036.3632,1036.4333,1036.514,1035.0042,50.0,False,NOMINAL,HEALTHY,-25.63,-26.47
DIG_LOT07_COMP1309,LOT_07,DIGITAL_IC,CQFP-64,DIG-SIH-2026,THERMAL_BURN_IN,T07_1309,PROC-ISRO-IISU-01,ATE-STATION-01,CHAMBER-01,1.0,125.0,5.0,168,IDDQ,ELECTRICAL,uA,1.2277,954.263,954.2928,954.3963,953.0353,26.061,2.1276,12.647,0.0282,-0.0743,33.53,33.8,1.2277,954.263,954.2928,954.3963,953.0353,50.0,False,NOMINAL,HEALTHY,24.77,-46.69
DIG_LOT07_COMP1310,LOT_07,DIGITAL_IC,CQFP-64,DIG-SIH-2026,THERMAL_BURN_IN,T07_1310,PROC-ISRO-IISU-01,ATE-STATION-01,CHAMBER-01,1.0,125.0,5.0,168,IDDQ,ELECTRICAL,uA,1.084,832.5721,832.6701,832.6657,831.4881,23.127,2.1275,13.085,0.0136,0.0566,37.7,37.94,1.084,832.5721,832.6701,832.6657,831.4881,50.0,False,NOMINAL,HEALTHY,32.04,7.37
DIG_LOT07_COMP1311,LOT_07,DIGITAL_IC,CQFP-64,DIG-SIH-2026,THERMAL_BURN_IN,T07_1311,PROC-ISRO-IISU-01,ATE-STATION-01,CHAMBER-01,1.0,125.0,5.0,168,IDDQ,ELECTRICAL,uA,1.246,957.0519,957.1047,957.103,955.8059,25.002,1.775,11.384,0.0333,0.0304,34.36,34.78,1.246,957.0519,957.1047,957.103,955.8059,50.0,False,NOMINAL,HEALTHY,-16.2,27.57
DIG_LOT07_COMP1312,LOT_07,DIGITAL_IC,CQFP-64,DIG-SIH-2026,THERMAL_BURN_IN,T07_1312,PROC-ISRO-IISU-01,ATE-STATION-01,CHAMBER-01,1.0,125.0,5.0,168,IDDQ,ELECTRICAL,uA,1.2154,947.1107,947.1799,947.2497,945.8953,22.865,2.1312,11.772,-0.0353,-0.0503,35.53,36.14,1.2154,947.1107,947.1799,947.2497,945.8953,50.0,False,NOMINAL,HEALTHY,-35.11,36.69
DIG_LOT07_COMP1313,LOT_07,DIGITAL_IC,CQFP-64,DIG-SIH-2026,THERMAL_BURN_IN,T07_1313,PROC-ISRO-IISU-01,ATE-STATION-01,CHAMBER-01,1.0,125.0,5.0,168,IDDQ,ELECTRICAL,uA,1.2869,994.6953,996.3053,1002.8923,993.4084,22.586,2.0171,12.98,-0.0052,0.0493,34.07,33.33,1.2869,994.6953,996.3053,1002.8923,993.4084,50.0,True,ELECTROMIGRATION,HEALTHY,-19.82,9.8
DIG_LOT07_COMP1314,LOT_07,DIGITAL_IC,CQFP-64,DIG-SIH-2026,THERMAL_BURN_IN,T07_1314,PROC-ISRO-IISU-01,ATE-STATION-01,CHAMBER-01,1.0,125.0,5.0,168,IDDQ,ELECTRICAL,uA,1.0702,822.3338,822.3964,822.4776,821.2636,24.682,2.0954,12.797,-0.0125,-0.0126,35.12,35.24,1.0702,822.3338,822.3964,822.4776,821.2636,50.0,False,NOMINAL,HEALTHY,27.81,-17.7
DIG_LOT07_COMP1315,LOT_07,DIGITAL_IC,CQFP-64,DIG-SIH-2026,THERMAL_BURN_IN,T07_1315,PROC-ISRO-IISU-01,ATE-STATION-01,CHAMBER-01,1.0,125.0,5.0,168,IDDQ,ELECTRICAL,uA,1.2092,934.2251,934.2652,934.3364,933.0159,23.821,2.0163,11.115,-0.016,-0.0331,35.07,34.94,1.2092,934.2251,934.2652,934.3364,933.0159,50.0,False,NOMINAL,HEALTHY,-0.94,24.88
DIG_LOT07_COMP1316,LOT_07,DIGITAL_IC,CQFP-64,DIG-SIH-2026,THERMAL_BURN_IN,T07_1316,PROC-ISRO-IISU-01,ATE-STATION-01,CHAMBER-01,1.0,125.0,5.0,168,IDDQ,ELECTRICAL,uA,1.4382,1101.2012,1101.2857,1101.3401,1099.763,24.966,1.8564,12.898,0.0057,-0.063,35.8,35.66,1.4382,1101.2012,1101.2857,1101.3401,1099.763,50.0,False,NOMINAL,HEALTHY,5.35,6.92
DIG_LOT07_COMP1317,LOT_07,DIGITAL_IC,CQFP-64,DIG-SIH-2026,THERMAL_BURN_IN,T07_1317,PROC-ISRO-IISU-01,ATE-STATION-01,CHAMBER-01,1.0,125.0,5.0,168,IDDQ,ELECTRICAL,uA,1.2762,985.3742,985.4574,985.5068,984.098,24.823,1.7587,12.864,-0.0182,0.0005,34.49,35.45,1.2762,985.3742,985.4574,985.5068,984.098,50.0,False,NOMINAL,HEALTHY,39.18,-26.3
DIG_LOT07_COMP1318,LOT_07,DIGITAL_IC,CQFP-64,DIG-SIH-2026,THERMAL_BURN_IN,T07_1318,PROC-ISRO-IISU-01,ATE-STATION-01,CHAMBER-01,1.0,125.0,5.0,168,IDDQ,ELECTRICAL,uA,1.5684,1198.8823,1198.9835,1199.0328,1197.3139,25.672,1.7155,13.226,0.0191,0.0319,34.64,34.47,1.5684,1198.8823,1198.9835,1199.0328,1197.3139,50.0,False,NOMINAL,HEALTHY,7.19,18.58
DIG_LOT07_COMP1319,LOT_07,DIGITAL_IC,CQFP-64,DIG-SIH-2026,THERMAL_BURN_IN,T07_1319,PROC-ISRO-IISU-01,ATE-STATION-01,CHAMBER-01,1.0,125.0,5.0,168,IDDQ,ELECTRICAL,uA,0.9765,759.8035,759.8547,759.8975,758.827,22.601,2.0118,12.641,-0.0059,0.1083,34.16,33.38,0.9765,759.8035,759.8547,759.8975,758.827,50.0,False,NOMINAL,HEALTHY,27.65,15.56
DIG_LOT07_COMP1320,LOT_07,DIGITAL_IC,CQFP-64,DIG-SIH-2026,THERMAL_BURN_IN,T07_1320,PROC-ISRO-IISU-01,ATE-STATION-01,CHAMBER-01,1.0,125.0,5.0,168,IDDQ,ELECTRICAL,uA,1.1947,928.9993,929.0476,929.0893,927.8046,25.905,2.0026,11.786,0.0313,0.0806,35.1,35.23,1.1947,928.9993,929.0476,929.0893,927.8046,50.0,False,NOMINAL,HEALTHY,-37.98,-7.77
DIG_LOT07_COMP1321,LOT_07,DIGITAL_IC,CQFP-64,DIG-SIH-2026,THERMAL_BURN_IN,T07_1321,PROC-ISRO-IISU-01,ATE-STATION-01,CHAMBER-01,1.0,125.0,5.0,168,IDDQ,ELECTRICAL,uA,1.2037,934.7249,934.798,934.838,933.5212,25.478,1.7961,12.169,-0.0169,0.0068,35.38,35.8,1.2037,934.7249,934.798,934.838,933.5212,50.0,False,NOMINAL,HEALTHY,5.76,4.69
DIG_LOT07_COMP1322,LOT_07,DIGITAL_IC,CQFP-64,DIG-SIH-2026,THERMAL_BURN_IN,T07_1322,PROC-ISRO-IISU-01,ATE-STATION-01,CHAMBER-01,1.0,125.0,5.0,168,IDDQ,ELECTRICAL,uA,1.3317,1037.9536,1038.005,1038.1086,1036.6219,25.297,1.9589,11.831,0.0205,0.0714,35.42,35.61,1.3317,1037.9536,1038.005,1038.1086,1036.6219,50.0,False,NOMINAL,HEALTHY,-40.36,13.15
DIG_LOT07_COMP1323,LOT_07,DIGITAL_IC,CQFP-64,DIG-SIH-2026,THERMAL_BURN_IN,T07_1323,PROC-ISRO-IISU-01,ATE-STATION-01,CHAMBER-01,1.0,125.0,5.0,168,IDDQ,ELECTRICAL,uA,1.2172,929.6496,929.6419,929.7313,928.4324,26.697,1.7631,13.5,-0.0119,-0.0145,34.3,34.76,1.2172,929.6496,929.6419,929.7313,928.4324,50.0,False,NOMINAL,HEALTHY,-7.32,24.92
DIG_LOT07_COMP1324,LOT_07,DIGITAL_IC,CQFP-64,DIG-SIH-2026,THERMAL_BURN_IN,T07_1324,PROC-ISRO-IISU-01,ATE-STATION-01,CHAMBER-01,1.0,125.0,5.0,168,IDDQ,ELECTRICAL,uA,1.2591,954.278,954.3081,954.416,953.0189,24.323,1.8796,12.926,-0.0229,-0.0053,36.33,36.56,1.2591,954.278,954.3081,954.416,953.0189,50.0,False,NOMINAL,HEALTHY,14.57,-15.38
DIG_LOT07_COMP1325,LOT_07,DIGITAL_IC,CQFP-64,DIG-SIH-2026,THERMAL_BURN_IN,T07_1325,PROC-ISRO-IISU-01,ATE-STATION-01,CHAMBER-01,1.0,125.0,5.0,168,IDDQ,ELECTRICAL,uA,1.4553,1137.981,1138.0468,1138.1286,1136.5257,23.421,1.7808,12.692,0.0309,-0.017,34.46,35.36,1.4553,1137.981,1138.0468,1138.1286,1136.5257,50.0,False,NOMINAL,HEALTHY,40.28,-14.76
DIG_LOT07_COMP1326,LOT_07,DIGITAL_IC,CQFP-64,DIG-SIH-2026,THERMAL_BURN_IN,T07_1326,PROC-ISRO-IISU-01,ATE-STATION-01,CHAMBER-01,1.0,125.0,5.0,168,IDDQ,ELECTRICAL,uA,1.3062,1005.6331,1005.6966,1005.7741,1004.3269,26.949,2.7118,13.813,-0.0106,0.0078,36.45,36.6,1.3062,1005.6331,1005.6966,1005.7741,1004.3269,50.0,False,NOMINAL,HEALTHY,-44.05,-42.36
DIG_LOT07_COMP1327,LOT_07,DIGITAL_IC,CQFP-64,DIG-SIH-2026,THERMAL_BURN_IN,T07_1327,PROC-ISRO-IISU-01,ATE-STATION-01,CHAMBER-01,1.0,125.0,5.0,168,IDDQ,ELECTRICAL,uA,1.3053,1015.1012,1015.1714,1015.2188,1013.7959,24.156,1.6757,12.233,0.0186,0.0504,36.44,36.91,1.3053,1015.1012,1015.1714,1015.2188,1013.7959,50.0,False,NOMINAL,HEALTHY,18.68,-11.54
DIG_LOT07_COMP1328,LOT_07,DIGITAL_IC,CQFP-64,DIG-SIH-2026,THERMAL_BURN_IN,T07_1328,PROC-ISRO-IISU-01,ATE-STATION-01,CHAMBER-01,1.0,125.0,5.0,168,IDDQ,ELECTRICAL,uA,1.0795,820.1065,820.1389,820.1825,819.027,24.966,2.7437,11.681,0.0324,0.0909,35.03,35.81,1.0795,820.1065,820.1389,820.1825,819.027,50.0,False,NOMINAL,HEALTHY,29.77,-12.86
DIG_LOT07_COMP1329,LOT_07,DIGITAL_IC,CQFP-64,DIG-SIH-2026,THERMAL_BURN_IN,T07_1329,PROC-ISRO-IISU-01,ATE-STATION-01,CHAMBER-01,1.0,125.0,5.0,168,IDDQ,ELECTRICAL,uA,1.2173,949.6136,949.7103,949.6978,948.3963,24.413,2.0228,12.035,-0.0125,0.042,36.36,36.28,1.2173,949.6136,949.7103,949.6978,948.3963,50.0,False,NOMINAL,HEALTHY,-37.37,34.12
DIG_LOT07_COMP1330,LOT_07,DIGITAL_IC,CQFP-64,DIG-SIH-2026,THERMAL_BURN_IN,T07_1330,PROC-ISRO-IISU-01,ATE-STATION-01,CHAMBER-01,1.0,125.0,5.0,168,IDDQ,ELECTRICAL,uA,1.2106,940.7107,940.7916,940.8549,939.5001,25.203,2.0595,12.345,-0.0332,0.0386,37.26,36.98,1.2106,940.7107,940.7916,940.8549,939.5001,50.0,False,NOMINAL,HEALTHY,-4.51,-6.55
DIG_LOT07_COMP1331,LOT_07,DIGITAL_IC,CQFP-64,DIG-SIH-2026,THERMAL_BURN_IN,T07_1331,PROC-ISRO-IISU-01,ATE-STATION-01,CHAMBER-01,1.0,125.0,5.0,168,IDDQ,ELECTRICAL,uA,1.3503,1041.0107,1041.0945,1041.128,1039.6604,24.206,1.6973,11.988,-0.0105,0.0368,34.38,34.4,1.3503,1041.0107,1041.0945,1041.128,1039.6604,50.0,False,NOMINAL,HEALTHY,25.88,-39.96
DIG_LOT07_COMP1332,LOT_07,DIGITAL_IC,CQFP-64,DIG-SIH-2026,THERMAL_BURN_IN,T07_1332,PROC-ISRO-IISU-01,ATE-STATION-01,CHAMBER-01,1.0,125.0,5.0,168,IDDQ,ELECTRICAL,uA,1.1582,905.1683,905.2871,905.2414,904.0101,26.382,1.7743,13.074,-0.0033,-0.0276,34.36,34.69,1.1582,905.1683,905.2871,905.2414,904.0101,50.0,False,NOMINAL,HEALTHY,40.05,13.17
DIG_LOT07_COMP1333,LOT_07,DIGITAL_IC,CQFP-64,DIG-SIH-2026,THERMAL_BURN_IN,T07_1333,PROC-ISRO-IISU-01,ATE-STATION-01,CHAMBER-01,1.0,125.0,5.0,168,IDDQ,ELECTRICAL,uA,1.7173,1310.7895,1310.8901,1311.0116,1309.0722,24.295,2.0476,11.37,0.0141,-0.0253,34.86,34.77,1.7173,1310.7895,1310.8901,1311.0116,1309.0722,50.0,False,NOMINAL,HEALTHY,21.83,-13.84
DIG_LOT07_COMP1334,LOT_07,DIGITAL_IC,CQFP-64,DIG-SIH-2026,THERMAL_BURN_IN,T07_1334,PROC-ISRO-IISU-01,ATE-STATION-01,CHAMBER-01,1.0,125.0,5.0,168,IDDQ,ELECTRICAL,uA,1.2387,968.7464,977.3032,1127.0633,967.5077,25.033,1.9083,11.847,0.0033,-0.0496,36.23,36.49,1.2387,968.7464,977.3032,1127.0633,967.5077,50.0,True,THERMAL_RUNAWAY,HEALTHY,11.14,-12.02
DIG_LOT07_COMP1335,LOT_07,DIGITAL_IC,CQFP-64,DIG-SIH-2026,THERMAL_BURN_IN,T07_1335,PROC-ISRO-IISU-01,ATE-STATION-01,CHAMBER-01,1.0,125.0,5.0,168,IDDQ,ELECTRICAL,uA,1.2163,944.1927,944.2949,944.2637,942.9764,24.198,2.0594,11.953,0.0065,0.0216,33.03,33.49,1.2163,944.1927,944.2949,944.2637,942.9764,50.0,False,NOMINAL,HEALTHY,19.71,-5.21
DIG_LOT07_COMP1336,LOT_07,DIGITAL_IC,CQFP-64,DIG-SIH-2026,THERMAL_BURN_IN,T07_1336,PROC-ISRO-IISU-01,ATE-STATION-01,CHAMBER-01,1.0,125.0,5.0,168,IDDQ,ELECTRICAL,uA,1.4347,1108.8568,1109.0,1108.9974,1107.4221,24.509,2.2271,11.963,-0.0104,0.0818,37.17,36.42,1.4347,1108.8568,1109.0,1108.9974,1107.4221,50.0,False,NOMINAL,HEALTHY,6.16,27.77
DIG_LOT07_COMP1337,LOT_07,DIGITAL_IC,CQFP-64,DIG-SIH-2026,THERMAL_BURN_IN,T07_1337,PROC-ISRO-IISU-01,ATE-STATION-01,CHAMBER-01,1.0,125.0,5.0,168,IDDQ,ELECTRICAL,uA,1.2743,983.7704,985.1491,990.9115,982.4961,25.716,2.4439,12.78,-0.0189,-0.0699,33.7,33.42,1.2743,983.7704,985.1491,990.9115,982.4961,50.0,True,ELECTROMIGRATION,HEALTHY,-24.9,-21.84
DIG_LOT07_COMP1338,LOT_07,DIGITAL_IC,CQFP-64,DIG-SIH-2026,THERMAL_BURN_IN,T07_1338,PROC-ISRO-IISU-01,ATE-STATION-01,CHAMBER-01,1.0,125.0,5.0,168,IDDQ,ELECTRICAL,uA,1.2375,962.512,962.5951,962.6595,961.2745,27.202,1.7998,12.543,0.0216,-0.0284,34.88,35.02,1.2375,962.512,962.5951,962.6595,961.2745,50.0,False,NOMINAL,HEALTHY,-25.34,-0.8
DIG_LOT07_COMP1339,LOT_07,DIGITAL_IC,CQFP-64,DIG-SIH-2026,THERMAL_BURN_IN,T07_1339,PROC-ISRO-IISU-01,ATE-STATION-01,CHAMBER-01,1.0,125.0,5.0,168,IDDQ,ELECTRICAL,uA,1.5903,1224.0693,1224.1863,1224.2568,1222.479,22.119,2.4073,12.374,-0.0188,0.0295,34.5,34.7,1.5903,1224.0693,1224.1863,1224.2568,1222.479,50.0,False,NOMINAL,HEALTHY,-12.37,22.02
DIG_LOT07_COMP1340,LOT_07,DIGITAL_IC,CQFP-64,DIG-SIH-2026,THERMAL_BURN_IN,T07_1340,PROC-ISRO-IISU-01,ATE-STATION-01,CHAMBER-01,1.0,125.0,5.0,168,IDDQ,ELECTRICAL,uA,1.0769,832.9209,832.9904,833.1174,831.844,26.878,1.8314,12.939,-0.053,0.02,33.28,33.34,1.0769,832.9209,832.9904,833.1174,831.844,50.0,False,NOMINAL,HEALTHY,-6.98,28.83
DIG_LOT07_COMP1341,LOT_07,DIGITAL_IC,CQFP-64,DIG-SIH-2026,THERMAL_BURN_IN,T07_1341,PROC-ISRO-IISU-01,ATE-STATION-01,CHAMBER-01,1.0,125.0,5.0,168,IDDQ,ELECTRICAL,uA,1.4574,1120.2988,1120.4049,1120.3957,1118.8414,24.341,1.8059,12.442,-0.0406,-0.1308,33.91,34.57,1.4574,1120.2988,1120.4049,1120.3957,1118.8414,50.0,False,NOMINAL,HEALTHY,-17.68,47.62
DIG_LOT07_COMP1342,LOT_07,DIGITAL_IC,CQFP-64,DIG-SIH-2026,THERMAL_BURN_IN,T07_1342,PROC-ISRO-IISU-01,ATE-STATION-01,CHAMBER-01,1.0,125.0,5.0,168,IDDQ,ELECTRICAL,uA,1.2836,981.7514,981.903,981.8768,980.4678,24.419,1.3888,11.608,-0.0022,-0.0337,35.13,35.0,1.2836,981.7514,981.903,981.8768,980.4678,50.0,False,NOMINAL,HEALTHY,-31.14,8.7
DIG_LOT07_COMP1343,LOT_07,DIGITAL_IC,CQFP-64,DIG-SIH-2026,THERMAL_BURN_IN,T07_1343,PROC-ISRO-IISU-01,ATE-STATION-01,CHAMBER-01,1.0,125.0,5.0,168,IDDQ,ELECTRICAL,uA,1.5405,1177.6047,1177.6837,1177.7275,1176.0642,23.763,2.1524,13.226,0.0223,-0.0038,36.52,37.14,1.5405,1177.6047,1177.6837,1177.7275,1176.0642,50.0,False,NOMINAL,HEALTHY,20.32,4.64
DIG_LOT07_COMP1344,LOT_07,DIGITAL_IC,CQFP-64,DIG-SIH-2026,THERMAL_BURN_IN,T07_1344,PROC-ISRO-IISU-01,ATE-STATION-01,CHAMBER-01,1.0,125.0,5.0,168,IDDQ,ELECTRICAL,uA,1.2312,957.4654,957.5164,957.5988,956.2342,23.43,1.9142,12.062,0.0213,0.0201,32.88,32.1,1.2312,957.4654,957.5164,957.5988,956.2342,50.0,False,NOMINAL,HEALTHY,31.6,-48.64
DIG_LOT07_COMP1345,LOT_07,DIGITAL_IC,CQFP-64,DIG-SIH-2026,THERMAL_BURN_IN,T07_1345,PROC-ISRO-IISU-01,ATE-STATION-01,CHAMBER-01,1.0,125.0,5.0,168,IDDQ,ELECTRICAL,uA,1.3594,1058.8256,1058.9256,1058.9247,1057.4662,26.637,2.1131,12.177,0.0174,0.0717,36.0,35.4,1.3594,1058.8256,1058.9256,1058.9247,1057.4662,50.0,False,NOMINAL,HEALTHY,42.27,-40.91
DIG_LOT07_COMP1346,LOT_07,DIGITAL_IC,CQFP-64,DIG-SIH-2026,THERMAL_BURN_IN,T07_1346,PROC-ISRO-IISU-01,ATE-STATION-01,CHAMBER-01,1.0,125.0,5.0,168,IDDQ,ELECTRICAL,uA,1.2715,978.2055,978.2677,978.3093,976.934,23.572,1.7819,13.559,-0.0095,-0.0991,36.1,35.52,1.2715,978.2055,978.2677,978.3093,976.934,50.0,False,NOMINAL,HEALTHY,-36.38,22.97
DIG_LOT07_COMP1347,LOT_07,DIGITAL_IC,CQFP-64,DIG-SIH-2026,THERMAL_BURN_IN,T07_1347,PROC-ISRO-IISU-01,ATE-STATION-01,CHAMBER-01,1.0,125.0,5.0,168,IDDQ,ELECTRICAL,uA,1.5529,1187.545,1187.6102,1187.6971,1185.9921,24.85,2.0882,11.796,-0.0141,0.0279,35.56,36.66,1.5529,1187.545,1187.6102,1187.6971,1185.9921,50.0,False,NOMINAL,HEALTHY,-47.38,-8.57
DIG_LOT07_COMP1348,LOT_07,DIGITAL_IC,CQFP-64,DIG-SIH-2026,THERMAL_BURN_IN,T07_1348,PROC-ISRO-IISU-01,ATE-STATION-01,CHAMBER-01,1.0,125.0,5.0,168,IDDQ,ELECTRICAL,uA,1.322,1017.7315,1017.7981,1017.8298,1016.4095,22.85,2.1491,13.076,-0.034,-0.027,33.71,33.96,1.322,1017.7315,1017.7981,1017.8298,1016.4095,50.0,False,NOMINAL,HEALTHY,-24.18,-21.98
DIG_LOT07_COMP1349,LOT_07,DIGITAL_IC,CQFP-64,DIG-SIH-2026,THERMAL_BURN_IN,T07_1349,PROC-ISRO-IISU-01,ATE-STATION-01,CHAMBER-01,1.0,125.0,5.0,168,IDDQ,ELECTRICAL,uA,1.2275,935.0507,935.1086,935.1442,933.8232,26.207,1.7641,13.419,-0.0099,0.0082,36.58,36.72,1.2275,935.0507,935.1086,935.1442,933.8232,50.0,False,NOMINAL,HEALTHY,-21.41,-19.54
DIG_LOT07_COMP1350,LOT_07,DIGITAL_IC,CQFP-64,DIG-SIH-2026,THERMAL_BURN_IN,T07_1350,PROC-ISRO-IISU-01,ATE-STATION-01,CHAMBER-01,1.0,125.0,5.0,168,IDDQ,ELECTRICAL,uA,1.1929,926.404,926.4338,926.5041,925.2111,24.993,2.1373,12.548,0.0173,-0.0317,34.48,35.25,1.1929,926.404,926.4338,926.5041,925.2111,50.0,False,NOMINAL,HEALTHY,-35.81,-17.51
DIG_LOT07_COMP1351,LOT_07,DIGITAL_IC,CQFP-64,DIG-SIH-2026,THERMAL_BURN_IN,T07_1351,PROC-ISRO-IISU-01,ATE-STATION-01,CHAMBER-01,1.0,125.0,5.0,168,IDDQ,ELECTRICAL,uA,1.5715,1209.2406,1209.2905,1209.422,1207.6691,24.479,2.338,13.973,-0.0037,-0.0247,35.54,35.35,1.5715,1209.2406,1209.2905,1209.422,1207.6691,50.0,False,NOMINAL,HEALTHY,18.42,14.03
DIG_LOT07_COMP1352,LOT_07,DIGITAL_IC,CQFP-64,DIG-SIH-2026,THERMAL_BURN_IN,T07_1352,PROC-ISRO-IISU-01,ATE-STATION-01,CHAMBER-01,1.0,125.0,5.0,168,IDDQ,ELECTRICAL,uA,1.0519,809.8397,809.9185,809.9847,808.7878,23.03,1.9421,11.922,-0.0141,0.002,36.42,36.76,1.0519,809.8397,809.9185,809.9847,808.7878,50.0,False,NOMINAL,HEALTHY,-9.93,10.51
DIG_LOT07_COMP1353,LOT_07,DIGITAL_IC,CQFP-64,DIG-SIH-2026,THERMAL_BURN_IN,T07_1353,PROC-ISRO-IISU-01,ATE-STATION-01,CHAMBER-01,1.0,125.0,5.0,168,IDDQ,ELECTRICAL,uA,1.0033,781.5475,781.6382,781.6225,780.5442,25.094,2.2465,12.172,-0.0222,-0.1148,31.82,31.71,1.0033,781.5475,781.6382,781.6225,780.5442,50.0,False,NOMINAL,HEALTHY,-30.38,-37.05
DIG_LOT07_COMP1354,LOT_07,DIGITAL_IC,CQFP-64,DIG-SIH-2026,THERMAL_BURN_IN,T07_1354,PROC-ISRO-IISU-01,ATE-STATION-01,CHAMBER-01,1.0,125.0,5.0,168,IDDQ,ELECTRICAL,uA,1.4552,1103.2032,1103.2401,1103.2505,1101.748,27.062,1.9426,11.592,0.0129,0.0626,35.95,35.88,1.4552,1103.2032,1103.2401,1103.2505,1101.748,50.0,False,NOMINAL,HEALTHY,-2.85,8.56
DIG_LOT07_COMP1355,LOT_07,DIGITAL_IC,CQFP-64,DIG-SIH-2026,THERMAL_BURN_IN,T07_1355,PROC-ISRO-IISU-01,ATE-STATION-01,CHAMBER-01,1.0,125.0,5.0,168,IDDQ,ELECTRICAL,uA,1.5324,1205.2853,1205.3944,1205.4244,1203.7529,25.196,2.2696,11.645,-0.0154,-0.0714,33.2,33.95,1.5324,1205.2853,1205.3944,1205.4244,1203.7529,50.0,False,NOMINAL,HEALTHY,-49.13,9.79
DIG_LOT07_COMP1356,LOT_07,DIGITAL_IC,CQFP-64,DIG-SIH-2026,THERMAL_BURN_IN,T07_1356,PROC-ISRO-IISU-01,ATE-STATION-01,CHAMBER-01,1.0,125.0,5.0,168,IDDQ,ELECTRICAL,uA,1.2288,963.7341,963.7622,963.8881,962.5053,22.388,2.4169,11.387,-0.0264,-0.0256,34.55,34.92,1.2288,963.7341,963.7622,963.8881,962.5053,50.0,False,NOMINAL,HEALTHY,-14.84,16.46
DIG_LOT07_COMP1357,LOT_07,DIGITAL_IC,CQFP-64,DIG-SIH-2026,THERMAL_BURN_IN,T07_1357,PROC-ISRO-IISU-01,ATE-STATION-01,CHAMBER-01,1.0,125.0,5.0,168,IDDQ,ELECTRICAL,uA,1.3601,1056.3509,1056.4066,1056.4791,1054.9908,23.282,2.0324,12.054,0.0079,0.0321,34.9,35.54,1.3601,1056.3509,1056.4066,1056.4791,1054.9908,50.0,False,NOMINAL,HEALTHY,28.82,-7.86
DIG_LOT07_COMP1358,LOT_07,DIGITAL_IC,CQFP-64,DIG-SIH-2026,THERMAL_BURN_IN,T07_1358,PROC-ISRO-IISU-01,ATE-STATION-01,CHAMBER-01,1.0,125.0,5.0,168,IDDQ,ELECTRICAL,uA,1.2716,988.5023,988.581,988.6601,987.2307,25.801,1.3594,13.306,-0.0477,-0.0236,34.56,35.42,1.2716,988.5023,988.581,988.6601,987.2307,50.0,False,NOMINAL,HEALTHY,5.54,-6.68
DIG_LOT07_COMP1359,LOT_07,DIGITAL_IC,CQFP-64,DIG-SIH-2026,THERMAL_BURN_IN,T07_1359,PROC-ISRO-IISU-01,ATE-STATION-01,CHAMBER-01,1.0,125.0,5.0,168,IDDQ,ELECTRICAL,uA,1.6108,1250.9605,1251.024,1251.1891,1249.3497,26.348,2.2687,12.681,-0.0056,-0.0452,33.92,33.56,1.6108,1250.9605,1251.024,1251.1891,1249.3497,50.0,False,NOMINAL,HEALTHY,-26.16,-3.52
DIG_LOT07_COMP1360,LOT_07,DIGITAL_IC,CQFP-64,DIG-SIH-2026,THERMAL_BURN_IN,T07_1360,PROC-ISRO-IISU-01,ATE-STATION-01,CHAMBER-01,1.0,125.0,5.0,168,IDDQ,ELECTRICAL,uA,1.6389,1266.9857,1267.0991,1267.1012,1265.3468,21.757,2.1375,12.585,0.0149,0.1013,34.52,34.53,1.6389,1266.9857,1267.0991,1267.1012,1265.3468,50.0,False,NOMINAL,HEALTHY,-3.96,-43.99
DIG_LOT07_COMP1361,LOT_07,DIGITAL_IC,CQFP-64,DIG-SIH-2026,THERMAL_BURN_IN,T07_1361,PROC-ISRO-IISU-01,ATE-STATION-01,CHAMBER-01,1.0,125.0,5.0,168,IDDQ,ELECTRICAL,uA,1.2,927.5687,927.6584,927.6812,926.3687,25.652,2.4856,12.247,-0.0117,-0.0293,33.98,33.34,1.2,927.5687,927.6584,927.6812,926.3687,50.0,False,NOMINAL,HEALTHY,36.15,-7.38
DIG_LOT07_COMP1362,LOT_07,DIGITAL_IC,CQFP-64,DIG-SIH-2026,THERMAL_BURN_IN,T07_1362,PROC-ISRO-IISU-01,ATE-STATION-01,CHAMBER-01,1.0,125.0,5.0,168,IDDQ,ELECTRICAL,uA,1.6322,1240.7832,1240.8701,1240.9045,1239.151,27.196,1.3523,11.765,0.0311,0.1072,34.66,34.41,1.6322,1240.7832,1240.8701,1240.9045,1239.151,50.0,False,NOMINAL,HEALTHY,-22.84,-30.9
DIG_LOT07_COMP1363,LOT_07,DIGITAL_IC,CQFP-64,DIG-SIH-2026,THERMAL_BURN_IN,T07_1363,PROC-ISRO-IISU-01,ATE-STATION-01,CHAMBER-01,1.0,125.0,5.0,168,IDDQ,ELECTRICAL,uA,1.0617,814.2206,814.2829,814.3637,813.1589,24.658,1.5681,13.017,0.0029,0.0975,35.05,34.45,1.0617,814.2206,814.2829,814.3637,813.1589,50.0,False,NOMINAL,HEALTHY,40.68,-46.19
DIG_LOT07_COMP1364,LOT_07,DIGITAL_IC,CQFP-64,DIG-SIH-2026,THERMAL_BURN_IN,T07_1364,PROC-ISRO-IISU-01,ATE-STATION-01,CHAMBER-01,1.0,125.0,5.0,168,IDDQ,ELECTRICAL,uA,1.3727,1060.1899,1060.2515,1060.3238,1058.8172,23.608,2.0958,12.631,0.0226,0.017,34.02,34.65,1.3727,1060.1899,1060.2515,1060.3238,1058.8172,50.0,False,NOMINAL,HEALTHY,-23.33,-30.19
DIG_LOT07_COMP1365,LOT_07,DIGITAL_IC,CQFP-64,DIG-SIH-2026,THERMAL_BURN_IN,T07_1365,PROC-ISRO-IISU-01,ATE-STATION-01,CHAMBER-01,1.0,125.0,5.0,168,IDDQ,ELECTRICAL,uA,1.3571,1067.8927,1068.0091,1068.0348,1066.5356,23.995,1.71,11.349,-0.0016,0.0068,33.33,32.74,1.3571,1067.8927,1068.0091,1068.0348,1066.5356,50.0,False,NOMINAL,HEALTHY,22.03,5.71
DIG_LOT07_COMP1366,LOT_07,DIGITAL_IC,CQFP-64,DIG-SIH-2026,THERMAL_BURN_IN,T07_1366,PROC-ISRO-IISU-01,ATE-STATION-01,CHAMBER-01,1.0,125.0,5.0,168,IDDQ,ELECTRICAL,uA,1.2378,963.2735,963.3928,963.5008,962.0357,22.138,2.6229,10.982,-0.0284,0.0331,34.18,34.46,1.2378,963.2735,963.3928,963.5008,962.0357,50.0,False,NOMINAL,HEALTHY,-46.58,-27.78
DIG_LOT07_COMP1367,LOT_07,DIGITAL_IC,CQFP-64,DIG-SIH-2026,THERMAL_BURN_IN,T07_1367,PROC-ISRO-IISU-01,ATE-STATION-01,CHAMBER-01,1.0,125.0,5.0,168,IDDQ,ELECTRICAL,uA,1.5096,1169.3468,1169.4886,1169.5005,1167.8372,25.261,2.1323,12.546,0.0114,0.0597,34.31,34.37,1.5096,1169.3468,1169.4886,1169.5005,1167.8372,50.0,False,NOMINAL,HEALTHY,-3.76,-26.55
DIG_LOT07_COMP1368,LOT_07,DIGITAL_IC,CQFP-64,DIG-SIH-2026,THERMAL_BURN_IN,T07_1368,PROC-ISRO-IISU-01,ATE-STATION-01,CHAMBER-01,1.0,125.0,5.0,168,IDDQ,ELECTRICAL,uA,1.4462,1099.1067,1099.2118,1099.2284,1097.6605,24.981,1.8232,12.753,0.0082,0.0612,37.28,37.31,1.4462,1099.1067,1099.2118,1099.2284,1097.6605,50.0,False,NOMINAL,HEALTHY,-7.28,15.48
DIG_LOT07_COMP1369,LOT_07,DIGITAL_IC,CQFP-64,DIG-SIH-2026,THERMAL_BURN_IN,T07_1369,PROC-ISRO-IISU-01,ATE-STATION-01,CHAMBER-01,1.0,125.0,5.0,168,IDDQ,ELECTRICAL,uA,1.3265,1044.6429,1044.7036,1044.7928,1043.3164,24.842,2.525,11.965,0.0198,0.0044,34.78,35.42,1.3265,1044.6429,1044.7036,1044.7928,1043.3164,50.0,False,NOMINAL,HEALTHY,37.64,12.05
DIG_LOT07_COMP1370,LOT_07,DIGITAL_IC,CQFP-64,DIG-SIH-2026,THERMAL_BURN_IN,T07_1370,PROC-ISRO-IISU-01,ATE-STATION-01,CHAMBER-01,1.0,125.0,5.0,168,IDDQ,ELECTRICAL,uA,1.2575,986.3608,986.4446,986.4749,985.1033,28.843,1.8581,13.263,0.0076,-0.0107,35.9,36.03,1.2575,986.3608,986.4446,986.4749,985.1033,50.0,False,NOMINAL,HEALTHY,49.53,-15.71
DIG_LOT07_COMP1371,LOT_07,DIGITAL_IC,CQFP-64,DIG-SIH-2026,THERMAL_BURN_IN,T07_1371,PROC-ISRO-IISU-01,ATE-STATION-01,CHAMBER-01,1.0,125.0,5.0,168,IDDQ,ELECTRICAL,uA,1.4012,1091.317,1091.3919,1091.4376,1089.9158,25.696,2.0555,11.786,-0.0137,0.1048,36.24,35.53,1.4012,1091.317,1091.3919,1091.4376,1089.9158,50.0,False,NOMINAL,HEALTHY,16.38,-13.08
DIG_LOT07_COMP1372,LOT_07,DIGITAL_IC,CQFP-64,DIG-SIH-2026,THERMAL_BURN_IN,T07_1372,PROC-ISRO-IISU-01,ATE-STATION-01,CHAMBER-01,1.0,125.0,5.0,168,IDDQ,ELECTRICAL,uA,1.1231,856.2885,856.3501,856.3787,855.1654,25.099,1.9529,12.494,-0.0011,0.0122,33.82,33.44,1.1231,856.2885,856.3501,856.3787,855.1654,50.0,False,NOMINAL,HEALTHY,11.07,-47.46
DIG_LOT07_COMP1373,LOT_07,DIGITAL_IC,CQFP-64,DIG-SIH-2026,THERMAL_BURN_IN,T07_1373,PROC-ISRO-IISU-01,ATE-STATION-01,CHAMBER-01,1.0,125.0,5.0,168,IDDQ,ELECTRICAL,uA,1.2122,940.1485,940.2527,940.273,938.9363,24.978,1.9257,13.29,-0.0303,0.0284,36.14,35.94,1.2122,940.1485,940.2527,940.273,938.9363,50.0,False,NOMINAL,HEALTHY,-36.28,22.34
DIG_LOT07_COMP1374,LOT_07,DIGITAL_IC,CQFP-64,DIG-SIH-2026,THERMAL_BURN_IN,T07_1374,PROC-ISRO-IISU-01,ATE-STATION-01,CHAMBER-01,1.0,125.0,5.0,168,IDDQ,ELECTRICAL,uA,1.4413,1094.4815,1094.5779,1094.6956,1093.0402,22.53,2.6909,11.674,0.0288,0.06,34.45,34.29,1.4413,1094.4815,1094.5779,1094.6956,1093.0402,50.0,False,NOMINAL,HEALTHY,-26.91,34.47
DIG_LOT07_COMP1375,LOT_07,DIGITAL_IC,CQFP-64,DIG-SIH-2026,THERMAL_BURN_IN,T07_1375,PROC-ISRO-IISU-01,ATE-STATION-01,CHAMBER-01,1.0,125.0,5.0,168,IDDQ,ELECTRICAL,uA,1.003,746.0978,746.1614,746.1985,745.0948,27.715,2.2574,13.989,0.0489,0.0543,35.99,36.56,1.003,746.0978,746.1614,746.1985,745.0948,50.0,False,NOMINAL,HEALTHY,-47.19,34.35
DIG_LOT07_COMP1376,LOT_07,DIGITAL_IC,CQFP-64,DIG-SIH-2026,THERMAL_BURN_IN,T07_1376,PROC-ISRO-IISU-01,ATE-STATION-01,CHAMBER-01,1.0,125.0,5.0,168,IDDQ,ELECTRICAL,uA,1.2442,951.1154,951.1874,951.2663,949.8712,25.175,2.1532,12.104,0.0202,0.0089,35.46,35.79,1.2442,951.1154,951.1874,951.2663,949.8712,50.0,False,NOMINAL,HEALTHY,25.68,3.96
DIG_LOT07_COMP1377,LOT_07,DIGITAL_IC,CQFP-64,DIG-SIH-2026,THERMAL_BURN_IN,T07_1377,PROC-ISRO-IISU-01,ATE-STATION-01,CHAMBER-01,1.0,125.0,5.0,168,IDDQ,ELECTRICAL,uA,1.2826,988.9852,989.0525,989.0772,987.7026,26.141,2.012,13.47,0.0026,-0.0031,34.6,34.11,1.2826,988.9852,989.0525,989.0772,987.7026,50.0,False,NOMINAL,HEALTHY,-28.99,-0.0
DIG_LOT07_COMP1378,LOT_07,DIGITAL_IC,CQFP-64,DIG-SIH-2026,THERMAL_BURN_IN,T07_1378,PROC-ISRO-IISU-01,ATE-STATION-01,CHAMBER-01,1.0,125.0,5.0,168,IDDQ,ELECTRICAL,uA,1.2725,986.7983,986.8769,986.9294,985.5258,22.546,1.5971,14.011,0.0203,0.0197,36.0,36.66,1.2725,986.7983,986.8769,986.9294,985.5258,50.0,False,NOMINAL,HEALTHY,19.5,24.61
DIG_LOT07_COMP1379,LOT_07,DIGITAL_IC,CQFP-64,DIG-SIH-2026,THERMAL_BURN_IN,T07_1379,PROC-ISRO-IISU-01,ATE-STATION-01,CHAMBER-01,1.0,125.0,5.0,168,IDDQ,ELECTRICAL,uA,1.4927,1162.6947,1162.7419,1162.8817,1161.202,23.598,1.7748,11.906,-0.02,-0.0058,35.85,35.74,1.4927,1162.6947,1162.7419,1162.8817,1161.202,50.0,False,NOMINAL,HEALTHY,49.4,37.47
DIG_LOT07_COMP1380,LOT_07,DIGITAL_IC,CQFP-64,DIG-SIH-2026,THERMAL_BURN_IN,T07_1380,PROC-ISRO-IISU-01,ATE-STATION-01,CHAMBER-01,1.0,125.0,5.0,168,IDDQ,ELECTRICAL,uA,1.3171,1022.8001,1022.9259,1022.932,1021.483,23.579,2.5555,11.926,-0.015,0.0285,36.24,36.22,1.3171,1022.8001,1022.9259,1022.932,1021.483,50.0,False,NOMINAL,HEALTHY,-9.82,-18.69
DIG_LOT07_COMP1381,LOT_07,DIGITAL_IC,CQFP-64,DIG-SIH-2026,THERMAL_BURN_IN,T07_1381,PROC-ISRO-IISU-01,ATE-STATION-01,CHAMBER-01,1.0,125.0,5.0,168,IDDQ,ELECTRICAL,uA,1.0064,769.2215,769.2506,769.2852,768.2151,24.83,2.4271,12.236,-0.0029,0.0212,36.04,35.93,1.0064,769.2215,769.2506,769.2852,768.2151,50.0,False,NOMINAL,HEALTHY,-24.92,34.29
DIG_LOT07_COMP1382,LOT_07,DIGITAL_IC,CQFP-64,DIG-SIH-2026,THERMAL_BURN_IN,T07_1382,PROC-ISRO-IISU-01,ATE-STATION-01,CHAMBER-01,1.0,125.0,5.0,168,IDDQ,ELECTRICAL,uA,1.2496,973.0863,973.1724,973.2004,971.8367,24.635,2.0487,11.847,0.0033,-0.0497,36.49,35.91,1.2496,973.0863,973.1724,973.2004,971.8367,50.0,False,NOMINAL,HEALTHY,-3.85,35.93
DIG_LOT07_COMP1383,LOT_07,DIGITAL_IC,CQFP-64,DIG-SIH-2026,THERMAL_BURN_IN,T07_1383,PROC-ISRO-IISU-01,ATE-STATION-01,CHAMBER-01,1.0,125.0,5.0,168,IDDQ,ELECTRICAL,uA,0.9812,744.5957,744.6378,744.6883,743.6145,22.91,2.2576,12.948,0.0211,-0.0075,34.04,34.17,0.9812,744.5957,744.6378,744.6883,743.6145,50.0,False,NOMINAL,HEALTHY,49.76,14.7
DIG_LOT07_COMP1384,LOT_07,DIGITAL_IC,CQFP-64,DIG-SIH-2026,THERMAL_BURN_IN,T07_1384,PROC-ISRO-IISU-01,ATE-STATION-01,CHAMBER-01,1.0,125.0,5.0,168,IDDQ,ELECTRICAL,uA,1.1271,836.3381,836.4368,836.4875,835.211,26.031,2.4943,10.104,0.0158,0.0124,34.38,34.1,1.1271,836.3381,836.4368,836.4875,835.211,50.0,False,NOMINAL,HEALTHY,-37.77,29.1
DIG_LOT07_COMP1385,LOT_07,DIGITAL_IC,CQFP-64,DIG-SIH-2026,THERMAL_BURN_IN,T07_1385,PROC-ISRO-IISU-01,ATE-STATION-01,CHAMBER-01,1.0,125.0,5.0,168,IDDQ,ELECTRICAL,uA,1.2705,991.1844,991.3091,991.346,989.9139,24.284,1.5422,11.306,-0.0125,0.0676,35.77,35.77,1.2705,991.1844,991.3091,991.346,989.9139,50.0,False,NOMINAL,HEALTHY,-28.25,27.81
DIG_LOT07_COMP1386,LOT_07,DIGITAL_IC,CQFP-64,DIG-SIH-2026,THERMAL_BURN_IN,T07_1386,PROC-ISRO-IISU-01,ATE-STATION-01,CHAMBER-01,1.0,125.0,5.0,168,IDDQ,ELECTRICAL,uA,1.2286,953.3329,953.4412,953.4846,952.1043,27.958,1.7225,12.192,-0.0098,-0.0004,34.72,34.37,1.2286,953.3329,953.4412,953.4846,952.1043,50.0,False,NOMINAL,HEALTHY,-37.97,-9.23
DIG_LOT07_COMP1387,LOT_07,DIGITAL_IC,CQFP-64,DIG-SIH-2026,THERMAL_BURN_IN,T07_1387,PROC-ISRO-IISU-01,ATE-STATION-01,CHAMBER-01,1.0,125.0,5.0,168,IDDQ,ELECTRICAL,uA,1.5118,1157.9989,1158.0681,1158.1896,1156.4871,21.438,2.2371,13.346,0.0021,-0.0523,34.57,34.38,1.5118,1157.9989,1158.0681,1158.1896,1156.4871,50.0,False,NOMINAL,HEALTHY,40.61,-7.5
DIG_LOT07_COMP1388,LOT_07,DIGITAL_IC,CQFP-64,DIG-SIH-2026,THERMAL_BURN_IN,T07_1388,PROC-ISRO-IISU-01,ATE-STATION-01,CHAMBER-01,1.0,125.0,5.0,168,IDDQ,ELECTRICAL,uA,1.2724,973.6963,973.781,973.8569,972.4239,23.586,1.5185,13.246,-0.0137,-0.065,34.53,34.17,1.2724,973.6963,973.781,973.8569,972.4239,50.0,False,NOMINAL,HEALTHY,19.21,30.98
DIG_LOT07_COMP1389,LOT_07,DIGITAL_IC,CQFP-64,DIG-SIH-2026,THERMAL_BURN_IN,T07_1389,PROC-ISRO-IISU-01,ATE-STATION-01,CHAMBER-01,1.0,125.0,5.0,168,IDDQ,ELECTRICAL,uA,1.1455,883.3753,883.4432,883.4653,882.2298,25.744,2.2767,14.034,-0.0035,-0.0095,34.49,34.32,1.1455,883.3753,883.4432,883.4653,882.2298,50.0,False,NOMINAL,HEALTHY,20.48,1.75
DIG_LOT07_COMP1390,LOT_07,DIGITAL_IC,CQFP-64,DIG-SIH-2026,THERMAL_BURN_IN,T07_1390,PROC-ISRO-IISU-01,ATE-STATION-01,CHAMBER-01,1.0,125.0,5.0,168,IDDQ,ELECTRICAL,uA,1.5397,1182.9791,1183.0837,1183.1526,1181.4394,25.116,2.0563,13.377,0.0235,-0.136,34.58,35.03,1.5397,1182.9791,1183.0837,1183.1526,1181.4394,50.0,False,NOMINAL,HEALTHY,24.46,40.48
DIG_LOT07_COMP1391,LOT_07,DIGITAL_IC,CQFP-64,DIG-SIH-2026,THERMAL_BURN_IN,T07_1391,PROC-ISRO-IISU-01,ATE-STATION-01,CHAMBER-01,1.0,125.0,5.0,168,IDDQ,ELECTRICAL,uA,1.4129,1078.2327,1078.3081,1078.3777,1076.8198,25.143,2.182,11.385,0.0047,0.0024,34.55,34.85,1.4129,1078.2327,1078.3081,1078.3777,1076.8198,50.0,False,NOMINAL,HEALTHY,3.41,-34.7
DIG_LOT07_COMP1392,LOT_07,DIGITAL_IC,CQFP-64,DIG-SIH-2026,THERMAL_BURN_IN,T07_1392,PROC-ISRO-IISU-01,ATE-STATION-01,CHAMBER-01,1.0,125.0,5.0,168,IDDQ,ELECTRICAL,uA,1.2905,994.7834,994.8419,994.878,993.4929,25.988,1.7307,12.806,-0.0149,-0.0001,35.71,35.94,1.2905,994.7834,994.8419,994.878,993.4929,50.0,False,NOMINAL,HEALTHY,-25.38,-0.55
DIG_LOT07_COMP1393,LOT_07,DIGITAL_IC,CQFP-64,DIG-SIH-2026,THERMAL_BURN_IN,T07_1393,PROC-ISRO-IISU-01,ATE-STATION-01,CHAMBER-01,1.0,125.0,5.0,168,IDDQ,ELECTRICAL,uA,1.3762,1048.5604,1048.5813,1048.6622,1047.1842,24.005,1.9707,12.421,0.0023,-0.0435,34.42,34.91,1.3762,1048.5604,1048.5813,1048.6622,1047.1842,50.0,False,NOMINAL,HEALTHY,21.13,-12.5
DIG_LOT07_COMP1394,LOT_07,DIGITAL_IC,CQFP-64,DIG-SIH-2026,THERMAL_BURN_IN,T07_1394,PROC-ISRO-IISU-01,ATE-STATION-01,CHAMBER-01,1.0,125.0,5.0,168,IDDQ,ELECTRICAL,uA,1.3573,1034.0607,1034.1222,1034.2388,1032.7034,23.543,2.0456,13.253,-0.0078,-0.0208,36.74,36.87,1.3573,1034.0607,1034.1222,1034.2388,1032.7034,50.0,False,NOMINAL,HEALTHY,24.7,39.98
DIG_LOT07_COMP1395,LOT_07,DIGITAL_IC,CQFP-64,DIG-SIH-2026,THERMAL_BURN_IN,T07_1395,PROC-ISRO-IISU-01,ATE-STATION-01,CHAMBER-01,1.0,125.0,5.0,168,IDDQ,ELECTRICAL,uA,1.2116,934.375,934.4321,934.4834,933.1634,22.564,1.7799,13.04,0.0079,0.0088,34.49,34.47,1.2116,934.375,934.4321,934.4834,933.1634,50.0,False,NOMINAL,HEALTHY,6.9,15.45
DIG_LOT07_COMP1396,LOT_07,DIGITAL_IC,CQFP-64,DIG-SIH-2026,THERMAL_BURN_IN,T07_1396,PROC-ISRO-IISU-01,ATE-STATION-01,CHAMBER-01,1.0,125.0,5.0,168,IDDQ,ELECTRICAL,uA,1.4328,1094.3597,1094.4442,1094.5479,1092.9269,28.359,2.0703,14.434,-0.0124,0.0732,36.2,37.28,1.4328,1094.3597,1094.4442,1094.5479,1092.9269,50.0,False,NOMINAL,HEALTHY,-14.03,16.64
DIG_LOT07_COMP1397,LOT_07,DIGITAL_IC,CQFP-64,DIG-SIH-2026,THERMAL_BURN_IN,T07_1397,PROC-ISRO-IISU-01,ATE-STATION-01,CHAMBER-01,1.0,125.0,5.0,168,IDDQ,ELECTRICAL,uA,1.2406,966.4821,966.5683,966.6276,965.2415,24.79,2.344,12.51,0.001,-0.02,32.22,32.27,1.2406,966.4821,966.5683,966.6276,965.2415,50.0,False,NOMINAL,HEALTHY,-29.58,-22.54
DIG_LOT07_COMP1398,LOT_07,DIGITAL_IC,CQFP-64,DIG-SIH-2026,THERMAL_BURN_IN,T07_1398,PROC-ISRO-IISU-01,ATE-STATION-01,CHAMBER-01,1.0,125.0,5.0,168,IDDQ,ELECTRICAL,uA,1.4549,1108.1847,1108.2598,1108.3097,1106.7298,27.01,2.4136,12.529,0.0358,0.0331,33.85,33.85,1.4549,1108.1847,1108.2598,1108.3097,1106.7298,50.0,False,NOMINAL,HEALTHY,19.36,26.21
DIG_LOT07_COMP1399,LOT_07,DIGITAL_IC,CQFP-64,DIG-SIH-2026,THERMAL_BURN_IN,T07_1399,PROC-ISRO-IISU-01,ATE-STATION-01,CHAMBER-01,1.0,125.0,5.0,168,IDDQ,ELECTRICAL,uA,1.5793,1222.5962,1222.6606,1222.7463,1221.0169,22.948,2.2846,13.666,-0.0235,-0.0924,34.83,35.18,1.5793,1222.5962,1222.6606,1222.7463,1221.0169,50.0,False,NOMINAL,HEALTHY,-1.04,37.89
DIG_LOT07_COMP1400,LOT_07,DIGITAL_IC,CQFP-64,DIG-SIH-2026,THERMAL_BURN_IN,T07_1400,PROC-ISRO-IISU-01,ATE-STATION-01,CHAMBER-01,1.0,125.0,5.0,168,IDDQ,ELECTRICAL,uA,1.6362,1247.6169,1247.7497,1247.8366,1245.9807,24.113,1.8513,13.178,-0.0203,-0.0543,33.87,34.07,1.6362,1247.6169,1247.7497,1247.8366,1245.9807,50.0,False,NOMINAL,HEALTHY,-19.78,-24.08
DIG_LOT07_COMP1401,LOT_07,DIGITAL_IC,CQFP-64,DIG-SIH-2026,THERMAL_BURN_IN,T07_1401,PROC-ISRO-IISU-01,ATE-STATION-01,CHAMBER-01,1.0,125.0,5.0,168,IDDQ,ELECTRICAL,uA,1.078,846.8308,846.9145,846.9526,845.7528,26.522,1.8783,11.917,-0.0194,-0.0196,35.69,35.34,1.078,846.8308,846.9145,846.9526,845.7528,50.0,False,NOMINAL,HEALTHY,29.53,-17.35
DIG_LOT07_COMP1402,LOT_07,DIGITAL_IC,CQFP-64,DIG-SIH-2026,THERMAL_BURN_IN,T07_1402,PROC-ISRO-IISU-01,ATE-STATION-01,CHAMBER-01,1.0,125.0,5.0,168,IDDQ,ELECTRICAL,uA,1.2545,963.7975,963.8457,963.9017,962.543,25.81,1.7731,12.877,0.0484,0.1147,36.61,36.82,1.2545,963.7975,963.8457,963.9017,962.543,50.0,False,NOMINAL,HEALTHY,-36.98,-47.27
DIG_LOT07_COMP1403,LOT_07,DIGITAL_IC,CQFP-64,DIG-SIH-2026,THERMAL_BURN_IN,T07_1403,PROC-ISRO-IISU-01,ATE-STATION-01,CHAMBER-01,1.0,125.0,5.0,168,IDDQ,ELECTRICAL,uA,1.2057,934.04,934.1245,934.1346,932.8343,24.732,1.9942,12.691,0.0244,0.0042,34.94,34.48,1.2057,934.04,934.1245,934.1346,932.8343,50.0,False,NOMINAL,HEALTHY,-10.08,12.59
DIG_LOT07_COMP1404,LOT_07,DIGITAL_IC,CQFP-64,DIG-SIH-2026,THERMAL_BURN_IN,T07_1404,PROC-ISRO-IISU-01,ATE-STATION-01,CHAMBER-01,1.0,125.0,5.0,168,IDDQ,ELECTRICAL,uA,1.5606,1219.6189,1219.7511,1219.7794,1218.0583,24.267,2.1662,12.704,0.0034,0.0909,35.73,36.23,1.5606,1219.6189,1219.7511,1219.7794,1218.0583,50.0,False,NOMINAL,HEALTHY,-30.0,-24.11
DIG_LOT07_COMP1405,LOT_07,DIGITAL_IC,CQFP-64,DIG-SIH-2026,THERMAL_BURN_IN,T07_1405,PROC-ISRO-IISU-01,ATE-STATION-01,CHAMBER-01,1.0,125.0,5.0,168,IDDQ,ELECTRICAL,uA,1.4603,1117.313,1117.3778,1117.4693,1115.8527,25.731,1.7387,13.006,-0.025,0.0358,33.61,34.38,1.4603,1117.313,1117.3778,1117.4693,1115.8527,50.0,False,NOMINAL,HEALTHY,-44.66,-49.66
DIG_LOT07_COMP1406,LOT_07,DIGITAL_IC,CQFP-64,DIG-SIH-2026,THERMAL_BURN_IN,T07_1406,PROC-ISRO-IISU-01,ATE-STATION-01,CHAMBER-01,1.0,125.0,5.0,168,IDDQ,ELECTRICAL,uA,1.2823,999.4593,999.5453,999.5636,998.177,24.139,1.9411,13.067,-0.0479,-0.106,34.16,34.31,1.2823,999.4593,999.5453,999.5636,998.177,50.0,False,NOMINAL,HEALTHY,-7.47,16.65
DIG_LOT07_COMP1407,LOT_07,DIGITAL_IC,CQFP-64,DIG-SIH-2026,THERMAL_BURN_IN,T07_1407,PROC-ISRO-IISU-01,ATE-STATION-01,CHAMBER-01,1.0,125.0,5.0,168,IDDQ,ELECTRICAL,uA,1.4974,1166.7538,1166.8418,1166.8978,1165.2564,25.877,2.1262,13.003,0.0036,-0.0351,32.1,31.31,1.4974,1166.7538,1166.8418,1166.8978,1165.2564,50.0,False,NOMINAL,HEALTHY,4.92,-46.15
DIG_LOT07_COMP1408,LOT_07,DIGITAL_IC,CQFP-64,DIG-SIH-2026,THERMAL_BURN_IN,T07_1408,PROC-ISRO-IISU-01,ATE-STATION-01,CHAMBER-01,1.0,125.0,5.0,168,IDDQ,ELECTRICAL,uA,0.9292,713.2864,713.3437,713.3826,712.3572,21.959,2.0428,13.758,0.0062,-0.0284,33.72,33.34,0.9292,713.2864,713.3437,713.3826,712.3572,50.0,False,NOMINAL,HEALTHY,-32.24,-47.91
DIG_LOT07_COMP1409,LOT_07,DIGITAL_IC,CQFP-64,DIG-SIH-2026,THERMAL_BURN_IN,T07_1409,PROC-ISRO-IISU-01,ATE-STATION-01,CHAMBER-01,1.0,125.0,5.0,168,IDDQ,ELECTRICAL,uA,1.1979,896.0503,896.1592,896.1985,894.8524,26.434,1.4733,11.564,0.0159,-0.0067,36.22,36.12,1.1979,896.0503,896.1592,896.1985,894.8524,50.0,False,NOMINAL,HEALTHY,-14.8,-35.74
DIG_LOT07_COMP1410,LOT_07,DIGITAL_IC,CQFP-64,DIG-SIH-2026,THERMAL_BURN_IN,T07_1410,PROC-ISRO-IISU-01,ATE-STATION-01,CHAMBER-01,1.0,125.0,5.0,168,IDDQ,ELECTRICAL,uA,1.0176,784.9402,784.9786,785.0907,783.9226,23.206,1.8456,12.508,-0.0009,0.0983,33.21,33.85,1.0176,784.9402,784.9786,785.0907,783.9226,50.0,False,NOMINAL,HEALTHY,-12.36,29.87
DIG_LOT07_COMP1411,LOT_07,DIGITAL_IC,CQFP-64,DIG-SIH-2026,THERMAL_BURN_IN,T07_1411,PROC-ISRO-IISU-01,ATE-STATION-01,CHAMBER-01,1.0,125.0,5.0,168,IDDQ,ELECTRICAL,uA,1.4664,1135.012,1135.0929,1135.1521,1133.5456,24.863,1.3444,11.466,-0.0022,-0.0476,35.73,36.21,1.4664,1135.012,1135.0929,1135.1521,1133.5456,50.0,False,NOMINAL,HEALTHY,16.79,37.56
DIG_LOT07_COMP1412,LOT_07,DIGITAL_IC,CQFP-64,DIG-SIH-2026,THERMAL_BURN_IN,T07_1412,PROC-ISRO-IISU-01,ATE-STATION-01,CHAMBER-01,1.0,125.0,5.0,168,IDDQ,ELECTRICAL,uA,1.1336,868.4281,868.4667,868.5046,867.2945,25.317,2.1714,13.681,-0.0126,-0.0109,35.7,35.64,1.1336,868.4281,868.4667,868.5046,867.2945,50.0,False,NOMINAL,HEALTHY,27.72,26.95
DIG_LOT07_COMP1413,LOT_07,DIGITAL_IC,CQFP-64,DIG-SIH-2026,THERMAL_BURN_IN,T07_1413,PROC-ISRO-IISU-01,ATE-STATION-01,CHAMBER-01,1.0,125.0,5.0,168,IDDQ,ELECTRICAL,uA,1.4389,1117.4793,1117.5941,1117.5906,1116.0404,25.451,1.4947,13.167,0.0376,0.0398,34.96,34.75,1.4389,1117.4793,1117.5941,1117.5906,1116.0404,50.0,False,NOMINAL,HEALTHY,-6.24,-27.37
DIG_LOT07_COMP1414,LOT_07,DIGITAL_IC,CQFP-64,DIG-SIH-2026,THERMAL_BURN_IN,T07_1414,PROC-ISRO-IISU-01,ATE-STATION-01,CHAMBER-01,1.0,125.0,5.0,168,IDDQ,ELECTRICAL,uA,1.1875,937.399,937.455,937.4825,936.2115,22.661,1.3539,14.3,0.0092,0.0376,34.96,33.91,1.1875,937.399,937.455,937.4825,936.2115,50.0,False,NOMINAL,HEALTHY,-44.12,5.2
DIG_LOT07_COMP1415,LOT_07,DIGITAL_IC,CQFP-64,DIG-SIH-2026,THERMAL_BURN_IN,T07_1415,PROC-ISRO-IISU-01,ATE-STATION-01,CHAMBER-01,1.0,125.0,5.0,168,IDDQ,ELECTRICAL,uA,1.4672,1129.3751,1129.4532,1129.5375,1127.9079,27.55,2.3312,12.315,-0.0001,0.0638,36.62,35.99,1.4672,1129.3751,1129.4532,1129.5375,1127.9079,50.0,False,NOMINAL,HEALTHY,38.96,-42.76
DIG_LOT07_COMP1416,LOT_07,DIGITAL_IC,CQFP-64,DIG-SIH-2026,THERMAL_BURN_IN,T07_1416,PROC-ISRO-IISU-01,ATE-STATION-01,CHAMBER-01,1.0,125.0,5.0,168,IDDQ,ELECTRICAL,uA,1.1299,896.2197,896.2958,896.2856,895.0898,23.724,1.9546,11.9,-0.0014,-0.0735,31.52,31.08,1.1299,896.2197,896.2958,896.2856,895.0898,50.0,False,NOMINAL,HEALTHY,-17.34,27.72
DIG_LOT07_COMP1417,LOT_07,DIGITAL_IC,CQFP-64,DIG-SIH-2026,THERMAL_BURN_IN,T07_1417,PROC-ISRO-IISU-01,ATE-STATION-01,CHAMBER-01,1.0,125.0,5.0,168,IDDQ,ELECTRICAL,uA,1.2287,930.4261,930.522,930.5292,929.1974,24.337,2.04,12.158,-0.0188,0.0076,35.85,36.56,1.2287,930.4261,930.522,930.5292,929.1974,50.0,False,NOMINAL,HEALTHY,33.04,-24.83
DIG_LOT07_COMP1418,LOT_07,DIGITAL_IC,CQFP-64,DIG-SIH-2026,THERMAL_BURN_IN,T07_1418,PROC-ISRO-IISU-01,ATE-STATION-01,CHAMBER-01,1.0,125.0,5.0,168,IDDQ,ELECTRICAL,uA,1.3165,1017.478,1017.5274,1017.6139,1016.1615,25.972,2.1049,11.411,0.0017,-0.0145,36.51,36.16,1.3165,1017.478,1017.5274,1017.6139,1016.1615,50.0,False,NOMINAL,HEALTHY,-1.78,-37.25
DIG_LOT07_COMP1419,LOT_07,DIGITAL_IC,CQFP-64,DIG-SIH-2026,THERMAL_BURN_IN,T07_1419,PROC-ISRO-IISU-01,ATE-STATION-01,CHAMBER-01,1.0,125.0,5.0,168,IDDQ,ELECTRICAL,uA,1.3418,1026.4746,1026.5185,1026.5913,1025.1328,23.557,2.0742,14.926,0.0042,0.0335,35.7,36.64,1.3418,1026.4746,1026.5185,1026.5913,1025.1328,50.0,False,NOMINAL,HEALTHY,45.82,6.03
DIG_LOT07_COMP1420,LOT_07,DIGITAL_IC,CQFP-64,DIG-SIH-2026,THERMAL_BURN_IN,T07_1420,PROC-ISRO-IISU-01,ATE-STATION-01,CHAMBER-01,1.0,125.0,5.0,168,IDDQ,ELECTRICAL,uA,1.3887,1080.2471,1080.2943,1080.3894,1078.8584,24.79,2.3758,11.517,0.0074,0.1248,35.84,36.23,1.3887,1080.2471,1080.2943,1080.3894,1078.8584,50.0,False,NOMINAL,HEALTHY,2.35,47.22
DIG_LOT07_COMP1421,LOT_07,DIGITAL_IC,CQFP-64,DIG-SIH-2026,THERMAL_BURN_IN,T07_1421,PROC-ISRO-IISU-01,ATE-STATION-01,CHAMBER-01,1.0,125.0,5.0,168,IDDQ,ELECTRICAL,uA,1.363,1054.5917,1054.686,1054.6813,1053.2287,24.083,2.2599,14.0,-0.0074,-0.0725,35.02,34.29,1.363,1054.5917,1054.686,1054.6813,1053.2287,50.0,False,NOMINAL,HEALTHY,39.59,-36.37
DIG_LOT07_COMP1422,LOT_07,DIGITAL_IC,CQFP-64,DIG-SIH-2026,THERMAL_BURN_IN,T07_1422,PROC-ISRO-IISU-01,ATE-STATION-01,CHAMBER-01,1.0,125.0,5.0,168,IDDQ,ELECTRICAL,uA,1.2673,976.134,976.2279,976.2891,974.8667,25.725,2.3369,12.063,-0.0345,-0.0471,36.02,35.98,1.2673,976.134,976.2279,976.2891,974.8667,50.0,False,NOMINAL,HEALTHY,5.24,-27.62
DIG_LOT07_COMP1423,LOT_07,DIGITAL_IC,CQFP-64,DIG-SIH-2026,THERMAL_BURN_IN,T07_1423,PROC-ISRO-IISU-01,ATE-STATION-01,CHAMBER-01,1.0,125.0,5.0,168,IDDQ,ELECTRICAL,uA,1.378,1061.6551,1061.7847,1061.753,1060.2771,24.047,2.2674,13.152,0.0024,0.0353,33.39,33.05,1.378,1061.6551,1061.7847,1061.753,1060.2771,50.0,False,NOMINAL,HEALTHY,29.15,37.23
DIG_LOT07_COMP1424,LOT_07,DIGITAL_IC,CQFP-64,DIG-SIH-2026,THERMAL_BURN_IN,T07_1424,PROC-ISRO-IISU-01,ATE-STATION-01,CHAMBER-01,1.0,125.0,5.0,168,IDDQ,ELECTRICAL,uA,1.2723,975.4727,975.5293,975.6241,974.2004,25.786,1.6434,12.022,-0.0319,-0.0099,33.58,33.97,1.2723,975.4727,975.5293,975.6241,974.2004,50.0,False,NOMINAL,HEALTHY,-33.3,9.82
DIG_LOT07_COMP1425,LOT_07,DIGITAL_IC,CQFP-64,DIG-SIH-2026,THERMAL_BURN_IN,T07_1425,PROC-ISRO-IISU-01,ATE-STATION-01,CHAMBER-01,1.0,125.0,5.0,168,IDDQ,ELECTRICAL,uA,1.478,1136.5315,1136.5903,1136.6682,1135.0535,23.273,1.9254,12.269,-0.0069,0.0636,36.23,36.18,1.478,1136.5315,1136.5903,1136.6682,1135.0535,50.0,False,NOMINAL,HEALTHY,36.6,-7.07
DIG_LOT07_COMP1426,LOT_07,DIGITAL_IC,CQFP-64,DIG-SIH-2026,THERMAL_BURN_IN,T07_1426,PROC-ISRO-IISU-01,ATE-STATION-01,CHAMBER-01,1.0,125.0,5.0,168,IDDQ,ELECTRICAL,uA,5.1178,3935.3355,3935.543,3935.7401,3930.2177,24.529,1.5299,13.848,0.0297,0.0038,35.54,35.54,5.1178,3935.3355,3935.543,3935.7401,3930.2177,50.0,True,SPATIAL_OUTLIER,HEALTHY,-21.2,-40.32
DIG_LOT07_COMP1427,LOT_07,DIGITAL_IC,CQFP-64,DIG-SIH-2026,THERMAL_BURN_IN,T07_1427,PROC-ISRO-IISU-01,ATE-STATION-01,CHAMBER-01,1.0,125.0,5.0,168,IDDQ,ELECTRICAL,uA,1.2779,980.9165,980.9988,981.0715,979.6386,25.832,2.1093,10.977,0.0119,0.0132,36.66,37.17,1.2779,980.9165,980.9988,981.0715,979.6386,50.0,False,NOMINAL,HEALTHY,48.63,24.11
DIG_LOT07_COMP1428,LOT_07,DIGITAL_IC,CQFP-64,DIG-SIH-2026,THERMAL_BURN_IN,T07_1428,PROC-ISRO-IISU-01,ATE-STATION-01,CHAMBER-01,1.0,125.0,5.0,168,IDDQ,ELECTRICAL,uA,1.2392,977.3361,977.3653,977.436,976.0969,26.884,1.9337,13.227,-0.0073,0.0775,34.03,34.36,1.2392,977.3361,977.3653,977.436,976.0969,50.0,False,NOMINAL,HEALTHY,-14.05,-15.22
DIG_LOT07_COMP1429,LOT_07,DIGITAL_IC,CQFP-64,DIG-SIH-2026,THERMAL_BURN_IN,T07_1429,PROC-ISRO-IISU-01,ATE-STATION-01,CHAMBER-01,1.0,125.0,5.0,168,IDDQ,ELECTRICAL,uA,1.4902,1147.3445,1147.4621,1147.5173,1145.8543,25.123,2.3249,13.78,0.0046,-0.0123,34.52,34.48,1.4902,1147.3445,1147.4621,1147.5173,1145.8543,50.0,False,NOMINAL,HEALTHY,-6.05,16.75
DIG_LOT07_COMP1430,LOT_07,DIGITAL_IC,CQFP-64,DIG-SIH-2026,THERMAL_BURN_IN,T07_1430,PROC-ISRO-IISU-01,ATE-STATION-01,CHAMBER-01,1.0,125.0,5.0,168,IDDQ,ELECTRICAL,uA,1.3918,1063.6682,1063.7795,1063.7799,1062.2764,25.193,2.1044,13.708,0.0042,0.0236,34.74,35.79,1.3918,1063.6682,1063.7795,1063.7799,1062.2764,50.0,False,NOMINAL,HEALTHY,-5.58,-15.97
DIG_LOT07_COMP1431,LOT_07,DIGITAL_IC,CQFP-64,DIG-SIH-2026,THERMAL_BURN_IN,T07_1431,PROC-ISRO-IISU-01,ATE-STATION-01,CHAMBER-01,1.0,125.0,5.0,168,IDDQ,ELECTRICAL,uA,1.4442,1122.8373,1122.8592,1122.9654,1121.3931,26.381,2.6532,13.598,0.0016,-0.0252,36.62,35.79,1.4442,1122.8373,1122.8592,1122.9654,1121.3931,50.0,False,NOMINAL,HEALTHY,-32.53,-41.97
DIG_LOT07_COMP1432,LOT_07,DIGITAL_IC,CQFP-64,DIG-SIH-2026,THERMAL_BURN_IN,T07_1432,PROC-ISRO-IISU-01,ATE-STATION-01,CHAMBER-01,1.0,125.0,5.0,168,IDDQ,ELECTRICAL,uA,1.3461,1050.4619,1050.5257,1050.6055,1049.1158,26.862,1.4482,12.288,0.0111,-0.0224,35.95,35.48,1.3461,1050.4619,1050.5257,1050.6055,1049.1158,50.0,False,NOMINAL,HEALTHY,12.87,-32.14
DIG_LOT07_COMP1433,LOT_07,DIGITAL_IC,CQFP-64,DIG-SIH-2026,THERMAL_BURN_IN,T07_1433,PROC-ISRO-IISU-01,ATE-STATION-01,CHAMBER-01,1.0,125.0,5.0,168,IDDQ,ELECTRICAL,uA,1.4923,1154.7656,1154.8587,1154.9278,1153.2733,27.187,2.1027,13.309,0.0052,-0.0349,36.21,35.56,1.4923,1154.7656,1154.8587,1154.9278,1153.2733,50.0,False,NOMINAL,HEALTHY,4.66,-35.46
DIG_LOT07_COMP1434,LOT_07,DIGITAL_IC,CQFP-64,DIG-SIH-2026,THERMAL_BURN_IN,T07_1434,PROC-ISRO-IISU-01,ATE-STATION-01,CHAMBER-01,1.0,125.0,5.0,168,IDDQ,ELECTRICAL,uA,6.3541,4899.6991,4899.9783,4900.0664,4893.345,26.204,2.1763,13.522,0.0176,0.0447,34.17,32.89,6.3541,4899.6991,4899.9783,4900.0664,4893.345,50.0,True,SPATIAL_OUTLIER,HEALTHY,-38.69,8.66
DIG_LOT07_COMP1435,LOT_07,DIGITAL_IC,CQFP-64,DIG-SIH-2026,THERMAL_BURN_IN,T07_1435,PROC-ISRO-IISU-01,ATE-STATION-01,CHAMBER-01,1.0,125.0,5.0,168,IDDQ,ELECTRICAL,uA,1.3726,1063.6781,1063.7451,1063.7822,1062.3055,26.157,2.4322,11.896,-0.0071,0.0119,36.99,37.18,1.3726,1063.6781,1063.7451,1063.7822,1062.3055,50.0,False,NOMINAL,HEALTHY,22.89,16.23
DIG_LOT07_COMP1436,LOT_07,DIGITAL_IC,CQFP-64,DIG-SIH-2026,THERMAL_BURN_IN,T07_1436,PROC-ISRO-IISU-01,ATE-STATION-01,CHAMBER-01,1.0,125.0,5.0,168,IDDQ,ELECTRICAL,uA,1.1065,855.7674,855.8243,855.8947,854.6609,25.829,1.8628,11.735,0.0338,0.0452,32.95,32.16,1.1065,855.7674,855.8243,855.8947,854.6609,50.0,False,NOMINAL,HEALTHY,20.17,-3.27
DIG_LOT07_COMP1437,LOT_07,DIGITAL_IC,CQFP-64,DIG-SIH-2026,THERMAL_BURN_IN,T07_1437,PROC-ISRO-IISU-01,ATE-STATION-01,CHAMBER-01,1.0,125.0,5.0,168,IDDQ,ELECTRICAL,uA,1.156,903.9027,903.9999,904.054,902.7467,25.392,1.8323,11.23,-0.0016,0.0515,33.55,33.55,1.156,903.9027,903.9999,904.054,902.7467,50.0,False,NOMINAL,HEALTHY,-32.87,10.6
DIG_LOT07_COMP1438,LOT_07,DIGITAL_IC,CQFP-64,DIG-SIH-2026,THERMAL_BURN_IN,T07_1438,PROC-ISRO-IISU-01,ATE-STATION-01,CHAMBER-01,1.0,125.0,5.0,168,IDDQ,ELECTRICAL,uA,1.3682,1017.842,1017.8889,1017.9367,1016.4738,25.055,2.3052,12.396,-0.0126,0.0586,33.36,34.08,1.3682,1017.842,1017.8889,1017.9367,1016.4738,50.0,False,NOMINAL,HEALTHY,-21.5,44.41
DIG_LOT07_COMP1439,LOT_07,DIGITAL_IC,CQFP-64,DIG-SIH-2026,THERMAL_BURN_IN,T07_1439,PROC-ISRO-IISU-01,ATE-STATION-01,CHAMBER-01,1.0,125.0,5.0,168,IDDQ,ELECTRICAL,uA,1.1692,903.7188,903.8052,903.8123,902.5496,26.815,1.7285,12.183,0.0075,-0.0263,35.56,34.92,1.1692,903.7188,903.8052,903.8123,902.5496,50.0,False,NOMINAL,HEALTHY,-30.37,41.25
DIG_LOT07_COMP1440,LOT_07,DIGITAL_IC,CQFP-64,DIG-SIH-2026,THERMAL_BURN_IN,T07_1440,PROC-ISRO-IISU-01,ATE-STATION-01,CHAMBER-01,1.0,125.0,5.0,168,IDDQ,ELECTRICAL,uA,1.2013,901.7327,901.7727,901.8202,900.5314,24.336,2.0369,12.131,-0.0407,-0.0636,34.42,34.62,1.2013,901.7327,901.7727,901.8202,900.5314,50.0,False,NOMINAL,HEALTHY,-49.0,46.98
DIG_LOT07_COMP1441,LOT_07,DIGITAL_IC,CQFP-64,DIG-SIH-2026,THERMAL_BURN_IN,T07_1441,PROC-ISRO-IISU-01,ATE-STATION-01,CHAMBER-01,1.0,125.0,5.0,168,IDDQ,ELECTRICAL,uA,1.2351,944.2422,944.3486,944.4126,943.0071,26.433,2.4962,11.969,0.0259,-0.0429,32.06,32.79,1.2351,944.2422,944.3486,944.4126,943.0071,50.0,False,NOMINAL,HEALTHY,33.76,35.59
DIG_LOT07_COMP1442,LOT_07,DIGITAL_IC,CQFP-64,DIG-SIH-2026,THERMAL_BURN_IN,T07_1442,PROC-ISRO-IISU-01,ATE-STATION-01,CHAMBER-01,1.0,125.0,5.0,168,IDDQ,ELECTRICAL,uA,1.2365,954.9567,955.0401,955.0629,953.7202,23.793,2.0191,12.03,-0.0073,-0.0648,36.05,36.23,1.2365,954.9567,955.0401,955.0629,953.7202,50.0,False,NOMINAL,HEALTHY,49.87,23.28
DIG_LOT07_COMP1443,LOT_07,DIGITAL_IC,CQFP-64,DIG-SIH-2026,THERMAL_BURN_IN,T07_1443,PROC-ISRO-IISU-01,ATE-STATION-01,CHAMBER-01,1.0,125.0,5.0,168,IDDQ,ELECTRICAL,uA,1.2331,958.8542,958.9422,959.0179,957.6211,23.623,2.188,12.524,-0.0175,-0.0269,35.11,34.64,1.2331,958.8542,958.9422,959.0179,957.6211,50.0,False,NOMINAL,HEALTHY,-19.88,16.51
DIG_LOT07_COMP1444,LOT_07,DIGITAL_IC,CQFP-64,DIG-SIH-2026,THERMAL_BURN_IN,T07_1444,PROC-ISRO-IISU-01,ATE-STATION-01,CHAMBER-01,1.0,125.0,5.0,168,IDDQ,ELECTRICAL,uA,1.3759,1076.5669,1076.6005,1076.7124,1075.191,24.068,2.1175,12.653,-0.0099,-0.0409,34.88,34.64,1.3759,1076.5669,1076.6005,1076.7124,1075.191,50.0,False,NOMINAL,HEALTHY,-6.28,-44.87
DIG_LOT07_COMP1445,LOT_07,DIGITAL_IC,CQFP-64,DIG-SIH-2026,THERMAL_BURN_IN,T07_1445,PROC-ISRO-IISU-01,ATE-STATION-01,CHAMBER-01,1.0,125.0,5.0,168,IDDQ,ELECTRICAL,uA,1.24,955.2365,955.2787,955.388,953.9965,24.627,1.8903,12.543,0.0236,0.0788,36.26,36.52,1.24,955.2365,955.2787,955.388,953.9965,50.0,False,NOMINAL,HEALTHY,-33.07,-31.36
DIG_LOT07_COMP1446,LOT_07,DIGITAL_IC,CQFP-64,DIG-SIH-2026,THERMAL_BURN_IN,T07_1446,PROC-ISRO-IISU-01,ATE-STATION-01,CHAMBER-01,1.0,125.0,5.0,168,IDDQ,ELECTRICAL,uA,1.0957,852.2179,852.329,852.3038,851.1222,23.832,1.6063,14.243,-0.0472,-0.0539,35.31,35.4,1.0957,852.2179,852.329,852.3038,851.1222,50.0,False,NOMINAL,HEALTHY,2.67,9.13
DIG_LOT07_COMP1447,LOT_07,DIGITAL_IC,CQFP-64,DIG-SIH-2026,THERMAL_BURN_IN,T07_1447,PROC-ISRO-IISU-01,ATE-STATION-01,CHAMBER-01,1.0,125.0,5.0,168,IDDQ,ELECTRICAL,uA,1.001,766.9384,767.0492,767.0736,765.9374,24.546,1.8572,13.727,0.0019,-0.0652,35.34,36.06,1.001,766.9384,767.0492,767.0736,765.9374,50.0,False,NOMINAL,HEALTHY,-31.24,-28.87
DIG_LOT07_COMP1448,LOT_07,DIGITAL_IC,CQFP-64,DIG-SIH-2026,THERMAL_BURN_IN,T07_1448,PROC-ISRO-IISU-01,ATE-STATION-01,CHAMBER-01,1.0,125.0,5.0,168,IDDQ,ELECTRICAL,uA,1.4766,1151.5594,1151.6595,1151.7546,1150.0828,25.158,2.1338,13.111,-0.03,0.0218,35.09,35.42,1.4766,1151.5594,1151.6595,1151.7546,1150.0828,50.0,False,NOMINAL,HEALTHY,4.07,-15.01
DIG_LOT07_COMP1449,LOT_07,DIGITAL_IC,CQFP-64,DIG-SIH-2026,THERMAL_BURN_IN,T07_1449,PROC-ISRO-IISU-01,ATE-STATION-01,CHAMBER-01,1.0,125.0,5.0,168,IDDQ,ELECTRICAL,uA,1.4424,1120.5846,1120.7048,1120.7242,1119.1422,26.695,2.0054,12.827,-0.007,0.0419,35.19,36.15,1.4424,1120.5846,1120.7048,1120.7242,1119.1422,50.0,False,NOMINAL,HEALTHY,30.72,-39.03
DIG_LOT07_COMP1450,LOT_07,DIGITAL_IC,CQFP-64,DIG-SIH-2026,THERMAL_BURN_IN,T07_1450,PROC-ISRO-IISU-01,ATE-STATION-01,CHAMBER-01,1.0,125.0,5.0,168,IDDQ,ELECTRICAL,uA,1.1385,875.0242,875.0726,875.1953,873.8857,26.792,2.0099,13.196,-0.0306,0.0366,35.89,35.76,1.1385,875.0242,875.0726,875.1953,873.8857,50.0,False,NOMINAL,HEALTHY,-22.83,17.56
DIG_LOT07_COMP1451,LOT_07,DIGITAL_IC,CQFP-64,DIG-SIH-2026,THERMAL_BURN_IN,T07_1451,PROC-ISRO-IISU-01,ATE-STATION-01,CHAMBER-01,1.0,125.0,5.0,168,IDDQ,ELECTRICAL,uA,1.5918,1240.7859,1240.8538,1240.9343,1239.1941,25.127,2.3492,11.607,0.0271,0.045,33.56,33.74,1.5918,1240.7859,1240.8538,1240.9343,1239.1941,50.0,False,NOMINAL,HEALTHY,37.88,45.07
DIG_LOT07_COMP1452,LOT_07,DIGITAL_IC,CQFP-64,DIG-SIH-2026,THERMAL_BURN_IN,T07_1452,PROC-ISRO-IISU-01,ATE-STATION-01,CHAMBER-01,1.0,125.0,5.0,168,IDDQ,ELECTRICAL,uA,4.7072,3645.6875,3645.8796,3645.9512,3640.9803,24.183,2.7536,12.04,-0.0005,-0.0003,34.62,34.93,4.7072,3645.6875,3645.8796,3645.9512,3640.9803,50.0,True,SPATIAL_OUTLIER,HEALTHY,29.77,-15.74
DIG_LOT07_COMP1453,LOT_07,DIGITAL_IC,CQFP-64,DIG-SIH-2026,THERMAL_BURN_IN,T07_1453,PROC-ISRO-IISU-01,ATE-STATION-01,CHAMBER-01,1.0,125.0,5.0,168,IDDQ,ELECTRICAL,uA,1.1415,866.9481,867.0087,867.092,865.8066,24.661,2.0676,10.843,-0.0165,-0.0748,36.25,36.76,1.1415,866.9481,867.0087,867.092,865.8066,50.0,False,NOMINAL,HEALTHY,41.53,10.55
DIG_LOT07_COMP1454,LOT_07,DIGITAL_IC,CQFP-64,DIG-SIH-2026,THERMAL_BURN_IN,T07_1454,PROC-ISRO-IISU-01,ATE-STATION-01,CHAMBER-01,1.0,125.0,5.0,168,IDDQ,ELECTRICAL,uA,1.4187,1097.3574,1097.5042,1097.5249,1095.9387,25.73,1.6382,11.587,-0.0203,0.0705,33.68,34.49,1.4187,1097.3574,1097.5042,1097.5249,1095.9387,50.0,False,NOMINAL,HEALTHY,40.27,40.34
DIG_LOT07_COMP1455,LOT_07,DIGITAL_IC,CQFP-64,DIG-SIH-2026,THERMAL_BURN_IN,T07_1455,PROC-ISRO-IISU-01,ATE-STATION-01,CHAMBER-01,1.0,125.0,5.0,168,IDDQ,ELECTRICAL,uA,1.3645,1060.0578,1060.1101,1060.2054,1058.6933,24.874,1.7176,12.523,-0.0199,-0.1024,32.3,32.2,1.3645,1060.0578,1060.1101,1060.2054,1058.6933,50.0,False,NOMINAL,HEALTHY,-47.68,11.97
DIG_LOT07_COMP1456,LOT_07,DIGITAL_IC,CQFP-64,DIG-SIH-2026,THERMAL_BURN_IN,T07_1456,PROC-ISRO-IISU-01,ATE-STATION-01,CHAMBER-01,1.0,125.0,5.0,168,IDDQ,ELECTRICAL,uA,1.4562,1131.9121,1132.0197,1132.0811,1130.4559,23.438,1.8831,13.091,-0.016,-0.0337,33.62,33.96,1.4562,1131.9121,1132.0197,1132.0811,1130.4559,50.0,False,NOMINAL,HEALTHY,-0.59,7.56
DIG_LOT07_COMP1457,LOT_07,DIGITAL_IC,CQFP-64,DIG-SIH-2026,THERMAL_BURN_IN,T07_1457,PROC-ISRO-IISU-01,ATE-STATION-01,CHAMBER-01,1.0,125.0,5.0,168,IDDQ,ELECTRICAL,uA,1.198,924.3056,924.3381,924.4044,923.1076,23.208,2.8359,10.961,0.0029,-0.0582,35.71,35.4,1.198,924.3056,924.3381,924.4044,923.1076,50.0,False,NOMINAL,HEALTHY,48.54,49.47
DIG_LOT07_COMP1458,LOT_07,DIGITAL_IC,CQFP-64,DIG-SIH-2026,THERMAL_BURN_IN,T07_1458,PROC-ISRO-IISU-01,ATE-STATION-01,CHAMBER-01,1.0,125.0,5.0,168,IDDQ,ELECTRICAL,uA,1.7238,1318.4059,1318.4862,1318.5235,1316.6821,25.24,2.3193,12.169,0.0173,-0.0908,37.41,37.7,1.7238,1318.4059,1318.4862,1318.5235,1316.6821,50.0,False,NOMINAL,HEALTHY,10.06,-21.07
DIG_LOT07_COMP1459,LOT_07,DIGITAL_IC,CQFP-64,DIG-SIH-2026,THERMAL_BURN_IN,T07_1459,PROC-ISRO-IISU-01,ATE-STATION-01,CHAMBER-01,1.0,125.0,5.0,168,IDDQ,ELECTRICAL,uA,1.2911,999.2561,999.311,999.4128,997.965,24.87,1.8388,11.82,-0.004,0.0434,35.97,36.28,1.2911,999.2561,999.311,999.4128,997.965,50.0,False,NOMINAL,HEALTHY,8.84,21.03
DIG_LOT07_COMP1460,LOT_07,DIGITAL_IC,CQFP-64,DIG-SIH-2026,THERMAL_BURN_IN,T07_1460,PROC-ISRO-IISU-01,ATE-STATION-01,CHAMBER-01,1.0,125.0,5.0,168,IDDQ,ELECTRICAL,uA,1.1597,879.6756,879.7578,879.7583,878.5159,24.909,2.1636,12.08,0.0249,0.0156,35.36,35.27,1.1597,879.6756,879.7578,879.7583,878.5159,50.0,False,NOMINAL,HEALTHY,-28.37,-3.13
DIG_LOT07_COMP1461,LOT_07,DIGITAL_IC,CQFP-64,DIG-SIH-2026,THERMAL_BURN_IN,T07_1461,PROC-ISRO-IISU-01,ATE-STATION-01,CHAMBER-01,1.0,125.0,5.0,168,IDDQ,ELECTRICAL,uA,1.3704,1054.6411,1054.7428,1054.8245,1053.2707,24.104,2.2129,12.276,-0.011,-0.0081,32.04,32.51,1.3704,1054.6411,1054.7428,1054.8245,1053.2707,50.0,False,NOMINAL,HEALTHY,15.3,-25.57
DIG_LOT07_COMP1462,LOT_07,DIGITAL_IC,CQFP-64,DIG-SIH-2026,THERMAL_BURN_IN,T07_1462,PROC-ISRO-IISU-01,ATE-STATION-01,CHAMBER-01,1.0,125.0,5.0,168,IDDQ,ELECTRICAL,uA,1.209,954.451,954.5461,954.5669,953.242,24.315,1.992,12.189,-0.0165,-0.0114,32.74,32.1,1.209,954.451,954.5461,954.5669,953.242,50.0,False,NOMINAL,HEALTHY,-43.25,40.49
DIG_LOT07_COMP1463,LOT_07,DIGITAL_IC,CQFP-64,DIG-SIH-2026,THERMAL_BURN_IN,T07_1463,PROC-ISRO-IISU-01,ATE-STATION-01,CHAMBER-01,1.0,125.0,5.0,168,IDDQ,ELECTRICAL,uA,1.0538,830.1981,830.2691,830.3507,829.1443,24.926,2.1106,12.451,-0.024,0.0216,33.03,32.64,1.0538,830.1981,830.2691,830.3507,829.1443,50.0,False,NOMINAL,HEALTHY,-10.28,1.33
DIG_LOT07_COMP1464,LOT_07,DIGITAL_IC,CQFP-64,DIG-SIH-2026,THERMAL_BURN_IN,T07_1464,PROC-ISRO-IISU-01,ATE-STATION-01,CHAMBER-01,1.0,125.0,5.0,168,IDDQ,ELECTRICAL,uA,1.3597,1073.7132,1073.8458,1073.7991,1072.3535,23.475,1.8705,11.626,0.022,-0.0131,35.34,35.3,1.3597,1073.7132,1073.8458,1073.7991,1072.3535,50.0,False,NOMINAL,HEALTHY,19.96,-5.71
DIG_LOT07_COMP1465,LOT_07,DIGITAL_IC,CQFP-64,DIG-SIH-2026,THERMAL_BURN_IN,T07_1465,PROC-ISRO-IISU-01,ATE-STATION-01,CHAMBER-01,1.0,125.0,5.0,168,IDDQ,ELECTRICAL,uA,1.1809,900.6403,900.7024,900.7286,899.4594,25.31,2.0774,13.222,0.0072,0.0323,33.13,32.98,1.1809,900.6403,900.7024,900.7286,899.4594,50.0,False,NOMINAL,HEALTHY,48.17,40.85
DIG_LOT07_COMP1466,LOT_07,DIGITAL_IC,CQFP-64,DIG-SIH-2026,THERMAL_BURN_IN,T07_1466,PROC-ISRO-IISU-01,ATE-STATION-01,CHAMBER-01,1.0,125.0,5.0,168,IDDQ,ELECTRICAL,uA,1.2476,974.0088,974.0759,974.1497,972.7612,23.86,2.4328,11.556,-0.0164,-0.0192,35.78,35.95,1.2476,974.0088,974.0759,974.1497,972.7612,50.0,False,NOMINAL,HEALTHY,2.18,-7.49
DIG_LOT07_COMP1467,LOT_07,DIGITAL_IC,CQFP-64,DIG-SIH-2026,THERMAL_BURN_IN,T07_1467,PROC-ISRO-IISU-01,ATE-STATION-01,CHAMBER-01,1.0,125.0,5.0,168,IDDQ,ELECTRICAL,uA,1.3093,1009.0177,1010.5081,1016.4456,1007.7084,26.377,1.8781,11.857,-0.0204,-0.0126,34.23,33.42,1.3093,1009.0177,1010.5081,1016.4456,1007.7084,50.0,True,ELECTROMIGRATION,HEALTHY,7.97,-0.73
DIG_LOT07_COMP1468,LOT_07,DIGITAL_IC,CQFP-64,DIG-SIH-2026,THERMAL_BURN_IN,T07_1468,PROC-ISRO-IISU-01,ATE-STATION-01,CHAMBER-01,1.0,125.0,5.0,168,IDDQ,ELECTRICAL,uA,1.1299,869.294,870.5624,875.7987,868.1641,27.877,1.9285,12.568,-0.0132,-0.0034,34.99,35.47,1.1299,869.294,870.5624,875.7987,868.1641,50.0,True,ELECTROMIGRATION,HEALTHY,-2.78,40.54
DIG_LOT07_COMP1469,LOT_07,DIGITAL_IC,CQFP-64,DIG-SIH-2026,THERMAL_BURN_IN,T07_1469,PROC-ISRO-IISU-01,ATE-STATION-01,CHAMBER-01,1.0,125.0,5.0,168,IDDQ,ELECTRICAL,uA,1.5266,1150.1756,1150.2522,1150.3646,1148.649,25.689,2.3123,13.428,0.019,0.0027,31.79,31.75,1.5266,1150.1756,1150.2522,1150.3646,1148.649,50.0,True,DIELECTRIC_OSCILLATION,HEALTHY,36.15,7.85
DIG_LOT07_COMP1470,LOT_07,DIGITAL_IC,CQFP-64,DIG-SIH-2026,THERMAL_BURN_IN,T07_1470,PROC-ISRO-IISU-01,ATE-STATION-01,CHAMBER-01,1.0,125.0,5.0,168,IDDQ,ELECTRICAL,uA,1.1389,884.8512,884.9437,885.0203,883.7123,22.859,1.6425,13.16,-0.016,0.047,34.19,33.57,1.1389,884.8512,884.9437,885.0203,883.7123,50.0,False,NOMINAL,HEALTHY,22.64,49.94
DIG_LOT07_COMP1471,LOT_07,DIGITAL_IC,CQFP-64,DIG-SIH-2026,THERMAL_BURN_IN,T07_1471,PROC-ISRO-IISU-01,ATE-STATION-01,CHAMBER-01,1.0,125.0,5.0,168,IDDQ,ELECTRICAL,uA,1.3968,1086.5367,1086.6374,1086.6507,1085.1399,24.619,2.0185,13.438,0.0459,0.0664,36.42,36.67,1.3968,1086.5367,1086.6374,1086.6507,1085.1399,50.0,False,NOMINAL,HEALTHY,-24.08,31.3
DIG_LOT07_COMP1472,LOT_07,DIGITAL_IC,CQFP-64,DIG-SIH-2026,THERMAL_BURN_IN,T07_1472,PROC-ISRO-IISU-01,ATE-STATION-01,CHAMBER-01,1.0,125.0,5.0,168,IDDQ,ELECTRICAL,uA,1.3913,1049.7206,1049.8239,1049.795,1048.3293,26.069,1.7906,11.782,-0.0033,0.0481,33.32,33.51,1.3913,1049.7206,1049.8239,1049.795,1048.3293,50.0,False,NOMINAL,HEALTHY,45.19,8.26
DIG_LOT07_COMP1473,LOT_07,DIGITAL_IC,CQFP-64,DIG-SIH-2026,THERMAL_BURN_IN,T07_1473,PROC-ISRO-IISU-01,ATE-STATION-01,CHAMBER-01,1.0,125.0,5.0,168,IDDQ,ELECTRICAL,uA,1.3818,1084.4166,1084.4758,1084.5308,1083.0348,24.923,2.5383,11.986,0.0159,-0.0642,36.24,37.11,1.3818,1084.4166,1084.4758,1084.5308,1083.0348,50.0,False,NOMINAL,HEALTHY,-8.61,-21.56
DIG_LOT07_COMP1474,LOT_07,DIGITAL_IC,CQFP-64,DIG-SIH-2026,THERMAL_BURN_IN,T07_1474,PROC-ISRO-IISU-01,ATE-STATION-01,CHAMBER-01,1.0,125.0,5.0,168,IDDQ,ELECTRICAL,uA,1.4025,1053.3187,1053.4136,1053.4824,1051.9162,27.188,2.3195,14.123,0.0098,-0.0052,36.86,37.18,1.4025,1053.3187,1053.4136,1053.4824,1051.9162,50.0,False,NOMINAL,HEALTHY,21.16,23.41
DIG_LOT07_COMP1475,LOT_07,DIGITAL_IC,CQFP-64,DIG-SIH-2026,THERMAL_BURN_IN,T07_1475,PROC-ISRO-IISU-01,ATE-STATION-01,CHAMBER-01,1.0,125.0,5.0,168,IDDQ,ELECTRICAL,uA,1.1344,898.2331,898.2788,898.3237,897.0987,23.847,2.1413,12.13,0.0049,0.0818,34.4,34.94,1.1344,898.2331,898.2788,898.3237,897.0987,50.0,False,NOMINAL,HEALTHY,-14.38,17.97
DIG_LOT07_COMP1476,LOT_07,DIGITAL_IC,CQFP-64,DIG-SIH-2026,THERMAL_BURN_IN,T07_1476,PROC-ISRO-IISU-01,ATE-STATION-01,CHAMBER-01,1.0,125.0,5.0,168,IDDQ,ELECTRICAL,uA,1.5105,1191.7986,1191.9023,1191.9185,1190.2881,23.306,2.204,12.56,0.0024,0.057,35.28,34.63,1.5105,1191.7986,1191.9023,1191.9185,1190.2881,50.0,False,NOMINAL,HEALTHY,-32.73,8.77
DIG_LOT07_COMP1477,LOT_07,DIGITAL_IC,CQFP-64,DIG-SIH-2026,THERMAL_BURN_IN,T07_1477,PROC-ISRO-IISU-01,ATE-STATION-01,CHAMBER-01,1.0,125.0,5.0,168,IDDQ,ELECTRICAL,uA,1.3262,1020.9455,1021.0316,1021.0616,1019.6193,24.695,2.3085,13.082,-0.0147,-0.071,35.54,34.77,1.3262,1020.9455,1021.0316,1021.0616,1019.6193,50.0,False,NOMINAL,HEALTHY,13.92,-29.05
DIG_LOT07_COMP1478,LOT_07,DIGITAL_IC,CQFP-64,DIG-SIH-2026,THERMAL_BURN_IN,T07_1478,PROC-ISRO-IISU-01,ATE-STATION-01,CHAMBER-01,1.0,125.0,5.0,168,IDDQ,ELECTRICAL,uA,1.1079,848.6576,848.7278,848.7153,847.5497,26.161,2.4669,13.468,0.0474,0.0486,32.04,31.26,1.1079,848.6576,848.7278,848.7153,847.5497,50.0,False,NOMINAL,HEALTHY,-23.85,36.17
DIG_LOT07_COMP1479,LOT_07,DIGITAL_IC,CQFP-64,DIG-SIH-2026,THERMAL_BURN_IN,T07_1479,PROC-ISRO-IISU-01,ATE-STATION-01,CHAMBER-01,1.0,125.0,5.0,168,IDDQ,ELECTRICAL,uA,1.5458,1180.405,1180.5415,1180.5854,1178.8592,24.862,1.716,11.957,-0.0037,-0.0127,36.91,36.62,1.5458,1180.405,1180.5415,1180.5854,1178.8592,50.0,False,NOMINAL,HEALTHY,11.67,-9.5
DIG_LOT07_COMP1480,LOT_07,DIGITAL_IC,CQFP-64,DIG-SIH-2026,THERMAL_BURN_IN,T07_1480,PROC-ISRO-IISU-01,ATE-STATION-01,CHAMBER-01,1.0,125.0,5.0,168,IDDQ,ELECTRICAL,uA,1.6685,1280.3488,1280.4477,1280.5095,1278.6803,23.405,1.824,11.042,0.0049,-0.0266,34.59,34.12,1.6685,1280.3488,1280.4477,1280.5095,1278.6803,50.0,False,NOMINAL,HEALTHY,-20.75,0.04
DIG_LOT07_COMP1481,LOT_07,DIGITAL_IC,CQFP-64,DIG-SIH-2026,THERMAL_BURN_IN,T07_1481,PROC-ISRO-IISU-01,ATE-STATION-01,CHAMBER-01,1.0,125.0,5.0,168,IDDQ,ELECTRICAL,uA,1.2942,984.9814,985.0201,985.1014,983.6872,25.918,2.2634,12.414,-0.0005,0.0808,33.29,33.33,1.2942,984.9814,985.0201,985.1014,983.6872,50.0,False,NOMINAL,HEALTHY,-1.9,-19.61
DIG_LOT07_COMP1482,LOT_07,DIGITAL_IC,CQFP-64,DIG-SIH-2026,THERMAL_BURN_IN,T07_1482,PROC-ISRO-IISU-01,ATE-STATION-01,CHAMBER-01,1.0,125.0,5.0,168,IDDQ,ELECTRICAL,uA,1.6193,1245.2356,1253.7651,1403.6963,1243.6163,24.219,2.0633,11.884,0.0358,0.0507,33.42,33.77,1.6193,1245.2356,1253.7651,1403.6963,1243.6163,50.0,True,THERMAL_RUNAWAY,HEALTHY,23.45,42.53
DIG_LOT07_COMP1483,LOT_07,DIGITAL_IC,CQFP-64,DIG-SIH-2026,THERMAL_BURN_IN,T07_1483,PROC-ISRO-IISU-01,ATE-STATION-01,CHAMBER-01,1.0,125.0,5.0,168,IDDQ,ELECTRICAL,uA,1.4946,1168.0492,1168.1369,1168.2075,1166.5546,25.353,1.5553,11.807,0.0159,-0.0324,35.08,35.31,1.4946,1168.0492,1168.1369,1168.2075,1166.5546,50.0,False,NOMINAL,HEALTHY,38.69,-18.09
DIG_LOT07_COMP1484,LOT_07,DIGITAL_IC,CQFP-64,DIG-SIH-2026,THERMAL_BURN_IN,T07_1484,PROC-ISRO-IISU-01,ATE-STATION-01,CHAMBER-01,1.0,125.0,5.0,168,IDDQ,ELECTRICAL,uA,1.6479,1259.6871,1259.8074,1259.9337,1258.0392,23.407,1.5636,11.763,-0.0015,0.0476,36.34,37.86,1.6479,1259.6871,1259.8074,1259.9337,1258.0392,50.0,False,NOMINAL,HEALTHY,-46.36,29.72
DIG_LOT07_COMP1485,LOT_07,DIGITAL_IC,CQFP-64,DIG-SIH-2026,THERMAL_BURN_IN,T07_1485,PROC-ISRO-IISU-01,ATE-STATION-01,CHAMBER-01,1.0,125.0,5.0,168,IDDQ,ELECTRICAL,uA,1.3795,1066.5064,1066.5404,1066.6868,1065.1269,22.776,2.6949,11.328,0.0233,0.0831,35.75,36.03,1.3795,1066.5064,1066.5404,1066.6868,1065.1269,50.0,False,NOMINAL,HEALTHY,-8.53,30.1
DIG_LOT07_COMP1486,LOT_07,DIGITAL_IC,CQFP-64,DIG-SIH-2026,THERMAL_BURN_IN,T07_1486,PROC-ISRO-IISU-01,ATE-STATION-01,CHAMBER-01,1.0,125.0,5.0,168,IDDQ,ELECTRICAL,uA,1.2602,980.0058,980.0259,980.0675,978.7456,25.274,1.3037,13.226,-0.0243,0.0064,33.98,32.94,1.2602,980.0058,980.0259,980.0675,978.7456,50.0,False,NOMINAL,HEALTHY,27.76,-9.3
DIG_LOT07_COMP1487,LOT_07,DIGITAL_IC,CQFP-64,DIG-SIH-2026,THERMAL_BURN_IN,T07_1487,PROC-ISRO-IISU-01,ATE-STATION-01,CHAMBER-01,1.0,125.0,5.0,168,IDDQ,ELECTRICAL,uA,1.0952,852.195,852.2696,852.3306,851.0998,24.967,1.9322,11.707,-0.0095,-0.1076,36.29,35.54,1.0952,852.195,852.2696,852.3306,851.0998,50.0,False,NOMINAL,HEALTHY,-38.5,-1.65
DIG_LOT07_COMP1488,LOT_07,DIGITAL_IC,CQFP-64,DIG-SIH-2026,THERMAL_BURN_IN,T07_1488,PROC-ISRO-IISU-01,ATE-STATION-01,CHAMBER-01,1.0,125.0,5.0,168,IDDQ,ELECTRICAL,uA,1.2025,920.2604,920.3088,920.4068,919.0579,22.835,1.837,11.889,-0.0007,-0.0337,33.41,33.19,1.2025,920.2604,920.3088,920.4068,919.0579,50.0,False,NOMINAL,HEALTHY,-31.68,8.63
DIG_LOT07_COMP1489,LOT_07,DIGITAL_IC,CQFP-64,DIG-SIH-2026,THERMAL_BURN_IN,T07_1489,PROC-ISRO-IISU-01,ATE-STATION-01,CHAMBER-01,1.0,125.0,5.0,168,IDDQ,ELECTRICAL,uA,1.0307,790.1704,790.1877,790.2452,789.1397,23.577,1.5012,13.034,-0.0011,0.003,35.41,34.63,1.0307,790.1704,790.1877,790.2452,789.1397,50.0,False,NOMINAL,HEALTHY,-23.36,16.61
DIG_LOT07_COMP1490,LOT_07,DIGITAL_IC,CQFP-64,DIG-SIH-2026,THERMAL_BURN_IN,T07_1490,PROC-ISRO-IISU-01,ATE-STATION-01,CHAMBER-01,1.0,125.0,5.0,168,IDDQ,ELECTRICAL,uA,1.0142,800.2993,800.3559,800.4744,799.2851,23.497,1.5708,12.569,0.0032,-0.0362,34.33,33.99,1.0142,800.2993,800.3559,800.4744,799.2851,50.0,False,NOMINAL,HEALTHY,35.6,-32.44
DIG_LOT07_COMP1491,LOT_07,DIGITAL_IC,CQFP-64,DIG-SIH-2026,THERMAL_BURN_IN,T07_1491,PROC-ISRO-IISU-01,ATE-STATION-01,CHAMBER-01,1.0,125.0,5.0,168,IDDQ,ELECTRICAL,uA,1.2595,965.0834,965.1536,965.1959,963.8239,24.075,2.5428,12.858,0.0284,-0.0055,33.57,34.44,1.2595,965.0834,965.1536,965.1959,963.8239,50.0,False,NOMINAL,HEALTHY,8.75,0.68
DIG_LOT07_COMP1492,LOT_07,DIGITAL_IC,CQFP-64,DIG-SIH-2026,THERMAL_BURN_IN,T07_1492,PROC-ISRO-IISU-01,ATE-STATION-01,CHAMBER-01,1.0,125.0,5.0,168,IDDQ,ELECTRICAL,uA,1.3728,1055.1466,1055.2271,1055.2813,1053.7738,22.993,1.8608,14.724,0.0091,-0.0388,32.9,32.22,1.3728,1055.1466,1055.2271,1055.2813,1053.7738,50.0,False,NOMINAL,HEALTHY,24.6,27.88
DIG_LOT07_COMP1493,LOT_07,DIGITAL_IC,CQFP-64,DIG-SIH-2026,THERMAL_BURN_IN,T07_1493,PROC-ISRO-IISU-01,ATE-STATION-01,CHAMBER-01,1.0,125.0,5.0,168,IDDQ,ELECTRICAL,uA,1.2361,951.3459,951.4434,951.4925,950.1098,26.265,2.3554,12.506,0.0201,-0.0244,36.17,36.0,1.2361,951.3459,951.4434,951.4925,950.1098,50.0,False,NOMINAL,HEALTHY,-11.87,46.26
DIG_LOT07_COMP1494,LOT_07,DIGITAL_IC,CQFP-64,DIG-SIH-2026,THERMAL_BURN_IN,T07_1494,PROC-ISRO-IISU-01,ATE-STATION-01,CHAMBER-01,1.0,125.0,5.0,168,IDDQ,ELECTRICAL,uA,1.3089,1010.4318,1010.531,1010.5423,1009.1229,24.649,2.9439,12.274,0.0068,0.1084,34.77,34.46,1.3089,1010.4318,1010.531,1010.5423,1009.1229,50.0,False,NOMINAL,HEALTHY,-18.29,42.66
DIG_LOT07_COMP1495,LOT_07,DIGITAL_IC,CQFP-64,DIG-SIH-2026,THERMAL_BURN_IN,T07_1495,PROC-ISRO-IISU-01,ATE-STATION-01,CHAMBER-01,1.0,125.0,5.0,168,IDDQ,ELECTRICAL,uA,1.5925,1234.09,1234.1868,1234.2173,1232.4975,24.633,2.1891,13.244,0.0064,-0.0194,36.09,36.24,1.5925,1234.09,1234.1868,1234.2173,1232.4975,50.0,False,NOMINAL,HEALTHY,-1.82,41.8
DIG_LOT07_COMP1496,LOT_07,DIGITAL_IC,CQFP-64,DIG-SIH-2026,THERMAL_BURN_IN,T07_1496,PROC-ISRO-IISU-01,ATE-STATION-01,CHAMBER-01,1.0,125.0,5.0,168,IDDQ,ELECTRICAL,uA,1.1053,857.3229,857.3996,857.4543,856.2176,23.085,2.1601,14.233,0.0084,0.1463,35.27,35.98,1.1053,857.3229,857.3996,857.4543,856.2176,50.0,False,NOMINAL,HEALTHY,-23.78,-4.8
DIG_LOT07_COMP1497,LOT_07,DIGITAL_IC,CQFP-64,DIG-SIH-2026,THERMAL_BURN_IN,T07_1497,PROC-ISRO-IISU-01,ATE-STATION-01,CHAMBER-01,1.0,125.0,5.0,168,IDDQ,ELECTRICAL,uA,0.9766,762.85,762.9272,762.9179,761.8734,24.586,2.3263,13.127,0.0144,0.0298,38.46,38.26,0.9766,762.85,762.9272,762.9179,761.8734,50.0,False,NOMINAL,HEALTHY,25.22,23.87
DIG_LOT07_COMP1498,LOT_07,DIGITAL_IC,CQFP-64,DIG-SIH-2026,THERMAL_BURN_IN,T07_1498,PROC-ISRO-IISU-01,ATE-STATION-01,CHAMBER-01,1.0,125.0,5.0,168,IDDQ,ELECTRICAL,uA,1.3877,1089.3491,1089.4587,1089.5219,1087.9614,27.117,1.6804,12.174,-0.0023,-0.0667,34.42,34.5,1.3877,1089.3491,1089.4587,1089.5219,1087.9614,50.0,False,NOMINAL,HEALTHY,-47.28,-47.6
DIG_LOT07_COMP1499,LOT_07,DIGITAL_IC,CQFP-64,DIG-SIH-2026,THERMAL_BURN_IN,T07_1499,PROC-ISRO-IISU-01,ATE-STATION-01,CHAMBER-01,1.0,125.0,5.0,168,IDDQ,ELECTRICAL,uA,1.2503,980.1809,980.2016,980.3138,978.9306,22.779,1.5063,11.686,0.0061,-0.0353,35.68,36.25,1.2503,980.1809,980.2016,980.3138,978.9306,50.0,False,NOMINAL,HEALTHY,-9.83,23.71
DIG_LOT07_COMP1500,LOT_07,DIGITAL_IC,CQFP-64,DIG-SIH-2026,THERMAL_BURN_IN,T07_1500,PROC-ISRO-IISU-01,ATE-STATION-01,CHAMBER-01,1.0,125.0,5.0,168,IDDQ,ELECTRICAL,uA,1.3906,1065.8437,1065.9195,1065.9504,1064.4531,24.397,1.7218,12.077,-0.0172,-0.0017,34.94,35.12,1.3906,1065.8437,1065.9195,1065.9504,1064.4531,50.0,False,NOMINAL,HEALTHY,-28.91,-21.68
DIG_LOT07_COMP1501,LOT_07,DIGITAL_IC,CQFP-64,DIG-SIH-2026,THERMAL_BURN_IN,T07_1501,PROC-ISRO-IISU-01,ATE-STATION-01,CHAMBER-01,1.0,125.0,5.0,168,IDDQ,ELECTRICAL,uA,1.0219,782.2856,782.3718,782.3851,781.2637,25.131,2.2122,13.802,0.0023,0.0414,35.04,34.84,1.0219,782.2856,782.3718,782.3851,781.2637,50.0,False,NOMINAL,HEALTHY,6.04,35.76
DIG_LOT07_COMP1502,LOT_07,DIGITAL_IC,CQFP-64,DIG-SIH-2026,THERMAL_BURN_IN,T07_1502,PROC-ISRO-IISU-01,ATE-STATION-01,CHAMBER-01,1.0,125.0,5.0,168,IDDQ,ELECTRICAL,uA,1.1705,925.0902,925.1684,925.1858,923.9197,24.232,2.1037,13.399,0.0051,0.0064,33.83,34.01,1.1705,925.0902,925.1684,925.1858,923.9197,50.0,False,NOMINAL,HEALTHY,-26.02,49.15
DIG_LOT07_COMP1503,LOT_07,DIGITAL_IC,CQFP-64,DIG-SIH-2026,THERMAL_BURN_IN,T07_1503,PROC-ISRO-IISU-01,ATE-STATION-01,CHAMBER-01,1.0,125.0,5.0,168,IDDQ,ELECTRICAL,uA,1.4828,1143.1381,1143.2155,1143.1744,1141.6553,25.964,1.3442,12.937,-0.008,0.0374,34.14,34.77,1.4828,1143.1381,1143.2155,1143.1744,1141.6553,50.0,False,NOMINAL,HEALTHY,-42.94,5.85
DIG_LOT07_COMP1504,LOT_07,DIGITAL_IC,CQFP-64,DIG-SIH-2026,THERMAL_BURN_IN,T07_1504,PROC-ISRO-IISU-01,ATE-STATION-01,CHAMBER-01,1.0,125.0,5.0,168,IDDQ,ELECTRICAL,uA,1.2591,978.8813,978.9243,979.0649,977.6222,23.515,2.0073,11.047,-0.0242,-0.0412,35.41,36.27,1.2591,978.8813,978.9243,979.0649,977.6222,50.0,False,NOMINAL,HEALTHY,-26.71,12.89
DIG_LOT07_COMP1505,LOT_07,DIGITAL_IC,CQFP-64,DIG-SIH-2026,THERMAL_BURN_IN,T07_1505,PROC-ISRO-IISU-01,ATE-STATION-01,CHAMBER-01,1.0,125.0,5.0,168,IDDQ,ELECTRICAL,uA,1.2813,1005.9861,1006.0944,1006.1483,1004.7048,28.631,1.9114,11.552,0.001,-0.0416,36.49,36.62,1.2813,1005.9861,1006.0944,1006.1483,1004.7048,50.0,False,NOMINAL,HEALTHY,0.18,-10.02
DIG_LOT07_COMP1506,LOT_07,DIGITAL_IC,CQFP-64,DIG-SIH-2026,THERMAL_BURN_IN,T07_1506,PROC-ISRO-IISU-01,ATE-STATION-01,CHAMBER-01,1.0,125.0,5.0,168,IDDQ,ELECTRICAL,uA,1.4603,1124.2394,1132.7903,1282.6267,1122.7791,25.718,2.13,11.181,0.0293,0.0954,33.69,34.93,1.4603,1124.2394,1132.7903,1282.6267,1122.7791,50.0,True,THERMAL_RUNAWAY,HEALTHY,-45.05,9.19
DIG_LOT07_COMP1507,LOT_07,DIGITAL_IC,CQFP-64,DIG-SIH-2026,THERMAL_BURN_IN,T07_1507,PROC-ISRO-IISU-01,ATE-STATION-01,CHAMBER-01,1.0,125.0,5.0,168,IDDQ,ELECTRICAL,uA,1.2993,991.8828,991.9622,991.9942,990.5835,24.41,1.5879,13.099,-0.004,0.0473,36.01,36.19,1.2993,991.8828,991.9622,991.9942,990.5835,50.0,False,NOMINAL,HEALTHY,-10.25,11.06
DIG_LOT07_COMP1508,LOT_07,DIGITAL_IC,CQFP-64,DIG-SIH-2026,THERMAL_BURN_IN,T07_1508,PROC-ISRO-IISU-01,ATE-STATION-01,CHAMBER-01,1.0,125.0,5.0,168,IDDQ,ELECTRICAL,uA,1.4287,1107.5248,1107.6351,1107.6717,1106.0961,25.034,2.3756,13.36,-0.0059,0.0282,36.79,36.17,1.4287,1107.5248,1107.6351,1107.6717,1106.0961,50.0,False,NOMINAL,HEALTHY,-7.44,30.8
DIG_LOT07_COMP1509,LOT_07,DIGITAL_IC,CQFP-64,DIG-SIH-2026,THERMAL_BURN_IN,T07_1509,PROC-ISRO-IISU-01,ATE-STATION-01,CHAMBER-01,1.0,125.0,5.0,168,IDDQ,ELECTRICAL,uA,1.4687,1118.3046,1118.4465,1118.4514,1116.8359,25.578,1.9159,11.906,-0.0156,-0.065,35.62,35.51,1.4687,1118.3046,1118.4465,1118.4514,1116.8359,50.0,False,NOMINAL,HEALTHY,-46.49,-11.81
DIG_LOT07_COMP1510,LOT_07,DIGITAL_IC,CQFP-64,DIG-SIH-2026,THERMAL_BURN_IN,T07_1510,PROC-ISRO-IISU-01,ATE-STATION-01,CHAMBER-01,1.0,125.0,5.0,168,IDDQ,ELECTRICAL,uA,1.0633,825.2574,825.3114,825.3103,824.1941,26.314,2.0879,11.924,-0.0176,-0.0865,33.33,33.07,1.0633,825.2574,825.3114,825.3103,824.1941,50.0,False,NOMINAL,HEALTHY,27.98,21.38
DIG_LOT07_COMP1511,LOT_07,DIGITAL_IC,CQFP-64,DIG-SIH-2026,THERMAL_BURN_IN,T07_1511,PROC-ISRO-IISU-01,ATE-STATION-01,CHAMBER-01,1.0,125.0,5.0,168,IDDQ,ELECTRICAL,uA,1.3296,1016.4664,1016.5566,1016.5945,1015.1368,24.842,1.7897,13.388,0.0054,-0.0188,33.28,33.13,1.3296,1016.4664,1016.5566,1016.5945,1015.1368,50.0,False,NOMINAL,HEALTHY,-36.88,15.76
DIG_LOT07_COMP1512,LOT_07,DIGITAL_IC,CQFP-64,DIG-SIH-2026,THERMAL_BURN_IN,T07_1512,PROC-ISRO-IISU-01,ATE-STATION-01,CHAMBER-01,1.0,125.0,5.0,168,IDDQ,ELECTRICAL,uA,1.2858,991.5848,991.6796,991.7083,990.299,26.529,1.9713,11.456,0.0192,-0.0816,36.45,37.46,1.2858,991.5848,991.6796,991.7083,990.299,50.0,False,NOMINAL,HEALTHY,-32.8,14.64
DIG_LOT07_COMP1513,LOT_07,DIGITAL_IC,CQFP-64,DIG-SIH-2026,THERMAL_BURN_IN,T07_1513,PROC-ISRO-IISU-01,ATE-STATION-01,CHAMBER-01,1.0,125.0,5.0,168,IDDQ,ELECTRICAL,uA,1.5195,1189.5272,1189.6097,1189.6176,1188.0077,25.118,1.659,12.63,-0.015,-0.0596,35.01,34.41,1.5195,1189.5272,1189.6097,1189.6176,1188.0077,50.0,False,NOMINAL,HEALTHY,22.36,-0.55
DIG_LOT07_COMP1514,LOT_07,DIGITAL_IC,CQFP-64,DIG-SIH-2026,THERMAL_BURN_IN,T07_1514,PROC-ISRO-IISU-01,ATE-STATION-01,CHAMBER-01,1.0,125.0,5.0,168,IDDQ,ELECTRICAL,uA,1.3836,1047.2739,1047.348,1047.4282,1045.8903,22.321,1.6324,13.397,0.015,-0.0276,35.89,36.03,1.3836,1047.2739,1047.348,1047.4282,1045.8903,50.0,False,NOMINAL,HEALTHY,-47.86,25.36
DIG_LOT07_COMP1515,LOT_07,DIGITAL_IC,CQFP-64,DIG-SIH-2026,THERMAL_BURN_IN,T07_1515,PROC-ISRO-IISU-01,ATE-STATION-01,CHAMBER-01,1.0,125.0,5.0,168,IDDQ,ELECTRICAL,uA,0.9513,724.9479,725.0049,724.9969,723.9966,23.692,2.3026,11.673,0.0052,0.0408,35.56,36.46,0.9513,724.9479,725.0049,724.9969,723.9966,50.0,False,NOMINAL,HEALTHY,18.34,30.8
DIG_LOT07_COMP1516,LOT_07,DIGITAL_IC,CQFP-64,DIG-SIH-2026,THERMAL_BURN_IN,T07_1516,PROC-ISRO-IISU-01,ATE-STATION-01,CHAMBER-01,1.0,125.0,5.0,168,IDDQ,ELECTRICAL,uA,1.3321,1024.9433,1024.9843,1025.0205,1023.6112,27.191,1.7775,12.922,-0.0052,-0.0048,36.3,35.96,1.3321,1024.9433,1024.9843,1025.0205,1023.6112,50.0,False,NOMINAL,HEALTHY,45.65,18.47
DIG_LOT07_COMP1517,LOT_07,DIGITAL_IC,CQFP-64,DIG-SIH-2026,THERMAL_BURN_IN,T07_1517,PROC-ISRO-IISU-01,ATE-STATION-01,CHAMBER-01,1.0,125.0,5.0,168,IDDQ,ELECTRICAL,uA,1.1713,928.3875,928.4844,928.506,927.2162,27.082,1.9128,12.564,0.0076,-0.0242,35.42,35.5,1.1713,928.3875,928.4844,928.506,927.2162,50.0,False,NOMINAL,HEALTHY,-18.06,-39.61
DIG_LOT07_COMP1518,LOT_07,DIGITAL_IC,CQFP-64,DIG-SIH-2026,THERMAL_BURN_IN,T07_1518,PROC-ISRO-IISU-01,ATE-STATION-01,CHAMBER-01,1.0,125.0,5.0,168,IDDQ,ELECTRICAL,uA,1.5598,1213.8808,1213.9585,1214.0494,1212.321,27.823,1.7355,12.171,-0.0257,-0.0959,35.77,36.63,1.5598,1213.8808,1213.9585,1214.0494,1212.321,50.0,False,NOMINAL,HEALTHY,-19.66,-20.85
DIG_LOT07_COMP1519,LOT_07,DIGITAL_IC,CQFP-64,DIG-SIH-2026,THERMAL_BURN_IN,T07_1519,PROC-ISRO-IISU-01,ATE-STATION-01,CHAMBER-01,1.0,125.0,5.0,168,IDDQ,ELECTRICAL,uA,1.2928,991.3153,991.3781,991.447,990.0225,25.192,2.0325,11.946,0.0044,0.0911,34.23,35.39,1.2928,991.3153,991.3781,991.447,990.0225,50.0,False,NOMINAL,HEALTHY,-44.46,-25.01
DIG_LOT07_COMP1520,LOT_07,DIGITAL_IC,CQFP-64,DIG-SIH-2026,THERMAL_BURN_IN,T07_1520,PROC-ISRO-IISU-01,ATE-STATION-01,CHAMBER-01,1.0,125.0,5.0,168,IDDQ,ELECTRICAL,uA,1.2049,910.9754,911.0309,911.0901,909.7705,25.041,1.7901,12.938,0.0052,-0.0579,36.91,36.59,1.2049,910.9754,911.0309,911.0901,909.7705,50.0,False,NOMINAL,HEALTHY,-30.33,27.72
DIG_LOT07_COMP1521,LOT_07,DIGITAL_IC,CQFP-64,DIG-SIH-2026,THERMAL_BURN_IN,T07_1521,PROC-ISRO-IISU-01,ATE-STATION-01,CHAMBER-01,1.0,125.0,5.0,168,IDDQ,ELECTRICAL,uA,1.357,1042.6647,1042.7177,1042.8097,1041.3077,27.472,1.9773,14.197,-0.0258,-0.0297,33.44,33.39,1.357,1042.6647,1042.7177,1042.8097,1041.3077,50.0,False,NOMINAL,HEALTHY,-44.17,35.19
DIG_LOT07_COMP1522,LOT_07,DIGITAL_IC,CQFP-64,DIG-SIH-2026,THERMAL_BURN_IN,T07_1522,PROC-ISRO-IISU-01,ATE-STATION-01,CHAMBER-01,1.0,125.0,5.0,168,IDDQ,ELECTRICAL,uA,1.4455,1105.0742,1105.1113,1105.2373,1103.6287,24.594,1.8178,13.223,-0.017,-0.0276,35.67,36.1,1.4455,1105.0742,1105.1113,1105.2373,1103.6287,50.0,False,NOMINAL,HEALTHY,17.58,7.71
DIG_LOT07_COMP1523,LOT_07,DIGITAL_IC,CQFP-64,DIG-SIH-2026,THERMAL_BURN_IN,T07_1523,PROC-ISRO-IISU-01,ATE-STATION-01,CHAMBER-01,1.0,125.0,5.0,168,IDDQ,ELECTRICAL,uA,1.2085,928.0234,928.0755,928.1357,926.8149,25.584,2.397,12.64,-0.0101,-0.0502,35.13,34.96,1.2085,928.0234,928.0755,928.1357,926.8149,50.0,False,NOMINAL,HEALTHY,-44.79,-44.0
DIG_LOT07_COMP1524,LOT_07,DIGITAL_IC,CQFP-64,DIG-SIH-2026,THERMAL_BURN_IN,T07_1524,PROC-ISRO-IISU-01,ATE-STATION-01,CHAMBER-01,1.0,125.0,5.0,168,IDDQ,ELECTRICAL,uA,1.2943,1000.3794,1000.4051,1000.4873,999.0851,23.899,1.6979,12.165,-0.0111,-0.034,33.84,33.47,1.2943,1000.3794,1000.4051,1000.4873,999.0851,50.0,False,NOMINAL,HEALTHY,44.92,0.65
DIG_LOT07_COMP1525,LOT_07,DIGITAL_IC,CQFP-64,DIG-SIH-2026,THERMAL_BURN_IN,T07_1525,PROC-ISRO-IISU-01,ATE-STATION-01,CHAMBER-01,1.0,125.0,5.0,168,IDDQ,ELECTRICAL,uA,1.489,1143.7487,1143.834,1143.9404,1142.2597,24.974,1.4719,11.855,0.0075,-0.1204,36.0,36.08,1.489,1143.7487,1143.834,1143.9404,1142.2597,50.0,False,NOMINAL,HEALTHY,9.15,-20.28
DIG_LOT07_COMP1526,LOT_07,DIGITAL_IC,CQFP-64,DIG-SIH-2026,THERMAL_BURN_IN,T07_1526,PROC-ISRO-IISU-01,ATE-STATION-01,CHAMBER-01,1.0,125.0,5.0,168,IDDQ,ELECTRICAL,uA,1.2607,972.2578,972.339,972.3502,970.9971,24.408,2.0965,12.911,0.0293,-0.055,33.83,34.11,1.2607,972.2578,972.339,972.3502,970.9971,50.0,False,NOMINAL,HEALTHY,-1.25,46.56
DIG_LOT07_COMP1527,LOT_07,DIGITAL_IC,CQFP-64,DIG-SIH-2026,THERMAL_BURN_IN,T07_1527,PROC-ISRO-IISU-01,ATE-STATION-01,CHAMBER-01,1.0,125.0,5.0,168,IDDQ,ELECTRICAL,uA,1.6122,1221.9121,1222.0209,1222.0498,1220.2999,25.038,2.1451,13.751,0.011,0.1389,34.16,33.79,1.6122,1221.9121,1222.0209,1222.0498,1220.2999,50.0,False,NOMINAL,HEALTHY,9.73,-11.86
DIG_LOT07_COMP1528,LOT_07,DIGITAL_IC,CQFP-64,DIG-SIH-2026,THERMAL_BURN_IN,T07_1528,PROC-ISRO-IISU-01,ATE-STATION-01,CHAMBER-01,1.0,125.0,5.0,168,IDDQ,ELECTRICAL,uA,1.3822,1072.2352,1072.276,1072.3789,1070.853,23.414,2.156,12.913,0.0078,0.077,35.16,36.12,1.3822,1072.2352,1072.276,1072.3789,1070.853,50.0,False,NOMINAL,HEALTHY,-18.24,4.94
DIG_LOT07_COMP1529,LOT_07,DIGITAL_IC,CQFP-64,DIG-SIH-2026,THERMAL_BURN_IN,T07_1529,PROC-ISRO-IISU-01,ATE-STATION-01,CHAMBER-01,1.0,125.0,5.0,168,IDDQ,ELECTRICAL,uA,1.2354,961.4146,961.5111,961.474,960.1792,24.756,2.0092,11.258,0.0048,0.063,35.37,35.56,1.2354,961.4146,961.5111,961.474,960.1792,50.0,False,NOMINAL,HEALTHY,-13.8,-20.66
DIG_LOT07_COMP1530,LOT_07,DIGITAL_IC,CQFP-64,DIG-SIH-2026,THERMAL_BURN_IN,T07_1530,PROC-ISRO-IISU-01,ATE-STATION-01,CHAMBER-01,1.0,125.0,5.0,168,IDDQ,ELECTRICAL,uA,1.2973,1010.5752,1010.7152,1010.6787,1009.2779,28.582,1.8699,12.67,-0.0119,0.0372,35.05,35.09,1.2973,1010.5752,1010.7152,1010.6787,1009.2779,50.0,False,NOMINAL,HEALTHY,-6.04,39.07
DIG_LOT07_COMP1531,LOT_07,DIGITAL_IC,CQFP-64,DIG-SIH-2026,THERMAL_BURN_IN,T07_1531,PROC-ISRO-IISU-01,ATE-STATION-01,CHAMBER-01,1.0,125.0,5.0,168,IDDQ,ELECTRICAL,uA,1.0767,828.0382,828.0955,828.1653,826.9615,25.587,1.9221,13.375,-0.0156,0.0102,34.13,33.22,1.0767,828.0382,828.0955,828.1653,826.9615,50.0,False,NOMINAL,HEALTHY,20.69,-44.3
DIG_LOT07_COMP1532,LOT_07,DIGITAL_IC,CQFP-64,DIG-SIH-2026,THERMAL_BURN_IN,T07_1532,PROC-ISRO-IISU-01,ATE-STATION-01,CHAMBER-01,1.0,125.0,5.0,168,IDDQ,ELECTRICAL,uA,1.2294,936.0628,936.1828,936.1591,934.8334,23.047,1.3871,11.783,-0.0014,0.0004,35.52,35.17,1.2294,936.0628,936.1828,936.1591,934.8334,50.0,False,NOMINAL,HEALTHY,-4.26,-46.07
DIG_LOT07_COMP1533,LOT_07,DIGITAL_IC,CQFP-64,DIG-SIH-2026,THERMAL_BURN_IN,T07_1533,PROC-ISRO-IISU-01,ATE-STATION-01,CHAMBER-01,1.0,125.0,5.0,168,IDDQ,ELECTRICAL,uA,1.458,1110.3859,1110.5118,1110.5426,1108.9279,23.875,1.8264,11.801,0.0267,0.0743,34.2,33.88,1.458,1110.3859,1110.5118,1110.5426,1108.9279,50.0,False,NOMINAL,HEALTHY,-14.32,1.71
DIG_LOT07_COMP1534,LOT_07,DIGITAL_IC,CQFP-64,DIG-SIH-2026,THERMAL_BURN_IN,T07_1534,PROC-ISRO-IISU-01,ATE-STATION-01,CHAMBER-01,1.0,125.0,5.0,168,IDDQ,ELECTRICAL,uA,1.3225,1012.4471,1012.5336,1012.5341,1011.1246,24.886,2.1498,14.273,0.015,0.0221,35.44,35.18,1.3225,1012.4471,1012.5336,1012.5341,1011.1246,50.0,False,NOMINAL,HEALTHY,24.51,-37.91
DIG_LOT07_COMP1535,LOT_07,DIGITAL_IC,CQFP-64,DIG-SIH-2026,THERMAL_BURN_IN,T07_1535,PROC-ISRO-IISU-01,ATE-STATION-01,CHAMBER-01,1.0,125.0,5.0,168,IDDQ,ELECTRICAL,uA,1.543,1184.6907,1193.2863,1343.1618,1183.1477,25.034,2.236,12.379,0.0525,0.0573,33.45,34.11,1.543,1184.6907,1193.2863,1343.1618,1183.1477,50.0,True,THERMAL_RUNAWAY,HEALTHY,32.54,23.72
DIG_LOT07_COMP1536,LOT_07,DIGITAL_IC,CQFP-64,DIG-SIH-2026,THERMAL_BURN_IN,T07_1536,PROC-ISRO-IISU-01,ATE-STATION-01,CHAMBER-01,1.0,125.0,5.0,168,IDDQ,ELECTRICAL,uA,1.4427,1120.3611,1120.4159,1120.5098,1118.9184,24.082,2.4108,12.834,-0.0224,-0.0415,34.96,35.08,1.4427,1120.3611,1120.4159,1120.5098,1118.9184,50.0,False,NOMINAL,HEALTHY,-44.1,-14.92
DIG_LOT07_COMP1537,LOT_07,DIGITAL_IC,CQFP-64,DIG-SIH-2026,THERMAL_BURN_IN,T07_1537,PROC-ISRO-IISU-01,ATE-STATION-01,CHAMBER-01,1.0,125.0,5.0,168,IDDQ,ELECTRICAL,uA,1.2963,1005.9513,1006.0733,1006.1392,1004.655,25.837,1.6855,11.978,-0.0063,-0.0209,35.22,35.02,1.2963,1005.9513,1006.0733,1006.1392,1004.655,50.0,False,NOMINAL,HEALTHY,-12.18,19.94
DIG_LOT07_COMP1538,LOT_07,DIGITAL_IC,CQFP-64,DIG-SIH-2026,THERMAL_BURN_IN,T07_1538,PROC-ISRO-IISU-01,ATE-STATION-01,CHAMBER-01,1.0,125.0,5.0,168,IDDQ,ELECTRICAL,uA,1.2877,989.8011,989.8764,989.8949,988.5134,24.596,1.8914,13.906,-0.025,-0.0566,32.03,31.67,1.2877,989.8011,989.8764,989.8949,988.5134,50.0,False,NOMINAL,HEALTHY,18.97,-26.19
DIG_LOT07_COMP1539,LOT_07,DIGITAL_IC,CQFP-64,DIG-SIH-2026,THERMAL_BURN_IN,T07_1539,PROC-ISRO-IISU-01,ATE-STATION-01,CHAMBER-01,1.0,125.0,5.0,168,IDDQ,ELECTRICAL,uA,1.2982,1003.5012,1003.5449,1003.6559,1002.203,24.782,1.6428,13.01,-0.0236,-0.0179,35.9,35.95,1.2982,1003.5012,1003.5449,1003.6559,1002.203,50.0,False,NOMINAL,HEALTHY,5.42,-28.38
DIG_LOT07_COMP1540,LOT_07,DIGITAL_IC,CQFP-64,DIG-SIH-2026,THERMAL_BURN_IN,T07_1540,PROC-ISRO-IISU-01,ATE-STATION-01,CHAMBER-01,1.0,125.0,5.0,168,IDDQ,ELECTRICAL,uA,1.4339,1109.0135,1109.1062,1109.1361,1107.5796,25.461,2.1146,12.929,-0.0155,0.0024,37.43,37.82,1.4339,1109.0135,1109.1062,1109.1361,1107.5796,50.0,False,NOMINAL,HEALTHY,-14.19,-43.91
DIG_LOT07_COMP1541,LOT_07,DIGITAL_IC,CQFP-64,DIG-SIH-2026,THERMAL_BURN_IN,T07_1541,PROC-ISRO-IISU-01,ATE-STATION-01,CHAMBER-01,1.0,125.0,5.0,168,IDDQ,ELECTRICAL,uA,1.1715,917.3133,917.3849,917.464,916.1418,26.883,1.923,12.232,0.0081,-0.1058,34.4,34.49,1.1715,917.3133,917.3849,917.464,916.1418,50.0,False,NOMINAL,HEALTHY,13.01,-34.26
DIG_LOT07_COMP1542,LOT_07,DIGITAL_IC,CQFP-64,DIG-SIH-2026,THERMAL_BURN_IN,T07_1542,PROC-ISRO-IISU-01,ATE-STATION-01,CHAMBER-01,1.0,125.0,5.0,168,IDDQ,ELECTRICAL,uA,1.5257,1153.8825,1154.0037,1154.0393,1152.3568,23.331,2.2378,12.096,0.0138,0.0357,35.35,36.51,1.5257,1153.8825,1154.0037,1154.0393,1152.3568,50.0,False,NOMINAL,HEALTHY,2.03,-28.44
DIG_LOT07_COMP1543,LOT_07,DIGITAL_IC,CQFP-64,DIG-SIH-2026,THERMAL_BURN_IN,T07_1543,PROC-ISRO-IISU-01,ATE-STATION-01,CHAMBER-01,1.0,125.0,5.0,168,IDDQ,ELECTRICAL,uA,1.2363,932.9466,932.9993,933.0225,931.7103,21.788,2.0206,12.164,-0.0109,0.0488,34.93,34.68,1.2363,932.9466,932.9993,933.0225,931.7103,50.0,False,NOMINAL,HEALTHY,5.17,-25.69
DIG_LOT07_COMP1544,LOT_07,DIGITAL_IC,CQFP-64,DIG-SIH-2026,THERMAL_BURN_IN,T07_1544,PROC-ISRO-IISU-01,ATE-STATION-01,CHAMBER-01,1.0,125.0,5.0,168,IDDQ,ELECTRICAL,uA,1.3844,1065.6017,1065.6627,1065.7415,1064.2173,21.699,2.3081,12.595,-0.0354,-0.0498,35.99,36.58,1.3844,1065.6017,1065.6627,1065.7415,1064.2173,50.0,False,NOMINAL,HEALTHY,-0.61,-40.12
DIG_LOT07_COMP1545,LOT_07,DIGITAL_IC,CQFP-64,DIG-SIH-2026,THERMAL_BURN_IN,T07_1545,PROC-ISRO-IISU-01,ATE-STATION-01,CHAMBER-01,1.0,125.0,5.0,168,IDDQ,ELECTRICAL,uA,1.2064,927.0984,927.2215,927.1981,925.892,26.036,1.9398,13.216,-0.0099,0.0329,35.94,35.76,1.2064,927.0984,927.2215,927.1981,925.892,50.0,False,NOMINAL,HEALTHY,-24.06,44.87
DIG_LOT07_COMP1546,LOT_07,DIGITAL_IC,CQFP-64,DIG-SIH-2026,THERMAL_BURN_IN,T07_1546,PROC-ISRO-IISU-01,ATE-STATION-01,CHAMBER-01,1.0,125.0,5.0,168,IDDQ,ELECTRICAL,uA,1.4989,1161.2343,1161.3078,1161.3558,1159.7354,26.26,1.8649,11.732,0.0221,0.061,34.09,33.73,1.4989,1161.2343,1161.3078,1161.3558,1159.7354,50.0,False,NOMINAL,HEALTHY,14.65,-18.83
DIG_LOT07_COMP1547,LOT_07,DIGITAL_IC,CQFP-64,DIG-SIH-2026,THERMAL_BURN_IN,T07_1547,PROC-ISRO-IISU-01,ATE-STATION-01,CHAMBER-01,1.0,125.0,5.0,168,IDDQ,ELECTRICAL,uA,1.343,1041.2423,1041.3086,1041.3776,1039.8993,26.733,1.9319,11.856,-0.026,-0.0467,35.53,35.52,1.343,1041.2423,1041.3086,1041.3776,1039.8993,50.0,False,NOMINAL,HEALTHY,-15.75,-11.46
DIG_LOT07_COMP1548,LOT_07,DIGITAL_IC,CQFP-64,DIG-SIH-2026,THERMAL_BURN_IN,T07_1548,PROC-ISRO-IISU-01,ATE-STATION-01,CHAMBER-01,1.0,125.0,5.0,168,IDDQ,ELECTRICAL,uA,1.1842,917.3084,917.4003,917.368,916.1242,25.054,2.2237,12.546,0.0164,-0.0381,36.55,37.39,1.1842,917.3084,917.4003,917.368,916.1242,50.0,False,NOMINAL,HEALTHY,-19.44,3.84
DIG_LOT07_COMP1549,LOT_07,DIGITAL_IC,CQFP-64,DIG-SIH-2026,THERMAL_BURN_IN,T07_1549,PROC-ISRO-IISU-01,ATE-STATION-01,CHAMBER-01,1.0,125.0,5.0,168,IDDQ,ELECTRICAL,uA,1.384,1073.1388,1073.1583,1073.2713,1071.7548,26.525,1.5351,12.38,-0.038,-0.0837,36.03,35.36,1.384,1073.1388,1073.1583,1073.2713,1071.7548,50.0,False,NOMINAL,HEALTHY,-11.06,-48.43
DIG_LOT07_COMP1550,LOT_07,DIGITAL_IC,CQFP-64,DIG-SIH-2026,THERMAL_BURN_IN,T07_1550,PROC-ISRO-IISU-01,ATE-STATION-01,CHAMBER-01,1.0,125.0,5.0,168,IDDQ,ELECTRICAL,uA,1.2295,946.213,954.7112,1104.6024,944.9835,24.818,2.7328,11.667,-0.0037,0.1096,34.36,34.65,1.2295,946.213,954.7112,1104.6024,944.9835,50.0,True,THERMAL_RUNAWAY,HEALTHY,4.69,-18.4
DIG_LOT07_COMP1551,LOT_07,DIGITAL_IC,CQFP-64,DIG-SIH-2026,THERMAL_BURN_IN,T07_1551,PROC-ISRO-IISU-01,ATE-STATION-01,CHAMBER-01,1.0,125.0,5.0,168,IDDQ,ELECTRICAL,uA,1.3119,1003.6537,1003.7165,1003.7331,1002.3418,23.851,1.9848,11.875,-0.0258,-0.0615,36.73,36.52,1.3119,1003.6537,1003.7165,1003.7331,1002.3418,50.0,False,NOMINAL,HEALTHY,-13.98,-44.12
DIG_LOT07_COMP1552,LOT_07,DIGITAL_IC,CQFP-64,DIG-SIH-2026,THERMAL_BURN_IN,T07_1552,PROC-ISRO-IISU-01,ATE-STATION-01,CHAMBER-01,1.0,125.0,5.0,168,IDDQ,ELECTRICAL,uA,1.4146,1083.1322,1083.2303,1083.3034,1081.7176,26.738,2.0618,11.605,0.0276,-0.0587,34.89,34.95,1.4146,1083.1322,1083.2303,1083.3034,1081.7176,50.0,False,NOMINAL,HEALTHY,7.88,35.06
DIG_LOT07_COMP1553,LOT_07,DIGITAL_IC,CQFP-64,DIG-SIH-2026,THERMAL_BURN_IN,T07_1553,PROC-ISRO-IISU-01,ATE-STATION-01,CHAMBER-01,1.0,125.0,5.0,168,IDDQ,ELECTRICAL,uA,1.4402,1110.9486,1111.0604,1111.1807,1109.5084,25.057,2.4763,11.606,0.0018,-0.0532,34.98,34.56,1.4402,1110.9486,1111.0604,1111.1807,1109.5084,50.0,False,NOMINAL,HEALTHY,-27.74,11.07
DIG_LOT07_COMP1554,LOT_07,DIGITAL_IC,CQFP-64,DIG-SIH-2026,THERMAL_BURN_IN,T07_1554,PROC-ISRO-IISU-01,ATE-STATION-01,CHAMBER-01,1.0,125.0,5.0,168,IDDQ,ELECTRICAL,uA,1.1561,915.7917,915.8519,915.8087,914.6356,25.598,2.1653,13.14,0.0245,0.0756,33.91,33.66,1.1561,915.7917,915.8519,915.8087,914.6356,50.0,False,NOMINAL,HEALTHY,33.34,-48.33
DIG_LOT07_COMP1555,LOT_07,DIGITAL_IC,CQFP-64,DIG-SIH-2026,THERMAL_BURN_IN,T07_1555,PROC-ISRO-IISU-01,ATE-STATION-01,CHAMBER-01,1.0,125.0,5.0,168,IDDQ,ELECTRICAL,uA,1.2598,955.9757,956.0961,956.1224,954.7159,25.865,2.017,11.672,-0.0416,-0.0143,35.53,35.78,1.2598,955.9757,956.0961,956.1224,954.7159,50.0,False,NOMINAL,HEALTHY,-42.11,-38.56
DIG_LOT07_COMP1556,LOT_07,DIGITAL_IC,CQFP-64,DIG-SIH-2026,THERMAL_BURN_IN,T07_1556,PROC-ISRO-IISU-01,ATE-STATION-01,CHAMBER-01,1.0,125.0,5.0,168,IDDQ,ELECTRICAL,uA,1.3176,1019.435,1019.5345,1019.5831,1018.1174,25.362,1.9245,12.535,0.0149,-0.0606,34.71,34.5,1.3176,1019.435,1019.5345,1019.5831,1018.1174,50.0,False,NOMINAL,HEALTHY,-0.65,29.44
DIG_LOT07_COMP1557,LOT_07,DIGITAL_IC,CQFP-64,DIG-SIH-2026,THERMAL_BURN_IN,T07_1557,PROC-ISRO-IISU-01,ATE-STATION-01,CHAMBER-01,1.0,125.0,5.0,168,IDDQ,ELECTRICAL,uA,1.4578,1134.4642,1134.5649,1134.5579,1133.0064,27.333,1.8141,11.832,-0.0276,-0.0178,36.2,35.62,1.4578,1134.4642,1134.5649,1134.5579,1133.0064,50.0,False,NOMINAL,HEALTHY,25.04,-12.32
DIG_LOT07_COMP1558,LOT_07,DIGITAL_IC,CQFP-64,DIG-SIH-2026,THERMAL_BURN_IN,T07_1558,PROC-ISRO-IISU-01,ATE-STATION-01,CHAMBER-01,1.0,125.0,5.0,168,IDDQ,ELECTRICAL,uA,1.7251,1326.4719,1326.5419,1326.6275,1324.7468,24.303,2.2151,11.954,-0.034,0.0873,34.21,35.31,1.7251,1326.4719,1326.5419,1326.6275,1324.7468,50.0,False,NOMINAL,HEALTHY,-7.55,-7.98
DIG_LOT07_COMP1559,LOT_07,DIGITAL_IC,CQFP-64,DIG-SIH-2026,THERMAL_BURN_IN,T07_1559,PROC-ISRO-IISU-01,ATE-STATION-01,CHAMBER-01,1.0,125.0,5.0,168,IDDQ,ELECTRICAL,uA,1.5527,1178.1672,1178.2714,1178.3147,1176.6145,22.881,2.0881,11.9,-0.007,-0.0153,35.48,35.38,1.5527,1178.1672,1178.2714,1178.3147,1176.6145,50.0,False,NOMINAL,HEALTHY,-11.34,-13.22
DIG_LOT07_COMP1560,LOT_07,DIGITAL_IC,CQFP-64,DIG-SIH-2026,THERMAL_BURN_IN,T07_1560,PROC-ISRO-IISU-01,ATE-STATION-01,CHAMBER-01,1.0,125.0,5.0,168,IDDQ,ELECTRICAL,uA,6.1596,4742.5681,4742.842,4742.977,4736.4085,26.094,2.3184,14.173,0.0043,-0.015,34.36,34.79,6.1596,4742.5681,4742.842,4742.977,4736.4085,50.0,True,SPATIAL_OUTLIER,HEALTHY,33.62,-1.35
DIG_LOT07_COMP1561,LOT_07,DIGITAL_IC,CQFP-64,DIG-SIH-2026,THERMAL_BURN_IN,T07_1561,PROC-ISRO-IISU-01,ATE-STATION-01,CHAMBER-01,1.0,125.0,5.0,168,IDDQ,ELECTRICAL,uA,1.3081,1001.8399,1001.8834,1001.9457,1000.5318,24.95,1.9162,13.425,-0.0172,0.0284,35.35,35.29,1.3081,1001.8399,1001.8834,1001.9457,1000.5318,50.0,False,NOMINAL,HEALTHY,-28.41,39.26
DIG_LOT07_COMP1562,LOT_07,DIGITAL_IC,CQFP-64,DIG-SIH-2026,THERMAL_BURN_IN,T07_1562,PROC-ISRO-IISU-01,ATE-STATION-01,CHAMBER-01,1.0,125.0,5.0,168,IDDQ,ELECTRICAL,uA,1.2378,957.9837,958.0669,958.1185,956.7459,24.232,2.5318,13.126,-0.0104,-0.0268,35.8,36.02,1.2378,957.9837,958.0669,958.1185,956.7459,50.0,False,NOMINAL,HEALTHY,26.52,-18.09
DIG_LOT07_COMP1563,LOT_07,DIGITAL_IC,CQFP-64,DIG-SIH-2026,THERMAL_BURN_IN,T07_1563,PROC-ISRO-IISU-01,ATE-STATION-01,CHAMBER-01,1.0,125.0,5.0,168,IDDQ,ELECTRICAL,uA,1.3412,1042.9254,1042.9929,1043.0225,1041.5842,21.405,2.0007,12.81,0.0194,0.06,35.12,35.33,1.3412,1042.9254,1042.9929,1043.0225,1041.5842,50.0,False,NOMINAL,HEALTHY,-41.17,42.12
DIG_LOT07_COMP1564,LOT_07,DIGITAL_IC,CQFP-64,DIG-SIH-2026,THERMAL_BURN_IN,T07_1564,PROC-ISRO-IISU-01,ATE-STATION-01,CHAMBER-01,1.0,125.0,5.0,168,IDDQ,ELECTRICAL,uA,1.1745,929.175,929.1913,929.2489,928.0005,23.265,1.8959,13.824,0.0024,-0.0582,35.98,36.61,1.1745,929.175,929.1913,929.2489,928.0005,50.0,False,NOMINAL,HEALTHY,41.67,0.81
DIG_LOT07_COMP1565,LOT_07,DIGITAL_IC,CQFP-64,DIG-SIH-2026,THERMAL_BURN_IN,T07_1565,PROC-ISRO-IISU-01,ATE-STATION-01,CHAMBER-01,1.0,125.0,5.0,168,IDDQ,ELECTRICAL,uA,1.508,1177.4956,1185.9967,1335.8427,1175.9876,25.411,2.0861,11.829,0.0096,-0.0065,37.27,37.31,1.508,1177.4956,1185.9967,1335.8427,1175.9876,50.0,True,THERMAL_RUNAWAY,HEALTHY,49.94,21.04
DIG_LOT07_COMP1566,LOT_07,DIGITAL_IC,CQFP-64,DIG-SIH-2026,THERMAL_BURN_IN,T07_1566,PROC-ISRO-IISU-01,ATE-STATION-01,CHAMBER-01,1.0,125.0,5.0,168,IDDQ,ELECTRICAL,uA,0.9235,712.4736,712.5386,712.5676,711.5501,21.562,2.0132,10.894,-0.0009,0.0087,35.89,37.05,0.9235,712.4736,712.5386,712.5676,711.5501,50.0,False,NOMINAL,HEALTHY,-27.97,9.41
DIG_LOT07_COMP1567,LOT_07,DIGITAL_IC,CQFP-64,DIG-SIH-2026,THERMAL_BURN_IN,T07_1567,PROC-ISRO-IISU-01,ATE-STATION-01,CHAMBER-01,1.0,125.0,5.0,168,IDDQ,ELECTRICAL,uA,1.2104,934.7853,934.8065,934.8677,933.5749,26.393,1.5875,13.819,0.0007,0.0307,32.64,33.47,1.2104,934.7853,934.8065,934.8677,933.5749,50.0,False,NOMINAL,HEALTHY,13.65,-26.06
DIG_LOT07_COMP1568,LOT_07,DIGITAL_IC,CQFP-64,DIG-SIH-2026,THERMAL_BURN_IN,T07_1568,PROC-ISRO-IISU-01,ATE-STATION-01,CHAMBER-01,1.0,125.0,5.0,168,IDDQ,ELECTRICAL,uA,1.3636,1062.467,1062.5286,1062.6288,1061.1034,25.888,1.6585,12.85,-0.0159,-0.0392,33.35,33.92,1.3636,1062.467,1062.5286,1062.6288,1061.1034,50.0,False,NOMINAL,HEALTHY,-39.97,10.91
DIG_LOT07_COMP1569,LOT_07,DIGITAL_IC,CQFP-64,DIG-SIH-2026,THERMAL_BURN_IN,T07_1569,PROC-ISRO-IISU-01,ATE-STATION-01,CHAMBER-01,1.0,125.0,5.0,168,IDDQ,ELECTRICAL,uA,1.2096,948.5373,948.636,948.664,947.3277,27.192,2.496,13.892,0.0134,0.0114,36.88,37.12,1.2096,948.5373,948.636,948.664,947.3277,50.0,False,NOMINAL,HEALTHY,-37.14,26.08
DIG_LOT07_COMP1570,LOT_07,DIGITAL_IC,CQFP-64,DIG-SIH-2026,THERMAL_BURN_IN,T07_1570,PROC-ISRO-IISU-01,ATE-STATION-01,CHAMBER-01,1.0,125.0,5.0,168,IDDQ,ELECTRICAL,uA,1.3069,1015.2616,1015.3064,1015.3487,1013.9547,24.798,2.5738,12.151,-0.0024,-0.0594,32.91,32.2,1.3069,1015.2616,1015.3064,1015.3487,1013.9547,50.0,False,NOMINAL,HEALTHY,36.67,31.13
DIG_LOT07_COMP1571,LOT_07,DIGITAL_IC,CQFP-64,DIG-SIH-2026,THERMAL_BURN_IN,T07_1571,PROC-ISRO-IISU-01,ATE-STATION-01,CHAMBER-01,1.0,125.0,5.0,168,IDDQ,ELECTRICAL,uA,1.2199,936.6091,936.6755,936.6741,935.3892,23.797,1.6209,12.909,-0.0172,0.0179,34.71,33.6,1.2199,936.6091,936.6755,936.6741,935.3892,50.0,False,NOMINAL,HEALTHY,-34.17,29.13
DIG_LOT07_COMP1572,LOT_07,DIGITAL_IC,CQFP-64,DIG-SIH-2026,THERMAL_BURN_IN,T07_1572,PROC-ISRO-IISU-01,ATE-STATION-01,CHAMBER-01,1.0,125.0,5.0,168,IDDQ,ELECTRICAL,uA,1.4975,1147.6156,1147.7272,1147.8018,1146.1181,23.257,1.8143,12.281,-0.0288,0.0043,35.14,35.38,1.4975,1147.6156,1147.7272,1147.8018,1146.1181,50.0,False,NOMINAL,HEALTHY,0.78,-38.42
DIG_LOT07_COMP1573,LOT_07,DIGITAL_IC,CQFP-64,DIG-SIH-2026,THERMAL_BURN_IN,T07_1573,PROC-ISRO-IISU-01,ATE-STATION-01,CHAMBER-01,1.0,125.0,5.0,168,IDDQ,ELECTRICAL,uA,1.2549,964.4751,964.5159,964.6223,963.2202,24.509,2.3978,12.675,0.0243,0.021,36.0,36.14,1.2549,964.4751,964.5159,964.6223,963.2202,50.0,False,NOMINAL,HEALTHY,-5.74,-27.7
DIG_LOT07_COMP1574,LOT_07,DIGITAL_IC,CQFP-64,DIG-SIH-2026,THERMAL_BURN_IN,T07_1574,PROC-ISRO-IISU-01,ATE-STATION-01,CHAMBER-01,1.0,125.0,5.0,168,IDDQ,ELECTRICAL,uA,1.1055,875.5837,875.6629,875.6726,874.4782,27.445,2.3415,11.792,0.0318,-0.0182,35.52,35.05,1.1055,875.5837,875.6629,875.6726,874.4782,50.0,False,NOMINAL,HEALTHY,-0.91,2.14
DIG_LOT07_COMP1575,LOT_07,DIGITAL_IC,CQFP-64,DIG-SIH-2026,THERMAL_BURN_IN,T07_1575,PROC-ISRO-IISU-01,ATE-STATION-01,CHAMBER-01,1.0,125.0,5.0,168,IDDQ,ELECTRICAL,uA,1.119,870.008,870.1214,870.133,868.889,24.628,2.073,11.843,-0.0003,0.0047,35.31,35.48,1.119,870.008,870.1214,870.133,868.889,50.0,False,NOMINAL,HEALTHY,-27.37,23.46
DIG_LOT07_COMP1576,LOT_07,DIGITAL_IC,CQFP-64,DIG-SIH-2026,THERMAL_BURN_IN,T07_1576,PROC-ISRO-IISU-01,ATE-STATION-01,CHAMBER-01,1.0,125.0,5.0,168,IDDQ,ELECTRICAL,uA,1.4644,1128.9346,1129.0318,1129.0881,1127.4702,25.583,2.0038,12.41,-0.0009,-0.027,33.08,32.61,1.4644,1128.9346,1129.0318,1129.0881,1127.4702,50.0,False,NOMINAL,HEALTHY,-6.4,-25.34
DIG_LOT07_COMP1577,LOT_07,DIGITAL_IC,CQFP-64,DIG-SIH-2026,THERMAL_BURN_IN,T07_1577,PROC-ISRO-IISU-01,ATE-STATION-01,CHAMBER-01,1.0,125.0,5.0,168,IDDQ,ELECTRICAL,uA,1.5786,1189.917,1190.0154,1190.1062,1188.3384,26.422,2.0086,14.065,-0.0051,-0.0092,36.17,36.3,1.5786,1189.917,1190.0154,1190.1062,1188.3384,50.0,False,NOMINAL,HEALTHY,-1.51,11.88
DIG_LOT07_COMP1578,LOT_07,DIGITAL_IC,CQFP-64,DIG-SIH-2026,THERMAL_BURN_IN,T07_1578,PROC-ISRO-IISU-01,ATE-STATION-01,CHAMBER-01,1.0,125.0,5.0,168,IDDQ,ELECTRICAL,uA,1.2548,955.7389,955.86,955.8494,954.4841,24.68,1.8838,14.006,-0.0521,0.0285,35.28,34.92,1.2548,955.7389,955.86,955.8494,954.4841,50.0,False,NOMINAL,HEALTHY,-12.62,-27.17
DIG_LOT07_COMP1579,LOT_07,DIGITAL_IC,CQFP-64,DIG-SIH-2026,THERMAL_BURN_IN,T07_1579,PROC-ISRO-IISU-01,ATE-STATION-01,CHAMBER-01,1.0,125.0,5.0,168,IDDQ,ELECTRICAL,uA,1.1678,898.1795,898.2175,898.2884,897.0117,25.101,1.9294,11.081,-0.0154,0.0645,35.2,35.44,1.1678,898.1795,898.2175,898.2884,897.0117,50.0,False,NOMINAL,HEALTHY,8.39,5.59
DIG_LOT07_COMP1580,LOT_07,DIGITAL_IC,CQFP-64,DIG-SIH-2026,THERMAL_BURN_IN,T07_1580,PROC-ISRO-IISU-01,ATE-STATION-01,CHAMBER-01,1.0,125.0,5.0,168,IDDQ,ELECTRICAL,uA,1.5848,1196.0751,1196.2002,1196.1947,1194.4903,25.862,2.4081,11.562,-0.0203,-0.0712,34.14,33.87,1.5848,1196.0751,1196.2002,1196.1947,1194.4903,50.0,False,NOMINAL,HEALTHY,-38.78,24.31
DIG_LOT07_COMP1581,LOT_07,DIGITAL_IC,CQFP-64,DIG-SIH-2026,THERMAL_BURN_IN,T07_1581,PROC-ISRO-IISU-01,ATE-STATION-01,CHAMBER-01,1.0,125.0,5.0,168,IDDQ,ELECTRICAL,uA,1.2542,984.7589,984.8538,984.9034,983.5047,26.635,2.0952,12.346,0.0308,0.0399,35.94,35.55,1.2542,984.7589,984.8538,984.9034,983.5047,50.0,False,NOMINAL,HEALTHY,23.14,-32.29
DIG_LOT07_COMP1582,LOT_07,DIGITAL_IC,CQFP-64,DIG-SIH-2026,THERMAL_BURN_IN,T07_1582,PROC-ISRO-IISU-01,ATE-STATION-01,CHAMBER-01,1.0,125.0,5.0,168,IDDQ,ELECTRICAL,uA,1.254,971.7376,971.7993,971.8019,970.4836,27.462,1.9158,12.855,-0.0162,0.0392,35.02,34.46,1.254,971.7376,971.7993,971.8019,970.4836,50.0,False,NOMINAL,HEALTHY,24.04,47.42
DIG_LOT07_COMP1583,LOT_07,DIGITAL_IC,CQFP-64,DIG-SIH-2026,THERMAL_BURN_IN,T07_1583,PROC-ISRO-IISU-01,ATE-STATION-01,CHAMBER-01,1.0,125.0,5.0,168,IDDQ,ELECTRICAL,uA,1.2854,990.5943,990.6938,990.7167,989.3089,25.169,2.12,13.031,0.0025,-0.0962,35.35,35.26,1.2854,990.5943,990.6938,990.7167,989.3089,50.0,False,NOMINAL,HEALTHY,45.46,48.27
DIG_LOT07_COMP1584,LOT_07,DIGITAL_IC,CQFP-64,DIG-SIH-2026,THERMAL_BURN_IN,T07_1584,PROC-ISRO-IISU-01,ATE-STATION-01,CHAMBER-01,1.0,125.0,5.0,168,IDDQ,ELECTRICAL,uA,1.2135,922.1155,922.2127,922.2373,920.902,23.173,1.6401,12.584,0.0108,-0.0013,36.29,35.77,1.2135,922.1155,922.2127,922.2373,920.902,50.0,False,NOMINAL,HEALTHY,-26.54,45.96
DIG_LOT07_COMP1585,LOT_07,DIGITAL_IC,CQFP-64,DIG-SIH-2026,THERMAL_BURN_IN,T07_1585,PROC-ISRO-IISU-01,ATE-STATION-01,CHAMBER-01,1.0,125.0,5.0,168,IDDQ,ELECTRICAL,uA,1.4076,1075.9845,1076.0591,1076.1316,1074.5769,26.919,1.9982,12.337,0.0005,0.0565,34.54,35.18,1.4076,1075.9845,1076.0591,1076.1316,1074.5769,50.0,False,NOMINAL,HEALTHY,-45.56,-16.58
DIG_LOT07_COMP1586,LOT_07,DIGITAL_IC,CQFP-64,DIG-SIH-2026,THERMAL_BURN_IN,T07_1586,PROC-ISRO-IISU-01,ATE-STATION-01,CHAMBER-01,1.0,125.0,5.0,168,IDDQ,ELECTRICAL,uA,1.3023,1019.1563,1019.2434,1019.2676,1017.854,27.514,2.205,12.56,-0.0014,0.0165,38.26,39.26,1.3023,1019.1563,1019.2434,1019.2676,1017.854,50.0,False,NOMINAL,HEALTHY,32.03,0.35
DIG_LOT07_COMP1587,LOT_07,DIGITAL_IC,CQFP-64,DIG-SIH-2026,THERMAL_BURN_IN,T07_1587,PROC-ISRO-IISU-01,ATE-STATION-01,CHAMBER-01,1.0,125.0,5.0,168,IDDQ,ELECTRICAL,uA,1.5203,1184.8578,1184.9307,1185.011,1183.3375,22.505,2.3533,11.708,0.0078,-0.0352,34.05,33.99,1.5203,1184.8578,1184.9307,1185.011,1183.3375,50.0,False,NOMINAL,HEALTHY,-35.26,9.42
DIG_LOT07_COMP1588,LOT_07,DIGITAL_IC,CQFP-64,DIG-SIH-2026,THERMAL_BURN_IN,T07_1588,PROC-ISRO-IISU-01,ATE-STATION-01,CHAMBER-01,1.0,125.0,5.0,168,IDDQ,ELECTRICAL,uA,1.1462,890.6203,890.6836,890.7224,889.4741,27.555,1.7195,13.382,0.0068,-0.0423,33.97,34.16,1.1462,890.6203,890.6836,890.7224,889.4741,50.0,False,NOMINAL,HEALTHY,42.36,49.93
DIG_LOT07_COMP1589,LOT_07,DIGITAL_IC,CQFP-64,DIG-SIH-2026,THERMAL_BURN_IN,T07_1589,PROC-ISRO-IISU-01,ATE-STATION-01,CHAMBER-01,1.0,125.0,5.0,168,IDDQ,ELECTRICAL,uA,1.3333,1046.0972,1046.175,1046.2065,1044.7639,25.322,1.9291,13.95,0.0147,0.0263,33.99,34.32,1.3333,1046.0972,1046.175,1046.2065,1044.7639,50.0,False,NOMINAL,HEALTHY,-10.74,16.39
DIG_LOT07_COMP1590,LOT_07,DIGITAL_IC,CQFP-64,DIG-SIH-2026,THERMAL_BURN_IN,T07_1590,PROC-ISRO-IISU-01,ATE-STATION-01,CHAMBER-01,1.0,125.0,5.0,168,IDDQ,ELECTRICAL,uA,1.2983,1015.2654,1015.318,1015.3386,1013.9671,25.937,2.1889,12.747,0.0144,-0.0566,34.93,35.07,1.2983,1015.2654,1015.318,1015.3386,1013.9671,50.0,False,NOMINAL,HEALTHY,9.97,-48.75
DIG_LOT07_COMP1591,LOT_07,DIGITAL_IC,CQFP-64,DIG-SIH-2026,THERMAL_BURN_IN,T07_1591,PROC-ISRO-IISU-01,ATE-STATION-01,CHAMBER-01,1.0,125.0,5.0,168,IDDQ,ELECTRICAL,uA,1.504,1149.8327,1149.9309,1149.9888,1148.3287,22.001,1.5752,12.551,-0.0099,0.0509,36.0,35.97,1.504,1149.8327,1149.9309,1149.9888,1148.3287,50.0,False,NOMINAL,HEALTHY,5.61,-45.9
DIG_LOT07_COMP1592,LOT_07,DIGITAL_IC,CQFP-64,DIG-SIH-2026,THERMAL_BURN_IN,T07_1592,PROC-ISRO-IISU-01,ATE-STATION-01,CHAMBER-01,1.0,125.0,5.0,168,IDDQ,ELECTRICAL,uA,1.277,994.0362,994.1354,994.2174,992.7592,27.131,1.8494,12.184,-0.0373,0.0217,35.55,35.65,1.277,994.0362,994.1354,994.2174,992.7592,50.0,False,NOMINAL,HEALTHY,-43.8,37.8
DIG_LOT07_COMP1593,LOT_07,DIGITAL_IC,CQFP-64,DIG-SIH-2026,THERMAL_BURN_IN,T07_1593,PROC-ISRO-IISU-01,ATE-STATION-01,CHAMBER-01,1.0,125.0,5.0,168,IDDQ,ELECTRICAL,uA,1.2327,934.5306,934.6106,934.6617,933.2979,27.084,1.7331,11.722,0.0158,0.117,35.23,35.79,1.2327,934.5306,934.6106,934.6617,933.2979,50.0,False,NOMINAL,HEALTHY,-34.97,47.79
DIG_LOT07_COMP1594,LOT_07,DIGITAL_IC,CQFP-64,DIG-SIH-2026,THERMAL_BURN_IN,T07_1594,PROC-ISRO-IISU-01,ATE-STATION-01,CHAMBER-01,1.0,125.0,5.0,168,IDDQ,ELECTRICAL,uA,1.6155,1247.6004,1247.7257,1247.7957,1245.9849,24.507,1.6951,12.699,-0.0096,0.0013,32.64,32.88,1.6155,1247.6004,1247.7257,1247.7957,1245.9849,50.0,False,NOMINAL,HEALTHY,36.36,-21.04
DIG_LOT07_COMP1595,LOT_07,DIGITAL_IC,CQFP-64,DIG-SIH-2026,THERMAL_BURN_IN,T07_1595,PROC-ISRO-IISU-01,ATE-STATION-01,CHAMBER-01,1.0,125.0,5.0,168,IDDQ,ELECTRICAL,uA,1.6372,1253.3283,1253.4713,1253.5093,1251.6911,24.552,2.6109,13.611,-0.0028,0.0925,34.68,34.91,1.6372,1253.3283,1253.4713,1253.5093,1251.6911,50.0,False,NOMINAL,HEALTHY,-40.8,-40.76
DIG_LOT07_COMP1596,LOT_07,DIGITAL_IC,CQFP-64,DIG-SIH-2026,THERMAL_BURN_IN,T07_1596,PROC-ISRO-IISU-01,ATE-STATION-01,CHAMBER-01,1.0,125.0,5.0,168,IDDQ,ELECTRICAL,uA,1.4517,1120.8177,1120.9276,1120.9791,1119.366,24.922,2.0888,12.217,-0.0329,-0.0269,35.46,35.25,1.4517,1120.8177,1120.9276,1120.9791,1119.366,50.0,False,NOMINAL,HEALTHY,19.8,32.63
DIG_LOT07_COMP1597,LOT_07,DIGITAL_IC,CQFP-64,DIG-SIH-2026,THERMAL_BURN_IN,T07_1597,PROC-ISRO-IISU-01,ATE-STATION-01,CHAMBER-01,1.0,125.0,5.0,168,IDDQ,ELECTRICAL,uA,1.5183,1155.8398,1155.9196,1155.9525,1154.3215,20.914,1.8489,11.72,-0.0162,-0.0777,33.82,33.85,1.5183,1155.8398,1155.9196,1155.9525,1154.3215,50.0,False,NOMINAL,HEALTHY,32.88,-40.19
DIG_LOT07_COMP1598,LOT_07,DIGITAL_IC,CQFP-64,DIG-SIH-2026,THERMAL_BURN_IN,T07_1598,PROC-ISRO-IISU-01,ATE-STATION-01,CHAMBER-01,1.0,125.0,5.0,168,IDDQ,ELECTRICAL,uA,1.255,982.2401,982.3637,982.3892,980.9851,24.777,1.6315,12.886,0.0119,0.0429,33.88,34.63,1.255,982.2401,982.3637,982.3892,980.9851,50.0,False,NOMINAL,HEALTHY,-28.15,25.79
DIG_LOT07_COMP1599,LOT_07,DIGITAL_IC,CQFP-64,DIG-SIH-2026,THERMAL_BURN_IN,T07_1599,PROC-ISRO-IISU-01,ATE-STATION-01,CHAMBER-01,1.0,125.0,5.0,168,IDDQ,ELECTRICAL,uA,1.2937,1002.8056,1002.9429,1002.8765,1001.5119,26.187,1.758,13.067,-0.009,-0.012,35.26,34.71,1.2937,1002.8056,1002.9429,1002.8765,1001.5119,50.0,False,NOMINAL,HEALTHY,-16.94,32.72
DIG_LOT07_COMP1600,LOT_07,DIGITAL_IC,CQFP-64,DIG-SIH-2026,THERMAL_BURN_IN,T07_1600,PROC-ISRO-IISU-01,ATE-STATION-01,CHAMBER-01,1.0,125.0,5.0,168,IDDQ,ELECTRICAL,uA,1.1722,909.4256,909.551,909.5793,908.2534,25.284,2.0155,13.904,-0.0243,-0.0868,36.93,37.16,1.1722,909.4256,909.551,909.5793,908.2534,50.0,False,NOMINAL,HEALTHY,32.52,46.2
DIG_LOT07_COMP1601,LOT_07,DIGITAL_IC,CQFP-64,DIG-SIH-2026,THERMAL_BURN_IN,T07_1601,PROC-ISRO-IISU-01,ATE-STATION-01,CHAMBER-01,1.0,125.0,5.0,168,IDDQ,ELECTRICAL,uA,1.4706,1135.7752,1135.8618,1135.9346,1134.3046,24.13,1.5292,11.99,0.0332,0.0094,35.69,35.21,1.4706,1135.7752,1135.8618,1135.9346,1134.3046,50.0,False,NOMINAL,HEALTHY,18.41,22.36
DIG_LOT07_COMP1602,LOT_07,DIGITAL_IC,CQFP-64,DIG-SIH-2026,THERMAL_BURN_IN,T07_1602,PROC-ISRO-IISU-01,ATE-STATION-01,CHAMBER-01,1.0,125.0,5.0,168,IDDQ,ELECTRICAL,uA,1.6858,1306.6846,1306.7739,1306.8778,1304.9988,23.929,2.3229,13.856,-0.0106,-0.018,35.29,34.78,1.6858,1306.6846,1306.7739,1306.8778,1304.9988,50.0,False,NOMINAL,HEALTHY,20.33,-14.75
DIG_LOT07_COMP1603,LOT_07,DIGITAL_IC,CQFP-64,DIG-SIH-2026,THERMAL_BURN_IN,T07_1603,PROC-ISRO-IISU-01,ATE-STATION-01,CHAMBER-01,1.0,125.0,5.0,168,IDDQ,ELECTRICAL,uA,1.4085,1080.3527,1080.4564,1080.4818,1078.9442,25.373,2.3656,11.85,-0.0002,-0.0361,34.89,33.87,1.4085,1080.3527,1080.4564,1080.4818,1078.9442,50.0,False,NOMINAL,HEALTHY,38.3,1.73
DIG_LOT07_COMP1604,LOT_07,DIGITAL_IC,CQFP-64,DIG-SIH-2026,THERMAL_BURN_IN,T07_1604,PROC-ISRO-IISU-01,ATE-STATION-01,CHAMBER-01,1.0,125.0,5.0,168,IDDQ,ELECTRICAL,uA,1.2092,929.0889,929.1679,929.1379,927.8797,25.796,1.6889,11.861,-0.002,0.0497,33.16,33.85,1.2092,929.0889,929.1679,929.1379,927.8797,50.0,False,NOMINAL,HEALTHY,6.28,-18.3
DIG_LOT07_COMP1605,LOT_07,DIGITAL_IC,CQFP-64,DIG-SIH-2026,THERMAL_BURN_IN,T07_1605,PROC-ISRO-IISU-01,ATE-STATION-01,CHAMBER-01,1.0,125.0,5.0,168,IDDQ,ELECTRICAL,uA,1.4944,1147.8278,1147.9025,1147.9099,1146.3334,25.636,1.8747,12.984,-0.0081,0.0543,36.29,37.07,1.4944,1147.8278,1147.9025,1147.9099,1146.3334,50.0,False,NOMINAL,HEALTHY,20.87,-32.57
DIG_LOT07_COMP1606,LOT_07,DIGITAL_IC,CQFP-64,DIG-SIH-2026,THERMAL_BURN_IN,T07_1606,PROC-ISRO-IISU-01,ATE-STATION-01,CHAMBER-01,1.0,125.0,5.0,168,IDDQ,ELECTRICAL,uA,1.2498,939.9767,940.0723,940.1317,938.7269,22.504,1.3217,14.088,-0.0126,-0.0434,36.05,35.43,1.2498,939.9767,940.0723,940.1317,938.7269,50.0,False,NOMINAL,HEALTHY,42.85,-38.22
DIG_LOT07_COMP1607,LOT_07,DIGITAL_IC,CQFP-64,DIG-SIH-2026,THERMAL_BURN_IN,T07_1607,PROC-ISRO-IISU-01,ATE-STATION-01,CHAMBER-01,1.0,125.0,5.0,168,IDDQ,ELECTRICAL,uA,1.2453,979.5501,979.5944,979.6221,978.3048,24.516,2.1766,13.32,-0.0109,-0.0565,34.72,34.96,1.2453,979.5501,979.5944,979.6221,978.3048,50.0,False,NOMINAL,HEALTHY,-17.77,18.3
DIG_LOT07_COMP1608,LOT_07,DIGITAL_IC,CQFP-64,DIG-SIH-2026,THERMAL_BURN_IN,T07_1608,PROC-ISRO-IISU-01,ATE-STATION-01,CHAMBER-01,1.0,125.0,5.0,168,IDDQ,ELECTRICAL,uA,1.3787,1068.5602,1068.6445,1068.6628,1067.1815,24.082,2.2353,12.174,-0.013,0.002,34.5,34.41,1.3787,1068.5602,1068.6445,1068.6628,1067.1815,50.0,False,NOMINAL,HEALTHY,-46.82,20.31
DIG_LOT07_COMP1609,LOT_07,DIGITAL_IC,CQFP-64,DIG-SIH-2026,THERMAL_BURN_IN,T07_1609,PROC-ISRO-IISU-01,ATE-STATION-01,CHAMBER-01,1.0,125.0,5.0,168,IDDQ,ELECTRICAL,uA,1.5285,1179.8489,1179.9261,1179.9748,1178.3204,24.445,2.1899,13.031,-0.0341,0.0055,33.73,34.2,1.5285,1179.8489,1179.9261,1179.9748,1178.3204,50.0,False,NOMINAL,HEALTHY,-47.12,-1.52
DIG_LOT07_COMP1610,LOT_07,DIGITAL_IC,CQFP-64,DIG-SIH-2026,THERMAL_BURN_IN,T07_1610,PROC-ISRO-IISU-01,ATE-STATION-01,CHAMBER-01,1.0,125.0,5.0,168,IDDQ,ELECTRICAL,uA,1.2341,942.1871,942.2994,942.3747,940.953,25.379,1.6598,12.695,-0.0222,-0.0416,35.43,35.51,1.2341,942.1871,942.2994,942.3747,940.953,50.0,False,NOMINAL,HEALTHY,-45.15,36.2
DIG_LOT07_COMP1611,LOT_07,DIGITAL_IC,CQFP-64,DIG-SIH-2026,THERMAL_BURN_IN,T07_1611,PROC-ISRO-IISU-01,ATE-STATION-01,CHAMBER-01,1.0,125.0,5.0,168,IDDQ,ELECTRICAL,uA,1.5368,1164.2873,1164.3718,1164.3437,1162.7505,24.891,2.0643,12.587,0.0041,-0.0413,35.71,35.21,1.5368,1164.2873,1164.3718,1164.3437,1162.7505,50.0,False,NOMINAL,HEALTHY,-43.74,-31.48
DIG_LOT07_COMP1612,LOT_07,DIGITAL_IC,CQFP-64,DIG-SIH-2026,THERMAL_BURN_IN,T07_1612,PROC-ISRO-IISU-01,ATE-STATION-01,CHAMBER-01,1.0,125.0,5.0,168,IDDQ,ELECTRICAL,uA,1.3605,1051.8662,1051.9285,1052.0144,1050.5057,26.617,2.0586,12.608,0.0338,0.0887,34.99,34.71,1.3605,1051.8662,1051.9285,1052.0144,1050.5057,50.0,False,NOMINAL,HEALTHY,47.36,3.64
DIG_LOT07_COMP1613,LOT_07,DIGITAL_IC,CQFP-64,DIG-SIH-2026,THERMAL_BURN_IN,T07_1613,PROC-ISRO-IISU-01,ATE-STATION-01,CHAMBER-01,1.0,125.0,5.0,168,IDDQ,ELECTRICAL,uA,1.5388,1172.2297,1172.2711,1172.3158,1170.6909,24.209,2.2161,12.317,-0.0308,-0.0181,35.12,35.05,1.5388,1172.2297,1172.2711,1172.3158,1170.6909,50.0,False,NOMINAL,HEALTHY,17.93,20.85
DIG_LOT07_COMP1614,LOT_07,DIGITAL_IC,CQFP-64,DIG-SIH-2026,THERMAL_BURN_IN,T07_1614,PROC-ISRO-IISU-01,ATE-STATION-01,CHAMBER-01,1.0,125.0,5.0,168,IDDQ,ELECTRICAL,uA,1.3774,1067.0556,1067.1441,1067.2398,1065.6782,25.907,1.9627,12.371,-0.0268,-0.0069,34.17,34.4,1.3774,1067.0556,1067.1441,1067.2398,1065.6782,50.0,False,NOMINAL,HEALTHY,5.97,46.26
DIG_LOT07_COMP1615,LOT_07,DIGITAL_IC,CQFP-64,DIG-SIH-2026,THERMAL_BURN_IN,T07_1615,PROC-ISRO-IISU-01,ATE-STATION-01,CHAMBER-01,1.0,125.0,5.0,168,IDDQ,ELECTRICAL,uA,1.5175,1157.2599,1158.7569,1164.7495,1155.7424,23.571,1.9401,11.67,0.0219,0.0221,34.23,33.95,1.5175,1157.2599,1158.7569,1164.7495,1155.7424,50.0,True,ELECTROMIGRATION,HEALTHY,0.69,1.08
DIG_LOT07_COMP1616,LOT_07,DIGITAL_IC,CQFP-64,DIG-SIH-2026,THERMAL_BURN_IN,T07_1616,PROC-ISRO-IISU-01,ATE-STATION-01,CHAMBER-01,1.0,125.0,5.0,168,IDDQ,ELECTRICAL,uA,1.3162,1002.8046,1002.9079,1002.9727,1001.4884,24.848,1.4576,12.605,-0.0246,-0.0039,34.99,35.56,1.3162,1002.8046,1002.9079,1002.9727,1001.4884,50.0,False,NOMINAL,HEALTHY,22.24,-44.58
DIG_LOT07_COMP1617,LOT_07,DIGITAL_IC,CQFP-64,DIG-SIH-2026,THERMAL_BURN_IN,T07_1617,PROC-ISRO-IISU-01,ATE-STATION-01,CHAMBER-01,1.0,125.0,5.0,168,IDDQ,ELECTRICAL,uA,1.2387,963.8943,963.9804,964.0239,962.6556,25.292,1.8517,11.81,-0.0079,-0.0368,33.59,33.16,1.2387,963.8943,963.9804,964.0239,962.6556,50.0,False,NOMINAL,HEALTHY,-48.16,-34.58
DIG_LOT07_COMP1618,LOT_07,DIGITAL_IC,CQFP-64,DIG-SIH-2026,THERMAL_BURN_IN,T07_1618,PROC-ISRO-IISU-01,ATE-STATION-01,CHAMBER-01,1.0,125.0,5.0,168,IDDQ,ELECTRICAL,uA,1.1671,895.8991,895.9323,896.0093,894.732,25.561,2.1167,11.914,0.0372,0.0203,33.11,33.6,1.1671,895.8991,895.9323,896.0093,894.732,50.0,False,NOMINAL,HEALTHY,33.5,-37.78
DIG_LOT07_COMP1619,LOT_07,DIGITAL_IC,CQFP-64,DIG-SIH-2026,THERMAL_BURN_IN,T07_1619,PROC-ISRO-IISU-01,ATE-STATION-01,CHAMBER-01,1.0,125.0,5.0,168,IDDQ,ELECTRICAL,uA,1.4418,1107.9033,1108.0069,1108.086,1106.4615,26.817,2.3178,12.066,0.015,-0.0162,35.41,35.17,1.4418,1107.9033,1108.0069,1108.086,1106.4615,50.0,False,NOMINAL,HEALTHY,-39.83,41.61
DIG_LOT07_COMP1620,LOT_07,DIGITAL_IC,CQFP-64,DIG-SIH-2026,THERMAL_BURN_IN,T07_1620,PROC-ISRO-IISU-01,ATE-STATION-01,CHAMBER-01,1.0,125.0,5.0,168,IDDQ,ELECTRICAL,uA,1.5741,1217.6048,1217.7096,1217.7591,1216.0307,28.311,1.9632,14.233,-0.0004,-0.0612,32.99,32.95,1.5741,1217.6048,1217.7096,1217.7591,1216.0307,50.0,False,NOMINAL,HEALTHY,-29.78,41.27
DIG_LOT07_COMP1621,LOT_07,DIGITAL_IC,CQFP-64,DIG-SIH-2026,THERMAL_BURN_IN,T07_1621,PROC-ISRO-IISU-01,ATE-STATION-01,CHAMBER-01,1.0,125.0,5.0,168,IDDQ,ELECTRICAL,uA,1.1277,870.1704,870.235,870.2833,869.0427,24.811,2.1125,12.351,-0.0156,0.0452,36.0,35.97,1.1277,870.1704,870.235,870.2833,869.0427,50.0,False,NOMINAL,HEALTHY,38.3,-6.77
DIG_LOT07_COMP1622,LOT_07,DIGITAL_IC,CQFP-64,DIG-SIH-2026,THERMAL_BURN_IN,T07_1622,PROC-ISRO-IISU-01,ATE-STATION-01,CHAMBER-01,1.0,125.0,5.0,168,IDDQ,ELECTRICAL,uA,1.4041,1089.8743,1089.9743,1089.9598,1088.4702,26.309,2.268,13.022,-0.0057,0.1316,33.68,33.44,1.4041,1089.8743,1089.9743,1089.9598,1088.4702,50.0,False,NOMINAL,HEALTHY,25.29,-20.87
DIG_LOT07_COMP1623,LOT_07,DIGITAL_IC,CQFP-64,DIG-SIH-2026,THERMAL_BURN_IN,T07_1623,PROC-ISRO-IISU-01,ATE-STATION-01,CHAMBER-01,1.0,125.0,5.0,168,IDDQ,ELECTRICAL,uA,1.348,1036.7865,1036.8733,1036.8616,1035.4385,22.048,2.0266,12.358,-0.0232,0.0391,37.13,36.87,1.348,1036.7865,1036.8733,1036.8616,1035.4385,50.0,False,NOMINAL,HEALTHY,14.07,-13.86
DIG_LOT07_COMP1624,LOT_07,DIGITAL_IC,CQFP-64,DIG-SIH-2026,THERMAL_BURN_IN,T07_1624,PROC-ISRO-IISU-01,ATE-STATION-01,CHAMBER-01,1.0,125.0,5.0,168,IDDQ,ELECTRICAL,uA,1.5406,1175.6675,1175.7403,1175.8102,1174.1269,25.354,2.0623,13.593,-0.0066,0.0782,33.82,34.18,1.5406,1175.6675,1175.7403,1175.8102,1174.1269,50.0,False,NOMINAL,HEALTHY,-37.08,2.12
DIG_LOT07_COMP1625,LOT_07,DIGITAL_IC,CQFP-64,DIG-SIH-2026,THERMAL_BURN_IN,T07_1625,PROC-ISRO-IISU-01,ATE-STATION-01,CHAMBER-01,1.0,125.0,5.0,168,IDDQ,ELECTRICAL,uA,1.3301,1034.4294,1034.4126,1034.4968,1033.0993,28.309,1.5834,11.886,0.0318,0.0477,35.44,35.65,1.3301,1034.4294,1034.4126,1034.4968,1033.0993,50.0,False,NOMINAL,HEALTHY,-17.23,34.31
DIG_LOT07_COMP1626,LOT_07,DIGITAL_IC,CQFP-64,DIG-SIH-2026,THERMAL_BURN_IN,T07_1626,PROC-ISRO-IISU-01,ATE-STATION-01,CHAMBER-01,1.0,125.0,5.0,168,IDDQ,ELECTRICAL,uA,1.546,1170.5672,1170.6293,1170.6543,1169.0212,27.304,2.0543,11.7,0.0074,-0.0252,37.26,37.36,1.546,1170.5672,1170.6293,1170.6543,1169.0212,50.0,False,NOMINAL,HEALTHY,-29.25,0.51
DIG_LOT07_COMP1627,LOT_07,DIGITAL_IC,CQFP-64,DIG-SIH-2026,THERMAL_BURN_IN,T07_1627,PROC-ISRO-IISU-01,ATE-STATION-01,CHAMBER-01,1.0,125.0,5.0,168,IDDQ,ELECTRICAL,uA,1.4697,1137.3948,1139.2803,1147.0187,1135.9251,24.63,1.8884,11.625,-0.0434,-0.0821,34.45,34.69,1.4697,1137.3948,1139.2803,1147.0187,1135.9251,50.0,True,ELECTROMIGRATION,HEALTHY,-5.17,19.82
DIG_LOT07_COMP1628,LOT_07,DIGITAL_IC,CQFP-64,DIG-SIH-2026,THERMAL_BURN_IN,T07_1628,PROC-ISRO-IISU-01,ATE-STATION-01,CHAMBER-01,1.0,125.0,5.0,168,IDDQ,ELECTRICAL,uA,1.4122,1082.8329,1082.9361,1082.9799,1081.4207,24.743,1.9717,12.236,-0.0467,-0.0359,34.85,34.36,1.4122,1082.8329,1082.9361,1082.9799,1081.4207,50.0,False,NOMINAL,HEALTHY,-30.14,-28.62
DIG_LOT07_COMP1629,LOT_07,DIGITAL_IC,CQFP-64,DIG-SIH-2026,THERMAL_BURN_IN,T07_1629,PROC-ISRO-IISU-01,ATE-STATION-01,CHAMBER-01,1.0,125.0,5.0,168,IDDQ,ELECTRICAL,uA,1.3452,1024.2677,1024.3318,1024.3942,1022.9225,25.541,1.9515,12.324,-0.007,0.0396,34.7,34.73,1.3452,1024.2677,1024.3318,1024.3942,1022.9225,50.0,False,NOMINAL,HEALTHY,-26.32,-31.36
DIG_LOT07_COMP1630,LOT_07,DIGITAL_IC,CQFP-64,DIG-SIH-2026,THERMAL_BURN_IN,T07_1630,PROC-ISRO-IISU-01,ATE-STATION-01,CHAMBER-01,1.0,125.0,5.0,168,IDDQ,ELECTRICAL,uA,1.6173,1238.8058,1238.8684,1239.0024,1237.1885,26.355,2.1334,12.007,0.0061,0.0165,34.85,33.93,1.6173,1238.8058,1238.8684,1239.0024,1237.1885,50.0,False,NOMINAL,HEALTHY,47.44,6.33
DIG_LOT07_COMP1631,LOT_07,DIGITAL_IC,CQFP-64,DIG-SIH-2026,THERMAL_BURN_IN,T07_1631,PROC-ISRO-IISU-01,ATE-STATION-01,CHAMBER-01,1.0,125.0,5.0,168,IDDQ,ELECTRICAL,uA,1.5131,1178.7851,1178.8973,1178.9037,1177.272,25.819,2.6289,13.001,-0.0263,-0.0126,35.78,35.15,1.5131,1178.7851,1178.8973,1178.9037,1177.272,50.0,False,NOMINAL,HEALTHY,10.97,-0.67
DIG_LOT07_COMP1632,LOT_07,DIGITAL_IC,CQFP-64,DIG-SIH-2026,THERMAL_BURN_IN,T07_1632,PROC-ISRO-IISU-01,ATE-STATION-01,CHAMBER-01,1.0,125.0,5.0,168,IDDQ,ELECTRICAL,uA,1.3627,1044.5246,1044.6075,1044.7052,1043.1619,24.673,2.4999,12.254,-0.0203,0.002,35.5,35.37,1.3627,1044.5246,1044.6075,1044.7052,1043.1619,50.0,False,NOMINAL,HEALTHY,25.68,-7.39
DIG_LOT07_COMP1633,LOT_07,DIGITAL_IC,CQFP-64,DIG-SIH-2026,THERMAL_BURN_IN,T07_1633,PROC-ISRO-IISU-01,ATE-STATION-01,CHAMBER-01,1.0,125.0,5.0,168,IDDQ,ELECTRICAL,uA,1.3288,1030.9194,1030.9753,1031.0857,1029.5906,25.507,1.9227,11.936,0.033,-0.0199,35.66,35.95,1.3288,1030.9194,1030.9753,1031.0857,1029.5906,50.0,False,NOMINAL,HEALTHY,17.38,-42.68
DIG_LOT07_COMP1634,LOT_07,DIGITAL_IC,CQFP-64,DIG-SIH-2026,THERMAL_BURN_IN,T07_1634,PROC-ISRO-IISU-01,ATE-STATION-01,CHAMBER-01,1.0,125.0,5.0,168,IDDQ,ELECTRICAL,uA,1.3264,1019.8485,1019.908,1020.0347,1018.5221,25.508,1.7486,12.694,0.0172,0.0317,35.39,36.37,1.3264,1019.8485,1019.908,1020.0347,1018.5221,50.0,False,NOMINAL,HEALTHY,4.19,-42.56
DIG_LOT07_COMP1635,LOT_07,DIGITAL_IC,CQFP-64,DIG-SIH-2026,THERMAL_BURN_IN,T07_1635,PROC-ISRO-IISU-01,ATE-STATION-01,CHAMBER-01,1.0,125.0,5.0,168,IDDQ,ELECTRICAL,uA,1.3582,1036.7468,1036.8113,1036.8534,1035.3886,26.181,1.9408,13.002,-0.0017,0.0368,36.41,35.82,1.3582,1036.7468,1036.8113,1036.8534,1035.3886,50.0,False,NOMINAL,HEALTHY,-21.13,-2.26
DIG_LOT07_COMP1636,LOT_07,DIGITAL_IC,CQFP-64,DIG-SIH-2026,THERMAL_BURN_IN,T07_1636,PROC-ISRO-IISU-01,ATE-STATION-01,CHAMBER-01,1.0,125.0,5.0,168,IDDQ,ELECTRICAL,uA,1.4927,1143.1851,1143.2413,1143.283,1141.6924,24.198,2.2588,13.242,0.0099,-0.0235,34.9,35.45,1.4927,1143.1851,1143.2413,1143.283,1141.6924,50.0,False,NOMINAL,HEALTHY,-4.12,27.14
DIG_LOT07_COMP1637,LOT_07,DIGITAL_IC,CQFP-64,DIG-SIH-2026,THERMAL_BURN_IN,T07_1637,PROC-ISRO-IISU-01,ATE-STATION-01,CHAMBER-01,1.0,125.0,5.0,168,IDDQ,ELECTRICAL,uA,1.286,1005.477,1005.573,1005.6427,1004.191,21.7,2.0335,10.425,0.0014,-0.005,34.02,35.05,1.286,1005.477,1005.573,1005.6427,1004.191,50.0,False,NOMINAL,HEALTHY,-39.65,-0.62
DIG_LOT07_COMP1638,LOT_07,DIGITAL_IC,CQFP-64,DIG-SIH-2026,THERMAL_BURN_IN,T07_1638,PROC-ISRO-IISU-01,ATE-STATION-01,CHAMBER-01,1.0,125.0,5.0,168,IDDQ,ELECTRICAL,uA,1.5561,1186.6807,1186.7557,1186.8813,1185.1246,23.684,2.2294,10.791,-0.0034,0.024,35.01,35.42,1.5561,1186.6807,1186.7557,1186.8813,1185.1246,50.0,False,NOMINAL,HEALTHY,20.17,-11.18
DIG_LOT07_COMP1639,LOT_07,DIGITAL_IC,CQFP-64,DIG-SIH-2026,THERMAL_BURN_IN,T07_1639,PROC-ISRO-IISU-01,ATE-STATION-01,CHAMBER-01,1.0,125.0,5.0,168,IDDQ,ELECTRICAL,uA,1.4406,1085.9815,1086.0327,1086.148,1084.5409,25.643,2.1601,12.229,0.0177,0.0486,36.99,36.78,1.4406,1085.9815,1086.0327,1086.148,1084.5409,50.0,False,NOMINAL,HEALTHY,-2.53,-31.82
DIG_LOT07_COMP1640,LOT_07,DIGITAL_IC,CQFP-64,DIG-SIH-2026,THERMAL_BURN_IN,T07_1640,PROC-ISRO-IISU-01,ATE-STATION-01,CHAMBER-01,1.0,125.0,5.0,168,IDDQ,ELECTRICAL,uA,1.3146,1014.7861,1014.9348,1014.9887,1013.4715,24.048,1.3999,12.245,0.0238,0.0609,34.32,33.47,1.3146,1014.7861,1014.9348,1014.9887,1013.4715,50.0,False,NOMINAL,HEALTHY,9.54,27.29
DIG_LOT07_COMP1641,LOT_07,DIGITAL_IC,CQFP-64,DIG-SIH-2026,THERMAL_BURN_IN,T07_1641,PROC-ISRO-IISU-01,ATE-STATION-01,CHAMBER-01,1.0,125.0,5.0,168,IDDQ,ELECTRICAL,uA,1.3766,1049.4744,1049.5721,1049.6169,1048.0978,25.95,2.15,13.3,0.004,0.0508,33.43,33.84,1.3766,1049.4744,1049.5721,1049.6169,1048.0978,50.0,False,NOMINAL,HEALTHY,35.92,-4.86
DIG_LOT07_COMP1642,LOT_07,DIGITAL_IC,CQFP-64,DIG-SIH-2026,THERMAL_BURN_IN,T07_1642,PROC-ISRO-IISU-01,ATE-STATION-01,CHAMBER-01,1.0,125.0,5.0,168,IDDQ,ELECTRICAL,uA,1.0739,829.3919,829.47,829.4888,828.318,23.365,1.7698,11.361,-0.0055,-0.0281,35.89,35.87,1.0739,829.3919,829.47,829.4888,828.318,50.0,False,NOMINAL,HEALTHY,13.34,48.6
DIG_LOT07_COMP1643,LOT_07,DIGITAL_IC,CQFP-64,DIG-SIH-2026,THERMAL_BURN_IN,T07_1643,PROC-ISRO-IISU-01,ATE-STATION-01,CHAMBER-01,1.0,125.0,5.0,168,IDDQ,ELECTRICAL,uA,1.465,1107.444,1107.5019,1107.6478,1105.979,25.806,1.7822,11.72,0.014,-0.0115,35.42,35.37,1.465,1107.444,1107.5019,1107.6478,1105.979,50.0,False,NOMINAL,HEALTHY,-37.3,8.62
DIG_LOT07_COMP1644,LOT_07,DIGITAL_IC,CQFP-64,DIG-SIH-2026,THERMAL_BURN_IN,T07_1644,PROC-ISRO-IISU-01,ATE-STATION-01,CHAMBER-01,1.0,125.0,5.0,168,IDDQ,ELECTRICAL,uA,1.4501,1101.9306,1102.0284,1102.0734,1100.4805,25.727,2.0171,12.626,-0.0015,0.0324,37.03,36.84,1.4501,1101.9306,1102.0284,1102.0734,1100.4805,50.0,False,NOMINAL,HEALTHY,-26.61,41.4
DIG_LOT07_COMP1645,LOT_07,DIGITAL_IC,CQFP-64,DIG-SIH-2026,THERMAL_BURN_IN,T07_1645,PROC-ISRO-IISU-01,ATE-STATION-01,CHAMBER-01,1.0,125.0,5.0,168,IDDQ,ELECTRICAL,uA,1.4387,1092.2033,1092.2715,1092.3697,1090.7646,24.085,1.5467,13.219,0.0349,0.012,34.55,34.49,1.4387,1092.2033,1092.2715,1092.3697,1090.7646,50.0,False,NOMINAL,HEALTHY,-42.46,26.66
DIG_LOT07_COMP1646,LOT_07,DIGITAL_IC,CQFP-64,DIG-SIH-2026,THERMAL_BURN_IN,T07_1646,PROC-ISRO-IISU-01,ATE-STATION-01,CHAMBER-01,1.0,125.0,5.0,168,IDDQ,ELECTRICAL,uA,1.5811,1212.9206,1213.0676,1213.0704,1211.3395,23.786,2.1158,11.866,0.0096,0.0974,33.57,33.2,1.5811,1212.9206,1213.0676,1213.0704,1211.3395,50.0,False,NOMINAL,HEALTHY,21.09,-2.38
DIG_LOT07_COMP1647,LOT_07,DIGITAL_IC,CQFP-64,DIG-SIH-2026,THERMAL_BURN_IN,T07_1647,PROC-ISRO-IISU-01,ATE-STATION-01,CHAMBER-01,1.0,125.0,5.0,168,IDDQ,ELECTRICAL,uA,1.2227,924.9695,925.0439,925.092,923.7468,22.274,1.4574,13.525,0.0315,-0.0109,35.14,35.65,1.2227,924.9695,925.0439,925.092,923.7468,50.0,False,NOMINAL,HEALTHY,26.8,11.77
DIG_LOT07_COMP1648,LOT_07,DIGITAL_IC,CQFP-64,DIG-SIH-2026,THERMAL_BURN_IN,T07_1648,PROC-ISRO-IISU-01,ATE-STATION-01,CHAMBER-01,1.0,125.0,5.0,168,IDDQ,ELECTRICAL,uA,1.3572,1060.3305,1060.3461,1060.453,1058.9733,25.853,1.755,12.232,-0.0096,0.0406,34.53,34.51,1.3572,1060.3305,1060.3461,1060.453,1058.9733,50.0,False,NOMINAL,HEALTHY,-37.28,6.56
DIG_LOT07_COMP1649,LOT_07,DIGITAL_IC,CQFP-64,DIG-SIH-2026,THERMAL_BURN_IN,T07_1649,PROC-ISRO-IISU-01,ATE-STATION-01,CHAMBER-01,1.0,125.0,5.0,168,IDDQ,ELECTRICAL,uA,1.3927,1077.3801,1077.4685,1077.5416,1075.9874,24.761,2.1544,13.528,-0.0333,-0.1015,34.63,34.92,1.3927,1077.3801,1077.4685,1077.5416,1075.9874,50.0,False,NOMINAL,HEALTHY,-44.4,-11.67
DIG_LOT07_COMP1650,LOT_07,DIGITAL_IC,CQFP-64,DIG-SIH-2026,THERMAL_BURN_IN,T07_1650,PROC-ISRO-IISU-01,ATE-STATION-01,CHAMBER-01,1.0,125.0,5.0,168,IDDQ,ELECTRICAL,uA,1.3131,1013.9049,1014.0086,1014.0337,1012.5918,24.751,1.8663,12.26,-0.0119,0.0091,36.16,37.21,1.3131,1013.9049,1014.0086,1014.0337,1012.5918,50.0,False,NOMINAL,HEALTHY,-41.79,25.73
DIG_LOT07_COMP1651,LOT_07,DIGITAL_IC,CQFP-64,DIG-SIH-2026,THERMAL_BURN_IN,T07_1651,PROC-ISRO-IISU-01,ATE-STATION-01,CHAMBER-01,1.0,125.0,5.0,168,IDDQ,ELECTRICAL,uA,1.246,966.1436,966.2214,966.259,964.8976,26.48,1.5993,12.694,0.0117,-0.0767,34.7,34.04,1.246,966.1436,966.2214,966.259,964.8976,50.0,False,NOMINAL,HEALTHY,33.19,-13.92
DIG_LOT07_COMP1652,LOT_07,DIGITAL_IC,CQFP-64,DIG-SIH-2026,THERMAL_BURN_IN,T07_1652,PROC-ISRO-IISU-01,ATE-STATION-01,CHAMBER-01,1.0,125.0,5.0,168,IDDQ,ELECTRICAL,uA,1.1126,854.9298,855.009,855.0463,853.8172,26.07,1.6058,12.306,-0.0208,0.0187,36.18,35.9,1.1126,854.9298,855.009,855.0463,853.8172,50.0,False,NOMINAL,HEALTHY,27.4,23.18
DIG_LOT07_COMP1653,LOT_07,DIGITAL_IC,CQFP-64,DIG-SIH-2026,THERMAL_BURN_IN,T07_1653,PROC-ISRO-IISU-01,ATE-STATION-01,CHAMBER-01,1.0,125.0,5.0,168,IDDQ,ELECTRICAL,uA,1.5512,1178.8383,1178.9319,1179.0151,1177.2871,26.641,2.1732,12.316,0.0076,0.0103,35.06,35.07,1.5512,1178.8383,1178.9319,1179.0151,1177.2871,50.0,False,NOMINAL,HEALTHY,42.95,-14.64
DIG_LOT07_COMP1654,LOT_07,DIGITAL_IC,CQFP-64,DIG-SIH-2026,THERMAL_BURN_IN,T07_1654,PROC-ISRO-IISU-01,ATE-STATION-01,CHAMBER-01,1.0,125.0,5.0,168,IDDQ,ELECTRICAL,uA,1.3381,1038.8475,1038.9704,1039.0191,1037.5094,26.755,1.9138,12.01,0.0358,0.02,35.16,34.92,1.3381,1038.8475,1038.9704,1039.0191,1037.5094,50.0,False,NOMINAL,HEALTHY,12.48,-11.84
DIG_LOT07_COMP1655,LOT_07,DIGITAL_IC,CQFP-64,DIG-SIH-2026,THERMAL_BURN_IN,T07_1655,PROC-ISRO-IISU-01,ATE-STATION-01,CHAMBER-01,1.0,125.0,5.0,168,IDDQ,ELECTRICAL,uA,1.3621,1042.2727,1042.4007,1042.4214,1040.9106,26.413,2.0086,12.101,0.0011,0.0876,34.96,34.96,1.3621,1042.2727,1042.4007,1042.4214,1040.9106,50.0,False,NOMINAL,HEALTHY,11.31,22.44
DIG_LOT07_COMP1656,LOT_07,DIGITAL_IC,CQFP-64,DIG-SIH-2026,THERMAL_BURN_IN,T07_1656,PROC-ISRO-IISU-01,ATE-STATION-01,CHAMBER-01,1.0,125.0,5.0,168,IDDQ,ELECTRICAL,uA,1.3569,1049.813,1049.8709,1049.8942,1048.4561,23.688,2.3285,13.292,-0.0163,-0.0096,33.51,33.75,1.3569,1049.813,1049.8709,1049.8942,1048.4561,50.0,False,NOMINAL,HEALTHY,9.88,-27.29
DIG_LOT07_COMP1657,LOT_07,DIGITAL_IC,CQFP-64,DIG-SIH-2026,THERMAL_BURN_IN,T07_1657,PROC-ISRO-IISU-01,ATE-STATION-01,CHAMBER-01,1.0,125.0,5.0,168,IDDQ,ELECTRICAL,uA,1.27,994.2345,1002.7372,1152.568,992.9645,23.669,1.3865,12.501,0.0125,-0.0333,34.54,34.66,1.27,994.2345,1002.7372,1152.568,992.9645,50.0,True,THERMAL_RUNAWAY,HEALTHY,-47.56,11.01
DIG_LOT07_COMP1658,LOT_07,DIGITAL_IC,CQFP-64,DIG-SIH-2026,THERMAL_BURN_IN,T07_1658,PROC-ISRO-IISU-01,ATE-STATION-01,CHAMBER-01,1.0,125.0,5.0,168,IDDQ,ELECTRICAL,uA,1.4543,1113.4795,1113.5255,1113.5919,1112.0252,21.874,2.388,12.366,-0.0268,-0.0651,33.84,34.94,1.4543,1113.4795,1113.5255,1113.5919,1112.0252,50.0,False,NOMINAL,HEALTHY,22.13,2.31
DIG_LOT07_COMP1659,LOT_07,DIGITAL_IC,CQFP-64,DIG-SIH-2026,THERMAL_BURN_IN,T07_1659,PROC-ISRO-IISU-01,ATE-STATION-01,CHAMBER-01,1.0,125.0,5.0,168,IDDQ,ELECTRICAL,uA,1.3936,1056.8175,1056.8927,1056.9155,1055.4239,25.449,1.9043,13.467,-0.0136,-0.0808,33.3,33.7,1.3936,1056.8175,1056.8927,1056.9155,1055.4239,50.0,False,NOMINAL,HEALTHY,22.55,-12.76
DIG_LOT07_COMP1660,LOT_07,DIGITAL_IC,CQFP-64,DIG-SIH-2026,THERMAL_BURN_IN,T07_1660,PROC-ISRO-IISU-01,ATE-STATION-01,CHAMBER-01,1.0,125.0,5.0,168,IDDQ,ELECTRICAL,uA,1.6483,1279.2777,1279.3299,1279.4181,1277.6294,26.162,2.6552,13.755,0.0149,-0.1222,34.61,34.76,1.6483,1279.2777,1279.3299,1279.4181,1277.6294,50.0,False,NOMINAL,HEALTHY,-7.28,49.19
DIG_LOT07_COMP1661,LOT_07,DIGITAL_IC,CQFP-64,DIG-SIH-2026,THERMAL_BURN_IN,T07_1661,PROC-ISRO-IISU-01,ATE-STATION-01,CHAMBER-01,1.0,125.0,5.0,168,IDDQ,ELECTRICAL,uA,1.3394,1018.2812,1018.38,1018.4059,1016.9418,24.947,1.8594,13.128,-0.0033,0.0613,34.59,34.12,1.3394,1018.2812,1018.38,1018.4059,1016.9418,50.0,False,NOMINAL,HEALTHY,-8.81,-6.92
DIG_LOT07_COMP1662,LOT_07,DIGITAL_IC,CQFP-64,DIG-SIH-2026,THERMAL_BURN_IN,T07_1662,PROC-ISRO-IISU-01,ATE-STATION-01,CHAMBER-01,1.0,125.0,5.0,168,IDDQ,ELECTRICAL,uA,1.4974,1162.6768,1162.7748,1162.8659,1161.1794,25.774,1.7686,11.38,0.0015,0.051,34.53,34.87,1.4974,1162.6768,1162.7748,1162.8659,1161.1794,50.0,False,NOMINAL,HEALTHY,-20.04,-49.7
DIG_LOT07_COMP1663,LOT_07,DIGITAL_IC,CQFP-64,DIG-SIH-2026,THERMAL_BURN_IN,T07_1663,PROC-ISRO-IISU-01,ATE-STATION-01,CHAMBER-01,1.0,125.0,5.0,168,IDDQ,ELECTRICAL,uA,1.2614,969.5512,969.6213,969.7198,968.2898,25.802,2.2727,13.744,0.0242,0.0724,35.01,35.01,1.2614,969.5512,969.6213,969.7198,968.2898,50.0,False,NOMINAL,HEALTHY,-48.71,-34.82
DIG_LOT07_COMP1664,LOT_07,DIGITAL_IC,CQFP-64,DIG-SIH-2026,THERMAL_BURN_IN,T07_1664,PROC-ISRO-IISU-01,ATE-STATION-01,CHAMBER-01,1.0,125.0,5.0,168,IDDQ,ELECTRICAL,uA,1.4982,1144.9063,1144.9754,1145.0351,1143.4081,25.318,2.4703,13.291,0.0103,0.0077,38.09,37.84,1.4982,1144.9063,1144.9754,1145.0351,1143.4081,50.0,False,NOMINAL,HEALTHY,27.75,-49.4
DIG_LOT07_COMP1665,LOT_07,DIGITAL_IC,CQFP-64,DIG-SIH-2026,THERMAL_BURN_IN,T07_1665,PROC-ISRO-IISU-01,ATE-STATION-01,CHAMBER-01,1.0,125.0,5.0,168,IDDQ,ELECTRICAL,uA,1.093,843.8347,843.9017,843.9422,842.7417,26.727,2.4277,12.317,0.0101,0.0673,34.44,33.42,1.093,843.8347,843.9017,843.9422,842.7417,50.0,False,NOMINAL,HEALTHY,-1.06,-4.88
DIG_LOT07_COMP1666,LOT_07,DIGITAL_IC,CQFP-64,DIG-SIH-2026,THERMAL_BURN_IN,T07_1666,PROC-ISRO-IISU-01,ATE-STATION-01,CHAMBER-01,1.0,125.0,5.0,168,IDDQ,ELECTRICAL,uA,1.4813,1157.5938,1157.6441,1157.7993,1156.1125,25.924,2.0013,12.523,-0.0034,0.0069,34.49,34.42,1.4813,1157.5938,1157.6441,1157.7993,1156.1125,50.0,False,NOMINAL,HEALTHY,3.78,-28.8
DIG_LOT07_COMP1667,LOT_07,DIGITAL_IC,CQFP-64,DIG-SIH-2026,THERMAL_BURN_IN,T07_1667,PROC-ISRO-IISU-01,ATE-STATION-01,CHAMBER-01,1.0,125.0,5.0,168,IDDQ,ELECTRICAL,uA,1.3698,1051.1069,1051.1628,1051.164,1049.7371,24.784,1.8443,13.114,-0.0075,-0.0548,34.84,34.26,1.3698,1051.1069,1051.1628,1051.164,1049.7371,50.0,False,NOMINAL,HEALTHY,46.95,43.48
DIG_LOT07_COMP1668,LOT_07,DIGITAL_IC,CQFP-64,DIG-SIH-2026,THERMAL_BURN_IN,T07_1668,PROC-ISRO-IISU-01,ATE-STATION-01,CHAMBER-01,1.0,125.0,5.0,168,IDDQ,ELECTRICAL,uA,1.2201,956.3896,956.4794,956.4825,955.1695,26.554,1.7797,13.63,0.0506,0.0006,35.69,35.78,1.2201,956.3896,956.4794,956.4825,955.1695,50.0,False,NOMINAL,HEALTHY,-41.55,-3.07
DIG_LOT07_COMP1669,LOT_07,DIGITAL_IC,CQFP-64,DIG-SIH-2026,THERMAL_BURN_IN,T07_1669,PROC-ISRO-IISU-01,ATE-STATION-01,CHAMBER-01,1.0,125.0,5.0,168,IDDQ,ELECTRICAL,uA,1.7323,1337.203,1337.3085,1337.4467,1335.4707,25.672,2.0458,13.423,0.0143,-0.0048,33.83,34.12,1.7323,1337.203,1337.3085,1337.4467,1335.4707,50.0,False,NOMINAL,HEALTHY,-48.54,20.55
DIG_LOT07_COMP1670,LOT_07,DIGITAL_IC,CQFP-64,DIG-SIH-2026,THERMAL_BURN_IN,T07_1670,PROC-ISRO-IISU-01,ATE-STATION-01,CHAMBER-01,1.0,125.0,5.0,168,IDDQ,ELECTRICAL,uA,1.2618,959.0331,959.117,959.0997,957.7713,25.912,2.0149,13.023,0.0153,-0.0107,36.99,36.84,1.2618,959.0331,959.117,959.0997,957.7713,50.0,False,NOMINAL,HEALTHY,-19.55,-20.42
DIG_LOT07_COMP1671,LOT_07,DIGITAL_IC,CQFP-64,DIG-SIH-2026,THERMAL_BURN_IN,T07_1671,PROC-ISRO-IISU-01,ATE-STATION-01,CHAMBER-01,1.0,125.0,5.0,168,IDDQ,ELECTRICAL,uA,1.1768,888.1412,888.2119,888.3065,886.9644,25.488,1.7305,12.443,-0.0191,0.1078,35.94,35.86,1.1768,888.1412,888.2119,888.3065,886.9644,50.0,False,NOMINAL,HEALTHY,-12.96,-34.5
DIG_LOT07_COMP1672,LOT_07,DIGITAL_IC,CQFP-64,DIG-SIH-2026,THERMAL_BURN_IN,T07_1672,PROC-ISRO-IISU-01,ATE-STATION-01,CHAMBER-01,1.0,125.0,5.0,168,IDDQ,ELECTRICAL,uA,1.1256,869.0208,869.1024,869.0493,867.8952,27.465,1.9706,10.937,-0.0257,0.0327,35.75,35.7,1.1256,869.0208,869.1024,869.0493,867.8952,50.0,False,NOMINAL,HEALTHY,4.75,-43.49
DIG_LOT07_COMP1673,LOT_07,DIGITAL_IC,CQFP-64,DIG-SIH-2026,THERMAL_BURN_IN,T07_1673,PROC-ISRO-IISU-01,ATE-STATION-01,CHAMBER-01,1.0,125.0,5.0,168,IDDQ,ELECTRICAL,uA,1.2662,971.7573,971.8037,971.7933,970.4911,27.176,1.5967,10.951,0.0017,0.0106,34.88,34.48,1.2662,971.7573,971.8037,971.7933,970.4911,50.0,False,NOMINAL,HEALTHY,2.04,28.65
DIG_LOT07_COMP1674,LOT_07,DIGITAL_IC,CQFP-64,DIG-SIH-2026,THERMAL_BURN_IN,T07_1674,PROC-ISRO-IISU-01,ATE-STATION-01,CHAMBER-01,1.0,125.0,5.0,168,IDDQ,ELECTRICAL,uA,1.256,959.9952,960.1017,960.0869,958.7392,23.43,1.6995,11.621,0.0231,0.0645,36.3,35.12,1.256,959.9952,960.1017,960.0869,958.7392,50.0,False,NOMINAL,HEALTHY,45.17,-16.54
DIG_LOT07_COMP1675,LOT_07,DIGITAL_IC,CQFP-64,DIG-SIH-2026,THERMAL_BURN_IN,T07_1675,PROC-ISRO-IISU-01,ATE-STATION-01,CHAMBER-01,1.0,125.0,5.0,168,IDDQ,ELECTRICAL,uA,1.5812,1204.5264,1204.6582,1204.7195,1202.9452,24.572,1.9858,12.534,0.0033,-0.0484,35.4,35.72,1.5812,1204.5264,1204.6582,1204.7195,1202.9452,50.0,False,NOMINAL,HEALTHY,-30.06,-8.74
DIG_LOT07_COMP1676,LOT_07,DIGITAL_IC,CQFP-64,DIG-SIH-2026,THERMAL_BURN_IN,T07_1676,PROC-ISRO-IISU-01,ATE-STATION-01,CHAMBER-01,1.0,125.0,5.0,168,IDDQ,ELECTRICAL,uA,5.9244,4572.1345,4572.4148,4572.5203,4566.2101,23.906,1.6855,12.845,0.0032,-0.0154,34.23,34.37,5.9244,4572.1345,4572.4148,4572.5203,4566.2101,50.0,True,SPATIAL_OUTLIER,HEALTHY,12.68,43.02
DIG_LOT07_COMP1677,LOT_07,DIGITAL_IC,CQFP-64,DIG-SIH-2026,THERMAL_BURN_IN,T07_1677,PROC-ISRO-IISU-01,ATE-STATION-01,CHAMBER-01,1.0,125.0,5.0,168,IDDQ,ELECTRICAL,uA,1.5102,1160.6876,1160.8,1160.8492,1159.1774,26.108,1.9897,12.054,0.0214,0.022,37.03,37.52,1.5102,1160.6876,1160.8,1160.8492,1159.1774,50.0,False,NOMINAL,HEALTHY,38.92,40.19
DIG_LOT07_COMP1678,LOT_07,DIGITAL_IC,CQFP-64,DIG-SIH-2026,THERMAL_BURN_IN,T07_1678,PROC-ISRO-IISU-01,ATE-STATION-01,CHAMBER-01,1.0,125.0,5.0,168,IDDQ,ELECTRICAL,uA,1.2142,935.995,936.0625,936.0874,934.7808,26.62,2.8569,12.273,0.0353,0.08,35.32,35.11,1.2142,935.995,936.0625,936.0874,934.7808,50.0,False,NOMINAL,HEALTHY,41.25,25.29
DIG_LOT07_COMP1679,LOT_07,DIGITAL_IC,CQFP-64,DIG-SIH-2026,THERMAL_BURN_IN,T07_1679,PROC-ISRO-IISU-01,ATE-STATION-01,CHAMBER-01,1.0,125.0,5.0,168,IDDQ,ELECTRICAL,uA,1.165,933.026,933.1054,933.1245,931.861,27.111,1.8691,13.695,0.0028,0.0502,35.34,35.23,1.165,933.026,933.1054,933.1245,931.861,50.0,False,NOMINAL,HEALTHY,31.29,46.77
DIG_LOT07_COMP1680,LOT_07,DIGITAL_IC,CQFP-64,DIG-SIH-2026,THERMAL_BURN_IN,T07_1680,PROC-ISRO-IISU-01,ATE-STATION-01,CHAMBER-01,1.0,125.0,5.0,168,IDDQ,ELECTRICAL,uA,1.4023,1101.2854,1101.3662,1101.4154,1099.8831,24.401,1.2419,11.068,-0.007,-0.0142,35.8,34.91,1.4023,1101.2854,1101.3662,1101.4154,1099.8831,50.0,False,NOMINAL,HEALTHY,-39.76,36.58
DIG_LOT07_COMP1681,LOT_07,DIGITAL_IC,CQFP-64,DIG-SIH-2026,THERMAL_BURN_IN,T07_1681,PROC-ISRO-IISU-01,ATE-STATION-01,CHAMBER-01,1.0,125.0,5.0,168,IDDQ,ELECTRICAL,uA,1.3066,991.6435,991.7149,991.7367,990.3369,24.014,2.0474,13.294,-0.0142,-0.0837,36.66,35.29,1.3066,991.6435,991.7149,991.7367,990.3369,50.0,False,NOMINAL,HEALTHY,9.09,-1.56
DIG_LOT07_COMP1682,LOT_07,DIGITAL_IC,CQFP-64,DIG-SIH-2026,THERMAL_BURN_IN,T07_1682,PROC-ISRO-IISU-01,ATE-STATION-01,CHAMBER-01,1.0,125.0,5.0,168,IDDQ,ELECTRICAL,uA,1.1262,870.7368,870.797,870.8743,869.6106,25.275,2.1296,11.664,0.0083,0.0584,33.76,33.79,1.1262,870.7368,870.797,870.8743,869.6106,50.0,False,NOMINAL,HEALTHY,-39.3,-39.46
DIG_LOT07_COMP1683,LOT_07,DIGITAL_IC,CQFP-64,DIG-SIH-2026,THERMAL_BURN_IN,T07_1683,PROC-ISRO-IISU-01,ATE-STATION-01,CHAMBER-01,1.0,125.0,5.0,168,IDDQ,ELECTRICAL,uA,1.3046,1021.3606,1021.4704,1021.4829,1020.056,26.71,1.3547,13.422,-0.0036,-0.0651,35.31,35.38,1.3046,1021.3606,1021.4704,1021.4829,1020.056,50.0,False,NOMINAL,HEALTHY,39.32,-20.15
DIG_LOT07_COMP1684,LOT_07,DIGITAL_IC,CQFP-64,DIG-SIH-2026,THERMAL_BURN_IN,T07_1684,PROC-ISRO-IISU-01,ATE-STATION-01,CHAMBER-01,1.0,125.0,5.0,168,IDDQ,ELECTRICAL,uA,1.4499,1115.5591,1115.6672,1115.6811,1114.1092,23.266,2.4754,12.795,-0.0341,-0.0455,35.24,35.99,1.4499,1115.5591,1115.6672,1115.6811,1114.1092,50.0,False,NOMINAL,HEALTHY,27.07,-29.26
DIG_LOT07_COMP1685,LOT_07,DIGITAL_IC,CQFP-64,DIG-SIH-2026,THERMAL_BURN_IN,T07_1685,PROC-ISRO-IISU-01,ATE-STATION-01,CHAMBER-01,1.0,125.0,5.0,168,IDDQ,ELECTRICAL,uA,1.38,1062.1555,1062.2281,1062.2392,1060.7755,25.116,1.8804,11.586,0.0059,0.0214,35.6,34.64,1.38,1062.1555,1062.2281,1062.2392,1060.7755,50.0,False,NOMINAL,HEALTHY,20.06,-29.11
DIG_LOT07_COMP1686,LOT_07,DIGITAL_IC,CQFP-64,DIG-SIH-2026,THERMAL_BURN_IN,T07_1686,PROC-ISRO-IISU-01,ATE-STATION-01,CHAMBER-01,1.0,125.0,5.0,168,IDDQ,ELECTRICAL,uA,5.7323,4435.8495,4436.1018,4436.2592,4430.1172,21.854,1.4649,13.12,0.0298,0.122,35.13,35.55,5.7323,4435.8495,4436.1018,4436.2592,4430.1172,50.0,True,SPATIAL_OUTLIER,HEALTHY,1.42,-17.16
DIG_LOT07_COMP1687,LOT_07,DIGITAL_IC,CQFP-64,DIG-SIH-2026,THERMAL_BURN_IN,T07_1687,PROC-ISRO-IISU-01,ATE-STATION-01,CHAMBER-01,1.0,125.0,5.0,168,IDDQ,ELECTRICAL,uA,1.3115,1004.1876,1004.2411,1004.303,1002.8761,25.195,2.1121,11.415,0.0184,0.0408,34.57,35.34,1.3115,1004.1876,1004.2411,1004.303,1002.8761,50.0,False,NOMINAL,HEALTHY,-15.56,-0.03
DIG_LOT07_COMP1688,LOT_07,DIGITAL_IC,CQFP-64,DIG-SIH-2026,THERMAL_BURN_IN,T07_1688,PROC-ISRO-IISU-01,ATE-STATION-01,CHAMBER-01,1.0,125.0,5.0,168,IDDQ,ELECTRICAL,uA,1.3431,1043.24,1043.3043,1043.3207,1041.8969,26.751,1.7505,12.317,-0.0013,-0.0081,33.11,32.8,1.3431,1043.24,1043.3043,1043.3207,1041.8969,50.0,False,NOMINAL,HEALTHY,-39.42,11.29
DIG_LOT07_COMP1689,LOT_07,DIGITAL_IC,CQFP-64,DIG-SIH-2026,THERMAL_BURN_IN,T07_1689,PROC-ISRO-IISU-01,ATE-STATION-01,CHAMBER-01,1.0,125.0,5.0,168,IDDQ,ELECTRICAL,uA,1.3691,1054.4513,1054.4963,1054.5676,1053.0822,24.336,2.3451,12.216,0.0183,-0.0258,34.3,33.67,1.3691,1054.4513,1054.4963,1054.5676,1053.0822,50.0,False,NOMINAL,HEALTHY,25.24,9.67
DIG_LOT07_COMP1690,LOT_07,DIGITAL_IC,CQFP-64,DIG-SIH-2026,THERMAL_BURN_IN,T07_1690,PROC-ISRO-IISU-01,ATE-STATION-01,CHAMBER-01,1.0,125.0,5.0,168,IDDQ,ELECTRICAL,uA,1.6658,1294.6155,1294.7537,1294.7551,1292.9497,23.825,1.6859,12.764,-0.0015,0.0908,34.82,34.95,1.6658,1294.6155,1294.7537,1294.7551,1292.9497,50.0,False,NOMINAL,HEALTHY,45.18,27.68
DIG_LOT07_COMP1691,LOT_07,DIGITAL_IC,CQFP-64,DIG-SIH-2026,THERMAL_BURN_IN,T07_1691,PROC-ISRO-IISU-01,ATE-STATION-01,CHAMBER-01,1.0,125.0,5.0,168,IDDQ,ELECTRICAL,uA,1.4658,1122.356,1122.4748,1122.5008,1120.8902,26.977,2.0822,13.451,0.0107,0.1048,37.47,37.07,1.4658,1122.356,1122.4748,1122.5008,1120.8902,50.0,False,NOMINAL,HEALTHY,-34.0,34.55
DIG_LOT07_COMP1692,LOT_07,DIGITAL_IC,CQFP-64,DIG-SIH-2026,THERMAL_BURN_IN,T07_1692,PROC-ISRO-IISU-01,ATE-STATION-01,CHAMBER-01,1.0,125.0,5.0,168,IDDQ,ELECTRICAL,uA,1.2788,985.2498,985.2902,985.4049,983.971,23.817,1.8771,11.896,0.0057,0.1315,34.52,34.51,1.2788,985.2498,985.2902,985.4049,983.971,50.0,False,NOMINAL,HEALTHY,-0.07,20.46
DIG_LOT07_COMP1693,LOT_07,DIGITAL_IC,CQFP-64,DIG-SIH-2026,THERMAL_BURN_IN,T07_1693,PROC-ISRO-IISU-01,ATE-STATION-01,CHAMBER-01,1.0,125.0,5.0,168,IDDQ,ELECTRICAL,uA,1.265,962.7985,962.8653,962.9283,961.5335,26.194,1.7766,12.551,0.0171,0.0695,33.95,33.68,1.265,962.7985,962.8653,962.9283,961.5335,50.0,False,NOMINAL,HEALTHY,-6.73,46.76
DIG_LOT07_COMP1694,LOT_07,DIGITAL_IC,CQFP-64,DIG-SIH-2026,THERMAL_BURN_IN,T07_1694,PROC-ISRO-IISU-01,ATE-STATION-01,CHAMBER-01,1.0,125.0,5.0,168,IDDQ,ELECTRICAL,uA,1.3713,1068.0975,1068.1882,1068.2564,1066.7262,26.511,2.1471,10.747,-0.0102,-0.0111,35.1,34.6,1.3713,1068.0975,1068.1882,1068.2564,1066.7262,50.0,False,NOMINAL,HEALTHY,49.8,-37.4
DIG_LOT07_COMP1695,LOT_07,DIGITAL_IC,CQFP-64,DIG-SIH-2026,THERMAL_BURN_IN,T07_1695,PROC-ISRO-IISU-01,ATE-STATION-01,CHAMBER-01,1.0,125.0,5.0,168,IDDQ,ELECTRICAL,uA,1.3588,1053.9344,1053.9834,1054.0869,1052.5756,25.147,2.1223,14.116,-0.0193,0.0793,34.31,33.74,1.3588,1053.9344,1053.9834,1054.0869,1052.5756,50.0,False,NOMINAL,HEALTHY,-6.77,39.18
DIG_LOT07_COMP1696,LOT_07,DIGITAL_IC,CQFP-64,DIG-SIH-2026,THERMAL_BURN_IN,T07_1696,PROC-ISRO-IISU-01,ATE-STATION-01,CHAMBER-01,1.0,125.0,5.0,168,IDDQ,ELECTRICAL,uA,1.2962,980.4886,980.5343,980.5488,979.1924,23.217,2.2086,11.709,0.0108,0.0197,34.23,34.37,1.2962,980.4886,980.5343,980.5488,979.1924,50.0,False,NOMINAL,HEALTHY,35.05,5.82
DIG_LOT07_COMP1697,LOT_07,DIGITAL_IC,CQFP-64,DIG-SIH-2026,THERMAL_BURN_IN,T07_1697,PROC-ISRO-IISU-01,ATE-STATION-01,CHAMBER-01,1.0,125.0,5.0,168,IDDQ,ELECTRICAL,uA,1.1236,856.143,856.2158,856.2833,855.0194,25.766,2.2499,11.924,0.0262,-0.0882,33.3,32.01,1.1236,856.143,856.2158,856.2833,855.0194,50.0,False,NOMINAL,HEALTHY,-39.39,-49.13
DIG_LOT07_COMP1698,LOT_07,DIGITAL_IC,CQFP-64,DIG-SIH-2026,THERMAL_BURN_IN,T07_1698,PROC-ISRO-IISU-01,ATE-STATION-01,CHAMBER-01,1.0,125.0,5.0,168,IDDQ,ELECTRICAL,uA,1.2919,997.9441,997.9706,998.0698,996.6522,25.997,2.1113,12.773,-0.0111,-0.0158,33.47,33.51,1.2919,997.9441,997.9706,998.0698,996.6522,50.0,False,NOMINAL,HEALTHY,-6.36,-1.48
DIG_LOT07_COMP1699,LOT_07,DIGITAL_IC,CQFP-64,DIG-SIH-2026,THERMAL_BURN_IN,T07_1699,PROC-ISRO-IISU-01,ATE-STATION-01,CHAMBER-01,1.0,125.0,5.0,168,IDDQ,ELECTRICAL,uA,1.2727,972.9805,973.0315,973.1039,971.7078,26.974,2.1888,12.412,0.0323,-0.0992,37.23,37.41,1.2727,972.9805,973.0315,973.1039,971.7078,50.0,False,NOMINAL,HEALTHY,-19.1,42.34
DIG_LOT07_COMP1700,LOT_07,DIGITAL_IC,CQFP-64,DIG-SIH-2026,THERMAL_BURN_IN,T07_1700,PROC-ISRO-IISU-01,ATE-STATION-01,CHAMBER-01,1.0,125.0,5.0,168,IDDQ,ELECTRICAL,uA,1.4747,1135.4677,1135.548,1135.5516,1133.993,24.366,1.4306,13.383,-0.0302,-0.048,33.72,33.14,1.4747,1135.4677,1135.548,1135.5516,1133.993,50.0,False,NOMINAL,HEALTHY,-15.79,7.06
DIG_LOT07_COMP1701,LOT_07,DIGITAL_IC,CQFP-64,DIG-SIH-2026,THERMAL_BURN_IN,T07_1701,PROC-ISRO-IISU-01,ATE-STATION-01,CHAMBER-01,1.0,125.0,5.0,168,IDDQ,ELECTRICAL,uA,1.1639,895.1188,895.178,895.255,893.9549,25.948,2.0496,12.177,0.0102,0.0106,34.43,34.79,1.1639,895.1188,895.178,895.255,893.9549,50.0,False,NOMINAL,HEALTHY,-31.88,-9.71
DIG_LOT07_COMP1702,LOT_07,DIGITAL_IC,CQFP-64,DIG-SIH-2026,THERMAL_BURN_IN,T07_1702,PROC-ISRO-IISU-01,ATE-STATION-01,CHAMBER-01,1.0,125.0,5.0,168,IDDQ,ELECTRICAL,uA,1.373,1067.1362,1067.2263,1067.2777,1065.7632,27.337,2.0285,11.363,-0.0328,-0.0785,32.85,33.56,1.373,1067.1362,1067.2263,1067.2777,1065.7632,50.0,False,NOMINAL,HEALTHY,39.1,29.67
DIG_LOT07_COMP1703,LOT_07,DIGITAL_IC,CQFP-64,DIG-SIH-2026,THERMAL_BURN_IN,T07_1703,PROC-ISRO-IISU-01,ATE-STATION-01,CHAMBER-01,1.0,125.0,5.0,168,IDDQ,ELECTRICAL,uA,1.4723,1139.1021,1139.1583,1139.2306,1137.6298,24.886,2.1055,11.584,-0.0118,-0.0269,36.51,36.04,1.4723,1139.1021,1139.1583,1139.2306,1137.6298,50.0,False,NOMINAL,HEALTHY,-16.66,41.81
DIG_LOT07_COMP1704,LOT_07,DIGITAL_IC,CQFP-64,DIG-SIH-2026,THERMAL_BURN_IN,T07_1704,PROC-ISRO-IISU-01,ATE-STATION-01,CHAMBER-01,1.0,125.0,5.0,168,IDDQ,ELECTRICAL,uA,1.3936,1093.0127,1093.151,1093.1571,1091.6191,25.357,1.9928,10.813,0.021,0.0105,35.6,34.92,1.3936,1093.0127,1093.151,1093.1571,1091.6191,50.0,False,NOMINAL,HEALTHY,-20.36,44.33
DIG_LOT07_COMP1705,LOT_07,DIGITAL_IC,CQFP-64,DIG-SIH-2026,THERMAL_BURN_IN,T07_1705,PROC-ISRO-IISU-01,ATE-STATION-01,CHAMBER-01,1.0,125.0,5.0,168,IDDQ,ELECTRICAL,uA,1.3081,1025.0815,1025.1778,1025.2471,1023.7734,24.521,2.2914,12.521,0.0114,-0.0055,36.56,36.41,1.3081,1025.0815,1025.1778,1025.2471,1023.7734,50.0,False,NOMINAL,HEALTHY,29.7,-15.97
DIG_LOT07_COMP1706,LOT_07,DIGITAL_IC,CQFP-64,DIG-SIH-2026,THERMAL_BURN_IN,T07_1706,PROC-ISRO-IISU-01,ATE-STATION-01,CHAMBER-01,1.0,125.0,5.0,168,IDDQ,ELECTRICAL,uA,1.3625,1040.7752,1040.897,1040.9599,1039.4127,24.915,2.3599,12.613,0.0108,0.0485,34.64,34.85,1.3625,1040.7752,1040.897,1040.9599,1039.4127,50.0,False,NOMINAL,HEALTHY,36.85,-15.94
DIG_LOT07_COMP1707,LOT_07,DIGITAL_IC,CQFP-64,DIG-SIH-2026,THERMAL_BURN_IN,T07_1707,PROC-ISRO-IISU-01,ATE-STATION-01,CHAMBER-01,1.0,125.0,5.0,168,IDDQ,ELECTRICAL,uA,1.1581,907.2575,907.3897,907.3125,906.0994,25.967,1.8184,13.628,0.0086,-0.0841,34.9,34.83,1.1581,907.2575,907.3897,907.3125,906.0994,50.0,False,NOMINAL,HEALTHY,-19.48,-40.05
DIG_LOT07_COMP1708,LOT_07,DIGITAL_IC,CQFP-64,DIG-SIH-2026,THERMAL_BURN_IN,T07_1708,PROC-ISRO-IISU-01,ATE-STATION-01,CHAMBER-01,1.0,125.0,5.0,168,IDDQ,ELECTRICAL,uA,1.2759,1002.0007,1002.0695,1002.0909,1000.7248,25.991,1.8259,12.216,-0.0481,-0.1004,34.68,34.25,1.2759,1002.0007,1002.0695,1002.0909,1000.7248,50.0,False,NOMINAL,HEALTHY,29.51,-41.06
DIG_LOT07_COMP1709,LOT_07,DIGITAL_IC,CQFP-64,DIG-SIH-2026,THERMAL_BURN_IN,T07_1709,PROC-ISRO-IISU-01,ATE-STATION-01,CHAMBER-01,1.0,125.0,5.0,168,IDDQ,ELECTRICAL,uA,1.2247,926.3485,926.4154,926.415,925.1238,25.669,1.6302,13.022,-0.0062,-0.0438,33.77,33.93,1.2247,926.3485,926.4154,926.415,925.1238,50.0,False,NOMINAL,HEALTHY,-37.98,2.65
DIG_LOT07_COMP1710,LOT_07,DIGITAL_IC,CQFP-64,DIG-SIH-2026,THERMAL_BURN_IN,T07_1710,PROC-ISRO-IISU-01,ATE-STATION-01,CHAMBER-01,1.0,125.0,5.0,168,IDDQ,ELECTRICAL,uA,1.6224,1244.225,1244.358,1244.4584,1242.6026,24.156,2.46,12.048,0.0031,0.0423,34.61,34.39,1.6224,1244.225,1244.358,1244.4584,1242.6026,50.0,False,NOMINAL,HEALTHY,-48.62,-47.31
DIG_LOT07_COMP1711,LOT_07,DIGITAL_IC,CQFP-64,DIG-SIH-2026,THERMAL_BURN_IN,T07_1711,PROC-ISRO-IISU-01,ATE-STATION-01,CHAMBER-01,1.0,125.0,5.0,168,IDDQ,ELECTRICAL,uA,1.1278,887.0159,887.0967,887.1238,885.8881,24.847,2.0275,12.145,0.0011,0.0059,35.73,35.84,1.1278,887.0159,887.0967,887.1238,885.8881,50.0,False,NOMINAL,HEALTHY,32.06,23.9
DIG_LOT07_COMP1712,LOT_07,DIGITAL_IC,CQFP-64,DIG-SIH-2026,THERMAL_BURN_IN,T07_1712,PROC-ISRO-IISU-01,ATE-STATION-01,CHAMBER-01,1.0,125.0,5.0,168,IDDQ,ELECTRICAL,uA,1.2321,976.2943,976.4094,976.3991,975.0622,25.93,1.9098,12.977,0.0219,-0.042,35.83,35.36,1.2321,976.2943,976.4094,976.3991,975.0622,50.0,False,NOMINAL,HEALTHY,-15.01,-43.18
DIG_LOT07_COMP1713,LOT_07,DIGITAL_IC,CQFP-64,DIG-SIH-2026,THERMAL_BURN_IN,T07_1713,PROC-ISRO-IISU-01,ATE-STATION-01,CHAMBER-01,1.0,125.0,5.0,168,IDDQ,ELECTRICAL,uA,1.366,1045.2489,1045.3591,1045.4135,1043.8829,23.178,1.3192,12.341,0.006,-0.0292,34.04,33.87,1.366,1045.2489,1045.3591,1045.4135,1043.8829,50.0,False,NOMINAL,HEALTHY,36.8,-6.06
DIG_LOT07_COMP1714,LOT_07,DIGITAL_IC,CQFP-64,DIG-SIH-2026,THERMAL_BURN_IN,T07_1714,PROC-ISRO-IISU-01,ATE-STATION-01,CHAMBER-01,1.0,125.0,5.0,168,IDDQ,ELECTRICAL,uA,1.163,890.5508,890.6683,890.659,889.3878,26.815,1.5091,13.731,0.0507,0.1551,33.36,33.09,1.163,890.5508,890.6683,890.659,889.3878,50.0,False,NOMINAL,HEALTHY,22.6,5.2
DIG_LOT07_COMP1715,LOT_07,DIGITAL_IC,CQFP-64,DIG-SIH-2026,THERMAL_BURN_IN,T07_1715,PROC-ISRO-IISU-01,ATE-STATION-01,CHAMBER-01,1.0,125.0,5.0,168,IDDQ,ELECTRICAL,uA,1.236,946.4959,946.5894,946.6284,945.2599,27.663,2.0359,13.063,0.0105,-0.0401,34.48,33.59,1.236,946.4959,946.5894,946.6284,945.2599,50.0,False,NOMINAL,HEALTHY,-24.72,-34.31
DIG_LOT07_COMP1716,LOT_07,DIGITAL_IC,CQFP-64,DIG-SIH-2026,THERMAL_BURN_IN,T07_1716,PROC-ISRO-IISU-01,ATE-STATION-01,CHAMBER-01,1.0,125.0,5.0,168,IDDQ,ELECTRICAL,uA,1.138,880.4368,880.5034,880.6003,879.2988,25.782,2.013,14.035,0.0246,0.0495,34.57,35.33,1.138,880.4368,880.5034,880.6003,879.2988,50.0,False,NOMINAL,HEALTHY,33.75,-40.91
DIG_LOT07_COMP1717,LOT_07,DIGITAL_IC,CQFP-64,DIG-SIH-2026,THERMAL_BURN_IN,T07_1717,PROC-ISRO-IISU-01,ATE-STATION-01,CHAMBER-01,1.0,125.0,5.0,168,IDDQ,ELECTRICAL,uA,1.3317,1029.102,1029.1827,1029.2416,1027.7703,23.117,2.4373,11.435,-0.0194,0.0559,35.45,34.54,1.3317,1029.102,1029.1827,1029.2416,1027.7703,50.0,False,NOMINAL,HEALTHY,35.93,-47.41
DIG_LOT07_COMP1718,LOT_07,DIGITAL_IC,CQFP-64,DIG-SIH-2026,THERMAL_BURN_IN,T07_1718,PROC-ISRO-IISU-01,ATE-STATION-01,CHAMBER-01,1.0,125.0,5.0,168,IDDQ,ELECTRICAL,uA,1.2249,938.6202,938.6757,938.6963,937.3953,25.339,2.4199,12.75,-0.0042,0.0354,34.88,35.39,1.2249,938.6202,938.6757,938.6963,937.3953,50.0,False,NOMINAL,HEALTHY,-7.45,16.67
DIG_LOT07_COMP1719,LOT_07,DIGITAL_IC,CQFP-64,DIG-SIH-2026,THERMAL_BURN_IN,T07_1719,PROC-ISRO-IISU-01,ATE-STATION-01,CHAMBER-01,1.0,125.0,5.0,168,IDDQ,ELECTRICAL,uA,1.506,1157.147,1157.2654,1157.2337,1155.641,24.127,2.44,11.968,-0.0161,0.0111,35.2,35.87,1.506,1157.147,1157.2654,1157.2337,1155.641,50.0,False,NOMINAL,HEALTHY,1.46,-44.61
DIG_LOT07_COMP1720,LOT_07,DIGITAL_IC,CQFP-64,DIG-SIH-2026,THERMAL_BURN_IN,T07_1720,PROC-ISRO-IISU-01,ATE-STATION-01,CHAMBER-01,1.0,125.0,5.0,168,IDDQ,ELECTRICAL,uA,1.2664,963.4708,963.5765,963.5922,962.2044,23.84,2.2521,13.536,-0.0105,-0.0058,34.76,34.17,1.2664,963.4708,963.5765,963.5922,962.2044,50.0,False,NOMINAL,HEALTHY,15.19,-49.26
DIG_LOT07_COMP1721,LOT_07,DIGITAL_IC,CQFP-64,DIG-SIH-2026,THERMAL_BURN_IN,T07_1721,PROC-ISRO-IISU-01,ATE-STATION-01,CHAMBER-01,1.0,125.0,5.0,168,IDDQ,ELECTRICAL,uA,1.3798,1061.7829,1061.8506,1061.9527,1060.4031,24.259,2.0582,12.08,0.0062,0.0924,35.61,36.2,1.3798,1061.7829,1061.8506,1061.9527,1060.4031,50.0,False,NOMINAL,HEALTHY,37.7,-42.06
DIG_LOT07_COMP1722,LOT_07,DIGITAL_IC,CQFP-64,DIG-SIH-2026,THERMAL_BURN_IN,T07_1722,PROC-ISRO-IISU-01,ATE-STATION-01,CHAMBER-01,1.0,125.0,5.0,168,IDDQ,ELECTRICAL,uA,1.5626,1214.7267,1214.8017,1214.8962,1213.1641,24.8,1.9705,12.887,0.0119,0.0442,31.43,31.04,1.5626,1214.7267,1214.8017,1214.8962,1213.1641,50.0,False,NOMINAL,HEALTHY,-15.65,-14.73
DIG_LOT07_COMP1723,LOT_07,DIGITAL_IC,CQFP-64,DIG-SIH-2026,THERMAL_BURN_IN,T07_1723,PROC-ISRO-IISU-01,ATE-STATION-01,CHAMBER-01,1.0,125.0,5.0,168,IDDQ,ELECTRICAL,uA,1.4486,1112.2294,1112.3129,1112.3376,1110.7808,25.867,1.8531,14.048,0.0015,-0.0075,33.12,31.96,1.4486,1112.2294,1112.3129,1112.3376,1110.7808,50.0,False,NOMINAL,HEALTHY,-17.55,31.92
DIG_LOT07_COMP1724,LOT_07,DIGITAL_IC,CQFP-64,DIG-SIH-2026,THERMAL_BURN_IN,T07_1724,PROC-ISRO-IISU-01,ATE-STATION-01,CHAMBER-01,1.0,125.0,5.0,168,IDDQ,ELECTRICAL,uA,1.4228,1097.8215,1097.9416,1097.9352,1096.3987,25.66,1.9827,11.471,0.0425,0.0618,34.88,35.4,1.4228,1097.8215,1097.9416,1097.9352,1096.3987,50.0,False,NOMINAL,HEALTHY,2.85,29.99
DIG_LOT07_COMP1725,LOT_07,DIGITAL_IC,CQFP-64,DIG-SIH-2026,THERMAL_BURN_IN,T07_1725,PROC-ISRO-IISU-01,ATE-STATION-01,CHAMBER-01,1.0,125.0,5.0,168,IDDQ,ELECTRICAL,uA,1.4823,1135.2296,1135.2967,1135.3119,1133.7473,26.575,2.0691,13.348,-0.0119,-0.0995,36.74,36.58,1.4823,1135.2296,1135.2967,1135.3119,1133.7473,50.0,False,NOMINAL,HEALTHY,19.6,-39.68
DIG_LOT07_COMP1726,LOT_07,DIGITAL_IC,CQFP-64,DIG-SIH-2026,THERMAL_BURN_IN,T07_1726,PROC-ISRO-IISU-01,ATE-STATION-01,CHAMBER-01,1.0,125.0,5.0,168,IDDQ,ELECTRICAL,uA,1.2807,993.5622,993.6442,993.6699,992.2815,25.214,1.7597,11.655,-0.0065,0.0719,35.85,35.52,1.2807,993.5622,993.6442,993.6699,992.2815,50.0,False,NOMINAL,HEALTHY,19.37,25.97
DIG_LOT07_COMP1727,LOT_07,DIGITAL_IC,CQFP-64,DIG-SIH-2026,THERMAL_BURN_IN,T07_1727,PROC-ISRO-IISU-01,ATE-STATION-01,CHAMBER-01,1.0,125.0,5.0,168,IDDQ,ELECTRICAL,uA,1.3438,1038.8037,1040.467,1047.2502,1037.4599,24.271,1.9243,11.657,-0.0117,-0.0445,35.88,35.67,1.3438,1038.8037,1040.467,1047.2502,1037.4599,50.0,True,ELECTROMIGRATION,HEALTHY,8.7,-49.98
DIG_LOT07_COMP1728,LOT_07,DIGITAL_IC,CQFP-64,DIG-SIH-2026,THERMAL_BURN_IN,T07_1728,PROC-ISRO-IISU-01,ATE-STATION-01,CHAMBER-01,1.0,125.0,5.0,168,IDDQ,ELECTRICAL,uA,1.5964,1228.0987,1228.1849,1228.2432,1226.5023,24.062,2.2307,11.505,0.0015,-0.0052,35.24,34.86,1.5964,1228.0987,1228.1849,1228.2432,1226.5023,50.0,False,NOMINAL,HEALTHY,-27.72,1.53
DIG_LOT07_COMP1729,LOT_07,DIGITAL_IC,CQFP-64,DIG-SIH-2026,THERMAL_BURN_IN,T07_1729,PROC-ISRO-IISU-01,ATE-STATION-01,CHAMBER-01,1.0,125.0,5.0,168,IDDQ,ELECTRICAL,uA,1.5933,1228.6668,1228.8019,1228.8556,1227.0735,26.326,1.6183,14.441,-0.0105,-0.0385,36.94,36.42,1.5933,1228.6668,1228.8019,1228.8556,1227.0735,50.0,False,NOMINAL,HEALTHY,-11.67,-3.63
DIG_LOT07_COMP1730,LOT_07,DIGITAL_IC,CQFP-64,DIG-SIH-2026,THERMAL_BURN_IN,T07_1730,PROC-ISRO-IISU-01,ATE-STATION-01,CHAMBER-01,1.0,125.0,5.0,168,IDDQ,ELECTRICAL,uA,1.1995,904.7348,904.7916,904.8552,903.5353,24.191,1.8543,12.751,-0.0154,-0.1014,34.73,35.39,1.1995,904.7348,904.7916,904.8552,903.5353,50.0,False,NOMINAL,HEALTHY,-10.65,-12.65
DIG_LOT07_COMP1731,LOT_07,DIGITAL_IC,CQFP-64,DIG-SIH-2026,THERMAL_BURN_IN,T07_1731,PROC-ISRO-IISU-01,ATE-STATION-01,CHAMBER-01,1.0,125.0,5.0,168,IDDQ,ELECTRICAL,uA,1.2786,985.3214,985.3802,985.4408,984.0428,26.694,1.8997,10.707,0.0163,0.0698,33.61,33.53,1.2786,985.3214,985.3802,985.4408,984.0428,50.0,False,NOMINAL,HEALTHY,-20.34,19.86
DIG_LOT07_COMP1732,LOT_07,DIGITAL_IC,CQFP-64,DIG-SIH-2026,THERMAL_BURN_IN,T07_1732,PROC-ISRO-IISU-01,ATE-STATION-01,CHAMBER-01,1.0,125.0,5.0,168,IDDQ,ELECTRICAL,uA,1.2401,955.0164,955.0798,955.0898,953.7763,23.661,2.1963,12.394,-0.0143,0.0009,35.2,35.47,1.2401,955.0164,955.0798,955.0898,953.7763,50.0,False,NOMINAL,HEALTHY,39.26,-45.62
DIG_LOT07_COMP1733,LOT_07,DIGITAL_IC,CQFP-64,DIG-SIH-2026,THERMAL_BURN_IN,T07_1733,PROC-ISRO-IISU-01,ATE-STATION-01,CHAMBER-01,1.0,125.0,5.0,168,IDDQ,ELECTRICAL,uA,1.4173,1104.0961,1104.1703,1104.2856,1102.6788,25.37,1.8247,11.984,-0.0305,-0.0377,37.08,36.67,1.4173,1104.0961,1104.1703,1104.2856,1102.6788,50.0,False,NOMINAL,HEALTHY,31.71,-0.75
DIG_LOT07_COMP1734,LOT_07,DIGITAL_IC,CQFP-64,DIG-SIH-2026,THERMAL_BURN_IN,T07_1734,PROC-ISRO-IISU-01,ATE-STATION-01,CHAMBER-01,1.0,125.0,5.0,168,IDDQ,ELECTRICAL,uA,1.4291,1099.7103,1099.8311,1099.8749,1098.2812,25.652,2.2726,12.904,0.0122,0.0679,33.16,33.51,1.4291,1099.7103,1099.8311,1099.8749,1098.2812,50.0,False,NOMINAL,HEALTHY,-17.02,-11.33
DIG_LOT07_COMP1735,LOT_07,DIGITAL_IC,CQFP-64,DIG-SIH-2026,THERMAL_BURN_IN,T07_1735,PROC-ISRO-IISU-01,ATE-STATION-01,CHAMBER-01,1.0,125.0,5.0,168,IDDQ,ELECTRICAL,uA,1.3721,1067.8546,1067.8687,1067.929,1066.4825,25.246,2.0637,12.558,-0.0174,-0.0376,33.1,33.12,1.3721,1067.8546,1067.8687,1067.929,1066.4825,50.0,False,NOMINAL,HEALTHY,13.77,5.13
DIG_LOT07_COMP1736,LOT_07,DIGITAL_IC,CQFP-64,DIG-SIH-2026,THERMAL_BURN_IN,T07_1736,PROC-ISRO-IISU-01,ATE-STATION-01,CHAMBER-01,1.0,125.0,5.0,168,IDDQ,ELECTRICAL,uA,1.3998,1063.6859,1063.8123,1063.8015,1062.2861,25.818,1.4798,11.225,-0.0129,-0.0758,34.7,35.04,1.3998,1063.6859,1063.8123,1063.8015,1062.2861,50.0,False,NOMINAL,HEALTHY,14.6,-32.5
DIG_LOT07_COMP1737,LOT_07,DIGITAL_IC,CQFP-64,DIG-SIH-2026,THERMAL_BURN_IN,T07_1737,PROC-ISRO-IISU-01,ATE-STATION-01,CHAMBER-01,1.0,125.0,5.0,168,IDDQ,ELECTRICAL,uA,1.6856,1313.7281,1313.8529,1313.829,1312.0425,24.95,2.4086,11.944,0.0088,-0.0642,33.22,32.49,1.6856,1313.7281,1313.8529,1313.829,1312.0425,50.0,False,NOMINAL,HEALTHY,40.04,15.9
DIG_LOT07_COMP1738,LOT_07,DIGITAL_IC,CQFP-64,DIG-SIH-2026,THERMAL_BURN_IN,T07_1738,PROC-ISRO-IISU-01,ATE-STATION-01,CHAMBER-01,1.0,125.0,5.0,168,IDDQ,ELECTRICAL,uA,1.2462,960.0875,960.1916,960.2441,958.8413,22.717,2.4106,13.072,0.0074,-0.0007,35.81,36.63,1.2462,960.0875,960.1916,960.2441,958.8413,50.0,False,NOMINAL,HEALTHY,-32.3,20.91
DIG_LOT07_COMP1739,LOT_07,DIGITAL_IC,CQFP-64,DIG-SIH-2026,THERMAL_BURN_IN,T07_1739,PROC-ISRO-IISU-01,ATE-STATION-01,CHAMBER-01,1.0,125.0,5.0,168,IDDQ,ELECTRICAL,uA,1.1683,898.9135,898.9881,899.0324,897.7452,25.754,2.0693,12.668,-0.0304,0.0056,33.02,33.05,1.1683,898.9135,898.9881,899.0324,897.7452,50.0,False,NOMINAL,HEALTHY,-31.01,29.93
DIG_LOT07_COMP1740,LOT_07,DIGITAL_IC,CQFP-64,DIG-SIH-2026,THERMAL_BURN_IN,T07_1740,PROC-ISRO-IISU-01,ATE-STATION-01,CHAMBER-01,1.0,125.0,5.0,168,IDDQ,ELECTRICAL,uA,1.2259,957.3575,957.4325,957.4349,956.1316,26.781,1.9777,12.826,-0.0124,0.0029,36.1,35.92,1.2259,957.3575,957.4325,957.4349,956.1316,50.0,False,NOMINAL,HEALTHY,45.19,34.33
DIG_LOT07_COMP1741,LOT_07,DIGITAL_IC,CQFP-64,DIG-SIH-2026,THERMAL_BURN_IN,T07_1741,PROC-ISRO-IISU-01,ATE-STATION-01,CHAMBER-01,1.0,125.0,5.0,168,IDDQ,ELECTRICAL,uA,1.3993,1072.4077,1080.8982,1230.7989,1071.0084,24.283,1.6911,11.234,0.0096,0.0317,34.66,35.4,1.3993,1072.4077,1080.8982,1230.7989,1071.0084,50.0,True,THERMAL_RUNAWAY,HEALTHY,4.01,-26.55
DIG_LOT07_COMP1742,LOT_07,DIGITAL_IC,CQFP-64,DIG-SIH-2026,THERMAL_BURN_IN,T07_1742,PROC-ISRO-IISU-01,ATE-STATION-01,CHAMBER-01,1.0,125.0,5.0,168,IDDQ,ELECTRICAL,uA,1.2329,942.6199,943.8788,949.1149,941.387,24.204,2.0496,12.036,-0.0076,0.0202,34.19,33.75,1.2329,942.6199,943.8788,949.1149,941.387,50.0,True,ELECTROMIGRATION,HEALTHY,-9.54,23.62
DIG_LOT07_COMP1743,LOT_07,DIGITAL_IC,CQFP-64,DIG-SIH-2026,THERMAL_BURN_IN,T07_1743,PROC-ISRO-IISU-01,ATE-STATION-01,CHAMBER-01,1.0,125.0,5.0,168,IDDQ,ELECTRICAL,uA,1.2119,928.4237,928.5348,928.5137,927.2118,23.98,2.3559,11.775,-0.0207,-0.0703,34.24,33.52,1.2119,928.4237,928.5348,928.5137,927.2118,50.0,False,NOMINAL,HEALTHY,-26.31,19.45
DIG_LOT07_COMP1744,LOT_07,DIGITAL_IC,CQFP-64,DIG-SIH-2026,THERMAL_BURN_IN,T07_1744,PROC-ISRO-IISU-01,ATE-STATION-01,CHAMBER-01,1.0,125.0,5.0,168,IDDQ,ELECTRICAL,uA,1.3718,1055.1388,1055.2383,1055.266,1053.767,22.644,2.0465,12.116,0.0312,0.033,34.93,35.02,1.3718,1055.1388,1055.2383,1055.266,1053.767,50.0,False,NOMINAL,HEALTHY,39.32,-45.31
DIG_LOT07_COMP1745,LOT_07,DIGITAL_IC,CQFP-64,DIG-SIH-2026,THERMAL_BURN_IN,T07_1745,PROC-ISRO-IISU-01,ATE-STATION-01,CHAMBER-01,1.0,125.0,5.0,168,IDDQ,ELECTRICAL,uA,1.4287,1123.7077,1123.7354,1123.829,1122.279,25.707,2.0823,12.185,-0.0187,0.0344,32.64,32.4,1.4287,1123.7077,1123.7354,1123.829,1122.279,50.0,False,NOMINAL,HEALTHY,-22.45,-26.53
DIG_LOT07_COMP1746,LOT_07,DIGITAL_IC,CQFP-64,DIG-SIH-2026,THERMAL_BURN_IN,T07_1746,PROC-ISRO-IISU-01,ATE-STATION-01,CHAMBER-01,1.0,125.0,5.0,168,IDDQ,ELECTRICAL,uA,1.0354,801.7087,801.7482,801.845,800.6733,24.531,1.7824,12.797,0.0342,-0.066,35.37,36.14,1.0354,801.7087,801.7482,801.845,800.6733,50.0,False,NOMINAL,HEALTHY,29.05,39.64
DIG_LOT07_COMP1747,LOT_07,DIGITAL_IC,CQFP-64,DIG-SIH-2026,THERMAL_BURN_IN,T07_1747,PROC-ISRO-IISU-01,ATE-STATION-01,CHAMBER-01,1.0,125.0,5.0,168,IDDQ,ELECTRICAL,uA,1.4335,1090.2937,1090.3804,1090.4461,1088.8602,25.639,1.8165,13.085,-0.0037,-0.0429,37.34,37.6,1.4335,1090.2937,1090.3804,1090.4461,1088.8602,50.0,False,NOMINAL,HEALTHY,-33.1,28.71
DIG_LOT07_COMP1748,LOT_07,DIGITAL_IC,CQFP-64,DIG-SIH-2026,THERMAL_BURN_IN,T07_1748,PROC-ISRO-IISU-01,ATE-STATION-01,CHAMBER-01,1.0,125.0,5.0,168,IDDQ,ELECTRICAL,uA,1.2386,950.5554,950.5892,950.6431,949.3168,26.641,2.2049,12.113,-0.0257,-0.0637,34.71,34.21,1.2386,950.5554,950.5892,950.6431,949.3168,50.0,False,NOMINAL,HEALTHY,-5.79,-30.93
DIG_LOT07_COMP1749,LOT_07,DIGITAL_IC,CQFP-64,DIG-SIH-2026,THERMAL_BURN_IN,T07_1749,PROC-ISRO-IISU-01,ATE-STATION-01,CHAMBER-01,1.0,125.0,5.0,168,IDDQ,ELECTRICAL,uA,1.4755,1149.89,1150.0195,1150.0159,1148.4145,25.251,1.928,13.32,0.0071,-0.0229,33.59,34.23,1.4755,1149.89,1150.0195,1150.0159,1148.4145,50.0,False,NOMINAL,HEALTHY,-22.37,-40.42
DIG_LOT07_COMP1750,LOT_07,DIGITAL_IC,CQFP-64,DIG-SIH-2026,THERMAL_BURN_IN,T07_1750,PROC-ISRO-IISU-01,ATE-STATION-01,CHAMBER-01,1.0,125.0,5.0,168,IDDQ,ELECTRICAL,uA,1.4703,1125.1089,1125.1673,1125.2389,1123.6386,25.073,2.1126,12.525,0.014,-0.0675,36.12,36.23,1.4703,1125.1089,1125.1673,1125.2389,1123.6386,50.0,False,NOMINAL,HEALTHY,-25.17,44.79
DIG_LOT07_COMP1751,LOT_07,DIGITAL_IC,CQFP-64,DIG-SIH-2026,THERMAL_BURN_IN,T07_1751,PROC-ISRO-IISU-01,ATE-STATION-01,CHAMBER-01,1.0,125.0,5.0,168,IDDQ,ELECTRICAL,uA,1.4732,1127.7373,1127.8177,1127.8401,1126.2641,24.761,2.1376,12.601,0.0145,0.0095,34.63,34.16,1.4732,1127.7373,1127.8177,1127.8401,1126.2641,50.0,False,NOMINAL,HEALTHY,-11.88,9.8
DIG_LOT07_COMP1752,LOT_07,DIGITAL_IC,CQFP-64,DIG-SIH-2026,THERMAL_BURN_IN,T07_1752,PROC-ISRO-IISU-01,ATE-STATION-01,CHAMBER-01,1.0,125.0,5.0,168,IDDQ,ELECTRICAL,uA,1.1792,895.8508,895.8973,895.9069,894.6716,26.979,2.2782,13.581,-0.0242,-0.0455,35.27,34.97,1.1792,895.8508,895.8973,895.9069,894.6716,50.0,False,NOMINAL,HEALTHY,-48.27,42.41
DIG_LOT07_COMP1753,LOT_07,DIGITAL_IC,CQFP-64,DIG-SIH-2026,THERMAL_BURN_IN,T07_1753,PROC-ISRO-IISU-01,ATE-STATION-01,CHAMBER-01,1.0,125.0,5.0,168,IDDQ,ELECTRICAL,uA,1.5838,1249.0278,1249.1385,1249.2147,1247.444,25.018,1.9563,11.53,0.0227,0.02,35.58,36.0,1.5838,1249.0278,1249.1385,1249.2147,1247.444,50.0,False,NOMINAL,HEALTHY,-13.39,31.15
DIG_LOT07_COMP1754,LOT_07,DIGITAL_IC,CQFP-64,DIG-SIH-2026,THERMAL_BURN_IN,T07_1754,PROC-ISRO-IISU-01,ATE-STATION-01,CHAMBER-01,1.0,125.0,5.0,168,IDDQ,ELECTRICAL,uA,1.5395,1184.88,1184.9945,1185.0093,1183.3405,27.729,2.0523,13.003,0.0063,-0.0337,33.17,33.21,1.5395,1184.88,1184.9945,1185.0093,1183.3405,50.0,False,NOMINAL,HEALTHY,44.68,-43.57
DIG_LOT07_COMP1755,LOT_07,DIGITAL_IC,CQFP-64,DIG-SIH-2026,THERMAL_BURN_IN,T07_1755,PROC-ISRO-IISU-01,ATE-STATION-01,CHAMBER-01,1.0,125.0,5.0,168,IDDQ,ELECTRICAL,uA,1.0693,834.4381,834.5034,834.5249,833.3688,22.542,1.3666,12.398,0.0056,0.0019,36.1,36.06,1.0693,834.4381,834.5034,834.5249,833.3688,50.0,False,NOMINAL,HEALTHY,10.91,44.81
DIG_LOT07_COMP1756,LOT_07,DIGITAL_IC,CQFP-64,DIG-SIH-2026,THERMAL_BURN_IN,T07_1756,PROC-ISRO-IISU-01,ATE-STATION-01,CHAMBER-01,1.0,125.0,5.0,168,IDDQ,ELECTRICAL,uA,1.2612,968.6231,968.7003,968.7136,967.3619,23.945,2.1336,11.962,-0.0386,0.0112,33.75,33.79,1.2612,968.6231,968.7003,968.7136,967.3619,50.0,False,NOMINAL,HEALTHY,40.09,19.47
DIG_LOT07_COMP1757,LOT_07,DIGITAL_IC,CQFP-64,DIG-SIH-2026,THERMAL_BURN_IN,T07_1757,PROC-ISRO-IISU-01,ATE-STATION-01,CHAMBER-01,1.0,125.0,5.0,168,IDDQ,ELECTRICAL,uA,1.2449,990.0746,990.1671,990.2371,988.8297,22.466,1.7948,11.326,-0.0021,-0.0507,33.94,34.17,1.2449,990.0746,990.1671,990.2371,988.8297,50.0,False,NOMINAL,HEALTHY,-36.35,-33.2
DIG_LOT07_COMP1758,LOT_07,DIGITAL_IC,CQFP-64,DIG-SIH-2026,THERMAL_BURN_IN,T07_1758,PROC-ISRO-IISU-01,ATE-STATION-01,CHAMBER-01,1.0,125.0,5.0,168,IDDQ,ELECTRICAL,uA,1.0978,851.4434,851.5447,851.5393,850.3456,22.136,1.4213,12.234,-0.0035,0.0264,35.38,35.95,1.0978,851.4434,851.5447,851.5393,850.3456,50.0,False,NOMINAL,HEALTHY,-24.58,14.75
DIG_LOT07_COMP1759,LOT_07,DIGITAL_IC,CQFP-64,DIG-SIH-2026,THERMAL_BURN_IN,T07_1759,PROC-ISRO-IISU-01,ATE-STATION-01,CHAMBER-01,1.0,125.0,5.0,168,IDDQ,ELECTRICAL,uA,1.2561,967.3136,967.4159,967.4031,966.0575,26.017,2.2916,12.652,0.0219,0.0338,35.02,35.91,1.2561,967.3136,967.4159,967.4031,966.0575,50.0,False,NOMINAL,HEALTHY,-18.04,-8.94
DIG_LOT07_COMP1760,LOT_07,DIGITAL_IC,CQFP-64,DIG-SIH-2026,THERMAL_BURN_IN,T07_1760,PROC-ISRO-IISU-01,ATE-STATION-01,CHAMBER-01,1.0,125.0,5.0,168,IDDQ,ELECTRICAL,uA,1.5112,1163.292,1163.3773,1163.4248,1161.7808,26.143,1.8527,12.477,-0.0248,-0.0795,35.38,35.23,1.5112,1163.292,1163.3773,1163.4248,1161.7808,50.0,False,NOMINAL,HEALTHY,-39.22,-14.54
DIG_LOT07_COMP1761,LOT_07,DIGITAL_IC,CQFP-64,DIG-SIH-2026,THERMAL_BURN_IN,T07_1761,PROC-ISRO-IISU-01,ATE-STATION-01,CHAMBER-01,1.0,125.0,5.0,168,IDDQ,ELECTRICAL,uA,1.1184,848.8159,848.8797,848.9281,847.6975,22.265,2.5848,12.948,0.0146,0.0211,34.77,34.2,1.1184,848.8159,848.8797,848.9281,847.6975,50.0,False,NOMINAL,HEALTHY,-34.81,-2.91
DIG_LOT07_COMP1762,LOT_07,DIGITAL_IC,CQFP-64,DIG-SIH-2026,THERMAL_BURN_IN,T07_1762,PROC-ISRO-IISU-01,ATE-STATION-01,CHAMBER-01,1.0,125.0,5.0,168,IDDQ,ELECTRICAL,uA,1.3083,1016.95,1017.0199,1017.074,1015.6417,23.395,1.7067,12.163,0.0077,0.029,35.76,35.05,1.3083,1016.95,1017.0199,1017.074,1015.6417,50.0,False,NOMINAL,HEALTHY,-5.34,-9.33
DIG_LOT07_COMP1763,LOT_07,DIGITAL_IC,CQFP-64,DIG-SIH-2026,THERMAL_BURN_IN,T07_1763,PROC-ISRO-IISU-01,ATE-STATION-01,CHAMBER-01,1.0,125.0,5.0,168,IDDQ,ELECTRICAL,uA,1.2413,948.2398,948.2983,948.375,946.9985,23.96,2.1223,12.338,0.0011,-0.0919,34.26,34.48,1.2413,948.2398,948.2983,948.375,946.9985,50.0,False,NOMINAL,HEALTHY,-31.74,-23.28
DIG_LOT07_COMP1764,LOT_07,DIGITAL_IC,CQFP-64,DIG-SIH-2026,THERMAL_BURN_IN,T07_1764,PROC-ISRO-IISU-01,ATE-STATION-01,CHAMBER-01,1.0,125.0,5.0,168,IDDQ,ELECTRICAL,uA,1.6654,1284.8788,1284.9346,1284.9834,1283.2134,25.707,2.5346,13.306,0.0348,0.0063,34.72,34.51,1.6654,1284.8788,1284.9346,1284.9834,1283.2134,50.0,False,NOMINAL,HEALTHY,-30.59,18.64
DIG_LOT07_COMP1765,LOT_07,DIGITAL_IC,CQFP-64,DIG-SIH-2026,THERMAL_BURN_IN,T07_1765,PROC-ISRO-IISU-01,ATE-STATION-01,CHAMBER-01,1.0,125.0,5.0,168,IDDQ,ELECTRICAL,uA,1.397,1082.1975,1082.2465,1082.2718,1080.8005,23.5,2.3491,12.198,-0.0362,-0.0999,36.46,37.2,1.397,1082.1975,1082.2465,1082.2718,1080.8005,50.0,False,NOMINAL,HEALTHY,39.53,14.43
DIG_LOT07_COMP1766,LOT_07,DIGITAL_IC,CQFP-64,DIG-SIH-2026,THERMAL_BURN_IN,T07_1766,PROC-ISRO-IISU-01,ATE-STATION-01,CHAMBER-01,1.0,125.0,5.0,168,IDDQ,ELECTRICAL,uA,1.3535,1032.2028,1032.276,1032.3301,1030.8493,22.302,1.7906,11.346,0.0087,0.0097,36.2,35.95,1.3535,1032.2028,1032.276,1032.3301,1030.8493,50.0,False,NOMINAL,HEALTHY,11.95,38.46
DIG_LOT07_COMP1767,LOT_07,DIGITAL_IC,CQFP-64,DIG-SIH-2026,THERMAL_BURN_IN,T07_1767,PROC-ISRO-IISU-01,ATE-STATION-01,CHAMBER-01,1.0,125.0,5.0,168,IDDQ,ELECTRICAL,uA,1.3012,1000.9069,1000.9969,1001.0251,999.6057,24.672,2.052,12.033,0.0096,-0.0018,36.97,37.6,1.3012,1000.9069,1000.9969,1001.0251,999.6057,50.0,False,NOMINAL,HEALTHY,43.97,-39.7
DIG_LOT07_COMP1768,LOT_07,DIGITAL_IC,CQFP-64,DIG-SIH-2026,THERMAL_BURN_IN,T07_1768,PROC-ISRO-IISU-01,ATE-STATION-01,CHAMBER-01,1.0,125.0,5.0,168,IDDQ,ELECTRICAL,uA,1.2111,925.5096,925.5338,925.6414,924.2985,26.438,2.2523,12.809,0.0101,0.0277,35.47,35.57,1.2111,925.5096,925.5338,925.6414,924.2985,50.0,False,NOMINAL,HEALTHY,-30.16,-11.46
DIG_LOT07_COMP1769,LOT_07,DIGITAL_IC,CQFP-64,DIG-SIH-2026,THERMAL_BURN_IN,T07_1769,PROC-ISRO-IISU-01,ATE-STATION-01,CHAMBER-01,1.0,125.0,5.0,168,IDDQ,ELECTRICAL,uA,1.5448,1179.7699,1188.2988,1338.158,1178.2251,27.441,1.3885,12.747,-0.0196,-0.0313,35.48,34.78,1.5448,1179.7699,1188.2988,1338.158,1178.2251,50.0,True,THERMAL_RUNAWAY,HEALTHY,-7.31,-40.44
DIG_LOT07_COMP1770,LOT_07,DIGITAL_IC,CQFP-64,DIG-SIH-2026,THERMAL_BURN_IN,T07_1770,PROC-ISRO-IISU-01,ATE-STATION-01,CHAMBER-01,1.0,125.0,5.0,168,IDDQ,ELECTRICAL,uA,1.1235,855.2337,855.3519,855.407,854.1102,23.176,1.9575,13.283,-0.0145,-0.1357,33.22,33.15,1.1235,855.2337,855.3519,855.407,854.1102,50.0,False,NOMINAL,HEALTHY,19.85,-39.46
DIG_LOT07_COMP1771,LOT_07,DIGITAL_IC,CQFP-64,DIG-SIH-2026,THERMAL_BURN_IN,T07_1771,PROC-ISRO-IISU-01,ATE-STATION-01,CHAMBER-01,1.0,125.0,5.0,168,IDDQ,ELECTRICAL,uA,1.4206,1110.2914,1110.4119,1110.3947,1108.8708,24.367,2.109,10.337,-0.0154,0.014,32.25,32.49,1.4206,1110.2914,1110.4119,1110.3947,1108.8708,50.0,False,NOMINAL,HEALTHY,-12.0,-25.32
DIG_LOT07_COMP1772,LOT_07,DIGITAL_IC,CQFP-64,DIG-SIH-2026,THERMAL_BURN_IN,T07_1772,PROC-ISRO-IISU-01,ATE-STATION-01,CHAMBER-01,1.0,125.0,5.0,168,IDDQ,ELECTRICAL,uA,1.3275,1023.2699,1023.3207,1023.3927,1021.9424,27.335,1.7858,12.375,-0.0069,-0.0445,33.46,32.83,1.3275,1023.2699,1023.3207,1023.3927,1021.9424,50.0,False,NOMINAL,HEALTHY,-32.17,49.21
DIG_LOT07_COMP1773,LOT_07,DIGITAL_IC,CQFP-64,DIG-SIH-2026,THERMAL_BURN_IN,T07_1773,PROC-ISRO-IISU-01,ATE-STATION-01,CHAMBER-01,1.0,125.0,5.0,168,IDDQ,ELECTRICAL,uA,1.1898,899.6452,899.7048,899.731,898.4554,23.391,1.8503,13.171,-0.005,-0.0085,34.83,34.8,1.1898,899.6452,899.7048,899.731,898.4554,50.0,False,NOMINAL,HEALTHY,-25.73,20.8
DIG_LOT07_COMP1774,LOT_07,DIGITAL_IC,CQFP-64,DIG-SIH-2026,THERMAL_BURN_IN,T07_1774,PROC-ISRO-IISU-01,ATE-STATION-01,CHAMBER-01,1.0,125.0,5.0,168,IDDQ,ELECTRICAL,uA,1.4318,1095.4626,1095.5327,1095.5661,1094.0308,26.306,2.2834,13.007,-0.0039,-0.0076,33.89,33.19,1.4318,1095.4626,1095.5327,1095.5661,1094.0308,50.0,False,NOMINAL,HEALTHY,43.44,-21.73
DIG_LOT07_COMP1775,LOT_07,DIGITAL_IC,CQFP-64,DIG-SIH-2026,THERMAL_BURN_IN,T07_1775,PROC-ISRO-IISU-01,ATE-STATION-01,CHAMBER-01,1.0,125.0,5.0,168,IDDQ,ELECTRICAL,uA,1.324,1021.5276,1021.6069,1021.6083,1020.2036,24.594,1.714,10.795,0.0035,0.0365,36.13,35.91,1.324,1021.5276,1021.6069,1021.6083,1020.2036,50.0,False,NOMINAL,HEALTHY,18.94,43.07
DIG_LOT07_COMP1776,LOT_07,DIGITAL_IC,CQFP-64,DIG-SIH-2026,THERMAL_BURN_IN,T07_1776,PROC-ISRO-IISU-01,ATE-STATION-01,CHAMBER-01,1.0,125.0,5.0,168,IDDQ,ELECTRICAL,uA,1.2726,995.3267,995.4126,995.4482,994.0541,25.345,2.2262,13.776,0.0017,-0.0492,35.36,35.36,1.2726,995.3267,995.4126,995.4482,994.0541,50.0,False,NOMINAL,HEALTHY,-37.25,2.99
DIG_LOT07_COMP1777,LOT_07,DIGITAL_IC,CQFP-64,DIG-SIH-2026,THERMAL_BURN_IN,T07_1777,PROC-ISRO-IISU-01,ATE-STATION-01,CHAMBER-01,1.0,125.0,5.0,168,IDDQ,ELECTRICAL,uA,1.4002,1096.503,1096.5464,1096.6255,1095.1028,25.299,1.4019,11.993,0.0085,0.0348,33.94,32.92,1.4002,1096.503,1096.5464,1096.6255,1095.1028,50.0,True,DIELECTRIC_OSCILLATION,HEALTHY,-7.97,17.38
DIG_LOT07_COMP1778,LOT_07,DIGITAL_IC,CQFP-64,DIG-SIH-2026,THERMAL_BURN_IN,T07_1778,PROC-ISRO-IISU-01,ATE-STATION-01,CHAMBER-01,1.0,125.0,5.0,168,IDDQ,ELECTRICAL,uA,1.1303,885.0823,885.1854,885.2569,883.952,25.735,1.863,11.991,0.0207,-0.0173,36.06,35.78,1.1303,885.0823,885.1854,885.2569,883.952,50.0,False,NOMINAL,HEALTHY,10.2,20.46
DIG_LOT07_COMP1779,LOT_07,DIGITAL_IC,CQFP-64,DIG-SIH-2026,THERMAL_BURN_IN,T07_1779,PROC-ISRO-IISU-01,ATE-STATION-01,CHAMBER-01,1.0,125.0,5.0,168,IDDQ,ELECTRICAL,uA,1.5248,1177.8877,1177.9792,1178.0236,1176.3629,26.931,2.5885,13.101,-0.0158,-0.0346,36.6,36.74,1.5248,1177.8877,1177.9792,1178.0236,1176.3629,50.0,False,NOMINAL,HEALTHY,9.66,-27.51
DIG_LOT07_COMP1780,LOT_07,DIGITAL_IC,CQFP-64,DIG-SIH-2026,THERMAL_BURN_IN,T07_1780,PROC-ISRO-IISU-01,ATE-STATION-01,CHAMBER-01,1.0,125.0,5.0,168,IDDQ,ELECTRICAL,uA,1.1828,921.893,921.9619,922.0446,920.7102,25.159,1.9308,13.802,0.0186,0.0166,35.68,36.37,1.1828,921.893,921.9619,922.0446,920.7102,50.0,False,NOMINAL,HEALTHY,32.51,30.72
DIG_LOT07_COMP1781,LOT_07,DIGITAL_IC,CQFP-64,DIG-SIH-2026,THERMAL_BURN_IN,T07_1781,PROC-ISRO-IISU-01,ATE-STATION-01,CHAMBER-01,1.0,125.0,5.0,168,IDDQ,ELECTRICAL,uA,1.2214,943.7263,943.8192,943.8861,942.5049,25.1,2.2495,13.365,0.0437,0.046,36.41,35.76,1.2214,943.7263,943.8192,943.8861,942.5049,50.0,False,NOMINAL,HEALTHY,-26.83,-48.78
DIG_LOT07_COMP1782,LOT_07,DIGITAL_IC,CQFP-64,DIG-SIH-2026,THERMAL_BURN_IN,T07_1782,PROC-ISRO-IISU-01,ATE-STATION-01,CHAMBER-01,1.0,125.0,5.0,168,IDDQ,ELECTRICAL,uA,6.0261,4645.4721,4645.7203,4645.889,4639.446,24.89,2.3346,12.892,0.0204,-0.0059,36.11,36.55,6.0261,4645.4721,4645.7203,4645.889,4639.446,50.0,True,SPATIAL_OUTLIER,HEALTHY,-37.02,9.19
DIG_LOT07_COMP1783,LOT_07,DIGITAL_IC,CQFP-64,DIG-SIH-2026,THERMAL_BURN_IN,T07_1783,PROC-ISRO-IISU-01,ATE-STATION-01,CHAMBER-01,1.0,125.0,5.0,168,IDDQ,ELECTRICAL,uA,1.2157,914.6355,914.755,914.7645,913.4198,25.776,1.9236,11.603,-0.0027,-0.0278,35.33,34.96,1.2157,914.6355,914.755,914.7645,913.4198,50.0,False,NOMINAL,HEALTHY,-31.3,25.46
DIG_LOT07_COMP1784,LOT_07,DIGITAL_IC,CQFP-64,DIG-SIH-2026,THERMAL_BURN_IN,T07_1784,PROC-ISRO-IISU-01,ATE-STATION-01,CHAMBER-01,1.0,125.0,5.0,168,IDDQ,ELECTRICAL,uA,1.2989,1013.1006,1013.1787,1013.168,1011.8017,26.317,2.2141,13.439,-0.0007,-0.0344,33.69,34.38,1.2989,1013.1006,1013.1787,1013.168,1011.8017,50.0,False,NOMINAL,HEALTHY,19.41,6.7
DIG_LOT07_COMP1785,LOT_07,DIGITAL_IC,CQFP-64,DIG-SIH-2026,THERMAL_BURN_IN,T07_1785,PROC-ISRO-IISU-01,ATE-STATION-01,CHAMBER-01,1.0,125.0,5.0,168,IDDQ,ELECTRICAL,uA,1.48,1114.4342,1114.5093,1114.5277,1112.9542,26.853,2.2715,11.913,0.0172,-0.054,35.63,35.44,1.48,1114.4342,1114.5093,1114.5277,1112.9542,50.0,False,NOMINAL,HEALTHY,-11.55,3.46
DIG_LOT07_COMP1786,LOT_07,DIGITAL_IC,CQFP-64,DIG-SIH-2026,THERMAL_BURN_IN,T07_1786,PROC-ISRO-IISU-01,ATE-STATION-01,CHAMBER-01,1.0,125.0,5.0,168,IDDQ,ELECTRICAL,uA,1.3269,1008.654,1008.7786,1008.7883,1007.3271,24.17,1.7568,12.649,0.0011,-0.037,35.16,34.8,1.3269,1008.654,1008.7786,1008.7883,1007.3271,50.0,False,NOMINAL,HEALTHY,34.1,-45.5
DIG_LOT07_COMP1787,LOT_07,DIGITAL_IC,CQFP-64,DIG-SIH-2026,THERMAL_BURN_IN,T07_1787,PROC-ISRO-IISU-01,ATE-STATION-01,CHAMBER-01,1.0,125.0,5.0,168,IDDQ,ELECTRICAL,uA,1.3841,1051.3665,1051.45,1051.4688,1049.9824,25.278,2.7317,12.82,0.0038,-0.0049,36.69,37.07,1.3841,1051.3665,1051.45,1051.4688,1049.9824,50.0,False,NOMINAL,HEALTHY,-31.26,33.43
DIG_LOT07_COMP1788,LOT_07,DIGITAL_IC,CQFP-64,DIG-SIH-2026,THERMAL_BURN_IN,T07_1788,PROC-ISRO-IISU-01,ATE-STATION-01,CHAMBER-01,1.0,125.0,5.0,168,IDDQ,ELECTRICAL,uA,1.2223,938.3797,938.4199,938.5351,937.1574,26.463,2.5525,11.658,0.0173,0.0176,36.37,35.68,1.2223,938.3797,938.4199,938.5351,937.1574,50.0,False,NOMINAL,HEALTHY,21.12,-1.41
DIG_LOT07_COMP1789,LOT_07,DIGITAL_IC,CQFP-64,DIG-SIH-2026,THERMAL_BURN_IN,T07_1789,PROC-ISRO-IISU-01,ATE-STATION-01,CHAMBER-01,1.0,125.0,5.0,168,IDDQ,ELECTRICAL,uA,1.4747,1121.4479,1121.5474,1121.5531,1119.9732,25.689,2.2915,13.399,0.0082,-0.0388,35.25,35.45,1.4747,1121.4479,1121.5474,1121.5531,1119.9732,50.0,False,NOMINAL,HEALTHY,-13.19,26.02
DIG_LOT07_COMP1790,LOT_07,DIGITAL_IC,CQFP-64,DIG-SIH-2026,THERMAL_BURN_IN,T07_1790,PROC-ISRO-IISU-01,ATE-STATION-01,CHAMBER-01,1.0,125.0,5.0,168,IDDQ,ELECTRICAL,uA,1.2803,975.4021,975.4492,975.488,974.1218,22.537,1.7567,12.439,0.0173,0.0448,35.55,35.84,1.2803,975.4021,975.4492,975.488,974.1218,50.0,False,NOMINAL,HEALTHY,28.51,35.58
DIG_LOT07_COMP1791,LOT_07,DIGITAL_IC,CQFP-64,DIG-SIH-2026,THERMAL_BURN_IN,T07_1791,PROC-ISRO-IISU-01,ATE-STATION-01,CHAMBER-01,1.0,125.0,5.0,168,IDDQ,ELECTRICAL,uA,1.4677,1155.023,1155.0727,1155.1938,1153.5553,26.033,1.8897,12.514,-0.0343,-0.0726,32.68,32.58,1.4677,1155.023,1155.0727,1155.1938,1153.5553,50.0,False,NOMINAL,HEALTHY,-34.95,-3.41
DIG_LOT07_COMP1792,LOT_07,DIGITAL_IC,CQFP-64,DIG-SIH-2026,THERMAL_BURN_IN,T07_1792,PROC-ISRO-IISU-01,ATE-STATION-01,CHAMBER-01,1.0,125.0,5.0,168,IDDQ,ELECTRICAL,uA,1.433,1127.2429,1127.3153,1127.3913,1125.8099,23.36,1.6098,13.804,0.0017,0.0548,34.97,34.58,1.433,1127.2429,1127.3153,1127.3913,1125.8099,50.0,False,NOMINAL,HEALTHY,-30.29,-7.79
DIG_LOT07_COMP1793,LOT_07,DIGITAL_IC,CQFP-64,DIG-SIH-2026,THERMAL_BURN_IN,T07_1793,PROC-ISRO-IISU-01,ATE-STATION-01,CHAMBER-01,1.0,125.0,5.0,168,IDDQ,ELECTRICAL,uA,1.5868,1210.6236,1210.7324,1210.7719,1209.0368,27.196,2.3518,13.475,-0.0066,-0.081,36.38,36.14,1.5868,1210.6236,1210.7324,1210.7719,1209.0368,50.0,False,NOMINAL,HEALTHY,6.3,14.64
DIG_LOT07_COMP1794,LOT_07,DIGITAL_IC,CQFP-64,DIG-SIH-2026,THERMAL_BURN_IN,T07_1794,PROC-ISRO-IISU-01,ATE-STATION-01,CHAMBER-01,1.0,125.0,5.0,168,IDDQ,ELECTRICAL,uA,1.3527,1045.2958,1045.3872,1045.4308,1043.9431,25.927,1.7147,11.717,-0.0012,-0.0343,36.68,36.84,1.3527,1045.2958,1045.3872,1045.4308,1043.9431,50.0,False,NOMINAL,HEALTHY,-30.41,20.52
DIG_LOT07_COMP1795,LOT_07,DIGITAL_IC,CQFP-64,DIG-SIH-2026,THERMAL_BURN_IN,T07_1795,PROC-ISRO-IISU-01,ATE-STATION-01,CHAMBER-01,1.0,125.0,5.0,168,IDDQ,ELECTRICAL,uA,1.1158,856.9113,856.9894,857.0179,855.7955,23.439,2.2886,11.713,0.0084,-0.0443,33.58,33.59,1.1158,856.9113,856.9894,857.0179,855.7955,50.0,False,NOMINAL,HEALTHY,42.53,-2.71
DIG_LOT07_COMP1796,LOT_07,DIGITAL_IC,CQFP-64,DIG-SIH-2026,THERMAL_BURN_IN,T07_1796,PROC-ISRO-IISU-01,ATE-STATION-01,CHAMBER-01,1.0,125.0,5.0,168,IDDQ,ELECTRICAL,uA,1.4722,1140.559,1140.6223,1140.7073,1139.0868,24.733,1.9661,12.33,-0.041,-0.0812,34.99,34.54,1.4722,1140.559,1140.6223,1140.7073,1139.0868,50.0,False,NOMINAL,HEALTHY,44.66,4.15
DIG_LOT07_COMP1797,LOT_07,DIGITAL_IC,CQFP-64,DIG-SIH-2026,THERMAL_BURN_IN,T07_1797,PROC-ISRO-IISU-01,ATE-STATION-01,CHAMBER-01,1.0,125.0,5.0,168,IDDQ,ELECTRICAL,uA,1.1737,909.2125,909.3152,909.4111,908.0388,27.153,2.1525,12.206,-0.0073,-0.0335,34.99,34.23,1.1737,909.2125,909.3152,909.4111,908.0388,50.0,False,NOMINAL,HEALTHY,-42.06,45.84
DIG_LOT07_COMP1798,LOT_07,DIGITAL_IC,CQFP-64,DIG-SIH-2026,THERMAL_BURN_IN,T07_1798,PROC-ISRO-IISU-01,ATE-STATION-01,CHAMBER-01,1.0,125.0,5.0,168,IDDQ,ELECTRICAL,uA,1.3781,1046.1468,1046.2354,1046.297,1044.7687,23.563,1.7268,14.436,0.031,0.0201,33.57,33.37,1.3781,1046.1468,1046.2354,1046.297,1044.7687,50.0,False,NOMINAL,HEALTHY,20.45,-24.09
DIG_LOT07_COMP1799,LOT_07,DIGITAL_IC,CQFP-64,DIG-SIH-2026,THERMAL_BURN_IN,T07_1799,PROC-ISRO-IISU-01,ATE-STATION-01,CHAMBER-01,1.0,125.0,5.0,168,IDDQ,ELECTRICAL,uA,1.3064,1001.3451,1001.3968,1001.4867,1000.0387,28.379,2.3061,13.01,-0.0039,0.0244,34.52,34.69,1.3064,1001.3451,1001.3968,1001.4867,1000.0387,50.0,False,NOMINAL,HEALTHY,32.56,17.14
DIG_LOT07_COMP1800,LOT_07,DIGITAL_IC,CQFP-64,DIG-SIH-2026,THERMAL_BURN_IN,T07_1800,PROC-ISRO-IISU-01,ATE-STATION-01,CHAMBER-01,1.0,125.0,5.0,168,IDDQ,ELECTRICAL,uA,1.5059,1171.0549,1171.1191,1171.1555,1169.549,23.274,2.2816,14.072,0.0037,-0.0793,34.87,34.83,1.5059,1171.0549,1171.1191,1171.1555,1169.549,50.0,False,NOMINAL,HEALTHY,-14.4,-13.63
DIG_LOT07_COMP1801,LOT_07,DIGITAL_IC,CQFP-64,DIG-SIH-2026,THERMAL_BURN_IN,T07_1801,PROC-ISRO-IISU-01,ATE-STATION-01,CHAMBER-01,1.0,125.0,5.0,168,IDDQ,ELECTRICAL,uA,1.3143,1006.9968,1007.0949,1007.1008,1005.6825,23.373,1.8594,13.282,-0.0517,-0.0135,35.43,35.02,1.3143,1006.9968,1007.0949,1007.1008,1005.6825,50.0,False,NOMINAL,HEALTHY,17.25,-4.23
DIG_LOT07_COMP1802,LOT_07,DIGITAL_IC,CQFP-64,DIG-SIH-2026,THERMAL_BURN_IN,T07_1802,PROC-ISRO-IISU-01,ATE-STATION-01,CHAMBER-01,1.0,125.0,5.0,168,IDDQ,ELECTRICAL,uA,1.4767,1135.4045,1135.5438,1135.5177,1133.9278,27.522,2.1389,12.54,0.0077,0.0118,34.94,34.98,1.4767,1135.4045,1135.5438,1135.5177,1133.9278,50.0,False,NOMINAL,HEALTHY,43.64,-14.46
DIG_LOT07_COMP1803,LOT_07,DIGITAL_IC,CQFP-64,DIG-SIH-2026,THERMAL_BURN_IN,T07_1803,PROC-ISRO-IISU-01,ATE-STATION-01,CHAMBER-01,1.0,125.0,5.0,168,IDDQ,ELECTRICAL,uA,1.3784,1054.4079,1054.5024,1054.5559,1053.0295,27.529,2.7006,12.057,0.0263,0.0603,34.52,34.42,1.3784,1054.4079,1054.5024,1054.5559,1053.0295,50.0,True,DIELECTRIC_OSCILLATION,HEALTHY,-14.82,29.43
DIG_LOT07_COMP1804,LOT_07,DIGITAL_IC,CQFP-64,DIG-SIH-2026,THERMAL_BURN_IN,T07_1804,PROC-ISRO-IISU-01,ATE-STATION-01,CHAMBER-01,1.0,125.0,5.0,168,IDDQ,ELECTRICAL,uA,1.3824,1059.1822,1059.2639,1059.2778,1057.7998,23.674,1.7148,13.008,0.0244,0.0611,36.46,37.1,1.3824,1059.1822,1059.2639,1059.2778,1057.7998,50.0,False,NOMINAL,HEALTHY,13.91,25.11
DIG_LOT07_COMP1805,LOT_07,DIGITAL_IC,CQFP-64,DIG-SIH-2026,THERMAL_BURN_IN,T07_1805,PROC-ISRO-IISU-01,ATE-STATION-01,CHAMBER-01,1.0,125.0,5.0,168,IDDQ,ELECTRICAL,uA,1.3942,1070.5073,1070.5378,1070.5789,1069.1131,25.964,2.2391,12.197,0.0342,0.0008,34.57,33.76,1.3942,1070.5073,1070.5378,1070.5789,1069.1131,50.0,False,NOMINAL,HEALTHY,19.6,6.49
DIG_LOT07_COMP1806,LOT_07,DIGITAL_IC,CQFP-64,DIG-SIH-2026,THERMAL_BURN_IN,T07_1806,PROC-ISRO-IISU-01,ATE-STATION-01,CHAMBER-01,1.0,125.0,5.0,168,IDDQ,ELECTRICAL,uA,1.5509,1191.0105,1191.1278,1191.1742,1189.4596,25.983,2.1217,12.734,0.0034,0.0331,36.39,36.31,1.5509,1191.0105,1191.1278,1191.1742,1189.4596,50.0,False,NOMINAL,HEALTHY,8.58,-10.25
DIG_LOT07_COMP1807,LOT_07,DIGITAL_IC,CQFP-64,DIG-SIH-2026,THERMAL_BURN_IN,T07_1807,PROC-ISRO-IISU-01,ATE-STATION-01,CHAMBER-01,1.0,125.0,5.0,168,IDDQ,ELECTRICAL,uA,1.4638,1102.0627,1102.1356,1102.1937,1100.5989,25.081,2.2104,12.318,0.0184,0.0354,36.27,36.07,1.4638,1102.0627,1102.1356,1102.1937,1100.5989,50.0,False,NOMINAL,HEALTHY,-9.66,-2.88
DIG_LOT07_COMP1808,LOT_07,DIGITAL_IC,CQFP-64,DIG-SIH-2026,THERMAL_BURN_IN,T07_1808,PROC-ISRO-IISU-01,ATE-STATION-01,CHAMBER-01,1.0,125.0,5.0,168,IDDQ,ELECTRICAL,uA,1.4431,1110.1122,1110.1915,1110.2287,1108.6691,26.041,2.1242,11.905,0.0063,-0.0445,34.34,34.08,1.4431,1110.1122,1110.1915,1110.2287,1108.6691,50.0,False,NOMINAL,HEALTHY,-47.88,-33.3
DIG_LOT07_COMP1809,LOT_07,DIGITAL_IC,CQFP-64,DIG-SIH-2026,THERMAL_BURN_IN,T07_1809,PROC-ISRO-IISU-01,ATE-STATION-01,CHAMBER-01,1.0,125.0,5.0,168,IDDQ,ELECTRICAL,uA,1.2305,950.4022,950.4956,950.6202,949.1717,25.487,2.6176,11.659,0.0243,0.0678,35.31,35.74,1.2305,950.4022,950.4956,950.6202,949.1717,50.0,False,NOMINAL,HEALTHY,16.02,-7.03
DIG_LOT07_COMP1810,LOT_07,DIGITAL_IC,CQFP-64,DIG-SIH-2026,THERMAL_BURN_IN,T07_1810,PROC-ISRO-IISU-01,ATE-STATION-01,CHAMBER-01,1.0,125.0,5.0,168,IDDQ,ELECTRICAL,uA,1.1611,917.6663,917.7908,917.7859,916.5052,23.753,1.6081,12.711,0.0464,-0.0149,34.74,35.02,1.1611,917.6663,917.7908,917.7859,916.5052,50.0,False,NOMINAL,HEALTHY,-43.55,-21.07
DIG_LOT07_COMP1811,LOT_07,DIGITAL_IC,CQFP-64,DIG-SIH-2026,THERMAL_BURN_IN,T07_1811,PROC-ISRO-IISU-01,ATE-STATION-01,CHAMBER-01,1.0,125.0,5.0,168,IDDQ,ELECTRICAL,uA,1.3029,991.4432,991.4984,991.6534,990.1403,24.101,1.8724,12.797,-0.0248,-0.0478,35.0,35.06,1.3029,991.4432,991.4984,991.6534,990.1403,50.0,False,NOMINAL,HEALTHY,40.53,-41.08
DIG_LOT07_COMP1812,LOT_07,DIGITAL_IC,CQFP-64,DIG-SIH-2026,THERMAL_BURN_IN,T07_1812,PROC-ISRO-IISU-01,ATE-STATION-01,CHAMBER-01,1.0,125.0,5.0,168,IDDQ,ELECTRICAL,uA,1.3578,1042.5813,1042.6626,1042.71,1041.2235,24.764,2.5873,11.565,-0.0108,-0.0226,32.8,32.71,1.3578,1042.5813,1042.6626,1042.71,1041.2235,50.0,False,NOMINAL,HEALTHY,-44.93,29.62
DIG_LOT07_COMP1813,LOT_07,DIGITAL_IC,CQFP-64,DIG-SIH-2026,THERMAL_BURN_IN,T07_1813,PROC-ISRO-IISU-01,ATE-STATION-01,CHAMBER-01,1.0,125.0,5.0,168,IDDQ,ELECTRICAL,uA,1.3276,1032.3531,1032.4355,1032.4649,1031.0255,22.506,2.1623,11.926,0.0038,0.0052,32.97,33.96,1.3276,1032.3531,1032.4355,1032.4649,1031.0255,50.0,False,NOMINAL,HEALTHY,-8.79,-25.93
DIG_LOT07_COMP1814,LOT_07,DIGITAL_IC,CQFP-64,DIG-SIH-2026,THERMAL_BURN_IN,T07_1814,PROC-ISRO-IISU-01,ATE-STATION-01,CHAMBER-01,1.0,125.0,5.0,168,IDDQ,ELECTRICAL,uA,6.3612,4895.502,4895.7953,4895.9349,4889.1408,23.209,1.8516,13.072,0.0198,-0.0202,35.62,35.65,6.3612,4895.502,4895.7953,4895.9349,4889.1408,50.0,True,SPATIAL_OUTLIER,HEALTHY,23.47,-0.32
DIG_LOT07_COMP1815,LOT_07,DIGITAL_IC,CQFP-64,DIG-SIH-2026,THERMAL_BURN_IN,T07_1815,PROC-ISRO-IISU-01,ATE-STATION-01,CHAMBER-01,1.0,125.0,5.0,168,IDDQ,ELECTRICAL,uA,1.4758,1121.6983,1121.793,1121.8991,1120.2225,27.343,2.3668,13.528,-0.0225,0.0631,35.5,35.91,1.4758,1121.6983,1121.793,1121.8991,1120.2225,50.0,False,NOMINAL,HEALTHY,-3.11,14.79
DIG_LOT07_COMP1816,LOT_07,DIGITAL_IC,CQFP-64,DIG-SIH-2026,THERMAL_BURN_IN,T07_1816,PROC-ISRO-IISU-01,ATE-STATION-01,CHAMBER-01,1.0,125.0,5.0,168,IDDQ,ELECTRICAL,uA,1.4846,1156.5547,1156.6498,1156.6872,1155.0701,25.992,1.5698,11.397,-0.0261,0.0569,37.21,36.9,1.4846,1156.5547,1156.6498,1156.6872,1155.0701,50.0,False,NOMINAL,HEALTHY,27.2,17.12
DIG_LOT07_COMP1817,LOT_07,DIGITAL_IC,CQFP-64,DIG-SIH-2026,THERMAL_BURN_IN,T07_1817,PROC-ISRO-IISU-01,ATE-STATION-01,CHAMBER-01,1.0,125.0,5.0,168,IDDQ,ELECTRICAL,uA,1.1079,859.8597,859.8608,859.9096,858.7518,24.262,2.0971,14.14,-0.0208,-0.1051,35.19,35.28,1.1079,859.8597,859.8608,859.9096,858.7518,50.0,False,NOMINAL,HEALTHY,10.47,30.06
DIG_LOT07_COMP1818,LOT_07,DIGITAL_IC,CQFP-64,DIG-SIH-2026,THERMAL_BURN_IN,T07_1818,PROC-ISRO-IISU-01,ATE-STATION-01,CHAMBER-01,1.0,125.0,5.0,168,IDDQ,ELECTRICAL,uA,1.2163,939.3619,939.4117,939.4323,938.1456,21.757,2.1134,12.785,-0.0305,-0.0343,34.68,34.95,1.2163,939.3619,939.4117,939.4323,938.1456,50.0,False,NOMINAL,HEALTHY,49.47,-41.65
DIG_LOT07_COMP1819,LOT_07,DIGITAL_IC,CQFP-64,DIG-SIH-2026,THERMAL_BURN_IN,T07_1819,PROC-ISRO-IISU-01,ATE-STATION-01,CHAMBER-01,1.0,125.0,5.0,168,IDDQ,ELECTRICAL,uA,1.4287,1110.5926,1110.6972,1110.7273,1109.1639,24.951,2.0162,13.36,-0.0052,-0.0302,37.74,37.89,1.4287,1110.5926,1110.6972,1110.7273,1109.1639,50.0,False,NOMINAL,HEALTHY,-12.87,-42.51
DIG_LOT07_COMP1820,LOT_07,DIGITAL_IC,CQFP-64,DIG-SIH-2026,THERMAL_BURN_IN,T07_1820,PROC-ISRO-IISU-01,ATE-STATION-01,CHAMBER-01,1.0,125.0,5.0,168,IDDQ,ELECTRICAL,uA,1.345,1045.3684,1045.4221,1045.4874,1044.0234,26.008,2.1134,11.85,-0.0157,-0.0026,34.25,33.39,1.345,1045.3684,1045.4221,1045.4874,1044.0234,50.0,False,NOMINAL,HEALTHY,30.21,18.55
DIG_LOT07_COMP1821,LOT_07,DIGITAL_IC,CQFP-64,DIG-SIH-2026,THERMAL_BURN_IN,T07_1821,PROC-ISRO-IISU-01,ATE-STATION-01,CHAMBER-01,1.0,125.0,5.0,168,IDDQ,ELECTRICAL,uA,1.2859,985.2598,985.364,985.4486,983.9739,27.548,1.7186,13.717,0.0252,0.0304,35.86,36.23,1.2859,985.2598,985.364,985.4486,983.9739,50.0,False,NOMINAL,HEALTHY,-23.62,29.28
DIG_LOT07_COMP1822,LOT_07,DIGITAL_IC,CQFP-64,DIG-SIH-2026,THERMAL_BURN_IN,T07_1822,PROC-ISRO-IISU-01,ATE-STATION-01,CHAMBER-01,1.0,125.0,5.0,168,IDDQ,ELECTRICAL,uA,1.4516,1115.1101,1115.2061,1115.2245,1113.6585,27.415,1.9349,13.333,-0.0178,-0.0719,31.79,32.53,1.4516,1115.1101,1115.2061,1115.2245,1113.6585,50.0,False,NOMINAL,HEALTHY,15.94,-1.92
DIG_LOT07_COMP1823,LOT_07,DIGITAL_IC,CQFP-64,DIG-SIH-2026,THERMAL_BURN_IN,T07_1823,PROC-ISRO-IISU-01,ATE-STATION-01,CHAMBER-01,1.0,125.0,5.0,168,IDDQ,ELECTRICAL,uA,1.0929,833.0686,833.1637,833.189,831.9757,26.857,1.8158,11.603,0.0139,-0.0075,36.82,37.19,1.0929,833.0686,833.1637,833.189,831.9757,50.0,False,NOMINAL,HEALTHY,-37.25,-17.28
DIG_LOT07_COMP1824,LOT_07,DIGITAL_IC,CQFP-64,DIG-SIH-2026,THERMAL_BURN_IN,T07_1824,PROC-ISRO-IISU-01,ATE-STATION-01,CHAMBER-01,1.0,125.0,5.0,168,IDDQ,ELECTRICAL,uA,1.4494,1123.5452,1123.5985,1123.6179,1122.0958,24.027,1.8786,12.824,-0.0092,-0.0021,36.1,36.28,1.4494,1123.5452,1123.5985,1123.6179,1122.0958,50.0,False,NOMINAL,HEALTHY,-48.51,-33.99
DIG_LOT07_COMP1825,LOT_07,DIGITAL_IC,CQFP-64,DIG-SIH-2026,THERMAL_BURN_IN,T07_1825,PROC-ISRO-IISU-01,ATE-STATION-01,CHAMBER-01,1.0,125.0,5.0,168,IDDQ,ELECTRICAL,uA,1.4496,1123.0211,1123.1045,1123.1819,1121.5715,23.161,2.0389,12.533,0.0095,0.0091,32.8,31.3,1.4496,1123.0211,1123.1045,1123.1819,1121.5715,50.0,False,NOMINAL,HEALTHY,46.01,45.13
DIG_LOT07_COMP1826,LOT_07,DIGITAL_IC,CQFP-64,DIG-SIH-2026,THERMAL_BURN_IN,T07_1826,PROC-ISRO-IISU-01,ATE-STATION-01,CHAMBER-01,1.0,125.0,5.0,168,IDDQ,ELECTRICAL,uA,1.3732,1077.0924,1077.2141,1077.2272,1075.7192,23.08,1.7155,12.1,-0.0436,0.0201,34.39,34.37,1.3732,1077.0924,1077.2141,1077.2272,1075.7192,50.0,False,NOMINAL,HEALTHY,45.22,47.53
DIG_LOT07_COMP1827,LOT_07,DIGITAL_IC,CQFP-64,DIG-SIH-2026,THERMAL_BURN_IN,T07_1827,PROC-ISRO-IISU-01,ATE-STATION-01,CHAMBER-01,1.0,125.0,5.0,168,IDDQ,ELECTRICAL,uA,1.2341,969.4356,970.9181,977.3894,968.2015,23.648,1.7552,12.949,-0.017,0.0081,34.33,34.27,1.2341,969.4356,970.9181,977.3894,968.2015,50.0,True,ELECTROMIGRATION,HEALTHY,-18.78,-10.01
DIG_LOT07_COMP1828,LOT_07,DIGITAL_IC,CQFP-64,DIG-SIH-2026,THERMAL_BURN_IN,T07_1828,PROC-ISRO-IISU-01,ATE-STATION-01,CHAMBER-01,1.0,125.0,5.0,168,IDDQ,ELECTRICAL,uA,1.5502,1191.3176,1191.3908,1191.4522,1189.7674,25.085,2.0913,13.606,0.008,-0.0265,36.32,35.89,1.5502,1191.3176,1191.3908,1191.4522,1189.7674,50.0,False,NOMINAL,HEALTHY,21.31,44.64
DIG_LOT07_COMP1829,LOT_07,DIGITAL_IC,CQFP-64,DIG-SIH-2026,THERMAL_BURN_IN,T07_1829,PROC-ISRO-IISU-01,ATE-STATION-01,CHAMBER-01,1.0,125.0,5.0,168,IDDQ,ELECTRICAL,uA,1.1379,868.6187,868.6741,868.687,867.4808,24.942,1.7216,13.59,-0.0048,0.1021,33.89,34.51,1.1379,868.6187,868.6741,868.687,867.4808,50.0,False,NOMINAL,HEALTHY,-45.48,32.31
DIG_LOT07_COMP1830,LOT_07,DIGITAL_IC,CQFP-64,DIG-SIH-2026,THERMAL_BURN_IN,T07_1830,PROC-ISRO-IISU-01,ATE-STATION-01,CHAMBER-01,1.0,125.0,5.0,168,IDDQ,ELECTRICAL,uA,1.2895,998.1839,998.2502,998.2881,996.8944,22.759,1.9565,12.619,-0.0019,0.0322,34.49,35.17,1.2895,998.1839,998.2502,998.2881,996.8944,50.0,False,NOMINAL,HEALTHY,-31.06,-31.48
DIG_LOT07_COMP1831,LOT_07,DIGITAL_IC,CQFP-64,DIG-SIH-2026,THERMAL_BURN_IN,T07_1831,PROC-ISRO-IISU-01,ATE-STATION-01,CHAMBER-01,1.0,125.0,5.0,168,IDDQ,ELECTRICAL,uA,1.0417,787.4615,787.568,787.5846,786.4198,22.258,1.9657,12.492,0.0041,0.0024,35.13,35.21,1.0417,787.4615,787.568,787.5846,786.4198,50.0,False,NOMINAL,HEALTHY,17.07,-3.07
DIG_LOT07_COMP1832,LOT_07,DIGITAL_IC,CQFP-64,DIG-SIH-2026,THERMAL_BURN_IN,T07_1832,PROC-ISRO-IISU-01,ATE-STATION-01,CHAMBER-01,1.0,125.0,5.0,168,IDDQ,ELECTRICAL,uA,1.1968,932.5991,932.6634,932.6875,931.4023,25.481,2.1542,11.531,-0.0254,-0.0263,35.08,35.12,1.1968,932.5991,932.6634,932.6875,931.4023,50.0,False,NOMINAL,HEALTHY,16.27,15.54
DIG_LOT07_COMP1833,LOT_07,DIGITAL_IC,CQFP-64,DIG-SIH-2026,THERMAL_BURN_IN,T07_1833,PROC-ISRO-IISU-01,ATE-STATION-01,CHAMBER-01,1.0,125.0,5.0,168,IDDQ,ELECTRICAL,uA,1.3935,1081.5928,1081.6792,1081.7369,1080.1993,26.574,2.2024,13.202,-0.0296,0.0023,34.8,34.38,1.3935,1081.5928,1081.6792,1081.7369,1080.1993,50.0,False,NOMINAL,HEALTHY,49.63,-1.44
DIG_LOT07_COMP1834,LOT_07,DIGITAL_IC,CQFP-64,DIG-SIH-2026,THERMAL_BURN_IN,T07_1834,PROC-ISRO-IISU-01,ATE-STATION-01,CHAMBER-01,1.0,125.0,5.0,168,IDDQ,ELECTRICAL,uA,1.5001,1157.2489,1157.3211,1157.4663,1155.7488,26.852,1.7879,11.788,-0.0108,0.0237,34.49,34.02,1.5001,1157.2489,1157.3211,1157.4663,1155.7488,50.0,False,NOMINAL,HEALTHY,39.22,-35.48
DIG_LOT07_COMP1835,LOT_07,DIGITAL_IC,CQFP-64,DIG-SIH-2026,THERMAL_BURN_IN,T07_1835,PROC-ISRO-IISU-01,ATE-STATION-01,CHAMBER-01,1.0,125.0,5.0,168,IDDQ,ELECTRICAL,uA,1.2935,991.21,991.2703,991.3093,989.9165,22.13,1.7768,10.627,0.0155,0.055,35.66,35.56,1.2935,991.21,991.2703,991.3093,989.9165,50.0,False,NOMINAL,HEALTHY,-39.03,30.28
DIG_LOT07_COMP1836,LOT_07,DIGITAL_IC,CQFP-64,DIG-SIH-2026,THERMAL_BURN_IN,T07_1836,PROC-ISRO-IISU-01,ATE-STATION-01,CHAMBER-01,1.0,125.0,5.0,168,IDDQ,ELECTRICAL,uA,1.2004,917.0363,917.1515,917.2561,915.8359,24.725,2.0668,12.845,0.0139,0.0724,34.83,34.97,1.2004,917.0363,917.1515,917.2561,915.8359,50.0,False,NOMINAL,HEALTHY,38.73,-32.32
DIG_LOT07_COMP1837,LOT_07,DIGITAL_IC,CQFP-64,DIG-SIH-2026,THERMAL_BURN_IN,T07_1837,PROC-ISRO-IISU-01,ATE-STATION-01,CHAMBER-01,1.0,125.0,5.0,168,IDDQ,ELECTRICAL,uA,1.2942,1021.7395,1021.7451,1021.8149,1020.4453,25.531,2.6775,11.511,0.0029,-0.0478,34.57,34.71,1.2942,1021.7395,1021.7451,1021.8149,1020.4453,50.0,False,NOMINAL,HEALTHY,22.54,-41.16
DIG_LOT07_COMP1838,LOT_07,DIGITAL_IC,CQFP-64,DIG-SIH-2026,THERMAL_BURN_IN,T07_1838,PROC-ISRO-IISU-01,ATE-STATION-01,CHAMBER-01,1.0,125.0,5.0,168,IDDQ,ELECTRICAL,uA,1.6531,1276.3858,1276.4854,1276.5626,1274.7327,25.531,1.6418,12.017,-0.0079,-0.1002,37.25,37.53,1.6531,1276.3858,1276.4854,1276.5626,1274.7327,50.0,False,NOMINAL,HEALTHY,48.7,-39.37
DIG_LOT07_COMP1839,LOT_07,DIGITAL_IC,CQFP-64,DIG-SIH-2026,THERMAL_BURN_IN,T07_1839,PROC-ISRO-IISU-01,ATE-STATION-01,CHAMBER-01,1.0,125.0,5.0,168,IDDQ,ELECTRICAL,uA,1.3711,1047.1568,1047.2224,1047.252,1045.7857,26.158,1.6529,12.138,0.0195,-0.0166,34.87,35.01,1.3711,1047.1568,1047.2224,1047.252,1045.7857,50.0,False,NOMINAL,HEALTHY,-39.78,-42.94
DIG_LOT07_COMP1840,LOT_07,DIGITAL_IC,CQFP-64,DIG-SIH-2026,THERMAL_BURN_IN,T07_1840,PROC-ISRO-IISU-01,ATE-STATION-01,CHAMBER-01,1.0,125.0,5.0,168,IDDQ,ELECTRICAL,uA,1.4598,1122.2513,1122.3221,1122.3496,1120.7915,25.045,1.4142,12.553,0.0172,0.0415,32.55,31.76,1.4598,1122.2513,1122.3221,1122.3496,1120.7915,50.0,False,NOMINAL,HEALTHY,-1.73,30.47
DIG_LOT07_COMP1841,LOT_07,DIGITAL_IC,CQFP-64,DIG-SIH-2026,THERMAL_BURN_IN,T07_1841,PROC-ISRO-IISU-01,ATE-STATION-01,CHAMBER-01,1.0,125.0,5.0,168,IDDQ,ELECTRICAL,uA,1.62,1254.0511,1254.1459,1254.2292,1252.4311,24.603,1.8668,12.401,0.0227,0.0181,35.27,34.4,1.62,1254.0511,1254.1459,1254.2292,1252.4311,50.0,False,NOMINAL,HEALTHY,-8.49,-17.7
DIG_LOT07_COMP1842,LOT_07,DIGITAL_IC,CQFP-64,DIG-SIH-2026,THERMAL_BURN_IN,T07_1842,PROC-ISRO-IISU-01,ATE-STATION-01,CHAMBER-01,1.0,125.0,5.0,168,IDDQ,ELECTRICAL,uA,1.4642,1128.3494,1128.4591,1128.5124,1126.8852,24.585,2.0793,11.806,-0.0061,-0.072,35.77,35.48,1.4642,1128.3494,1128.4591,1128.5124,1126.8852,50.0,False,NOMINAL,HEALTHY,-6.43,-25.91
DIG_LOT07_COMP1843,LOT_07,DIGITAL_IC,CQFP-64,DIG-SIH-2026,THERMAL_BURN_IN,T07_1843,PROC-ISRO-IISU-01,ATE-STATION-01,CHAMBER-01,1.0,125.0,5.0,168,IDDQ,ELECTRICAL,uA,1.4693,1144.2116,1144.2592,1144.3658,1142.7423,26.853,2.2715,12.981,0.0222,-0.0464,34.78,34.17,1.4693,1144.2116,1144.2592,1144.3658,1142.7423,50.0,False,NOMINAL,HEALTHY,-45.96,-11.95
DIG_LOT07_COMP1844,LOT_07,DIGITAL_IC,CQFP-64,DIG-SIH-2026,THERMAL_BURN_IN,T07_1844,PROC-ISRO-IISU-01,ATE-STATION-01,CHAMBER-01,1.0,125.0,5.0,168,IDDQ,ELECTRICAL,uA,1.3872,1062.6011,1062.7098,1062.6884,1061.2139,25.598,2.2698,12.2,0.0047,0.0184,36.73,36.41,1.3872,1062.6011,1062.7098,1062.6884,1061.2139,50.0,False,NOMINAL,HEALTHY,39.83,21.1
DIG_LOT07_COMP1845,LOT_07,DIGITAL_IC,CQFP-64,DIG-SIH-2026,THERMAL_BURN_IN,T07_1845,PROC-ISRO-IISU-01,ATE-STATION-01,CHAMBER-01,1.0,125.0,5.0,168,IDDQ,ELECTRICAL,uA,1.189,916.5873,916.6501,916.7766,915.3983,24.929,1.7223,12.143,0.0004,-0.0051,34.68,34.28,1.189,916.5873,916.6501,916.7766,915.3983,50.0,False,NOMINAL,HEALTHY,5.18,39.91
DIG_LOT07_COMP1846,LOT_07,DIGITAL_IC,CQFP-64,DIG-SIH-2026,THERMAL_BURN_IN,T07_1846,PROC-ISRO-IISU-01,ATE-STATION-01,CHAMBER-01,1.0,125.0,5.0,168,IDDQ,ELECTRICAL,uA,1.3652,1068.2632,1068.3698,1068.3811,1066.898,22.145,1.7584,13.424,-0.0155,-0.0529,36.09,35.87,1.3652,1068.2632,1068.3698,1068.3811,1066.898,50.0,False,NOMINAL,HEALTHY,-9.36,-31.07
DIG_LOT07_COMP1847,LOT_07,DIGITAL_IC,CQFP-64,DIG-SIH-2026,THERMAL_BURN_IN,T07_1847,PROC-ISRO-IISU-01,ATE-STATION-01,CHAMBER-01,1.0,125.0,5.0,168,IDDQ,ELECTRICAL,uA,1.2348,970.2443,970.2577,970.3025,969.0095,24.627,2.1004,11.83,0.0265,-0.0189,33.32,33.22,1.2348,970.2443,970.2577,970.3025,969.0095,50.0,False,NOMINAL,HEALTHY,-36.6,-15.36
DIG_LOT07_COMP1848,LOT_07,DIGITAL_IC,CQFP-64,DIG-SIH-2026,THERMAL_BURN_IN,T07_1848,PROC-ISRO-IISU-01,ATE-STATION-01,CHAMBER-01,1.0,125.0,5.0,168,IDDQ,ELECTRICAL,uA,1.1833,921.2501,921.327,921.3796,920.0668,25.907,1.8022,12.184,0.0152,0.0315,34.53,34.44,1.1833,921.2501,921.327,921.3796,920.0668,50.0,False,NOMINAL,HEALTHY,19.35,42.14
DIG_LOT07_COMP1849,LOT_07,DIGITAL_IC,CQFP-64,DIG-SIH-2026,THERMAL_BURN_IN,T07_1849,PROC-ISRO-IISU-01,ATE-STATION-01,CHAMBER-01,1.0,125.0,5.0,168,IDDQ,ELECTRICAL,uA,1.5013,1163.8845,1163.9808,1164.0111,1162.3832,26.447,1.9304,12.835,-0.0086,0.0044,35.4,35.45,1.5013,1163.8845,1163.9808,1164.0111,1162.3832,50.0,False,NOMINAL,HEALTHY,35.45,46.06
DIG_LOT07_COMP1850,LOT_07,DIGITAL_IC,CQFP-64,DIG-SIH-2026,THERMAL_BURN_IN,T07_1850,PROC-ISRO-IISU-01,ATE-STATION-01,CHAMBER-01,1.0,125.0,5.0,168,IDDQ,ELECTRICAL,uA,1.4267,1101.5074,1101.5354,1101.6283,1100.0807,24.974,1.6374,12.17,-0.0024,0.0173,34.35,35.06,1.4267,1101.5074,1101.5354,1101.6283,1100.0807,50.0,False,NOMINAL,HEALTHY,-4.58,8.46
DIG_LOT07_COMP1851,LOT_07,DIGITAL_IC,CQFP-64,DIG-SIH-2026,THERMAL_BURN_IN,T07_1851,PROC-ISRO-IISU-01,ATE-STATION-01,CHAMBER-01,1.0,125.0,5.0,168,IDDQ,ELECTRICAL,uA,1.1214,857.7684,857.7665,857.9001,856.647,24.764,2.0128,12.295,-0.0076,0.0122,36.49,37.14,1.1214,857.7684,857.7665,857.9001,856.647,50.0,False,NOMINAL,HEALTHY,32.42,41.66
DIG_LOT07_COMP1852,LOT_07,DIGITAL_IC,CQFP-64,DIG-SIH-2026,THERMAL_BURN_IN,T07_1852,PROC-ISRO-IISU-01,ATE-STATION-01,CHAMBER-01,1.0,125.0,5.0,168,IDDQ,ELECTRICAL,uA,1.0918,843.8055,843.87,843.8838,842.7137,27.369,1.9814,11.696,-0.0021,0.0049,35.98,36.12,1.0918,843.8055,843.87,843.8838,842.7137,50.0,False,NOMINAL,HEALTHY,-7.98,-44.93
DIG_LOT07_COMP1853,LOT_07,DIGITAL_IC,CQFP-64,DIG-SIH-2026,THERMAL_BURN_IN,T07_1853,PROC-ISRO-IISU-01,ATE-STATION-01,CHAMBER-01,1.0,125.0,5.0,168,IDDQ,ELECTRICAL,uA,1.2891,987.6939,987.8051,987.8396,986.4048,25.716,2.1455,12.952,-0.0007,-0.0006,34.03,34.37,1.2891,987.6939,987.8051,987.8396,986.4048,50.0,False,NOMINAL,HEALTHY,-4.96,26.29
DIG_LOT07_COMP1854,LOT_07,DIGITAL_IC,CQFP-64,DIG-SIH-2026,THERMAL_BURN_IN,T07_1854,PROC-ISRO-IISU-01,ATE-STATION-01,CHAMBER-01,1.0,125.0,5.0,168,IDDQ,ELECTRICAL,uA,1.1484,886.5563,886.632,886.6759,885.4079,24.12,1.7855,12.59,0.0008,0.058,33.81,34.21,1.1484,886.5563,886.632,886.6759,885.4079,50.0,False,NOMINAL,HEALTHY,-5.36,-38.64
DIG_LOT07_COMP1855,LOT_07,DIGITAL_IC,CQFP-64,DIG-SIH-2026,THERMAL_BURN_IN,T07_1855,PROC-ISRO-IISU-01,ATE-STATION-01,CHAMBER-01,1.0,125.0,5.0,168,IDDQ,ELECTRICAL,uA,1.5396,1183.4242,1183.5355,1183.5933,1181.8846,24.006,1.4555,12.984,-0.0011,-0.082,35.55,35.8,1.5396,1183.4242,1183.5355,1183.5933,1181.8846,50.0,False,NOMINAL,HEALTHY,15.86,39.69
DIG_LOT07_COMP1856,LOT_07,DIGITAL_IC,CQFP-64,DIG-SIH-2026,THERMAL_BURN_IN,T07_1856,PROC-ISRO-IISU-01,ATE-STATION-01,CHAMBER-01,1.0,125.0,5.0,168,IDDQ,ELECTRICAL,uA,1.294,1014.2998,1014.3966,1014.4471,1013.0058,24.554,2.1789,11.255,0.0524,0.0784,35.11,34.54,1.294,1014.2998,1014.3966,1014.4471,1013.0058,50.0,False,NOMINAL,HEALTHY,-39.37,-35.34
DIG_LOT07_COMP1857,LOT_07,DIGITAL_IC,CQFP-64,DIG-SIH-2026,THERMAL_BURN_IN,T07_1857,PROC-ISRO-IISU-01,ATE-STATION-01,CHAMBER-01,1.0,125.0,5.0,168,IDDQ,ELECTRICAL,uA,1.2632,977.5862,977.6997,977.7346,976.323,24.924,1.8281,13.317,-0.0214,0.0247,35.31,35.46,1.2632,977.5862,977.6997,977.7346,976.323,50.0,False,NOMINAL,HEALTHY,41.23,40.3
DIG_LOT07_COMP1858,LOT_07,DIGITAL_IC,CQFP-64,DIG-SIH-2026,THERMAL_BURN_IN,T07_1858,PROC-ISRO-IISU-01,ATE-STATION-01,CHAMBER-01,1.0,125.0,5.0,168,IDDQ,ELECTRICAL,uA,1.0581,820.767,820.8594,820.8659,819.7089,25.13,1.7506,12.899,0.0131,0.0264,35.93,35.96,1.0581,820.767,820.8594,820.8659,819.7089,50.0,False,NOMINAL,HEALTHY,17.21,-17.02
DIG_LOT07_COMP1859,LOT_07,DIGITAL_IC,CQFP-64,DIG-SIH-2026,THERMAL_BURN_IN,T07_1859,PROC-ISRO-IISU-01,ATE-STATION-01,CHAMBER-01,1.0,125.0,5.0,168,IDDQ,ELECTRICAL,uA,1.0417,786.7769,786.8204,786.8795,785.7352,23.741,2.0606,12.394,-0.0295,-0.062,34.38,33.27,1.0417,786.7769,786.8204,786.8795,785.7352,50.0,False,NOMINAL,HEALTHY,25.83,46.88
DIG_LOT07_COMP1860,LOT_07,DIGITAL_IC,CQFP-64,DIG-SIH-2026,THERMAL_BURN_IN,T07_1860,PROC-ISRO-IISU-01,ATE-STATION-01,CHAMBER-01,1.0,125.0,5.0,168,IDDQ,ELECTRICAL,uA,1.4686,1160.1653,1160.2407,1160.3146,1158.6967,25.403,2.2427,12.588,0.0162,0.0623,34.52,34.77,1.4686,1160.1653,1160.2407,1160.3146,1158.6967,50.0,False,NOMINAL,HEALTHY,47.64,-41.0
DIG_LOT07_COMP1861,LOT_07,DIGITAL_IC,CQFP-64,DIG-SIH-2026,THERMAL_BURN_IN,T07_1861,PROC-ISRO-IISU-01,ATE-STATION-01,CHAMBER-01,1.0,125.0,5.0,168,IDDQ,ELECTRICAL,uA,1.0365,791.5071,791.5694,791.5988,790.4706,23.655,1.8037,12.226,0.0086,0.0086,35.69,36.77,1.0365,791.5071,791.5694,791.5988,790.4706,50.0,False,NOMINAL,HEALTHY,-14.06,-35.13
DIG_LOT07_COMP1862,LOT_07,DIGITAL_IC,CQFP-64,DIG-SIH-2026,THERMAL_BURN_IN,T07_1862,PROC-ISRO-IISU-01,ATE-STATION-01,CHAMBER-01,1.0,125.0,5.0,168,IDDQ,ELECTRICAL,uA,1.3032,1011.2582,1011.3805,1011.4313,1009.955,25.638,2.2681,12.038,0.0033,-0.0154,34.01,33.39,1.3032,1011.2582,1011.3805,1011.4313,1009.955,50.0,False,NOMINAL,HEALTHY,20.32,24.87
DIG_LOT07_COMP1863,LOT_07,DIGITAL_IC,CQFP-64,DIG-SIH-2026,THERMAL_BURN_IN,T07_1863,PROC-ISRO-IISU-01,ATE-STATION-01,CHAMBER-01,1.0,125.0,5.0,168,IDDQ,ELECTRICAL,uA,1.2032,935.0097,935.0643,935.0823,933.8065,23.703,2.2074,11.848,0.0014,0.0425,36.2,36.21,1.2032,935.0097,935.0643,935.0823,933.8065,50.0,False,NOMINAL,HEALTHY,-41.5,38.74
DIG_LOT07_COMP1864,LOT_07,DIGITAL_IC,CQFP-64,DIG-SIH-2026,THERMAL_BURN_IN,T07_1864,PROC-ISRO-IISU-01,ATE-STATION-01,CHAMBER-01,1.0,125.0,5.0,168,IDDQ,ELECTRICAL,uA,1.1456,890.4514,890.5439,890.5311,889.3058,26.872,2.3361,13.325,0.0124,0.0328,35.56,36.12,1.1456,890.4514,890.5439,890.5311,889.3058,50.0,False,NOMINAL,HEALTHY,3.23,-36.99
DIG_LOT07_COMP1865,LOT_07,DIGITAL_IC,CQFP-64,DIG-SIH-2026,THERMAL_BURN_IN,T07_1865,PROC-ISRO-IISU-01,ATE-STATION-01,CHAMBER-01,1.0,125.0,5.0,168,IDDQ,ELECTRICAL,uA,1.3964,1072.6213,1072.7247,1072.8098,1071.2249,22.547,2.4698,14.167,0.0086,0.0671,33.83,34.51,1.3964,1072.6213,1072.7247,1072.8098,1071.2249,50.0,False,NOMINAL,HEALTHY,32.12,-35.09
DIG_LOT07_COMP1866,LOT_07,DIGITAL_IC,CQFP-64,DIG-SIH-2026,THERMAL_BURN_IN,T07_1866,PROC-ISRO-IISU-01,ATE-STATION-01,CHAMBER-01,1.0,125.0,5.0,168,IDDQ,ELECTRICAL,uA,1.0967,859.3625,859.4405,859.464,858.2658,24.838,2.6314,11.394,0.0165,-0.006,35.33,34.81,1.0967,859.3625,859.4405,859.464,858.2658,50.0,False,NOMINAL,HEALTHY,-3.85,24.62
DIG_LOT07_COMP1867,LOT_07,DIGITAL_IC,CQFP-64,DIG-SIH-2026,THERMAL_BURN_IN,T07_1867,PROC-ISRO-IISU-01,ATE-STATION-01,CHAMBER-01,1.0,125.0,5.0,168,IDDQ,ELECTRICAL,uA,1.0718,837.8856,837.9273,837.9743,836.8138,23.338,2.48,13.189,0.0079,-0.0844,35.69,36.11,1.0718,837.8856,837.9273,837.9743,836.8138,50.0,False,NOMINAL,HEALTHY,1.72,-48.59
DIG_LOT07_COMP1868,LOT_07,DIGITAL_IC,CQFP-64,DIG-SIH-2026,THERMAL_BURN_IN,T07_1868,PROC-ISRO-IISU-01,ATE-STATION-01,CHAMBER-01,1.0,125.0,5.0,168,IDDQ,ELECTRICAL,uA,1.2491,976.2145,976.2787,976.3239,974.9654,25.756,1.5045,13.257,-0.035,-0.0278,34.57,33.82,1.2491,976.2145,976.2787,976.3239,974.9654,50.0,False,NOMINAL,HEALTHY,-47.72,48.34
DIG_LOT07_COMP1869,LOT_07,DIGITAL_IC,CQFP-64,DIG-SIH-2026,THERMAL_BURN_IN,T07_1869,PROC-ISRO-IISU-01,ATE-STATION-01,CHAMBER-01,1.0,125.0,5.0,168,IDDQ,ELECTRICAL,uA,1.1021,862.6956,862.7721,862.8141,861.5935,23.022,2.2079,11.078,-0.0033,0.0385,35.86,35.32,1.1021,862.6956,862.7721,862.8141,861.5935,50.0,False,NOMINAL,HEALTHY,26.58,-46.31
DIG_LOT07_COMP1870,LOT_07,DIGITAL_IC,CQFP-64,DIG-SIH-2026,THERMAL_BURN_IN,T07_1870,PROC-ISRO-IISU-01,ATE-STATION-01,CHAMBER-01,1.0,125.0,5.0,168,IDDQ,ELECTRICAL,uA,1.5079,1154.187,1154.2284,1154.3001,1152.6791,27.11,1.5725,13.415,-0.0001,-0.0284,31.84,31.05,1.5079,1154.187,1154.2284,1154.3001,1152.6791,50.0,False,NOMINAL,HEALTHY,6.96,-31.26
DIG_LOT07_COMP1871,LOT_07,DIGITAL_IC,CQFP-64,DIG-SIH-2026,THERMAL_BURN_IN,T07_1871,PROC-ISRO-IISU-01,ATE-STATION-01,CHAMBER-01,1.0,125.0,5.0,168,IDDQ,ELECTRICAL,uA,1.2951,1023.6982,1023.8343,1023.8331,1022.4031,22.415,2.316,12.343,0.0088,0.0167,36.1,35.72,1.2951,1023.6982,1023.8343,1023.8331,1022.4031,50.0,False,NOMINAL,HEALTHY,-11.41,-14.88
DIG_LOT07_COMP1872,LOT_07,DIGITAL_IC,CQFP-64,DIG-SIH-2026,THERMAL_BURN_IN,T07_1872,PROC-ISRO-IISU-01,ATE-STATION-01,CHAMBER-01,1.0,125.0,5.0,168,IDDQ,ELECTRICAL,uA,1.3122,996.8339,996.8694,996.874,995.5217,26.969,1.6084,13.341,-0.0141,-0.072,35.61,36.3,1.3122,996.8339,996.8694,996.874,995.5217,50.0,False,NOMINAL,HEALTHY,-24.66,-35.66
DIG_LOT07_COMP1873,LOT_07,DIGITAL_IC,CQFP-64,DIG-SIH-2026,THERMAL_BURN_IN,T07_1873,PROC-ISRO-IISU-01,ATE-STATION-01,CHAMBER-01,1.0,125.0,5.0,168,IDDQ,ELECTRICAL,uA,1.5007,1158.391,1158.4643,1158.5221,1156.8903,25.383,2.2432,12.695,-0.019,0.0017,35.74,34.71,1.5007,1158.391,1158.4643,1158.5221,1156.8903,50.0,False,NOMINAL,HEALTHY,-8.37,-28.37
DIG_LOT07_COMP1874,LOT_07,DIGITAL_IC,CQFP-64,DIG-SIH-2026,THERMAL_BURN_IN,T07_1874,PROC-ISRO-IISU-01,ATE-STATION-01,CHAMBER-01,1.0,125.0,5.0,168,IDDQ,ELECTRICAL,uA,1.4164,1089.7591,1089.8676,1089.883,1088.3427,24.099,1.5749,12.627,-0.0321,0.0165,35.06,34.9,1.4164,1089.7591,1089.8676,1089.883,1088.3427,50.0,False,NOMINAL,HEALTHY,46.29,49.53
DIG_LOT07_COMP1875,LOT_07,DIGITAL_IC,CQFP-64,DIG-SIH-2026,THERMAL_BURN_IN,T07_1875,PROC-ISRO-IISU-01,ATE-STATION-01,CHAMBER-01,1.0,125.0,5.0,168,IDDQ,ELECTRICAL,uA,1.4213,1105.891,1105.9747,1106.0131,1104.4697,24.967,2.3162,11.651,0.0107,-0.0554,35.18,35.26,1.4213,1105.891,1105.9747,1106.0131,1104.4697,50.0,False,NOMINAL,HEALTHY,16.63,5.46
DIG_LOT07_COMP1876,LOT_07,DIGITAL_IC,CQFP-64,DIG-SIH-2026,THERMAL_BURN_IN,T07_1876,PROC-ISRO-IISU-01,ATE-STATION-01,CHAMBER-01,1.0,125.0,5.0,168,IDDQ,ELECTRICAL,uA,1.5398,1183.5997,1183.6244,1183.6856,1182.0599,23.546,2.1658,13.565,-0.0324,-0.0549,33.2,33.36,1.5398,1183.5997,1183.6244,1183.6856,1182.0599,50.0,False,NOMINAL,HEALTHY,-27.63,39.1
DIG_LOT07_COMP1877,LOT_07,DIGITAL_IC,CQFP-64,DIG-SIH-2026,THERMAL_BURN_IN,T07_1877,PROC-ISRO-IISU-01,ATE-STATION-01,CHAMBER-01,1.0,125.0,5.0,168,IDDQ,ELECTRICAL,uA,1.3212,1037.2517,1037.3226,1037.4009,1035.9305,27.643,2.1513,13.784,-0.0098,-0.0422,34.05,33.5,1.3212,1037.2517,1037.3226,1037.4009,1035.9305,50.0,False,NOMINAL,HEALTHY,25.54,5.11
DIG_LOT07_COMP1878,LOT_07,DIGITAL_IC,CQFP-64,DIG-SIH-2026,THERMAL_BURN_IN,T07_1878,PROC-ISRO-IISU-01,ATE-STATION-01,CHAMBER-01,1.0,125.0,5.0,168,IDDQ,ELECTRICAL,uA,1.2541,962.3983,962.4029,962.5062,961.1442,27.379,1.658,11.861,-0.0055,-0.0043,34.81,33.51,1.2541,962.3983,962.4029,962.5062,961.1442,50.0,False,NOMINAL,HEALTHY,25.09,-5.49
DIG_LOT07_COMP1879,LOT_07,DIGITAL_IC,CQFP-64,DIG-SIH-2026,THERMAL_BURN_IN,T07_1879,PROC-ISRO-IISU-01,ATE-STATION-01,CHAMBER-01,1.0,125.0,5.0,168,IDDQ,ELECTRICAL,uA,1.5043,1143.6991,1143.8175,1143.8641,1142.1948,28.674,2.4318,12.481,-0.0014,0.0194,36.35,36.75,1.5043,1143.6991,1143.8175,1143.8641,1142.1948,50.0,False,NOMINAL,HEALTHY,-2.45,-3.27
DIG_LOT07_COMP1880,LOT_07,DIGITAL_IC,CQFP-64,DIG-SIH-2026,THERMAL_BURN_IN,T07_1880,PROC-ISRO-IISU-01,ATE-STATION-01,CHAMBER-01,1.0,125.0,5.0,168,IDDQ,ELECTRICAL,uA,1.4492,1107.451,1107.5846,1107.5502,1106.0018,22.381,1.9897,11.615,-0.0053,-0.0033,35.84,36.24,1.4492,1107.451,1107.5846,1107.5502,1106.0018,50.0,False,NOMINAL,HEALTHY,-40.39,-14.83
DIG_LOT07_COMP1881,LOT_07,DIGITAL_IC,CQFP-64,DIG-SIH-2026,THERMAL_BURN_IN,T07_1881,PROC-ISRO-IISU-01,ATE-STATION-01,CHAMBER-01,1.0,125.0,5.0,168,IDDQ,ELECTRICAL,uA,1.3087,999.5012,999.6598,999.7012,998.1925,25.275,1.9045,11.718,-0.0433,-0.0869,34.78,34.03,1.3087,999.5012,999.6598,999.7012,998.1925,50.0,False,NOMINAL,HEALTHY,18.46,-8.12
DIG_LOT07_COMP1882,LOT_07,DIGITAL_IC,CQFP-64,DIG-SIH-2026,THERMAL_BURN_IN,T07_1882,PROC-ISRO-IISU-01,ATE-STATION-01,CHAMBER-01,1.0,125.0,5.0,168,IDDQ,ELECTRICAL,uA,1.2501,965.0514,965.0818,965.1727,963.8013,23.121,1.6697,10.879,0.0131,-0.1085,34.91,34.57,1.2501,965.0514,965.0818,965.1727,963.8013,50.0,False,NOMINAL,HEALTHY,-7.65,48.64
DIG_LOT07_COMP1883,LOT_07,DIGITAL_IC,CQFP-64,DIG-SIH-2026,THERMAL_BURN_IN,T07_1883,PROC-ISRO-IISU-01,ATE-STATION-01,CHAMBER-01,1.0,125.0,5.0,168,IDDQ,ELECTRICAL,uA,1.3217,1005.2738,1005.3543,1005.4206,1003.9521,26.291,2.0558,12.144,0.0449,0.1634,34.1,33.85,1.3217,1005.2738,1005.3543,1005.4206,1003.9521,50.0,False,NOMINAL,HEALTHY,-45.69,12.29
DIG_LOT07_COMP1884,LOT_07,DIGITAL_IC,CQFP-64,DIG-SIH-2026,THERMAL_BURN_IN,T07_1884,PROC-ISRO-IISU-01,ATE-STATION-01,CHAMBER-01,1.0,125.0,5.0,168,IDDQ,ELECTRICAL,uA,1.3916,1062.3535,1062.4595,1062.4997,1060.9619,25.244,2.1311,12.452,-0.0287,0.0101,35.39,34.9,1.3916,1062.3535,1062.4595,1062.4997,1060.9619,50.0,False,NOMINAL,HEALTHY,28.09,16.55
DIG_LOT07_COMP1885,LOT_07,DIGITAL_IC,CQFP-64,DIG-SIH-2026,THERMAL_BURN_IN,T07_1885,PROC-ISRO-IISU-01,ATE-STATION-01,CHAMBER-01,1.0,125.0,5.0,168,IDDQ,ELECTRICAL,uA,1.3495,1041.3933,1041.5007,1041.5585,1040.0438,24.374,1.9734,11.958,-0.0027,-0.027,35.85,35.71,1.3495,1041.3933,1041.5007,1041.5585,1040.0438,50.0,False,NOMINAL,HEALTHY,6.52,4.32
DIG_LOT07_COMP1886,LOT_07,DIGITAL_IC,CQFP-64,DIG-SIH-2026,THERMAL_BURN_IN,T07_1886,PROC-ISRO-IISU-01,ATE-STATION-01,CHAMBER-01,1.0,125.0,5.0,168,IDDQ,ELECTRICAL,uA,1.3672,1052.6646,1052.7447,1052.775,1051.2974,24.494,2.3438,11.891,-0.0062,-0.0233,34.59,34.44,1.3672,1052.6646,1052.7447,1052.775,1051.2974,50.0,False,NOMINAL,HEALTHY,41.54,9.21
DIG_LOT07_COMP1887,LOT_07,DIGITAL_IC,CQFP-64,DIG-SIH-2026,THERMAL_BURN_IN,T07_1887,PROC-ISRO-IISU-01,ATE-STATION-01,CHAMBER-01,1.0,125.0,5.0,168,IDDQ,ELECTRICAL,uA,1.396,1065.3731,1065.5328,1065.5062,1063.9771,23.499,2.0848,12.069,-0.0039,-0.0022,34.62,34.36,1.396,1065.3731,1065.5328,1065.5062,1063.9771,50.0,False,NOMINAL,HEALTHY,-44.76,-9.87
DIG_LOT07_COMP1888,LOT_07,DIGITAL_IC,CQFP-64,DIG-SIH-2026,THERMAL_BURN_IN,T07_1888,PROC-ISRO-IISU-01,ATE-STATION-01,CHAMBER-01,1.0,125.0,5.0,168,IDDQ,ELECTRICAL,uA,1.4388,1108.6294,1108.6973,1108.7597,1107.1906,25.28,1.7389,11.166,-0.0124,0.0381,35.72,35.86,1.4388,1108.6294,1108.6973,1108.7597,1107.1906,50.0,False,NOMINAL,HEALTHY,27.24,49.06
DIG_LOT07_COMP1889,LOT_07,DIGITAL_IC,CQFP-64,DIG-SIH-2026,THERMAL_BURN_IN,T07_1889,PROC-ISRO-IISU-01,ATE-STATION-01,CHAMBER-01,1.0,125.0,5.0,168,IDDQ,ELECTRICAL,uA,1.31,996.5122,996.6127,996.7079,995.2022,21.507,2.3228,11.179,0.0453,0.0756,33.63,33.02,1.31,996.5122,996.6127,996.7079,995.2022,50.0,False,NOMINAL,HEALTHY,8.43,-43.35
DIG_LOT07_COMP1890,LOT_07,DIGITAL_IC,CQFP-64,DIG-SIH-2026,THERMAL_BURN_IN,T07_1890,PROC-ISRO-IISU-01,ATE-STATION-01,CHAMBER-01,1.0,125.0,5.0,168,IDDQ,ELECTRICAL,uA,1.4478,1112.09,1112.1574,1112.2394,1110.6422,25.124,2.4441,13.991,-0.0074,0.0048,34.28,34.38,1.4478,1112.09,1112.1574,1112.2394,1110.6422,50.0,False,NOMINAL,HEALTHY,28.72,-23.84
DIG_LOT07_COMP1891,LOT_07,DIGITAL_IC,CQFP-64,DIG-SIH-2026,THERMAL_BURN_IN,T07_1891,PROC-ISRO-IISU-01,ATE-STATION-01,CHAMBER-01,1.0,125.0,5.0,168,IDDQ,ELECTRICAL,uA,1.3443,1035.4473,1035.4703,1035.5636,1034.103,25.393,2.3409,12.286,-0.0105,0.0214,35.3,35.69,1.3443,1035.4473,1035.4703,1035.5636,1034.103,50.0,False,NOMINAL,HEALTHY,42.12,-9.87
DIG_LOT07_COMP1892,LOT_07,DIGITAL_IC,CQFP-64,DIG-SIH-2026,THERMAL_BURN_IN,T07_1892,PROC-ISRO-IISU-01,ATE-STATION-01,CHAMBER-01,1.0,125.0,5.0,168,IDDQ,ELECTRICAL,uA,1.3868,1084.538,1084.5972,1084.7139,1083.1512,23.494,1.8054,12.725,-0.0092,0.0431,36.5,36.16,1.3868,1084.538,1084.5972,1084.7139,1083.1512,50.0,False,NOMINAL,HEALTHY,-38.57,7.77
DIG_LOT07_COMP1893,LOT_07,DIGITAL_IC,CQFP-64,DIG-SIH-2026,THERMAL_BURN_IN,T07_1893,PROC-ISRO-IISU-01,ATE-STATION-01,CHAMBER-01,1.0,125.0,5.0,168,IDDQ,ELECTRICAL,uA,1.4039,1099.6321,1099.7257,1099.7523,1098.2282,25.427,1.857,12.893,0.0009,0.0119,35.54,35.81,1.4039,1099.6321,1099.7257,1099.7523,1098.2282,50.0,False,NOMINAL,HEALTHY,20.5,-32.54
DIG_LOT07_COMP1894,LOT_07,DIGITAL_IC,CQFP-64,DIG-SIH-2026,THERMAL_BURN_IN,T07_1894,PROC-ISRO-IISU-01,ATE-STATION-01,CHAMBER-01,1.0,125.0,5.0,168,IDDQ,ELECTRICAL,uA,1.4776,1125.9326,1125.9917,1126.0628,1124.455,25.554,1.7318,14.401,-0.043,-0.0473,35.52,34.86,1.4776,1125.9326,1125.9917,1126.0628,1124.455,50.0,False,NOMINAL,HEALTHY,-45.72,-31.02
DIG_LOT07_COMP1895,LOT_07,DIGITAL_IC,CQFP-64,DIG-SIH-2026,THERMAL_BURN_IN,T07_1895,PROC-ISRO-IISU-01,ATE-STATION-01,CHAMBER-01,1.0,125.0,5.0,168,IDDQ,ELECTRICAL,uA,1.1284,891.9106,891.9731,891.9954,890.7822,26.676,2.3724,11.953,-0.0113,-0.0978,35.02,35.12,1.1284,891.9106,891.9731,891.9954,890.7822,50.0,False,NOMINAL,HEALTHY,-20.99,-39.27
DIG_LOT07_COMP1896,LOT_07,DIGITAL_IC,CQFP-64,DIG-SIH-2026,THERMAL_BURN_IN,T07_1896,PROC-ISRO-IISU-01,ATE-STATION-01,CHAMBER-01,1.0,125.0,5.0,168,IDDQ,ELECTRICAL,uA,1.4521,1111.4905,1111.5606,1111.6345,1110.0384,25.51,1.4801,12.421,-0.0414,-0.066,34.78,35.34,1.4521,1111.4905,1111.5606,1111.6345,1110.0384,50.0,False,NOMINAL,HEALTHY,31.95,-21.27
DIG_LOT07_COMP1897,LOT_07,DIGITAL_IC,CQFP-64,DIG-SIH-2026,THERMAL_BURN_IN,T07_1897,PROC-ISRO-IISU-01,ATE-STATION-01,CHAMBER-01,1.0,125.0,5.0,168,IDDQ,ELECTRICAL,uA,1.0507,828.4618,828.5268,828.5367,827.4111,26.814,2.0557,12.207,-0.0179,0.0034,35.25,34.4,1.0507,828.4618,828.5268,828.5367,827.4111,50.0,False,NOMINAL,HEALTHY,-0.2,-9.88
DIG_LOT07_COMP1898,LOT_07,DIGITAL_IC,CQFP-64,DIG-SIH-2026,THERMAL_BURN_IN,T07_1898,PROC-ISRO-IISU-01,ATE-STATION-01,CHAMBER-01,1.0,125.0,5.0,168,IDDQ,ELECTRICAL,uA,1.2494,970.4855,970.5561,970.6335,969.2361,25.468,2.4881,14.142,0.0192,0.068,34.79,34.32,1.2494,970.4855,970.5561,970.6335,969.2361,50.0,False,NOMINAL,HEALTHY,39.48,-24.5
DIG_LOT07_COMP1899,LOT_07,DIGITAL_IC,CQFP-64,DIG-SIH-2026,THERMAL_BURN_IN,T07_1899,PROC-ISRO-IISU-01,ATE-STATION-01,CHAMBER-01,1.0,125.0,5.0,168,IDDQ,ELECTRICAL,uA,1.2014,943.2144,943.2636,943.262,942.013,27.144,2.388,12.004,0.0064,0.0172,34.95,35.57,1.2014,943.2144,943.2636,943.262,942.013,50.0,False,NOMINAL,HEALTHY,-21.5,-22.98
DIG_LOT07_COMP1900,LOT_07,DIGITAL_IC,CQFP-64,DIG-SIH-2026,THERMAL_BURN_IN,T07_1900,PROC-ISRO-IISU-01,ATE-STATION-01,CHAMBER-01,1.0,125.0,5.0,168,IDDQ,ELECTRICAL,uA,1.5427,1179.3956,1179.4515,1179.5775,1177.8529,27.153,1.6486,12.05,-0.0244,0.0112,35.94,35.54,1.5427,1179.3956,1179.4515,1179.5775,1177.8529,50.0,False,NOMINAL,HEALTHY,4.43,-7.36
DIG_LOT07_COMP1901,LOT_07,DIGITAL_IC,CQFP-64,DIG-SIH-2026,THERMAL_BURN_IN,T07_1901,PROC-ISRO-IISU-01,ATE-STATION-01,CHAMBER-01,1.0,125.0,5.0,168,IDDQ,ELECTRICAL,uA,1.0773,825.2317,825.2894,825.2793,824.1544,25.175,1.6483,12.05,-0.0174,0.0207,35.68,36.25,1.0773,825.2317,825.2894,825.2793,824.1544,50.0,False,NOMINAL,HEALTHY,-11.74,47.99
DIG_LOT07_COMP1902,LOT_07,DIGITAL_IC,CQFP-64,DIG-SIH-2026,THERMAL_BURN_IN,T07_1902,PROC-ISRO-IISU-01,ATE-STATION-01,CHAMBER-01,1.0,125.0,5.0,168,IDDQ,ELECTRICAL,uA,1.3201,1010.7004,1010.8075,1010.8441,1009.3803,25.029,1.8643,13.141,-0.0311,0.0215,34.37,34.97,1.3201,1010.7004,1010.8075,1010.8441,1009.3803,50.0,False,NOMINAL,HEALTHY,-27.98,7.42
DIG_LOT07_COMP1903,LOT_07,DIGITAL_IC,CQFP-64,DIG-SIH-2026,THERMAL_BURN_IN,T07_1903,PROC-ISRO-IISU-01,ATE-STATION-01,CHAMBER-01,1.0,125.0,5.0,168,IDDQ,ELECTRICAL,uA,1.5232,1188.0158,1188.1351,1188.1188,1186.4926,23.036,2.227,11.888,-0.0076,-0.0161,36.54,36.39,1.5232,1188.0158,1188.1351,1188.1188,1186.4926,50.0,False,NOMINAL,HEALTHY,-37.53,32.09
DIG_LOT07_COMP1904,LOT_07,DIGITAL_IC,CQFP-64,DIG-SIH-2026,THERMAL_BURN_IN,T07_1904,PROC-ISRO-IISU-01,ATE-STATION-01,CHAMBER-01,1.0,125.0,5.0,168,IDDQ,ELECTRICAL,uA,1.2218,929.8178,929.9029,929.9365,928.596,27.86,2.1871,12.09,-0.0089,0.0085,34.98,35.83,1.2218,929.8178,929.9029,929.9365,928.596,50.0,False,NOMINAL,HEALTHY,-30.59,25.31
DIG_LOT07_COMP1905,LOT_07,DIGITAL_IC,CQFP-64,DIG-SIH-2026,THERMAL_BURN_IN,T07_1905,PROC-ISRO-IISU-01,ATE-STATION-01,CHAMBER-01,1.0,125.0,5.0,168,IDDQ,ELECTRICAL,uA,1.0425,783.7743,783.8196,783.8154,782.7318,26.953,1.7475,13.474,-0.01,-0.0783,34.67,33.9,1.0425,783.7743,783.8196,783.8154,782.7318,50.0,False,NOMINAL,HEALTHY,48.62,31.65
DIG_LOT07_COMP1906,LOT_07,DIGITAL_IC,CQFP-64,DIG-SIH-2026,THERMAL_BURN_IN,T07_1906,PROC-ISRO-IISU-01,ATE-STATION-01,CHAMBER-01,1.0,125.0,5.0,168,IDDQ,ELECTRICAL,uA,1.2626,980.1799,980.2168,980.2801,978.9173,23.463,1.935,12.145,0.0315,-0.0289,35.14,35.43,1.2626,980.1799,980.2168,980.2801,978.9173,50.0,False,NOMINAL,HEALTHY,38.26,49.66
DIG_LOT07_COMP1907,LOT_07,DIGITAL_IC,CQFP-64,DIG-SIH-2026,THERMAL_BURN_IN,T07_1907,PROC-ISRO-IISU-01,ATE-STATION-01,CHAMBER-01,1.0,125.0,5.0,168,IDDQ,ELECTRICAL,uA,1.4781,1138.8235,1138.8628,1138.9411,1137.3454,26.63,2.0159,12.438,-0.0,0.1176,33.23,33.91,1.4781,1138.8235,1138.8628,1138.9411,1137.3454,50.0,False,NOMINAL,HEALTHY,8.37,5.75
DIG_LOT07_COMP1908,LOT_07,DIGITAL_IC,CQFP-64,DIG-SIH-2026,THERMAL_BURN_IN,T07_1908,PROC-ISRO-IISU-01,ATE-STATION-01,CHAMBER-01,1.0,125.0,5.0,168,IDDQ,ELECTRICAL,uA,1.2646,982.7164,982.7706,982.8537,981.4518,25.111,2.0666,12.43,0.0015,-0.0001,33.8,33.36,1.2646,982.7164,982.7706,982.8537,981.4518,50.0,False,NOMINAL,HEALTHY,41.29,5.08
DIG_LOT07_COMP1909,LOT_07,DIGITAL_IC,CQFP-64,DIG-SIH-2026,THERMAL_BURN_IN,T07_1909,PROC-ISRO-IISU-01,ATE-STATION-01,CHAMBER-01,1.0,125.0,5.0,168,IDDQ,ELECTRICAL,uA,1.253,964.1613,964.2365,964.2448,962.9083,25.724,1.7439,11.459,0.0026,-0.0125,35.7,35.2,1.253,964.1613,964.2365,964.2448,962.9083,50.0,False,NOMINAL,HEALTHY,39.72,-41.9
DIG_LOT07_COMP1910,LOT_07,DIGITAL_IC,CQFP-64,DIG-SIH-2026,THERMAL_BURN_IN,T07_1910,PROC-ISRO-IISU-01,ATE-STATION-01,CHAMBER-01,1.0,125.0,5.0,168,IDDQ,ELECTRICAL,uA,1.1658,913.877,913.9201,914.003,912.7112,22.968,1.9365,12.951,-0.0157,-0.0067,33.47,33.28,1.1658,913.877,913.9201,914.003,912.7112,50.0,False,NOMINAL,HEALTHY,-38.61,38.45
DIG_LOT07_COMP1911,LOT_07,DIGITAL_IC,CQFP-64,DIG-SIH-2026,THERMAL_BURN_IN,T07_1911,PROC-ISRO-IISU-01,ATE-STATION-01,CHAMBER-01,1.0,125.0,5.0,168,IDDQ,ELECTRICAL,uA,1.4782,1163.0343,1163.0994,1163.2026,1161.5561,26.195,1.8308,12.887,0.0174,0.0566,32.82,32.66,1.4782,1163.0343,1163.0994,1163.2026,1161.5561,50.0,False,NOMINAL,HEALTHY,32.74,49.77
DIG_LOT07_COMP1912,LOT_07,DIGITAL_IC,CQFP-64,DIG-SIH-2026,THERMAL_BURN_IN,T07_1912,PROC-ISRO-IISU-01,ATE-STATION-01,CHAMBER-01,1.0,125.0,5.0,168,IDDQ,ELECTRICAL,uA,1.6994,1289.6142,1289.6956,1289.7336,1287.9148,24.799,2.268,11.775,-0.0074,-0.0134,35.02,35.81,1.6994,1289.6142,1289.6956,1289.7336,1287.9148,50.0,False,NOMINAL,HEALTHY,29.12,-2.81
DIG_LOT07_COMP1913,LOT_07,DIGITAL_IC,CQFP-64,DIG-SIH-2026,THERMAL_BURN_IN,T07_1913,PROC-ISRO-IISU-01,ATE-STATION-01,CHAMBER-01,1.0,125.0,5.0,168,IDDQ,ELECTRICAL,uA,1.4552,1125.4719,1125.5906,1125.6853,1124.0167,23.994,2.1703,12.504,0.0146,-0.0096,31.42,31.6,1.4552,1125.4719,1125.5906,1125.6853,1124.0167,50.0,False,NOMINAL,HEALTHY,-48.72,14.35
DIG_LOT07_COMP1914,LOT_07,DIGITAL_IC,CQFP-64,DIG-SIH-2026,THERMAL_BURN_IN,T07_1914,PROC-ISRO-IISU-01,ATE-STATION-01,CHAMBER-01,1.0,125.0,5.0,168,IDDQ,ELECTRICAL,uA,1.6559,1274.5207,1274.564,1274.5825,1272.8648,23.03,1.6251,12.004,0.0116,-0.046,34.97,35.09,1.6559,1274.5207,1274.564,1274.5825,1272.8648,50.0,False,NOMINAL,HEALTHY,8.98,6.38
DIG_LOT07_COMP1915,LOT_07,DIGITAL_IC,CQFP-64,DIG-SIH-2026,THERMAL_BURN_IN,T07_1915,PROC-ISRO-IISU-01,ATE-STATION-01,CHAMBER-01,1.0,125.0,5.0,168,IDDQ,ELECTRICAL,uA,1.4523,1115.4961,1115.5829,1115.7246,1114.0438,25.515,1.8216,14.374,-0.014,0.0384,34.04,34.74,1.4523,1115.4961,1115.5829,1115.7246,1114.0438,50.0,False,NOMINAL,HEALTHY,-7.4,-7.63
DIG_LOT07_COMP1916,LOT_07,DIGITAL_IC,CQFP-64,DIG-SIH-2026,THERMAL_BURN_IN,T07_1916,PROC-ISRO-IISU-01,ATE-STATION-01,CHAMBER-01,1.0,125.0,5.0,168,IDDQ,ELECTRICAL,uA,1.1957,930.5661,930.6337,930.7532,929.3704,24.536,2.0742,11.211,0.0128,0.1575,36.1,37.24,1.1957,930.5661,930.6337,930.7532,929.3704,50.0,False,NOMINAL,HEALTHY,-22.51,40.93
DIG_LOT07_COMP1917,LOT_07,DIGITAL_IC,CQFP-64,DIG-SIH-2026,THERMAL_BURN_IN,T07_1917,PROC-ISRO-IISU-01,ATE-STATION-01,CHAMBER-01,1.0,125.0,5.0,168,IDDQ,ELECTRICAL,uA,1.4894,1149.1828,1149.2112,1149.2856,1147.6934,25.805,1.8696,13.254,-0.032,-0.0222,36.15,35.75,1.4894,1149.1828,1149.2112,1149.2856,1147.6934,50.0,False,NOMINAL,HEALTHY,36.78,-44.2
DIG_LOT07_COMP1918,LOT_07,DIGITAL_IC,CQFP-64,DIG-SIH-2026,THERMAL_BURN_IN,T07_1918,PROC-ISRO-IISU-01,ATE-STATION-01,CHAMBER-01,1.0,125.0,5.0,168,IDDQ,ELECTRICAL,uA,1.4658,1135.3454,1135.3878,1135.483,1133.8796,25.962,1.6635,12.137,-0.0218,0.0377,34.12,34.78,1.4658,1135.3454,1135.3878,1135.483,1133.8796,50.0,False,NOMINAL,HEALTHY,25.03,15.63
DIG_LOT07_COMP1919,LOT_07,DIGITAL_IC,CQFP-64,DIG-SIH-2026,THERMAL_BURN_IN,T07_1919,PROC-ISRO-IISU-01,ATE-STATION-01,CHAMBER-01,1.0,125.0,5.0,168,IDDQ,ELECTRICAL,uA,1.5567,1217.2366,1217.3333,1217.4479,1215.6799,22.636,1.7126,11.262,0.0233,0.1108,36.7,37.03,1.5567,1217.2366,1217.3333,1217.4479,1215.6799,50.0,False,NOMINAL,HEALTHY,-7.2,47.33
DIG_LOT07_COMP1920,LOT_07,DIGITAL_IC,CQFP-64,DIG-SIH-2026,THERMAL_BURN_IN,T07_1920,PROC-ISRO-IISU-01,ATE-STATION-01,CHAMBER-01,1.0,125.0,5.0,168,IDDQ,ELECTRICAL,uA,1.4371,1097.1448,1097.2163,1097.2531,1095.7077,25.553,2.0623,13.104,-0.0284,0.0157,34.84,34.23,1.4371,1097.1448,1097.2163,1097.2531,1095.7077,50.0,False,NOMINAL,HEALTHY,12.14,-18.87
DIG_LOT07_COMP1921,LOT_07,DIGITAL_IC,CQFP-64,DIG-SIH-2026,THERMAL_BURN_IN,T07_1921,PROC-ISRO-IISU-01,ATE-STATION-01,CHAMBER-01,1.0,125.0,5.0,168,IDDQ,ELECTRICAL,uA,1.2732,978.3403,978.4455,978.4641,977.0671,23.071,1.9665,12.636,0.0253,0.0034,36.0,37.0,1.2732,978.3403,978.4455,978.4641,977.0671,50.0,False,NOMINAL,HEALTHY,20.5,-5.94
DIG_LOT07_COMP1922,LOT_07,DIGITAL_IC,CQFP-64,DIG-SIH-2026,THERMAL_BURN_IN,T07_1922,PROC-ISRO-IISU-01,ATE-STATION-01,CHAMBER-01,1.0,125.0,5.0,168,IDDQ,ELECTRICAL,uA,1.4763,1144.9805,1145.0935,1145.1275,1143.5042,29.876,2.2284,13.759,-0.0322,-0.0212,34.01,34.88,1.4763,1144.9805,1145.0935,1145.1275,1143.5042,50.0,False,NOMINAL,HEALTHY,15.82,13.25
DIG_LOT07_COMP1923,LOT_07,DIGITAL_IC,CQFP-64,DIG-SIH-2026,THERMAL_BURN_IN,T07_1923,PROC-ISRO-IISU-01,ATE-STATION-01,CHAMBER-01,1.0,125.0,5.0,168,IDDQ,ELECTRICAL,uA,1.6165,1242.8516,1242.9368,1243.0042,1241.2351,25.547,1.935,13.008,-0.0309,-0.0334,35.51,36.68,1.6165,1242.8516,1242.9368,1243.0042,1241.2351,50.0,False,NOMINAL,HEALTHY,44.43,18.02
DIG_LOT07_COMP1924,LOT_07,DIGITAL_IC,CQFP-64,DIG-SIH-2026,THERMAL_BURN_IN,T07_1924,PROC-ISRO-IISU-01,ATE-STATION-01,CHAMBER-01,1.0,125.0,5.0,168,IDDQ,ELECTRICAL,uA,1.1926,945.2669,945.3109,945.3555,944.0743,23.831,1.7443,12.314,-0.0642,-0.0304,36.29,36.55,1.1926,945.2669,945.3109,945.3555,944.0743,50.0,False,NOMINAL,HEALTHY,-14.28,8.78
DIG_LOT07_COMP1925,LOT_07,DIGITAL_IC,CQFP-64,DIG-SIH-2026,THERMAL_BURN_IN,T07_1925,PROC-ISRO-IISU-01,ATE-STATION-01,CHAMBER-01,1.0,125.0,5.0,168,IDDQ,ELECTRICAL,uA,1.4412,1112.1186,1112.1747,1112.2546,1110.6774,25.22,1.7011,10.663,-0.0545,-0.0939,36.68,36.9,1.4412,1112.1186,1112.1747,1112.2546,1110.6774,50.0,False,NOMINAL,HEALTHY,11.08,-10.25
DIG_LOT07_COMP1926,LOT_07,DIGITAL_IC,CQFP-64,DIG-SIH-2026,THERMAL_BURN_IN,T07_1926,PROC-ISRO-IISU-01,ATE-STATION-01,CHAMBER-01,1.0,125.0,5.0,168,IDDQ,ELECTRICAL,uA,1.4539,1123.4321,1123.5424,1123.5726,1121.9782,26.384,2.2196,13.056,0.0043,0.1073,35.9,36.21,1.4539,1123.4321,1123.5424,1123.5726,1121.9782,50.0,False,NOMINAL,HEALTHY,-48.54,24.93
DIG_LOT07_COMP1927,LOT_07,DIGITAL_IC,CQFP-64,DIG-SIH-2026,THERMAL_BURN_IN,T07_1927,PROC-ISRO-IISU-01,ATE-STATION-01,CHAMBER-01,1.0,125.0,5.0,168,IDDQ,ELECTRICAL,uA,1.4812,1159.3105,1159.3734,1159.4566,1157.8293,24.171,1.5866,13.85,-0.0074,-0.0837,34.14,34.74,1.4812,1159.3105,1159.3734,1159.4566,1157.8293,50.0,False,NOMINAL,HEALTHY,32.02,-10.3
DIG_LOT07_COMP1928,LOT_07,DIGITAL_IC,CQFP-64,DIG-SIH-2026,THERMAL_BURN_IN,T07_1928,PROC-ISRO-IISU-01,ATE-STATION-01,CHAMBER-01,1.0,125.0,5.0,168,IDDQ,ELECTRICAL,uA,1.4555,1129.3548,1129.4613,1129.5235,1127.8993,26.442,2.2757,11.824,0.0051,0.0076,35.87,35.79,1.4555,1129.3548,1129.4613,1129.5235,1127.8993,50.0,False,NOMINAL,HEALTHY,-49.54,18.78
DIG_LOT07_COMP1929,LOT_07,DIGITAL_IC,CQFP-64,DIG-SIH-2026,THERMAL_BURN_IN,T07_1929,PROC-ISRO-IISU-01,ATE-STATION-01,CHAMBER-01,1.0,125.0,5.0,168,IDDQ,ELECTRICAL,uA,1.6186,1235.8371,1235.9183,1236.0224,1234.2185,23.983,2.3227,13.23,-0.0734,-0.0334,36.2,35.62,1.6186,1235.8371,1235.9183,1236.0224,1234.2185,50.0,False,NOMINAL,HEALTHY,-32.09,27.27
DIG_LOT07_COMP1930,LOT_07,DIGITAL_IC,CQFP-64,DIG-SIH-2026,THERMAL_BURN_IN,T07_1930,PROC-ISRO-IISU-01,ATE-STATION-01,CHAMBER-01,1.0,125.0,5.0,168,IDDQ,ELECTRICAL,uA,1.3959,1085.8492,1085.9142,1085.9581,1084.4533,24.452,1.5313,12.634,0.0147,-0.0238,36.02,36.26,1.3959,1085.8492,1085.9142,1085.9581,1084.4533,50.0,False,NOMINAL,HEALTHY,-46.29,-44.36
DIG_LOT07_COMP1931,LOT_07,DIGITAL_IC,CQFP-64,DIG-SIH-2026,THERMAL_BURN_IN,T07_1931,PROC-ISRO-IISU-01,ATE-STATION-01,CHAMBER-01,1.0,125.0,5.0,168,IDDQ,ELECTRICAL,uA,1.6312,1260.4181,1260.5079,1260.6315,1258.7869,22.008,2.06,11.736,0.0299,0.0836,35.39,35.82,1.6312,1260.4181,1260.5079,1260.6315,1258.7869,50.0,False,NOMINAL,HEALTHY,-43.64,-12.97
DIG_LOT07_COMP1932,LOT_07,DIGITAL_IC,CQFP-64,DIG-SIH-2026,THERMAL_BURN_IN,T07_1932,PROC-ISRO-IISU-01,ATE-STATION-01,CHAMBER-01,1.0,125.0,5.0,168,IDDQ,ELECTRICAL,uA,1.5412,1184.5445,1184.6475,1184.6996,1183.0033,24.423,2.1198,12.388,-0.013,0.0625,35.31,36.02,1.5412,1184.5445,1184.6475,1184.6996,1183.0033,50.0,False,NOMINAL,HEALTHY,-46.85,38.84
DIG_LOT07_COMP1933,LOT_07,DIGITAL_IC,CQFP-64,DIG-SIH-2026,THERMAL_BURN_IN,T07_1933,PROC-ISRO-IISU-01,ATE-STATION-01,CHAMBER-01,1.0,125.0,5.0,168,IDDQ,ELECTRICAL,uA,1.4252,1078.0075,1078.0774,1078.0758,1076.5823,23.666,2.1447,12.521,0.0028,-0.0317,33.6,33.21,1.4252,1078.0075,1078.0774,1078.0758,1076.5823,50.0,False,NOMINAL,HEALTHY,21.72,48.34
DIG_LOT07_COMP1934,LOT_07,DIGITAL_IC,CQFP-64,DIG-SIH-2026,THERMAL_BURN_IN,T07_1934,PROC-ISRO-IISU-01,ATE-STATION-01,CHAMBER-01,1.0,125.0,5.0,168,IDDQ,ELECTRICAL,uA,1.265,983.7494,983.8626,983.8604,982.4844,25.838,2.2224,12.919,-0.0008,0.0436,34.78,34.04,1.265,983.7494,983.8626,983.8604,982.4844,50.0,False,NOMINAL,HEALTHY,13.08,10.41
DIG_LOT07_COMP1935,LOT_07,DIGITAL_IC,CQFP-64,DIG-SIH-2026,THERMAL_BURN_IN,T07_1935,PROC-ISRO-IISU-01,ATE-STATION-01,CHAMBER-01,1.0,125.0,5.0,168,IDDQ,ELECTRICAL,uA,5.6218,4330.5847,4330.8618,4330.8448,4324.9629,24.777,2.0823,12.289,-0.0053,0.0193,35.59,35.58,5.6218,4330.5847,4330.8618,4330.8448,4324.9629,50.0,True,SPATIAL_OUTLIER,HEALTHY,-39.82,-36.32
DIG_LOT07_COMP1936,LOT_07,DIGITAL_IC,CQFP-64,DIG-SIH-2026,THERMAL_BURN_IN,T07_1936,PROC-ISRO-IISU-01,ATE-STATION-01,CHAMBER-01,1.0,125.0,5.0,168,IDDQ,ELECTRICAL,uA,1.0881,829.9073,829.9548,830.0076,828.8192,24.222,2.2742,12.234,-0.0012,0.0181,34.13,34.63,1.0881,829.9073,829.9548,830.0076,828.8192,50.0,False,NOMINAL,HEALTHY,-8.54,12.79
DIG_LOT07_COMP1937,LOT_07,DIGITAL_IC,CQFP-64,DIG-SIH-2026,THERMAL_BURN_IN,T07_1937,PROC-ISRO-IISU-01,ATE-STATION-01,CHAMBER-01,1.0,125.0,5.0,168,IDDQ,ELECTRICAL,uA,1.2482,968.6654,968.7611,968.8117,967.4172,22.97,2.0351,12.099,0.0141,-0.0138,36.24,36.0,1.2482,968.6654,968.7611,968.8117,967.4172,50.0,False,NOMINAL,HEALTHY,46.24,-14.54
DIG_LOT07_COMP1938,LOT_07,DIGITAL_IC,CQFP-64,DIG-SIH-2026,THERMAL_BURN_IN,T07_1938,PROC-ISRO-IISU-01,ATE-STATION-01,CHAMBER-01,1.0,125.0,5.0,168,IDDQ,ELECTRICAL,uA,1.4922,1147.0263,1147.0944,1147.1187,1145.5341,28.467,1.9532,12.714,-0.0154,0.0033,36.88,36.74,1.4922,1147.0263,1147.0944,1147.1187,1145.5341,50.0,True,DIELECTRIC_OSCILLATION,HEALTHY,33.29,-19.85
DIG_LOT07_COMP1939,LOT_07,DIGITAL_IC,CQFP-64,DIG-SIH-2026,THERMAL_BURN_IN,T07_1939,PROC-ISRO-IISU-01,ATE-STATION-01,CHAMBER-01,1.0,125.0,5.0,168,IDDQ,ELECTRICAL,uA,1.2747,980.1412,980.2452,980.2866,978.8665,23.246,1.6851,13.215,0.0163,0.0856,35.13,35.33,1.2747,980.1412,980.2452,980.2866,978.8665,50.0,False,NOMINAL,HEALTHY,42.05,-38.26
DIG_LOT07_COMP1940,LOT_07,DIGITAL_IC,CQFP-64,DIG-SIH-2026,THERMAL_BURN_IN,T07_1940,PROC-ISRO-IISU-01,ATE-STATION-01,CHAMBER-01,1.0,125.0,5.0,168,IDDQ,ELECTRICAL,uA,1.5073,1182.937,1183.038,1183.0992,1181.4297,25.22,2.1351,11.567,0.0124,0.0299,33.8,33.45,1.5073,1182.937,1183.038,1183.0992,1181.4297,50.0,False,NOMINAL,HEALTHY,-9.49,11.24
DIG_LOT07_COMP1941,LOT_07,DIGITAL_IC,CQFP-64,DIG-SIH-2026,THERMAL_BURN_IN,T07_1941,PROC-ISRO-IISU-01,ATE-STATION-01,CHAMBER-01,1.0,125.0,5.0,168,IDDQ,ELECTRICAL,uA,0.9421,742.6116,742.679,742.7154,741.6695,25.439,2.1354,11.792,0.0164,-0.0162,34.9,35.04,0.9421,742.6116,742.679,742.7154,741.6695,50.0,False,NOMINAL,HEALTHY,-48.9,-32.99
DIG_LOT07_COMP1942,LOT_07,DIGITAL_IC,CQFP-64,DIG-SIH-2026,THERMAL_BURN_IN,T07_1942,PROC-ISRO-IISU-01,ATE-STATION-01,CHAMBER-01,1.0,125.0,5.0,168,IDDQ,ELECTRICAL,uA,1.1071,836.2457,836.3089,836.3577,835.1386,24.768,2.0568,11.205,0.0027,0.0665,35.69,35.36,1.1071,836.2457,836.3089,836.3577,835.1386,50.0,False,NOMINAL,HEALTHY,-49.0,-46.28
DIG_LOT07_COMP1943,LOT_07,DIGITAL_IC,CQFP-64,DIG-SIH-2026,THERMAL_BURN_IN,T07_1943,PROC-ISRO-IISU-01,ATE-STATION-01,CHAMBER-01,1.0,125.0,5.0,168,IDDQ,ELECTRICAL,uA,1.7205,1327.1713,1327.2791,1327.3724,1325.4508,23.486,2.1618,13.206,0.0153,0.0516,37.39,37.8,1.7205,1327.1713,1327.2791,1327.3724,1325.4508,50.0,False,NOMINAL,HEALTHY,1.15,-9.39
DIG_LOT07_COMP1944,LOT_07,DIGITAL_IC,CQFP-64,DIG-SIH-2026,THERMAL_BURN_IN,T07_1944,PROC-ISRO-IISU-01,ATE-STATION-01,CHAMBER-01,1.0,125.0,5.0,168,IDDQ,ELECTRICAL,uA,1.5197,1146.9383,1146.9959,1147.0808,1145.4186,26.953,1.9923,12.348,0.028,0.1069,32.84,33.33,1.5197,1146.9383,1146.9959,1147.0808,1145.4186,50.0,False,NOMINAL,HEALTHY,27.43,-43.61
DIG_LOT07_COMP1945,LOT_07,DIGITAL_IC,CQFP-64,DIG-SIH-2026,THERMAL_BURN_IN,T07_1945,PROC-ISRO-IISU-01,ATE-STATION-01,CHAMBER-01,1.0,125.0,5.0,168,IDDQ,ELECTRICAL,uA,1.2697,977.2727,977.3909,977.4876,976.003,27.798,2.0494,11.464,-0.0168,0.0526,31.04,30.99,1.2697,977.2727,977.3909,977.4876,976.003,50.0,False,NOMINAL,HEALTHY,23.14,3.37
DIG_LOT07_COMP1946,LOT_07,DIGITAL_IC,CQFP-64,DIG-SIH-2026,THERMAL_BURN_IN,T07_1946,PROC-ISRO-IISU-01,ATE-STATION-01,CHAMBER-01,1.0,125.0,5.0,168,IDDQ,ELECTRICAL,uA,0.9681,753.1282,753.2155,753.2438,752.1601,24.823,1.6917,13.133,-0.0148,-0.0565,34.64,34.97,0.9681,753.1282,753.2155,753.2438,752.1601,50.0,False,NOMINAL,HEALTHY,35.91,42.32
DIG_LOT07_COMP1947,LOT_07,DIGITAL_IC,CQFP-64,DIG-SIH-2026,THERMAL_BURN_IN,T07_1947,PROC-ISRO-IISU-01,ATE-STATION-01,CHAMBER-01,1.0,125.0,5.0,168,IDDQ,ELECTRICAL,uA,1.1776,919.0045,919.0529,919.1015,917.8269,26.228,2.3557,11.221,-0.0326,-0.0501,34.33,33.83,1.1776,919.0045,919.0529,919.1015,917.8269,50.0,False,NOMINAL,HEALTHY,-34.08,-4.28
DIG_LOT07_COMP1948,LOT_07,DIGITAL_IC,CQFP-64,DIG-SIH-2026,THERMAL_BURN_IN,T07_1948,PROC-ISRO-IISU-01,ATE-STATION-01,CHAMBER-01,1.0,125.0,5.0,168,IDDQ,ELECTRICAL,uA,1.3119,1016.7343,1016.8095,1016.8979,1015.4224,25.845,1.5204,12.685,-0.0005,0.0362,35.91,36.6,1.3119,1016.7343,1016.8095,1016.8979,1015.4224,50.0,False,NOMINAL,HEALTHY,-22.21,45.32
DIG_LOT07_COMP1949,LOT_07,DIGITAL_IC,CQFP-64,DIG-SIH-2026,THERMAL_BURN_IN,T07_1949,PROC-ISRO-IISU-01,ATE-STATION-01,CHAMBER-01,1.0,125.0,5.0,168,IDDQ,ELECTRICAL,uA,1.3545,1054.8813,1054.9575,1054.9722,1053.5268,26.307,2.3766,10.043,0.014,-0.0647,35.09,35.44,1.3545,1054.8813,1054.9575,1054.9722,1053.5268,50.0,False,NOMINAL,HEALTHY,3.33,26.46
DIG_LOT07_COMP1950,LOT_07,DIGITAL_IC,CQFP-64,DIG-SIH-2026,THERMAL_BURN_IN,T07_1950,PROC-ISRO-IISU-01,ATE-STATION-01,CHAMBER-01,1.0,125.0,5.0,168,IDDQ,ELECTRICAL,uA,1.6267,1257.4663,1257.5594,1257.6218,1255.8396,26.362,2.8087,12.204,0.0121,-0.0014,36.45,36.2,1.6267,1257.4663,1257.5594,1257.6218,1255.8396,50.0,False,NOMINAL,HEALTHY,48.88,24.89
DIG_LOT07_COMP1951,LOT_07,DIGITAL_IC,CQFP-64,DIG-SIH-2026,THERMAL_BURN_IN,T07_1951,PROC-ISRO-IISU-01,ATE-STATION-01,CHAMBER-01,1.0,125.0,5.0,168,IDDQ,ELECTRICAL,uA,1.3082,1005.5764,1005.5968,1005.6819,1004.2682,22.127,1.4098,11.678,-0.0279,-0.1008,34.45,33.87,1.3082,1005.5764,1005.5968,1005.6819,1004.2682,50.0,False,NOMINAL,HEALTHY,-7.97,-30.44
DIG_LOT07_COMP1952,LOT_07,DIGITAL_IC,CQFP-64,DIG-SIH-2026,THERMAL_BURN_IN,T07_1952,PROC-ISRO-IISU-01,ATE-STATION-01,CHAMBER-01,1.0,125.0,5.0,168,IDDQ,ELECTRICAL,uA,1.5121,1168.8457,1168.9233,1168.9962,1167.3336,26.21,2.5838,12.668,0.0129,0.0344,35.19,35.3,1.5121,1168.8457,1168.9233,1168.9962,1167.3336,50.0,False,NOMINAL,HEALTHY,36.56,-3.94
DIG_LOT07_COMP1953,LOT_07,DIGITAL_IC,CQFP-64,DIG-SIH-2026,THERMAL_BURN_IN,T07_1953,PROC-ISRO-IISU-01,ATE-STATION-01,CHAMBER-01,1.0,125.0,5.0,168,IDDQ,ELECTRICAL,uA,1.419,1090.7101,1090.7884,1090.8062,1089.2911,25.49,1.9874,12.117,-0.019,-0.0558,33.66,34.52,1.419,1090.7101,1090.7884,1090.8062,1089.2911,50.0,False,NOMINAL,HEALTHY,4.94,4.47
DIG_LOT07_COMP1954,LOT_07,DIGITAL_IC,CQFP-64,DIG-SIH-2026,THERMAL_BURN_IN,T07_1954,PROC-ISRO-IISU-01,ATE-STATION-01,CHAMBER-01,1.0,125.0,5.0,168,IDDQ,ELECTRICAL,uA,1.19,907.227,907.3214,907.3857,906.037,26.242,2.2865,12.042,-0.0171,0.0596,34.85,33.49,1.19,907.227,907.3214,907.3857,906.037,50.0,False,NOMINAL,HEALTHY,-7.82,-43.46
DIG_LOT07_COMP1955,LOT_07,DIGITAL_IC,CQFP-64,DIG-SIH-2026,THERMAL_BURN_IN,T07_1955,PROC-ISRO-IISU-01,ATE-STATION-01,CHAMBER-01,1.0,125.0,5.0,168,IDDQ,ELECTRICAL,uA,1.2847,987.3971,987.4918,987.5632,986.1124,24.334,1.9001,13.43,-0.0087,-0.0244,35.36,35.71,1.2847,987.3971,987.4918,987.5632,986.1124,50.0,False,NOMINAL,HEALTHY,11.43,36.99
DIG_LOT07_COMP1956,LOT_07,DIGITAL_IC,CQFP-64,DIG-SIH-2026,THERMAL_BURN_IN,T07_1956,PROC-ISRO-IISU-01,ATE-STATION-01,CHAMBER-01,1.0,125.0,5.0,168,IDDQ,ELECTRICAL,uA,1.3174,998.8151,998.915,998.9442,997.4977,24.221,2.0998,12.587,-0.0047,0.0857,33.65,33.71,1.3174,998.8151,998.915,998.9442,997.4977,50.0,False,NOMINAL,HEALTHY,-47.46,-39.35
DIG_LOT07_COMP1957,LOT_07,DIGITAL_IC,CQFP-64,DIG-SIH-2026,THERMAL_BURN_IN,T07_1957,PROC-ISRO-IISU-01,ATE-STATION-01,CHAMBER-01,1.0,125.0,5.0,168,IDDQ,ELECTRICAL,uA,1.5175,1173.7429,1173.8381,1173.8916,1172.2254,25.465,2.4994,13.431,-0.0078,-0.0173,34.28,34.24,1.5175,1173.7429,1173.8381,1173.8916,1172.2254,50.0,False,NOMINAL,HEALTHY,-3.48,38.21
DIG_LOT07_COMP1958,LOT_07,DIGITAL_IC,CQFP-64,DIG-SIH-2026,THERMAL_BURN_IN,T07_1958,PROC-ISRO-IISU-01,ATE-STATION-01,CHAMBER-01,1.0,125.0,5.0,168,IDDQ,ELECTRICAL,uA,1.1624,895.4199,895.4818,895.5372,894.2575,25.116,1.9803,11.649,0.0213,0.0209,35.02,34.47,1.1624,895.4199,895.4818,895.5372,894.2575,50.0,False,NOMINAL,HEALTHY,44.55,37.13
DIG_LOT07_COMP1959,LOT_07,DIGITAL_IC,CQFP-64,DIG-SIH-2026,THERMAL_BURN_IN,T07_1959,PROC-ISRO-IISU-01,ATE-STATION-01,CHAMBER-01,1.0,125.0,5.0,168,IDDQ,ELECTRICAL,uA,1.3084,1012.4207,1012.5326,1012.5723,1011.1123,23.126,1.7859,12.595,-0.0204,0.0265,35.83,35.89,1.3084,1012.4207,1012.5326,1012.5723,1011.1123,50.0,False,NOMINAL,HEALTHY,-17.79,40.0
DIG_LOT07_COMP1960,LOT_07,DIGITAL_IC,CQFP-64,DIG-SIH-2026,THERMAL_BURN_IN,T07_1960,PROC-ISRO-IISU-01,ATE-STATION-01,CHAMBER-01,1.0,125.0,5.0,168,IDDQ,ELECTRICAL,uA,1.4764,1145.5712,1145.7208,1145.7453,1144.0948,26.501,1.8116,12.071,0.0053,-0.0559,35.39,35.94,1.4764,1145.5712,1145.7208,1145.7453,1144.0948,50.0,True,DIELECTRIC_OSCILLATION,HEALTHY,-26.18,1.33
DIG_LOT07_COMP1961,LOT_07,DIGITAL_IC,CQFP-64,DIG-SIH-2026,THERMAL_BURN_IN,T07_1961,PROC-ISRO-IISU-01,ATE-STATION-01,CHAMBER-01,1.0,125.0,5.0,168,IDDQ,ELECTRICAL,uA,1.4246,1099.1658,1099.2276,1099.2518,1097.7412,25.896,1.677,12.187,-0.0002,0.0087,36.61,36.76,1.4246,1099.1658,1099.2276,1099.2518,1097.7412,50.0,False,NOMINAL,HEALTHY,-40.66,38.83
DIG_LOT07_COMP1962,LOT_07,DIGITAL_IC,CQFP-64,DIG-SIH-2026,THERMAL_BURN_IN,T07_1962,PROC-ISRO-IISU-01,ATE-STATION-01,CHAMBER-01,1.0,125.0,5.0,168,IDDQ,ELECTRICAL,uA,1.3911,1054.9445,1055.013,1055.0847,1053.5534,25.622,2.172,10.971,-0.0306,-0.0382,34.93,33.76,1.3911,1054.9445,1055.013,1055.0847,1053.5534,50.0,False,NOMINAL,HEALTHY,38.55,-41.25
DIG_LOT07_COMP1963,LOT_07,DIGITAL_IC,CQFP-64,DIG-SIH-2026,THERMAL_BURN_IN,T07_1963,PROC-ISRO-IISU-01,ATE-STATION-01,CHAMBER-01,1.0,125.0,5.0,168,IDDQ,ELECTRICAL,uA,1.2494,978.0439,986.5722,1136.376,976.7945,26.661,2.4962,11.916,-0.0305,-0.0413,35.97,35.23,1.2494,978.0439,986.5722,1136.376,976.7945,50.0,True,THERMAL_RUNAWAY,HEALTHY,40.12,-4.76
DIG_LOT07_COMP1964,LOT_07,DIGITAL_IC,CQFP-64,DIG-SIH-2026,THERMAL_BURN_IN,T07_1964,PROC-ISRO-IISU-01,ATE-STATION-01,CHAMBER-01,1.0,125.0,5.0,168,IDDQ,ELECTRICAL,uA,1.0282,807.4477,807.5293,807.5548,806.4195,24.812,2.2514,11.531,-0.0333,-0.0729,34.55,34.28,1.0282,807.4477,807.5293,807.5548,806.4195,50.0,False,NOMINAL,HEALTHY,29.03,-17.98
DIG_LOT07_COMP1965,LOT_07,DIGITAL_IC,CQFP-64,DIG-SIH-2026,THERMAL_BURN_IN,T07_1965,PROC-ISRO-IISU-01,ATE-STATION-01,CHAMBER-01,1.0,125.0,5.0,168,IDDQ,ELECTRICAL,uA,1.1365,880.896,880.9815,880.9104,879.7595,22.729,2.0429,12.028,-0.0224,-0.0384,35.52,36.3,1.1365,880.896,880.9815,880.9104,879.7595,50.0,False,NOMINAL,HEALTHY,-22.99,29.17
DIG_LOT07_COMP1966,LOT_07,DIGITAL_IC,CQFP-64,DIG-SIH-2026,THERMAL_BURN_IN,T07_1966,PROC-ISRO-IISU-01,ATE-STATION-01,CHAMBER-01,1.0,125.0,5.0,168,IDDQ,ELECTRICAL,uA,1.5451,1176.7965,1176.9051,1176.968,1175.2514,25.016,1.7785,12.731,0.0046,0.0313,34.1,33.6,1.5451,1176.7965,1176.9051,1176.968,1175.2514,50.0,False,NOMINAL,HEALTHY,14.01,-29.78
DIG_LOT07_COMP1967,LOT_07,DIGITAL_IC,CQFP-64,DIG-SIH-2026,THERMAL_BURN_IN,T07_1967,PROC-ISRO-IISU-01,ATE-STATION-01,CHAMBER-01,1.0,125.0,5.0,168,IDDQ,ELECTRICAL,uA,1.0666,802.7293,802.7387,802.8332,801.6627,23.73,2.1389,13.245,-0.0474,-0.0714,35.52,36.0,1.0666,802.7293,802.7387,802.8332,801.6627,50.0,False,NOMINAL,HEALTHY,-47.74,23.85
DIG_LOT07_COMP1968,LOT_07,DIGITAL_IC,CQFP-64,DIG-SIH-2026,THERMAL_BURN_IN,T07_1968,PROC-ISRO-IISU-01,ATE-STATION-01,CHAMBER-01,1.0,125.0,5.0,168,IDDQ,ELECTRICAL,uA,1.3021,1007.166,1007.246,1007.24,1005.8639,26.344,2.3167,12.434,-0.0082,-0.0426,34.61,34.7,1.3021,1007.166,1007.246,1007.24,1005.8639,50.0,False,NOMINAL,HEALTHY,-19.48,37.96
DIG_LOT07_COMP1969,LOT_07,DIGITAL_IC,CQFP-64,DIG-SIH-2026,THERMAL_BURN_IN,T07_1969,PROC-ISRO-IISU-01,ATE-STATION-01,CHAMBER-01,1.0,125.0,5.0,168,IDDQ,ELECTRICAL,uA,1.3648,1056.9474,1056.9904,1057.0654,1055.5826,22.381,1.7007,11.923,0.0013,0.0019,34.48,35.18,1.3648,1056.9474,1056.9904,1057.0654,1055.5826,50.0,False,NOMINAL,HEALTHY,-48.99,-27.91
DIG_LOT07_COMP1970,LOT_07,DIGITAL_IC,CQFP-64,DIG-SIH-2026,THERMAL_BURN_IN,T07_1970,PROC-ISRO-IISU-01,ATE-STATION-01,CHAMBER-01,1.0,125.0,5.0,168,IDDQ,ELECTRICAL,uA,1.24,944.8994,945.0081,944.9754,943.6594,26.831,1.1571,13.254,0.0348,0.0522,35.24,35.66,1.24,944.8994,945.0081,944.9754,943.6594,50.0,True,DIELECTRIC_OSCILLATION,HEALTHY,32.17,-24.92
DIG_LOT07_COMP1971,LOT_07,DIGITAL_IC,CQFP-64,DIG-SIH-2026,THERMAL_BURN_IN,T07_1971,PROC-ISRO-IISU-01,ATE-STATION-01,CHAMBER-01,1.0,125.0,5.0,168,IDDQ,ELECTRICAL,uA,1.3403,1033.9426,1034.0135,1034.062,1032.6023,24.197,1.9768,12.779,-0.0232,-0.0961,32.76,32.4,1.3403,1033.9426,1034.0135,1034.062,1032.6023,50.0,False,NOMINAL,HEALTHY,15.16,-42.11
DIG_LOT07_COMP1972,LOT_07,DIGITAL_IC,CQFP-64,DIG-SIH-2026,THERMAL_BURN_IN,T07_1972,PROC-ISRO-IISU-01,ATE-STATION-01,CHAMBER-01,1.0,125.0,5.0,168,IDDQ,ELECTRICAL,uA,1.2947,997.1043,997.1596,997.2277,995.8096,28.068,2.1353,11.579,0.0017,-0.0422,36.57,36.48,1.2947,997.1043,997.1596,997.2277,995.8096,50.0,False,NOMINAL,HEALTHY,38.93,-21.63
DIG_LOT07_COMP1973,LOT_07,DIGITAL_IC,CQFP-64,DIG-SIH-2026,THERMAL_BURN_IN,T07_1973,PROC-ISRO-IISU-01,ATE-STATION-01,CHAMBER-01,1.0,125.0,5.0,168,IDDQ,ELECTRICAL,uA,1.1816,896.3826,896.455,896.513,895.201,24.854,2.2501,12.396,-0.0048,-0.0446,34.95,35.52,1.1816,896.3826,896.455,896.513,895.201,50.0,False,NOMINAL,HEALTHY,-2.42,-29.86
DIG_LOT07_COMP1974,LOT_07,DIGITAL_IC,CQFP-64,DIG-SIH-2026,THERMAL_BURN_IN,T07_1974,PROC-ISRO-IISU-01,ATE-STATION-01,CHAMBER-01,1.0,125.0,5.0,168,IDDQ,ELECTRICAL,uA,1.2376,967.0916,967.1671,967.2206,965.854,27.332,1.483,12.238,-0.0104,0.0199,37.35,37.57,1.2376,967.0916,967.1671,967.2206,965.854,50.0,False,NOMINAL,HEALTHY,-42.01,35.05
DIG_LOT07_COMP1975,LOT_07,DIGITAL_IC,CQFP-64,DIG-SIH-2026,THERMAL_BURN_IN,T07_1975,PROC-ISRO-IISU-01,ATE-STATION-01,CHAMBER-01,1.0,125.0,5.0,168,IDDQ,ELECTRICAL,uA,1.2011,933.0622,933.1522,933.1677,931.8611,23.465,2.1053,11.811,0.0073,0.0007,36.73,37.33,1.2011,933.0622,933.1522,933.1677,931.8611,50.0,False,NOMINAL,HEALTHY,21.59,25.33
DIG_LOT07_COMP1976,LOT_07,DIGITAL_IC,CQFP-64,DIG-SIH-2026,THERMAL_BURN_IN,T07_1976,PROC-ISRO-IISU-01,ATE-STATION-01,CHAMBER-01,1.0,125.0,5.0,168,IDDQ,ELECTRICAL,uA,1.1419,882.1583,882.283,882.2746,881.0164,24.314,1.6232,13.688,0.0171,-0.0158,36.24,35.66,1.1419,882.1583,882.283,882.2746,881.0164,50.0,False,NOMINAL,HEALTHY,28.36,19.56
DIG_LOT07_COMP1977,LOT_07,DIGITAL_IC,CQFP-64,DIG-SIH-2026,THERMAL_BURN_IN,T07_1977,PROC-ISRO-IISU-01,ATE-STATION-01,CHAMBER-01,1.0,125.0,5.0,168,IDDQ,ELECTRICAL,uA,1.2032,932.3771,932.4537,932.5286,931.1739,23.955,2.3462,12.337,0.0361,0.1222,36.0,35.97,1.2032,932.3771,932.4537,932.5286,931.1739,50.0,False,NOMINAL,HEALTHY,2.66,-0.27
DIG_LOT07_COMP1978,LOT_07,DIGITAL_IC,CQFP-64,DIG-SIH-2026,THERMAL_BURN_IN,T07_1978,PROC-ISRO-IISU-01,ATE-STATION-01,CHAMBER-01,1.0,125.0,5.0,168,IDDQ,ELECTRICAL,uA,1.2641,974.6474,974.6707,974.7326,973.3833,24.118,1.7507,13.072,-0.0038,-0.0509,36.64,36.98,1.2641,974.6474,974.6707,974.7326,973.3833,50.0,False,NOMINAL,HEALTHY,-10.17,-20.93
DIG_LOT07_COMP1979,LOT_07,DIGITAL_IC,CQFP-64,DIG-SIH-2026,THERMAL_BURN_IN,T07_1979,PROC-ISRO-IISU-01,ATE-STATION-01,CHAMBER-01,1.0,125.0,5.0,168,IDDQ,ELECTRICAL,uA,1.0998,869.4046,869.5278,869.4836,868.3048,29.12,2.3702,11.383,-0.0186,-0.0991,36.85,37.2,1.0998,869.4046,869.5278,869.4836,868.3048,50.0,False,NOMINAL,HEALTHY,30.84,41.74
DIG_LOT07_COMP1980,LOT_07,DIGITAL_IC,CQFP-64,DIG-SIH-2026,THERMAL_BURN_IN,T07_1980,PROC-ISRO-IISU-01,ATE-STATION-01,CHAMBER-01,1.0,125.0,5.0,168,IDDQ,ELECTRICAL,uA,1.5269,1197.8607,1197.942,1198.0211,1196.3338,25.833,1.8149,13.598,-0.0087,0.0266,34.96,34.5,1.5269,1197.8607,1197.942,1198.0211,1196.3338,50.0,False,NOMINAL,HEALTHY,17.45,-15.71
DIG_LOT07_COMP1981,LOT_07,DIGITAL_IC,CQFP-64,DIG-SIH-2026,THERMAL_BURN_IN,T07_1981,PROC-ISRO-IISU-01,ATE-STATION-01,CHAMBER-01,1.0,125.0,5.0,168,IDDQ,ELECTRICAL,uA,1.4134,1095.1565,1095.2611,1095.2631,1093.7431,24.968,2.3638,12.715,-0.0382,-0.0714,32.47,31.75,1.4134,1095.1565,1095.2611,1095.2631,1093.7431,50.0,False,NOMINAL,HEALTHY,29.32,-25.66
DIG_LOT07_COMP1982,LOT_07,DIGITAL_IC,CQFP-64,DIG-SIH-2026,THERMAL_BURN_IN,T07_1982,PROC-ISRO-IISU-01,ATE-STATION-01,CHAMBER-01,1.0,125.0,5.0,168,IDDQ,ELECTRICAL,uA,1.1906,915.2021,915.2727,915.3153,914.0115,28.151,1.8945,14.199,-0.0005,-0.0131,36.68,36.96,1.1906,915.2021,915.2727,915.3153,914.0115,50.0,False,NOMINAL,HEALTHY,-26.29,11.09
DIG_LOT07_COMP1983,LOT_07,DIGITAL_IC,CQFP-64,DIG-SIH-2026,THERMAL_BURN_IN,T07_1983,PROC-ISRO-IISU-01,ATE-STATION-01,CHAMBER-01,1.0,125.0,5.0,168,IDDQ,ELECTRICAL,uA,1.5987,1242.5326,1242.6439,1242.6871,1240.9339,26.979,2.5752,13.318,0.0147,-0.0545,35.19,34.85,1.5987,1242.5326,1242.6439,1242.6871,1240.9339,50.0,False,NOMINAL,HEALTHY,12.59,-49.26
DIG_LOT07_COMP1984,LOT_07,DIGITAL_IC,CQFP-64,DIG-SIH-2026,THERMAL_BURN_IN,T07_1984,PROC-ISRO-IISU-01,ATE-STATION-01,CHAMBER-01,1.0,125.0,5.0,168,IDDQ,ELECTRICAL,uA,1.3977,1078.0124,1078.0563,1078.0981,1076.6147,26.29,2.0926,13.062,0.0142,-0.0314,37.24,37.25,1.3977,1078.0124,1078.0563,1078.0981,1076.6147,50.0,False,NOMINAL,HEALTHY,8.74,1.57
DIG_LOT07_COMP1985,LOT_07,DIGITAL_IC,CQFP-64,DIG-SIH-2026,THERMAL_BURN_IN,T07_1985,PROC-ISRO-IISU-01,ATE-STATION-01,CHAMBER-01,1.0,125.0,5.0,168,IDDQ,ELECTRICAL,uA,1.4186,1087.6587,1087.769,1087.7633,1086.2401,26.411,2.422,13.41,0.0294,-0.011,31.77,32.56,1.4186,1087.6587,1087.769,1087.7633,1086.2401,50.0,False,NOMINAL,HEALTHY,-17.18,-30.76
DIG_LOT07_COMP1986,LOT_07,DIGITAL_IC,CQFP-64,DIG-SIH-2026,THERMAL_BURN_IN,T07_1986,PROC-ISRO-IISU-01,ATE-STATION-01,CHAMBER-01,1.0,125.0,5.0,168,IDDQ,ELECTRICAL,uA,1.2343,935.1779,935.2552,935.3109,933.9436,24.465,2.0206,13.119,0.0278,-0.0392,35.69,35.19,1.2343,935.1779,935.2552,935.3109,933.9436,50.0,False,NOMINAL,HEALTHY,43.6,-41.32
DIG_LOT07_COMP1987,LOT_07,DIGITAL_IC,CQFP-64,DIG-SIH-2026,THERMAL_BURN_IN,T07_1987,PROC-ISRO-IISU-01,ATE-STATION-01,CHAMBER-01,1.0,125.0,5.0,168,IDDQ,ELECTRICAL,uA,1.5454,1175.9442,1176.0885,1176.0742,1174.3988,25.481,2.2909,11.656,0.0052,0.0591,34.66,34.38,1.5454,1175.9442,1176.0885,1176.0742,1174.3988,50.0,False,NOMINAL,HEALTHY,-44.93,16.47
DIG_LOT07_COMP1988,LOT_07,DIGITAL_IC,CQFP-64,DIG-SIH-2026,THERMAL_BURN_IN,T07_1988,PROC-ISRO-IISU-01,ATE-STATION-01,CHAMBER-01,1.0,125.0,5.0,168,IDDQ,ELECTRICAL,uA,1.3912,1080.4041,1080.5184,1080.5924,1079.0129,22.956,1.9547,12.912,-0.0296,0.0745,35.2,35.01,1.3912,1080.4041,1080.5184,1080.5924,1079.0129,50.0,False,NOMINAL,HEALTHY,26.41,-29.98
DIG_LOT07_COMP1989,LOT_07,DIGITAL_IC,CQFP-64,DIG-SIH-2026,THERMAL_BURN_IN,T07_1989,PROC-ISRO-IISU-01,ATE-STATION-01,CHAMBER-01,1.0,125.0,5.0,168,IDDQ,ELECTRICAL,uA,1.0914,823.6465,823.7064,823.7351,822.5551,24.615,2.4541,12.891,-0.0012,0.0272,34.24,34.69,1.0914,823.6465,823.7064,823.7351,822.5551,50.0,False,NOMINAL,HEALTHY,6.13,48.58
DIG_LOT07_COMP1990,LOT_07,DIGITAL_IC,CQFP-64,DIG-SIH-2026,THERMAL_BURN_IN,T07_1990,PROC-ISRO-IISU-01,ATE-STATION-01,CHAMBER-01,1.0,125.0,5.0,168,IDDQ,ELECTRICAL,uA,1.4242,1103.0985,1103.158,1103.2105,1101.6743,24.907,2.2349,12.414,-0.0062,0.054,35.85,35.18,1.4242,1103.0985,1103.158,1103.2105,1101.6743,50.0,False,NOMINAL,HEALTHY,-35.59,-10.96
DIG_LOT07_COMP1991,LOT_07,DIGITAL_IC,CQFP-64,DIG-SIH-2026,THERMAL_BURN_IN,T07_1991,PROC-ISRO-IISU-01,ATE-STATION-01,CHAMBER-01,1.0,125.0,5.0,168,IDDQ,ELECTRICAL,uA,1.325,1029.632,1029.6664,1029.7394,1028.307,22.939,2.8274,13.511,-0.0096,0.0042,35.65,35.71,1.325,1029.632,1029.6664,1029.7394,1028.307,50.0,False,NOMINAL,HEALTHY,43.01,-23.75
DIG_LOT07_COMP1992,LOT_07,DIGITAL_IC,CQFP-64,DIG-SIH-2026,THERMAL_BURN_IN,T07_1992,PROC-ISRO-IISU-01,ATE-STATION-01,CHAMBER-01,1.0,125.0,5.0,168,IDDQ,ELECTRICAL,uA,1.2565,983.352,983.4264,983.4565,982.0955,25.103,2.3672,13.274,-0.001,-0.0397,33.67,34.15,1.2565,983.352,983.4264,983.4565,982.0955,50.0,False,NOMINAL,HEALTHY,-40.31,-41.82
DIG_LOT07_COMP1993,LOT_07,DIGITAL_IC,CQFP-64,DIG-SIH-2026,THERMAL_BURN_IN,T07_1993,PROC-ISRO-IISU-01,ATE-STATION-01,CHAMBER-01,1.0,125.0,5.0,168,IDDQ,ELECTRICAL,uA,1.1422,876.6464,876.6909,876.7584,875.5042,24.064,1.8443,11.217,0.0073,0.1321,35.73,36.25,1.1422,876.6464,876.6909,876.7584,875.5042,50.0,False,NOMINAL,HEALTHY,-30.47,4.6
DIG_LOT07_COMP1994,LOT_07,DIGITAL_IC,CQFP-64,DIG-SIH-2026,THERMAL_BURN_IN,T07_1994,PROC-ISRO-IISU-01,ATE-STATION-01,CHAMBER-01,1.0,125.0,5.0,168,IDDQ,ELECTRICAL,uA,1.4522,1128.1684,1128.2433,1128.2603,1126.7162,26.208,2.0382,12.515,-0.0066,0.0355,35.48,35.49,1.4522,1128.1684,1128.2433,1128.2603,1126.7162,50.0,False,NOMINAL,HEALTHY,-0.96,-10.94
DIG_LOT07_COMP1995,LOT_07,DIGITAL_IC,CQFP-64,DIG-SIH-2026,THERMAL_BURN_IN,T07_1995,PROC-ISRO-IISU-01,ATE-STATION-01,CHAMBER-01,1.0,125.0,5.0,168,IDDQ,ELECTRICAL,uA,1.3896,1050.1255,1050.2255,1050.2874,1048.7359,23.436,1.6022,11.773,-0.0241,-0.027,37.02,38.07,1.3896,1050.1255,1050.2255,1050.2874,1048.7359,50.0,False,NOMINAL,HEALTHY,-6.03,41.76
DIG_LOT07_COMP1996,LOT_07,DIGITAL_IC,CQFP-64,DIG-SIH-2026,THERMAL_BURN_IN,T07_1996,PROC-ISRO-IISU-01,ATE-STATION-01,CHAMBER-01,1.0,125.0,5.0,168,IDDQ,ELECTRICAL,uA,1.2821,988.2593,988.3263,988.4173,986.9772,23.911,2.2663,12.887,0.0194,-0.0449,36.79,36.37,1.2821,988.2593,988.3263,988.4173,986.9772,50.0,False,NOMINAL,HEALTHY,7.8,-17.76
DIG_LOT07_COMP1997,LOT_07,DIGITAL_IC,CQFP-64,DIG-SIH-2026,THERMAL_BURN_IN,T07_1997,PROC-ISRO-IISU-01,ATE-STATION-01,CHAMBER-01,1.0,125.0,5.0,168,IDDQ,ELECTRICAL,uA,1.4768,1143.4932,1143.5373,1143.6418,1142.0164,25.858,2.1522,12.637,-0.0103,0.0313,36.53,37.0,1.4768,1143.4932,1143.5373,1143.6418,1142.0164,50.0,False,NOMINAL,HEALTHY,25.89,-8.87
DIG_LOT07_COMP1998,LOT_07,DIGITAL_IC,CQFP-64,DIG-SIH-2026,THERMAL_BURN_IN,T07_1998,PROC-ISRO-IISU-01,ATE-STATION-01,CHAMBER-01,1.0,125.0,5.0,168,IDDQ,ELECTRICAL,uA,1.3582,1066.3467,1066.4379,1066.474,1064.9885,27.289,1.1299,11.77,0.0029,-0.0529,33.84,34.36,1.3582,1066.3467,1066.4379,1066.474,1064.9885,50.0,False,NOMINAL,HEALTHY,40.88,-30.32
DIG_LOT07_COMP1999,LOT_07,DIGITAL_IC,CQFP-64,DIG-SIH-2026,THERMAL_BURN_IN,T07_1999,PROC-ISRO-IISU-01,ATE-STATION-01,CHAMBER-01,1.0,125.0,5.0,168,IDDQ,ELECTRICAL,uA,1.3673,1079.3085,1079.3567,1079.4047,1077.9412,26.846,2.1708,12.346,0.008,-0.0841,36.22,36.0,1.3673,1079.3085,1079.3567,1079.4047,1077.9412,50.0,False,NOMINAL,HEALTHY,-12.98,43.9
