component_id,lot_id,device_family,package_type,part_number,test_type,test_id,procedure_id,station_id,chamber_id,test_identity_confidence,stress_temperature_c,stress_voltage_v,duration_hours,primary_parameter,parameter_category,unit,value_0h,value_24h,value_96h,value_168h_actual,delta_value_0_24h,DSNU_DN,hot_pixel_count,supply_current_mA,dark_signal_mean_DN,v_offset_0h,v_offset_24h,snr_0h,snr_24h,iddq_0h,iddq_24h,iddq_96h_actual,iddq_168h_actual,delta_iddq,spec_max_iddq,is_defective_gt,failure_mode_gt,instrument_status,wafer_x,wafer_y
IMA_LOT02_COMP0000,LOT_02,IMAGE_SENSOR,LCC-20,IMA-SIH-2026,IMAGE_SENSOR_DARK_CURRENT_TEST,T02_0000,PROC-ISRO-IISU-01,ATE-STATION-01,CHAMBER-01,1.0,60.0,3.3,168,dark_current_density,OPTICAL,nA/cm2,13.3153,18.7625,49.3214,137.8765,5.4472,16.61,5,40.97,7.04,-0.0204,-0.033,61.7,61.47,13.3153,18.7625,49.3214,137.8765,5.4472,10.0,False,NOMINAL,HEALTHY,26.76,24.21
IMA_LOT02_COMP0001,LOT_02,IMAGE_SENSOR,LCC-20,IMA-SIH-2026,IMAGE_SENSOR_DARK_CURRENT_TEST,T02_0001,PROC-ISRO-IISU-01,ATE-STATION-01,CHAMBER-01,1.0,60.0,3.3,168,dark_current_density,OPTICAL,nA/cm2,12.2686,14.9969,28.7517,57.5621,2.7283,9.74,2,46.53,8.1,0.005,-0.0641,60.81,61.27,12.2686,14.9969,28.7517,57.5621,2.7283,10.0,False,NOMINAL,HEALTHY,-17.03,31.91
IMA_LOT02_COMP0002,LOT_02,IMAGE_SENSOR,LCC-20,IMA-SIH-2026,IMAGE_SENSOR_DARK_CURRENT_TEST,T02_0002,PROC-ISRO-IISU-01,ATE-STATION-01,CHAMBER-01,1.0,60.0,3.3,168,dark_current_density,OPTICAL,nA/cm2,12.6776,19.3538,70.8387,254.8031,6.6762,11.03,4,43.5,6.87,0.0131,-0.079,62.33,61.05,12.6776,19.3538,70.8387,254.8031,6.6762,10.0,False,NOMINAL,HEALTHY,39.14,30.66
IMA_LOT02_COMP0003,LOT_02,IMAGE_SENSOR,LCC-20,IMA-SIH-2026,IMAGE_SENSOR_DARK_CURRENT_TEST,T02_0003,PROC-ISRO-IISU-01,ATE-STATION-01,CHAMBER-01,1.0,60.0,3.3,168,dark_current_density,OPTICAL,nA/cm2,12.8929,16.6532,35.6126,70.8327,3.7603,13.68,3,41.55,8.73,0.0402,0.0402,63.63,62.97,12.8929,16.6532,35.6126,70.8327,3.7603,10.0,False,NOMINAL,HEALTHY,-8.54,21.27
IMA_LOT02_COMP0004,LOT_02,IMAGE_SENSOR,LCC-20,IMA-SIH-2026,IMAGE_SENSOR_DARK_CURRENT_TEST,T02_0004,PROC-ISRO-IISU-01,ATE-STATION-01,CHAMBER-01,1.0,60.0,3.3,168,dark_current_density,OPTICAL,nA/cm2,12.1328,15.801,35.8571,85.4726,3.6682,14.24,7,40.16,7.86,0.0126,0.0433,62.96,62.72,12.1328,15.801,35.8571,85.4726,3.6682,10.0,False,NOMINAL,HEALTHY,-11.27,41.25
IMA_LOT02_COMP0005,LOT_02,IMAGE_SENSOR,LCC-20,IMA-SIH-2026,IMAGE_SENSOR_DARK_CURRENT_TEST,T02_0005,PROC-ISRO-IISU-01,ATE-STATION-01,CHAMBER-01,1.0,60.0,3.3,168,dark_current_density,OPTICAL,nA/cm2,13.007,18.1209,44.8196,111.5723,5.1139,19.11,4,42.74,10.34,-0.0051,-0.0338,60.88,61.95,13.007,18.1209,44.8196,111.5723,5.1139,10.0,False,NOMINAL,HEALTHY,28.69,7.27
IMA_LOT02_COMP0006,LOT_02,IMAGE_SENSOR,LCC-20,IMA-SIH-2026,IMAGE_SENSOR_DARK_CURRENT_TEST,T02_0006,PROC-ISRO-IISU-01,ATE-STATION-01,CHAMBER-01,1.0,60.0,3.3,168,dark_current_density,OPTICAL,nA/cm2,13.5158,19.4222,63.8102,209.0487,5.9064,14.21,5,42.9,8.35,0.0171,0.0781,58.03,62.01,13.5158,19.4222,63.8102,209.0487,5.9064,10.0,False,NOMINAL,HEALTHY,-28.42,27.9
IMA_LOT02_COMP0007,LOT_02,IMAGE_SENSOR,LCC-20,IMA-SIH-2026,IMAGE_SENSOR_DARK_CURRENT_TEST,T02_0007,PROC-ISRO-IISU-01,ATE-STATION-01,CHAMBER-01,1.0,60.0,3.3,168,dark_current_density,OPTICAL,nA/cm2,13.3359,16.4793,34.3451,72.7108,3.1434,12.05,2,41.13,5.65,-0.0085,-0.0231,63.19,62.08,13.3359,16.4793,34.3451,72.7108,3.1434,10.0,False,NOMINAL,HEALTHY,26.67,0.03
IMA_LOT02_COMP0008,LOT_02,IMAGE_SENSOR,LCC-20,IMA-SIH-2026,IMAGE_SENSOR_DARK_CURRENT_TEST,T02_0008,PROC-ISRO-IISU-01,ATE-STATION-01,CHAMBER-01,1.0,60.0,3.3,168,dark_current_density,OPTICAL,nA/cm2,12.4701,18.538,61.1156,211.1579,6.0679,8.25,8,38.42,8.82,0.0026,0.0339,62.55,61.53,12.4701,18.538,61.1156,211.1579,6.0679,10.0,False,NOMINAL,HEALTHY,3.5,-1.28
IMA_LOT02_COMP0009,LOT_02,IMAGE_SENSOR,LCC-20,IMA-SIH-2026,IMAGE_SENSOR_DARK_CURRENT_TEST,T02_0009,PROC-ISRO-IISU-01,ATE-STATION-01,CHAMBER-01,1.0,60.0,3.3,168,dark_current_density,OPTICAL,nA/cm2,12.0166,15.9243,35.7601,80.4171,3.9077,10.73,3,38.58,8.46,-0.0109,0.005,64.88,62.72,12.0166,15.9243,35.7601,80.4171,3.9077,10.0,False,NOMINAL,HEALTHY,-37.48,-35.0
IMA_LOT02_COMP0010,LOT_02,IMAGE_SENSOR,LCC-20,IMA-SIH-2026,IMAGE_SENSOR_DARK_CURRENT_TEST,T02_0010,PROC-ISRO-IISU-01,ATE-STATION-01,CHAMBER-01,1.0,60.0,3.3,168,dark_current_density,OPTICAL,nA/cm2,12.9731,17.3446,43.486,108.5138,4.3715,7.93,4,41.81,8.13,0.0037,0.0248,62.29,61.52,12.9731,17.3446,43.486,108.5138,4.3715,10.0,False,NOMINAL,HEALTHY,41.15,41.57
IMA_LOT02_COMP0011,LOT_02,IMAGE_SENSOR,LCC-20,IMA-SIH-2026,IMAGE_SENSOR_DARK_CURRENT_TEST,T02_0011,PROC-ISRO-IISU-01,ATE-STATION-01,CHAMBER-01,1.0,60.0,3.3,168,dark_current_density,OPTICAL,nA/cm2,13.2728,18.6342,54.7077,158.0837,5.3614,12.57,3,40.76,5.72,0.0071,0.0564,59.37,62.52,13.2728,18.6342,54.7077,158.0837,5.3614,10.0,False,NOMINAL,HEALTHY,39.65,42.38
IMA_LOT02_COMP0012,LOT_02,IMAGE_SENSOR,LCC-20,IMA-SIH-2026,IMAGE_SENSOR_DARK_CURRENT_TEST,T02_0012,PROC-ISRO-IISU-01,ATE-STATION-01,CHAMBER-01,1.0,60.0,3.3,168,dark_current_density,OPTICAL,nA/cm2,12.5953,19.3435,62.369,195.7617,6.7482,6.19,9,40.71,5.36,0.0114,-0.0058,60.34,62.45,12.5953,19.3435,62.369,195.7617,6.7482,10.0,False,NOMINAL,HEALTHY,-39.72,-43.84
IMA_LOT02_COMP0013,LOT_02,IMAGE_SENSOR,LCC-20,IMA-SIH-2026,IMAGE_SENSOR_DARK_CURRENT_TEST,T02_0013,PROC-ISRO-IISU-01,ATE-STATION-01,CHAMBER-01,1.0,60.0,3.3,168,dark_current_density,OPTICAL,nA/cm2,12.6716,17.6763,45.3123,116.4445,5.0047,14.68,4,41.69,6.7,0.0131,0.0457,61.02,61.36,12.6716,17.6763,45.3123,116.4445,5.0047,10.0,False,NOMINAL,HEALTHY,-29.69,3.4
IMA_LOT02_COMP0014,LOT_02,IMAGE_SENSOR,LCC-20,IMA-SIH-2026,IMAGE_SENSOR_DARK_CURRENT_TEST,T02_0014,PROC-ISRO-IISU-01,ATE-STATION-01,CHAMBER-01,1.0,60.0,3.3,168,dark_current_density,OPTICAL,nA/cm2,12.547,16.4103,40.7011,96.5453,3.8633,15.13,5,42.68,6.14,-0.0177,0.0318,59.73,61.8,12.547,16.4103,40.7011,96.5453,3.8633,10.0,False,NOMINAL,HEALTHY,30.43,-41.48
IMA_LOT02_COMP0015,LOT_02,IMAGE_SENSOR,LCC-20,IMA-SIH-2026,IMAGE_SENSOR_DARK_CURRENT_TEST,T02_0015,PROC-ISRO-IISU-01,ATE-STATION-01,CHAMBER-01,1.0,60.0,3.3,168,dark_current_density,OPTICAL,nA/cm2,11.9401,16.6519,56.892,181.993,4.7118,11.29,7,43.05,7.16,0.0369,0.026,60.18,61.83,11.9401,16.6519,56.892,181.993,4.7118,10.0,False,NOMINAL,HEALTHY,-15.69,-43.57
IMA_LOT02_COMP0016,LOT_02,IMAGE_SENSOR,LCC-20,IMA-SIH-2026,IMAGE_SENSOR_DARK_CURRENT_TEST,T02_0016,PROC-ISRO-IISU-01,ATE-STATION-01,CHAMBER-01,1.0,60.0,3.3,168,dark_current_density,OPTICAL,nA/cm2,12.9258,15.6718,30.8388,60.2812,2.746,14.24,1,42.79,7.9,-0.02,-0.0093,61.06,62.11,12.9258,15.6718,30.8388,60.2812,2.746,10.0,False,NOMINAL,HEALTHY,-49.93,33.96
IMA_LOT02_COMP0017,LOT_02,IMAGE_SENSOR,LCC-20,IMA-SIH-2026,IMAGE_SENSOR_DARK_CURRENT_TEST,T02_0017,PROC-ISRO-IISU-01,ATE-STATION-01,CHAMBER-01,1.0,60.0,3.3,168,dark_current_density,OPTICAL,nA/cm2,13.7557,16.7959,33.3925,62.2659,3.0402,8.71,1,44.33,9.05,-0.0308,0.0132,59.96,62.68,13.7557,16.7959,33.3925,62.2659,3.0402,10.0,False,NOMINAL,HEALTHY,-40.79,25.83
IMA_LOT02_COMP0018,LOT_02,IMAGE_SENSOR,LCC-20,IMA-SIH-2026,IMAGE_SENSOR_DARK_CURRENT_TEST,T02_0018,PROC-ISRO-IISU-01,ATE-STATION-01,CHAMBER-01,1.0,60.0,3.3,168,dark_current_density,OPTICAL,nA/cm2,12.4954,15.9997,37.0183,83.8362,3.5043,11.96,6,44.29,9.42,0.0238,0.0443,62.1,62.47,12.4954,15.9997,37.0183,83.8362,3.5043,10.0,False,NOMINAL,HEALTHY,-41.02,-41.72
IMA_LOT02_COMP0019,LOT_02,IMAGE_SENSOR,LCC-20,IMA-SIH-2026,IMAGE_SENSOR_DARK_CURRENT_TEST,T02_0019,PROC-ISRO-IISU-01,ATE-STATION-01,CHAMBER-01,1.0,60.0,3.3,168,dark_current_density,OPTICAL,nA/cm2,13.0075,19.0289,64.5342,220.4554,6.0214,10.45,4,39.94,8.84,0.0053,0.0334,63.27,61.89,13.0075,19.0289,64.5342,220.4554,6.0214,10.0,False,NOMINAL,HEALTHY,-14.04,20.52
IMA_LOT02_COMP0020,LOT_02,IMAGE_SENSOR,LCC-20,IMA-SIH-2026,IMAGE_SENSOR_DARK_CURRENT_TEST,T02_0020,PROC-ISRO-IISU-01,ATE-STATION-01,CHAMBER-01,1.0,60.0,3.3,168,dark_current_density,OPTICAL,nA/cm2,13.1646,17.691,51.3889,143.8403,4.5264,10.4,4,41.97,5.3,0.0009,-0.0439,63.86,62.14,13.1646,17.691,51.3889,143.8403,4.5264,10.0,False,NOMINAL,HEALTHY,48.95,-48.5
IMA_LOT02_COMP0021,LOT_02,IMAGE_SENSOR,LCC-20,IMA-SIH-2026,IMAGE_SENSOR_DARK_CURRENT_TEST,T02_0021,PROC-ISRO-IISU-01,ATE-STATION-01,CHAMBER-01,1.0,60.0,3.3,168,dark_current_density,OPTICAL,nA/cm2,12.2655,16.8286,46.6379,129.5748,4.5631,8.27,4,39.94,6.43,0.0331,0.0638,61.35,62.46,12.2655,16.8286,46.6379,129.5748,4.5631,10.0,False,NOMINAL,HEALTHY,20.39,-12.24
IMA_LOT02_COMP0022,LOT_02,IMAGE_SENSOR,LCC-20,IMA-SIH-2026,IMAGE_SENSOR_DARK_CURRENT_TEST,T02_0022,PROC-ISRO-IISU-01,ATE-STATION-01,CHAMBER-01,1.0,60.0,3.3,168,dark_current_density,OPTICAL,nA/cm2,13.3078,20.9077,67.4509,218.5998,7.5999,9.71,3,42.88,11.38,-0.0096,0.0229,61.09,61.59,13.3078,20.9077,67.4509,218.5998,7.5999,10.0,True,DIELECTRIC_OSCILLATION,HEALTHY,-32.56,23.29
IMA_LOT02_COMP0023,LOT_02,IMAGE_SENSOR,LCC-20,IMA-SIH-2026,IMAGE_SENSOR_DARK_CURRENT_TEST,T02_0023,PROC-ISRO-IISU-01,ATE-STATION-01,CHAMBER-01,1.0,60.0,3.3,168,dark_current_density,OPTICAL,nA/cm2,13.1065,18.0032,53.9538,158.9085,4.8967,17.86,8,40.25,7.63,-0.0067,-0.1024,61.1,61.96,13.1065,18.0032,53.9538,158.9085,4.8967,10.0,False,NOMINAL,HEALTHY,-13.11,37.11
IMA_LOT02_COMP0024,LOT_02,IMAGE_SENSOR,LCC-20,IMA-SIH-2026,IMAGE_SENSOR_DARK_CURRENT_TEST,T02_0024,PROC-ISRO-IISU-01,ATE-STATION-01,CHAMBER-01,1.0,60.0,3.3,168,dark_current_density,OPTICAL,nA/cm2,13.4222,19.3548,60.4426,174.0267,5.9326,14.34,3,41.13,9.07,-0.0477,-0.0344,62.22,61.53,13.4222,19.3548,60.4426,174.0267,5.9326,10.0,False,NOMINAL,HEALTHY,41.98,28.53
IMA_LOT02_COMP0025,LOT_02,IMAGE_SENSOR,LCC-20,IMA-SIH-2026,IMAGE_SENSOR_DARK_CURRENT_TEST,T02_0025,PROC-ISRO-IISU-01,ATE-STATION-01,CHAMBER-01,1.0,60.0,3.3,168,dark_current_density,OPTICAL,nA/cm2,12.5246,17.9631,69.9708,339.7046,5.4385,7.62,3,38.77,8.34,-0.0182,-0.0747,61.95,61.12,12.5246,17.9631,69.9708,339.7046,5.4385,10.0,True,DARK_CURRENT_SPIKE_GROWTH,HEALTHY,49.26,-43.39
IMA_LOT02_COMP0026,LOT_02,IMAGE_SENSOR,LCC-20,IMA-SIH-2026,IMAGE_SENSOR_DARK_CURRENT_TEST,T02_0026,PROC-ISRO-IISU-01,ATE-STATION-01,CHAMBER-01,1.0,60.0,3.3,168,dark_current_density,OPTICAL,nA/cm2,12.1884,17.5923,49.468,143.1892,5.4039,12.72,6,38.73,9.74,0.0018,0.0706,61.04,61.5,12.1884,17.5923,49.468,143.1892,5.4039,10.0,False,NOMINAL,HEALTHY,-17.31,-33.79
IMA_LOT02_COMP0027,LOT_02,IMAGE_SENSOR,LCC-20,IMA-SIH-2026,IMAGE_SENSOR_DARK_CURRENT_TEST,T02_0027,PROC-ISRO-IISU-01,ATE-STATION-01,CHAMBER-01,1.0,60.0,3.3,168,dark_current_density,OPTICAL,nA/cm2,12.4154,16.5699,40.0248,105.215,4.1545,11.38,2,40.42,8.51,-0.0202,0.0897,63.9,62.16,12.4154,16.5699,40.0248,105.215,4.1545,10.0,False,NOMINAL,HEALTHY,-41.57,-5.89
IMA_LOT02_COMP0028,LOT_02,IMAGE_SENSOR,LCC-20,IMA-SIH-2026,IMAGE_SENSOR_DARK_CURRENT_TEST,T02_0028,PROC-ISRO-IISU-01,ATE-STATION-01,CHAMBER-01,1.0,60.0,3.3,168,dark_current_density,OPTICAL,nA/cm2,13.3565,17.2516,42.2164,97.1574,3.8951,14.67,4,40.17,5.5,0.0107,0.0149,62.5,62.63,13.3565,17.2516,42.2164,97.1574,3.8951,10.0,False,NOMINAL,HEALTHY,-10.4,-30.51
IMA_LOT02_COMP0029,LOT_02,IMAGE_SENSOR,LCC-20,IMA-SIH-2026,IMAGE_SENSOR_DARK_CURRENT_TEST,T02_0029,PROC-ISRO-IISU-01,ATE-STATION-01,CHAMBER-01,1.0,60.0,3.3,168,dark_current_density,OPTICAL,nA/cm2,13.4178,16.6569,35.6067,72.5057,3.2391,14.3,1,43.09,7.74,-0.0035,-0.036,61.93,62.26,13.4178,16.6569,35.6067,72.5057,3.2391,10.0,False,NOMINAL,HEALTHY,-4.08,-23.14
IMA_LOT02_COMP0030,LOT_02,IMAGE_SENSOR,LCC-20,IMA-SIH-2026,IMAGE_SENSOR_DARK_CURRENT_TEST,T02_0030,PROC-ISRO-IISU-01,ATE-STATION-01,CHAMBER-01,1.0,60.0,3.3,168,dark_current_density,OPTICAL,nA/cm2,12.8707,15.9019,34.5713,74.4035,3.0312,9.79,10,43.64,8.03,-0.013,-0.0692,62.33,62.08,12.8707,15.9019,34.5713,74.4035,3.0312,10.0,False,NOMINAL,HEALTHY,10.83,-39.29
IMA_LOT02_COMP0031,LOT_02,IMAGE_SENSOR,LCC-20,IMA-SIH-2026,IMAGE_SENSOR_DARK_CURRENT_TEST,T02_0031,PROC-ISRO-IISU-01,ATE-STATION-01,CHAMBER-01,1.0,60.0,3.3,168,dark_current_density,OPTICAL,nA/cm2,13.2099,18.4442,55.2679,158.1925,5.2343,14.57,4,42.1,7.71,0.0164,0.0062,59.49,61.57,13.2099,18.4442,55.2679,158.1925,5.2343,10.0,False,NOMINAL,HEALTHY,-12.78,-37.19
IMA_LOT02_COMP0032,LOT_02,IMAGE_SENSOR,LCC-20,IMA-SIH-2026,IMAGE_SENSOR_DARK_CURRENT_TEST,T02_0032,PROC-ISRO-IISU-01,ATE-STATION-01,CHAMBER-01,1.0,60.0,3.3,168,dark_current_density,OPTICAL,nA/cm2,12.7224,16.5019,31.3111,59.7182,3.7795,16.11,7,39.67,8.01,-0.0068,-0.0876,62.24,61.55,12.7224,16.5019,31.3111,59.7182,3.7795,10.0,False,NOMINAL,HEALTHY,26.3,-11.88
IMA_LOT02_COMP0033,LOT_02,IMAGE_SENSOR,LCC-20,IMA-SIH-2026,IMAGE_SENSOR_DARK_CURRENT_TEST,T02_0033,PROC-ISRO-IISU-01,ATE-STATION-01,CHAMBER-01,1.0,60.0,3.3,168,dark_current_density,OPTICAL,nA/cm2,11.9846,15.7592,31.4688,62.5344,3.7746,12.08,6,44.39,7.69,-0.0139,-0.0014,59.37,62.36,11.9846,15.7592,31.4688,62.5344,3.7746,10.0,False,NOMINAL,HEALTHY,-19.81,41.24
IMA_LOT02_COMP0034,LOT_02,IMAGE_SENSOR,LCC-20,IMA-SIH-2026,IMAGE_SENSOR_DARK_CURRENT_TEST,T02_0034,PROC-ISRO-IISU-01,ATE-STATION-01,CHAMBER-01,1.0,60.0,3.3,168,dark_current_density,OPTICAL,nA/cm2,13.1761,16.6472,40.0074,90.8012,3.4711,18.93,4,43.49,6.04,-0.0007,0.0795,60.19,62.02,13.1761,16.6472,40.0074,90.8012,3.4711,10.0,False,NOMINAL,HEALTHY,40.09,-10.35
IMA_LOT02_COMP0035,LOT_02,IMAGE_SENSOR,LCC-20,IMA-SIH-2026,IMAGE_SENSOR_DARK_CURRENT_TEST,T02_0035,PROC-ISRO-IISU-01,ATE-STATION-01,CHAMBER-01,1.0,60.0,3.3,168,dark_current_density,OPTICAL,nA/cm2,12.047,18.9133,65.6124,227.9824,6.8663,7.46,3,39.73,9.84,-0.0147,0.0479,60.16,61.53,12.047,18.9133,65.6124,227.9824,6.8663,10.0,False,NOMINAL,HEALTHY,-40.43,-20.2
IMA_LOT02_COMP0036,LOT_02,IMAGE_SENSOR,LCC-20,IMA-SIH-2026,IMAGE_SENSOR_DARK_CURRENT_TEST,T02_0036,PROC-ISRO-IISU-01,ATE-STATION-01,CHAMBER-01,1.0,60.0,3.3,168,dark_current_density,OPTICAL,nA/cm2,12.8585,17.4749,46.9201,126.3472,4.6164,11.95,7,41.18,10.94,0.0009,0.0391,63.18,61.97,12.8585,17.4749,46.9201,126.3472,4.6164,10.0,False,NOMINAL,HEALTHY,-35.61,7.27
IMA_LOT02_COMP0037,LOT_02,IMAGE_SENSOR,LCC-20,IMA-SIH-2026,IMAGE_SENSOR_DARK_CURRENT_TEST,T02_0037,PROC-ISRO-IISU-01,ATE-STATION-01,CHAMBER-01,1.0,60.0,3.3,168,dark_current_density,OPTICAL,nA/cm2,12.0038,17.1594,53.0794,158.4738,5.1556,14.9,7,46.5,9.7,-0.0256,-0.0589,60.99,62.04,12.0038,17.1594,53.0794,158.4738,5.1556,10.0,False,NOMINAL,HEALTHY,23.96,-31.41
IMA_LOT02_COMP0038,LOT_02,IMAGE_SENSOR,LCC-20,IMA-SIH-2026,IMAGE_SENSOR_DARK_CURRENT_TEST,T02_0038,PROC-ISRO-IISU-01,ATE-STATION-01,CHAMBER-01,1.0,60.0,3.3,168,dark_current_density,OPTICAL,nA/cm2,13.1907,19.2387,60.4841,195.4235,6.048,11.92,5,41.71,8.22,-0.0062,-0.037,60.32,62.64,13.1907,19.2387,60.4841,195.4235,6.048,10.0,False,NOMINAL,HEALTHY,28.43,-10.91
IMA_LOT02_COMP0039,LOT_02,IMAGE_SENSOR,LCC-20,IMA-SIH-2026,IMAGE_SENSOR_DARK_CURRENT_TEST,T02_0039,PROC-ISRO-IISU-01,ATE-STATION-01,CHAMBER-01,1.0,60.0,3.3,168,dark_current_density,OPTICAL,nA/cm2,11.5945,14.6954,29.7601,56.968,3.1009,15.35,0,42.71,8.75,-0.0016,0.0238,59.61,61.88,11.5945,14.6954,29.7601,56.968,3.1009,10.0,False,NOMINAL,HEALTHY,-38.06,35.42
IMA_LOT02_COMP0040,LOT_02,IMAGE_SENSOR,LCC-20,IMA-SIH-2026,IMAGE_SENSOR_DARK_CURRENT_TEST,T02_0040,PROC-ISRO-IISU-01,ATE-STATION-01,CHAMBER-01,1.0,60.0,3.3,168,dark_current_density,OPTICAL,nA/cm2,12.4349,16.7774,37.4768,84.6768,4.3425,14.35,3,44.38,6.85,0.0018,0.0258,59.95,61.98,12.4349,16.7774,37.4768,84.6768,4.3425,10.0,False,NOMINAL,HEALTHY,-32.71,-41.9
IMA_LOT02_COMP0041,LOT_02,IMAGE_SENSOR,LCC-20,IMA-SIH-2026,IMAGE_SENSOR_DARK_CURRENT_TEST,T02_0041,PROC-ISRO-IISU-01,ATE-STATION-01,CHAMBER-01,1.0,60.0,3.3,168,dark_current_density,OPTICAL,nA/cm2,13.0545,18.5112,50.068,142.0401,5.4567,11.42,3,43.82,4.93,-0.0075,0.0776,63.66,62.83,13.0545,18.5112,50.068,142.0401,5.4567,10.0,False,NOMINAL,HEALTHY,-20.58,-35.18
IMA_LOT02_COMP0042,LOT_02,IMAGE_SENSOR,LCC-20,IMA-SIH-2026,IMAGE_SENSOR_DARK_CURRENT_TEST,T02_0042,PROC-ISRO-IISU-01,ATE-STATION-01,CHAMBER-01,1.0,60.0,3.3,168,dark_current_density,OPTICAL,nA/cm2,12.3145,18.2928,56.6685,180.6236,5.9783,7.19,3,38.94,8.41,-0.0247,0.025,62.98,61.93,12.3145,18.2928,56.6685,180.6236,5.9783,10.0,False,NOMINAL,HEALTHY,-46.23,19.57
IMA_LOT02_COMP0043,LOT_02,IMAGE_SENSOR,LCC-20,IMA-SIH-2026,IMAGE_SENSOR_DARK_CURRENT_TEST,T02_0043,PROC-ISRO-IISU-01,ATE-STATION-01,CHAMBER-01,1.0,60.0,3.3,168,dark_current_density,OPTICAL,nA/cm2,13.2181,17.8763,50.2498,133.4411,4.6582,11.75,8,42.59,6.77,-0.0241,-0.0434,63.34,61.49,13.2181,17.8763,50.2498,133.4411,4.6582,10.0,False,NOMINAL,HEALTHY,-13.7,-22.12
IMA_LOT02_COMP0044,LOT_02,IMAGE_SENSOR,LCC-20,IMA-SIH-2026,IMAGE_SENSOR_DARK_CURRENT_TEST,T02_0044,PROC-ISRO-IISU-01,ATE-STATION-01,CHAMBER-01,1.0,60.0,3.3,168,dark_current_density,OPTICAL,nA/cm2,12.5941,16.4588,37.3769,87.1845,3.8647,14.88,4,42.32,7.87,-0.0116,-0.018,61.92,60.83,12.5941,16.4588,37.3769,87.1845,3.8647,10.0,False,NOMINAL,HEALTHY,13.81,-44.46
IMA_LOT02_COMP0045,LOT_02,IMAGE_SENSOR,LCC-20,IMA-SIH-2026,IMAGE_SENSOR_DARK_CURRENT_TEST,T02_0045,PROC-ISRO-IISU-01,ATE-STATION-01,CHAMBER-01,1.0,60.0,3.3,168,dark_current_density,OPTICAL,nA/cm2,11.7356,15.3966,32.341,68.7974,3.661,17.86,7,42.21,7.03,0.0048,-0.0092,61.99,62.23,11.7356,15.3966,32.341,68.7974,3.661,10.0,False,NOMINAL,HEALTHY,24.01,44.65
IMA_LOT02_COMP0046,LOT_02,IMAGE_SENSOR,LCC-20,IMA-SIH-2026,IMAGE_SENSOR_DARK_CURRENT_TEST,T02_0046,PROC-ISRO-IISU-01,ATE-STATION-01,CHAMBER-01,1.0,60.0,3.3,168,dark_current_density,OPTICAL,nA/cm2,12.8335,17.3954,47.8801,125.7133,4.5619,10.97,7,39.31,6.83,0.0031,0.0071,59.88,62.15,12.8335,17.3954,47.8801,125.7133,4.5619,10.0,False,NOMINAL,HEALTHY,-43.62,47.21
IMA_LOT02_COMP0047,LOT_02,IMAGE_SENSOR,LCC-20,IMA-SIH-2026,IMAGE_SENSOR_DARK_CURRENT_TEST,T02_0047,PROC-ISRO-IISU-01,ATE-STATION-01,CHAMBER-01,1.0,60.0,3.3,168,dark_current_density,OPTICAL,nA/cm2,13.2737,18.3142,49.5197,127.3053,5.0405,15.96,9,42.28,8.52,0.0181,-0.0331,63.1,62.2,13.2737,18.3142,49.5197,127.3053,5.0405,10.0,False,NOMINAL,HEALTHY,32.84,-20.47
IMA_LOT02_COMP0048,LOT_02,IMAGE_SENSOR,LCC-20,IMA-SIH-2026,IMAGE_SENSOR_DARK_CURRENT_TEST,T02_0048,PROC-ISRO-IISU-01,ATE-STATION-01,CHAMBER-01,1.0,60.0,3.3,168,dark_current_density,OPTICAL,nA/cm2,12.8831,15.5808,31.6444,65.114,2.6977,13.95,2,40.86,6.99,-0.0285,-0.0803,60.54,62.82,12.8831,15.5808,31.6444,65.114,2.6977,10.0,False,NOMINAL,HEALTHY,48.19,-24.91
IMA_LOT02_COMP0049,LOT_02,IMAGE_SENSOR,LCC-20,IMA-SIH-2026,IMAGE_SENSOR_DARK_CURRENT_TEST,T02_0049,PROC-ISRO-IISU-01,ATE-STATION-01,CHAMBER-01,1.0,60.0,3.3,168,dark_current_density,OPTICAL,nA/cm2,12.9318,18.51,43.9136,112.6099,5.5782,4.34,4,42.41,5.05,-0.0188,0.0903,61.39,62.52,12.9318,18.51,43.9136,112.6099,5.5782,10.0,False,NOMINAL,HEALTHY,-12.87,45.31
IMA_LOT02_COMP0050,LOT_02,IMAGE_SENSOR,LCC-20,IMA-SIH-2026,IMAGE_SENSOR_DARK_CURRENT_TEST,T02_0050,PROC-ISRO-IISU-01,ATE-STATION-01,CHAMBER-01,1.0,60.0,3.3,168,dark_current_density,OPTICAL,nA/cm2,13.1664,19.9488,69.3813,273.1787,6.7824,14.18,2,38.27,4.13,-0.0031,0.0411,62.05,61.53,13.1664,19.9488,69.3813,273.1787,6.7824,10.0,False,NOMINAL,HEALTHY,-47.03,29.75
IMA_LOT02_COMP0051,LOT_02,IMAGE_SENSOR,LCC-20,IMA-SIH-2026,IMAGE_SENSOR_DARK_CURRENT_TEST,T02_0051,PROC-ISRO-IISU-01,ATE-STATION-01,CHAMBER-01,1.0,60.0,3.3,168,dark_current_density,OPTICAL,nA/cm2,12.8084,18.5662,55.5945,165.6661,5.7578,9.3,5,42.41,8.53,-0.0272,0.037,62.22,62.12,12.8084,18.5662,55.5945,165.6661,5.7578,10.0,False,NOMINAL,HEALTHY,10.12,12.35
IMA_LOT02_COMP0052,LOT_02,IMAGE_SENSOR,LCC-20,IMA-SIH-2026,IMAGE_SENSOR_DARK_CURRENT_TEST,T02_0052,PROC-ISRO-IISU-01,ATE-STATION-01,CHAMBER-01,1.0,60.0,3.3,168,dark_current_density,OPTICAL,nA/cm2,12.3776,16.6633,47.1228,122.3042,4.2857,9.12,3,40.32,5.98,-0.0297,0.0008,62.1,61.59,12.3776,16.6633,47.1228,122.3042,4.2857,10.0,False,NOMINAL,HEALTHY,36.92,-12.33
IMA_LOT02_COMP0053,LOT_02,IMAGE_SENSOR,LCC-20,IMA-SIH-2026,IMAGE_SENSOR_DARK_CURRENT_TEST,T02_0053,PROC-ISRO-IISU-01,ATE-STATION-01,CHAMBER-01,1.0,60.0,3.3,168,dark_current_density,OPTICAL,nA/cm2,12.6381,17.4326,49.2429,138.62,4.7945,11.92,5,42.73,6.02,0.0009,0.0009,62.89,61.87,12.6381,17.4326,49.2429,138.62,4.7945,10.0,False,NOMINAL,HEALTHY,12.53,9.63
IMA_LOT02_COMP0054,LOT_02,IMAGE_SENSOR,LCC-20,IMA-SIH-2026,IMAGE_SENSOR_DARK_CURRENT_TEST,T02_0054,PROC-ISRO-IISU-01,ATE-STATION-01,CHAMBER-01,1.0,60.0,3.3,168,dark_current_density,OPTICAL,nA/cm2,12.1646,17.1872,43.9685,107.2821,5.0226,6.42,6,39.08,6.69,0.0218,0.0209,60.6,60.85,12.1646,17.1872,43.9685,107.2821,5.0226,10.0,False,NOMINAL,HEALTHY,-15.35,-18.34
IMA_LOT02_COMP0055,LOT_02,IMAGE_SENSOR,LCC-20,IMA-SIH-2026,IMAGE_SENSOR_DARK_CURRENT_TEST,T02_0055,PROC-ISRO-IISU-01,ATE-STATION-01,CHAMBER-01,1.0,60.0,3.3,168,dark_current_density,OPTICAL,nA/cm2,13.0365,16.594,34.423,77.0156,3.5575,14.73,7,41.04,10.66,-0.0243,0.022,63.23,62.55,13.0365,16.594,34.423,77.0156,3.5575,10.0,False,NOMINAL,HEALTHY,32.3,2.87
IMA_LOT02_COMP0056,LOT_02,IMAGE_SENSOR,LCC-20,IMA-SIH-2026,IMAGE_SENSOR_DARK_CURRENT_TEST,T02_0056,PROC-ISRO-IISU-01,ATE-STATION-01,CHAMBER-01,1.0,60.0,3.3,168,dark_current_density,OPTICAL,nA/cm2,13.0289,17.9701,44.99,115.7653,4.9412,12.66,6,42.85,7.95,0.0126,0.0874,62.01,62.36,13.0289,17.9701,44.99,115.7653,4.9412,10.0,False,NOMINAL,HEALTHY,-3.49,-5.99
IMA_LOT02_COMP0057,LOT_02,IMAGE_SENSOR,LCC-20,IMA-SIH-2026,IMAGE_SENSOR_DARK_CURRENT_TEST,T02_0057,PROC-ISRO-IISU-01,ATE-STATION-01,CHAMBER-01,1.0,60.0,3.3,168,dark_current_density,OPTICAL,nA/cm2,13.5228,16.603,35.0864,69.7622,3.0802,15.11,6,42.54,8.35,-0.005,0.02,65.0,61.4,13.5228,16.603,35.0864,69.7622,3.0802,10.0,False,NOMINAL,HEALTHY,23.63,-36.65
IMA_LOT02_COMP0058,LOT_02,IMAGE_SENSOR,LCC-20,IMA-SIH-2026,IMAGE_SENSOR_DARK_CURRENT_TEST,T02_0058,PROC-ISRO-IISU-01,ATE-STATION-01,CHAMBER-01,1.0,60.0,3.3,168,dark_current_density,OPTICAL,nA/cm2,13.0984,18.5534,57.2396,180.1682,5.455,11.17,8,45.02,7.87,-0.0241,0.038,60.16,61.89,13.0984,18.5534,57.2396,180.1682,5.455,10.0,False,NOMINAL,HEALTHY,43.0,-33.98
IMA_LOT02_COMP0059,LOT_02,IMAGE_SENSOR,LCC-20,IMA-SIH-2026,IMAGE_SENSOR_DARK_CURRENT_TEST,T02_0059,PROC-ISRO-IISU-01,ATE-STATION-01,CHAMBER-01,1.0,60.0,3.3,168,dark_current_density,OPTICAL,nA/cm2,12.0951,19.3559,71.1718,241.5793,7.2608,12.12,5,41.29,6.79,-0.0224,-0.0402,60.82,61.44,12.0951,19.3559,71.1718,241.5793,7.2608,10.0,False,NOMINAL,HEALTHY,-24.29,1.28
IMA_LOT02_COMP0060,LOT_02,IMAGE_SENSOR,LCC-20,IMA-SIH-2026,IMAGE_SENSOR_DARK_CURRENT_TEST,T02_0060,PROC-ISRO-IISU-01,ATE-STATION-01,CHAMBER-01,1.0,60.0,3.3,168,dark_current_density,OPTICAL,nA/cm2,12.4532,15.6052,32.201,65.4885,3.152,15.21,5,41.93,7.28,0.0057,-0.0324,60.21,60.95,12.4532,15.6052,32.201,65.4885,3.152,10.0,False,NOMINAL,HEALTHY,34.12,-30.46
IMA_LOT02_COMP0061,LOT_02,IMAGE_SENSOR,LCC-20,IMA-SIH-2026,IMAGE_SENSOR_DARK_CURRENT_TEST,T02_0061,PROC-ISRO-IISU-01,ATE-STATION-01,CHAMBER-01,1.0,60.0,3.3,168,dark_current_density,OPTICAL,nA/cm2,14.1785,21.4594,77.0755,289.8255,7.2809,6.52,6,42.97,5.24,0.0092,0.0235,62.21,62.49,14.1785,21.4594,77.0755,289.8255,7.2809,10.0,False,NOMINAL,HEALTHY,46.24,38.43
IMA_LOT02_COMP0062,LOT_02,IMAGE_SENSOR,LCC-20,IMA-SIH-2026,IMAGE_SENSOR_DARK_CURRENT_TEST,T02_0062,PROC-ISRO-IISU-01,ATE-STATION-01,CHAMBER-01,1.0,60.0,3.3,168,dark_current_density,OPTICAL,nA/cm2,13.0146,17.0534,39.9597,91.8655,4.0388,11.66,3,39.55,7.63,0.0175,0.0959,61.64,60.87,13.0146,17.0534,39.9597,91.8655,4.0388,10.0,False,NOMINAL,HEALTHY,40.02,-24.66
IMA_LOT02_COMP0063,LOT_02,IMAGE_SENSOR,LCC-20,IMA-SIH-2026,IMAGE_SENSOR_DARK_CURRENT_TEST,T02_0063,PROC-ISRO-IISU-01,ATE-STATION-01,CHAMBER-01,1.0,60.0,3.3,168,dark_current_density,OPTICAL,nA/cm2,43.2224,53.3876,105.9803,198.9348,10.1652,9.88,4,41.31,8.41,0.005,-0.0363,60.63,61.84,43.2224,53.3876,105.9803,198.9348,10.1652,10.0,True,SPATIAL_OUTLIER,HEALTHY,-7.33,34.55
IMA_LOT02_COMP0064,LOT_02,IMAGE_SENSOR,LCC-20,IMA-SIH-2026,IMAGE_SENSOR_DARK_CURRENT_TEST,T02_0064,PROC-ISRO-IISU-01,ATE-STATION-01,CHAMBER-01,1.0,60.0,3.3,168,dark_current_density,OPTICAL,nA/cm2,12.6832,17.8288,50.6363,140.1015,5.1456,12.35,5,42.45,8.82,-0.042,-0.1061,60.57,61.86,12.6832,17.8288,50.6363,140.1015,5.1456,10.0,False,NOMINAL,HEALTHY,-15.49,-20.07
IMA_LOT02_COMP0065,LOT_02,IMAGE_SENSOR,LCC-20,IMA-SIH-2026,IMAGE_SENSOR_DARK_CURRENT_TEST,T02_0065,PROC-ISRO-IISU-01,ATE-STATION-01,CHAMBER-01,1.0,60.0,3.3,168,dark_current_density,OPTICAL,nA/cm2,13.4433,19.1699,60.4567,188.7343,5.7266,11.15,10,45.09,10.74,-0.0096,-0.0164,60.38,62.51,13.4433,19.1699,60.4567,188.7343,5.7266,10.0,False,NOMINAL,HEALTHY,-49.37,18.99
IMA_LOT02_COMP0066,LOT_02,IMAGE_SENSOR,LCC-20,IMA-SIH-2026,IMAGE_SENSOR_DARK_CURRENT_TEST,T02_0066,PROC-ISRO-IISU-01,ATE-STATION-01,CHAMBER-01,1.0,60.0,3.3,168,dark_current_density,OPTICAL,nA/cm2,13.1134,18.342,54.743,161.9805,5.2286,11.04,7,41.87,9.52,-0.0032,-0.0147,60.1,62.8,13.1134,18.342,54.743,161.9805,5.2286,10.0,False,NOMINAL,HEALTHY,-1.62,4.85
IMA_LOT02_COMP0067,LOT_02,IMAGE_SENSOR,LCC-20,IMA-SIH-2026,IMAGE_SENSOR_DARK_CURRENT_TEST,T02_0067,PROC-ISRO-IISU-01,ATE-STATION-01,CHAMBER-01,1.0,60.0,3.3,168,dark_current_density,OPTICAL,nA/cm2,12.5246,16.292,35.5451,78.0788,3.7674,20.57,3,40.08,7.11,0.0034,-0.0623,60.33,61.66,12.5246,16.292,35.5451,78.0788,3.7674,10.0,False,NOMINAL,HEALTHY,-34.8,-47.07
IMA_LOT02_COMP0068,LOT_02,IMAGE_SENSOR,LCC-20,IMA-SIH-2026,IMAGE_SENSOR_DARK_CURRENT_TEST,T02_0068,PROC-ISRO-IISU-01,ATE-STATION-01,CHAMBER-01,1.0,60.0,3.3,168,dark_current_density,OPTICAL,nA/cm2,12.1906,18.5924,63.8836,202.9886,6.4018,15.15,4,42.5,6.21,0.0284,0.0199,61.8,62.12,12.1906,18.5924,63.8836,202.9886,6.4018,10.0,False,NOMINAL,HEALTHY,8.96,7.27
IMA_LOT02_COMP0069,LOT_02,IMAGE_SENSOR,LCC-20,IMA-SIH-2026,IMAGE_SENSOR_DARK_CURRENT_TEST,T02_0069,PROC-ISRO-IISU-01,ATE-STATION-01,CHAMBER-01,1.0,60.0,3.3,168,dark_current_density,OPTICAL,nA/cm2,12.7038,17.4144,47.5011,116.9159,4.7106,11.05,3,41.42,10.28,0.0057,-0.0381,63.24,61.65,12.7038,17.4144,47.5011,116.9159,4.7106,10.0,False,NOMINAL,HEALTHY,-3.72,-40.85
IMA_LOT02_COMP0070,LOT_02,IMAGE_SENSOR,LCC-20,IMA-SIH-2026,IMAGE_SENSOR_DARK_CURRENT_TEST,T02_0070,PROC-ISRO-IISU-01,ATE-STATION-01,CHAMBER-01,1.0,60.0,3.3,168,dark_current_density,OPTICAL,nA/cm2,13.8767,20.2908,63.1927,211.0584,6.4141,12.32,2,38.67,8.0,0.0144,-0.0087,62.11,61.51,13.8767,20.2908,63.1927,211.0584,6.4141,10.0,False,NOMINAL,HEALTHY,-29.81,-8.14
IMA_LOT02_COMP0071,LOT_02,IMAGE_SENSOR,LCC-20,IMA-SIH-2026,IMAGE_SENSOR_DARK_CURRENT_TEST,T02_0071,PROC-ISRO-IISU-01,ATE-STATION-01,CHAMBER-01,1.0,60.0,3.3,168,dark_current_density,OPTICAL,nA/cm2,12.0385,15.1968,28.1303,54.7089,3.1583,6.0,5,44.55,7.14,-0.0044,-0.0191,59.96,62.45,12.0385,15.1968,28.1303,54.7089,3.1583,10.0,False,NOMINAL,HEALTHY,29.47,-14.73
IMA_LOT02_COMP0072,LOT_02,IMAGE_SENSOR,LCC-20,IMA-SIH-2026,IMAGE_SENSOR_DARK_CURRENT_TEST,T02_0072,PROC-ISRO-IISU-01,ATE-STATION-01,CHAMBER-01,1.0,60.0,3.3,168,dark_current_density,OPTICAL,nA/cm2,12.2623,16.7891,39.2857,93.0526,4.5268,11.74,4,43.6,7.98,0.014,-0.038,63.47,61.61,12.2623,16.7891,39.2857,93.0526,4.5268,10.0,False,NOMINAL,HEALTHY,-17.98,19.91
IMA_LOT02_COMP0073,LOT_02,IMAGE_SENSOR,LCC-20,IMA-SIH-2026,IMAGE_SENSOR_DARK_CURRENT_TEST,T02_0073,PROC-ISRO-IISU-01,ATE-STATION-01,CHAMBER-01,1.0,60.0,3.3,168,dark_current_density,OPTICAL,nA/cm2,12.093,15.7501,32.3028,66.4405,3.6571,9.29,3,43.92,9.76,-0.0049,-0.1176,58.31,61.49,12.093,15.7501,32.3028,66.4405,3.6571,10.0,False,NOMINAL,HEALTHY,-42.7,-21.05
IMA_LOT02_COMP0074,LOT_02,IMAGE_SENSOR,LCC-20,IMA-SIH-2026,IMAGE_SENSOR_DARK_CURRENT_TEST,T02_0074,PROC-ISRO-IISU-01,ATE-STATION-01,CHAMBER-01,1.0,60.0,3.3,168,dark_current_density,OPTICAL,nA/cm2,13.1128,17.7698,54.049,157.654,4.657,13.28,4,42.72,6.86,-0.0428,0.0095,60.96,61.38,13.1128,17.7698,54.049,157.654,4.657,10.0,False,NOMINAL,HEALTHY,17.19,18.52
IMA_LOT02_COMP0075,LOT_02,IMAGE_SENSOR,LCC-20,IMA-SIH-2026,IMAGE_SENSOR_DARK_CURRENT_TEST,T02_0075,PROC-ISRO-IISU-01,ATE-STATION-01,CHAMBER-01,1.0,60.0,3.3,168,dark_current_density,OPTICAL,nA/cm2,12.0324,16.7951,46.6666,133.7852,4.7627,11.23,8,42.33,7.36,0.0104,0.028,64.6,62.16,12.0324,16.7951,46.6666,133.7852,4.7627,10.0,False,NOMINAL,HEALTHY,29.59,18.03
IMA_LOT02_COMP0076,LOT_02,IMAGE_SENSOR,LCC-20,IMA-SIH-2026,IMAGE_SENSOR_DARK_CURRENT_TEST,T02_0076,PROC-ISRO-IISU-01,ATE-STATION-01,CHAMBER-01,1.0,60.0,3.3,168,dark_current_density,OPTICAL,nA/cm2,12.9431,18.4771,49.819,134.9007,5.534,15.47,5,43.88,8.51,0.0112,0.0518,59.17,62.16,12.9431,18.4771,49.819,134.9007,5.534,10.0,False,NOMINAL,HEALTHY,-41.95,-28.06
IMA_LOT02_COMP0077,LOT_02,IMAGE_SENSOR,LCC-20,IMA-SIH-2026,IMAGE_SENSOR_DARK_CURRENT_TEST,T02_0077,PROC-ISRO-IISU-01,ATE-STATION-01,CHAMBER-01,1.0,60.0,3.3,168,dark_current_density,OPTICAL,nA/cm2,13.251,17.1398,36.1222,87.6556,3.8888,9.37,3,44.18,6.64,0.0067,-0.0179,60.9,62.21,13.251,17.1398,36.1222,87.6556,3.8888,10.0,False,NOMINAL,HEALTHY,-4.78,-6.22
IMA_LOT02_COMP0078,LOT_02,IMAGE_SENSOR,LCC-20,IMA-SIH-2026,IMAGE_SENSOR_DARK_CURRENT_TEST,T02_0078,PROC-ISRO-IISU-01,ATE-STATION-01,CHAMBER-01,1.0,60.0,3.3,168,dark_current_density,OPTICAL,nA/cm2,13.1298,15.5651,30.9995,64.8116,2.4353,8.89,4,44.0,8.08,0.0233,0.0118,61.08,62.52,13.1298,15.5651,30.9995,64.8116,2.4353,10.0,False,NOMINAL,HEALTHY,-0.9,-32.35
IMA_LOT02_COMP0079,LOT_02,IMAGE_SENSOR,LCC-20,IMA-SIH-2026,IMAGE_SENSOR_DARK_CURRENT_TEST,T02_0079,PROC-ISRO-IISU-01,ATE-STATION-01,CHAMBER-01,1.0,60.0,3.3,168,dark_current_density,OPTICAL,nA/cm2,12.8123,15.9464,36.6883,78.9278,3.1341,11.33,6,44.8,9.31,0.005,-0.1094,61.15,61.8,12.8123,15.9464,36.6883,78.9278,3.1341,10.0,False,NOMINAL,HEALTHY,-13.5,-16.44
IMA_LOT02_COMP0080,LOT_02,IMAGE_SENSOR,LCC-20,IMA-SIH-2026,IMAGE_SENSOR_DARK_CURRENT_TEST,T02_0080,PROC-ISRO-IISU-01,ATE-STATION-01,CHAMBER-01,1.0,60.0,3.3,168,dark_current_density,OPTICAL,nA/cm2,11.8056,15.1681,35.0727,76.5702,3.3625,12.7,9,37.71,9.23,-0.0022,0.0015,60.84,61.86,11.8056,15.1681,35.0727,76.5702,3.3625,10.0,False,NOMINAL,HEALTHY,6.97,-30.75
IMA_LOT02_COMP0081,LOT_02,IMAGE_SENSOR,LCC-20,IMA-SIH-2026,IMAGE_SENSOR_DARK_CURRENT_TEST,T02_0081,PROC-ISRO-IISU-01,ATE-STATION-01,CHAMBER-01,1.0,60.0,3.3,168,dark_current_density,OPTICAL,nA/cm2,12.6065,18.3739,54.972,164.4644,5.7674,12.02,6,42.88,9.52,0.0284,0.0449,61.78,60.86,12.6065,18.3739,54.972,164.4644,5.7674,10.0,False,NOMINAL,HEALTHY,-42.5,-19.66
IMA_LOT02_COMP0082,LOT_02,IMAGE_SENSOR,LCC-20,IMA-SIH-2026,IMAGE_SENSOR_DARK_CURRENT_TEST,T02_0082,PROC-ISRO-IISU-01,ATE-STATION-01,CHAMBER-01,1.0,60.0,3.3,168,dark_current_density,OPTICAL,nA/cm2,12.348,16.2945,34.5412,75.7375,3.9465,11.94,6,43.96,6.14,0.022,0.0666,61.49,62.19,12.348,16.2945,34.5412,75.7375,3.9465,10.0,False,NOMINAL,HEALTHY,18.83,39.49
IMA_LOT02_COMP0083,LOT_02,IMAGE_SENSOR,LCC-20,IMA-SIH-2026,IMAGE_SENSOR_DARK_CURRENT_TEST,T02_0083,PROC-ISRO-IISU-01,ATE-STATION-01,CHAMBER-01,1.0,60.0,3.3,168,dark_current_density,OPTICAL,nA/cm2,12.6832,16.846,35.4041,76.4365,4.1628,13.23,3,42.65,7.94,0.0057,-0.063,63.13,61.57,12.6832,16.846,35.4041,76.4365,4.1628,10.0,False,NOMINAL,HEALTHY,3.77,-14.78
IMA_LOT02_COMP0084,LOT_02,IMAGE_SENSOR,LCC-20,IMA-SIH-2026,IMAGE_SENSOR_DARK_CURRENT_TEST,T02_0084,PROC-ISRO-IISU-01,ATE-STATION-01,CHAMBER-01,1.0,60.0,3.3,168,dark_current_density,OPTICAL,nA/cm2,12.8242,17.1234,44.3003,115.4415,4.2992,9.99,5,42.85,9.58,-0.0095,0.0999,61.06,62.24,12.8242,17.1234,44.3003,115.4415,4.2992,10.0,False,NOMINAL,HEALTHY,22.08,23.74
IMA_LOT02_COMP0085,LOT_02,IMAGE_SENSOR,LCC-20,IMA-SIH-2026,IMAGE_SENSOR_DARK_CURRENT_TEST,T02_0085,PROC-ISRO-IISU-01,ATE-STATION-01,CHAMBER-01,1.0,60.0,3.3,168,dark_current_density,OPTICAL,nA/cm2,11.8582,16.4173,48.9371,139.4535,4.5591,10.01,2,40.21,10.84,-0.0133,0.0418,63.37,61.59,11.8582,16.4173,48.9371,139.4535,4.5591,10.0,False,NOMINAL,HEALTHY,29.87,39.13
IMA_LOT02_COMP0086,LOT_02,IMAGE_SENSOR,LCC-20,IMA-SIH-2026,IMAGE_SENSOR_DARK_CURRENT_TEST,T02_0086,PROC-ISRO-IISU-01,ATE-STATION-01,CHAMBER-01,1.0,60.0,3.3,168,dark_current_density,OPTICAL,nA/cm2,12.3486,18.4165,56.4559,175.2915,6.0679,9.87,5,41.74,8.35,-0.0071,0.0732,59.76,62.2,12.3486,18.4165,56.4559,175.2915,6.0679,10.0,False,NOMINAL,HEALTHY,-40.6,-33.15
IMA_LOT02_COMP0087,LOT_02,IMAGE_SENSOR,LCC-20,IMA-SIH-2026,IMAGE_SENSOR_DARK_CURRENT_TEST,T02_0087,PROC-ISRO-IISU-01,ATE-STATION-01,CHAMBER-01,1.0,60.0,3.3,168,dark_current_density,OPTICAL,nA/cm2,12.5474,17.2672,56.1673,166.6415,4.7198,12.28,3,42.96,7.22,0.0065,0.0683,64.45,62.32,12.5474,17.2672,56.1673,166.6415,4.7198,10.0,False,NOMINAL,HEALTHY,0.66,-0.36
IMA_LOT02_COMP0088,LOT_02,IMAGE_SENSOR,LCC-20,IMA-SIH-2026,IMAGE_SENSOR_DARK_CURRENT_TEST,T02_0088,PROC-ISRO-IISU-01,ATE-STATION-01,CHAMBER-01,1.0,60.0,3.3,168,dark_current_density,OPTICAL,nA/cm2,13.4555,18.7962,51.9662,146.2669,5.3407,13.99,2,36.68,7.46,0.0065,-0.0254,63.23,61.49,13.4555,18.7962,51.9662,146.2669,5.3407,10.0,False,NOMINAL,HEALTHY,1.73,13.32
IMA_LOT02_COMP0089,LOT_02,IMAGE_SENSOR,LCC-20,IMA-SIH-2026,IMAGE_SENSOR_DARK_CURRENT_TEST,T02_0089,PROC-ISRO-IISU-01,ATE-STATION-01,CHAMBER-01,1.0,60.0,3.3,168,dark_current_density,OPTICAL,nA/cm2,12.3956,18.7059,57.8344,189.9159,6.3103,9.21,3,42.57,9.43,0.0187,0.0064,63.86,62.86,12.3956,18.7059,57.8344,189.9159,6.3103,10.0,False,NOMINAL,HEALTHY,-34.61,20.43
IMA_LOT02_COMP0090,LOT_02,IMAGE_SENSOR,LCC-20,IMA-SIH-2026,IMAGE_SENSOR_DARK_CURRENT_TEST,T02_0090,PROC-ISRO-IISU-01,ATE-STATION-01,CHAMBER-01,1.0,60.0,3.3,168,dark_current_density,OPTICAL,nA/cm2,12.8949,17.831,49.2768,140.4029,4.9361,9.45,1,44.96,9.21,-0.0015,0.0059,63.89,62.0,12.8949,17.831,49.2768,140.4029,4.9361,10.0,False,NOMINAL,HEALTHY,-23.65,-1.86
IMA_LOT02_COMP0091,LOT_02,IMAGE_SENSOR,LCC-20,IMA-SIH-2026,IMAGE_SENSOR_DARK_CURRENT_TEST,T02_0091,PROC-ISRO-IISU-01,ATE-STATION-01,CHAMBER-01,1.0,60.0,3.3,168,dark_current_density,OPTICAL,nA/cm2,12.3916,16.5035,44.5528,111.7789,4.1119,5.98,3,41.49,7.07,0.0284,0.0117,63.09,62.1,12.3916,16.5035,44.5528,111.7789,4.1119,10.0,False,NOMINAL,HEALTHY,31.39,15.71
IMA_LOT02_COMP0092,LOT_02,IMAGE_SENSOR,LCC-20,IMA-SIH-2026,IMAGE_SENSOR_DARK_CURRENT_TEST,T02_0092,PROC-ISRO-IISU-01,ATE-STATION-01,CHAMBER-01,1.0,60.0,3.3,168,dark_current_density,OPTICAL,nA/cm2,12.6212,19.4375,69.6591,244.1567,6.8163,13.02,2,43.49,6.5,0.0035,-0.031,61.79,62.25,12.6212,19.4375,69.6591,244.1567,6.8163,10.0,False,NOMINAL,HEALTHY,-31.91,-37.62
IMA_LOT02_COMP0093,LOT_02,IMAGE_SENSOR,LCC-20,IMA-SIH-2026,IMAGE_SENSOR_DARK_CURRENT_TEST,T02_0093,PROC-ISRO-IISU-01,ATE-STATION-01,CHAMBER-01,1.0,60.0,3.3,168,dark_current_density,OPTICAL,nA/cm2,12.1688,18.5938,57.6671,190.3781,6.425,9.54,4,39.75,9.83,-0.028,0.0098,62.03,63.18,12.1688,18.5938,57.6671,190.3781,6.425,10.0,False,NOMINAL,HEALTHY,-5.78,45.01
IMA_LOT02_COMP0094,LOT_02,IMAGE_SENSOR,LCC-20,IMA-SIH-2026,IMAGE_SENSOR_DARK_CURRENT_TEST,T02_0094,PROC-ISRO-IISU-01,ATE-STATION-01,CHAMBER-01,1.0,60.0,3.3,168,dark_current_density,OPTICAL,nA/cm2,12.1182,17.1008,46.3093,114.5769,4.9826,16.1,4,42.13,5.97,-0.028,-0.0556,61.05,61.86,12.1182,17.1008,46.3093,114.5769,4.9826,10.0,False,NOMINAL,HEALTHY,41.06,-33.11
IMA_LOT02_COMP0095,LOT_02,IMAGE_SENSOR,LCC-20,IMA-SIH-2026,IMAGE_SENSOR_DARK_CURRENT_TEST,T02_0095,PROC-ISRO-IISU-01,ATE-STATION-01,CHAMBER-01,1.0,60.0,3.3,168,dark_current_density,OPTICAL,nA/cm2,13.2224,16.4337,53.95,217.6266,3.2113,13.26,7,40.41,10.21,0.0266,0.0257,60.47,61.5,13.2224,16.4337,53.95,217.6266,3.2113,10.0,True,DARK_CURRENT_SPIKE_GROWTH,HEALTHY,-14.41,10.82
IMA_LOT02_COMP0096,LOT_02,IMAGE_SENSOR,LCC-20,IMA-SIH-2026,IMAGE_SENSOR_DARK_CURRENT_TEST,T02_0096,PROC-ISRO-IISU-01,ATE-STATION-01,CHAMBER-01,1.0,60.0,3.3,168,dark_current_density,OPTICAL,nA/cm2,11.6213,15.4696,31.354,70.3598,3.8483,8.62,4,43.93,8.63,-0.0314,-0.1053,60.79,60.8,11.6213,15.4696,31.354,70.3598,3.8483,10.0,False,NOMINAL,HEALTHY,7.98,33.94
IMA_LOT02_COMP0097,LOT_02,IMAGE_SENSOR,LCC-20,IMA-SIH-2026,IMAGE_SENSOR_DARK_CURRENT_TEST,T02_0097,PROC-ISRO-IISU-01,ATE-STATION-01,CHAMBER-01,1.0,60.0,3.3,168,dark_current_density,OPTICAL,nA/cm2,12.9393,19.7268,66.2773,210.6854,6.7875,12.54,7,41.33,7.46,0.0166,-0.0496,63.37,61.88,12.9393,19.7268,66.2773,210.6854,6.7875,10.0,False,NOMINAL,HEALTHY,-43.59,-36.83
IMA_LOT02_COMP0098,LOT_02,IMAGE_SENSOR,LCC-20,IMA-SIH-2026,IMAGE_SENSOR_DARK_CURRENT_TEST,T02_0098,PROC-ISRO-IISU-01,ATE-STATION-01,CHAMBER-01,1.0,60.0,3.3,168,dark_current_density,OPTICAL,nA/cm2,12.4552,17.6857,62.2564,202.4147,5.2305,8.66,2,39.03,7.54,0.0201,-0.0419,62.62,61.58,12.4552,17.6857,62.2564,202.4147,5.2305,10.0,False,NOMINAL,HEALTHY,6.1,-9.78
IMA_LOT02_COMP0099,LOT_02,IMAGE_SENSOR,LCC-20,IMA-SIH-2026,IMAGE_SENSOR_DARK_CURRENT_TEST,T02_0099,PROC-ISRO-IISU-01,ATE-STATION-01,CHAMBER-01,1.0,60.0,3.3,168,dark_current_density,OPTICAL,nA/cm2,12.9205,18.3718,42.7722,105.4464,5.4513,16.17,8,40.67,8.86,-0.0112,-0.0567,60.26,62.71,12.9205,18.3718,42.7722,105.4464,5.4513,10.0,False,NOMINAL,HEALTHY,-2.87,-12.59
IMA_LOT02_COMP0100,LOT_02,IMAGE_SENSOR,LCC-20,IMA-SIH-2026,IMAGE_SENSOR_DARK_CURRENT_TEST,T02_0100,PROC-ISRO-IISU-01,ATE-STATION-01,CHAMBER-01,1.0,60.0,3.3,168,dark_current_density,OPTICAL,nA/cm2,12.9231,16.0939,34.3987,69.8831,3.1708,13.87,8,42.85,7.34,-0.0011,-0.0429,62.17,61.17,12.9231,16.0939,34.3987,69.8831,3.1708,10.0,False,NOMINAL,HEALTHY,42.4,11.03
IMA_LOT02_COMP0101,LOT_02,IMAGE_SENSOR,LCC-20,IMA-SIH-2026,IMAGE_SENSOR_DARK_CURRENT_TEST,T02_0101,PROC-ISRO-IISU-01,ATE-STATION-01,CHAMBER-01,1.0,60.0,3.3,168,dark_current_density,OPTICAL,nA/cm2,12.6363,16.9964,53.578,157.4351,4.3601,9.8,5,40.9,8.97,-0.0265,-0.1227,62.38,61.84,12.6363,16.9964,53.578,157.4351,4.3601,10.0,False,NOMINAL,HEALTHY,-9.75,-43.54
IMA_LOT02_COMP0102,LOT_02,IMAGE_SENSOR,LCC-20,IMA-SIH-2026,IMAGE_SENSOR_DARK_CURRENT_TEST,T02_0102,PROC-ISRO-IISU-01,ATE-STATION-01,CHAMBER-01,1.0,60.0,3.3,168,dark_current_density,OPTICAL,nA/cm2,12.5605,17.3176,41.0141,91.2438,4.7571,13.04,7,41.12,10.05,0.0047,-0.0273,62.51,62.36,12.5605,17.3176,41.0141,91.2438,4.7571,10.0,False,NOMINAL,HEALTHY,5.75,26.28
IMA_LOT02_COMP0103,LOT_02,IMAGE_SENSOR,LCC-20,IMA-SIH-2026,IMAGE_SENSOR_DARK_CURRENT_TEST,T02_0103,PROC-ISRO-IISU-01,ATE-STATION-01,CHAMBER-01,1.0,60.0,3.3,168,dark_current_density,OPTICAL,nA/cm2,13.5643,18.5942,58.521,182.7141,5.0299,12.57,5,40.87,7.82,0.0077,-0.0268,65.81,61.93,13.5643,18.5942,58.521,182.7141,5.0299,10.0,False,NOMINAL,HEALTHY,29.67,40.98
IMA_LOT02_COMP0104,LOT_02,IMAGE_SENSOR,LCC-20,IMA-SIH-2026,IMAGE_SENSOR_DARK_CURRENT_TEST,T02_0104,PROC-ISRO-IISU-01,ATE-STATION-01,CHAMBER-01,1.0,60.0,3.3,168,dark_current_density,OPTICAL,nA/cm2,12.9896,18.7739,55.8292,179.4132,5.7843,11.07,2,42.41,7.31,-0.0509,-0.0197,62.41,61.92,12.9896,18.7739,55.8292,179.4132,5.7843,10.0,False,NOMINAL,HEALTHY,-4.08,-44.7
IMA_LOT02_COMP0105,LOT_02,IMAGE_SENSOR,LCC-20,IMA-SIH-2026,IMAGE_SENSOR_DARK_CURRENT_TEST,T02_0105,PROC-ISRO-IISU-01,ATE-STATION-01,CHAMBER-01,1.0,60.0,3.3,168,dark_current_density,OPTICAL,nA/cm2,12.4633,15.2966,31.0057,60.8817,2.8333,14.51,1,42.87,7.45,0.0105,-0.0664,60.67,62.25,12.4633,15.2966,31.0057,60.8817,2.8333,10.0,False,NOMINAL,HEALTHY,-20.62,6.06
IMA_LOT02_COMP0106,LOT_02,IMAGE_SENSOR,LCC-20,IMA-SIH-2026,IMAGE_SENSOR_DARK_CURRENT_TEST,T02_0106,PROC-ISRO-IISU-01,ATE-STATION-01,CHAMBER-01,1.0,60.0,3.3,168,dark_current_density,OPTICAL,nA/cm2,12.4878,19.3635,70.1382,249.1966,6.8757,12.84,4,43.08,7.38,-0.0126,-0.0457,60.07,62.72,12.4878,19.3635,70.1382,249.1966,6.8757,10.0,False,NOMINAL,HEALTHY,-3.92,-38.07
IMA_LOT02_COMP0107,LOT_02,IMAGE_SENSOR,LCC-20,IMA-SIH-2026,IMAGE_SENSOR_DARK_CURRENT_TEST,T02_0107,PROC-ISRO-IISU-01,ATE-STATION-01,CHAMBER-01,1.0,60.0,3.3,168,dark_current_density,OPTICAL,nA/cm2,12.4371,15.7124,31.7321,63.9443,3.2753,12.72,6,41.36,6.07,0.0085,-0.0022,62.38,61.81,12.4371,15.7124,31.7321,63.9443,3.2753,10.0,False,NOMINAL,HEALTHY,-39.27,10.02
IMA_LOT02_COMP0108,LOT_02,IMAGE_SENSOR,LCC-20,IMA-SIH-2026,IMAGE_SENSOR_DARK_CURRENT_TEST,T02_0108,PROC-ISRO-IISU-01,ATE-STATION-01,CHAMBER-01,1.0,60.0,3.3,168,dark_current_density,OPTICAL,nA/cm2,12.1038,18.2393,63.3533,204.9969,6.1355,13.14,7,43.53,6.71,-0.0175,0.0001,62.98,62.52,12.1038,18.2393,63.3533,204.9969,6.1355,10.0,False,NOMINAL,HEALTHY,48.94,11.89
IMA_LOT02_COMP0109,LOT_02,IMAGE_SENSOR,LCC-20,IMA-SIH-2026,IMAGE_SENSOR_DARK_CURRENT_TEST,T02_0109,PROC-ISRO-IISU-01,ATE-STATION-01,CHAMBER-01,1.0,60.0,3.3,168,dark_current_density,OPTICAL,nA/cm2,11.7963,18.2917,68.3124,237.4891,6.4954,8.72,5,41.69,8.22,-0.0212,0.0165,63.09,62.17,11.7963,18.2917,68.3124,237.4891,6.4954,10.0,False,NOMINAL,HEALTHY,27.15,34.25
IMA_LOT02_COMP0110,LOT_02,IMAGE_SENSOR,LCC-20,IMA-SIH-2026,IMAGE_SENSOR_DARK_CURRENT_TEST,T02_0110,PROC-ISRO-IISU-01,ATE-STATION-01,CHAMBER-01,1.0,60.0,3.3,168,dark_current_density,OPTICAL,nA/cm2,13.5072,17.1979,36.0594,75.9244,3.6907,8.02,5,38.66,10.44,-0.0064,0.0106,60.8,62.6,13.5072,17.1979,36.0594,75.9244,3.6907,10.0,False,NOMINAL,HEALTHY,29.43,37.41
IMA_LOT02_COMP0111,LOT_02,IMAGE_SENSOR,LCC-20,IMA-SIH-2026,IMAGE_SENSOR_DARK_CURRENT_TEST,T02_0111,PROC-ISRO-IISU-01,ATE-STATION-01,CHAMBER-01,1.0,60.0,3.3,168,dark_current_density,OPTICAL,nA/cm2,11.8912,18.2562,56.7531,199.6552,6.365,3.66,6,40.56,5.93,0.0059,-0.0331,63.01,61.68,11.8912,18.2562,56.7531,199.6552,6.365,10.0,False,NOMINAL,HEALTHY,-41.43,-21.17
IMA_LOT02_COMP0112,LOT_02,IMAGE_SENSOR,LCC-20,IMA-SIH-2026,IMAGE_SENSOR_DARK_CURRENT_TEST,T02_0112,PROC-ISRO-IISU-01,ATE-STATION-01,CHAMBER-01,1.0,60.0,3.3,168,dark_current_density,OPTICAL,nA/cm2,12.1609,16.6846,47.3878,142.4216,4.5237,18.65,3,41.34,9.57,-0.0052,-0.0247,62.53,62.08,12.1609,16.6846,47.3878,142.4216,4.5237,10.0,False,NOMINAL,HEALTHY,-30.39,46.0
IMA_LOT02_COMP0113,LOT_02,IMAGE_SENSOR,LCC-20,IMA-SIH-2026,IMAGE_SENSOR_DARK_CURRENT_TEST,T02_0113,PROC-ISRO-IISU-01,ATE-STATION-01,CHAMBER-01,1.0,60.0,3.3,168,dark_current_density,OPTICAL,nA/cm2,12.1785,18.1266,60.4609,207.1742,5.9481,14.18,11,38.58,9.5,-0.0224,-0.0414,62.44,62.1,12.1785,18.1266,60.4609,207.1742,5.9481,10.0,False,NOMINAL,HEALTHY,-22.9,35.69
IMA_LOT02_COMP0114,LOT_02,IMAGE_SENSOR,LCC-20,IMA-SIH-2026,IMAGE_SENSOR_DARK_CURRENT_TEST,T02_0114,PROC-ISRO-IISU-01,ATE-STATION-01,CHAMBER-01,1.0,60.0,3.3,168,dark_current_density,OPTICAL,nA/cm2,12.3505,19.7748,60.9554,206.5358,7.4243,19.96,4,41.39,10.48,-0.009,0.0136,62.95,61.54,12.3505,19.7748,60.9554,206.5358,7.4243,10.0,False,NOMINAL,HEALTHY,-5.01,-22.75
IMA_LOT02_COMP0115,LOT_02,IMAGE_SENSOR,LCC-20,IMA-SIH-2026,IMAGE_SENSOR_DARK_CURRENT_TEST,T02_0115,PROC-ISRO-IISU-01,ATE-STATION-01,CHAMBER-01,1.0,60.0,3.3,168,dark_current_density,OPTICAL,nA/cm2,12.2974,19.9547,70.7865,259.4221,7.6573,6.82,3,45.83,5.68,-0.03,0.0377,64.73,61.5,12.2974,19.9547,70.7865,259.4221,7.6573,10.0,False,NOMINAL,HEALTHY,2.46,-0.36
IMA_LOT02_COMP0116,LOT_02,IMAGE_SENSOR,LCC-20,IMA-SIH-2026,IMAGE_SENSOR_DARK_CURRENT_TEST,T02_0116,PROC-ISRO-IISU-01,ATE-STATION-01,CHAMBER-01,1.0,60.0,3.3,168,dark_current_density,OPTICAL,nA/cm2,12.5452,17.4277,42.2613,108.8555,4.8825,10.97,5,40.87,6.44,-0.0067,-0.0689,60.47,61.7,12.5452,17.4277,42.2613,108.8555,4.8825,10.0,False,NOMINAL,HEALTHY,41.35,11.39
IMA_LOT02_COMP0117,LOT_02,IMAGE_SENSOR,LCC-20,IMA-SIH-2026,IMAGE_SENSOR_DARK_CURRENT_TEST,T02_0117,PROC-ISRO-IISU-01,ATE-STATION-01,CHAMBER-01,1.0,60.0,3.3,168,dark_current_density,OPTICAL,nA/cm2,12.6375,16.542,39.3326,90.6988,3.9045,14.86,7,41.13,6.17,0.0128,0.0133,59.71,62.69,12.6375,16.542,39.3326,90.6988,3.9045,10.0,False,NOMINAL,HEALTHY,-40.31,46.99
IMA_LOT02_COMP0118,LOT_02,IMAGE_SENSOR,LCC-20,IMA-SIH-2026,IMAGE_SENSOR_DARK_CURRENT_TEST,T02_0118,PROC-ISRO-IISU-01,ATE-STATION-01,CHAMBER-01,1.0,60.0,3.3,168,dark_current_density,OPTICAL,nA/cm2,12.8351,16.074,43.263,112.3148,3.2389,14.71,9,42.3,9.99,-0.0229,0.009,60.65,62.25,12.8351,16.074,43.263,112.3148,3.2389,10.0,False,NOMINAL,HEALTHY,37.99,-27.78
IMA_LOT02_COMP0119,LOT_02,IMAGE_SENSOR,LCC-20,IMA-SIH-2026,IMAGE_SENSOR_DARK_CURRENT_TEST,T02_0119,PROC-ISRO-IISU-01,ATE-STATION-01,CHAMBER-01,1.0,60.0,3.3,168,dark_current_density,OPTICAL,nA/cm2,12.0163,16.3718,40.5017,105.0259,4.3555,13.9,8,43.77,7.94,0.0015,-0.0021,62.5,62.19,12.0163,16.3718,40.5017,105.0259,4.3555,10.0,False,NOMINAL,HEALTHY,-16.83,6.04
IMA_LOT02_COMP0120,LOT_02,IMAGE_SENSOR,LCC-20,IMA-SIH-2026,IMAGE_SENSOR_DARK_CURRENT_TEST,T02_0120,PROC-ISRO-IISU-01,ATE-STATION-01,CHAMBER-01,1.0,60.0,3.3,168,dark_current_density,OPTICAL,nA/cm2,12.5913,17.1646,52.1303,149.8534,4.5733,11.25,0,41.36,8.76,-0.039,-0.0976,62.61,62.33,12.5913,17.1646,52.1303,149.8534,4.5733,10.0,False,NOMINAL,HEALTHY,49.82,11.2
IMA_LOT02_COMP0121,LOT_02,IMAGE_SENSOR,LCC-20,IMA-SIH-2026,IMAGE_SENSOR_DARK_CURRENT_TEST,T02_0121,PROC-ISRO-IISU-01,ATE-STATION-01,CHAMBER-01,1.0,60.0,3.3,168,dark_current_density,OPTICAL,nA/cm2,12.0581,16.2904,31.8965,63.9033,4.2323,10.36,2,40.2,9.38,0.0099,0.0323,60.83,62.34,12.0581,16.2904,31.8965,63.9033,4.2323,10.0,False,NOMINAL,HEALTHY,25.22,-10.71
IMA_LOT02_COMP0122,LOT_02,IMAGE_SENSOR,LCC-20,IMA-SIH-2026,IMAGE_SENSOR_DARK_CURRENT_TEST,T02_0122,PROC-ISRO-IISU-01,ATE-STATION-01,CHAMBER-01,1.0,60.0,3.3,168,dark_current_density,OPTICAL,nA/cm2,12.6897,16.3049,34.9647,80.1074,3.6152,13.47,5,46.13,9.27,0.0125,0.0593,64.62,62.64,12.6897,16.3049,34.9647,80.1074,3.6152,10.0,False,NOMINAL,HEALTHY,43.5,26.56
IMA_LOT02_COMP0123,LOT_02,IMAGE_SENSOR,LCC-20,IMA-SIH-2026,IMAGE_SENSOR_DARK_CURRENT_TEST,T02_0123,PROC-ISRO-IISU-01,ATE-STATION-01,CHAMBER-01,1.0,60.0,3.3,168,dark_current_density,OPTICAL,nA/cm2,12.9919,17.1349,44.7114,116.9076,4.143,9.83,3,43.41,9.1,-0.0035,-0.0618,59.44,62.28,12.9919,17.1349,44.7114,116.9076,4.143,10.0,False,NOMINAL,HEALTHY,2.05,33.44
IMA_LOT02_COMP0124,LOT_02,IMAGE_SENSOR,LCC-20,IMA-SIH-2026,IMAGE_SENSOR_DARK_CURRENT_TEST,T02_0124,PROC-ISRO-IISU-01,ATE-STATION-01,CHAMBER-01,1.0,60.0,3.3,168,dark_current_density,OPTICAL,nA/cm2,12.7189,18.1182,51.2433,148.1065,5.3993,13.98,5,41.36,8.03,-0.0127,-0.0515,59.01,61.36,12.7189,18.1182,51.2433,148.1065,5.3993,10.0,False,NOMINAL,HEALTHY,-42.74,37.68
IMA_LOT02_COMP0125,LOT_02,IMAGE_SENSOR,LCC-20,IMA-SIH-2026,IMAGE_SENSOR_DARK_CURRENT_TEST,T02_0125,PROC-ISRO-IISU-01,ATE-STATION-01,CHAMBER-01,1.0,60.0,3.3,168,dark_current_density,OPTICAL,nA/cm2,13.4511,17.9599,52.9744,157.4545,4.5088,13.94,4,44.28,9.7,-0.0255,-0.0429,63.3,61.92,13.4511,17.9599,52.9744,157.4545,4.5088,10.0,False,NOMINAL,HEALTHY,-29.0,-10.91
IMA_LOT02_COMP0126,LOT_02,IMAGE_SENSOR,LCC-20,IMA-SIH-2026,IMAGE_SENSOR_DARK_CURRENT_TEST,T02_0126,PROC-ISRO-IISU-01,ATE-STATION-01,CHAMBER-01,1.0,60.0,3.3,168,dark_current_density,OPTICAL,nA/cm2,12.6708,15.8892,32.5832,61.0579,3.2184,13.82,4,45.21,8.08,-0.0291,0.0399,60.53,63.08,12.6708,15.8892,32.5832,61.0579,3.2184,10.0,False,NOMINAL,HEALTHY,7.33,-37.65
IMA_LOT02_COMP0127,LOT_02,IMAGE_SENSOR,LCC-20,IMA-SIH-2026,IMAGE_SENSOR_DARK_CURRENT_TEST,T02_0127,PROC-ISRO-IISU-01,ATE-STATION-01,CHAMBER-01,1.0,60.0,3.3,168,dark_current_density,OPTICAL,nA/cm2,12.287,17.5277,48.7175,138.4972,5.2407,14.12,9,36.03,10.11,0.0029,0.045,62.57,62.06,12.287,17.5277,48.7175,138.4972,5.2407,10.0,False,NOMINAL,HEALTHY,27.34,-49.76
IMA_LOT02_COMP0128,LOT_02,IMAGE_SENSOR,LCC-20,IMA-SIH-2026,IMAGE_SENSOR_DARK_CURRENT_TEST,T02_0128,PROC-ISRO-IISU-01,ATE-STATION-01,CHAMBER-01,1.0,60.0,3.3,168,dark_current_density,OPTICAL,nA/cm2,11.6408,16.3587,48.3801,141.2667,4.7179,15.95,5,42.57,7.65,-0.0334,-0.0982,62.31,61.52,11.6408,16.3587,48.3801,141.2667,4.7179,10.0,False,NOMINAL,HEALTHY,-31.24,-19.38
IMA_LOT02_COMP0129,LOT_02,IMAGE_SENSOR,LCC-20,IMA-SIH-2026,IMAGE_SENSOR_DARK_CURRENT_TEST,T02_0129,PROC-ISRO-IISU-01,ATE-STATION-01,CHAMBER-01,1.0,60.0,3.3,168,dark_current_density,OPTICAL,nA/cm2,12.3399,17.3686,41.2104,109.8193,5.0287,12.01,2,40.72,6.63,-0.0167,0.0086,63.68,61.81,12.3399,17.3686,41.2104,109.8193,5.0287,10.0,False,NOMINAL,HEALTHY,-21.8,-24.65
IMA_LOT02_COMP0130,LOT_02,IMAGE_SENSOR,LCC-20,IMA-SIH-2026,IMAGE_SENSOR_DARK_CURRENT_TEST,T02_0130,PROC-ISRO-IISU-01,ATE-STATION-01,CHAMBER-01,1.0,60.0,3.3,168,dark_current_density,OPTICAL,nA/cm2,12.4482,17.1773,39.7697,95.2543,4.7291,10.48,4,42.69,6.94,0.0193,-0.0465,63.68,63.13,12.4482,17.1773,39.7697,95.2543,4.7291,10.0,False,NOMINAL,HEALTHY,11.95,-5.29
IMA_LOT02_COMP0131,LOT_02,IMAGE_SENSOR,LCC-20,IMA-SIH-2026,IMAGE_SENSOR_DARK_CURRENT_TEST,T02_0131,PROC-ISRO-IISU-01,ATE-STATION-01,CHAMBER-01,1.0,60.0,3.3,168,dark_current_density,OPTICAL,nA/cm2,14.1004,17.8493,37.0499,75.4125,3.7489,10.91,7,41.16,8.36,0.0127,-0.0036,63.45,61.82,14.1004,17.8493,37.0499,75.4125,3.7489,10.0,False,NOMINAL,HEALTHY,-24.92,15.37
IMA_LOT02_COMP0132,LOT_02,IMAGE_SENSOR,LCC-20,IMA-SIH-2026,IMAGE_SENSOR_DARK_CURRENT_TEST,T02_0132,PROC-ISRO-IISU-01,ATE-STATION-01,CHAMBER-01,1.0,60.0,3.3,168,dark_current_density,OPTICAL,nA/cm2,12.7219,18.6853,58.2515,179.7122,5.9634,15.64,4,45.41,5.75,-0.0036,-0.0112,62.8,61.55,12.7219,18.6853,58.2515,179.7122,5.9634,10.0,False,NOMINAL,HEALTHY,-5.82,11.58
IMA_LOT02_COMP0133,LOT_02,IMAGE_SENSOR,LCC-20,IMA-SIH-2026,IMAGE_SENSOR_DARK_CURRENT_TEST,T02_0133,PROC-ISRO-IISU-01,ATE-STATION-01,CHAMBER-01,1.0,60.0,3.3,168,dark_current_density,OPTICAL,nA/cm2,12.1199,18.5221,61.1204,215.5475,6.4022,12.99,5,42.09,9.18,0.0179,0.063,61.49,61.19,12.1199,18.5221,61.1204,215.5475,6.4022,10.0,False,NOMINAL,HEALTHY,-13.86,-30.72
IMA_LOT02_COMP0134,LOT_02,IMAGE_SENSOR,LCC-20,IMA-SIH-2026,IMAGE_SENSOR_DARK_CURRENT_TEST,T02_0134,PROC-ISRO-IISU-01,ATE-STATION-01,CHAMBER-01,1.0,60.0,3.3,168,dark_current_density,OPTICAL,nA/cm2,13.1014,16.9446,38.675,89.4989,3.8432,17.53,2,40.23,8.17,0.0085,0.0187,60.98,61.78,13.1014,16.9446,38.675,89.4989,3.8432,10.0,False,NOMINAL,HEALTHY,32.91,45.06
IMA_LOT02_COMP0135,LOT_02,IMAGE_SENSOR,LCC-20,IMA-SIH-2026,IMAGE_SENSOR_DARK_CURRENT_TEST,T02_0135,PROC-ISRO-IISU-01,ATE-STATION-01,CHAMBER-01,1.0,60.0,3.3,168,dark_current_density,OPTICAL,nA/cm2,13.3905,19.2094,49.4698,127.9876,5.8189,11.89,4,45.3,6.28,-0.0054,-0.0155,63.32,61.31,13.3905,19.2094,49.4698,127.9876,5.8189,10.0,False,NOMINAL,HEALTHY,17.24,42.26
IMA_LOT02_COMP0136,LOT_02,IMAGE_SENSOR,LCC-20,IMA-SIH-2026,IMAGE_SENSOR_DARK_CURRENT_TEST,T02_0136,PROC-ISRO-IISU-01,ATE-STATION-01,CHAMBER-01,1.0,60.0,3.3,168,dark_current_density,OPTICAL,nA/cm2,13.166,18.2492,56.9138,167.5994,5.0832,10.94,5,41.14,8.19,-0.0503,-0.0846,63.33,62.17,13.166,18.2492,56.9138,167.5994,5.0832,10.0,False,NOMINAL,HEALTHY,-2.79,12.64
IMA_LOT02_COMP0137,LOT_02,IMAGE_SENSOR,LCC-20,IMA-SIH-2026,IMAGE_SENSOR_DARK_CURRENT_TEST,T02_0137,PROC-ISRO-IISU-01,ATE-STATION-01,CHAMBER-01,1.0,60.0,3.3,168,dark_current_density,OPTICAL,nA/cm2,12.5318,16.4011,38.3065,84.0238,3.8693,16.22,3,41.01,6.45,0.0013,0.0106,60.3,61.82,12.5318,16.4011,38.3065,84.0238,3.8693,10.0,False,NOMINAL,HEALTHY,24.44,-46.01
IMA_LOT02_COMP0138,LOT_02,IMAGE_SENSOR,LCC-20,IMA-SIH-2026,IMAGE_SENSOR_DARK_CURRENT_TEST,T02_0138,PROC-ISRO-IISU-01,ATE-STATION-01,CHAMBER-01,1.0,60.0,3.3,168,dark_current_density,OPTICAL,nA/cm2,12.2044,16.6916,39.0976,97.7097,4.4872,14.89,5,40.13,9.58,-0.0089,0.033,63.41,61.85,12.2044,16.6916,39.0976,97.7097,4.4872,10.0,False,NOMINAL,HEALTHY,34.14,-35.74
IMA_LOT02_COMP0139,LOT_02,IMAGE_SENSOR,LCC-20,IMA-SIH-2026,IMAGE_SENSOR_DARK_CURRENT_TEST,T02_0139,PROC-ISRO-IISU-01,ATE-STATION-01,CHAMBER-01,1.0,60.0,3.3,168,dark_current_density,OPTICAL,nA/cm2,12.3071,17.2704,42.8965,107.9718,4.9633,15.28,4,44.33,6.58,0.0281,0.0281,62.48,62.6,12.3071,17.2704,42.8965,107.9718,4.9633,10.0,False,NOMINAL,HEALTHY,-19.21,45.41
IMA_LOT02_COMP0140,LOT_02,IMAGE_SENSOR,LCC-20,IMA-SIH-2026,IMAGE_SENSOR_DARK_CURRENT_TEST,T02_0140,PROC-ISRO-IISU-01,ATE-STATION-01,CHAMBER-01,1.0,60.0,3.3,168,dark_current_density,OPTICAL,nA/cm2,12.5145,16.5083,35.0948,79.9086,3.9938,18.06,2,41.07,10.46,0.0067,-0.02,61.62,61.94,12.5145,16.5083,35.0948,79.9086,3.9938,10.0,False,NOMINAL,HEALTHY,-24.46,-36.83
IMA_LOT02_COMP0141,LOT_02,IMAGE_SENSOR,LCC-20,IMA-SIH-2026,IMAGE_SENSOR_DARK_CURRENT_TEST,T02_0141,PROC-ISRO-IISU-01,ATE-STATION-01,CHAMBER-01,1.0,60.0,3.3,168,dark_current_density,OPTICAL,nA/cm2,13.4587,17.5304,43.8762,109.6819,4.0717,11.87,8,39.95,8.5,0.0063,0.0543,63.3,61.49,13.4587,17.5304,43.8762,109.6819,4.0717,10.0,False,NOMINAL,HEALTHY,17.69,47.14
IMA_LOT02_COMP0142,LOT_02,IMAGE_SENSOR,LCC-20,IMA-SIH-2026,IMAGE_SENSOR_DARK_CURRENT_TEST,T02_0142,PROC-ISRO-IISU-01,ATE-STATION-01,CHAMBER-01,1.0,60.0,3.3,168,dark_current_density,OPTICAL,nA/cm2,12.9957,17.1722,37.4448,87.0928,4.1765,10.2,3,46.0,8.2,-0.0005,0.0731,62.49,63.1,12.9957,17.1722,37.4448,87.0928,4.1765,10.0,False,NOMINAL,HEALTHY,-0.95,4.66
IMA_LOT02_COMP0143,LOT_02,IMAGE_SENSOR,LCC-20,IMA-SIH-2026,IMAGE_SENSOR_DARK_CURRENT_TEST,T02_0143,PROC-ISRO-IISU-01,ATE-STATION-01,CHAMBER-01,1.0,60.0,3.3,168,dark_current_density,OPTICAL,nA/cm2,12.8808,16.8987,39.0056,89.3884,4.0179,12.71,7,41.36,7.43,0.0001,0.004,61.28,63.12,12.8808,16.8987,39.0056,89.3884,4.0179,10.0,False,NOMINAL,HEALTHY,-26.78,42.08
IMA_LOT02_COMP0144,LOT_02,IMAGE_SENSOR,LCC-20,IMA-SIH-2026,IMAGE_SENSOR_DARK_CURRENT_TEST,T02_0144,PROC-ISRO-IISU-01,ATE-STATION-01,CHAMBER-01,1.0,60.0,3.3,168,dark_current_density,OPTICAL,nA/cm2,11.7395,18.8157,68.018,236.45,7.0762,7.05,7,41.03,7.92,0.0192,0.0564,60.28,61.87,11.7395,18.8157,68.018,236.45,7.0762,10.0,False,NOMINAL,HEALTHY,29.51,-6.15
IMA_LOT02_COMP0145,LOT_02,IMAGE_SENSOR,LCC-20,IMA-SIH-2026,IMAGE_SENSOR_DARK_CURRENT_TEST,T02_0145,PROC-ISRO-IISU-01,ATE-STATION-01,CHAMBER-01,1.0,60.0,3.3,168,dark_current_density,OPTICAL,nA/cm2,12.7507,17.3882,50.9834,149.5797,4.6375,12.55,3,39.7,6.92,0.0174,0.0782,63.64,62.39,12.7507,17.3882,50.9834,149.5797,4.6375,10.0,False,NOMINAL,HEALTHY,-26.95,-28.91
IMA_LOT02_COMP0146,LOT_02,IMAGE_SENSOR,LCC-20,IMA-SIH-2026,IMAGE_SENSOR_DARK_CURRENT_TEST,T02_0146,PROC-ISRO-IISU-01,ATE-STATION-01,CHAMBER-01,1.0,60.0,3.3,168,dark_current_density,OPTICAL,nA/cm2,12.1136,15.9498,35.5492,75.75,3.8362,12.66,8,45.97,7.07,0.0356,0.0796,63.07,61.69,12.1136,15.9498,35.5492,75.75,3.8362,10.0,False,NOMINAL,HEALTHY,-48.39,39.19
IMA_LOT02_COMP0147,LOT_02,IMAGE_SENSOR,LCC-20,IMA-SIH-2026,IMAGE_SENSOR_DARK_CURRENT_TEST,T02_0147,PROC-ISRO-IISU-01,ATE-STATION-01,CHAMBER-01,1.0,60.0,3.3,168,dark_current_density,OPTICAL,nA/cm2,12.9044,17.8412,44.1182,116.6127,4.9368,10.72,2,41.74,8.76,0.0278,0.0107,61.08,61.35,12.9044,17.8412,44.1182,116.6127,4.9368,10.0,False,NOMINAL,HEALTHY,-39.53,14.41
IMA_LOT02_COMP0148,LOT_02,IMAGE_SENSOR,LCC-20,IMA-SIH-2026,IMAGE_SENSOR_DARK_CURRENT_TEST,T02_0148,PROC-ISRO-IISU-01,ATE-STATION-01,CHAMBER-01,1.0,60.0,3.3,168,dark_current_density,OPTICAL,nA/cm2,12.3568,15.9426,30.8529,60.7832,3.5858,12.6,5,41.35,8.48,-0.0188,-0.0593,64.15,61.82,12.3568,15.9426,30.8529,60.7832,3.5858,10.0,False,NOMINAL,HEALTHY,-8.04,-8.71
IMA_LOT02_COMP0149,LOT_02,IMAGE_SENSOR,LCC-20,IMA-SIH-2026,IMAGE_SENSOR_DARK_CURRENT_TEST,T02_0149,PROC-ISRO-IISU-01,ATE-STATION-01,CHAMBER-01,1.0,60.0,3.3,168,dark_current_density,OPTICAL,nA/cm2,13.0931,16.7104,40.3278,96.8005,3.6173,15.58,3,41.53,9.2,-0.0044,-0.0779,63.58,61.38,13.0931,16.7104,40.3278,96.8005,3.6173,10.0,False,NOMINAL,HEALTHY,41.42,7.98
IMA_LOT02_COMP0150,LOT_02,IMAGE_SENSOR,LCC-20,IMA-SIH-2026,IMAGE_SENSOR_DARK_CURRENT_TEST,T02_0150,PROC-ISRO-IISU-01,ATE-STATION-01,CHAMBER-01,1.0,60.0,3.3,168,dark_current_density,OPTICAL,nA/cm2,12.6936,17.2427,43.7729,103.2982,4.5491,13.59,3,44.45,9.58,0.0161,0.1029,61.58,62.15,12.6936,17.2427,43.7729,103.2982,4.5491,10.0,False,NOMINAL,HEALTHY,-43.6,-5.28
IMA_LOT02_COMP0151,LOT_02,IMAGE_SENSOR,LCC-20,IMA-SIH-2026,IMAGE_SENSOR_DARK_CURRENT_TEST,T02_0151,PROC-ISRO-IISU-01,ATE-STATION-01,CHAMBER-01,1.0,60.0,3.3,168,dark_current_density,OPTICAL,nA/cm2,12.9832,19.3272,61.2856,200.0119,6.344,9.87,5,42.49,7.43,0.0029,0.1468,60.46,61.45,12.9832,19.3272,61.2856,200.0119,6.344,10.0,False,NOMINAL,HEALTHY,47.68,22.14
IMA_LOT02_COMP0152,LOT_02,IMAGE_SENSOR,LCC-20,IMA-SIH-2026,IMAGE_SENSOR_DARK_CURRENT_TEST,T02_0152,PROC-ISRO-IISU-01,ATE-STATION-01,CHAMBER-01,1.0,60.0,3.3,168,dark_current_density,OPTICAL,nA/cm2,12.5952,15.6645,31.2921,65.1044,3.0693,11.21,7,38.62,7.62,0.0153,-0.0826,62.24,62.21,12.5952,15.6645,31.2921,65.1044,3.0693,10.0,False,NOMINAL,HEALTHY,41.12,-13.93
IMA_LOT02_COMP0153,LOT_02,IMAGE_SENSOR,LCC-20,IMA-SIH-2026,IMAGE_SENSOR_DARK_CURRENT_TEST,T02_0153,PROC-ISRO-IISU-01,ATE-STATION-01,CHAMBER-01,1.0,60.0,3.3,168,dark_current_density,OPTICAL,nA/cm2,12.3795,19.0569,69.0746,242.1303,6.6774,11.54,5,42.97,9.52,0.0051,-0.0071,59.8,61.45,12.3795,19.0569,69.0746,242.1303,6.6774,10.0,False,NOMINAL,HEALTHY,11.94,35.59
IMA_LOT02_COMP0154,LOT_02,IMAGE_SENSOR,LCC-20,IMA-SIH-2026,IMAGE_SENSOR_DARK_CURRENT_TEST,T02_0154,PROC-ISRO-IISU-01,ATE-STATION-01,CHAMBER-01,1.0,60.0,3.3,168,dark_current_density,OPTICAL,nA/cm2,12.8082,19.4471,69.9095,262.9077,6.6389,7.59,4,43.91,6.13,-0.0523,-0.0535,60.53,61.57,12.8082,19.4471,69.9095,262.9077,6.6389,10.0,False,NOMINAL,HEALTHY,-31.85,23.53
IMA_LOT02_COMP0155,LOT_02,IMAGE_SENSOR,LCC-20,IMA-SIH-2026,IMAGE_SENSOR_DARK_CURRENT_TEST,T02_0155,PROC-ISRO-IISU-01,ATE-STATION-01,CHAMBER-01,1.0,60.0,3.3,168,dark_current_density,OPTICAL,nA/cm2,12.4526,17.9208,56.4022,179.3872,5.4682,9.99,4,43.24,9.56,0.0114,0.0664,61.0,62.04,12.4526,17.9208,56.4022,179.3872,5.4682,10.0,False,NOMINAL,HEALTHY,40.38,-49.75
IMA_LOT02_COMP0156,LOT_02,IMAGE_SENSOR,LCC-20,IMA-SIH-2026,IMAGE_SENSOR_DARK_CURRENT_TEST,T02_0156,PROC-ISRO-IISU-01,ATE-STATION-01,CHAMBER-01,1.0,60.0,3.3,168,dark_current_density,OPTICAL,nA/cm2,12.8654,18.3625,48.8098,133.0048,5.4971,15.12,4,43.33,6.44,-0.0059,-0.0201,62.94,60.94,12.8654,18.3625,48.8098,133.0048,5.4971,10.0,False,NOMINAL,HEALTHY,41.35,1.38
IMA_LOT02_COMP0157,LOT_02,IMAGE_SENSOR,LCC-20,IMA-SIH-2026,IMAGE_SENSOR_DARK_CURRENT_TEST,T02_0157,PROC-ISRO-IISU-01,ATE-STATION-01,CHAMBER-01,1.0,60.0,3.3,168,dark_current_density,OPTICAL,nA/cm2,12.8497,17.3146,38.9935,84.8707,4.4649,12.44,5,40.15,5.59,0.0083,-0.0383,59.99,62.42,12.8497,17.3146,38.9935,84.8707,4.4649,10.0,False,NOMINAL,HEALTHY,-9.29,-36.22
IMA_LOT02_COMP0158,LOT_02,IMAGE_SENSOR,LCC-20,IMA-SIH-2026,IMAGE_SENSOR_DARK_CURRENT_TEST,T02_0158,PROC-ISRO-IISU-01,ATE-STATION-01,CHAMBER-01,1.0,60.0,3.3,168,dark_current_density,OPTICAL,nA/cm2,12.9811,19.9549,63.9658,204.5703,6.9738,20.0,6,40.41,8.35,0.0102,0.0336,60.71,61.98,12.9811,19.9549,63.9658,204.5703,6.9738,10.0,False,NOMINAL,HEALTHY,-2.34,-37.42
IMA_LOT02_COMP0159,LOT_02,IMAGE_SENSOR,LCC-20,IMA-SIH-2026,IMAGE_SENSOR_DARK_CURRENT_TEST,T02_0159,PROC-ISRO-IISU-01,ATE-STATION-01,CHAMBER-01,1.0,60.0,3.3,168,dark_current_density,OPTICAL,nA/cm2,12.631,15.6757,30.8952,58.5346,3.0447,6.71,5,41.92,6.95,-0.0046,0.0364,62.86,62.56,12.631,15.6757,30.8952,58.5346,3.0447,10.0,False,NOMINAL,HEALTHY,-22.33,48.53
IMA_LOT02_COMP0160,LOT_02,IMAGE_SENSOR,LCC-20,IMA-SIH-2026,IMAGE_SENSOR_DARK_CURRENT_TEST,T02_0160,PROC-ISRO-IISU-01,ATE-STATION-01,CHAMBER-01,1.0,60.0,3.3,168,dark_current_density,OPTICAL,nA/cm2,12.5736,15.9005,33.4792,70.5107,3.3269,12.4,5,38.41,6.69,-0.0245,0.0642,61.15,62.36,12.5736,15.9005,33.4792,70.5107,3.3269,10.0,False,NOMINAL,HEALTHY,21.48,16.93
IMA_LOT02_COMP0161,LOT_02,IMAGE_SENSOR,LCC-20,IMA-SIH-2026,IMAGE_SENSOR_DARK_CURRENT_TEST,T02_0161,PROC-ISRO-IISU-01,ATE-STATION-01,CHAMBER-01,1.0,60.0,3.3,168,dark_current_density,OPTICAL,nA/cm2,12.5931,18.971,63.6327,205.7456,6.3779,11.64,5,39.54,5.75,0.0223,0.0022,61.62,61.73,12.5931,18.971,63.6327,205.7456,6.3779,10.0,True,DIELECTRIC_OSCILLATION,HEALTHY,27.13,49.96
IMA_LOT02_COMP0162,LOT_02,IMAGE_SENSOR,LCC-20,IMA-SIH-2026,IMAGE_SENSOR_DARK_CURRENT_TEST,T02_0162,PROC-ISRO-IISU-01,ATE-STATION-01,CHAMBER-01,1.0,60.0,3.3,168,dark_current_density,OPTICAL,nA/cm2,13.1733,19.7241,65.0834,238.0579,6.5508,8.27,6,42.25,6.31,0.0259,0.063,62.96,61.53,13.1733,19.7241,65.0834,238.0579,6.5508,10.0,False,NOMINAL,HEALTHY,-1.73,39.75
IMA_LOT02_COMP0163,LOT_02,IMAGE_SENSOR,LCC-20,IMA-SIH-2026,IMAGE_SENSOR_DARK_CURRENT_TEST,T02_0163,PROC-ISRO-IISU-01,ATE-STATION-01,CHAMBER-01,1.0,60.0,3.3,168,dark_current_density,OPTICAL,nA/cm2,12.8249,17.2624,38.92,97.3119,4.4375,12.73,5,41.47,6.71,-0.0075,-0.0242,62.99,62.75,12.8249,17.2624,38.92,97.3119,4.4375,10.0,False,NOMINAL,HEALTHY,11.2,19.62
IMA_LOT02_COMP0164,LOT_02,IMAGE_SENSOR,LCC-20,IMA-SIH-2026,IMAGE_SENSOR_DARK_CURRENT_TEST,T02_0164,PROC-ISRO-IISU-01,ATE-STATION-01,CHAMBER-01,1.0,60.0,3.3,168,dark_current_density,OPTICAL,nA/cm2,13.2444,19.5006,66.0602,226.0025,6.2562,10.52,4,42.96,8.51,-0.0057,0.0238,60.06,62.5,13.2444,19.5006,66.0602,226.0025,6.2562,10.0,False,NOMINAL,HEALTHY,-24.72,-26.8
IMA_LOT02_COMP0165,LOT_02,IMAGE_SENSOR,LCC-20,IMA-SIH-2026,IMAGE_SENSOR_DARK_CURRENT_TEST,T02_0165,PROC-ISRO-IISU-01,ATE-STATION-01,CHAMBER-01,1.0,60.0,3.3,168,dark_current_density,OPTICAL,nA/cm2,12.9173,17.024,39.3356,85.8864,4.1067,15.81,6,43.36,6.88,0.0097,0.0167,62.92,62.18,12.9173,17.024,39.3356,85.8864,4.1067,10.0,False,NOMINAL,HEALTHY,-6.37,37.66
IMA_LOT02_COMP0166,LOT_02,IMAGE_SENSOR,LCC-20,IMA-SIH-2026,IMAGE_SENSOR_DARK_CURRENT_TEST,T02_0166,PROC-ISRO-IISU-01,ATE-STATION-01,CHAMBER-01,1.0,60.0,3.3,168,dark_current_density,OPTICAL,nA/cm2,12.6369,15.9121,35.7892,74.9205,3.2752,13.64,4,41.48,8.74,0.0031,-0.0268,62.72,62.19,12.6369,15.9121,35.7892,74.9205,3.2752,10.0,False,NOMINAL,HEALTHY,-7.77,48.82
IMA_LOT02_COMP0167,LOT_02,IMAGE_SENSOR,LCC-20,IMA-SIH-2026,IMAGE_SENSOR_DARK_CURRENT_TEST,T02_0167,PROC-ISRO-IISU-01,ATE-STATION-01,CHAMBER-01,1.0,60.0,3.3,168,dark_current_density,OPTICAL,nA/cm2,12.0462,15.4721,31.7835,68.0949,3.4259,14.05,4,41.82,8.76,0.0001,-0.0108,63.53,62.28,12.0462,15.4721,31.7835,68.0949,3.4259,10.0,False,NOMINAL,HEALTHY,-45.46,-29.35
IMA_LOT02_COMP0168,LOT_02,IMAGE_SENSOR,LCC-20,IMA-SIH-2026,IMAGE_SENSOR_DARK_CURRENT_TEST,T02_0168,PROC-ISRO-IISU-01,ATE-STATION-01,CHAMBER-01,1.0,60.0,3.3,168,dark_current_density,OPTICAL,nA/cm2,13.2221,19.0436,61.9086,191.5332,5.8215,14.4,5,41.6,7.76,0.0342,0.0514,63.63,62.05,13.2221,19.0436,61.9086,191.5332,5.8215,10.0,False,NOMINAL,HEALTHY,-4.43,6.19
IMA_LOT02_COMP0169,LOT_02,IMAGE_SENSOR,LCC-20,IMA-SIH-2026,IMAGE_SENSOR_DARK_CURRENT_TEST,T02_0169,PROC-ISRO-IISU-01,ATE-STATION-01,CHAMBER-01,1.0,60.0,3.3,168,dark_current_density,OPTICAL,nA/cm2,12.9041,16.5129,35.5195,70.6497,3.6088,18.36,6,43.09,8.47,0.0046,0.0456,60.34,62.62,12.9041,16.5129,35.5195,70.6497,3.6088,10.0,False,NOMINAL,HEALTHY,42.16,43.9
IMA_LOT02_COMP0170,LOT_02,IMAGE_SENSOR,LCC-20,IMA-SIH-2026,IMAGE_SENSOR_DARK_CURRENT_TEST,T02_0170,PROC-ISRO-IISU-01,ATE-STATION-01,CHAMBER-01,1.0,60.0,3.3,168,dark_current_density,OPTICAL,nA/cm2,12.8587,16.7857,35.7361,76.196,3.927,12.84,2,39.71,9.04,-0.0148,-0.0326,61.43,61.91,12.8587,16.7857,35.7361,76.196,3.927,10.0,False,NOMINAL,HEALTHY,44.36,16.97
IMA_LOT02_COMP0171,LOT_02,IMAGE_SENSOR,LCC-20,IMA-SIH-2026,IMAGE_SENSOR_DARK_CURRENT_TEST,T02_0171,PROC-ISRO-IISU-01,ATE-STATION-01,CHAMBER-01,1.0,60.0,3.3,168,dark_current_density,OPTICAL,nA/cm2,12.5968,18.3826,50.6585,147.8183,5.7858,13.35,3,41.12,8.72,-0.0112,-0.0692,62.22,62.47,12.5968,18.3826,50.6585,147.8183,5.7858,10.0,False,NOMINAL,HEALTHY,-22.53,8.99
IMA_LOT02_COMP0172,LOT_02,IMAGE_SENSOR,LCC-20,IMA-SIH-2026,IMAGE_SENSOR_DARK_CURRENT_TEST,T02_0172,PROC-ISRO-IISU-01,ATE-STATION-01,CHAMBER-01,1.0,60.0,3.3,168,dark_current_density,OPTICAL,nA/cm2,13.1813,17.2486,41.4114,99.7288,4.0673,11.17,2,44.86,5.86,0.0082,-0.0279,64.63,62.0,13.1813,17.2486,41.4114,99.7288,4.0673,10.0,False,NOMINAL,HEALTHY,28.17,-2.0
IMA_LOT02_COMP0173,LOT_02,IMAGE_SENSOR,LCC-20,IMA-SIH-2026,IMAGE_SENSOR_DARK_CURRENT_TEST,T02_0173,PROC-ISRO-IISU-01,ATE-STATION-01,CHAMBER-01,1.0,60.0,3.3,168,dark_current_density,OPTICAL,nA/cm2,12.6134,16.813,39.6019,94.4012,4.1996,11.55,4,43.16,9.65,-0.0313,-0.0975,60.37,61.76,12.6134,16.813,39.6019,94.4012,4.1996,10.0,False,NOMINAL,HEALTHY,31.15,-36.39
IMA_LOT02_COMP0174,LOT_02,IMAGE_SENSOR,LCC-20,IMA-SIH-2026,IMAGE_SENSOR_DARK_CURRENT_TEST,T02_0174,PROC-ISRO-IISU-01,ATE-STATION-01,CHAMBER-01,1.0,60.0,3.3,168,dark_current_density,OPTICAL,nA/cm2,12.6927,16.5416,34.9467,73.4502,3.8489,10.66,4,42.02,8.99,-0.0111,-0.0389,61.88,61.24,12.6927,16.5416,34.9467,73.4502,3.8489,10.0,False,NOMINAL,HEALTHY,4.13,32.6
IMA_LOT02_COMP0175,LOT_02,IMAGE_SENSOR,LCC-20,IMA-SIH-2026,IMAGE_SENSOR_DARK_CURRENT_TEST,T02_0175,PROC-ISRO-IISU-01,ATE-STATION-01,CHAMBER-01,1.0,60.0,3.3,168,dark_current_density,OPTICAL,nA/cm2,12.9197,16.3541,35.023,72.1108,3.4344,13.46,6,43.44,9.7,-0.0006,-0.0095,64.08,62.34,12.9197,16.3541,35.023,72.1108,3.4344,10.0,False,NOMINAL,HEALTHY,19.01,-5.33
IMA_LOT02_COMP0176,LOT_02,IMAGE_SENSOR,LCC-20,IMA-SIH-2026,IMAGE_SENSOR_DARK_CURRENT_TEST,T02_0176,PROC-ISRO-IISU-01,ATE-STATION-01,CHAMBER-01,1.0,60.0,3.3,168,dark_current_density,OPTICAL,nA/cm2,12.9142,18.0084,47.14,131.653,5.0942,7.48,5,41.64,7.46,0.0282,0.0374,61.85,61.8,12.9142,18.0084,47.14,131.653,5.0942,10.0,False,NOMINAL,HEALTHY,26.12,6.88
IMA_LOT02_COMP0177,LOT_02,IMAGE_SENSOR,LCC-20,IMA-SIH-2026,IMAGE_SENSOR_DARK_CURRENT_TEST,T02_0177,PROC-ISRO-IISU-01,ATE-STATION-01,CHAMBER-01,1.0,60.0,3.3,168,dark_current_density,OPTICAL,nA/cm2,12.8541,17.32,42.7019,106.8814,4.4659,12.08,7,39.77,9.34,0.0067,0.0327,65.48,62.63,12.8541,17.32,42.7019,106.8814,4.4659,10.0,False,NOMINAL,HEALTHY,-23.52,38.03
IMA_LOT02_COMP0178,LOT_02,IMAGE_SENSOR,LCC-20,IMA-SIH-2026,IMAGE_SENSOR_DARK_CURRENT_TEST,T02_0178,PROC-ISRO-IISU-01,ATE-STATION-01,CHAMBER-01,1.0,60.0,3.3,168,dark_current_density,OPTICAL,nA/cm2,12.4801,19.2202,65.4127,224.1491,6.7401,13.5,4,41.19,7.07,0.0111,0.014,62.76,62.38,12.4801,19.2202,65.4127,224.1491,6.7401,10.0,False,NOMINAL,HEALTHY,-4.38,-3.81
IMA_LOT02_COMP0179,LOT_02,IMAGE_SENSOR,LCC-20,IMA-SIH-2026,IMAGE_SENSOR_DARK_CURRENT_TEST,T02_0179,PROC-ISRO-IISU-01,ATE-STATION-01,CHAMBER-01,1.0,60.0,3.3,168,dark_current_density,OPTICAL,nA/cm2,12.6194,18.0758,50.9284,136.6811,5.4564,13.21,3,44.26,10.13,-0.0532,-0.0793,62.03,62.41,12.6194,18.0758,50.9284,136.6811,5.4564,10.0,False,NOMINAL,HEALTHY,46.85,44.39
IMA_LOT02_COMP0180,LOT_02,IMAGE_SENSOR,LCC-20,IMA-SIH-2026,IMAGE_SENSOR_DARK_CURRENT_TEST,T02_0180,PROC-ISRO-IISU-01,ATE-STATION-01,CHAMBER-01,1.0,60.0,3.3,168,dark_current_density,OPTICAL,nA/cm2,13.2921,18.5495,52.6329,145.4685,5.2574,7.9,6,39.64,7.48,0.0301,0.1046,60.18,62.22,13.2921,18.5495,52.6329,145.4685,5.2574,10.0,False,NOMINAL,HEALTHY,-45.87,3.08
IMA_LOT02_COMP0181,LOT_02,IMAGE_SENSOR,LCC-20,IMA-SIH-2026,IMAGE_SENSOR_DARK_CURRENT_TEST,T02_0181,PROC-ISRO-IISU-01,ATE-STATION-01,CHAMBER-01,1.0,60.0,3.3,168,dark_current_density,OPTICAL,nA/cm2,12.4411,18.5733,59.4648,195.5113,6.1322,6.03,3,45.55,9.08,0.0217,0.0743,62.88,61.96,12.4411,18.5733,59.4648,195.5113,6.1322,10.0,False,NOMINAL,HEALTHY,3.23,24.97
IMA_LOT02_COMP0182,LOT_02,IMAGE_SENSOR,LCC-20,IMA-SIH-2026,IMAGE_SENSOR_DARK_CURRENT_TEST,T02_0182,PROC-ISRO-IISU-01,ATE-STATION-01,CHAMBER-01,1.0,60.0,3.3,168,dark_current_density,OPTICAL,nA/cm2,11.6648,16.8007,41.1727,103.0909,5.1359,10.58,3,42.25,7.5,0.0455,-0.0145,61.89,62.75,11.6648,16.8007,41.1727,103.0909,5.1359,10.0,False,NOMINAL,HEALTHY,-31.68,15.34
IMA_LOT02_COMP0183,LOT_02,IMAGE_SENSOR,LCC-20,IMA-SIH-2026,IMAGE_SENSOR_DARK_CURRENT_TEST,T02_0183,PROC-ISRO-IISU-01,ATE-STATION-01,CHAMBER-01,1.0,60.0,3.3,168,dark_current_density,OPTICAL,nA/cm2,13.0087,17.7594,46.7935,123.5983,4.7507,14.33,5,43.2,9.18,0.0271,-0.0236,60.33,61.4,13.0087,17.7594,46.7935,123.5983,4.7507,10.0,False,NOMINAL,HEALTHY,20.87,-14.06
IMA_LOT02_COMP0184,LOT_02,IMAGE_SENSOR,LCC-20,IMA-SIH-2026,IMAGE_SENSOR_DARK_CURRENT_TEST,T02_0184,PROC-ISRO-IISU-01,ATE-STATION-01,CHAMBER-01,1.0,60.0,3.3,168,dark_current_density,OPTICAL,nA/cm2,13.088,16.7977,37.2008,84.5905,3.7097,11.64,6,40.79,8.2,-0.015,-0.0744,63.36,61.34,13.088,16.7977,37.2008,84.5905,3.7097,10.0,False,NOMINAL,HEALTHY,-32.83,-20.72
IMA_LOT02_COMP0185,LOT_02,IMAGE_SENSOR,LCC-20,IMA-SIH-2026,IMAGE_SENSOR_DARK_CURRENT_TEST,T02_0185,PROC-ISRO-IISU-01,ATE-STATION-01,CHAMBER-01,1.0,60.0,3.3,168,dark_current_density,OPTICAL,nA/cm2,12.4184,18.8434,63.09,213.7142,6.425,9.82,5,39.82,6.03,0.0066,0.0569,60.91,62.85,12.4184,18.8434,63.09,213.7142,6.425,10.0,False,NOMINAL,HEALTHY,-43.57,23.02
IMA_LOT02_COMP0186,LOT_02,IMAGE_SENSOR,LCC-20,IMA-SIH-2026,IMAGE_SENSOR_DARK_CURRENT_TEST,T02_0186,PROC-ISRO-IISU-01,ATE-STATION-01,CHAMBER-01,1.0,60.0,3.3,168,dark_current_density,OPTICAL,nA/cm2,12.6148,17.9801,64.7848,217.2638,5.3653,15.32,2,39.58,7.14,-0.0223,-0.0186,63.43,60.62,12.6148,17.9801,64.7848,217.2638,5.3653,10.0,False,NOMINAL,HEALTHY,-30.15,33.68
IMA_LOT02_COMP0187,LOT_02,IMAGE_SENSOR,LCC-20,IMA-SIH-2026,IMAGE_SENSOR_DARK_CURRENT_TEST,T02_0187,PROC-ISRO-IISU-01,ATE-STATION-01,CHAMBER-01,1.0,60.0,3.3,168,dark_current_density,OPTICAL,nA/cm2,13.5819,19.4383,55.5703,156.4338,5.8564,10.21,4,44.25,7.51,-0.0177,-0.1132,61.86,61.93,13.5819,19.4383,55.5703,156.4338,5.8564,10.0,False,NOMINAL,HEALTHY,-5.65,3.4
IMA_LOT02_COMP0188,LOT_02,IMAGE_SENSOR,LCC-20,IMA-SIH-2026,IMAGE_SENSOR_DARK_CURRENT_TEST,T02_0188,PROC-ISRO-IISU-01,ATE-STATION-01,CHAMBER-01,1.0,60.0,3.3,168,dark_current_density,OPTICAL,nA/cm2,11.3039,16.3526,50.5454,146.85,5.0487,9.68,6,41.16,7.67,-0.0286,-0.0753,59.09,61.32,11.3039,16.3526,50.5454,146.85,5.0487,10.0,False,NOMINAL,HEALTHY,19.4,0.93
IMA_LOT02_COMP0189,LOT_02,IMAGE_SENSOR,LCC-20,IMA-SIH-2026,IMAGE_SENSOR_DARK_CURRENT_TEST,T02_0189,PROC-ISRO-IISU-01,ATE-STATION-01,CHAMBER-01,1.0,60.0,3.3,168,dark_current_density,OPTICAL,nA/cm2,11.8678,18.2144,58.7416,179.5143,6.3466,9.8,6,40.66,7.71,-0.0105,-0.0604,59.5,62.28,11.8678,18.2144,58.7416,179.5143,6.3466,10.0,False,NOMINAL,HEALTHY,-8.45,-48.08
IMA_LOT02_COMP0190,LOT_02,IMAGE_SENSOR,LCC-20,IMA-SIH-2026,IMAGE_SENSOR_DARK_CURRENT_TEST,T02_0190,PROC-ISRO-IISU-01,ATE-STATION-01,CHAMBER-01,1.0,60.0,3.3,168,dark_current_density,OPTICAL,nA/cm2,12.7084,17.0158,37.097,84.8319,4.3074,12.9,9,37.82,6.96,0.0182,0.059,61.65,62.26,12.7084,17.0158,37.097,84.8319,4.3074,10.0,False,NOMINAL,HEALTHY,37.05,29.16
IMA_LOT02_COMP0191,LOT_02,IMAGE_SENSOR,LCC-20,IMA-SIH-2026,IMAGE_SENSOR_DARK_CURRENT_TEST,T02_0191,PROC-ISRO-IISU-01,ATE-STATION-01,CHAMBER-01,1.0,60.0,3.3,168,dark_current_density,OPTICAL,nA/cm2,12.1544,16.3178,30.6517,60.3161,4.1634,13.82,4,39.69,7.73,-0.0086,-0.007,60.63,62.34,12.1544,16.3178,30.6517,60.3161,4.1634,10.0,False,NOMINAL,HEALTHY,21.79,34.59
IMA_LOT02_COMP0192,LOT_02,IMAGE_SENSOR,LCC-20,IMA-SIH-2026,IMAGE_SENSOR_DARK_CURRENT_TEST,T02_0192,PROC-ISRO-IISU-01,ATE-STATION-01,CHAMBER-01,1.0,60.0,3.3,168,dark_current_density,OPTICAL,nA/cm2,12.8519,19.5302,61.6422,197.924,6.6783,13.11,9,41.98,9.36,-0.0047,0.0767,63.29,62.46,12.8519,19.5302,61.6422,197.924,6.6783,10.0,False,NOMINAL,HEALTHY,48.79,26.41
IMA_LOT02_COMP0193,LOT_02,IMAGE_SENSOR,LCC-20,IMA-SIH-2026,IMAGE_SENSOR_DARK_CURRENT_TEST,T02_0193,PROC-ISRO-IISU-01,ATE-STATION-01,CHAMBER-01,1.0,60.0,3.3,168,dark_current_density,OPTICAL,nA/cm2,13.5138,18.3745,46.3042,118.7536,4.8607,9.46,3,45.64,5.88,-0.0063,0.0586,63.63,63.15,13.5138,18.3745,46.3042,118.7536,4.8607,10.0,False,NOMINAL,HEALTHY,19.42,31.46
IMA_LOT02_COMP0194,LOT_02,IMAGE_SENSOR,LCC-20,IMA-SIH-2026,IMAGE_SENSOR_DARK_CURRENT_TEST,T02_0194,PROC-ISRO-IISU-01,ATE-STATION-01,CHAMBER-01,1.0,60.0,3.3,168,dark_current_density,OPTICAL,nA/cm2,12.1636,17.0,49.0018,141.6049,4.8364,13.67,6,41.37,10.0,-0.007,-0.0194,65.61,60.82,12.1636,17.0,49.0018,141.6049,4.8364,10.0,False,NOMINAL,HEALTHY,-2.25,-37.12
IMA_LOT02_COMP0195,LOT_02,IMAGE_SENSOR,LCC-20,IMA-SIH-2026,IMAGE_SENSOR_DARK_CURRENT_TEST,T02_0195,PROC-ISRO-IISU-01,ATE-STATION-01,CHAMBER-01,1.0,60.0,3.3,168,dark_current_density,OPTICAL,nA/cm2,13.4768,18.2381,46.4568,117.5567,4.7613,14.2,7,42.71,7.31,-0.0326,0.0053,61.87,62.62,13.4768,18.2381,46.4568,117.5567,4.7613,10.0,False,NOMINAL,HEALTHY,17.6,5.72
IMA_LOT02_COMP0196,LOT_02,IMAGE_SENSOR,LCC-20,IMA-SIH-2026,IMAGE_SENSOR_DARK_CURRENT_TEST,T02_0196,PROC-ISRO-IISU-01,ATE-STATION-01,CHAMBER-01,1.0,60.0,3.3,168,dark_current_density,OPTICAL,nA/cm2,12.1226,17.5987,63.4492,218.457,5.4761,17.74,5,42.98,8.27,0.0124,-0.032,61.62,61.55,12.1226,17.5987,63.4492,218.457,5.4761,10.0,False,NOMINAL,HEALTHY,42.73,-29.0
IMA_LOT02_COMP0197,LOT_02,IMAGE_SENSOR,LCC-20,IMA-SIH-2026,IMAGE_SENSOR_DARK_CURRENT_TEST,T02_0197,PROC-ISRO-IISU-01,ATE-STATION-01,CHAMBER-01,1.0,60.0,3.3,168,dark_current_density,OPTICAL,nA/cm2,12.4279,18.4456,63.6893,223.6486,6.0177,10.35,5,47.05,9.49,-0.0101,0.0341,61.76,61.92,12.4279,18.4456,63.6893,223.6486,6.0177,10.0,False,NOMINAL,HEALTHY,1.87,1.12
IMA_LOT02_COMP0198,LOT_02,IMAGE_SENSOR,LCC-20,IMA-SIH-2026,IMAGE_SENSOR_DARK_CURRENT_TEST,T02_0198,PROC-ISRO-IISU-01,ATE-STATION-01,CHAMBER-01,1.0,60.0,3.3,168,dark_current_density,OPTICAL,nA/cm2,12.2264,18.2266,57.179,189.363,6.0002,19.02,5,38.84,7.73,-0.0114,-0.0669,61.55,61.8,12.2264,18.2266,57.179,189.363,6.0002,10.0,False,NOMINAL,HEALTHY,28.7,-16.5
IMA_LOT02_COMP0199,LOT_02,IMAGE_SENSOR,LCC-20,IMA-SIH-2026,IMAGE_SENSOR_DARK_CURRENT_TEST,T02_0199,PROC-ISRO-IISU-01,ATE-STATION-01,CHAMBER-01,1.0,60.0,3.3,168,dark_current_density,OPTICAL,nA/cm2,13.0038,16.7536,36.4935,82.8246,3.7498,10.17,9,40.93,9.88,-0.0106,-0.0462,64.34,61.71,13.0038,16.7536,36.4935,82.8246,3.7498,10.0,False,NOMINAL,HEALTHY,28.92,26.25
IMA_LOT02_COMP0200,LOT_02,IMAGE_SENSOR,LCC-20,IMA-SIH-2026,IMAGE_SENSOR_DARK_CURRENT_TEST,T02_0200,PROC-ISRO-IISU-01,ATE-STATION-01,CHAMBER-01,1.0,60.0,3.3,168,dark_current_density,OPTICAL,nA/cm2,12.5462,16.5493,37.4497,89.2487,4.0031,10.79,5,42.33,6.69,0.0487,0.1055,64.6,62.25,12.5462,16.5493,37.4497,89.2487,4.0031,10.0,False,NOMINAL,HEALTHY,-20.05,32.36
IMA_LOT02_COMP0201,LOT_02,IMAGE_SENSOR,LCC-20,IMA-SIH-2026,IMAGE_SENSOR_DARK_CURRENT_TEST,T02_0201,PROC-ISRO-IISU-01,ATE-STATION-01,CHAMBER-01,1.0,60.0,3.3,168,dark_current_density,OPTICAL,nA/cm2,13.1085,17.9874,52.0795,148.7272,4.8789,13.71,6,40.8,8.19,0.0223,0.0293,60.92,61.85,13.1085,17.9874,52.0795,148.7272,4.8789,10.0,False,NOMINAL,HEALTHY,-46.09,34.28
IMA_LOT02_COMP0202,LOT_02,IMAGE_SENSOR,LCC-20,IMA-SIH-2026,IMAGE_SENSOR_DARK_CURRENT_TEST,T02_0202,PROC-ISRO-IISU-01,ATE-STATION-01,CHAMBER-01,1.0,60.0,3.3,168,dark_current_density,OPTICAL,nA/cm2,11.9923,16.368,42.433,105.8734,4.3757,12.77,5,44.04,7.78,0.0058,-0.0029,61.12,61.95,11.9923,16.368,42.433,105.8734,4.3757,10.0,False,NOMINAL,HEALTHY,-28.01,-1.84
IMA_LOT02_COMP0203,LOT_02,IMAGE_SENSOR,LCC-20,IMA-SIH-2026,IMAGE_SENSOR_DARK_CURRENT_TEST,T02_0203,PROC-ISRO-IISU-01,ATE-STATION-01,CHAMBER-01,1.0,60.0,3.3,168,dark_current_density,OPTICAL,nA/cm2,12.0591,16.7677,53.887,162.1297,4.7086,12.45,3,44.32,7.92,-0.0268,-0.0009,64.8,61.67,12.0591,16.7677,53.887,162.1297,4.7086,10.0,False,NOMINAL,HEALTHY,12.19,-36.32
IMA_LOT02_COMP0204,LOT_02,IMAGE_SENSOR,LCC-20,IMA-SIH-2026,IMAGE_SENSOR_DARK_CURRENT_TEST,T02_0204,PROC-ISRO-IISU-01,ATE-STATION-01,CHAMBER-01,1.0,60.0,3.3,168,dark_current_density,OPTICAL,nA/cm2,12.8273,15.8205,35.0059,75.2035,2.9932,8.7,3,42.14,9.29,0.042,-0.014,63.12,62.3,12.8273,15.8205,35.0059,75.2035,2.9932,10.0,False,NOMINAL,HEALTHY,36.66,22.77
IMA_LOT02_COMP0205,LOT_02,IMAGE_SENSOR,LCC-20,IMA-SIH-2026,IMAGE_SENSOR_DARK_CURRENT_TEST,T02_0205,PROC-ISRO-IISU-01,ATE-STATION-01,CHAMBER-01,1.0,60.0,3.3,168,dark_current_density,OPTICAL,nA/cm2,13.1845,18.0541,42.0618,101.6797,4.8696,12.23,3,43.44,9.4,-0.003,0.0084,58.96,62.33,13.1845,18.0541,42.0618,101.6797,4.8696,10.0,False,NOMINAL,HEALTHY,7.79,-42.15
IMA_LOT02_COMP0206,LOT_02,IMAGE_SENSOR,LCC-20,IMA-SIH-2026,IMAGE_SENSOR_DARK_CURRENT_TEST,T02_0206,PROC-ISRO-IISU-01,ATE-STATION-01,CHAMBER-01,1.0,60.0,3.3,168,dark_current_density,OPTICAL,nA/cm2,12.7228,17.9578,54.9175,164.4524,5.235,11.71,7,42.63,9.39,0.0139,-0.0276,61.14,61.93,12.7228,17.9578,54.9175,164.4524,5.235,10.0,False,NOMINAL,HEALTHY,-8.22,-49.94
IMA_LOT02_COMP0207,LOT_02,IMAGE_SENSOR,LCC-20,IMA-SIH-2026,IMAGE_SENSOR_DARK_CURRENT_TEST,T02_0207,PROC-ISRO-IISU-01,ATE-STATION-01,CHAMBER-01,1.0,60.0,3.3,168,dark_current_density,OPTICAL,nA/cm2,12.2387,16.0834,32.8257,67.5694,3.8447,11.22,7,41.28,8.97,0.0028,0.022,62.26,62.02,12.2387,16.0834,32.8257,67.5694,3.8447,10.0,False,NOMINAL,HEALTHY,4.34,4.02
IMA_LOT02_COMP0208,LOT_02,IMAGE_SENSOR,LCC-20,IMA-SIH-2026,IMAGE_SENSOR_DARK_CURRENT_TEST,T02_0208,PROC-ISRO-IISU-01,ATE-STATION-01,CHAMBER-01,1.0,60.0,3.3,168,dark_current_density,OPTICAL,nA/cm2,13.4371,20.5618,71.0552,262.2752,7.1247,14.2,7,44.8,6.97,0.0206,-0.0057,61.43,62.37,13.4371,20.5618,71.0552,262.2752,7.1247,10.0,False,NOMINAL,HEALTHY,14.92,-19.49
IMA_LOT02_COMP0209,LOT_02,IMAGE_SENSOR,LCC-20,IMA-SIH-2026,IMAGE_SENSOR_DARK_CURRENT_TEST,T02_0209,PROC-ISRO-IISU-01,ATE-STATION-01,CHAMBER-01,1.0,60.0,3.3,168,dark_current_density,OPTICAL,nA/cm2,13.9018,18.8862,48.0247,128.0571,4.9844,10.71,4,41.82,9.8,0.0069,-0.0361,63.0,61.75,13.9018,18.8862,48.0247,128.0571,4.9844,10.0,False,NOMINAL,HEALTHY,34.15,28.64
IMA_LOT02_COMP0210,LOT_02,IMAGE_SENSOR,LCC-20,IMA-SIH-2026,IMAGE_SENSOR_DARK_CURRENT_TEST,T02_0210,PROC-ISRO-IISU-01,ATE-STATION-01,CHAMBER-01,1.0,60.0,3.3,168,dark_current_density,OPTICAL,nA/cm2,13.0623,19.2091,54.8826,157.7115,6.1468,10.19,3,41.44,9.08,0.0241,0.0441,60.65,61.76,13.0623,19.2091,54.8826,157.7115,6.1468,10.0,False,NOMINAL,HEALTHY,-48.98,8.91
IMA_LOT02_COMP0211,LOT_02,IMAGE_SENSOR,LCC-20,IMA-SIH-2026,IMAGE_SENSOR_DARK_CURRENT_TEST,T02_0211,PROC-ISRO-IISU-01,ATE-STATION-01,CHAMBER-01,1.0,60.0,3.3,168,dark_current_density,OPTICAL,nA/cm2,12.8069,16.9394,35.9839,76.1173,4.1325,15.78,3,39.96,9.42,0.0083,0.1388,62.58,61.78,12.8069,16.9394,35.9839,76.1173,4.1325,10.0,False,NOMINAL,HEALTHY,6.46,-38.07
IMA_LOT02_COMP0212,LOT_02,IMAGE_SENSOR,LCC-20,IMA-SIH-2026,IMAGE_SENSOR_DARK_CURRENT_TEST,T02_0212,PROC-ISRO-IISU-01,ATE-STATION-01,CHAMBER-01,1.0,60.0,3.3,168,dark_current_density,OPTICAL,nA/cm2,13.0595,16.6271,37.7904,85.2851,3.5676,12.27,6,41.13,6.97,0.0166,0.0406,61.18,61.7,13.0595,16.6271,37.7904,85.2851,3.5676,10.0,False,NOMINAL,HEALTHY,-44.77,-43.93
IMA_LOT02_COMP0213,LOT_02,IMAGE_SENSOR,LCC-20,IMA-SIH-2026,IMAGE_SENSOR_DARK_CURRENT_TEST,T02_0213,PROC-ISRO-IISU-01,ATE-STATION-01,CHAMBER-01,1.0,60.0,3.3,168,dark_current_density,OPTICAL,nA/cm2,13.1995,18.3377,51.6485,136.3785,5.1382,9.8,2,38.85,7.24,0.021,0.0239,61.51,61.78,13.1995,18.3377,51.6485,136.3785,5.1382,10.0,False,NOMINAL,HEALTHY,-30.97,14.05
IMA_LOT02_COMP0214,LOT_02,IMAGE_SENSOR,LCC-20,IMA-SIH-2026,IMAGE_SENSOR_DARK_CURRENT_TEST,T02_0214,PROC-ISRO-IISU-01,ATE-STATION-01,CHAMBER-01,1.0,60.0,3.3,168,dark_current_density,OPTICAL,nA/cm2,12.3055,17.3101,45.4964,118.6231,5.0046,10.85,8,42.41,4.33,0.0074,-0.0894,63.18,61.97,12.3055,17.3101,45.4964,118.6231,5.0046,10.0,False,NOMINAL,HEALTHY,-36.88,24.04
IMA_LOT02_COMP0215,LOT_02,IMAGE_SENSOR,LCC-20,IMA-SIH-2026,IMAGE_SENSOR_DARK_CURRENT_TEST,T02_0215,PROC-ISRO-IISU-01,ATE-STATION-01,CHAMBER-01,1.0,60.0,3.3,168,dark_current_density,OPTICAL,nA/cm2,12.8394,20.2452,67.2304,230.1012,7.4058,11.6,5,42.22,6.68,-0.0028,-0.0389,63.03,62.0,12.8394,20.2452,67.2304,230.1012,7.4058,10.0,False,NOMINAL,HEALTHY,-22.38,13.67
IMA_LOT02_COMP0216,LOT_02,IMAGE_SENSOR,LCC-20,IMA-SIH-2026,IMAGE_SENSOR_DARK_CURRENT_TEST,T02_0216,PROC-ISRO-IISU-01,ATE-STATION-01,CHAMBER-01,1.0,60.0,3.3,168,dark_current_density,OPTICAL,nA/cm2,11.84,17.9758,57.1603,197.279,6.1358,7.25,4,38.74,6.74,-0.0191,-0.0053,60.9,61.95,11.84,17.9758,57.1603,197.279,6.1358,10.0,False,NOMINAL,HEALTHY,20.04,-45.51
IMA_LOT02_COMP0217,LOT_02,IMAGE_SENSOR,LCC-20,IMA-SIH-2026,IMAGE_SENSOR_DARK_CURRENT_TEST,T02_0217,PROC-ISRO-IISU-01,ATE-STATION-01,CHAMBER-01,1.0,60.0,3.3,168,dark_current_density,OPTICAL,nA/cm2,13.0457,19.021,175.7105,1664.3921,5.9753,13.9,4,40.9,10.12,0.0064,-0.0591,61.61,62.2,13.0457,19.021,175.7105,1664.3921,5.9753,10.0,True,THERMAL_RUNAWAY,HEALTHY,-45.77,-1.41
IMA_LOT02_COMP0218,LOT_02,IMAGE_SENSOR,LCC-20,IMA-SIH-2026,IMAGE_SENSOR_DARK_CURRENT_TEST,T02_0218,PROC-ISRO-IISU-01,ATE-STATION-01,CHAMBER-01,1.0,60.0,3.3,168,dark_current_density,OPTICAL,nA/cm2,12.867,18.0576,49.0066,128.5622,5.1906,9.26,5,43.2,8.67,0.0122,-0.0731,64.01,62.41,12.867,18.0576,49.0066,128.5622,5.1906,10.0,False,NOMINAL,HEALTHY,35.0,0.84
IMA_LOT02_COMP0219,LOT_02,IMAGE_SENSOR,LCC-20,IMA-SIH-2026,IMAGE_SENSOR_DARK_CURRENT_TEST,T02_0219,PROC-ISRO-IISU-01,ATE-STATION-01,CHAMBER-01,1.0,60.0,3.3,168,dark_current_density,OPTICAL,nA/cm2,12.417,17.2482,47.8972,131.0181,4.8312,10.47,4,44.76,10.52,-0.003,-0.012,60.28,61.77,12.417,17.2482,47.8972,131.0181,4.8312,10.0,False,NOMINAL,HEALTHY,23.44,-44.15
IMA_LOT02_COMP0220,LOT_02,IMAGE_SENSOR,LCC-20,IMA-SIH-2026,IMAGE_SENSOR_DARK_CURRENT_TEST,T02_0220,PROC-ISRO-IISU-01,ATE-STATION-01,CHAMBER-01,1.0,60.0,3.3,168,dark_current_density,OPTICAL,nA/cm2,12.1628,16.6787,46.2517,125.3928,4.5159,12.25,5,43.64,6.18,0.0084,0.0605,63.02,62.57,12.1628,16.6787,46.2517,125.3928,4.5159,10.0,False,NOMINAL,HEALTHY,32.68,48.46
IMA_LOT02_COMP0221,LOT_02,IMAGE_SENSOR,LCC-20,IMA-SIH-2026,IMAGE_SENSOR_DARK_CURRENT_TEST,T02_0221,PROC-ISRO-IISU-01,ATE-STATION-01,CHAMBER-01,1.0,60.0,3.3,168,dark_current_density,OPTICAL,nA/cm2,13.1527,18.679,60.8377,188.5114,5.5263,16.84,5,38.62,7.11,-0.0122,0.0214,61.13,61.18,13.1527,18.679,60.8377,188.5114,5.5263,10.0,False,NOMINAL,HEALTHY,-13.4,4.02
IMA_LOT02_COMP0222,LOT_02,IMAGE_SENSOR,LCC-20,IMA-SIH-2026,IMAGE_SENSOR_DARK_CURRENT_TEST,T02_0222,PROC-ISRO-IISU-01,ATE-STATION-01,CHAMBER-01,1.0,60.0,3.3,168,dark_current_density,OPTICAL,nA/cm2,12.0927,15.5195,30.3367,58.5234,3.4268,11.69,4,40.76,7.98,0.0012,-0.0345,60.1,61.84,12.0927,15.5195,30.3367,58.5234,3.4268,10.0,False,NOMINAL,HEALTHY,-19.13,-5.59
IMA_LOT02_COMP0223,LOT_02,IMAGE_SENSOR,LCC-20,IMA-SIH-2026,IMAGE_SENSOR_DARK_CURRENT_TEST,T02_0223,PROC-ISRO-IISU-01,ATE-STATION-01,CHAMBER-01,1.0,60.0,3.3,168,dark_current_density,OPTICAL,nA/cm2,11.6663,16.824,39.9487,96.8512,5.1577,16.7,4,40.79,8.74,-0.0093,-0.0601,62.84,62.68,11.6663,16.824,39.9487,96.8512,5.1577,10.0,False,NOMINAL,HEALTHY,-13.82,28.13
IMA_LOT02_COMP0224,LOT_02,IMAGE_SENSOR,LCC-20,IMA-SIH-2026,IMAGE_SENSOR_DARK_CURRENT_TEST,T02_0224,PROC-ISRO-IISU-01,ATE-STATION-01,CHAMBER-01,1.0,60.0,3.3,168,dark_current_density,OPTICAL,nA/cm2,12.1982,16.3226,34.8008,76.5813,4.1244,14.55,6,41.76,7.51,0.0006,0.0019,61.04,62.7,12.1982,16.3226,34.8008,76.5813,4.1244,10.0,False,NOMINAL,HEALTHY,-35.52,0.73
IMA_LOT02_COMP0225,LOT_02,IMAGE_SENSOR,LCC-20,IMA-SIH-2026,IMAGE_SENSOR_DARK_CURRENT_TEST,T02_0225,PROC-ISRO-IISU-01,ATE-STATION-01,CHAMBER-01,1.0,60.0,3.3,168,dark_current_density,OPTICAL,nA/cm2,12.4041,15.648,33.7482,66.883,3.2439,14.15,7,42.18,8.07,-0.0334,0.0187,61.73,62.09,12.4041,15.648,33.7482,66.883,3.2439,10.0,False,NOMINAL,HEALTHY,-24.95,19.1
IMA_LOT02_COMP0226,LOT_02,IMAGE_SENSOR,LCC-20,IMA-SIH-2026,IMAGE_SENSOR_DARK_CURRENT_TEST,T02_0226,PROC-ISRO-IISU-01,ATE-STATION-01,CHAMBER-01,1.0,60.0,3.3,168,dark_current_density,OPTICAL,nA/cm2,13.5978,19.8883,62.4383,200.6283,6.2905,13.69,3,44.35,9.5,0.0142,0.1007,63.1,62.28,13.5978,19.8883,62.4383,200.6283,6.2905,10.0,False,NOMINAL,HEALTHY,-48.49,-11.27
IMA_LOT02_COMP0227,LOT_02,IMAGE_SENSOR,LCC-20,IMA-SIH-2026,IMAGE_SENSOR_DARK_CURRENT_TEST,T02_0227,PROC-ISRO-IISU-01,ATE-STATION-01,CHAMBER-01,1.0,60.0,3.3,168,dark_current_density,OPTICAL,nA/cm2,12.1275,18.0699,58.5085,184.9614,5.9424,17.28,4,40.95,7.66,0.0154,0.0454,62.37,62.93,12.1275,18.0699,58.5085,184.9614,5.9424,10.0,False,NOMINAL,HEALTHY,37.52,15.28
IMA_LOT02_COMP0228,LOT_02,IMAGE_SENSOR,LCC-20,IMA-SIH-2026,IMAGE_SENSOR_DARK_CURRENT_TEST,T02_0228,PROC-ISRO-IISU-01,ATE-STATION-01,CHAMBER-01,1.0,60.0,3.3,168,dark_current_density,OPTICAL,nA/cm2,12.3013,17.5013,44.4551,112.3707,5.2,15.68,3,40.38,5.37,0.0178,0.0138,65.14,61.15,12.3013,17.5013,44.4551,112.3707,5.2,10.0,False,NOMINAL,HEALTHY,30.74,-11.02
IMA_LOT02_COMP0229,LOT_02,IMAGE_SENSOR,LCC-20,IMA-SIH-2026,IMAGE_SENSOR_DARK_CURRENT_TEST,T02_0229,PROC-ISRO-IISU-01,ATE-STATION-01,CHAMBER-01,1.0,60.0,3.3,168,dark_current_density,OPTICAL,nA/cm2,12.641,15.9281,30.6751,61.0033,3.2871,12.08,4,43.07,8.71,0.0295,-0.0322,60.88,61.23,12.641,15.9281,30.6751,61.0033,3.2871,10.0,False,NOMINAL,HEALTHY,23.49,28.73
IMA_LOT02_COMP0230,LOT_02,IMAGE_SENSOR,LCC-20,IMA-SIH-2026,IMAGE_SENSOR_DARK_CURRENT_TEST,T02_0230,PROC-ISRO-IISU-01,ATE-STATION-01,CHAMBER-01,1.0,60.0,3.3,168,dark_current_density,OPTICAL,nA/cm2,13.0419,19.62,69.4896,242.0122,6.5781,12.59,3,44.5,5.5,0.009,0.0436,61.21,60.64,13.0419,19.62,69.4896,242.0122,6.5781,10.0,False,NOMINAL,HEALTHY,18.85,23.98
IMA_LOT02_COMP0231,LOT_02,IMAGE_SENSOR,LCC-20,IMA-SIH-2026,IMAGE_SENSOR_DARK_CURRENT_TEST,T02_0231,PROC-ISRO-IISU-01,ATE-STATION-01,CHAMBER-01,1.0,60.0,3.3,168,dark_current_density,OPTICAL,nA/cm2,13.5651,19.0737,58.4049,166.9206,5.5086,8.38,4,41.19,7.34,0.0017,-0.109,61.71,62.11,13.5651,19.0737,58.4049,166.9206,5.5086,10.0,False,NOMINAL,HEALTHY,-29.29,-5.21
IMA_LOT02_COMP0232,LOT_02,IMAGE_SENSOR,LCC-20,IMA-SIH-2026,IMAGE_SENSOR_DARK_CURRENT_TEST,T02_0232,PROC-ISRO-IISU-01,ATE-STATION-01,CHAMBER-01,1.0,60.0,3.3,168,dark_current_density,OPTICAL,nA/cm2,12.3798,18.3856,64.1306,206.768,6.0058,16.77,3,41.9,9.26,0.0088,0.0603,65.2,62.41,12.3798,18.3856,64.1306,206.768,6.0058,10.0,False,NOMINAL,HEALTHY,-43.81,-49.2
IMA_LOT02_COMP0233,LOT_02,IMAGE_SENSOR,LCC-20,IMA-SIH-2026,IMAGE_SENSOR_DARK_CURRENT_TEST,T02_0233,PROC-ISRO-IISU-01,ATE-STATION-01,CHAMBER-01,1.0,60.0,3.3,168,dark_current_density,OPTICAL,nA/cm2,12.1577,16.6653,39.5648,101.2443,4.5076,12.43,1,43.71,7.73,0.0069,0.0277,62.13,62.61,12.1577,16.6653,39.5648,101.2443,4.5076,10.0,False,NOMINAL,HEALTHY,-16.28,49.18
IMA_LOT02_COMP0234,LOT_02,IMAGE_SENSOR,LCC-20,IMA-SIH-2026,IMAGE_SENSOR_DARK_CURRENT_TEST,T02_0234,PROC-ISRO-IISU-01,ATE-STATION-01,CHAMBER-01,1.0,60.0,3.3,168,dark_current_density,OPTICAL,nA/cm2,11.6021,16.3346,45.9057,134.9323,4.7325,10.52,5,41.35,8.88,0.0506,-0.0256,59.01,61.41,11.6021,16.3346,45.9057,134.9323,4.7325,10.0,False,NOMINAL,HEALTHY,46.8,-49.51
IMA_LOT02_COMP0235,LOT_02,IMAGE_SENSOR,LCC-20,IMA-SIH-2026,IMAGE_SENSOR_DARK_CURRENT_TEST,T02_0235,PROC-ISRO-IISU-01,ATE-STATION-01,CHAMBER-01,1.0,60.0,3.3,168,dark_current_density,OPTICAL,nA/cm2,11.8826,18.0497,56.0653,178.8874,6.1671,6.33,9,42.12,7.38,-0.0022,-0.0386,62.08,61.57,11.8826,18.0497,56.0653,178.8874,6.1671,10.0,False,NOMINAL,HEALTHY,-11.61,-41.56
IMA_LOT02_COMP0236,LOT_02,IMAGE_SENSOR,LCC-20,IMA-SIH-2026,IMAGE_SENSOR_DARK_CURRENT_TEST,T02_0236,PROC-ISRO-IISU-01,ATE-STATION-01,CHAMBER-01,1.0,60.0,3.3,168,dark_current_density,OPTICAL,nA/cm2,11.9869,17.5658,53.8337,174.9862,5.5789,10.37,3,42.91,7.2,0.0273,0.0026,62.31,62.7,11.9869,17.5658,53.8337,174.9862,5.5789,10.0,False,NOMINAL,HEALTHY,-16.52,33.65
IMA_LOT02_COMP0237,LOT_02,IMAGE_SENSOR,LCC-20,IMA-SIH-2026,IMAGE_SENSOR_DARK_CURRENT_TEST,T02_0237,PROC-ISRO-IISU-01,ATE-STATION-01,CHAMBER-01,1.0,60.0,3.3,168,dark_current_density,OPTICAL,nA/cm2,12.9441,19.3956,70.1997,261.1507,6.4515,15.0,5,40.78,10.65,0.0427,-0.0012,64.81,62.08,12.9441,19.3956,70.1997,261.1507,6.4515,10.0,False,NOMINAL,HEALTHY,-42.14,46.9
IMA_LOT02_COMP0238,LOT_02,IMAGE_SENSOR,LCC-20,IMA-SIH-2026,IMAGE_SENSOR_DARK_CURRENT_TEST,T02_0238,PROC-ISRO-IISU-01,ATE-STATION-01,CHAMBER-01,1.0,60.0,3.3,168,dark_current_density,OPTICAL,nA/cm2,12.6471,17.5665,39.5769,92.3706,4.9194,12.9,3,42.38,5.71,-0.009,-0.0536,63.33,62.65,12.6471,17.5665,39.5769,92.3706,4.9194,10.0,False,NOMINAL,HEALTHY,34.11,25.37
IMA_LOT02_COMP0239,LOT_02,IMAGE_SENSOR,LCC-20,IMA-SIH-2026,IMAGE_SENSOR_DARK_CURRENT_TEST,T02_0239,PROC-ISRO-IISU-01,ATE-STATION-01,CHAMBER-01,1.0,60.0,3.3,168,dark_current_density,OPTICAL,nA/cm2,14.0052,17.6955,37.7067,83.2631,3.6903,9.18,4,42.7,5.6,-0.0241,0.0805,63.01,61.89,14.0052,17.6955,37.7067,83.2631,3.6903,10.0,False,NOMINAL,HEALTHY,-37.89,-35.29
IMA_LOT02_COMP0240,LOT_02,IMAGE_SENSOR,LCC-20,IMA-SIH-2026,IMAGE_SENSOR_DARK_CURRENT_TEST,T02_0240,PROC-ISRO-IISU-01,ATE-STATION-01,CHAMBER-01,1.0,60.0,3.3,168,dark_current_density,OPTICAL,nA/cm2,12.6635,17.9415,46.3905,116.0368,5.278,11.08,4,42.74,9.08,-0.0364,-0.0798,61.45,62.92,12.6635,17.9415,46.3905,116.0368,5.278,10.0,False,NOMINAL,HEALTHY,24.21,-24.97
IMA_LOT02_COMP0241,LOT_02,IMAGE_SENSOR,LCC-20,IMA-SIH-2026,IMAGE_SENSOR_DARK_CURRENT_TEST,T02_0241,PROC-ISRO-IISU-01,ATE-STATION-01,CHAMBER-01,1.0,60.0,3.3,168,dark_current_density,OPTICAL,nA/cm2,12.555,16.6202,142.727,1205.4723,4.0652,9.33,4,41.89,7.67,-0.0228,0.0469,61.1,62.27,12.555,16.6202,142.727,1205.4723,4.0652,10.0,True,THERMAL_RUNAWAY,HEALTHY,-30.5,-34.49
IMA_LOT02_COMP0242,LOT_02,IMAGE_SENSOR,LCC-20,IMA-SIH-2026,IMAGE_SENSOR_DARK_CURRENT_TEST,T02_0242,PROC-ISRO-IISU-01,ATE-STATION-01,CHAMBER-01,1.0,60.0,3.3,168,dark_current_density,OPTICAL,nA/cm2,13.4059,17.5353,42.1467,102.5444,4.1294,14.0,3,40.2,6.97,-0.0031,-0.0239,62.2,61.79,13.4059,17.5353,42.1467,102.5444,4.1294,10.0,False,NOMINAL,HEALTHY,-27.89,20.24
IMA_LOT02_COMP0243,LOT_02,IMAGE_SENSOR,LCC-20,IMA-SIH-2026,IMAGE_SENSOR_DARK_CURRENT_TEST,T02_0243,PROC-ISRO-IISU-01,ATE-STATION-01,CHAMBER-01,1.0,60.0,3.3,168,dark_current_density,OPTICAL,nA/cm2,12.3947,17.7245,61.0847,210.5941,5.3298,14.07,4,41.88,7.62,0.0013,0.082,63.15,62.12,12.3947,17.7245,61.0847,210.5941,5.3298,10.0,False,NOMINAL,HEALTHY,36.79,-2.96
IMA_LOT02_COMP0244,LOT_02,IMAGE_SENSOR,LCC-20,IMA-SIH-2026,IMAGE_SENSOR_DARK_CURRENT_TEST,T02_0244,PROC-ISRO-IISU-01,ATE-STATION-01,CHAMBER-01,1.0,60.0,3.3,168,dark_current_density,OPTICAL,nA/cm2,12.0883,17.6558,58.4315,199.4622,5.5675,15.26,4,40.79,8.42,-0.0012,-0.0165,59.52,61.9,12.0883,17.6558,58.4315,199.4622,5.5675,10.0,False,NOMINAL,HEALTHY,-39.58,31.06
IMA_LOT02_COMP0245,LOT_02,IMAGE_SENSOR,LCC-20,IMA-SIH-2026,IMAGE_SENSOR_DARK_CURRENT_TEST,T02_0245,PROC-ISRO-IISU-01,ATE-STATION-01,CHAMBER-01,1.0,60.0,3.3,168,dark_current_density,OPTICAL,nA/cm2,13.5884,17.4302,37.2516,80.8118,3.8418,11.8,4,43.29,9.97,0.0013,-0.0015,63.19,61.44,13.5884,17.4302,37.2516,80.8118,3.8418,10.0,False,NOMINAL,HEALTHY,-40.04,-45.09
IMA_LOT02_COMP0246,LOT_02,IMAGE_SENSOR,LCC-20,IMA-SIH-2026,IMAGE_SENSOR_DARK_CURRENT_TEST,T02_0246,PROC-ISRO-IISU-01,ATE-STATION-01,CHAMBER-01,1.0,60.0,3.3,168,dark_current_density,OPTICAL,nA/cm2,11.3668,17.1121,51.9889,167.8902,5.7453,14.99,5,41.41,7.17,-0.0283,0.0113,60.01,62.3,11.3668,17.1121,51.9889,167.8902,5.7453,10.0,False,NOMINAL,HEALTHY,-39.11,21.37
IMA_LOT02_COMP0247,LOT_02,IMAGE_SENSOR,LCC-20,IMA-SIH-2026,IMAGE_SENSOR_DARK_CURRENT_TEST,T02_0247,PROC-ISRO-IISU-01,ATE-STATION-01,CHAMBER-01,1.0,60.0,3.3,168,dark_current_density,OPTICAL,nA/cm2,12.6196,18.1632,60.7494,197.9086,5.5436,9.87,4,45.38,9.21,0.0053,-0.0404,64.06,61.34,12.6196,18.1632,60.7494,197.9086,5.5436,10.0,False,NOMINAL,HEALTHY,40.02,-49.26
IMA_LOT02_COMP0248,LOT_02,IMAGE_SENSOR,LCC-20,IMA-SIH-2026,IMAGE_SENSOR_DARK_CURRENT_TEST,T02_0248,PROC-ISRO-IISU-01,ATE-STATION-01,CHAMBER-01,1.0,60.0,3.3,168,dark_current_density,OPTICAL,nA/cm2,12.0733,15.0941,28.4985,54.7816,3.0208,8.25,3,42.54,8.35,-0.0268,-0.0511,61.19,60.9,12.0733,15.0941,28.4985,54.7816,3.0208,10.0,False,NOMINAL,HEALTHY,45.83,2.11
IMA_LOT02_COMP0249,LOT_02,IMAGE_SENSOR,LCC-20,IMA-SIH-2026,IMAGE_SENSOR_DARK_CURRENT_TEST,T02_0249,PROC-ISRO-IISU-01,ATE-STATION-01,CHAMBER-01,1.0,60.0,3.3,168,dark_current_density,OPTICAL,nA/cm2,13.2112,18.6207,51.3838,147.1659,5.4095,12.72,1,42.95,7.47,-0.0083,0.0158,62.1,62.14,13.2112,18.6207,51.3838,147.1659,5.4095,10.0,False,NOMINAL,HEALTHY,-18.78,18.83
IMA_LOT02_COMP0250,LOT_02,IMAGE_SENSOR,LCC-20,IMA-SIH-2026,IMAGE_SENSOR_DARK_CURRENT_TEST,T02_0250,PROC-ISRO-IISU-01,ATE-STATION-01,CHAMBER-01,1.0,60.0,3.3,168,dark_current_density,OPTICAL,nA/cm2,13.503,17.6248,39.1321,87.777,4.1218,5.88,7,37.2,7.88,0.0012,0.0241,62.79,61.49,13.503,17.6248,39.1321,87.777,4.1218,10.0,False,NOMINAL,HEALTHY,33.76,17.69
IMA_LOT02_COMP0251,LOT_02,IMAGE_SENSOR,LCC-20,IMA-SIH-2026,IMAGE_SENSOR_DARK_CURRENT_TEST,T02_0251,PROC-ISRO-IISU-01,ATE-STATION-01,CHAMBER-01,1.0,60.0,3.3,168,dark_current_density,OPTICAL,nA/cm2,12.4635,17.718,52.51,158.7668,5.2545,9.1,9,41.45,8.52,-0.0151,0.1034,61.65,62.02,12.4635,17.718,52.51,158.7668,5.2545,10.0,False,NOMINAL,HEALTHY,37.04,21.55
IMA_LOT02_COMP0252,LOT_02,IMAGE_SENSOR,LCC-20,IMA-SIH-2026,IMAGE_SENSOR_DARK_CURRENT_TEST,T02_0252,PROC-ISRO-IISU-01,ATE-STATION-01,CHAMBER-01,1.0,60.0,3.3,168,dark_current_density,OPTICAL,nA/cm2,12.2667,18.0087,54.5294,161.4396,5.742,5.4,1,39.29,8.8,0.016,0.0251,57.47,62.46,12.2667,18.0087,54.5294,161.4396,5.742,10.0,False,NOMINAL,HEALTHY,39.65,36.5
IMA_LOT02_COMP0253,LOT_02,IMAGE_SENSOR,LCC-20,IMA-SIH-2026,IMAGE_SENSOR_DARK_CURRENT_TEST,T02_0253,PROC-ISRO-IISU-01,ATE-STATION-01,CHAMBER-01,1.0,60.0,3.3,168,dark_current_density,OPTICAL,nA/cm2,13.4679,17.4178,33.3586,67.3543,3.9499,5.41,4,41.55,8.23,0.0126,0.0731,63.33,61.94,13.4679,17.4178,33.3586,67.3543,3.9499,10.0,False,NOMINAL,HEALTHY,14.65,-16.24
IMA_LOT02_COMP0254,LOT_02,IMAGE_SENSOR,LCC-20,IMA-SIH-2026,IMAGE_SENSOR_DARK_CURRENT_TEST,T02_0254,PROC-ISRO-IISU-01,ATE-STATION-01,CHAMBER-01,1.0,60.0,3.3,168,dark_current_density,OPTICAL,nA/cm2,12.5807,16.884,39.0401,92.5493,4.3033,17.07,4,39.84,7.57,0.005,0.0154,62.96,62.9,12.5807,16.884,39.0401,92.5493,4.3033,10.0,False,NOMINAL,HEALTHY,28.48,14.72
IMA_LOT02_COMP0255,LOT_02,IMAGE_SENSOR,LCC-20,IMA-SIH-2026,IMAGE_SENSOR_DARK_CURRENT_TEST,T02_0255,PROC-ISRO-IISU-01,ATE-STATION-01,CHAMBER-01,1.0,60.0,3.3,168,dark_current_density,OPTICAL,nA/cm2,13.5583,20.4403,68.5178,226.7935,6.882,6.56,3,42.21,9.81,0.045,-0.0128,62.54,61.81,13.5583,20.4403,68.5178,226.7935,6.882,10.0,False,NOMINAL,HEALTHY,-0.97,-8.44
IMA_LOT02_COMP0256,LOT_02,IMAGE_SENSOR,LCC-20,IMA-SIH-2026,IMAGE_SENSOR_DARK_CURRENT_TEST,T02_0256,PROC-ISRO-IISU-01,ATE-STATION-01,CHAMBER-01,1.0,60.0,3.3,168,dark_current_density,OPTICAL,nA/cm2,13.2309,16.8564,35.3992,80.3944,3.6255,11.42,6,41.47,5.71,0.0106,-0.0414,61.33,60.76,13.2309,16.8564,35.3992,80.3944,3.6255,10.0,False,NOMINAL,HEALTHY,-43.8,5.21
IMA_LOT02_COMP0257,LOT_02,IMAGE_SENSOR,LCC-20,IMA-SIH-2026,IMAGE_SENSOR_DARK_CURRENT_TEST,T02_0257,PROC-ISRO-IISU-01,ATE-STATION-01,CHAMBER-01,1.0,60.0,3.3,168,dark_current_density,OPTICAL,nA/cm2,12.6728,16.3272,34.5726,80.7177,3.6544,7.74,9,44.13,7.01,-0.0111,-0.0007,60.31,62.63,12.6728,16.3272,34.5726,80.7177,3.6544,10.0,False,NOMINAL,HEALTHY,29.28,35.59
IMA_LOT02_COMP0258,LOT_02,IMAGE_SENSOR,LCC-20,IMA-SIH-2026,IMAGE_SENSOR_DARK_CURRENT_TEST,T02_0258,PROC-ISRO-IISU-01,ATE-STATION-01,CHAMBER-01,1.0,60.0,3.3,168,dark_current_density,OPTICAL,nA/cm2,13.4594,18.4746,55.4561,156.5306,5.0152,10.83,7,38.74,6.62,0.0559,0.108,59.86,63.03,13.4594,18.4746,55.4561,156.5306,5.0152,10.0,False,NOMINAL,HEALTHY,22.82,28.5
IMA_LOT02_COMP0259,LOT_02,IMAGE_SENSOR,LCC-20,IMA-SIH-2026,IMAGE_SENSOR_DARK_CURRENT_TEST,T02_0259,PROC-ISRO-IISU-01,ATE-STATION-01,CHAMBER-01,1.0,60.0,3.3,168,dark_current_density,OPTICAL,nA/cm2,13.2305,19.8044,66.7916,214.1548,6.5739,12.18,8,40.27,8.27,-0.0269,0.0524,62.85,61.76,13.2305,19.8044,66.7916,214.1548,6.5739,10.0,False,NOMINAL,HEALTHY,2.64,6.73
IMA_LOT02_COMP0260,LOT_02,IMAGE_SENSOR,LCC-20,IMA-SIH-2026,IMAGE_SENSOR_DARK_CURRENT_TEST,T02_0260,PROC-ISRO-IISU-01,ATE-STATION-01,CHAMBER-01,1.0,60.0,3.3,168,dark_current_density,OPTICAL,nA/cm2,12.9077,18.2331,59.4198,181.0005,5.3254,12.19,6,45.13,7.9,-0.0107,-0.0478,59.9,62.63,12.9077,18.2331,59.4198,181.0005,5.3254,10.0,False,NOMINAL,HEALTHY,-45.71,-48.28
IMA_LOT02_COMP0261,LOT_02,IMAGE_SENSOR,LCC-20,IMA-SIH-2026,IMAGE_SENSOR_DARK_CURRENT_TEST,T02_0261,PROC-ISRO-IISU-01,ATE-STATION-01,CHAMBER-01,1.0,60.0,3.3,168,dark_current_density,OPTICAL,nA/cm2,11.9037,15.1648,31.3386,61.3548,3.2611,15.81,4,42.35,7.53,0.0119,0.1356,61.93,61.21,11.9037,15.1648,31.3386,61.3548,3.2611,10.0,False,NOMINAL,HEALTHY,38.1,-45.3
IMA_LOT02_COMP0262,LOT_02,IMAGE_SENSOR,LCC-20,IMA-SIH-2026,IMAGE_SENSOR_DARK_CURRENT_TEST,T02_0262,PROC-ISRO-IISU-01,ATE-STATION-01,CHAMBER-01,1.0,60.0,3.3,168,dark_current_density,OPTICAL,nA/cm2,12.5586,15.6413,30.0689,60.7849,3.0827,9.45,5,41.8,8.47,-0.0243,0.0888,63.08,61.97,12.5586,15.6413,30.0689,60.7849,3.0827,10.0,False,NOMINAL,HEALTHY,-22.45,-29.54
IMA_LOT02_COMP0263,LOT_02,IMAGE_SENSOR,LCC-20,IMA-SIH-2026,IMAGE_SENSOR_DARK_CURRENT_TEST,T02_0263,PROC-ISRO-IISU-01,ATE-STATION-01,CHAMBER-01,1.0,60.0,3.3,168,dark_current_density,OPTICAL,nA/cm2,11.7658,16.091,44.5484,111.8246,4.3252,13.7,5,45.02,7.67,0.0007,0.0204,61.09,61.84,11.7658,16.091,44.5484,111.8246,4.3252,10.0,False,NOMINAL,HEALTHY,-32.2,-34.29
IMA_LOT02_COMP0264,LOT_02,IMAGE_SENSOR,LCC-20,IMA-SIH-2026,IMAGE_SENSOR_DARK_CURRENT_TEST,T02_0264,PROC-ISRO-IISU-01,ATE-STATION-01,CHAMBER-01,1.0,60.0,3.3,168,dark_current_density,OPTICAL,nA/cm2,12.4853,17.5297,45.3663,123.1455,5.0444,13.86,7,44.23,8.07,0.0181,0.0612,61.92,62.07,12.4853,17.5297,45.3663,123.1455,5.0444,10.0,False,NOMINAL,HEALTHY,16.9,-10.86
IMA_LOT02_COMP0265,LOT_02,IMAGE_SENSOR,LCC-20,IMA-SIH-2026,IMAGE_SENSOR_DARK_CURRENT_TEST,T02_0265,PROC-ISRO-IISU-01,ATE-STATION-01,CHAMBER-01,1.0,60.0,3.3,168,dark_current_density,OPTICAL,nA/cm2,12.5096,16.0745,33.8899,71.6034,3.5649,11.21,4,45.43,10.61,-0.0225,-0.0511,60.87,61.44,12.5096,16.0745,33.8899,71.6034,3.5649,10.0,False,NOMINAL,HEALTHY,-38.08,-37.33
IMA_LOT02_COMP0266,LOT_02,IMAGE_SENSOR,LCC-20,IMA-SIH-2026,IMAGE_SENSOR_DARK_CURRENT_TEST,T02_0266,PROC-ISRO-IISU-01,ATE-STATION-01,CHAMBER-01,1.0,60.0,3.3,168,dark_current_density,OPTICAL,nA/cm2,12.7556,18.8203,60.0017,188.0612,6.0647,16.12,3,41.33,8.3,0.0108,0.0905,60.87,62.69,12.7556,18.8203,60.0017,188.0612,6.0647,10.0,False,NOMINAL,HEALTHY,8.4,-29.94
IMA_LOT02_COMP0267,LOT_02,IMAGE_SENSOR,LCC-20,IMA-SIH-2026,IMAGE_SENSOR_DARK_CURRENT_TEST,T02_0267,PROC-ISRO-IISU-01,ATE-STATION-01,CHAMBER-01,1.0,60.0,3.3,168,dark_current_density,OPTICAL,nA/cm2,13.1532,17.4381,46.0262,119.51,4.2849,8.18,8,46.68,6.97,-0.0114,-0.0206,60.12,61.2,13.1532,17.4381,46.0262,119.51,4.2849,10.0,False,NOMINAL,HEALTHY,-15.51,19.82
IMA_LOT02_COMP0268,LOT_02,IMAGE_SENSOR,LCC-20,IMA-SIH-2026,IMAGE_SENSOR_DARK_CURRENT_TEST,T02_0268,PROC-ISRO-IISU-01,ATE-STATION-01,CHAMBER-01,1.0,60.0,3.3,168,dark_current_density,OPTICAL,nA/cm2,11.9509,14.4031,93.3095,568.6657,2.4522,13.73,6,43.88,10.31,0.0132,0.0689,63.16,61.8,11.9509,14.4031,93.3095,568.6657,2.4522,10.0,True,THERMAL_RUNAWAY,HEALTHY,-10.88,13.49
IMA_LOT02_COMP0269,LOT_02,IMAGE_SENSOR,LCC-20,IMA-SIH-2026,IMAGE_SENSOR_DARK_CURRENT_TEST,T02_0269,PROC-ISRO-IISU-01,ATE-STATION-01,CHAMBER-01,1.0,60.0,3.3,168,dark_current_density,OPTICAL,nA/cm2,11.8312,16.9761,51.057,149.4867,5.1449,17.58,5,43.1,6.84,0.0123,0.0227,62.17,62.27,11.8312,16.9761,51.057,149.4867,5.1449,10.0,False,NOMINAL,HEALTHY,3.5,4.65
IMA_LOT02_COMP0270,LOT_02,IMAGE_SENSOR,LCC-20,IMA-SIH-2026,IMAGE_SENSOR_DARK_CURRENT_TEST,T02_0270,PROC-ISRO-IISU-01,ATE-STATION-01,CHAMBER-01,1.0,60.0,3.3,168,dark_current_density,OPTICAL,nA/cm2,11.9655,16.3826,44.4627,108.2468,4.4171,13.74,5,41.14,6.41,-0.0235,-0.0854,60.24,62.05,11.9655,16.3826,44.4627,108.2468,4.4171,10.0,False,NOMINAL,HEALTHY,19.34,-25.15
IMA_LOT02_COMP0271,LOT_02,IMAGE_SENSOR,LCC-20,IMA-SIH-2026,IMAGE_SENSOR_DARK_CURRENT_TEST,T02_0271,PROC-ISRO-IISU-01,ATE-STATION-01,CHAMBER-01,1.0,60.0,3.3,168,dark_current_density,OPTICAL,nA/cm2,11.57,15.0101,34.8252,78.4509,3.4401,10.41,7,40.23,8.24,0.029,0.143,60.79,61.35,11.57,15.0101,34.8252,78.4509,3.4401,10.0,False,NOMINAL,HEALTHY,4.29,37.5
IMA_LOT02_COMP0272,LOT_02,IMAGE_SENSOR,LCC-20,IMA-SIH-2026,IMAGE_SENSOR_DARK_CURRENT_TEST,T02_0272,PROC-ISRO-IISU-01,ATE-STATION-01,CHAMBER-01,1.0,60.0,3.3,168,dark_current_density,OPTICAL,nA/cm2,12.7922,19.5001,101.7766,623.4339,6.7079,9.2,11,43.49,11.23,-0.0282,-0.0554,62.13,61.5,12.7922,19.5001,101.7766,623.4339,6.7079,10.0,True,DARK_CURRENT_SPIKE_GROWTH,HEALTHY,-45.2,47.09
IMA_LOT02_COMP0273,LOT_02,IMAGE_SENSOR,LCC-20,IMA-SIH-2026,IMAGE_SENSOR_DARK_CURRENT_TEST,T02_0273,PROC-ISRO-IISU-01,ATE-STATION-01,CHAMBER-01,1.0,60.0,3.3,168,dark_current_density,OPTICAL,nA/cm2,12.3588,18.6854,69.415,246.4713,6.3266,11.93,7,39.9,5.7,0.0004,0.0171,62.29,61.9,12.3588,18.6854,69.415,246.4713,6.3266,10.0,False,NOMINAL,HEALTHY,-1.22,-4.6
IMA_LOT02_COMP0274,LOT_02,IMAGE_SENSOR,LCC-20,IMA-SIH-2026,IMAGE_SENSOR_DARK_CURRENT_TEST,T02_0274,PROC-ISRO-IISU-01,ATE-STATION-01,CHAMBER-01,1.0,60.0,3.3,168,dark_current_density,OPTICAL,nA/cm2,12.3723,19.0606,66.6186,227.1568,6.6883,14.52,4,39.77,10.45,0.0305,0.0233,60.0,62.33,12.3723,19.0606,66.6186,227.1568,6.6883,10.0,False,NOMINAL,HEALTHY,-38.59,14.13
IMA_LOT02_COMP0275,LOT_02,IMAGE_SENSOR,LCC-20,IMA-SIH-2026,IMAGE_SENSOR_DARK_CURRENT_TEST,T02_0275,PROC-ISRO-IISU-01,ATE-STATION-01,CHAMBER-01,1.0,60.0,3.3,168,dark_current_density,OPTICAL,nA/cm2,13.1033,18.7827,63.4353,204.3844,5.6794,8.04,6,45.89,10.4,-0.0182,0.0017,63.06,61.9,13.1033,18.7827,63.4353,204.3844,5.6794,10.0,False,NOMINAL,HEALTHY,-34.16,-19.86
IMA_LOT02_COMP0276,LOT_02,IMAGE_SENSOR,LCC-20,IMA-SIH-2026,IMAGE_SENSOR_DARK_CURRENT_TEST,T02_0276,PROC-ISRO-IISU-01,ATE-STATION-01,CHAMBER-01,1.0,60.0,3.3,168,dark_current_density,OPTICAL,nA/cm2,12.4486,16.9036,45.9469,124.797,4.455,10.94,5,42.69,8.87,0.0113,0.045,59.7,62.4,12.4486,16.9036,45.9469,124.797,4.455,10.0,False,NOMINAL,HEALTHY,-36.9,15.51
IMA_LOT02_COMP0277,LOT_02,IMAGE_SENSOR,LCC-20,IMA-SIH-2026,IMAGE_SENSOR_DARK_CURRENT_TEST,T02_0277,PROC-ISRO-IISU-01,ATE-STATION-01,CHAMBER-01,1.0,60.0,3.3,168,dark_current_density,OPTICAL,nA/cm2,12.6258,17.8485,75.7132,406.019,5.2227,10.87,5,39.59,8.23,-0.0195,0.0253,63.46,61.96,12.6258,17.8485,75.7132,406.019,5.2227,10.0,True,DARK_CURRENT_SPIKE_GROWTH,HEALTHY,-34.25,36.3
IMA_LOT02_COMP0278,LOT_02,IMAGE_SENSOR,LCC-20,IMA-SIH-2026,IMAGE_SENSOR_DARK_CURRENT_TEST,T02_0278,PROC-ISRO-IISU-01,ATE-STATION-01,CHAMBER-01,1.0,60.0,3.3,168,dark_current_density,OPTICAL,nA/cm2,12.4886,17.5449,51.9423,144.1768,5.0563,10.18,4,43.15,8.03,0.0219,-0.0126,61.23,62.43,12.4886,17.5449,51.9423,144.1768,5.0563,10.0,False,NOMINAL,HEALTHY,-23.84,-3.98
IMA_LOT02_COMP0279,LOT_02,IMAGE_SENSOR,LCC-20,IMA-SIH-2026,IMAGE_SENSOR_DARK_CURRENT_TEST,T02_0279,PROC-ISRO-IISU-01,ATE-STATION-01,CHAMBER-01,1.0,60.0,3.3,168,dark_current_density,OPTICAL,nA/cm2,12.0549,16.576,56.5917,227.3996,4.5211,13.53,10,42.93,10.39,-0.0009,0.0442,59.03,61.74,12.0549,16.576,56.5917,227.3996,4.5211,10.0,True,DARK_CURRENT_SPIKE_GROWTH,HEALTHY,-48.55,1.69
IMA_LOT02_COMP0280,LOT_02,IMAGE_SENSOR,LCC-20,IMA-SIH-2026,IMAGE_SENSOR_DARK_CURRENT_TEST,T02_0280,PROC-ISRO-IISU-01,ATE-STATION-01,CHAMBER-01,1.0,60.0,3.3,168,dark_current_density,OPTICAL,nA/cm2,12.2479,19.0474,63.0157,191.9359,6.7995,17.38,2,40.42,9.34,-0.0448,-0.1073,61.34,61.91,12.2479,19.0474,63.0157,191.9359,6.7995,10.0,False,NOMINAL,HEALTHY,-21.86,-35.22
IMA_LOT02_COMP0281,LOT_02,IMAGE_SENSOR,LCC-20,IMA-SIH-2026,IMAGE_SENSOR_DARK_CURRENT_TEST,T02_0281,PROC-ISRO-IISU-01,ATE-STATION-01,CHAMBER-01,1.0,60.0,3.3,168,dark_current_density,OPTICAL,nA/cm2,12.9949,16.1446,31.6945,63.706,3.1497,11.74,5,41.74,8.72,-0.0131,-0.0093,63.25,62.39,12.9949,16.1446,31.6945,63.706,3.1497,10.0,False,NOMINAL,HEALTHY,32.26,36.8
IMA_LOT02_COMP0282,LOT_02,IMAGE_SENSOR,LCC-20,IMA-SIH-2026,IMAGE_SENSOR_DARK_CURRENT_TEST,T02_0282,PROC-ISRO-IISU-01,ATE-STATION-01,CHAMBER-01,1.0,60.0,3.3,168,dark_current_density,OPTICAL,nA/cm2,12.759,17.7164,45.4009,119.4834,4.9574,11.71,5,43.43,7.6,0.0075,-0.0203,60.84,61.98,12.759,17.7164,45.4009,119.4834,4.9574,10.0,False,NOMINAL,HEALTHY,40.9,-27.72
IMA_LOT02_COMP0283,LOT_02,IMAGE_SENSOR,LCC-20,IMA-SIH-2026,IMAGE_SENSOR_DARK_CURRENT_TEST,T02_0283,PROC-ISRO-IISU-01,ATE-STATION-01,CHAMBER-01,1.0,60.0,3.3,168,dark_current_density,OPTICAL,nA/cm2,13.428,20.2205,69.7761,249.2193,6.7925,12.28,5,42.79,9.44,0.0187,0.0209,63.69,61.76,13.428,20.2205,69.7761,249.2193,6.7925,10.0,False,NOMINAL,HEALTHY,20.13,-30.62
IMA_LOT02_COMP0284,LOT_02,IMAGE_SENSOR,LCC-20,IMA-SIH-2026,IMAGE_SENSOR_DARK_CURRENT_TEST,T02_0284,PROC-ISRO-IISU-01,ATE-STATION-01,CHAMBER-01,1.0,60.0,3.3,168,dark_current_density,OPTICAL,nA/cm2,13.3732,17.1757,34.8287,75.2011,3.8025,11.38,3,40.02,7.16,0.0162,0.0738,61.13,61.36,13.3732,17.1757,34.8287,75.2011,3.8025,10.0,False,NOMINAL,HEALTHY,-19.79,12.29
IMA_LOT02_COMP0285,LOT_02,IMAGE_SENSOR,LCC-20,IMA-SIH-2026,IMAGE_SENSOR_DARK_CURRENT_TEST,T02_0285,PROC-ISRO-IISU-01,ATE-STATION-01,CHAMBER-01,1.0,60.0,3.3,168,dark_current_density,OPTICAL,nA/cm2,13.0564,18.8252,62.7993,219.6241,5.7688,12.27,3,40.59,11.87,-0.0379,-0.1123,61.27,62.46,13.0564,18.8252,62.7993,219.6241,5.7688,10.0,False,NOMINAL,HEALTHY,-22.89,-25.03
IMA_LOT02_COMP0286,LOT_02,IMAGE_SENSOR,LCC-20,IMA-SIH-2026,IMAGE_SENSOR_DARK_CURRENT_TEST,T02_0286,PROC-ISRO-IISU-01,ATE-STATION-01,CHAMBER-01,1.0,60.0,3.3,168,dark_current_density,OPTICAL,nA/cm2,12.9349,18.5234,65.1695,243.409,5.5885,12.67,2,41.17,10.99,0.0076,0.0245,61.87,61.66,12.9349,18.5234,65.1695,243.409,5.5885,10.0,False,NOMINAL,HEALTHY,1.45,35.86
IMA_LOT02_COMP0287,LOT_02,IMAGE_SENSOR,LCC-20,IMA-SIH-2026,IMAGE_SENSOR_DARK_CURRENT_TEST,T02_0287,PROC-ISRO-IISU-01,ATE-STATION-01,CHAMBER-01,1.0,60.0,3.3,168,dark_current_density,OPTICAL,nA/cm2,12.6497,15.9098,33.9547,68.9601,3.2601,16.66,3,41.31,8.69,-0.0146,0.0076,64.63,62.02,12.6497,15.9098,33.9547,68.9601,3.2601,10.0,False,NOMINAL,HEALTHY,40.1,-0.43
IMA_LOT02_COMP0288,LOT_02,IMAGE_SENSOR,LCC-20,IMA-SIH-2026,IMAGE_SENSOR_DARK_CURRENT_TEST,T02_0288,PROC-ISRO-IISU-01,ATE-STATION-01,CHAMBER-01,1.0,60.0,3.3,168,dark_current_density,OPTICAL,nA/cm2,12.8009,17.7128,46.7991,121.5212,4.9119,11.47,6,41.86,9.95,0.0075,-0.0282,63.47,61.99,12.8009,17.7128,46.7991,121.5212,4.9119,10.0,False,NOMINAL,HEALTHY,3.08,-19.75
IMA_LOT02_COMP0289,LOT_02,IMAGE_SENSOR,LCC-20,IMA-SIH-2026,IMAGE_SENSOR_DARK_CURRENT_TEST,T02_0289,PROC-ISRO-IISU-01,ATE-STATION-01,CHAMBER-01,1.0,60.0,3.3,168,dark_current_density,OPTICAL,nA/cm2,12.4842,16.5773,36.9706,78.4598,4.0931,10.37,3,41.0,6.25,-0.0145,0.0363,64.37,61.84,12.4842,16.5773,36.9706,78.4598,4.0931,10.0,False,NOMINAL,HEALTHY,-27.72,18.69
IMA_LOT02_COMP0290,LOT_02,IMAGE_SENSOR,LCC-20,IMA-SIH-2026,IMAGE_SENSOR_DARK_CURRENT_TEST,T02_0290,PROC-ISRO-IISU-01,ATE-STATION-01,CHAMBER-01,1.0,60.0,3.3,168,dark_current_density,OPTICAL,nA/cm2,13.4411,18.648,52.9916,144.3049,5.2069,12.53,4,43.43,7.13,-0.0106,-0.0633,62.89,62.23,13.4411,18.648,52.9916,144.3049,5.2069,10.0,False,NOMINAL,HEALTHY,-16.24,-44.87
IMA_LOT02_COMP0291,LOT_02,IMAGE_SENSOR,LCC-20,IMA-SIH-2026,IMAGE_SENSOR_DARK_CURRENT_TEST,T02_0291,PROC-ISRO-IISU-01,ATE-STATION-01,CHAMBER-01,1.0,60.0,3.3,168,dark_current_density,OPTICAL,nA/cm2,12.3943,19.3519,66.985,224.8242,6.9576,9.24,6,42.66,9.01,-0.0129,0.0265,63.75,62.01,12.3943,19.3519,66.985,224.8242,6.9576,10.0,False,NOMINAL,HEALTHY,40.3,-8.13
IMA_LOT02_COMP0292,LOT_02,IMAGE_SENSOR,LCC-20,IMA-SIH-2026,IMAGE_SENSOR_DARK_CURRENT_TEST,T02_0292,PROC-ISRO-IISU-01,ATE-STATION-01,CHAMBER-01,1.0,60.0,3.3,168,dark_current_density,OPTICAL,nA/cm2,12.2719,15.5738,35.084,79.5329,3.3019,11.27,10,42.25,7.68,0.0048,-0.0361,62.77,62.19,12.2719,15.5738,35.084,79.5329,3.3019,10.0,False,NOMINAL,HEALTHY,29.16,30.05
IMA_LOT02_COMP0293,LOT_02,IMAGE_SENSOR,LCC-20,IMA-SIH-2026,IMAGE_SENSOR_DARK_CURRENT_TEST,T02_0293,PROC-ISRO-IISU-01,ATE-STATION-01,CHAMBER-01,1.0,60.0,3.3,168,dark_current_density,OPTICAL,nA/cm2,12.314,16.1824,36.6476,78.8034,3.8684,15.59,3,36.35,7.56,0.0117,0.0103,62.91,62.24,12.314,16.1824,36.6476,78.8034,3.8684,10.0,False,NOMINAL,HEALTHY,-1.31,-25.94
IMA_LOT02_COMP0294,LOT_02,IMAGE_SENSOR,LCC-20,IMA-SIH-2026,IMAGE_SENSOR_DARK_CURRENT_TEST,T02_0294,PROC-ISRO-IISU-01,ATE-STATION-01,CHAMBER-01,1.0,60.0,3.3,168,dark_current_density,OPTICAL,nA/cm2,12.7896,17.0354,41.081,92.0072,4.2458,8.44,8,40.86,8.2,-0.004,-0.0577,61.3,62.49,12.7896,17.0354,41.081,92.0072,4.2458,10.0,False,NOMINAL,HEALTHY,43.96,-30.37
IMA_LOT02_COMP0295,LOT_02,IMAGE_SENSOR,LCC-20,IMA-SIH-2026,IMAGE_SENSOR_DARK_CURRENT_TEST,T02_0295,PROC-ISRO-IISU-01,ATE-STATION-01,CHAMBER-01,1.0,60.0,3.3,168,dark_current_density,OPTICAL,nA/cm2,12.8852,16.5646,40.1543,93.1199,3.6794,15.38,8,43.1,8.2,-0.0178,0.0131,62.82,61.84,12.8852,16.5646,40.1543,93.1199,3.6794,10.0,False,NOMINAL,HEALTHY,-8.33,-39.39
IMA_LOT02_COMP0296,LOT_02,IMAGE_SENSOR,LCC-20,IMA-SIH-2026,IMAGE_SENSOR_DARK_CURRENT_TEST,T02_0296,PROC-ISRO-IISU-01,ATE-STATION-01,CHAMBER-01,1.0,60.0,3.3,168,dark_current_density,OPTICAL,nA/cm2,13.2613,16.4665,35.863,75.7863,3.2052,11.54,9,42.67,8.8,0.0189,0.1317,61.4,61.52,13.2613,16.4665,35.863,75.7863,3.2052,10.0,False,NOMINAL,HEALTHY,-11.87,-34.63
IMA_LOT02_COMP0297,LOT_02,IMAGE_SENSOR,LCC-20,IMA-SIH-2026,IMAGE_SENSOR_DARK_CURRENT_TEST,T02_0297,PROC-ISRO-IISU-01,ATE-STATION-01,CHAMBER-01,1.0,60.0,3.3,168,dark_current_density,OPTICAL,nA/cm2,12.4696,16.8622,42.7324,104.6127,4.3926,13.65,6,40.75,9.46,0.0005,-0.013,59.94,61.65,12.4696,16.8622,42.7324,104.6127,4.3926,10.0,False,NOMINAL,HEALTHY,-22.47,-34.22
IMA_LOT02_COMP0298,LOT_02,IMAGE_SENSOR,LCC-20,IMA-SIH-2026,IMAGE_SENSOR_DARK_CURRENT_TEST,T02_0298,PROC-ISRO-IISU-01,ATE-STATION-01,CHAMBER-01,1.0,60.0,3.3,168,dark_current_density,OPTICAL,nA/cm2,13.1815,20.6325,65.0613,203.038,7.451,14.68,5,40.84,9.98,0.0419,0.0182,61.37,62.63,13.1815,20.6325,65.0613,203.038,7.451,10.0,False,NOMINAL,HEALTHY,-8.83,-40.65
IMA_LOT02_COMP0299,LOT_02,IMAGE_SENSOR,LCC-20,IMA-SIH-2026,IMAGE_SENSOR_DARK_CURRENT_TEST,T02_0299,PROC-ISRO-IISU-01,ATE-STATION-01,CHAMBER-01,1.0,60.0,3.3,168,dark_current_density,OPTICAL,nA/cm2,12.6351,16.8317,32.1152,61.1376,4.1966,16.16,3,39.69,8.69,0.0492,0.0002,62.07,62.48,12.6351,16.8317,32.1152,61.1376,4.1966,10.0,False,NOMINAL,HEALTHY,-31.67,13.93
IMA_LOT02_COMP0300,LOT_02,IMAGE_SENSOR,LCC-20,IMA-SIH-2026,IMAGE_SENSOR_DARK_CURRENT_TEST,T02_0300,PROC-ISRO-IISU-01,ATE-STATION-01,CHAMBER-01,1.0,60.0,3.3,168,dark_current_density,OPTICAL,nA/cm2,12.3542,16.2359,33.7865,70.8776,3.8817,10.39,2,41.9,7.71,0.0068,-0.02,64.12,62.06,12.3542,16.2359,33.7865,70.8776,3.8817,10.0,False,NOMINAL,HEALTHY,27.23,-46.6
IMA_LOT02_COMP0301,LOT_02,IMAGE_SENSOR,LCC-20,IMA-SIH-2026,IMAGE_SENSOR_DARK_CURRENT_TEST,T02_0301,PROC-ISRO-IISU-01,ATE-STATION-01,CHAMBER-01,1.0,60.0,3.3,168,dark_current_density,OPTICAL,nA/cm2,13.4295,17.5673,37.9063,84.3273,4.1378,14.81,6,39.64,6.94,0.0334,0.0251,59.46,61.55,13.4295,17.5673,37.9063,84.3273,4.1378,10.0,False,NOMINAL,HEALTHY,36.79,12.13
IMA_LOT02_COMP0302,LOT_02,IMAGE_SENSOR,LCC-20,IMA-SIH-2026,IMAGE_SENSOR_DARK_CURRENT_TEST,T02_0302,PROC-ISRO-IISU-01,ATE-STATION-01,CHAMBER-01,1.0,60.0,3.3,168,dark_current_density,OPTICAL,nA/cm2,12.4874,16.5149,36.4992,83.2138,4.0275,9.22,6,42.39,10.43,-0.0259,0.0012,63.08,61.95,12.4874,16.5149,36.4992,83.2138,4.0275,10.0,False,NOMINAL,HEALTHY,-24.15,8.92
IMA_LOT02_COMP0303,LOT_02,IMAGE_SENSOR,LCC-20,IMA-SIH-2026,IMAGE_SENSOR_DARK_CURRENT_TEST,T02_0303,PROC-ISRO-IISU-01,ATE-STATION-01,CHAMBER-01,1.0,60.0,3.3,168,dark_current_density,OPTICAL,nA/cm2,12.6978,19.1009,65.185,216.6343,6.4031,10.43,7,43.76,5.82,-0.0098,-0.1585,62.96,62.03,12.6978,19.1009,65.185,216.6343,6.4031,10.0,False,NOMINAL,HEALTHY,8.2,-48.07
IMA_LOT02_COMP0304,LOT_02,IMAGE_SENSOR,LCC-20,IMA-SIH-2026,IMAGE_SENSOR_DARK_CURRENT_TEST,T02_0304,PROC-ISRO-IISU-01,ATE-STATION-01,CHAMBER-01,1.0,60.0,3.3,168,dark_current_density,OPTICAL,nA/cm2,12.619,15.5279,32.9545,68.0211,2.9089,1.94,7,41.01,6.64,0.0037,-0.0061,62.25,61.18,12.619,15.5279,32.9545,68.0211,2.9089,10.0,False,NOMINAL,HEALTHY,5.89,18.34
IMA_LOT02_COMP0305,LOT_02,IMAGE_SENSOR,LCC-20,IMA-SIH-2026,IMAGE_SENSOR_DARK_CURRENT_TEST,T02_0305,PROC-ISRO-IISU-01,ATE-STATION-01,CHAMBER-01,1.0,60.0,3.3,168,dark_current_density,OPTICAL,nA/cm2,12.3697,16.4281,40.6287,95.2153,4.0584,10.53,10,42.85,9.94,-0.0077,-0.0164,63.48,61.64,12.3697,16.4281,40.6287,95.2153,4.0584,10.0,False,NOMINAL,HEALTHY,-32.06,48.13
IMA_LOT02_COMP0306,LOT_02,IMAGE_SENSOR,LCC-20,IMA-SIH-2026,IMAGE_SENSOR_DARK_CURRENT_TEST,T02_0306,PROC-ISRO-IISU-01,ATE-STATION-01,CHAMBER-01,1.0,60.0,3.3,168,dark_current_density,OPTICAL,nA/cm2,12.4837,17.1858,43.0837,108.0023,4.7021,12.18,4,43.76,7.81,0.0045,-0.0449,61.52,62.18,12.4837,17.1858,43.0837,108.0023,4.7021,10.0,False,NOMINAL,HEALTHY,2.63,47.58
IMA_LOT02_COMP0307,LOT_02,IMAGE_SENSOR,LCC-20,IMA-SIH-2026,IMAGE_SENSOR_DARK_CURRENT_TEST,T02_0307,PROC-ISRO-IISU-01,ATE-STATION-01,CHAMBER-01,1.0,60.0,3.3,168,dark_current_density,OPTICAL,nA/cm2,12.3092,15.6824,31.2269,63.0844,3.3732,9.45,7,39.8,7.32,0.0254,0.0733,63.35,62.52,12.3092,15.6824,31.2269,63.0844,3.3732,10.0,False,NOMINAL,HEALTHY,22.59,42.95
IMA_LOT02_COMP0308,LOT_02,IMAGE_SENSOR,LCC-20,IMA-SIH-2026,IMAGE_SENSOR_DARK_CURRENT_TEST,T02_0308,PROC-ISRO-IISU-01,ATE-STATION-01,CHAMBER-01,1.0,60.0,3.3,168,dark_current_density,OPTICAL,nA/cm2,11.9242,19.0904,64.9889,230.794,7.1662,9.26,10,39.35,6.72,0.0115,0.0473,61.41,62.64,11.9242,19.0904,64.9889,230.794,7.1662,10.0,False,NOMINAL,HEALTHY,-27.51,21.18
IMA_LOT02_COMP0309,LOT_02,IMAGE_SENSOR,LCC-20,IMA-SIH-2026,IMAGE_SENSOR_DARK_CURRENT_TEST,T02_0309,PROC-ISRO-IISU-01,ATE-STATION-01,CHAMBER-01,1.0,60.0,3.3,168,dark_current_density,OPTICAL,nA/cm2,13.2133,19.6995,61.3315,199.1544,6.4862,16.64,6,41.42,8.34,0.0053,0.0279,61.88,62.39,13.2133,19.6995,61.3315,199.1544,6.4862,10.0,False,NOMINAL,HEALTHY,1.08,49.69
IMA_LOT02_COMP0310,LOT_02,IMAGE_SENSOR,LCC-20,IMA-SIH-2026,IMAGE_SENSOR_DARK_CURRENT_TEST,T02_0310,PROC-ISRO-IISU-01,ATE-STATION-01,CHAMBER-01,1.0,60.0,3.3,168,dark_current_density,OPTICAL,nA/cm2,13.5345,17.3403,41.8732,95.8691,3.8058,7.44,5,42.49,6.35,0.0076,-0.0985,60.01,62.16,13.5345,17.3403,41.8732,95.8691,3.8058,10.0,False,NOMINAL,HEALTHY,2.57,15.17
IMA_LOT02_COMP0311,LOT_02,IMAGE_SENSOR,LCC-20,IMA-SIH-2026,IMAGE_SENSOR_DARK_CURRENT_TEST,T02_0311,PROC-ISRO-IISU-01,ATE-STATION-01,CHAMBER-01,1.0,60.0,3.3,168,dark_current_density,OPTICAL,nA/cm2,13.2378,16.8498,35.096,69.519,3.612,10.69,5,40.7,8.46,0.0068,0.0814,61.46,61.9,13.2378,16.8498,35.096,69.519,3.612,10.0,False,NOMINAL,HEALTHY,37.36,46.78
IMA_LOT02_COMP0312,LOT_02,IMAGE_SENSOR,LCC-20,IMA-SIH-2026,IMAGE_SENSOR_DARK_CURRENT_TEST,T02_0312,PROC-ISRO-IISU-01,ATE-STATION-01,CHAMBER-01,1.0,60.0,3.3,168,dark_current_density,OPTICAL,nA/cm2,12.967,16.2809,31.9881,63.7981,3.3139,12.96,3,42.14,7.35,0.0282,0.0325,62.1,61.94,12.967,16.2809,31.9881,63.7981,3.3139,10.0,False,NOMINAL,HEALTHY,11.4,-1.26
IMA_LOT02_COMP0313,LOT_02,IMAGE_SENSOR,LCC-20,IMA-SIH-2026,IMAGE_SENSOR_DARK_CURRENT_TEST,T02_0313,PROC-ISRO-IISU-01,ATE-STATION-01,CHAMBER-01,1.0,60.0,3.3,168,dark_current_density,OPTICAL,nA/cm2,12.7741,17.6575,50.1887,144.1277,4.8834,14.61,5,47.25,9.64,-0.0154,-0.086,62.56,62.94,12.7741,17.6575,50.1887,144.1277,4.8834,10.0,False,NOMINAL,HEALTHY,-17.83,44.4
IMA_LOT02_COMP0314,LOT_02,IMAGE_SENSOR,LCC-20,IMA-SIH-2026,IMAGE_SENSOR_DARK_CURRENT_TEST,T02_0314,PROC-ISRO-IISU-01,ATE-STATION-01,CHAMBER-01,1.0,60.0,3.3,168,dark_current_density,OPTICAL,nA/cm2,13.3841,16.8146,32.5547,62.119,3.4305,13.1,4,40.51,6.92,0.0068,-0.0402,59.63,61.19,13.3841,16.8146,32.5547,62.119,3.4305,10.0,False,NOMINAL,HEALTHY,-8.51,8.85
IMA_LOT02_COMP0315,LOT_02,IMAGE_SENSOR,LCC-20,IMA-SIH-2026,IMAGE_SENSOR_DARK_CURRENT_TEST,T02_0315,PROC-ISRO-IISU-01,ATE-STATION-01,CHAMBER-01,1.0,60.0,3.3,168,dark_current_density,OPTICAL,nA/cm2,12.6345,18.4081,49.6353,139.1783,5.7736,13.47,5,42.48,7.9,0.0139,-0.0099,62.17,61.78,12.6345,18.4081,49.6353,139.1783,5.7736,10.0,False,NOMINAL,HEALTHY,33.01,-43.91
IMA_LOT02_COMP0316,LOT_02,IMAGE_SENSOR,LCC-20,IMA-SIH-2026,IMAGE_SENSOR_DARK_CURRENT_TEST,T02_0316,PROC-ISRO-IISU-01,ATE-STATION-01,CHAMBER-01,1.0,60.0,3.3,168,dark_current_density,OPTICAL,nA/cm2,11.9681,15.9723,32.7457,67.5028,4.0042,11.01,4,40.61,7.29,-0.0178,-0.0797,59.91,61.58,11.9681,15.9723,32.7457,67.5028,4.0042,10.0,False,NOMINAL,HEALTHY,-14.53,-24.77
IMA_LOT02_COMP0317,LOT_02,IMAGE_SENSOR,LCC-20,IMA-SIH-2026,IMAGE_SENSOR_DARK_CURRENT_TEST,T02_0317,PROC-ISRO-IISU-01,ATE-STATION-01,CHAMBER-01,1.0,60.0,3.3,168,dark_current_density,OPTICAL,nA/cm2,12.4173,18.6762,56.6009,177.0812,6.2589,10.96,5,42.74,5.94,-0.0289,-0.0643,63.72,61.47,12.4173,18.6762,56.6009,177.0812,6.2589,10.0,False,NOMINAL,HEALTHY,-1.5,-19.22
IMA_LOT02_COMP0318,LOT_02,IMAGE_SENSOR,LCC-20,IMA-SIH-2026,IMAGE_SENSOR_DARK_CURRENT_TEST,T02_0318,PROC-ISRO-IISU-01,ATE-STATION-01,CHAMBER-01,1.0,60.0,3.3,168,dark_current_density,OPTICAL,nA/cm2,12.3941,18.7052,59.4264,197.1407,6.3111,7.53,4,42.61,10.02,0.0062,-0.0269,61.48,62.28,12.3941,18.7052,59.4264,197.1407,6.3111,10.0,False,NOMINAL,HEALTHY,-5.99,-7.75
IMA_LOT02_COMP0319,LOT_02,IMAGE_SENSOR,LCC-20,IMA-SIH-2026,IMAGE_SENSOR_DARK_CURRENT_TEST,T02_0319,PROC-ISRO-IISU-01,ATE-STATION-01,CHAMBER-01,1.0,60.0,3.3,168,dark_current_density,OPTICAL,nA/cm2,11.6366,15.6845,37.6015,91.2896,4.0479,7.78,6,42.64,6.03,0.0247,0.0839,62.43,61.74,11.6366,15.6845,37.6015,91.2896,4.0479,10.0,False,NOMINAL,HEALTHY,2.07,-39.55
IMA_LOT02_COMP0320,LOT_02,IMAGE_SENSOR,LCC-20,IMA-SIH-2026,IMAGE_SENSOR_DARK_CURRENT_TEST,T02_0320,PROC-ISRO-IISU-01,ATE-STATION-01,CHAMBER-01,1.0,60.0,3.3,168,dark_current_density,OPTICAL,nA/cm2,12.688,17.21,40.2995,89.6309,4.522,9.42,6,41.07,5.08,0.0351,-0.0241,59.91,61.68,12.688,17.21,40.2995,89.6309,4.522,10.0,False,NOMINAL,HEALTHY,33.39,-12.32
IMA_LOT02_COMP0321,LOT_02,IMAGE_SENSOR,LCC-20,IMA-SIH-2026,IMAGE_SENSOR_DARK_CURRENT_TEST,T02_0321,PROC-ISRO-IISU-01,ATE-STATION-01,CHAMBER-01,1.0,60.0,3.3,168,dark_current_density,OPTICAL,nA/cm2,12.9976,16.9246,33.8795,66.8515,3.927,11.21,10,40.79,9.17,0.0095,0.0536,64.11,62.41,12.9976,16.9246,33.8795,66.8515,3.927,10.0,False,NOMINAL,HEALTHY,-2.42,-34.89
IMA_LOT02_COMP0322,LOT_02,IMAGE_SENSOR,LCC-20,IMA-SIH-2026,IMAGE_SENSOR_DARK_CURRENT_TEST,T02_0322,PROC-ISRO-IISU-01,ATE-STATION-01,CHAMBER-01,1.0,60.0,3.3,168,dark_current_density,OPTICAL,nA/cm2,12.1892,17.5274,52.7142,153.7229,5.3382,12.14,7,40.15,8.33,-0.0099,0.0441,62.55,61.8,12.1892,17.5274,52.7142,153.7229,5.3382,10.0,False,NOMINAL,HEALTHY,48.86,-38.83
IMA_LOT02_COMP0323,LOT_02,IMAGE_SENSOR,LCC-20,IMA-SIH-2026,IMAGE_SENSOR_DARK_CURRENT_TEST,T02_0323,PROC-ISRO-IISU-01,ATE-STATION-01,CHAMBER-01,1.0,60.0,3.3,168,dark_current_density,OPTICAL,nA/cm2,13.0972,17.1709,43.304,110.2512,4.0737,10.62,1,41.1,5.21,0.0106,0.0144,61.97,61.08,13.0972,17.1709,43.304,110.2512,4.0737,10.0,False,NOMINAL,HEALTHY,-4.7,42.38
IMA_LOT02_COMP0324,LOT_02,IMAGE_SENSOR,LCC-20,IMA-SIH-2026,IMAGE_SENSOR_DARK_CURRENT_TEST,T02_0324,PROC-ISRO-IISU-01,ATE-STATION-01,CHAMBER-01,1.0,60.0,3.3,168,dark_current_density,OPTICAL,nA/cm2,12.5074,17.9175,54.4508,148.1066,5.4101,7.11,6,41.07,6.69,-0.0305,-0.1173,62.54,62.25,12.5074,17.9175,54.4508,148.1066,5.4101,10.0,False,NOMINAL,HEALTHY,-28.09,-13.26
IMA_LOT02_COMP0325,LOT_02,IMAGE_SENSOR,LCC-20,IMA-SIH-2026,IMAGE_SENSOR_DARK_CURRENT_TEST,T02_0325,PROC-ISRO-IISU-01,ATE-STATION-01,CHAMBER-01,1.0,60.0,3.3,168,dark_current_density,OPTICAL,nA/cm2,11.9748,18.9136,63.206,227.2983,6.9388,6.81,4,43.76,7.12,0.0407,-0.0155,60.27,61.82,11.9748,18.9136,63.206,227.2983,6.9388,10.0,False,NOMINAL,HEALTHY,-5.64,47.63
IMA_LOT02_COMP0326,LOT_02,IMAGE_SENSOR,LCC-20,IMA-SIH-2026,IMAGE_SENSOR_DARK_CURRENT_TEST,T02_0326,PROC-ISRO-IISU-01,ATE-STATION-01,CHAMBER-01,1.0,60.0,3.3,168,dark_current_density,OPTICAL,nA/cm2,12.7351,16.5767,39.833,95.9361,3.8416,13.34,5,45.62,7.49,0.0163,0.0429,64.17,61.82,12.7351,16.5767,39.833,95.9361,3.8416,10.0,False,NOMINAL,HEALTHY,2.3,-29.41
IMA_LOT02_COMP0327,LOT_02,IMAGE_SENSOR,LCC-20,IMA-SIH-2026,IMAGE_SENSOR_DARK_CURRENT_TEST,T02_0327,PROC-ISRO-IISU-01,ATE-STATION-01,CHAMBER-01,1.0,60.0,3.3,168,dark_current_density,OPTICAL,nA/cm2,12.1327,19.2422,66.9402,240.3606,7.1095,14.13,4,41.82,7.0,-0.0176,-0.042,62.79,61.92,12.1327,19.2422,66.9402,240.3606,7.1095,10.0,False,NOMINAL,HEALTHY,-23.62,-44.53
IMA_LOT02_COMP0328,LOT_02,IMAGE_SENSOR,LCC-20,IMA-SIH-2026,IMAGE_SENSOR_DARK_CURRENT_TEST,T02_0328,PROC-ISRO-IISU-01,ATE-STATION-01,CHAMBER-01,1.0,60.0,3.3,168,dark_current_density,OPTICAL,nA/cm2,12.7132,18.7853,57.6672,179.2168,6.0721,12.45,1,39.21,6.85,0.0217,-0.0166,60.55,62.13,12.7132,18.7853,57.6672,179.2168,6.0721,10.0,False,NOMINAL,HEALTHY,4.05,41.05
IMA_LOT02_COMP0329,LOT_02,IMAGE_SENSOR,LCC-20,IMA-SIH-2026,IMAGE_SENSOR_DARK_CURRENT_TEST,T02_0329,PROC-ISRO-IISU-01,ATE-STATION-01,CHAMBER-01,1.0,60.0,3.3,168,dark_current_density,OPTICAL,nA/cm2,12.4069,16.6767,47.6137,141.602,4.2698,11.21,2,41.52,8.19,-0.0232,-0.0577,62.08,61.0,12.4069,16.6767,47.6137,141.602,4.2698,10.0,False,NOMINAL,HEALTHY,-44.76,-2.61
IMA_LOT02_COMP0330,LOT_02,IMAGE_SENSOR,LCC-20,IMA-SIH-2026,IMAGE_SENSOR_DARK_CURRENT_TEST,T02_0330,PROC-ISRO-IISU-01,ATE-STATION-01,CHAMBER-01,1.0,60.0,3.3,168,dark_current_density,OPTICAL,nA/cm2,12.367,18.5363,50.7845,149.2875,6.1693,9.86,1,40.14,9.28,0.0201,0.0515,61.84,62.75,12.367,18.5363,50.7845,149.2875,6.1693,10.0,False,NOMINAL,HEALTHY,42.0,-11.2
IMA_LOT02_COMP0331,LOT_02,IMAGE_SENSOR,LCC-20,IMA-SIH-2026,IMAGE_SENSOR_DARK_CURRENT_TEST,T02_0331,PROC-ISRO-IISU-01,ATE-STATION-01,CHAMBER-01,1.0,60.0,3.3,168,dark_current_density,OPTICAL,nA/cm2,12.2541,18.6259,61.356,207.2672,6.3718,11.57,3,40.71,7.02,0.0078,0.0177,62.24,62.49,12.2541,18.6259,61.356,207.2672,6.3718,10.0,False,NOMINAL,HEALTHY,-7.67,38.23
IMA_LOT02_COMP0332,LOT_02,IMAGE_SENSOR,LCC-20,IMA-SIH-2026,IMAGE_SENSOR_DARK_CURRENT_TEST,T02_0332,PROC-ISRO-IISU-01,ATE-STATION-01,CHAMBER-01,1.0,60.0,3.3,168,dark_current_density,OPTICAL,nA/cm2,13.1274,16.3685,34.6908,73.2984,3.2411,9.48,1,41.22,6.12,0.0084,-0.0243,61.96,62.04,13.1274,16.3685,34.6908,73.2984,3.2411,10.0,False,NOMINAL,HEALTHY,31.91,17.71
IMA_LOT02_COMP0333,LOT_02,IMAGE_SENSOR,LCC-20,IMA-SIH-2026,IMAGE_SENSOR_DARK_CURRENT_TEST,T02_0333,PROC-ISRO-IISU-01,ATE-STATION-01,CHAMBER-01,1.0,60.0,3.3,168,dark_current_density,OPTICAL,nA/cm2,13.5651,17.72,35.8262,73.4146,4.1549,6.89,9,44.86,8.1,0.0033,0.0102,65.32,61.76,13.5651,17.72,35.8262,73.4146,4.1549,10.0,False,NOMINAL,HEALTHY,45.1,-25.82
IMA_LOT02_COMP0334,LOT_02,IMAGE_SENSOR,LCC-20,IMA-SIH-2026,IMAGE_SENSOR_DARK_CURRENT_TEST,T02_0334,PROC-ISRO-IISU-01,ATE-STATION-01,CHAMBER-01,1.0,60.0,3.3,168,dark_current_density,OPTICAL,nA/cm2,12.7603,17.7886,45.2592,113.8617,5.0283,11.97,6,42.84,6.45,0.0006,-0.0848,63.2,62.36,12.7603,17.7886,45.2592,113.8617,5.0283,10.0,False,NOMINAL,HEALTHY,-37.06,-5.04
IMA_LOT02_COMP0335,LOT_02,IMAGE_SENSOR,LCC-20,IMA-SIH-2026,IMAGE_SENSOR_DARK_CURRENT_TEST,T02_0335,PROC-ISRO-IISU-01,ATE-STATION-01,CHAMBER-01,1.0,60.0,3.3,168,dark_current_density,OPTICAL,nA/cm2,12.9631,18.0188,47.3215,120.4922,5.0557,9.77,4,43.73,7.45,-0.0142,-0.0178,61.04,62.73,12.9631,18.0188,47.3215,120.4922,5.0557,10.0,False,NOMINAL,HEALTHY,-0.67,-33.72
IMA_LOT02_COMP0336,LOT_02,IMAGE_SENSOR,LCC-20,IMA-SIH-2026,IMAGE_SENSOR_DARK_CURRENT_TEST,T02_0336,PROC-ISRO-IISU-01,ATE-STATION-01,CHAMBER-01,1.0,60.0,3.3,168,dark_current_density,OPTICAL,nA/cm2,11.9662,16.7822,38.528,88.8225,4.816,10.01,9,41.57,8.56,-0.0195,0.019,61.82,61.62,11.9662,16.7822,38.528,88.8225,4.816,10.0,False,NOMINAL,HEALTHY,23.22,34.88
IMA_LOT02_COMP0337,LOT_02,IMAGE_SENSOR,LCC-20,IMA-SIH-2026,IMAGE_SENSOR_DARK_CURRENT_TEST,T02_0337,PROC-ISRO-IISU-01,ATE-STATION-01,CHAMBER-01,1.0,60.0,3.3,168,dark_current_density,OPTICAL,nA/cm2,12.9836,19.2078,57.1218,175.2212,6.2242,11.99,5,43.75,9.35,0.0011,0.0148,60.22,61.92,12.9836,19.2078,57.1218,175.2212,6.2242,10.0,False,NOMINAL,HEALTHY,-33.45,-37.79
IMA_LOT02_COMP0338,LOT_02,IMAGE_SENSOR,LCC-20,IMA-SIH-2026,IMAGE_SENSOR_DARK_CURRENT_TEST,T02_0338,PROC-ISRO-IISU-01,ATE-STATION-01,CHAMBER-01,1.0,60.0,3.3,168,dark_current_density,OPTICAL,nA/cm2,12.9517,15.9391,32.8158,63.3589,2.9874,3.89,2,42.18,6.62,0.0462,0.0029,60.2,62.44,12.9517,15.9391,32.8158,63.3589,2.9874,10.0,False,NOMINAL,HEALTHY,17.56,7.04
IMA_LOT02_COMP0339,LOT_02,IMAGE_SENSOR,LCC-20,IMA-SIH-2026,IMAGE_SENSOR_DARK_CURRENT_TEST,T02_0339,PROC-ISRO-IISU-01,ATE-STATION-01,CHAMBER-01,1.0,60.0,3.3,168,dark_current_density,OPTICAL,nA/cm2,12.9088,18.6798,60.7923,202.9355,5.771,6.78,3,39.56,7.75,-0.0167,0.0113,62.03,62.53,12.9088,18.6798,60.7923,202.9355,5.771,10.0,False,NOMINAL,HEALTHY,38.71,19.97
IMA_LOT02_COMP0340,LOT_02,IMAGE_SENSOR,LCC-20,IMA-SIH-2026,IMAGE_SENSOR_DARK_CURRENT_TEST,T02_0340,PROC-ISRO-IISU-01,ATE-STATION-01,CHAMBER-01,1.0,60.0,3.3,168,dark_current_density,OPTICAL,nA/cm2,12.5335,17.3589,47.3649,130.3911,4.8254,7.93,3,43.42,6.22,-0.0053,0.0276,60.34,62.08,12.5335,17.3589,47.3649,130.3911,4.8254,10.0,False,NOMINAL,HEALTHY,46.77,-33.46
IMA_LOT02_COMP0341,LOT_02,IMAGE_SENSOR,LCC-20,IMA-SIH-2026,IMAGE_SENSOR_DARK_CURRENT_TEST,T02_0341,PROC-ISRO-IISU-01,ATE-STATION-01,CHAMBER-01,1.0,60.0,3.3,168,dark_current_density,OPTICAL,nA/cm2,12.3198,17.8262,49.3929,146.8433,5.5064,11.91,6,41.8,10.63,-0.0076,-0.0725,62.58,62.61,12.3198,17.8262,49.3929,146.8433,5.5064,10.0,False,NOMINAL,HEALTHY,-44.43,48.11
IMA_LOT02_COMP0342,LOT_02,IMAGE_SENSOR,LCC-20,IMA-SIH-2026,IMAGE_SENSOR_DARK_CURRENT_TEST,T02_0342,PROC-ISRO-IISU-01,ATE-STATION-01,CHAMBER-01,1.0,60.0,3.3,168,dark_current_density,OPTICAL,nA/cm2,13.4662,19.0468,70.8283,260.5384,5.5806,9.76,3,42.56,7.55,-0.0004,0.0708,61.43,61.39,13.4662,19.0468,70.8283,260.5384,5.5806,10.0,False,NOMINAL,HEALTHY,47.49,-46.69
IMA_LOT02_COMP0343,LOT_02,IMAGE_SENSOR,LCC-20,IMA-SIH-2026,IMAGE_SENSOR_DARK_CURRENT_TEST,T02_0343,PROC-ISRO-IISU-01,ATE-STATION-01,CHAMBER-01,1.0,60.0,3.3,168,dark_current_density,OPTICAL,nA/cm2,13.0352,16.5536,39.8538,90.4007,3.5184,14.55,9,40.93,8.94,0.0028,0.0749,65.63,62.0,13.0352,16.5536,39.8538,90.4007,3.5184,10.0,False,NOMINAL,HEALTHY,-33.74,48.12
IMA_LOT02_COMP0344,LOT_02,IMAGE_SENSOR,LCC-20,IMA-SIH-2026,IMAGE_SENSOR_DARK_CURRENT_TEST,T02_0344,PROC-ISRO-IISU-01,ATE-STATION-01,CHAMBER-01,1.0,60.0,3.3,168,dark_current_density,OPTICAL,nA/cm2,12.9405,19.1451,71.4936,235.6392,6.2046,7.66,5,45.5,5.98,0.0001,-0.0207,63.16,62.39,12.9405,19.1451,71.4936,235.6392,6.2046,10.0,False,NOMINAL,HEALTHY,26.11,26.29
IMA_LOT02_COMP0345,LOT_02,IMAGE_SENSOR,LCC-20,IMA-SIH-2026,IMAGE_SENSOR_DARK_CURRENT_TEST,T02_0345,PROC-ISRO-IISU-01,ATE-STATION-01,CHAMBER-01,1.0,60.0,3.3,168,dark_current_density,OPTICAL,nA/cm2,13.6032,18.7195,53.615,145.317,5.1163,14.25,3,40.82,5.26,-0.0205,0.0926,60.44,62.47,13.6032,18.7195,53.615,145.317,5.1163,10.0,False,NOMINAL,HEALTHY,-29.5,-30.12
IMA_LOT02_COMP0346,LOT_02,IMAGE_SENSOR,LCC-20,IMA-SIH-2026,IMAGE_SENSOR_DARK_CURRENT_TEST,T02_0346,PROC-ISRO-IISU-01,ATE-STATION-01,CHAMBER-01,1.0,60.0,3.3,168,dark_current_density,OPTICAL,nA/cm2,12.8715,20.3719,70.669,260.9456,7.5004,4.89,4,41.59,9.52,0.001,0.0295,62.71,62.12,12.8715,20.3719,70.669,260.9456,7.5004,10.0,False,NOMINAL,HEALTHY,26.02,5.87
IMA_LOT02_COMP0347,LOT_02,IMAGE_SENSOR,LCC-20,IMA-SIH-2026,IMAGE_SENSOR_DARK_CURRENT_TEST,T02_0347,PROC-ISRO-IISU-01,ATE-STATION-01,CHAMBER-01,1.0,60.0,3.3,168,dark_current_density,OPTICAL,nA/cm2,12.346,19.3677,71.3093,256.7672,7.0217,11.72,3,40.74,8.89,-0.0276,-0.0351,60.59,62.05,12.346,19.3677,71.3093,256.7672,7.0217,10.0,False,NOMINAL,HEALTHY,31.12,30.33
IMA_LOT02_COMP0348,LOT_02,IMAGE_SENSOR,LCC-20,IMA-SIH-2026,IMAGE_SENSOR_DARK_CURRENT_TEST,T02_0348,PROC-ISRO-IISU-01,ATE-STATION-01,CHAMBER-01,1.0,60.0,3.3,168,dark_current_density,OPTICAL,nA/cm2,12.5087,19.2822,70.3361,254.5719,6.7735,8.18,5,38.92,6.98,-0.018,-0.0407,62.01,61.96,12.5087,19.2822,70.3361,254.5719,6.7735,10.0,False,NOMINAL,HEALTHY,30.89,44.62
IMA_LOT02_COMP0349,LOT_02,IMAGE_SENSOR,LCC-20,IMA-SIH-2026,IMAGE_SENSOR_DARK_CURRENT_TEST,T02_0349,PROC-ISRO-IISU-01,ATE-STATION-01,CHAMBER-01,1.0,60.0,3.3,168,dark_current_density,OPTICAL,nA/cm2,12.2369,16.9039,55.4994,153.1016,4.667,8.83,7,42.74,7.86,0.0274,0.0046,62.96,62.03,12.2369,16.9039,55.4994,153.1016,4.667,10.0,False,NOMINAL,HEALTHY,-40.1,-30.34
IMA_LOT02_COMP0350,LOT_02,IMAGE_SENSOR,LCC-20,IMA-SIH-2026,IMAGE_SENSOR_DARK_CURRENT_TEST,T02_0350,PROC-ISRO-IISU-01,ATE-STATION-01,CHAMBER-01,1.0,60.0,3.3,168,dark_current_density,OPTICAL,nA/cm2,12.948,19.689,59.1902,182.9596,6.741,14.07,4,44.7,7.49,-0.0207,-0.0364,63.26,62.35,12.948,19.689,59.1902,182.9596,6.741,10.0,False,NOMINAL,HEALTHY,0.13,21.5
IMA_LOT02_COMP0351,LOT_02,IMAGE_SENSOR,LCC-20,IMA-SIH-2026,IMAGE_SENSOR_DARK_CURRENT_TEST,T02_0351,PROC-ISRO-IISU-01,ATE-STATION-01,CHAMBER-01,1.0,60.0,3.3,168,dark_current_density,OPTICAL,nA/cm2,14.4532,21.2144,71.9155,258.4728,6.7612,12.38,8,44.51,6.43,0.0237,0.1141,62.95,61.31,14.4532,21.2144,71.9155,258.4728,6.7612,10.0,False,NOMINAL,HEALTHY,44.43,-9.2
IMA_LOT02_COMP0352,LOT_02,IMAGE_SENSOR,LCC-20,IMA-SIH-2026,IMAGE_SENSOR_DARK_CURRENT_TEST,T02_0352,PROC-ISRO-IISU-01,ATE-STATION-01,CHAMBER-01,1.0,60.0,3.3,168,dark_current_density,OPTICAL,nA/cm2,13.1446,18.9003,45.8534,117.5559,5.7557,12.15,6,42.64,11.26,0.0228,-0.0387,61.32,62.39,13.1446,18.9003,45.8534,117.5559,5.7557,10.0,False,NOMINAL,HEALTHY,-16.19,34.86
IMA_LOT02_COMP0353,LOT_02,IMAGE_SENSOR,LCC-20,IMA-SIH-2026,IMAGE_SENSOR_DARK_CURRENT_TEST,T02_0353,PROC-ISRO-IISU-01,ATE-STATION-01,CHAMBER-01,1.0,60.0,3.3,168,dark_current_density,OPTICAL,nA/cm2,12.709,18.247,48.6265,131.5466,5.538,11.34,7,45.72,8.28,-0.0053,0.0128,61.82,61.61,12.709,18.247,48.6265,131.5466,5.538,10.0,False,NOMINAL,HEALTHY,9.51,-46.08
IMA_LOT02_COMP0354,LOT_02,IMAGE_SENSOR,LCC-20,IMA-SIH-2026,IMAGE_SENSOR_DARK_CURRENT_TEST,T02_0354,PROC-ISRO-IISU-01,ATE-STATION-01,CHAMBER-01,1.0,60.0,3.3,168,dark_current_density,OPTICAL,nA/cm2,12.1211,16.5666,37.1905,79.6589,4.4455,5.07,6,42.42,8.29,0.019,-0.0248,61.89,62.07,12.1211,16.5666,37.1905,79.6589,4.4455,10.0,False,NOMINAL,HEALTHY,-6.13,14.82
IMA_LOT02_COMP0355,LOT_02,IMAGE_SENSOR,LCC-20,IMA-SIH-2026,IMAGE_SENSOR_DARK_CURRENT_TEST,T02_0355,PROC-ISRO-IISU-01,ATE-STATION-01,CHAMBER-01,1.0,60.0,3.3,168,dark_current_density,OPTICAL,nA/cm2,13.476,19.3691,52.3574,137.5972,5.8931,9.51,6,40.88,6.44,0.0074,0.0118,61.48,62.0,13.476,19.3691,52.3574,137.5972,5.8931,10.0,False,NOMINAL,HEALTHY,-24.11,-11.64
IMA_LOT02_COMP0356,LOT_02,IMAGE_SENSOR,LCC-20,IMA-SIH-2026,IMAGE_SENSOR_DARK_CURRENT_TEST,T02_0356,PROC-ISRO-IISU-01,ATE-STATION-01,CHAMBER-01,1.0,60.0,3.3,168,dark_current_density,OPTICAL,nA/cm2,12.8111,17.1701,41.6422,103.2621,4.359,10.46,5,42.66,7.24,0.0002,0.0236,61.24,61.9,12.8111,17.1701,41.6422,103.2621,4.359,10.0,False,NOMINAL,HEALTHY,35.53,-6.6
IMA_LOT02_COMP0357,LOT_02,IMAGE_SENSOR,LCC-20,IMA-SIH-2026,IMAGE_SENSOR_DARK_CURRENT_TEST,T02_0357,PROC-ISRO-IISU-01,ATE-STATION-01,CHAMBER-01,1.0,60.0,3.3,168,dark_current_density,OPTICAL,nA/cm2,12.086,19.0492,59.1362,184.4426,6.9632,10.0,6,38.76,8.24,0.0193,0.0034,61.9,62.35,12.086,19.0492,59.1362,184.4426,6.9632,10.0,False,NOMINAL,HEALTHY,6.22,-18.88
IMA_LOT02_COMP0358,LOT_02,IMAGE_SENSOR,LCC-20,IMA-SIH-2026,IMAGE_SENSOR_DARK_CURRENT_TEST,T02_0358,PROC-ISRO-IISU-01,ATE-STATION-01,CHAMBER-01,1.0,60.0,3.3,168,dark_current_density,OPTICAL,nA/cm2,13.61,17.4734,39.4059,88.156,3.8634,5.93,7,43.57,8.02,0.0094,0.0285,60.96,62.05,13.61,17.4734,39.4059,88.156,3.8634,10.0,False,NOMINAL,HEALTHY,-25.05,32.12
IMA_LOT02_COMP0359,LOT_02,IMAGE_SENSOR,LCC-20,IMA-SIH-2026,IMAGE_SENSOR_DARK_CURRENT_TEST,T02_0359,PROC-ISRO-IISU-01,ATE-STATION-01,CHAMBER-01,1.0,60.0,3.3,168,dark_current_density,OPTICAL,nA/cm2,13.0847,19.3268,60.3274,191.2074,6.2421,12.68,4,44.21,8.48,0.0229,-0.0237,62.45,62.34,13.0847,19.3268,60.3274,191.2074,6.2421,10.0,False,NOMINAL,HEALTHY,-22.84,38.53
IMA_LOT02_COMP0360,LOT_02,IMAGE_SENSOR,LCC-20,IMA-SIH-2026,IMAGE_SENSOR_DARK_CURRENT_TEST,T02_0360,PROC-ISRO-IISU-01,ATE-STATION-01,CHAMBER-01,1.0,60.0,3.3,168,dark_current_density,OPTICAL,nA/cm2,12.9706,17.846,53.9135,159.9227,4.8754,7.39,4,42.78,10.55,0.0018,0.0956,63.39,61.99,12.9706,17.846,53.9135,159.9227,4.8754,10.0,False,NOMINAL,HEALTHY,20.91,-7.8
IMA_LOT02_COMP0361,LOT_02,IMAGE_SENSOR,LCC-20,IMA-SIH-2026,IMAGE_SENSOR_DARK_CURRENT_TEST,T02_0361,PROC-ISRO-IISU-01,ATE-STATION-01,CHAMBER-01,1.0,60.0,3.3,168,dark_current_density,OPTICAL,nA/cm2,11.8277,16.0447,35.0859,82.0654,4.217,9.13,0,41.88,4.68,-0.0107,0.0007,62.04,61.93,11.8277,16.0447,35.0859,82.0654,4.217,10.0,False,NOMINAL,HEALTHY,-38.82,-22.07
IMA_LOT02_COMP0362,LOT_02,IMAGE_SENSOR,LCC-20,IMA-SIH-2026,IMAGE_SENSOR_DARK_CURRENT_TEST,T02_0362,PROC-ISRO-IISU-01,ATE-STATION-01,CHAMBER-01,1.0,60.0,3.3,168,dark_current_density,OPTICAL,nA/cm2,12.9979,17.4451,44.294,107.834,4.4472,8.22,6,40.77,10.01,0.0237,0.0687,61.6,61.58,12.9979,17.4451,44.294,107.834,4.4472,10.0,False,NOMINAL,HEALTHY,34.53,-5.64
IMA_LOT02_COMP0363,LOT_02,IMAGE_SENSOR,LCC-20,IMA-SIH-2026,IMAGE_SENSOR_DARK_CURRENT_TEST,T02_0363,PROC-ISRO-IISU-01,ATE-STATION-01,CHAMBER-01,1.0,60.0,3.3,168,dark_current_density,OPTICAL,nA/cm2,12.47,17.1448,43.7477,115.4556,4.6748,11.64,6,41.07,6.71,-0.0118,0.0378,60.83,62.28,12.47,17.1448,43.7477,115.4556,4.6748,10.0,False,NOMINAL,HEALTHY,26.39,-23.09
IMA_LOT02_COMP0364,LOT_02,IMAGE_SENSOR,LCC-20,IMA-SIH-2026,IMAGE_SENSOR_DARK_CURRENT_TEST,T02_0364,PROC-ISRO-IISU-01,ATE-STATION-01,CHAMBER-01,1.0,60.0,3.3,168,dark_current_density,OPTICAL,nA/cm2,12.6176,18.1989,48.61,123.7364,5.5813,17.95,2,43.31,9.86,-0.0245,0.0453,63.19,61.88,12.6176,18.1989,48.61,123.7364,5.5813,10.0,False,NOMINAL,HEALTHY,36.63,6.97
IMA_LOT02_COMP0365,LOT_02,IMAGE_SENSOR,LCC-20,IMA-SIH-2026,IMAGE_SENSOR_DARK_CURRENT_TEST,T02_0365,PROC-ISRO-IISU-01,ATE-STATION-01,CHAMBER-01,1.0,60.0,3.3,168,dark_current_density,OPTICAL,nA/cm2,13.0993,17.372,40.1127,91.7278,4.2727,15.28,5,45.22,6.74,-0.0073,-0.0386,61.89,61.95,13.0993,17.372,40.1127,91.7278,4.2727,10.0,False,NOMINAL,HEALTHY,-6.86,-40.33
IMA_LOT02_COMP0366,LOT_02,IMAGE_SENSOR,LCC-20,IMA-SIH-2026,IMAGE_SENSOR_DARK_CURRENT_TEST,T02_0366,PROC-ISRO-IISU-01,ATE-STATION-01,CHAMBER-01,1.0,60.0,3.3,168,dark_current_density,OPTICAL,nA/cm2,12.7909,19.4212,63.1556,223.472,6.6303,11.55,4,40.41,5.23,-0.0083,0.0016,61.94,61.07,12.7909,19.4212,63.1556,223.472,6.6303,10.0,False,NOMINAL,HEALTHY,-14.74,40.17
IMA_LOT02_COMP0367,LOT_02,IMAGE_SENSOR,LCC-20,IMA-SIH-2026,IMAGE_SENSOR_DARK_CURRENT_TEST,T02_0367,PROC-ISRO-IISU-01,ATE-STATION-01,CHAMBER-01,1.0,60.0,3.3,168,dark_current_density,OPTICAL,nA/cm2,12.673,19.43,70.8023,248.3369,6.757,12.8,3,41.99,6.77,0.0378,-0.0011,63.73,62.33,12.673,19.43,70.8023,248.3369,6.757,10.0,False,NOMINAL,HEALTHY,19.49,-33.09
IMA_LOT02_COMP0368,LOT_02,IMAGE_SENSOR,LCC-20,IMA-SIH-2026,IMAGE_SENSOR_DARK_CURRENT_TEST,T02_0368,PROC-ISRO-IISU-01,ATE-STATION-01,CHAMBER-01,1.0,60.0,3.3,168,dark_current_density,OPTICAL,nA/cm2,13.2446,18.508,54.1261,148.2685,5.2634,15.59,7,41.62,7.64,-0.0182,-0.0223,62.23,62.61,13.2446,18.508,54.1261,148.2685,5.2634,10.0,False,NOMINAL,HEALTHY,-30.42,-4.62
IMA_LOT02_COMP0369,LOT_02,IMAGE_SENSOR,LCC-20,IMA-SIH-2026,IMAGE_SENSOR_DARK_CURRENT_TEST,T02_0369,PROC-ISRO-IISU-01,ATE-STATION-01,CHAMBER-01,1.0,60.0,3.3,168,dark_current_density,OPTICAL,nA/cm2,13.1632,17.7959,49.5255,137.8341,4.6327,10.29,3,39.54,5.91,0.0118,0.049,60.4,62.5,13.1632,17.7959,49.5255,137.8341,4.6327,10.0,False,NOMINAL,HEALTHY,-17.59,-34.15
IMA_LOT02_COMP0370,LOT_02,IMAGE_SENSOR,LCC-20,IMA-SIH-2026,IMAGE_SENSOR_DARK_CURRENT_TEST,T02_0370,PROC-ISRO-IISU-01,ATE-STATION-01,CHAMBER-01,1.0,60.0,3.3,168,dark_current_density,OPTICAL,nA/cm2,12.5534,17.4208,48.3197,140.1165,4.8674,10.63,6,42.75,9.62,0.0274,-0.0019,59.85,62.33,12.5534,17.4208,48.3197,140.1165,4.8674,10.0,False,NOMINAL,HEALTHY,-34.74,46.46
IMA_LOT02_COMP0371,LOT_02,IMAGE_SENSOR,LCC-20,IMA-SIH-2026,IMAGE_SENSOR_DARK_CURRENT_TEST,T02_0371,PROC-ISRO-IISU-01,ATE-STATION-01,CHAMBER-01,1.0,60.0,3.3,168,dark_current_density,OPTICAL,nA/cm2,13.1531,17.7672,50.8382,136.7453,4.6141,13.41,5,39.37,9.8,-0.0108,-0.0726,63.07,62.13,13.1531,17.7672,50.8382,136.7453,4.6141,10.0,False,NOMINAL,HEALTHY,11.65,17.08
IMA_LOT02_COMP0372,LOT_02,IMAGE_SENSOR,LCC-20,IMA-SIH-2026,IMAGE_SENSOR_DARK_CURRENT_TEST,T02_0372,PROC-ISRO-IISU-01,ATE-STATION-01,CHAMBER-01,1.0,60.0,3.3,168,dark_current_density,OPTICAL,nA/cm2,12.0847,17.0867,41.3573,118.1478,5.002,12.15,8,39.36,9.68,0.0277,0.0766,61.39,62.09,12.0847,17.0867,41.3573,118.1478,5.002,10.0,False,NOMINAL,HEALTHY,29.73,32.82
IMA_LOT02_COMP0373,LOT_02,IMAGE_SENSOR,LCC-20,IMA-SIH-2026,IMAGE_SENSOR_DARK_CURRENT_TEST,T02_0373,PROC-ISRO-IISU-01,ATE-STATION-01,CHAMBER-01,1.0,60.0,3.3,168,dark_current_density,OPTICAL,nA/cm2,12.9311,18.9608,52.5547,159.331,6.0297,15.05,7,39.94,9.13,-0.0133,0.0421,64.14,61.58,12.9311,18.9608,52.5547,159.331,6.0297,10.0,False,NOMINAL,HEALTHY,-14.51,42.68
IMA_LOT02_COMP0374,LOT_02,IMAGE_SENSOR,LCC-20,IMA-SIH-2026,IMAGE_SENSOR_DARK_CURRENT_TEST,T02_0374,PROC-ISRO-IISU-01,ATE-STATION-01,CHAMBER-01,1.0,60.0,3.3,168,dark_current_density,OPTICAL,nA/cm2,12.6045,16.8526,42.4415,106.0493,4.2481,12.02,5,42.44,6.04,0.0089,0.0148,59.98,62.13,12.6045,16.8526,42.4415,106.0493,4.2481,10.0,False,NOMINAL,HEALTHY,-38.96,42.31
IMA_LOT02_COMP0375,LOT_02,IMAGE_SENSOR,LCC-20,IMA-SIH-2026,IMAGE_SENSOR_DARK_CURRENT_TEST,T02_0375,PROC-ISRO-IISU-01,ATE-STATION-01,CHAMBER-01,1.0,60.0,3.3,168,dark_current_density,OPTICAL,nA/cm2,12.1662,16.8136,43.6795,107.7678,4.6474,11.25,4,44.03,5.56,-0.022,0.0598,64.34,61.81,12.1662,16.8136,43.6795,107.7678,4.6474,10.0,False,NOMINAL,HEALTHY,13.23,-17.11
IMA_LOT02_COMP0376,LOT_02,IMAGE_SENSOR,LCC-20,IMA-SIH-2026,IMAGE_SENSOR_DARK_CURRENT_TEST,T02_0376,PROC-ISRO-IISU-01,ATE-STATION-01,CHAMBER-01,1.0,60.0,3.3,168,dark_current_density,OPTICAL,nA/cm2,12.5908,15.6575,35.4143,80.4145,3.0667,8.63,2,38.53,8.37,0.0004,0.0082,61.22,61.83,12.5908,15.6575,35.4143,80.4145,3.0667,10.0,False,NOMINAL,HEALTHY,18.01,-12.46
IMA_LOT02_COMP0377,LOT_02,IMAGE_SENSOR,LCC-20,IMA-SIH-2026,IMAGE_SENSOR_DARK_CURRENT_TEST,T02_0377,PROC-ISRO-IISU-01,ATE-STATION-01,CHAMBER-01,1.0,60.0,3.3,168,dark_current_density,OPTICAL,nA/cm2,14.015,19.3385,53.2463,150.8972,5.3235,11.47,3,40.7,5.68,-0.0044,0.0393,58.81,61.97,14.015,19.3385,53.2463,150.8972,5.3235,10.0,False,NOMINAL,HEALTHY,0.89,41.58
IMA_LOT02_COMP0378,LOT_02,IMAGE_SENSOR,LCC-20,IMA-SIH-2026,IMAGE_SENSOR_DARK_CURRENT_TEST,T02_0378,PROC-ISRO-IISU-01,ATE-STATION-01,CHAMBER-01,1.0,60.0,3.3,168,dark_current_density,OPTICAL,nA/cm2,13.8143,16.9953,37.0046,78.8764,3.181,13.63,4,41.69,5.67,0.0157,-0.0208,62.24,61.69,13.8143,16.9953,37.0046,78.8764,3.181,10.0,False,NOMINAL,HEALTHY,19.02,2.29
IMA_LOT02_COMP0379,LOT_02,IMAGE_SENSOR,LCC-20,IMA-SIH-2026,IMAGE_SENSOR_DARK_CURRENT_TEST,T02_0379,PROC-ISRO-IISU-01,ATE-STATION-01,CHAMBER-01,1.0,60.0,3.3,168,dark_current_density,OPTICAL,nA/cm2,12.5838,16.8407,35.6076,73.2667,4.2569,14.43,3,34.97,7.53,-0.0138,-0.0266,59.44,62.42,12.5838,16.8407,35.6076,73.2667,4.2569,10.0,False,NOMINAL,HEALTHY,3.5,-1.58
IMA_LOT02_COMP0380,LOT_02,IMAGE_SENSOR,LCC-20,IMA-SIH-2026,IMAGE_SENSOR_DARK_CURRENT_TEST,T02_0380,PROC-ISRO-IISU-01,ATE-STATION-01,CHAMBER-01,1.0,60.0,3.3,168,dark_current_density,OPTICAL,nA/cm2,12.3379,16.4687,41.6181,102.9388,4.1308,12.74,4,43.59,6.17,-0.0065,-0.0141,59.9,61.41,12.3379,16.4687,41.6181,102.9388,4.1308,10.0,False,NOMINAL,HEALTHY,17.93,-40.88
IMA_LOT02_COMP0381,LOT_02,IMAGE_SENSOR,LCC-20,IMA-SIH-2026,IMAGE_SENSOR_DARK_CURRENT_TEST,T02_0381,PROC-ISRO-IISU-01,ATE-STATION-01,CHAMBER-01,1.0,60.0,3.3,168,dark_current_density,OPTICAL,nA/cm2,12.5568,19.3193,64.9821,240.0142,6.7625,17.01,4,41.32,8.75,0.0069,0.0823,61.8,60.78,12.5568,19.3193,64.9821,240.0142,6.7625,10.0,False,NOMINAL,HEALTHY,3.76,42.34
IMA_LOT02_COMP0382,LOT_02,IMAGE_SENSOR,LCC-20,IMA-SIH-2026,IMAGE_SENSOR_DARK_CURRENT_TEST,T02_0382,PROC-ISRO-IISU-01,ATE-STATION-01,CHAMBER-01,1.0,60.0,3.3,168,dark_current_density,OPTICAL,nA/cm2,12.4469,15.7004,32.9413,70.1475,3.2535,11.94,5,43.3,7.54,0.0087,-0.0056,61.86,62.24,12.4469,15.7004,32.9413,70.1475,3.2535,10.0,False,NOMINAL,HEALTHY,-2.14,-21.44
IMA_LOT02_COMP0383,LOT_02,IMAGE_SENSOR,LCC-20,IMA-SIH-2026,IMAGE_SENSOR_DARK_CURRENT_TEST,T02_0383,PROC-ISRO-IISU-01,ATE-STATION-01,CHAMBER-01,1.0,60.0,3.3,168,dark_current_density,OPTICAL,nA/cm2,12.7538,18.0793,51.7841,140.6225,5.3255,12.13,3,40.23,7.05,0.0105,0.0518,60.93,63.04,12.7538,18.0793,51.7841,140.6225,5.3255,10.0,False,NOMINAL,HEALTHY,-46.44,31.2
IMA_LOT02_COMP0384,LOT_02,IMAGE_SENSOR,LCC-20,IMA-SIH-2026,IMAGE_SENSOR_DARK_CURRENT_TEST,T02_0384,PROC-ISRO-IISU-01,ATE-STATION-01,CHAMBER-01,1.0,60.0,3.3,168,dark_current_density,OPTICAL,nA/cm2,12.7767,19.3914,59.2547,180.4529,6.6147,17.29,7,41.4,6.41,0.034,-0.0526,59.71,61.73,12.7767,19.3914,59.2547,180.4529,6.6147,10.0,False,NOMINAL,HEALTHY,27.19,-1.62
IMA_LOT02_COMP0385,LOT_02,IMAGE_SENSOR,LCC-20,IMA-SIH-2026,IMAGE_SENSOR_DARK_CURRENT_TEST,T02_0385,PROC-ISRO-IISU-01,ATE-STATION-01,CHAMBER-01,1.0,60.0,3.3,168,dark_current_density,OPTICAL,nA/cm2,13.7853,18.3009,47.0464,116.1154,4.5156,15.36,4,44.35,6.39,-0.0234,0.0448,61.71,61.59,13.7853,18.3009,47.0464,116.1154,4.5156,10.0,False,NOMINAL,HEALTHY,7.44,46.38
IMA_LOT02_COMP0386,LOT_02,IMAGE_SENSOR,LCC-20,IMA-SIH-2026,IMAGE_SENSOR_DARK_CURRENT_TEST,T02_0386,PROC-ISRO-IISU-01,ATE-STATION-01,CHAMBER-01,1.0,60.0,3.3,168,dark_current_density,OPTICAL,nA/cm2,12.5066,18.4038,51.7801,148.611,5.8972,8.87,5,39.98,6.93,0.0028,-0.0515,60.75,61.65,12.5066,18.4038,51.7801,148.611,5.8972,10.0,False,NOMINAL,HEALTHY,0.09,28.04
IMA_LOT02_COMP0387,LOT_02,IMAGE_SENSOR,LCC-20,IMA-SIH-2026,IMAGE_SENSOR_DARK_CURRENT_TEST,T02_0387,PROC-ISRO-IISU-01,ATE-STATION-01,CHAMBER-01,1.0,60.0,3.3,168,dark_current_density,OPTICAL,nA/cm2,13.0079,16.669,37.719,85.3366,3.6611,7.26,8,44.51,7.46,0.0346,0.0081,63.2,62.51,13.0079,16.669,37.719,85.3366,3.6611,10.0,False,NOMINAL,HEALTHY,-37.73,-10.98
IMA_LOT02_COMP0388,LOT_02,IMAGE_SENSOR,LCC-20,IMA-SIH-2026,IMAGE_SENSOR_DARK_CURRENT_TEST,T02_0388,PROC-ISRO-IISU-01,ATE-STATION-01,CHAMBER-01,1.0,60.0,3.3,168,dark_current_density,OPTICAL,nA/cm2,11.9942,17.2506,56.9278,193.3423,5.2564,10.98,2,41.43,8.31,0.0053,-0.0577,63.9,62.44,11.9942,17.2506,56.9278,193.3423,5.2564,10.0,False,NOMINAL,HEALTHY,13.79,-11.28
IMA_LOT02_COMP0389,LOT_02,IMAGE_SENSOR,LCC-20,IMA-SIH-2026,IMAGE_SENSOR_DARK_CURRENT_TEST,T02_0389,PROC-ISRO-IISU-01,ATE-STATION-01,CHAMBER-01,1.0,60.0,3.3,168,dark_current_density,OPTICAL,nA/cm2,12.095,17.5332,57.0604,178.6963,5.4382,6.63,3,42.09,8.39,0.0067,0.0062,66.24,63.05,12.095,17.5332,57.0604,178.6963,5.4382,10.0,False,NOMINAL,HEALTHY,23.27,0.61
IMA_LOT02_COMP0390,LOT_02,IMAGE_SENSOR,LCC-20,IMA-SIH-2026,IMAGE_SENSOR_DARK_CURRENT_TEST,T02_0390,PROC-ISRO-IISU-01,ATE-STATION-01,CHAMBER-01,1.0,60.0,3.3,168,dark_current_density,OPTICAL,nA/cm2,12.8478,16.6197,32.7563,63.9103,3.7719,8.63,6,42.04,8.18,-0.026,-0.1088,61.14,61.79,12.8478,16.6197,32.7563,63.9103,3.7719,10.0,True,DIELECTRIC_OSCILLATION,HEALTHY,46.02,-7.93
IMA_LOT02_COMP0391,LOT_02,IMAGE_SENSOR,LCC-20,IMA-SIH-2026,IMAGE_SENSOR_DARK_CURRENT_TEST,T02_0391,PROC-ISRO-IISU-01,ATE-STATION-01,CHAMBER-01,1.0,60.0,3.3,168,dark_current_density,OPTICAL,nA/cm2,12.7346,18.0961,55.1002,166.2358,5.3615,14.56,4,42.87,11.91,0.0422,0.0915,63.83,62.7,12.7346,18.0961,55.1002,166.2358,5.3615,10.0,False,NOMINAL,HEALTHY,34.67,46.58
IMA_LOT02_COMP0392,LOT_02,IMAGE_SENSOR,LCC-20,IMA-SIH-2026,IMAGE_SENSOR_DARK_CURRENT_TEST,T02_0392,PROC-ISRO-IISU-01,ATE-STATION-01,CHAMBER-01,1.0,60.0,3.3,168,dark_current_density,OPTICAL,nA/cm2,13.8575,18.2354,43.1185,108.2043,4.3779,13.89,2,43.26,7.8,0.0309,0.0556,62.28,61.35,13.8575,18.2354,43.1185,108.2043,4.3779,10.0,False,NOMINAL,HEALTHY,45.5,-25.38
IMA_LOT02_COMP0393,LOT_02,IMAGE_SENSOR,LCC-20,IMA-SIH-2026,IMAGE_SENSOR_DARK_CURRENT_TEST,T02_0393,PROC-ISRO-IISU-01,ATE-STATION-01,CHAMBER-01,1.0,60.0,3.3,168,dark_current_density,OPTICAL,nA/cm2,13.367,19.2124,60.4742,176.8936,5.8454,10.83,6,39.49,8.02,0.021,0.0174,61.19,62.16,13.367,19.2124,60.4742,176.8936,5.8454,10.0,False,NOMINAL,HEALTHY,9.08,-32.44
IMA_LOT02_COMP0394,LOT_02,IMAGE_SENSOR,LCC-20,IMA-SIH-2026,IMAGE_SENSOR_DARK_CURRENT_TEST,T02_0394,PROC-ISRO-IISU-01,ATE-STATION-01,CHAMBER-01,1.0,60.0,3.3,168,dark_current_density,OPTICAL,nA/cm2,12.3542,17.2745,41.026,95.4086,4.9203,13.39,2,43.02,7.43,-0.0333,-0.0372,61.58,62.31,12.3542,17.2745,41.026,95.4086,4.9203,10.0,False,NOMINAL,HEALTHY,15.77,20.17
IMA_LOT02_COMP0395,LOT_02,IMAGE_SENSOR,LCC-20,IMA-SIH-2026,IMAGE_SENSOR_DARK_CURRENT_TEST,T02_0395,PROC-ISRO-IISU-01,ATE-STATION-01,CHAMBER-01,1.0,60.0,3.3,168,dark_current_density,OPTICAL,nA/cm2,12.0159,15.1899,30.3827,59.6742,3.174,10.99,3,41.97,8.35,-0.0456,-0.1411,61.17,62.22,12.0159,15.1899,30.3827,59.6742,3.174,10.0,False,NOMINAL,HEALTHY,-7.7,-48.99
IMA_LOT02_COMP0396,LOT_02,IMAGE_SENSOR,LCC-20,IMA-SIH-2026,IMAGE_SENSOR_DARK_CURRENT_TEST,T02_0396,PROC-ISRO-IISU-01,ATE-STATION-01,CHAMBER-01,1.0,60.0,3.3,168,dark_current_density,OPTICAL,nA/cm2,13.6196,20.6347,76.3521,275.7606,7.0151,12.37,4,42.63,8.37,-0.0118,0.0066,60.36,62.8,13.6196,20.6347,76.3521,275.7606,7.0151,10.0,False,NOMINAL,HEALTHY,-25.61,20.66
IMA_LOT02_COMP0397,LOT_02,IMAGE_SENSOR,LCC-20,IMA-SIH-2026,IMAGE_SENSOR_DARK_CURRENT_TEST,T02_0397,PROC-ISRO-IISU-01,ATE-STATION-01,CHAMBER-01,1.0,60.0,3.3,168,dark_current_density,OPTICAL,nA/cm2,12.2642,17.231,48.9151,145.844,4.9668,8.6,3,43.0,6.56,0.0039,0.0255,62.35,62.4,12.2642,17.231,48.9151,145.844,4.9668,10.0,False,NOMINAL,HEALTHY,-41.95,38.5
IMA_LOT02_COMP0398,LOT_02,IMAGE_SENSOR,LCC-20,IMA-SIH-2026,IMAGE_SENSOR_DARK_CURRENT_TEST,T02_0398,PROC-ISRO-IISU-01,ATE-STATION-01,CHAMBER-01,1.0,60.0,3.3,168,dark_current_density,OPTICAL,nA/cm2,12.669,18.3457,63.2891,210.3507,5.6767,6.25,4,45.64,6.76,0.011,-0.0189,59.28,62.48,12.669,18.3457,63.2891,210.3507,5.6767,10.0,False,NOMINAL,HEALTHY,-29.08,-16.84
IMA_LOT02_COMP0399,LOT_02,IMAGE_SENSOR,LCC-20,IMA-SIH-2026,IMAGE_SENSOR_DARK_CURRENT_TEST,T02_0399,PROC-ISRO-IISU-01,ATE-STATION-01,CHAMBER-01,1.0,60.0,3.3,168,dark_current_density,OPTICAL,nA/cm2,42.0242,63.4949,186.9174,656.9912,21.4707,14.9,4,40.74,7.13,-0.0045,-0.1335,63.35,60.87,42.0242,63.4949,186.9174,656.9912,21.4707,10.0,True,SPATIAL_OUTLIER,HEALTHY,-0.09,26.32
IMA_LOT02_COMP0400,LOT_02,IMAGE_SENSOR,LCC-20,IMA-SIH-2026,IMAGE_SENSOR_DARK_CURRENT_TEST,T02_0400,PROC-ISRO-IISU-01,ATE-STATION-01,CHAMBER-01,1.0,60.0,3.3,168,dark_current_density,OPTICAL,nA/cm2,11.7075,17.2818,45.0678,127.035,5.5743,12.36,6,42.31,8.93,0.0009,-0.0949,61.52,61.98,11.7075,17.2818,45.0678,127.035,5.5743,10.0,False,NOMINAL,HEALTHY,-29.31,-29.2
IMA_LOT02_COMP0401,LOT_02,IMAGE_SENSOR,LCC-20,IMA-SIH-2026,IMAGE_SENSOR_DARK_CURRENT_TEST,T02_0401,PROC-ISRO-IISU-01,ATE-STATION-01,CHAMBER-01,1.0,60.0,3.3,168,dark_current_density,OPTICAL,nA/cm2,13.0107,18.6263,58.7695,172.4469,5.6156,17.26,4,42.93,9.49,-0.0078,-0.0586,60.85,62.1,13.0107,18.6263,58.7695,172.4469,5.6156,10.0,False,NOMINAL,HEALTHY,-35.15,22.53
IMA_LOT02_COMP0402,LOT_02,IMAGE_SENSOR,LCC-20,IMA-SIH-2026,IMAGE_SENSOR_DARK_CURRENT_TEST,T02_0402,PROC-ISRO-IISU-01,ATE-STATION-01,CHAMBER-01,1.0,60.0,3.3,168,dark_current_density,OPTICAL,nA/cm2,12.2706,17.0426,40.2168,97.9638,4.772,14.83,11,42.89,5.43,0.0415,0.0226,63.83,62.5,12.2706,17.0426,40.2168,97.9638,4.772,10.0,False,NOMINAL,HEALTHY,-38.95,-14.6
IMA_LOT02_COMP0403,LOT_02,IMAGE_SENSOR,LCC-20,IMA-SIH-2026,IMAGE_SENSOR_DARK_CURRENT_TEST,T02_0403,PROC-ISRO-IISU-01,ATE-STATION-01,CHAMBER-01,1.0,60.0,3.3,168,dark_current_density,OPTICAL,nA/cm2,12.4765,19.1523,68.3601,238.5447,6.6758,11.62,3,44.18,11.2,0.0119,-0.0512,61.84,62.31,12.4765,19.1523,68.3601,238.5447,6.6758,10.0,False,NOMINAL,HEALTHY,-1.23,29.94
IMA_LOT02_COMP0404,LOT_02,IMAGE_SENSOR,LCC-20,IMA-SIH-2026,IMAGE_SENSOR_DARK_CURRENT_TEST,T02_0404,PROC-ISRO-IISU-01,ATE-STATION-01,CHAMBER-01,1.0,60.0,3.3,168,dark_current_density,OPTICAL,nA/cm2,12.4508,18.7124,61.7166,198.3241,6.2616,9.33,2,42.05,9.88,-0.0023,0.0188,61.98,61.31,12.4508,18.7124,61.7166,198.3241,6.2616,10.0,False,NOMINAL,HEALTHY,25.02,18.38
IMA_LOT02_COMP0405,LOT_02,IMAGE_SENSOR,LCC-20,IMA-SIH-2026,IMAGE_SENSOR_DARK_CURRENT_TEST,T02_0405,PROC-ISRO-IISU-01,ATE-STATION-01,CHAMBER-01,1.0,60.0,3.3,168,dark_current_density,OPTICAL,nA/cm2,12.3976,15.5631,34.1028,74.252,3.1655,10.46,1,41.72,8.45,-0.0245,-0.1198,62.28,61.64,12.3976,15.5631,34.1028,74.252,3.1655,10.0,False,NOMINAL,HEALTHY,28.04,37.87
IMA_LOT02_COMP0406,LOT_02,IMAGE_SENSOR,LCC-20,IMA-SIH-2026,IMAGE_SENSOR_DARK_CURRENT_TEST,T02_0406,PROC-ISRO-IISU-01,ATE-STATION-01,CHAMBER-01,1.0,60.0,3.3,168,dark_current_density,OPTICAL,nA/cm2,45.0573,60.7291,164.7557,411.3991,15.6718,21.69,2,40.08,7.48,-0.023,0.0102,63.05,61.78,45.0573,60.7291,164.7557,411.3991,15.6718,10.0,True,SPATIAL_OUTLIER,HEALTHY,-44.81,-37.48
IMA_LOT02_COMP0407,LOT_02,IMAGE_SENSOR,LCC-20,IMA-SIH-2026,IMAGE_SENSOR_DARK_CURRENT_TEST,T02_0407,PROC-ISRO-IISU-01,ATE-STATION-01,CHAMBER-01,1.0,60.0,3.3,168,dark_current_density,OPTICAL,nA/cm2,12.5287,15.709,33.8716,63.8384,3.1803,12.09,6,43.16,5.64,-0.0241,-0.0054,62.35,61.51,12.5287,15.709,33.8716,63.8384,3.1803,10.0,False,NOMINAL,HEALTHY,-5.22,26.59
IMA_LOT02_COMP0408,LOT_02,IMAGE_SENSOR,LCC-20,IMA-SIH-2026,IMAGE_SENSOR_DARK_CURRENT_TEST,T02_0408,PROC-ISRO-IISU-01,ATE-STATION-01,CHAMBER-01,1.0,60.0,3.3,168,dark_current_density,OPTICAL,nA/cm2,12.7208,17.6323,42.9594,104.8261,4.9115,9.04,3,40.53,7.87,0.0419,0.013,61.93,61.59,12.7208,17.6323,42.9594,104.8261,4.9115,10.0,False,NOMINAL,HEALTHY,49.34,-10.01
IMA_LOT02_COMP0409,LOT_02,IMAGE_SENSOR,LCC-20,IMA-SIH-2026,IMAGE_SENSOR_DARK_CURRENT_TEST,T02_0409,PROC-ISRO-IISU-01,ATE-STATION-01,CHAMBER-01,1.0,60.0,3.3,168,dark_current_density,OPTICAL,nA/cm2,12.7042,15.6229,37.0989,72.8311,2.9187,14.02,6,40.95,9.57,0.0051,0.0075,64.7,61.97,12.7042,15.6229,37.0989,72.8311,2.9187,10.0,False,NOMINAL,HEALTHY,-19.39,-7.36
IMA_LOT02_COMP0410,LOT_02,IMAGE_SENSOR,LCC-20,IMA-SIH-2026,IMAGE_SENSOR_DARK_CURRENT_TEST,T02_0410,PROC-ISRO-IISU-01,ATE-STATION-01,CHAMBER-01,1.0,60.0,3.3,168,dark_current_density,OPTICAL,nA/cm2,12.2626,15.9283,36.0264,85.6663,3.6657,12.54,1,40.45,4.84,0.0033,0.0063,63.07,62.94,12.2626,15.9283,36.0264,85.6663,3.6657,10.0,False,NOMINAL,HEALTHY,17.25,30.36
IMA_LOT02_COMP0411,LOT_02,IMAGE_SENSOR,LCC-20,IMA-SIH-2026,IMAGE_SENSOR_DARK_CURRENT_TEST,T02_0411,PROC-ISRO-IISU-01,ATE-STATION-01,CHAMBER-01,1.0,60.0,3.3,168,dark_current_density,OPTICAL,nA/cm2,12.6673,15.7598,30.9024,58.0974,3.0925,10.94,5,41.59,8.54,0.0265,-0.0175,62.55,61.76,12.6673,15.7598,30.9024,58.0974,3.0925,10.0,False,NOMINAL,HEALTHY,20.72,32.98
IMA_LOT02_COMP0412,LOT_02,IMAGE_SENSOR,LCC-20,IMA-SIH-2026,IMAGE_SENSOR_DARK_CURRENT_TEST,T02_0412,PROC-ISRO-IISU-01,ATE-STATION-01,CHAMBER-01,1.0,60.0,3.3,168,dark_current_density,OPTICAL,nA/cm2,13.1606,20.0487,74.2272,259.7397,6.8881,14.97,5,43.17,7.72,0.0007,-0.0043,63.29,61.65,13.1606,20.0487,74.2272,259.7397,6.8881,10.0,False,NOMINAL,HEALTHY,4.68,-36.12
IMA_LOT02_COMP0413,LOT_02,IMAGE_SENSOR,LCC-20,IMA-SIH-2026,IMAGE_SENSOR_DARK_CURRENT_TEST,T02_0413,PROC-ISRO-IISU-01,ATE-STATION-01,CHAMBER-01,1.0,60.0,3.3,168,dark_current_density,OPTICAL,nA/cm2,12.839,19.4598,64.4782,215.1953,6.6208,14.97,5,39.78,8.74,0.0001,0.0166,65.65,62.44,12.839,19.4598,64.4782,215.1953,6.6208,10.0,False,NOMINAL,HEALTHY,-29.8,-16.4
IMA_LOT02_COMP0414,LOT_02,IMAGE_SENSOR,LCC-20,IMA-SIH-2026,IMAGE_SENSOR_DARK_CURRENT_TEST,T02_0414,PROC-ISRO-IISU-01,ATE-STATION-01,CHAMBER-01,1.0,60.0,3.3,168,dark_current_density,OPTICAL,nA/cm2,12.9642,16.6833,31.9023,62.6551,3.7191,12.54,7,38.43,6.8,0.0013,-0.0032,58.34,61.99,12.9642,16.6833,31.9023,62.6551,3.7191,10.0,False,NOMINAL,HEALTHY,1.94,-5.78
IMA_LOT02_COMP0415,LOT_02,IMAGE_SENSOR,LCC-20,IMA-SIH-2026,IMAGE_SENSOR_DARK_CURRENT_TEST,T02_0415,PROC-ISRO-IISU-01,ATE-STATION-01,CHAMBER-01,1.0,60.0,3.3,168,dark_current_density,OPTICAL,nA/cm2,12.6195,15.3821,31.5464,62.6088,2.7626,12.23,5,42.96,5.94,0.0049,0.0587,59.74,61.59,12.6195,15.3821,31.5464,62.6088,2.7626,10.0,False,NOMINAL,HEALTHY,33.19,49.27
IMA_LOT02_COMP0416,LOT_02,IMAGE_SENSOR,LCC-20,IMA-SIH-2026,IMAGE_SENSOR_DARK_CURRENT_TEST,T02_0416,PROC-ISRO-IISU-01,ATE-STATION-01,CHAMBER-01,1.0,60.0,3.3,168,dark_current_density,OPTICAL,nA/cm2,12.661,18.3752,62.1616,200.4467,5.7142,13.3,4,40.02,6.06,0.0182,0.1586,64.23,61.72,12.661,18.3752,62.1616,200.4467,5.7142,10.0,False,NOMINAL,HEALTHY,41.16,-34.02
IMA_LOT02_COMP0417,LOT_02,IMAGE_SENSOR,LCC-20,IMA-SIH-2026,IMAGE_SENSOR_DARK_CURRENT_TEST,T02_0417,PROC-ISRO-IISU-01,ATE-STATION-01,CHAMBER-01,1.0,60.0,3.3,168,dark_current_density,OPTICAL,nA/cm2,12.7491,18.1348,55.1497,160.7168,5.3857,8.41,5,45.31,8.8,-0.0084,-0.0138,63.01,61.26,12.7491,18.1348,55.1497,160.7168,5.3857,10.0,False,NOMINAL,HEALTHY,-48.26,-34.66
IMA_LOT02_COMP0418,LOT_02,IMAGE_SENSOR,LCC-20,IMA-SIH-2026,IMAGE_SENSOR_DARK_CURRENT_TEST,T02_0418,PROC-ISRO-IISU-01,ATE-STATION-01,CHAMBER-01,1.0,60.0,3.3,168,dark_current_density,OPTICAL,nA/cm2,12.6349,19.212,71.4558,248.2513,6.5771,10.5,6,39.86,8.07,0.0088,-0.0456,63.22,61.57,12.6349,19.212,71.4558,248.2513,6.5771,10.0,False,NOMINAL,HEALTHY,-47.74,-38.49
IMA_LOT02_COMP0419,LOT_02,IMAGE_SENSOR,LCC-20,IMA-SIH-2026,IMAGE_SENSOR_DARK_CURRENT_TEST,T02_0419,PROC-ISRO-IISU-01,ATE-STATION-01,CHAMBER-01,1.0,60.0,3.3,168,dark_current_density,OPTICAL,nA/cm2,12.7399,16.9721,36.3512,79.2024,4.2322,10.36,4,43.81,6.63,0.0045,-0.054,65.06,62.18,12.7399,16.9721,36.3512,79.2024,4.2322,10.0,False,NOMINAL,HEALTHY,-24.56,26.48
IMA_LOT02_COMP0420,LOT_02,IMAGE_SENSOR,LCC-20,IMA-SIH-2026,IMAGE_SENSOR_DARK_CURRENT_TEST,T02_0420,PROC-ISRO-IISU-01,ATE-STATION-01,CHAMBER-01,1.0,60.0,3.3,168,dark_current_density,OPTICAL,nA/cm2,11.6774,15.7699,39.6886,86.6547,4.0925,10.87,5,41.89,6.47,-0.016,-0.1092,64.17,61.44,11.6774,15.7699,39.6886,86.6547,4.0925,10.0,False,NOMINAL,HEALTHY,39.44,16.66
IMA_LOT02_COMP0421,LOT_02,IMAGE_SENSOR,LCC-20,IMA-SIH-2026,IMAGE_SENSOR_DARK_CURRENT_TEST,T02_0421,PROC-ISRO-IISU-01,ATE-STATION-01,CHAMBER-01,1.0,60.0,3.3,168,dark_current_density,OPTICAL,nA/cm2,11.7381,15.4587,33.8691,69.2757,3.7206,16.93,2,45.26,7.38,0.0006,-0.0216,60.8,62.77,11.7381,15.4587,33.8691,69.2757,3.7206,10.0,False,NOMINAL,HEALTHY,16.99,38.78
IMA_LOT02_COMP0422,LOT_02,IMAGE_SENSOR,LCC-20,IMA-SIH-2026,IMAGE_SENSOR_DARK_CURRENT_TEST,T02_0422,PROC-ISRO-IISU-01,ATE-STATION-01,CHAMBER-01,1.0,60.0,3.3,168,dark_current_density,OPTICAL,nA/cm2,12.5163,18.4257,55.4707,172.506,5.9094,9.42,3,41.83,6.16,0.0024,0.0439,61.36,61.77,12.5163,18.4257,55.4707,172.506,5.9094,10.0,False,NOMINAL,HEALTHY,-24.39,8.61
IMA_LOT02_COMP0423,LOT_02,IMAGE_SENSOR,LCC-20,IMA-SIH-2026,IMAGE_SENSOR_DARK_CURRENT_TEST,T02_0423,PROC-ISRO-IISU-01,ATE-STATION-01,CHAMBER-01,1.0,60.0,3.3,168,dark_current_density,OPTICAL,nA/cm2,13.2259,17.6958,37.1495,87.129,4.4699,12.34,5,42.0,8.97,0.0195,-0.0051,62.94,62.04,13.2259,17.6958,37.1495,87.129,4.4699,10.0,False,NOMINAL,HEALTHY,19.75,-31.64
IMA_LOT02_COMP0424,LOT_02,IMAGE_SENSOR,LCC-20,IMA-SIH-2026,IMAGE_SENSOR_DARK_CURRENT_TEST,T02_0424,PROC-ISRO-IISU-01,ATE-STATION-01,CHAMBER-01,1.0,60.0,3.3,168,dark_current_density,OPTICAL,nA/cm2,11.9579,17.1319,39.7576,95.7299,5.174,12.92,3,42.46,9.71,0.0064,-0.0817,61.44,61.4,11.9579,17.1319,39.7576,95.7299,5.174,10.0,False,NOMINAL,HEALTHY,36.76,27.63
IMA_LOT02_COMP0425,LOT_02,IMAGE_SENSOR,LCC-20,IMA-SIH-2026,IMAGE_SENSOR_DARK_CURRENT_TEST,T02_0425,PROC-ISRO-IISU-01,ATE-STATION-01,CHAMBER-01,1.0,60.0,3.3,168,dark_current_density,OPTICAL,nA/cm2,12.8355,17.8133,50.0974,136.781,4.9778,9.83,6,44.2,7.35,-0.0109,-0.0637,60.5,61.96,12.8355,17.8133,50.0974,136.781,4.9778,10.0,False,NOMINAL,HEALTHY,-31.4,-20.87
IMA_LOT02_COMP0426,LOT_02,IMAGE_SENSOR,LCC-20,IMA-SIH-2026,IMAGE_SENSOR_DARK_CURRENT_TEST,T02_0426,PROC-ISRO-IISU-01,ATE-STATION-01,CHAMBER-01,1.0,60.0,3.3,168,dark_current_density,OPTICAL,nA/cm2,12.8956,18.0373,45.8375,118.5589,5.1417,5.82,10,44.46,9.21,-0.0299,-0.0385,62.9,62.44,12.8956,18.0373,45.8375,118.5589,5.1417,10.0,False,NOMINAL,HEALTHY,-6.89,-13.14
IMA_LOT02_COMP0427,LOT_02,IMAGE_SENSOR,LCC-20,IMA-SIH-2026,IMAGE_SENSOR_DARK_CURRENT_TEST,T02_0427,PROC-ISRO-IISU-01,ATE-STATION-01,CHAMBER-01,1.0,60.0,3.3,168,dark_current_density,OPTICAL,nA/cm2,12.0004,16.6969,42.3843,103.4926,4.6965,15.75,6,44.19,5.52,-0.0146,-0.0806,61.13,61.3,12.0004,16.6969,42.3843,103.4926,4.6965,10.0,False,NOMINAL,HEALTHY,-6.89,-20.39
IMA_LOT02_COMP0428,LOT_02,IMAGE_SENSOR,LCC-20,IMA-SIH-2026,IMAGE_SENSOR_DARK_CURRENT_TEST,T02_0428,PROC-ISRO-IISU-01,ATE-STATION-01,CHAMBER-01,1.0,60.0,3.3,168,dark_current_density,OPTICAL,nA/cm2,13.3977,20.0577,67.5734,231.4037,6.66,10.72,4,42.31,8.84,0.0115,0.054,61.25,62.17,13.3977,20.0577,67.5734,231.4037,6.66,10.0,False,NOMINAL,HEALTHY,3.35,-39.86
IMA_LOT02_COMP0429,LOT_02,IMAGE_SENSOR,LCC-20,IMA-SIH-2026,IMAGE_SENSOR_DARK_CURRENT_TEST,T02_0429,PROC-ISRO-IISU-01,ATE-STATION-01,CHAMBER-01,1.0,60.0,3.3,168,dark_current_density,OPTICAL,nA/cm2,13.5323,17.6228,43.0764,109.4693,4.0905,9.81,6,41.57,6.96,0.0318,0.0626,63.25,61.94,13.5323,17.6228,43.0764,109.4693,4.0905,10.0,False,NOMINAL,HEALTHY,40.84,-28.87
IMA_LOT02_COMP0430,LOT_02,IMAGE_SENSOR,LCC-20,IMA-SIH-2026,IMAGE_SENSOR_DARK_CURRENT_TEST,T02_0430,PROC-ISRO-IISU-01,ATE-STATION-01,CHAMBER-01,1.0,60.0,3.3,168,dark_current_density,OPTICAL,nA/cm2,12.9807,18.5334,54.3095,164.0152,5.5527,11.97,4,40.49,7.88,-0.0178,0.0464,60.75,62.24,12.9807,18.5334,54.3095,164.0152,5.5527,10.0,False,NOMINAL,HEALTHY,-29.88,14.16
IMA_LOT02_COMP0431,LOT_02,IMAGE_SENSOR,LCC-20,IMA-SIH-2026,IMAGE_SENSOR_DARK_CURRENT_TEST,T02_0431,PROC-ISRO-IISU-01,ATE-STATION-01,CHAMBER-01,1.0,60.0,3.3,168,dark_current_density,OPTICAL,nA/cm2,13.4331,17.115,36.6731,82.5342,3.6819,10.75,4,40.7,7.68,-0.0326,-0.0481,61.51,62.55,13.4331,17.115,36.6731,82.5342,3.6819,10.0,False,NOMINAL,HEALTHY,49.64,21.36
IMA_LOT02_COMP0432,LOT_02,IMAGE_SENSOR,LCC-20,IMA-SIH-2026,IMAGE_SENSOR_DARK_CURRENT_TEST,T02_0432,PROC-ISRO-IISU-01,ATE-STATION-01,CHAMBER-01,1.0,60.0,3.3,168,dark_current_density,OPTICAL,nA/cm2,12.9789,17.5078,40.6115,87.7962,4.5289,13.66,4,40.78,7.52,0.011,0.0276,63.86,63.56,12.9789,17.5078,40.6115,87.7962,4.5289,10.0,False,NOMINAL,HEALTHY,16.91,-23.51
IMA_LOT02_COMP0433,LOT_02,IMAGE_SENSOR,LCC-20,IMA-SIH-2026,IMAGE_SENSOR_DARK_CURRENT_TEST,T02_0433,PROC-ISRO-IISU-01,ATE-STATION-01,CHAMBER-01,1.0,60.0,3.3,168,dark_current_density,OPTICAL,nA/cm2,13.884,20.878,76.5932,275.4011,6.994,19.57,8,40.5,8.18,-0.0141,-0.0496,62.19,61.79,13.884,20.878,76.5932,275.4011,6.994,10.0,False,NOMINAL,HEALTHY,-25.7,21.84
IMA_LOT02_COMP0434,LOT_02,IMAGE_SENSOR,LCC-20,IMA-SIH-2026,IMAGE_SENSOR_DARK_CURRENT_TEST,T02_0434,PROC-ISRO-IISU-01,ATE-STATION-01,CHAMBER-01,1.0,60.0,3.3,168,dark_current_density,OPTICAL,nA/cm2,12.2824,17.1779,51.7071,159.0481,4.8955,16.02,5,42.55,6.96,-0.0089,0.0006,62.31,62.36,12.2824,17.1779,51.7071,159.0481,4.8955,10.0,False,NOMINAL,HEALTHY,45.13,30.82
IMA_LOT02_COMP0435,LOT_02,IMAGE_SENSOR,LCC-20,IMA-SIH-2026,IMAGE_SENSOR_DARK_CURRENT_TEST,T02_0435,PROC-ISRO-IISU-01,ATE-STATION-01,CHAMBER-01,1.0,60.0,3.3,168,dark_current_density,OPTICAL,nA/cm2,12.4904,17.4727,51.3552,142.7756,4.9823,10.83,4,39.98,8.33,0.0331,0.1066,62.26,61.56,12.4904,17.4727,51.3552,142.7756,4.9823,10.0,False,NOMINAL,HEALTHY,-31.19,-28.34
IMA_LOT02_COMP0436,LOT_02,IMAGE_SENSOR,LCC-20,IMA-SIH-2026,IMAGE_SENSOR_DARK_CURRENT_TEST,T02_0436,PROC-ISRO-IISU-01,ATE-STATION-01,CHAMBER-01,1.0,60.0,3.3,168,dark_current_density,OPTICAL,nA/cm2,12.6184,18.019,48.5297,128.8738,5.4006,17.17,2,37.95,9.95,-0.0268,-0.0272,60.29,62.04,12.6184,18.019,48.5297,128.8738,5.4006,10.0,False,NOMINAL,HEALTHY,45.54,-10.4
IMA_LOT02_COMP0437,LOT_02,IMAGE_SENSOR,LCC-20,IMA-SIH-2026,IMAGE_SENSOR_DARK_CURRENT_TEST,T02_0437,PROC-ISRO-IISU-01,ATE-STATION-01,CHAMBER-01,1.0,60.0,3.3,168,dark_current_density,OPTICAL,nA/cm2,12.2727,18.4496,54.4638,166.3555,6.1769,11.24,3,43.78,7.92,-0.0082,-0.1565,62.9,61.39,12.2727,18.4496,54.4638,166.3555,6.1769,10.0,False,NOMINAL,HEALTHY,-27.78,44.43
IMA_LOT02_COMP0438,LOT_02,IMAGE_SENSOR,LCC-20,IMA-SIH-2026,IMAGE_SENSOR_DARK_CURRENT_TEST,T02_0438,PROC-ISRO-IISU-01,ATE-STATION-01,CHAMBER-01,1.0,60.0,3.3,168,dark_current_density,OPTICAL,nA/cm2,12.408,17.4814,50.0256,133.4999,5.0734,6.26,3,42.48,8.71,0.014,0.0504,59.24,62.12,12.408,17.4814,50.0256,133.4999,5.0734,10.0,False,NOMINAL,HEALTHY,29.48,-29.18
IMA_LOT02_COMP0439,LOT_02,IMAGE_SENSOR,LCC-20,IMA-SIH-2026,IMAGE_SENSOR_DARK_CURRENT_TEST,T02_0439,PROC-ISRO-IISU-01,ATE-STATION-01,CHAMBER-01,1.0,60.0,3.3,168,dark_current_density,OPTICAL,nA/cm2,12.5837,16.9966,43.0681,112.1392,4.4129,12.44,2,42.0,9.9,-0.0065,-0.0361,61.92,62.44,12.5837,16.9966,43.0681,112.1392,4.4129,10.0,False,NOMINAL,HEALTHY,-13.06,-11.56
IMA_LOT02_COMP0440,LOT_02,IMAGE_SENSOR,LCC-20,IMA-SIH-2026,IMAGE_SENSOR_DARK_CURRENT_TEST,T02_0440,PROC-ISRO-IISU-01,ATE-STATION-01,CHAMBER-01,1.0,60.0,3.3,168,dark_current_density,OPTICAL,nA/cm2,12.6647,16.8798,39.5086,85.4195,4.2151,12.06,7,36.76,6.59,0.0069,-0.0543,61.58,61.89,12.6647,16.8798,39.5086,85.4195,4.2151,10.0,False,NOMINAL,HEALTHY,-39.39,-44.68
IMA_LOT02_COMP0441,LOT_02,IMAGE_SENSOR,LCC-20,IMA-SIH-2026,IMAGE_SENSOR_DARK_CURRENT_TEST,T02_0441,PROC-ISRO-IISU-01,ATE-STATION-01,CHAMBER-01,1.0,60.0,3.3,168,dark_current_density,OPTICAL,nA/cm2,12.8836,19.5934,66.1511,228.0582,6.7098,12.6,5,44.03,5.31,0.0352,0.0289,60.99,61.32,12.8836,19.5934,66.1511,228.0582,6.7098,10.0,False,NOMINAL,HEALTHY,-47.55,18.52
IMA_LOT02_COMP0442,LOT_02,IMAGE_SENSOR,LCC-20,IMA-SIH-2026,IMAGE_SENSOR_DARK_CURRENT_TEST,T02_0442,PROC-ISRO-IISU-01,ATE-STATION-01,CHAMBER-01,1.0,60.0,3.3,168,dark_current_density,OPTICAL,nA/cm2,13.1197,18.5485,57.8483,184.9997,5.4288,11.74,8,38.05,6.98,-0.0201,-0.0406,64.97,62.56,13.1197,18.5485,57.8483,184.9997,5.4288,10.0,False,NOMINAL,HEALTHY,14.0,37.33
IMA_LOT02_COMP0443,LOT_02,IMAGE_SENSOR,LCC-20,IMA-SIH-2026,IMAGE_SENSOR_DARK_CURRENT_TEST,T02_0443,PROC-ISRO-IISU-01,ATE-STATION-01,CHAMBER-01,1.0,60.0,3.3,168,dark_current_density,OPTICAL,nA/cm2,12.5647,16.1612,37.6079,81.9027,3.5965,13.65,6,39.86,7.39,-0.0098,-0.0396,63.16,61.54,12.5647,16.1612,37.6079,81.9027,3.5965,10.0,False,NOMINAL,HEALTHY,-35.47,-9.28
IMA_LOT02_COMP0444,LOT_02,IMAGE_SENSOR,LCC-20,IMA-SIH-2026,IMAGE_SENSOR_DARK_CURRENT_TEST,T02_0444,PROC-ISRO-IISU-01,ATE-STATION-01,CHAMBER-01,1.0,60.0,3.3,168,dark_current_density,OPTICAL,nA/cm2,13.1211,16.7086,34.6453,74.4076,3.5875,14.75,1,37.95,6.54,0.0079,-0.0206,62.45,61.57,13.1211,16.7086,34.6453,74.4076,3.5875,10.0,False,NOMINAL,HEALTHY,-16.6,-4.68
IMA_LOT02_COMP0445,LOT_02,IMAGE_SENSOR,LCC-20,IMA-SIH-2026,IMAGE_SENSOR_DARK_CURRENT_TEST,T02_0445,PROC-ISRO-IISU-01,ATE-STATION-01,CHAMBER-01,1.0,60.0,3.3,168,dark_current_density,OPTICAL,nA/cm2,12.7881,17.1826,41.2744,102.0245,4.3945,6.74,6,39.5,7.94,-0.0029,0.047,61.82,61.39,12.7881,17.1826,41.2744,102.0245,4.3945,10.0,False,NOMINAL,HEALTHY,47.24,27.65
IMA_LOT02_COMP0446,LOT_02,IMAGE_SENSOR,LCC-20,IMA-SIH-2026,IMAGE_SENSOR_DARK_CURRENT_TEST,T02_0446,PROC-ISRO-IISU-01,ATE-STATION-01,CHAMBER-01,1.0,60.0,3.3,168,dark_current_density,OPTICAL,nA/cm2,13.1884,17.3689,40.1983,90.5957,4.1805,18.81,3,40.86,8.77,0.0201,0.0245,60.78,61.75,13.1884,17.3689,40.1983,90.5957,4.1805,10.0,False,NOMINAL,HEALTHY,-6.21,36.7
IMA_LOT02_COMP0447,LOT_02,IMAGE_SENSOR,LCC-20,IMA-SIH-2026,IMAGE_SENSOR_DARK_CURRENT_TEST,T02_0447,PROC-ISRO-IISU-01,ATE-STATION-01,CHAMBER-01,1.0,60.0,3.3,168,dark_current_density,OPTICAL,nA/cm2,12.7605,18.115,51.0525,161.6037,5.3545,15.44,3,43.96,8.83,-0.0055,-0.0029,62.42,62.31,12.7605,18.115,51.0525,161.6037,5.3545,10.0,False,NOMINAL,HEALTHY,-34.84,5.48
IMA_LOT02_COMP0448,LOT_02,IMAGE_SENSOR,LCC-20,IMA-SIH-2026,IMAGE_SENSOR_DARK_CURRENT_TEST,T02_0448,PROC-ISRO-IISU-01,ATE-STATION-01,CHAMBER-01,1.0,60.0,3.3,168,dark_current_density,OPTICAL,nA/cm2,12.587,18.2964,54.8807,165.4121,5.7094,7.73,12,43.06,7.47,-0.0124,-0.0214,62.45,62.38,12.587,18.2964,54.8807,165.4121,5.7094,10.0,False,NOMINAL,HEALTHY,49.69,34.19
IMA_LOT02_COMP0449,LOT_02,IMAGE_SENSOR,LCC-20,IMA-SIH-2026,IMAGE_SENSOR_DARK_CURRENT_TEST,T02_0449,PROC-ISRO-IISU-01,ATE-STATION-01,CHAMBER-01,1.0,60.0,3.3,168,dark_current_density,OPTICAL,nA/cm2,13.2499,18.9419,56.3714,157.0781,5.692,14.59,7,41.4,8.7,0.0283,0.0126,64.45,62.47,13.2499,18.9419,56.3714,157.0781,5.692,10.0,False,NOMINAL,HEALTHY,41.92,-27.1
IMA_LOT02_COMP0450,LOT_02,IMAGE_SENSOR,LCC-20,IMA-SIH-2026,IMAGE_SENSOR_DARK_CURRENT_TEST,T02_0450,PROC-ISRO-IISU-01,ATE-STATION-01,CHAMBER-01,1.0,60.0,3.3,168,dark_current_density,OPTICAL,nA/cm2,12.6375,18.7056,53.351,152.4496,6.0681,12.62,4,40.55,7.04,-0.0254,-0.023,60.24,61.29,12.6375,18.7056,53.351,152.4496,6.0681,10.0,False,NOMINAL,HEALTHY,-49.96,-45.21
IMA_LOT02_COMP0451,LOT_02,IMAGE_SENSOR,LCC-20,IMA-SIH-2026,IMAGE_SENSOR_DARK_CURRENT_TEST,T02_0451,PROC-ISRO-IISU-01,ATE-STATION-01,CHAMBER-01,1.0,60.0,3.3,168,dark_current_density,OPTICAL,nA/cm2,11.9516,15.8833,35.298,76.0188,3.9317,11.91,12,43.61,7.09,-0.0207,-0.0142,63.16,61.99,11.9516,15.8833,35.298,76.0188,3.9317,10.0,False,NOMINAL,HEALTHY,9.23,-32.48
IMA_LOT02_COMP0452,LOT_02,IMAGE_SENSOR,LCC-20,IMA-SIH-2026,IMAGE_SENSOR_DARK_CURRENT_TEST,T02_0452,PROC-ISRO-IISU-01,ATE-STATION-01,CHAMBER-01,1.0,60.0,3.3,168,dark_current_density,OPTICAL,nA/cm2,13.616,19.517,54.1993,163.4948,5.901,16.95,3,43.4,8.6,-0.0154,-0.0014,61.33,62.45,13.616,19.517,54.1993,163.4948,5.901,10.0,False,NOMINAL,HEALTHY,7.35,41.4
IMA_LOT02_COMP0453,LOT_02,IMAGE_SENSOR,LCC-20,IMA-SIH-2026,IMAGE_SENSOR_DARK_CURRENT_TEST,T02_0453,PROC-ISRO-IISU-01,ATE-STATION-01,CHAMBER-01,1.0,60.0,3.3,168,dark_current_density,OPTICAL,nA/cm2,12.863,17.5678,40.5353,88.2152,4.7048,14.29,6,39.43,7.68,-0.0124,0.0173,60.38,62.18,12.863,17.5678,40.5353,88.2152,4.7048,10.0,False,NOMINAL,HEALTHY,-45.24,-39.21
IMA_LOT02_COMP0454,LOT_02,IMAGE_SENSOR,LCC-20,IMA-SIH-2026,IMAGE_SENSOR_DARK_CURRENT_TEST,T02_0454,PROC-ISRO-IISU-01,ATE-STATION-01,CHAMBER-01,1.0,60.0,3.3,168,dark_current_density,OPTICAL,nA/cm2,12.6374,20.3339,65.9961,221.1031,7.6965,12.86,4,40.7,7.26,0.0267,0.0407,62.5,61.65,12.6374,20.3339,65.9961,221.1031,7.6965,10.0,False,NOMINAL,HEALTHY,-12.72,43.89
IMA_LOT02_COMP0455,LOT_02,IMAGE_SENSOR,LCC-20,IMA-SIH-2026,IMAGE_SENSOR_DARK_CURRENT_TEST,T02_0455,PROC-ISRO-IISU-01,ATE-STATION-01,CHAMBER-01,1.0,60.0,3.3,168,dark_current_density,OPTICAL,nA/cm2,11.1531,14.6426,29.6896,61.6401,3.4895,13.9,7,43.02,8.23,0.033,0.0394,62.85,61.12,11.1531,14.6426,29.6896,61.6401,3.4895,10.0,False,NOMINAL,HEALTHY,18.43,-28.6
IMA_LOT02_COMP0456,LOT_02,IMAGE_SENSOR,LCC-20,IMA-SIH-2026,IMAGE_SENSOR_DARK_CURRENT_TEST,T02_0456,PROC-ISRO-IISU-01,ATE-STATION-01,CHAMBER-01,1.0,60.0,3.3,168,dark_current_density,OPTICAL,nA/cm2,12.6601,16.8963,41.3962,93.6769,4.2362,10.98,7,44.54,4.62,0.0038,0.0069,59.82,62.3,12.6601,16.8963,41.3962,93.6769,4.2362,10.0,True,DIELECTRIC_OSCILLATION,HEALTHY,47.87,-30.9
IMA_LOT02_COMP0457,LOT_02,IMAGE_SENSOR,LCC-20,IMA-SIH-2026,IMAGE_SENSOR_DARK_CURRENT_TEST,T02_0457,PROC-ISRO-IISU-01,ATE-STATION-01,CHAMBER-01,1.0,60.0,3.3,168,dark_current_density,OPTICAL,nA/cm2,12.9835,17.2948,43.6228,114.444,4.3113,15.78,3,41.64,10.55,0.013,0.1287,62.69,61.8,12.9835,17.2948,43.6228,114.444,4.3113,10.0,False,NOMINAL,HEALTHY,-14.29,43.18
IMA_LOT02_COMP0458,LOT_02,IMAGE_SENSOR,LCC-20,IMA-SIH-2026,IMAGE_SENSOR_DARK_CURRENT_TEST,T02_0458,PROC-ISRO-IISU-01,ATE-STATION-01,CHAMBER-01,1.0,60.0,3.3,168,dark_current_density,OPTICAL,nA/cm2,13.1523,18.6121,64.3592,203.0896,5.4598,11.12,2,41.36,6.9,0.0175,-0.0203,61.84,62.77,13.1523,18.6121,64.3592,203.0896,5.4598,10.0,False,NOMINAL,HEALTHY,-30.27,-31.5
IMA_LOT02_COMP0459,LOT_02,IMAGE_SENSOR,LCC-20,IMA-SIH-2026,IMAGE_SENSOR_DARK_CURRENT_TEST,T02_0459,PROC-ISRO-IISU-01,ATE-STATION-01,CHAMBER-01,1.0,60.0,3.3,168,dark_current_density,OPTICAL,nA/cm2,12.6549,19.5729,69.3326,231.3995,6.918,11.4,7,43.57,7.73,0.0219,0.0295,63.12,61.53,12.6549,19.5729,69.3326,231.3995,6.918,10.0,False,NOMINAL,HEALTHY,-36.68,5.4
IMA_LOT02_COMP0460,LOT_02,IMAGE_SENSOR,LCC-20,IMA-SIH-2026,IMAGE_SENSOR_DARK_CURRENT_TEST,T02_0460,PROC-ISRO-IISU-01,ATE-STATION-01,CHAMBER-01,1.0,60.0,3.3,168,dark_current_density,OPTICAL,nA/cm2,11.563,17.5716,44.8726,130.6432,6.0086,18.45,4,43.23,6.69,0.029,-0.0567,60.12,62.2,11.563,17.5716,44.8726,130.6432,6.0086,10.0,False,NOMINAL,HEALTHY,8.18,-23.51
IMA_LOT02_COMP0461,LOT_02,IMAGE_SENSOR,LCC-20,IMA-SIH-2026,IMAGE_SENSOR_DARK_CURRENT_TEST,T02_0461,PROC-ISRO-IISU-01,ATE-STATION-01,CHAMBER-01,1.0,60.0,3.3,168,dark_current_density,OPTICAL,nA/cm2,13.2638,19.1175,52.9218,151.655,5.8537,7.25,5,44.52,8.53,-0.0364,-0.015,60.98,61.94,13.2638,19.1175,52.9218,151.655,5.8537,10.0,False,NOMINAL,HEALTHY,-9.44,-42.32
IMA_LOT02_COMP0462,LOT_02,IMAGE_SENSOR,LCC-20,IMA-SIH-2026,IMAGE_SENSOR_DARK_CURRENT_TEST,T02_0462,PROC-ISRO-IISU-01,ATE-STATION-01,CHAMBER-01,1.0,60.0,3.3,168,dark_current_density,OPTICAL,nA/cm2,12.8368,17.828,43.8305,105.4146,4.9912,13.72,2,41.97,4.6,-0.0116,-0.0139,60.17,61.65,12.8368,17.828,43.8305,105.4146,4.9912,10.0,False,NOMINAL,HEALTHY,5.97,-29.81
IMA_LOT02_COMP0463,LOT_02,IMAGE_SENSOR,LCC-20,IMA-SIH-2026,IMAGE_SENSOR_DARK_CURRENT_TEST,T02_0463,PROC-ISRO-IISU-01,ATE-STATION-01,CHAMBER-01,1.0,60.0,3.3,168,dark_current_density,OPTICAL,nA/cm2,11.7252,17.2698,71.5228,357.2501,5.5446,11.97,4,43.32,6.92,-0.0151,0.0351,63.77,61.12,11.7252,17.2698,71.5228,357.2501,5.5446,10.0,True,DARK_CURRENT_SPIKE_GROWTH,HEALTHY,-37.71,-37.11
IMA_LOT02_COMP0464,LOT_02,IMAGE_SENSOR,LCC-20,IMA-SIH-2026,IMAGE_SENSOR_DARK_CURRENT_TEST,T02_0464,PROC-ISRO-IISU-01,ATE-STATION-01,CHAMBER-01,1.0,60.0,3.3,168,dark_current_density,OPTICAL,nA/cm2,13.0923,16.3346,34.8877,76.0721,3.2423,9.51,6,45.31,7.24,-0.0058,0.0891,60.44,61.72,13.0923,16.3346,34.8877,76.0721,3.2423,10.0,False,NOMINAL,HEALTHY,-14.87,-32.46
IMA_LOT02_COMP0465,LOT_02,IMAGE_SENSOR,LCC-20,IMA-SIH-2026,IMAGE_SENSOR_DARK_CURRENT_TEST,T02_0465,PROC-ISRO-IISU-01,ATE-STATION-01,CHAMBER-01,1.0,60.0,3.3,168,dark_current_density,OPTICAL,nA/cm2,13.8046,19.1981,55.8466,160.2138,5.3935,10.41,6,45.01,9.12,-0.0012,-0.029,59.91,62.73,13.8046,19.1981,55.8466,160.2138,5.3935,10.0,False,NOMINAL,HEALTHY,32.97,42.48
IMA_LOT02_COMP0466,LOT_02,IMAGE_SENSOR,LCC-20,IMA-SIH-2026,IMAGE_SENSOR_DARK_CURRENT_TEST,T02_0466,PROC-ISRO-IISU-01,ATE-STATION-01,CHAMBER-01,1.0,60.0,3.3,168,dark_current_density,OPTICAL,nA/cm2,13.6673,16.6928,34.0258,70.5706,3.0255,12.27,10,39.85,9.13,-0.035,0.0201,63.44,61.06,13.6673,16.6928,34.0258,70.5706,3.0255,10.0,False,NOMINAL,HEALTHY,24.62,34.14
IMA_LOT02_COMP0467,LOT_02,IMAGE_SENSOR,LCC-20,IMA-SIH-2026,IMAGE_SENSOR_DARK_CURRENT_TEST,T02_0467,PROC-ISRO-IISU-01,ATE-STATION-01,CHAMBER-01,1.0,60.0,3.3,168,dark_current_density,OPTICAL,nA/cm2,13.1745,16.562,38.1717,84.3592,3.3875,13.8,3,43.28,10.65,-0.0112,0.0375,60.78,61.85,13.1745,16.562,38.1717,84.3592,3.3875,10.0,False,NOMINAL,HEALTHY,-17.74,-21.08
IMA_LOT02_COMP0468,LOT_02,IMAGE_SENSOR,LCC-20,IMA-SIH-2026,IMAGE_SENSOR_DARK_CURRENT_TEST,T02_0468,PROC-ISRO-IISU-01,ATE-STATION-01,CHAMBER-01,1.0,60.0,3.3,168,dark_current_density,OPTICAL,nA/cm2,12.4918,17.792,45.677,114.4242,5.3002,18.28,11,38.69,4.47,-0.0035,0.0324,63.41,61.58,12.4918,17.792,45.677,114.4242,5.3002,10.0,False,NOMINAL,HEALTHY,1.82,-25.68
IMA_LOT02_COMP0469,LOT_02,IMAGE_SENSOR,LCC-20,IMA-SIH-2026,IMAGE_SENSOR_DARK_CURRENT_TEST,T02_0469,PROC-ISRO-IISU-01,ATE-STATION-01,CHAMBER-01,1.0,60.0,3.3,168,dark_current_density,OPTICAL,nA/cm2,12.6615,15.9523,31.4189,70.2948,3.2908,9.76,6,43.89,9.19,0.0229,0.088,64.06,61.54,12.6615,15.9523,31.4189,70.2948,3.2908,10.0,False,NOMINAL,HEALTHY,-46.02,10.01
IMA_LOT02_COMP0470,LOT_02,IMAGE_SENSOR,LCC-20,IMA-SIH-2026,IMAGE_SENSOR_DARK_CURRENT_TEST,T02_0470,PROC-ISRO-IISU-01,ATE-STATION-01,CHAMBER-01,1.0,60.0,3.3,168,dark_current_density,OPTICAL,nA/cm2,12.7279,17.8112,52.155,164.6851,5.0833,13.7,5,39.62,5.91,-0.014,0.0085,60.18,61.79,12.7279,17.8112,52.155,164.6851,5.0833,10.0,False,NOMINAL,HEALTHY,-29.06,-10.99
IMA_LOT02_COMP0471,LOT_02,IMAGE_SENSOR,LCC-20,IMA-SIH-2026,IMAGE_SENSOR_DARK_CURRENT_TEST,T02_0471,PROC-ISRO-IISU-01,ATE-STATION-01,CHAMBER-01,1.0,60.0,3.3,168,dark_current_density,OPTICAL,nA/cm2,12.7173,17.0399,38.7589,90.3182,4.3226,13.99,5,41.7,7.4,0.0265,0.0017,64.57,62.79,12.7173,17.0399,38.7589,90.3182,4.3226,10.0,False,NOMINAL,HEALTHY,-16.88,-9.25
IMA_LOT02_COMP0472,LOT_02,IMAGE_SENSOR,LCC-20,IMA-SIH-2026,IMAGE_SENSOR_DARK_CURRENT_TEST,T02_0472,PROC-ISRO-IISU-01,ATE-STATION-01,CHAMBER-01,1.0,60.0,3.3,168,dark_current_density,OPTICAL,nA/cm2,13.5386,20.0017,71.5175,249.1951,6.4631,11.3,5,40.77,7.72,-0.0201,-0.0154,60.96,62.26,13.5386,20.0017,71.5175,249.1951,6.4631,10.0,False,NOMINAL,HEALTHY,38.4,24.67
IMA_LOT02_COMP0473,LOT_02,IMAGE_SENSOR,LCC-20,IMA-SIH-2026,IMAGE_SENSOR_DARK_CURRENT_TEST,T02_0473,PROC-ISRO-IISU-01,ATE-STATION-01,CHAMBER-01,1.0,60.0,3.3,168,dark_current_density,OPTICAL,nA/cm2,12.6773,18.1773,66.966,228.5107,5.5,5.82,3,42.56,7.51,-0.0299,0.0308,60.98,62.85,12.6773,18.1773,66.966,228.5107,5.5,10.0,False,NOMINAL,HEALTHY,-33.09,44.62
IMA_LOT02_COMP0474,LOT_02,IMAGE_SENSOR,LCC-20,IMA-SIH-2026,IMAGE_SENSOR_DARK_CURRENT_TEST,T02_0474,PROC-ISRO-IISU-01,ATE-STATION-01,CHAMBER-01,1.0,60.0,3.3,168,dark_current_density,OPTICAL,nA/cm2,12.5147,16.9504,40.8735,101.7738,4.4357,13.93,4,43.36,8.59,0.0058,-0.0474,60.1,62.32,12.5147,16.9504,40.8735,101.7738,4.4357,10.0,False,NOMINAL,HEALTHY,-24.03,3.92
IMA_LOT02_COMP0475,LOT_02,IMAGE_SENSOR,LCC-20,IMA-SIH-2026,IMAGE_SENSOR_DARK_CURRENT_TEST,T02_0475,PROC-ISRO-IISU-01,ATE-STATION-01,CHAMBER-01,1.0,60.0,3.3,168,dark_current_density,OPTICAL,nA/cm2,13.2684,19.1474,56.1174,164.0951,5.879,16.44,6,40.57,8.73,-0.0371,-0.0846,62.5,62.35,13.2684,19.1474,56.1174,164.0951,5.879,10.0,False,NOMINAL,HEALTHY,45.69,-30.0
IMA_LOT02_COMP0476,LOT_02,IMAGE_SENSOR,LCC-20,IMA-SIH-2026,IMAGE_SENSOR_DARK_CURRENT_TEST,T02_0476,PROC-ISRO-IISU-01,ATE-STATION-01,CHAMBER-01,1.0,60.0,3.3,168,dark_current_density,OPTICAL,nA/cm2,12.1235,16.1922,39.2208,100.5094,4.0687,14.02,4,42.32,7.65,-0.0153,0.0052,61.62,61.51,12.1235,16.1922,39.2208,100.5094,4.0687,10.0,False,NOMINAL,HEALTHY,33.83,-28.72
IMA_LOT02_COMP0477,LOT_02,IMAGE_SENSOR,LCC-20,IMA-SIH-2026,IMAGE_SENSOR_DARK_CURRENT_TEST,T02_0477,PROC-ISRO-IISU-01,ATE-STATION-01,CHAMBER-01,1.0,60.0,3.3,168,dark_current_density,OPTICAL,nA/cm2,12.6558,16.0165,35.2041,76.4662,3.3607,14.38,3,43.63,7.69,0.0297,0.0371,59.32,61.59,12.6558,16.0165,35.2041,76.4662,3.3607,10.0,False,NOMINAL,HEALTHY,-49.72,-2.49
IMA_LOT02_COMP0478,LOT_02,IMAGE_SENSOR,LCC-20,IMA-SIH-2026,IMAGE_SENSOR_DARK_CURRENT_TEST,T02_0478,PROC-ISRO-IISU-01,ATE-STATION-01,CHAMBER-01,1.0,60.0,3.3,168,dark_current_density,OPTICAL,nA/cm2,12.6598,17.3513,46.9013,129.1336,4.6915,14.31,6,41.03,6.92,-0.0307,-0.0211,60.94,61.89,12.6598,17.3513,46.9013,129.1336,4.6915,10.0,False,NOMINAL,HEALTHY,46.31,14.05
IMA_LOT02_COMP0479,LOT_02,IMAGE_SENSOR,LCC-20,IMA-SIH-2026,IMAGE_SENSOR_DARK_CURRENT_TEST,T02_0479,PROC-ISRO-IISU-01,ATE-STATION-01,CHAMBER-01,1.0,60.0,3.3,168,dark_current_density,OPTICAL,nA/cm2,13.0477,17.5971,46.4867,121.7252,4.5494,13.79,5,40.73,5.71,0.0068,0.0751,62.7,61.84,13.0477,17.5971,46.4867,121.7252,4.5494,10.0,False,NOMINAL,HEALTHY,-8.65,20.01
IMA_LOT02_COMP0480,LOT_02,IMAGE_SENSOR,LCC-20,IMA-SIH-2026,IMAGE_SENSOR_DARK_CURRENT_TEST,T02_0480,PROC-ISRO-IISU-01,ATE-STATION-01,CHAMBER-01,1.0,60.0,3.3,168,dark_current_density,OPTICAL,nA/cm2,13.0057,19.3966,65.6549,211.8776,6.3909,13.35,10,40.26,7.52,0.009,-0.0375,63.33,62.08,13.0057,19.3966,65.6549,211.8776,6.3909,10.0,False,NOMINAL,HEALTHY,34.15,18.44
IMA_LOT02_COMP0481,LOT_02,IMAGE_SENSOR,LCC-20,IMA-SIH-2026,IMAGE_SENSOR_DARK_CURRENT_TEST,T02_0481,PROC-ISRO-IISU-01,ATE-STATION-01,CHAMBER-01,1.0,60.0,3.3,168,dark_current_density,OPTICAL,nA/cm2,12.9733,16.9112,34.132,71.6452,3.9379,10.68,6,47.0,8.09,-0.0211,0.0091,62.21,62.36,12.9733,16.9112,34.132,71.6452,3.9379,10.0,False,NOMINAL,HEALTHY,-15.89,10.44
IMA_LOT02_COMP0482,LOT_02,IMAGE_SENSOR,LCC-20,IMA-SIH-2026,IMAGE_SENSOR_DARK_CURRENT_TEST,T02_0482,PROC-ISRO-IISU-01,ATE-STATION-01,CHAMBER-01,1.0,60.0,3.3,168,dark_current_density,OPTICAL,nA/cm2,12.4678,18.3109,50.7068,155.6001,5.8431,9.57,8,42.42,8.21,-0.0063,-0.0538,61.51,62.34,12.4678,18.3109,50.7068,155.6001,5.8431,10.0,False,NOMINAL,HEALTHY,-31.44,19.55
IMA_LOT02_COMP0483,LOT_02,IMAGE_SENSOR,LCC-20,IMA-SIH-2026,IMAGE_SENSOR_DARK_CURRENT_TEST,T02_0483,PROC-ISRO-IISU-01,ATE-STATION-01,CHAMBER-01,1.0,60.0,3.3,168,dark_current_density,OPTICAL,nA/cm2,12.4465,16.0402,31.1574,63.7999,3.5937,16.53,5,42.77,7.45,-0.0229,-0.0137,61.12,61.54,12.4465,16.0402,31.1574,63.7999,3.5937,10.0,False,NOMINAL,HEALTHY,2.08,6.5
IMA_LOT02_COMP0484,LOT_02,IMAGE_SENSOR,LCC-20,IMA-SIH-2026,IMAGE_SENSOR_DARK_CURRENT_TEST,T02_0484,PROC-ISRO-IISU-01,ATE-STATION-01,CHAMBER-01,1.0,60.0,3.3,168,dark_current_density,OPTICAL,nA/cm2,13.2014,17.157,39.3432,93.9565,3.9556,19.27,3,37.5,8.54,-0.0002,0.0515,60.43,61.74,13.2014,17.157,39.3432,93.9565,3.9556,10.0,False,NOMINAL,HEALTHY,-45.86,-47.52
IMA_LOT02_COMP0485,LOT_02,IMAGE_SENSOR,LCC-20,IMA-SIH-2026,IMAGE_SENSOR_DARK_CURRENT_TEST,T02_0485,PROC-ISRO-IISU-01,ATE-STATION-01,CHAMBER-01,1.0,60.0,3.3,168,dark_current_density,OPTICAL,nA/cm2,12.9956,16.7996,37.7247,84.1187,3.804,12.22,5,42.31,6.58,0.0163,0.0251,62.43,61.44,12.9956,16.7996,37.7247,84.1187,3.804,10.0,False,NOMINAL,HEALTHY,19.7,49.56
IMA_LOT02_COMP0486,LOT_02,IMAGE_SENSOR,LCC-20,IMA-SIH-2026,IMAGE_SENSOR_DARK_CURRENT_TEST,T02_0486,PROC-ISRO-IISU-01,ATE-STATION-01,CHAMBER-01,1.0,60.0,3.3,168,dark_current_density,OPTICAL,nA/cm2,12.7267,18.0607,58.7361,190.6063,5.334,12.13,7,42.01,10.24,-0.0117,0.0003,62.06,62.26,12.7267,18.0607,58.7361,190.6063,5.334,10.0,False,NOMINAL,HEALTHY,-46.82,-18.02
IMA_LOT02_COMP0487,LOT_02,IMAGE_SENSOR,LCC-20,IMA-SIH-2026,IMAGE_SENSOR_DARK_CURRENT_TEST,T02_0487,PROC-ISRO-IISU-01,ATE-STATION-01,CHAMBER-01,1.0,60.0,3.3,168,dark_current_density,OPTICAL,nA/cm2,12.2586,18.7393,60.1947,216.9878,6.4807,10.67,4,43.05,7.66,-0.0184,-0.0384,61.5,62.05,12.2586,18.7393,60.1947,216.9878,6.4807,10.0,False,NOMINAL,HEALTHY,-6.23,-29.46
IMA_LOT02_COMP0488,LOT_02,IMAGE_SENSOR,LCC-20,IMA-SIH-2026,IMAGE_SENSOR_DARK_CURRENT_TEST,T02_0488,PROC-ISRO-IISU-01,ATE-STATION-01,CHAMBER-01,1.0,60.0,3.3,168,dark_current_density,OPTICAL,nA/cm2,12.4459,18.7129,56.5618,167.7637,6.267,9.46,2,43.79,8.85,-0.0088,0.0032,61.73,62.65,12.4459,18.7129,56.5618,167.7637,6.267,10.0,False,NOMINAL,HEALTHY,7.02,26.81
IMA_LOT02_COMP0489,LOT_02,IMAGE_SENSOR,LCC-20,IMA-SIH-2026,IMAGE_SENSOR_DARK_CURRENT_TEST,T02_0489,PROC-ISRO-IISU-01,ATE-STATION-01,CHAMBER-01,1.0,60.0,3.3,168,dark_current_density,OPTICAL,nA/cm2,12.402,18.226,185.2783,1892.8656,5.824,10.29,6,43.86,5.62,0.0111,0.05,60.45,62.32,12.402,18.226,185.2783,1892.8656,5.824,10.0,True,THERMAL_RUNAWAY,HEALTHY,46.38,-36.19
IMA_LOT02_COMP0490,LOT_02,IMAGE_SENSOR,LCC-20,IMA-SIH-2026,IMAGE_SENSOR_DARK_CURRENT_TEST,T02_0490,PROC-ISRO-IISU-01,ATE-STATION-01,CHAMBER-01,1.0,60.0,3.3,168,dark_current_density,OPTICAL,nA/cm2,12.1518,17.5667,51.3805,150.6962,5.4149,7.97,7,43.76,6.25,-0.0351,-0.0444,63.1,61.84,12.1518,17.5667,51.3805,150.6962,5.4149,10.0,False,NOMINAL,HEALTHY,-28.13,-27.03
IMA_LOT02_COMP0491,LOT_02,IMAGE_SENSOR,LCC-20,IMA-SIH-2026,IMAGE_SENSOR_DARK_CURRENT_TEST,T02_0491,PROC-ISRO-IISU-01,ATE-STATION-01,CHAMBER-01,1.0,60.0,3.3,168,dark_current_density,OPTICAL,nA/cm2,12.3208,16.8625,41.9817,102.2946,4.5417,9.69,3,39.53,4.06,0.0216,0.0348,62.43,62.58,12.3208,16.8625,41.9817,102.2946,4.5417,10.0,False,NOMINAL,HEALTHY,23.88,8.39
IMA_LOT02_COMP0492,LOT_02,IMAGE_SENSOR,LCC-20,IMA-SIH-2026,IMAGE_SENSOR_DARK_CURRENT_TEST,T02_0492,PROC-ISRO-IISU-01,ATE-STATION-01,CHAMBER-01,1.0,60.0,3.3,168,dark_current_density,OPTICAL,nA/cm2,12.4474,16.2188,32.071,66.7804,3.7714,10.13,3,41.45,8.25,0.019,0.0183,60.91,61.81,12.4474,16.2188,32.071,66.7804,3.7714,10.0,False,NOMINAL,HEALTHY,20.83,32.33
IMA_LOT02_COMP0493,LOT_02,IMAGE_SENSOR,LCC-20,IMA-SIH-2026,IMAGE_SENSOR_DARK_CURRENT_TEST,T02_0493,PROC-ISRO-IISU-01,ATE-STATION-01,CHAMBER-01,1.0,60.0,3.3,168,dark_current_density,OPTICAL,nA/cm2,12.6813,17.7077,42.6182,107.4045,5.0264,13.54,0,43.4,9.4,-0.0044,0.006,60.99,60.96,12.6813,17.7077,42.6182,107.4045,5.0264,10.0,False,NOMINAL,HEALTHY,9.39,-36.45
IMA_LOT02_COMP0494,LOT_02,IMAGE_SENSOR,LCC-20,IMA-SIH-2026,IMAGE_SENSOR_DARK_CURRENT_TEST,T02_0494,PROC-ISRO-IISU-01,ATE-STATION-01,CHAMBER-01,1.0,60.0,3.3,168,dark_current_density,OPTICAL,nA/cm2,12.3229,18.1249,53.6275,150.5137,5.802,11.38,6,41.52,6.25,0.0257,0.1511,58.81,62.28,12.3229,18.1249,53.6275,150.5137,5.802,10.0,False,NOMINAL,HEALTHY,-19.53,30.92
IMA_LOT02_COMP0495,LOT_02,IMAGE_SENSOR,LCC-20,IMA-SIH-2026,IMAGE_SENSOR_DARK_CURRENT_TEST,T02_0495,PROC-ISRO-IISU-01,ATE-STATION-01,CHAMBER-01,1.0,60.0,3.3,168,dark_current_density,OPTICAL,nA/cm2,13.6784,19.2552,53.8825,158.4474,5.5768,11.63,6,41.57,7.16,0.0097,0.0065,63.13,62.15,13.6784,19.2552,53.8825,158.4474,5.5768,10.0,False,NOMINAL,HEALTHY,-18.64,44.79
IMA_LOT02_COMP0496,LOT_02,IMAGE_SENSOR,LCC-20,IMA-SIH-2026,IMAGE_SENSOR_DARK_CURRENT_TEST,T02_0496,PROC-ISRO-IISU-01,ATE-STATION-01,CHAMBER-01,1.0,60.0,3.3,168,dark_current_density,OPTICAL,nA/cm2,12.078,15.7302,33.6048,71.166,3.6522,10.23,7,39.84,8.81,-0.0024,0.0018,63.33,63.05,12.078,15.7302,33.6048,71.166,3.6522,10.0,False,NOMINAL,HEALTHY,-21.73,-25.6
IMA_LOT02_COMP0497,LOT_02,IMAGE_SENSOR,LCC-20,IMA-SIH-2026,IMAGE_SENSOR_DARK_CURRENT_TEST,T02_0497,PROC-ISRO-IISU-01,ATE-STATION-01,CHAMBER-01,1.0,60.0,3.3,168,dark_current_density,OPTICAL,nA/cm2,13.2177,15.9519,34.8846,72.322,2.7342,12.28,5,41.55,6.44,0.0199,-0.0034,64.7,61.52,13.2177,15.9519,34.8846,72.322,2.7342,10.0,False,NOMINAL,HEALTHY,41.64,-23.85
IMA_LOT02_COMP0498,LOT_02,IMAGE_SENSOR,LCC-20,IMA-SIH-2026,IMAGE_SENSOR_DARK_CURRENT_TEST,T02_0498,PROC-ISRO-IISU-01,ATE-STATION-01,CHAMBER-01,1.0,60.0,3.3,168,dark_current_density,OPTICAL,nA/cm2,12.4868,15.5861,33.103,65.1939,3.0993,14.5,9,43.85,8.93,0.0051,-0.0031,64.14,61.83,12.4868,15.5861,33.103,65.1939,3.0993,10.0,False,NOMINAL,HEALTHY,-1.34,33.98
IMA_LOT02_COMP0499,LOT_02,IMAGE_SENSOR,LCC-20,IMA-SIH-2026,IMAGE_SENSOR_DARK_CURRENT_TEST,T02_0499,PROC-ISRO-IISU-01,ATE-STATION-01,CHAMBER-01,1.0,60.0,3.3,168,dark_current_density,OPTICAL,nA/cm2,11.8784,17.9498,61.5909,211.2013,6.0714,10.12,4,40.05,7.23,0.0302,0.1273,61.23,62.54,11.8784,17.9498,61.5909,211.2013,6.0714,10.0,False,NOMINAL,HEALTHY,-26.92,-38.45
IMA_LOT02_COMP0500,LOT_02,IMAGE_SENSOR,LCC-20,IMA-SIH-2026,IMAGE_SENSOR_DARK_CURRENT_TEST,T02_0500,PROC-ISRO-IISU-01,ATE-STATION-01,CHAMBER-01,1.0,60.0,3.3,168,dark_current_density,OPTICAL,nA/cm2,12.6818,16.6071,33.5031,68.3067,3.9253,12.55,4,44.9,8.14,0.0436,0.1047,62.25,61.29,12.6818,16.6071,33.5031,68.3067,3.9253,10.0,False,NOMINAL,HEALTHY,44.35,-17.15
IMA_LOT02_COMP0501,LOT_02,IMAGE_SENSOR,LCC-20,IMA-SIH-2026,IMAGE_SENSOR_DARK_CURRENT_TEST,T02_0501,PROC-ISRO-IISU-01,ATE-STATION-01,CHAMBER-01,1.0,60.0,3.3,168,dark_current_density,OPTICAL,nA/cm2,13.0392,19.3943,71.3362,245.5654,6.3551,11.21,7,40.91,8.64,0.0223,-0.0071,62.45,61.61,13.0392,19.3943,71.3362,245.5654,6.3551,10.0,False,NOMINAL,HEALTHY,20.21,-46.83
IMA_LOT02_COMP0502,LOT_02,IMAGE_SENSOR,LCC-20,IMA-SIH-2026,IMAGE_SENSOR_DARK_CURRENT_TEST,T02_0502,PROC-ISRO-IISU-01,ATE-STATION-01,CHAMBER-01,1.0,60.0,3.3,168,dark_current_density,OPTICAL,nA/cm2,12.3384,16.3536,37.6316,85.0271,4.0152,10.87,6,38.49,7.79,-0.0231,-0.0418,61.54,62.62,12.3384,16.3536,37.6316,85.0271,4.0152,10.0,False,NOMINAL,HEALTHY,-40.23,20.66
IMA_LOT02_COMP0503,LOT_02,IMAGE_SENSOR,LCC-20,IMA-SIH-2026,IMAGE_SENSOR_DARK_CURRENT_TEST,T02_0503,PROC-ISRO-IISU-01,ATE-STATION-01,CHAMBER-01,1.0,60.0,3.3,168,dark_current_density,OPTICAL,nA/cm2,11.9597,15.4936,34.2012,81.4469,3.5339,10.82,5,42.3,9.3,0.0484,0.1205,62.22,62.43,11.9597,15.4936,34.2012,81.4469,3.5339,10.0,False,NOMINAL,HEALTHY,-14.86,36.43
IMA_LOT02_COMP0504,LOT_02,IMAGE_SENSOR,LCC-20,IMA-SIH-2026,IMAGE_SENSOR_DARK_CURRENT_TEST,T02_0504,PROC-ISRO-IISU-01,ATE-STATION-01,CHAMBER-01,1.0,60.0,3.3,168,dark_current_density,OPTICAL,nA/cm2,12.4997,18.5349,55.1941,166.4884,6.0352,9.3,6,37.22,6.95,-0.0013,0.0186,66.02,62.54,12.4997,18.5349,55.1941,166.4884,6.0352,10.0,False,NOMINAL,HEALTHY,-39.3,-41.78
IMA_LOT02_COMP0505,LOT_02,IMAGE_SENSOR,LCC-20,IMA-SIH-2026,IMAGE_SENSOR_DARK_CURRENT_TEST,T02_0505,PROC-ISRO-IISU-01,ATE-STATION-01,CHAMBER-01,1.0,60.0,3.3,168,dark_current_density,OPTICAL,nA/cm2,12.5237,19.8752,73.2151,253.1889,7.3515,8.66,3,44.41,9.12,0.0263,-0.0097,63.53,62.67,12.5237,19.8752,73.2151,253.1889,7.3515,10.0,False,NOMINAL,HEALTHY,26.51,8.73
IMA_LOT02_COMP0506,LOT_02,IMAGE_SENSOR,LCC-20,IMA-SIH-2026,IMAGE_SENSOR_DARK_CURRENT_TEST,T02_0506,PROC-ISRO-IISU-01,ATE-STATION-01,CHAMBER-01,1.0,60.0,3.3,168,dark_current_density,OPTICAL,nA/cm2,12.6965,18.3982,60.2382,186.8103,5.7017,11.91,4,45.53,8.52,0.015,0.0325,61.41,62.39,12.6965,18.3982,60.2382,186.8103,5.7017,10.0,False,NOMINAL,HEALTHY,27.29,30.94
IMA_LOT02_COMP0507,LOT_02,IMAGE_SENSOR,LCC-20,IMA-SIH-2026,IMAGE_SENSOR_DARK_CURRENT_TEST,T02_0507,PROC-ISRO-IISU-01,ATE-STATION-01,CHAMBER-01,1.0,60.0,3.3,168,dark_current_density,OPTICAL,nA/cm2,12.7237,18.4006,60.8849,196.4487,5.6769,14.06,6,41.67,5.44,-0.0275,-0.0714,60.84,62.04,12.7237,18.4006,60.8849,196.4487,5.6769,10.0,False,NOMINAL,HEALTHY,-39.73,-18.66
IMA_LOT02_COMP0508,LOT_02,IMAGE_SENSOR,LCC-20,IMA-SIH-2026,IMAGE_SENSOR_DARK_CURRENT_TEST,T02_0508,PROC-ISRO-IISU-01,ATE-STATION-01,CHAMBER-01,1.0,60.0,3.3,168,dark_current_density,OPTICAL,nA/cm2,13.1729,17.2038,36.9562,77.4053,4.0309,16.39,2,41.65,9.66,-0.0101,-0.0219,59.47,61.81,13.1729,17.2038,36.9562,77.4053,4.0309,10.0,False,NOMINAL,HEALTHY,-28.72,27.9
IMA_LOT02_COMP0509,LOT_02,IMAGE_SENSOR,LCC-20,IMA-SIH-2026,IMAGE_SENSOR_DARK_CURRENT_TEST,T02_0509,PROC-ISRO-IISU-01,ATE-STATION-01,CHAMBER-01,1.0,60.0,3.3,168,dark_current_density,OPTICAL,nA/cm2,12.1541,16.8047,43.5252,114.375,4.6506,7.75,2,43.84,6.5,-0.0331,-0.0078,60.0,63.1,12.1541,16.8047,43.5252,114.375,4.6506,10.0,False,NOMINAL,HEALTHY,44.99,-32.14
IMA_LOT02_COMP0510,LOT_02,IMAGE_SENSOR,LCC-20,IMA-SIH-2026,IMAGE_SENSOR_DARK_CURRENT_TEST,T02_0510,PROC-ISRO-IISU-01,ATE-STATION-01,CHAMBER-01,1.0,60.0,3.3,168,dark_current_density,OPTICAL,nA/cm2,11.8512,15.3992,32.4215,70.0575,3.548,14.16,5,45.78,8.29,-0.0007,0.0376,61.02,61.66,11.8512,15.3992,32.4215,70.0575,3.548,10.0,False,NOMINAL,HEALTHY,14.03,26.94
IMA_LOT02_COMP0511,LOT_02,IMAGE_SENSOR,LCC-20,IMA-SIH-2026,IMAGE_SENSOR_DARK_CURRENT_TEST,T02_0511,PROC-ISRO-IISU-01,ATE-STATION-01,CHAMBER-01,1.0,60.0,3.3,168,dark_current_density,OPTICAL,nA/cm2,12.4467,17.8928,61.9995,224.1239,5.4461,10.88,2,42.8,8.25,-0.0079,-0.0176,61.85,61.11,12.4467,17.8928,61.9995,224.1239,5.4461,10.0,False,NOMINAL,HEALTHY,39.06,48.07
IMA_LOT02_COMP0512,LOT_02,IMAGE_SENSOR,LCC-20,IMA-SIH-2026,IMAGE_SENSOR_DARK_CURRENT_TEST,T02_0512,PROC-ISRO-IISU-01,ATE-STATION-01,CHAMBER-01,1.0,60.0,3.3,168,dark_current_density,OPTICAL,nA/cm2,12.9581,16.9598,136.2399,1061.237,4.0017,13.25,16,44.95,6.91,-0.0027,0.0019,64.33,62.07,12.9581,16.9598,136.2399,1061.237,4.0017,10.0,True,THERMAL_RUNAWAY,HEALTHY,13.71,-35.89
IMA_LOT02_COMP0513,LOT_02,IMAGE_SENSOR,LCC-20,IMA-SIH-2026,IMAGE_SENSOR_DARK_CURRENT_TEST,T02_0513,PROC-ISRO-IISU-01,ATE-STATION-01,CHAMBER-01,1.0,60.0,3.3,168,dark_current_density,OPTICAL,nA/cm2,13.0559,17.2559,39.8397,95.3388,4.2,13.5,5,43.01,8.42,-0.0049,0.1661,60.91,62.08,13.0559,17.2559,39.8397,95.3388,4.2,10.0,False,NOMINAL,HEALTHY,-1.29,-25.26
IMA_LOT02_COMP0514,LOT_02,IMAGE_SENSOR,LCC-20,IMA-SIH-2026,IMAGE_SENSOR_DARK_CURRENT_TEST,T02_0514,PROC-ISRO-IISU-01,ATE-STATION-01,CHAMBER-01,1.0,60.0,3.3,168,dark_current_density,OPTICAL,nA/cm2,13.0335,16.2639,36.6996,76.4114,3.2304,15.93,4,42.91,8.4,0.0023,0.0128,62.14,62.36,13.0335,16.2639,36.6996,76.4114,3.2304,10.0,False,NOMINAL,HEALTHY,38.28,-7.97
IMA_LOT02_COMP0515,LOT_02,IMAGE_SENSOR,LCC-20,IMA-SIH-2026,IMAGE_SENSOR_DARK_CURRENT_TEST,T02_0515,PROC-ISRO-IISU-01,ATE-STATION-01,CHAMBER-01,1.0,60.0,3.3,168,dark_current_density,OPTICAL,nA/cm2,13.127,18.4133,49.7994,140.6156,5.2863,14.48,1,43.42,7.64,0.0127,-0.0606,60.94,61.04,13.127,18.4133,49.7994,140.6156,5.2863,10.0,False,NOMINAL,HEALTHY,-20.83,-42.6
IMA_LOT02_COMP0516,LOT_02,IMAGE_SENSOR,LCC-20,IMA-SIH-2026,IMAGE_SENSOR_DARK_CURRENT_TEST,T02_0516,PROC-ISRO-IISU-01,ATE-STATION-01,CHAMBER-01,1.0,60.0,3.3,168,dark_current_density,OPTICAL,nA/cm2,13.4959,16.0346,32.3741,64.6944,2.5387,12.47,3,40.23,5.73,-0.0029,0.0174,61.17,62.46,13.4959,16.0346,32.3741,64.6944,2.5387,10.0,False,NOMINAL,HEALTHY,-6.47,34.71
IMA_LOT02_COMP0517,LOT_02,IMAGE_SENSOR,LCC-20,IMA-SIH-2026,IMAGE_SENSOR_DARK_CURRENT_TEST,T02_0517,PROC-ISRO-IISU-01,ATE-STATION-01,CHAMBER-01,1.0,60.0,3.3,168,dark_current_density,OPTICAL,nA/cm2,13.3646,16.2753,32.0684,59.5797,2.9107,7.67,5,42.57,7.62,0.0017,-0.0708,60.53,62.14,13.3646,16.2753,32.0684,59.5797,2.9107,10.0,False,NOMINAL,HEALTHY,38.33,-28.5
IMA_LOT02_COMP0518,LOT_02,IMAGE_SENSOR,LCC-20,IMA-SIH-2026,IMAGE_SENSOR_DARK_CURRENT_TEST,T02_0518,PROC-ISRO-IISU-01,ATE-STATION-01,CHAMBER-01,1.0,60.0,3.3,168,dark_current_density,OPTICAL,nA/cm2,12.3805,18.8352,61.3794,196.5697,6.4547,10.22,6,40.61,7.97,0.0048,0.0688,62.46,61.5,12.3805,18.8352,61.3794,196.5697,6.4547,10.0,False,NOMINAL,HEALTHY,-8.35,-6.75
IMA_LOT02_COMP0519,LOT_02,IMAGE_SENSOR,LCC-20,IMA-SIH-2026,IMAGE_SENSOR_DARK_CURRENT_TEST,T02_0519,PROC-ISRO-IISU-01,ATE-STATION-01,CHAMBER-01,1.0,60.0,3.3,168,dark_current_density,OPTICAL,nA/cm2,12.6128,18.3836,54.3347,156.0027,5.7708,12.35,4,41.52,7.96,-0.0018,-0.0209,60.38,61.64,12.6128,18.3836,54.3347,156.0027,5.7708,10.0,False,NOMINAL,HEALTHY,33.86,-37.05
IMA_LOT02_COMP0520,LOT_02,IMAGE_SENSOR,LCC-20,IMA-SIH-2026,IMAGE_SENSOR_DARK_CURRENT_TEST,T02_0520,PROC-ISRO-IISU-01,ATE-STATION-01,CHAMBER-01,1.0,60.0,3.3,168,dark_current_density,OPTICAL,nA/cm2,12.6094,19.02,62.5607,203.9856,6.4106,12.41,4,40.68,7.77,0.0047,0.013,60.83,62.06,12.6094,19.02,62.5607,203.9856,6.4106,10.0,False,NOMINAL,HEALTHY,-39.43,31.91
IMA_LOT02_COMP0521,LOT_02,IMAGE_SENSOR,LCC-20,IMA-SIH-2026,IMAGE_SENSOR_DARK_CURRENT_TEST,T02_0521,PROC-ISRO-IISU-01,ATE-STATION-01,CHAMBER-01,1.0,60.0,3.3,168,dark_current_density,OPTICAL,nA/cm2,12.2721,18.1922,62.9423,217.3198,5.9201,16.38,5,39.7,11.12,-0.0011,-0.0818,61.98,61.82,12.2721,18.1922,62.9423,217.3198,5.9201,10.0,False,NOMINAL,HEALTHY,6.14,-14.85
IMA_LOT02_COMP0522,LOT_02,IMAGE_SENSOR,LCC-20,IMA-SIH-2026,IMAGE_SENSOR_DARK_CURRENT_TEST,T02_0522,PROC-ISRO-IISU-01,ATE-STATION-01,CHAMBER-01,1.0,60.0,3.3,168,dark_current_density,OPTICAL,nA/cm2,12.4561,17.2989,40.0613,95.2408,4.8428,11.69,5,42.79,10.02,-0.0299,-0.1128,61.62,61.98,12.4561,17.2989,40.0613,95.2408,4.8428,10.0,False,NOMINAL,HEALTHY,20.86,-28.45
IMA_LOT02_COMP0523,LOT_02,IMAGE_SENSOR,LCC-20,IMA-SIH-2026,IMAGE_SENSOR_DARK_CURRENT_TEST,T02_0523,PROC-ISRO-IISU-01,ATE-STATION-01,CHAMBER-01,1.0,60.0,3.3,168,dark_current_density,OPTICAL,nA/cm2,11.8256,15.9469,35.3948,81.5354,4.1213,12.83,9,38.05,9.83,0.0093,0.0801,61.65,62.67,11.8256,15.9469,35.3948,81.5354,4.1213,10.0,False,NOMINAL,HEALTHY,-37.67,-31.32
IMA_LOT02_COMP0524,LOT_02,IMAGE_SENSOR,LCC-20,IMA-SIH-2026,IMAGE_SENSOR_DARK_CURRENT_TEST,T02_0524,PROC-ISRO-IISU-01,ATE-STATION-01,CHAMBER-01,1.0,60.0,3.3,168,dark_current_density,OPTICAL,nA/cm2,12.4816,17.5242,43.8843,111.1556,5.0426,17.83,7,41.78,9.84,-0.0101,0.0259,60.65,62.46,12.4816,17.5242,43.8843,111.1556,5.0426,10.0,False,NOMINAL,HEALTHY,-0.27,-17.04
IMA_LOT02_COMP0525,LOT_02,IMAGE_SENSOR,LCC-20,IMA-SIH-2026,IMAGE_SENSOR_DARK_CURRENT_TEST,T02_0525,PROC-ISRO-IISU-01,ATE-STATION-01,CHAMBER-01,1.0,60.0,3.3,168,dark_current_density,OPTICAL,nA/cm2,13.2735,21.3476,73.1421,258.9955,8.0741,14.19,7,38.67,7.99,0.031,-0.1055,63.82,61.28,13.2735,21.3476,73.1421,258.9955,8.0741,10.0,False,NOMINAL,HEALTHY,34.61,-35.75
IMA_LOT02_COMP0526,LOT_02,IMAGE_SENSOR,LCC-20,IMA-SIH-2026,IMAGE_SENSOR_DARK_CURRENT_TEST,T02_0526,PROC-ISRO-IISU-01,ATE-STATION-01,CHAMBER-01,1.0,60.0,3.3,168,dark_current_density,OPTICAL,nA/cm2,12.9804,19.686,58.0346,168.6093,6.7056,10.5,4,43.68,6.89,-0.0112,0.0423,62.09,62.76,12.9804,19.686,58.0346,168.6093,6.7056,10.0,False,NOMINAL,HEALTHY,-19.85,28.44
IMA_LOT02_COMP0527,LOT_02,IMAGE_SENSOR,LCC-20,IMA-SIH-2026,IMAGE_SENSOR_DARK_CURRENT_TEST,T02_0527,PROC-ISRO-IISU-01,ATE-STATION-01,CHAMBER-01,1.0,60.0,3.3,168,dark_current_density,OPTICAL,nA/cm2,12.3809,19.8597,68.9188,257.3385,7.4788,13.55,3,41.44,8.2,-0.0275,-0.0366,63.09,62.57,12.3809,19.8597,68.9188,257.3385,7.4788,10.0,False,NOMINAL,HEALTHY,-34.79,-34.44
IMA_LOT02_COMP0528,LOT_02,IMAGE_SENSOR,LCC-20,IMA-SIH-2026,IMAGE_SENSOR_DARK_CURRENT_TEST,T02_0528,PROC-ISRO-IISU-01,ATE-STATION-01,CHAMBER-01,1.0,60.0,3.3,168,dark_current_density,OPTICAL,nA/cm2,13.1852,16.0997,32.1711,65.7288,2.9145,11.89,2,43.74,6.02,0.0017,0.0071,60.29,61.75,13.1852,16.0997,32.1711,65.7288,2.9145,10.0,False,NOMINAL,HEALTHY,-4.48,-42.6
IMA_LOT02_COMP0529,LOT_02,IMAGE_SENSOR,LCC-20,IMA-SIH-2026,IMAGE_SENSOR_DARK_CURRENT_TEST,T02_0529,PROC-ISRO-IISU-01,ATE-STATION-01,CHAMBER-01,1.0,60.0,3.3,168,dark_current_density,OPTICAL,nA/cm2,12.8925,19.7344,62.2855,207.3647,6.8419,12.81,5,42.91,8.77,0.0216,-0.007,61.27,61.17,12.8925,19.7344,62.2855,207.3647,6.8419,10.0,False,NOMINAL,HEALTHY,-9.94,-37.22
IMA_LOT02_COMP0530,LOT_02,IMAGE_SENSOR,LCC-20,IMA-SIH-2026,IMAGE_SENSOR_DARK_CURRENT_TEST,T02_0530,PROC-ISRO-IISU-01,ATE-STATION-01,CHAMBER-01,1.0,60.0,3.3,168,dark_current_density,OPTICAL,nA/cm2,11.8534,18.7296,66.0338,227.9943,6.8762,6.47,6,43.51,8.27,-0.0553,-0.0338,62.62,62.41,11.8534,18.7296,66.0338,227.9943,6.8762,10.0,False,NOMINAL,HEALTHY,0.72,26.66
IMA_LOT02_COMP0531,LOT_02,IMAGE_SENSOR,LCC-20,IMA-SIH-2026,IMAGE_SENSOR_DARK_CURRENT_TEST,T02_0531,PROC-ISRO-IISU-01,ATE-STATION-01,CHAMBER-01,1.0,60.0,3.3,168,dark_current_density,OPTICAL,nA/cm2,12.7403,15.9668,35.1421,72.884,3.2265,11.95,13,44.45,6.4,0.0062,0.0025,60.26,62.47,12.7403,15.9668,35.1421,72.884,3.2265,10.0,False,NOMINAL,HEALTHY,11.87,-27.03
IMA_LOT02_COMP0532,LOT_02,IMAGE_SENSOR,LCC-20,IMA-SIH-2026,IMAGE_SENSOR_DARK_CURRENT_TEST,T02_0532,PROC-ISRO-IISU-01,ATE-STATION-01,CHAMBER-01,1.0,60.0,3.3,168,dark_current_density,OPTICAL,nA/cm2,13.101,17.2953,37.0241,78.3415,4.1943,9.0,8,40.6,8.95,-0.0189,-0.0776,64.15,63.15,13.101,17.2953,37.0241,78.3415,4.1943,10.0,False,NOMINAL,HEALTHY,-38.82,-40.89
IMA_LOT02_COMP0533,LOT_02,IMAGE_SENSOR,LCC-20,IMA-SIH-2026,IMAGE_SENSOR_DARK_CURRENT_TEST,T02_0533,PROC-ISRO-IISU-01,ATE-STATION-01,CHAMBER-01,1.0,60.0,3.3,168,dark_current_density,OPTICAL,nA/cm2,12.3692,15.6283,34.5778,72.901,3.2591,9.96,6,45.96,7.78,0.0051,-0.0427,60.77,61.9,12.3692,15.6283,34.5778,72.901,3.2591,10.0,False,NOMINAL,HEALTHY,13.19,-14.91
IMA_LOT02_COMP0534,LOT_02,IMAGE_SENSOR,LCC-20,IMA-SIH-2026,IMAGE_SENSOR_DARK_CURRENT_TEST,T02_0534,PROC-ISRO-IISU-01,ATE-STATION-01,CHAMBER-01,1.0,60.0,3.3,168,dark_current_density,OPTICAL,nA/cm2,12.188,17.4338,57.2002,183.4662,5.2458,11.64,4,42.36,6.67,0.0177,0.0747,62.63,61.74,12.188,17.4338,57.2002,183.4662,5.2458,10.0,False,NOMINAL,HEALTHY,-30.99,12.11
IMA_LOT02_COMP0535,LOT_02,IMAGE_SENSOR,LCC-20,IMA-SIH-2026,IMAGE_SENSOR_DARK_CURRENT_TEST,T02_0535,PROC-ISRO-IISU-01,ATE-STATION-01,CHAMBER-01,1.0,60.0,3.3,168,dark_current_density,OPTICAL,nA/cm2,13.2493,18.9103,48.5588,128.63,5.661,7.01,3,41.22,9.41,0.0051,-0.0138,60.84,61.95,13.2493,18.9103,48.5588,128.63,5.661,10.0,False,NOMINAL,HEALTHY,-1.44,49.92
IMA_LOT02_COMP0536,LOT_02,IMAGE_SENSOR,LCC-20,IMA-SIH-2026,IMAGE_SENSOR_DARK_CURRENT_TEST,T02_0536,PROC-ISRO-IISU-01,ATE-STATION-01,CHAMBER-01,1.0,60.0,3.3,168,dark_current_density,OPTICAL,nA/cm2,12.518,15.9285,32.8267,72.3613,3.4105,11.78,9,42.64,8.57,0.0074,-0.0819,61.93,62.83,12.518,15.9285,32.8267,72.3613,3.4105,10.0,False,NOMINAL,HEALTHY,34.28,-18.16
IMA_LOT02_COMP0537,LOT_02,IMAGE_SENSOR,LCC-20,IMA-SIH-2026,IMAGE_SENSOR_DARK_CURRENT_TEST,T02_0537,PROC-ISRO-IISU-01,ATE-STATION-01,CHAMBER-01,1.0,60.0,3.3,168,dark_current_density,OPTICAL,nA/cm2,12.7179,19.0055,64.6647,235.4801,6.2876,13.62,6,42.02,7.82,-0.0032,-0.0803,58.34,61.97,12.7179,19.0055,64.6647,235.4801,6.2876,10.0,False,NOMINAL,HEALTHY,1.7,-27.52
IMA_LOT02_COMP0538,LOT_02,IMAGE_SENSOR,LCC-20,IMA-SIH-2026,IMAGE_SENSOR_DARK_CURRENT_TEST,T02_0538,PROC-ISRO-IISU-01,ATE-STATION-01,CHAMBER-01,1.0,60.0,3.3,168,dark_current_density,OPTICAL,nA/cm2,11.9963,16.8986,41.2574,103.8402,4.9023,16.11,5,41.47,8.5,0.0189,0.102,60.64,62.0,11.9963,16.8986,41.2574,103.8402,4.9023,10.0,False,NOMINAL,HEALTHY,-30.86,13.5
IMA_LOT02_COMP0539,LOT_02,IMAGE_SENSOR,LCC-20,IMA-SIH-2026,IMAGE_SENSOR_DARK_CURRENT_TEST,T02_0539,PROC-ISRO-IISU-01,ATE-STATION-01,CHAMBER-01,1.0,60.0,3.3,168,dark_current_density,OPTICAL,nA/cm2,12.2169,19.6564,69.8668,229.7439,7.4395,14.66,10,38.86,7.14,-0.0195,-0.0263,62.41,62.15,12.2169,19.6564,69.8668,229.7439,7.4395,10.0,False,NOMINAL,HEALTHY,-38.47,-6.28
IMA_LOT02_COMP0540,LOT_02,IMAGE_SENSOR,LCC-20,IMA-SIH-2026,IMAGE_SENSOR_DARK_CURRENT_TEST,T02_0540,PROC-ISRO-IISU-01,ATE-STATION-01,CHAMBER-01,1.0,60.0,3.3,168,dark_current_density,OPTICAL,nA/cm2,12.5877,17.4542,43.0563,109.4693,4.8665,15.26,3,43.27,7.9,-0.0187,-0.06,59.35,61.15,12.5877,17.4542,43.0563,109.4693,4.8665,10.0,False,NOMINAL,HEALTHY,-6.92,39.02
IMA_LOT02_COMP0541,LOT_02,IMAGE_SENSOR,LCC-20,IMA-SIH-2026,IMAGE_SENSOR_DARK_CURRENT_TEST,T02_0541,PROC-ISRO-IISU-01,ATE-STATION-01,CHAMBER-01,1.0,60.0,3.3,168,dark_current_density,OPTICAL,nA/cm2,12.0509,18.6858,64.8094,230.7315,6.6349,10.31,5,39.91,4.55,-0.0065,-0.0184,61.16,62.39,12.0509,18.6858,64.8094,230.7315,6.6349,10.0,False,NOMINAL,HEALTHY,19.0,18.06
IMA_LOT02_COMP0542,LOT_02,IMAGE_SENSOR,LCC-20,IMA-SIH-2026,IMAGE_SENSOR_DARK_CURRENT_TEST,T02_0542,PROC-ISRO-IISU-01,ATE-STATION-01,CHAMBER-01,1.0,60.0,3.3,168,dark_current_density,OPTICAL,nA/cm2,11.8872,18.4418,65.4645,242.8768,6.5546,17.22,2,39.04,7.78,-0.0049,0.0169,63.24,62.68,11.8872,18.4418,65.4645,242.8768,6.5546,10.0,False,NOMINAL,HEALTHY,22.48,-14.35
IMA_LOT02_COMP0543,LOT_02,IMAGE_SENSOR,LCC-20,IMA-SIH-2026,IMAGE_SENSOR_DARK_CURRENT_TEST,T02_0543,PROC-ISRO-IISU-01,ATE-STATION-01,CHAMBER-01,1.0,60.0,3.3,168,dark_current_density,OPTICAL,nA/cm2,13.0608,18.3177,56.6721,171.8282,5.2569,11.77,7,40.99,6.52,-0.0528,-0.1073,63.12,62.22,13.0608,18.3177,56.6721,171.8282,5.2569,10.0,False,NOMINAL,HEALTHY,37.95,-39.09
IMA_LOT02_COMP0544,LOT_02,IMAGE_SENSOR,LCC-20,IMA-SIH-2026,IMAGE_SENSOR_DARK_CURRENT_TEST,T02_0544,PROC-ISRO-IISU-01,ATE-STATION-01,CHAMBER-01,1.0,60.0,3.3,168,dark_current_density,OPTICAL,nA/cm2,12.8123,17.9716,53.9249,159.171,5.1593,10.22,3,41.76,7.59,0.0002,-0.0415,63.58,62.23,12.8123,17.9716,53.9249,159.171,5.1593,10.0,False,NOMINAL,HEALTHY,-18.94,-23.35
IMA_LOT02_COMP0545,LOT_02,IMAGE_SENSOR,LCC-20,IMA-SIH-2026,IMAGE_SENSOR_DARK_CURRENT_TEST,T02_0545,PROC-ISRO-IISU-01,ATE-STATION-01,CHAMBER-01,1.0,60.0,3.3,168,dark_current_density,OPTICAL,nA/cm2,12.238,15.3701,29.4574,59.2551,3.1321,7.48,6,43.31,10.06,-0.0016,-0.0054,61.56,61.63,12.238,15.3701,29.4574,59.2551,3.1321,10.0,False,NOMINAL,HEALTHY,-15.56,-39.0
IMA_LOT02_COMP0546,LOT_02,IMAGE_SENSOR,LCC-20,IMA-SIH-2026,IMAGE_SENSOR_DARK_CURRENT_TEST,T02_0546,PROC-ISRO-IISU-01,ATE-STATION-01,CHAMBER-01,1.0,60.0,3.3,168,dark_current_density,OPTICAL,nA/cm2,11.8577,17.5561,59.2848,195.2714,5.6984,9.69,4,44.78,6.4,-0.0013,0.0661,62.09,62.06,11.8577,17.5561,59.2848,195.2714,5.6984,10.0,False,NOMINAL,HEALTHY,27.14,35.06
IMA_LOT02_COMP0547,LOT_02,IMAGE_SENSOR,LCC-20,IMA-SIH-2026,IMAGE_SENSOR_DARK_CURRENT_TEST,T02_0547,PROC-ISRO-IISU-01,ATE-STATION-01,CHAMBER-01,1.0,60.0,3.3,168,dark_current_density,OPTICAL,nA/cm2,12.9624,17.5188,46.1073,117.832,4.5564,17.35,3,41.53,10.14,-0.0046,-0.009,61.49,61.97,12.9624,17.5188,46.1073,117.832,4.5564,10.0,False,NOMINAL,HEALTHY,36.75,13.29
IMA_LOT02_COMP0548,LOT_02,IMAGE_SENSOR,LCC-20,IMA-SIH-2026,IMAGE_SENSOR_DARK_CURRENT_TEST,T02_0548,PROC-ISRO-IISU-01,ATE-STATION-01,CHAMBER-01,1.0,60.0,3.3,168,dark_current_density,OPTICAL,nA/cm2,13.298,17.07,37.4819,82.7994,3.772,10.58,8,42.15,7.4,0.0263,0.0621,62.64,62.08,13.298,17.07,37.4819,82.7994,3.772,10.0,False,NOMINAL,HEALTHY,-14.76,-9.96
IMA_LOT02_COMP0549,LOT_02,IMAGE_SENSOR,LCC-20,IMA-SIH-2026,IMAGE_SENSOR_DARK_CURRENT_TEST,T02_0549,PROC-ISRO-IISU-01,ATE-STATION-01,CHAMBER-01,1.0,60.0,3.3,168,dark_current_density,OPTICAL,nA/cm2,11.4438,15.5423,31.7032,66.8191,4.0985,7.79,3,43.3,6.3,0.0138,0.0599,62.07,61.55,11.4438,15.5423,31.7032,66.8191,4.0985,10.0,False,NOMINAL,HEALTHY,22.36,-48.79
IMA_LOT02_COMP0550,LOT_02,IMAGE_SENSOR,LCC-20,IMA-SIH-2026,IMAGE_SENSOR_DARK_CURRENT_TEST,T02_0550,PROC-ISRO-IISU-01,ATE-STATION-01,CHAMBER-01,1.0,60.0,3.3,168,dark_current_density,OPTICAL,nA/cm2,13.6591,20.2309,69.764,240.894,6.5718,14.31,7,41.11,6.64,0.0061,0.0114,64.37,61.01,13.6591,20.2309,69.764,240.894,6.5718,10.0,False,NOMINAL,HEALTHY,24.83,-22.71
IMA_LOT02_COMP0551,LOT_02,IMAGE_SENSOR,LCC-20,IMA-SIH-2026,IMAGE_SENSOR_DARK_CURRENT_TEST,T02_0551,PROC-ISRO-IISU-01,ATE-STATION-01,CHAMBER-01,1.0,60.0,3.3,168,dark_current_density,OPTICAL,nA/cm2,11.9304,16.7745,48.7732,150.7404,4.8441,12.18,7,43.14,7.95,-0.0302,0.0681,61.94,62.48,11.9304,16.7745,48.7732,150.7404,4.8441,10.0,False,NOMINAL,HEALTHY,-17.89,-35.28
IMA_LOT02_COMP0552,LOT_02,IMAGE_SENSOR,LCC-20,IMA-SIH-2026,IMAGE_SENSOR_DARK_CURRENT_TEST,T02_0552,PROC-ISRO-IISU-01,ATE-STATION-01,CHAMBER-01,1.0,60.0,3.3,168,dark_current_density,OPTICAL,nA/cm2,12.7497,15.899,33.4672,70.6059,3.1493,14.9,4,41.03,8.32,-0.0007,0.0077,62.02,61.04,12.7497,15.899,33.4672,70.6059,3.1493,10.0,False,NOMINAL,HEALTHY,46.36,-10.95
IMA_LOT02_COMP0553,LOT_02,IMAGE_SENSOR,LCC-20,IMA-SIH-2026,IMAGE_SENSOR_DARK_CURRENT_TEST,T02_0553,PROC-ISRO-IISU-01,ATE-STATION-01,CHAMBER-01,1.0,60.0,3.3,168,dark_current_density,OPTICAL,nA/cm2,12.4714,16.8133,39.7043,95.9757,4.3419,13.78,6,44.03,11.14,0.0419,0.0033,63.16,61.82,12.4714,16.8133,39.7043,95.9757,4.3419,10.0,False,NOMINAL,HEALTHY,45.84,-36.16
IMA_LOT02_COMP0554,LOT_02,IMAGE_SENSOR,LCC-20,IMA-SIH-2026,IMAGE_SENSOR_DARK_CURRENT_TEST,T02_0554,PROC-ISRO-IISU-01,ATE-STATION-01,CHAMBER-01,1.0,60.0,3.3,168,dark_current_density,OPTICAL,nA/cm2,13.2566,18.4201,45.5521,114.4292,5.1635,14.11,3,43.0,6.41,0.0216,0.0425,57.96,62.49,13.2566,18.4201,45.5521,114.4292,5.1635,10.0,False,NOMINAL,HEALTHY,-5.97,24.35
IMA_LOT02_COMP0555,LOT_02,IMAGE_SENSOR,LCC-20,IMA-SIH-2026,IMAGE_SENSOR_DARK_CURRENT_TEST,T02_0555,PROC-ISRO-IISU-01,ATE-STATION-01,CHAMBER-01,1.0,60.0,3.3,168,dark_current_density,OPTICAL,nA/cm2,13.0854,16.858,33.8279,75.2066,3.7726,11.32,1,39.15,9.14,0.0098,0.0978,65.17,62.4,13.0854,16.858,33.8279,75.2066,3.7726,10.0,False,NOMINAL,HEALTHY,-36.42,35.39
IMA_LOT02_COMP0556,LOT_02,IMAGE_SENSOR,LCC-20,IMA-SIH-2026,IMAGE_SENSOR_DARK_CURRENT_TEST,T02_0556,PROC-ISRO-IISU-01,ATE-STATION-01,CHAMBER-01,1.0,60.0,3.3,168,dark_current_density,OPTICAL,nA/cm2,13.2574,16.9199,32.3861,61.3096,3.6625,10.76,7,43.68,6.03,0.0134,0.0155,60.38,61.89,13.2574,16.9199,32.3861,61.3096,3.6625,10.0,False,NOMINAL,HEALTHY,-23.0,44.31
IMA_LOT02_COMP0557,LOT_02,IMAGE_SENSOR,LCC-20,IMA-SIH-2026,IMAGE_SENSOR_DARK_CURRENT_TEST,T02_0557,PROC-ISRO-IISU-01,ATE-STATION-01,CHAMBER-01,1.0,60.0,3.3,168,dark_current_density,OPTICAL,nA/cm2,13.3242,16.6474,32.9581,66.0308,3.3232,14.04,3,42.27,8.2,0.0133,0.0626,61.1,61.78,13.3242,16.6474,32.9581,66.0308,3.3232,10.0,False,NOMINAL,HEALTHY,-45.79,23.35
IMA_LOT02_COMP0558,LOT_02,IMAGE_SENSOR,LCC-20,IMA-SIH-2026,IMAGE_SENSOR_DARK_CURRENT_TEST,T02_0558,PROC-ISRO-IISU-01,ATE-STATION-01,CHAMBER-01,1.0,60.0,3.3,168,dark_current_density,OPTICAL,nA/cm2,12.6874,15.3002,29.602,63.2203,2.6128,13.26,6,39.18,9.03,0.0139,0.0012,59.91,62.06,12.6874,15.3002,29.602,63.2203,2.6128,10.0,False,NOMINAL,HEALTHY,-21.07,35.05
IMA_LOT02_COMP0559,LOT_02,IMAGE_SENSOR,LCC-20,IMA-SIH-2026,IMAGE_SENSOR_DARK_CURRENT_TEST,T02_0559,PROC-ISRO-IISU-01,ATE-STATION-01,CHAMBER-01,1.0,60.0,3.3,168,dark_current_density,OPTICAL,nA/cm2,13.1065,20.5111,230.3369,2564.1683,7.4046,14.44,8,42.93,4.62,0.0239,0.1279,61.71,62.77,13.1065,20.5111,230.3369,2564.1683,7.4046,10.0,True,THERMAL_RUNAWAY,HEALTHY,-26.31,-40.52
IMA_LOT02_COMP0560,LOT_02,IMAGE_SENSOR,LCC-20,IMA-SIH-2026,IMAGE_SENSOR_DARK_CURRENT_TEST,T02_0560,PROC-ISRO-IISU-01,ATE-STATION-01,CHAMBER-01,1.0,60.0,3.3,168,dark_current_density,OPTICAL,nA/cm2,11.7626,15.1726,33.3096,68.9669,3.41,5.71,11,41.91,9.53,-0.0149,-0.007,62.7,62.33,11.7626,15.1726,33.3096,68.9669,3.41,10.0,False,NOMINAL,HEALTHY,21.48,21.41
IMA_LOT02_COMP0561,LOT_02,IMAGE_SENSOR,LCC-20,IMA-SIH-2026,IMAGE_SENSOR_DARK_CURRENT_TEST,T02_0561,PROC-ISRO-IISU-01,ATE-STATION-01,CHAMBER-01,1.0,60.0,3.3,168,dark_current_density,OPTICAL,nA/cm2,12.3709,18.099,54.0077,171.8336,5.7281,11.11,4,38.28,8.73,-0.0045,-0.0113,61.85,63.25,12.3709,18.099,54.0077,171.8336,5.7281,10.0,False,NOMINAL,HEALTHY,-29.79,37.65
IMA_LOT02_COMP0562,LOT_02,IMAGE_SENSOR,LCC-20,IMA-SIH-2026,IMAGE_SENSOR_DARK_CURRENT_TEST,T02_0562,PROC-ISRO-IISU-01,ATE-STATION-01,CHAMBER-01,1.0,60.0,3.3,168,dark_current_density,OPTICAL,nA/cm2,11.7264,15.7818,37.2394,85.1501,4.0554,12.32,4,39.75,8.83,0.0143,-0.0328,60.82,62.16,11.7264,15.7818,37.2394,85.1501,4.0554,10.0,False,NOMINAL,HEALTHY,-44.88,-9.16
IMA_LOT02_COMP0563,LOT_02,IMAGE_SENSOR,LCC-20,IMA-SIH-2026,IMAGE_SENSOR_DARK_CURRENT_TEST,T02_0563,PROC-ISRO-IISU-01,ATE-STATION-01,CHAMBER-01,1.0,60.0,3.3,168,dark_current_density,OPTICAL,nA/cm2,12.9752,16.4047,31.6297,60.9265,3.4295,11.55,8,43.01,9.88,0.0079,-0.0536,62.27,61.25,12.9752,16.4047,31.6297,60.9265,3.4295,10.0,False,NOMINAL,HEALTHY,-36.14,45.37
IMA_LOT02_COMP0564,LOT_02,IMAGE_SENSOR,LCC-20,IMA-SIH-2026,IMAGE_SENSOR_DARK_CURRENT_TEST,T02_0564,PROC-ISRO-IISU-01,ATE-STATION-01,CHAMBER-01,1.0,60.0,3.3,168,dark_current_density,OPTICAL,nA/cm2,12.7096,19.8888,63.568,208.5594,7.1792,9.87,9,40.11,9.23,-0.0053,0.0577,61.25,62.11,12.7096,19.8888,63.568,208.5594,7.1792,10.0,False,NOMINAL,HEALTHY,37.98,12.11
IMA_LOT02_COMP0565,LOT_02,IMAGE_SENSOR,LCC-20,IMA-SIH-2026,IMAGE_SENSOR_DARK_CURRENT_TEST,T02_0565,PROC-ISRO-IISU-01,ATE-STATION-01,CHAMBER-01,1.0,60.0,3.3,168,dark_current_density,OPTICAL,nA/cm2,12.0222,16.5379,47.9435,138.5284,4.5157,8.63,2,42.89,6.11,-0.0156,-0.0719,59.89,61.44,12.0222,16.5379,47.9435,138.5284,4.5157,10.0,False,NOMINAL,HEALTHY,9.98,31.9
IMA_LOT02_COMP0566,LOT_02,IMAGE_SENSOR,LCC-20,IMA-SIH-2026,IMAGE_SENSOR_DARK_CURRENT_TEST,T02_0566,PROC-ISRO-IISU-01,ATE-STATION-01,CHAMBER-01,1.0,60.0,3.3,168,dark_current_density,OPTICAL,nA/cm2,12.9587,18.3161,45.2392,117.3776,5.3574,15.28,7,42.42,6.81,0.0188,0.019,61.41,61.94,12.9587,18.3161,45.2392,117.3776,5.3574,10.0,False,NOMINAL,HEALTHY,33.33,33.19
IMA_LOT02_COMP0567,LOT_02,IMAGE_SENSOR,LCC-20,IMA-SIH-2026,IMAGE_SENSOR_DARK_CURRENT_TEST,T02_0567,PROC-ISRO-IISU-01,ATE-STATION-01,CHAMBER-01,1.0,60.0,3.3,168,dark_current_density,OPTICAL,nA/cm2,11.5514,14.6648,28.3554,58.6722,3.1134,7.22,3,43.96,9.2,-0.011,-0.0378,57.93,61.47,11.5514,14.6648,28.3554,58.6722,3.1134,10.0,False,NOMINAL,HEALTHY,-47.05,-35.96
IMA_LOT02_COMP0568,LOT_02,IMAGE_SENSOR,LCC-20,IMA-SIH-2026,IMAGE_SENSOR_DARK_CURRENT_TEST,T02_0568,PROC-ISRO-IISU-01,ATE-STATION-01,CHAMBER-01,1.0,60.0,3.3,168,dark_current_density,OPTICAL,nA/cm2,12.3509,16.5838,48.4747,147.9738,4.2329,10.68,4,47.08,8.8,0.0427,0.0022,62.95,61.92,12.3509,16.5838,48.4747,147.9738,4.2329,10.0,False,NOMINAL,HEALTHY,-12.05,-20.82
IMA_LOT02_COMP0569,LOT_02,IMAGE_SENSOR,LCC-20,IMA-SIH-2026,IMAGE_SENSOR_DARK_CURRENT_TEST,T02_0569,PROC-ISRO-IISU-01,ATE-STATION-01,CHAMBER-01,1.0,60.0,3.3,168,dark_current_density,OPTICAL,nA/cm2,13.2469,17.6868,43.3013,105.0345,4.4399,12.4,8,40.89,7.3,0.0172,0.0352,59.48,62.47,13.2469,17.6868,43.3013,105.0345,4.4399,10.0,False,NOMINAL,HEALTHY,4.45,43.66
IMA_LOT02_COMP0570,LOT_02,IMAGE_SENSOR,LCC-20,IMA-SIH-2026,IMAGE_SENSOR_DARK_CURRENT_TEST,T02_0570,PROC-ISRO-IISU-01,ATE-STATION-01,CHAMBER-01,1.0,60.0,3.3,168,dark_current_density,OPTICAL,nA/cm2,12.08,17.431,52.4233,150.4905,5.351,14.06,8,40.5,10.57,0.009,-0.0103,63.48,61.2,12.08,17.431,52.4233,150.4905,5.351,10.0,False,NOMINAL,HEALTHY,48.35,45.64
IMA_LOT02_COMP0571,LOT_02,IMAGE_SENSOR,LCC-20,IMA-SIH-2026,IMAGE_SENSOR_DARK_CURRENT_TEST,T02_0571,PROC-ISRO-IISU-01,ATE-STATION-01,CHAMBER-01,1.0,60.0,3.3,168,dark_current_density,OPTICAL,nA/cm2,12.4561,18.6443,56.8066,180.9949,6.1882,9.3,8,41.99,7.29,0.0186,0.0126,63.4,62.48,12.4561,18.6443,56.8066,180.9949,6.1882,10.0,False,NOMINAL,HEALTHY,21.27,-12.45
IMA_LOT02_COMP0572,LOT_02,IMAGE_SENSOR,LCC-20,IMA-SIH-2026,IMAGE_SENSOR_DARK_CURRENT_TEST,T02_0572,PROC-ISRO-IISU-01,ATE-STATION-01,CHAMBER-01,1.0,60.0,3.3,168,dark_current_density,OPTICAL,nA/cm2,12.2349,15.4611,31.8064,63.6128,3.2262,13.44,4,45.35,5.27,-0.0138,-0.0337,60.85,61.37,12.2349,15.4611,31.8064,63.6128,3.2262,10.0,False,NOMINAL,HEALTHY,31.64,-12.45
IMA_LOT02_COMP0573,LOT_02,IMAGE_SENSOR,LCC-20,IMA-SIH-2026,IMAGE_SENSOR_DARK_CURRENT_TEST,T02_0573,PROC-ISRO-IISU-01,ATE-STATION-01,CHAMBER-01,1.0,60.0,3.3,168,dark_current_density,OPTICAL,nA/cm2,13.4876,20.1397,68.5057,227.2127,6.6521,14.83,4,41.62,7.5,-0.0018,0.0342,63.65,62.58,13.4876,20.1397,68.5057,227.2127,6.6521,10.0,False,NOMINAL,HEALTHY,5.41,22.05
IMA_LOT02_COMP0574,LOT_02,IMAGE_SENSOR,LCC-20,IMA-SIH-2026,IMAGE_SENSOR_DARK_CURRENT_TEST,T02_0574,PROC-ISRO-IISU-01,ATE-STATION-01,CHAMBER-01,1.0,60.0,3.3,168,dark_current_density,OPTICAL,nA/cm2,13.1823,17.2074,42.9787,106.2121,4.0251,14.05,4,42.42,7.66,0.007,-0.0052,62.32,62.1,13.1823,17.2074,42.9787,106.2121,4.0251,10.0,False,NOMINAL,HEALTHY,47.42,-37.65
IMA_LOT02_COMP0575,LOT_02,IMAGE_SENSOR,LCC-20,IMA-SIH-2026,IMAGE_SENSOR_DARK_CURRENT_TEST,T02_0575,PROC-ISRO-IISU-01,ATE-STATION-01,CHAMBER-01,1.0,60.0,3.3,168,dark_current_density,OPTICAL,nA/cm2,12.8823,19.9043,74.9092,264.9803,7.022,10.66,3,43.28,8.92,-0.0052,0.0188,63.35,62.02,12.8823,19.9043,74.9092,264.9803,7.022,10.0,False,NOMINAL,HEALTHY,-18.15,9.32
IMA_LOT02_COMP0576,LOT_02,IMAGE_SENSOR,LCC-20,IMA-SIH-2026,IMAGE_SENSOR_DARK_CURRENT_TEST,T02_0576,PROC-ISRO-IISU-01,ATE-STATION-01,CHAMBER-01,1.0,60.0,3.3,168,dark_current_density,OPTICAL,nA/cm2,12.4361,18.2638,88.4515,486.8568,5.8277,8.81,4,41.96,4.32,0.0166,0.072,61.88,61.9,12.4361,18.2638,88.4515,486.8568,5.8277,10.0,True,DARK_CURRENT_SPIKE_GROWTH,HEALTHY,45.5,28.78
IMA_LOT02_COMP0577,LOT_02,IMAGE_SENSOR,LCC-20,IMA-SIH-2026,IMAGE_SENSOR_DARK_CURRENT_TEST,T02_0577,PROC-ISRO-IISU-01,ATE-STATION-01,CHAMBER-01,1.0,60.0,3.3,168,dark_current_density,OPTICAL,nA/cm2,12.2249,19.0939,62.5522,220.6681,6.869,14.72,8,44.2,7.47,0.0006,-0.0233,62.84,62.19,12.2249,19.0939,62.5522,220.6681,6.869,10.0,False,NOMINAL,HEALTHY,-36.21,1.48
IMA_LOT02_COMP0578,LOT_02,IMAGE_SENSOR,LCC-20,IMA-SIH-2026,IMAGE_SENSOR_DARK_CURRENT_TEST,T02_0578,PROC-ISRO-IISU-01,ATE-STATION-01,CHAMBER-01,1.0,60.0,3.3,168,dark_current_density,OPTICAL,nA/cm2,12.6303,18.3043,56.3694,168.9724,5.674,12.64,6,40.04,9.51,0.0116,0.0382,59.83,61.71,12.6303,18.3043,56.3694,168.9724,5.674,10.0,False,NOMINAL,HEALTHY,-38.14,-23.84
IMA_LOT02_COMP0579,LOT_02,IMAGE_SENSOR,LCC-20,IMA-SIH-2026,IMAGE_SENSOR_DARK_CURRENT_TEST,T02_0579,PROC-ISRO-IISU-01,ATE-STATION-01,CHAMBER-01,1.0,60.0,3.3,168,dark_current_density,OPTICAL,nA/cm2,12.8772,19.4452,66.4172,225.4994,6.568,9.67,5,38.18,8.36,0.0092,0.011,59.88,62.49,12.8772,19.4452,66.4172,225.4994,6.568,10.0,False,NOMINAL,HEALTHY,-6.16,-31.2
IMA_LOT02_COMP0580,LOT_02,IMAGE_SENSOR,LCC-20,IMA-SIH-2026,IMAGE_SENSOR_DARK_CURRENT_TEST,T02_0580,PROC-ISRO-IISU-01,ATE-STATION-01,CHAMBER-01,1.0,60.0,3.3,168,dark_current_density,OPTICAL,nA/cm2,12.9129,19.3369,59.9418,190.099,6.424,9.18,5,43.2,8.47,0.0336,-0.0175,62.73,61.8,12.9129,19.3369,59.9418,190.099,6.424,10.0,False,NOMINAL,HEALTHY,46.66,6.74
IMA_LOT02_COMP0581,LOT_02,IMAGE_SENSOR,LCC-20,IMA-SIH-2026,IMAGE_SENSOR_DARK_CURRENT_TEST,T02_0581,PROC-ISRO-IISU-01,ATE-STATION-01,CHAMBER-01,1.0,60.0,3.3,168,dark_current_density,OPTICAL,nA/cm2,12.9129,20.4342,66.9848,214.338,7.5213,14.22,3,43.39,8.09,0.0112,0.0411,62.82,61.46,12.9129,20.4342,66.9848,214.338,7.5213,10.0,False,NOMINAL,HEALTHY,-14.07,-10.61
IMA_LOT02_COMP0582,LOT_02,IMAGE_SENSOR,LCC-20,IMA-SIH-2026,IMAGE_SENSOR_DARK_CURRENT_TEST,T02_0582,PROC-ISRO-IISU-01,ATE-STATION-01,CHAMBER-01,1.0,60.0,3.3,168,dark_current_density,OPTICAL,nA/cm2,12.7856,19.0104,62.237,201.9454,6.2248,11.28,7,40.02,5.48,0.0091,-0.0749,63.02,61.89,12.7856,19.0104,62.237,201.9454,6.2248,10.0,False,NOMINAL,HEALTHY,4.19,40.08
IMA_LOT02_COMP0583,LOT_02,IMAGE_SENSOR,LCC-20,IMA-SIH-2026,IMAGE_SENSOR_DARK_CURRENT_TEST,T02_0583,PROC-ISRO-IISU-01,ATE-STATION-01,CHAMBER-01,1.0,60.0,3.3,168,dark_current_density,OPTICAL,nA/cm2,12.3692,16.0538,36.1949,83.823,3.6846,5.89,9,39.32,5.67,-0.023,-0.07,62.78,62.65,12.3692,16.0538,36.1949,83.823,3.6846,10.0,False,NOMINAL,HEALTHY,20.16,-20.25
IMA_LOT02_COMP0584,LOT_02,IMAGE_SENSOR,LCC-20,IMA-SIH-2026,IMAGE_SENSOR_DARK_CURRENT_TEST,T02_0584,PROC-ISRO-IISU-01,ATE-STATION-01,CHAMBER-01,1.0,60.0,3.3,168,dark_current_density,OPTICAL,nA/cm2,11.9883,17.4144,52.1238,163.1449,5.4261,11.9,9,43.74,8.66,0.0029,-0.0469,62.09,62.11,11.9883,17.4144,52.1238,163.1449,5.4261,10.0,False,NOMINAL,HEALTHY,-26.44,-47.46
IMA_LOT02_COMP0585,LOT_02,IMAGE_SENSOR,LCC-20,IMA-SIH-2026,IMAGE_SENSOR_DARK_CURRENT_TEST,T02_0585,PROC-ISRO-IISU-01,ATE-STATION-01,CHAMBER-01,1.0,60.0,3.3,168,dark_current_density,OPTICAL,nA/cm2,12.9936,18.4928,53.621,160.4864,5.4992,10.3,6,43.43,6.71,-0.0451,-0.0578,61.07,61.78,12.9936,18.4928,53.621,160.4864,5.4992,10.0,False,NOMINAL,HEALTHY,-23.89,-6.07
IMA_LOT02_COMP0586,LOT_02,IMAGE_SENSOR,LCC-20,IMA-SIH-2026,IMAGE_SENSOR_DARK_CURRENT_TEST,T02_0586,PROC-ISRO-IISU-01,ATE-STATION-01,CHAMBER-01,1.0,60.0,3.3,168,dark_current_density,OPTICAL,nA/cm2,12.6174,18.5479,58.0812,180.8196,5.9305,8.72,3,41.49,8.04,0.0185,0.0295,62.92,61.69,12.6174,18.5479,58.0812,180.8196,5.9305,10.0,False,NOMINAL,HEALTHY,-19.51,-29.15
IMA_LOT02_COMP0587,LOT_02,IMAGE_SENSOR,LCC-20,IMA-SIH-2026,IMAGE_SENSOR_DARK_CURRENT_TEST,T02_0587,PROC-ISRO-IISU-01,ATE-STATION-01,CHAMBER-01,1.0,60.0,3.3,168,dark_current_density,OPTICAL,nA/cm2,13.1488,17.9883,39.8422,90.8191,4.8395,15.1,6,40.89,6.79,-0.0027,0.0164,60.37,61.32,13.1488,17.9883,39.8422,90.8191,4.8395,10.0,False,NOMINAL,HEALTHY,-28.56,-39.54
IMA_LOT02_COMP0588,LOT_02,IMAGE_SENSOR,LCC-20,IMA-SIH-2026,IMAGE_SENSOR_DARK_CURRENT_TEST,T02_0588,PROC-ISRO-IISU-01,ATE-STATION-01,CHAMBER-01,1.0,60.0,3.3,168,dark_current_density,OPTICAL,nA/cm2,13.0737,19.2696,56.7906,167.4717,6.1959,6.19,4,40.94,7.96,0.0106,-0.0154,61.82,61.69,13.0737,19.2696,56.7906,167.4717,6.1959,10.0,False,NOMINAL,HEALTHY,7.01,-19.26
IMA_LOT02_COMP0589,LOT_02,IMAGE_SENSOR,LCC-20,IMA-SIH-2026,IMAGE_SENSOR_DARK_CURRENT_TEST,T02_0589,PROC-ISRO-IISU-01,ATE-STATION-01,CHAMBER-01,1.0,60.0,3.3,168,dark_current_density,OPTICAL,nA/cm2,12.7193,16.4583,33.0894,72.6213,3.739,14.01,4,43.4,7.03,-0.0045,-0.0302,59.0,62.18,12.7193,16.4583,33.0894,72.6213,3.739,10.0,False,NOMINAL,HEALTHY,38.33,37.41
IMA_LOT02_COMP0590,LOT_02,IMAGE_SENSOR,LCC-20,IMA-SIH-2026,IMAGE_SENSOR_DARK_CURRENT_TEST,T02_0590,PROC-ISRO-IISU-01,ATE-STATION-01,CHAMBER-01,1.0,60.0,3.3,168,dark_current_density,OPTICAL,nA/cm2,13.3362,19.3716,59.0056,183.086,6.0354,17.58,5,43.23,8.75,0.0051,0.0799,63.0,62.09,13.3362,19.3716,59.0056,183.086,6.0354,10.0,False,NOMINAL,HEALTHY,49.07,-30.12
IMA_LOT02_COMP0591,LOT_02,IMAGE_SENSOR,LCC-20,IMA-SIH-2026,IMAGE_SENSOR_DARK_CURRENT_TEST,T02_0591,PROC-ISRO-IISU-01,ATE-STATION-01,CHAMBER-01,1.0,60.0,3.3,168,dark_current_density,OPTICAL,nA/cm2,12.9625,17.8479,48.2946,125.8298,4.8854,11.48,6,43.52,5.88,-0.0361,-0.0272,61.64,62.05,12.9625,17.8479,48.2946,125.8298,4.8854,10.0,False,NOMINAL,HEALTHY,13.86,23.35
IMA_LOT02_COMP0592,LOT_02,IMAGE_SENSOR,LCC-20,IMA-SIH-2026,IMAGE_SENSOR_DARK_CURRENT_TEST,T02_0592,PROC-ISRO-IISU-01,ATE-STATION-01,CHAMBER-01,1.0,60.0,3.3,168,dark_current_density,OPTICAL,nA/cm2,13.0449,18.6409,56.5781,167.2441,5.596,12.57,8,42.83,8.41,0.0205,0.0688,62.97,62.25,13.0449,18.6409,56.5781,167.2441,5.596,10.0,False,NOMINAL,HEALTHY,-26.96,-30.8
IMA_LOT02_COMP0593,LOT_02,IMAGE_SENSOR,LCC-20,IMA-SIH-2026,IMAGE_SENSOR_DARK_CURRENT_TEST,T02_0593,PROC-ISRO-IISU-01,ATE-STATION-01,CHAMBER-01,1.0,60.0,3.3,168,dark_current_density,OPTICAL,nA/cm2,12.3034,18.2762,52.8358,156.3554,5.9728,12.2,5,42.03,8.26,0.0093,-0.0239,62.02,61.65,12.3034,18.2762,52.8358,156.3554,5.9728,10.0,False,NOMINAL,HEALTHY,33.02,18.06
IMA_LOT02_COMP0594,LOT_02,IMAGE_SENSOR,LCC-20,IMA-SIH-2026,IMAGE_SENSOR_DARK_CURRENT_TEST,T02_0594,PROC-ISRO-IISU-01,ATE-STATION-01,CHAMBER-01,1.0,60.0,3.3,168,dark_current_density,OPTICAL,nA/cm2,12.5298,18.1738,52.018,151.6475,5.644,14.94,8,44.22,8.87,-0.0237,-0.0134,60.28,61.8,12.5298,18.1738,52.018,151.6475,5.644,10.0,False,NOMINAL,HEALTHY,-18.99,-2.91
IMA_LOT02_COMP0595,LOT_02,IMAGE_SENSOR,LCC-20,IMA-SIH-2026,IMAGE_SENSOR_DARK_CURRENT_TEST,T02_0595,PROC-ISRO-IISU-01,ATE-STATION-01,CHAMBER-01,1.0,60.0,3.3,168,dark_current_density,OPTICAL,nA/cm2,12.0241,18.6585,66.8168,237.7814,6.6344,7.51,4,41.87,6.67,0.011,0.1011,62.03,62.37,12.0241,18.6585,66.8168,237.7814,6.6344,10.0,False,NOMINAL,HEALTHY,40.42,27.48
IMA_LOT02_COMP0596,LOT_02,IMAGE_SENSOR,LCC-20,IMA-SIH-2026,IMAGE_SENSOR_DARK_CURRENT_TEST,T02_0596,PROC-ISRO-IISU-01,ATE-STATION-01,CHAMBER-01,1.0,60.0,3.3,168,dark_current_density,OPTICAL,nA/cm2,11.8042,15.739,38.8396,96.0584,3.9348,9.89,7,38.22,7.78,-0.0054,0.0496,60.87,62.33,11.8042,15.739,38.8396,96.0584,3.9348,10.0,False,NOMINAL,HEALTHY,-21.33,7.88
IMA_LOT02_COMP0597,LOT_02,IMAGE_SENSOR,LCC-20,IMA-SIH-2026,IMAGE_SENSOR_DARK_CURRENT_TEST,T02_0597,PROC-ISRO-IISU-01,ATE-STATION-01,CHAMBER-01,1.0,60.0,3.3,168,dark_current_density,OPTICAL,nA/cm2,12.3274,16.0255,30.9112,58.5829,3.6981,10.77,5,44.67,8.47,-0.0244,-0.0161,61.53,61.86,12.3274,16.0255,30.9112,58.5829,3.6981,10.0,False,NOMINAL,HEALTHY,-46.53,27.64
IMA_LOT02_COMP0598,LOT_02,IMAGE_SENSOR,LCC-20,IMA-SIH-2026,IMAGE_SENSOR_DARK_CURRENT_TEST,T02_0598,PROC-ISRO-IISU-01,ATE-STATION-01,CHAMBER-01,1.0,60.0,3.3,168,dark_current_density,OPTICAL,nA/cm2,11.7898,16.9833,45.6974,115.1874,5.1935,14.61,5,40.65,5.22,0.0024,0.0493,65.04,62.38,11.7898,16.9833,45.6974,115.1874,5.1935,10.0,False,NOMINAL,HEALTHY,22.19,28.69
IMA_LOT02_COMP0599,LOT_02,IMAGE_SENSOR,LCC-20,IMA-SIH-2026,IMAGE_SENSOR_DARK_CURRENT_TEST,T02_0599,PROC-ISRO-IISU-01,ATE-STATION-01,CHAMBER-01,1.0,60.0,3.3,168,dark_current_density,OPTICAL,nA/cm2,12.8031,16.9298,36.3643,77.8353,4.1267,12.47,5,47.7,9.79,0.0201,0.0401,62.73,62.31,12.8031,16.9298,36.3643,77.8353,4.1267,10.0,False,NOMINAL,HEALTHY,36.48,34.36
IMA_LOT02_COMP0600,LOT_02,IMAGE_SENSOR,LCC-20,IMA-SIH-2026,IMAGE_SENSOR_DARK_CURRENT_TEST,T02_0600,PROC-ISRO-IISU-01,ATE-STATION-01,CHAMBER-01,1.0,60.0,3.3,168,dark_current_density,OPTICAL,nA/cm2,13.1054,16.5964,36.6274,77.9985,3.491,8.52,7,41.74,7.46,-0.0075,0.0519,64.12,62.87,13.1054,16.5964,36.6274,77.9985,3.491,10.0,False,NOMINAL,HEALTHY,22.59,45.82
IMA_LOT02_COMP0601,LOT_02,IMAGE_SENSOR,LCC-20,IMA-SIH-2026,IMAGE_SENSOR_DARK_CURRENT_TEST,T02_0601,PROC-ISRO-IISU-01,ATE-STATION-01,CHAMBER-01,1.0,60.0,3.3,168,dark_current_density,OPTICAL,nA/cm2,12.3458,17.205,46.1301,121.6609,4.8592,10.28,1,48.8,8.93,0.0004,0.0743,60.43,61.99,12.3458,17.205,46.1301,121.6609,4.8592,10.0,False,NOMINAL,HEALTHY,37.23,46.17
IMA_LOT02_COMP0602,LOT_02,IMAGE_SENSOR,LCC-20,IMA-SIH-2026,IMAGE_SENSOR_DARK_CURRENT_TEST,T02_0602,PROC-ISRO-IISU-01,ATE-STATION-01,CHAMBER-01,1.0,60.0,3.3,168,dark_current_density,OPTICAL,nA/cm2,14.0342,18.8089,49.1991,130.8035,4.7747,8.92,5,42.27,6.59,-0.0016,-0.0332,61.56,61.62,14.0342,18.8089,49.1991,130.8035,4.7747,10.0,False,NOMINAL,HEALTHY,-7.58,-27.3
IMA_LOT02_COMP0603,LOT_02,IMAGE_SENSOR,LCC-20,IMA-SIH-2026,IMAGE_SENSOR_DARK_CURRENT_TEST,T02_0603,PROC-ISRO-IISU-01,ATE-STATION-01,CHAMBER-01,1.0,60.0,3.3,168,dark_current_density,OPTICAL,nA/cm2,11.9963,18.2059,52.8935,155.296,6.2096,11.86,8,43.05,7.63,0.0317,-0.0237,61.19,61.64,11.9963,18.2059,52.8935,155.296,6.2096,10.0,False,NOMINAL,HEALTHY,-11.12,33.67
IMA_LOT02_COMP0604,LOT_02,IMAGE_SENSOR,LCC-20,IMA-SIH-2026,IMAGE_SENSOR_DARK_CURRENT_TEST,T02_0604,PROC-ISRO-IISU-01,ATE-STATION-01,CHAMBER-01,1.0,60.0,3.3,168,dark_current_density,OPTICAL,nA/cm2,12.5941,17.1221,34.8164,68.7262,4.528,10.63,8,41.5,5.19,0.0178,-0.007,62.23,61.92,12.5941,17.1221,34.8164,68.7262,4.528,10.0,False,NOMINAL,HEALTHY,-35.87,-20.28
IMA_LOT02_COMP0605,LOT_02,IMAGE_SENSOR,LCC-20,IMA-SIH-2026,IMAGE_SENSOR_DARK_CURRENT_TEST,T02_0605,PROC-ISRO-IISU-01,ATE-STATION-01,CHAMBER-01,1.0,60.0,3.3,168,dark_current_density,OPTICAL,nA/cm2,12.1888,18.2911,54.6209,174.7774,6.1023,12.11,3,43.55,10.31,0.0489,0.0258,60.22,61.41,12.1888,18.2911,54.6209,174.7774,6.1023,10.0,False,NOMINAL,HEALTHY,-7.38,-27.05
IMA_LOT02_COMP0606,LOT_02,IMAGE_SENSOR,LCC-20,IMA-SIH-2026,IMAGE_SENSOR_DARK_CURRENT_TEST,T02_0606,PROC-ISRO-IISU-01,ATE-STATION-01,CHAMBER-01,1.0,60.0,3.3,168,dark_current_density,OPTICAL,nA/cm2,12.1619,18.1306,61.0287,187.8019,5.9687,11.62,5,45.04,8.31,-0.0155,0.038,62.94,62.29,12.1619,18.1306,61.0287,187.8019,5.9687,10.0,False,NOMINAL,HEALTHY,26.84,-35.36
IMA_LOT02_COMP0607,LOT_02,IMAGE_SENSOR,LCC-20,IMA-SIH-2026,IMAGE_SENSOR_DARK_CURRENT_TEST,T02_0607,PROC-ISRO-IISU-01,ATE-STATION-01,CHAMBER-01,1.0,60.0,3.3,168,dark_current_density,OPTICAL,nA/cm2,12.5464,16.7479,35.2044,75.836,4.2015,10.48,4,41.97,7.78,0.0087,0.0246,66.67,62.07,12.5464,16.7479,35.2044,75.836,4.2015,10.0,False,NOMINAL,HEALTHY,-44.14,22.09
IMA_LOT02_COMP0608,LOT_02,IMAGE_SENSOR,LCC-20,IMA-SIH-2026,IMAGE_SENSOR_DARK_CURRENT_TEST,T02_0608,PROC-ISRO-IISU-01,ATE-STATION-01,CHAMBER-01,1.0,60.0,3.3,168,dark_current_density,OPTICAL,nA/cm2,12.0371,17.6754,51.8945,155.6474,5.6383,12.66,6,39.84,9.53,0.0214,-0.0587,61.87,61.73,12.0371,17.6754,51.8945,155.6474,5.6383,10.0,False,NOMINAL,HEALTHY,-10.91,41.15
IMA_LOT02_COMP0609,LOT_02,IMAGE_SENSOR,LCC-20,IMA-SIH-2026,IMAGE_SENSOR_DARK_CURRENT_TEST,T02_0609,PROC-ISRO-IISU-01,ATE-STATION-01,CHAMBER-01,1.0,60.0,3.3,168,dark_current_density,OPTICAL,nA/cm2,12.4269,18.8069,68.0158,239.9867,6.38,14.14,4,41.8,9.76,0.0049,0.0513,62.97,61.21,12.4269,18.8069,68.0158,239.9867,6.38,10.0,False,NOMINAL,HEALTHY,-12.81,-33.51
IMA_LOT02_COMP0610,LOT_02,IMAGE_SENSOR,LCC-20,IMA-SIH-2026,IMAGE_SENSOR_DARK_CURRENT_TEST,T02_0610,PROC-ISRO-IISU-01,ATE-STATION-01,CHAMBER-01,1.0,60.0,3.3,168,dark_current_density,OPTICAL,nA/cm2,12.2961,16.783,42.2249,101.616,4.4869,9.55,6,41.91,8.56,0.0036,0.09,61.52,61.93,12.2961,16.783,42.2249,101.616,4.4869,10.0,False,NOMINAL,HEALTHY,-12.76,-38.92
IMA_LOT02_COMP0611,LOT_02,IMAGE_SENSOR,LCC-20,IMA-SIH-2026,IMAGE_SENSOR_DARK_CURRENT_TEST,T02_0611,PROC-ISRO-IISU-01,ATE-STATION-01,CHAMBER-01,1.0,60.0,3.3,168,dark_current_density,OPTICAL,nA/cm2,13.0185,18.5782,56.8818,179.907,5.5597,9.53,5,35.99,6.39,-0.0179,-0.049,62.05,62.4,13.0185,18.5782,56.8818,179.907,5.5597,10.0,False,NOMINAL,HEALTHY,45.29,-43.57
IMA_LOT02_COMP0612,LOT_02,IMAGE_SENSOR,LCC-20,IMA-SIH-2026,IMAGE_SENSOR_DARK_CURRENT_TEST,T02_0612,PROC-ISRO-IISU-01,ATE-STATION-01,CHAMBER-01,1.0,60.0,3.3,168,dark_current_density,OPTICAL,nA/cm2,12.8316,17.3142,38.3342,92.1099,4.4826,12.13,1,43.56,8.97,0.04,0.0063,64.32,62.37,12.8316,17.3142,38.3342,92.1099,4.4826,10.0,False,NOMINAL,HEALTHY,-37.79,3.12
IMA_LOT02_COMP0613,LOT_02,IMAGE_SENSOR,LCC-20,IMA-SIH-2026,IMAGE_SENSOR_DARK_CURRENT_TEST,T02_0613,PROC-ISRO-IISU-01,ATE-STATION-01,CHAMBER-01,1.0,60.0,3.3,168,dark_current_density,OPTICAL,nA/cm2,12.1009,19.4526,90.5209,524.7406,7.3517,8.76,7,41.19,10.53,0.0077,0.0725,60.91,62.31,12.1009,19.4526,90.5209,524.7406,7.3517,10.0,True,DARK_CURRENT_SPIKE_GROWTH,HEALTHY,-24.65,43.44
IMA_LOT02_COMP0614,LOT_02,IMAGE_SENSOR,LCC-20,IMA-SIH-2026,IMAGE_SENSOR_DARK_CURRENT_TEST,T02_0614,PROC-ISRO-IISU-01,ATE-STATION-01,CHAMBER-01,1.0,60.0,3.3,168,dark_current_density,OPTICAL,nA/cm2,13.1845,16.9912,38.4291,89.5528,3.8067,11.58,5,39.49,5.72,0.0153,-0.0593,62.54,62.0,13.1845,16.9912,38.4291,89.5528,3.8067,10.0,False,NOMINAL,HEALTHY,-20.71,41.56
IMA_LOT02_COMP0615,LOT_02,IMAGE_SENSOR,LCC-20,IMA-SIH-2026,IMAGE_SENSOR_DARK_CURRENT_TEST,T02_0615,PROC-ISRO-IISU-01,ATE-STATION-01,CHAMBER-01,1.0,60.0,3.3,168,dark_current_density,OPTICAL,nA/cm2,12.6112,18.2978,56.0559,170.4828,5.6866,11.28,2,42.57,5.89,-0.0181,0.0643,60.53,61.54,12.6112,18.2978,56.0559,170.4828,5.6866,10.0,False,NOMINAL,HEALTHY,-36.68,25.86
IMA_LOT02_COMP0616,LOT_02,IMAGE_SENSOR,LCC-20,IMA-SIH-2026,IMAGE_SENSOR_DARK_CURRENT_TEST,T02_0616,PROC-ISRO-IISU-01,ATE-STATION-01,CHAMBER-01,1.0,60.0,3.3,168,dark_current_density,OPTICAL,nA/cm2,12.9804,18.1378,48.9266,139.8553,5.1574,14.22,6,47.01,7.08,0.0213,-0.0391,63.1,62.97,12.9804,18.1378,48.9266,139.8553,5.1574,10.0,False,NOMINAL,HEALTHY,49.64,-35.41
IMA_LOT02_COMP0617,LOT_02,IMAGE_SENSOR,LCC-20,IMA-SIH-2026,IMAGE_SENSOR_DARK_CURRENT_TEST,T02_0617,PROC-ISRO-IISU-01,ATE-STATION-01,CHAMBER-01,1.0,60.0,3.3,168,dark_current_density,OPTICAL,nA/cm2,12.6301,19.0048,60.8307,200.7537,6.3747,10.86,2,39.96,4.11,-0.0216,0.0035,61.08,62.17,12.6301,19.0048,60.8307,200.7537,6.3747,10.0,False,NOMINAL,HEALTHY,31.24,31.37
IMA_LOT02_COMP0618,LOT_02,IMAGE_SENSOR,LCC-20,IMA-SIH-2026,IMAGE_SENSOR_DARK_CURRENT_TEST,T02_0618,PROC-ISRO-IISU-01,ATE-STATION-01,CHAMBER-01,1.0,60.0,3.3,168,dark_current_density,OPTICAL,nA/cm2,12.4753,15.9687,32.1488,64.535,3.4934,13.75,4,40.93,8.55,-0.0255,-0.1065,62.44,61.57,12.4753,15.9687,32.1488,64.535,3.4934,10.0,False,NOMINAL,HEALTHY,-15.43,15.47
IMA_LOT02_COMP0619,LOT_02,IMAGE_SENSOR,LCC-20,IMA-SIH-2026,IMAGE_SENSOR_DARK_CURRENT_TEST,T02_0619,PROC-ISRO-IISU-01,ATE-STATION-01,CHAMBER-01,1.0,60.0,3.3,168,dark_current_density,OPTICAL,nA/cm2,12.5028,16.6835,35.6317,82.3078,4.1807,9.07,3,43.65,8.34,0.0129,0.0101,61.73,61.71,12.5028,16.6835,35.6317,82.3078,4.1807,10.0,False,NOMINAL,HEALTHY,-8.91,-40.32
IMA_LOT02_COMP0620,LOT_02,IMAGE_SENSOR,LCC-20,IMA-SIH-2026,IMAGE_SENSOR_DARK_CURRENT_TEST,T02_0620,PROC-ISRO-IISU-01,ATE-STATION-01,CHAMBER-01,1.0,60.0,3.3,168,dark_current_density,OPTICAL,nA/cm2,12.7566,16.5027,34.5786,70.5991,3.7461,12.54,6,40.39,7.74,-0.0259,-0.0194,61.43,62.69,12.7566,16.5027,34.5786,70.5991,3.7461,10.0,False,NOMINAL,HEALTHY,24.86,32.82
IMA_LOT02_COMP0621,LOT_02,IMAGE_SENSOR,LCC-20,IMA-SIH-2026,IMAGE_SENSOR_DARK_CURRENT_TEST,T02_0621,PROC-ISRO-IISU-01,ATE-STATION-01,CHAMBER-01,1.0,60.0,3.3,168,dark_current_density,OPTICAL,nA/cm2,12.5683,16.9691,51.7496,152.5169,4.4008,7.94,3,43.99,3.88,-0.0164,-0.0794,59.6,62.42,12.5683,16.9691,51.7496,152.5169,4.4008,10.0,False,NOMINAL,HEALTHY,47.96,-11.07
IMA_LOT02_COMP0622,LOT_02,IMAGE_SENSOR,LCC-20,IMA-SIH-2026,IMAGE_SENSOR_DARK_CURRENT_TEST,T02_0622,PROC-ISRO-IISU-01,ATE-STATION-01,CHAMBER-01,1.0,60.0,3.3,168,dark_current_density,OPTICAL,nA/cm2,13.1203,18.6192,59.1836,188.978,5.4989,12.71,7,43.22,7.3,-0.0134,-0.0753,61.13,62.42,13.1203,18.6192,59.1836,188.978,5.4989,10.0,False,NOMINAL,HEALTHY,-3.85,41.36
IMA_LOT02_COMP0623,LOT_02,IMAGE_SENSOR,LCC-20,IMA-SIH-2026,IMAGE_SENSOR_DARK_CURRENT_TEST,T02_0623,PROC-ISRO-IISU-01,ATE-STATION-01,CHAMBER-01,1.0,60.0,3.3,168,dark_current_density,OPTICAL,nA/cm2,12.7098,18.9535,59.4471,187.3034,6.2437,15.13,4,41.59,6.48,-0.0258,-0.1101,62.74,61.21,12.7098,18.9535,59.4471,187.3034,6.2437,10.0,False,NOMINAL,HEALTHY,-10.56,3.23
IMA_LOT02_COMP0624,LOT_02,IMAGE_SENSOR,LCC-20,IMA-SIH-2026,IMAGE_SENSOR_DARK_CURRENT_TEST,T02_0624,PROC-ISRO-IISU-01,ATE-STATION-01,CHAMBER-01,1.0,60.0,3.3,168,dark_current_density,OPTICAL,nA/cm2,13.5481,18.5876,43.7411,105.7782,5.0395,8.67,5,42.81,8.48,-0.0031,0.0229,59.95,62.31,13.5481,18.5876,43.7411,105.7782,5.0395,10.0,False,NOMINAL,HEALTHY,14.35,-43.13
IMA_LOT02_COMP0625,LOT_02,IMAGE_SENSOR,LCC-20,IMA-SIH-2026,IMAGE_SENSOR_DARK_CURRENT_TEST,T02_0625,PROC-ISRO-IISU-01,ATE-STATION-01,CHAMBER-01,1.0,60.0,3.3,168,dark_current_density,OPTICAL,nA/cm2,12.8572,16.8208,39.5105,97.3216,3.9636,11.06,3,42.99,9.04,0.0084,0.0014,60.5,61.95,12.8572,16.8208,39.5105,97.3216,3.9636,10.0,False,NOMINAL,HEALTHY,-38.83,-41.64
IMA_LOT02_COMP0626,LOT_02,IMAGE_SENSOR,LCC-20,IMA-SIH-2026,IMAGE_SENSOR_DARK_CURRENT_TEST,T02_0626,PROC-ISRO-IISU-01,ATE-STATION-01,CHAMBER-01,1.0,60.0,3.3,168,dark_current_density,OPTICAL,nA/cm2,12.3507,18.0749,53.5113,164.8473,5.7242,10.74,3,40.64,6.97,0.0084,0.0406,60.4,61.79,12.3507,18.0749,53.5113,164.8473,5.7242,10.0,False,NOMINAL,HEALTHY,10.28,41.7
IMA_LOT02_COMP0627,LOT_02,IMAGE_SENSOR,LCC-20,IMA-SIH-2026,IMAGE_SENSOR_DARK_CURRENT_TEST,T02_0627,PROC-ISRO-IISU-01,ATE-STATION-01,CHAMBER-01,1.0,60.0,3.3,168,dark_current_density,OPTICAL,nA/cm2,12.8768,17.3839,36.3807,83.1845,4.5071,11.71,8,41.85,7.83,0.0253,0.0696,60.2,61.99,12.8768,17.3839,36.3807,83.1845,4.5071,10.0,False,NOMINAL,HEALTHY,-18.34,-36.5
IMA_LOT02_COMP0628,LOT_02,IMAGE_SENSOR,LCC-20,IMA-SIH-2026,IMAGE_SENSOR_DARK_CURRENT_TEST,T02_0628,PROC-ISRO-IISU-01,ATE-STATION-01,CHAMBER-01,1.0,60.0,3.3,168,dark_current_density,OPTICAL,nA/cm2,12.6176,18.3158,56.3626,184.117,5.6982,9.87,5,40.69,6.19,-0.048,-0.0478,62.67,61.66,12.6176,18.3158,56.3626,184.117,5.6982,10.0,False,NOMINAL,HEALTHY,-6.16,6.68
IMA_LOT02_COMP0629,LOT_02,IMAGE_SENSOR,LCC-20,IMA-SIH-2026,IMAGE_SENSOR_DARK_CURRENT_TEST,T02_0629,PROC-ISRO-IISU-01,ATE-STATION-01,CHAMBER-01,1.0,60.0,3.3,168,dark_current_density,OPTICAL,nA/cm2,11.3204,14.414,28.1073,53.5676,3.0936,21.03,9,40.59,6.45,-0.0038,-0.0348,62.94,61.48,11.3204,14.414,28.1073,53.5676,3.0936,10.0,False,NOMINAL,HEALTHY,15.98,-4.52
IMA_LOT02_COMP0630,LOT_02,IMAGE_SENSOR,LCC-20,IMA-SIH-2026,IMAGE_SENSOR_DARK_CURRENT_TEST,T02_0630,PROC-ISRO-IISU-01,ATE-STATION-01,CHAMBER-01,1.0,60.0,3.3,168,dark_current_density,OPTICAL,nA/cm2,12.862,18.7304,65.1439,213.3946,5.8684,7.4,6,43.33,8.13,0.0238,0.013,59.55,61.53,12.862,18.7304,65.1439,213.3946,5.8684,10.0,False,NOMINAL,HEALTHY,-18.14,-30.17
IMA_LOT02_COMP0631,LOT_02,IMAGE_SENSOR,LCC-20,IMA-SIH-2026,IMAGE_SENSOR_DARK_CURRENT_TEST,T02_0631,PROC-ISRO-IISU-01,ATE-STATION-01,CHAMBER-01,1.0,60.0,3.3,168,dark_current_density,OPTICAL,nA/cm2,12.1192,18.0865,65.0201,224.0597,5.9673,12.43,5,39.89,6.45,0.0194,0.0236,61.79,62.26,12.1192,18.0865,65.0201,224.0597,5.9673,10.0,False,NOMINAL,HEALTHY,24.87,-0.06
IMA_LOT02_COMP0632,LOT_02,IMAGE_SENSOR,LCC-20,IMA-SIH-2026,IMAGE_SENSOR_DARK_CURRENT_TEST,T02_0632,PROC-ISRO-IISU-01,ATE-STATION-01,CHAMBER-01,1.0,60.0,3.3,168,dark_current_density,OPTICAL,nA/cm2,12.0164,18.5397,61.1581,218.1423,6.5233,19.31,5,45.93,6.43,-0.0111,0.0143,62.92,61.63,12.0164,18.5397,61.1581,218.1423,6.5233,10.0,False,NOMINAL,HEALTHY,-18.79,6.35
IMA_LOT02_COMP0633,LOT_02,IMAGE_SENSOR,LCC-20,IMA-SIH-2026,IMAGE_SENSOR_DARK_CURRENT_TEST,T02_0633,PROC-ISRO-IISU-01,ATE-STATION-01,CHAMBER-01,1.0,60.0,3.3,168,dark_current_density,OPTICAL,nA/cm2,12.4289,16.87,41.7267,99.4689,4.4411,11.89,2,44.99,7.18,0.0002,-0.0401,63.22,61.94,12.4289,16.87,41.7267,99.4689,4.4411,10.0,False,NOMINAL,HEALTHY,-19.81,9.07
IMA_LOT02_COMP0634,LOT_02,IMAGE_SENSOR,LCC-20,IMA-SIH-2026,IMAGE_SENSOR_DARK_CURRENT_TEST,T02_0634,PROC-ISRO-IISU-01,ATE-STATION-01,CHAMBER-01,1.0,60.0,3.3,168,dark_current_density,OPTICAL,nA/cm2,12.486,17.8399,47.8958,131.4361,5.3539,17.52,7,42.71,8.24,-0.0195,-0.0306,59.97,62.04,12.486,17.8399,47.8958,131.4361,5.3539,10.0,False,NOMINAL,HEALTHY,-9.9,24.92
IMA_LOT02_COMP0635,LOT_02,IMAGE_SENSOR,LCC-20,IMA-SIH-2026,IMAGE_SENSOR_DARK_CURRENT_TEST,T02_0635,PROC-ISRO-IISU-01,ATE-STATION-01,CHAMBER-01,1.0,60.0,3.3,168,dark_current_density,OPTICAL,nA/cm2,12.973,18.9159,49.8523,141.5807,5.9429,9.32,3,42.06,8.22,-0.0022,-0.0394,61.82,61.11,12.973,18.9159,49.8523,141.5807,5.9429,10.0,False,NOMINAL,HEALTHY,28.85,6.11
IMA_LOT02_COMP0636,LOT_02,IMAGE_SENSOR,LCC-20,IMA-SIH-2026,IMAGE_SENSOR_DARK_CURRENT_TEST,T02_0636,PROC-ISRO-IISU-01,ATE-STATION-01,CHAMBER-01,1.0,60.0,3.3,168,dark_current_density,OPTICAL,nA/cm2,13.2243,19.3936,69.9359,242.4888,6.1693,9.19,5,40.8,6.84,0.0004,0.0074,64.41,62.12,13.2243,19.3936,69.9359,242.4888,6.1693,10.0,False,NOMINAL,HEALTHY,26.44,23.66
IMA_LOT02_COMP0637,LOT_02,IMAGE_SENSOR,LCC-20,IMA-SIH-2026,IMAGE_SENSOR_DARK_CURRENT_TEST,T02_0637,PROC-ISRO-IISU-01,ATE-STATION-01,CHAMBER-01,1.0,60.0,3.3,168,dark_current_density,OPTICAL,nA/cm2,12.6812,15.9562,29.2404,56.9196,3.275,11.02,4,41.73,4.8,-0.0419,-0.0515,61.66,62.22,12.6812,15.9562,29.2404,56.9196,3.275,10.0,False,NOMINAL,HEALTHY,47.57,-38.0
IMA_LOT02_COMP0638,LOT_02,IMAGE_SENSOR,LCC-20,IMA-SIH-2026,IMAGE_SENSOR_DARK_CURRENT_TEST,T02_0638,PROC-ISRO-IISU-01,ATE-STATION-01,CHAMBER-01,1.0,60.0,3.3,168,dark_current_density,OPTICAL,nA/cm2,12.8736,18.645,64.6089,211.693,5.7714,14.59,7,40.03,4.83,0.0105,0.0219,60.27,61.95,12.8736,18.645,64.6089,211.693,5.7714,10.0,False,NOMINAL,HEALTHY,3.14,42.43
IMA_LOT02_COMP0639,LOT_02,IMAGE_SENSOR,LCC-20,IMA-SIH-2026,IMAGE_SENSOR_DARK_CURRENT_TEST,T02_0639,PROC-ISRO-IISU-01,ATE-STATION-01,CHAMBER-01,1.0,60.0,3.3,168,dark_current_density,OPTICAL,nA/cm2,13.3377,17.4049,41.862,100.6751,4.0672,14.94,3,40.1,8.93,-0.0093,-0.0369,64.13,61.16,13.3377,17.4049,41.862,100.6751,4.0672,10.0,False,NOMINAL,HEALTHY,-27.59,49.43
IMA_LOT02_COMP0640,LOT_02,IMAGE_SENSOR,LCC-20,IMA-SIH-2026,IMAGE_SENSOR_DARK_CURRENT_TEST,T02_0640,PROC-ISRO-IISU-01,ATE-STATION-01,CHAMBER-01,1.0,60.0,3.3,168,dark_current_density,OPTICAL,nA/cm2,12.1357,18.7721,62.7184,220.5117,6.6364,13.75,2,38.48,10.48,-0.0051,0.0488,63.38,62.12,12.1357,18.7721,62.7184,220.5117,6.6364,10.0,False,NOMINAL,HEALTHY,3.77,39.64
IMA_LOT02_COMP0641,LOT_02,IMAGE_SENSOR,LCC-20,IMA-SIH-2026,IMAGE_SENSOR_DARK_CURRENT_TEST,T02_0641,PROC-ISRO-IISU-01,ATE-STATION-01,CHAMBER-01,1.0,60.0,3.3,168,dark_current_density,OPTICAL,nA/cm2,12.1142,16.2708,34.1961,78.0759,4.1566,9.4,4,42.89,9.37,0.0524,0.0444,63.6,61.82,12.1142,16.2708,34.1961,78.0759,4.1566,10.0,False,NOMINAL,HEALTHY,40.96,38.2
IMA_LOT02_COMP0642,LOT_02,IMAGE_SENSOR,LCC-20,IMA-SIH-2026,IMAGE_SENSOR_DARK_CURRENT_TEST,T02_0642,PROC-ISRO-IISU-01,ATE-STATION-01,CHAMBER-01,1.0,60.0,3.3,168,dark_current_density,OPTICAL,nA/cm2,12.9797,20.1256,65.9573,219.7094,7.1459,15.79,6,41.09,8.76,-0.0327,-0.012,62.11,61.71,12.9797,20.1256,65.9573,219.7094,7.1459,10.0,False,NOMINAL,HEALTHY,36.56,-35.27
IMA_LOT02_COMP0643,LOT_02,IMAGE_SENSOR,LCC-20,IMA-SIH-2026,IMAGE_SENSOR_DARK_CURRENT_TEST,T02_0643,PROC-ISRO-IISU-01,ATE-STATION-01,CHAMBER-01,1.0,60.0,3.3,168,dark_current_density,OPTICAL,nA/cm2,12.2689,17.449,47.3681,124.8458,5.1801,8.93,4,43.89,8.68,-0.0361,0.0433,66.2,61.53,12.2689,17.449,47.3681,124.8458,5.1801,10.0,False,NOMINAL,HEALTHY,-26.22,41.54
IMA_LOT02_COMP0644,LOT_02,IMAGE_SENSOR,LCC-20,IMA-SIH-2026,IMAGE_SENSOR_DARK_CURRENT_TEST,T02_0644,PROC-ISRO-IISU-01,ATE-STATION-01,CHAMBER-01,1.0,60.0,3.3,168,dark_current_density,OPTICAL,nA/cm2,12.6103,17.8981,55.0092,168.7575,5.2878,10.56,6,38.5,9.41,0.0038,0.0066,59.53,61.63,12.6103,17.8981,55.0092,168.7575,5.2878,10.0,False,NOMINAL,HEALTHY,46.24,46.79
IMA_LOT02_COMP0645,LOT_02,IMAGE_SENSOR,LCC-20,IMA-SIH-2026,IMAGE_SENSOR_DARK_CURRENT_TEST,T02_0645,PROC-ISRO-IISU-01,ATE-STATION-01,CHAMBER-01,1.0,60.0,3.3,168,dark_current_density,OPTICAL,nA/cm2,13.0502,18.0119,53.4646,145.4619,4.9617,15.48,8,41.66,8.89,-0.0238,-0.026,62.04,63.13,13.0502,18.0119,53.4646,145.4619,4.9617,10.0,False,NOMINAL,HEALTHY,29.65,-28.52
IMA_LOT02_COMP0646,LOT_02,IMAGE_SENSOR,LCC-20,IMA-SIH-2026,IMAGE_SENSOR_DARK_CURRENT_TEST,T02_0646,PROC-ISRO-IISU-01,ATE-STATION-01,CHAMBER-01,1.0,60.0,3.3,168,dark_current_density,OPTICAL,nA/cm2,13.713,18.9804,58.5696,184.7282,5.2674,7.44,3,42.16,5.53,-0.008,-0.0783,59.8,62.12,13.713,18.9804,58.5696,184.7282,5.2674,10.0,False,NOMINAL,HEALTHY,-7.67,19.83
IMA_LOT02_COMP0647,LOT_02,IMAGE_SENSOR,LCC-20,IMA-SIH-2026,IMAGE_SENSOR_DARK_CURRENT_TEST,T02_0647,PROC-ISRO-IISU-01,ATE-STATION-01,CHAMBER-01,1.0,60.0,3.3,168,dark_current_density,OPTICAL,nA/cm2,13.6774,17.4177,33.6738,70.7172,3.7403,10.61,6,42.11,6.08,0.0186,0.0749,61.0,61.54,13.6774,17.4177,33.6738,70.7172,3.7403,10.0,False,NOMINAL,HEALTHY,37.91,39.55
IMA_LOT02_COMP0648,LOT_02,IMAGE_SENSOR,LCC-20,IMA-SIH-2026,IMAGE_SENSOR_DARK_CURRENT_TEST,T02_0648,PROC-ISRO-IISU-01,ATE-STATION-01,CHAMBER-01,1.0,60.0,3.3,168,dark_current_density,OPTICAL,nA/cm2,12.0394,16.224,40.0596,95.9771,4.1846,7.52,8,45.34,8.23,-0.0013,0.0398,64.69,62.66,12.0394,16.224,40.0596,95.9771,4.1846,10.0,False,NOMINAL,HEALTHY,44.56,48.49
IMA_LOT02_COMP0649,LOT_02,IMAGE_SENSOR,LCC-20,IMA-SIH-2026,IMAGE_SENSOR_DARK_CURRENT_TEST,T02_0649,PROC-ISRO-IISU-01,ATE-STATION-01,CHAMBER-01,1.0,60.0,3.3,168,dark_current_density,OPTICAL,nA/cm2,12.2981,17.1163,44.9311,117.4794,4.8182,12.72,5,42.86,6.59,0.0032,-0.1149,62.63,62.28,12.2981,17.1163,44.9311,117.4794,4.8182,10.0,False,NOMINAL,HEALTHY,-0.98,-48.29
IMA_LOT02_COMP0650,LOT_02,IMAGE_SENSOR,LCC-20,IMA-SIH-2026,IMAGE_SENSOR_DARK_CURRENT_TEST,T02_0650,PROC-ISRO-IISU-01,ATE-STATION-01,CHAMBER-01,1.0,60.0,3.3,168,dark_current_density,OPTICAL,nA/cm2,12.9405,16.083,33.8106,69.0756,3.1425,8.9,2,42.76,8.9,0.0014,0.0423,61.07,61.46,12.9405,16.083,33.8106,69.0756,3.1425,10.0,False,NOMINAL,HEALTHY,-29.53,-38.96
IMA_LOT02_COMP0651,LOT_02,IMAGE_SENSOR,LCC-20,IMA-SIH-2026,IMAGE_SENSOR_DARK_CURRENT_TEST,T02_0651,PROC-ISRO-IISU-01,ATE-STATION-01,CHAMBER-01,1.0,60.0,3.3,168,dark_current_density,OPTICAL,nA/cm2,12.6099,18.9318,49.4874,133.3563,6.3219,13.66,3,43.38,9.47,0.0095,-0.0352,60.26,62.27,12.6099,18.9318,49.4874,133.3563,6.3219,10.0,False,NOMINAL,HEALTHY,2.36,14.8
IMA_LOT02_COMP0652,LOT_02,IMAGE_SENSOR,LCC-20,IMA-SIH-2026,IMAGE_SENSOR_DARK_CURRENT_TEST,T02_0652,PROC-ISRO-IISU-01,ATE-STATION-01,CHAMBER-01,1.0,60.0,3.3,168,dark_current_density,OPTICAL,nA/cm2,12.1809,17.6895,51.5328,149.4587,5.5086,13.31,9,41.88,7.03,-0.0279,0.0124,63.77,61.31,12.1809,17.6895,51.5328,149.4587,5.5086,10.0,False,NOMINAL,HEALTHY,-24.37,36.69
IMA_LOT02_COMP0653,LOT_02,IMAGE_SENSOR,LCC-20,IMA-SIH-2026,IMAGE_SENSOR_DARK_CURRENT_TEST,T02_0653,PROC-ISRO-IISU-01,ATE-STATION-01,CHAMBER-01,1.0,60.0,3.3,168,dark_current_density,OPTICAL,nA/cm2,11.3316,16.7091,55.234,196.5925,5.3775,11.51,6,42.7,7.02,-0.0015,-0.1602,61.28,61.6,11.3316,16.7091,55.234,196.5925,5.3775,10.0,False,NOMINAL,HEALTHY,-11.71,-24.03
IMA_LOT02_COMP0654,LOT_02,IMAGE_SENSOR,LCC-20,IMA-SIH-2026,IMAGE_SENSOR_DARK_CURRENT_TEST,T02_0654,PROC-ISRO-IISU-01,ATE-STATION-01,CHAMBER-01,1.0,60.0,3.3,168,dark_current_density,OPTICAL,nA/cm2,11.8352,16.0815,40.0542,98.6367,4.2463,10.84,2,40.97,8.81,-0.0047,-0.0217,60.83,62.24,11.8352,16.0815,40.0542,98.6367,4.2463,10.0,False,NOMINAL,HEALTHY,-10.4,42.53
IMA_LOT02_COMP0655,LOT_02,IMAGE_SENSOR,LCC-20,IMA-SIH-2026,IMAGE_SENSOR_DARK_CURRENT_TEST,T02_0655,PROC-ISRO-IISU-01,ATE-STATION-01,CHAMBER-01,1.0,60.0,3.3,168,dark_current_density,OPTICAL,nA/cm2,13.4909,16.9535,33.0119,70.0518,3.4626,14.67,8,42.91,7.2,0.0255,-0.0223,64.64,62.28,13.4909,16.9535,33.0119,70.0518,3.4626,10.0,True,DIELECTRIC_OSCILLATION,HEALTHY,6.73,-15.77
IMA_LOT02_COMP0656,LOT_02,IMAGE_SENSOR,LCC-20,IMA-SIH-2026,IMAGE_SENSOR_DARK_CURRENT_TEST,T02_0656,PROC-ISRO-IISU-01,ATE-STATION-01,CHAMBER-01,1.0,60.0,3.3,168,dark_current_density,OPTICAL,nA/cm2,12.8664,18.0959,50.7236,154.887,5.2295,11.11,6,40.56,8.24,-0.0113,0.0245,63.26,61.98,12.8664,18.0959,50.7236,154.887,5.2295,10.0,False,NOMINAL,HEALTHY,-17.31,-26.39
IMA_LOT02_COMP0657,LOT_02,IMAGE_SENSOR,LCC-20,IMA-SIH-2026,IMAGE_SENSOR_DARK_CURRENT_TEST,T02_0657,PROC-ISRO-IISU-01,ATE-STATION-01,CHAMBER-01,1.0,60.0,3.3,168,dark_current_density,OPTICAL,nA/cm2,13.5872,18.754,51.6854,146.1379,5.1668,6.33,10,43.75,9.07,-0.0336,-0.0732,60.27,62.52,13.5872,18.754,51.6854,146.1379,5.1668,10.0,False,NOMINAL,HEALTHY,45.58,1.69
IMA_LOT02_COMP0658,LOT_02,IMAGE_SENSOR,LCC-20,IMA-SIH-2026,IMAGE_SENSOR_DARK_CURRENT_TEST,T02_0658,PROC-ISRO-IISU-01,ATE-STATION-01,CHAMBER-01,1.0,60.0,3.3,168,dark_current_density,OPTICAL,nA/cm2,12.9798,17.3501,36.6724,75.9468,4.3703,11.92,4,45.84,8.73,0.003,-0.0807,65.75,61.82,12.9798,17.3501,36.6724,75.9468,4.3703,10.0,False,NOMINAL,HEALTHY,47.47,15.86
IMA_LOT02_COMP0659,LOT_02,IMAGE_SENSOR,LCC-20,IMA-SIH-2026,IMAGE_SENSOR_DARK_CURRENT_TEST,T02_0659,PROC-ISRO-IISU-01,ATE-STATION-01,CHAMBER-01,1.0,60.0,3.3,168,dark_current_density,OPTICAL,nA/cm2,12.9108,19.0043,60.3391,197.7381,6.0935,12.74,9,42.24,6.91,-0.0054,-0.0234,60.49,62.11,12.9108,19.0043,60.3391,197.7381,6.0935,10.0,False,NOMINAL,HEALTHY,-46.42,-36.58
IMA_LOT02_COMP0660,LOT_02,IMAGE_SENSOR,LCC-20,IMA-SIH-2026,IMAGE_SENSOR_DARK_CURRENT_TEST,T02_0660,PROC-ISRO-IISU-01,ATE-STATION-01,CHAMBER-01,1.0,60.0,3.3,168,dark_current_density,OPTICAL,nA/cm2,12.8811,19.4212,70.3155,251.541,6.5401,9.13,11,38.56,8.39,0.0029,-0.0098,62.78,61.72,12.8811,19.4212,70.3155,251.541,6.5401,10.0,False,NOMINAL,HEALTHY,-43.34,-38.48
IMA_LOT02_COMP0661,LOT_02,IMAGE_SENSOR,LCC-20,IMA-SIH-2026,IMAGE_SENSOR_DARK_CURRENT_TEST,T02_0661,PROC-ISRO-IISU-01,ATE-STATION-01,CHAMBER-01,1.0,60.0,3.3,168,dark_current_density,OPTICAL,nA/cm2,12.4038,15.1443,32.4784,67.1043,2.7405,20.1,5,45.4,7.2,0.0091,-0.0226,63.61,61.66,12.4038,15.1443,32.4784,67.1043,2.7405,10.0,False,NOMINAL,HEALTHY,-16.08,-44.33
IMA_LOT02_COMP0662,LOT_02,IMAGE_SENSOR,LCC-20,IMA-SIH-2026,IMAGE_SENSOR_DARK_CURRENT_TEST,T02_0662,PROC-ISRO-IISU-01,ATE-STATION-01,CHAMBER-01,1.0,60.0,3.3,168,dark_current_density,OPTICAL,nA/cm2,13.019,18.4433,46.4369,129.1847,5.4243,10.16,9,42.75,6.66,0.0101,-0.0013,60.59,62.35,13.019,18.4433,46.4369,129.1847,5.4243,10.0,False,NOMINAL,HEALTHY,29.75,-3.89
IMA_LOT02_COMP0663,LOT_02,IMAGE_SENSOR,LCC-20,IMA-SIH-2026,IMAGE_SENSOR_DARK_CURRENT_TEST,T02_0663,PROC-ISRO-IISU-01,ATE-STATION-01,CHAMBER-01,1.0,60.0,3.3,168,dark_current_density,OPTICAL,nA/cm2,12.6993,16.7035,42.8585,109.8499,4.0042,13.22,6,42.64,7.5,0.019,-0.0077,63.61,62.61,12.6993,16.7035,42.8585,109.8499,4.0042,10.0,False,NOMINAL,HEALTHY,33.16,-8.01
IMA_LOT02_COMP0664,LOT_02,IMAGE_SENSOR,LCC-20,IMA-SIH-2026,IMAGE_SENSOR_DARK_CURRENT_TEST,T02_0664,PROC-ISRO-IISU-01,ATE-STATION-01,CHAMBER-01,1.0,60.0,3.3,168,dark_current_density,OPTICAL,nA/cm2,13.2276,16.997,42.2643,105.7262,3.7694,13.71,6,41.46,7.48,-0.0011,0.0798,59.51,62.45,13.2276,16.997,42.2643,105.7262,3.7694,10.0,False,NOMINAL,HEALTHY,-4.54,-6.94
IMA_LOT02_COMP0665,LOT_02,IMAGE_SENSOR,LCC-20,IMA-SIH-2026,IMAGE_SENSOR_DARK_CURRENT_TEST,T02_0665,PROC-ISRO-IISU-01,ATE-STATION-01,CHAMBER-01,1.0,60.0,3.3,168,dark_current_density,OPTICAL,nA/cm2,12.4903,15.565,35.0093,77.0155,3.0747,9.48,5,42.6,5.1,-0.0102,0.0882,61.89,61.56,12.4903,15.565,35.0093,77.0155,3.0747,10.0,False,NOMINAL,HEALTHY,46.37,37.9
IMA_LOT02_COMP0666,LOT_02,IMAGE_SENSOR,LCC-20,IMA-SIH-2026,IMAGE_SENSOR_DARK_CURRENT_TEST,T02_0666,PROC-ISRO-IISU-01,ATE-STATION-01,CHAMBER-01,1.0,60.0,3.3,168,dark_current_density,OPTICAL,nA/cm2,13.0334,19.1011,67.2266,210.2791,6.0677,15.88,6,39.45,7.68,-0.0008,-0.0258,63.71,61.89,13.0334,19.1011,67.2266,210.2791,6.0677,10.0,False,NOMINAL,HEALTHY,11.53,-22.59
IMA_LOT02_COMP0667,LOT_02,IMAGE_SENSOR,LCC-20,IMA-SIH-2026,IMAGE_SENSOR_DARK_CURRENT_TEST,T02_0667,PROC-ISRO-IISU-01,ATE-STATION-01,CHAMBER-01,1.0,60.0,3.3,168,dark_current_density,OPTICAL,nA/cm2,12.3874,16.1503,40.2247,93.7429,3.7629,8.28,5,40.42,8.36,-0.0111,0.0461,61.32,62.07,12.3874,16.1503,40.2247,93.7429,3.7629,10.0,False,NOMINAL,HEALTHY,-11.11,47.68
IMA_LOT02_COMP0668,LOT_02,IMAGE_SENSOR,LCC-20,IMA-SIH-2026,IMAGE_SENSOR_DARK_CURRENT_TEST,T02_0668,PROC-ISRO-IISU-01,ATE-STATION-01,CHAMBER-01,1.0,60.0,3.3,168,dark_current_density,OPTICAL,nA/cm2,11.9569,16.6105,38.6512,91.0983,4.6536,9.3,4,39.19,6.2,0.0059,0.0139,61.94,61.65,11.9569,16.6105,38.6512,91.0983,4.6536,10.0,False,NOMINAL,HEALTHY,-22.85,-19.36
IMA_LOT02_COMP0669,LOT_02,IMAGE_SENSOR,LCC-20,IMA-SIH-2026,IMAGE_SENSOR_DARK_CURRENT_TEST,T02_0669,PROC-ISRO-IISU-01,ATE-STATION-01,CHAMBER-01,1.0,60.0,3.3,168,dark_current_density,OPTICAL,nA/cm2,12.5343,15.2397,34.5815,73.7991,2.7054,15.12,1,40.25,8.09,0.0245,0.0436,59.29,61.86,12.5343,15.2397,34.5815,73.7991,2.7054,10.0,False,NOMINAL,HEALTHY,21.41,-36.75
IMA_LOT02_COMP0670,LOT_02,IMAGE_SENSOR,LCC-20,IMA-SIH-2026,IMAGE_SENSOR_DARK_CURRENT_TEST,T02_0670,PROC-ISRO-IISU-01,ATE-STATION-01,CHAMBER-01,1.0,60.0,3.3,168,dark_current_density,OPTICAL,nA/cm2,12.9252,17.6399,46.2102,111.6571,4.7147,13.69,5,41.12,9.82,0.025,-0.0291,63.44,61.4,12.9252,17.6399,46.2102,111.6571,4.7147,10.0,False,NOMINAL,HEALTHY,1.29,40.43
IMA_LOT02_COMP0671,LOT_02,IMAGE_SENSOR,LCC-20,IMA-SIH-2026,IMAGE_SENSOR_DARK_CURRENT_TEST,T02_0671,PROC-ISRO-IISU-01,ATE-STATION-01,CHAMBER-01,1.0,60.0,3.3,168,dark_current_density,OPTICAL,nA/cm2,12.12,19.0579,67.838,233.1584,6.9379,12.23,7,41.07,7.57,-0.0032,0.018,61.45,62.4,12.12,19.0579,67.838,233.1584,6.9379,10.0,False,NOMINAL,HEALTHY,22.05,8.47
IMA_LOT02_COMP0672,LOT_02,IMAGE_SENSOR,LCC-20,IMA-SIH-2026,IMAGE_SENSOR_DARK_CURRENT_TEST,T02_0672,PROC-ISRO-IISU-01,ATE-STATION-01,CHAMBER-01,1.0,60.0,3.3,168,dark_current_density,OPTICAL,nA/cm2,12.4568,19.9769,67.1462,228.3962,7.5201,12.88,5,45.2,7.43,0.0062,0.0177,61.43,62.69,12.4568,19.9769,67.1462,228.3962,7.5201,10.0,False,NOMINAL,HEALTHY,-16.68,-18.7
IMA_LOT02_COMP0673,LOT_02,IMAGE_SENSOR,LCC-20,IMA-SIH-2026,IMAGE_SENSOR_DARK_CURRENT_TEST,T02_0673,PROC-ISRO-IISU-01,ATE-STATION-01,CHAMBER-01,1.0,60.0,3.3,168,dark_current_density,OPTICAL,nA/cm2,12.2856,17.102,47.4664,132.2957,4.8164,4.87,7,40.72,7.38,-0.0156,0.0266,60.15,61.5,12.2856,17.102,47.4664,132.2957,4.8164,10.0,False,NOMINAL,HEALTHY,-25.95,-20.41
IMA_LOT02_COMP0674,LOT_02,IMAGE_SENSOR,LCC-20,IMA-SIH-2026,IMAGE_SENSOR_DARK_CURRENT_TEST,T02_0674,PROC-ISRO-IISU-01,ATE-STATION-01,CHAMBER-01,1.0,60.0,3.3,168,dark_current_density,OPTICAL,nA/cm2,11.626,17.0667,48.9365,136.5997,5.4407,11.32,7,43.45,6.22,0.009,0.0287,60.66,62.14,11.626,17.0667,48.9365,136.5997,5.4407,10.0,False,NOMINAL,HEALTHY,3.51,7.76
IMA_LOT02_COMP0675,LOT_02,IMAGE_SENSOR,LCC-20,IMA-SIH-2026,IMAGE_SENSOR_DARK_CURRENT_TEST,T02_0675,PROC-ISRO-IISU-01,ATE-STATION-01,CHAMBER-01,1.0,60.0,3.3,168,dark_current_density,OPTICAL,nA/cm2,12.5939,18.2605,49.8899,130.6121,5.6666,15.0,1,40.2,9.76,-0.0037,-0.0182,62.21,62.36,12.5939,18.2605,49.8899,130.6121,5.6666,10.0,False,NOMINAL,HEALTHY,8.28,-49.36
IMA_LOT02_COMP0676,LOT_02,IMAGE_SENSOR,LCC-20,IMA-SIH-2026,IMAGE_SENSOR_DARK_CURRENT_TEST,T02_0676,PROC-ISRO-IISU-01,ATE-STATION-01,CHAMBER-01,1.0,60.0,3.3,168,dark_current_density,OPTICAL,nA/cm2,11.8177,14.727,29.8616,58.1668,2.9093,9.16,4,40.36,9.06,0.0029,0.0092,64.04,60.62,11.8177,14.727,29.8616,58.1668,2.9093,10.0,False,NOMINAL,HEALTHY,-24.48,23.23
IMA_LOT02_COMP0677,LOT_02,IMAGE_SENSOR,LCC-20,IMA-SIH-2026,IMAGE_SENSOR_DARK_CURRENT_TEST,T02_0677,PROC-ISRO-IISU-01,ATE-STATION-01,CHAMBER-01,1.0,60.0,3.3,168,dark_current_density,OPTICAL,nA/cm2,13.7963,20.1291,55.4951,152.5314,6.3328,9.34,4,45.56,5.4,0.0119,-0.0081,62.13,62.19,13.7963,20.1291,55.4951,152.5314,6.3328,10.0,False,NOMINAL,HEALTHY,-8.85,46.48
IMA_LOT02_COMP0678,LOT_02,IMAGE_SENSOR,LCC-20,IMA-SIH-2026,IMAGE_SENSOR_DARK_CURRENT_TEST,T02_0678,PROC-ISRO-IISU-01,ATE-STATION-01,CHAMBER-01,1.0,60.0,3.3,168,dark_current_density,OPTICAL,nA/cm2,12.7151,18.2894,56.2681,176.7128,5.5743,5.63,8,41.02,7.55,-0.0231,0.0414,58.93,62.15,12.7151,18.2894,56.2681,176.7128,5.5743,10.0,False,NOMINAL,HEALTHY,47.36,11.41
IMA_LOT02_COMP0679,LOT_02,IMAGE_SENSOR,LCC-20,IMA-SIH-2026,IMAGE_SENSOR_DARK_CURRENT_TEST,T02_0679,PROC-ISRO-IISU-01,ATE-STATION-01,CHAMBER-01,1.0,60.0,3.3,168,dark_current_density,OPTICAL,nA/cm2,13.7573,20.8708,71.4502,262.2207,7.1135,1.94,4,45.43,7.93,0.0282,0.1401,61.53,62.38,13.7573,20.8708,71.4502,262.2207,7.1135,10.0,False,NOMINAL,HEALTHY,-45.09,19.63
IMA_LOT02_COMP0680,LOT_02,IMAGE_SENSOR,LCC-20,IMA-SIH-2026,IMAGE_SENSOR_DARK_CURRENT_TEST,T02_0680,PROC-ISRO-IISU-01,ATE-STATION-01,CHAMBER-01,1.0,60.0,3.3,168,dark_current_density,OPTICAL,nA/cm2,13.0398,17.3874,51.8642,152.4656,4.3476,12.44,4,38.69,9.63,0.0072,0.0499,62.33,61.7,13.0398,17.3874,51.8642,152.4656,4.3476,10.0,False,NOMINAL,HEALTHY,22.19,6.3
IMA_LOT02_COMP0681,LOT_02,IMAGE_SENSOR,LCC-20,IMA-SIH-2026,IMAGE_SENSOR_DARK_CURRENT_TEST,T02_0681,PROC-ISRO-IISU-01,ATE-STATION-01,CHAMBER-01,1.0,60.0,3.3,168,dark_current_density,OPTICAL,nA/cm2,12.3814,18.5327,55.3815,168.4271,6.1513,17.66,8,42.45,8.44,0.0014,0.0191,63.45,61.02,12.3814,18.5327,55.3815,168.4271,6.1513,10.0,False,NOMINAL,HEALTHY,47.02,10.01
IMA_LOT02_COMP0682,LOT_02,IMAGE_SENSOR,LCC-20,IMA-SIH-2026,IMAGE_SENSOR_DARK_CURRENT_TEST,T02_0682,PROC-ISRO-IISU-01,ATE-STATION-01,CHAMBER-01,1.0,60.0,3.3,168,dark_current_density,OPTICAL,nA/cm2,12.7089,15.7106,31.9087,63.6655,3.0017,16.16,0,39.53,8.56,0.0242,0.0336,64.1,62.31,12.7089,15.7106,31.9087,63.6655,3.0017,10.0,False,NOMINAL,HEALTHY,49.93,48.21
IMA_LOT02_COMP0683,LOT_02,IMAGE_SENSOR,LCC-20,IMA-SIH-2026,IMAGE_SENSOR_DARK_CURRENT_TEST,T02_0683,PROC-ISRO-IISU-01,ATE-STATION-01,CHAMBER-01,1.0,60.0,3.3,168,dark_current_density,OPTICAL,nA/cm2,12.655,16.7258,34.5313,72.221,4.0708,11.69,7,39.17,8.45,0.0103,-0.0334,62.35,61.35,12.655,16.7258,34.5313,72.221,4.0708,10.0,False,NOMINAL,HEALTHY,-18.97,29.04
IMA_LOT02_COMP0684,LOT_02,IMAGE_SENSOR,LCC-20,IMA-SIH-2026,IMAGE_SENSOR_DARK_CURRENT_TEST,T02_0684,PROC-ISRO-IISU-01,ATE-STATION-01,CHAMBER-01,1.0,60.0,3.3,168,dark_current_density,OPTICAL,nA/cm2,12.9564,16.3702,33.4947,68.8236,3.4138,12.44,3,41.97,8.62,-0.0032,0.037,61.83,61.37,12.9564,16.3702,33.4947,68.8236,3.4138,10.0,False,NOMINAL,HEALTHY,18.49,32.36
IMA_LOT02_COMP0685,LOT_02,IMAGE_SENSOR,LCC-20,IMA-SIH-2026,IMAGE_SENSOR_DARK_CURRENT_TEST,T02_0685,PROC-ISRO-IISU-01,ATE-STATION-01,CHAMBER-01,1.0,60.0,3.3,168,dark_current_density,OPTICAL,nA/cm2,12.8052,18.714,65.4134,206.557,5.9088,13.39,7,44.62,6.92,0.0063,0.0052,61.23,62.43,12.8052,18.714,65.4134,206.557,5.9088,10.0,False,NOMINAL,HEALTHY,-47.09,-31.79
IMA_LOT02_COMP0686,LOT_02,IMAGE_SENSOR,LCC-20,IMA-SIH-2026,IMAGE_SENSOR_DARK_CURRENT_TEST,T02_0686,PROC-ISRO-IISU-01,ATE-STATION-01,CHAMBER-01,1.0,60.0,3.3,168,dark_current_density,OPTICAL,nA/cm2,13.309,19.6568,67.1521,236.5736,6.3478,12.19,8,43.76,8.92,-0.0085,0.0269,63.01,61.93,13.309,19.6568,67.1521,236.5736,6.3478,10.0,False,NOMINAL,HEALTHY,12.98,-23.25
IMA_LOT02_COMP0687,LOT_02,IMAGE_SENSOR,LCC-20,IMA-SIH-2026,IMAGE_SENSOR_DARK_CURRENT_TEST,T02_0687,PROC-ISRO-IISU-01,ATE-STATION-01,CHAMBER-01,1.0,60.0,3.3,168,dark_current_density,OPTICAL,nA/cm2,44.1685,62.8304,190.8794,550.5466,18.6619,18.42,5,42.33,8.11,0.0036,0.1149,62.37,62.34,44.1685,62.8304,190.8794,550.5466,18.6619,10.0,True,SPATIAL_OUTLIER,HEALTHY,31.79,36.68
IMA_LOT02_COMP0688,LOT_02,IMAGE_SENSOR,LCC-20,IMA-SIH-2026,IMAGE_SENSOR_DARK_CURRENT_TEST,T02_0688,PROC-ISRO-IISU-01,ATE-STATION-01,CHAMBER-01,1.0,60.0,3.3,168,dark_current_density,OPTICAL,nA/cm2,12.4686,17.7148,44.0539,122.3193,5.2462,17.68,3,40.79,7.98,0.0045,0.073,59.67,63.12,12.4686,17.7148,44.0539,122.3193,5.2462,10.0,False,NOMINAL,HEALTHY,14.45,-26.85
IMA_LOT02_COMP0689,LOT_02,IMAGE_SENSOR,LCC-20,IMA-SIH-2026,IMAGE_SENSOR_DARK_CURRENT_TEST,T02_0689,PROC-ISRO-IISU-01,ATE-STATION-01,CHAMBER-01,1.0,60.0,3.3,168,dark_current_density,OPTICAL,nA/cm2,12.7799,18.5508,46.7247,135.6198,5.7709,11.04,6,38.23,7.7,0.0241,0.0237,61.3,62.3,12.7799,18.5508,46.7247,135.6198,5.7709,10.0,False,NOMINAL,HEALTHY,-2.44,20.71
IMA_LOT02_COMP0690,LOT_02,IMAGE_SENSOR,LCC-20,IMA-SIH-2026,IMAGE_SENSOR_DARK_CURRENT_TEST,T02_0690,PROC-ISRO-IISU-01,ATE-STATION-01,CHAMBER-01,1.0,60.0,3.3,168,dark_current_density,OPTICAL,nA/cm2,13.4376,20.445,74.4632,262.83,7.0074,17.46,2,39.28,9.87,0.0161,-0.0595,60.6,62.34,13.4376,20.445,74.4632,262.83,7.0074,10.0,False,NOMINAL,HEALTHY,-48.61,-7.48
IMA_LOT02_COMP0691,LOT_02,IMAGE_SENSOR,LCC-20,IMA-SIH-2026,IMAGE_SENSOR_DARK_CURRENT_TEST,T02_0691,PROC-ISRO-IISU-01,ATE-STATION-01,CHAMBER-01,1.0,60.0,3.3,168,dark_current_density,OPTICAL,nA/cm2,13.1607,18.9203,50.6002,148.188,5.7596,11.32,5,44.7,7.54,-0.001,0.006,62.42,61.48,13.1607,18.9203,50.6002,148.188,5.7596,10.0,False,NOMINAL,HEALTHY,-23.0,-32.48
IMA_LOT02_COMP0692,LOT_02,IMAGE_SENSOR,LCC-20,IMA-SIH-2026,IMAGE_SENSOR_DARK_CURRENT_TEST,T02_0692,PROC-ISRO-IISU-01,ATE-STATION-01,CHAMBER-01,1.0,60.0,3.3,168,dark_current_density,OPTICAL,nA/cm2,12.8104,18.6974,56.6232,180.7497,5.887,12.17,5,40.25,11.91,-0.003,-0.0034,63.75,62.1,12.8104,18.6974,56.6232,180.7497,5.887,10.0,False,NOMINAL,HEALTHY,5.43,-27.8
IMA_LOT02_COMP0693,LOT_02,IMAGE_SENSOR,LCC-20,IMA-SIH-2026,IMAGE_SENSOR_DARK_CURRENT_TEST,T02_0693,PROC-ISRO-IISU-01,ATE-STATION-01,CHAMBER-01,1.0,60.0,3.3,168,dark_current_density,OPTICAL,nA/cm2,11.6991,16.1173,38.8239,94.5962,4.4182,9.93,3,42.38,6.3,-0.0355,0.0023,63.66,61.53,11.6991,16.1173,38.8239,94.5962,4.4182,10.0,False,NOMINAL,HEALTHY,-15.78,-32.68
IMA_LOT02_COMP0694,LOT_02,IMAGE_SENSOR,LCC-20,IMA-SIH-2026,IMAGE_SENSOR_DARK_CURRENT_TEST,T02_0694,PROC-ISRO-IISU-01,ATE-STATION-01,CHAMBER-01,1.0,60.0,3.3,168,dark_current_density,OPTICAL,nA/cm2,12.3325,17.3565,56.7207,173.0389,5.024,16.73,8,42.5,8.26,0.0233,0.0065,60.25,62.68,12.3325,17.3565,56.7207,173.0389,5.024,10.0,False,NOMINAL,HEALTHY,-28.2,-6.18
IMA_LOT02_COMP0695,LOT_02,IMAGE_SENSOR,LCC-20,IMA-SIH-2026,IMAGE_SENSOR_DARK_CURRENT_TEST,T02_0695,PROC-ISRO-IISU-01,ATE-STATION-01,CHAMBER-01,1.0,60.0,3.3,168,dark_current_density,OPTICAL,nA/cm2,13.4083,16.0499,34.1311,69.9654,2.6416,10.76,4,44.0,10.69,0.0109,-0.005,61.73,60.96,13.4083,16.0499,34.1311,69.9654,2.6416,10.0,False,NOMINAL,HEALTHY,-46.08,3.14
IMA_LOT02_COMP0696,LOT_02,IMAGE_SENSOR,LCC-20,IMA-SIH-2026,IMAGE_SENSOR_DARK_CURRENT_TEST,T02_0696,PROC-ISRO-IISU-01,ATE-STATION-01,CHAMBER-01,1.0,60.0,3.3,168,dark_current_density,OPTICAL,nA/cm2,12.9858,16.2896,47.0838,169.5029,3.3038,16.33,1,44.27,6.98,-0.0033,-0.021,64.25,61.18,12.9858,16.2896,47.0838,169.5029,3.3038,10.0,True,DARK_CURRENT_SPIKE_GROWTH,HEALTHY,-39.05,-24.76
IMA_LOT02_COMP0697,LOT_02,IMAGE_SENSOR,LCC-20,IMA-SIH-2026,IMAGE_SENSOR_DARK_CURRENT_TEST,T02_0697,PROC-ISRO-IISU-01,ATE-STATION-01,CHAMBER-01,1.0,60.0,3.3,168,dark_current_density,OPTICAL,nA/cm2,12.486,16.5876,38.5894,91.2535,4.1016,15.03,7,43.88,7.49,0.0138,-0.0091,61.83,62.32,12.486,16.5876,38.5894,91.2535,4.1016,10.0,False,NOMINAL,HEALTHY,-27.32,12.01
IMA_LOT02_COMP0698,LOT_02,IMAGE_SENSOR,LCC-20,IMA-SIH-2026,IMAGE_SENSOR_DARK_CURRENT_TEST,T02_0698,PROC-ISRO-IISU-01,ATE-STATION-01,CHAMBER-01,1.0,60.0,3.3,168,dark_current_density,OPTICAL,nA/cm2,14.1176,17.6457,130.188,896.9148,3.5281,11.59,9,44.69,7.99,-0.0099,0.0309,61.12,61.43,14.1176,17.6457,130.188,896.9148,3.5281,10.0,True,THERMAL_RUNAWAY,HEALTHY,-18.42,2.52
IMA_LOT02_COMP0699,LOT_02,IMAGE_SENSOR,LCC-20,IMA-SIH-2026,IMAGE_SENSOR_DARK_CURRENT_TEST,T02_0699,PROC-ISRO-IISU-01,ATE-STATION-01,CHAMBER-01,1.0,60.0,3.3,168,dark_current_density,OPTICAL,nA/cm2,12.3205,18.3478,58.617,185.7145,6.0273,12.36,4,43.75,9.22,-0.0158,-0.0159,63.69,61.76,12.3205,18.3478,58.617,185.7145,6.0273,10.0,False,NOMINAL,HEALTHY,-26.79,11.7
IMA_LOT02_COMP0700,LOT_02,IMAGE_SENSOR,LCC-20,IMA-SIH-2026,IMAGE_SENSOR_DARK_CURRENT_TEST,T02_0700,PROC-ISRO-IISU-01,ATE-STATION-01,CHAMBER-01,1.0,60.0,3.3,168,dark_current_density,OPTICAL,nA/cm2,12.5623,16.9831,39.4211,93.2248,4.4208,6.33,11,40.61,9.54,-0.0314,-0.0368,63.37,62.08,12.5623,16.9831,39.4211,93.2248,4.4208,10.0,False,NOMINAL,HEALTHY,13.23,46.96
IMA_LOT02_COMP0701,LOT_02,IMAGE_SENSOR,LCC-20,IMA-SIH-2026,IMAGE_SENSOR_DARK_CURRENT_TEST,T02_0701,PROC-ISRO-IISU-01,ATE-STATION-01,CHAMBER-01,1.0,60.0,3.3,168,dark_current_density,OPTICAL,nA/cm2,12.6237,18.9583,52.2882,150.358,6.3346,12.91,3,43.96,7.1,-0.008,0.0992,61.98,62.29,12.6237,18.9583,52.2882,150.358,6.3346,10.0,False,NOMINAL,HEALTHY,38.36,27.74
IMA_LOT02_COMP0702,LOT_02,IMAGE_SENSOR,LCC-20,IMA-SIH-2026,IMAGE_SENSOR_DARK_CURRENT_TEST,T02_0702,PROC-ISRO-IISU-01,ATE-STATION-01,CHAMBER-01,1.0,60.0,3.3,168,dark_current_density,OPTICAL,nA/cm2,13.6168,19.8106,61.4013,199.1639,6.1938,9.71,5,43.43,9.65,0.0067,-0.0902,62.4,61.99,13.6168,19.8106,61.4013,199.1639,6.1938,10.0,False,NOMINAL,HEALTHY,-28.88,-18.09
IMA_LOT02_COMP0703,LOT_02,IMAGE_SENSOR,LCC-20,IMA-SIH-2026,IMAGE_SENSOR_DARK_CURRENT_TEST,T02_0703,PROC-ISRO-IISU-01,ATE-STATION-01,CHAMBER-01,1.0,60.0,3.3,168,dark_current_density,OPTICAL,nA/cm2,13.0046,17.6252,48.1051,129.6188,4.6206,13.12,7,45.69,8.65,0.0112,0.0375,63.76,61.84,13.0046,17.6252,48.1051,129.6188,4.6206,10.0,False,NOMINAL,HEALTHY,30.44,-37.06
IMA_LOT02_COMP0704,LOT_02,IMAGE_SENSOR,LCC-20,IMA-SIH-2026,IMAGE_SENSOR_DARK_CURRENT_TEST,T02_0704,PROC-ISRO-IISU-01,ATE-STATION-01,CHAMBER-01,1.0,60.0,3.3,168,dark_current_density,OPTICAL,nA/cm2,12.8254,17.3141,37.7822,86.4888,4.4887,7.49,4,42.04,5.31,-0.0214,-0.0265,60.42,62.79,12.8254,17.3141,37.7822,86.4888,4.4887,10.0,False,NOMINAL,HEALTHY,6.1,24.04
IMA_LOT02_COMP0705,LOT_02,IMAGE_SENSOR,LCC-20,IMA-SIH-2026,IMAGE_SENSOR_DARK_CURRENT_TEST,T02_0705,PROC-ISRO-IISU-01,ATE-STATION-01,CHAMBER-01,1.0,60.0,3.3,168,dark_current_density,OPTICAL,nA/cm2,13.3364,18.0281,46.3543,122.2735,4.6917,9.47,6,41.82,9.77,0.001,0.0116,61.76,61.78,13.3364,18.0281,46.3543,122.2735,4.6917,10.0,False,NOMINAL,HEALTHY,-29.31,16.9
IMA_LOT02_COMP0706,LOT_02,IMAGE_SENSOR,LCC-20,IMA-SIH-2026,IMAGE_SENSOR_DARK_CURRENT_TEST,T02_0706,PROC-ISRO-IISU-01,ATE-STATION-01,CHAMBER-01,1.0,60.0,3.3,168,dark_current_density,OPTICAL,nA/cm2,12.6492,16.7342,42.279,107.3766,4.085,8.81,4,43.53,8.38,0.0419,0.1323,61.57,61.7,12.6492,16.7342,42.279,107.3766,4.085,10.0,False,NOMINAL,HEALTHY,16.41,10.55
IMA_LOT02_COMP0707,LOT_02,IMAGE_SENSOR,LCC-20,IMA-SIH-2026,IMAGE_SENSOR_DARK_CURRENT_TEST,T02_0707,PROC-ISRO-IISU-01,ATE-STATION-01,CHAMBER-01,1.0,60.0,3.3,168,dark_current_density,OPTICAL,nA/cm2,12.4562,18.465,65.6457,245.4207,6.0088,12.44,2,40.37,9.14,0.0196,0.038,62.34,61.89,12.4562,18.465,65.6457,245.4207,6.0088,10.0,False,NOMINAL,HEALTHY,48.99,-27.58
IMA_LOT02_COMP0708,LOT_02,IMAGE_SENSOR,LCC-20,IMA-SIH-2026,IMAGE_SENSOR_DARK_CURRENT_TEST,T02_0708,PROC-ISRO-IISU-01,ATE-STATION-01,CHAMBER-01,1.0,60.0,3.3,168,dark_current_density,OPTICAL,nA/cm2,13.6644,16.7118,35.7217,72.3343,3.0474,11.88,7,41.64,8.24,0.0085,0.0489,64.57,62.28,13.6644,16.7118,35.7217,72.3343,3.0474,10.0,False,NOMINAL,HEALTHY,-7.8,16.82
IMA_LOT02_COMP0709,LOT_02,IMAGE_SENSOR,LCC-20,IMA-SIH-2026,IMAGE_SENSOR_DARK_CURRENT_TEST,T02_0709,PROC-ISRO-IISU-01,ATE-STATION-01,CHAMBER-01,1.0,60.0,3.3,168,dark_current_density,OPTICAL,nA/cm2,12.3017,18.2512,61.5292,200.5472,5.9495,11.56,2,42.46,6.8,-0.0338,-0.0758,62.01,61.2,12.3017,18.2512,61.5292,200.5472,5.9495,10.0,False,NOMINAL,HEALTHY,-31.81,44.53
IMA_LOT02_COMP0710,LOT_02,IMAGE_SENSOR,LCC-20,IMA-SIH-2026,IMAGE_SENSOR_DARK_CURRENT_TEST,T02_0710,PROC-ISRO-IISU-01,ATE-STATION-01,CHAMBER-01,1.0,60.0,3.3,168,dark_current_density,OPTICAL,nA/cm2,11.7711,17.5877,55.0554,168.8913,5.8166,8.28,7,41.53,8.64,0.0145,-0.0309,61.1,61.46,11.7711,17.5877,55.0554,168.8913,5.8166,10.0,False,NOMINAL,HEALTHY,-26.56,24.88
IMA_LOT02_COMP0711,LOT_02,IMAGE_SENSOR,LCC-20,IMA-SIH-2026,IMAGE_SENSOR_DARK_CURRENT_TEST,T02_0711,PROC-ISRO-IISU-01,ATE-STATION-01,CHAMBER-01,1.0,60.0,3.3,168,dark_current_density,OPTICAL,nA/cm2,12.8351,15.5043,32.4241,63.115,2.6692,10.48,7,43.33,7.44,0.0288,-0.0207,61.02,62.15,12.8351,15.5043,32.4241,63.115,2.6692,10.0,False,NOMINAL,HEALTHY,15.85,37.9
IMA_LOT02_COMP0712,LOT_02,IMAGE_SENSOR,LCC-20,IMA-SIH-2026,IMAGE_SENSOR_DARK_CURRENT_TEST,T02_0712,PROC-ISRO-IISU-01,ATE-STATION-01,CHAMBER-01,1.0,60.0,3.3,168,dark_current_density,OPTICAL,nA/cm2,12.8208,18.6635,54.4775,166.1015,5.8427,12.88,4,42.03,8.84,-0.0015,-0.0303,62.58,61.05,12.8208,18.6635,54.4775,166.1015,5.8427,10.0,False,NOMINAL,HEALTHY,24.13,12.16
IMA_LOT02_COMP0713,LOT_02,IMAGE_SENSOR,LCC-20,IMA-SIH-2026,IMAGE_SENSOR_DARK_CURRENT_TEST,T02_0713,PROC-ISRO-IISU-01,ATE-STATION-01,CHAMBER-01,1.0,60.0,3.3,168,dark_current_density,OPTICAL,nA/cm2,12.6282,16.5309,34.4898,75.8068,3.9027,11.48,5,42.36,9.05,0.006,0.12,63.77,62.93,12.6282,16.5309,34.4898,75.8068,3.9027,10.0,False,NOMINAL,HEALTHY,-35.16,15.2
IMA_LOT02_COMP0714,LOT_02,IMAGE_SENSOR,LCC-20,IMA-SIH-2026,IMAGE_SENSOR_DARK_CURRENT_TEST,T02_0714,PROC-ISRO-IISU-01,ATE-STATION-01,CHAMBER-01,1.0,60.0,3.3,168,dark_current_density,OPTICAL,nA/cm2,12.7662,18.7937,67.3312,253.7869,6.0275,13.76,11,38.84,6.47,-0.0002,-0.0727,63.58,61.78,12.7662,18.7937,67.3312,253.7869,6.0275,10.0,False,NOMINAL,HEALTHY,-18.03,6.81
IMA_LOT02_COMP0715,LOT_02,IMAGE_SENSOR,LCC-20,IMA-SIH-2026,IMAGE_SENSOR_DARK_CURRENT_TEST,T02_0715,PROC-ISRO-IISU-01,ATE-STATION-01,CHAMBER-01,1.0,60.0,3.3,168,dark_current_density,OPTICAL,nA/cm2,12.8558,18.5464,54.4281,170.3065,5.6906,10.4,4,43.28,8.76,0.0298,-0.0146,61.92,62.35,12.8558,18.5464,54.4281,170.3065,5.6906,10.0,False,NOMINAL,HEALTHY,-46.2,34.81
IMA_LOT02_COMP0716,LOT_02,IMAGE_SENSOR,LCC-20,IMA-SIH-2026,IMAGE_SENSOR_DARK_CURRENT_TEST,T02_0716,PROC-ISRO-IISU-01,ATE-STATION-01,CHAMBER-01,1.0,60.0,3.3,168,dark_current_density,OPTICAL,nA/cm2,13.178,15.9519,32.9723,63.8863,2.7739,16.02,1,42.96,7.51,-0.0207,-0.066,63.35,61.68,13.178,15.9519,32.9723,63.8863,2.7739,10.0,False,NOMINAL,HEALTHY,29.96,-31.92
IMA_LOT02_COMP0717,LOT_02,IMAGE_SENSOR,LCC-20,IMA-SIH-2026,IMAGE_SENSOR_DARK_CURRENT_TEST,T02_0717,PROC-ISRO-IISU-01,ATE-STATION-01,CHAMBER-01,1.0,60.0,3.3,168,dark_current_density,OPTICAL,nA/cm2,13.0606,20.0685,71.4383,255.1199,7.0079,19.19,5,44.27,6.82,0.0168,-0.0486,61.87,61.67,13.0606,20.0685,71.4383,255.1199,7.0079,10.0,False,NOMINAL,HEALTHY,22.86,36.23
IMA_LOT02_COMP0718,LOT_02,IMAGE_SENSOR,LCC-20,IMA-SIH-2026,IMAGE_SENSOR_DARK_CURRENT_TEST,T02_0718,PROC-ISRO-IISU-01,ATE-STATION-01,CHAMBER-01,1.0,60.0,3.3,168,dark_current_density,OPTICAL,nA/cm2,12.4378,15.327,29.9298,57.9198,2.8892,21.33,3,40.39,12.41,-0.019,0.0037,62.5,61.61,12.4378,15.327,29.9298,57.9198,2.8892,10.0,False,NOMINAL,HEALTHY,-33.73,27.08
IMA_LOT02_COMP0719,LOT_02,IMAGE_SENSOR,LCC-20,IMA-SIH-2026,IMAGE_SENSOR_DARK_CURRENT_TEST,T02_0719,PROC-ISRO-IISU-01,ATE-STATION-01,CHAMBER-01,1.0,60.0,3.3,168,dark_current_density,OPTICAL,nA/cm2,13.1918,16.7449,36.2393,82.1115,3.5531,15.07,5,41.36,9.03,-0.0054,-0.0914,64.14,62.63,13.1918,16.7449,36.2393,82.1115,3.5531,10.0,False,NOMINAL,HEALTHY,43.44,5.18
IMA_LOT02_COMP0720,LOT_02,IMAGE_SENSOR,LCC-20,IMA-SIH-2026,IMAGE_SENSOR_DARK_CURRENT_TEST,T02_0720,PROC-ISRO-IISU-01,ATE-STATION-01,CHAMBER-01,1.0,60.0,3.3,168,dark_current_density,OPTICAL,nA/cm2,13.3455,19.9387,64.818,214.4569,6.5932,13.53,4,40.36,8.8,-0.0172,0.0264,62.12,62.07,13.3455,19.9387,64.818,214.4569,6.5932,10.0,False,NOMINAL,HEALTHY,43.26,11.68
IMA_LOT02_COMP0721,LOT_02,IMAGE_SENSOR,LCC-20,IMA-SIH-2026,IMAGE_SENSOR_DARK_CURRENT_TEST,T02_0721,PROC-ISRO-IISU-01,ATE-STATION-01,CHAMBER-01,1.0,60.0,3.3,168,dark_current_density,OPTICAL,nA/cm2,13.1804,17.5158,51.0036,144.7904,4.3354,17.22,4,44.37,9.1,0.0134,0.0338,61.07,62.38,13.1804,17.5158,51.0036,144.7904,4.3354,10.0,False,NOMINAL,HEALTHY,-30.48,0.69
IMA_LOT02_COMP0722,LOT_02,IMAGE_SENSOR,LCC-20,IMA-SIH-2026,IMAGE_SENSOR_DARK_CURRENT_TEST,T02_0722,PROC-ISRO-IISU-01,ATE-STATION-01,CHAMBER-01,1.0,60.0,3.3,168,dark_current_density,OPTICAL,nA/cm2,12.7547,18.5159,59.0878,182.7589,5.7612,11.29,3,40.36,7.59,0.0096,-0.0809,62.2,61.18,12.7547,18.5159,59.0878,182.7589,5.7612,10.0,False,NOMINAL,HEALTHY,25.83,22.74
IMA_LOT02_COMP0723,LOT_02,IMAGE_SENSOR,LCC-20,IMA-SIH-2026,IMAGE_SENSOR_DARK_CURRENT_TEST,T02_0723,PROC-ISRO-IISU-01,ATE-STATION-01,CHAMBER-01,1.0,60.0,3.3,168,dark_current_density,OPTICAL,nA/cm2,13.3398,17.0551,35.6381,74.8584,3.7153,8.58,5,44.43,6.11,-0.0135,0.0107,61.0,61.8,13.3398,17.0551,35.6381,74.8584,3.7153,10.0,False,NOMINAL,HEALTHY,-13.82,7.24
IMA_LOT02_COMP0724,LOT_02,IMAGE_SENSOR,LCC-20,IMA-SIH-2026,IMAGE_SENSOR_DARK_CURRENT_TEST,T02_0724,PROC-ISRO-IISU-01,ATE-STATION-01,CHAMBER-01,1.0,60.0,3.3,168,dark_current_density,OPTICAL,nA/cm2,12.8823,18.2062,44.9809,114.8545,5.3239,13.27,8,42.17,10.48,0.0028,-0.0305,59.65,61.88,12.8823,18.2062,44.9809,114.8545,5.3239,10.0,False,NOMINAL,HEALTHY,17.75,-30.81
IMA_LOT02_COMP0725,LOT_02,IMAGE_SENSOR,LCC-20,IMA-SIH-2026,IMAGE_SENSOR_DARK_CURRENT_TEST,T02_0725,PROC-ISRO-IISU-01,ATE-STATION-01,CHAMBER-01,1.0,60.0,3.3,168,dark_current_density,OPTICAL,nA/cm2,13.2389,17.4231,45.0391,107.1289,4.1842,17.54,6,43.23,9.52,0.0024,0.0055,62.37,62.67,13.2389,17.4231,45.0391,107.1289,4.1842,10.0,False,NOMINAL,HEALTHY,27.88,-12.04
IMA_LOT02_COMP0726,LOT_02,IMAGE_SENSOR,LCC-20,IMA-SIH-2026,IMAGE_SENSOR_DARK_CURRENT_TEST,T02_0726,PROC-ISRO-IISU-01,ATE-STATION-01,CHAMBER-01,1.0,60.0,3.3,168,dark_current_density,OPTICAL,nA/cm2,11.6868,14.6865,33.1274,72.4032,2.9997,9.37,5,41.83,7.48,-0.0082,-0.0309,61.46,62.22,11.6868,14.6865,33.1274,72.4032,2.9997,10.0,False,NOMINAL,HEALTHY,-25.97,-16.4
IMA_LOT02_COMP0727,LOT_02,IMAGE_SENSOR,LCC-20,IMA-SIH-2026,IMAGE_SENSOR_DARK_CURRENT_TEST,T02_0727,PROC-ISRO-IISU-01,ATE-STATION-01,CHAMBER-01,1.0,60.0,3.3,168,dark_current_density,OPTICAL,nA/cm2,12.4763,17.3347,45.2824,118.218,4.8584,8.94,8,37.65,8.96,-0.0272,0.0484,61.36,62.4,12.4763,17.3347,45.2824,118.218,4.8584,10.0,False,NOMINAL,HEALTHY,-15.83,3.84
IMA_LOT02_COMP0728,LOT_02,IMAGE_SENSOR,LCC-20,IMA-SIH-2026,IMAGE_SENSOR_DARK_CURRENT_TEST,T02_0728,PROC-ISRO-IISU-01,ATE-STATION-01,CHAMBER-01,1.0,60.0,3.3,168,dark_current_density,OPTICAL,nA/cm2,12.0326,15.895,34.2588,73.7119,3.8624,12.32,4,47.62,9.64,-0.0052,-0.0167,62.14,62.17,12.0326,15.895,34.2588,73.7119,3.8624,10.0,False,NOMINAL,HEALTHY,40.24,20.22
IMA_LOT02_COMP0729,LOT_02,IMAGE_SENSOR,LCC-20,IMA-SIH-2026,IMAGE_SENSOR_DARK_CURRENT_TEST,T02_0729,PROC-ISRO-IISU-01,ATE-STATION-01,CHAMBER-01,1.0,60.0,3.3,168,dark_current_density,OPTICAL,nA/cm2,12.2332,16.5644,40.9653,97.5524,4.3312,10.55,7,43.21,9.17,0.0003,0.0502,62.45,63.05,12.2332,16.5644,40.9653,97.5524,4.3312,10.0,False,NOMINAL,HEALTHY,-19.89,-20.95
IMA_LOT02_COMP0730,LOT_02,IMAGE_SENSOR,LCC-20,IMA-SIH-2026,IMAGE_SENSOR_DARK_CURRENT_TEST,T02_0730,PROC-ISRO-IISU-01,ATE-STATION-01,CHAMBER-01,1.0,60.0,3.3,168,dark_current_density,OPTICAL,nA/cm2,12.5061,19.0362,68.0286,223.1483,6.5301,15.55,5,40.62,7.63,-0.0227,-0.0251,62.44,62.05,12.5061,19.0362,68.0286,223.1483,6.5301,10.0,False,NOMINAL,HEALTHY,-36.47,-10.02
IMA_LOT02_COMP0731,LOT_02,IMAGE_SENSOR,LCC-20,IMA-SIH-2026,IMAGE_SENSOR_DARK_CURRENT_TEST,T02_0731,PROC-ISRO-IISU-01,ATE-STATION-01,CHAMBER-01,1.0,60.0,3.3,168,dark_current_density,OPTICAL,nA/cm2,12.7827,17.0537,42.8744,99.6738,4.271,11.71,8,40.66,8.04,0.003,-0.046,62.14,62.34,12.7827,17.0537,42.8744,99.6738,4.271,10.0,False,NOMINAL,HEALTHY,-22.75,-25.96
IMA_LOT02_COMP0732,LOT_02,IMAGE_SENSOR,LCC-20,IMA-SIH-2026,IMAGE_SENSOR_DARK_CURRENT_TEST,T02_0732,PROC-ISRO-IISU-01,ATE-STATION-01,CHAMBER-01,1.0,60.0,3.3,168,dark_current_density,OPTICAL,nA/cm2,12.7148,17.5506,53.9764,164.0667,4.8358,12.98,8,42.32,8.59,0.0455,0.0163,60.01,61.85,12.7148,17.5506,53.9764,164.0667,4.8358,10.0,False,NOMINAL,HEALTHY,13.81,-11.67
IMA_LOT02_COMP0733,LOT_02,IMAGE_SENSOR,LCC-20,IMA-SIH-2026,IMAGE_SENSOR_DARK_CURRENT_TEST,T02_0733,PROC-ISRO-IISU-01,ATE-STATION-01,CHAMBER-01,1.0,60.0,3.3,168,dark_current_density,OPTICAL,nA/cm2,13.0065,19.2877,44.7069,124.1288,6.2812,9.01,5,39.96,7.95,-0.0338,-0.0399,64.76,61.64,13.0065,19.2877,44.7069,124.1288,6.2812,10.0,False,NOMINAL,HEALTHY,18.98,-24.98
IMA_LOT02_COMP0734,LOT_02,IMAGE_SENSOR,LCC-20,IMA-SIH-2026,IMAGE_SENSOR_DARK_CURRENT_TEST,T02_0734,PROC-ISRO-IISU-01,ATE-STATION-01,CHAMBER-01,1.0,60.0,3.3,168,dark_current_density,OPTICAL,nA/cm2,12.6962,16.3367,33.5273,71.4994,3.6405,5.72,5,40.1,8.87,-0.0109,-0.0749,62.59,61.88,12.6962,16.3367,33.5273,71.4994,3.6405,10.0,False,NOMINAL,HEALTHY,-32.92,44.06
IMA_LOT02_COMP0735,LOT_02,IMAGE_SENSOR,LCC-20,IMA-SIH-2026,IMAGE_SENSOR_DARK_CURRENT_TEST,T02_0735,PROC-ISRO-IISU-01,ATE-STATION-01,CHAMBER-01,1.0,60.0,3.3,168,dark_current_density,OPTICAL,nA/cm2,12.9422,18.1882,166.4056,1485.1335,5.246,9.63,5,43.22,6.94,0.0146,0.0296,61.73,61.55,12.9422,18.1882,166.4056,1485.1335,5.246,10.0,True,THERMAL_RUNAWAY,HEALTHY,45.54,-11.11
IMA_LOT02_COMP0736,LOT_02,IMAGE_SENSOR,LCC-20,IMA-SIH-2026,IMAGE_SENSOR_DARK_CURRENT_TEST,T02_0736,PROC-ISRO-IISU-01,ATE-STATION-01,CHAMBER-01,1.0,60.0,3.3,168,dark_current_density,OPTICAL,nA/cm2,12.9732,19.3652,59.1308,182.078,6.392,15.44,7,43.23,6.86,-0.0112,-0.046,62.69,62.6,12.9732,19.3652,59.1308,182.078,6.392,10.0,False,NOMINAL,HEALTHY,3.24,47.44
IMA_LOT02_COMP0737,LOT_02,IMAGE_SENSOR,LCC-20,IMA-SIH-2026,IMAGE_SENSOR_DARK_CURRENT_TEST,T02_0737,PROC-ISRO-IISU-01,ATE-STATION-01,CHAMBER-01,1.0,60.0,3.3,168,dark_current_density,OPTICAL,nA/cm2,12.2117,16.6382,40.5781,99.6618,4.4265,13.09,7,41.35,6.47,-0.0144,-0.1111,62.74,62.47,12.2117,16.6382,40.5781,99.6618,4.4265,10.0,False,NOMINAL,HEALTHY,37.23,28.61
IMA_LOT02_COMP0738,LOT_02,IMAGE_SENSOR,LCC-20,IMA-SIH-2026,IMAGE_SENSOR_DARK_CURRENT_TEST,T02_0738,PROC-ISRO-IISU-01,ATE-STATION-01,CHAMBER-01,1.0,60.0,3.3,168,dark_current_density,OPTICAL,nA/cm2,12.3004,17.0775,137.3001,1106.454,4.7771,11.31,3,44.85,9.16,-0.0136,-0.0566,61.56,61.49,12.3004,17.0775,137.3001,1106.454,4.7771,10.0,True,THERMAL_RUNAWAY,HEALTHY,-8.32,17.03
IMA_LOT02_COMP0739,LOT_02,IMAGE_SENSOR,LCC-20,IMA-SIH-2026,IMAGE_SENSOR_DARK_CURRENT_TEST,T02_0739,PROC-ISRO-IISU-01,ATE-STATION-01,CHAMBER-01,1.0,60.0,3.3,168,dark_current_density,OPTICAL,nA/cm2,12.6083,17.2828,36.0104,78.8229,4.6745,16.59,7,40.19,5.25,0.0214,0.0227,63.62,61.91,12.6083,17.2828,36.0104,78.8229,4.6745,10.0,False,NOMINAL,HEALTHY,43.54,-31.38
IMA_LOT02_COMP0740,LOT_02,IMAGE_SENSOR,LCC-20,IMA-SIH-2026,IMAGE_SENSOR_DARK_CURRENT_TEST,T02_0740,PROC-ISRO-IISU-01,ATE-STATION-01,CHAMBER-01,1.0,60.0,3.3,168,dark_current_density,OPTICAL,nA/cm2,12.9285,18.0792,48.6734,138.4931,5.1507,6.53,7,40.18,6.12,-0.0151,-0.0356,61.76,62.06,12.9285,18.0792,48.6734,138.4931,5.1507,10.0,False,NOMINAL,HEALTHY,4.11,8.69
IMA_LOT02_COMP0741,LOT_02,IMAGE_SENSOR,LCC-20,IMA-SIH-2026,IMAGE_SENSOR_DARK_CURRENT_TEST,T02_0741,PROC-ISRO-IISU-01,ATE-STATION-01,CHAMBER-01,1.0,60.0,3.3,168,dark_current_density,OPTICAL,nA/cm2,12.987,17.5062,46.5007,123.7052,4.5192,16.28,2,40.33,6.69,-0.0032,-0.0011,61.08,63.06,12.987,17.5062,46.5007,123.7052,4.5192,10.0,False,NOMINAL,HEALTHY,26.91,33.91
IMA_LOT02_COMP0742,LOT_02,IMAGE_SENSOR,LCC-20,IMA-SIH-2026,IMAGE_SENSOR_DARK_CURRENT_TEST,T02_0742,PROC-ISRO-IISU-01,ATE-STATION-01,CHAMBER-01,1.0,60.0,3.3,168,dark_current_density,OPTICAL,nA/cm2,12.8402,18.372,47.4571,116.4699,5.5318,12.52,5,39.05,8.95,-0.0151,0.0281,64.2,61.57,12.8402,18.372,47.4571,116.4699,5.5318,10.0,False,NOMINAL,HEALTHY,-43.67,23.5
IMA_LOT02_COMP0743,LOT_02,IMAGE_SENSOR,LCC-20,IMA-SIH-2026,IMAGE_SENSOR_DARK_CURRENT_TEST,T02_0743,PROC-ISRO-IISU-01,ATE-STATION-01,CHAMBER-01,1.0,60.0,3.3,168,dark_current_density,OPTICAL,nA/cm2,12.0735,16.4105,33.9478,70.5051,4.337,17.13,5,41.25,11.42,-0.0029,-0.0775,64.36,61.69,12.0735,16.4105,33.9478,70.5051,4.337,10.0,False,NOMINAL,HEALTHY,-8.91,-36.4
IMA_LOT02_COMP0744,LOT_02,IMAGE_SENSOR,LCC-20,IMA-SIH-2026,IMAGE_SENSOR_DARK_CURRENT_TEST,T02_0744,PROC-ISRO-IISU-01,ATE-STATION-01,CHAMBER-01,1.0,60.0,3.3,168,dark_current_density,OPTICAL,nA/cm2,12.1928,16.0555,32.6621,68.8752,3.8627,16.33,3,41.84,9.71,0.0031,-0.0037,63.68,61.69,12.1928,16.0555,32.6621,68.8752,3.8627,10.0,False,NOMINAL,HEALTHY,-21.17,33.87
IMA_LOT02_COMP0745,LOT_02,IMAGE_SENSOR,LCC-20,IMA-SIH-2026,IMAGE_SENSOR_DARK_CURRENT_TEST,T02_0745,PROC-ISRO-IISU-01,ATE-STATION-01,CHAMBER-01,1.0,60.0,3.3,168,dark_current_density,OPTICAL,nA/cm2,12.0006,18.865,62.0939,214.4384,6.8644,12.86,5,42.9,8.88,-0.0068,0.0029,62.97,61.44,12.0006,18.865,62.0939,214.4384,6.8644,10.0,False,NOMINAL,HEALTHY,7.88,18.8
IMA_LOT02_COMP0746,LOT_02,IMAGE_SENSOR,LCC-20,IMA-SIH-2026,IMAGE_SENSOR_DARK_CURRENT_TEST,T02_0746,PROC-ISRO-IISU-01,ATE-STATION-01,CHAMBER-01,1.0,60.0,3.3,168,dark_current_density,OPTICAL,nA/cm2,12.3418,16.5558,41.8053,102.9341,4.214,10.5,8,42.77,10.31,-0.0335,-0.0116,60.59,61.98,12.3418,16.5558,41.8053,102.9341,4.214,10.0,False,NOMINAL,HEALTHY,13.93,11.55
IMA_LOT02_COMP0747,LOT_02,IMAGE_SENSOR,LCC-20,IMA-SIH-2026,IMAGE_SENSOR_DARK_CURRENT_TEST,T02_0747,PROC-ISRO-IISU-01,ATE-STATION-01,CHAMBER-01,1.0,60.0,3.3,168,dark_current_density,OPTICAL,nA/cm2,13.2513,18.9914,47.2382,118.1269,5.7401,15.21,5,38.21,7.33,-0.0105,-0.0244,63.19,61.43,13.2513,18.9914,47.2382,118.1269,5.7401,10.0,False,NOMINAL,HEALTHY,7.04,-38.94
IMA_LOT02_COMP0748,LOT_02,IMAGE_SENSOR,LCC-20,IMA-SIH-2026,IMAGE_SENSOR_DARK_CURRENT_TEST,T02_0748,PROC-ISRO-IISU-01,ATE-STATION-01,CHAMBER-01,1.0,60.0,3.3,168,dark_current_density,OPTICAL,nA/cm2,12.3559,18.8023,47.8486,130.9007,6.4464,13.07,3,42.57,7.69,-0.0168,0.0174,61.17,60.99,12.3559,18.8023,47.8486,130.9007,6.4464,10.0,False,NOMINAL,HEALTHY,24.97,-38.5
IMA_LOT02_COMP0749,LOT_02,IMAGE_SENSOR,LCC-20,IMA-SIH-2026,IMAGE_SENSOR_DARK_CURRENT_TEST,T02_0749,PROC-ISRO-IISU-01,ATE-STATION-01,CHAMBER-01,1.0,60.0,3.3,168,dark_current_density,OPTICAL,nA/cm2,12.845,16.8379,38.2291,87.2851,3.9929,10.37,3,39.01,10.67,0.0089,0.0415,61.6,61.98,12.845,16.8379,38.2291,87.2851,3.9929,10.0,False,NOMINAL,HEALTHY,33.24,15.28
IMA_LOT02_COMP0750,LOT_02,IMAGE_SENSOR,LCC-20,IMA-SIH-2026,IMAGE_SENSOR_DARK_CURRENT_TEST,T02_0750,PROC-ISRO-IISU-01,ATE-STATION-01,CHAMBER-01,1.0,60.0,3.3,168,dark_current_density,OPTICAL,nA/cm2,12.7861,17.7153,49.4383,135.5691,4.9292,11.89,9,39.28,7.85,0.0135,0.0098,63.87,62.08,12.7861,17.7153,49.4383,135.5691,4.9292,10.0,False,NOMINAL,HEALTHY,33.44,34.31
IMA_LOT02_COMP0751,LOT_02,IMAGE_SENSOR,LCC-20,IMA-SIH-2026,IMAGE_SENSOR_DARK_CURRENT_TEST,T02_0751,PROC-ISRO-IISU-01,ATE-STATION-01,CHAMBER-01,1.0,60.0,3.3,168,dark_current_density,OPTICAL,nA/cm2,12.6312,18.6748,66.6413,221.3393,6.0436,11.01,3,41.55,8.81,0.0146,-0.0256,60.55,62.54,12.6312,18.6748,66.6413,221.3393,6.0436,10.0,False,NOMINAL,HEALTHY,-18.92,21.09
IMA_LOT02_COMP0752,LOT_02,IMAGE_SENSOR,LCC-20,IMA-SIH-2026,IMAGE_SENSOR_DARK_CURRENT_TEST,T02_0752,PROC-ISRO-IISU-01,ATE-STATION-01,CHAMBER-01,1.0,60.0,3.3,168,dark_current_density,OPTICAL,nA/cm2,13.0109,18.7641,61.166,199.6833,5.7532,15.15,1,42.37,7.4,0.0038,-0.012,62.07,62.71,13.0109,18.7641,61.166,199.6833,5.7532,10.0,False,NOMINAL,HEALTHY,6.16,32.47
IMA_LOT02_COMP0753,LOT_02,IMAGE_SENSOR,LCC-20,IMA-SIH-2026,IMAGE_SENSOR_DARK_CURRENT_TEST,T02_0753,PROC-ISRO-IISU-01,ATE-STATION-01,CHAMBER-01,1.0,60.0,3.3,168,dark_current_density,OPTICAL,nA/cm2,12.6312,19.3373,66.8342,232.2793,6.7061,13.7,3,43.98,6.42,0.0231,-0.0687,60.59,62.2,12.6312,19.3373,66.8342,232.2793,6.7061,10.0,False,NOMINAL,HEALTHY,34.63,-39.51
IMA_LOT02_COMP0754,LOT_02,IMAGE_SENSOR,LCC-20,IMA-SIH-2026,IMAGE_SENSOR_DARK_CURRENT_TEST,T02_0754,PROC-ISRO-IISU-01,ATE-STATION-01,CHAMBER-01,1.0,60.0,3.3,168,dark_current_density,OPTICAL,nA/cm2,13.097,17.3595,39.4296,94.1767,4.2625,14.73,2,42.92,8.04,-0.0261,0.0014,63.27,61.79,13.097,17.3595,39.4296,94.1767,4.2625,10.0,False,NOMINAL,HEALTHY,-5.02,-27.63
IMA_LOT02_COMP0755,LOT_02,IMAGE_SENSOR,LCC-20,IMA-SIH-2026,IMAGE_SENSOR_DARK_CURRENT_TEST,T02_0755,PROC-ISRO-IISU-01,ATE-STATION-01,CHAMBER-01,1.0,60.0,3.3,168,dark_current_density,OPTICAL,nA/cm2,12.9362,16.1804,35.9887,70.8145,3.2442,19.87,5,42.88,9.55,-0.0179,-0.0727,61.56,62.37,12.9362,16.1804,35.9887,70.8145,3.2442,10.0,False,NOMINAL,HEALTHY,7.59,26.48
IMA_LOT02_COMP0756,LOT_02,IMAGE_SENSOR,LCC-20,IMA-SIH-2026,IMAGE_SENSOR_DARK_CURRENT_TEST,T02_0756,PROC-ISRO-IISU-01,ATE-STATION-01,CHAMBER-01,1.0,60.0,3.3,168,dark_current_density,OPTICAL,nA/cm2,12.8328,20.0324,69.6049,250.7988,7.1996,14.94,10,42.46,8.58,-0.0232,0.0045,63.72,61.23,12.8328,20.0324,69.6049,250.7988,7.1996,10.0,False,NOMINAL,HEALTHY,-16.73,-30.11
IMA_LOT02_COMP0757,LOT_02,IMAGE_SENSOR,LCC-20,IMA-SIH-2026,IMAGE_SENSOR_DARK_CURRENT_TEST,T02_0757,PROC-ISRO-IISU-01,ATE-STATION-01,CHAMBER-01,1.0,60.0,3.3,168,dark_current_density,OPTICAL,nA/cm2,13.4646,17.9503,45.1593,123.1165,4.4857,7.87,4,42.62,7.38,0.0039,-0.0148,63.7,61.54,13.4646,17.9503,45.1593,123.1165,4.4857,10.0,False,NOMINAL,HEALTHY,32.89,-17.45
IMA_LOT02_COMP0758,LOT_02,IMAGE_SENSOR,LCC-20,IMA-SIH-2026,IMAGE_SENSOR_DARK_CURRENT_TEST,T02_0758,PROC-ISRO-IISU-01,ATE-STATION-01,CHAMBER-01,1.0,60.0,3.3,168,dark_current_density,OPTICAL,nA/cm2,11.8247,16.4627,40.4839,100.4519,4.638,11.87,1,41.31,8.87,0.0124,-0.0154,61.53,61.92,11.8247,16.4627,40.4839,100.4519,4.638,10.0,False,NOMINAL,HEALTHY,-10.65,-43.71
IMA_LOT02_COMP0759,LOT_02,IMAGE_SENSOR,LCC-20,IMA-SIH-2026,IMAGE_SENSOR_DARK_CURRENT_TEST,T02_0759,PROC-ISRO-IISU-01,ATE-STATION-01,CHAMBER-01,1.0,60.0,3.3,168,dark_current_density,OPTICAL,nA/cm2,12.6769,16.8772,51.1173,189.6851,4.2003,10.47,1,41.25,9.54,0.0071,0.0325,62.78,61.02,12.6769,16.8772,51.1173,189.6851,4.2003,10.0,True,DARK_CURRENT_SPIKE_GROWTH,HEALTHY,20.38,36.87
IMA_LOT02_COMP0760,LOT_02,IMAGE_SENSOR,LCC-20,IMA-SIH-2026,IMAGE_SENSOR_DARK_CURRENT_TEST,T02_0760,PROC-ISRO-IISU-01,ATE-STATION-01,CHAMBER-01,1.0,60.0,3.3,168,dark_current_density,OPTICAL,nA/cm2,13.3743,17.6745,40.9618,94.9807,4.3002,13.22,9,40.78,7.98,0.0326,0.0052,62.24,61.79,13.3743,17.6745,40.9618,94.9807,4.3002,10.0,False,NOMINAL,HEALTHY,-28.92,-3.21
IMA_LOT02_COMP0761,LOT_02,IMAGE_SENSOR,LCC-20,IMA-SIH-2026,IMAGE_SENSOR_DARK_CURRENT_TEST,T02_0761,PROC-ISRO-IISU-01,ATE-STATION-01,CHAMBER-01,1.0,60.0,3.3,168,dark_current_density,OPTICAL,nA/cm2,12.6231,18.2086,61.5313,206.5259,5.5855,15.13,7,38.99,5.67,0.0237,0.0432,65.68,61.48,12.6231,18.2086,61.5313,206.5259,5.5855,10.0,False,NOMINAL,HEALTHY,-14.96,-41.26
IMA_LOT02_COMP0762,LOT_02,IMAGE_SENSOR,LCC-20,IMA-SIH-2026,IMAGE_SENSOR_DARK_CURRENT_TEST,T02_0762,PROC-ISRO-IISU-01,ATE-STATION-01,CHAMBER-01,1.0,60.0,3.3,168,dark_current_density,OPTICAL,nA/cm2,13.2131,17.3082,46.552,117.232,4.0951,14.86,4,43.34,9.64,0.0259,-0.0092,63.7,61.88,13.2131,17.3082,46.552,117.232,4.0951,10.0,False,NOMINAL,HEALTHY,40.31,1.68
IMA_LOT02_COMP0763,LOT_02,IMAGE_SENSOR,LCC-20,IMA-SIH-2026,IMAGE_SENSOR_DARK_CURRENT_TEST,T02_0763,PROC-ISRO-IISU-01,ATE-STATION-01,CHAMBER-01,1.0,60.0,3.3,168,dark_current_density,OPTICAL,nA/cm2,12.6262,15.5379,32.9492,66.1326,2.9117,16.64,5,40.07,7.53,0.0006,0.0607,63.82,61.28,12.6262,15.5379,32.9492,66.1326,2.9117,10.0,False,NOMINAL,HEALTHY,12.69,16.47
IMA_LOT02_COMP0764,LOT_02,IMAGE_SENSOR,LCC-20,IMA-SIH-2026,IMAGE_SENSOR_DARK_CURRENT_TEST,T02_0764,PROC-ISRO-IISU-01,ATE-STATION-01,CHAMBER-01,1.0,60.0,3.3,168,dark_current_density,OPTICAL,nA/cm2,13.3615,16.5936,32.5796,66.0463,3.2321,15.69,2,38.97,7.5,-0.0049,-0.0067,63.09,61.51,13.3615,16.5936,32.5796,66.0463,3.2321,10.0,False,NOMINAL,HEALTHY,-12.54,30.66
IMA_LOT02_COMP0765,LOT_02,IMAGE_SENSOR,LCC-20,IMA-SIH-2026,IMAGE_SENSOR_DARK_CURRENT_TEST,T02_0765,PROC-ISRO-IISU-01,ATE-STATION-01,CHAMBER-01,1.0,60.0,3.3,168,dark_current_density,OPTICAL,nA/cm2,12.6214,17.6834,50.6823,146.7888,5.062,15.94,5,41.03,7.08,0.0111,0.0719,60.16,61.76,12.6214,17.6834,50.6823,146.7888,5.062,10.0,False,NOMINAL,HEALTHY,38.29,-30.36
IMA_LOT02_COMP0766,LOT_02,IMAGE_SENSOR,LCC-20,IMA-SIH-2026,IMAGE_SENSOR_DARK_CURRENT_TEST,T02_0766,PROC-ISRO-IISU-01,ATE-STATION-01,CHAMBER-01,1.0,60.0,3.3,168,dark_current_density,OPTICAL,nA/cm2,12.6018,18.0838,47.4335,124.253,5.482,16.36,1,41.64,5.79,-0.0072,-0.0968,60.44,61.86,12.6018,18.0838,47.4335,124.253,5.482,10.0,False,NOMINAL,HEALTHY,-48.6,19.35
IMA_LOT02_COMP0767,LOT_02,IMAGE_SENSOR,LCC-20,IMA-SIH-2026,IMAGE_SENSOR_DARK_CURRENT_TEST,T02_0767,PROC-ISRO-IISU-01,ATE-STATION-01,CHAMBER-01,1.0,60.0,3.3,168,dark_current_density,OPTICAL,nA/cm2,12.7751,16.3179,32.3961,66.0749,3.5428,6.06,9,41.93,4.81,0.0048,0.0729,62.27,61.86,12.7751,16.3179,32.3961,66.0749,3.5428,10.0,False,NOMINAL,HEALTHY,34.6,-43.72
IMA_LOT02_COMP0768,LOT_02,IMAGE_SENSOR,LCC-20,IMA-SIH-2026,IMAGE_SENSOR_DARK_CURRENT_TEST,T02_0768,PROC-ISRO-IISU-01,ATE-STATION-01,CHAMBER-01,1.0,60.0,3.3,168,dark_current_density,OPTICAL,nA/cm2,11.8163,17.5986,53.0619,165.6824,5.7823,13.13,7,42.2,9.41,-0.0021,-0.0133,61.74,62.12,11.8163,17.5986,53.0619,165.6824,5.7823,10.0,True,DIELECTRIC_OSCILLATION,HEALTHY,9.32,-9.78
IMA_LOT02_COMP0769,LOT_02,IMAGE_SENSOR,LCC-20,IMA-SIH-2026,IMAGE_SENSOR_DARK_CURRENT_TEST,T02_0769,PROC-ISRO-IISU-01,ATE-STATION-01,CHAMBER-01,1.0,60.0,3.3,168,dark_current_density,OPTICAL,nA/cm2,12.7554,17.2972,37.001,77.224,4.5418,9.9,5,41.9,9.63,-0.0016,-0.0217,63.61,61.62,12.7554,17.2972,37.001,77.224,4.5418,10.0,False,NOMINAL,HEALTHY,21.18,-37.24
IMA_LOT02_COMP0770,LOT_02,IMAGE_SENSOR,LCC-20,IMA-SIH-2026,IMAGE_SENSOR_DARK_CURRENT_TEST,T02_0770,PROC-ISRO-IISU-01,ATE-STATION-01,CHAMBER-01,1.0,60.0,3.3,168,dark_current_density,OPTICAL,nA/cm2,11.9989,15.4975,36.1762,79.9028,3.4986,10.11,4,40.36,6.37,-0.0151,0.0132,64.37,61.93,11.9989,15.4975,36.1762,79.9028,3.4986,10.0,False,NOMINAL,HEALTHY,32.72,15.77
IMA_LOT02_COMP0771,LOT_02,IMAGE_SENSOR,LCC-20,IMA-SIH-2026,IMAGE_SENSOR_DARK_CURRENT_TEST,T02_0771,PROC-ISRO-IISU-01,ATE-STATION-01,CHAMBER-01,1.0,60.0,3.3,168,dark_current_density,OPTICAL,nA/cm2,12.9039,15.8342,30.6609,59.2139,2.9303,11.53,4,40.13,10.34,0.033,0.1213,61.83,61.11,12.9039,15.8342,30.6609,59.2139,2.9303,10.0,False,NOMINAL,HEALTHY,-16.98,-28.16
IMA_LOT02_COMP0772,LOT_02,IMAGE_SENSOR,LCC-20,IMA-SIH-2026,IMAGE_SENSOR_DARK_CURRENT_TEST,T02_0772,PROC-ISRO-IISU-01,ATE-STATION-01,CHAMBER-01,1.0,60.0,3.3,168,dark_current_density,OPTICAL,nA/cm2,13.0792,17.3392,47.1491,119.4663,4.26,11.08,5,41.42,8.77,-0.0021,0.0382,63.13,62.22,13.0792,17.3392,47.1491,119.4663,4.26,10.0,False,NOMINAL,HEALTHY,-15.24,-3.89
IMA_LOT02_COMP0773,LOT_02,IMAGE_SENSOR,LCC-20,IMA-SIH-2026,IMAGE_SENSOR_DARK_CURRENT_TEST,T02_0773,PROC-ISRO-IISU-01,ATE-STATION-01,CHAMBER-01,1.0,60.0,3.3,168,dark_current_density,OPTICAL,nA/cm2,13.0059,15.5846,33.1379,62.3803,2.5787,10.02,2,41.1,9.35,0.0013,0.0271,61.25,62.3,13.0059,15.5846,33.1379,62.3803,2.5787,10.0,False,NOMINAL,HEALTHY,-14.74,-33.02
IMA_LOT02_COMP0774,LOT_02,IMAGE_SENSOR,LCC-20,IMA-SIH-2026,IMAGE_SENSOR_DARK_CURRENT_TEST,T02_0774,PROC-ISRO-IISU-01,ATE-STATION-01,CHAMBER-01,1.0,60.0,3.3,168,dark_current_density,OPTICAL,nA/cm2,13.0853,19.574,59.5826,199.5467,6.4887,11.02,3,41.24,8.65,0.0181,-0.0324,61.46,62.27,13.0853,19.574,59.5826,199.5467,6.4887,10.0,False,NOMINAL,HEALTHY,4.89,41.61
IMA_LOT02_COMP0775,LOT_02,IMAGE_SENSOR,LCC-20,IMA-SIH-2026,IMAGE_SENSOR_DARK_CURRENT_TEST,T02_0775,PROC-ISRO-IISU-01,ATE-STATION-01,CHAMBER-01,1.0,60.0,3.3,168,dark_current_density,OPTICAL,nA/cm2,12.9727,17.7305,47.4603,122.4849,4.7578,16.57,7,42.42,8.74,0.0462,0.0911,63.2,61.37,12.9727,17.7305,47.4603,122.4849,4.7578,10.0,False,NOMINAL,HEALTHY,-10.11,-4.4
IMA_LOT02_COMP0776,LOT_02,IMAGE_SENSOR,LCC-20,IMA-SIH-2026,IMAGE_SENSOR_DARK_CURRENT_TEST,T02_0776,PROC-ISRO-IISU-01,ATE-STATION-01,CHAMBER-01,1.0,60.0,3.3,168,dark_current_density,OPTICAL,nA/cm2,12.257,19.2782,67.4797,234.2597,7.0212,14.01,8,43.29,10.11,0.0113,0.0434,64.75,61.76,12.257,19.2782,67.4797,234.2597,7.0212,10.0,False,NOMINAL,HEALTHY,-24.13,45.77
IMA_LOT02_COMP0777,LOT_02,IMAGE_SENSOR,LCC-20,IMA-SIH-2026,IMAGE_SENSOR_DARK_CURRENT_TEST,T02_0777,PROC-ISRO-IISU-01,ATE-STATION-01,CHAMBER-01,1.0,60.0,3.3,168,dark_current_density,OPTICAL,nA/cm2,13.0665,20.5267,74.9841,256.4651,7.4602,10.46,3,39.83,8.25,0.0184,0.0698,60.44,62.22,13.0665,20.5267,74.9841,256.4651,7.4602,10.0,False,NOMINAL,HEALTHY,9.9,-37.36
IMA_LOT02_COMP0778,LOT_02,IMAGE_SENSOR,LCC-20,IMA-SIH-2026,IMAGE_SENSOR_DARK_CURRENT_TEST,T02_0778,PROC-ISRO-IISU-01,ATE-STATION-01,CHAMBER-01,1.0,60.0,3.3,168,dark_current_density,OPTICAL,nA/cm2,12.714,17.1984,40.8142,93.367,4.4844,13.79,3,40.86,7.37,-0.0008,-0.0426,61.63,62.6,12.714,17.1984,40.8142,93.367,4.4844,10.0,False,NOMINAL,HEALTHY,24.06,-19.97
IMA_LOT02_COMP0779,LOT_02,IMAGE_SENSOR,LCC-20,IMA-SIH-2026,IMAGE_SENSOR_DARK_CURRENT_TEST,T02_0779,PROC-ISRO-IISU-01,ATE-STATION-01,CHAMBER-01,1.0,60.0,3.3,168,dark_current_density,OPTICAL,nA/cm2,12.9137,17.5263,44.4749,110.7099,4.6126,13.4,3,40.09,8.71,-0.0262,0.012,60.69,62.34,12.9137,17.5263,44.4749,110.7099,4.6126,10.0,False,NOMINAL,HEALTHY,-2.43,-9.51
IMA_LOT02_COMP0780,LOT_02,IMAGE_SENSOR,LCC-20,IMA-SIH-2026,IMAGE_SENSOR_DARK_CURRENT_TEST,T02_0780,PROC-ISRO-IISU-01,ATE-STATION-01,CHAMBER-01,1.0,60.0,3.3,168,dark_current_density,OPTICAL,nA/cm2,12.8054,17.1635,40.2155,95.7353,4.3581,7.7,3,42.52,7.72,-0.0126,-0.0287,61.55,61.33,12.8054,17.1635,40.2155,95.7353,4.3581,10.0,False,NOMINAL,HEALTHY,-3.57,-26.89
IMA_LOT02_COMP0781,LOT_02,IMAGE_SENSOR,LCC-20,IMA-SIH-2026,IMAGE_SENSOR_DARK_CURRENT_TEST,T02_0781,PROC-ISRO-IISU-01,ATE-STATION-01,CHAMBER-01,1.0,60.0,3.3,168,dark_current_density,OPTICAL,nA/cm2,12.5765,15.5991,29.7327,59.6225,3.0226,6.14,6,43.09,6.92,0.0186,0.0062,63.57,62.31,12.5765,15.5991,29.7327,59.6225,3.0226,10.0,False,NOMINAL,HEALTHY,33.75,-17.67
IMA_LOT02_COMP0782,LOT_02,IMAGE_SENSOR,LCC-20,IMA-SIH-2026,IMAGE_SENSOR_DARK_CURRENT_TEST,T02_0782,PROC-ISRO-IISU-01,ATE-STATION-01,CHAMBER-01,1.0,60.0,3.3,168,dark_current_density,OPTICAL,nA/cm2,12.3043,17.7923,44.3292,117.1752,5.488,13.26,4,38.52,8.12,-0.0149,-0.0089,65.05,62.41,12.3043,17.7923,44.3292,117.1752,5.488,10.0,False,NOMINAL,HEALTHY,-38.96,16.65
IMA_LOT02_COMP0783,LOT_02,IMAGE_SENSOR,LCC-20,IMA-SIH-2026,IMAGE_SENSOR_DARK_CURRENT_TEST,T02_0783,PROC-ISRO-IISU-01,ATE-STATION-01,CHAMBER-01,1.0,60.0,3.3,168,dark_current_density,OPTICAL,nA/cm2,12.6681,18.1709,51.7462,150.2862,5.5028,9.97,3,43.34,11.42,0.0036,0.0137,61.01,61.35,12.6681,18.1709,51.7462,150.2862,5.5028,10.0,False,NOMINAL,HEALTHY,13.89,-28.89
IMA_LOT02_COMP0784,LOT_02,IMAGE_SENSOR,LCC-20,IMA-SIH-2026,IMAGE_SENSOR_DARK_CURRENT_TEST,T02_0784,PROC-ISRO-IISU-01,ATE-STATION-01,CHAMBER-01,1.0,60.0,3.3,168,dark_current_density,OPTICAL,nA/cm2,12.3112,15.7256,32.4006,67.0301,3.4144,12.08,8,41.58,4.31,0.0211,0.0894,61.28,61.89,12.3112,15.7256,32.4006,67.0301,3.4144,10.0,False,NOMINAL,HEALTHY,15.64,7.19
IMA_LOT02_COMP0785,LOT_02,IMAGE_SENSOR,LCC-20,IMA-SIH-2026,IMAGE_SENSOR_DARK_CURRENT_TEST,T02_0785,PROC-ISRO-IISU-01,ATE-STATION-01,CHAMBER-01,1.0,60.0,3.3,168,dark_current_density,OPTICAL,nA/cm2,13.376,19.8475,72.6686,257.4818,6.4715,17.0,5,42.51,8.85,0.0202,-0.0006,60.92,62.18,13.376,19.8475,72.6686,257.4818,6.4715,10.0,False,NOMINAL,HEALTHY,-24.3,-28.23
IMA_LOT02_COMP0786,LOT_02,IMAGE_SENSOR,LCC-20,IMA-SIH-2026,IMAGE_SENSOR_DARK_CURRENT_TEST,T02_0786,PROC-ISRO-IISU-01,ATE-STATION-01,CHAMBER-01,1.0,60.0,3.3,168,dark_current_density,OPTICAL,nA/cm2,12.8518,17.5516,136.005,1172.6682,4.6998,20.22,5,41.84,8.26,-0.0064,0.0557,61.59,61.88,12.8518,17.5516,136.005,1172.6682,4.6998,10.0,True,THERMAL_RUNAWAY,HEALTHY,22.41,-39.85
IMA_LOT02_COMP0787,LOT_02,IMAGE_SENSOR,LCC-20,IMA-SIH-2026,IMAGE_SENSOR_DARK_CURRENT_TEST,T02_0787,PROC-ISRO-IISU-01,ATE-STATION-01,CHAMBER-01,1.0,60.0,3.3,168,dark_current_density,OPTICAL,nA/cm2,12.9688,18.3474,50.0558,133.8205,5.3786,17.63,8,45.87,6.22,-0.0214,-0.0392,63.49,62.35,12.9688,18.3474,50.0558,133.8205,5.3786,10.0,False,NOMINAL,HEALTHY,-0.94,-43.71
IMA_LOT02_COMP0788,LOT_02,IMAGE_SENSOR,LCC-20,IMA-SIH-2026,IMAGE_SENSOR_DARK_CURRENT_TEST,T02_0788,PROC-ISRO-IISU-01,ATE-STATION-01,CHAMBER-01,1.0,60.0,3.3,168,dark_current_density,OPTICAL,nA/cm2,12.9294,18.5445,52.2486,132.9603,5.6151,10.12,10,39.61,8.97,0.0199,0.0336,62.77,62.2,12.9294,18.5445,52.2486,132.9603,5.6151,10.0,False,NOMINAL,HEALTHY,29.87,26.94
IMA_LOT02_COMP0789,LOT_02,IMAGE_SENSOR,LCC-20,IMA-SIH-2026,IMAGE_SENSOR_DARK_CURRENT_TEST,T02_0789,PROC-ISRO-IISU-01,ATE-STATION-01,CHAMBER-01,1.0,60.0,3.3,168,dark_current_density,OPTICAL,nA/cm2,13.1332,19.4598,61.2736,191.1451,6.3266,11.33,8,40.68,5.58,0.0145,-0.0445,60.84,61.88,13.1332,19.4598,61.2736,191.1451,6.3266,10.0,False,NOMINAL,HEALTHY,-27.03,-48.67
IMA_LOT02_COMP0790,LOT_02,IMAGE_SENSOR,LCC-20,IMA-SIH-2026,IMAGE_SENSOR_DARK_CURRENT_TEST,T02_0790,PROC-ISRO-IISU-01,ATE-STATION-01,CHAMBER-01,1.0,60.0,3.3,168,dark_current_density,OPTICAL,nA/cm2,12.754,17.4424,45.6762,124.2923,4.6884,7.29,5,40.74,9.76,0.0173,-0.0206,58.77,62.13,12.754,17.4424,45.6762,124.2923,4.6884,10.0,False,NOMINAL,HEALTHY,14.27,36.81
IMA_LOT02_COMP0791,LOT_02,IMAGE_SENSOR,LCC-20,IMA-SIH-2026,IMAGE_SENSOR_DARK_CURRENT_TEST,T02_0791,PROC-ISRO-IISU-01,ATE-STATION-01,CHAMBER-01,1.0,60.0,3.3,168,dark_current_density,OPTICAL,nA/cm2,13.0213,17.825,41.5762,102.628,4.8037,7.98,6,42.1,8.43,-0.0386,-0.003,64.53,62.71,13.0213,17.825,41.5762,102.628,4.8037,10.0,False,NOMINAL,HEALTHY,-2.91,-22.98
IMA_LOT02_COMP0792,LOT_02,IMAGE_SENSOR,LCC-20,IMA-SIH-2026,IMAGE_SENSOR_DARK_CURRENT_TEST,T02_0792,PROC-ISRO-IISU-01,ATE-STATION-01,CHAMBER-01,1.0,60.0,3.3,168,dark_current_density,OPTICAL,nA/cm2,13.2115,19.1098,65.1642,214.0686,5.8983,12.78,4,44.41,7.69,0.0242,0.0423,61.64,61.94,13.2115,19.1098,65.1642,214.0686,5.8983,10.0,False,NOMINAL,HEALTHY,-10.82,-16.31
IMA_LOT02_COMP0793,LOT_02,IMAGE_SENSOR,LCC-20,IMA-SIH-2026,IMAGE_SENSOR_DARK_CURRENT_TEST,T02_0793,PROC-ISRO-IISU-01,ATE-STATION-01,CHAMBER-01,1.0,60.0,3.3,168,dark_current_density,OPTICAL,nA/cm2,12.8302,18.349,56.5142,163.2973,5.5188,11.74,6,43.01,7.12,-0.0032,0.0065,61.26,62.49,12.8302,18.349,56.5142,163.2973,5.5188,10.0,False,NOMINAL,HEALTHY,-4.51,4.89
IMA_LOT02_COMP0794,LOT_02,IMAGE_SENSOR,LCC-20,IMA-SIH-2026,IMAGE_SENSOR_DARK_CURRENT_TEST,T02_0794,PROC-ISRO-IISU-01,ATE-STATION-01,CHAMBER-01,1.0,60.0,3.3,168,dark_current_density,OPTICAL,nA/cm2,13.2651,17.4147,41.3657,97.1009,4.1496,10.79,5,41.27,8.61,-0.0037,0.0586,60.24,62.89,13.2651,17.4147,41.3657,97.1009,4.1496,10.0,False,NOMINAL,HEALTHY,-39.81,32.84
IMA_LOT02_COMP0795,LOT_02,IMAGE_SENSOR,LCC-20,IMA-SIH-2026,IMAGE_SENSOR_DARK_CURRENT_TEST,T02_0795,PROC-ISRO-IISU-01,ATE-STATION-01,CHAMBER-01,1.0,60.0,3.3,168,dark_current_density,OPTICAL,nA/cm2,12.4721,16.0781,42.0848,103.233,3.606,15.24,3,41.74,6.96,-0.0101,-0.0847,60.85,60.99,12.4721,16.0781,42.0848,103.233,3.606,10.0,False,NOMINAL,HEALTHY,-13.28,45.82
IMA_LOT02_COMP0796,LOT_02,IMAGE_SENSOR,LCC-20,IMA-SIH-2026,IMAGE_SENSOR_DARK_CURRENT_TEST,T02_0796,PROC-ISRO-IISU-01,ATE-STATION-01,CHAMBER-01,1.0,60.0,3.3,168,dark_current_density,OPTICAL,nA/cm2,12.6884,17.6787,45.0928,122.5744,4.9903,7.38,3,39.32,4.17,0.0136,0.1161,61.21,62.03,12.6884,17.6787,45.0928,122.5744,4.9903,10.0,False,NOMINAL,HEALTHY,-21.15,-5.89
IMA_LOT02_COMP0797,LOT_02,IMAGE_SENSOR,LCC-20,IMA-SIH-2026,IMAGE_SENSOR_DARK_CURRENT_TEST,T02_0797,PROC-ISRO-IISU-01,ATE-STATION-01,CHAMBER-01,1.0,60.0,3.3,168,dark_current_density,OPTICAL,nA/cm2,12.5135,18.0918,51.1457,146.9096,5.5783,12.02,4,44.81,6.89,-0.0126,-0.0789,62.36,61.69,12.5135,18.0918,51.1457,146.9096,5.5783,10.0,False,NOMINAL,HEALTHY,-45.74,31.37
IMA_LOT02_COMP0798,LOT_02,IMAGE_SENSOR,LCC-20,IMA-SIH-2026,IMAGE_SENSOR_DARK_CURRENT_TEST,T02_0798,PROC-ISRO-IISU-01,ATE-STATION-01,CHAMBER-01,1.0,60.0,3.3,168,dark_current_density,OPTICAL,nA/cm2,12.9367,19.6934,64.1361,225.6619,6.7567,13.96,6,41.57,7.24,-0.0037,0.0159,62.17,60.98,12.9367,19.6934,64.1361,225.6619,6.7567,10.0,False,NOMINAL,HEALTHY,16.03,-43.15
IMA_LOT02_COMP0799,LOT_02,IMAGE_SENSOR,LCC-20,IMA-SIH-2026,IMAGE_SENSOR_DARK_CURRENT_TEST,T02_0799,PROC-ISRO-IISU-01,ATE-STATION-01,CHAMBER-01,1.0,60.0,3.3,168,dark_current_density,OPTICAL,nA/cm2,11.9047,15.5692,33.667,69.3423,3.6645,8.57,8,38.49,7.51,0.0022,0.0174,62.19,61.77,11.9047,15.5692,33.667,69.3423,3.6645,10.0,False,NOMINAL,HEALTHY,19.54,19.63
IMA_LOT02_COMP0800,LOT_02,IMAGE_SENSOR,LCC-20,IMA-SIH-2026,IMAGE_SENSOR_DARK_CURRENT_TEST,T02_0800,PROC-ISRO-IISU-01,ATE-STATION-01,CHAMBER-01,1.0,60.0,3.3,168,dark_current_density,OPTICAL,nA/cm2,12.3207,17.0171,45.437,122.9471,4.6964,7.63,5,39.09,7.59,-0.0247,-0.0146,62.7,61.61,12.3207,17.0171,45.437,122.9471,4.6964,10.0,False,NOMINAL,HEALTHY,39.16,33.51
IMA_LOT02_COMP0801,LOT_02,IMAGE_SENSOR,LCC-20,IMA-SIH-2026,IMAGE_SENSOR_DARK_CURRENT_TEST,T02_0801,PROC-ISRO-IISU-01,ATE-STATION-01,CHAMBER-01,1.0,60.0,3.3,168,dark_current_density,OPTICAL,nA/cm2,12.0341,16.3585,43.2419,119.6944,4.3244,14.01,3,40.92,6.49,0.0185,0.0222,60.52,60.58,12.0341,16.3585,43.2419,119.6944,4.3244,10.0,False,NOMINAL,HEALTHY,18.48,47.07
IMA_LOT02_COMP0802,LOT_02,IMAGE_SENSOR,LCC-20,IMA-SIH-2026,IMAGE_SENSOR_DARK_CURRENT_TEST,T02_0802,PROC-ISRO-IISU-01,ATE-STATION-01,CHAMBER-01,1.0,60.0,3.3,168,dark_current_density,OPTICAL,nA/cm2,12.4868,18.4358,62.3785,194.6541,5.949,17.74,7,38.58,6.07,0.012,0.0299,61.98,61.93,12.4868,18.4358,62.3785,194.6541,5.949,10.0,False,NOMINAL,HEALTHY,-45.49,-29.64
IMA_LOT02_COMP0803,LOT_02,IMAGE_SENSOR,LCC-20,IMA-SIH-2026,IMAGE_SENSOR_DARK_CURRENT_TEST,T02_0803,PROC-ISRO-IISU-01,ATE-STATION-01,CHAMBER-01,1.0,60.0,3.3,168,dark_current_density,OPTICAL,nA/cm2,12.6914,16.3277,36.5648,85.2472,3.6363,13.42,4,46.83,7.64,0.0275,-0.081,60.65,61.19,12.6914,16.3277,36.5648,85.2472,3.6363,10.0,False,NOMINAL,HEALTHY,-38.08,14.94
IMA_LOT02_COMP0804,LOT_02,IMAGE_SENSOR,LCC-20,IMA-SIH-2026,IMAGE_SENSOR_DARK_CURRENT_TEST,T02_0804,PROC-ISRO-IISU-01,ATE-STATION-01,CHAMBER-01,1.0,60.0,3.3,168,dark_current_density,OPTICAL,nA/cm2,12.6831,18.0321,51.8137,145.624,5.349,11.2,4,41.77,8.79,-0.0362,-0.062,64.52,61.76,12.6831,18.0321,51.8137,145.624,5.349,10.0,False,NOMINAL,HEALTHY,-2.96,16.6
IMA_LOT02_COMP0805,LOT_02,IMAGE_SENSOR,LCC-20,IMA-SIH-2026,IMAGE_SENSOR_DARK_CURRENT_TEST,T02_0805,PROC-ISRO-IISU-01,ATE-STATION-01,CHAMBER-01,1.0,60.0,3.3,168,dark_current_density,OPTICAL,nA/cm2,12.3393,19.3924,65.4011,230.8587,7.0531,17.48,7,40.53,8.09,-0.0239,-0.0001,61.37,61.46,12.3393,19.3924,65.4011,230.8587,7.0531,10.0,False,NOMINAL,HEALTHY,24.45,26.71
IMA_LOT02_COMP0806,LOT_02,IMAGE_SENSOR,LCC-20,IMA-SIH-2026,IMAGE_SENSOR_DARK_CURRENT_TEST,T02_0806,PROC-ISRO-IISU-01,ATE-STATION-01,CHAMBER-01,1.0,60.0,3.3,168,dark_current_density,OPTICAL,nA/cm2,13.1223,19.4498,66.9993,208.8027,6.3275,12.95,3,41.99,10.17,0.0086,0.0041,61.23,61.91,13.1223,19.4498,66.9993,208.8027,6.3275,10.0,False,NOMINAL,HEALTHY,-35.51,39.33
IMA_LOT02_COMP0807,LOT_02,IMAGE_SENSOR,LCC-20,IMA-SIH-2026,IMAGE_SENSOR_DARK_CURRENT_TEST,T02_0807,PROC-ISRO-IISU-01,ATE-STATION-01,CHAMBER-01,1.0,60.0,3.3,168,dark_current_density,OPTICAL,nA/cm2,12.2467,15.8196,37.6469,86.0362,3.5729,13.28,6,43.04,5.48,0.0249,0.0238,64.46,61.72,12.2467,15.8196,37.6469,86.0362,3.5729,10.0,False,NOMINAL,HEALTHY,43.83,-31.33
IMA_LOT02_COMP0808,LOT_02,IMAGE_SENSOR,LCC-20,IMA-SIH-2026,IMAGE_SENSOR_DARK_CURRENT_TEST,T02_0808,PROC-ISRO-IISU-01,ATE-STATION-01,CHAMBER-01,1.0,60.0,3.3,168,dark_current_density,OPTICAL,nA/cm2,12.6443,16.1537,34.6005,76.9564,3.5094,14.11,6,39.3,7.09,-0.0149,-0.0416,61.86,63.17,12.6443,16.1537,34.6005,76.9564,3.5094,10.0,False,NOMINAL,HEALTHY,-49.14,-14.7
IMA_LOT02_COMP0809,LOT_02,IMAGE_SENSOR,LCC-20,IMA-SIH-2026,IMAGE_SENSOR_DARK_CURRENT_TEST,T02_0809,PROC-ISRO-IISU-01,ATE-STATION-01,CHAMBER-01,1.0,60.0,3.3,168,dark_current_density,OPTICAL,nA/cm2,12.6466,17.4454,43.0931,98.2303,4.7988,13.4,2,46.45,8.57,0.0054,0.0012,64.95,60.89,12.6466,17.4454,43.0931,98.2303,4.7988,10.0,False,NOMINAL,HEALTHY,-47.25,43.33
IMA_LOT02_COMP0810,LOT_02,IMAGE_SENSOR,LCC-20,IMA-SIH-2026,IMAGE_SENSOR_DARK_CURRENT_TEST,T02_0810,PROC-ISRO-IISU-01,ATE-STATION-01,CHAMBER-01,1.0,60.0,3.3,168,dark_current_density,OPTICAL,nA/cm2,11.5657,16.7649,45.0524,120.9738,5.1992,14.72,4,40.78,5.72,0.0216,0.0387,62.88,61.4,11.5657,16.7649,45.0524,120.9738,5.1992,10.0,False,NOMINAL,HEALTHY,-39.69,-29.54
IMA_LOT02_COMP0811,LOT_02,IMAGE_SENSOR,LCC-20,IMA-SIH-2026,IMAGE_SENSOR_DARK_CURRENT_TEST,T02_0811,PROC-ISRO-IISU-01,ATE-STATION-01,CHAMBER-01,1.0,60.0,3.3,168,dark_current_density,OPTICAL,nA/cm2,12.4283,18.8571,57.7913,185.5546,6.4288,8.39,3,43.69,7.42,0.0277,0.0516,61.49,61.71,12.4283,18.8571,57.7913,185.5546,6.4288,10.0,False,NOMINAL,HEALTHY,-43.97,-39.77
IMA_LOT02_COMP0812,LOT_02,IMAGE_SENSOR,LCC-20,IMA-SIH-2026,IMAGE_SENSOR_DARK_CURRENT_TEST,T02_0812,PROC-ISRO-IISU-01,ATE-STATION-01,CHAMBER-01,1.0,60.0,3.3,168,dark_current_density,OPTICAL,nA/cm2,11.9168,17.9302,52.223,153.4093,6.0134,9.2,3,39.64,9.19,0.0178,0.032,61.76,62.19,11.9168,17.9302,52.223,153.4093,6.0134,10.0,False,NOMINAL,HEALTHY,-2.26,-11.4
IMA_LOT02_COMP0813,LOT_02,IMAGE_SENSOR,LCC-20,IMA-SIH-2026,IMAGE_SENSOR_DARK_CURRENT_TEST,T02_0813,PROC-ISRO-IISU-01,ATE-STATION-01,CHAMBER-01,1.0,60.0,3.3,168,dark_current_density,OPTICAL,nA/cm2,12.5659,17.688,49.4816,136.5665,5.1221,13.72,6,41.08,8.85,-0.0095,0.0615,61.87,62.51,12.5659,17.688,49.4816,136.5665,5.1221,10.0,False,NOMINAL,HEALTHY,46.8,32.7
IMA_LOT02_COMP0814,LOT_02,IMAGE_SENSOR,LCC-20,IMA-SIH-2026,IMAGE_SENSOR_DARK_CURRENT_TEST,T02_0814,PROC-ISRO-IISU-01,ATE-STATION-01,CHAMBER-01,1.0,60.0,3.3,168,dark_current_density,OPTICAL,nA/cm2,13.3227,18.4677,51.176,142.8482,5.145,11.06,7,43.12,7.23,-0.0305,0.0505,62.43,61.75,13.3227,18.4677,51.176,142.8482,5.145,10.0,False,NOMINAL,HEALTHY,7.54,-26.84
IMA_LOT02_COMP0815,LOT_02,IMAGE_SENSOR,LCC-20,IMA-SIH-2026,IMAGE_SENSOR_DARK_CURRENT_TEST,T02_0815,PROC-ISRO-IISU-01,ATE-STATION-01,CHAMBER-01,1.0,60.0,3.3,168,dark_current_density,OPTICAL,nA/cm2,13.2829,18.4406,55.4387,160.5581,5.1577,17.2,5,41.78,8.6,0.0119,0.0535,64.89,62.78,13.2829,18.4406,55.4387,160.5581,5.1577,10.0,False,NOMINAL,HEALTHY,-33.47,14.0
IMA_LOT02_COMP0816,LOT_02,IMAGE_SENSOR,LCC-20,IMA-SIH-2026,IMAGE_SENSOR_DARK_CURRENT_TEST,T02_0816,PROC-ISRO-IISU-01,ATE-STATION-01,CHAMBER-01,1.0,60.0,3.3,168,dark_current_density,OPTICAL,nA/cm2,13.6013,20.2389,68.3089,226.6874,6.6376,13.95,5,40.6,6.78,-0.0003,-0.0208,61.17,62.52,13.6013,20.2389,68.3089,226.6874,6.6376,10.0,False,NOMINAL,HEALTHY,-24.77,-31.38
IMA_LOT02_COMP0817,LOT_02,IMAGE_SENSOR,LCC-20,IMA-SIH-2026,IMAGE_SENSOR_DARK_CURRENT_TEST,T02_0817,PROC-ISRO-IISU-01,ATE-STATION-01,CHAMBER-01,1.0,60.0,3.3,168,dark_current_density,OPTICAL,nA/cm2,12.8407,16.8655,39.1348,93.2925,4.0248,12.69,4,41.4,8.42,0.0214,0.0342,61.45,61.83,12.8407,16.8655,39.1348,93.2925,4.0248,10.0,False,NOMINAL,HEALTHY,-28.4,-15.65
IMA_LOT02_COMP0818,LOT_02,IMAGE_SENSOR,LCC-20,IMA-SIH-2026,IMAGE_SENSOR_DARK_CURRENT_TEST,T02_0818,PROC-ISRO-IISU-01,ATE-STATION-01,CHAMBER-01,1.0,60.0,3.3,168,dark_current_density,OPTICAL,nA/cm2,13.0373,17.7378,57.2983,187.5078,4.7005,16.55,5,41.2,6.93,0.0328,0.0989,61.4,62.36,13.0373,17.7378,57.2983,187.5078,4.7005,10.0,False,NOMINAL,HEALTHY,41.95,-5.48
IMA_LOT02_COMP0819,LOT_02,IMAGE_SENSOR,LCC-20,IMA-SIH-2026,IMAGE_SENSOR_DARK_CURRENT_TEST,T02_0819,PROC-ISRO-IISU-01,ATE-STATION-01,CHAMBER-01,1.0,60.0,3.3,168,dark_current_density,OPTICAL,nA/cm2,12.9058,17.2028,39.2094,94.4446,4.297,12.67,3,43.43,8.31,0.0031,-0.0316,61.92,61.54,12.9058,17.2028,39.2094,94.4446,4.297,10.0,False,NOMINAL,HEALTHY,-39.57,-45.03
IMA_LOT02_COMP0820,LOT_02,IMAGE_SENSOR,LCC-20,IMA-SIH-2026,IMAGE_SENSOR_DARK_CURRENT_TEST,T02_0820,PROC-ISRO-IISU-01,ATE-STATION-01,CHAMBER-01,1.0,60.0,3.3,168,dark_current_density,OPTICAL,nA/cm2,12.0136,15.8613,33.9907,71.5363,3.8477,13.21,2,41.1,6.8,0.0272,-0.0243,62.69,62.2,12.0136,15.8613,33.9907,71.5363,3.8477,10.0,False,NOMINAL,HEALTHY,37.33,17.12
IMA_LOT02_COMP0821,LOT_02,IMAGE_SENSOR,LCC-20,IMA-SIH-2026,IMAGE_SENSOR_DARK_CURRENT_TEST,T02_0821,PROC-ISRO-IISU-01,ATE-STATION-01,CHAMBER-01,1.0,60.0,3.3,168,dark_current_density,OPTICAL,nA/cm2,12.1288,17.4416,51.1964,150.4234,5.3128,12.48,7,42.4,9.86,0.0127,-0.0375,63.13,62.22,12.1288,17.4416,51.1964,150.4234,5.3128,10.0,False,NOMINAL,HEALTHY,30.96,33.84
IMA_LOT02_COMP0822,LOT_02,IMAGE_SENSOR,LCC-20,IMA-SIH-2026,IMAGE_SENSOR_DARK_CURRENT_TEST,T02_0822,PROC-ISRO-IISU-01,ATE-STATION-01,CHAMBER-01,1.0,60.0,3.3,168,dark_current_density,OPTICAL,nA/cm2,12.9305,16.6186,33.0684,66.0078,3.6881,12.87,2,38.75,8.9,0.0094,0.1141,63.22,62.17,12.9305,16.6186,33.0684,66.0078,3.6881,10.0,False,NOMINAL,HEALTHY,35.05,-25.4
IMA_LOT02_COMP0823,LOT_02,IMAGE_SENSOR,LCC-20,IMA-SIH-2026,IMAGE_SENSOR_DARK_CURRENT_TEST,T02_0823,PROC-ISRO-IISU-01,ATE-STATION-01,CHAMBER-01,1.0,60.0,3.3,168,dark_current_density,OPTICAL,nA/cm2,12.92,17.3589,43.3166,108.0703,4.4389,7.61,6,39.0,7.47,-0.011,0.0752,61.02,61.7,12.92,17.3589,43.3166,108.0703,4.4389,10.0,False,NOMINAL,HEALTHY,4.11,4.64
IMA_LOT02_COMP0824,LOT_02,IMAGE_SENSOR,LCC-20,IMA-SIH-2026,IMAGE_SENSOR_DARK_CURRENT_TEST,T02_0824,PROC-ISRO-IISU-01,ATE-STATION-01,CHAMBER-01,1.0,60.0,3.3,168,dark_current_density,OPTICAL,nA/cm2,11.986,17.952,58.4119,188.1544,5.966,11.63,5,43.15,7.61,0.0527,-0.0027,61.78,62.66,11.986,17.952,58.4119,188.1544,5.966,10.0,False,NOMINAL,HEALTHY,48.0,49.2
IMA_LOT02_COMP0825,LOT_02,IMAGE_SENSOR,LCC-20,IMA-SIH-2026,IMAGE_SENSOR_DARK_CURRENT_TEST,T02_0825,PROC-ISRO-IISU-01,ATE-STATION-01,CHAMBER-01,1.0,60.0,3.3,168,dark_current_density,OPTICAL,nA/cm2,12.7001,15.1263,29.853,58.8601,2.4262,10.87,6,41.69,8.41,0.0461,0.0392,63.69,62.09,12.7001,15.1263,29.853,58.8601,2.4262,10.0,False,NOMINAL,HEALTHY,-30.03,-1.65
IMA_LOT02_COMP0826,LOT_02,IMAGE_SENSOR,LCC-20,IMA-SIH-2026,IMAGE_SENSOR_DARK_CURRENT_TEST,T02_0826,PROC-ISRO-IISU-01,ATE-STATION-01,CHAMBER-01,1.0,60.0,3.3,168,dark_current_density,OPTICAL,nA/cm2,13.0499,19.2358,65.4591,228.0606,6.1859,5.35,6,44.43,10.23,-0.0142,-0.0306,60.57,61.59,13.0499,19.2358,65.4591,228.0606,6.1859,10.0,False,NOMINAL,HEALTHY,3.24,-5.8
IMA_LOT02_COMP0827,LOT_02,IMAGE_SENSOR,LCC-20,IMA-SIH-2026,IMAGE_SENSOR_DARK_CURRENT_TEST,T02_0827,PROC-ISRO-IISU-01,ATE-STATION-01,CHAMBER-01,1.0,60.0,3.3,168,dark_current_density,OPTICAL,nA/cm2,12.2456,15.8791,33.43,69.0163,3.6335,15.61,9,40.79,7.53,0.004,0.0719,64.66,62.51,12.2456,15.8791,33.43,69.0163,3.6335,10.0,False,NOMINAL,HEALTHY,29.11,-1.61
IMA_LOT02_COMP0828,LOT_02,IMAGE_SENSOR,LCC-20,IMA-SIH-2026,IMAGE_SENSOR_DARK_CURRENT_TEST,T02_0828,PROC-ISRO-IISU-01,ATE-STATION-01,CHAMBER-01,1.0,60.0,3.3,168,dark_current_density,OPTICAL,nA/cm2,12.4652,15.7787,30.1451,57.1471,3.3135,17.73,4,39.58,8.27,0.0329,-0.0134,64.24,61.98,12.4652,15.7787,30.1451,57.1471,3.3135,10.0,False,NOMINAL,HEALTHY,6.45,44.59
IMA_LOT02_COMP0829,LOT_02,IMAGE_SENSOR,LCC-20,IMA-SIH-2026,IMAGE_SENSOR_DARK_CURRENT_TEST,T02_0829,PROC-ISRO-IISU-01,ATE-STATION-01,CHAMBER-01,1.0,60.0,3.3,168,dark_current_density,OPTICAL,nA/cm2,12.8522,16.1971,31.0766,63.8363,3.3449,10.54,5,40.09,6.67,0.0197,-0.0145,60.87,62.03,12.8522,16.1971,31.0766,63.8363,3.3449,10.0,False,NOMINAL,HEALTHY,-25.01,26.71
IMA_LOT02_COMP0830,LOT_02,IMAGE_SENSOR,LCC-20,IMA-SIH-2026,IMAGE_SENSOR_DARK_CURRENT_TEST,T02_0830,PROC-ISRO-IISU-01,ATE-STATION-01,CHAMBER-01,1.0,60.0,3.3,168,dark_current_density,OPTICAL,nA/cm2,13.2397,17.3143,45.6058,113.8201,4.0746,14.01,1,39.22,7.13,-0.0062,0.0536,63.32,60.81,13.2397,17.3143,45.6058,113.8201,4.0746,10.0,False,NOMINAL,HEALTHY,19.28,-37.63
IMA_LOT02_COMP0831,LOT_02,IMAGE_SENSOR,LCC-20,IMA-SIH-2026,IMAGE_SENSOR_DARK_CURRENT_TEST,T02_0831,PROC-ISRO-IISU-01,ATE-STATION-01,CHAMBER-01,1.0,60.0,3.3,168,dark_current_density,OPTICAL,nA/cm2,11.6509,16.6629,39.5551,95.5942,5.012,11.39,7,40.35,7.61,-0.0004,0.1688,61.54,62.28,11.6509,16.6629,39.5551,95.5942,5.012,10.0,False,NOMINAL,HEALTHY,36.29,-40.35
IMA_LOT02_COMP0832,LOT_02,IMAGE_SENSOR,LCC-20,IMA-SIH-2026,IMAGE_SENSOR_DARK_CURRENT_TEST,T02_0832,PROC-ISRO-IISU-01,ATE-STATION-01,CHAMBER-01,1.0,60.0,3.3,168,dark_current_density,OPTICAL,nA/cm2,12.6001,18.4325,59.8646,203.4975,5.8324,11.55,7,40.99,7.57,0.0095,-0.0383,63.91,60.77,12.6001,18.4325,59.8646,203.4975,5.8324,10.0,False,NOMINAL,HEALTHY,17.87,26.51
IMA_LOT02_COMP0833,LOT_02,IMAGE_SENSOR,LCC-20,IMA-SIH-2026,IMAGE_SENSOR_DARK_CURRENT_TEST,T02_0833,PROC-ISRO-IISU-01,ATE-STATION-01,CHAMBER-01,1.0,60.0,3.3,168,dark_current_density,OPTICAL,nA/cm2,12.5863,16.9563,40.9271,101.4214,4.37,15.68,7,41.63,9.58,0.0077,0.0202,61.46,62.4,12.5863,16.9563,40.9271,101.4214,4.37,10.0,False,NOMINAL,HEALTHY,48.64,-34.35
IMA_LOT02_COMP0834,LOT_02,IMAGE_SENSOR,LCC-20,IMA-SIH-2026,IMAGE_SENSOR_DARK_CURRENT_TEST,T02_0834,PROC-ISRO-IISU-01,ATE-STATION-01,CHAMBER-01,1.0,60.0,3.3,168,dark_current_density,OPTICAL,nA/cm2,12.4104,17.8742,51.4517,153.4425,5.4638,18.06,5,42.49,6.87,0.0218,0.0805,60.63,62.06,12.4104,17.8742,51.4517,153.4425,5.4638,10.0,False,NOMINAL,HEALTHY,-13.01,-7.61
IMA_LOT02_COMP0835,LOT_02,IMAGE_SENSOR,LCC-20,IMA-SIH-2026,IMAGE_SENSOR_DARK_CURRENT_TEST,T02_0835,PROC-ISRO-IISU-01,ATE-STATION-01,CHAMBER-01,1.0,60.0,3.3,168,dark_current_density,OPTICAL,nA/cm2,12.8761,17.3636,39.0071,90.0178,4.4875,6.65,7,41.64,8.8,0.0319,0.1046,58.62,62.19,12.8761,17.3636,39.0071,90.0178,4.4875,10.0,False,NOMINAL,HEALTHY,-34.97,23.25
IMA_LOT02_COMP0836,LOT_02,IMAGE_SENSOR,LCC-20,IMA-SIH-2026,IMAGE_SENSOR_DARK_CURRENT_TEST,T02_0836,PROC-ISRO-IISU-01,ATE-STATION-01,CHAMBER-01,1.0,60.0,3.3,168,dark_current_density,OPTICAL,nA/cm2,12.9226,18.9234,50.5546,142.2767,6.0008,12.71,4,41.3,8.97,0.01,-0.061,60.25,61.65,12.9226,18.9234,50.5546,142.2767,6.0008,10.0,False,NOMINAL,HEALTHY,38.47,-47.46
IMA_LOT02_COMP0837,LOT_02,IMAGE_SENSOR,LCC-20,IMA-SIH-2026,IMAGE_SENSOR_DARK_CURRENT_TEST,T02_0837,PROC-ISRO-IISU-01,ATE-STATION-01,CHAMBER-01,1.0,60.0,3.3,168,dark_current_density,OPTICAL,nA/cm2,12.3475,17.521,48.7524,136.0177,5.1735,11.09,6,41.56,10.4,0.0214,0.098,63.08,61.8,12.3475,17.521,48.7524,136.0177,5.1735,10.0,False,NOMINAL,HEALTHY,-12.7,23.79
IMA_LOT02_COMP0838,LOT_02,IMAGE_SENSOR,LCC-20,IMA-SIH-2026,IMAGE_SENSOR_DARK_CURRENT_TEST,T02_0838,PROC-ISRO-IISU-01,ATE-STATION-01,CHAMBER-01,1.0,60.0,3.3,168,dark_current_density,OPTICAL,nA/cm2,12.969,18.4054,53.1342,160.0558,5.4364,14.5,5,43.29,6.74,0.003,0.0562,64.37,61.23,12.969,18.4054,53.1342,160.0558,5.4364,10.0,False,NOMINAL,HEALTHY,1.19,31.43
IMA_LOT02_COMP0839,LOT_02,IMAGE_SENSOR,LCC-20,IMA-SIH-2026,IMAGE_SENSOR_DARK_CURRENT_TEST,T02_0839,PROC-ISRO-IISU-01,ATE-STATION-01,CHAMBER-01,1.0,60.0,3.3,168,dark_current_density,OPTICAL,nA/cm2,12.8538,18.5557,57.3599,171.5577,5.7019,17.87,2,38.65,4.93,0.0027,0.0737,63.32,62.48,12.8538,18.5557,57.3599,171.5577,5.7019,10.0,False,NOMINAL,HEALTHY,49.38,-11.76
IMA_LOT02_COMP0840,LOT_02,IMAGE_SENSOR,LCC-20,IMA-SIH-2026,IMAGE_SENSOR_DARK_CURRENT_TEST,T02_0840,PROC-ISRO-IISU-01,ATE-STATION-01,CHAMBER-01,1.0,60.0,3.3,168,dark_current_density,OPTICAL,nA/cm2,11.6914,15.7624,36.4928,88.6864,4.071,12.82,4,42.17,6.81,0.0137,-0.0348,62.26,62.19,11.6914,15.7624,36.4928,88.6864,4.071,10.0,True,DIELECTRIC_OSCILLATION,HEALTHY,-41.2,-48.04
IMA_LOT02_COMP0841,LOT_02,IMAGE_SENSOR,LCC-20,IMA-SIH-2026,IMAGE_SENSOR_DARK_CURRENT_TEST,T02_0841,PROC-ISRO-IISU-01,ATE-STATION-01,CHAMBER-01,1.0,60.0,3.3,168,dark_current_density,OPTICAL,nA/cm2,13.4639,18.8196,55.8355,168.1116,5.3557,12.87,4,40.5,9.91,0.0081,0.0112,62.59,62.3,13.4639,18.8196,55.8355,168.1116,5.3557,10.0,False,NOMINAL,HEALTHY,13.49,47.07
IMA_LOT02_COMP0842,LOT_02,IMAGE_SENSOR,LCC-20,IMA-SIH-2026,IMAGE_SENSOR_DARK_CURRENT_TEST,T02_0842,PROC-ISRO-IISU-01,ATE-STATION-01,CHAMBER-01,1.0,60.0,3.3,168,dark_current_density,OPTICAL,nA/cm2,13.0682,17.7146,46.2207,117.2064,4.6464,11.7,7,42.83,8.21,0.0057,0.0667,61.24,62.2,13.0682,17.7146,46.2207,117.2064,4.6464,10.0,False,NOMINAL,HEALTHY,-43.34,7.76
IMA_LOT02_COMP0843,LOT_02,IMAGE_SENSOR,LCC-20,IMA-SIH-2026,IMAGE_SENSOR_DARK_CURRENT_TEST,T02_0843,PROC-ISRO-IISU-01,ATE-STATION-01,CHAMBER-01,1.0,60.0,3.3,168,dark_current_density,OPTICAL,nA/cm2,12.2266,15.0936,33.0248,68.2947,2.867,18.1,5,43.73,6.87,0.0004,0.0017,63.96,61.21,12.2266,15.0936,33.0248,68.2947,2.867,10.0,False,NOMINAL,HEALTHY,-20.17,-36.83
IMA_LOT02_COMP0844,LOT_02,IMAGE_SENSOR,LCC-20,IMA-SIH-2026,IMAGE_SENSOR_DARK_CURRENT_TEST,T02_0844,PROC-ISRO-IISU-01,ATE-STATION-01,CHAMBER-01,1.0,60.0,3.3,168,dark_current_density,OPTICAL,nA/cm2,12.5506,17.7931,50.8,148.0425,5.2425,19.89,8,44.96,8.31,0.0035,0.0002,64.04,62.23,12.5506,17.7931,50.8,148.0425,5.2425,10.0,False,NOMINAL,HEALTHY,9.83,-22.0
IMA_LOT02_COMP0845,LOT_02,IMAGE_SENSOR,LCC-20,IMA-SIH-2026,IMAGE_SENSOR_DARK_CURRENT_TEST,T02_0845,PROC-ISRO-IISU-01,ATE-STATION-01,CHAMBER-01,1.0,60.0,3.3,168,dark_current_density,OPTICAL,nA/cm2,12.2702,16.0308,31.5154,60.8308,3.7606,14.52,3,45.81,7.83,-0.0175,0.0374,62.42,62.18,12.2702,16.0308,31.5154,60.8308,3.7606,10.0,False,NOMINAL,HEALTHY,39.83,-0.58
IMA_LOT02_COMP0846,LOT_02,IMAGE_SENSOR,LCC-20,IMA-SIH-2026,IMAGE_SENSOR_DARK_CURRENT_TEST,T02_0846,PROC-ISRO-IISU-01,ATE-STATION-01,CHAMBER-01,1.0,60.0,3.3,168,dark_current_density,OPTICAL,nA/cm2,12.423,16.1498,32.1686,70.5552,3.7268,11.1,3,40.46,7.92,-0.0042,0.0345,62.16,61.9,12.423,16.1498,32.1686,70.5552,3.7268,10.0,False,NOMINAL,HEALTHY,-12.31,22.51
IMA_LOT02_COMP0847,LOT_02,IMAGE_SENSOR,LCC-20,IMA-SIH-2026,IMAGE_SENSOR_DARK_CURRENT_TEST,T02_0847,PROC-ISRO-IISU-01,ATE-STATION-01,CHAMBER-01,1.0,60.0,3.3,168,dark_current_density,OPTICAL,nA/cm2,12.8868,17.2457,113.4368,748.2903,4.3589,13.44,3,42.98,7.43,-0.0296,-0.0703,62.03,61.46,12.8868,17.2457,113.4368,748.2903,4.3589,10.0,True,THERMAL_RUNAWAY,HEALTHY,-3.69,21.12
IMA_LOT02_COMP0848,LOT_02,IMAGE_SENSOR,LCC-20,IMA-SIH-2026,IMAGE_SENSOR_DARK_CURRENT_TEST,T02_0848,PROC-ISRO-IISU-01,ATE-STATION-01,CHAMBER-01,1.0,60.0,3.3,168,dark_current_density,OPTICAL,nA/cm2,12.3091,15.5528,33.4069,71.6861,3.2437,12.72,5,43.63,7.8,0.0626,0.0746,60.65,62.57,12.3091,15.5528,33.4069,71.6861,3.2437,10.0,False,NOMINAL,HEALTHY,16.17,-36.26
IMA_LOT02_COMP0849,LOT_02,IMAGE_SENSOR,LCC-20,IMA-SIH-2026,IMAGE_SENSOR_DARK_CURRENT_TEST,T02_0849,PROC-ISRO-IISU-01,ATE-STATION-01,CHAMBER-01,1.0,60.0,3.3,168,dark_current_density,OPTICAL,nA/cm2,12.7805,19.722,66.9552,235.0584,6.9415,13.24,6,42.57,8.06,0.0054,0.0342,62.41,61.71,12.7805,19.722,66.9552,235.0584,6.9415,10.0,False,NOMINAL,HEALTHY,-16.25,-29.37
IMA_LOT02_COMP0850,LOT_02,IMAGE_SENSOR,LCC-20,IMA-SIH-2026,IMAGE_SENSOR_DARK_CURRENT_TEST,T02_0850,PROC-ISRO-IISU-01,ATE-STATION-01,CHAMBER-01,1.0,60.0,3.3,168,dark_current_density,OPTICAL,nA/cm2,14.2269,18.9442,47.53,120.5841,4.7173,9.5,1,39.75,7.11,-0.0012,-0.032,63.06,62.26,14.2269,18.9442,47.53,120.5841,4.7173,10.0,True,DIELECTRIC_OSCILLATION,HEALTHY,-8.2,-39.49
IMA_LOT02_COMP0851,LOT_02,IMAGE_SENSOR,LCC-20,IMA-SIH-2026,IMAGE_SENSOR_DARK_CURRENT_TEST,T02_0851,PROC-ISRO-IISU-01,ATE-STATION-01,CHAMBER-01,1.0,60.0,3.3,168,dark_current_density,OPTICAL,nA/cm2,12.5081,18.1195,65.2382,226.9929,5.6114,10.03,6,44.5,9.68,0.0069,0.1222,61.69,61.43,12.5081,18.1195,65.2382,226.9929,5.6114,10.0,False,NOMINAL,HEALTHY,29.9,15.63
IMA_LOT02_COMP0852,LOT_02,IMAGE_SENSOR,LCC-20,IMA-SIH-2026,IMAGE_SENSOR_DARK_CURRENT_TEST,T02_0852,PROC-ISRO-IISU-01,ATE-STATION-01,CHAMBER-01,1.0,60.0,3.3,168,dark_current_density,OPTICAL,nA/cm2,12.0854,19.0443,63.4612,206.2021,6.9589,12.68,8,43.1,5.84,0.0391,0.1612,61.04,61.94,12.0854,19.0443,63.4612,206.2021,6.9589,10.0,False,NOMINAL,HEALTHY,8.4,-13.9
IMA_LOT02_COMP0853,LOT_02,IMAGE_SENSOR,LCC-20,IMA-SIH-2026,IMAGE_SENSOR_DARK_CURRENT_TEST,T02_0853,PROC-ISRO-IISU-01,ATE-STATION-01,CHAMBER-01,1.0,60.0,3.3,168,dark_current_density,OPTICAL,nA/cm2,12.9792,17.8751,47.9266,125.4189,4.8959,15.37,4,41.13,6.2,-0.0173,-0.0373,64.3,62.61,12.9792,17.8751,47.9266,125.4189,4.8959,10.0,False,NOMINAL,HEALTHY,-42.89,20.66
IMA_LOT02_COMP0854,LOT_02,IMAGE_SENSOR,LCC-20,IMA-SIH-2026,IMAGE_SENSOR_DARK_CURRENT_TEST,T02_0854,PROC-ISRO-IISU-01,ATE-STATION-01,CHAMBER-01,1.0,60.0,3.3,168,dark_current_density,OPTICAL,nA/cm2,12.366,17.0338,45.242,122.1645,4.6678,12.46,3,35.67,7.03,-0.0263,-0.0395,57.95,61.48,12.366,17.0338,45.242,122.1645,4.6678,10.0,False,NOMINAL,HEALTHY,-23.81,23.28
IMA_LOT02_COMP0855,LOT_02,IMAGE_SENSOR,LCC-20,IMA-SIH-2026,IMAGE_SENSOR_DARK_CURRENT_TEST,T02_0855,PROC-ISRO-IISU-01,ATE-STATION-01,CHAMBER-01,1.0,60.0,3.3,168,dark_current_density,OPTICAL,nA/cm2,12.1315,18.0282,61.5138,207.0287,5.8967,7.62,6,41.73,9.42,0.0204,0.0255,60.81,62.82,12.1315,18.0282,61.5138,207.0287,5.8967,10.0,False,NOMINAL,HEALTHY,-7.61,3.27
IMA_LOT02_COMP0856,LOT_02,IMAGE_SENSOR,LCC-20,IMA-SIH-2026,IMAGE_SENSOR_DARK_CURRENT_TEST,T02_0856,PROC-ISRO-IISU-01,ATE-STATION-01,CHAMBER-01,1.0,60.0,3.3,168,dark_current_density,OPTICAL,nA/cm2,12.4209,16.3471,33.8358,73.51,3.9262,11.65,6,42.91,6.01,-0.0233,-0.0224,66.07,61.44,12.4209,16.3471,33.8358,73.51,3.9262,10.0,False,NOMINAL,HEALTHY,24.68,45.5
IMA_LOT02_COMP0857,LOT_02,IMAGE_SENSOR,LCC-20,IMA-SIH-2026,IMAGE_SENSOR_DARK_CURRENT_TEST,T02_0857,PROC-ISRO-IISU-01,ATE-STATION-01,CHAMBER-01,1.0,60.0,3.3,168,dark_current_density,OPTICAL,nA/cm2,12.5845,19.4161,66.8053,227.2292,6.8316,10.96,6,42.94,5.8,-0.0466,-0.0814,61.75,61.54,12.5845,19.4161,66.8053,227.2292,6.8316,10.0,False,NOMINAL,HEALTHY,41.12,38.92
IMA_LOT02_COMP0858,LOT_02,IMAGE_SENSOR,LCC-20,IMA-SIH-2026,IMAGE_SENSOR_DARK_CURRENT_TEST,T02_0858,PROC-ISRO-IISU-01,ATE-STATION-01,CHAMBER-01,1.0,60.0,3.3,168,dark_current_density,OPTICAL,nA/cm2,13.3939,18.0243,39.5484,79.3555,4.6304,5.67,6,42.61,7.64,0.015,0.0592,62.6,62.67,13.3939,18.0243,39.5484,79.3555,4.6304,10.0,False,NOMINAL,HEALTHY,-18.25,15.9
IMA_LOT02_COMP0859,LOT_02,IMAGE_SENSOR,LCC-20,IMA-SIH-2026,IMAGE_SENSOR_DARK_CURRENT_TEST,T02_0859,PROC-ISRO-IISU-01,ATE-STATION-01,CHAMBER-01,1.0,60.0,3.3,168,dark_current_density,OPTICAL,nA/cm2,12.7636,17.7896,43.8254,107.2676,5.026,8.59,2,43.65,8.76,0.0446,0.0793,61.56,62.1,12.7636,17.7896,43.8254,107.2676,5.026,10.0,False,NOMINAL,HEALTHY,-31.29,7.52
IMA_LOT02_COMP0860,LOT_02,IMAGE_SENSOR,LCC-20,IMA-SIH-2026,IMAGE_SENSOR_DARK_CURRENT_TEST,T02_0860,PROC-ISRO-IISU-01,ATE-STATION-01,CHAMBER-01,1.0,60.0,3.3,168,dark_current_density,OPTICAL,nA/cm2,12.574,18.4944,53.9035,175.0081,5.9204,9.16,5,41.67,7.11,0.0044,-0.0059,62.82,61.19,12.574,18.4944,53.9035,175.0081,5.9204,10.0,False,NOMINAL,HEALTHY,26.99,8.52
IMA_LOT02_COMP0861,LOT_02,IMAGE_SENSOR,LCC-20,IMA-SIH-2026,IMAGE_SENSOR_DARK_CURRENT_TEST,T02_0861,PROC-ISRO-IISU-01,ATE-STATION-01,CHAMBER-01,1.0,60.0,3.3,168,dark_current_density,OPTICAL,nA/cm2,13.1819,16.6945,31.3226,64.3874,3.5126,14.7,5,41.8,10.03,-0.0231,0.0373,62.85,61.82,13.1819,16.6945,31.3226,64.3874,3.5126,10.0,False,NOMINAL,HEALTHY,-35.76,-14.87
IMA_LOT02_COMP0862,LOT_02,IMAGE_SENSOR,LCC-20,IMA-SIH-2026,IMAGE_SENSOR_DARK_CURRENT_TEST,T02_0862,PROC-ISRO-IISU-01,ATE-STATION-01,CHAMBER-01,1.0,60.0,3.3,168,dark_current_density,OPTICAL,nA/cm2,12.3777,17.8167,50.4432,136.2678,5.439,11.36,3,41.79,7.7,-0.0293,-0.0062,61.91,61.62,12.3777,17.8167,50.4432,136.2678,5.439,10.0,False,NOMINAL,HEALTHY,-18.63,-46.52
IMA_LOT02_COMP0863,LOT_02,IMAGE_SENSOR,LCC-20,IMA-SIH-2026,IMAGE_SENSOR_DARK_CURRENT_TEST,T02_0863,PROC-ISRO-IISU-01,ATE-STATION-01,CHAMBER-01,1.0,60.0,3.3,168,dark_current_density,OPTICAL,nA/cm2,12.1574,15.4682,33.8939,73.2224,3.3108,12.84,6,39.76,7.91,0.0182,0.0002,61.24,62.23,12.1574,15.4682,33.8939,73.2224,3.3108,10.0,False,NOMINAL,HEALTHY,-43.15,-29.25
IMA_LOT02_COMP0864,LOT_02,IMAGE_SENSOR,LCC-20,IMA-SIH-2026,IMAGE_SENSOR_DARK_CURRENT_TEST,T02_0864,PROC-ISRO-IISU-01,ATE-STATION-01,CHAMBER-01,1.0,60.0,3.3,168,dark_current_density,OPTICAL,nA/cm2,44.3413,60.8844,160.0185,413.4432,16.5431,8.42,5,43.45,9.6,0.0003,-0.0333,63.63,61.71,44.3413,60.8844,160.0185,413.4432,16.5431,10.0,True,SPATIAL_OUTLIER,HEALTHY,-38.5,17.43
IMA_LOT02_COMP0865,LOT_02,IMAGE_SENSOR,LCC-20,IMA-SIH-2026,IMAGE_SENSOR_DARK_CURRENT_TEST,T02_0865,PROC-ISRO-IISU-01,ATE-STATION-01,CHAMBER-01,1.0,60.0,3.3,168,dark_current_density,OPTICAL,nA/cm2,13.0226,16.0555,33.2206,71.3513,3.0329,7.64,2,41.58,8.34,-0.019,0.0536,64.43,61.72,13.0226,16.0555,33.2206,71.3513,3.0329,10.0,False,NOMINAL,HEALTHY,39.53,47.25
IMA_LOT02_COMP0866,LOT_02,IMAGE_SENSOR,LCC-20,IMA-SIH-2026,IMAGE_SENSOR_DARK_CURRENT_TEST,T02_0866,PROC-ISRO-IISU-01,ATE-STATION-01,CHAMBER-01,1.0,60.0,3.3,168,dark_current_density,OPTICAL,nA/cm2,13.639,17.1136,33.9817,65.5187,3.4746,11.44,6,40.49,8.97,-0.0108,0.0386,61.31,61.88,13.639,17.1136,33.9817,65.5187,3.4746,10.0,False,NOMINAL,HEALTHY,-28.22,-22.93
IMA_LOT02_COMP0867,LOT_02,IMAGE_SENSOR,LCC-20,IMA-SIH-2026,IMAGE_SENSOR_DARK_CURRENT_TEST,T02_0867,PROC-ISRO-IISU-01,ATE-STATION-01,CHAMBER-01,1.0,60.0,3.3,168,dark_current_density,OPTICAL,nA/cm2,13.0453,17.7336,55.6065,160.1089,4.6883,15.01,4,43.04,8.24,0.0102,0.0016,62.57,62.64,13.0453,17.7336,55.6065,160.1089,4.6883,10.0,False,NOMINAL,HEALTHY,-46.45,-38.95
IMA_LOT02_COMP0868,LOT_02,IMAGE_SENSOR,LCC-20,IMA-SIH-2026,IMAGE_SENSOR_DARK_CURRENT_TEST,T02_0868,PROC-ISRO-IISU-01,ATE-STATION-01,CHAMBER-01,1.0,60.0,3.3,168,dark_current_density,OPTICAL,nA/cm2,12.9013,16.4658,34.818,77.3741,3.5645,12.51,4,38.18,6.58,0.0139,0.1243,62.84,62.02,12.9013,16.4658,34.818,77.3741,3.5645,10.0,False,NOMINAL,HEALTHY,-34.11,-13.23
IMA_LOT02_COMP0869,LOT_02,IMAGE_SENSOR,LCC-20,IMA-SIH-2026,IMAGE_SENSOR_DARK_CURRENT_TEST,T02_0869,PROC-ISRO-IISU-01,ATE-STATION-01,CHAMBER-01,1.0,60.0,3.3,168,dark_current_density,OPTICAL,nA/cm2,12.6025,18.6306,65.6773,219.5476,6.0281,5.71,4,42.35,6.73,-0.0123,-0.0065,61.98,61.81,12.6025,18.6306,65.6773,219.5476,6.0281,10.0,False,NOMINAL,HEALTHY,45.9,-33.38
IMA_LOT02_COMP0870,LOT_02,IMAGE_SENSOR,LCC-20,IMA-SIH-2026,IMAGE_SENSOR_DARK_CURRENT_TEST,T02_0870,PROC-ISRO-IISU-01,ATE-STATION-01,CHAMBER-01,1.0,60.0,3.3,168,dark_current_density,OPTICAL,nA/cm2,13.0661,16.7684,37.718,80.4703,3.7023,8.27,6,42.66,8.27,-0.0125,-0.0397,61.77,62.55,13.0661,16.7684,37.718,80.4703,3.7023,10.0,False,NOMINAL,HEALTHY,29.55,9.41
IMA_LOT02_COMP0871,LOT_02,IMAGE_SENSOR,LCC-20,IMA-SIH-2026,IMAGE_SENSOR_DARK_CURRENT_TEST,T02_0871,PROC-ISRO-IISU-01,ATE-STATION-01,CHAMBER-01,1.0,60.0,3.3,168,dark_current_density,OPTICAL,nA/cm2,12.9043,17.5457,38.6408,88.7217,4.6414,7.89,2,41.21,5.43,0.0371,0.0246,61.52,62.21,12.9043,17.5457,38.6408,88.7217,4.6414,10.0,False,NOMINAL,HEALTHY,44.03,-28.66
IMA_LOT02_COMP0872,LOT_02,IMAGE_SENSOR,LCC-20,IMA-SIH-2026,IMAGE_SENSOR_DARK_CURRENT_TEST,T02_0872,PROC-ISRO-IISU-01,ATE-STATION-01,CHAMBER-01,1.0,60.0,3.3,168,dark_current_density,OPTICAL,nA/cm2,12.833,15.507,50.7489,190.5497,2.674,9.97,1,45.61,6.24,-0.046,-0.0612,62.05,62.73,12.833,15.507,50.7489,190.5497,2.674,10.0,True,DARK_CURRENT_SPIKE_GROWTH,HEALTHY,44.29,38.51
IMA_LOT02_COMP0873,LOT_02,IMAGE_SENSOR,LCC-20,IMA-SIH-2026,IMAGE_SENSOR_DARK_CURRENT_TEST,T02_0873,PROC-ISRO-IISU-01,ATE-STATION-01,CHAMBER-01,1.0,60.0,3.3,168,dark_current_density,OPTICAL,nA/cm2,12.4701,19.0608,62.7832,209.0863,6.5907,17.43,4,41.46,7.37,-0.0138,-0.0117,63.56,62.41,12.4701,19.0608,62.7832,209.0863,6.5907,10.0,False,NOMINAL,HEALTHY,-28.66,-34.51
IMA_LOT02_COMP0874,LOT_02,IMAGE_SENSOR,LCC-20,IMA-SIH-2026,IMAGE_SENSOR_DARK_CURRENT_TEST,T02_0874,PROC-ISRO-IISU-01,ATE-STATION-01,CHAMBER-01,1.0,60.0,3.3,168,dark_current_density,OPTICAL,nA/cm2,12.674,17.5921,40.1591,90.708,4.9181,10.52,6,40.02,7.13,-0.0257,-0.0058,60.21,62.74,12.674,17.5921,40.1591,90.708,4.9181,10.0,False,NOMINAL,HEALTHY,-24.06,43.89
IMA_LOT02_COMP0875,LOT_02,IMAGE_SENSOR,LCC-20,IMA-SIH-2026,IMAGE_SENSOR_DARK_CURRENT_TEST,T02_0875,PROC-ISRO-IISU-01,ATE-STATION-01,CHAMBER-01,1.0,60.0,3.3,168,dark_current_density,OPTICAL,nA/cm2,13.003,19.1788,58.6996,175.411,6.1758,10.12,5,39.17,9.72,-0.0142,-0.0359,58.74,61.49,13.003,19.1788,58.6996,175.411,6.1758,10.0,False,NOMINAL,HEALTHY,25.58,-26.57
IMA_LOT02_COMP0876,LOT_02,IMAGE_SENSOR,LCC-20,IMA-SIH-2026,IMAGE_SENSOR_DARK_CURRENT_TEST,T02_0876,PROC-ISRO-IISU-01,ATE-STATION-01,CHAMBER-01,1.0,60.0,3.3,168,dark_current_density,OPTICAL,nA/cm2,13.0873,17.0255,41.2811,109.0986,3.9382,12.74,4,40.26,8.36,0.0181,0.0212,64.21,61.77,13.0873,17.0255,41.2811,109.0986,3.9382,10.0,False,NOMINAL,HEALTHY,6.57,-18.01
IMA_LOT02_COMP0877,LOT_02,IMAGE_SENSOR,LCC-20,IMA-SIH-2026,IMAGE_SENSOR_DARK_CURRENT_TEST,T02_0877,PROC-ISRO-IISU-01,ATE-STATION-01,CHAMBER-01,1.0,60.0,3.3,168,dark_current_density,OPTICAL,nA/cm2,12.5624,15.7347,35.7578,80.3669,3.1723,8.2,5,45.22,4.93,0.0113,-0.02,63.41,61.92,12.5624,15.7347,35.7578,80.3669,3.1723,10.0,False,NOMINAL,HEALTHY,-6.38,18.87
IMA_LOT02_COMP0878,LOT_02,IMAGE_SENSOR,LCC-20,IMA-SIH-2026,IMAGE_SENSOR_DARK_CURRENT_TEST,T02_0878,PROC-ISRO-IISU-01,ATE-STATION-01,CHAMBER-01,1.0,60.0,3.3,168,dark_current_density,OPTICAL,nA/cm2,12.9749,15.7025,32.2206,66.1986,2.7276,12.75,8,41.8,9.67,0.0043,0.0714,63.0,61.85,12.9749,15.7025,32.2206,66.1986,2.7276,10.0,False,NOMINAL,HEALTHY,-26.83,32.78
IMA_LOT02_COMP0879,LOT_02,IMAGE_SENSOR,LCC-20,IMA-SIH-2026,IMAGE_SENSOR_DARK_CURRENT_TEST,T02_0879,PROC-ISRO-IISU-01,ATE-STATION-01,CHAMBER-01,1.0,60.0,3.3,168,dark_current_density,OPTICAL,nA/cm2,13.5359,19.0268,67.1111,230.7222,5.4909,14.74,0,47.17,6.88,-0.0177,-0.0368,61.7,61.64,13.5359,19.0268,67.1111,230.7222,5.4909,10.0,False,NOMINAL,HEALTHY,1.6,2.51
IMA_LOT02_COMP0880,LOT_02,IMAGE_SENSOR,LCC-20,IMA-SIH-2026,IMAGE_SENSOR_DARK_CURRENT_TEST,T02_0880,PROC-ISRO-IISU-01,ATE-STATION-01,CHAMBER-01,1.0,60.0,3.3,168,dark_current_density,OPTICAL,nA/cm2,12.7916,17.9068,49.776,131.0425,5.1152,9.95,3,41.78,5.75,-0.0237,-0.0271,62.19,62.19,12.7916,17.9068,49.776,131.0425,5.1152,10.0,False,NOMINAL,HEALTHY,-1.39,-32.12
IMA_LOT02_COMP0881,LOT_02,IMAGE_SENSOR,LCC-20,IMA-SIH-2026,IMAGE_SENSOR_DARK_CURRENT_TEST,T02_0881,PROC-ISRO-IISU-01,ATE-STATION-01,CHAMBER-01,1.0,60.0,3.3,168,dark_current_density,OPTICAL,nA/cm2,12.6233,16.7011,33.0546,73.4085,4.0778,8.94,3,43.52,7.38,0.0125,-0.0582,60.61,62.11,12.6233,16.7011,33.0546,73.4085,4.0778,10.0,False,NOMINAL,HEALTHY,18.09,12.17
IMA_LOT02_COMP0882,LOT_02,IMAGE_SENSOR,LCC-20,IMA-SIH-2026,IMAGE_SENSOR_DARK_CURRENT_TEST,T02_0882,PROC-ISRO-IISU-01,ATE-STATION-01,CHAMBER-01,1.0,60.0,3.3,168,dark_current_density,OPTICAL,nA/cm2,13.3866,17.2091,38.9604,78.9984,3.8225,15.3,5,42.81,7.63,0.0162,0.0359,61.45,62.36,13.3866,17.2091,38.9604,78.9984,3.8225,10.0,False,NOMINAL,HEALTHY,36.3,-6.62
IMA_LOT02_COMP0883,LOT_02,IMAGE_SENSOR,LCC-20,IMA-SIH-2026,IMAGE_SENSOR_DARK_CURRENT_TEST,T02_0883,PROC-ISRO-IISU-01,ATE-STATION-01,CHAMBER-01,1.0,60.0,3.3,168,dark_current_density,OPTICAL,nA/cm2,11.7149,16.127,33.0938,74.4806,4.4121,11.65,8,43.02,10.97,-0.004,-0.0329,61.99,62.28,11.7149,16.127,33.0938,74.4806,4.4121,10.0,False,NOMINAL,HEALTHY,18.53,8.42
IMA_LOT02_COMP0884,LOT_02,IMAGE_SENSOR,LCC-20,IMA-SIH-2026,IMAGE_SENSOR_DARK_CURRENT_TEST,T02_0884,PROC-ISRO-IISU-01,ATE-STATION-01,CHAMBER-01,1.0,60.0,3.3,168,dark_current_density,OPTICAL,nA/cm2,13.1585,16.9445,39.0477,91.458,3.786,13.37,6,43.27,8.94,0.0165,0.1104,63.81,62.22,13.1585,16.9445,39.0477,91.458,3.786,10.0,False,NOMINAL,HEALTHY,14.81,44.65
IMA_LOT02_COMP0885,LOT_02,IMAGE_SENSOR,LCC-20,IMA-SIH-2026,IMAGE_SENSOR_DARK_CURRENT_TEST,T02_0885,PROC-ISRO-IISU-01,ATE-STATION-01,CHAMBER-01,1.0,60.0,3.3,168,dark_current_density,OPTICAL,nA/cm2,12.4952,15.8983,37.0631,86.5106,3.4031,12.92,8,40.43,6.01,-0.0041,0.0281,63.86,61.68,12.4952,15.8983,37.0631,86.5106,3.4031,10.0,False,NOMINAL,HEALTHY,-34.6,-5.11
IMA_LOT02_COMP0886,LOT_02,IMAGE_SENSOR,LCC-20,IMA-SIH-2026,IMAGE_SENSOR_DARK_CURRENT_TEST,T02_0886,PROC-ISRO-IISU-01,ATE-STATION-01,CHAMBER-01,1.0,60.0,3.3,168,dark_current_density,OPTICAL,nA/cm2,12.5344,16.0117,35.6103,73.3789,3.4773,10.68,9,42.98,9.82,0.0274,0.0197,62.59,62.18,12.5344,16.0117,35.6103,73.3789,3.4773,10.0,False,NOMINAL,HEALTHY,-43.84,-8.08
IMA_LOT02_COMP0887,LOT_02,IMAGE_SENSOR,LCC-20,IMA-SIH-2026,IMAGE_SENSOR_DARK_CURRENT_TEST,T02_0887,PROC-ISRO-IISU-01,ATE-STATION-01,CHAMBER-01,1.0,60.0,3.3,168,dark_current_density,OPTICAL,nA/cm2,12.0649,16.9643,42.0274,106.7547,4.8994,9.65,5,39.24,8.16,0.0153,-0.0455,60.8,61.88,12.0649,16.9643,42.0274,106.7547,4.8994,10.0,False,NOMINAL,HEALTHY,-30.69,16.15
IMA_LOT02_COMP0888,LOT_02,IMAGE_SENSOR,LCC-20,IMA-SIH-2026,IMAGE_SENSOR_DARK_CURRENT_TEST,T02_0888,PROC-ISRO-IISU-01,ATE-STATION-01,CHAMBER-01,1.0,60.0,3.3,168,dark_current_density,OPTICAL,nA/cm2,12.9188,17.3594,40.7632,99.1664,4.4406,10.28,8,43.48,7.49,0.0018,-0.05,59.64,62.46,12.9188,17.3594,40.7632,99.1664,4.4406,10.0,False,NOMINAL,HEALTHY,-30.4,-33.43
IMA_LOT02_COMP0889,LOT_02,IMAGE_SENSOR,LCC-20,IMA-SIH-2026,IMAGE_SENSOR_DARK_CURRENT_TEST,T02_0889,PROC-ISRO-IISU-01,ATE-STATION-01,CHAMBER-01,1.0,60.0,3.3,168,dark_current_density,OPTICAL,nA/cm2,12.5469,17.7211,49.7632,143.6861,5.1742,14.52,4,40.09,6.47,0.0327,-0.0101,61.05,62.28,12.5469,17.7211,49.7632,143.6861,5.1742,10.0,False,NOMINAL,HEALTHY,-42.52,-4.43
IMA_LOT02_COMP0890,LOT_02,IMAGE_SENSOR,LCC-20,IMA-SIH-2026,IMAGE_SENSOR_DARK_CURRENT_TEST,T02_0890,PROC-ISRO-IISU-01,ATE-STATION-01,CHAMBER-01,1.0,60.0,3.3,168,dark_current_density,OPTICAL,nA/cm2,13.1318,17.1859,43.0499,107.8415,4.0541,10.07,6,42.09,8.56,0.0005,-0.0692,61.17,61.79,13.1318,17.1859,43.0499,107.8415,4.0541,10.0,False,NOMINAL,HEALTHY,-30.82,27.55
IMA_LOT02_COMP0891,LOT_02,IMAGE_SENSOR,LCC-20,IMA-SIH-2026,IMAGE_SENSOR_DARK_CURRENT_TEST,T02_0891,PROC-ISRO-IISU-01,ATE-STATION-01,CHAMBER-01,1.0,60.0,3.3,168,dark_current_density,OPTICAL,nA/cm2,12.1092,15.4999,30.0471,60.7223,3.3907,9.99,7,39.46,4.73,0.0177,0.1025,61.17,62.22,12.1092,15.4999,30.0471,60.7223,3.3907,10.0,False,NOMINAL,HEALTHY,-49.26,-42.9
IMA_LOT02_COMP0892,LOT_02,IMAGE_SENSOR,LCC-20,IMA-SIH-2026,IMAGE_SENSOR_DARK_CURRENT_TEST,T02_0892,PROC-ISRO-IISU-01,ATE-STATION-01,CHAMBER-01,1.0,60.0,3.3,168,dark_current_density,OPTICAL,nA/cm2,12.5211,18.8505,66.6937,229.215,6.3294,14.52,3,41.03,8.28,-0.0195,-0.1657,62.43,62.39,12.5211,18.8505,66.6937,229.215,6.3294,10.0,False,NOMINAL,HEALTHY,5.43,-11.16
IMA_LOT02_COMP0893,LOT_02,IMAGE_SENSOR,LCC-20,IMA-SIH-2026,IMAGE_SENSOR_DARK_CURRENT_TEST,T02_0893,PROC-ISRO-IISU-01,ATE-STATION-01,CHAMBER-01,1.0,60.0,3.3,168,dark_current_density,OPTICAL,nA/cm2,12.5497,16.1484,33.904,67.6818,3.5987,8.39,6,44.89,8.79,0.0014,-0.0488,61.36,62.3,12.5497,16.1484,33.904,67.6818,3.5987,10.0,False,NOMINAL,HEALTHY,44.44,-33.7
IMA_LOT02_COMP0894,LOT_02,IMAGE_SENSOR,LCC-20,IMA-SIH-2026,IMAGE_SENSOR_DARK_CURRENT_TEST,T02_0894,PROC-ISRO-IISU-01,ATE-STATION-01,CHAMBER-01,1.0,60.0,3.3,168,dark_current_density,OPTICAL,nA/cm2,13.0006,20.5377,65.8329,234.4677,7.5371,14.44,7,43.64,7.01,0.0224,0.0678,62.44,62.25,13.0006,20.5377,65.8329,234.4677,7.5371,10.0,False,NOMINAL,HEALTHY,-3.71,39.28
IMA_LOT02_COMP0895,LOT_02,IMAGE_SENSOR,LCC-20,IMA-SIH-2026,IMAGE_SENSOR_DARK_CURRENT_TEST,T02_0895,PROC-ISRO-IISU-01,ATE-STATION-01,CHAMBER-01,1.0,60.0,3.3,168,dark_current_density,OPTICAL,nA/cm2,13.4775,17.8618,43.5774,107.454,4.3843,13.25,9,44.88,6.52,-0.0455,-0.1137,61.15,61.68,13.4775,17.8618,43.5774,107.454,4.3843,10.0,False,NOMINAL,HEALTHY,20.75,-25.49
IMA_LOT02_COMP0896,LOT_02,IMAGE_SENSOR,LCC-20,IMA-SIH-2026,IMAGE_SENSOR_DARK_CURRENT_TEST,T02_0896,PROC-ISRO-IISU-01,ATE-STATION-01,CHAMBER-01,1.0,60.0,3.3,168,dark_current_density,OPTICAL,nA/cm2,12.3454,16.7321,39.2292,98.1341,4.3867,10.12,5,41.86,11.75,-0.0072,0.038,60.64,62.18,12.3454,16.7321,39.2292,98.1341,4.3867,10.0,False,NOMINAL,HEALTHY,49.98,-35.34
IMA_LOT02_COMP0897,LOT_02,IMAGE_SENSOR,LCC-20,IMA-SIH-2026,IMAGE_SENSOR_DARK_CURRENT_TEST,T02_0897,PROC-ISRO-IISU-01,ATE-STATION-01,CHAMBER-01,1.0,60.0,3.3,168,dark_current_density,OPTICAL,nA/cm2,12.8143,16.7683,33.7022,70.2646,3.954,14.47,5,45.78,8.26,0.0215,0.0659,61.96,63.29,12.8143,16.7683,33.7022,70.2646,3.954,10.0,False,NOMINAL,HEALTHY,47.86,23.25
IMA_LOT02_COMP0898,LOT_02,IMAGE_SENSOR,LCC-20,IMA-SIH-2026,IMAGE_SENSOR_DARK_CURRENT_TEST,T02_0898,PROC-ISRO-IISU-01,ATE-STATION-01,CHAMBER-01,1.0,60.0,3.3,168,dark_current_density,OPTICAL,nA/cm2,12.2257,16.4685,40.5467,99.9381,4.2428,6.54,4,41.76,7.27,0.0185,-0.0762,61.39,61.51,12.2257,16.4685,40.5467,99.9381,4.2428,10.0,False,NOMINAL,HEALTHY,-2.45,44.05
IMA_LOT02_COMP0899,LOT_02,IMAGE_SENSOR,LCC-20,IMA-SIH-2026,IMAGE_SENSOR_DARK_CURRENT_TEST,T02_0899,PROC-ISRO-IISU-01,ATE-STATION-01,CHAMBER-01,1.0,60.0,3.3,168,dark_current_density,OPTICAL,nA/cm2,13.0133,20.1053,61.8333,184.5095,7.092,14.99,4,47.93,7.08,0.0025,0.0367,62.52,62.15,13.0133,20.1053,61.8333,184.5095,7.092,10.0,False,NOMINAL,HEALTHY,15.93,-20.62
IMA_LOT02_COMP0900,LOT_02,IMAGE_SENSOR,LCC-20,IMA-SIH-2026,IMAGE_SENSOR_DARK_CURRENT_TEST,T02_0900,PROC-ISRO-IISU-01,ATE-STATION-01,CHAMBER-01,1.0,60.0,3.3,168,dark_current_density,OPTICAL,nA/cm2,13.2993,16.8841,39.2906,89.7584,3.5848,11.19,3,43.7,6.94,-0.0094,0.0234,61.15,62.66,13.2993,16.8841,39.2906,89.7584,3.5848,10.0,False,NOMINAL,HEALTHY,27.52,-41.35
IMA_LOT02_COMP0901,LOT_02,IMAGE_SENSOR,LCC-20,IMA-SIH-2026,IMAGE_SENSOR_DARK_CURRENT_TEST,T02_0901,PROC-ISRO-IISU-01,ATE-STATION-01,CHAMBER-01,1.0,60.0,3.3,168,dark_current_density,OPTICAL,nA/cm2,11.7004,17.6093,64.5712,231.4896,5.9089,10.69,9,40.11,7.87,0.0299,-0.0432,62.8,61.8,11.7004,17.6093,64.5712,231.4896,5.9089,10.0,False,NOMINAL,HEALTHY,-14.34,-26.08
IMA_LOT02_COMP0902,LOT_02,IMAGE_SENSOR,LCC-20,IMA-SIH-2026,IMAGE_SENSOR_DARK_CURRENT_TEST,T02_0902,PROC-ISRO-IISU-01,ATE-STATION-01,CHAMBER-01,1.0,60.0,3.3,168,dark_current_density,OPTICAL,nA/cm2,12.5258,16.4487,36.704,78.9233,3.9229,15.66,2,41.93,6.81,0.0476,0.0654,58.0,62.12,12.5258,16.4487,36.704,78.9233,3.9229,10.0,False,NOMINAL,HEALTHY,-9.94,-34.53
IMA_LOT02_COMP0903,LOT_02,IMAGE_SENSOR,LCC-20,IMA-SIH-2026,IMAGE_SENSOR_DARK_CURRENT_TEST,T02_0903,PROC-ISRO-IISU-01,ATE-STATION-01,CHAMBER-01,1.0,60.0,3.3,168,dark_current_density,OPTICAL,nA/cm2,13.6533,16.8711,36.7126,70.6346,3.2178,10.29,5,43.27,6.95,0.0412,-0.0667,59.44,61.91,13.6533,16.8711,36.7126,70.6346,3.2178,10.0,False,NOMINAL,HEALTHY,44.14,-46.82
IMA_LOT02_COMP0904,LOT_02,IMAGE_SENSOR,LCC-20,IMA-SIH-2026,IMAGE_SENSOR_DARK_CURRENT_TEST,T02_0904,PROC-ISRO-IISU-01,ATE-STATION-01,CHAMBER-01,1.0,60.0,3.3,168,dark_current_density,OPTICAL,nA/cm2,12.8563,16.5105,35.5691,78.514,3.6542,14.19,6,40.46,4.78,-0.0153,0.0727,63.7,62.9,12.8563,16.5105,35.5691,78.514,3.6542,10.0,False,NOMINAL,HEALTHY,39.39,38.22
IMA_LOT02_COMP0905,LOT_02,IMAGE_SENSOR,LCC-20,IMA-SIH-2026,IMAGE_SENSOR_DARK_CURRENT_TEST,T02_0905,PROC-ISRO-IISU-01,ATE-STATION-01,CHAMBER-01,1.0,60.0,3.3,168,dark_current_density,OPTICAL,nA/cm2,12.8875,19.6305,64.1435,196.0309,6.743,8.42,5,45.04,10.0,0.0027,-0.0616,60.22,62.24,12.8875,19.6305,64.1435,196.0309,6.743,10.0,False,NOMINAL,HEALTHY,-23.14,49.75
IMA_LOT02_COMP0906,LOT_02,IMAGE_SENSOR,LCC-20,IMA-SIH-2026,IMAGE_SENSOR_DARK_CURRENT_TEST,T02_0906,PROC-ISRO-IISU-01,ATE-STATION-01,CHAMBER-01,1.0,60.0,3.3,168,dark_current_density,OPTICAL,nA/cm2,12.6498,17.5963,77.3658,366.0084,4.9465,16.79,8,41.78,9.63,-0.0062,0.0753,64.24,61.58,12.6498,17.5963,77.3658,366.0084,4.9465,10.0,True,DARK_CURRENT_SPIKE_GROWTH,HEALTHY,-7.89,-19.0
IMA_LOT02_COMP0907,LOT_02,IMAGE_SENSOR,LCC-20,IMA-SIH-2026,IMAGE_SENSOR_DARK_CURRENT_TEST,T02_0907,PROC-ISRO-IISU-01,ATE-STATION-01,CHAMBER-01,1.0,60.0,3.3,168,dark_current_density,OPTICAL,nA/cm2,12.7092,17.3851,49.1893,147.6735,4.6759,16.53,8,42.11,6.28,-0.0055,-0.0269,62.29,61.85,12.7092,17.3851,49.1893,147.6735,4.6759,10.0,False,NOMINAL,HEALTHY,23.42,11.16
IMA_LOT02_COMP0908,LOT_02,IMAGE_SENSOR,LCC-20,IMA-SIH-2026,IMAGE_SENSOR_DARK_CURRENT_TEST,T02_0908,PROC-ISRO-IISU-01,ATE-STATION-01,CHAMBER-01,1.0,60.0,3.3,168,dark_current_density,OPTICAL,nA/cm2,12.1845,18.3045,58.469,188.6938,6.12,16.49,1,43.7,9.1,-0.0251,0.0003,62.74,62.96,12.1845,18.3045,58.469,188.6938,6.12,10.0,False,NOMINAL,HEALTHY,41.82,40.07
IMA_LOT02_COMP0909,LOT_02,IMAGE_SENSOR,LCC-20,IMA-SIH-2026,IMAGE_SENSOR_DARK_CURRENT_TEST,T02_0909,PROC-ISRO-IISU-01,ATE-STATION-01,CHAMBER-01,1.0,60.0,3.3,168,dark_current_density,OPTICAL,nA/cm2,12.9255,17.4999,42.6577,111.622,4.5744,7.89,1,43.08,9.64,0.0301,0.0234,61.5,61.85,12.9255,17.4999,42.6577,111.622,4.5744,10.0,False,NOMINAL,HEALTHY,24.05,19.24
IMA_LOT02_COMP0910,LOT_02,IMAGE_SENSOR,LCC-20,IMA-SIH-2026,IMAGE_SENSOR_DARK_CURRENT_TEST,T02_0910,PROC-ISRO-IISU-01,ATE-STATION-01,CHAMBER-01,1.0,60.0,3.3,168,dark_current_density,OPTICAL,nA/cm2,12.2966,15.8333,33.5952,66.6945,3.5367,17.1,4,41.97,10.65,0.027,0.0972,62.14,62.66,12.2966,15.8333,33.5952,66.6945,3.5367,10.0,False,NOMINAL,HEALTHY,-44.41,-33.77
IMA_LOT02_COMP0911,LOT_02,IMAGE_SENSOR,LCC-20,IMA-SIH-2026,IMAGE_SENSOR_DARK_CURRENT_TEST,T02_0911,PROC-ISRO-IISU-01,ATE-STATION-01,CHAMBER-01,1.0,60.0,3.3,168,dark_current_density,OPTICAL,nA/cm2,12.6048,17.0048,41.4866,101.3168,4.4,10.58,8,40.61,11.82,-0.0178,-0.1041,61.41,61.46,12.6048,17.0048,41.4866,101.3168,4.4,10.0,False,NOMINAL,HEALTHY,-37.1,-31.51
IMA_LOT02_COMP0912,LOT_02,IMAGE_SENSOR,LCC-20,IMA-SIH-2026,IMAGE_SENSOR_DARK_CURRENT_TEST,T02_0912,PROC-ISRO-IISU-01,ATE-STATION-01,CHAMBER-01,1.0,60.0,3.3,168,dark_current_density,OPTICAL,nA/cm2,13.2773,20.4977,70.8627,249.6136,7.2204,16.98,4,42.98,10.57,-0.0039,-0.0559,62.89,61.46,13.2773,20.4977,70.8627,249.6136,7.2204,10.0,False,NOMINAL,HEALTHY,32.99,-47.09
IMA_LOT02_COMP0913,LOT_02,IMAGE_SENSOR,LCC-20,IMA-SIH-2026,IMAGE_SENSOR_DARK_CURRENT_TEST,T02_0913,PROC-ISRO-IISU-01,ATE-STATION-01,CHAMBER-01,1.0,60.0,3.3,168,dark_current_density,OPTICAL,nA/cm2,13.5055,17.0194,43.6882,103.7899,3.5139,5.92,4,45.07,8.88,-0.0164,-0.0748,61.31,61.93,13.5055,17.0194,43.6882,103.7899,3.5139,10.0,False,NOMINAL,HEALTHY,-33.31,28.48
IMA_LOT02_COMP0914,LOT_02,IMAGE_SENSOR,LCC-20,IMA-SIH-2026,IMAGE_SENSOR_DARK_CURRENT_TEST,T02_0914,PROC-ISRO-IISU-01,ATE-STATION-01,CHAMBER-01,1.0,60.0,3.3,168,dark_current_density,OPTICAL,nA/cm2,13.4189,17.4499,43.1116,105.5895,4.031,9.24,2,39.99,9.34,-0.0077,0.0498,62.64,61.02,13.4189,17.4499,43.1116,105.5895,4.031,10.0,False,NOMINAL,HEALTHY,-24.45,16.65
IMA_LOT02_COMP0915,LOT_02,IMAGE_SENSOR,LCC-20,IMA-SIH-2026,IMAGE_SENSOR_DARK_CURRENT_TEST,T02_0915,PROC-ISRO-IISU-01,ATE-STATION-01,CHAMBER-01,1.0,60.0,3.3,168,dark_current_density,OPTICAL,nA/cm2,13.7001,18.1236,43.9806,104.0936,4.4235,14.2,5,41.05,9.55,0.0096,0.0148,62.0,62.05,13.7001,18.1236,43.9806,104.0936,4.4235,10.0,False,NOMINAL,HEALTHY,43.84,-26.51
IMA_LOT02_COMP0916,LOT_02,IMAGE_SENSOR,LCC-20,IMA-SIH-2026,IMAGE_SENSOR_DARK_CURRENT_TEST,T02_0916,PROC-ISRO-IISU-01,ATE-STATION-01,CHAMBER-01,1.0,60.0,3.3,168,dark_current_density,OPTICAL,nA/cm2,12.6113,17.1756,41.8488,104.4817,4.5643,5.49,4,39.92,8.09,0.0098,0.0586,63.15,62.18,12.6113,17.1756,41.8488,104.4817,4.5643,10.0,False,NOMINAL,HEALTHY,-42.14,7.36
IMA_LOT02_COMP0917,LOT_02,IMAGE_SENSOR,LCC-20,IMA-SIH-2026,IMAGE_SENSOR_DARK_CURRENT_TEST,T02_0917,PROC-ISRO-IISU-01,ATE-STATION-01,CHAMBER-01,1.0,60.0,3.3,168,dark_current_density,OPTICAL,nA/cm2,12.6362,16.9979,43.9598,114.6741,4.3617,12.01,4,41.31,6.96,-0.0196,-0.0193,64.31,61.68,12.6362,16.9979,43.9598,114.6741,4.3617,10.0,False,NOMINAL,HEALTHY,-26.0,-18.62
IMA_LOT02_COMP0918,LOT_02,IMAGE_SENSOR,LCC-20,IMA-SIH-2026,IMAGE_SENSOR_DARK_CURRENT_TEST,T02_0918,PROC-ISRO-IISU-01,ATE-STATION-01,CHAMBER-01,1.0,60.0,3.3,168,dark_current_density,OPTICAL,nA/cm2,12.0549,16.2802,39.8542,100.4025,4.2253,11.59,2,40.94,5.99,-0.0058,-0.0585,61.77,62.12,12.0549,16.2802,39.8542,100.4025,4.2253,10.0,False,NOMINAL,HEALTHY,-20.47,-27.12
IMA_LOT02_COMP0919,LOT_02,IMAGE_SENSOR,LCC-20,IMA-SIH-2026,IMAGE_SENSOR_DARK_CURRENT_TEST,T02_0919,PROC-ISRO-IISU-01,ATE-STATION-01,CHAMBER-01,1.0,60.0,3.3,168,dark_current_density,OPTICAL,nA/cm2,13.4536,18.844,55.2254,159.2688,5.3904,6.25,9,43.72,5.91,0.0327,0.089,61.97,61.91,13.4536,18.844,55.2254,159.2688,5.3904,10.0,False,NOMINAL,HEALTHY,-16.35,-42.64
IMA_LOT02_COMP0920,LOT_02,IMAGE_SENSOR,LCC-20,IMA-SIH-2026,IMAGE_SENSOR_DARK_CURRENT_TEST,T02_0920,PROC-ISRO-IISU-01,ATE-STATION-01,CHAMBER-01,1.0,60.0,3.3,168,dark_current_density,OPTICAL,nA/cm2,13.1077,19.9828,64.1662,209.2196,6.8751,12.42,4,39.58,6.24,-0.0084,-0.0435,61.66,61.41,13.1077,19.9828,64.1662,209.2196,6.8751,10.0,False,NOMINAL,HEALTHY,-32.73,-33.07
IMA_LOT02_COMP0921,LOT_02,IMAGE_SENSOR,LCC-20,IMA-SIH-2026,IMAGE_SENSOR_DARK_CURRENT_TEST,T02_0921,PROC-ISRO-IISU-01,ATE-STATION-01,CHAMBER-01,1.0,60.0,3.3,168,dark_current_density,OPTICAL,nA/cm2,11.5818,14.4184,27.2187,51.6466,2.8366,8.5,5,40.93,3.79,0.0429,0.1112,60.8,61.85,11.5818,14.4184,27.2187,51.6466,2.8366,10.0,False,NOMINAL,HEALTHY,-48.38,36.8
IMA_LOT02_COMP0922,LOT_02,IMAGE_SENSOR,LCC-20,IMA-SIH-2026,IMAGE_SENSOR_DARK_CURRENT_TEST,T02_0922,PROC-ISRO-IISU-01,ATE-STATION-01,CHAMBER-01,1.0,60.0,3.3,168,dark_current_density,OPTICAL,nA/cm2,13.2068,18.5666,43.7766,105.7218,5.3598,14.29,3,41.33,7.28,0.0158,0.0621,61.13,62.5,13.2068,18.5666,43.7766,105.7218,5.3598,10.0,False,NOMINAL,HEALTHY,9.46,-26.91
IMA_LOT02_COMP0923,LOT_02,IMAGE_SENSOR,LCC-20,IMA-SIH-2026,IMAGE_SENSOR_DARK_CURRENT_TEST,T02_0923,PROC-ISRO-IISU-01,ATE-STATION-01,CHAMBER-01,1.0,60.0,3.3,168,dark_current_density,OPTICAL,nA/cm2,12.6998,19.7864,69.1772,255.6984,7.0866,12.62,5,40.97,10.94,0.0142,0.0994,61.32,61.97,12.6998,19.7864,69.1772,255.6984,7.0866,10.0,False,NOMINAL,HEALTHY,-0.52,19.99
IMA_LOT02_COMP0924,LOT_02,IMAGE_SENSOR,LCC-20,IMA-SIH-2026,IMAGE_SENSOR_DARK_CURRENT_TEST,T02_0924,PROC-ISRO-IISU-01,ATE-STATION-01,CHAMBER-01,1.0,60.0,3.3,168,dark_current_density,OPTICAL,nA/cm2,12.5511,18.9965,64.7331,222.9216,6.4454,10.06,5,45.08,6.91,0.0121,-0.0138,61.72,62.68,12.5511,18.9965,64.7331,222.9216,6.4454,10.0,False,NOMINAL,HEALTHY,40.66,44.72
IMA_LOT02_COMP0925,LOT_02,IMAGE_SENSOR,LCC-20,IMA-SIH-2026,IMAGE_SENSOR_DARK_CURRENT_TEST,T02_0925,PROC-ISRO-IISU-01,ATE-STATION-01,CHAMBER-01,1.0,60.0,3.3,168,dark_current_density,OPTICAL,nA/cm2,13.06,17.1646,40.8093,92.3299,4.1046,10.92,6,38.94,7.2,0.0027,0.0457,61.86,62.88,13.06,17.1646,40.8093,92.3299,4.1046,10.0,False,NOMINAL,HEALTHY,-6.72,-5.76
IMA_LOT02_COMP0926,LOT_02,IMAGE_SENSOR,LCC-20,IMA-SIH-2026,IMAGE_SENSOR_DARK_CURRENT_TEST,T02_0926,PROC-ISRO-IISU-01,ATE-STATION-01,CHAMBER-01,1.0,60.0,3.3,168,dark_current_density,OPTICAL,nA/cm2,13.0081,18.2953,51.7366,149.7595,5.2872,18.64,2,44.36,10.68,0.0168,0.0368,56.95,62.66,13.0081,18.2953,51.7366,149.7595,5.2872,10.0,False,NOMINAL,HEALTHY,-20.54,43.21
IMA_LOT02_COMP0927,LOT_02,IMAGE_SENSOR,LCC-20,IMA-SIH-2026,IMAGE_SENSOR_DARK_CURRENT_TEST,T02_0927,PROC-ISRO-IISU-01,ATE-STATION-01,CHAMBER-01,1.0,60.0,3.3,168,dark_current_density,OPTICAL,nA/cm2,13.4712,18.8802,54.695,164.3999,5.409,14.04,9,41.36,6.5,-0.0507,-0.1348,62.75,62.3,13.4712,18.8802,54.695,164.3999,5.409,10.0,False,NOMINAL,HEALTHY,19.12,39.48
IMA_LOT02_COMP0928,LOT_02,IMAGE_SENSOR,LCC-20,IMA-SIH-2026,IMAGE_SENSOR_DARK_CURRENT_TEST,T02_0928,PROC-ISRO-IISU-01,ATE-STATION-01,CHAMBER-01,1.0,60.0,3.3,168,dark_current_density,OPTICAL,nA/cm2,13.6969,17.446,40.6269,92.1397,3.7491,11.55,6,44.7,10.53,0.0351,0.0754,61.52,61.52,13.6969,17.446,40.6269,92.1397,3.7491,10.0,False,NOMINAL,HEALTHY,-18.71,-33.38
IMA_LOT02_COMP0929,LOT_02,IMAGE_SENSOR,LCC-20,IMA-SIH-2026,IMAGE_SENSOR_DARK_CURRENT_TEST,T02_0929,PROC-ISRO-IISU-01,ATE-STATION-01,CHAMBER-01,1.0,60.0,3.3,168,dark_current_density,OPTICAL,nA/cm2,12.5468,18.2273,60.5245,178.3273,5.6805,12.32,11,45.3,8.28,0.0146,0.0794,60.17,62.17,12.5468,18.2273,60.5245,178.3273,5.6805,10.0,False,NOMINAL,HEALTHY,-24.4,18.59
IMA_LOT02_COMP0930,LOT_02,IMAGE_SENSOR,LCC-20,IMA-SIH-2026,IMAGE_SENSOR_DARK_CURRENT_TEST,T02_0930,PROC-ISRO-IISU-01,ATE-STATION-01,CHAMBER-01,1.0,60.0,3.3,168,dark_current_density,OPTICAL,nA/cm2,12.5347,15.7857,37.8331,83.9239,3.251,15.92,3,43.28,12.14,0.0141,-0.0391,62.39,61.73,12.5347,15.7857,37.8331,83.9239,3.251,10.0,False,NOMINAL,HEALTHY,4.43,42.32
IMA_LOT02_COMP0931,LOT_02,IMAGE_SENSOR,LCC-20,IMA-SIH-2026,IMAGE_SENSOR_DARK_CURRENT_TEST,T02_0931,PROC-ISRO-IISU-01,ATE-STATION-01,CHAMBER-01,1.0,60.0,3.3,168,dark_current_density,OPTICAL,nA/cm2,11.9262,15.7917,34.3266,71.9348,3.8655,15.31,3,39.29,8.03,-0.0324,-0.0573,61.98,62.06,11.9262,15.7917,34.3266,71.9348,3.8655,10.0,False,NOMINAL,HEALTHY,15.46,-26.18
IMA_LOT02_COMP0932,LOT_02,IMAGE_SENSOR,LCC-20,IMA-SIH-2026,IMAGE_SENSOR_DARK_CURRENT_TEST,T02_0932,PROC-ISRO-IISU-01,ATE-STATION-01,CHAMBER-01,1.0,60.0,3.3,168,dark_current_density,OPTICAL,nA/cm2,12.4754,18.5033,68.7825,227.9542,6.0279,15.23,4,40.46,6.57,0.0209,-0.0103,62.07,62.01,12.4754,18.5033,68.7825,227.9542,6.0279,10.0,False,NOMINAL,HEALTHY,-29.43,35.93
IMA_LOT02_COMP0933,LOT_02,IMAGE_SENSOR,LCC-20,IMA-SIH-2026,IMAGE_SENSOR_DARK_CURRENT_TEST,T02_0933,PROC-ISRO-IISU-01,ATE-STATION-01,CHAMBER-01,1.0,60.0,3.3,168,dark_current_density,OPTICAL,nA/cm2,12.152,16.9285,38.3909,89.656,4.7765,14.88,5,40.92,8.31,-0.0369,0.0141,63.24,61.72,12.152,16.9285,38.3909,89.656,4.7765,10.0,False,NOMINAL,HEALTHY,2.84,46.74
IMA_LOT02_COMP0934,LOT_02,IMAGE_SENSOR,LCC-20,IMA-SIH-2026,IMAGE_SENSOR_DARK_CURRENT_TEST,T02_0934,PROC-ISRO-IISU-01,ATE-STATION-01,CHAMBER-01,1.0,60.0,3.3,168,dark_current_density,OPTICAL,nA/cm2,12.4647,17.5607,49.992,138.7181,5.096,13.7,3,41.2,6.9,0.0022,-0.0073,60.96,61.79,12.4647,17.5607,49.992,138.7181,5.096,10.0,False,NOMINAL,HEALTHY,-28.81,-22.48
IMA_LOT02_COMP0935,LOT_02,IMAGE_SENSOR,LCC-20,IMA-SIH-2026,IMAGE_SENSOR_DARK_CURRENT_TEST,T02_0935,PROC-ISRO-IISU-01,ATE-STATION-01,CHAMBER-01,1.0,60.0,3.3,168,dark_current_density,OPTICAL,nA/cm2,12.4736,19.0313,61.824,209.8939,6.5577,16.14,2,41.53,7.23,-0.0032,-0.0088,59.69,62.02,12.4736,19.0313,61.824,209.8939,6.5577,10.0,False,NOMINAL,HEALTHY,-48.16,-8.92
IMA_LOT02_COMP0936,LOT_02,IMAGE_SENSOR,LCC-20,IMA-SIH-2026,IMAGE_SENSOR_DARK_CURRENT_TEST,T02_0936,PROC-ISRO-IISU-01,ATE-STATION-01,CHAMBER-01,1.0,60.0,3.3,168,dark_current_density,OPTICAL,nA/cm2,12.2841,15.2484,30.0255,61.5388,2.9643,13.64,3,41.4,9.1,0.0484,0.076,62.19,61.85,12.2841,15.2484,30.0255,61.5388,2.9643,10.0,False,NOMINAL,HEALTHY,-10.89,6.13
IMA_LOT02_COMP0937,LOT_02,IMAGE_SENSOR,LCC-20,IMA-SIH-2026,IMAGE_SENSOR_DARK_CURRENT_TEST,T02_0937,PROC-ISRO-IISU-01,ATE-STATION-01,CHAMBER-01,1.0,60.0,3.3,168,dark_current_density,OPTICAL,nA/cm2,11.2582,15.1903,31.946,66.2356,3.9321,16.21,7,42.64,7.54,-0.0111,-0.0982,63.98,62.04,11.2582,15.1903,31.946,66.2356,3.9321,10.0,False,NOMINAL,HEALTHY,27.38,42.52
IMA_LOT02_COMP0938,LOT_02,IMAGE_SENSOR,LCC-20,IMA-SIH-2026,IMAGE_SENSOR_DARK_CURRENT_TEST,T02_0938,PROC-ISRO-IISU-01,ATE-STATION-01,CHAMBER-01,1.0,60.0,3.3,168,dark_current_density,OPTICAL,nA/cm2,12.9903,20.1614,71.2239,253.2143,7.1711,7.04,8,43.98,7.01,-0.0026,0.0584,61.03,62.19,12.9903,20.1614,71.2239,253.2143,7.1711,10.0,False,NOMINAL,HEALTHY,43.5,-8.98
IMA_LOT02_COMP0939,LOT_02,IMAGE_SENSOR,LCC-20,IMA-SIH-2026,IMAGE_SENSOR_DARK_CURRENT_TEST,T02_0939,PROC-ISRO-IISU-01,ATE-STATION-01,CHAMBER-01,1.0,60.0,3.3,168,dark_current_density,OPTICAL,nA/cm2,12.0973,15.4833,32.9364,72.1142,3.386,15.07,6,41.62,6.62,-0.0115,-0.0147,61.79,61.5,12.0973,15.4833,32.9364,72.1142,3.386,10.0,False,NOMINAL,HEALTHY,15.35,10.01
IMA_LOT02_COMP0940,LOT_02,IMAGE_SENSOR,LCC-20,IMA-SIH-2026,IMAGE_SENSOR_DARK_CURRENT_TEST,T02_0940,PROC-ISRO-IISU-01,ATE-STATION-01,CHAMBER-01,1.0,60.0,3.3,168,dark_current_density,OPTICAL,nA/cm2,13.2674,18.5998,58.4919,174.198,5.3324,7.96,5,46.81,6.87,0.0226,-0.0144,62.39,62.51,13.2674,18.5998,58.4919,174.198,5.3324,10.0,False,NOMINAL,HEALTHY,-41.57,-10.71
IMA_LOT02_COMP0941,LOT_02,IMAGE_SENSOR,LCC-20,IMA-SIH-2026,IMAGE_SENSOR_DARK_CURRENT_TEST,T02_0941,PROC-ISRO-IISU-01,ATE-STATION-01,CHAMBER-01,1.0,60.0,3.3,168,dark_current_density,OPTICAL,nA/cm2,12.4898,19.5194,65.7752,229.4335,7.0296,11.02,7,42.79,9.43,0.0161,0.0185,64.18,61.53,12.4898,19.5194,65.7752,229.4335,7.0296,10.0,True,DIELECTRIC_OSCILLATION,HEALTHY,-3.91,24.04
IMA_LOT02_COMP0942,LOT_02,IMAGE_SENSOR,LCC-20,IMA-SIH-2026,IMAGE_SENSOR_DARK_CURRENT_TEST,T02_0942,PROC-ISRO-IISU-01,ATE-STATION-01,CHAMBER-01,1.0,60.0,3.3,168,dark_current_density,OPTICAL,nA/cm2,13.3799,17.7359,41.95,103.6108,4.356,10.21,5,40.57,7.23,0.0212,0.0504,61.79,61.43,13.3799,17.7359,41.95,103.6108,4.356,10.0,False,NOMINAL,HEALTHY,15.66,-1.81
IMA_LOT02_COMP0943,LOT_02,IMAGE_SENSOR,LCC-20,IMA-SIH-2026,IMAGE_SENSOR_DARK_CURRENT_TEST,T02_0943,PROC-ISRO-IISU-01,ATE-STATION-01,CHAMBER-01,1.0,60.0,3.3,168,dark_current_density,OPTICAL,nA/cm2,14.3335,18.4464,39.1796,89.2346,4.1129,11.9,6,40.93,7.29,0.0242,-0.0354,61.41,61.86,14.3335,18.4464,39.1796,89.2346,4.1129,10.0,False,NOMINAL,HEALTHY,4.92,25.29
IMA_LOT02_COMP0944,LOT_02,IMAGE_SENSOR,LCC-20,IMA-SIH-2026,IMAGE_SENSOR_DARK_CURRENT_TEST,T02_0944,PROC-ISRO-IISU-01,ATE-STATION-01,CHAMBER-01,1.0,60.0,3.3,168,dark_current_density,OPTICAL,nA/cm2,12.2899,17.1569,45.4786,117.8918,4.867,10.93,8,44.8,7.82,-0.012,-0.021,60.91,62.74,12.2899,17.1569,45.4786,117.8918,4.867,10.0,False,NOMINAL,HEALTHY,37.08,-10.7
IMA_LOT02_COMP0945,LOT_02,IMAGE_SENSOR,LCC-20,IMA-SIH-2026,IMAGE_SENSOR_DARK_CURRENT_TEST,T02_0945,PROC-ISRO-IISU-01,ATE-STATION-01,CHAMBER-01,1.0,60.0,3.3,168,dark_current_density,OPTICAL,nA/cm2,12.5632,17.0562,36.3661,85.2197,4.493,18.31,2,41.56,4.67,0.0209,-0.0008,61.39,62.01,12.5632,17.0562,36.3661,85.2197,4.493,10.0,False,NOMINAL,HEALTHY,-8.84,-31.6
IMA_LOT02_COMP0946,LOT_02,IMAGE_SENSOR,LCC-20,IMA-SIH-2026,IMAGE_SENSOR_DARK_CURRENT_TEST,T02_0946,PROC-ISRO-IISU-01,ATE-STATION-01,CHAMBER-01,1.0,60.0,3.3,168,dark_current_density,OPTICAL,nA/cm2,11.768,17.2134,54.14,165.6335,5.4454,15.71,2,39.23,8.97,0.0052,0.1061,62.3,63.18,11.768,17.2134,54.14,165.6335,5.4454,10.0,False,NOMINAL,HEALTHY,31.91,-27.19
IMA_LOT02_COMP0947,LOT_02,IMAGE_SENSOR,LCC-20,IMA-SIH-2026,IMAGE_SENSOR_DARK_CURRENT_TEST,T02_0947,PROC-ISRO-IISU-01,ATE-STATION-01,CHAMBER-01,1.0,60.0,3.3,168,dark_current_density,OPTICAL,nA/cm2,11.4134,16.1663,50.9399,147.2703,4.7529,8.42,6,39.29,5.18,-0.0329,-0.0557,62.19,62.03,11.4134,16.1663,50.9399,147.2703,4.7529,10.0,False,NOMINAL,HEALTHY,29.33,-45.02
IMA_LOT02_COMP0948,LOT_02,IMAGE_SENSOR,LCC-20,IMA-SIH-2026,IMAGE_SENSOR_DARK_CURRENT_TEST,T02_0948,PROC-ISRO-IISU-01,ATE-STATION-01,CHAMBER-01,1.0,60.0,3.3,168,dark_current_density,OPTICAL,nA/cm2,12.9693,18.6356,54.511,153.3875,5.6663,12.83,1,40.77,8.16,-0.0037,-0.0355,64.06,61.76,12.9693,18.6356,54.511,153.3875,5.6663,10.0,False,NOMINAL,HEALTHY,18.88,29.21
IMA_LOT02_COMP0949,LOT_02,IMAGE_SENSOR,LCC-20,IMA-SIH-2026,IMAGE_SENSOR_DARK_CURRENT_TEST,T02_0949,PROC-ISRO-IISU-01,ATE-STATION-01,CHAMBER-01,1.0,60.0,3.3,168,dark_current_density,OPTICAL,nA/cm2,13.3951,16.5246,31.6608,64.056,3.1295,17.36,8,39.94,9.18,-0.0275,-0.0849,63.54,61.42,13.3951,16.5246,31.6608,64.056,3.1295,10.0,False,NOMINAL,HEALTHY,41.57,29.09
IMA_LOT02_COMP0950,LOT_02,IMAGE_SENSOR,LCC-20,IMA-SIH-2026,IMAGE_SENSOR_DARK_CURRENT_TEST,T02_0950,PROC-ISRO-IISU-01,ATE-STATION-01,CHAMBER-01,1.0,60.0,3.3,168,dark_current_density,OPTICAL,nA/cm2,12.9057,15.8697,29.5823,60.683,2.964,12.83,5,43.75,10.07,0.0329,0.0472,62.57,61.66,12.9057,15.8697,29.5823,60.683,2.964,10.0,False,NOMINAL,HEALTHY,37.05,14.9
IMA_LOT02_COMP0951,LOT_02,IMAGE_SENSOR,LCC-20,IMA-SIH-2026,IMAGE_SENSOR_DARK_CURRENT_TEST,T02_0951,PROC-ISRO-IISU-01,ATE-STATION-01,CHAMBER-01,1.0,60.0,3.3,168,dark_current_density,OPTICAL,nA/cm2,12.6996,18.4469,45.686,123.8114,5.7473,9.85,5,42.34,7.36,-0.0063,0.0285,62.77,61.81,12.6996,18.4469,45.686,123.8114,5.7473,10.0,False,NOMINAL,HEALTHY,-12.87,-34.63
IMA_LOT02_COMP0952,LOT_02,IMAGE_SENSOR,LCC-20,IMA-SIH-2026,IMAGE_SENSOR_DARK_CURRENT_TEST,T02_0952,PROC-ISRO-IISU-01,ATE-STATION-01,CHAMBER-01,1.0,60.0,3.3,168,dark_current_density,OPTICAL,nA/cm2,12.7009,17.4887,46.146,120.3308,4.7878,12.66,5,42.15,10.27,-0.0318,-0.0545,59.97,61.2,12.7009,17.4887,46.146,120.3308,4.7878,10.0,False,NOMINAL,HEALTHY,-49.45,-35.49
IMA_LOT02_COMP0953,LOT_02,IMAGE_SENSOR,LCC-20,IMA-SIH-2026,IMAGE_SENSOR_DARK_CURRENT_TEST,T02_0953,PROC-ISRO-IISU-01,ATE-STATION-01,CHAMBER-01,1.0,60.0,3.3,168,dark_current_density,OPTICAL,nA/cm2,12.9362,18.0843,42.0331,102.9355,5.1481,13.85,7,42.12,7.73,0.0371,0.1161,64.12,61.85,12.9362,18.0843,42.0331,102.9355,5.1481,10.0,False,NOMINAL,HEALTHY,25.75,-17.35
IMA_LOT02_COMP0954,LOT_02,IMAGE_SENSOR,LCC-20,IMA-SIH-2026,IMAGE_SENSOR_DARK_CURRENT_TEST,T02_0954,PROC-ISRO-IISU-01,ATE-STATION-01,CHAMBER-01,1.0,60.0,3.3,168,dark_current_density,OPTICAL,nA/cm2,13.3675,16.4811,33.1306,70.8129,3.1136,12.82,12,40.95,7.97,0.0164,-0.0006,62.23,61.5,13.3675,16.4811,33.1306,70.8129,3.1136,10.0,False,NOMINAL,HEALTHY,14.1,-12.49
IMA_LOT02_COMP0955,LOT_02,IMAGE_SENSOR,LCC-20,IMA-SIH-2026,IMAGE_SENSOR_DARK_CURRENT_TEST,T02_0955,PROC-ISRO-IISU-01,ATE-STATION-01,CHAMBER-01,1.0,60.0,3.3,168,dark_current_density,OPTICAL,nA/cm2,12.3878,17.9624,59.9691,188.43,5.5746,18.04,3,42.49,9.63,-0.0139,-0.0448,62.34,61.35,12.3878,17.9624,59.9691,188.43,5.5746,10.0,False,NOMINAL,HEALTHY,7.86,32.3
IMA_LOT02_COMP0956,LOT_02,IMAGE_SENSOR,LCC-20,IMA-SIH-2026,IMAGE_SENSOR_DARK_CURRENT_TEST,T02_0956,PROC-ISRO-IISU-01,ATE-STATION-01,CHAMBER-01,1.0,60.0,3.3,168,dark_current_density,OPTICAL,nA/cm2,13.2276,17.1818,34.4349,69.4615,3.9542,8.3,9,43.93,6.19,-0.0004,-0.0714,61.21,61.05,13.2276,17.1818,34.4349,69.4615,3.9542,10.0,False,NOMINAL,HEALTHY,-44.96,-15.57
IMA_LOT02_COMP0957,LOT_02,IMAGE_SENSOR,LCC-20,IMA-SIH-2026,IMAGE_SENSOR_DARK_CURRENT_TEST,T02_0957,PROC-ISRO-IISU-01,ATE-STATION-01,CHAMBER-01,1.0,60.0,3.3,168,dark_current_density,OPTICAL,nA/cm2,12.5667,16.449,41.7562,99.1317,3.8823,12.41,7,40.09,7.5,-0.0367,-0.0585,62.7,61.9,12.5667,16.449,41.7562,99.1317,3.8823,10.0,False,NOMINAL,HEALTHY,-48.38,-45.04
IMA_LOT02_COMP0958,LOT_02,IMAGE_SENSOR,LCC-20,IMA-SIH-2026,IMAGE_SENSOR_DARK_CURRENT_TEST,T02_0958,PROC-ISRO-IISU-01,ATE-STATION-01,CHAMBER-01,1.0,60.0,3.3,168,dark_current_density,OPTICAL,nA/cm2,12.3885,18.7466,64.2694,235.3383,6.3581,16.92,7,38.66,8.97,0.0012,-0.0012,61.86,62.13,12.3885,18.7466,64.2694,235.3383,6.3581,10.0,False,NOMINAL,HEALTHY,8.94,36.28
IMA_LOT02_COMP0959,LOT_02,IMAGE_SENSOR,LCC-20,IMA-SIH-2026,IMAGE_SENSOR_DARK_CURRENT_TEST,T02_0959,PROC-ISRO-IISU-01,ATE-STATION-01,CHAMBER-01,1.0,60.0,3.3,168,dark_current_density,OPTICAL,nA/cm2,12.7783,19.1881,67.5092,228.3853,6.4098,12.01,6,40.42,8.34,-0.0018,-0.0639,61.6,62.08,12.7783,19.1881,67.5092,228.3853,6.4098,10.0,False,NOMINAL,HEALTHY,47.34,24.29
IMA_LOT02_COMP0960,LOT_02,IMAGE_SENSOR,LCC-20,IMA-SIH-2026,IMAGE_SENSOR_DARK_CURRENT_TEST,T02_0960,PROC-ISRO-IISU-01,ATE-STATION-01,CHAMBER-01,1.0,60.0,3.3,168,dark_current_density,OPTICAL,nA/cm2,12.7298,15.4751,33.8333,69.7209,2.7453,12.71,9,40.81,7.83,0.004,-0.0033,64.1,62.22,12.7298,15.4751,33.8333,69.7209,2.7453,10.0,False,NOMINAL,HEALTHY,-16.97,1.13
IMA_LOT02_COMP0961,LOT_02,IMAGE_SENSOR,LCC-20,IMA-SIH-2026,IMAGE_SENSOR_DARK_CURRENT_TEST,T02_0961,PROC-ISRO-IISU-01,ATE-STATION-01,CHAMBER-01,1.0,60.0,3.3,168,dark_current_density,OPTICAL,nA/cm2,12.5109,17.5111,40.7572,103.8418,5.0002,11.42,8,42.31,9.21,-0.0206,-0.0144,61.25,63.14,12.5109,17.5111,40.7572,103.8418,5.0002,10.0,False,NOMINAL,HEALTHY,29.12,23.06
IMA_LOT02_COMP0962,LOT_02,IMAGE_SENSOR,LCC-20,IMA-SIH-2026,IMAGE_SENSOR_DARK_CURRENT_TEST,T02_0962,PROC-ISRO-IISU-01,ATE-STATION-01,CHAMBER-01,1.0,60.0,3.3,168,dark_current_density,OPTICAL,nA/cm2,13.3528,17.2388,38.7923,83.1773,3.886,11.42,5,41.93,4.28,-0.0117,-0.0115,63.33,60.64,13.3528,17.2388,38.7923,83.1773,3.886,10.0,False,NOMINAL,HEALTHY,5.11,-44.54
IMA_LOT02_COMP0963,LOT_02,IMAGE_SENSOR,LCC-20,IMA-SIH-2026,IMAGE_SENSOR_DARK_CURRENT_TEST,T02_0963,PROC-ISRO-IISU-01,ATE-STATION-01,CHAMBER-01,1.0,60.0,3.3,168,dark_current_density,OPTICAL,nA/cm2,13.5654,17.9006,42.8994,99.3741,4.3352,13.31,3,41.0,8.16,0.0371,0.0969,60.86,61.84,13.5654,17.9006,42.8994,99.3741,4.3352,10.0,False,NOMINAL,HEALTHY,-13.96,-15.36
IMA_LOT02_COMP0964,LOT_02,IMAGE_SENSOR,LCC-20,IMA-SIH-2026,IMAGE_SENSOR_DARK_CURRENT_TEST,T02_0964,PROC-ISRO-IISU-01,ATE-STATION-01,CHAMBER-01,1.0,60.0,3.3,168,dark_current_density,OPTICAL,nA/cm2,12.7337,19.2654,63.3862,189.1386,6.5317,13.16,8,41.51,7.67,0.012,0.0484,62.18,61.98,12.7337,19.2654,63.3862,189.1386,6.5317,10.0,False,NOMINAL,HEALTHY,24.26,-12.65
IMA_LOT02_COMP0965,LOT_02,IMAGE_SENSOR,LCC-20,IMA-SIH-2026,IMAGE_SENSOR_DARK_CURRENT_TEST,T02_0965,PROC-ISRO-IISU-01,ATE-STATION-01,CHAMBER-01,1.0,60.0,3.3,168,dark_current_density,OPTICAL,nA/cm2,11.9289,16.5565,43.0665,109.6262,4.6276,5.0,6,43.42,9.55,-0.0156,0.0597,61.72,61.08,11.9289,16.5565,43.0665,109.6262,4.6276,10.0,False,NOMINAL,HEALTHY,-16.85,-35.27
IMA_LOT02_COMP0966,LOT_02,IMAGE_SENSOR,LCC-20,IMA-SIH-2026,IMAGE_SENSOR_DARK_CURRENT_TEST,T02_0966,PROC-ISRO-IISU-01,ATE-STATION-01,CHAMBER-01,1.0,60.0,3.3,168,dark_current_density,OPTICAL,nA/cm2,12.9337,20.073,71.4882,272.5413,7.1393,10.12,6,40.76,4.56,-0.0039,-0.008,61.34,61.68,12.9337,20.073,71.4882,272.5413,7.1393,10.0,False,NOMINAL,HEALTHY,18.16,-23.25
IMA_LOT02_COMP0967,LOT_02,IMAGE_SENSOR,LCC-20,IMA-SIH-2026,IMAGE_SENSOR_DARK_CURRENT_TEST,T02_0967,PROC-ISRO-IISU-01,ATE-STATION-01,CHAMBER-01,1.0,60.0,3.3,168,dark_current_density,OPTICAL,nA/cm2,12.9519,16.6679,32.0173,60.8175,3.716,9.14,4,43.96,6.9,0.0029,0.0251,62.11,61.99,12.9519,16.6679,32.0173,60.8175,3.716,10.0,False,NOMINAL,HEALTHY,13.14,-7.63
IMA_LOT02_COMP0968,LOT_02,IMAGE_SENSOR,LCC-20,IMA-SIH-2026,IMAGE_SENSOR_DARK_CURRENT_TEST,T02_0968,PROC-ISRO-IISU-01,ATE-STATION-01,CHAMBER-01,1.0,60.0,3.3,168,dark_current_density,OPTICAL,nA/cm2,13.257,18.0639,46.9916,116.7474,4.8069,7.42,6,41.72,6.54,0.004,0.0321,61.71,61.95,13.257,18.0639,46.9916,116.7474,4.8069,10.0,False,NOMINAL,HEALTHY,-18.02,-12.3
IMA_LOT02_COMP0969,LOT_02,IMAGE_SENSOR,LCC-20,IMA-SIH-2026,IMAGE_SENSOR_DARK_CURRENT_TEST,T02_0969,PROC-ISRO-IISU-01,ATE-STATION-01,CHAMBER-01,1.0,60.0,3.3,168,dark_current_density,OPTICAL,nA/cm2,12.3061,16.2421,37.7438,90.4319,3.936,14.49,4,44.92,8.95,-0.0034,0.0653,61.9,61.76,12.3061,16.2421,37.7438,90.4319,3.936,10.0,False,NOMINAL,HEALTHY,-29.98,-36.78
IMA_LOT02_COMP0970,LOT_02,IMAGE_SENSOR,LCC-20,IMA-SIH-2026,IMAGE_SENSOR_DARK_CURRENT_TEST,T02_0970,PROC-ISRO-IISU-01,ATE-STATION-01,CHAMBER-01,1.0,60.0,3.3,168,dark_current_density,OPTICAL,nA/cm2,13.147,20.6128,73.3084,263.4956,7.4658,12.11,1,43.5,10.53,0.0093,0.0621,60.15,62.34,13.147,20.6128,73.3084,263.4956,7.4658,10.0,False,NOMINAL,HEALTHY,-47.17,-21.08
IMA_LOT02_COMP0971,LOT_02,IMAGE_SENSOR,LCC-20,IMA-SIH-2026,IMAGE_SENSOR_DARK_CURRENT_TEST,T02_0971,PROC-ISRO-IISU-01,ATE-STATION-01,CHAMBER-01,1.0,60.0,3.3,168,dark_current_density,OPTICAL,nA/cm2,12.5939,18.9311,60.9559,196.3217,6.3372,9.87,7,45.23,7.53,-0.0061,0.0232,63.13,62.82,12.5939,18.9311,60.9559,196.3217,6.3372,10.0,False,NOMINAL,HEALTHY,-18.63,-4.89
IMA_LOT02_COMP0972,LOT_02,IMAGE_SENSOR,LCC-20,IMA-SIH-2026,IMAGE_SENSOR_DARK_CURRENT_TEST,T02_0972,PROC-ISRO-IISU-01,ATE-STATION-01,CHAMBER-01,1.0,60.0,3.3,168,dark_current_density,OPTICAL,nA/cm2,13.0457,18.8129,63.754,211.8361,5.7672,9.88,6,43.77,7.56,-0.0021,-0.0409,63.93,62.1,13.0457,18.8129,63.754,211.8361,5.7672,10.0,False,NOMINAL,HEALTHY,12.49,8.52
IMA_LOT02_COMP0973,LOT_02,IMAGE_SENSOR,LCC-20,IMA-SIH-2026,IMAGE_SENSOR_DARK_CURRENT_TEST,T02_0973,PROC-ISRO-IISU-01,ATE-STATION-01,CHAMBER-01,1.0,60.0,3.3,168,dark_current_density,OPTICAL,nA/cm2,11.7211,15.8181,33.2971,69.6104,4.097,14.37,7,40.38,6.15,0.0097,0.0465,63.03,62.89,11.7211,15.8181,33.2971,69.6104,4.097,10.0,False,NOMINAL,HEALTHY,-9.8,-28.3
IMA_LOT02_COMP0974,LOT_02,IMAGE_SENSOR,LCC-20,IMA-SIH-2026,IMAGE_SENSOR_DARK_CURRENT_TEST,T02_0974,PROC-ISRO-IISU-01,ATE-STATION-01,CHAMBER-01,1.0,60.0,3.3,168,dark_current_density,OPTICAL,nA/cm2,12.2197,18.5312,56.838,181.3657,6.3115,12.97,5,40.48,9.74,0.0249,0.0401,60.27,61.87,12.2197,18.5312,56.838,181.3657,6.3115,10.0,False,NOMINAL,HEALTHY,-7.58,44.4
IMA_LOT02_COMP0975,LOT_02,IMAGE_SENSOR,LCC-20,IMA-SIH-2026,IMAGE_SENSOR_DARK_CURRENT_TEST,T02_0975,PROC-ISRO-IISU-01,ATE-STATION-01,CHAMBER-01,1.0,60.0,3.3,168,dark_current_density,OPTICAL,nA/cm2,12.0702,17.2129,53.5445,154.3886,5.1427,11.62,5,43.45,8.65,-0.0232,0.0154,62.1,61.63,12.0702,17.2129,53.5445,154.3886,5.1427,10.0,False,NOMINAL,HEALTHY,9.66,-46.54
IMA_LOT02_COMP0976,LOT_02,IMAGE_SENSOR,LCC-20,IMA-SIH-2026,IMAGE_SENSOR_DARK_CURRENT_TEST,T02_0976,PROC-ISRO-IISU-01,ATE-STATION-01,CHAMBER-01,1.0,60.0,3.3,168,dark_current_density,OPTICAL,nA/cm2,11.942,16.784,51.6749,159.3271,4.842,13.11,1,43.27,10.37,0.006,-0.0346,59.19,61.96,11.942,16.784,51.6749,159.3271,4.842,10.0,False,NOMINAL,HEALTHY,-36.9,0.54
IMA_LOT02_COMP0977,LOT_02,IMAGE_SENSOR,LCC-20,IMA-SIH-2026,IMAGE_SENSOR_DARK_CURRENT_TEST,T02_0977,PROC-ISRO-IISU-01,ATE-STATION-01,CHAMBER-01,1.0,60.0,3.3,168,dark_current_density,OPTICAL,nA/cm2,13.1857,16.4683,34.9554,72.9099,3.2826,14.31,8,40.34,8.54,0.0186,-0.0216,60.89,61.15,13.1857,16.4683,34.9554,72.9099,3.2826,10.0,False,NOMINAL,HEALTHY,-4.68,-37.1
IMA_LOT02_COMP0978,LOT_02,IMAGE_SENSOR,LCC-20,IMA-SIH-2026,IMAGE_SENSOR_DARK_CURRENT_TEST,T02_0978,PROC-ISRO-IISU-01,ATE-STATION-01,CHAMBER-01,1.0,60.0,3.3,168,dark_current_density,OPTICAL,nA/cm2,12.1583,17.3614,46.0438,128.3936,5.2031,6.45,6,41.82,4.1,0.0323,0.0109,63.53,60.89,12.1583,17.3614,46.0438,128.3936,5.2031,10.0,False,NOMINAL,HEALTHY,30.09,-44.82
IMA_LOT02_COMP0979,LOT_02,IMAGE_SENSOR,LCC-20,IMA-SIH-2026,IMAGE_SENSOR_DARK_CURRENT_TEST,T02_0979,PROC-ISRO-IISU-01,ATE-STATION-01,CHAMBER-01,1.0,60.0,3.3,168,dark_current_density,OPTICAL,nA/cm2,12.6566,16.3862,34.8263,74.719,3.7296,11.76,4,41.93,8.13,0.0167,-0.0015,63.46,61.57,12.6566,16.3862,34.8263,74.719,3.7296,10.0,False,NOMINAL,HEALTHY,43.9,-21.51
IMA_LOT02_COMP0980,LOT_02,IMAGE_SENSOR,LCC-20,IMA-SIH-2026,IMAGE_SENSOR_DARK_CURRENT_TEST,T02_0980,PROC-ISRO-IISU-01,ATE-STATION-01,CHAMBER-01,1.0,60.0,3.3,168,dark_current_density,OPTICAL,nA/cm2,12.585,18.3652,55.3708,167.0744,5.7802,14.38,7,39.41,6.79,-0.0125,-0.0284,64.51,62.17,12.585,18.3652,55.3708,167.0744,5.7802,10.0,False,NOMINAL,HEALTHY,44.9,19.26
IMA_LOT02_COMP0981,LOT_02,IMAGE_SENSOR,LCC-20,IMA-SIH-2026,IMAGE_SENSOR_DARK_CURRENT_TEST,T02_0981,PROC-ISRO-IISU-01,ATE-STATION-01,CHAMBER-01,1.0,60.0,3.3,168,dark_current_density,OPTICAL,nA/cm2,12.8052,18.6345,63.9886,238.4124,5.8293,13.28,6,43.59,9.22,-0.0218,0.0359,62.64,61.15,12.8052,18.6345,63.9886,238.4124,5.8293,10.0,False,NOMINAL,HEALTHY,0.08,7.1
IMA_LOT02_COMP0982,LOT_02,IMAGE_SENSOR,LCC-20,IMA-SIH-2026,IMAGE_SENSOR_DARK_CURRENT_TEST,T02_0982,PROC-ISRO-IISU-01,ATE-STATION-01,CHAMBER-01,1.0,60.0,3.3,168,dark_current_density,OPTICAL,nA/cm2,12.9199,16.481,32.106,63.2966,3.5611,9.8,3,44.17,9.27,-0.0119,0.0011,58.72,62.3,12.9199,16.481,32.106,63.2966,3.5611,10.0,False,NOMINAL,HEALTHY,-25.46,21.16
IMA_LOT02_COMP0983,LOT_02,IMAGE_SENSOR,LCC-20,IMA-SIH-2026,IMAGE_SENSOR_DARK_CURRENT_TEST,T02_0983,PROC-ISRO-IISU-01,ATE-STATION-01,CHAMBER-01,1.0,60.0,3.3,168,dark_current_density,OPTICAL,nA/cm2,12.5589,15.9436,32.8127,69.324,3.3847,10.29,4,43.21,6.16,0.0098,0.0644,61.98,61.97,12.5589,15.9436,32.8127,69.324,3.3847,10.0,False,NOMINAL,HEALTHY,4.02,12.99
IMA_LOT02_COMP0984,LOT_02,IMAGE_SENSOR,LCC-20,IMA-SIH-2026,IMAGE_SENSOR_DARK_CURRENT_TEST,T02_0984,PROC-ISRO-IISU-01,ATE-STATION-01,CHAMBER-01,1.0,60.0,3.3,168,dark_current_density,OPTICAL,nA/cm2,12.1339,17.3818,44.1674,120.6956,5.2479,9.96,4,42.94,9.97,0.0138,0.0039,61.1,61.75,12.1339,17.3818,44.1674,120.6956,5.2479,10.0,False,NOMINAL,HEALTHY,-25.9,20.68
IMA_LOT02_COMP0985,LOT_02,IMAGE_SENSOR,LCC-20,IMA-SIH-2026,IMAGE_SENSOR_DARK_CURRENT_TEST,T02_0985,PROC-ISRO-IISU-01,ATE-STATION-01,CHAMBER-01,1.0,60.0,3.3,168,dark_current_density,OPTICAL,nA/cm2,12.3232,17.0743,39.3961,93.0477,4.7511,10.92,7,45.15,7.46,-0.0181,0.0104,61.11,61.89,12.3232,17.0743,39.3961,93.0477,4.7511,10.0,False,NOMINAL,HEALTHY,-32.46,-8.78
IMA_LOT02_COMP0986,LOT_02,IMAGE_SENSOR,LCC-20,IMA-SIH-2026,IMAGE_SENSOR_DARK_CURRENT_TEST,T02_0986,PROC-ISRO-IISU-01,ATE-STATION-01,CHAMBER-01,1.0,60.0,3.3,168,dark_current_density,OPTICAL,nA/cm2,12.5626,16.9463,45.5201,119.8492,4.3837,10.3,9,41.97,8.54,-0.0162,0.0075,62.35,62.67,12.5626,16.9463,45.5201,119.8492,4.3837,10.0,False,NOMINAL,HEALTHY,-9.44,14.57
IMA_LOT02_COMP0987,LOT_02,IMAGE_SENSOR,LCC-20,IMA-SIH-2026,IMAGE_SENSOR_DARK_CURRENT_TEST,T02_0987,PROC-ISRO-IISU-01,ATE-STATION-01,CHAMBER-01,1.0,60.0,3.3,168,dark_current_density,OPTICAL,nA/cm2,12.1833,18.5381,68.9473,230.8622,6.3548,8.64,3,46.23,7.5,-0.0045,0.0446,59.96,62.27,12.1833,18.5381,68.9473,230.8622,6.3548,10.0,False,NOMINAL,HEALTHY,38.47,-0.32
IMA_LOT02_COMP0988,LOT_02,IMAGE_SENSOR,LCC-20,IMA-SIH-2026,IMAGE_SENSOR_DARK_CURRENT_TEST,T02_0988,PROC-ISRO-IISU-01,ATE-STATION-01,CHAMBER-01,1.0,60.0,3.3,168,dark_current_density,OPTICAL,nA/cm2,13.1328,18.7816,52.2282,146.7312,5.6488,13.97,3,41.55,7.18,-0.0048,-0.0827,61.22,62.53,13.1328,18.7816,52.2282,146.7312,5.6488,10.0,False,NOMINAL,HEALTHY,-12.17,-34.4
IMA_LOT02_COMP0989,LOT_02,IMAGE_SENSOR,LCC-20,IMA-SIH-2026,IMAGE_SENSOR_DARK_CURRENT_TEST,T02_0989,PROC-ISRO-IISU-01,ATE-STATION-01,CHAMBER-01,1.0,60.0,3.3,168,dark_current_density,OPTICAL,nA/cm2,13.1501,17.6183,36.0182,76.8409,4.4682,8.15,6,41.09,9.88,0.0292,-0.0054,63.78,61.91,13.1501,17.6183,36.0182,76.8409,4.4682,10.0,False,NOMINAL,HEALTHY,17.41,36.53
IMA_LOT02_COMP0990,LOT_02,IMAGE_SENSOR,LCC-20,IMA-SIH-2026,IMAGE_SENSOR_DARK_CURRENT_TEST,T02_0990,PROC-ISRO-IISU-01,ATE-STATION-01,CHAMBER-01,1.0,60.0,3.3,168,dark_current_density,OPTICAL,nA/cm2,12.5392,16.2055,34.1397,74.5064,3.6663,14.53,6,40.36,7.18,-0.0161,-0.001,61.53,62.02,12.5392,16.2055,34.1397,74.5064,3.6663,10.0,False,NOMINAL,HEALTHY,18.64,-13.02
IMA_LOT02_COMP0991,LOT_02,IMAGE_SENSOR,LCC-20,IMA-SIH-2026,IMAGE_SENSOR_DARK_CURRENT_TEST,T02_0991,PROC-ISRO-IISU-01,ATE-STATION-01,CHAMBER-01,1.0,60.0,3.3,168,dark_current_density,OPTICAL,nA/cm2,12.7347,19.4642,68.0757,242.0367,6.7295,10.6,2,45.23,6.48,-0.0011,0.0197,63.25,61.95,12.7347,19.4642,68.0757,242.0367,6.7295,10.0,False,NOMINAL,HEALTHY,42.17,22.2
IMA_LOT02_COMP0992,LOT_02,IMAGE_SENSOR,LCC-20,IMA-SIH-2026,IMAGE_SENSOR_DARK_CURRENT_TEST,T02_0992,PROC-ISRO-IISU-01,ATE-STATION-01,CHAMBER-01,1.0,60.0,3.3,168,dark_current_density,OPTICAL,nA/cm2,12.7221,17.8692,55.9787,180.8232,5.1471,5.89,8,42.38,8.28,-0.0112,-0.0867,60.24,61.95,12.7221,17.8692,55.9787,180.8232,5.1471,10.0,False,NOMINAL,HEALTHY,-31.75,-1.77
IMA_LOT02_COMP0993,LOT_02,IMAGE_SENSOR,LCC-20,IMA-SIH-2026,IMAGE_SENSOR_DARK_CURRENT_TEST,T02_0993,PROC-ISRO-IISU-01,ATE-STATION-01,CHAMBER-01,1.0,60.0,3.3,168,dark_current_density,OPTICAL,nA/cm2,12.3856,18.3383,52.3379,154.004,5.9527,10.1,10,42.55,5.9,-0.0133,-0.0022,62.04,61.26,12.3856,18.3383,52.3379,154.004,5.9527,10.0,False,NOMINAL,HEALTHY,-38.31,13.39
IMA_LOT02_COMP0994,LOT_02,IMAGE_SENSOR,LCC-20,IMA-SIH-2026,IMAGE_SENSOR_DARK_CURRENT_TEST,T02_0994,PROC-ISRO-IISU-01,ATE-STATION-01,CHAMBER-01,1.0,60.0,3.3,168,dark_current_density,OPTICAL,nA/cm2,13.4173,21.0346,75.7303,265.4633,7.6173,16.04,8,40.81,8.25,-0.0104,0.0028,64.42,61.49,13.4173,21.0346,75.7303,265.4633,7.6173,10.0,False,NOMINAL,HEALTHY,-32.66,-21.14
IMA_LOT02_COMP0995,LOT_02,IMAGE_SENSOR,LCC-20,IMA-SIH-2026,IMAGE_SENSOR_DARK_CURRENT_TEST,T02_0995,PROC-ISRO-IISU-01,ATE-STATION-01,CHAMBER-01,1.0,60.0,3.3,168,dark_current_density,OPTICAL,nA/cm2,12.5055,15.7909,33.3128,67.1285,3.2854,12.62,2,40.27,5.45,0.0305,0.0271,63.97,62.63,12.5055,15.7909,33.3128,67.1285,3.2854,10.0,False,NOMINAL,HEALTHY,-13.55,47.52
IMA_LOT02_COMP0996,LOT_02,IMAGE_SENSOR,LCC-20,IMA-SIH-2026,IMAGE_SENSOR_DARK_CURRENT_TEST,T02_0996,PROC-ISRO-IISU-01,ATE-STATION-01,CHAMBER-01,1.0,60.0,3.3,168,dark_current_density,OPTICAL,nA/cm2,13.7252,20.4844,71.0875,238.3442,6.7592,9.86,4,41.87,7.59,0.0062,0.0859,59.86,62.98,13.7252,20.4844,71.0875,238.3442,6.7592,10.0,False,NOMINAL,HEALTHY,15.32,-37.73
IMA_LOT02_COMP0997,LOT_02,IMAGE_SENSOR,LCC-20,IMA-SIH-2026,IMAGE_SENSOR_DARK_CURRENT_TEST,T02_0997,PROC-ISRO-IISU-01,ATE-STATION-01,CHAMBER-01,1.0,60.0,3.3,168,dark_current_density,OPTICAL,nA/cm2,13.4915,19.3762,61.0633,194.4145,5.8847,15.58,6,42.62,7.07,-0.0084,0.0266,64.74,62.18,13.4915,19.3762,61.0633,194.4145,5.8847,10.0,False,NOMINAL,HEALTHY,40.76,-21.74
IMA_LOT02_COMP0998,LOT_02,IMAGE_SENSOR,LCC-20,IMA-SIH-2026,IMAGE_SENSOR_DARK_CURRENT_TEST,T02_0998,PROC-ISRO-IISU-01,ATE-STATION-01,CHAMBER-01,1.0,60.0,3.3,168,dark_current_density,OPTICAL,nA/cm2,13.2241,20.6696,72.0628,264.3976,7.4455,13.56,5,41.16,6.58,0.0033,-0.0457,60.51,62.26,13.2241,20.6696,72.0628,264.3976,7.4455,10.0,False,NOMINAL,HEALTHY,-8.69,-27.0
IMA_LOT02_COMP0999,LOT_02,IMAGE_SENSOR,LCC-20,IMA-SIH-2026,IMAGE_SENSOR_DARK_CURRENT_TEST,T02_0999,PROC-ISRO-IISU-01,ATE-STATION-01,CHAMBER-01,1.0,60.0,3.3,168,dark_current_density,OPTICAL,nA/cm2,13.7585,17.0635,35.8628,72.7828,3.305,16.23,5,37.7,10.8,0.0033,-0.0136,61.53,61.31,13.7585,17.0635,35.8628,72.7828,3.305,10.0,False,NOMINAL,HEALTHY,-40.39,37.7
IMA_LOT02_COMP1000,LOT_02,IMAGE_SENSOR,LCC-20,IMA-SIH-2026,IMAGE_SENSOR_DARK_CURRENT_TEST,T02_1000,PROC-ISRO-IISU-01,ATE-STATION-01,CHAMBER-01,1.0,60.0,3.3,168,dark_current_density,OPTICAL,nA/cm2,12.941,17.0751,40.1547,92.2524,4.1341,18.56,9,40.35,9.43,0.0032,-0.0337,59.75,61.73,12.941,17.0751,40.1547,92.2524,4.1341,10.0,False,NOMINAL,HEALTHY,30.02,-19.72
IMA_LOT02_COMP1001,LOT_02,IMAGE_SENSOR,LCC-20,IMA-SIH-2026,IMAGE_SENSOR_DARK_CURRENT_TEST,T02_1001,PROC-ISRO-IISU-01,ATE-STATION-01,CHAMBER-01,1.0,60.0,3.3,168,dark_current_density,OPTICAL,nA/cm2,12.9145,20.1283,67.4358,252.1284,7.2138,6.27,3,42.95,8.95,0.0129,0.0295,60.98,62.11,12.9145,20.1283,67.4358,252.1284,7.2138,10.0,False,NOMINAL,HEALTHY,6.18,19.81
IMA_LOT02_COMP1002,LOT_02,IMAGE_SENSOR,LCC-20,IMA-SIH-2026,IMAGE_SENSOR_DARK_CURRENT_TEST,T02_1002,PROC-ISRO-IISU-01,ATE-STATION-01,CHAMBER-01,1.0,60.0,3.3,168,dark_current_density,OPTICAL,nA/cm2,12.4512,17.1753,35.3984,76.4082,4.7241,11.82,9,41.35,9.41,-0.0011,0.0052,62.48,62.49,12.4512,17.1753,35.3984,76.4082,4.7241,10.0,False,NOMINAL,HEALTHY,-32.89,13.56
IMA_LOT02_COMP1003,LOT_02,IMAGE_SENSOR,LCC-20,IMA-SIH-2026,IMAGE_SENSOR_DARK_CURRENT_TEST,T02_1003,PROC-ISRO-IISU-01,ATE-STATION-01,CHAMBER-01,1.0,60.0,3.3,168,dark_current_density,OPTICAL,nA/cm2,12.1193,17.9308,63.2398,232.327,5.8115,18.66,2,42.32,5.86,0.019,0.0478,61.39,62.43,12.1193,17.9308,63.2398,232.327,5.8115,10.0,False,NOMINAL,HEALTHY,10.11,2.6
IMA_LOT02_COMP1004,LOT_02,IMAGE_SENSOR,LCC-20,IMA-SIH-2026,IMAGE_SENSOR_DARK_CURRENT_TEST,T02_1004,PROC-ISRO-IISU-01,ATE-STATION-01,CHAMBER-01,1.0,60.0,3.3,168,dark_current_density,OPTICAL,nA/cm2,12.387,16.8636,41.1771,106.755,4.4766,9.46,5,37.38,8.09,-0.0084,0.0191,62.68,62.76,12.387,16.8636,41.1771,106.755,4.4766,10.0,True,DIELECTRIC_OSCILLATION,HEALTHY,47.18,3.46
IMA_LOT02_COMP1005,LOT_02,IMAGE_SENSOR,LCC-20,IMA-SIH-2026,IMAGE_SENSOR_DARK_CURRENT_TEST,T02_1005,PROC-ISRO-IISU-01,ATE-STATION-01,CHAMBER-01,1.0,60.0,3.3,168,dark_current_density,OPTICAL,nA/cm2,12.8313,17.3697,41.0782,93.4933,4.5384,17.43,4,40.8,10.75,-0.0231,0.0027,65.09,62.23,12.8313,17.3697,41.0782,93.4933,4.5384,10.0,True,DIELECTRIC_OSCILLATION,HEALTHY,11.43,30.56
IMA_LOT02_COMP1006,LOT_02,IMAGE_SENSOR,LCC-20,IMA-SIH-2026,IMAGE_SENSOR_DARK_CURRENT_TEST,T02_1006,PROC-ISRO-IISU-01,ATE-STATION-01,CHAMBER-01,1.0,60.0,3.3,168,dark_current_density,OPTICAL,nA/cm2,12.1769,16.1328,45.3966,116.7616,3.9559,8.45,5,38.18,9.11,0.02,0.0196,61.74,62.11,12.1769,16.1328,45.3966,116.7616,3.9559,10.0,False,NOMINAL,HEALTHY,-27.18,-43.76
IMA_LOT02_COMP1007,LOT_02,IMAGE_SENSOR,LCC-20,IMA-SIH-2026,IMAGE_SENSOR_DARK_CURRENT_TEST,T02_1007,PROC-ISRO-IISU-01,ATE-STATION-01,CHAMBER-01,1.0,60.0,3.3,168,dark_current_density,OPTICAL,nA/cm2,13.8169,20.3926,73.1082,253.4254,6.5757,8.96,10,40.09,9.77,0.0473,0.1347,62.34,62.14,13.8169,20.3926,73.1082,253.4254,6.5757,10.0,False,NOMINAL,HEALTHY,40.36,-0.81
IMA_LOT02_COMP1008,LOT_02,IMAGE_SENSOR,LCC-20,IMA-SIH-2026,IMAGE_SENSOR_DARK_CURRENT_TEST,T02_1008,PROC-ISRO-IISU-01,ATE-STATION-01,CHAMBER-01,1.0,60.0,3.3,168,dark_current_density,OPTICAL,nA/cm2,13.0286,18.293,49.0825,136.8439,5.2644,13.08,8,42.37,6.41,0.0019,-0.0523,61.81,60.52,13.0286,18.293,49.0825,136.8439,5.2644,10.0,False,NOMINAL,HEALTHY,40.62,19.82
IMA_LOT02_COMP1009,LOT_02,IMAGE_SENSOR,LCC-20,IMA-SIH-2026,IMAGE_SENSOR_DARK_CURRENT_TEST,T02_1009,PROC-ISRO-IISU-01,ATE-STATION-01,CHAMBER-01,1.0,60.0,3.3,168,dark_current_density,OPTICAL,nA/cm2,11.7768,16.6406,48.0058,149.6462,4.8638,13.33,9,40.19,8.76,-0.004,-0.0494,63.69,62.77,11.7768,16.6406,48.0058,149.6462,4.8638,10.0,False,NOMINAL,HEALTHY,-10.79,-40.85
IMA_LOT02_COMP1010,LOT_02,IMAGE_SENSOR,LCC-20,IMA-SIH-2026,IMAGE_SENSOR_DARK_CURRENT_TEST,T02_1010,PROC-ISRO-IISU-01,ATE-STATION-01,CHAMBER-01,1.0,60.0,3.3,168,dark_current_density,OPTICAL,nA/cm2,12.3421,18.402,57.0373,177.3678,6.0599,10.12,5,42.01,8.25,-0.0124,0.0096,62.5,61.17,12.3421,18.402,57.0373,177.3678,6.0599,10.0,False,NOMINAL,HEALTHY,-41.58,-11.56
IMA_LOT02_COMP1011,LOT_02,IMAGE_SENSOR,LCC-20,IMA-SIH-2026,IMAGE_SENSOR_DARK_CURRENT_TEST,T02_1011,PROC-ISRO-IISU-01,ATE-STATION-01,CHAMBER-01,1.0,60.0,3.3,168,dark_current_density,OPTICAL,nA/cm2,12.8144,18.4123,61.2073,200.8024,5.5979,13.2,3,42.18,9.6,0.018,0.1011,63.19,61.53,12.8144,18.4123,61.2073,200.8024,5.5979,10.0,False,NOMINAL,HEALTHY,-25.36,20.2
IMA_LOT02_COMP1012,LOT_02,IMAGE_SENSOR,LCC-20,IMA-SIH-2026,IMAGE_SENSOR_DARK_CURRENT_TEST,T02_1012,PROC-ISRO-IISU-01,ATE-STATION-01,CHAMBER-01,1.0,60.0,3.3,168,dark_current_density,OPTICAL,nA/cm2,12.9781,15.7836,30.7338,61.6889,2.8055,14.04,7,44.44,8.88,-0.0344,-0.1304,62.29,61.78,12.9781,15.7836,30.7338,61.6889,2.8055,10.0,False,NOMINAL,HEALTHY,22.38,49.19
IMA_LOT02_COMP1013,LOT_02,IMAGE_SENSOR,LCC-20,IMA-SIH-2026,IMAGE_SENSOR_DARK_CURRENT_TEST,T02_1013,PROC-ISRO-IISU-01,ATE-STATION-01,CHAMBER-01,1.0,60.0,3.3,168,dark_current_density,OPTICAL,nA/cm2,10.9256,17.1465,52.9676,170.7783,6.2209,10.57,8,43.83,8.99,-0.0075,-0.0917,61.69,61.56,10.9256,17.1465,52.9676,170.7783,6.2209,10.0,False,NOMINAL,HEALTHY,9.03,10.33
IMA_LOT02_COMP1014,LOT_02,IMAGE_SENSOR,LCC-20,IMA-SIH-2026,IMAGE_SENSOR_DARK_CURRENT_TEST,T02_1014,PROC-ISRO-IISU-01,ATE-STATION-01,CHAMBER-01,1.0,60.0,3.3,168,dark_current_density,OPTICAL,nA/cm2,12.7045,20.5575,71.7882,247.0147,7.853,10.68,3,40.67,5.63,0.0053,0.0604,59.41,62.55,12.7045,20.5575,71.7882,247.0147,7.853,10.0,False,NOMINAL,HEALTHY,-17.71,39.83
IMA_LOT02_COMP1015,LOT_02,IMAGE_SENSOR,LCC-20,IMA-SIH-2026,IMAGE_SENSOR_DARK_CURRENT_TEST,T02_1015,PROC-ISRO-IISU-01,ATE-STATION-01,CHAMBER-01,1.0,60.0,3.3,168,dark_current_density,OPTICAL,nA/cm2,11.4972,15.5201,36.8917,95.4638,4.0229,13.71,6,42.69,9.92,0.0096,0.0375,63.63,61.56,11.4972,15.5201,36.8917,95.4638,4.0229,10.0,False,NOMINAL,HEALTHY,31.03,-14.85
IMA_LOT02_COMP1016,LOT_02,IMAGE_SENSOR,LCC-20,IMA-SIH-2026,IMAGE_SENSOR_DARK_CURRENT_TEST,T02_1016,PROC-ISRO-IISU-01,ATE-STATION-01,CHAMBER-01,1.0,60.0,3.3,168,dark_current_density,OPTICAL,nA/cm2,12.9745,18.116,42.4193,99.9352,5.1415,7.55,3,45.72,6.91,-0.0092,-0.0179,63.19,62.01,12.9745,18.116,42.4193,99.9352,5.1415,10.0,False,NOMINAL,HEALTHY,43.59,37.72
IMA_LOT02_COMP1017,LOT_02,IMAGE_SENSOR,LCC-20,IMA-SIH-2026,IMAGE_SENSOR_DARK_CURRENT_TEST,T02_1017,PROC-ISRO-IISU-01,ATE-STATION-01,CHAMBER-01,1.0,60.0,3.3,168,dark_current_density,OPTICAL,nA/cm2,13.2626,18.7023,67.5252,230.6709,5.4397,8.37,5,41.02,7.06,0.0009,0.0077,62.13,61.67,13.2626,18.7023,67.5252,230.6709,5.4397,10.0,False,NOMINAL,HEALTHY,39.36,-41.43
IMA_LOT02_COMP1018,LOT_02,IMAGE_SENSOR,LCC-20,IMA-SIH-2026,IMAGE_SENSOR_DARK_CURRENT_TEST,T02_1018,PROC-ISRO-IISU-01,ATE-STATION-01,CHAMBER-01,1.0,60.0,3.3,168,dark_current_density,OPTICAL,nA/cm2,46.5572,64.9977,160.6444,389.7346,18.4405,6.59,0,41.99,6.12,0.0122,0.0031,61.23,61.84,46.5572,64.9977,160.6444,389.7346,18.4405,10.0,True,SPATIAL_OUTLIER,HEALTHY,-17.71,30.54
IMA_LOT02_COMP1019,LOT_02,IMAGE_SENSOR,LCC-20,IMA-SIH-2026,IMAGE_SENSOR_DARK_CURRENT_TEST,T02_1019,PROC-ISRO-IISU-01,ATE-STATION-01,CHAMBER-01,1.0,60.0,3.3,168,dark_current_density,OPTICAL,nA/cm2,12.7199,16.8401,34.1475,76.1859,4.1202,9.17,4,42.6,9.89,-0.0141,-0.013,61.33,62.51,12.7199,16.8401,34.1475,76.1859,4.1202,10.0,False,NOMINAL,HEALTHY,-18.49,-4.62
IMA_LOT02_COMP1020,LOT_02,IMAGE_SENSOR,LCC-20,IMA-SIH-2026,IMAGE_SENSOR_DARK_CURRENT_TEST,T02_1020,PROC-ISRO-IISU-01,ATE-STATION-01,CHAMBER-01,1.0,60.0,3.3,168,dark_current_density,OPTICAL,nA/cm2,13.4667,17.7237,43.6073,108.1654,4.257,15.7,1,42.36,8.93,0.0047,0.0719,61.12,61.09,13.4667,17.7237,43.6073,108.1654,4.257,10.0,False,NOMINAL,HEALTHY,-15.17,12.1
IMA_LOT02_COMP1021,LOT_02,IMAGE_SENSOR,LCC-20,IMA-SIH-2026,IMAGE_SENSOR_DARK_CURRENT_TEST,T02_1021,PROC-ISRO-IISU-01,ATE-STATION-01,CHAMBER-01,1.0,60.0,3.3,168,dark_current_density,OPTICAL,nA/cm2,13.4463,17.6502,45.2091,117.5153,4.2039,16.92,5,43.27,8.51,-0.0371,-0.0088,63.5,61.9,13.4463,17.6502,45.2091,117.5153,4.2039,10.0,False,NOMINAL,HEALTHY,19.68,-12.98
IMA_LOT02_COMP1022,LOT_02,IMAGE_SENSOR,LCC-20,IMA-SIH-2026,IMAGE_SENSOR_DARK_CURRENT_TEST,T02_1022,PROC-ISRO-IISU-01,ATE-STATION-01,CHAMBER-01,1.0,60.0,3.3,168,dark_current_density,OPTICAL,nA/cm2,12.6199,18.7689,49.9104,133.6673,6.149,11.8,5,42.0,7.51,-0.0111,-0.0492,59.67,61.86,12.6199,18.7689,49.9104,133.6673,6.149,10.0,False,NOMINAL,HEALTHY,3.0,22.26
IMA_LOT02_COMP1023,LOT_02,IMAGE_SENSOR,LCC-20,IMA-SIH-2026,IMAGE_SENSOR_DARK_CURRENT_TEST,T02_1023,PROC-ISRO-IISU-01,ATE-STATION-01,CHAMBER-01,1.0,60.0,3.3,168,dark_current_density,OPTICAL,nA/cm2,11.4222,16.1015,45.4506,128.5703,4.6793,16.03,8,43.22,9.11,0.0074,0.0656,62.64,62.71,11.4222,16.1015,45.4506,128.5703,4.6793,10.0,False,NOMINAL,HEALTHY,-47.24,-44.1
IMA_LOT02_COMP1024,LOT_02,IMAGE_SENSOR,LCC-20,IMA-SIH-2026,IMAGE_SENSOR_DARK_CURRENT_TEST,T02_1024,PROC-ISRO-IISU-01,ATE-STATION-01,CHAMBER-01,1.0,60.0,3.3,168,dark_current_density,OPTICAL,nA/cm2,12.108,17.1514,44.8941,128.8407,5.0434,15.67,10,38.78,11.46,0.0228,-0.0202,63.9,62.79,12.108,17.1514,44.8941,128.8407,5.0434,10.0,False,NOMINAL,HEALTHY,-20.99,-4.03
IMA_LOT02_COMP1025,LOT_02,IMAGE_SENSOR,LCC-20,IMA-SIH-2026,IMAGE_SENSOR_DARK_CURRENT_TEST,T02_1025,PROC-ISRO-IISU-01,ATE-STATION-01,CHAMBER-01,1.0,60.0,3.3,168,dark_current_density,OPTICAL,nA/cm2,12.8179,18.9439,66.9873,226.1353,6.126,11.1,2,42.24,8.21,0.0516,0.0528,62.12,61.68,12.8179,18.9439,66.9873,226.1353,6.126,10.0,False,NOMINAL,HEALTHY,-4.57,-8.49
IMA_LOT02_COMP1026,LOT_02,IMAGE_SENSOR,LCC-20,IMA-SIH-2026,IMAGE_SENSOR_DARK_CURRENT_TEST,T02_1026,PROC-ISRO-IISU-01,ATE-STATION-01,CHAMBER-01,1.0,60.0,3.3,168,dark_current_density,OPTICAL,nA/cm2,12.7099,17.0399,45.3198,123.4862,4.33,12.01,4,41.11,8.02,-0.0072,0.0196,59.9,62.71,12.7099,17.0399,45.3198,123.4862,4.33,10.0,False,NOMINAL,HEALTHY,-3.4,-15.81
IMA_LOT02_COMP1027,LOT_02,IMAGE_SENSOR,LCC-20,IMA-SIH-2026,IMAGE_SENSOR_DARK_CURRENT_TEST,T02_1027,PROC-ISRO-IISU-01,ATE-STATION-01,CHAMBER-01,1.0,60.0,3.3,168,dark_current_density,OPTICAL,nA/cm2,12.5184,17.2161,46.804,128.4859,4.6977,9.03,11,42.77,7.69,-0.0075,0.0274,60.3,62.17,12.5184,17.2161,46.804,128.4859,4.6977,10.0,False,NOMINAL,HEALTHY,-40.64,26.1
IMA_LOT02_COMP1028,LOT_02,IMAGE_SENSOR,LCC-20,IMA-SIH-2026,IMAGE_SENSOR_DARK_CURRENT_TEST,T02_1028,PROC-ISRO-IISU-01,ATE-STATION-01,CHAMBER-01,1.0,60.0,3.3,168,dark_current_density,OPTICAL,nA/cm2,13.0129,16.5151,38.5639,83.718,3.5022,11.73,7,42.85,8.28,-0.0076,-0.0652,61.12,61.13,13.0129,16.5151,38.5639,83.718,3.5022,10.0,True,DIELECTRIC_OSCILLATION,HEALTHY,11.64,-6.99
IMA_LOT02_COMP1029,LOT_02,IMAGE_SENSOR,LCC-20,IMA-SIH-2026,IMAGE_SENSOR_DARK_CURRENT_TEST,T02_1029,PROC-ISRO-IISU-01,ATE-STATION-01,CHAMBER-01,1.0,60.0,3.3,168,dark_current_density,OPTICAL,nA/cm2,13.4397,18.1759,40.5147,87.5724,4.7362,9.37,5,42.22,9.58,-0.0067,0.0238,64.3,61.96,13.4397,18.1759,40.5147,87.5724,4.7362,10.0,False,NOMINAL,HEALTHY,29.32,21.61
IMA_LOT02_COMP1030,LOT_02,IMAGE_SENSOR,LCC-20,IMA-SIH-2026,IMAGE_SENSOR_DARK_CURRENT_TEST,T02_1030,PROC-ISRO-IISU-01,ATE-STATION-01,CHAMBER-01,1.0,60.0,3.3,168,dark_current_density,OPTICAL,nA/cm2,13.0419,18.9293,51.3586,150.1927,5.8874,16.03,8,43.08,8.01,0.0135,-0.0464,61.32,62.39,13.0419,18.9293,51.3586,150.1927,5.8874,10.0,False,NOMINAL,HEALTHY,-28.86,35.68
IMA_LOT02_COMP1031,LOT_02,IMAGE_SENSOR,LCC-20,IMA-SIH-2026,IMAGE_SENSOR_DARK_CURRENT_TEST,T02_1031,PROC-ISRO-IISU-01,ATE-STATION-01,CHAMBER-01,1.0,60.0,3.3,168,dark_current_density,OPTICAL,nA/cm2,13.2709,18.0564,47.9926,129.2918,4.7855,17.55,5,41.71,3.87,0.0462,0.0522,61.67,62.45,13.2709,18.0564,47.9926,129.2918,4.7855,10.0,False,NOMINAL,HEALTHY,-3.02,-20.99
IMA_LOT02_COMP1032,LOT_02,IMAGE_SENSOR,LCC-20,IMA-SIH-2026,IMAGE_SENSOR_DARK_CURRENT_TEST,T02_1032,PROC-ISRO-IISU-01,ATE-STATION-01,CHAMBER-01,1.0,60.0,3.3,168,dark_current_density,OPTICAL,nA/cm2,12.5864,19.4871,66.1973,237.7051,6.9007,14.28,3,37.34,9.56,-0.0122,-0.0052,62.32,61.93,12.5864,19.4871,66.1973,237.7051,6.9007,10.0,False,NOMINAL,HEALTHY,-28.61,11.44
IMA_LOT02_COMP1033,LOT_02,IMAGE_SENSOR,LCC-20,IMA-SIH-2026,IMAGE_SENSOR_DARK_CURRENT_TEST,T02_1033,PROC-ISRO-IISU-01,ATE-STATION-01,CHAMBER-01,1.0,60.0,3.3,168,dark_current_density,OPTICAL,nA/cm2,12.0771,15.3815,29.987,56.6364,3.3044,5.84,5,38.15,8.02,-0.006,0.104,62.19,62.81,12.0771,15.3815,29.987,56.6364,3.3044,10.0,False,NOMINAL,HEALTHY,-46.17,17.99
IMA_LOT02_COMP1034,LOT_02,IMAGE_SENSOR,LCC-20,IMA-SIH-2026,IMAGE_SENSOR_DARK_CURRENT_TEST,T02_1034,PROC-ISRO-IISU-01,ATE-STATION-01,CHAMBER-01,1.0,60.0,3.3,168,dark_current_density,OPTICAL,nA/cm2,13.0017,17.569,41.18,104.1075,4.5673,11.96,7,42.0,10.5,0.0021,0.0384,64.86,61.66,13.0017,17.569,41.18,104.1075,4.5673,10.0,False,NOMINAL,HEALTHY,10.84,-31.66
IMA_LOT02_COMP1035,LOT_02,IMAGE_SENSOR,LCC-20,IMA-SIH-2026,IMAGE_SENSOR_DARK_CURRENT_TEST,T02_1035,PROC-ISRO-IISU-01,ATE-STATION-01,CHAMBER-01,1.0,60.0,3.3,168,dark_current_density,OPTICAL,nA/cm2,12.3793,17.7897,51.9297,146.0959,5.4104,6.66,3,39.06,7.18,-0.0297,-0.0607,61.39,61.62,12.3793,17.7897,51.9297,146.0959,5.4104,10.0,False,NOMINAL,HEALTHY,-29.07,-11.97
IMA_LOT02_COMP1036,LOT_02,IMAGE_SENSOR,LCC-20,IMA-SIH-2026,IMAGE_SENSOR_DARK_CURRENT_TEST,T02_1036,PROC-ISRO-IISU-01,ATE-STATION-01,CHAMBER-01,1.0,60.0,3.3,168,dark_current_density,OPTICAL,nA/cm2,13.0693,20.1763,65.2201,221.4697,7.107,9.35,4,43.52,6.81,-0.0031,0.0022,62.62,62.2,13.0693,20.1763,65.2201,221.4697,7.107,10.0,False,NOMINAL,HEALTHY,-9.38,14.54
IMA_LOT02_COMP1037,LOT_02,IMAGE_SENSOR,LCC-20,IMA-SIH-2026,IMAGE_SENSOR_DARK_CURRENT_TEST,T02_1037,PROC-ISRO-IISU-01,ATE-STATION-01,CHAMBER-01,1.0,60.0,3.3,168,dark_current_density,OPTICAL,nA/cm2,13.1339,16.618,38.0715,87.138,3.4841,7.98,4,42.51,8.63,0.0237,0.0069,61.14,61.72,13.1339,16.618,38.0715,87.138,3.4841,10.0,False,NOMINAL,HEALTHY,23.18,-5.17
IMA_LOT02_COMP1038,LOT_02,IMAGE_SENSOR,LCC-20,IMA-SIH-2026,IMAGE_SENSOR_DARK_CURRENT_TEST,T02_1038,PROC-ISRO-IISU-01,ATE-STATION-01,CHAMBER-01,1.0,60.0,3.3,168,dark_current_density,OPTICAL,nA/cm2,12.396,18.2134,54.2262,153.6486,5.8174,12.64,7,40.98,9.88,0.0378,-0.0458,63.67,62.04,12.396,18.2134,54.2262,153.6486,5.8174,10.0,False,NOMINAL,HEALTHY,-28.17,41.0
IMA_LOT02_COMP1039,LOT_02,IMAGE_SENSOR,LCC-20,IMA-SIH-2026,IMAGE_SENSOR_DARK_CURRENT_TEST,T02_1039,PROC-ISRO-IISU-01,ATE-STATION-01,CHAMBER-01,1.0,60.0,3.3,168,dark_current_density,OPTICAL,nA/cm2,12.641,17.2281,37.4249,88.8244,4.5871,13.35,6,42.91,7.47,-0.0241,-0.0874,62.67,62.53,12.641,17.2281,37.4249,88.8244,4.5871,10.0,False,NOMINAL,HEALTHY,11.61,15.49
IMA_LOT02_COMP1040,LOT_02,IMAGE_SENSOR,LCC-20,IMA-SIH-2026,IMAGE_SENSOR_DARK_CURRENT_TEST,T02_1040,PROC-ISRO-IISU-01,ATE-STATION-01,CHAMBER-01,1.0,60.0,3.3,168,dark_current_density,OPTICAL,nA/cm2,12.8285,16.697,115.6137,844.2657,3.8685,11.03,6,43.7,4.85,0.0126,-0.0082,64.86,62.4,12.8285,16.697,115.6137,844.2657,3.8685,10.0,True,THERMAL_RUNAWAY,HEALTHY,20.82,-40.1
IMA_LOT02_COMP1041,LOT_02,IMAGE_SENSOR,LCC-20,IMA-SIH-2026,IMAGE_SENSOR_DARK_CURRENT_TEST,T02_1041,PROC-ISRO-IISU-01,ATE-STATION-01,CHAMBER-01,1.0,60.0,3.3,168,dark_current_density,OPTICAL,nA/cm2,13.1076,16.2617,30.5663,61.7358,3.1541,14.41,3,44.22,6.25,-0.0353,-0.1108,60.66,62.11,13.1076,16.2617,30.5663,61.7358,3.1541,10.0,False,NOMINAL,HEALTHY,28.29,49.81
IMA_LOT02_COMP1042,LOT_02,IMAGE_SENSOR,LCC-20,IMA-SIH-2026,IMAGE_SENSOR_DARK_CURRENT_TEST,T02_1042,PROC-ISRO-IISU-01,ATE-STATION-01,CHAMBER-01,1.0,60.0,3.3,168,dark_current_density,OPTICAL,nA/cm2,12.3945,15.9122,36.0014,84.5562,3.5177,11.78,3,41.27,9.06,-0.0158,-0.0344,63.52,61.33,12.3945,15.9122,36.0014,84.5562,3.5177,10.0,False,NOMINAL,HEALTHY,35.02,32.12
IMA_LOT02_COMP1043,LOT_02,IMAGE_SENSOR,LCC-20,IMA-SIH-2026,IMAGE_SENSOR_DARK_CURRENT_TEST,T02_1043,PROC-ISRO-IISU-01,ATE-STATION-01,CHAMBER-01,1.0,60.0,3.3,168,dark_current_density,OPTICAL,nA/cm2,13.5993,16.9607,36.0221,73.0589,3.3614,12.48,5,43.34,7.86,-0.0334,-0.1445,63.8,62.28,13.5993,16.9607,36.0221,73.0589,3.3614,10.0,False,NOMINAL,HEALTHY,-12.33,40.73
IMA_LOT02_COMP1044,LOT_02,IMAGE_SENSOR,LCC-20,IMA-SIH-2026,IMAGE_SENSOR_DARK_CURRENT_TEST,T02_1044,PROC-ISRO-IISU-01,ATE-STATION-01,CHAMBER-01,1.0,60.0,3.3,168,dark_current_density,OPTICAL,nA/cm2,13.9621,17.7733,41.5661,104.6376,3.8112,17.29,10,42.39,6.13,-0.0212,-0.0122,62.15,61.45,13.9621,17.7733,41.5661,104.6376,3.8112,10.0,False,NOMINAL,HEALTHY,-9.33,38.82
IMA_LOT02_COMP1045,LOT_02,IMAGE_SENSOR,LCC-20,IMA-SIH-2026,IMAGE_SENSOR_DARK_CURRENT_TEST,T02_1045,PROC-ISRO-IISU-01,ATE-STATION-01,CHAMBER-01,1.0,60.0,3.3,168,dark_current_density,OPTICAL,nA/cm2,12.7534,17.2786,44.5116,116.806,4.5252,12.66,8,39.22,8.64,0.0262,-0.025,62.94,62.63,12.7534,17.2786,44.5116,116.806,4.5252,10.0,False,NOMINAL,HEALTHY,25.16,39.55
IMA_LOT02_COMP1046,LOT_02,IMAGE_SENSOR,LCC-20,IMA-SIH-2026,IMAGE_SENSOR_DARK_CURRENT_TEST,T02_1046,PROC-ISRO-IISU-01,ATE-STATION-01,CHAMBER-01,1.0,60.0,3.3,168,dark_current_density,OPTICAL,nA/cm2,12.7945,18.238,52.3224,153.8477,5.4435,11.49,4,40.32,8.95,-0.0193,0.073,59.86,62.12,12.7945,18.238,52.3224,153.8477,5.4435,10.0,False,NOMINAL,HEALTHY,45.01,39.1
IMA_LOT02_COMP1047,LOT_02,IMAGE_SENSOR,LCC-20,IMA-SIH-2026,IMAGE_SENSOR_DARK_CURRENT_TEST,T02_1047,PROC-ISRO-IISU-01,ATE-STATION-01,CHAMBER-01,1.0,60.0,3.3,168,dark_current_density,OPTICAL,nA/cm2,11.9716,18.5219,59.9742,201.3894,6.5503,10.37,10,43.42,9.5,-0.0196,-0.0822,62.92,61.46,11.9716,18.5219,59.9742,201.3894,6.5503,10.0,False,NOMINAL,HEALTHY,18.3,-25.95
IMA_LOT02_COMP1048,LOT_02,IMAGE_SENSOR,LCC-20,IMA-SIH-2026,IMAGE_SENSOR_DARK_CURRENT_TEST,T02_1048,PROC-ISRO-IISU-01,ATE-STATION-01,CHAMBER-01,1.0,60.0,3.3,168,dark_current_density,OPTICAL,nA/cm2,12.9274,17.7556,41.8037,103.232,4.8282,17.06,4,40.81,6.1,-0.0052,0.0373,61.5,61.35,12.9274,17.7556,41.8037,103.232,4.8282,10.0,False,NOMINAL,HEALTHY,-35.88,-45.11
IMA_LOT02_COMP1049,LOT_02,IMAGE_SENSOR,LCC-20,IMA-SIH-2026,IMAGE_SENSOR_DARK_CURRENT_TEST,T02_1049,PROC-ISRO-IISU-01,ATE-STATION-01,CHAMBER-01,1.0,60.0,3.3,168,dark_current_density,OPTICAL,nA/cm2,13.014,17.8728,49.622,133.6221,4.8588,4.65,6,42.05,8.6,-0.026,0.0118,59.98,62.27,13.014,17.8728,49.622,133.6221,4.8588,10.0,False,NOMINAL,HEALTHY,-25.73,49.62
IMA_LOT02_COMP1050,LOT_02,IMAGE_SENSOR,LCC-20,IMA-SIH-2026,IMAGE_SENSOR_DARK_CURRENT_TEST,T02_1050,PROC-ISRO-IISU-01,ATE-STATION-01,CHAMBER-01,1.0,60.0,3.3,168,dark_current_density,OPTICAL,nA/cm2,12.5392,17.3273,47.0078,131.8446,4.7881,13.87,9,40.62,7.91,0.0359,0.0117,62.33,62.1,12.5392,17.3273,47.0078,131.8446,4.7881,10.0,False,NOMINAL,HEALTHY,-6.26,-41.98
IMA_LOT02_COMP1051,LOT_02,IMAGE_SENSOR,LCC-20,IMA-SIH-2026,IMAGE_SENSOR_DARK_CURRENT_TEST,T02_1051,PROC-ISRO-IISU-01,ATE-STATION-01,CHAMBER-01,1.0,60.0,3.3,168,dark_current_density,OPTICAL,nA/cm2,12.5911,19.3851,69.7808,240.3525,6.794,10.82,3,44.75,7.85,0.0053,0.0581,61.11,63.4,12.5911,19.3851,69.7808,240.3525,6.794,10.0,False,NOMINAL,HEALTHY,-46.86,3.1
IMA_LOT02_COMP1052,LOT_02,IMAGE_SENSOR,LCC-20,IMA-SIH-2026,IMAGE_SENSOR_DARK_CURRENT_TEST,T02_1052,PROC-ISRO-IISU-01,ATE-STATION-01,CHAMBER-01,1.0,60.0,3.3,168,dark_current_density,OPTICAL,nA/cm2,13.4726,16.9117,35.6076,76.3118,3.4391,11.58,7,40.15,6.25,0.0011,0.0127,61.2,61.15,13.4726,16.9117,35.6076,76.3118,3.4391,10.0,False,NOMINAL,HEALTHY,26.81,-4.15
IMA_LOT02_COMP1053,LOT_02,IMAGE_SENSOR,LCC-20,IMA-SIH-2026,IMAGE_SENSOR_DARK_CURRENT_TEST,T02_1053,PROC-ISRO-IISU-01,ATE-STATION-01,CHAMBER-01,1.0,60.0,3.3,168,dark_current_density,OPTICAL,nA/cm2,12.0984,17.0458,46.0692,129.7863,4.9474,9.7,12,42.78,6.41,-0.0257,-0.014,59.94,61.47,12.0984,17.0458,46.0692,129.7863,4.9474,10.0,False,NOMINAL,HEALTHY,35.05,-35.39
IMA_LOT02_COMP1054,LOT_02,IMAGE_SENSOR,LCC-20,IMA-SIH-2026,IMAGE_SENSOR_DARK_CURRENT_TEST,T02_1054,PROC-ISRO-IISU-01,ATE-STATION-01,CHAMBER-01,1.0,60.0,3.3,168,dark_current_density,OPTICAL,nA/cm2,12.4058,19.2975,62.7457,205.2812,6.8917,15.05,3,40.88,9.07,0.0147,0.0225,66.22,62.54,12.4058,19.2975,62.7457,205.2812,6.8917,10.0,False,NOMINAL,HEALTHY,27.46,40.71
IMA_LOT02_COMP1055,LOT_02,IMAGE_SENSOR,LCC-20,IMA-SIH-2026,IMAGE_SENSOR_DARK_CURRENT_TEST,T02_1055,PROC-ISRO-IISU-01,ATE-STATION-01,CHAMBER-01,1.0,60.0,3.3,168,dark_current_density,OPTICAL,nA/cm2,12.2009,17.0976,48.1881,133.0769,4.8967,11.83,5,40.0,4.81,0.006,-0.0717,63.57,62.26,12.2009,17.0976,48.1881,133.0769,4.8967,10.0,False,NOMINAL,HEALTHY,-25.04,-33.03
IMA_LOT02_COMP1056,LOT_02,IMAGE_SENSOR,LCC-20,IMA-SIH-2026,IMAGE_SENSOR_DARK_CURRENT_TEST,T02_1056,PROC-ISRO-IISU-01,ATE-STATION-01,CHAMBER-01,1.0,60.0,3.3,168,dark_current_density,OPTICAL,nA/cm2,12.0333,17.5544,52.0561,152.8535,5.5211,13.34,5,41.0,8.19,0.0179,0.086,60.04,62.5,12.0333,17.5544,52.0561,152.8535,5.5211,10.0,False,NOMINAL,HEALTHY,-31.62,-17.76
IMA_LOT02_COMP1057,LOT_02,IMAGE_SENSOR,LCC-20,IMA-SIH-2026,IMAGE_SENSOR_DARK_CURRENT_TEST,T02_1057,PROC-ISRO-IISU-01,ATE-STATION-01,CHAMBER-01,1.0,60.0,3.3,168,dark_current_density,OPTICAL,nA/cm2,12.1859,16.1071,42.203,103.2606,3.9212,15.92,3,41.31,5.05,-0.0192,0.045,61.65,60.43,12.1859,16.1071,42.203,103.2606,3.9212,10.0,False,NOMINAL,HEALTHY,13.83,22.84
IMA_LOT02_COMP1058,LOT_02,IMAGE_SENSOR,LCC-20,IMA-SIH-2026,IMAGE_SENSOR_DARK_CURRENT_TEST,T02_1058,PROC-ISRO-IISU-01,ATE-STATION-01,CHAMBER-01,1.0,60.0,3.3,168,dark_current_density,OPTICAL,nA/cm2,12.6634,17.6253,44.9679,126.4074,4.9619,13.65,8,43.09,9.59,0.0099,0.0056,59.12,62.67,12.6634,17.6253,44.9679,126.4074,4.9619,10.0,False,NOMINAL,HEALTHY,-49.23,22.27
IMA_LOT02_COMP1059,LOT_02,IMAGE_SENSOR,LCC-20,IMA-SIH-2026,IMAGE_SENSOR_DARK_CURRENT_TEST,T02_1059,PROC-ISRO-IISU-01,ATE-STATION-01,CHAMBER-01,1.0,60.0,3.3,168,dark_current_density,OPTICAL,nA/cm2,13.3556,16.7689,34.2954,68.202,3.4133,14.72,6,42.24,8.62,-0.0053,0.0054,61.37,62.12,13.3556,16.7689,34.2954,68.202,3.4133,10.0,False,NOMINAL,HEALTHY,46.4,-8.71
IMA_LOT02_COMP1060,LOT_02,IMAGE_SENSOR,LCC-20,IMA-SIH-2026,IMAGE_SENSOR_DARK_CURRENT_TEST,T02_1060,PROC-ISRO-IISU-01,ATE-STATION-01,CHAMBER-01,1.0,60.0,3.3,168,dark_current_density,OPTICAL,nA/cm2,13.0508,16.3515,35.7588,73.2383,3.3007,12.51,5,42.34,8.76,0.0058,0.0068,60.18,61.57,13.0508,16.3515,35.7588,73.2383,3.3007,10.0,False,NOMINAL,HEALTHY,47.09,-45.82
IMA_LOT02_COMP1061,LOT_02,IMAGE_SENSOR,LCC-20,IMA-SIH-2026,IMAGE_SENSOR_DARK_CURRENT_TEST,T02_1061,PROC-ISRO-IISU-01,ATE-STATION-01,CHAMBER-01,1.0,60.0,3.3,168,dark_current_density,OPTICAL,nA/cm2,12.2651,15.172,29.3883,57.7193,2.9069,4.52,2,42.56,8.4,0.0037,0.0439,62.24,61.38,12.2651,15.172,29.3883,57.7193,2.9069,10.0,False,NOMINAL,HEALTHY,37.2,2.41
IMA_LOT02_COMP1062,LOT_02,IMAGE_SENSOR,LCC-20,IMA-SIH-2026,IMAGE_SENSOR_DARK_CURRENT_TEST,T02_1062,PROC-ISRO-IISU-01,ATE-STATION-01,CHAMBER-01,1.0,60.0,3.3,168,dark_current_density,OPTICAL,nA/cm2,13.3084,15.997,31.832,58.3523,2.6886,6.36,4,44.27,7.53,-0.0087,-0.036,62.9,62.21,13.3084,15.997,31.832,58.3523,2.6886,10.0,True,DIELECTRIC_OSCILLATION,HEALTHY,3.88,-32.7
IMA_LOT02_COMP1063,LOT_02,IMAGE_SENSOR,LCC-20,IMA-SIH-2026,IMAGE_SENSOR_DARK_CURRENT_TEST,T02_1063,PROC-ISRO-IISU-01,ATE-STATION-01,CHAMBER-01,1.0,60.0,3.3,168,dark_current_density,OPTICAL,nA/cm2,13.0782,17.4411,42.7232,114.4079,4.3629,8.27,5,43.05,6.41,0.0149,0.0207,62.55,61.58,13.0782,17.4411,42.7232,114.4079,4.3629,10.0,False,NOMINAL,HEALTHY,4.24,-17.96
IMA_LOT02_COMP1064,LOT_02,IMAGE_SENSOR,LCC-20,IMA-SIH-2026,IMAGE_SENSOR_DARK_CURRENT_TEST,T02_1064,PROC-ISRO-IISU-01,ATE-STATION-01,CHAMBER-01,1.0,60.0,3.3,168,dark_current_density,OPTICAL,nA/cm2,13.0002,19.0349,61.9808,203.159,6.0347,9.75,2,40.9,6.85,0.0214,0.0979,62.95,61.82,13.0002,19.0349,61.9808,203.159,6.0347,10.0,False,NOMINAL,HEALTHY,-41.58,6.15
IMA_LOT02_COMP1065,LOT_02,IMAGE_SENSOR,LCC-20,IMA-SIH-2026,IMAGE_SENSOR_DARK_CURRENT_TEST,T02_1065,PROC-ISRO-IISU-01,ATE-STATION-01,CHAMBER-01,1.0,60.0,3.3,168,dark_current_density,OPTICAL,nA/cm2,12.3035,16.5086,38.6549,96.7983,4.2051,12.42,10,40.38,8.71,-0.0114,-0.0584,62.14,61.05,12.3035,16.5086,38.6549,96.7983,4.2051,10.0,False,NOMINAL,HEALTHY,-38.87,0.34
IMA_LOT02_COMP1066,LOT_02,IMAGE_SENSOR,LCC-20,IMA-SIH-2026,IMAGE_SENSOR_DARK_CURRENT_TEST,T02_1066,PROC-ISRO-IISU-01,ATE-STATION-01,CHAMBER-01,1.0,60.0,3.3,168,dark_current_density,OPTICAL,nA/cm2,13.3463,20.5312,62.7433,207.7446,7.1849,5.73,6,40.41,9.81,0.0074,-0.0437,62.13,62.69,13.3463,20.5312,62.7433,207.7446,7.1849,10.0,False,NOMINAL,HEALTHY,40.85,29.57
IMA_LOT02_COMP1067,LOT_02,IMAGE_SENSOR,LCC-20,IMA-SIH-2026,IMAGE_SENSOR_DARK_CURRENT_TEST,T02_1067,PROC-ISRO-IISU-01,ATE-STATION-01,CHAMBER-01,1.0,60.0,3.3,168,dark_current_density,OPTICAL,nA/cm2,12.9152,17.7444,48.2018,133.0154,4.8292,11.55,2,41.65,7.46,0.0285,0.0039,63.9,62.02,12.9152,17.7444,48.2018,133.0154,4.8292,10.0,False,NOMINAL,HEALTHY,-28.84,4.59
IMA_LOT02_COMP1068,LOT_02,IMAGE_SENSOR,LCC-20,IMA-SIH-2026,IMAGE_SENSOR_DARK_CURRENT_TEST,T02_1068,PROC-ISRO-IISU-01,ATE-STATION-01,CHAMBER-01,1.0,60.0,3.3,168,dark_current_density,OPTICAL,nA/cm2,13.1714,19.9873,68.6483,228.9422,6.8159,21.52,6,39.24,7.25,0.0201,0.0866,61.08,60.83,13.1714,19.9873,68.6483,228.9422,6.8159,10.0,False,NOMINAL,HEALTHY,31.64,9.86
IMA_LOT02_COMP1069,LOT_02,IMAGE_SENSOR,LCC-20,IMA-SIH-2026,IMAGE_SENSOR_DARK_CURRENT_TEST,T02_1069,PROC-ISRO-IISU-01,ATE-STATION-01,CHAMBER-01,1.0,60.0,3.3,168,dark_current_density,OPTICAL,nA/cm2,12.8928,17.4401,38.4297,87.4002,4.5473,12.93,3,44.97,8.94,0.009,-0.0485,61.53,62.39,12.8928,17.4401,38.4297,87.4002,4.5473,10.0,False,NOMINAL,HEALTHY,35.91,28.7
IMA_LOT02_COMP1070,LOT_02,IMAGE_SENSOR,LCC-20,IMA-SIH-2026,IMAGE_SENSOR_DARK_CURRENT_TEST,T02_1070,PROC-ISRO-IISU-01,ATE-STATION-01,CHAMBER-01,1.0,60.0,3.3,168,dark_current_density,OPTICAL,nA/cm2,13.3376,16.8928,41.4121,95.1908,3.5552,12.77,1,38.29,8.62,-0.0264,0.012,62.31,60.84,13.3376,16.8928,41.4121,95.1908,3.5552,10.0,False,NOMINAL,HEALTHY,-5.0,13.4
IMA_LOT02_COMP1071,LOT_02,IMAGE_SENSOR,LCC-20,IMA-SIH-2026,IMAGE_SENSOR_DARK_CURRENT_TEST,T02_1071,PROC-ISRO-IISU-01,ATE-STATION-01,CHAMBER-01,1.0,60.0,3.3,168,dark_current_density,OPTICAL,nA/cm2,12.9456,18.3492,55.1205,155.5587,5.4036,14.82,7,43.23,9.97,0.032,-0.0237,61.4,62.19,12.9456,18.3492,55.1205,155.5587,5.4036,10.0,False,NOMINAL,HEALTHY,23.0,-10.12
IMA_LOT02_COMP1072,LOT_02,IMAGE_SENSOR,LCC-20,IMA-SIH-2026,IMAGE_SENSOR_DARK_CURRENT_TEST,T02_1072,PROC-ISRO-IISU-01,ATE-STATION-01,CHAMBER-01,1.0,60.0,3.3,168,dark_current_density,OPTICAL,nA/cm2,12.6182,15.965,31.2066,60.0637,3.3468,13.66,5,43.24,7.6,-0.0123,-0.0055,61.16,61.95,12.6182,15.965,31.2066,60.0637,3.3468,10.0,False,NOMINAL,HEALTHY,-10.05,-39.53
IMA_LOT02_COMP1073,LOT_02,IMAGE_SENSOR,LCC-20,IMA-SIH-2026,IMAGE_SENSOR_DARK_CURRENT_TEST,T02_1073,PROC-ISRO-IISU-01,ATE-STATION-01,CHAMBER-01,1.0,60.0,3.3,168,dark_current_density,OPTICAL,nA/cm2,11.9503,16.9972,63.8066,215.0298,5.0469,7.32,5,42.44,7.33,0.0105,0.083,62.72,62.63,11.9503,16.9972,63.8066,215.0298,5.0469,10.0,False,NOMINAL,HEALTHY,-2.6,27.31
IMA_LOT02_COMP1074,LOT_02,IMAGE_SENSOR,LCC-20,IMA-SIH-2026,IMAGE_SENSOR_DARK_CURRENT_TEST,T02_1074,PROC-ISRO-IISU-01,ATE-STATION-01,CHAMBER-01,1.0,60.0,3.3,168,dark_current_density,OPTICAL,nA/cm2,12.1175,17.9239,55.7822,178.432,5.8064,10.85,7,41.55,8.93,-0.0235,-0.051,62.44,61.79,12.1175,17.9239,55.7822,178.432,5.8064,10.0,False,NOMINAL,HEALTHY,45.99,-18.82
IMA_LOT02_COMP1075,LOT_02,IMAGE_SENSOR,LCC-20,IMA-SIH-2026,IMAGE_SENSOR_DARK_CURRENT_TEST,T02_1075,PROC-ISRO-IISU-01,ATE-STATION-01,CHAMBER-01,1.0,60.0,3.3,168,dark_current_density,OPTICAL,nA/cm2,12.3187,15.6602,33.4202,69.5207,3.3415,9.52,8,43.74,6.34,-0.0175,0.0587,60.73,61.92,12.3187,15.6602,33.4202,69.5207,3.3415,10.0,False,NOMINAL,HEALTHY,10.25,-18.72
IMA_LOT02_COMP1076,LOT_02,IMAGE_SENSOR,LCC-20,IMA-SIH-2026,IMAGE_SENSOR_DARK_CURRENT_TEST,T02_1076,PROC-ISRO-IISU-01,ATE-STATION-01,CHAMBER-01,1.0,60.0,3.3,168,dark_current_density,OPTICAL,nA/cm2,12.4313,17.3927,46.7536,120.1083,4.9614,13.34,4,43.67,8.95,-0.0299,0.0118,60.22,62.17,12.4313,17.3927,46.7536,120.1083,4.9614,10.0,False,NOMINAL,HEALTHY,-25.22,2.33
IMA_LOT02_COMP1077,LOT_02,IMAGE_SENSOR,LCC-20,IMA-SIH-2026,IMAGE_SENSOR_DARK_CURRENT_TEST,T02_1077,PROC-ISRO-IISU-01,ATE-STATION-01,CHAMBER-01,1.0,60.0,3.3,168,dark_current_density,OPTICAL,nA/cm2,13.1668,17.4975,40.9929,102.587,4.3307,8.63,9,40.56,7.99,0.0185,0.0204,62.41,61.39,13.1668,17.4975,40.9929,102.587,4.3307,10.0,False,NOMINAL,HEALTHY,-10.49,5.22
IMA_LOT02_COMP1078,LOT_02,IMAGE_SENSOR,LCC-20,IMA-SIH-2026,IMAGE_SENSOR_DARK_CURRENT_TEST,T02_1078,PROC-ISRO-IISU-01,ATE-STATION-01,CHAMBER-01,1.0,60.0,3.3,168,dark_current_density,OPTICAL,nA/cm2,12.4387,17.9682,72.7513,380.5589,5.5295,12.43,1,38.77,7.62,-0.0201,0.0945,60.72,61.53,12.4387,17.9682,72.7513,380.5589,5.5295,10.0,True,DARK_CURRENT_SPIKE_GROWTH,HEALTHY,-36.09,-15.93
IMA_LOT02_COMP1079,LOT_02,IMAGE_SENSOR,LCC-20,IMA-SIH-2026,IMAGE_SENSOR_DARK_CURRENT_TEST,T02_1079,PROC-ISRO-IISU-01,ATE-STATION-01,CHAMBER-01,1.0,60.0,3.3,168,dark_current_density,OPTICAL,nA/cm2,13.0422,16.2188,35.6293,71.1135,3.1766,11.43,3,43.23,8.41,0.002,0.0409,62.59,62.47,13.0422,16.2188,35.6293,71.1135,3.1766,10.0,False,NOMINAL,HEALTHY,-0.83,-25.58
IMA_LOT02_COMP1080,LOT_02,IMAGE_SENSOR,LCC-20,IMA-SIH-2026,IMAGE_SENSOR_DARK_CURRENT_TEST,T02_1080,PROC-ISRO-IISU-01,ATE-STATION-01,CHAMBER-01,1.0,60.0,3.3,168,dark_current_density,OPTICAL,nA/cm2,13.3521,18.4946,52.3495,152.5365,5.1425,7.75,2,37.37,6.77,0.0124,0.0127,61.61,61.8,13.3521,18.4946,52.3495,152.5365,5.1425,10.0,False,NOMINAL,HEALTHY,-37.74,-12.51
IMA_LOT02_COMP1081,LOT_02,IMAGE_SENSOR,LCC-20,IMA-SIH-2026,IMAGE_SENSOR_DARK_CURRENT_TEST,T02_1081,PROC-ISRO-IISU-01,ATE-STATION-01,CHAMBER-01,1.0,60.0,3.3,168,dark_current_density,OPTICAL,nA/cm2,12.8487,17.8515,79.3088,412.2286,5.0028,11.91,5,42.39,9.57,-0.0114,-0.0961,61.02,61.75,12.8487,17.8515,79.3088,412.2286,5.0028,10.0,True,DARK_CURRENT_SPIKE_GROWTH,HEALTHY,17.24,4.08
IMA_LOT02_COMP1082,LOT_02,IMAGE_SENSOR,LCC-20,IMA-SIH-2026,IMAGE_SENSOR_DARK_CURRENT_TEST,T02_1082,PROC-ISRO-IISU-01,ATE-STATION-01,CHAMBER-01,1.0,60.0,3.3,168,dark_current_density,OPTICAL,nA/cm2,12.7788,19.4642,66.7348,245.645,6.6854,2.05,9,40.02,8.27,-0.0028,-0.0229,59.67,61.41,12.7788,19.4642,66.7348,245.645,6.6854,10.0,False,NOMINAL,HEALTHY,43.35,-14.77
IMA_LOT02_COMP1083,LOT_02,IMAGE_SENSOR,LCC-20,IMA-SIH-2026,IMAGE_SENSOR_DARK_CURRENT_TEST,T02_1083,PROC-ISRO-IISU-01,ATE-STATION-01,CHAMBER-01,1.0,60.0,3.3,168,dark_current_density,OPTICAL,nA/cm2,12.7108,18.3788,49.6251,138.3805,5.668,14.56,4,38.15,6.42,-0.0013,-0.0524,62.83,62.39,12.7108,18.3788,49.6251,138.3805,5.668,10.0,False,NOMINAL,HEALTHY,41.94,-35.58
IMA_LOT02_COMP1084,LOT_02,IMAGE_SENSOR,LCC-20,IMA-SIH-2026,IMAGE_SENSOR_DARK_CURRENT_TEST,T02_1084,PROC-ISRO-IISU-01,ATE-STATION-01,CHAMBER-01,1.0,60.0,3.3,168,dark_current_density,OPTICAL,nA/cm2,11.9523,17.8817,59.4004,197.3731,5.9294,14.35,4,43.3,9.11,-0.005,0.071,61.53,61.92,11.9523,17.8817,59.4004,197.3731,5.9294,10.0,False,NOMINAL,HEALTHY,-10.43,20.48
IMA_LOT02_COMP1085,LOT_02,IMAGE_SENSOR,LCC-20,IMA-SIH-2026,IMAGE_SENSOR_DARK_CURRENT_TEST,T02_1085,PROC-ISRO-IISU-01,ATE-STATION-01,CHAMBER-01,1.0,60.0,3.3,168,dark_current_density,OPTICAL,nA/cm2,12.9769,19.7072,68.3312,222.8312,6.7303,8.09,2,41.24,7.08,0.0107,-0.0281,62.34,62.37,12.9769,19.7072,68.3312,222.8312,6.7303,10.0,False,NOMINAL,HEALTHY,-20.17,-38.51
IMA_LOT02_COMP1086,LOT_02,IMAGE_SENSOR,LCC-20,IMA-SIH-2026,IMAGE_SENSOR_DARK_CURRENT_TEST,T02_1086,PROC-ISRO-IISU-01,ATE-STATION-01,CHAMBER-01,1.0,60.0,3.3,168,dark_current_density,OPTICAL,nA/cm2,12.8207,18.4361,49.1013,137.738,5.6154,14.71,7,43.86,9.77,-0.0018,0.0308,62.74,62.31,12.8207,18.4361,49.1013,137.738,5.6154,10.0,False,NOMINAL,HEALTHY,20.67,-0.14
IMA_LOT02_COMP1087,LOT_02,IMAGE_SENSOR,LCC-20,IMA-SIH-2026,IMAGE_SENSOR_DARK_CURRENT_TEST,T02_1087,PROC-ISRO-IISU-01,ATE-STATION-01,CHAMBER-01,1.0,60.0,3.3,168,dark_current_density,OPTICAL,nA/cm2,12.6108,18.8792,68.686,237.279,6.2684,13.2,5,44.24,7.21,-0.0273,-0.0379,62.21,62.36,12.6108,18.8792,68.686,237.279,6.2684,10.0,True,DIELECTRIC_OSCILLATION,HEALTHY,43.61,32.46
IMA_LOT02_COMP1088,LOT_02,IMAGE_SENSOR,LCC-20,IMA-SIH-2026,IMAGE_SENSOR_DARK_CURRENT_TEST,T02_1088,PROC-ISRO-IISU-01,ATE-STATION-01,CHAMBER-01,1.0,60.0,3.3,168,dark_current_density,OPTICAL,nA/cm2,12.8339,18.6372,56.7573,159.9236,5.8033,11.13,1,44.14,8.22,-0.0024,-0.0074,61.84,63.17,12.8339,18.6372,56.7573,159.9236,5.8033,10.0,False,NOMINAL,HEALTHY,37.21,-15.95
IMA_LOT02_COMP1089,LOT_02,IMAGE_SENSOR,LCC-20,IMA-SIH-2026,IMAGE_SENSOR_DARK_CURRENT_TEST,T02_1089,PROC-ISRO-IISU-01,ATE-STATION-01,CHAMBER-01,1.0,60.0,3.3,168,dark_current_density,OPTICAL,nA/cm2,12.6903,18.0923,50.6807,142.6838,5.402,10.87,3,39.72,8.66,0.0017,-0.0503,63.11,62.63,12.6903,18.0923,50.6807,142.6838,5.402,10.0,False,NOMINAL,HEALTHY,8.48,13.23
IMA_LOT02_COMP1090,LOT_02,IMAGE_SENSOR,LCC-20,IMA-SIH-2026,IMAGE_SENSOR_DARK_CURRENT_TEST,T02_1090,PROC-ISRO-IISU-01,ATE-STATION-01,CHAMBER-01,1.0,60.0,3.3,168,dark_current_density,OPTICAL,nA/cm2,12.2845,16.4221,44.1644,112.755,4.1376,11.97,5,44.98,8.08,-0.0198,-0.046,62.48,62.29,12.2845,16.4221,44.1644,112.755,4.1376,10.0,False,NOMINAL,HEALTHY,12.93,16.54
IMA_LOT02_COMP1091,LOT_02,IMAGE_SENSOR,LCC-20,IMA-SIH-2026,IMAGE_SENSOR_DARK_CURRENT_TEST,T02_1091,PROC-ISRO-IISU-01,ATE-STATION-01,CHAMBER-01,1.0,60.0,3.3,168,dark_current_density,OPTICAL,nA/cm2,14.0842,18.3562,42.6483,97.3605,4.272,20.4,8,43.56,10.65,-0.0055,-0.0112,63.14,62.11,14.0842,18.3562,42.6483,97.3605,4.272,10.0,False,NOMINAL,HEALTHY,37.42,-17.46
IMA_LOT02_COMP1092,LOT_02,IMAGE_SENSOR,LCC-20,IMA-SIH-2026,IMAGE_SENSOR_DARK_CURRENT_TEST,T02_1092,PROC-ISRO-IISU-01,ATE-STATION-01,CHAMBER-01,1.0,60.0,3.3,168,dark_current_density,OPTICAL,nA/cm2,13.0133,18.8978,58.9534,183.4875,5.8845,9.07,7,43.59,6.93,-0.0097,0.0362,63.93,62.04,13.0133,18.8978,58.9534,183.4875,5.8845,10.0,False,NOMINAL,HEALTHY,48.11,-24.95
IMA_LOT02_COMP1093,LOT_02,IMAGE_SENSOR,LCC-20,IMA-SIH-2026,IMAGE_SENSOR_DARK_CURRENT_TEST,T02_1093,PROC-ISRO-IISU-01,ATE-STATION-01,CHAMBER-01,1.0,60.0,3.3,168,dark_current_density,OPTICAL,nA/cm2,13.0812,16.6346,37.5581,81.6962,3.5534,10.03,4,40.75,6.32,0.0086,0.0457,62.18,63.11,13.0812,16.6346,37.5581,81.6962,3.5534,10.0,False,NOMINAL,HEALTHY,-3.44,-41.17
IMA_LOT02_COMP1094,LOT_02,IMAGE_SENSOR,LCC-20,IMA-SIH-2026,IMAGE_SENSOR_DARK_CURRENT_TEST,T02_1094,PROC-ISRO-IISU-01,ATE-STATION-01,CHAMBER-01,1.0,60.0,3.3,168,dark_current_density,OPTICAL,nA/cm2,12.3029,18.6751,57.5319,194.9132,6.3722,10.97,1,40.83,11.67,0.0297,0.0567,61.76,61.1,12.3029,18.6751,57.5319,194.9132,6.3722,10.0,False,NOMINAL,HEALTHY,1.53,-23.7
IMA_LOT02_COMP1095,LOT_02,IMAGE_SENSOR,LCC-20,IMA-SIH-2026,IMAGE_SENSOR_DARK_CURRENT_TEST,T02_1095,PROC-ISRO-IISU-01,ATE-STATION-01,CHAMBER-01,1.0,60.0,3.3,168,dark_current_density,OPTICAL,nA/cm2,12.0167,16.7449,43.7196,110.1925,4.7282,14.98,9,42.84,8.75,-0.0358,-0.1145,62.12,61.54,12.0167,16.7449,43.7196,110.1925,4.7282,10.0,False,NOMINAL,HEALTHY,13.6,-5.44
IMA_LOT02_COMP1096,LOT_02,IMAGE_SENSOR,LCC-20,IMA-SIH-2026,IMAGE_SENSOR_DARK_CURRENT_TEST,T02_1096,PROC-ISRO-IISU-01,ATE-STATION-01,CHAMBER-01,1.0,60.0,3.3,168,dark_current_density,OPTICAL,nA/cm2,13.2559,16.584,47.2494,162.0097,3.3281,13.3,7,43.63,7.8,0.0451,0.0738,61.57,61.89,13.2559,16.584,47.2494,162.0097,3.3281,10.0,True,DARK_CURRENT_SPIKE_GROWTH,HEALTHY,32.18,-22.78
IMA_LOT02_COMP1097,LOT_02,IMAGE_SENSOR,LCC-20,IMA-SIH-2026,IMAGE_SENSOR_DARK_CURRENT_TEST,T02_1097,PROC-ISRO-IISU-01,ATE-STATION-01,CHAMBER-01,1.0,60.0,3.3,168,dark_current_density,OPTICAL,nA/cm2,12.915,16.3155,37.6191,86.4883,3.4005,12.59,3,43.6,10.07,-0.008,0.0117,63.3,62.29,12.915,16.3155,37.6191,86.4883,3.4005,10.0,False,NOMINAL,HEALTHY,48.56,17.33
IMA_LOT02_COMP1098,LOT_02,IMAGE_SENSOR,LCC-20,IMA-SIH-2026,IMAGE_SENSOR_DARK_CURRENT_TEST,T02_1098,PROC-ISRO-IISU-01,ATE-STATION-01,CHAMBER-01,1.0,60.0,3.3,168,dark_current_density,OPTICAL,nA/cm2,12.9445,19.7342,69.19,246.4303,6.7897,6.27,6,40.96,9.1,0.0169,0.0764,61.13,62.07,12.9445,19.7342,69.19,246.4303,6.7897,10.0,False,NOMINAL,HEALTHY,-14.98,-44.52
IMA_LOT02_COMP1099,LOT_02,IMAGE_SENSOR,LCC-20,IMA-SIH-2026,IMAGE_SENSOR_DARK_CURRENT_TEST,T02_1099,PROC-ISRO-IISU-01,ATE-STATION-01,CHAMBER-01,1.0,60.0,3.3,168,dark_current_density,OPTICAL,nA/cm2,14.0156,21.1101,77.2355,281.7519,7.0945,15.91,1,44.9,8.74,0.0582,0.0137,59.42,62.31,14.0156,21.1101,77.2355,281.7519,7.0945,10.0,False,NOMINAL,HEALTHY,28.88,-49.86
IMA_LOT02_COMP1100,LOT_02,IMAGE_SENSOR,LCC-20,IMA-SIH-2026,IMAGE_SENSOR_DARK_CURRENT_TEST,T02_1100,PROC-ISRO-IISU-01,ATE-STATION-01,CHAMBER-01,1.0,60.0,3.3,168,dark_current_density,OPTICAL,nA/cm2,12.3964,16.7776,42.3673,103.2901,4.3812,14.47,7,43.12,7.74,-0.0055,-0.0095,59.04,61.69,12.3964,16.7776,42.3673,103.2901,4.3812,10.0,False,NOMINAL,HEALTHY,-4.96,6.17
IMA_LOT02_COMP1101,LOT_02,IMAGE_SENSOR,LCC-20,IMA-SIH-2026,IMAGE_SENSOR_DARK_CURRENT_TEST,T02_1101,PROC-ISRO-IISU-01,ATE-STATION-01,CHAMBER-01,1.0,60.0,3.3,168,dark_current_density,OPTICAL,nA/cm2,12.058,16.6189,41.2996,101.7958,4.5609,13.52,2,46.59,9.48,0.0212,0.1023,62.09,62.62,12.058,16.6189,41.2996,101.7958,4.5609,10.0,False,NOMINAL,HEALTHY,44.26,40.53
IMA_LOT02_COMP1102,LOT_02,IMAGE_SENSOR,LCC-20,IMA-SIH-2026,IMAGE_SENSOR_DARK_CURRENT_TEST,T02_1102,PROC-ISRO-IISU-01,ATE-STATION-01,CHAMBER-01,1.0,60.0,3.3,168,dark_current_density,OPTICAL,nA/cm2,12.4927,16.39,32.6216,72.2366,3.8973,8.43,5,41.73,8.65,-0.031,-0.0719,62.16,62.49,12.4927,16.39,32.6216,72.2366,3.8973,10.0,False,NOMINAL,HEALTHY,-20.43,23.9
IMA_LOT02_COMP1103,LOT_02,IMAGE_SENSOR,LCC-20,IMA-SIH-2026,IMAGE_SENSOR_DARK_CURRENT_TEST,T02_1103,PROC-ISRO-IISU-01,ATE-STATION-01,CHAMBER-01,1.0,60.0,3.3,168,dark_current_density,OPTICAL,nA/cm2,12.1305,18.9462,68.9748,240.7789,6.8157,10.94,4,42.53,11.36,-0.0012,0.0054,63.91,62.3,12.1305,18.9462,68.9748,240.7789,6.8157,10.0,False,NOMINAL,HEALTHY,2.01,11.45
IMA_LOT02_COMP1104,LOT_02,IMAGE_SENSOR,LCC-20,IMA-SIH-2026,IMAGE_SENSOR_DARK_CURRENT_TEST,T02_1104,PROC-ISRO-IISU-01,ATE-STATION-01,CHAMBER-01,1.0,60.0,3.3,168,dark_current_density,OPTICAL,nA/cm2,11.751,18.9043,65.9322,225.8261,7.1533,8.62,1,40.66,6.43,-0.0099,-0.1317,63.14,61.8,11.751,18.9043,65.9322,225.8261,7.1533,10.0,False,NOMINAL,HEALTHY,16.76,18.54
IMA_LOT02_COMP1105,LOT_02,IMAGE_SENSOR,LCC-20,IMA-SIH-2026,IMAGE_SENSOR_DARK_CURRENT_TEST,T02_1105,PROC-ISRO-IISU-01,ATE-STATION-01,CHAMBER-01,1.0,60.0,3.3,168,dark_current_density,OPTICAL,nA/cm2,13.587,17.4556,41.943,98.5698,3.8686,7.22,3,41.94,6.53,-0.0148,0.0245,62.83,62.85,13.587,17.4556,41.943,98.5698,3.8686,10.0,False,NOMINAL,HEALTHY,41.65,32.44
IMA_LOT02_COMP1106,LOT_02,IMAGE_SENSOR,LCC-20,IMA-SIH-2026,IMAGE_SENSOR_DARK_CURRENT_TEST,T02_1106,PROC-ISRO-IISU-01,ATE-STATION-01,CHAMBER-01,1.0,60.0,3.3,168,dark_current_density,OPTICAL,nA/cm2,12.4982,15.8756,34.4394,73.6207,3.3774,9.86,3,40.88,8.07,0.0078,-0.0166,62.03,62.66,12.4982,15.8756,34.4394,73.6207,3.3774,10.0,False,NOMINAL,HEALTHY,7.78,20.98
IMA_LOT02_COMP1107,LOT_02,IMAGE_SENSOR,LCC-20,IMA-SIH-2026,IMAGE_SENSOR_DARK_CURRENT_TEST,T02_1107,PROC-ISRO-IISU-01,ATE-STATION-01,CHAMBER-01,1.0,60.0,3.3,168,dark_current_density,OPTICAL,nA/cm2,12.4219,15.955,47.0647,168.7766,3.5331,14.01,3,40.59,9.72,-0.0063,-0.1298,63.1,61.75,12.4219,15.955,47.0647,168.7766,3.5331,10.0,True,DARK_CURRENT_SPIKE_GROWTH,HEALTHY,-8.58,-40.08
IMA_LOT02_COMP1108,LOT_02,IMAGE_SENSOR,LCC-20,IMA-SIH-2026,IMAGE_SENSOR_DARK_CURRENT_TEST,T02_1108,PROC-ISRO-IISU-01,ATE-STATION-01,CHAMBER-01,1.0,60.0,3.3,168,dark_current_density,OPTICAL,nA/cm2,12.7476,19.9155,54.9057,160.8036,7.1679,10.08,6,43.64,8.13,-0.0175,0.0428,63.38,61.67,12.7476,19.9155,54.9057,160.8036,7.1679,10.0,False,NOMINAL,HEALTHY,37.84,1.89
IMA_LOT02_COMP1109,LOT_02,IMAGE_SENSOR,LCC-20,IMA-SIH-2026,IMAGE_SENSOR_DARK_CURRENT_TEST,T02_1109,PROC-ISRO-IISU-01,ATE-STATION-01,CHAMBER-01,1.0,60.0,3.3,168,dark_current_density,OPTICAL,nA/cm2,12.993,17.9713,52.8564,145.3301,4.9783,11.55,5,40.16,10.25,0.0407,0.0199,63.47,61.53,12.993,17.9713,52.8564,145.3301,4.9783,10.0,False,NOMINAL,HEALTHY,-28.11,-19.21
IMA_LOT02_COMP1110,LOT_02,IMAGE_SENSOR,LCC-20,IMA-SIH-2026,IMAGE_SENSOR_DARK_CURRENT_TEST,T02_1110,PROC-ISRO-IISU-01,ATE-STATION-01,CHAMBER-01,1.0,60.0,3.3,168,dark_current_density,OPTICAL,nA/cm2,13.1198,18.0671,40.01,89.7003,4.9473,11.14,2,38.92,6.93,-0.0065,-0.0245,64.63,62.18,13.1198,18.0671,40.01,89.7003,4.9473,10.0,False,NOMINAL,HEALTHY,-17.09,14.62
IMA_LOT02_COMP1111,LOT_02,IMAGE_SENSOR,LCC-20,IMA-SIH-2026,IMAGE_SENSOR_DARK_CURRENT_TEST,T02_1111,PROC-ISRO-IISU-01,ATE-STATION-01,CHAMBER-01,1.0,60.0,3.3,168,dark_current_density,OPTICAL,nA/cm2,13.3,17.4207,38.4872,82.9108,4.1207,10.9,6,39.99,9.7,-0.0029,-0.0189,60.87,62.23,13.3,17.4207,38.4872,82.9108,4.1207,10.0,False,NOMINAL,HEALTHY,-24.41,-28.11
IMA_LOT02_COMP1112,LOT_02,IMAGE_SENSOR,LCC-20,IMA-SIH-2026,IMAGE_SENSOR_DARK_CURRENT_TEST,T02_1112,PROC-ISRO-IISU-01,ATE-STATION-01,CHAMBER-01,1.0,60.0,3.3,168,dark_current_density,OPTICAL,nA/cm2,12.3174,17.3964,52.4716,146.9017,5.079,13.23,6,44.39,8.09,-0.0161,0.0013,60.85,61.89,12.3174,17.3964,52.4716,146.9017,5.079,10.0,False,NOMINAL,HEALTHY,-47.98,39.42
IMA_LOT02_COMP1113,LOT_02,IMAGE_SENSOR,LCC-20,IMA-SIH-2026,IMAGE_SENSOR_DARK_CURRENT_TEST,T02_1113,PROC-ISRO-IISU-01,ATE-STATION-01,CHAMBER-01,1.0,60.0,3.3,168,dark_current_density,OPTICAL,nA/cm2,12.4583,16.8055,38.7294,88.3286,4.3472,9.67,5,43.27,9.55,-0.0148,0.0393,61.81,62.04,12.4583,16.8055,38.7294,88.3286,4.3472,10.0,False,NOMINAL,HEALTHY,0.42,-6.01
IMA_LOT02_COMP1114,LOT_02,IMAGE_SENSOR,LCC-20,IMA-SIH-2026,IMAGE_SENSOR_DARK_CURRENT_TEST,T02_1114,PROC-ISRO-IISU-01,ATE-STATION-01,CHAMBER-01,1.0,60.0,3.3,168,dark_current_density,OPTICAL,nA/cm2,12.3978,16.5775,41.5389,99.3411,4.1797,11.95,6,41.96,10.19,0.0058,-0.052,59.4,62.4,12.3978,16.5775,41.5389,99.3411,4.1797,10.0,False,NOMINAL,HEALTHY,46.55,-41.26
IMA_LOT02_COMP1115,LOT_02,IMAGE_SENSOR,LCC-20,IMA-SIH-2026,IMAGE_SENSOR_DARK_CURRENT_TEST,T02_1115,PROC-ISRO-IISU-01,ATE-STATION-01,CHAMBER-01,1.0,60.0,3.3,168,dark_current_density,OPTICAL,nA/cm2,12.6672,15.9831,34.4271,82.077,3.3159,10.07,7,45.14,9.02,0.0182,0.0591,60.01,61.8,12.6672,15.9831,34.4271,82.077,3.3159,10.0,False,NOMINAL,HEALTHY,-46.16,22.82
IMA_LOT02_COMP1116,LOT_02,IMAGE_SENSOR,LCC-20,IMA-SIH-2026,IMAGE_SENSOR_DARK_CURRENT_TEST,T02_1116,PROC-ISRO-IISU-01,ATE-STATION-01,CHAMBER-01,1.0,60.0,3.3,168,dark_current_density,OPTICAL,nA/cm2,13.5786,17.4177,37.1822,83.1563,3.8391,13.69,4,40.13,6.45,0.0242,0.0165,61.48,61.07,13.5786,17.4177,37.1822,83.1563,3.8391,10.0,False,NOMINAL,HEALTHY,-14.59,8.81
IMA_LOT02_COMP1117,LOT_02,IMAGE_SENSOR,LCC-20,IMA-SIH-2026,IMAGE_SENSOR_DARK_CURRENT_TEST,T02_1117,PROC-ISRO-IISU-01,ATE-STATION-01,CHAMBER-01,1.0,60.0,3.3,168,dark_current_density,OPTICAL,nA/cm2,12.5071,17.9638,60.0662,195.3796,5.4567,14.35,4,40.9,8.64,-0.0074,-0.0257,60.82,61.74,12.5071,17.9638,60.0662,195.3796,5.4567,10.0,False,NOMINAL,HEALTHY,33.36,40.71
IMA_LOT02_COMP1118,LOT_02,IMAGE_SENSOR,LCC-20,IMA-SIH-2026,IMAGE_SENSOR_DARK_CURRENT_TEST,T02_1118,PROC-ISRO-IISU-01,ATE-STATION-01,CHAMBER-01,1.0,60.0,3.3,168,dark_current_density,OPTICAL,nA/cm2,13.4668,16.2838,30.8929,61.296,2.817,13.75,2,45.53,7.05,0.0102,0.0799,64.07,62.34,13.4668,16.2838,30.8929,61.296,2.817,10.0,False,NOMINAL,HEALTHY,37.33,-39.41
IMA_LOT02_COMP1119,LOT_02,IMAGE_SENSOR,LCC-20,IMA-SIH-2026,IMAGE_SENSOR_DARK_CURRENT_TEST,T02_1119,PROC-ISRO-IISU-01,ATE-STATION-01,CHAMBER-01,1.0,60.0,3.3,168,dark_current_density,OPTICAL,nA/cm2,12.9508,16.624,36.6731,83.72,3.6732,10.15,8,46.58,8.77,-0.007,-0.0612,60.91,62.54,12.9508,16.624,36.6731,83.72,3.6732,10.0,False,NOMINAL,HEALTHY,-28.57,37.87
IMA_LOT02_COMP1120,LOT_02,IMAGE_SENSOR,LCC-20,IMA-SIH-2026,IMAGE_SENSOR_DARK_CURRENT_TEST,T02_1120,PROC-ISRO-IISU-01,ATE-STATION-01,CHAMBER-01,1.0,60.0,3.3,168,dark_current_density,OPTICAL,nA/cm2,12.0908,17.082,50.5515,150.3133,4.9912,13.24,6,40.75,7.19,0.004,0.0806,61.71,62.63,12.0908,17.082,50.5515,150.3133,4.9912,10.0,False,NOMINAL,HEALTHY,44.4,-39.14
IMA_LOT02_COMP1121,LOT_02,IMAGE_SENSOR,LCC-20,IMA-SIH-2026,IMAGE_SENSOR_DARK_CURRENT_TEST,T02_1121,PROC-ISRO-IISU-01,ATE-STATION-01,CHAMBER-01,1.0,60.0,3.3,168,dark_current_density,OPTICAL,nA/cm2,13.4908,17.2093,36.493,78.7347,3.7185,12.47,3,41.85,9.16,-0.0031,-0.0364,64.44,62.29,13.4908,17.2093,36.493,78.7347,3.7185,10.0,False,NOMINAL,HEALTHY,-3.15,18.48
IMA_LOT02_COMP1122,LOT_02,IMAGE_SENSOR,LCC-20,IMA-SIH-2026,IMAGE_SENSOR_DARK_CURRENT_TEST,T02_1122,PROC-ISRO-IISU-01,ATE-STATION-01,CHAMBER-01,1.0,60.0,3.3,168,dark_current_density,OPTICAL,nA/cm2,13.2567,18.8898,63.7732,222.0395,5.6331,13.31,2,38.52,10.63,0.0032,0.022,59.37,62.48,13.2567,18.8898,63.7732,222.0395,5.6331,10.0,False,NOMINAL,HEALTHY,42.61,-26.23
IMA_LOT02_COMP1123,LOT_02,IMAGE_SENSOR,LCC-20,IMA-SIH-2026,IMAGE_SENSOR_DARK_CURRENT_TEST,T02_1123,PROC-ISRO-IISU-01,ATE-STATION-01,CHAMBER-01,1.0,60.0,3.3,168,dark_current_density,OPTICAL,nA/cm2,13.0492,16.6645,36.1742,75.5233,3.6153,14.27,4,43.43,5.55,-0.0065,0.0809,62.19,62.89,13.0492,16.6645,36.1742,75.5233,3.6153,10.0,False,NOMINAL,HEALTHY,-16.31,-24.19
IMA_LOT02_COMP1124,LOT_02,IMAGE_SENSOR,LCC-20,IMA-SIH-2026,IMAGE_SENSOR_DARK_CURRENT_TEST,T02_1124,PROC-ISRO-IISU-01,ATE-STATION-01,CHAMBER-01,1.0,60.0,3.3,168,dark_current_density,OPTICAL,nA/cm2,13.6499,20.1583,67.2144,214.8306,6.5084,13.0,8,40.32,7.79,-0.0089,-0.0575,59.22,61.84,13.6499,20.1583,67.2144,214.8306,6.5084,10.0,False,NOMINAL,HEALTHY,-26.77,24.13
IMA_LOT02_COMP1125,LOT_02,IMAGE_SENSOR,LCC-20,IMA-SIH-2026,IMAGE_SENSOR_DARK_CURRENT_TEST,T02_1125,PROC-ISRO-IISU-01,ATE-STATION-01,CHAMBER-01,1.0,60.0,3.3,168,dark_current_density,OPTICAL,nA/cm2,12.7986,16.5236,31.3126,67.2012,3.725,12.17,9,39.98,10.93,-0.0028,0.1624,61.7,62.06,12.7986,16.5236,31.3126,67.2012,3.725,10.0,False,NOMINAL,HEALTHY,46.9,-45.37
IMA_LOT02_COMP1126,LOT_02,IMAGE_SENSOR,LCC-20,IMA-SIH-2026,IMAGE_SENSOR_DARK_CURRENT_TEST,T02_1126,PROC-ISRO-IISU-01,ATE-STATION-01,CHAMBER-01,1.0,60.0,3.3,168,dark_current_density,OPTICAL,nA/cm2,12.7049,16.4609,32.4919,62.0446,3.756,19.12,6,41.93,9.68,0.0291,-0.0542,61.95,62.28,12.7049,16.4609,32.4919,62.0446,3.756,10.0,False,NOMINAL,HEALTHY,-29.25,48.42
IMA_LOT02_COMP1127,LOT_02,IMAGE_SENSOR,LCC-20,IMA-SIH-2026,IMAGE_SENSOR_DARK_CURRENT_TEST,T02_1127,PROC-ISRO-IISU-01,ATE-STATION-01,CHAMBER-01,1.0,60.0,3.3,168,dark_current_density,OPTICAL,nA/cm2,12.1765,16.7615,46.1498,127.0507,4.585,8.23,5,42.47,6.3,0.0192,-0.0325,62.4,61.34,12.1765,16.7615,46.1498,127.0507,4.585,10.0,False,NOMINAL,HEALTHY,14.09,-12.03
IMA_LOT02_COMP1128,LOT_02,IMAGE_SENSOR,LCC-20,IMA-SIH-2026,IMAGE_SENSOR_DARK_CURRENT_TEST,T02_1128,PROC-ISRO-IISU-01,ATE-STATION-01,CHAMBER-01,1.0,60.0,3.3,168,dark_current_density,OPTICAL,nA/cm2,11.5282,18.449,58.8728,193.3964,6.9208,12.61,2,41.2,7.87,0.0004,-0.0522,60.32,62.42,11.5282,18.449,58.8728,193.3964,6.9208,10.0,False,NOMINAL,HEALTHY,30.64,-0.34
IMA_LOT02_COMP1129,LOT_02,IMAGE_SENSOR,LCC-20,IMA-SIH-2026,IMAGE_SENSOR_DARK_CURRENT_TEST,T02_1129,PROC-ISRO-IISU-01,ATE-STATION-01,CHAMBER-01,1.0,60.0,3.3,168,dark_current_density,OPTICAL,nA/cm2,12.8199,16.5378,34.4913,76.9138,3.7179,11.31,7,41.1,8.16,-0.0119,0.0285,63.49,62.05,12.8199,16.5378,34.4913,76.9138,3.7179,10.0,False,NOMINAL,HEALTHY,-39.82,-27.35
IMA_LOT02_COMP1130,LOT_02,IMAGE_SENSOR,LCC-20,IMA-SIH-2026,IMAGE_SENSOR_DARK_CURRENT_TEST,T02_1130,PROC-ISRO-IISU-01,ATE-STATION-01,CHAMBER-01,1.0,60.0,3.3,168,dark_current_density,OPTICAL,nA/cm2,13.0239,15.4106,32.7909,63.4336,2.3867,11.39,4,40.21,8.76,0.0129,-0.01,61.98,62.28,13.0239,15.4106,32.7909,63.4336,2.3867,10.0,False,NOMINAL,HEALTHY,26.08,-34.59
IMA_LOT02_COMP1131,LOT_02,IMAGE_SENSOR,LCC-20,IMA-SIH-2026,IMAGE_SENSOR_DARK_CURRENT_TEST,T02_1131,PROC-ISRO-IISU-01,ATE-STATION-01,CHAMBER-01,1.0,60.0,3.3,168,dark_current_density,OPTICAL,nA/cm2,12.4062,15.709,35.3718,73.2909,3.3028,11.72,7,40.35,7.35,-0.0208,-0.0101,61.17,62.64,12.4062,15.709,35.3718,73.2909,3.3028,10.0,False,NOMINAL,HEALTHY,-42.8,48.42
IMA_LOT02_COMP1132,LOT_02,IMAGE_SENSOR,LCC-20,IMA-SIH-2026,IMAGE_SENSOR_DARK_CURRENT_TEST,T02_1132,PROC-ISRO-IISU-01,ATE-STATION-01,CHAMBER-01,1.0,60.0,3.3,168,dark_current_density,OPTICAL,nA/cm2,13.0289,18.6551,53.7819,158.9799,5.6262,12.41,6,40.73,6.02,-0.0146,-0.1279,60.92,60.92,13.0289,18.6551,53.7819,158.9799,5.6262,10.0,False,NOMINAL,HEALTHY,-18.56,49.4
IMA_LOT02_COMP1133,LOT_02,IMAGE_SENSOR,LCC-20,IMA-SIH-2026,IMAGE_SENSOR_DARK_CURRENT_TEST,T02_1133,PROC-ISRO-IISU-01,ATE-STATION-01,CHAMBER-01,1.0,60.0,3.3,168,dark_current_density,OPTICAL,nA/cm2,11.7413,17.3955,49.6279,146.722,5.6542,10.31,3,38.97,9.87,0.024,0.0561,61.58,62.54,11.7413,17.3955,49.6279,146.722,5.6542,10.0,False,NOMINAL,HEALTHY,27.55,30.67
IMA_LOT02_COMP1134,LOT_02,IMAGE_SENSOR,LCC-20,IMA-SIH-2026,IMAGE_SENSOR_DARK_CURRENT_TEST,T02_1134,PROC-ISRO-IISU-01,ATE-STATION-01,CHAMBER-01,1.0,60.0,3.3,168,dark_current_density,OPTICAL,nA/cm2,12.6529,20.2864,75.5234,269.8994,7.6335,11.76,2,43.63,7.0,-0.0011,0.0785,61.61,62.53,12.6529,20.2864,75.5234,269.8994,7.6335,10.0,False,NOMINAL,HEALTHY,-9.08,-19.8
IMA_LOT02_COMP1135,LOT_02,IMAGE_SENSOR,LCC-20,IMA-SIH-2026,IMAGE_SENSOR_DARK_CURRENT_TEST,T02_1135,PROC-ISRO-IISU-01,ATE-STATION-01,CHAMBER-01,1.0,60.0,3.3,168,dark_current_density,OPTICAL,nA/cm2,12.5471,17.8007,52.4789,160.4136,5.2536,11.65,2,45.9,7.94,-0.0068,-0.0482,61.2,61.31,12.5471,17.8007,52.4789,160.4136,5.2536,10.0,False,NOMINAL,HEALTHY,27.9,44.23
IMA_LOT02_COMP1136,LOT_02,IMAGE_SENSOR,LCC-20,IMA-SIH-2026,IMAGE_SENSOR_DARK_CURRENT_TEST,T02_1136,PROC-ISRO-IISU-01,ATE-STATION-01,CHAMBER-01,1.0,60.0,3.3,168,dark_current_density,OPTICAL,nA/cm2,12.058,18.3687,48.2246,130.2115,6.3107,6.59,4,39.83,4.0,0.0284,0.1141,61.89,62.39,12.058,18.3687,48.2246,130.2115,6.3107,10.0,False,NOMINAL,HEALTHY,1.0,38.31
IMA_LOT02_COMP1137,LOT_02,IMAGE_SENSOR,LCC-20,IMA-SIH-2026,IMAGE_SENSOR_DARK_CURRENT_TEST,T02_1137,PROC-ISRO-IISU-01,ATE-STATION-01,CHAMBER-01,1.0,60.0,3.3,168,dark_current_density,OPTICAL,nA/cm2,13.4964,18.8654,53.1889,147.5567,5.369,10.71,12,40.15,8.3,0.0275,0.0537,60.06,61.93,13.4964,18.8654,53.1889,147.5567,5.369,10.0,False,NOMINAL,HEALTHY,4.99,-22.47
IMA_LOT02_COMP1138,LOT_02,IMAGE_SENSOR,LCC-20,IMA-SIH-2026,IMAGE_SENSOR_DARK_CURRENT_TEST,T02_1138,PROC-ISRO-IISU-01,ATE-STATION-01,CHAMBER-01,1.0,60.0,3.3,168,dark_current_density,OPTICAL,nA/cm2,13.1648,17.4575,35.9956,76.2826,4.2927,19.05,2,46.43,6.82,0.0163,0.0658,64.4,61.88,13.1648,17.4575,35.9956,76.2826,4.2927,10.0,False,NOMINAL,HEALTHY,46.53,-33.77
IMA_LOT02_COMP1139,LOT_02,IMAGE_SENSOR,LCC-20,IMA-SIH-2026,IMAGE_SENSOR_DARK_CURRENT_TEST,T02_1139,PROC-ISRO-IISU-01,ATE-STATION-01,CHAMBER-01,1.0,60.0,3.3,168,dark_current_density,OPTICAL,nA/cm2,12.8056,18.5042,52.8877,149.6478,5.6986,14.28,6,42.15,5.33,-0.0158,-0.0257,61.85,62.58,12.8056,18.5042,52.8877,149.6478,5.6986,10.0,False,NOMINAL,HEALTHY,5.27,-48.74
IMA_LOT02_COMP1140,LOT_02,IMAGE_SENSOR,LCC-20,IMA-SIH-2026,IMAGE_SENSOR_DARK_CURRENT_TEST,T02_1140,PROC-ISRO-IISU-01,ATE-STATION-01,CHAMBER-01,1.0,60.0,3.3,168,dark_current_density,OPTICAL,nA/cm2,13.3089,16.7259,34.0308,66.8614,3.417,12.64,6,42.01,7.73,0.0207,0.0237,63.87,61.68,13.3089,16.7259,34.0308,66.8614,3.417,10.0,False,NOMINAL,HEALTHY,-5.51,-14.07
IMA_LOT02_COMP1141,LOT_02,IMAGE_SENSOR,LCC-20,IMA-SIH-2026,IMAGE_SENSOR_DARK_CURRENT_TEST,T02_1141,PROC-ISRO-IISU-01,ATE-STATION-01,CHAMBER-01,1.0,60.0,3.3,168,dark_current_density,OPTICAL,nA/cm2,12.6376,18.5582,64.3734,214.9581,5.9206,10.59,3,40.39,6.35,0.0079,-0.0123,64.52,62.33,12.6376,18.5582,64.3734,214.9581,5.9206,10.0,False,NOMINAL,HEALTHY,6.31,26.85
IMA_LOT02_COMP1142,LOT_02,IMAGE_SENSOR,LCC-20,IMA-SIH-2026,IMAGE_SENSOR_DARK_CURRENT_TEST,T02_1142,PROC-ISRO-IISU-01,ATE-STATION-01,CHAMBER-01,1.0,60.0,3.3,168,dark_current_density,OPTICAL,nA/cm2,12.091,18.272,62.6954,213.861,6.181,11.27,3,45.32,5.42,0.0092,0.0485,62.83,61.45,12.091,18.272,62.6954,213.861,6.181,10.0,False,NOMINAL,HEALTHY,-30.33,-31.97
IMA_LOT02_COMP1143,LOT_02,IMAGE_SENSOR,LCC-20,IMA-SIH-2026,IMAGE_SENSOR_DARK_CURRENT_TEST,T02_1143,PROC-ISRO-IISU-01,ATE-STATION-01,CHAMBER-01,1.0,60.0,3.3,168,dark_current_density,OPTICAL,nA/cm2,13.0127,17.0187,38.4869,88.9402,4.006,11.24,3,43.14,7.82,-0.0099,0.0306,64.71,62.84,13.0127,17.0187,38.4869,88.9402,4.006,10.0,False,NOMINAL,HEALTHY,-1.77,-9.58
IMA_LOT02_COMP1144,LOT_02,IMAGE_SENSOR,LCC-20,IMA-SIH-2026,IMAGE_SENSOR_DARK_CURRENT_TEST,T02_1144,PROC-ISRO-IISU-01,ATE-STATION-01,CHAMBER-01,1.0,60.0,3.3,168,dark_current_density,OPTICAL,nA/cm2,12.7307,17.6142,48.9251,131.411,4.8835,8.7,6,41.89,7.77,-0.0167,0.0117,63.04,62.18,12.7307,17.6142,48.9251,131.411,4.8835,10.0,False,NOMINAL,HEALTHY,-29.93,-35.72
IMA_LOT02_COMP1145,LOT_02,IMAGE_SENSOR,LCC-20,IMA-SIH-2026,IMAGE_SENSOR_DARK_CURRENT_TEST,T02_1145,PROC-ISRO-IISU-01,ATE-STATION-01,CHAMBER-01,1.0,60.0,3.3,168,dark_current_density,OPTICAL,nA/cm2,12.4767,18.9213,66.1642,232.5428,6.4446,23.1,7,43.13,3.7,0.0165,0.0071,61.48,61.87,12.4767,18.9213,66.1642,232.5428,6.4446,10.0,False,NOMINAL,HEALTHY,36.92,20.53
IMA_LOT02_COMP1146,LOT_02,IMAGE_SENSOR,LCC-20,IMA-SIH-2026,IMAGE_SENSOR_DARK_CURRENT_TEST,T02_1146,PROC-ISRO-IISU-01,ATE-STATION-01,CHAMBER-01,1.0,60.0,3.3,168,dark_current_density,OPTICAL,nA/cm2,13.3086,18.0605,40.8718,91.2827,4.7519,14.48,4,40.52,7.54,0.0206,0.0337,59.78,61.75,13.3086,18.0605,40.8718,91.2827,4.7519,10.0,False,NOMINAL,HEALTHY,24.22,20.1
IMA_LOT02_COMP1147,LOT_02,IMAGE_SENSOR,LCC-20,IMA-SIH-2026,IMAGE_SENSOR_DARK_CURRENT_TEST,T02_1147,PROC-ISRO-IISU-01,ATE-STATION-01,CHAMBER-01,1.0,60.0,3.3,168,dark_current_density,OPTICAL,nA/cm2,12.7644,17.1956,43.5313,110.3079,4.4312,14.51,6,43.36,7.75,0.0104,0.0003,61.04,62.55,12.7644,17.1956,43.5313,110.3079,4.4312,10.0,False,NOMINAL,HEALTHY,15.93,15.81
IMA_LOT02_COMP1148,LOT_02,IMAGE_SENSOR,LCC-20,IMA-SIH-2026,IMAGE_SENSOR_DARK_CURRENT_TEST,T02_1148,PROC-ISRO-IISU-01,ATE-STATION-01,CHAMBER-01,1.0,60.0,3.3,168,dark_current_density,OPTICAL,nA/cm2,12.9577,19.9747,72.2356,250.0395,7.017,15.85,4,42.76,7.46,0.0382,0.0497,63.63,61.65,12.9577,19.9747,72.2356,250.0395,7.017,10.0,False,NOMINAL,HEALTHY,-19.6,-44.2
IMA_LOT02_COMP1149,LOT_02,IMAGE_SENSOR,LCC-20,IMA-SIH-2026,IMAGE_SENSOR_DARK_CURRENT_TEST,T02_1149,PROC-ISRO-IISU-01,ATE-STATION-01,CHAMBER-01,1.0,60.0,3.3,168,dark_current_density,OPTICAL,nA/cm2,13.5453,18.8402,52.3689,137.0356,5.2949,4.2,5,42.94,6.94,-0.0127,-0.0036,60.63,62.01,13.5453,18.8402,52.3689,137.0356,5.2949,10.0,False,NOMINAL,HEALTHY,27.66,10.54
IMA_LOT02_COMP1150,LOT_02,IMAGE_SENSOR,LCC-20,IMA-SIH-2026,IMAGE_SENSOR_DARK_CURRENT_TEST,T02_1150,PROC-ISRO-IISU-01,ATE-STATION-01,CHAMBER-01,1.0,60.0,3.3,168,dark_current_density,OPTICAL,nA/cm2,12.6026,17.6675,57.5206,186.7203,5.0649,11.21,6,42.78,9.14,0.031,0.0364,62.01,62.15,12.6026,17.6675,57.5206,186.7203,5.0649,10.0,False,NOMINAL,HEALTHY,-35.55,30.95
IMA_LOT02_COMP1151,LOT_02,IMAGE_SENSOR,LCC-20,IMA-SIH-2026,IMAGE_SENSOR_DARK_CURRENT_TEST,T02_1151,PROC-ISRO-IISU-01,ATE-STATION-01,CHAMBER-01,1.0,60.0,3.3,168,dark_current_density,OPTICAL,nA/cm2,12.2543,18.9661,63.7534,217.9223,6.7118,16.63,7,43.18,8.07,0.0034,-0.0345,63.54,62.37,12.2543,18.9661,63.7534,217.9223,6.7118,10.0,False,NOMINAL,HEALTHY,-35.32,7.09
IMA_LOT02_COMP1152,LOT_02,IMAGE_SENSOR,LCC-20,IMA-SIH-2026,IMAGE_SENSOR_DARK_CURRENT_TEST,T02_1152,PROC-ISRO-IISU-01,ATE-STATION-01,CHAMBER-01,1.0,60.0,3.3,168,dark_current_density,OPTICAL,nA/cm2,12.9116,18.7916,68.1849,231.5363,5.88,12.45,1,42.92,10.25,0.0008,0.0221,62.49,61.55,12.9116,18.7916,68.1849,231.5363,5.88,10.0,False,NOMINAL,HEALTHY,18.12,-21.55
IMA_LOT02_COMP1153,LOT_02,IMAGE_SENSOR,LCC-20,IMA-SIH-2026,IMAGE_SENSOR_DARK_CURRENT_TEST,T02_1153,PROC-ISRO-IISU-01,ATE-STATION-01,CHAMBER-01,1.0,60.0,3.3,168,dark_current_density,OPTICAL,nA/cm2,12.4599,19.185,66.4832,247.6373,6.7251,11.06,3,38.71,9.36,0.0193,-0.0373,62.84,62.34,12.4599,19.185,66.4832,247.6373,6.7251,10.0,False,NOMINAL,HEALTHY,-18.95,-49.17
IMA_LOT02_COMP1154,LOT_02,IMAGE_SENSOR,LCC-20,IMA-SIH-2026,IMAGE_SENSOR_DARK_CURRENT_TEST,T02_1154,PROC-ISRO-IISU-01,ATE-STATION-01,CHAMBER-01,1.0,60.0,3.3,168,dark_current_density,OPTICAL,nA/cm2,12.9761,16.2368,30.3451,58.4669,3.2607,8.99,3,42.28,3.49,-0.0033,0.0061,61.35,61.34,12.9761,16.2368,30.3451,58.4669,3.2607,10.0,False,NOMINAL,HEALTHY,10.34,22.24
IMA_LOT02_COMP1155,LOT_02,IMAGE_SENSOR,LCC-20,IMA-SIH-2026,IMAGE_SENSOR_DARK_CURRENT_TEST,T02_1155,PROC-ISRO-IISU-01,ATE-STATION-01,CHAMBER-01,1.0,60.0,3.3,168,dark_current_density,OPTICAL,nA/cm2,12.7915,18.6969,54.0511,169.2622,5.9054,11.69,4,44.3,8.25,-0.0148,-0.0053,62.19,61.86,12.7915,18.6969,54.0511,169.2622,5.9054,10.0,False,NOMINAL,HEALTHY,-23.07,-6.02
IMA_LOT02_COMP1156,LOT_02,IMAGE_SENSOR,LCC-20,IMA-SIH-2026,IMAGE_SENSOR_DARK_CURRENT_TEST,T02_1156,PROC-ISRO-IISU-01,ATE-STATION-01,CHAMBER-01,1.0,60.0,3.3,168,dark_current_density,OPTICAL,nA/cm2,12.8354,19.461,62.1763,201.4424,6.6256,15.66,10,41.12,6.83,0.0292,0.0711,59.3,62.18,12.8354,19.461,62.1763,201.4424,6.6256,10.0,False,NOMINAL,HEALTHY,-39.42,47.8
IMA_LOT02_COMP1157,LOT_02,IMAGE_SENSOR,LCC-20,IMA-SIH-2026,IMAGE_SENSOR_DARK_CURRENT_TEST,T02_1157,PROC-ISRO-IISU-01,ATE-STATION-01,CHAMBER-01,1.0,60.0,3.3,168,dark_current_density,OPTICAL,nA/cm2,12.7861,20.3591,70.443,270.6071,7.573,12.38,8,44.86,8.87,-0.0452,-0.0189,65.32,62.01,12.7861,20.3591,70.443,270.6071,7.573,10.0,False,NOMINAL,HEALTHY,-6.58,-48.93
IMA_LOT02_COMP1158,LOT_02,IMAGE_SENSOR,LCC-20,IMA-SIH-2026,IMAGE_SENSOR_DARK_CURRENT_TEST,T02_1158,PROC-ISRO-IISU-01,ATE-STATION-01,CHAMBER-01,1.0,60.0,3.3,168,dark_current_density,OPTICAL,nA/cm2,12.8361,16.1502,32.7914,67.7476,3.3141,14.1,2,39.74,7.69,0.0213,0.0614,62.39,61.99,12.8361,16.1502,32.7914,67.7476,3.3141,10.0,False,NOMINAL,HEALTHY,-7.56,-40.43
IMA_LOT02_COMP1159,LOT_02,IMAGE_SENSOR,LCC-20,IMA-SIH-2026,IMAGE_SENSOR_DARK_CURRENT_TEST,T02_1159,PROC-ISRO-IISU-01,ATE-STATION-01,CHAMBER-01,1.0,60.0,3.3,168,dark_current_density,OPTICAL,nA/cm2,14.0805,19.5516,66.9747,241.5268,5.4711,8.8,3,45.35,6.71,0.0019,0.0077,62.09,62.6,14.0805,19.5516,66.9747,241.5268,5.4711,10.0,False,NOMINAL,HEALTHY,39.64,39.26
IMA_LOT02_COMP1160,LOT_02,IMAGE_SENSOR,LCC-20,IMA-SIH-2026,IMAGE_SENSOR_DARK_CURRENT_TEST,T02_1160,PROC-ISRO-IISU-01,ATE-STATION-01,CHAMBER-01,1.0,60.0,3.3,168,dark_current_density,OPTICAL,nA/cm2,12.1396,17.1325,40.8159,104.7947,4.9929,11.29,7,43.93,5.59,0.0013,0.0464,60.29,61.25,12.1396,17.1325,40.8159,104.7947,4.9929,10.0,False,NOMINAL,HEALTHY,-41.51,45.1
IMA_LOT02_COMP1161,LOT_02,IMAGE_SENSOR,LCC-20,IMA-SIH-2026,IMAGE_SENSOR_DARK_CURRENT_TEST,T02_1161,PROC-ISRO-IISU-01,ATE-STATION-01,CHAMBER-01,1.0,60.0,3.3,168,dark_current_density,OPTICAL,nA/cm2,13.0854,17.4758,40.0944,96.748,4.3904,12.72,4,42.47,7.91,0.0043,0.0351,64.12,62.05,13.0854,17.4758,40.0944,96.748,4.3904,10.0,False,NOMINAL,HEALTHY,-7.77,-23.41
IMA_LOT02_COMP1162,LOT_02,IMAGE_SENSOR,LCC-20,IMA-SIH-2026,IMAGE_SENSOR_DARK_CURRENT_TEST,T02_1162,PROC-ISRO-IISU-01,ATE-STATION-01,CHAMBER-01,1.0,60.0,3.3,168,dark_current_density,OPTICAL,nA/cm2,13.0265,17.3878,41.6976,96.5624,4.3613,15.51,5,44.35,6.42,0.0208,0.0811,63.06,62.02,13.0265,17.3878,41.6976,96.5624,4.3613,10.0,False,NOMINAL,HEALTHY,22.6,1.17
IMA_LOT02_COMP1163,LOT_02,IMAGE_SENSOR,LCC-20,IMA-SIH-2026,IMAGE_SENSOR_DARK_CURRENT_TEST,T02_1163,PROC-ISRO-IISU-01,ATE-STATION-01,CHAMBER-01,1.0,60.0,3.3,168,dark_current_density,OPTICAL,nA/cm2,12.2872,17.1527,44.1575,108.2222,4.8655,9.84,4,36.13,9.08,0.0069,0.0126,61.52,61.9,12.2872,17.1527,44.1575,108.2222,4.8655,10.0,False,NOMINAL,HEALTHY,-29.19,2.48
IMA_LOT02_COMP1164,LOT_02,IMAGE_SENSOR,LCC-20,IMA-SIH-2026,IMAGE_SENSOR_DARK_CURRENT_TEST,T02_1164,PROC-ISRO-IISU-01,ATE-STATION-01,CHAMBER-01,1.0,60.0,3.3,168,dark_current_density,OPTICAL,nA/cm2,13.3795,18.6895,51.7357,141.539,5.31,15.67,4,37.59,5.42,0.0168,-0.0214,59.8,61.94,13.3795,18.6895,51.7357,141.539,5.31,10.0,False,NOMINAL,HEALTHY,40.34,-33.89
IMA_LOT02_COMP1165,LOT_02,IMAGE_SENSOR,LCC-20,IMA-SIH-2026,IMAGE_SENSOR_DARK_CURRENT_TEST,T02_1165,PROC-ISRO-IISU-01,ATE-STATION-01,CHAMBER-01,1.0,60.0,3.3,168,dark_current_density,OPTICAL,nA/cm2,11.8528,17.5216,50.0429,157.615,5.6688,11.28,3,42.21,7.95,-0.0014,-0.0154,63.28,62.77,11.8528,17.5216,50.0429,157.615,5.6688,10.0,False,NOMINAL,HEALTHY,31.94,40.99
IMA_LOT02_COMP1166,LOT_02,IMAGE_SENSOR,LCC-20,IMA-SIH-2026,IMAGE_SENSOR_DARK_CURRENT_TEST,T02_1166,PROC-ISRO-IISU-01,ATE-STATION-01,CHAMBER-01,1.0,60.0,3.3,168,dark_current_density,OPTICAL,nA/cm2,13.3029,17.3013,36.3105,71.8909,3.9984,15.93,8,44.38,9.65,0.0222,-0.0019,61.62,62.59,13.3029,17.3013,36.3105,71.8909,3.9984,10.0,False,NOMINAL,HEALTHY,-35.71,-23.49
IMA_LOT02_COMP1167,LOT_02,IMAGE_SENSOR,LCC-20,IMA-SIH-2026,IMAGE_SENSOR_DARK_CURRENT_TEST,T02_1167,PROC-ISRO-IISU-01,ATE-STATION-01,CHAMBER-01,1.0,60.0,3.3,168,dark_current_density,OPTICAL,nA/cm2,12.489,18.9076,58.3215,199.3735,6.4186,9.21,4,39.84,9.21,-0.0302,-0.026,60.88,60.98,12.489,18.9076,58.3215,199.3735,6.4186,10.0,False,NOMINAL,HEALTHY,-18.75,13.67
IMA_LOT02_COMP1168,LOT_02,IMAGE_SENSOR,LCC-20,IMA-SIH-2026,IMAGE_SENSOR_DARK_CURRENT_TEST,T02_1168,PROC-ISRO-IISU-01,ATE-STATION-01,CHAMBER-01,1.0,60.0,3.3,168,dark_current_density,OPTICAL,nA/cm2,12.1566,18.0307,55.9787,177.1683,5.8741,10.56,3,42.55,8.22,-0.0296,-0.0672,60.69,61.19,12.1566,18.0307,55.9787,177.1683,5.8741,10.0,False,NOMINAL,HEALTHY,-30.47,5.63
IMA_LOT02_COMP1169,LOT_02,IMAGE_SENSOR,LCC-20,IMA-SIH-2026,IMAGE_SENSOR_DARK_CURRENT_TEST,T02_1169,PROC-ISRO-IISU-01,ATE-STATION-01,CHAMBER-01,1.0,60.0,3.3,168,dark_current_density,OPTICAL,nA/cm2,13.1614,16.405,37.6584,82.4939,3.2436,17.97,7,42.08,10.47,0.0337,-0.0449,62.53,63.13,13.1614,16.405,37.6584,82.4939,3.2436,10.0,False,NOMINAL,HEALTHY,3.49,-44.83
IMA_LOT02_COMP1170,LOT_02,IMAGE_SENSOR,LCC-20,IMA-SIH-2026,IMAGE_SENSOR_DARK_CURRENT_TEST,T02_1170,PROC-ISRO-IISU-01,ATE-STATION-01,CHAMBER-01,1.0,60.0,3.3,168,dark_current_density,OPTICAL,nA/cm2,12.994,17.9712,45.6019,124.9164,4.9772,7.59,4,42.92,8.6,0.0145,-0.003,61.49,61.57,12.994,17.9712,45.6019,124.9164,4.9772,10.0,False,NOMINAL,HEALTHY,36.91,1.48
IMA_LOT02_COMP1171,LOT_02,IMAGE_SENSOR,LCC-20,IMA-SIH-2026,IMAGE_SENSOR_DARK_CURRENT_TEST,T02_1171,PROC-ISRO-IISU-01,ATE-STATION-01,CHAMBER-01,1.0,60.0,3.3,168,dark_current_density,OPTICAL,nA/cm2,12.9125,17.6354,45.4002,111.2315,4.7229,13.76,3,41.42,8.37,-0.0025,-0.0107,63.73,60.71,12.9125,17.6354,45.4002,111.2315,4.7229,10.0,False,NOMINAL,HEALTHY,7.88,-36.81
IMA_LOT02_COMP1172,LOT_02,IMAGE_SENSOR,LCC-20,IMA-SIH-2026,IMAGE_SENSOR_DARK_CURRENT_TEST,T02_1172,PROC-ISRO-IISU-01,ATE-STATION-01,CHAMBER-01,1.0,60.0,3.3,168,dark_current_density,OPTICAL,nA/cm2,13.2976,19.996,68.903,245.197,6.6984,8.27,8,44.42,5.81,0.0016,0.0002,60.82,61.94,13.2976,19.996,68.903,245.197,6.6984,10.0,False,NOMINAL,HEALTHY,42.39,23.78
IMA_LOT02_COMP1173,LOT_02,IMAGE_SENSOR,LCC-20,IMA-SIH-2026,IMAGE_SENSOR_DARK_CURRENT_TEST,T02_1173,PROC-ISRO-IISU-01,ATE-STATION-01,CHAMBER-01,1.0,60.0,3.3,168,dark_current_density,OPTICAL,nA/cm2,13.3221,18.2104,45.824,118.6752,4.8883,11.65,5,41.4,8.07,-0.0322,-0.1144,60.76,62.72,13.3221,18.2104,45.824,118.6752,4.8883,10.0,False,NOMINAL,HEALTHY,-7.48,30.87
IMA_LOT02_COMP1174,LOT_02,IMAGE_SENSOR,LCC-20,IMA-SIH-2026,IMAGE_SENSOR_DARK_CURRENT_TEST,T02_1174,PROC-ISRO-IISU-01,ATE-STATION-01,CHAMBER-01,1.0,60.0,3.3,168,dark_current_density,OPTICAL,nA/cm2,13.528,19.7268,62.7753,206.8918,6.1988,9.49,3,44.03,9.5,-0.0327,-0.0441,61.96,61.9,13.528,19.7268,62.7753,206.8918,6.1988,10.0,False,NOMINAL,HEALTHY,8.74,10.55
IMA_LOT02_COMP1175,LOT_02,IMAGE_SENSOR,LCC-20,IMA-SIH-2026,IMAGE_SENSOR_DARK_CURRENT_TEST,T02_1175,PROC-ISRO-IISU-01,ATE-STATION-01,CHAMBER-01,1.0,60.0,3.3,168,dark_current_density,OPTICAL,nA/cm2,12.997,17.2647,39.8707,94.4871,4.2677,11.58,8,42.11,3.34,0.0236,0.0903,60.13,62.26,12.997,17.2647,39.8707,94.4871,4.2677,10.0,False,NOMINAL,HEALTHY,1.95,14.2
IMA_LOT02_COMP1176,LOT_02,IMAGE_SENSOR,LCC-20,IMA-SIH-2026,IMAGE_SENSOR_DARK_CURRENT_TEST,T02_1176,PROC-ISRO-IISU-01,ATE-STATION-01,CHAMBER-01,1.0,60.0,3.3,168,dark_current_density,OPTICAL,nA/cm2,12.6529,18.0312,48.5777,141.2549,5.3783,12.15,6,43.55,8.71,-0.008,-0.0609,62.22,61.07,12.6529,18.0312,48.5777,141.2549,5.3783,10.0,False,NOMINAL,HEALTHY,-13.01,-41.52
IMA_LOT02_COMP1177,LOT_02,IMAGE_SENSOR,LCC-20,IMA-SIH-2026,IMAGE_SENSOR_DARK_CURRENT_TEST,T02_1177,PROC-ISRO-IISU-01,ATE-STATION-01,CHAMBER-01,1.0,60.0,3.3,168,dark_current_density,OPTICAL,nA/cm2,12.7252,17.6073,56.3844,172.221,4.8821,13.29,3,39.98,7.97,0.0061,0.0022,62.76,62.15,12.7252,17.6073,56.3844,172.221,4.8821,10.0,False,NOMINAL,HEALTHY,0.12,38.6
IMA_LOT02_COMP1178,LOT_02,IMAGE_SENSOR,LCC-20,IMA-SIH-2026,IMAGE_SENSOR_DARK_CURRENT_TEST,T02_1178,PROC-ISRO-IISU-01,ATE-STATION-01,CHAMBER-01,1.0,60.0,3.3,168,dark_current_density,OPTICAL,nA/cm2,12.4309,17.4631,47.8756,133.7105,5.0322,16.65,3,41.23,5.23,0.0238,0.0736,64.31,61.49,12.4309,17.4631,47.8756,133.7105,5.0322,10.0,False,NOMINAL,HEALTHY,33.34,39.06
IMA_LOT02_COMP1179,LOT_02,IMAGE_SENSOR,LCC-20,IMA-SIH-2026,IMAGE_SENSOR_DARK_CURRENT_TEST,T02_1179,PROC-ISRO-IISU-01,ATE-STATION-01,CHAMBER-01,1.0,60.0,3.3,168,dark_current_density,OPTICAL,nA/cm2,12.6743,17.9711,48.503,128.3392,5.2968,14.33,7,39.61,6.6,-0.0119,-0.0086,63.11,60.43,12.6743,17.9711,48.503,128.3392,5.2968,10.0,True,DIELECTRIC_OSCILLATION,HEALTHY,0.16,8.42
IMA_LOT02_COMP1180,LOT_02,IMAGE_SENSOR,LCC-20,IMA-SIH-2026,IMAGE_SENSOR_DARK_CURRENT_TEST,T02_1180,PROC-ISRO-IISU-01,ATE-STATION-01,CHAMBER-01,1.0,60.0,3.3,168,dark_current_density,OPTICAL,nA/cm2,12.3829,18.0069,160.1181,1502.7084,5.624,9.01,5,41.13,8.39,0.0228,0.0244,60.53,62.12,12.3829,18.0069,160.1181,1502.7084,5.624,10.0,True,THERMAL_RUNAWAY,HEALTHY,-19.63,-43.92
IMA_LOT02_COMP1181,LOT_02,IMAGE_SENSOR,LCC-20,IMA-SIH-2026,IMAGE_SENSOR_DARK_CURRENT_TEST,T02_1181,PROC-ISRO-IISU-01,ATE-STATION-01,CHAMBER-01,1.0,60.0,3.3,168,dark_current_density,OPTICAL,nA/cm2,12.6556,18.0012,55.2353,154.997,5.3456,13.38,3,38.81,10.27,-0.001,0.0176,60.71,61.28,12.6556,18.0012,55.2353,154.997,5.3456,10.0,False,NOMINAL,HEALTHY,46.77,-35.42
IMA_LOT02_COMP1182,LOT_02,IMAGE_SENSOR,LCC-20,IMA-SIH-2026,IMAGE_SENSOR_DARK_CURRENT_TEST,T02_1182,PROC-ISRO-IISU-01,ATE-STATION-01,CHAMBER-01,1.0,60.0,3.3,168,dark_current_density,OPTICAL,nA/cm2,12.1306,15.3772,34.9396,71.8134,3.2466,9.05,5,41.48,8.21,0.0064,0.1057,63.33,61.45,12.1306,15.3772,34.9396,71.8134,3.2466,10.0,False,NOMINAL,HEALTHY,10.81,44.01
IMA_LOT02_COMP1183,LOT_02,IMAGE_SENSOR,LCC-20,IMA-SIH-2026,IMAGE_SENSOR_DARK_CURRENT_TEST,T02_1183,PROC-ISRO-IISU-01,ATE-STATION-01,CHAMBER-01,1.0,60.0,3.3,168,dark_current_density,OPTICAL,nA/cm2,12.6625,18.1378,55.7141,166.3567,5.4753,13.64,2,43.22,6.59,-0.0007,-0.0511,62.66,61.82,12.6625,18.1378,55.7141,166.3567,5.4753,10.0,False,NOMINAL,HEALTHY,-38.91,-48.89
IMA_LOT02_COMP1184,LOT_02,IMAGE_SENSOR,LCC-20,IMA-SIH-2026,IMAGE_SENSOR_DARK_CURRENT_TEST,T02_1184,PROC-ISRO-IISU-01,ATE-STATION-01,CHAMBER-01,1.0,60.0,3.3,168,dark_current_density,OPTICAL,nA/cm2,12.816,19.1362,59.7478,192.6147,6.3202,8.74,9,40.63,8.08,-0.0416,-0.1022,59.93,61.63,12.816,19.1362,59.7478,192.6147,6.3202,10.0,False,NOMINAL,HEALTHY,-4.68,18.22
IMA_LOT02_COMP1185,LOT_02,IMAGE_SENSOR,LCC-20,IMA-SIH-2026,IMAGE_SENSOR_DARK_CURRENT_TEST,T02_1185,PROC-ISRO-IISU-01,ATE-STATION-01,CHAMBER-01,1.0,60.0,3.3,168,dark_current_density,OPTICAL,nA/cm2,12.0871,18.8282,60.8112,190.4965,6.7411,18.11,6,42.65,7.47,-0.0098,0.0553,63.92,61.14,12.0871,18.8282,60.8112,190.4965,6.7411,10.0,False,NOMINAL,HEALTHY,49.92,26.12
IMA_LOT02_COMP1186,LOT_02,IMAGE_SENSOR,LCC-20,IMA-SIH-2026,IMAGE_SENSOR_DARK_CURRENT_TEST,T02_1186,PROC-ISRO-IISU-01,ATE-STATION-01,CHAMBER-01,1.0,60.0,3.3,168,dark_current_density,OPTICAL,nA/cm2,13.3135,19.5119,68.0877,224.2224,6.1984,6.64,3,41.02,8.81,-0.0067,-0.0995,61.8,61.89,13.3135,19.5119,68.0877,224.2224,6.1984,10.0,False,NOMINAL,HEALTHY,-17.09,10.28
IMA_LOT02_COMP1187,LOT_02,IMAGE_SENSOR,LCC-20,IMA-SIH-2026,IMAGE_SENSOR_DARK_CURRENT_TEST,T02_1187,PROC-ISRO-IISU-01,ATE-STATION-01,CHAMBER-01,1.0,60.0,3.3,168,dark_current_density,OPTICAL,nA/cm2,12.5663,15.8817,32.9416,70.9916,3.3154,11.76,3,43.22,7.69,-0.0158,-0.0349,63.46,61.55,12.5663,15.8817,32.9416,70.9916,3.3154,10.0,False,NOMINAL,HEALTHY,-25.39,10.57
IMA_LOT02_COMP1188,LOT_02,IMAGE_SENSOR,LCC-20,IMA-SIH-2026,IMAGE_SENSOR_DARK_CURRENT_TEST,T02_1188,PROC-ISRO-IISU-01,ATE-STATION-01,CHAMBER-01,1.0,60.0,3.3,168,dark_current_density,OPTICAL,nA/cm2,12.7539,19.5231,63.9102,213.3725,6.7692,13.59,6,43.01,8.41,0.0254,0.0074,61.05,61.52,12.7539,19.5231,63.9102,213.3725,6.7692,10.0,False,NOMINAL,HEALTHY,-27.7,-30.27
IMA_LOT02_COMP1189,LOT_02,IMAGE_SENSOR,LCC-20,IMA-SIH-2026,IMAGE_SENSOR_DARK_CURRENT_TEST,T02_1189,PROC-ISRO-IISU-01,ATE-STATION-01,CHAMBER-01,1.0,60.0,3.3,168,dark_current_density,OPTICAL,nA/cm2,12.7043,17.0377,43.2984,112.0506,4.3334,10.33,4,40.91,8.54,-0.0061,0.0564,62.14,61.35,12.7043,17.0377,43.2984,112.0506,4.3334,10.0,False,NOMINAL,HEALTHY,-20.12,18.14
IMA_LOT02_COMP1190,LOT_02,IMAGE_SENSOR,LCC-20,IMA-SIH-2026,IMAGE_SENSOR_DARK_CURRENT_TEST,T02_1190,PROC-ISRO-IISU-01,ATE-STATION-01,CHAMBER-01,1.0,60.0,3.3,168,dark_current_density,OPTICAL,nA/cm2,13.1146,18.3667,42.0906,96.9681,5.2521,13.13,8,38.0,9.47,-0.019,-0.0154,64.56,62.37,13.1146,18.3667,42.0906,96.9681,5.2521,10.0,False,NOMINAL,HEALTHY,-24.65,-47.9
IMA_LOT02_COMP1191,LOT_02,IMAGE_SENSOR,LCC-20,IMA-SIH-2026,IMAGE_SENSOR_DARK_CURRENT_TEST,T02_1191,PROC-ISRO-IISU-01,ATE-STATION-01,CHAMBER-01,1.0,60.0,3.3,168,dark_current_density,OPTICAL,nA/cm2,12.225,17.4229,54.5094,164.3146,5.1979,6.55,5,42.18,7.64,0.0324,0.045,61.66,62.8,12.225,17.4229,54.5094,164.3146,5.1979,10.0,False,NOMINAL,HEALTHY,39.43,39.74
IMA_LOT02_COMP1192,LOT_02,IMAGE_SENSOR,LCC-20,IMA-SIH-2026,IMAGE_SENSOR_DARK_CURRENT_TEST,T02_1192,PROC-ISRO-IISU-01,ATE-STATION-01,CHAMBER-01,1.0,60.0,3.3,168,dark_current_density,OPTICAL,nA/cm2,12.5002,17.4391,49.0073,138.2326,4.9389,14.49,5,38.53,4.79,-0.0438,-0.0218,59.34,62.53,12.5002,17.4391,49.0073,138.2326,4.9389,10.0,False,NOMINAL,HEALTHY,-39.93,33.56
IMA_LOT02_COMP1193,LOT_02,IMAGE_SENSOR,LCC-20,IMA-SIH-2026,IMAGE_SENSOR_DARK_CURRENT_TEST,T02_1193,PROC-ISRO-IISU-01,ATE-STATION-01,CHAMBER-01,1.0,60.0,3.3,168,dark_current_density,OPTICAL,nA/cm2,12.6333,19.0251,69.4362,256.1193,6.3918,6.87,4,41.68,6.27,-0.0241,-0.146,64.38,60.98,12.6333,19.0251,69.4362,256.1193,6.3918,10.0,False,NOMINAL,HEALTHY,-39.12,22.52
IMA_LOT02_COMP1194,LOT_02,IMAGE_SENSOR,LCC-20,IMA-SIH-2026,IMAGE_SENSOR_DARK_CURRENT_TEST,T02_1194,PROC-ISRO-IISU-01,ATE-STATION-01,CHAMBER-01,1.0,60.0,3.3,168,dark_current_density,OPTICAL,nA/cm2,12.994,18.9999,56.263,162.5293,6.0059,13.8,6,43.34,8.25,-0.0437,-0.1484,60.0,61.79,12.994,18.9999,56.263,162.5293,6.0059,10.0,False,NOMINAL,HEALTHY,18.27,6.91
IMA_LOT02_COMP1195,LOT_02,IMAGE_SENSOR,LCC-20,IMA-SIH-2026,IMAGE_SENSOR_DARK_CURRENT_TEST,T02_1195,PROC-ISRO-IISU-01,ATE-STATION-01,CHAMBER-01,1.0,60.0,3.3,168,dark_current_density,OPTICAL,nA/cm2,13.4566,17.9118,50.1187,129.1247,4.4552,11.02,5,39.51,9.87,0.016,0.0317,62.89,61.92,13.4566,17.9118,50.1187,129.1247,4.4552,10.0,False,NOMINAL,HEALTHY,-17.99,-27.18
IMA_LOT02_COMP1196,LOT_02,IMAGE_SENSOR,LCC-20,IMA-SIH-2026,IMAGE_SENSOR_DARK_CURRENT_TEST,T02_1196,PROC-ISRO-IISU-01,ATE-STATION-01,CHAMBER-01,1.0,60.0,3.3,168,dark_current_density,OPTICAL,nA/cm2,12.7467,16.5094,39.2553,93.9116,3.7627,11.11,1,39.59,8.29,0.0153,-0.0714,62.77,62.47,12.7467,16.5094,39.2553,93.9116,3.7627,10.0,False,NOMINAL,HEALTHY,15.49,19.31
IMA_LOT02_COMP1197,LOT_02,IMAGE_SENSOR,LCC-20,IMA-SIH-2026,IMAGE_SENSOR_DARK_CURRENT_TEST,T02_1197,PROC-ISRO-IISU-01,ATE-STATION-01,CHAMBER-01,1.0,60.0,3.3,168,dark_current_density,OPTICAL,nA/cm2,13.0153,17.7865,39.7477,95.5603,4.7712,12.77,6,42.95,8.0,-0.0044,0.0127,62.12,62.13,13.0153,17.7865,39.7477,95.5603,4.7712,10.0,False,NOMINAL,HEALTHY,42.41,27.9
IMA_LOT02_COMP1198,LOT_02,IMAGE_SENSOR,LCC-20,IMA-SIH-2026,IMAGE_SENSOR_DARK_CURRENT_TEST,T02_1198,PROC-ISRO-IISU-01,ATE-STATION-01,CHAMBER-01,1.0,60.0,3.3,168,dark_current_density,OPTICAL,nA/cm2,13.2106,19.4653,69.3024,254.8309,6.2547,16.33,0,43.35,7.4,-0.0105,0.0313,61.6,62.91,13.2106,19.4653,69.3024,254.8309,6.2547,10.0,False,NOMINAL,HEALTHY,-13.7,42.49
IMA_LOT02_COMP1199,LOT_02,IMAGE_SENSOR,LCC-20,IMA-SIH-2026,IMAGE_SENSOR_DARK_CURRENT_TEST,T02_1199,PROC-ISRO-IISU-01,ATE-STATION-01,CHAMBER-01,1.0,60.0,3.3,168,dark_current_density,OPTICAL,nA/cm2,12.0676,15.5686,45.1873,158.4851,3.501,11.76,8,45.15,6.59,0.0143,-0.0325,60.97,62.81,12.0676,15.5686,45.1873,158.4851,3.501,10.0,True,DARK_CURRENT_SPIKE_GROWTH,HEALTHY,-46.22,44.63
IMA_LOT02_COMP1200,LOT_02,IMAGE_SENSOR,LCC-20,IMA-SIH-2026,IMAGE_SENSOR_DARK_CURRENT_TEST,T02_1200,PROC-ISRO-IISU-01,ATE-STATION-01,CHAMBER-01,1.0,60.0,3.3,168,dark_current_density,OPTICAL,nA/cm2,13.4718,18.2358,40.1579,90.6464,4.764,8.54,4,36.86,8.42,-0.0158,0.0506,61.81,62.55,13.4718,18.2358,40.1579,90.6464,4.764,10.0,False,NOMINAL,HEALTHY,28.73,9.97
IMA_LOT02_COMP1201,LOT_02,IMAGE_SENSOR,LCC-20,IMA-SIH-2026,IMAGE_SENSOR_DARK_CURRENT_TEST,T02_1201,PROC-ISRO-IISU-01,ATE-STATION-01,CHAMBER-01,1.0,60.0,3.3,168,dark_current_density,OPTICAL,nA/cm2,12.1996,17.2703,57.3951,171.9014,5.0707,10.75,3,41.56,9.08,0.0009,-0.0216,62.16,62.42,12.1996,17.2703,57.3951,171.9014,5.0707,10.0,False,NOMINAL,HEALTHY,-4.55,-21.48
IMA_LOT02_COMP1202,LOT_02,IMAGE_SENSOR,LCC-20,IMA-SIH-2026,IMAGE_SENSOR_DARK_CURRENT_TEST,T02_1202,PROC-ISRO-IISU-01,ATE-STATION-01,CHAMBER-01,1.0,60.0,3.3,168,dark_current_density,OPTICAL,nA/cm2,11.4066,16.6773,44.2443,124.7875,5.2707,12.13,7,46.48,4.87,-0.0058,0.0279,63.2,62.28,11.4066,16.6773,44.2443,124.7875,5.2707,10.0,False,NOMINAL,HEALTHY,21.38,-17.28
IMA_LOT02_COMP1203,LOT_02,IMAGE_SENSOR,LCC-20,IMA-SIH-2026,IMAGE_SENSOR_DARK_CURRENT_TEST,T02_1203,PROC-ISRO-IISU-01,ATE-STATION-01,CHAMBER-01,1.0,60.0,3.3,168,dark_current_density,OPTICAL,nA/cm2,13.2952,16.9335,37.4342,82.4076,3.6383,13.04,8,44.79,10.34,0.0044,0.0683,65.36,61.4,13.2952,16.9335,37.4342,82.4076,3.6383,10.0,False,NOMINAL,HEALTHY,-8.73,-34.91
IMA_LOT02_COMP1204,LOT_02,IMAGE_SENSOR,LCC-20,IMA-SIH-2026,IMAGE_SENSOR_DARK_CURRENT_TEST,T02_1204,PROC-ISRO-IISU-01,ATE-STATION-01,CHAMBER-01,1.0,60.0,3.3,168,dark_current_density,OPTICAL,nA/cm2,11.562,15.5763,36.6583,79.375,4.0143,12.26,3,41.29,7.36,-0.0106,-0.0484,62.82,62.35,11.562,15.5763,36.6583,79.375,4.0143,10.0,False,NOMINAL,HEALTHY,-18.27,-29.87
IMA_LOT02_COMP1205,LOT_02,IMAGE_SENSOR,LCC-20,IMA-SIH-2026,IMAGE_SENSOR_DARK_CURRENT_TEST,T02_1205,PROC-ISRO-IISU-01,ATE-STATION-01,CHAMBER-01,1.0,60.0,3.3,168,dark_current_density,OPTICAL,nA/cm2,13.0002,16.8913,34.007,67.4889,3.8911,16.45,9,40.73,10.86,-0.0165,-0.0575,62.07,61.92,13.0002,16.8913,34.007,67.4889,3.8911,10.0,False,NOMINAL,HEALTHY,-38.99,15.95
IMA_LOT02_COMP1206,LOT_02,IMAGE_SENSOR,LCC-20,IMA-SIH-2026,IMAGE_SENSOR_DARK_CURRENT_TEST,T02_1206,PROC-ISRO-IISU-01,ATE-STATION-01,CHAMBER-01,1.0,60.0,3.3,168,dark_current_density,OPTICAL,nA/cm2,12.1336,15.4668,33.3921,75.0294,3.3332,10.0,4,42.9,7.84,0.015,-0.0127,61.22,62.23,12.1336,15.4668,33.3921,75.0294,3.3332,10.0,False,NOMINAL,HEALTHY,-12.91,40.2
IMA_LOT02_COMP1207,LOT_02,IMAGE_SENSOR,LCC-20,IMA-SIH-2026,IMAGE_SENSOR_DARK_CURRENT_TEST,T02_1207,PROC-ISRO-IISU-01,ATE-STATION-01,CHAMBER-01,1.0,60.0,3.3,168,dark_current_density,OPTICAL,nA/cm2,12.3139,18.9967,70.6888,261.9981,6.6828,13.77,2,40.59,5.49,0.0028,0.0176,62.28,61.13,12.3139,18.9967,70.6888,261.9981,6.6828,10.0,False,NOMINAL,HEALTHY,-25.01,41.74
IMA_LOT02_COMP1208,LOT_02,IMAGE_SENSOR,LCC-20,IMA-SIH-2026,IMAGE_SENSOR_DARK_CURRENT_TEST,T02_1208,PROC-ISRO-IISU-01,ATE-STATION-01,CHAMBER-01,1.0,60.0,3.3,168,dark_current_density,OPTICAL,nA/cm2,13.5293,18.7031,55.3603,176.264,5.1738,12.84,7,41.47,8.81,-0.0048,0.0273,61.79,60.99,13.5293,18.7031,55.3603,176.264,5.1738,10.0,False,NOMINAL,HEALTHY,27.9,25.61
IMA_LOT02_COMP1209,LOT_02,IMAGE_SENSOR,LCC-20,IMA-SIH-2026,IMAGE_SENSOR_DARK_CURRENT_TEST,T02_1209,PROC-ISRO-IISU-01,ATE-STATION-01,CHAMBER-01,1.0,60.0,3.3,168,dark_current_density,OPTICAL,nA/cm2,13.0528,18.3437,55.866,170.6097,5.2909,15.64,4,43.27,8.65,-0.0061,-0.0163,61.43,61.81,13.0528,18.3437,55.866,170.6097,5.2909,10.0,False,NOMINAL,HEALTHY,36.67,-14.92
IMA_LOT02_COMP1210,LOT_02,IMAGE_SENSOR,LCC-20,IMA-SIH-2026,IMAGE_SENSOR_DARK_CURRENT_TEST,T02_1210,PROC-ISRO-IISU-01,ATE-STATION-01,CHAMBER-01,1.0,60.0,3.3,168,dark_current_density,OPTICAL,nA/cm2,13.958,19.5876,57.6042,182.868,5.6296,10.32,3,42.09,7.76,0.0167,0.018,62.13,62.42,13.958,19.5876,57.6042,182.868,5.6296,10.0,False,NOMINAL,HEALTHY,-38.69,-11.22
IMA_LOT02_COMP1211,LOT_02,IMAGE_SENSOR,LCC-20,IMA-SIH-2026,IMAGE_SENSOR_DARK_CURRENT_TEST,T02_1211,PROC-ISRO-IISU-01,ATE-STATION-01,CHAMBER-01,1.0,60.0,3.3,168,dark_current_density,OPTICAL,nA/cm2,12.9171,18.9059,65.7655,223.8798,5.9888,16.32,4,43.43,6.81,0.013,0.0112,61.44,62.15,12.9171,18.9059,65.7655,223.8798,5.9888,10.0,False,NOMINAL,HEALTHY,37.17,20.78
IMA_LOT02_COMP1212,LOT_02,IMAGE_SENSOR,LCC-20,IMA-SIH-2026,IMAGE_SENSOR_DARK_CURRENT_TEST,T02_1212,PROC-ISRO-IISU-01,ATE-STATION-01,CHAMBER-01,1.0,60.0,3.3,168,dark_current_density,OPTICAL,nA/cm2,12.9684,18.3577,48.7973,133.3758,5.3893,12.2,1,42.14,8.98,0.0009,0.0577,60.52,62.06,12.9684,18.3577,48.7973,133.3758,5.3893,10.0,False,NOMINAL,HEALTHY,33.76,13.99
IMA_LOT02_COMP1213,LOT_02,IMAGE_SENSOR,LCC-20,IMA-SIH-2026,IMAGE_SENSOR_DARK_CURRENT_TEST,T02_1213,PROC-ISRO-IISU-01,ATE-STATION-01,CHAMBER-01,1.0,60.0,3.3,168,dark_current_density,OPTICAL,nA/cm2,12.6905,18.1279,48.3905,129.3124,5.4374,9.14,5,38.87,10.23,0.0161,-0.006,61.22,61.61,12.6905,18.1279,48.3905,129.3124,5.4374,10.0,False,NOMINAL,HEALTHY,14.01,-17.44
IMA_LOT02_COMP1214,LOT_02,IMAGE_SENSOR,LCC-20,IMA-SIH-2026,IMAGE_SENSOR_DARK_CURRENT_TEST,T02_1214,PROC-ISRO-IISU-01,ATE-STATION-01,CHAMBER-01,1.0,60.0,3.3,168,dark_current_density,OPTICAL,nA/cm2,13.3096,16.2825,31.7288,64.0684,2.9729,9.64,6,41.71,6.12,0.0264,0.03,61.78,61.84,13.3096,16.2825,31.7288,64.0684,2.9729,10.0,False,NOMINAL,HEALTHY,-2.12,-29.12
IMA_LOT02_COMP1215,LOT_02,IMAGE_SENSOR,LCC-20,IMA-SIH-2026,IMAGE_SENSOR_DARK_CURRENT_TEST,T02_1215,PROC-ISRO-IISU-01,ATE-STATION-01,CHAMBER-01,1.0,60.0,3.3,168,dark_current_density,OPTICAL,nA/cm2,12.9268,19.1086,57.5276,176.2323,6.1818,12.8,7,41.24,8.76,-0.0084,-0.0466,62.68,62.11,12.9268,19.1086,57.5276,176.2323,6.1818,10.0,False,NOMINAL,HEALTHY,-44.01,-6.81
IMA_LOT02_COMP1216,LOT_02,IMAGE_SENSOR,LCC-20,IMA-SIH-2026,IMAGE_SENSOR_DARK_CURRENT_TEST,T02_1216,PROC-ISRO-IISU-01,ATE-STATION-01,CHAMBER-01,1.0,60.0,3.3,168,dark_current_density,OPTICAL,nA/cm2,12.2893,16.3243,38.171,86.0994,4.035,7.64,7,41.13,8.52,-0.0376,0.0424,60.33,62.38,12.2893,16.3243,38.171,86.0994,4.035,10.0,False,NOMINAL,HEALTHY,-29.8,-11.53
IMA_LOT02_COMP1217,LOT_02,IMAGE_SENSOR,LCC-20,IMA-SIH-2026,IMAGE_SENSOR_DARK_CURRENT_TEST,T02_1217,PROC-ISRO-IISU-01,ATE-STATION-01,CHAMBER-01,1.0,60.0,3.3,168,dark_current_density,OPTICAL,nA/cm2,12.236,18.3716,65.8721,238.949,6.1356,6.79,7,44.74,9.95,0.0036,0.0214,59.89,61.62,12.236,18.3716,65.8721,238.949,6.1356,10.0,False,NOMINAL,HEALTHY,21.12,-40.44
IMA_LOT02_COMP1218,LOT_02,IMAGE_SENSOR,LCC-20,IMA-SIH-2026,IMAGE_SENSOR_DARK_CURRENT_TEST,T02_1218,PROC-ISRO-IISU-01,ATE-STATION-01,CHAMBER-01,1.0,60.0,3.3,168,dark_current_density,OPTICAL,nA/cm2,12.1815,15.7428,31.544,61.5702,3.5613,9.85,6,41.13,7.87,-0.0121,0.0047,59.71,61.56,12.1815,15.7428,31.544,61.5702,3.5613,10.0,False,NOMINAL,HEALTHY,-32.64,-35.26
IMA_LOT02_COMP1219,LOT_02,IMAGE_SENSOR,LCC-20,IMA-SIH-2026,IMAGE_SENSOR_DARK_CURRENT_TEST,T02_1219,PROC-ISRO-IISU-01,ATE-STATION-01,CHAMBER-01,1.0,60.0,3.3,168,dark_current_density,OPTICAL,nA/cm2,11.9093,14.954,29.4666,56.6389,3.0447,15.75,5,47.48,10.72,-0.0211,-0.0435,63.29,62.93,11.9093,14.954,29.4666,56.6389,3.0447,10.0,False,NOMINAL,HEALTHY,-21.67,30.53
IMA_LOT02_COMP1220,LOT_02,IMAGE_SENSOR,LCC-20,IMA-SIH-2026,IMAGE_SENSOR_DARK_CURRENT_TEST,T02_1220,PROC-ISRO-IISU-01,ATE-STATION-01,CHAMBER-01,1.0,60.0,3.3,168,dark_current_density,OPTICAL,nA/cm2,12.6175,18.2961,60.415,203.8727,5.6786,11.04,6,43.74,7.84,-0.0011,0.0218,64.16,63.17,12.6175,18.2961,60.415,203.8727,5.6786,10.0,False,NOMINAL,HEALTHY,-26.56,13.09
IMA_LOT02_COMP1221,LOT_02,IMAGE_SENSOR,LCC-20,IMA-SIH-2026,IMAGE_SENSOR_DARK_CURRENT_TEST,T02_1221,PROC-ISRO-IISU-01,ATE-STATION-01,CHAMBER-01,1.0,60.0,3.3,168,dark_current_density,OPTICAL,nA/cm2,12.3889,15.2539,30.0582,59.3449,2.865,8.14,4,43.49,9.14,0.0301,0.0643,61.64,63.28,12.3889,15.2539,30.0582,59.3449,2.865,10.0,False,NOMINAL,HEALTHY,-12.92,31.77
IMA_LOT02_COMP1222,LOT_02,IMAGE_SENSOR,LCC-20,IMA-SIH-2026,IMAGE_SENSOR_DARK_CURRENT_TEST,T02_1222,PROC-ISRO-IISU-01,ATE-STATION-01,CHAMBER-01,1.0,60.0,3.3,168,dark_current_density,OPTICAL,nA/cm2,12.8772,17.1769,37.3506,86.1107,4.2997,15.94,7,40.96,7.7,-0.0145,0.0124,63.08,61.57,12.8772,17.1769,37.3506,86.1107,4.2997,10.0,False,NOMINAL,HEALTHY,-34.56,-47.72
IMA_LOT02_COMP1223,LOT_02,IMAGE_SENSOR,LCC-20,IMA-SIH-2026,IMAGE_SENSOR_DARK_CURRENT_TEST,T02_1223,PROC-ISRO-IISU-01,ATE-STATION-01,CHAMBER-01,1.0,60.0,3.3,168,dark_current_density,OPTICAL,nA/cm2,12.3013,15.239,29.8313,59.4545,2.9377,17.5,4,41.53,9.2,-0.0156,-0.0114,62.32,61.99,12.3013,15.239,29.8313,59.4545,2.9377,10.0,False,NOMINAL,HEALTHY,-10.45,12.11
IMA_LOT02_COMP1224,LOT_02,IMAGE_SENSOR,LCC-20,IMA-SIH-2026,IMAGE_SENSOR_DARK_CURRENT_TEST,T02_1224,PROC-ISRO-IISU-01,ATE-STATION-01,CHAMBER-01,1.0,60.0,3.3,168,dark_current_density,OPTICAL,nA/cm2,12.4039,18.2852,59.5857,189.0775,5.8813,12.39,10,37.53,7.67,-0.0219,-0.0602,60.76,61.58,12.4039,18.2852,59.5857,189.0775,5.8813,10.0,False,NOMINAL,HEALTHY,32.7,-26.85
IMA_LOT02_COMP1225,LOT_02,IMAGE_SENSOR,LCC-20,IMA-SIH-2026,IMAGE_SENSOR_DARK_CURRENT_TEST,T02_1225,PROC-ISRO-IISU-01,ATE-STATION-01,CHAMBER-01,1.0,60.0,3.3,168,dark_current_density,OPTICAL,nA/cm2,12.8247,17.6318,46.7881,135.1309,4.8071,14.38,1,44.23,7.92,0.0433,0.0508,62.95,61.44,12.8247,17.6318,46.7881,135.1309,4.8071,10.0,False,NOMINAL,HEALTHY,-23.58,-9.36
IMA_LOT02_COMP1226,LOT_02,IMAGE_SENSOR,LCC-20,IMA-SIH-2026,IMAGE_SENSOR_DARK_CURRENT_TEST,T02_1226,PROC-ISRO-IISU-01,ATE-STATION-01,CHAMBER-01,1.0,60.0,3.3,168,dark_current_density,OPTICAL,nA/cm2,13.3271,18.4779,52.815,142.9607,5.1508,7.43,5,41.12,7.22,0.0153,0.0313,61.93,62.07,13.3271,18.4779,52.815,142.9607,5.1508,10.0,False,NOMINAL,HEALTHY,-31.48,-11.42
IMA_LOT02_COMP1227,LOT_02,IMAGE_SENSOR,LCC-20,IMA-SIH-2026,IMAGE_SENSOR_DARK_CURRENT_TEST,T02_1227,PROC-ISRO-IISU-01,ATE-STATION-01,CHAMBER-01,1.0,60.0,3.3,168,dark_current_density,OPTICAL,nA/cm2,12.5614,16.8861,37.3271,85.5891,4.3247,12.2,4,42.65,5.27,0.0348,0.0212,60.95,61.85,12.5614,16.8861,37.3271,85.5891,4.3247,10.0,False,NOMINAL,HEALTHY,-44.16,17.32
IMA_LOT02_COMP1228,LOT_02,IMAGE_SENSOR,LCC-20,IMA-SIH-2026,IMAGE_SENSOR_DARK_CURRENT_TEST,T02_1228,PROC-ISRO-IISU-01,ATE-STATION-01,CHAMBER-01,1.0,60.0,3.3,168,dark_current_density,OPTICAL,nA/cm2,12.5799,19.0815,62.8437,221.6437,6.5016,19.83,4,43.15,6.76,0.0101,-0.0311,63.5,61.23,12.5799,19.0815,62.8437,221.6437,6.5016,10.0,False,NOMINAL,HEALTHY,6.87,-39.08
IMA_LOT02_COMP1229,LOT_02,IMAGE_SENSOR,LCC-20,IMA-SIH-2026,IMAGE_SENSOR_DARK_CURRENT_TEST,T02_1229,PROC-ISRO-IISU-01,ATE-STATION-01,CHAMBER-01,1.0,60.0,3.3,168,dark_current_density,OPTICAL,nA/cm2,12.7649,19.6347,70.7742,257.6785,6.8698,9.93,11,42.27,8.59,0.0101,-0.0485,60.0,61.27,12.7649,19.6347,70.7742,257.6785,6.8698,10.0,False,NOMINAL,HEALTHY,0.37,-49.45
IMA_LOT02_COMP1230,LOT_02,IMAGE_SENSOR,LCC-20,IMA-SIH-2026,IMAGE_SENSOR_DARK_CURRENT_TEST,T02_1230,PROC-ISRO-IISU-01,ATE-STATION-01,CHAMBER-01,1.0,60.0,3.3,168,dark_current_density,OPTICAL,nA/cm2,13.1287,20.5026,68.2876,235.4421,7.3739,8.02,3,40.3,9.03,0.006,-0.0795,63.2,61.36,13.1287,20.5026,68.2876,235.4421,7.3739,10.0,False,NOMINAL,HEALTHY,-19.08,-14.93
IMA_LOT02_COMP1231,LOT_02,IMAGE_SENSOR,LCC-20,IMA-SIH-2026,IMAGE_SENSOR_DARK_CURRENT_TEST,T02_1231,PROC-ISRO-IISU-01,ATE-STATION-01,CHAMBER-01,1.0,60.0,3.3,168,dark_current_density,OPTICAL,nA/cm2,12.9673,18.4346,57.8844,171.631,5.4673,11.37,4,40.59,8.61,-0.0161,-0.0591,62.46,61.11,12.9673,18.4346,57.8844,171.631,5.4673,10.0,False,NOMINAL,HEALTHY,-43.45,27.17
IMA_LOT02_COMP1232,LOT_02,IMAGE_SENSOR,LCC-20,IMA-SIH-2026,IMAGE_SENSOR_DARK_CURRENT_TEST,T02_1232,PROC-ISRO-IISU-01,ATE-STATION-01,CHAMBER-01,1.0,60.0,3.3,168,dark_current_density,OPTICAL,nA/cm2,12.1715,16.4841,36.6703,84.5834,4.3126,16.16,5,42.79,6.7,-0.0032,-0.0034,61.81,61.28,12.1715,16.4841,36.6703,84.5834,4.3126,10.0,True,DIELECTRIC_OSCILLATION,HEALTHY,-21.16,25.86
IMA_LOT02_COMP1233,LOT_02,IMAGE_SENSOR,LCC-20,IMA-SIH-2026,IMAGE_SENSOR_DARK_CURRENT_TEST,T02_1233,PROC-ISRO-IISU-01,ATE-STATION-01,CHAMBER-01,1.0,60.0,3.3,168,dark_current_density,OPTICAL,nA/cm2,12.9321,18.1289,50.1399,137.4181,5.1968,12.02,4,41.16,7.3,0.0088,0.065,61.14,62.34,12.9321,18.1289,50.1399,137.4181,5.1968,10.0,False,NOMINAL,HEALTHY,11.59,4.51
IMA_LOT02_COMP1234,LOT_02,IMAGE_SENSOR,LCC-20,IMA-SIH-2026,IMAGE_SENSOR_DARK_CURRENT_TEST,T02_1234,PROC-ISRO-IISU-01,ATE-STATION-01,CHAMBER-01,1.0,60.0,3.3,168,dark_current_density,OPTICAL,nA/cm2,12.5631,17.2623,40.8917,95.0926,4.6992,12.77,7,40.06,9.87,0.0434,-0.0203,58.83,62.42,12.5631,17.2623,40.8917,95.0926,4.6992,10.0,False,NOMINAL,HEALTHY,10.09,28.46
IMA_LOT02_COMP1235,LOT_02,IMAGE_SENSOR,LCC-20,IMA-SIH-2026,IMAGE_SENSOR_DARK_CURRENT_TEST,T02_1235,PROC-ISRO-IISU-01,ATE-STATION-01,CHAMBER-01,1.0,60.0,3.3,168,dark_current_density,OPTICAL,nA/cm2,13.7362,18.64,73.1805,349.0895,4.9038,15.14,4,40.68,8.55,-0.0153,-0.0472,61.33,61.81,13.7362,18.64,73.1805,349.0895,4.9038,10.0,True,DARK_CURRENT_SPIKE_GROWTH,HEALTHY,2.3,0.92
IMA_LOT02_COMP1236,LOT_02,IMAGE_SENSOR,LCC-20,IMA-SIH-2026,IMAGE_SENSOR_DARK_CURRENT_TEST,T02_1236,PROC-ISRO-IISU-01,ATE-STATION-01,CHAMBER-01,1.0,60.0,3.3,168,dark_current_density,OPTICAL,nA/cm2,12.9935,16.4777,41.1522,93.0905,3.4842,7.81,6,40.3,5.55,-0.0359,-0.0483,60.13,61.95,12.9935,16.4777,41.1522,93.0905,3.4842,10.0,False,NOMINAL,HEALTHY,-45.2,44.38
IMA_LOT02_COMP1237,LOT_02,IMAGE_SENSOR,LCC-20,IMA-SIH-2026,IMAGE_SENSOR_DARK_CURRENT_TEST,T02_1237,PROC-ISRO-IISU-01,ATE-STATION-01,CHAMBER-01,1.0,60.0,3.3,168,dark_current_density,OPTICAL,nA/cm2,13.0226,19.9953,68.4959,229.6642,6.9727,12.43,2,40.6,6.83,-0.0235,-0.1138,61.26,61.35,13.0226,19.9953,68.4959,229.6642,6.9727,10.0,False,NOMINAL,HEALTHY,28.04,45.44
IMA_LOT02_COMP1238,LOT_02,IMAGE_SENSOR,LCC-20,IMA-SIH-2026,IMAGE_SENSOR_DARK_CURRENT_TEST,T02_1238,PROC-ISRO-IISU-01,ATE-STATION-01,CHAMBER-01,1.0,60.0,3.3,168,dark_current_density,OPTICAL,nA/cm2,12.3412,15.6598,31.6289,62.8617,3.3186,7.76,7,38.82,8.57,0.0083,-0.0223,58.66,61.83,12.3412,15.6598,31.6289,62.8617,3.3186,10.0,False,NOMINAL,HEALTHY,27.93,-18.09
IMA_LOT02_COMP1239,LOT_02,IMAGE_SENSOR,LCC-20,IMA-SIH-2026,IMAGE_SENSOR_DARK_CURRENT_TEST,T02_1239,PROC-ISRO-IISU-01,ATE-STATION-01,CHAMBER-01,1.0,60.0,3.3,168,dark_current_density,OPTICAL,nA/cm2,12.6245,19.6125,70.8192,242.1815,6.988,12.86,7,41.22,8.85,-0.0117,0.0447,64.1,61.37,12.6245,19.6125,70.8192,242.1815,6.988,10.0,False,NOMINAL,HEALTHY,-46.57,-20.38
IMA_LOT02_COMP1240,LOT_02,IMAGE_SENSOR,LCC-20,IMA-SIH-2026,IMAGE_SENSOR_DARK_CURRENT_TEST,T02_1240,PROC-ISRO-IISU-01,ATE-STATION-01,CHAMBER-01,1.0,60.0,3.3,168,dark_current_density,OPTICAL,nA/cm2,12.0784,18.2912,61.1721,207.1077,6.2128,13.13,5,43.48,8.26,-0.0518,-0.0171,61.43,61.74,12.0784,18.2912,61.1721,207.1077,6.2128,10.0,False,NOMINAL,HEALTHY,-19.44,4.23
IMA_LOT02_COMP1241,LOT_02,IMAGE_SENSOR,LCC-20,IMA-SIH-2026,IMAGE_SENSOR_DARK_CURRENT_TEST,T02_1241,PROC-ISRO-IISU-01,ATE-STATION-01,CHAMBER-01,1.0,60.0,3.3,168,dark_current_density,OPTICAL,nA/cm2,12.0436,16.8167,36.4439,81.5984,4.7731,18.08,5,44.73,7.65,0.021,0.0821,61.23,62.64,12.0436,16.8167,36.4439,81.5984,4.7731,10.0,False,NOMINAL,HEALTHY,39.18,16.46
IMA_LOT02_COMP1242,LOT_02,IMAGE_SENSOR,LCC-20,IMA-SIH-2026,IMAGE_SENSOR_DARK_CURRENT_TEST,T02_1242,PROC-ISRO-IISU-01,ATE-STATION-01,CHAMBER-01,1.0,60.0,3.3,168,dark_current_density,OPTICAL,nA/cm2,12.109,16.4784,38.1899,86.0836,4.3694,13.19,5,41.4,8.8,-0.0144,-0.0312,60.77,62.38,12.109,16.4784,38.1899,86.0836,4.3694,10.0,False,NOMINAL,HEALTHY,-8.64,48.53
IMA_LOT02_COMP1243,LOT_02,IMAGE_SENSOR,LCC-20,IMA-SIH-2026,IMAGE_SENSOR_DARK_CURRENT_TEST,T02_1243,PROC-ISRO-IISU-01,ATE-STATION-01,CHAMBER-01,1.0,60.0,3.3,168,dark_current_density,OPTICAL,nA/cm2,12.797,16.3563,38.3089,85.1614,3.5593,16.19,3,44.79,6.55,0.0075,0.0074,63.39,62.08,12.797,16.3563,38.3089,85.1614,3.5593,10.0,False,NOMINAL,HEALTHY,-21.77,-10.46
IMA_LOT02_COMP1244,LOT_02,IMAGE_SENSOR,LCC-20,IMA-SIH-2026,IMAGE_SENSOR_DARK_CURRENT_TEST,T02_1244,PROC-ISRO-IISU-01,ATE-STATION-01,CHAMBER-01,1.0,60.0,3.3,168,dark_current_density,OPTICAL,nA/cm2,12.3423,17.3793,44.9194,119.9759,5.037,13.43,1,40.48,10.68,-0.0341,0.023,62.68,61.18,12.3423,17.3793,44.9194,119.9759,5.037,10.0,False,NOMINAL,HEALTHY,26.22,-15.42
IMA_LOT02_COMP1245,LOT_02,IMAGE_SENSOR,LCC-20,IMA-SIH-2026,IMAGE_SENSOR_DARK_CURRENT_TEST,T02_1245,PROC-ISRO-IISU-01,ATE-STATION-01,CHAMBER-01,1.0,60.0,3.3,168,dark_current_density,OPTICAL,nA/cm2,12.2193,16.8562,41.8216,103.4074,4.6369,12.4,6,41.71,7.4,0.0409,0.0477,62.28,62.16,12.2193,16.8562,41.8216,103.4074,4.6369,10.0,False,NOMINAL,HEALTHY,7.76,31.22
IMA_LOT02_COMP1246,LOT_02,IMAGE_SENSOR,LCC-20,IMA-SIH-2026,IMAGE_SENSOR_DARK_CURRENT_TEST,T02_1246,PROC-ISRO-IISU-01,ATE-STATION-01,CHAMBER-01,1.0,60.0,3.3,168,dark_current_density,OPTICAL,nA/cm2,12.9992,16.9934,41.3648,104.2254,3.9942,11.73,3,39.56,6.16,-0.0307,-0.0698,62.9,61.75,12.9992,16.9934,41.3648,104.2254,3.9942,10.0,False,NOMINAL,HEALTHY,-7.26,-9.39
IMA_LOT02_COMP1247,LOT_02,IMAGE_SENSOR,LCC-20,IMA-SIH-2026,IMAGE_SENSOR_DARK_CURRENT_TEST,T02_1247,PROC-ISRO-IISU-01,ATE-STATION-01,CHAMBER-01,1.0,60.0,3.3,168,dark_current_density,OPTICAL,nA/cm2,13.9049,19.3274,56.848,177.5866,5.4225,14.02,1,38.19,6.38,-0.0217,0.0076,61.2,62.31,13.9049,19.3274,56.848,177.5866,5.4225,10.0,False,NOMINAL,HEALTHY,-9.46,31.05
IMA_LOT02_COMP1248,LOT_02,IMAGE_SENSOR,LCC-20,IMA-SIH-2026,IMAGE_SENSOR_DARK_CURRENT_TEST,T02_1248,PROC-ISRO-IISU-01,ATE-STATION-01,CHAMBER-01,1.0,60.0,3.3,168,dark_current_density,OPTICAL,nA/cm2,12.3878,18.6271,52.9245,161.1185,6.2393,13.53,7,43.68,7.96,-0.0307,-0.0019,64.45,62.84,12.3878,18.6271,52.9245,161.1185,6.2393,10.0,False,NOMINAL,HEALTHY,-2.02,11.55
IMA_LOT02_COMP1249,LOT_02,IMAGE_SENSOR,LCC-20,IMA-SIH-2026,IMAGE_SENSOR_DARK_CURRENT_TEST,T02_1249,PROC-ISRO-IISU-01,ATE-STATION-01,CHAMBER-01,1.0,60.0,3.3,168,dark_current_density,OPTICAL,nA/cm2,12.2847,18.3001,63.5719,210.4279,6.0154,13.73,8,46.13,7.96,-0.0113,-0.1128,61.87,62.67,12.2847,18.3001,63.5719,210.4279,6.0154,10.0,False,NOMINAL,HEALTHY,-32.28,-8.14
IMA_LOT02_COMP1250,LOT_02,IMAGE_SENSOR,LCC-20,IMA-SIH-2026,IMAGE_SENSOR_DARK_CURRENT_TEST,T02_1250,PROC-ISRO-IISU-01,ATE-STATION-01,CHAMBER-01,1.0,60.0,3.3,168,dark_current_density,OPTICAL,nA/cm2,12.5515,16.2326,40.4856,89.9926,3.6811,17.61,6,40.18,10.54,-0.0208,-0.0877,63.21,61.99,12.5515,16.2326,40.4856,89.9926,3.6811,10.0,False,NOMINAL,HEALTHY,22.87,8.18
IMA_LOT02_COMP1251,LOT_02,IMAGE_SENSOR,LCC-20,IMA-SIH-2026,IMAGE_SENSOR_DARK_CURRENT_TEST,T02_1251,PROC-ISRO-IISU-01,ATE-STATION-01,CHAMBER-01,1.0,60.0,3.3,168,dark_current_density,OPTICAL,nA/cm2,12.6654,16.7815,43.9965,119.3297,4.1161,15.81,8,46.98,10.3,0.0081,0.0046,60.52,61.64,12.6654,16.7815,43.9965,119.3297,4.1161,10.0,False,NOMINAL,HEALTHY,-8.78,-13.89
IMA_LOT02_COMP1252,LOT_02,IMAGE_SENSOR,LCC-20,IMA-SIH-2026,IMAGE_SENSOR_DARK_CURRENT_TEST,T02_1252,PROC-ISRO-IISU-01,ATE-STATION-01,CHAMBER-01,1.0,60.0,3.3,168,dark_current_density,OPTICAL,nA/cm2,12.3887,15.7553,33.8861,67.1557,3.3666,15.83,3,36.5,8.19,0.0092,-0.0587,62.39,62.18,12.3887,15.7553,33.8861,67.1557,3.3666,10.0,False,NOMINAL,HEALTHY,-11.6,-18.8
IMA_LOT02_COMP1253,LOT_02,IMAGE_SENSOR,LCC-20,IMA-SIH-2026,IMAGE_SENSOR_DARK_CURRENT_TEST,T02_1253,PROC-ISRO-IISU-01,ATE-STATION-01,CHAMBER-01,1.0,60.0,3.3,168,dark_current_density,OPTICAL,nA/cm2,12.9136,16.6344,40.1502,103.4379,3.7208,11.47,2,41.51,6.08,-0.0107,0.031,62.02,62.51,12.9136,16.6344,40.1502,103.4379,3.7208,10.0,False,NOMINAL,HEALTHY,-14.48,-2.19
IMA_LOT02_COMP1254,LOT_02,IMAGE_SENSOR,LCC-20,IMA-SIH-2026,IMAGE_SENSOR_DARK_CURRENT_TEST,T02_1254,PROC-ISRO-IISU-01,ATE-STATION-01,CHAMBER-01,1.0,60.0,3.3,168,dark_current_density,OPTICAL,nA/cm2,12.5066,19.1901,68.8928,222.5916,6.6835,13.81,5,41.83,4.62,-0.0116,0.1081,63.55,63.48,12.5066,19.1901,68.8928,222.5916,6.6835,10.0,False,NOMINAL,HEALTHY,-17.33,-38.83
IMA_LOT02_COMP1255,LOT_02,IMAGE_SENSOR,LCC-20,IMA-SIH-2026,IMAGE_SENSOR_DARK_CURRENT_TEST,T02_1255,PROC-ISRO-IISU-01,ATE-STATION-01,CHAMBER-01,1.0,60.0,3.3,168,dark_current_density,OPTICAL,nA/cm2,13.0077,17.5923,45.6143,128.1422,4.5846,10.69,2,46.55,10.5,0.0157,-0.0483,62.82,61.34,13.0077,17.5923,45.6143,128.1422,4.5846,10.0,False,NOMINAL,HEALTHY,8.22,45.4
IMA_LOT02_COMP1256,LOT_02,IMAGE_SENSOR,LCC-20,IMA-SIH-2026,IMAGE_SENSOR_DARK_CURRENT_TEST,T02_1256,PROC-ISRO-IISU-01,ATE-STATION-01,CHAMBER-01,1.0,60.0,3.3,168,dark_current_density,OPTICAL,nA/cm2,13.1939,18.1817,43.1636,109.7975,4.9878,16.1,6,43.81,9.18,-0.0001,0.0325,62.92,62.25,13.1939,18.1817,43.1636,109.7975,4.9878,10.0,False,NOMINAL,HEALTHY,20.05,-12.67
IMA_LOT02_COMP1257,LOT_02,IMAGE_SENSOR,LCC-20,IMA-SIH-2026,IMAGE_SENSOR_DARK_CURRENT_TEST,T02_1257,PROC-ISRO-IISU-01,ATE-STATION-01,CHAMBER-01,1.0,60.0,3.3,168,dark_current_density,OPTICAL,nA/cm2,13.2427,18.5971,56.5264,173.8561,5.3544,10.34,2,37.82,5.68,0.0149,0.0503,60.45,62.03,13.2427,18.5971,56.5264,173.8561,5.3544,10.0,False,NOMINAL,HEALTHY,-2.71,-33.43
IMA_LOT02_COMP1258,LOT_02,IMAGE_SENSOR,LCC-20,IMA-SIH-2026,IMAGE_SENSOR_DARK_CURRENT_TEST,T02_1258,PROC-ISRO-IISU-01,ATE-STATION-01,CHAMBER-01,1.0,60.0,3.3,168,dark_current_density,OPTICAL,nA/cm2,12.1817,17.7615,49.4594,139.8388,5.5798,14.19,4,42.06,6.98,-0.0073,-0.0354,63.03,62.15,12.1817,17.7615,49.4594,139.8388,5.5798,10.0,False,NOMINAL,HEALTHY,44.25,37.48
IMA_LOT02_COMP1259,LOT_02,IMAGE_SENSOR,LCC-20,IMA-SIH-2026,IMAGE_SENSOR_DARK_CURRENT_TEST,T02_1259,PROC-ISRO-IISU-01,ATE-STATION-01,CHAMBER-01,1.0,60.0,3.3,168,dark_current_density,OPTICAL,nA/cm2,12.8567,19.0642,57.4969,180.0454,6.2075,16.24,7,42.26,7.76,0.0083,-0.0593,60.59,61.8,12.8567,19.0642,57.4969,180.0454,6.2075,10.0,True,DIELECTRIC_OSCILLATION,HEALTHY,-13.19,4.63
IMA_LOT02_COMP1260,LOT_02,IMAGE_SENSOR,LCC-20,IMA-SIH-2026,IMAGE_SENSOR_DARK_CURRENT_TEST,T02_1260,PROC-ISRO-IISU-01,ATE-STATION-01,CHAMBER-01,1.0,60.0,3.3,168,dark_current_density,OPTICAL,nA/cm2,12.1282,16.7778,45.4762,123.4909,4.6496,16.69,8,41.45,8.52,0.0186,0.0594,62.61,62.16,12.1282,16.7778,45.4762,123.4909,4.6496,10.0,False,NOMINAL,HEALTHY,-28.22,-37.16
IMA_LOT02_COMP1261,LOT_02,IMAGE_SENSOR,LCC-20,IMA-SIH-2026,IMAGE_SENSOR_DARK_CURRENT_TEST,T02_1261,PROC-ISRO-IISU-01,ATE-STATION-01,CHAMBER-01,1.0,60.0,3.3,168,dark_current_density,OPTICAL,nA/cm2,13.1166,19.698,57.2817,159.8505,6.5814,16.37,3,41.7,10.79,0.0134,-0.0769,62.11,61.66,13.1166,19.698,57.2817,159.8505,6.5814,10.0,False,NOMINAL,HEALTHY,-2.19,-37.17
IMA_LOT02_COMP1262,LOT_02,IMAGE_SENSOR,LCC-20,IMA-SIH-2026,IMAGE_SENSOR_DARK_CURRENT_TEST,T02_1262,PROC-ISRO-IISU-01,ATE-STATION-01,CHAMBER-01,1.0,60.0,3.3,168,dark_current_density,OPTICAL,nA/cm2,12.4329,18.3748,53.7862,162.2341,5.9419,11.38,5,41.6,7.42,0.0151,0.0386,60.99,61.93,12.4329,18.3748,53.7862,162.2341,5.9419,10.0,False,NOMINAL,HEALTHY,23.17,-37.04
IMA_LOT02_COMP1263,LOT_02,IMAGE_SENSOR,LCC-20,IMA-SIH-2026,IMAGE_SENSOR_DARK_CURRENT_TEST,T02_1263,PROC-ISRO-IISU-01,ATE-STATION-01,CHAMBER-01,1.0,60.0,3.3,168,dark_current_density,OPTICAL,nA/cm2,11.5943,15.6909,35.5398,83.8661,4.0966,14.82,4,42.47,9.96,0.0348,0.1814,63.33,62.25,11.5943,15.6909,35.5398,83.8661,4.0966,10.0,False,NOMINAL,HEALTHY,6.23,33.57
IMA_LOT02_COMP1264,LOT_02,IMAGE_SENSOR,LCC-20,IMA-SIH-2026,IMAGE_SENSOR_DARK_CURRENT_TEST,T02_1264,PROC-ISRO-IISU-01,ATE-STATION-01,CHAMBER-01,1.0,60.0,3.3,168,dark_current_density,OPTICAL,nA/cm2,13.1855,20.3581,73.1707,255.0297,7.1726,14.3,8,42.77,8.1,0.0182,0.0547,62.87,62.05,13.1855,20.3581,73.1707,255.0297,7.1726,10.0,False,NOMINAL,HEALTHY,-45.74,-38.51
IMA_LOT02_COMP1265,LOT_02,IMAGE_SENSOR,LCC-20,IMA-SIH-2026,IMAGE_SENSOR_DARK_CURRENT_TEST,T02_1265,PROC-ISRO-IISU-01,ATE-STATION-01,CHAMBER-01,1.0,60.0,3.3,168,dark_current_density,OPTICAL,nA/cm2,12.4968,17.8769,49.1701,145.3092,5.3801,11.9,6,37.64,8.81,-0.0096,-0.0116,64.09,61.85,12.4968,17.8769,49.1701,145.3092,5.3801,10.0,False,NOMINAL,HEALTHY,12.64,23.11
IMA_LOT02_COMP1266,LOT_02,IMAGE_SENSOR,LCC-20,IMA-SIH-2026,IMAGE_SENSOR_DARK_CURRENT_TEST,T02_1266,PROC-ISRO-IISU-01,ATE-STATION-01,CHAMBER-01,1.0,60.0,3.3,168,dark_current_density,OPTICAL,nA/cm2,12.4983,17.1027,42.8287,103.0733,4.6044,12.93,3,42.09,7.86,-0.0089,-0.0358,61.23,61.6,12.4983,17.1027,42.8287,103.0733,4.6044,10.0,False,NOMINAL,HEALTHY,34.25,45.4
IMA_LOT02_COMP1267,LOT_02,IMAGE_SENSOR,LCC-20,IMA-SIH-2026,IMAGE_SENSOR_DARK_CURRENT_TEST,T02_1267,PROC-ISRO-IISU-01,ATE-STATION-01,CHAMBER-01,1.0,60.0,3.3,168,dark_current_density,OPTICAL,nA/cm2,12.6414,16.5647,31.1896,62.4488,3.9233,15.63,4,42.05,9.38,0.0018,0.0295,61.04,62.53,12.6414,16.5647,31.1896,62.4488,3.9233,10.0,False,NOMINAL,HEALTHY,-23.45,-8.43
IMA_LOT02_COMP1268,LOT_02,IMAGE_SENSOR,LCC-20,IMA-SIH-2026,IMAGE_SENSOR_DARK_CURRENT_TEST,T02_1268,PROC-ISRO-IISU-01,ATE-STATION-01,CHAMBER-01,1.0,60.0,3.3,168,dark_current_density,OPTICAL,nA/cm2,12.7054,19.8463,70.4214,239.6555,7.1409,11.1,7,36.44,8.39,0.0396,0.0288,61.66,62.25,12.7054,19.8463,70.4214,239.6555,7.1409,10.0,False,NOMINAL,HEALTHY,-48.55,13.73
IMA_LOT02_COMP1269,LOT_02,IMAGE_SENSOR,LCC-20,IMA-SIH-2026,IMAGE_SENSOR_DARK_CURRENT_TEST,T02_1269,PROC-ISRO-IISU-01,ATE-STATION-01,CHAMBER-01,1.0,60.0,3.3,168,dark_current_density,OPTICAL,nA/cm2,12.5549,17.0827,35.7438,79.1136,4.5278,17.73,5,43.39,7.3,0.0213,0.1193,61.5,62.2,12.5549,17.0827,35.7438,79.1136,4.5278,10.0,False,NOMINAL,HEALTHY,-16.85,-41.53
IMA_LOT02_COMP1270,LOT_02,IMAGE_SENSOR,LCC-20,IMA-SIH-2026,IMAGE_SENSOR_DARK_CURRENT_TEST,T02_1270,PROC-ISRO-IISU-01,ATE-STATION-01,CHAMBER-01,1.0,60.0,3.3,168,dark_current_density,OPTICAL,nA/cm2,11.7376,15.475,36.4951,81.9247,3.7374,10.73,2,40.96,8.09,-0.0197,-0.0474,60.57,62.79,11.7376,15.475,36.4951,81.9247,3.7374,10.0,False,NOMINAL,HEALTHY,-35.98,17.1
IMA_LOT02_COMP1271,LOT_02,IMAGE_SENSOR,LCC-20,IMA-SIH-2026,IMAGE_SENSOR_DARK_CURRENT_TEST,T02_1271,PROC-ISRO-IISU-01,ATE-STATION-01,CHAMBER-01,1.0,60.0,3.3,168,dark_current_density,OPTICAL,nA/cm2,12.0995,15.919,33.2311,72.7604,3.8195,5.95,3,43.18,8.91,-0.0069,0.0047,59.29,61.25,12.0995,15.919,33.2311,72.7604,3.8195,10.0,False,NOMINAL,HEALTHY,-19.45,33.68
IMA_LOT02_COMP1272,LOT_02,IMAGE_SENSOR,LCC-20,IMA-SIH-2026,IMAGE_SENSOR_DARK_CURRENT_TEST,T02_1272,PROC-ISRO-IISU-01,ATE-STATION-01,CHAMBER-01,1.0,60.0,3.3,168,dark_current_density,OPTICAL,nA/cm2,12.8684,16.4635,31.2012,62.9387,3.5951,13.99,3,42.47,9.88,0.0013,-0.0467,62.45,61.63,12.8684,16.4635,31.2012,62.9387,3.5951,10.0,False,NOMINAL,HEALTHY,9.22,29.87
IMA_LOT02_COMP1273,LOT_02,IMAGE_SENSOR,LCC-20,IMA-SIH-2026,IMAGE_SENSOR_DARK_CURRENT_TEST,T02_1273,PROC-ISRO-IISU-01,ATE-STATION-01,CHAMBER-01,1.0,60.0,3.3,168,dark_current_density,OPTICAL,nA/cm2,13.6075,18.5965,58.4184,176.0622,4.989,9.13,2,37.67,6.71,-0.0159,0.0327,63.54,62.79,13.6075,18.5965,58.4184,176.0622,4.989,10.0,False,NOMINAL,HEALTHY,34.27,-38.22
IMA_LOT02_COMP1274,LOT_02,IMAGE_SENSOR,LCC-20,IMA-SIH-2026,IMAGE_SENSOR_DARK_CURRENT_TEST,T02_1274,PROC-ISRO-IISU-01,ATE-STATION-01,CHAMBER-01,1.0,60.0,3.3,168,dark_current_density,OPTICAL,nA/cm2,13.2051,15.7122,30.9685,59.1134,2.5071,10.51,8,44.14,8.39,-0.0199,-0.0041,61.78,62.75,13.2051,15.7122,30.9685,59.1134,2.5071,10.0,False,NOMINAL,HEALTHY,42.42,-46.24
IMA_LOT02_COMP1275,LOT_02,IMAGE_SENSOR,LCC-20,IMA-SIH-2026,IMAGE_SENSOR_DARK_CURRENT_TEST,T02_1275,PROC-ISRO-IISU-01,ATE-STATION-01,CHAMBER-01,1.0,60.0,3.3,168,dark_current_density,OPTICAL,nA/cm2,12.4935,15.4064,31.4875,62.8,2.9129,13.08,4,44.54,10.24,0.0383,0.0688,63.1,61.7,12.4935,15.4064,31.4875,62.8,2.9129,10.0,False,NOMINAL,HEALTHY,17.58,47.52
IMA_LOT02_COMP1276,LOT_02,IMAGE_SENSOR,LCC-20,IMA-SIH-2026,IMAGE_SENSOR_DARK_CURRENT_TEST,T02_1276,PROC-ISRO-IISU-01,ATE-STATION-01,CHAMBER-01,1.0,60.0,3.3,168,dark_current_density,OPTICAL,nA/cm2,11.7571,17.1752,54.2248,170.0065,5.4181,12.29,7,41.93,7.97,-0.0137,-0.0778,58.02,62.02,11.7571,17.1752,54.2248,170.0065,5.4181,10.0,False,NOMINAL,HEALTHY,24.34,-33.69
IMA_LOT02_COMP1277,LOT_02,IMAGE_SENSOR,LCC-20,IMA-SIH-2026,IMAGE_SENSOR_DARK_CURRENT_TEST,T02_1277,PROC-ISRO-IISU-01,ATE-STATION-01,CHAMBER-01,1.0,60.0,3.3,168,dark_current_density,OPTICAL,nA/cm2,12.7156,16.3101,35.122,76.015,3.5945,12.67,3,43.33,6.69,0.0254,0.0404,61.93,61.57,12.7156,16.3101,35.122,76.015,3.5945,10.0,False,NOMINAL,HEALTHY,10.03,-17.32
IMA_LOT02_COMP1278,LOT_02,IMAGE_SENSOR,LCC-20,IMA-SIH-2026,IMAGE_SENSOR_DARK_CURRENT_TEST,T02_1278,PROC-ISRO-IISU-01,ATE-STATION-01,CHAMBER-01,1.0,60.0,3.3,168,dark_current_density,OPTICAL,nA/cm2,13.4105,19.8748,76.2428,262.6237,6.4643,9.65,6,41.84,6.47,-0.0095,-0.0173,62.75,61.44,13.4105,19.8748,76.2428,262.6237,6.4643,10.0,False,NOMINAL,HEALTHY,11.53,24.61
IMA_LOT02_COMP1279,LOT_02,IMAGE_SENSOR,LCC-20,IMA-SIH-2026,IMAGE_SENSOR_DARK_CURRENT_TEST,T02_1279,PROC-ISRO-IISU-01,ATE-STATION-01,CHAMBER-01,1.0,60.0,3.3,168,dark_current_density,OPTICAL,nA/cm2,13.6086,17.5599,44.9235,107.5634,3.9513,11.31,7,45.16,8.29,-0.006,-0.0216,64.2,62.23,13.6086,17.5599,44.9235,107.5634,3.9513,10.0,False,NOMINAL,HEALTHY,-17.45,-32.01
IMA_LOT02_COMP1280,LOT_02,IMAGE_SENSOR,LCC-20,IMA-SIH-2026,IMAGE_SENSOR_DARK_CURRENT_TEST,T02_1280,PROC-ISRO-IISU-01,ATE-STATION-01,CHAMBER-01,1.0,60.0,3.3,168,dark_current_density,OPTICAL,nA/cm2,12.563,15.9515,35.3689,78.1064,3.3885,7.7,5,43.05,8.35,0.0255,0.1092,63.09,61.41,12.563,15.9515,35.3689,78.1064,3.3885,10.0,False,NOMINAL,HEALTHY,8.99,-44.22
IMA_LOT02_COMP1281,LOT_02,IMAGE_SENSOR,LCC-20,IMA-SIH-2026,IMAGE_SENSOR_DARK_CURRENT_TEST,T02_1281,PROC-ISRO-IISU-01,ATE-STATION-01,CHAMBER-01,1.0,60.0,3.3,168,dark_current_density,OPTICAL,nA/cm2,13.0034,17.4547,40.3186,93.4474,4.4513,16.54,3,45.69,9.34,-0.0012,0.0231,61.08,63.17,13.0034,17.4547,40.3186,93.4474,4.4513,10.0,False,NOMINAL,HEALTHY,-35.32,35.4
IMA_LOT02_COMP1282,LOT_02,IMAGE_SENSOR,LCC-20,IMA-SIH-2026,IMAGE_SENSOR_DARK_CURRENT_TEST,T02_1282,PROC-ISRO-IISU-01,ATE-STATION-01,CHAMBER-01,1.0,60.0,3.3,168,dark_current_density,OPTICAL,nA/cm2,13.1925,16.8244,32.9819,63.2411,3.6319,4.75,9,39.75,7.36,-0.0162,-0.1198,63.71,62.32,13.1925,16.8244,32.9819,63.2411,3.6319,10.0,False,NOMINAL,HEALTHY,-11.57,44.2
IMA_LOT02_COMP1283,LOT_02,IMAGE_SENSOR,LCC-20,IMA-SIH-2026,IMAGE_SENSOR_DARK_CURRENT_TEST,T02_1283,PROC-ISRO-IISU-01,ATE-STATION-01,CHAMBER-01,1.0,60.0,3.3,168,dark_current_density,OPTICAL,nA/cm2,14.073,17.4439,36.5505,74.6021,3.3709,12.75,5,43.06,5.67,-0.0307,-0.0354,62.25,61.09,14.073,17.4439,36.5505,74.6021,3.3709,10.0,False,NOMINAL,HEALTHY,-29.89,-19.01
IMA_LOT02_COMP1284,LOT_02,IMAGE_SENSOR,LCC-20,IMA-SIH-2026,IMAGE_SENSOR_DARK_CURRENT_TEST,T02_1284,PROC-ISRO-IISU-01,ATE-STATION-01,CHAMBER-01,1.0,60.0,3.3,168,dark_current_density,OPTICAL,nA/cm2,12.7901,16.7747,40.115,99.0558,3.9846,13.0,5,40.23,5.3,-0.0135,-0.0311,60.66,62.86,12.7901,16.7747,40.115,99.0558,3.9846,10.0,False,NOMINAL,HEALTHY,-45.79,42.46
IMA_LOT02_COMP1285,LOT_02,IMAGE_SENSOR,LCC-20,IMA-SIH-2026,IMAGE_SENSOR_DARK_CURRENT_TEST,T02_1285,PROC-ISRO-IISU-01,ATE-STATION-01,CHAMBER-01,1.0,60.0,3.3,168,dark_current_density,OPTICAL,nA/cm2,12.6309,16.1525,36.0852,79.1202,3.5216,14.33,9,40.4,8.0,-0.0086,-0.0533,61.81,61.58,12.6309,16.1525,36.0852,79.1202,3.5216,10.0,False,NOMINAL,HEALTHY,5.03,37.17
IMA_LOT02_COMP1286,LOT_02,IMAGE_SENSOR,LCC-20,IMA-SIH-2026,IMAGE_SENSOR_DARK_CURRENT_TEST,T02_1286,PROC-ISRO-IISU-01,ATE-STATION-01,CHAMBER-01,1.0,60.0,3.3,168,dark_current_density,OPTICAL,nA/cm2,12.0945,16.0619,43.7709,111.0257,3.9674,9.66,6,42.62,9.72,-0.002,0.0315,61.1,62.28,12.0945,16.0619,43.7709,111.0257,3.9674,10.0,False,NOMINAL,HEALTHY,-3.9,-31.47
IMA_LOT02_COMP1287,LOT_02,IMAGE_SENSOR,LCC-20,IMA-SIH-2026,IMAGE_SENSOR_DARK_CURRENT_TEST,T02_1287,PROC-ISRO-IISU-01,ATE-STATION-01,CHAMBER-01,1.0,60.0,3.3,168,dark_current_density,OPTICAL,nA/cm2,12.7402,16.8664,35.9461,82.3345,4.1262,16.03,4,40.28,9.12,-0.0037,0.0192,63.23,62.03,12.7402,16.8664,35.9461,82.3345,4.1262,10.0,False,NOMINAL,HEALTHY,-6.97,29.36
IMA_LOT02_COMP1288,LOT_02,IMAGE_SENSOR,LCC-20,IMA-SIH-2026,IMAGE_SENSOR_DARK_CURRENT_TEST,T02_1288,PROC-ISRO-IISU-01,ATE-STATION-01,CHAMBER-01,1.0,60.0,3.3,168,dark_current_density,OPTICAL,nA/cm2,12.7735,17.5735,49.5135,135.1486,4.8,12.61,5,39.82,8.21,0.0655,0.0977,60.62,61.44,12.7735,17.5735,49.5135,135.1486,4.8,10.0,False,NOMINAL,HEALTHY,-34.8,-39.65
IMA_LOT02_COMP1289,LOT_02,IMAGE_SENSOR,LCC-20,IMA-SIH-2026,IMAGE_SENSOR_DARK_CURRENT_TEST,T02_1289,PROC-ISRO-IISU-01,ATE-STATION-01,CHAMBER-01,1.0,60.0,3.3,168,dark_current_density,OPTICAL,nA/cm2,13.139,20.8122,66.807,223.5099,7.6732,14.0,8,37.88,9.08,0.03,0.0085,63.03,62.4,13.139,20.8122,66.807,223.5099,7.6732,10.0,False,NOMINAL,HEALTHY,-31.02,-18.58
IMA_LOT02_COMP1290,LOT_02,IMAGE_SENSOR,LCC-20,IMA-SIH-2026,IMAGE_SENSOR_DARK_CURRENT_TEST,T02_1290,PROC-ISRO-IISU-01,ATE-STATION-01,CHAMBER-01,1.0,60.0,3.3,168,dark_current_density,OPTICAL,nA/cm2,12.4688,18.2524,52.3499,154.4596,5.7836,15.68,1,44.66,7.98,-0.0073,-0.0171,62.5,61.64,12.4688,18.2524,52.3499,154.4596,5.7836,10.0,False,NOMINAL,HEALTHY,-13.14,40.93
IMA_LOT02_COMP1291,LOT_02,IMAGE_SENSOR,LCC-20,IMA-SIH-2026,IMAGE_SENSOR_DARK_CURRENT_TEST,T02_1291,PROC-ISRO-IISU-01,ATE-STATION-01,CHAMBER-01,1.0,60.0,3.3,168,dark_current_density,OPTICAL,nA/cm2,12.8104,17.596,40.7085,97.5136,4.7856,9.41,7,39.74,8.82,-0.0048,-0.0403,61.88,61.21,12.8104,17.596,40.7085,97.5136,4.7856,10.0,False,NOMINAL,HEALTHY,-35.45,32.38
IMA_LOT02_COMP1292,LOT_02,IMAGE_SENSOR,LCC-20,IMA-SIH-2026,IMAGE_SENSOR_DARK_CURRENT_TEST,T02_1292,PROC-ISRO-IISU-01,ATE-STATION-01,CHAMBER-01,1.0,60.0,3.3,168,dark_current_density,OPTICAL,nA/cm2,13.0787,18.6008,47.2722,133.4016,5.5221,11.3,7,45.11,6.95,-0.0189,-0.0314,60.62,62.03,13.0787,18.6008,47.2722,133.4016,5.5221,10.0,False,NOMINAL,HEALTHY,17.21,14.31
IMA_LOT02_COMP1293,LOT_02,IMAGE_SENSOR,LCC-20,IMA-SIH-2026,IMAGE_SENSOR_DARK_CURRENT_TEST,T02_1293,PROC-ISRO-IISU-01,ATE-STATION-01,CHAMBER-01,1.0,60.0,3.3,168,dark_current_density,OPTICAL,nA/cm2,12.9381,18.4564,45.5266,116.9446,5.5183,10.65,3,42.3,10.92,-0.0093,-0.0724,60.75,61.45,12.9381,18.4564,45.5266,116.9446,5.5183,10.0,False,NOMINAL,HEALTHY,36.24,0.92
IMA_LOT02_COMP1294,LOT_02,IMAGE_SENSOR,LCC-20,IMA-SIH-2026,IMAGE_SENSOR_DARK_CURRENT_TEST,T02_1294,PROC-ISRO-IISU-01,ATE-STATION-01,CHAMBER-01,1.0,60.0,3.3,168,dark_current_density,OPTICAL,nA/cm2,13.2712,20.5651,63.4398,204.8911,7.2939,6.4,5,40.16,7.87,0.0177,0.0873,60.87,62.37,13.2712,20.5651,63.4398,204.8911,7.2939,10.0,False,NOMINAL,HEALTHY,-23.19,44.24
IMA_LOT02_COMP1295,LOT_02,IMAGE_SENSOR,LCC-20,IMA-SIH-2026,IMAGE_SENSOR_DARK_CURRENT_TEST,T02_1295,PROC-ISRO-IISU-01,ATE-STATION-01,CHAMBER-01,1.0,60.0,3.3,168,dark_current_density,OPTICAL,nA/cm2,11.859,17.2462,54.1983,173.0232,5.3872,13.3,6,42.86,8.02,0.0327,0.0637,63.64,61.88,11.859,17.2462,54.1983,173.0232,5.3872,10.0,False,NOMINAL,HEALTHY,-25.06,-32.81
IMA_LOT02_COMP1296,LOT_02,IMAGE_SENSOR,LCC-20,IMA-SIH-2026,IMAGE_SENSOR_DARK_CURRENT_TEST,T02_1296,PROC-ISRO-IISU-01,ATE-STATION-01,CHAMBER-01,1.0,60.0,3.3,168,dark_current_density,OPTICAL,nA/cm2,11.6699,15.8127,33.2003,75.3814,4.1428,10.38,2,41.37,6.9,0.0155,0.0541,62.86,62.21,11.6699,15.8127,33.2003,75.3814,4.1428,10.0,False,NOMINAL,HEALTHY,-29.7,-13.52
IMA_LOT02_COMP1297,LOT_02,IMAGE_SENSOR,LCC-20,IMA-SIH-2026,IMAGE_SENSOR_DARK_CURRENT_TEST,T02_1297,PROC-ISRO-IISU-01,ATE-STATION-01,CHAMBER-01,1.0,60.0,3.3,168,dark_current_density,OPTICAL,nA/cm2,12.6197,17.5388,43.345,100.2369,4.9191,15.52,3,42.42,6.85,0.0207,0.0561,62.47,61.3,12.6197,17.5388,43.345,100.2369,4.9191,10.0,False,NOMINAL,HEALTHY,-44.79,9.22
IMA_LOT02_COMP1298,LOT_02,IMAGE_SENSOR,LCC-20,IMA-SIH-2026,IMAGE_SENSOR_DARK_CURRENT_TEST,T02_1298,PROC-ISRO-IISU-01,ATE-STATION-01,CHAMBER-01,1.0,60.0,3.3,168,dark_current_density,OPTICAL,nA/cm2,12.3758,16.9326,41.5355,99.6585,4.5568,16.69,7,41.65,9.67,0.0239,0.1036,63.39,61.21,12.3758,16.9326,41.5355,99.6585,4.5568,10.0,False,NOMINAL,HEALTHY,-14.01,1.51
IMA_LOT02_COMP1299,LOT_02,IMAGE_SENSOR,LCC-20,IMA-SIH-2026,IMAGE_SENSOR_DARK_CURRENT_TEST,T02_1299,PROC-ISRO-IISU-01,ATE-STATION-01,CHAMBER-01,1.0,60.0,3.3,168,dark_current_density,OPTICAL,nA/cm2,13.3815,17.2104,36.4929,78.8164,3.8289,11.34,1,40.97,8.53,0.0035,-0.0475,64.04,62.64,13.3815,17.2104,36.4929,78.8164,3.8289,10.0,False,NOMINAL,HEALTHY,-5.88,21.68
IMA_LOT02_COMP1300,LOT_02,IMAGE_SENSOR,LCC-20,IMA-SIH-2026,IMAGE_SENSOR_DARK_CURRENT_TEST,T02_1300,PROC-ISRO-IISU-01,ATE-STATION-01,CHAMBER-01,1.0,60.0,3.3,168,dark_current_density,OPTICAL,nA/cm2,11.838,17.0478,58.1451,193.797,5.2098,12.88,4,38.93,7.89,0.0018,0.0378,62.68,61.7,11.838,17.0478,58.1451,193.797,5.2098,10.0,False,NOMINAL,HEALTHY,18.67,-22.02
IMA_LOT02_COMP1301,LOT_02,IMAGE_SENSOR,LCC-20,IMA-SIH-2026,IMAGE_SENSOR_DARK_CURRENT_TEST,T02_1301,PROC-ISRO-IISU-01,ATE-STATION-01,CHAMBER-01,1.0,60.0,3.3,168,dark_current_density,OPTICAL,nA/cm2,12.3069,16.3479,31.9819,70.1356,4.041,13.21,3,43.03,9.0,0.0133,0.0184,62.35,62.28,12.3069,16.3479,31.9819,70.1356,4.041,10.0,False,NOMINAL,HEALTHY,-45.08,-1.79
IMA_LOT02_COMP1302,LOT_02,IMAGE_SENSOR,LCC-20,IMA-SIH-2026,IMAGE_SENSOR_DARK_CURRENT_TEST,T02_1302,PROC-ISRO-IISU-01,ATE-STATION-01,CHAMBER-01,1.0,60.0,3.3,168,dark_current_density,OPTICAL,nA/cm2,12.5707,17.0002,39.2297,98.4246,4.4295,14.46,6,41.29,7.08,-0.0218,-0.0692,63.64,61.47,12.5707,17.0002,39.2297,98.4246,4.4295,10.0,False,NOMINAL,HEALTHY,-18.65,-3.47
IMA_LOT02_COMP1303,LOT_02,IMAGE_SENSOR,LCC-20,IMA-SIH-2026,IMAGE_SENSOR_DARK_CURRENT_TEST,T02_1303,PROC-ISRO-IISU-01,ATE-STATION-01,CHAMBER-01,1.0,60.0,3.3,168,dark_current_density,OPTICAL,nA/cm2,13.0483,16.6927,32.7383,60.7674,3.6444,11.79,4,39.27,6.67,0.0362,0.0258,62.0,63.24,13.0483,16.6927,32.7383,60.7674,3.6444,10.0,False,NOMINAL,HEALTHY,43.32,21.67
IMA_LOT02_COMP1304,LOT_02,IMAGE_SENSOR,LCC-20,IMA-SIH-2026,IMAGE_SENSOR_DARK_CURRENT_TEST,T02_1304,PROC-ISRO-IISU-01,ATE-STATION-01,CHAMBER-01,1.0,60.0,3.3,168,dark_current_density,OPTICAL,nA/cm2,12.9474,15.8872,38.461,85.4758,2.9398,9.77,7,41.25,9.74,-0.0098,-0.0019,62.19,61.9,12.9474,15.8872,38.461,85.4758,2.9398,10.0,False,NOMINAL,HEALTHY,46.82,32.57
IMA_LOT02_COMP1305,LOT_02,IMAGE_SENSOR,LCC-20,IMA-SIH-2026,IMAGE_SENSOR_DARK_CURRENT_TEST,T02_1305,PROC-ISRO-IISU-01,ATE-STATION-01,CHAMBER-01,1.0,60.0,3.3,168,dark_current_density,OPTICAL,nA/cm2,11.4548,16.4459,42.386,106.7146,4.9911,7.35,4,42.1,7.51,-0.0063,0.0753,60.08,61.73,11.4548,16.4459,42.386,106.7146,4.9911,10.0,False,NOMINAL,HEALTHY,-39.79,-16.1
IMA_LOT02_COMP1306,LOT_02,IMAGE_SENSOR,LCC-20,IMA-SIH-2026,IMAGE_SENSOR_DARK_CURRENT_TEST,T02_1306,PROC-ISRO-IISU-01,ATE-STATION-01,CHAMBER-01,1.0,60.0,3.3,168,dark_current_density,OPTICAL,nA/cm2,13.3113,19.3572,62.8701,205.4133,6.0459,14.18,8,40.98,10.05,-0.0094,-0.0403,62.06,61.84,13.3113,19.3572,62.8701,205.4133,6.0459,10.0,False,NOMINAL,HEALTHY,12.74,-41.69
IMA_LOT02_COMP1307,LOT_02,IMAGE_SENSOR,LCC-20,IMA-SIH-2026,IMAGE_SENSOR_DARK_CURRENT_TEST,T02_1307,PROC-ISRO-IISU-01,ATE-STATION-01,CHAMBER-01,1.0,60.0,3.3,168,dark_current_density,OPTICAL,nA/cm2,12.583,18.7349,67.391,237.408,6.1519,11.07,1,42.33,7.25,-0.001,-0.0849,58.69,61.75,12.583,18.7349,67.391,237.408,6.1519,10.0,False,NOMINAL,HEALTHY,17.49,9.24
IMA_LOT02_COMP1308,LOT_02,IMAGE_SENSOR,LCC-20,IMA-SIH-2026,IMAGE_SENSOR_DARK_CURRENT_TEST,T02_1308,PROC-ISRO-IISU-01,ATE-STATION-01,CHAMBER-01,1.0,60.0,3.3,168,dark_current_density,OPTICAL,nA/cm2,11.8274,18.5455,66.4742,242.5066,6.7181,12.32,2,43.99,8.22,0.0079,-0.0718,60.62,62.8,11.8274,18.5455,66.4742,242.5066,6.7181,10.0,False,NOMINAL,HEALTHY,40.16,-26.3
IMA_LOT02_COMP1309,LOT_02,IMAGE_SENSOR,LCC-20,IMA-SIH-2026,IMAGE_SENSOR_DARK_CURRENT_TEST,T02_1309,PROC-ISRO-IISU-01,ATE-STATION-01,CHAMBER-01,1.0,60.0,3.3,168,dark_current_density,OPTICAL,nA/cm2,11.5944,15.991,34.9283,78.0328,4.3966,12.25,8,40.1,9.22,0.0305,0.1396,62.04,61.47,11.5944,15.991,34.9283,78.0328,4.3966,10.0,False,NOMINAL,HEALTHY,-3.74,38.02
IMA_LOT02_COMP1310,LOT_02,IMAGE_SENSOR,LCC-20,IMA-SIH-2026,IMAGE_SENSOR_DARK_CURRENT_TEST,T02_1310,PROC-ISRO-IISU-01,ATE-STATION-01,CHAMBER-01,1.0,60.0,3.3,168,dark_current_density,OPTICAL,nA/cm2,13.5488,20.8017,73.9289,259.5866,7.2529,11.65,4,40.18,10.28,-0.0134,-0.06,62.51,61.5,13.5488,20.8017,73.9289,259.5866,7.2529,10.0,False,NOMINAL,HEALTHY,-23.68,-11.68
IMA_LOT02_COMP1311,LOT_02,IMAGE_SENSOR,LCC-20,IMA-SIH-2026,IMAGE_SENSOR_DARK_CURRENT_TEST,T02_1311,PROC-ISRO-IISU-01,ATE-STATION-01,CHAMBER-01,1.0,60.0,3.3,168,dark_current_density,OPTICAL,nA/cm2,12.7842,17.5642,40.1361,100.545,4.78,7.83,9,42.28,7.95,-0.035,-0.0014,61.35,61.96,12.7842,17.5642,40.1361,100.545,4.78,10.0,False,NOMINAL,HEALTHY,-38.28,-16.69
IMA_LOT02_COMP1312,LOT_02,IMAGE_SENSOR,LCC-20,IMA-SIH-2026,IMAGE_SENSOR_DARK_CURRENT_TEST,T02_1312,PROC-ISRO-IISU-01,ATE-STATION-01,CHAMBER-01,1.0,60.0,3.3,168,dark_current_density,OPTICAL,nA/cm2,11.7982,16.9331,43.786,117.7662,5.1349,9.99,2,42.99,6.52,0.0151,-0.0384,62.4,62.08,11.7982,16.9331,43.786,117.7662,5.1349,10.0,False,NOMINAL,HEALTHY,-5.57,15.26
IMA_LOT02_COMP1313,LOT_02,IMAGE_SENSOR,LCC-20,IMA-SIH-2026,IMAGE_SENSOR_DARK_CURRENT_TEST,T02_1313,PROC-ISRO-IISU-01,ATE-STATION-01,CHAMBER-01,1.0,60.0,3.3,168,dark_current_density,OPTICAL,nA/cm2,12.5979,16.8583,35.9484,76.9019,4.2604,7.15,6,40.13,7.72,-0.0047,0.08,64.32,61.9,12.5979,16.8583,35.9484,76.9019,4.2604,10.0,False,NOMINAL,HEALTHY,-7.04,24.43
IMA_LOT02_COMP1314,LOT_02,IMAGE_SENSOR,LCC-20,IMA-SIH-2026,IMAGE_SENSOR_DARK_CURRENT_TEST,T02_1314,PROC-ISRO-IISU-01,ATE-STATION-01,CHAMBER-01,1.0,60.0,3.3,168,dark_current_density,OPTICAL,nA/cm2,13.0443,18.6375,54.1159,158.0707,5.5932,10.91,5,44.77,7.3,-0.0134,-0.0055,59.9,62.07,13.0443,18.6375,54.1159,158.0707,5.5932,10.0,False,NOMINAL,HEALTHY,-19.6,36.19
IMA_LOT02_COMP1315,LOT_02,IMAGE_SENSOR,LCC-20,IMA-SIH-2026,IMAGE_SENSOR_DARK_CURRENT_TEST,T02_1315,PROC-ISRO-IISU-01,ATE-STATION-01,CHAMBER-01,1.0,60.0,3.3,168,dark_current_density,OPTICAL,nA/cm2,12.3497,17.0805,47.8648,137.662,4.7308,12.02,5,44.35,8.19,0.0055,0.0553,60.74,61.72,12.3497,17.0805,47.8648,137.662,4.7308,10.0,False,NOMINAL,HEALTHY,-28.24,13.16
IMA_LOT02_COMP1316,LOT_02,IMAGE_SENSOR,LCC-20,IMA-SIH-2026,IMAGE_SENSOR_DARK_CURRENT_TEST,T02_1316,PROC-ISRO-IISU-01,ATE-STATION-01,CHAMBER-01,1.0,60.0,3.3,168,dark_current_density,OPTICAL,nA/cm2,12.4319,16.1801,37.0444,87.5836,3.7482,13.17,4,42.71,4.47,-0.0411,-0.0783,62.59,61.22,12.4319,16.1801,37.0444,87.5836,3.7482,10.0,False,NOMINAL,HEALTHY,10.04,-11.88
IMA_LOT02_COMP1317,LOT_02,IMAGE_SENSOR,LCC-20,IMA-SIH-2026,IMAGE_SENSOR_DARK_CURRENT_TEST,T02_1317,PROC-ISRO-IISU-01,ATE-STATION-01,CHAMBER-01,1.0,60.0,3.3,168,dark_current_density,OPTICAL,nA/cm2,12.5492,19.6087,70.9186,240.303,7.0595,10.78,8,41.1,6.61,0.0423,-0.0209,64.26,62.22,12.5492,19.6087,70.9186,240.303,7.0595,10.0,False,NOMINAL,HEALTHY,-23.28,-37.53
IMA_LOT02_COMP1318,LOT_02,IMAGE_SENSOR,LCC-20,IMA-SIH-2026,IMAGE_SENSOR_DARK_CURRENT_TEST,T02_1318,PROC-ISRO-IISU-01,ATE-STATION-01,CHAMBER-01,1.0,60.0,3.3,168,dark_current_density,OPTICAL,nA/cm2,12.2296,16.5295,43.3324,111.8186,4.2999,12.79,6,41.81,5.72,0.0284,-0.0017,60.61,61.96,12.2296,16.5295,43.3324,111.8186,4.2999,10.0,False,NOMINAL,HEALTHY,34.0,45.47
IMA_LOT02_COMP1319,LOT_02,IMAGE_SENSOR,LCC-20,IMA-SIH-2026,IMAGE_SENSOR_DARK_CURRENT_TEST,T02_1319,PROC-ISRO-IISU-01,ATE-STATION-01,CHAMBER-01,1.0,60.0,3.3,168,dark_current_density,OPTICAL,nA/cm2,13.8637,17.8523,51.3127,138.6905,3.9886,13.4,6,44.2,5.27,-0.0106,-0.0336,61.53,61.49,13.8637,17.8523,51.3127,138.6905,3.9886,10.0,False,NOMINAL,HEALTHY,8.66,7.22
IMA_LOT02_COMP1320,LOT_02,IMAGE_SENSOR,LCC-20,IMA-SIH-2026,IMAGE_SENSOR_DARK_CURRENT_TEST,T02_1320,PROC-ISRO-IISU-01,ATE-STATION-01,CHAMBER-01,1.0,60.0,3.3,168,dark_current_density,OPTICAL,nA/cm2,12.5295,15.9008,32.5312,68.7752,3.3713,10.76,4,42.57,8.09,0.0141,-0.0243,63.49,62.64,12.5295,15.9008,32.5312,68.7752,3.3713,10.0,False,NOMINAL,HEALTHY,7.72,1.74
IMA_LOT02_COMP1321,LOT_02,IMAGE_SENSOR,LCC-20,IMA-SIH-2026,IMAGE_SENSOR_DARK_CURRENT_TEST,T02_1321,PROC-ISRO-IISU-01,ATE-STATION-01,CHAMBER-01,1.0,60.0,3.3,168,dark_current_density,OPTICAL,nA/cm2,13.4516,18.3872,48.4065,111.42,4.9356,14.99,6,41.75,8.99,0.0106,-0.0579,64.55,61.16,13.4516,18.3872,48.4065,111.42,4.9356,10.0,False,NOMINAL,HEALTHY,-3.21,40.26
IMA_LOT02_COMP1322,LOT_02,IMAGE_SENSOR,LCC-20,IMA-SIH-2026,IMAGE_SENSOR_DARK_CURRENT_TEST,T02_1322,PROC-ISRO-IISU-01,ATE-STATION-01,CHAMBER-01,1.0,60.0,3.3,168,dark_current_density,OPTICAL,nA/cm2,12.695,18.0049,48.1936,130.7235,5.3099,11.68,5,41.5,5.0,0.0064,-0.0435,63.11,60.84,12.695,18.0049,48.1936,130.7235,5.3099,10.0,False,NOMINAL,HEALTHY,17.7,-46.61
IMA_LOT02_COMP1323,LOT_02,IMAGE_SENSOR,LCC-20,IMA-SIH-2026,IMAGE_SENSOR_DARK_CURRENT_TEST,T02_1323,PROC-ISRO-IISU-01,ATE-STATION-01,CHAMBER-01,1.0,60.0,3.3,168,dark_current_density,OPTICAL,nA/cm2,12.3514,15.5835,30.6009,60.9568,3.2321,11.46,5,40.58,9.91,0.0071,0.0726,65.41,62.34,12.3514,15.5835,30.6009,60.9568,3.2321,10.0,False,NOMINAL,HEALTHY,-18.04,11.31
IMA_LOT02_COMP1324,LOT_02,IMAGE_SENSOR,LCC-20,IMA-SIH-2026,IMAGE_SENSOR_DARK_CURRENT_TEST,T02_1324,PROC-ISRO-IISU-01,ATE-STATION-01,CHAMBER-01,1.0,60.0,3.3,168,dark_current_density,OPTICAL,nA/cm2,12.7488,17.8911,45.3091,118.4652,5.1423,7.78,4,43.34,7.63,-0.0122,-0.0543,61.35,62.76,12.7488,17.8911,45.3091,118.4652,5.1423,10.0,False,NOMINAL,HEALTHY,17.36,-20.27
IMA_LOT02_COMP1325,LOT_02,IMAGE_SENSOR,LCC-20,IMA-SIH-2026,IMAGE_SENSOR_DARK_CURRENT_TEST,T02_1325,PROC-ISRO-IISU-01,ATE-STATION-01,CHAMBER-01,1.0,60.0,3.3,168,dark_current_density,OPTICAL,nA/cm2,12.8734,18.045,61.0367,213.0323,5.1716,14.26,5,41.06,8.3,-0.0257,-0.047,62.68,60.71,12.8734,18.045,61.0367,213.0323,5.1716,10.0,False,NOMINAL,HEALTHY,34.4,17.99
IMA_LOT02_COMP1326,LOT_02,IMAGE_SENSOR,LCC-20,IMA-SIH-2026,IMAGE_SENSOR_DARK_CURRENT_TEST,T02_1326,PROC-ISRO-IISU-01,ATE-STATION-01,CHAMBER-01,1.0,60.0,3.3,168,dark_current_density,OPTICAL,nA/cm2,13.5059,16.5929,35.0318,71.7097,3.087,14.72,9,38.46,8.63,0.0109,-0.0449,61.88,62.34,13.5059,16.5929,35.0318,71.7097,3.087,10.0,False,NOMINAL,HEALTHY,-30.48,-0.1
IMA_LOT02_COMP1327,LOT_02,IMAGE_SENSOR,LCC-20,IMA-SIH-2026,IMAGE_SENSOR_DARK_CURRENT_TEST,T02_1327,PROC-ISRO-IISU-01,ATE-STATION-01,CHAMBER-01,1.0,60.0,3.3,168,dark_current_density,OPTICAL,nA/cm2,12.5452,17.555,45.449,122.6288,5.0098,10.76,3,40.88,7.95,0.0586,0.0641,64.64,62.13,12.5452,17.555,45.449,122.6288,5.0098,10.0,False,NOMINAL,HEALTHY,-21.84,28.74
IMA_LOT02_COMP1328,LOT_02,IMAGE_SENSOR,LCC-20,IMA-SIH-2026,IMAGE_SENSOR_DARK_CURRENT_TEST,T02_1328,PROC-ISRO-IISU-01,ATE-STATION-01,CHAMBER-01,1.0,60.0,3.3,168,dark_current_density,OPTICAL,nA/cm2,12.1679,15.7547,39.0988,95.6439,3.5868,11.55,10,37.39,5.26,0.0299,0.1136,62.51,62.31,12.1679,15.7547,39.0988,95.6439,3.5868,10.0,False,NOMINAL,HEALTHY,24.71,-4.08
IMA_LOT02_COMP1329,LOT_02,IMAGE_SENSOR,LCC-20,IMA-SIH-2026,IMAGE_SENSOR_DARK_CURRENT_TEST,T02_1329,PROC-ISRO-IISU-01,ATE-STATION-01,CHAMBER-01,1.0,60.0,3.3,168,dark_current_density,OPTICAL,nA/cm2,12.7836,16.1244,31.7552,67.0428,3.3408,8.37,7,43.91,9.9,-0.0144,-0.0419,59.05,61.88,12.7836,16.1244,31.7552,67.0428,3.3408,10.0,False,NOMINAL,HEALTHY,-41.24,28.21
IMA_LOT02_COMP1330,LOT_02,IMAGE_SENSOR,LCC-20,IMA-SIH-2026,IMAGE_SENSOR_DARK_CURRENT_TEST,T02_1330,PROC-ISRO-IISU-01,ATE-STATION-01,CHAMBER-01,1.0,60.0,3.3,168,dark_current_density,OPTICAL,nA/cm2,13.0475,16.2797,31.2598,59.8134,3.2322,13.96,4,39.75,8.44,-0.0044,0.01,60.14,61.96,13.0475,16.2797,31.2598,59.8134,3.2322,10.0,False,NOMINAL,HEALTHY,-38.22,-29.83
IMA_LOT02_COMP1331,LOT_02,IMAGE_SENSOR,LCC-20,IMA-SIH-2026,IMAGE_SENSOR_DARK_CURRENT_TEST,T02_1331,PROC-ISRO-IISU-01,ATE-STATION-01,CHAMBER-01,1.0,60.0,3.3,168,dark_current_density,OPTICAL,nA/cm2,12.2982,16.1185,38.2768,81.7595,3.8203,12.06,3,44.74,10.31,0.0198,0.0831,63.08,62.83,12.2982,16.1185,38.2768,81.7595,3.8203,10.0,False,NOMINAL,HEALTHY,-13.07,48.85
IMA_LOT02_COMP1332,LOT_02,IMAGE_SENSOR,LCC-20,IMA-SIH-2026,IMAGE_SENSOR_DARK_CURRENT_TEST,T02_1332,PROC-ISRO-IISU-01,ATE-STATION-01,CHAMBER-01,1.0,60.0,3.3,168,dark_current_density,OPTICAL,nA/cm2,12.6581,16.4549,38.2016,86.2862,3.7968,15.64,3,43.02,6.28,-0.0334,-0.1063,62.96,61.81,12.6581,16.4549,38.2016,86.2862,3.7968,10.0,False,NOMINAL,HEALTHY,18.38,32.83
IMA_LOT02_COMP1333,LOT_02,IMAGE_SENSOR,LCC-20,IMA-SIH-2026,IMAGE_SENSOR_DARK_CURRENT_TEST,T02_1333,PROC-ISRO-IISU-01,ATE-STATION-01,CHAMBER-01,1.0,60.0,3.3,168,dark_current_density,OPTICAL,nA/cm2,13.1925,18.8189,58.508,183.2455,5.6264,11.15,8,40.84,7.32,-0.008,-0.0762,61.37,61.62,13.1925,18.8189,58.508,183.2455,5.6264,10.0,False,NOMINAL,HEALTHY,22.67,-34.68
IMA_LOT02_COMP1334,LOT_02,IMAGE_SENSOR,LCC-20,IMA-SIH-2026,IMAGE_SENSOR_DARK_CURRENT_TEST,T02_1334,PROC-ISRO-IISU-01,ATE-STATION-01,CHAMBER-01,1.0,60.0,3.3,168,dark_current_density,OPTICAL,nA/cm2,12.8691,17.1725,36.9431,83.6188,4.3034,11.93,6,41.68,6.78,0.0087,-0.0106,60.71,62.45,12.8691,17.1725,36.9431,83.6188,4.3034,10.0,False,NOMINAL,HEALTHY,5.51,39.17
IMA_LOT02_COMP1335,LOT_02,IMAGE_SENSOR,LCC-20,IMA-SIH-2026,IMAGE_SENSOR_DARK_CURRENT_TEST,T02_1335,PROC-ISRO-IISU-01,ATE-STATION-01,CHAMBER-01,1.0,60.0,3.3,168,dark_current_density,OPTICAL,nA/cm2,11.4846,14.9458,35.3017,76.8171,3.4612,8.33,4,44.03,9.12,0.0126,0.0166,61.15,61.93,11.4846,14.9458,35.3017,76.8171,3.4612,10.0,False,NOMINAL,HEALTHY,19.54,46.5
IMA_LOT02_COMP1336,LOT_02,IMAGE_SENSOR,LCC-20,IMA-SIH-2026,IMAGE_SENSOR_DARK_CURRENT_TEST,T02_1336,PROC-ISRO-IISU-01,ATE-STATION-01,CHAMBER-01,1.0,60.0,3.3,168,dark_current_density,OPTICAL,nA/cm2,13.8243,20.6657,71.3357,247.5871,6.8414,11.12,8,41.61,8.98,-0.0121,-0.0272,63.8,61.62,13.8243,20.6657,71.3357,247.5871,6.8414,10.0,False,NOMINAL,HEALTHY,-27.44,-8.71
IMA_LOT02_COMP1337,LOT_02,IMAGE_SENSOR,LCC-20,IMA-SIH-2026,IMAGE_SENSOR_DARK_CURRENT_TEST,T02_1337,PROC-ISRO-IISU-01,ATE-STATION-01,CHAMBER-01,1.0,60.0,3.3,168,dark_current_density,OPTICAL,nA/cm2,12.5492,17.3361,41.2813,100.5504,4.7869,15.38,4,43.07,5.28,-0.0035,0.0583,64.54,62.02,12.5492,17.3361,41.2813,100.5504,4.7869,10.0,False,NOMINAL,HEALTHY,8.79,26.62
IMA_LOT02_COMP1338,LOT_02,IMAGE_SENSOR,LCC-20,IMA-SIH-2026,IMAGE_SENSOR_DARK_CURRENT_TEST,T02_1338,PROC-ISRO-IISU-01,ATE-STATION-01,CHAMBER-01,1.0,60.0,3.3,168,dark_current_density,OPTICAL,nA/cm2,12.7585,16.6427,31.9294,63.1589,3.8842,11.81,6,39.3,8.67,-0.0034,-0.0564,59.54,62.2,12.7585,16.6427,31.9294,63.1589,3.8842,10.0,False,NOMINAL,HEALTHY,38.56,32.11
IMA_LOT02_COMP1339,LOT_02,IMAGE_SENSOR,LCC-20,IMA-SIH-2026,IMAGE_SENSOR_DARK_CURRENT_TEST,T02_1339,PROC-ISRO-IISU-01,ATE-STATION-01,CHAMBER-01,1.0,60.0,3.3,168,dark_current_density,OPTICAL,nA/cm2,12.9929,17.8087,49.9915,126.5652,4.8158,11.15,5,39.09,9.18,-0.0218,-0.066,64.28,62.81,12.9929,17.8087,49.9915,126.5652,4.8158,10.0,False,NOMINAL,HEALTHY,20.45,29.9
IMA_LOT02_COMP1340,LOT_02,IMAGE_SENSOR,LCC-20,IMA-SIH-2026,IMAGE_SENSOR_DARK_CURRENT_TEST,T02_1340,PROC-ISRO-IISU-01,ATE-STATION-01,CHAMBER-01,1.0,60.0,3.3,168,dark_current_density,OPTICAL,nA/cm2,12.8651,16.5078,41.9265,99.1161,3.6427,16.63,1,45.58,8.74,-0.0346,-0.0792,64.74,61.29,12.8651,16.5078,41.9265,99.1161,3.6427,10.0,False,NOMINAL,HEALTHY,-7.49,15.76
IMA_LOT02_COMP1341,LOT_02,IMAGE_SENSOR,LCC-20,IMA-SIH-2026,IMAGE_SENSOR_DARK_CURRENT_TEST,T02_1341,PROC-ISRO-IISU-01,ATE-STATION-01,CHAMBER-01,1.0,60.0,3.3,168,dark_current_density,OPTICAL,nA/cm2,11.9013,17.8362,55.2477,163.8097,5.9349,12.64,3,37.11,7.38,-0.0006,0.0402,62.03,62.54,11.9013,17.8362,55.2477,163.8097,5.9349,10.0,False,NOMINAL,HEALTHY,-30.86,-42.11
IMA_LOT02_COMP1342,LOT_02,IMAGE_SENSOR,LCC-20,IMA-SIH-2026,IMAGE_SENSOR_DARK_CURRENT_TEST,T02_1342,PROC-ISRO-IISU-01,ATE-STATION-01,CHAMBER-01,1.0,60.0,3.3,168,dark_current_density,OPTICAL,nA/cm2,12.3406,18.6907,61.0471,197.3166,6.3501,8.43,5,40.97,9.1,0.001,-0.0472,61.76,62.47,12.3406,18.6907,61.0471,197.3166,6.3501,10.0,False,NOMINAL,HEALTHY,43.27,-48.82
IMA_LOT02_COMP1343,LOT_02,IMAGE_SENSOR,LCC-20,IMA-SIH-2026,IMAGE_SENSOR_DARK_CURRENT_TEST,T02_1343,PROC-ISRO-IISU-01,ATE-STATION-01,CHAMBER-01,1.0,60.0,3.3,168,dark_current_density,OPTICAL,nA/cm2,12.43,15.9544,32.1363,63.288,3.5244,10.61,5,40.36,9.79,-0.001,0.18,60.19,61.8,12.43,15.9544,32.1363,63.288,3.5244,10.0,False,NOMINAL,HEALTHY,22.82,-47.04
IMA_LOT02_COMP1344,LOT_02,IMAGE_SENSOR,LCC-20,IMA-SIH-2026,IMAGE_SENSOR_DARK_CURRENT_TEST,T02_1344,PROC-ISRO-IISU-01,ATE-STATION-01,CHAMBER-01,1.0,60.0,3.3,168,dark_current_density,OPTICAL,nA/cm2,13.108,18.982,52.9777,145.1432,5.874,7.12,4,41.04,10.1,-0.0106,0.0902,62.59,62.03,13.108,18.982,52.9777,145.1432,5.874,10.0,False,NOMINAL,HEALTHY,17.13,-6.82
IMA_LOT02_COMP1345,LOT_02,IMAGE_SENSOR,LCC-20,IMA-SIH-2026,IMAGE_SENSOR_DARK_CURRENT_TEST,T02_1345,PROC-ISRO-IISU-01,ATE-STATION-01,CHAMBER-01,1.0,60.0,3.3,168,dark_current_density,OPTICAL,nA/cm2,12.6874,16.8378,41.6494,97.347,4.1504,15.93,4,42.74,7.54,0.0013,-0.0476,60.74,61.78,12.6874,16.8378,41.6494,97.347,4.1504,10.0,False,NOMINAL,HEALTHY,5.29,-47.39
IMA_LOT02_COMP1346,LOT_02,IMAGE_SENSOR,LCC-20,IMA-SIH-2026,IMAGE_SENSOR_DARK_CURRENT_TEST,T02_1346,PROC-ISRO-IISU-01,ATE-STATION-01,CHAMBER-01,1.0,60.0,3.3,168,dark_current_density,OPTICAL,nA/cm2,12.3533,17.3445,57.7189,176.2227,4.9912,14.11,3,41.18,7.2,0.032,0.1468,59.32,62.16,12.3533,17.3445,57.7189,176.2227,4.9912,10.0,False,NOMINAL,HEALTHY,5.91,-15.59
IMA_LOT02_COMP1347,LOT_02,IMAGE_SENSOR,LCC-20,IMA-SIH-2026,IMAGE_SENSOR_DARK_CURRENT_TEST,T02_1347,PROC-ISRO-IISU-01,ATE-STATION-01,CHAMBER-01,1.0,60.0,3.3,168,dark_current_density,OPTICAL,nA/cm2,13.1976,17.6758,41.1988,98.415,4.4782,7.21,0,42.99,10.72,-0.0295,0.001,63.26,62.16,13.1976,17.6758,41.1988,98.415,4.4782,10.0,False,NOMINAL,HEALTHY,10.03,18.94
IMA_LOT02_COMP1348,LOT_02,IMAGE_SENSOR,LCC-20,IMA-SIH-2026,IMAGE_SENSOR_DARK_CURRENT_TEST,T02_1348,PROC-ISRO-IISU-01,ATE-STATION-01,CHAMBER-01,1.0,60.0,3.3,168,dark_current_density,OPTICAL,nA/cm2,13.0448,20.2346,71.3368,249.2364,7.1898,13.56,4,41.52,5.53,0.0161,-0.0284,59.42,62.3,13.0448,20.2346,71.3368,249.2364,7.1898,10.0,False,NOMINAL,HEALTHY,-20.54,-30.54
IMA_LOT02_COMP1349,LOT_02,IMAGE_SENSOR,LCC-20,IMA-SIH-2026,IMAGE_SENSOR_DARK_CURRENT_TEST,T02_1349,PROC-ISRO-IISU-01,ATE-STATION-01,CHAMBER-01,1.0,60.0,3.3,168,dark_current_density,OPTICAL,nA/cm2,13.2143,17.6997,46.3084,116.2709,4.4854,10.14,7,47.01,9.04,0.0147,0.0529,62.89,62.9,13.2143,17.6997,46.3084,116.2709,4.4854,10.0,False,NOMINAL,HEALTHY,27.64,-23.82
IMA_LOT02_COMP1350,LOT_02,IMAGE_SENSOR,LCC-20,IMA-SIH-2026,IMAGE_SENSOR_DARK_CURRENT_TEST,T02_1350,PROC-ISRO-IISU-01,ATE-STATION-01,CHAMBER-01,1.0,60.0,3.3,168,dark_current_density,OPTICAL,nA/cm2,13.0521,19.3949,63.8834,209.2352,6.3428,14.22,4,44.34,7.09,0.0295,0.042,59.41,61.76,13.0521,19.3949,63.8834,209.2352,6.3428,10.0,False,NOMINAL,HEALTHY,12.61,37.65
IMA_LOT02_COMP1351,LOT_02,IMAGE_SENSOR,LCC-20,IMA-SIH-2026,IMAGE_SENSOR_DARK_CURRENT_TEST,T02_1351,PROC-ISRO-IISU-01,ATE-STATION-01,CHAMBER-01,1.0,60.0,3.3,168,dark_current_density,OPTICAL,nA/cm2,13.3157,19.9839,71.9258,248.9439,6.6682,10.91,2,44.22,5.5,-0.0033,-0.0117,63.5,62.48,13.3157,19.9839,71.9258,248.9439,6.6682,10.0,False,NOMINAL,HEALTHY,9.37,-15.13
IMA_LOT02_COMP1352,LOT_02,IMAGE_SENSOR,LCC-20,IMA-SIH-2026,IMAGE_SENSOR_DARK_CURRENT_TEST,T02_1352,PROC-ISRO-IISU-01,ATE-STATION-01,CHAMBER-01,1.0,60.0,3.3,168,dark_current_density,OPTICAL,nA/cm2,12.8554,16.3944,31.9113,59.6525,3.539,16.42,6,40.94,6.68,-0.0143,0.0197,62.22,60.94,12.8554,16.3944,31.9113,59.6525,3.539,10.0,False,NOMINAL,HEALTHY,-40.06,-17.65
IMA_LOT02_COMP1353,LOT_02,IMAGE_SENSOR,LCC-20,IMA-SIH-2026,IMAGE_SENSOR_DARK_CURRENT_TEST,T02_1353,PROC-ISRO-IISU-01,ATE-STATION-01,CHAMBER-01,1.0,60.0,3.3,168,dark_current_density,OPTICAL,nA/cm2,12.966,17.828,44.5972,115.2081,4.862,12.89,3,42.4,8.02,0.0156,-0.0574,61.33,62.38,12.966,17.828,44.5972,115.2081,4.862,10.0,False,NOMINAL,HEALTHY,42.89,-31.93
IMA_LOT02_COMP1354,LOT_02,IMAGE_SENSOR,LCC-20,IMA-SIH-2026,IMAGE_SENSOR_DARK_CURRENT_TEST,T02_1354,PROC-ISRO-IISU-01,ATE-STATION-01,CHAMBER-01,1.0,60.0,3.3,168,dark_current_density,OPTICAL,nA/cm2,11.7606,18.6074,64.0548,208.9836,6.8468,10.5,4,41.87,6.83,-0.0212,0.0084,61.64,61.48,11.7606,18.6074,64.0548,208.9836,6.8468,10.0,False,NOMINAL,HEALTHY,27.09,-13.55
IMA_LOT02_COMP1355,LOT_02,IMAGE_SENSOR,LCC-20,IMA-SIH-2026,IMAGE_SENSOR_DARK_CURRENT_TEST,T02_1355,PROC-ISRO-IISU-01,ATE-STATION-01,CHAMBER-01,1.0,60.0,3.3,168,dark_current_density,OPTICAL,nA/cm2,12.6916,17.3472,45.8961,118.6884,4.6556,15.42,3,43.1,7.68,-0.0038,0.0531,61.37,62.18,12.6916,17.3472,45.8961,118.6884,4.6556,10.0,False,NOMINAL,HEALTHY,21.56,2.75
IMA_LOT02_COMP1356,LOT_02,IMAGE_SENSOR,LCC-20,IMA-SIH-2026,IMAGE_SENSOR_DARK_CURRENT_TEST,T02_1356,PROC-ISRO-IISU-01,ATE-STATION-01,CHAMBER-01,1.0,60.0,3.3,168,dark_current_density,OPTICAL,nA/cm2,12.9235,18.8724,58.1194,183.8945,5.9489,13.98,4,39.5,9.55,-0.0241,0.0143,61.29,62.51,12.9235,18.8724,58.1194,183.8945,5.9489,10.0,False,NOMINAL,HEALTHY,26.03,22.08
IMA_LOT02_COMP1357,LOT_02,IMAGE_SENSOR,LCC-20,IMA-SIH-2026,IMAGE_SENSOR_DARK_CURRENT_TEST,T02_1357,PROC-ISRO-IISU-01,ATE-STATION-01,CHAMBER-01,1.0,60.0,3.3,168,dark_current_density,OPTICAL,nA/cm2,12.7322,15.4984,31.4205,61.7321,2.7662,11.38,7,42.21,10.58,-0.02,-0.0232,61.31,60.78,12.7322,15.4984,31.4205,61.7321,2.7662,10.0,False,NOMINAL,HEALTHY,16.09,6.99
IMA_LOT02_COMP1358,LOT_02,IMAGE_SENSOR,LCC-20,IMA-SIH-2026,IMAGE_SENSOR_DARK_CURRENT_TEST,T02_1358,PROC-ISRO-IISU-01,ATE-STATION-01,CHAMBER-01,1.0,60.0,3.3,168,dark_current_density,OPTICAL,nA/cm2,12.8571,19.4076,68.063,233.6201,6.5505,12.31,7,43.92,7.85,0.0009,-0.061,62.81,61.9,12.8571,19.4076,68.063,233.6201,6.5505,10.0,False,NOMINAL,HEALTHY,4.02,-12.45
IMA_LOT02_COMP1359,LOT_02,IMAGE_SENSOR,LCC-20,IMA-SIH-2026,IMAGE_SENSOR_DARK_CURRENT_TEST,T02_1359,PROC-ISRO-IISU-01,ATE-STATION-01,CHAMBER-01,1.0,60.0,3.3,168,dark_current_density,OPTICAL,nA/cm2,13.4492,17.224,37.0184,77.6209,3.7748,13.45,4,41.75,7.01,0.0139,-0.0312,63.39,62.18,13.4492,17.224,37.0184,77.6209,3.7748,10.0,False,NOMINAL,HEALTHY,-19.33,31.6
IMA_LOT02_COMP1360,LOT_02,IMAGE_SENSOR,LCC-20,IMA-SIH-2026,IMAGE_SENSOR_DARK_CURRENT_TEST,T02_1360,PROC-ISRO-IISU-01,ATE-STATION-01,CHAMBER-01,1.0,60.0,3.3,168,dark_current_density,OPTICAL,nA/cm2,12.2897,17.7392,50.3824,147.4505,5.4495,11.3,6,39.23,5.81,-0.0303,0.01,62.14,62.34,12.2897,17.7392,50.3824,147.4505,5.4495,10.0,False,NOMINAL,HEALTHY,25.2,-33.41
IMA_LOT02_COMP1361,LOT_02,IMAGE_SENSOR,LCC-20,IMA-SIH-2026,IMAGE_SENSOR_DARK_CURRENT_TEST,T02_1361,PROC-ISRO-IISU-01,ATE-STATION-01,CHAMBER-01,1.0,60.0,3.3,168,dark_current_density,OPTICAL,nA/cm2,12.8609,18.0097,45.6605,119.8297,5.1488,13.08,4,40.38,8.88,0.0357,-0.0294,62.81,62.15,12.8609,18.0097,45.6605,119.8297,5.1488,10.0,False,NOMINAL,HEALTHY,34.38,8.56
IMA_LOT02_COMP1362,LOT_02,IMAGE_SENSOR,LCC-20,IMA-SIH-2026,IMAGE_SENSOR_DARK_CURRENT_TEST,T02_1362,PROC-ISRO-IISU-01,ATE-STATION-01,CHAMBER-01,1.0,60.0,3.3,168,dark_current_density,OPTICAL,nA/cm2,11.9036,14.4051,29.6031,58.963,2.5015,13.7,2,41.09,9.13,0.0212,0.0111,62.13,61.77,11.9036,14.4051,29.6031,58.963,2.5015,10.0,False,NOMINAL,HEALTHY,2.32,-28.44
IMA_LOT02_COMP1363,LOT_02,IMAGE_SENSOR,LCC-20,IMA-SIH-2026,IMAGE_SENSOR_DARK_CURRENT_TEST,T02_1363,PROC-ISRO-IISU-01,ATE-STATION-01,CHAMBER-01,1.0,60.0,3.3,168,dark_current_density,OPTICAL,nA/cm2,12.0047,17.8607,64.6904,239.8463,5.856,14.87,10,45.07,6.86,-0.0063,-0.0493,61.21,61.56,12.0047,17.8607,64.6904,239.8463,5.856,10.0,False,NOMINAL,HEALTHY,-11.24,-29.75
IMA_LOT02_COMP1364,LOT_02,IMAGE_SENSOR,LCC-20,IMA-SIH-2026,IMAGE_SENSOR_DARK_CURRENT_TEST,T02_1364,PROC-ISRO-IISU-01,ATE-STATION-01,CHAMBER-01,1.0,60.0,3.3,168,dark_current_density,OPTICAL,nA/cm2,13.091,18.004,48.7349,135.1688,4.913,11.73,3,43.31,6.73,-0.0267,-0.042,62.26,62.05,13.091,18.004,48.7349,135.1688,4.913,10.0,False,NOMINAL,HEALTHY,-33.45,-34.71
IMA_LOT02_COMP1365,LOT_02,IMAGE_SENSOR,LCC-20,IMA-SIH-2026,IMAGE_SENSOR_DARK_CURRENT_TEST,T02_1365,PROC-ISRO-IISU-01,ATE-STATION-01,CHAMBER-01,1.0,60.0,3.3,168,dark_current_density,OPTICAL,nA/cm2,12.7179,16.325,39.9966,92.9165,3.6071,11.56,6,39.6,8.42,-0.0301,-0.1486,63.91,62.52,12.7179,16.325,39.9966,92.9165,3.6071,10.0,False,NOMINAL,HEALTHY,-42.25,0.65
IMA_LOT02_COMP1366,LOT_02,IMAGE_SENSOR,LCC-20,IMA-SIH-2026,IMAGE_SENSOR_DARK_CURRENT_TEST,T02_1366,PROC-ISRO-IISU-01,ATE-STATION-01,CHAMBER-01,1.0,60.0,3.3,168,dark_current_density,OPTICAL,nA/cm2,12.2183,16.9815,42.8563,104.4689,4.7632,14.04,8,40.27,6.49,-0.0051,-0.0092,61.12,61.56,12.2183,16.9815,42.8563,104.4689,4.7632,10.0,False,NOMINAL,HEALTHY,-42.59,35.33
IMA_LOT02_COMP1367,LOT_02,IMAGE_SENSOR,LCC-20,IMA-SIH-2026,IMAGE_SENSOR_DARK_CURRENT_TEST,T02_1367,PROC-ISRO-IISU-01,ATE-STATION-01,CHAMBER-01,1.0,60.0,3.3,168,dark_current_density,OPTICAL,nA/cm2,13.9288,17.3296,35.0752,76.251,3.4008,9.6,6,42.81,6.85,0.0018,0.0583,60.27,60.79,13.9288,17.3296,35.0752,76.251,3.4008,10.0,False,NOMINAL,HEALTHY,-13.26,47.97
IMA_LOT02_COMP1368,LOT_02,IMAGE_SENSOR,LCC-20,IMA-SIH-2026,IMAGE_SENSOR_DARK_CURRENT_TEST,T02_1368,PROC-ISRO-IISU-01,ATE-STATION-01,CHAMBER-01,1.0,60.0,3.3,168,dark_current_density,OPTICAL,nA/cm2,12.6497,18.3951,66.419,223.2142,5.7454,14.14,3,37.39,7.62,-0.0187,-0.081,63.13,62.22,12.6497,18.3951,66.419,223.2142,5.7454,10.0,False,NOMINAL,HEALTHY,37.53,-21.67
IMA_LOT02_COMP1369,LOT_02,IMAGE_SENSOR,LCC-20,IMA-SIH-2026,IMAGE_SENSOR_DARK_CURRENT_TEST,T02_1369,PROC-ISRO-IISU-01,ATE-STATION-01,CHAMBER-01,1.0,60.0,3.3,168,dark_current_density,OPTICAL,nA/cm2,13.4175,18.1725,46.9042,127.5112,4.755,11.2,4,41.7,8.96,0.0067,-0.0507,62.49,62.03,13.4175,18.1725,46.9042,127.5112,4.755,10.0,False,NOMINAL,HEALTHY,12.02,-47.65
IMA_LOT02_COMP1370,LOT_02,IMAGE_SENSOR,LCC-20,IMA-SIH-2026,IMAGE_SENSOR_DARK_CURRENT_TEST,T02_1370,PROC-ISRO-IISU-01,ATE-STATION-01,CHAMBER-01,1.0,60.0,3.3,168,dark_current_density,OPTICAL,nA/cm2,12.4922,18.38,57.5974,188.7616,5.8878,8.13,2,41.95,5.96,-0.0107,-0.0125,60.14,61.84,12.4922,18.38,57.5974,188.7616,5.8878,10.0,False,NOMINAL,HEALTHY,9.33,24.71
IMA_LOT02_COMP1371,LOT_02,IMAGE_SENSOR,LCC-20,IMA-SIH-2026,IMAGE_SENSOR_DARK_CURRENT_TEST,T02_1371,PROC-ISRO-IISU-01,ATE-STATION-01,CHAMBER-01,1.0,60.0,3.3,168,dark_current_density,OPTICAL,nA/cm2,12.9189,19.1917,60.8312,185.5257,6.2728,15.46,4,43.54,5.65,-0.0347,-0.0882,64.23,62.17,12.9189,19.1917,60.8312,185.5257,6.2728,10.0,False,NOMINAL,HEALTHY,33.97,-15.07
IMA_LOT02_COMP1372,LOT_02,IMAGE_SENSOR,LCC-20,IMA-SIH-2026,IMAGE_SENSOR_DARK_CURRENT_TEST,T02_1372,PROC-ISRO-IISU-01,ATE-STATION-01,CHAMBER-01,1.0,60.0,3.3,168,dark_current_density,OPTICAL,nA/cm2,12.6594,18.6151,60.8839,213.4886,5.9557,10.35,6,37.87,7.86,-0.0178,-0.0713,63.56,62.19,12.6594,18.6151,60.8839,213.4886,5.9557,10.0,False,NOMINAL,HEALTHY,20.32,47.11
IMA_LOT02_COMP1373,LOT_02,IMAGE_SENSOR,LCC-20,IMA-SIH-2026,IMAGE_SENSOR_DARK_CURRENT_TEST,T02_1373,PROC-ISRO-IISU-01,ATE-STATION-01,CHAMBER-01,1.0,60.0,3.3,168,dark_current_density,OPTICAL,nA/cm2,42.7126,56.6701,120.2017,269.719,13.9575,12.58,3,43.33,7.41,0.0069,0.0097,64.05,61.29,42.7126,56.6701,120.2017,269.719,13.9575,10.0,True,SPATIAL_OUTLIER,HEALTHY,-3.8,-6.97
IMA_LOT02_COMP1374,LOT_02,IMAGE_SENSOR,LCC-20,IMA-SIH-2026,IMAGE_SENSOR_DARK_CURRENT_TEST,T02_1374,PROC-ISRO-IISU-01,ATE-STATION-01,CHAMBER-01,1.0,60.0,3.3,168,dark_current_density,OPTICAL,nA/cm2,12.968,16.3159,37.1235,81.8139,3.3479,11.94,2,35.79,6.76,-0.0139,0.073,60.19,61.47,12.968,16.3159,37.1235,81.8139,3.3479,10.0,False,NOMINAL,HEALTHY,16.19,-27.2
IMA_LOT02_COMP1375,LOT_02,IMAGE_SENSOR,LCC-20,IMA-SIH-2026,IMAGE_SENSOR_DARK_CURRENT_TEST,T02_1375,PROC-ISRO-IISU-01,ATE-STATION-01,CHAMBER-01,1.0,60.0,3.3,168,dark_current_density,OPTICAL,nA/cm2,12.553,17.4756,47.7473,134.1545,4.9226,12.61,3,40.79,7.6,-0.0325,-0.0686,61.72,61.04,12.553,17.4756,47.7473,134.1545,4.9226,10.0,False,NOMINAL,HEALTHY,40.04,-26.55
IMA_LOT02_COMP1376,LOT_02,IMAGE_SENSOR,LCC-20,IMA-SIH-2026,IMAGE_SENSOR_DARK_CURRENT_TEST,T02_1376,PROC-ISRO-IISU-01,ATE-STATION-01,CHAMBER-01,1.0,60.0,3.3,168,dark_current_density,OPTICAL,nA/cm2,12.6154,16.2747,36.9855,86.9706,3.6593,10.04,4,42.18,7.06,-0.0165,-0.0564,64.78,61.92,12.6154,16.2747,36.9855,86.9706,3.6593,10.0,False,NOMINAL,HEALTHY,43.22,38.4
IMA_LOT02_COMP1377,LOT_02,IMAGE_SENSOR,LCC-20,IMA-SIH-2026,IMAGE_SENSOR_DARK_CURRENT_TEST,T02_1377,PROC-ISRO-IISU-01,ATE-STATION-01,CHAMBER-01,1.0,60.0,3.3,168,dark_current_density,OPTICAL,nA/cm2,12.2557,16.4755,43.5314,113.6747,4.2198,12.79,5,41.9,7.17,0.0034,0.0117,62.5,61.97,12.2557,16.4755,43.5314,113.6747,4.2198,10.0,False,NOMINAL,HEALTHY,-18.54,46.5
IMA_LOT02_COMP1378,LOT_02,IMAGE_SENSOR,LCC-20,IMA-SIH-2026,IMAGE_SENSOR_DARK_CURRENT_TEST,T02_1378,PROC-ISRO-IISU-01,ATE-STATION-01,CHAMBER-01,1.0,60.0,3.3,168,dark_current_density,OPTICAL,nA/cm2,12.9466,17.39,43.4069,103.2417,4.4434,11.85,5,38.76,7.69,-0.0118,-0.0105,61.29,62.34,12.9466,17.39,43.4069,103.2417,4.4434,10.0,False,NOMINAL,HEALTHY,-28.26,0.77
IMA_LOT02_COMP1379,LOT_02,IMAGE_SENSOR,LCC-20,IMA-SIH-2026,IMAGE_SENSOR_DARK_CURRENT_TEST,T02_1379,PROC-ISRO-IISU-01,ATE-STATION-01,CHAMBER-01,1.0,60.0,3.3,168,dark_current_density,OPTICAL,nA/cm2,12.5393,18.1537,54.3682,154.2213,5.6144,13.05,8,38.24,10.63,0.0107,0.0347,62.79,61.75,12.5393,18.1537,54.3682,154.2213,5.6144,10.0,False,NOMINAL,HEALTHY,-26.63,-24.31
IMA_LOT02_COMP1380,LOT_02,IMAGE_SENSOR,LCC-20,IMA-SIH-2026,IMAGE_SENSOR_DARK_CURRENT_TEST,T02_1380,PROC-ISRO-IISU-01,ATE-STATION-01,CHAMBER-01,1.0,60.0,3.3,168,dark_current_density,OPTICAL,nA/cm2,12.2053,15.5961,36.8503,84.0018,3.3908,14.56,9,42.99,8.92,0.0139,-0.0593,61.89,61.12,12.2053,15.5961,36.8503,84.0018,3.3908,10.0,False,NOMINAL,HEALTHY,43.79,36.35
IMA_LOT02_COMP1381,LOT_02,IMAGE_SENSOR,LCC-20,IMA-SIH-2026,IMAGE_SENSOR_DARK_CURRENT_TEST,T02_1381,PROC-ISRO-IISU-01,ATE-STATION-01,CHAMBER-01,1.0,60.0,3.3,168,dark_current_density,OPTICAL,nA/cm2,12.318,16.2775,34.126,70.7268,3.9595,14.58,6,40.44,7.87,-0.0059,0.0664,64.09,61.06,12.318,16.2775,34.126,70.7268,3.9595,10.0,False,NOMINAL,HEALTHY,28.78,-25.32
IMA_LOT02_COMP1382,LOT_02,IMAGE_SENSOR,LCC-20,IMA-SIH-2026,IMAGE_SENSOR_DARK_CURRENT_TEST,T02_1382,PROC-ISRO-IISU-01,ATE-STATION-01,CHAMBER-01,1.0,60.0,3.3,168,dark_current_density,OPTICAL,nA/cm2,12.6784,18.9576,58.1877,169.52,6.2792,10.03,7,43.77,5.91,0.0186,-0.0231,61.89,62.39,12.6784,18.9576,58.1877,169.52,6.2792,10.0,False,NOMINAL,HEALTHY,11.74,13.21
IMA_LOT02_COMP1383,LOT_02,IMAGE_SENSOR,LCC-20,IMA-SIH-2026,IMAGE_SENSOR_DARK_CURRENT_TEST,T02_1383,PROC-ISRO-IISU-01,ATE-STATION-01,CHAMBER-01,1.0,60.0,3.3,168,dark_current_density,OPTICAL,nA/cm2,12.479,17.3616,40.0837,95.9605,4.8826,15.66,8,45.8,6.13,-0.0212,-0.0134,62.53,62.69,12.479,17.3616,40.0837,95.9605,4.8826,10.0,False,NOMINAL,HEALTHY,-10.81,-10.0
IMA_LOT02_COMP1384,LOT_02,IMAGE_SENSOR,LCC-20,IMA-SIH-2026,IMAGE_SENSOR_DARK_CURRENT_TEST,T02_1384,PROC-ISRO-IISU-01,ATE-STATION-01,CHAMBER-01,1.0,60.0,3.3,168,dark_current_density,OPTICAL,nA/cm2,12.5031,15.4327,30.9187,59.5077,2.9296,8.82,6,41.62,10.94,0.0305,-0.0353,60.14,61.53,12.5031,15.4327,30.9187,59.5077,2.9296,10.0,False,NOMINAL,HEALTHY,-20.65,-23.93
IMA_LOT02_COMP1385,LOT_02,IMAGE_SENSOR,LCC-20,IMA-SIH-2026,IMAGE_SENSOR_DARK_CURRENT_TEST,T02_1385,PROC-ISRO-IISU-01,ATE-STATION-01,CHAMBER-01,1.0,60.0,3.3,168,dark_current_density,OPTICAL,nA/cm2,12.3458,16.8012,45.6107,121.8607,4.4554,16.24,3,41.39,8.96,-0.0177,-0.0055,62.64,61.95,12.3458,16.8012,45.6107,121.8607,4.4554,10.0,False,NOMINAL,HEALTHY,-14.98,-46.55
IMA_LOT02_COMP1386,LOT_02,IMAGE_SENSOR,LCC-20,IMA-SIH-2026,IMAGE_SENSOR_DARK_CURRENT_TEST,T02_1386,PROC-ISRO-IISU-01,ATE-STATION-01,CHAMBER-01,1.0,60.0,3.3,168,dark_current_density,OPTICAL,nA/cm2,12.6797,18.8415,60.9693,191.0651,6.1618,12.16,5,43.41,5.89,-0.012,0.0057,62.33,61.68,12.6797,18.8415,60.9693,191.0651,6.1618,10.0,False,NOMINAL,HEALTHY,28.44,45.78
IMA_LOT02_COMP1387,LOT_02,IMAGE_SENSOR,LCC-20,IMA-SIH-2026,IMAGE_SENSOR_DARK_CURRENT_TEST,T02_1387,PROC-ISRO-IISU-01,ATE-STATION-01,CHAMBER-01,1.0,60.0,3.3,168,dark_current_density,OPTICAL,nA/cm2,13.1645,17.2337,37.7062,78.3961,4.0692,11.01,2,42.58,8.14,0.0094,0.0256,62.24,63.02,13.1645,17.2337,37.7062,78.3961,4.0692,10.0,False,NOMINAL,HEALTHY,-47.47,-17.23
IMA_LOT02_COMP1388,LOT_02,IMAGE_SENSOR,LCC-20,IMA-SIH-2026,IMAGE_SENSOR_DARK_CURRENT_TEST,T02_1388,PROC-ISRO-IISU-01,ATE-STATION-01,CHAMBER-01,1.0,60.0,3.3,168,dark_current_density,OPTICAL,nA/cm2,12.706,16.2805,37.2223,86.1031,3.5745,14.8,0,44.44,6.07,0.0308,-0.0503,60.81,62.57,12.706,16.2805,37.2223,86.1031,3.5745,10.0,False,NOMINAL,HEALTHY,23.87,28.36
IMA_LOT02_COMP1389,LOT_02,IMAGE_SENSOR,LCC-20,IMA-SIH-2026,IMAGE_SENSOR_DARK_CURRENT_TEST,T02_1389,PROC-ISRO-IISU-01,ATE-STATION-01,CHAMBER-01,1.0,60.0,3.3,168,dark_current_density,OPTICAL,nA/cm2,13.6304,21.0112,76.5368,279.2652,7.3808,11.12,3,39.56,5.91,-0.0064,-0.0415,61.33,61.35,13.6304,21.0112,76.5368,279.2652,7.3808,10.0,False,NOMINAL,HEALTHY,6.4,44.12
IMA_LOT02_COMP1390,LOT_02,IMAGE_SENSOR,LCC-20,IMA-SIH-2026,IMAGE_SENSOR_DARK_CURRENT_TEST,T02_1390,PROC-ISRO-IISU-01,ATE-STATION-01,CHAMBER-01,1.0,60.0,3.3,168,dark_current_density,OPTICAL,nA/cm2,12.0767,18.0269,60.1952,201.8491,5.9502,7.7,4,45.9,8.22,0.0219,0.02,58.21,61.72,12.0767,18.0269,60.1952,201.8491,5.9502,10.0,True,DIELECTRIC_OSCILLATION,HEALTHY,49.78,-13.96
IMA_LOT02_COMP1391,LOT_02,IMAGE_SENSOR,LCC-20,IMA-SIH-2026,IMAGE_SENSOR_DARK_CURRENT_TEST,T02_1391,PROC-ISRO-IISU-01,ATE-STATION-01,CHAMBER-01,1.0,60.0,3.3,168,dark_current_density,OPTICAL,nA/cm2,12.155,16.7807,48.5847,127.5382,4.6257,15.73,5,45.38,8.69,-0.0325,-0.0374,62.32,61.82,12.155,16.7807,48.5847,127.5382,4.6257,10.0,False,NOMINAL,HEALTHY,-33.23,-9.03
IMA_LOT02_COMP1392,LOT_02,IMAGE_SENSOR,LCC-20,IMA-SIH-2026,IMAGE_SENSOR_DARK_CURRENT_TEST,T02_1392,PROC-ISRO-IISU-01,ATE-STATION-01,CHAMBER-01,1.0,60.0,3.3,168,dark_current_density,OPTICAL,nA/cm2,12.7638,20.2905,67.8149,232.4505,7.5267,18.45,7,44.28,8.42,-0.0027,-0.0156,62.4,61.81,12.7638,20.2905,67.8149,232.4505,7.5267,10.0,False,NOMINAL,HEALTHY,23.98,-1.7
IMA_LOT02_COMP1393,LOT_02,IMAGE_SENSOR,LCC-20,IMA-SIH-2026,IMAGE_SENSOR_DARK_CURRENT_TEST,T02_1393,PROC-ISRO-IISU-01,ATE-STATION-01,CHAMBER-01,1.0,60.0,3.3,168,dark_current_density,OPTICAL,nA/cm2,12.1394,15.6632,33.0823,75.4246,3.5238,10.91,6,41.46,8.27,-0.009,0.0034,63.04,61.68,12.1394,15.6632,33.0823,75.4246,3.5238,10.0,False,NOMINAL,HEALTHY,-26.06,-38.96
IMA_LOT02_COMP1394,LOT_02,IMAGE_SENSOR,LCC-20,IMA-SIH-2026,IMAGE_SENSOR_DARK_CURRENT_TEST,T02_1394,PROC-ISRO-IISU-01,ATE-STATION-01,CHAMBER-01,1.0,60.0,3.3,168,dark_current_density,OPTICAL,nA/cm2,13.6531,17.1693,34.5661,75.8444,3.5162,14.82,5,42.31,7.69,-0.0085,-0.0087,60.99,62.73,13.6531,17.1693,34.5661,75.8444,3.5162,10.0,False,NOMINAL,HEALTHY,33.18,-41.7
IMA_LOT02_COMP1395,LOT_02,IMAGE_SENSOR,LCC-20,IMA-SIH-2026,IMAGE_SENSOR_DARK_CURRENT_TEST,T02_1395,PROC-ISRO-IISU-01,ATE-STATION-01,CHAMBER-01,1.0,60.0,3.3,168,dark_current_density,OPTICAL,nA/cm2,12.5907,17.2133,41.3305,92.9726,4.6226,10.18,8,41.74,9.16,0.0328,-0.0411,60.53,61.19,12.5907,17.2133,41.3305,92.9726,4.6226,10.0,False,NOMINAL,HEALTHY,17.96,23.13
IMA_LOT02_COMP1396,LOT_02,IMAGE_SENSOR,LCC-20,IMA-SIH-2026,IMAGE_SENSOR_DARK_CURRENT_TEST,T02_1396,PROC-ISRO-IISU-01,ATE-STATION-01,CHAMBER-01,1.0,60.0,3.3,168,dark_current_density,OPTICAL,nA/cm2,12.8641,15.6232,29.1328,58.7417,2.7591,7.27,8,40.74,8.17,0.0044,0.0175,60.75,62.55,12.8641,15.6232,29.1328,58.7417,2.7591,10.0,False,NOMINAL,HEALTHY,23.34,14.01
IMA_LOT02_COMP1397,LOT_02,IMAGE_SENSOR,LCC-20,IMA-SIH-2026,IMAGE_SENSOR_DARK_CURRENT_TEST,T02_1397,PROC-ISRO-IISU-01,ATE-STATION-01,CHAMBER-01,1.0,60.0,3.3,168,dark_current_density,OPTICAL,nA/cm2,13.6057,16.5051,31.2752,61.5202,2.8994,9.57,6,47.04,8.33,0.0065,0.026,61.09,61.85,13.6057,16.5051,31.2752,61.5202,2.8994,10.0,False,NOMINAL,HEALTHY,-44.34,22.26
IMA_LOT02_COMP1398,LOT_02,IMAGE_SENSOR,LCC-20,IMA-SIH-2026,IMAGE_SENSOR_DARK_CURRENT_TEST,T02_1398,PROC-ISRO-IISU-01,ATE-STATION-01,CHAMBER-01,1.0,60.0,3.3,168,dark_current_density,OPTICAL,nA/cm2,13.1391,17.2529,43.1319,110.9834,4.1138,8.47,4,41.79,7.62,-0.0068,0.0207,60.6,61.58,13.1391,17.2529,43.1319,110.9834,4.1138,10.0,False,NOMINAL,HEALTHY,-21.94,42.07
IMA_LOT02_COMP1399,LOT_02,IMAGE_SENSOR,LCC-20,IMA-SIH-2026,IMAGE_SENSOR_DARK_CURRENT_TEST,T02_1399,PROC-ISRO-IISU-01,ATE-STATION-01,CHAMBER-01,1.0,60.0,3.3,168,dark_current_density,OPTICAL,nA/cm2,12.8415,17.719,50.2128,149.8786,4.8775,11.51,5,41.5,7.69,-0.0109,-0.045,60.75,62.11,12.8415,17.719,50.2128,149.8786,4.8775,10.0,False,NOMINAL,HEALTHY,-14.95,44.57
IMA_LOT02_COMP1400,LOT_02,IMAGE_SENSOR,LCC-20,IMA-SIH-2026,IMAGE_SENSOR_DARK_CURRENT_TEST,T02_1400,PROC-ISRO-IISU-01,ATE-STATION-01,CHAMBER-01,1.0,60.0,3.3,168,dark_current_density,OPTICAL,nA/cm2,13.2348,19.2654,59.0735,174.3309,6.0306,13.83,6,38.54,7.13,0.0074,-0.0623,65.52,62.42,13.2348,19.2654,59.0735,174.3309,6.0306,10.0,False,NOMINAL,HEALTHY,3.68,10.47
IMA_LOT02_COMP1401,LOT_02,IMAGE_SENSOR,LCC-20,IMA-SIH-2026,IMAGE_SENSOR_DARK_CURRENT_TEST,T02_1401,PROC-ISRO-IISU-01,ATE-STATION-01,CHAMBER-01,1.0,60.0,3.3,168,dark_current_density,OPTICAL,nA/cm2,11.8639,15.7737,33.5035,75.2452,3.9098,9.93,3,46.1,6.43,0.0467,0.0408,60.93,61.86,11.8639,15.7737,33.5035,75.2452,3.9098,10.0,False,NOMINAL,HEALTHY,32.86,-36.34
IMA_LOT02_COMP1402,LOT_02,IMAGE_SENSOR,LCC-20,IMA-SIH-2026,IMAGE_SENSOR_DARK_CURRENT_TEST,T02_1402,PROC-ISRO-IISU-01,ATE-STATION-01,CHAMBER-01,1.0,60.0,3.3,168,dark_current_density,OPTICAL,nA/cm2,12.4046,19.492,71.032,241.3189,7.0874,17.01,3,42.15,8.39,0.0169,-0.0665,63.13,60.98,12.4046,19.492,71.032,241.3189,7.0874,10.0,False,NOMINAL,HEALTHY,28.43,-39.78
IMA_LOT02_COMP1403,LOT_02,IMAGE_SENSOR,LCC-20,IMA-SIH-2026,IMAGE_SENSOR_DARK_CURRENT_TEST,T02_1403,PROC-ISRO-IISU-01,ATE-STATION-01,CHAMBER-01,1.0,60.0,3.3,168,dark_current_density,OPTICAL,nA/cm2,12.4165,15.8208,31.2189,64.7133,3.4043,12.89,6,40.82,9.41,0.0059,0.0358,63.69,62.79,12.4165,15.8208,31.2189,64.7133,3.4043,10.0,False,NOMINAL,HEALTHY,-5.84,-12.78
IMA_LOT02_COMP1404,LOT_02,IMAGE_SENSOR,LCC-20,IMA-SIH-2026,IMAGE_SENSOR_DARK_CURRENT_TEST,T02_1404,PROC-ISRO-IISU-01,ATE-STATION-01,CHAMBER-01,1.0,60.0,3.3,168,dark_current_density,OPTICAL,nA/cm2,12.8517,16.3479,39.4666,94.2752,3.4962,17.62,6,44.1,8.52,0.0034,0.0317,64.1,62.19,12.8517,16.3479,39.4666,94.2752,3.4962,10.0,False,NOMINAL,HEALTHY,-26.9,45.94
IMA_LOT02_COMP1405,LOT_02,IMAGE_SENSOR,LCC-20,IMA-SIH-2026,IMAGE_SENSOR_DARK_CURRENT_TEST,T02_1405,PROC-ISRO-IISU-01,ATE-STATION-01,CHAMBER-01,1.0,60.0,3.3,168,dark_current_density,OPTICAL,nA/cm2,13.905,17.6681,43.9421,111.7198,3.7631,12.84,6,40.4,5.78,0.0155,0.0443,60.93,62.39,13.905,17.6681,43.9421,111.7198,3.7631,10.0,False,NOMINAL,HEALTHY,-39.04,20.74
IMA_LOT02_COMP1406,LOT_02,IMAGE_SENSOR,LCC-20,IMA-SIH-2026,IMAGE_SENSOR_DARK_CURRENT_TEST,T02_1406,PROC-ISRO-IISU-01,ATE-STATION-01,CHAMBER-01,1.0,60.0,3.3,168,dark_current_density,OPTICAL,nA/cm2,12.4999,17.2604,38.6579,95.1142,4.7605,7.37,2,43.8,6.6,-0.0052,0.0281,59.46,61.98,12.4999,17.2604,38.6579,95.1142,4.7605,10.0,False,NOMINAL,HEALTHY,19.87,0.02
IMA_LOT02_COMP1407,LOT_02,IMAGE_SENSOR,LCC-20,IMA-SIH-2026,IMAGE_SENSOR_DARK_CURRENT_TEST,T02_1407,PROC-ISRO-IISU-01,ATE-STATION-01,CHAMBER-01,1.0,60.0,3.3,168,dark_current_density,OPTICAL,nA/cm2,43.9829,61.5903,182.9014,517.6289,17.6074,13.29,2,39.77,7.23,-0.0356,-0.0684,61.9,62.19,43.9829,61.5903,182.9014,517.6289,17.6074,10.0,True,SPATIAL_OUTLIER,HEALTHY,4.25,-25.06
IMA_LOT02_COMP1408,LOT_02,IMAGE_SENSOR,LCC-20,IMA-SIH-2026,IMAGE_SENSOR_DARK_CURRENT_TEST,T02_1408,PROC-ISRO-IISU-01,ATE-STATION-01,CHAMBER-01,1.0,60.0,3.3,168,dark_current_density,OPTICAL,nA/cm2,12.2409,19.0982,59.5845,198.16,6.8573,11.56,6,40.44,8.08,0.0106,-0.059,61.83,62.45,12.2409,19.0982,59.5845,198.16,6.8573,10.0,False,NOMINAL,HEALTHY,6.28,-38.45
IMA_LOT02_COMP1409,LOT_02,IMAGE_SENSOR,LCC-20,IMA-SIH-2026,IMAGE_SENSOR_DARK_CURRENT_TEST,T02_1409,PROC-ISRO-IISU-01,ATE-STATION-01,CHAMBER-01,1.0,60.0,3.3,168,dark_current_density,OPTICAL,nA/cm2,12.6449,17.5075,46.2042,124.8569,4.8626,11.87,3,36.13,7.72,-0.0213,-0.0436,60.59,61.15,12.6449,17.5075,46.2042,124.8569,4.8626,10.0,False,NOMINAL,HEALTHY,-33.43,-23.07
IMA_LOT02_COMP1410,LOT_02,IMAGE_SENSOR,LCC-20,IMA-SIH-2026,IMAGE_SENSOR_DARK_CURRENT_TEST,T02_1410,PROC-ISRO-IISU-01,ATE-STATION-01,CHAMBER-01,1.0,60.0,3.3,168,dark_current_density,OPTICAL,nA/cm2,12.6549,17.4509,38.083,87.0198,4.796,16.43,2,43.52,8.25,0.0068,0.0107,59.92,61.89,12.6549,17.4509,38.083,87.0198,4.796,10.0,False,NOMINAL,HEALTHY,-11.14,-1.16
IMA_LOT02_COMP1411,LOT_02,IMAGE_SENSOR,LCC-20,IMA-SIH-2026,IMAGE_SENSOR_DARK_CURRENT_TEST,T02_1411,PROC-ISRO-IISU-01,ATE-STATION-01,CHAMBER-01,1.0,60.0,3.3,168,dark_current_density,OPTICAL,nA/cm2,12.3366,17.7419,59.2504,195.7432,5.4053,10.34,6,40.66,9.88,-0.0072,0.0917,58.89,61.93,12.3366,17.7419,59.2504,195.7432,5.4053,10.0,False,NOMINAL,HEALTHY,-44.48,3.13
IMA_LOT02_COMP1412,LOT_02,IMAGE_SENSOR,LCC-20,IMA-SIH-2026,IMAGE_SENSOR_DARK_CURRENT_TEST,T02_1412,PROC-ISRO-IISU-01,ATE-STATION-01,CHAMBER-01,1.0,60.0,3.3,168,dark_current_density,OPTICAL,nA/cm2,12.7995,17.0552,42.7466,104.3711,4.2557,9.9,9,46.21,6.83,0.0008,-0.0575,63.34,61.06,12.7995,17.0552,42.7466,104.3711,4.2557,10.0,False,NOMINAL,HEALTHY,-36.28,46.27
IMA_LOT02_COMP1413,LOT_02,IMAGE_SENSOR,LCC-20,IMA-SIH-2026,IMAGE_SENSOR_DARK_CURRENT_TEST,T02_1413,PROC-ISRO-IISU-01,ATE-STATION-01,CHAMBER-01,1.0,60.0,3.3,168,dark_current_density,OPTICAL,nA/cm2,13.584,20.3368,62.7036,202.9524,6.7528,15.92,4,45.28,8.69,-0.0074,0.0131,65.23,61.9,13.584,20.3368,62.7036,202.9524,6.7528,10.0,False,NOMINAL,HEALTHY,14.83,-21.09
IMA_LOT02_COMP1414,LOT_02,IMAGE_SENSOR,LCC-20,IMA-SIH-2026,IMAGE_SENSOR_DARK_CURRENT_TEST,T02_1414,PROC-ISRO-IISU-01,ATE-STATION-01,CHAMBER-01,1.0,60.0,3.3,168,dark_current_density,OPTICAL,nA/cm2,12.4987,16.1255,32.3922,69.3949,3.6268,8.71,4,40.84,6.95,-0.0419,-0.0296,63.98,62.64,12.4987,16.1255,32.3922,69.3949,3.6268,10.0,False,NOMINAL,HEALTHY,35.01,-32.58
IMA_LOT02_COMP1415,LOT_02,IMAGE_SENSOR,LCC-20,IMA-SIH-2026,IMAGE_SENSOR_DARK_CURRENT_TEST,T02_1415,PROC-ISRO-IISU-01,ATE-STATION-01,CHAMBER-01,1.0,60.0,3.3,168,dark_current_density,OPTICAL,nA/cm2,12.8639,18.4137,46.8877,124.0946,5.5498,11.91,6,41.29,7.29,0.0035,0.0016,59.03,61.92,12.8639,18.4137,46.8877,124.0946,5.5498,10.0,False,NOMINAL,HEALTHY,8.26,-24.56
IMA_LOT02_COMP1416,LOT_02,IMAGE_SENSOR,LCC-20,IMA-SIH-2026,IMAGE_SENSOR_DARK_CURRENT_TEST,T02_1416,PROC-ISRO-IISU-01,ATE-STATION-01,CHAMBER-01,1.0,60.0,3.3,168,dark_current_density,OPTICAL,nA/cm2,13.295,17.6299,40.2361,96.2669,4.3349,16.77,4,40.36,10.87,-0.0132,0.0821,62.52,61.88,13.295,17.6299,40.2361,96.2669,4.3349,10.0,False,NOMINAL,HEALTHY,-44.72,25.56
IMA_LOT02_COMP1417,LOT_02,IMAGE_SENSOR,LCC-20,IMA-SIH-2026,IMAGE_SENSOR_DARK_CURRENT_TEST,T02_1417,PROC-ISRO-IISU-01,ATE-STATION-01,CHAMBER-01,1.0,60.0,3.3,168,dark_current_density,OPTICAL,nA/cm2,13.283,18.0499,45.7509,114.3026,4.7669,9.04,3,43.38,8.08,0.0065,-0.0626,61.17,62.2,13.283,18.0499,45.7509,114.3026,4.7669,10.0,False,NOMINAL,HEALTHY,2.86,-31.2
IMA_LOT02_COMP1418,LOT_02,IMAGE_SENSOR,LCC-20,IMA-SIH-2026,IMAGE_SENSOR_DARK_CURRENT_TEST,T02_1418,PROC-ISRO-IISU-01,ATE-STATION-01,CHAMBER-01,1.0,60.0,3.3,168,dark_current_density,OPTICAL,nA/cm2,12.7002,18.4197,55.9408,189.4232,5.7195,10.53,6,41.44,6.95,0.0041,-0.0188,62.43,61.22,12.7002,18.4197,55.9408,189.4232,5.7195,10.0,False,NOMINAL,HEALTHY,-35.33,19.26
IMA_LOT02_COMP1419,LOT_02,IMAGE_SENSOR,LCC-20,IMA-SIH-2026,IMAGE_SENSOR_DARK_CURRENT_TEST,T02_1419,PROC-ISRO-IISU-01,ATE-STATION-01,CHAMBER-01,1.0,60.0,3.3,168,dark_current_density,OPTICAL,nA/cm2,12.1488,16.495,45.9837,120.9935,4.3462,11.18,4,42.23,7.28,-0.0015,-0.0093,63.3,62.29,12.1488,16.495,45.9837,120.9935,4.3462,10.0,False,NOMINAL,HEALTHY,-19.82,-30.09
IMA_LOT02_COMP1420,LOT_02,IMAGE_SENSOR,LCC-20,IMA-SIH-2026,IMAGE_SENSOR_DARK_CURRENT_TEST,T02_1420,PROC-ISRO-IISU-01,ATE-STATION-01,CHAMBER-01,1.0,60.0,3.3,168,dark_current_density,OPTICAL,nA/cm2,12.7375,18.1991,57.4997,164.853,5.4616,11.87,11,44.16,8.06,0.0234,-0.0226,59.41,61.11,12.7375,18.1991,57.4997,164.853,5.4616,10.0,False,NOMINAL,HEALTHY,-13.78,-4.46
IMA_LOT02_COMP1421,LOT_02,IMAGE_SENSOR,LCC-20,IMA-SIH-2026,IMAGE_SENSOR_DARK_CURRENT_TEST,T02_1421,PROC-ISRO-IISU-01,ATE-STATION-01,CHAMBER-01,1.0,60.0,3.3,168,dark_current_density,OPTICAL,nA/cm2,12.2823,16.6581,39.805,96.0547,4.3758,13.67,1,44.23,7.58,0.0069,0.0128,62.36,61.71,12.2823,16.6581,39.805,96.0547,4.3758,10.0,False,NOMINAL,HEALTHY,-1.3,-6.09
IMA_LOT02_COMP1422,LOT_02,IMAGE_SENSOR,LCC-20,IMA-SIH-2026,IMAGE_SENSOR_DARK_CURRENT_TEST,T02_1422,PROC-ISRO-IISU-01,ATE-STATION-01,CHAMBER-01,1.0,60.0,3.3,168,dark_current_density,OPTICAL,nA/cm2,12.547,17.4721,48.8318,133.1456,4.9251,9.55,3,41.22,9.38,0.0128,0.01,62.55,61.42,12.547,17.4721,48.8318,133.1456,4.9251,10.0,False,NOMINAL,HEALTHY,-22.25,20.38
IMA_LOT02_COMP1423,LOT_02,IMAGE_SENSOR,LCC-20,IMA-SIH-2026,IMAGE_SENSOR_DARK_CURRENT_TEST,T02_1423,PROC-ISRO-IISU-01,ATE-STATION-01,CHAMBER-01,1.0,60.0,3.3,168,dark_current_density,OPTICAL,nA/cm2,11.9876,17.5422,57.8444,198.499,5.5546,16.49,8,39.77,6.78,-0.0159,-0.0505,63.86,61.91,11.9876,17.5422,57.8444,198.499,5.5546,10.0,False,NOMINAL,HEALTHY,-17.23,-35.95
IMA_LOT02_COMP1424,LOT_02,IMAGE_SENSOR,LCC-20,IMA-SIH-2026,IMAGE_SENSOR_DARK_CURRENT_TEST,T02_1424,PROC-ISRO-IISU-01,ATE-STATION-01,CHAMBER-01,1.0,60.0,3.3,168,dark_current_density,OPTICAL,nA/cm2,13.1448,19.3115,57.7169,171.0682,6.1667,0.91,4,40.84,7.66,-0.0149,0.02,62.44,61.72,13.1448,19.3115,57.7169,171.0682,6.1667,10.0,False,NOMINAL,HEALTHY,2.58,41.74
IMA_LOT02_COMP1425,LOT_02,IMAGE_SENSOR,LCC-20,IMA-SIH-2026,IMAGE_SENSOR_DARK_CURRENT_TEST,T02_1425,PROC-ISRO-IISU-01,ATE-STATION-01,CHAMBER-01,1.0,60.0,3.3,168,dark_current_density,OPTICAL,nA/cm2,13.0039,17.8653,45.2871,119.2004,4.8614,11.49,7,41.62,10.37,-0.02,0.0558,60.11,61.78,13.0039,17.8653,45.2871,119.2004,4.8614,10.0,False,NOMINAL,HEALTHY,-4.63,-37.95
IMA_LOT02_COMP1426,LOT_02,IMAGE_SENSOR,LCC-20,IMA-SIH-2026,IMAGE_SENSOR_DARK_CURRENT_TEST,T02_1426,PROC-ISRO-IISU-01,ATE-STATION-01,CHAMBER-01,1.0,60.0,3.3,168,dark_current_density,OPTICAL,nA/cm2,12.2736,16.8537,42.0325,100.2385,4.5801,12.64,5,42.63,8.45,-0.0012,0.0314,62.28,62.6,12.2736,16.8537,42.0325,100.2385,4.5801,10.0,False,NOMINAL,HEALTHY,-13.5,28.94
IMA_LOT02_COMP1427,LOT_02,IMAGE_SENSOR,LCC-20,IMA-SIH-2026,IMAGE_SENSOR_DARK_CURRENT_TEST,T02_1427,PROC-ISRO-IISU-01,ATE-STATION-01,CHAMBER-01,1.0,60.0,3.3,168,dark_current_density,OPTICAL,nA/cm2,12.4255,17.8956,53.7461,168.2144,5.4701,18.24,4,42.28,6.76,-0.0371,-0.0962,62.84,62.24,12.4255,17.8956,53.7461,168.2144,5.4701,10.0,False,NOMINAL,HEALTHY,12.76,33.27
IMA_LOT02_COMP1428,LOT_02,IMAGE_SENSOR,LCC-20,IMA-SIH-2026,IMAGE_SENSOR_DARK_CURRENT_TEST,T02_1428,PROC-ISRO-IISU-01,ATE-STATION-01,CHAMBER-01,1.0,60.0,3.3,168,dark_current_density,OPTICAL,nA/cm2,12.3338,19.153,63.3615,213.2726,6.8192,11.68,5,43.79,7.35,0.0031,-0.0327,61.4,61.75,12.3338,19.153,63.3615,213.2726,6.8192,10.0,False,NOMINAL,HEALTHY,5.44,-23.06
IMA_LOT02_COMP1429,LOT_02,IMAGE_SENSOR,LCC-20,IMA-SIH-2026,IMAGE_SENSOR_DARK_CURRENT_TEST,T02_1429,PROC-ISRO-IISU-01,ATE-STATION-01,CHAMBER-01,1.0,60.0,3.3,168,dark_current_density,OPTICAL,nA/cm2,12.0883,16.9231,44.1634,113.8325,4.8348,16.7,5,40.31,9.21,0.0056,-0.0258,59.72,62.29,12.0883,16.9231,44.1634,113.8325,4.8348,10.0,False,NOMINAL,HEALTHY,18.33,-13.39
IMA_LOT02_COMP1430,LOT_02,IMAGE_SENSOR,LCC-20,IMA-SIH-2026,IMAGE_SENSOR_DARK_CURRENT_TEST,T02_1430,PROC-ISRO-IISU-01,ATE-STATION-01,CHAMBER-01,1.0,60.0,3.3,168,dark_current_density,OPTICAL,nA/cm2,13.0684,16.9751,38.8245,83.325,3.9067,18.4,7,40.88,8.07,-0.0195,-0.0126,63.5,62.07,13.0684,16.9751,38.8245,83.325,3.9067,10.0,False,NOMINAL,HEALTHY,-44.63,-42.23
IMA_LOT02_COMP1431,LOT_02,IMAGE_SENSOR,LCC-20,IMA-SIH-2026,IMAGE_SENSOR_DARK_CURRENT_TEST,T02_1431,PROC-ISRO-IISU-01,ATE-STATION-01,CHAMBER-01,1.0,60.0,3.3,168,dark_current_density,OPTICAL,nA/cm2,12.7926,16.433,33.8788,68.1156,3.6404,9.81,7,38.66,8.68,0.0016,0.0154,61.92,62.13,12.7926,16.433,33.8788,68.1156,3.6404,10.0,False,NOMINAL,HEALTHY,-20.85,-39.93
IMA_LOT02_COMP1432,LOT_02,IMAGE_SENSOR,LCC-20,IMA-SIH-2026,IMAGE_SENSOR_DARK_CURRENT_TEST,T02_1432,PROC-ISRO-IISU-01,ATE-STATION-01,CHAMBER-01,1.0,60.0,3.3,168,dark_current_density,OPTICAL,nA/cm2,12.9207,15.9089,31.8374,60.7075,2.9882,5.42,4,44.16,11.31,-0.0093,-0.0482,60.94,61.71,12.9207,15.9089,31.8374,60.7075,2.9882,10.0,False,NOMINAL,HEALTHY,-27.01,-28.71
IMA_LOT02_COMP1433,LOT_02,IMAGE_SENSOR,LCC-20,IMA-SIH-2026,IMAGE_SENSOR_DARK_CURRENT_TEST,T02_1433,PROC-ISRO-IISU-01,ATE-STATION-01,CHAMBER-01,1.0,60.0,3.3,168,dark_current_density,OPTICAL,nA/cm2,12.7869,15.428,29.3671,57.5345,2.6411,9.03,7,40.71,9.73,0.0029,-0.0015,62.1,61.77,12.7869,15.428,29.3671,57.5345,2.6411,10.0,False,NOMINAL,HEALTHY,-38.27,17.22
IMA_LOT02_COMP1434,LOT_02,IMAGE_SENSOR,LCC-20,IMA-SIH-2026,IMAGE_SENSOR_DARK_CURRENT_TEST,T02_1434,PROC-ISRO-IISU-01,ATE-STATION-01,CHAMBER-01,1.0,60.0,3.3,168,dark_current_density,OPTICAL,nA/cm2,13.0803,16.4322,33.6317,67.1478,3.3519,12.83,8,42.87,7.94,-0.008,-0.0822,62.75,62.12,13.0803,16.4322,33.6317,67.1478,3.3519,10.0,False,NOMINAL,HEALTHY,1.08,-14.34
IMA_LOT02_COMP1435,LOT_02,IMAGE_SENSOR,LCC-20,IMA-SIH-2026,IMAGE_SENSOR_DARK_CURRENT_TEST,T02_1435,PROC-ISRO-IISU-01,ATE-STATION-01,CHAMBER-01,1.0,60.0,3.3,168,dark_current_density,OPTICAL,nA/cm2,12.7476,16.4849,34.9994,78.7331,3.7373,11.85,5,43.64,8.09,-0.0194,-0.1249,59.95,62.22,12.7476,16.4849,34.9994,78.7331,3.7373,10.0,False,NOMINAL,HEALTHY,-11.65,-9.46
IMA_LOT02_COMP1436,LOT_02,IMAGE_SENSOR,LCC-20,IMA-SIH-2026,IMAGE_SENSOR_DARK_CURRENT_TEST,T02_1436,PROC-ISRO-IISU-01,ATE-STATION-01,CHAMBER-01,1.0,60.0,3.3,168,dark_current_density,OPTICAL,nA/cm2,13.3221,19.2088,62.9685,191.3734,5.8867,14.53,6,38.46,9.77,0.0062,0.0201,62.15,62.07,13.3221,19.2088,62.9685,191.3734,5.8867,10.0,False,NOMINAL,HEALTHY,-48.19,-21.85
IMA_LOT02_COMP1437,LOT_02,IMAGE_SENSOR,LCC-20,IMA-SIH-2026,IMAGE_SENSOR_DARK_CURRENT_TEST,T02_1437,PROC-ISRO-IISU-01,ATE-STATION-01,CHAMBER-01,1.0,60.0,3.3,168,dark_current_density,OPTICAL,nA/cm2,13.015,17.9186,52.4415,152.9253,4.9036,9.3,1,42.67,10.84,-0.0026,0.0242,63.42,61.9,13.015,17.9186,52.4415,152.9253,4.9036,10.0,False,NOMINAL,HEALTHY,-45.84,3.18
IMA_LOT02_COMP1438,LOT_02,IMAGE_SENSOR,LCC-20,IMA-SIH-2026,IMAGE_SENSOR_DARK_CURRENT_TEST,T02_1438,PROC-ISRO-IISU-01,ATE-STATION-01,CHAMBER-01,1.0,60.0,3.3,168,dark_current_density,OPTICAL,nA/cm2,11.8853,14.9642,30.9034,62.1392,3.0789,9.74,4,46.0,8.77,-0.0016,-0.0683,60.21,61.03,11.8853,14.9642,30.9034,62.1392,3.0789,10.0,False,NOMINAL,HEALTHY,31.35,18.09
IMA_LOT02_COMP1439,LOT_02,IMAGE_SENSOR,LCC-20,IMA-SIH-2026,IMAGE_SENSOR_DARK_CURRENT_TEST,T02_1439,PROC-ISRO-IISU-01,ATE-STATION-01,CHAMBER-01,1.0,60.0,3.3,168,dark_current_density,OPTICAL,nA/cm2,12.0217,15.9377,40.3976,101.7893,3.916,13.53,4,43.45,9.66,-0.0141,-0.0016,62.45,61.55,12.0217,15.9377,40.3976,101.7893,3.916,10.0,False,NOMINAL,HEALTHY,-16.9,-41.31
IMA_LOT02_COMP1440,LOT_02,IMAGE_SENSOR,LCC-20,IMA-SIH-2026,IMAGE_SENSOR_DARK_CURRENT_TEST,T02_1440,PROC-ISRO-IISU-01,ATE-STATION-01,CHAMBER-01,1.0,60.0,3.3,168,dark_current_density,OPTICAL,nA/cm2,13.1546,18.6648,62.0604,197.7643,5.5102,15.06,5,40.24,9.39,0.0149,0.0524,61.09,62.36,13.1546,18.6648,62.0604,197.7643,5.5102,10.0,False,NOMINAL,HEALTHY,2.18,35.61
IMA_LOT02_COMP1441,LOT_02,IMAGE_SENSOR,LCC-20,IMA-SIH-2026,IMAGE_SENSOR_DARK_CURRENT_TEST,T02_1441,PROC-ISRO-IISU-01,ATE-STATION-01,CHAMBER-01,1.0,60.0,3.3,168,dark_current_density,OPTICAL,nA/cm2,12.4589,16.2923,36.473,83.2293,3.8334,15.69,3,43.07,10.29,0.0528,0.0473,63.22,62.09,12.4589,16.2923,36.473,83.2293,3.8334,10.0,False,NOMINAL,HEALTHY,19.42,11.52
IMA_LOT02_COMP1442,LOT_02,IMAGE_SENSOR,LCC-20,IMA-SIH-2026,IMAGE_SENSOR_DARK_CURRENT_TEST,T02_1442,PROC-ISRO-IISU-01,ATE-STATION-01,CHAMBER-01,1.0,60.0,3.3,168,dark_current_density,OPTICAL,nA/cm2,12.7304,17.1651,45.2576,115.129,4.4347,11.07,6,42.44,10.1,0.0309,-0.0529,61.91,62.11,12.7304,17.1651,45.2576,115.129,4.4347,10.0,False,NOMINAL,HEALTHY,-43.82,-32.66
IMA_LOT02_COMP1443,LOT_02,IMAGE_SENSOR,LCC-20,IMA-SIH-2026,IMAGE_SENSOR_DARK_CURRENT_TEST,T02_1443,PROC-ISRO-IISU-01,ATE-STATION-01,CHAMBER-01,1.0,60.0,3.3,168,dark_current_density,OPTICAL,nA/cm2,13.4667,18.7438,49.5593,138.1123,5.2771,10.86,7,42.97,8.18,0.0079,0.0134,64.89,61.75,13.4667,18.7438,49.5593,138.1123,5.2771,10.0,False,NOMINAL,HEALTHY,-3.0,-12.04
IMA_LOT02_COMP1444,LOT_02,IMAGE_SENSOR,LCC-20,IMA-SIH-2026,IMAGE_SENSOR_DARK_CURRENT_TEST,T02_1444,PROC-ISRO-IISU-01,ATE-STATION-01,CHAMBER-01,1.0,60.0,3.3,168,dark_current_density,OPTICAL,nA/cm2,12.0176,17.4602,46.7362,127.6954,5.4426,13.63,6,42.36,7.04,-0.0022,0.0724,62.05,61.34,12.0176,17.4602,46.7362,127.6954,5.4426,10.0,False,NOMINAL,HEALTHY,-9.99,-35.18
IMA_LOT02_COMP1445,LOT_02,IMAGE_SENSOR,LCC-20,IMA-SIH-2026,IMAGE_SENSOR_DARK_CURRENT_TEST,T02_1445,PROC-ISRO-IISU-01,ATE-STATION-01,CHAMBER-01,1.0,60.0,3.3,168,dark_current_density,OPTICAL,nA/cm2,12.0651,16.4143,38.6319,88.7054,4.3492,10.7,4,43.11,9.05,-0.0129,-0.074,65.48,61.91,12.0651,16.4143,38.6319,88.7054,4.3492,10.0,False,NOMINAL,HEALTHY,37.39,-29.81
IMA_LOT02_COMP1446,LOT_02,IMAGE_SENSOR,LCC-20,IMA-SIH-2026,IMAGE_SENSOR_DARK_CURRENT_TEST,T02_1446,PROC-ISRO-IISU-01,ATE-STATION-01,CHAMBER-01,1.0,60.0,3.3,168,dark_current_density,OPTICAL,nA/cm2,12.4351,16.1036,38.2569,95.3711,3.6685,11.71,2,41.69,9.9,-0.0061,-0.0061,63.8,62.23,12.4351,16.1036,38.2569,95.3711,3.6685,10.0,False,NOMINAL,HEALTHY,49.35,-47.78
IMA_LOT02_COMP1447,LOT_02,IMAGE_SENSOR,LCC-20,IMA-SIH-2026,IMAGE_SENSOR_DARK_CURRENT_TEST,T02_1447,PROC-ISRO-IISU-01,ATE-STATION-01,CHAMBER-01,1.0,60.0,3.3,168,dark_current_density,OPTICAL,nA/cm2,11.9866,18.4152,60.0066,185.2777,6.4286,10.52,6,38.79,9.2,-0.0192,-0.0238,63.05,62.03,11.9866,18.4152,60.0066,185.2777,6.4286,10.0,False,NOMINAL,HEALTHY,24.38,4.11
IMA_LOT02_COMP1448,LOT_02,IMAGE_SENSOR,LCC-20,IMA-SIH-2026,IMAGE_SENSOR_DARK_CURRENT_TEST,T02_1448,PROC-ISRO-IISU-01,ATE-STATION-01,CHAMBER-01,1.0,60.0,3.3,168,dark_current_density,OPTICAL,nA/cm2,12.3244,16.2754,36.8269,88.6508,3.951,9.28,4,40.43,8.2,0.0144,-0.0179,63.0,62.12,12.3244,16.2754,36.8269,88.6508,3.951,10.0,False,NOMINAL,HEALTHY,-3.72,2.61
IMA_LOT02_COMP1449,LOT_02,IMAGE_SENSOR,LCC-20,IMA-SIH-2026,IMAGE_SENSOR_DARK_CURRENT_TEST,T02_1449,PROC-ISRO-IISU-01,ATE-STATION-01,CHAMBER-01,1.0,60.0,3.3,168,dark_current_density,OPTICAL,nA/cm2,13.7517,20.1264,56.4682,178.7213,6.3747,13.1,2,38.64,6.87,-0.0109,0.1284,60.36,61.6,13.7517,20.1264,56.4682,178.7213,6.3747,10.0,False,NOMINAL,HEALTHY,10.89,0.15
IMA_LOT02_COMP1450,LOT_02,IMAGE_SENSOR,LCC-20,IMA-SIH-2026,IMAGE_SENSOR_DARK_CURRENT_TEST,T02_1450,PROC-ISRO-IISU-01,ATE-STATION-01,CHAMBER-01,1.0,60.0,3.3,168,dark_current_density,OPTICAL,nA/cm2,12.2475,15.9965,34.4854,76.2226,3.749,15.71,4,45.24,6.92,-0.0302,-0.0269,62.24,60.86,12.2475,15.9965,34.4854,76.2226,3.749,10.0,False,NOMINAL,HEALTHY,-18.66,-16.89
IMA_LOT02_COMP1451,LOT_02,IMAGE_SENSOR,LCC-20,IMA-SIH-2026,IMAGE_SENSOR_DARK_CURRENT_TEST,T02_1451,PROC-ISRO-IISU-01,ATE-STATION-01,CHAMBER-01,1.0,60.0,3.3,168,dark_current_density,OPTICAL,nA/cm2,12.4349,16.4236,33.8006,74.1481,3.9887,8.96,7,39.55,6.08,-0.0073,0.0193,60.92,62.53,12.4349,16.4236,33.8006,74.1481,3.9887,10.0,False,NOMINAL,HEALTHY,-12.86,-39.81
IMA_LOT02_COMP1452,LOT_02,IMAGE_SENSOR,LCC-20,IMA-SIH-2026,IMAGE_SENSOR_DARK_CURRENT_TEST,T02_1452,PROC-ISRO-IISU-01,ATE-STATION-01,CHAMBER-01,1.0,60.0,3.3,168,dark_current_density,OPTICAL,nA/cm2,13.094,17.2723,42.3083,98.4223,4.1783,12.04,5,41.51,6.33,-0.0235,-0.0666,64.83,62.72,13.094,17.2723,42.3083,98.4223,4.1783,10.0,False,NOMINAL,HEALTHY,-41.75,22.55
IMA_LOT02_COMP1453,LOT_02,IMAGE_SENSOR,LCC-20,IMA-SIH-2026,IMAGE_SENSOR_DARK_CURRENT_TEST,T02_1453,PROC-ISRO-IISU-01,ATE-STATION-01,CHAMBER-01,1.0,60.0,3.3,168,dark_current_density,OPTICAL,nA/cm2,12.178,17.2155,46.1656,123.1786,5.0375,17.85,5,38.06,5.33,0.0391,0.0536,62.38,61.86,12.178,17.2155,46.1656,123.1786,5.0375,10.0,False,NOMINAL,HEALTHY,28.4,41.04
IMA_LOT02_COMP1454,LOT_02,IMAGE_SENSOR,LCC-20,IMA-SIH-2026,IMAGE_SENSOR_DARK_CURRENT_TEST,T02_1454,PROC-ISRO-IISU-01,ATE-STATION-01,CHAMBER-01,1.0,60.0,3.3,168,dark_current_density,OPTICAL,nA/cm2,13.0529,18.7283,64.1848,206.6449,5.6754,10.21,7,42.37,8.85,-0.0021,0.0496,60.04,62.2,13.0529,18.7283,64.1848,206.6449,5.6754,10.0,False,NOMINAL,HEALTHY,30.8,0.52
IMA_LOT02_COMP1455,LOT_02,IMAGE_SENSOR,LCC-20,IMA-SIH-2026,IMAGE_SENSOR_DARK_CURRENT_TEST,T02_1455,PROC-ISRO-IISU-01,ATE-STATION-01,CHAMBER-01,1.0,60.0,3.3,168,dark_current_density,OPTICAL,nA/cm2,12.1929,16.6862,46.9788,135.8938,4.4933,18.16,8,46.96,3.18,0.0157,0.0416,60.6,62.88,12.1929,16.6862,46.9788,135.8938,4.4933,10.0,False,NOMINAL,HEALTHY,-47.05,-15.96
IMA_LOT02_COMP1456,LOT_02,IMAGE_SENSOR,LCC-20,IMA-SIH-2026,IMAGE_SENSOR_DARK_CURRENT_TEST,T02_1456,PROC-ISRO-IISU-01,ATE-STATION-01,CHAMBER-01,1.0,60.0,3.3,168,dark_current_density,OPTICAL,nA/cm2,13.0255,17.1696,39.3875,90.481,4.1441,11.56,11,41.57,7.6,0.0253,0.0968,63.23,62.54,13.0255,17.1696,39.3875,90.481,4.1441,10.0,False,NOMINAL,HEALTHY,-7.14,25.05
IMA_LOT02_COMP1457,LOT_02,IMAGE_SENSOR,LCC-20,IMA-SIH-2026,IMAGE_SENSOR_DARK_CURRENT_TEST,T02_1457,PROC-ISRO-IISU-01,ATE-STATION-01,CHAMBER-01,1.0,60.0,3.3,168,dark_current_density,OPTICAL,nA/cm2,13.4097,16.407,33.1634,69.7875,2.9973,10.96,3,43.38,9.08,0.013,0.0169,61.51,62.21,13.4097,16.407,33.1634,69.7875,2.9973,10.0,False,NOMINAL,HEALTHY,-45.08,-34.0
IMA_LOT02_COMP1458,LOT_02,IMAGE_SENSOR,LCC-20,IMA-SIH-2026,IMAGE_SENSOR_DARK_CURRENT_TEST,T02_1458,PROC-ISRO-IISU-01,ATE-STATION-01,CHAMBER-01,1.0,60.0,3.3,168,dark_current_density,OPTICAL,nA/cm2,13.579,16.8771,35.0895,70.1325,3.2981,15.89,7,39.98,7.83,0.0545,0.0821,61.3,62.31,13.579,16.8771,35.0895,70.1325,3.2981,10.0,False,NOMINAL,HEALTHY,44.87,-18.48
IMA_LOT02_COMP1459,LOT_02,IMAGE_SENSOR,LCC-20,IMA-SIH-2026,IMAGE_SENSOR_DARK_CURRENT_TEST,T02_1459,PROC-ISRO-IISU-01,ATE-STATION-01,CHAMBER-01,1.0,60.0,3.3,168,dark_current_density,OPTICAL,nA/cm2,12.7624,16.7804,39.8927,91.4715,4.018,16.55,4,41.17,8.41,0.0231,0.0528,59.66,62.03,12.7624,16.7804,39.8927,91.4715,4.018,10.0,False,NOMINAL,HEALTHY,-18.52,15.64
IMA_LOT02_COMP1460,LOT_02,IMAGE_SENSOR,LCC-20,IMA-SIH-2026,IMAGE_SENSOR_DARK_CURRENT_TEST,T02_1460,PROC-ISRO-IISU-01,ATE-STATION-01,CHAMBER-01,1.0,60.0,3.3,168,dark_current_density,OPTICAL,nA/cm2,12.3007,17.5398,47.7547,133.4868,5.2391,11.83,4,46.25,6.6,0.0279,-0.0139,63.97,61.66,12.3007,17.5398,47.7547,133.4868,5.2391,10.0,False,NOMINAL,HEALTHY,9.59,15.55
IMA_LOT02_COMP1461,LOT_02,IMAGE_SENSOR,LCC-20,IMA-SIH-2026,IMAGE_SENSOR_DARK_CURRENT_TEST,T02_1461,PROC-ISRO-IISU-01,ATE-STATION-01,CHAMBER-01,1.0,60.0,3.3,168,dark_current_density,OPTICAL,nA/cm2,12.2437,15.781,33.8349,69.198,3.5373,6.82,7,36.65,6.55,0.0035,-0.0248,64.66,62.18,12.2437,15.781,33.8349,69.198,3.5373,10.0,False,NOMINAL,HEALTHY,-7.65,-46.89
IMA_LOT02_COMP1462,LOT_02,IMAGE_SENSOR,LCC-20,IMA-SIH-2026,IMAGE_SENSOR_DARK_CURRENT_TEST,T02_1462,PROC-ISRO-IISU-01,ATE-STATION-01,CHAMBER-01,1.0,60.0,3.3,168,dark_current_density,OPTICAL,nA/cm2,11.888,16.9169,41.2368,108.7666,5.0289,8.05,5,44.52,7.3,-0.0121,-0.0582,64.48,61.91,11.888,16.9169,41.2368,108.7666,5.0289,10.0,False,NOMINAL,HEALTHY,22.74,-17.71
IMA_LOT02_COMP1463,LOT_02,IMAGE_SENSOR,LCC-20,IMA-SIH-2026,IMAGE_SENSOR_DARK_CURRENT_TEST,T02_1463,PROC-ISRO-IISU-01,ATE-STATION-01,CHAMBER-01,1.0,60.0,3.3,168,dark_current_density,OPTICAL,nA/cm2,12.4424,16.5738,36.6534,83.1197,4.1314,8.25,1,42.92,8.34,0.0248,-0.0063,61.3,62.15,12.4424,16.5738,36.6534,83.1197,4.1314,10.0,False,NOMINAL,HEALTHY,-39.78,-29.33
IMA_LOT02_COMP1464,LOT_02,IMAGE_SENSOR,LCC-20,IMA-SIH-2026,IMAGE_SENSOR_DARK_CURRENT_TEST,T02_1464,PROC-ISRO-IISU-01,ATE-STATION-01,CHAMBER-01,1.0,60.0,3.3,168,dark_current_density,OPTICAL,nA/cm2,12.0686,18.4405,57.9917,193.7129,6.3719,9.98,5,41.62,8.02,-0.0085,-0.0028,64.36,62.17,12.0686,18.4405,57.9917,193.7129,6.3719,10.0,False,NOMINAL,HEALTHY,47.45,-15.04
IMA_LOT02_COMP1465,LOT_02,IMAGE_SENSOR,LCC-20,IMA-SIH-2026,IMAGE_SENSOR_DARK_CURRENT_TEST,T02_1465,PROC-ISRO-IISU-01,ATE-STATION-01,CHAMBER-01,1.0,60.0,3.3,168,dark_current_density,OPTICAL,nA/cm2,12.9739,17.4986,48.4907,127.9641,4.5247,15.89,2,43.67,9.82,-0.0085,-0.0123,63.71,62.57,12.9739,17.4986,48.4907,127.9641,4.5247,10.0,False,NOMINAL,HEALTHY,-32.65,-14.07
IMA_LOT02_COMP1466,LOT_02,IMAGE_SENSOR,LCC-20,IMA-SIH-2026,IMAGE_SENSOR_DARK_CURRENT_TEST,T02_1466,PROC-ISRO-IISU-01,ATE-STATION-01,CHAMBER-01,1.0,60.0,3.3,168,dark_current_density,OPTICAL,nA/cm2,11.8702,19.2975,65.6994,236.1341,7.4273,16.25,4,40.75,8.08,-0.0106,-0.0043,60.63,62.09,11.8702,19.2975,65.6994,236.1341,7.4273,10.0,False,NOMINAL,HEALTHY,21.48,-38.82
IMA_LOT02_COMP1467,LOT_02,IMAGE_SENSOR,LCC-20,IMA-SIH-2026,IMAGE_SENSOR_DARK_CURRENT_TEST,T02_1467,PROC-ISRO-IISU-01,ATE-STATION-01,CHAMBER-01,1.0,60.0,3.3,168,dark_current_density,OPTICAL,nA/cm2,13.0635,17.394,35.0147,69.8099,4.3305,10.36,5,40.52,7.09,-0.0302,-0.0781,62.33,61.43,13.0635,17.394,35.0147,69.8099,4.3305,10.0,False,NOMINAL,HEALTHY,48.62,-17.69
IMA_LOT02_COMP1468,LOT_02,IMAGE_SENSOR,LCC-20,IMA-SIH-2026,IMAGE_SENSOR_DARK_CURRENT_TEST,T02_1468,PROC-ISRO-IISU-01,ATE-STATION-01,CHAMBER-01,1.0,60.0,3.3,168,dark_current_density,OPTICAL,nA/cm2,12.1826,17.7749,57.3816,178.864,5.5923,11.5,5,41.63,7.87,-0.01,0.0524,61.95,62.8,12.1826,17.7749,57.3816,178.864,5.5923,10.0,False,NOMINAL,HEALTHY,11.96,47.1
IMA_LOT02_COMP1469,LOT_02,IMAGE_SENSOR,LCC-20,IMA-SIH-2026,IMAGE_SENSOR_DARK_CURRENT_TEST,T02_1469,PROC-ISRO-IISU-01,ATE-STATION-01,CHAMBER-01,1.0,60.0,3.3,168,dark_current_density,OPTICAL,nA/cm2,12.5097,19.4381,71.4877,258.625,6.9284,12.06,3,45.22,7.78,-0.023,-0.0382,61.03,62.39,12.5097,19.4381,71.4877,258.625,6.9284,10.0,False,NOMINAL,HEALTHY,40.86,-9.8
IMA_LOT02_COMP1470,LOT_02,IMAGE_SENSOR,LCC-20,IMA-SIH-2026,IMAGE_SENSOR_DARK_CURRENT_TEST,T02_1470,PROC-ISRO-IISU-01,ATE-STATION-01,CHAMBER-01,1.0,60.0,3.3,168,dark_current_density,OPTICAL,nA/cm2,12.6926,17.5658,38.2635,93.5222,4.8732,14.34,8,42.3,9.53,-0.0276,-0.0405,61.77,61.23,12.6926,17.5658,38.2635,93.5222,4.8732,10.0,False,NOMINAL,HEALTHY,32.07,-45.16
IMA_LOT02_COMP1471,LOT_02,IMAGE_SENSOR,LCC-20,IMA-SIH-2026,IMAGE_SENSOR_DARK_CURRENT_TEST,T02_1471,PROC-ISRO-IISU-01,ATE-STATION-01,CHAMBER-01,1.0,60.0,3.3,168,dark_current_density,OPTICAL,nA/cm2,12.9515,17.1131,41.1843,99.8968,4.1616,8.64,5,43.7,11.07,-0.0139,-0.0503,61.81,62.96,12.9515,17.1131,41.1843,99.8968,4.1616,10.0,False,NOMINAL,HEALTHY,30.5,41.71
IMA_LOT02_COMP1472,LOT_02,IMAGE_SENSOR,LCC-20,IMA-SIH-2026,IMAGE_SENSOR_DARK_CURRENT_TEST,T02_1472,PROC-ISRO-IISU-01,ATE-STATION-01,CHAMBER-01,1.0,60.0,3.3,168,dark_current_density,OPTICAL,nA/cm2,12.8972,16.3205,35.6735,79.5994,3.4233,11.46,5,44.58,7.91,-0.0024,-0.0578,60.34,62.91,12.8972,16.3205,35.6735,79.5994,3.4233,10.0,False,NOMINAL,HEALTHY,46.76,39.87
IMA_LOT02_COMP1473,LOT_02,IMAGE_SENSOR,LCC-20,IMA-SIH-2026,IMAGE_SENSOR_DARK_CURRENT_TEST,T02_1473,PROC-ISRO-IISU-01,ATE-STATION-01,CHAMBER-01,1.0,60.0,3.3,168,dark_current_density,OPTICAL,nA/cm2,12.8902,19.644,69.1698,254.6121,6.7538,12.17,4,41.92,5.48,0.0362,0.0226,62.44,62.26,12.8902,19.644,69.1698,254.6121,6.7538,10.0,False,NOMINAL,HEALTHY,37.79,-27.83
IMA_LOT02_COMP1474,LOT_02,IMAGE_SENSOR,LCC-20,IMA-SIH-2026,IMAGE_SENSOR_DARK_CURRENT_TEST,T02_1474,PROC-ISRO-IISU-01,ATE-STATION-01,CHAMBER-01,1.0,60.0,3.3,168,dark_current_density,OPTICAL,nA/cm2,12.848,17.31,46.6349,120.1276,4.462,15.91,8,39.58,8.88,0.0149,0.0466,60.81,62.35,12.848,17.31,46.6349,120.1276,4.462,10.0,False,NOMINAL,HEALTHY,1.83,-1.7
IMA_LOT02_COMP1475,LOT_02,IMAGE_SENSOR,LCC-20,IMA-SIH-2026,IMAGE_SENSOR_DARK_CURRENT_TEST,T02_1475,PROC-ISRO-IISU-01,ATE-STATION-01,CHAMBER-01,1.0,60.0,3.3,168,dark_current_density,OPTICAL,nA/cm2,13.6428,16.8058,33.7718,70.734,3.163,13.89,2,41.44,8.04,-0.0026,0.0108,58.65,61.84,13.6428,16.8058,33.7718,70.734,3.163,10.0,False,NOMINAL,HEALTHY,-49.43,-9.25
IMA_LOT02_COMP1476,LOT_02,IMAGE_SENSOR,LCC-20,IMA-SIH-2026,IMAGE_SENSOR_DARK_CURRENT_TEST,T02_1476,PROC-ISRO-IISU-01,ATE-STATION-01,CHAMBER-01,1.0,60.0,3.3,168,dark_current_density,OPTICAL,nA/cm2,11.6258,18.3224,65.567,224.4814,6.6966,5.23,1,37.09,7.22,0.0417,-0.0178,59.88,62.14,11.6258,18.3224,65.567,224.4814,6.6966,10.0,False,NOMINAL,HEALTHY,-48.35,-37.12
IMA_LOT02_COMP1477,LOT_02,IMAGE_SENSOR,LCC-20,IMA-SIH-2026,IMAGE_SENSOR_DARK_CURRENT_TEST,T02_1477,PROC-ISRO-IISU-01,ATE-STATION-01,CHAMBER-01,1.0,60.0,3.3,168,dark_current_density,OPTICAL,nA/cm2,13.5225,19.3813,55.5896,168.3823,5.8588,12.11,3,44.33,11.37,0.0184,0.0749,59.35,61.73,13.5225,19.3813,55.5896,168.3823,5.8588,10.0,False,NOMINAL,HEALTHY,31.85,-3.42
IMA_LOT02_COMP1478,LOT_02,IMAGE_SENSOR,LCC-20,IMA-SIH-2026,IMAGE_SENSOR_DARK_CURRENT_TEST,T02_1478,PROC-ISRO-IISU-01,ATE-STATION-01,CHAMBER-01,1.0,60.0,3.3,168,dark_current_density,OPTICAL,nA/cm2,12.7171,17.4255,39.3045,91.8154,4.7084,18.22,6,42.81,8.42,0.0189,0.0456,64.93,62.57,12.7171,17.4255,39.3045,91.8154,4.7084,10.0,False,NOMINAL,HEALTHY,-46.18,-4.09
IMA_LOT02_COMP1479,LOT_02,IMAGE_SENSOR,LCC-20,IMA-SIH-2026,IMAGE_SENSOR_DARK_CURRENT_TEST,T02_1479,PROC-ISRO-IISU-01,ATE-STATION-01,CHAMBER-01,1.0,60.0,3.3,168,dark_current_density,OPTICAL,nA/cm2,12.5208,17.5724,42.5876,109.0653,5.0516,9.71,3,39.78,8.18,0.0379,0.0574,63.99,61.92,12.5208,17.5724,42.5876,109.0653,5.0516,10.0,False,NOMINAL,HEALTHY,-36.11,-29.11
IMA_LOT02_COMP1480,LOT_02,IMAGE_SENSOR,LCC-20,IMA-SIH-2026,IMAGE_SENSOR_DARK_CURRENT_TEST,T02_1480,PROC-ISRO-IISU-01,ATE-STATION-01,CHAMBER-01,1.0,60.0,3.3,168,dark_current_density,OPTICAL,nA/cm2,13.7832,20.3552,74.2717,254.067,6.572,14.8,3,38.94,9.15,0.0282,0.0198,62.0,61.72,13.7832,20.3552,74.2717,254.067,6.572,10.0,False,NOMINAL,HEALTHY,4.39,-14.54
IMA_LOT02_COMP1481,LOT_02,IMAGE_SENSOR,LCC-20,IMA-SIH-2026,IMAGE_SENSOR_DARK_CURRENT_TEST,T02_1481,PROC-ISRO-IISU-01,ATE-STATION-01,CHAMBER-01,1.0,60.0,3.3,168,dark_current_density,OPTICAL,nA/cm2,12.1028,17.3763,48.301,132.3893,5.2735,12.21,2,42.23,7.55,0.0009,-0.0667,61.18,61.8,12.1028,17.3763,48.301,132.3893,5.2735,10.0,False,NOMINAL,HEALTHY,-36.57,48.97
IMA_LOT02_COMP1482,LOT_02,IMAGE_SENSOR,LCC-20,IMA-SIH-2026,IMAGE_SENSOR_DARK_CURRENT_TEST,T02_1482,PROC-ISRO-IISU-01,ATE-STATION-01,CHAMBER-01,1.0,60.0,3.3,168,dark_current_density,OPTICAL,nA/cm2,12.3984,16.1168,30.5826,60.6874,3.7184,15.87,1,41.09,10.49,-0.0122,0.01,63.11,61.85,12.3984,16.1168,30.5826,60.6874,3.7184,10.0,False,NOMINAL,HEALTHY,26.04,6.96
IMA_LOT02_COMP1483,LOT_02,IMAGE_SENSOR,LCC-20,IMA-SIH-2026,IMAGE_SENSOR_DARK_CURRENT_TEST,T02_1483,PROC-ISRO-IISU-01,ATE-STATION-01,CHAMBER-01,1.0,60.0,3.3,168,dark_current_density,OPTICAL,nA/cm2,12.1367,16.2125,39.9322,93.1277,4.0758,11.06,8,44.58,6.35,-0.0175,-0.042,63.23,62.15,12.1367,16.2125,39.9322,93.1277,4.0758,10.0,False,NOMINAL,HEALTHY,40.08,35.06
IMA_LOT02_COMP1484,LOT_02,IMAGE_SENSOR,LCC-20,IMA-SIH-2026,IMAGE_SENSOR_DARK_CURRENT_TEST,T02_1484,PROC-ISRO-IISU-01,ATE-STATION-01,CHAMBER-01,1.0,60.0,3.3,168,dark_current_density,OPTICAL,nA/cm2,12.3992,17.4046,42.5009,113.7134,5.0054,13.97,7,44.04,11.01,-0.0024,0.0985,60.95,61.62,12.3992,17.4046,42.5009,113.7134,5.0054,10.0,False,NOMINAL,HEALTHY,42.34,0.13
IMA_LOT02_COMP1485,LOT_02,IMAGE_SENSOR,LCC-20,IMA-SIH-2026,IMAGE_SENSOR_DARK_CURRENT_TEST,T02_1485,PROC-ISRO-IISU-01,ATE-STATION-01,CHAMBER-01,1.0,60.0,3.3,168,dark_current_density,OPTICAL,nA/cm2,12.772,17.4282,42.2555,105.522,4.6562,11.88,3,41.45,8.5,0.0025,-0.0719,61.11,61.94,12.772,17.4282,42.2555,105.522,4.6562,10.0,False,NOMINAL,HEALTHY,-5.19,-41.19
IMA_LOT02_COMP1486,LOT_02,IMAGE_SENSOR,LCC-20,IMA-SIH-2026,IMAGE_SENSOR_DARK_CURRENT_TEST,T02_1486,PROC-ISRO-IISU-01,ATE-STATION-01,CHAMBER-01,1.0,60.0,3.3,168,dark_current_density,OPTICAL,nA/cm2,12.744,18.1669,51.3843,146.5607,5.4229,11.89,7,40.55,8.08,-0.0262,-0.0177,62.07,60.68,12.744,18.1669,51.3843,146.5607,5.4229,10.0,False,NOMINAL,HEALTHY,-38.6,-11.23
IMA_LOT02_COMP1487,LOT_02,IMAGE_SENSOR,LCC-20,IMA-SIH-2026,IMAGE_SENSOR_DARK_CURRENT_TEST,T02_1487,PROC-ISRO-IISU-01,ATE-STATION-01,CHAMBER-01,1.0,60.0,3.3,168,dark_current_density,OPTICAL,nA/cm2,12.1003,18.4157,55.0018,163.3989,6.3154,15.52,8,40.19,9.77,0.0381,0.0776,61.61,62.3,12.1003,18.4157,55.0018,163.3989,6.3154,10.0,False,NOMINAL,HEALTHY,-31.76,17.82
IMA_LOT02_COMP1488,LOT_02,IMAGE_SENSOR,LCC-20,IMA-SIH-2026,IMAGE_SENSOR_DARK_CURRENT_TEST,T02_1488,PROC-ISRO-IISU-01,ATE-STATION-01,CHAMBER-01,1.0,60.0,3.3,168,dark_current_density,OPTICAL,nA/cm2,13.1972,17.4056,36.0859,79.4564,4.2084,15.42,5,41.24,9.53,0.0141,0.0169,64.78,61.5,13.1972,17.4056,36.0859,79.4564,4.2084,10.0,False,NOMINAL,HEALTHY,40.18,39.88
IMA_LOT02_COMP1489,LOT_02,IMAGE_SENSOR,LCC-20,IMA-SIH-2026,IMAGE_SENSOR_DARK_CURRENT_TEST,T02_1489,PROC-ISRO-IISU-01,ATE-STATION-01,CHAMBER-01,1.0,60.0,3.3,168,dark_current_density,OPTICAL,nA/cm2,12.6855,16.3499,33.9735,68.4749,3.6644,11.63,6,44.17,6.53,-0.0195,-0.0468,63.6,61.41,12.6855,16.3499,33.9735,68.4749,3.6644,10.0,False,NOMINAL,HEALTHY,-29.36,32.26
IMA_LOT02_COMP1490,LOT_02,IMAGE_SENSOR,LCC-20,IMA-SIH-2026,IMAGE_SENSOR_DARK_CURRENT_TEST,T02_1490,PROC-ISRO-IISU-01,ATE-STATION-01,CHAMBER-01,1.0,60.0,3.3,168,dark_current_density,OPTICAL,nA/cm2,12.4582,17.192,46.1793,125.1663,4.7338,10.3,4,39.14,6.72,-0.0416,-0.0473,61.46,62.79,12.4582,17.192,46.1793,125.1663,4.7338,10.0,False,NOMINAL,HEALTHY,-31.81,34.97
IMA_LOT02_COMP1491,LOT_02,IMAGE_SENSOR,LCC-20,IMA-SIH-2026,IMAGE_SENSOR_DARK_CURRENT_TEST,T02_1491,PROC-ISRO-IISU-01,ATE-STATION-01,CHAMBER-01,1.0,60.0,3.3,168,dark_current_density,OPTICAL,nA/cm2,12.6626,17.371,45.8356,119.7077,4.7084,15.84,10,42.39,8.59,-0.0056,-0.0423,61.25,61.37,12.6626,17.371,45.8356,119.7077,4.7084,10.0,False,NOMINAL,HEALTHY,5.59,-0.26
IMA_LOT02_COMP1492,LOT_02,IMAGE_SENSOR,LCC-20,IMA-SIH-2026,IMAGE_SENSOR_DARK_CURRENT_TEST,T02_1492,PROC-ISRO-IISU-01,ATE-STATION-01,CHAMBER-01,1.0,60.0,3.3,168,dark_current_density,OPTICAL,nA/cm2,12.5533,17.8714,58.0059,183.1731,5.3181,10.92,3,46.26,7.56,-0.0131,-0.0776,61.72,62.12,12.5533,17.8714,58.0059,183.1731,5.3181,10.0,False,NOMINAL,HEALTHY,15.09,32.61
IMA_LOT02_COMP1493,LOT_02,IMAGE_SENSOR,LCC-20,IMA-SIH-2026,IMAGE_SENSOR_DARK_CURRENT_TEST,T02_1493,PROC-ISRO-IISU-01,ATE-STATION-01,CHAMBER-01,1.0,60.0,3.3,168,dark_current_density,OPTICAL,nA/cm2,13.2296,20.2917,73.3198,262.6573,7.0621,10.34,3,38.27,7.21,-0.0025,-0.0802,62.68,62.13,13.2296,20.2917,73.3198,262.6573,7.0621,10.0,False,NOMINAL,HEALTHY,33.41,-16.09
IMA_LOT02_COMP1494,LOT_02,IMAGE_SENSOR,LCC-20,IMA-SIH-2026,IMAGE_SENSOR_DARK_CURRENT_TEST,T02_1494,PROC-ISRO-IISU-01,ATE-STATION-01,CHAMBER-01,1.0,60.0,3.3,168,dark_current_density,OPTICAL,nA/cm2,12.6614,17.4415,43.7894,115.7707,4.7801,12.77,4,43.72,7.67,0.0463,0.0937,60.83,62.27,12.6614,17.4415,43.7894,115.7707,4.7801,10.0,False,NOMINAL,HEALTHY,-7.51,-0.67
IMA_LOT02_COMP1495,LOT_02,IMAGE_SENSOR,LCC-20,IMA-SIH-2026,IMAGE_SENSOR_DARK_CURRENT_TEST,T02_1495,PROC-ISRO-IISU-01,ATE-STATION-01,CHAMBER-01,1.0,60.0,3.3,168,dark_current_density,OPTICAL,nA/cm2,13.0209,19.5982,69.3549,235.8659,6.5773,6.04,5,40.1,7.91,-0.0311,-0.0227,60.08,62.46,13.0209,19.5982,69.3549,235.8659,6.5773,10.0,False,NOMINAL,HEALTHY,-31.81,-46.81
IMA_LOT02_COMP1496,LOT_02,IMAGE_SENSOR,LCC-20,IMA-SIH-2026,IMAGE_SENSOR_DARK_CURRENT_TEST,T02_1496,PROC-ISRO-IISU-01,ATE-STATION-01,CHAMBER-01,1.0,60.0,3.3,168,dark_current_density,OPTICAL,nA/cm2,13.1635,15.8984,32.2625,65.0943,2.7349,10.2,4,42.43,5.17,0.0111,0.0056,61.93,61.31,13.1635,15.8984,32.2625,65.0943,2.7349,10.0,False,NOMINAL,HEALTHY,-44.52,12.89
IMA_LOT02_COMP1497,LOT_02,IMAGE_SENSOR,LCC-20,IMA-SIH-2026,IMAGE_SENSOR_DARK_CURRENT_TEST,T02_1497,PROC-ISRO-IISU-01,ATE-STATION-01,CHAMBER-01,1.0,60.0,3.3,168,dark_current_density,OPTICAL,nA/cm2,13.1948,16.2869,32.1455,68.6297,3.0921,12.68,2,42.69,6.77,-0.004,0.0086,60.99,61.65,13.1948,16.2869,32.1455,68.6297,3.0921,10.0,False,NOMINAL,HEALTHY,-10.25,43.99
IMA_LOT02_COMP1498,LOT_02,IMAGE_SENSOR,LCC-20,IMA-SIH-2026,IMAGE_SENSOR_DARK_CURRENT_TEST,T02_1498,PROC-ISRO-IISU-01,ATE-STATION-01,CHAMBER-01,1.0,60.0,3.3,168,dark_current_density,OPTICAL,nA/cm2,13.3759,16.5134,32.7765,64.8361,3.1375,15.16,3,43.54,10.17,-0.0064,-0.0435,60.45,62.59,13.3759,16.5134,32.7765,64.8361,3.1375,10.0,False,NOMINAL,HEALTHY,9.59,-10.09
IMA_LOT02_COMP1499,LOT_02,IMAGE_SENSOR,LCC-20,IMA-SIH-2026,IMAGE_SENSOR_DARK_CURRENT_TEST,T02_1499,PROC-ISRO-IISU-01,ATE-STATION-01,CHAMBER-01,1.0,60.0,3.3,168,dark_current_density,OPTICAL,nA/cm2,12.3709,17.3088,51.9844,143.0609,4.9379,14.75,7,40.25,6.41,-0.0019,0.072,63.4,62.58,12.3709,17.3088,51.9844,143.0609,4.9379,10.0,False,NOMINAL,HEALTHY,-25.33,30.32
IMA_LOT02_COMP1500,LOT_02,IMAGE_SENSOR,LCC-20,IMA-SIH-2026,IMAGE_SENSOR_DARK_CURRENT_TEST,T02_1500,PROC-ISRO-IISU-01,ATE-STATION-01,CHAMBER-01,1.0,60.0,3.3,168,dark_current_density,OPTICAL,nA/cm2,12.1486,16.9727,35.9644,82.2793,4.8241,9.54,6,41.65,11.01,0.0197,0.0626,61.23,62.43,12.1486,16.9727,35.9644,82.2793,4.8241,10.0,False,NOMINAL,HEALTHY,37.39,-28.49
IMA_LOT02_COMP1501,LOT_02,IMAGE_SENSOR,LCC-20,IMA-SIH-2026,IMAGE_SENSOR_DARK_CURRENT_TEST,T02_1501,PROC-ISRO-IISU-01,ATE-STATION-01,CHAMBER-01,1.0,60.0,3.3,168,dark_current_density,OPTICAL,nA/cm2,11.6737,15.6757,34.4694,79.8443,4.002,12.87,3,43.23,9.63,-0.015,-0.0006,60.19,61.79,11.6737,15.6757,34.4694,79.8443,4.002,10.0,False,NOMINAL,HEALTHY,-12.71,31.74
IMA_LOT02_COMP1502,LOT_02,IMAGE_SENSOR,LCC-20,IMA-SIH-2026,IMAGE_SENSOR_DARK_CURRENT_TEST,T02_1502,PROC-ISRO-IISU-01,ATE-STATION-01,CHAMBER-01,1.0,60.0,3.3,168,dark_current_density,OPTICAL,nA/cm2,13.0277,20.4059,218.3757,2418.1403,7.3782,11.36,3,44.73,8.15,0.0149,-0.0051,60.94,62.4,13.0277,20.4059,218.3757,2418.1403,7.3782,10.0,True,THERMAL_RUNAWAY,HEALTHY,2.12,-18.67
IMA_LOT02_COMP1503,LOT_02,IMAGE_SENSOR,LCC-20,IMA-SIH-2026,IMAGE_SENSOR_DARK_CURRENT_TEST,T02_1503,PROC-ISRO-IISU-01,ATE-STATION-01,CHAMBER-01,1.0,60.0,3.3,168,dark_current_density,OPTICAL,nA/cm2,11.3847,15.0225,35.4697,80.906,3.6378,18.41,8,41.51,7.39,0.0129,0.0514,63.43,62.37,11.3847,15.0225,35.4697,80.906,3.6378,10.0,False,NOMINAL,HEALTHY,36.88,-49.91
IMA_LOT02_COMP1504,LOT_02,IMAGE_SENSOR,LCC-20,IMA-SIH-2026,IMAGE_SENSOR_DARK_CURRENT_TEST,T02_1504,PROC-ISRO-IISU-01,ATE-STATION-01,CHAMBER-01,1.0,60.0,3.3,168,dark_current_density,OPTICAL,nA/cm2,12.4098,16.1261,33.0685,69.0446,3.7163,14.44,6,43.24,7.49,-0.0011,0.0608,63.72,62.21,12.4098,16.1261,33.0685,69.0446,3.7163,10.0,False,NOMINAL,HEALTHY,-29.34,-7.52
IMA_LOT02_COMP1505,LOT_02,IMAGE_SENSOR,LCC-20,IMA-SIH-2026,IMAGE_SENSOR_DARK_CURRENT_TEST,T02_1505,PROC-ISRO-IISU-01,ATE-STATION-01,CHAMBER-01,1.0,60.0,3.3,168,dark_current_density,OPTICAL,nA/cm2,11.7676,15.3028,34.1481,72.6981,3.5352,16.34,4,43.87,6.92,-0.0272,-0.0373,63.71,61.56,11.7676,15.3028,34.1481,72.6981,3.5352,10.0,False,NOMINAL,HEALTHY,25.97,48.49
IMA_LOT02_COMP1506,LOT_02,IMAGE_SENSOR,LCC-20,IMA-SIH-2026,IMAGE_SENSOR_DARK_CURRENT_TEST,T02_1506,PROC-ISRO-IISU-01,ATE-STATION-01,CHAMBER-01,1.0,60.0,3.3,168,dark_current_density,OPTICAL,nA/cm2,11.8837,15.2597,36.643,82.9383,3.376,12.18,3,44.79,8.35,0.0068,0.0672,58.6,62.0,11.8837,15.2597,36.643,82.9383,3.376,10.0,False,NOMINAL,HEALTHY,1.06,-38.87
IMA_LOT02_COMP1507,LOT_02,IMAGE_SENSOR,LCC-20,IMA-SIH-2026,IMAGE_SENSOR_DARK_CURRENT_TEST,T02_1507,PROC-ISRO-IISU-01,ATE-STATION-01,CHAMBER-01,1.0,60.0,3.3,168,dark_current_density,OPTICAL,nA/cm2,11.9003,15.0551,33.0878,69.9068,3.1548,10.31,5,40.62,8.18,-0.0123,-0.0702,63.17,62.23,11.9003,15.0551,33.0878,69.9068,3.1548,10.0,False,NOMINAL,HEALTHY,14.0,1.84
IMA_LOT02_COMP1508,LOT_02,IMAGE_SENSOR,LCC-20,IMA-SIH-2026,IMAGE_SENSOR_DARK_CURRENT_TEST,T02_1508,PROC-ISRO-IISU-01,ATE-STATION-01,CHAMBER-01,1.0,60.0,3.3,168,dark_current_density,OPTICAL,nA/cm2,12.7923,17.819,39.4833,95.8699,5.0267,4.81,3,43.0,8.85,0.0095,-0.0719,61.45,62.73,12.7923,17.819,39.4833,95.8699,5.0267,10.0,False,NOMINAL,HEALTHY,0.82,-20.1
IMA_LOT02_COMP1509,LOT_02,IMAGE_SENSOR,LCC-20,IMA-SIH-2026,IMAGE_SENSOR_DARK_CURRENT_TEST,T02_1509,PROC-ISRO-IISU-01,ATE-STATION-01,CHAMBER-01,1.0,60.0,3.3,168,dark_current_density,OPTICAL,nA/cm2,14.5614,21.048,73.562,259.9141,6.4866,9.82,8,42.73,6.91,-0.0189,0.0367,64.46,62.95,14.5614,21.048,73.562,259.9141,6.4866,10.0,False,NOMINAL,HEALTHY,17.02,-16.9
IMA_LOT02_COMP1510,LOT_02,IMAGE_SENSOR,LCC-20,IMA-SIH-2026,IMAGE_SENSOR_DARK_CURRENT_TEST,T02_1510,PROC-ISRO-IISU-01,ATE-STATION-01,CHAMBER-01,1.0,60.0,3.3,168,dark_current_density,OPTICAL,nA/cm2,12.6362,16.0798,30.0247,58.0192,3.4436,8.0,7,36.42,8.06,-0.0234,0.0408,60.99,61.85,12.6362,16.0798,30.0247,58.0192,3.4436,10.0,False,NOMINAL,HEALTHY,-43.4,17.74
IMA_LOT02_COMP1511,LOT_02,IMAGE_SENSOR,LCC-20,IMA-SIH-2026,IMAGE_SENSOR_DARK_CURRENT_TEST,T02_1511,PROC-ISRO-IISU-01,ATE-STATION-01,CHAMBER-01,1.0,60.0,3.3,168,dark_current_density,OPTICAL,nA/cm2,12.4963,15.5474,36.5775,80.4152,3.0511,7.29,5,40.99,7.04,0.0047,-0.0081,63.7,62.58,12.4963,15.5474,36.5775,80.4152,3.0511,10.0,False,NOMINAL,HEALTHY,16.5,46.26
IMA_LOT02_COMP1512,LOT_02,IMAGE_SENSOR,LCC-20,IMA-SIH-2026,IMAGE_SENSOR_DARK_CURRENT_TEST,T02_1512,PROC-ISRO-IISU-01,ATE-STATION-01,CHAMBER-01,1.0,60.0,3.3,168,dark_current_density,OPTICAL,nA/cm2,12.8842,16.2076,32.457,66.3014,3.3234,13.24,3,42.29,4.83,-0.0114,0.0146,63.44,61.84,12.8842,16.2076,32.457,66.3014,3.3234,10.0,False,NOMINAL,HEALTHY,-22.92,28.16
IMA_LOT02_COMP1513,LOT_02,IMAGE_SENSOR,LCC-20,IMA-SIH-2026,IMAGE_SENSOR_DARK_CURRENT_TEST,T02_1513,PROC-ISRO-IISU-01,ATE-STATION-01,CHAMBER-01,1.0,60.0,3.3,168,dark_current_density,OPTICAL,nA/cm2,13.5204,16.3646,31.1066,61.2449,2.8442,13.62,5,40.66,13.14,0.0308,0.0656,60.8,61.88,13.5204,16.3646,31.1066,61.2449,2.8442,10.0,False,NOMINAL,HEALTHY,34.82,-42.19
IMA_LOT02_COMP1514,LOT_02,IMAGE_SENSOR,LCC-20,IMA-SIH-2026,IMAGE_SENSOR_DARK_CURRENT_TEST,T02_1514,PROC-ISRO-IISU-01,ATE-STATION-01,CHAMBER-01,1.0,60.0,3.3,168,dark_current_density,OPTICAL,nA/cm2,13.3991,17.4255,46.676,124.7308,4.0264,14.17,4,39.7,4.7,0.0006,-0.0082,60.14,62.5,13.3991,17.4255,46.676,124.7308,4.0264,10.0,False,NOMINAL,HEALTHY,-12.14,40.7
IMA_LOT02_COMP1515,LOT_02,IMAGE_SENSOR,LCC-20,IMA-SIH-2026,IMAGE_SENSOR_DARK_CURRENT_TEST,T02_1515,PROC-ISRO-IISU-01,ATE-STATION-01,CHAMBER-01,1.0,60.0,3.3,168,dark_current_density,OPTICAL,nA/cm2,12.7304,17.5946,66.8913,312.5232,4.8642,10.32,4,42.02,10.39,-0.0056,-0.0142,60.07,61.49,12.7304,17.5946,66.8913,312.5232,4.8642,10.0,True,DARK_CURRENT_SPIKE_GROWTH,HEALTHY,38.3,21.5
IMA_LOT02_COMP1516,LOT_02,IMAGE_SENSOR,LCC-20,IMA-SIH-2026,IMAGE_SENSOR_DARK_CURRENT_TEST,T02_1516,PROC-ISRO-IISU-01,ATE-STATION-01,CHAMBER-01,1.0,60.0,3.3,168,dark_current_density,OPTICAL,nA/cm2,12.2632,17.0047,42.8033,101.6179,4.7415,11.74,1,41.62,4.25,-0.0116,0.067,60.51,62.95,12.2632,17.0047,42.8033,101.6179,4.7415,10.0,False,NOMINAL,HEALTHY,25.77,-0.66
IMA_LOT02_COMP1517,LOT_02,IMAGE_SENSOR,LCC-20,IMA-SIH-2026,IMAGE_SENSOR_DARK_CURRENT_TEST,T02_1517,PROC-ISRO-IISU-01,ATE-STATION-01,CHAMBER-01,1.0,60.0,3.3,168,dark_current_density,OPTICAL,nA/cm2,12.9023,18.7282,53.855,171.3292,5.8259,15.7,5,38.11,7.58,0.0255,0.057,61.62,61.64,12.9023,18.7282,53.855,171.3292,5.8259,10.0,False,NOMINAL,HEALTHY,17.93,30.62
IMA_LOT02_COMP1518,LOT_02,IMAGE_SENSOR,LCC-20,IMA-SIH-2026,IMAGE_SENSOR_DARK_CURRENT_TEST,T02_1518,PROC-ISRO-IISU-01,ATE-STATION-01,CHAMBER-01,1.0,60.0,3.3,168,dark_current_density,OPTICAL,nA/cm2,12.2475,17.245,42.8673,107.4474,4.9975,7.02,3,41.76,6.41,-0.0002,0.0932,62.32,61.91,12.2475,17.245,42.8673,107.4474,4.9975,10.0,False,NOMINAL,HEALTHY,39.75,13.1
IMA_LOT02_COMP1519,LOT_02,IMAGE_SENSOR,LCC-20,IMA-SIH-2026,IMAGE_SENSOR_DARK_CURRENT_TEST,T02_1519,PROC-ISRO-IISU-01,ATE-STATION-01,CHAMBER-01,1.0,60.0,3.3,168,dark_current_density,OPTICAL,nA/cm2,12.6651,16.5402,40.646,99.286,3.8751,7.44,7,39.2,7.39,0.0148,-0.0051,64.81,62.18,12.6651,16.5402,40.646,99.286,3.8751,10.0,False,NOMINAL,HEALTHY,-47.28,-13.58
IMA_LOT02_COMP1520,LOT_02,IMAGE_SENSOR,LCC-20,IMA-SIH-2026,IMAGE_SENSOR_DARK_CURRENT_TEST,T02_1520,PROC-ISRO-IISU-01,ATE-STATION-01,CHAMBER-01,1.0,60.0,3.3,168,dark_current_density,OPTICAL,nA/cm2,13.0476,17.0731,39.0233,94.7617,4.0255,11.13,5,42.37,10.48,0.0266,0.0924,62.46,63.0,13.0476,17.0731,39.0233,94.7617,4.0255,10.0,False,NOMINAL,HEALTHY,47.86,-2.11
IMA_LOT02_COMP1521,LOT_02,IMAGE_SENSOR,LCC-20,IMA-SIH-2026,IMAGE_SENSOR_DARK_CURRENT_TEST,T02_1521,PROC-ISRO-IISU-01,ATE-STATION-01,CHAMBER-01,1.0,60.0,3.3,168,dark_current_density,OPTICAL,nA/cm2,13.3715,18.0177,49.9552,129.8741,4.6462,6.39,3,41.65,6.45,0.0239,0.0568,63.39,62.13,13.3715,18.0177,49.9552,129.8741,4.6462,10.0,False,NOMINAL,HEALTHY,7.15,-45.02
IMA_LOT02_COMP1522,LOT_02,IMAGE_SENSOR,LCC-20,IMA-SIH-2026,IMAGE_SENSOR_DARK_CURRENT_TEST,T02_1522,PROC-ISRO-IISU-01,ATE-STATION-01,CHAMBER-01,1.0,60.0,3.3,168,dark_current_density,OPTICAL,nA/cm2,13.3965,19.0743,58.1394,192.5823,5.6778,8.14,5,43.15,6.33,0.0228,0.0355,62.39,62.33,13.3965,19.0743,58.1394,192.5823,5.6778,10.0,False,NOMINAL,HEALTHY,15.41,-40.48
IMA_LOT02_COMP1523,LOT_02,IMAGE_SENSOR,LCC-20,IMA-SIH-2026,IMAGE_SENSOR_DARK_CURRENT_TEST,T02_1523,PROC-ISRO-IISU-01,ATE-STATION-01,CHAMBER-01,1.0,60.0,3.3,168,dark_current_density,OPTICAL,nA/cm2,13.2766,18.786,59.0144,188.3774,5.5094,11.0,9,43.08,7.79,-0.0207,-0.0595,65.08,61.74,13.2766,18.786,59.0144,188.3774,5.5094,10.0,False,NOMINAL,HEALTHY,-4.67,15.17
IMA_LOT02_COMP1524,LOT_02,IMAGE_SENSOR,LCC-20,IMA-SIH-2026,IMAGE_SENSOR_DARK_CURRENT_TEST,T02_1524,PROC-ISRO-IISU-01,ATE-STATION-01,CHAMBER-01,1.0,60.0,3.3,168,dark_current_density,OPTICAL,nA/cm2,13.9859,17.7778,41.345,96.2263,3.7919,11.35,8,38.42,9.23,-0.0239,-0.0287,62.63,62.13,13.9859,17.7778,41.345,96.2263,3.7919,10.0,False,NOMINAL,HEALTHY,18.5,-34.54
IMA_LOT02_COMP1525,LOT_02,IMAGE_SENSOR,LCC-20,IMA-SIH-2026,IMAGE_SENSOR_DARK_CURRENT_TEST,T02_1525,PROC-ISRO-IISU-01,ATE-STATION-01,CHAMBER-01,1.0,60.0,3.3,168,dark_current_density,OPTICAL,nA/cm2,12.3676,17.7891,50.7574,145.6789,5.4215,12.63,5,42.09,7.28,0.001,0.0235,62.83,61.12,12.3676,17.7891,50.7574,145.6789,5.4215,10.0,False,NOMINAL,HEALTHY,32.04,21.62
IMA_LOT02_COMP1526,LOT_02,IMAGE_SENSOR,LCC-20,IMA-SIH-2026,IMAGE_SENSOR_DARK_CURRENT_TEST,T02_1526,PROC-ISRO-IISU-01,ATE-STATION-01,CHAMBER-01,1.0,60.0,3.3,168,dark_current_density,OPTICAL,nA/cm2,13.1142,18.4567,49.3012,128.383,5.3425,16.27,5,43.28,9.79,-0.0533,-0.0022,61.8,62.32,13.1142,18.4567,49.3012,128.383,5.3425,10.0,False,NOMINAL,HEALTHY,-29.31,25.37
IMA_LOT02_COMP1527,LOT_02,IMAGE_SENSOR,LCC-20,IMA-SIH-2026,IMAGE_SENSOR_DARK_CURRENT_TEST,T02_1527,PROC-ISRO-IISU-01,ATE-STATION-01,CHAMBER-01,1.0,60.0,3.3,168,dark_current_density,OPTICAL,nA/cm2,12.7852,17.3674,47.7061,136.5371,4.5822,16.69,7,40.02,8.94,0.0274,-0.0046,60.43,61.16,12.7852,17.3674,47.7061,136.5371,4.5822,10.0,False,NOMINAL,HEALTHY,0.44,-6.05
IMA_LOT02_COMP1528,LOT_02,IMAGE_SENSOR,LCC-20,IMA-SIH-2026,IMAGE_SENSOR_DARK_CURRENT_TEST,T02_1528,PROC-ISRO-IISU-01,ATE-STATION-01,CHAMBER-01,1.0,60.0,3.3,168,dark_current_density,OPTICAL,nA/cm2,12.9461,16.4478,32.3188,64.2597,3.5017,9.33,3,42.6,7.52,-0.0048,0.0167,60.14,61.58,12.9461,16.4478,32.3188,64.2597,3.5017,10.0,False,NOMINAL,HEALTHY,14.04,38.82
IMA_LOT02_COMP1529,LOT_02,IMAGE_SENSOR,LCC-20,IMA-SIH-2026,IMAGE_SENSOR_DARK_CURRENT_TEST,T02_1529,PROC-ISRO-IISU-01,ATE-STATION-01,CHAMBER-01,1.0,60.0,3.3,168,dark_current_density,OPTICAL,nA/cm2,12.8419,18.1189,51.605,152.0671,5.277,13.4,4,44.76,9.4,0.0189,-0.0304,63.46,62.05,12.8419,18.1189,51.605,152.0671,5.277,10.0,False,NOMINAL,HEALTHY,-18.8,-0.07
IMA_LOT02_COMP1530,LOT_02,IMAGE_SENSOR,LCC-20,IMA-SIH-2026,IMAGE_SENSOR_DARK_CURRENT_TEST,T02_1530,PROC-ISRO-IISU-01,ATE-STATION-01,CHAMBER-01,1.0,60.0,3.3,168,dark_current_density,OPTICAL,nA/cm2,11.7635,18.4631,67.4668,234.387,6.6996,12.61,6,43.75,6.04,0.0135,0.0646,61.09,62.13,11.7635,18.4631,67.4668,234.387,6.6996,10.0,False,NOMINAL,HEALTHY,4.06,-18.16
IMA_LOT02_COMP1531,LOT_02,IMAGE_SENSOR,LCC-20,IMA-SIH-2026,IMAGE_SENSOR_DARK_CURRENT_TEST,T02_1531,PROC-ISRO-IISU-01,ATE-STATION-01,CHAMBER-01,1.0,60.0,3.3,168,dark_current_density,OPTICAL,nA/cm2,11.7275,16.0142,38.9139,95.9839,4.2867,8.11,5,41.71,8.29,0.0214,0.0127,61.29,62.28,11.7275,16.0142,38.9139,95.9839,4.2867,10.0,False,NOMINAL,HEALTHY,31.21,-18.81
IMA_LOT02_COMP1532,LOT_02,IMAGE_SENSOR,LCC-20,IMA-SIH-2026,IMAGE_SENSOR_DARK_CURRENT_TEST,T02_1532,PROC-ISRO-IISU-01,ATE-STATION-01,CHAMBER-01,1.0,60.0,3.3,168,dark_current_density,OPTICAL,nA/cm2,12.9483,19.6668,71.7544,259.5102,6.7185,13.41,8,43.63,9.56,-0.0025,0.0243,62.9,62.25,12.9483,19.6668,71.7544,259.5102,6.7185,10.0,False,NOMINAL,HEALTHY,12.91,-4.29
IMA_LOT02_COMP1533,LOT_02,IMAGE_SENSOR,LCC-20,IMA-SIH-2026,IMAGE_SENSOR_DARK_CURRENT_TEST,T02_1533,PROC-ISRO-IISU-01,ATE-STATION-01,CHAMBER-01,1.0,60.0,3.3,168,dark_current_density,OPTICAL,nA/cm2,12.6706,16.7494,38.4471,94.0265,4.0788,13.97,8,42.21,8.33,-0.0025,0.0088,60.98,61.31,12.6706,16.7494,38.4471,94.0265,4.0788,10.0,False,NOMINAL,HEALTHY,-6.09,38.84
IMA_LOT02_COMP1534,LOT_02,IMAGE_SENSOR,LCC-20,IMA-SIH-2026,IMAGE_SENSOR_DARK_CURRENT_TEST,T02_1534,PROC-ISRO-IISU-01,ATE-STATION-01,CHAMBER-01,1.0,60.0,3.3,168,dark_current_density,OPTICAL,nA/cm2,12.0056,16.8422,49.3729,138.2325,4.8366,14.75,4,42.31,7.13,-0.0021,-0.0644,60.31,62.12,12.0056,16.8422,49.3729,138.2325,4.8366,10.0,False,NOMINAL,HEALTHY,-27.63,-20.58
IMA_LOT02_COMP1535,LOT_02,IMAGE_SENSOR,LCC-20,IMA-SIH-2026,IMAGE_SENSOR_DARK_CURRENT_TEST,T02_1535,PROC-ISRO-IISU-01,ATE-STATION-01,CHAMBER-01,1.0,60.0,3.3,168,dark_current_density,OPTICAL,nA/cm2,12.6706,15.8336,51.6834,190.082,3.163,8.11,4,39.81,7.87,0.0397,0.1061,61.07,62.39,12.6706,15.8336,51.6834,190.082,3.163,10.0,True,DARK_CURRENT_SPIKE_GROWTH,HEALTHY,-22.9,21.96
IMA_LOT02_COMP1536,LOT_02,IMAGE_SENSOR,LCC-20,IMA-SIH-2026,IMAGE_SENSOR_DARK_CURRENT_TEST,T02_1536,PROC-ISRO-IISU-01,ATE-STATION-01,CHAMBER-01,1.0,60.0,3.3,168,dark_current_density,OPTICAL,nA/cm2,13.1992,19.1035,67.4014,235.0142,5.9043,10.65,3,40.74,5.94,-0.0289,0.0297,62.09,62.41,13.1992,19.1035,67.4014,235.0142,5.9043,10.0,False,NOMINAL,HEALTHY,-4.19,-14.79
IMA_LOT02_COMP1537,LOT_02,IMAGE_SENSOR,LCC-20,IMA-SIH-2026,IMAGE_SENSOR_DARK_CURRENT_TEST,T02_1537,PROC-ISRO-IISU-01,ATE-STATION-01,CHAMBER-01,1.0,60.0,3.3,168,dark_current_density,OPTICAL,nA/cm2,13.5107,19.9934,73.1074,263.2651,6.4827,11.35,5,43.22,5.75,-0.0048,0.0028,60.27,62.03,13.5107,19.9934,73.1074,263.2651,6.4827,10.0,False,NOMINAL,HEALTHY,26.28,26.23
IMA_LOT02_COMP1538,LOT_02,IMAGE_SENSOR,LCC-20,IMA-SIH-2026,IMAGE_SENSOR_DARK_CURRENT_TEST,T02_1538,PROC-ISRO-IISU-01,ATE-STATION-01,CHAMBER-01,1.0,60.0,3.3,168,dark_current_density,OPTICAL,nA/cm2,12.7514,16.7746,37.6001,82.2443,4.0232,13.39,5,40.57,7.99,0.017,0.0508,62.49,62.23,12.7514,16.7746,37.6001,82.2443,4.0232,10.0,False,NOMINAL,HEALTHY,39.68,17.91
IMA_LOT02_COMP1539,LOT_02,IMAGE_SENSOR,LCC-20,IMA-SIH-2026,IMAGE_SENSOR_DARK_CURRENT_TEST,T02_1539,PROC-ISRO-IISU-01,ATE-STATION-01,CHAMBER-01,1.0,60.0,3.3,168,dark_current_density,OPTICAL,nA/cm2,13.0902,16.7201,34.2834,71.4816,3.6299,11.62,6,38.12,8.02,-0.002,-0.1025,61.48,62.63,13.0902,16.7201,34.2834,71.4816,3.6299,10.0,False,NOMINAL,HEALTHY,31.02,-5.23
IMA_LOT02_COMP1540,LOT_02,IMAGE_SENSOR,LCC-20,IMA-SIH-2026,IMAGE_SENSOR_DARK_CURRENT_TEST,T02_1540,PROC-ISRO-IISU-01,ATE-STATION-01,CHAMBER-01,1.0,60.0,3.3,168,dark_current_density,OPTICAL,nA/cm2,12.7837,18.6776,60.1163,201.5523,5.8939,10.57,3,39.15,6.6,-0.0069,0.0831,61.67,62.35,12.7837,18.6776,60.1163,201.5523,5.8939,10.0,False,NOMINAL,HEALTHY,31.19,15.46
IMA_LOT02_COMP1541,LOT_02,IMAGE_SENSOR,LCC-20,IMA-SIH-2026,IMAGE_SENSOR_DARK_CURRENT_TEST,T02_1541,PROC-ISRO-IISU-01,ATE-STATION-01,CHAMBER-01,1.0,60.0,3.3,168,dark_current_density,OPTICAL,nA/cm2,13.3529,19.1115,51.776,140.2897,5.7586,13.42,6,41.34,9.41,-0.0301,0.0355,61.83,61.98,13.3529,19.1115,51.776,140.2897,5.7586,10.0,False,NOMINAL,HEALTHY,-25.57,-41.73
IMA_LOT02_COMP1542,LOT_02,IMAGE_SENSOR,LCC-20,IMA-SIH-2026,IMAGE_SENSOR_DARK_CURRENT_TEST,T02_1542,PROC-ISRO-IISU-01,ATE-STATION-01,CHAMBER-01,1.0,60.0,3.3,168,dark_current_density,OPTICAL,nA/cm2,13.1026,19.7492,60.4711,184.4302,6.6466,12.32,5,42.5,10.37,0.0009,-0.0972,62.74,61.3,13.1026,19.7492,60.4711,184.4302,6.6466,10.0,False,NOMINAL,HEALTHY,-45.68,30.01
IMA_LOT02_COMP1543,LOT_02,IMAGE_SENSOR,LCC-20,IMA-SIH-2026,IMAGE_SENSOR_DARK_CURRENT_TEST,T02_1543,PROC-ISRO-IISU-01,ATE-STATION-01,CHAMBER-01,1.0,60.0,3.3,168,dark_current_density,OPTICAL,nA/cm2,12.6911,17.5683,50.7884,153.2401,4.8772,11.52,9,44.12,7.2,-0.0075,-0.0315,62.13,61.31,12.6911,17.5683,50.7884,153.2401,4.8772,10.0,False,NOMINAL,HEALTHY,26.23,48.21
IMA_LOT02_COMP1544,LOT_02,IMAGE_SENSOR,LCC-20,IMA-SIH-2026,IMAGE_SENSOR_DARK_CURRENT_TEST,T02_1544,PROC-ISRO-IISU-01,ATE-STATION-01,CHAMBER-01,1.0,60.0,3.3,168,dark_current_density,OPTICAL,nA/cm2,12.7753,17.8396,53.7491,155.3048,5.0643,12.17,3,44.84,7.75,0.0091,0.0005,62.73,62.28,12.7753,17.8396,53.7491,155.3048,5.0643,10.0,False,NOMINAL,HEALTHY,-11.01,48.46
IMA_LOT02_COMP1545,LOT_02,IMAGE_SENSOR,LCC-20,IMA-SIH-2026,IMAGE_SENSOR_DARK_CURRENT_TEST,T02_1545,PROC-ISRO-IISU-01,ATE-STATION-01,CHAMBER-01,1.0,60.0,3.3,168,dark_current_density,OPTICAL,nA/cm2,12.7329,17.9582,46.2362,122.2298,5.2253,5.48,7,44.38,9.81,0.0024,-0.0602,60.17,62.11,12.7329,17.9582,46.2362,122.2298,5.2253,10.0,False,NOMINAL,HEALTHY,-49.01,-8.53
IMA_LOT02_COMP1546,LOT_02,IMAGE_SENSOR,LCC-20,IMA-SIH-2026,IMAGE_SENSOR_DARK_CURRENT_TEST,T02_1546,PROC-ISRO-IISU-01,ATE-STATION-01,CHAMBER-01,1.0,60.0,3.3,168,dark_current_density,OPTICAL,nA/cm2,12.2388,15.8202,35.1982,79.1529,3.5814,7.74,5,45.62,7.52,-0.0308,0.0177,65.39,62.36,12.2388,15.8202,35.1982,79.1529,3.5814,10.0,False,NOMINAL,HEALTHY,14.61,45.21
IMA_LOT02_COMP1547,LOT_02,IMAGE_SENSOR,LCC-20,IMA-SIH-2026,IMAGE_SENSOR_DARK_CURRENT_TEST,T02_1547,PROC-ISRO-IISU-01,ATE-STATION-01,CHAMBER-01,1.0,60.0,3.3,168,dark_current_density,OPTICAL,nA/cm2,13.1392,18.281,58.1516,184.0236,5.1418,16.89,6,37.73,6.78,-0.0309,0.056,59.7,61.9,13.1392,18.281,58.1516,184.0236,5.1418,10.0,False,NOMINAL,HEALTHY,-46.19,-10.37
IMA_LOT02_COMP1548,LOT_02,IMAGE_SENSOR,LCC-20,IMA-SIH-2026,IMAGE_SENSOR_DARK_CURRENT_TEST,T02_1548,PROC-ISRO-IISU-01,ATE-STATION-01,CHAMBER-01,1.0,60.0,3.3,168,dark_current_density,OPTICAL,nA/cm2,13.8633,20.9432,72.9222,240.3498,7.0799,13.36,6,40.84,8.17,0.0105,-0.0194,63.18,62.37,13.8633,20.9432,72.9222,240.3498,7.0799,10.0,False,NOMINAL,HEALTHY,25.17,-47.78
IMA_LOT02_COMP1549,LOT_02,IMAGE_SENSOR,LCC-20,IMA-SIH-2026,IMAGE_SENSOR_DARK_CURRENT_TEST,T02_1549,PROC-ISRO-IISU-01,ATE-STATION-01,CHAMBER-01,1.0,60.0,3.3,168,dark_current_density,OPTICAL,nA/cm2,12.3777,17.9764,57.7998,179.9193,5.5987,10.61,2,44.76,9.04,-0.0028,0.1194,61.41,61.46,12.3777,17.9764,57.7998,179.9193,5.5987,10.0,False,NOMINAL,HEALTHY,45.47,49.88
IMA_LOT02_COMP1550,LOT_02,IMAGE_SENSOR,LCC-20,IMA-SIH-2026,IMAGE_SENSOR_DARK_CURRENT_TEST,T02_1550,PROC-ISRO-IISU-01,ATE-STATION-01,CHAMBER-01,1.0,60.0,3.3,168,dark_current_density,OPTICAL,nA/cm2,13.0734,18.224,52.4801,154.3979,5.1506,14.59,3,41.04,9.38,0.0077,-0.0052,59.55,61.63,13.0734,18.224,52.4801,154.3979,5.1506,10.0,False,NOMINAL,HEALTHY,26.52,45.83
IMA_LOT02_COMP1551,LOT_02,IMAGE_SENSOR,LCC-20,IMA-SIH-2026,IMAGE_SENSOR_DARK_CURRENT_TEST,T02_1551,PROC-ISRO-IISU-01,ATE-STATION-01,CHAMBER-01,1.0,60.0,3.3,168,dark_current_density,OPTICAL,nA/cm2,12.5169,17.9009,38.0334,83.0666,5.384,11.78,3,40.23,6.07,-0.0143,-0.0067,63.76,61.91,12.5169,17.9009,38.0334,83.0666,5.384,10.0,False,NOMINAL,HEALTHY,36.63,30.77
IMA_LOT02_COMP1552,LOT_02,IMAGE_SENSOR,LCC-20,IMA-SIH-2026,IMAGE_SENSOR_DARK_CURRENT_TEST,T02_1552,PROC-ISRO-IISU-01,ATE-STATION-01,CHAMBER-01,1.0,60.0,3.3,168,dark_current_density,OPTICAL,nA/cm2,12.2653,17.5355,52.2193,162.5863,5.2702,15.03,6,39.34,6.48,-0.004,-0.043,62.37,62.07,12.2653,17.5355,52.2193,162.5863,5.2702,10.0,False,NOMINAL,HEALTHY,6.46,-19.88
IMA_LOT02_COMP1553,LOT_02,IMAGE_SENSOR,LCC-20,IMA-SIH-2026,IMAGE_SENSOR_DARK_CURRENT_TEST,T02_1553,PROC-ISRO-IISU-01,ATE-STATION-01,CHAMBER-01,1.0,60.0,3.3,168,dark_current_density,OPTICAL,nA/cm2,12.5507,17.6897,54.1832,163.629,5.139,10.21,5,45.54,8.53,0.0411,-0.0403,60.14,62.79,12.5507,17.6897,54.1832,163.629,5.139,10.0,False,NOMINAL,HEALTHY,31.61,-34.64
IMA_LOT02_COMP1554,LOT_02,IMAGE_SENSOR,LCC-20,IMA-SIH-2026,IMAGE_SENSOR_DARK_CURRENT_TEST,T02_1554,PROC-ISRO-IISU-01,ATE-STATION-01,CHAMBER-01,1.0,60.0,3.3,168,dark_current_density,OPTICAL,nA/cm2,12.8854,18.1918,59.7238,184.777,5.3064,17.65,7,41.37,9.74,0.0083,0.0291,61.37,61.79,12.8854,18.1918,59.7238,184.777,5.3064,10.0,False,NOMINAL,HEALTHY,7.38,-40.36
IMA_LOT02_COMP1555,LOT_02,IMAGE_SENSOR,LCC-20,IMA-SIH-2026,IMAGE_SENSOR_DARK_CURRENT_TEST,T02_1555,PROC-ISRO-IISU-01,ATE-STATION-01,CHAMBER-01,1.0,60.0,3.3,168,dark_current_density,OPTICAL,nA/cm2,12.8595,18.5045,55.2246,154.8827,5.645,13.51,5,39.99,7.19,0.0119,0.1437,62.01,61.11,12.8595,18.5045,55.2246,154.8827,5.645,10.0,False,NOMINAL,HEALTHY,15.77,-30.91
IMA_LOT02_COMP1556,LOT_02,IMAGE_SENSOR,LCC-20,IMA-SIH-2026,IMAGE_SENSOR_DARK_CURRENT_TEST,T02_1556,PROC-ISRO-IISU-01,ATE-STATION-01,CHAMBER-01,1.0,60.0,3.3,168,dark_current_density,OPTICAL,nA/cm2,12.5818,17.8552,52.6027,159.7636,5.2734,8.61,5,41.05,7.66,-0.0098,-0.0281,58.61,63.03,12.5818,17.8552,52.6027,159.7636,5.2734,10.0,False,NOMINAL,HEALTHY,-17.74,-47.67
IMA_LOT02_COMP1557,LOT_02,IMAGE_SENSOR,LCC-20,IMA-SIH-2026,IMAGE_SENSOR_DARK_CURRENT_TEST,T02_1557,PROC-ISRO-IISU-01,ATE-STATION-01,CHAMBER-01,1.0,60.0,3.3,168,dark_current_density,OPTICAL,nA/cm2,12.567,18.1101,55.1957,177.3678,5.5431,12.37,5,40.56,6.75,0.0252,0.1083,61.09,62.63,12.567,18.1101,55.1957,177.3678,5.5431,10.0,False,NOMINAL,HEALTHY,-7.86,18.76
IMA_LOT02_COMP1558,LOT_02,IMAGE_SENSOR,LCC-20,IMA-SIH-2026,IMAGE_SENSOR_DARK_CURRENT_TEST,T02_1558,PROC-ISRO-IISU-01,ATE-STATION-01,CHAMBER-01,1.0,60.0,3.3,168,dark_current_density,OPTICAL,nA/cm2,13.1564,19.5127,66.6294,223.072,6.3563,5.15,5,41.87,5.25,-0.0009,-0.059,62.33,61.52,13.1564,19.5127,66.6294,223.072,6.3563,10.0,False,NOMINAL,HEALTHY,36.24,-48.94
IMA_LOT02_COMP1559,LOT_02,IMAGE_SENSOR,LCC-20,IMA-SIH-2026,IMAGE_SENSOR_DARK_CURRENT_TEST,T02_1559,PROC-ISRO-IISU-01,ATE-STATION-01,CHAMBER-01,1.0,60.0,3.3,168,dark_current_density,OPTICAL,nA/cm2,12.642,17.2164,52.9806,156.3731,4.5744,10.32,5,39.14,6.7,-0.005,0.08,61.35,62.73,12.642,17.2164,52.9806,156.3731,4.5744,10.0,False,NOMINAL,HEALTHY,2.21,-41.4
IMA_LOT02_COMP1560,LOT_02,IMAGE_SENSOR,LCC-20,IMA-SIH-2026,IMAGE_SENSOR_DARK_CURRENT_TEST,T02_1560,PROC-ISRO-IISU-01,ATE-STATION-01,CHAMBER-01,1.0,60.0,3.3,168,dark_current_density,OPTICAL,nA/cm2,12.7411,16.5863,38.9093,79.3178,3.8452,12.64,6,41.71,6.16,-0.0223,0.0241,61.5,61.95,12.7411,16.5863,38.9093,79.3178,3.8452,10.0,False,NOMINAL,HEALTHY,-49.52,39.86
IMA_LOT02_COMP1561,LOT_02,IMAGE_SENSOR,LCC-20,IMA-SIH-2026,IMAGE_SENSOR_DARK_CURRENT_TEST,T02_1561,PROC-ISRO-IISU-01,ATE-STATION-01,CHAMBER-01,1.0,60.0,3.3,168,dark_current_density,OPTICAL,nA/cm2,12.8896,19.0084,59.6444,194.9946,6.1188,11.95,1,40.22,5.73,-0.0019,0.0685,60.01,61.69,12.8896,19.0084,59.6444,194.9946,6.1188,10.0,False,NOMINAL,HEALTHY,36.31,-7.13
IMA_LOT02_COMP1562,LOT_02,IMAGE_SENSOR,LCC-20,IMA-SIH-2026,IMAGE_SENSOR_DARK_CURRENT_TEST,T02_1562,PROC-ISRO-IISU-01,ATE-STATION-01,CHAMBER-01,1.0,60.0,3.3,168,dark_current_density,OPTICAL,nA/cm2,13.3318,16.1057,30.7794,62.0253,2.7739,14.84,9,40.68,8.88,-0.0035,-0.0064,61.67,62.47,13.3318,16.1057,30.7794,62.0253,2.7739,10.0,False,NOMINAL,HEALTHY,20.42,-29.3
IMA_LOT02_COMP1563,LOT_02,IMAGE_SENSOR,LCC-20,IMA-SIH-2026,IMAGE_SENSOR_DARK_CURRENT_TEST,T02_1563,PROC-ISRO-IISU-01,ATE-STATION-01,CHAMBER-01,1.0,60.0,3.3,168,dark_current_density,OPTICAL,nA/cm2,12.282,16.8975,46.4536,121.3764,4.6155,5.7,3,39.38,7.09,0.0067,0.0076,61.25,61.69,12.282,16.8975,46.4536,121.3764,4.6155,10.0,False,NOMINAL,HEALTHY,13.07,19.18
IMA_LOT02_COMP1564,LOT_02,IMAGE_SENSOR,LCC-20,IMA-SIH-2026,IMAGE_SENSOR_DARK_CURRENT_TEST,T02_1564,PROC-ISRO-IISU-01,ATE-STATION-01,CHAMBER-01,1.0,60.0,3.3,168,dark_current_density,OPTICAL,nA/cm2,13.103,16.2631,31.4498,61.167,3.1601,12.23,6,43.43,9.95,0.0289,0.0141,60.51,62.34,13.103,16.2631,31.4498,61.167,3.1601,10.0,False,NOMINAL,HEALTHY,-32.44,21.0
IMA_LOT02_COMP1565,LOT_02,IMAGE_SENSOR,LCC-20,IMA-SIH-2026,IMAGE_SENSOR_DARK_CURRENT_TEST,T02_1565,PROC-ISRO-IISU-01,ATE-STATION-01,CHAMBER-01,1.0,60.0,3.3,168,dark_current_density,OPTICAL,nA/cm2,13.3501,16.7616,37.1146,80.5245,3.4115,9.06,1,39.38,5.28,0.001,0.091,62.86,61.88,13.3501,16.7616,37.1146,80.5245,3.4115,10.0,False,NOMINAL,HEALTHY,-44.45,3.95
IMA_LOT02_COMP1566,LOT_02,IMAGE_SENSOR,LCC-20,IMA-SIH-2026,IMAGE_SENSOR_DARK_CURRENT_TEST,T02_1566,PROC-ISRO-IISU-01,ATE-STATION-01,CHAMBER-01,1.0,60.0,3.3,168,dark_current_density,OPTICAL,nA/cm2,12.8457,16.174,35.2066,77.2184,3.3283,12.14,4,41.96,7.01,-0.0111,0.0272,61.65,62.43,12.8457,16.174,35.2066,77.2184,3.3283,10.0,False,NOMINAL,HEALTHY,-48.06,-30.89
IMA_LOT02_COMP1567,LOT_02,IMAGE_SENSOR,LCC-20,IMA-SIH-2026,IMAGE_SENSOR_DARK_CURRENT_TEST,T02_1567,PROC-ISRO-IISU-01,ATE-STATION-01,CHAMBER-01,1.0,60.0,3.3,168,dark_current_density,OPTICAL,nA/cm2,12.534,15.6281,32.0035,62.6418,3.0941,14.51,9,42.44,8.45,-0.0055,0.0108,64.05,62.15,12.534,15.6281,32.0035,62.6418,3.0941,10.0,False,NOMINAL,HEALTHY,9.71,-2.0
IMA_LOT02_COMP1568,LOT_02,IMAGE_SENSOR,LCC-20,IMA-SIH-2026,IMAGE_SENSOR_DARK_CURRENT_TEST,T02_1568,PROC-ISRO-IISU-01,ATE-STATION-01,CHAMBER-01,1.0,60.0,3.3,168,dark_current_density,OPTICAL,nA/cm2,12.3045,16.0088,31.9567,62.9294,3.7043,10.79,6,46.14,9.21,-0.0116,-0.0249,58.6,62.01,12.3045,16.0088,31.9567,62.9294,3.7043,10.0,False,NOMINAL,HEALTHY,35.77,-22.65
IMA_LOT02_COMP1569,LOT_02,IMAGE_SENSOR,LCC-20,IMA-SIH-2026,IMAGE_SENSOR_DARK_CURRENT_TEST,T02_1569,PROC-ISRO-IISU-01,ATE-STATION-01,CHAMBER-01,1.0,60.0,3.3,168,dark_current_density,OPTICAL,nA/cm2,13.3712,17.9998,44.5626,107.7623,4.6286,14.37,4,41.65,10.19,-0.0157,0.0347,60.19,62.1,13.3712,17.9998,44.5626,107.7623,4.6286,10.0,False,NOMINAL,HEALTHY,35.83,-44.71
IMA_LOT02_COMP1570,LOT_02,IMAGE_SENSOR,LCC-20,IMA-SIH-2026,IMAGE_SENSOR_DARK_CURRENT_TEST,T02_1570,PROC-ISRO-IISU-01,ATE-STATION-01,CHAMBER-01,1.0,60.0,3.3,168,dark_current_density,OPTICAL,nA/cm2,13.0094,16.6503,34.5864,73.7746,3.6409,10.8,2,43.91,6.44,-0.0152,0.0439,62.86,62.38,13.0094,16.6503,34.5864,73.7746,3.6409,10.0,False,NOMINAL,HEALTHY,-8.43,46.71
IMA_LOT02_COMP1571,LOT_02,IMAGE_SENSOR,LCC-20,IMA-SIH-2026,IMAGE_SENSOR_DARK_CURRENT_TEST,T02_1571,PROC-ISRO-IISU-01,ATE-STATION-01,CHAMBER-01,1.0,60.0,3.3,168,dark_current_density,OPTICAL,nA/cm2,12.6168,18.913,64.7484,208.7061,6.2962,15.9,8,45.13,9.78,-0.0213,-0.1185,62.03,61.55,12.6168,18.913,64.7484,208.7061,6.2962,10.0,False,NOMINAL,HEALTHY,45.92,39.77
IMA_LOT02_COMP1572,LOT_02,IMAGE_SENSOR,LCC-20,IMA-SIH-2026,IMAGE_SENSOR_DARK_CURRENT_TEST,T02_1572,PROC-ISRO-IISU-01,ATE-STATION-01,CHAMBER-01,1.0,60.0,3.3,168,dark_current_density,OPTICAL,nA/cm2,12.4353,16.9272,41.1916,105.9981,4.4919,14.58,2,41.97,7.41,0.0177,0.0477,60.52,62.35,12.4353,16.9272,41.1916,105.9981,4.4919,10.0,False,NOMINAL,HEALTHY,-39.3,-49.95
IMA_LOT02_COMP1573,LOT_02,IMAGE_SENSOR,LCC-20,IMA-SIH-2026,IMAGE_SENSOR_DARK_CURRENT_TEST,T02_1573,PROC-ISRO-IISU-01,ATE-STATION-01,CHAMBER-01,1.0,60.0,3.3,168,dark_current_density,OPTICAL,nA/cm2,11.8489,17.8496,53.7357,148.6823,6.0007,10.42,4,43.17,8.68,-0.011,-0.0293,64.14,61.08,11.8489,17.8496,53.7357,148.6823,6.0007,10.0,False,NOMINAL,HEALTHY,-26.11,-10.66
IMA_LOT02_COMP1574,LOT_02,IMAGE_SENSOR,LCC-20,IMA-SIH-2026,IMAGE_SENSOR_DARK_CURRENT_TEST,T02_1574,PROC-ISRO-IISU-01,ATE-STATION-01,CHAMBER-01,1.0,60.0,3.3,168,dark_current_density,OPTICAL,nA/cm2,12.8233,19.2048,57.8334,181.66,6.3815,13.9,9,43.89,6.97,-0.0362,-0.0462,60.39,62.19,12.8233,19.2048,57.8334,181.66,6.3815,10.0,False,NOMINAL,HEALTHY,36.04,-32.02
IMA_LOT02_COMP1575,LOT_02,IMAGE_SENSOR,LCC-20,IMA-SIH-2026,IMAGE_SENSOR_DARK_CURRENT_TEST,T02_1575,PROC-ISRO-IISU-01,ATE-STATION-01,CHAMBER-01,1.0,60.0,3.3,168,dark_current_density,OPTICAL,nA/cm2,12.6155,18.7333,63.3555,206.9187,6.1178,8.92,2,43.32,5.88,-0.0295,-0.049,63.52,62.1,12.6155,18.7333,63.3555,206.9187,6.1178,10.0,False,NOMINAL,HEALTHY,22.35,25.23
IMA_LOT02_COMP1576,LOT_02,IMAGE_SENSOR,LCC-20,IMA-SIH-2026,IMAGE_SENSOR_DARK_CURRENT_TEST,T02_1576,PROC-ISRO-IISU-01,ATE-STATION-01,CHAMBER-01,1.0,60.0,3.3,168,dark_current_density,OPTICAL,nA/cm2,12.7566,17.8252,49.0698,127.7065,5.0686,14.39,3,42.52,7.29,-0.0169,0.0449,62.0,61.92,12.7566,17.8252,49.0698,127.7065,5.0686,10.0,False,NOMINAL,HEALTHY,10.59,29.7
IMA_LOT02_COMP1577,LOT_02,IMAGE_SENSOR,LCC-20,IMA-SIH-2026,IMAGE_SENSOR_DARK_CURRENT_TEST,T02_1577,PROC-ISRO-IISU-01,ATE-STATION-01,CHAMBER-01,1.0,60.0,3.3,168,dark_current_density,OPTICAL,nA/cm2,12.6412,17.2781,42.6013,99.6088,4.6369,10.36,8,42.68,10.81,0.0031,-0.007,62.29,62.74,12.6412,17.2781,42.6013,99.6088,4.6369,10.0,False,NOMINAL,HEALTHY,-1.46,-0.4
IMA_LOT02_COMP1578,LOT_02,IMAGE_SENSOR,LCC-20,IMA-SIH-2026,IMAGE_SENSOR_DARK_CURRENT_TEST,T02_1578,PROC-ISRO-IISU-01,ATE-STATION-01,CHAMBER-01,1.0,60.0,3.3,168,dark_current_density,OPTICAL,nA/cm2,12.6667,19.5663,203.3118,2039.5149,6.8996,5.07,7,38.93,9.36,0.005,0.0722,62.12,61.51,12.6667,19.5663,203.3118,2039.5149,6.8996,10.0,True,THERMAL_RUNAWAY,HEALTHY,26.11,18.88
IMA_LOT02_COMP1579,LOT_02,IMAGE_SENSOR,LCC-20,IMA-SIH-2026,IMAGE_SENSOR_DARK_CURRENT_TEST,T02_1579,PROC-ISRO-IISU-01,ATE-STATION-01,CHAMBER-01,1.0,60.0,3.3,168,dark_current_density,OPTICAL,nA/cm2,11.9097,17.9503,60.7327,194.4672,6.0406,10.68,7,43.49,9.64,0.03,-0.0374,62.94,61.49,11.9097,17.9503,60.7327,194.4672,6.0406,10.0,False,NOMINAL,HEALTHY,-7.71,39.19
IMA_LOT02_COMP1580,LOT_02,IMAGE_SENSOR,LCC-20,IMA-SIH-2026,IMAGE_SENSOR_DARK_CURRENT_TEST,T02_1580,PROC-ISRO-IISU-01,ATE-STATION-01,CHAMBER-01,1.0,60.0,3.3,168,dark_current_density,OPTICAL,nA/cm2,11.689,18.2098,58.6936,190.9316,6.5208,13.52,5,43.67,5.51,0.0067,0.0311,65.9,62.14,11.689,18.2098,58.6936,190.9316,6.5208,10.0,False,NOMINAL,HEALTHY,-11.46,-32.18
IMA_LOT02_COMP1581,LOT_02,IMAGE_SENSOR,LCC-20,IMA-SIH-2026,IMAGE_SENSOR_DARK_CURRENT_TEST,T02_1581,PROC-ISRO-IISU-01,ATE-STATION-01,CHAMBER-01,1.0,60.0,3.3,168,dark_current_density,OPTICAL,nA/cm2,12.671,15.819,33.9379,72.1323,3.148,8.38,6,42.9,10.05,0.0022,-0.0357,61.67,61.7,12.671,15.819,33.9379,72.1323,3.148,10.0,False,NOMINAL,HEALTHY,49.04,25.42
IMA_LOT02_COMP1582,LOT_02,IMAGE_SENSOR,LCC-20,IMA-SIH-2026,IMAGE_SENSOR_DARK_CURRENT_TEST,T02_1582,PROC-ISRO-IISU-01,ATE-STATION-01,CHAMBER-01,1.0,60.0,3.3,168,dark_current_density,OPTICAL,nA/cm2,12.8358,18.8935,71.7307,256.4329,6.0577,12.33,8,42.06,7.14,0.0126,0.1393,62.86,62.01,12.8358,18.8935,71.7307,256.4329,6.0577,10.0,False,NOMINAL,HEALTHY,-19.59,40.32
IMA_LOT02_COMP1583,LOT_02,IMAGE_SENSOR,LCC-20,IMA-SIH-2026,IMAGE_SENSOR_DARK_CURRENT_TEST,T02_1583,PROC-ISRO-IISU-01,ATE-STATION-01,CHAMBER-01,1.0,60.0,3.3,168,dark_current_density,OPTICAL,nA/cm2,12.5814,16.2209,36.1887,83.9858,3.6395,15.95,6,42.3,8.72,0.0005,-0.0567,65.88,62.3,12.5814,16.2209,36.1887,83.9858,3.6395,10.0,False,NOMINAL,HEALTHY,45.99,-29.97
IMA_LOT02_COMP1584,LOT_02,IMAGE_SENSOR,LCC-20,IMA-SIH-2026,IMAGE_SENSOR_DARK_CURRENT_TEST,T02_1584,PROC-ISRO-IISU-01,ATE-STATION-01,CHAMBER-01,1.0,60.0,3.3,168,dark_current_density,OPTICAL,nA/cm2,12.9717,18.8161,50.8585,141.762,5.8444,14.1,5,38.63,9.08,0.0193,-0.0172,61.77,62.47,12.9717,18.8161,50.8585,141.762,5.8444,10.0,False,NOMINAL,HEALTHY,-30.2,-44.96
IMA_LOT02_COMP1585,LOT_02,IMAGE_SENSOR,LCC-20,IMA-SIH-2026,IMAGE_SENSOR_DARK_CURRENT_TEST,T02_1585,PROC-ISRO-IISU-01,ATE-STATION-01,CHAMBER-01,1.0,60.0,3.3,168,dark_current_density,OPTICAL,nA/cm2,12.9541,16.4719,35.9658,75.8807,3.5178,10.99,7,41.32,8.8,0.0103,0.0372,60.4,61.46,12.9541,16.4719,35.9658,75.8807,3.5178,10.0,False,NOMINAL,HEALTHY,17.01,-3.88
IMA_LOT02_COMP1586,LOT_02,IMAGE_SENSOR,LCC-20,IMA-SIH-2026,IMAGE_SENSOR_DARK_CURRENT_TEST,T02_1586,PROC-ISRO-IISU-01,ATE-STATION-01,CHAMBER-01,1.0,60.0,3.3,168,dark_current_density,OPTICAL,nA/cm2,12.3734,16.5044,33.942,70.4438,4.131,9.8,8,44.11,6.57,0.0335,0.0018,61.7,61.23,12.3734,16.5044,33.942,70.4438,4.131,10.0,False,NOMINAL,HEALTHY,43.58,4.95
IMA_LOT02_COMP1587,LOT_02,IMAGE_SENSOR,LCC-20,IMA-SIH-2026,IMAGE_SENSOR_DARK_CURRENT_TEST,T02_1587,PROC-ISRO-IISU-01,ATE-STATION-01,CHAMBER-01,1.0,60.0,3.3,168,dark_current_density,OPTICAL,nA/cm2,13.1435,16.961,39.038,94.4865,3.8175,9.17,5,39.92,11.49,-0.0232,0.0686,62.6,62.49,13.1435,16.961,39.038,94.4865,3.8175,10.0,False,NOMINAL,HEALTHY,-47.33,-9.17
IMA_LOT02_COMP1588,LOT_02,IMAGE_SENSOR,LCC-20,IMA-SIH-2026,IMAGE_SENSOR_DARK_CURRENT_TEST,T02_1588,PROC-ISRO-IISU-01,ATE-STATION-01,CHAMBER-01,1.0,60.0,3.3,168,dark_current_density,OPTICAL,nA/cm2,13.2665,17.0707,33.0468,69.5546,3.8042,14.87,6,42.72,6.75,0.0393,0.0094,61.82,62.79,13.2665,17.0707,33.0468,69.5546,3.8042,10.0,False,NOMINAL,HEALTHY,11.88,-37.94
IMA_LOT02_COMP1589,LOT_02,IMAGE_SENSOR,LCC-20,IMA-SIH-2026,IMAGE_SENSOR_DARK_CURRENT_TEST,T02_1589,PROC-ISRO-IISU-01,ATE-STATION-01,CHAMBER-01,1.0,60.0,3.3,168,dark_current_density,OPTICAL,nA/cm2,12.9336,17.8903,43.8991,111.9452,4.9567,10.42,3,42.49,9.13,-0.021,-0.0804,62.42,61.67,12.9336,17.8903,43.8991,111.9452,4.9567,10.0,False,NOMINAL,HEALTHY,-30.59,-36.9
IMA_LOT02_COMP1590,LOT_02,IMAGE_SENSOR,LCC-20,IMA-SIH-2026,IMAGE_SENSOR_DARK_CURRENT_TEST,T02_1590,PROC-ISRO-IISU-01,ATE-STATION-01,CHAMBER-01,1.0,60.0,3.3,168,dark_current_density,OPTICAL,nA/cm2,13.5209,19.8039,60.5288,170.629,6.283,16.69,2,43.23,9.2,0.0415,0.0781,61.46,61.47,13.5209,19.8039,60.5288,170.629,6.283,10.0,False,NOMINAL,HEALTHY,47.06,-27.36
IMA_LOT02_COMP1591,LOT_02,IMAGE_SENSOR,LCC-20,IMA-SIH-2026,IMAGE_SENSOR_DARK_CURRENT_TEST,T02_1591,PROC-ISRO-IISU-01,ATE-STATION-01,CHAMBER-01,1.0,60.0,3.3,168,dark_current_density,OPTICAL,nA/cm2,13.5117,19.6374,67.4623,223.6725,6.1257,13.24,5,43.15,6.88,-0.0075,0.0287,64.5,61.6,13.5117,19.6374,67.4623,223.6725,6.1257,10.0,False,NOMINAL,HEALTHY,27.66,-38.43
IMA_LOT02_COMP1592,LOT_02,IMAGE_SENSOR,LCC-20,IMA-SIH-2026,IMAGE_SENSOR_DARK_CURRENT_TEST,T02_1592,PROC-ISRO-IISU-01,ATE-STATION-01,CHAMBER-01,1.0,60.0,3.3,168,dark_current_density,OPTICAL,nA/cm2,12.4453,18.4892,63.8267,211.3052,6.0439,11.62,2,41.79,5.68,-0.0282,-0.122,63.91,61.84,12.4453,18.4892,63.8267,211.3052,6.0439,10.0,False,NOMINAL,HEALTHY,3.97,-46.46
IMA_LOT02_COMP1593,LOT_02,IMAGE_SENSOR,LCC-20,IMA-SIH-2026,IMAGE_SENSOR_DARK_CURRENT_TEST,T02_1593,PROC-ISRO-IISU-01,ATE-STATION-01,CHAMBER-01,1.0,60.0,3.3,168,dark_current_density,OPTICAL,nA/cm2,12.3586,18.1046,54.6839,170.8705,5.746,11.89,4,41.35,8.33,-0.0165,-0.0021,64.71,62.05,12.3586,18.1046,54.6839,170.8705,5.746,10.0,False,NOMINAL,HEALTHY,-48.82,39.88
IMA_LOT02_COMP1594,LOT_02,IMAGE_SENSOR,LCC-20,IMA-SIH-2026,IMAGE_SENSOR_DARK_CURRENT_TEST,T02_1594,PROC-ISRO-IISU-01,ATE-STATION-01,CHAMBER-01,1.0,60.0,3.3,168,dark_current_density,OPTICAL,nA/cm2,12.679,19.1139,56.4831,170.0383,6.4349,16.42,6,44.51,10.09,-0.0362,-0.144,65.69,62.23,12.679,19.1139,56.4831,170.0383,6.4349,10.0,False,NOMINAL,HEALTHY,-2.43,3.24
IMA_LOT02_COMP1595,LOT_02,IMAGE_SENSOR,LCC-20,IMA-SIH-2026,IMAGE_SENSOR_DARK_CURRENT_TEST,T02_1595,PROC-ISRO-IISU-01,ATE-STATION-01,CHAMBER-01,1.0,60.0,3.3,168,dark_current_density,OPTICAL,nA/cm2,12.6812,16.1812,32.9226,71.0502,3.5,11.85,2,44.81,8.42,0.0222,-0.0198,61.29,62.23,12.6812,16.1812,32.9226,71.0502,3.5,10.0,False,NOMINAL,HEALTHY,-35.74,6.04
IMA_LOT02_COMP1596,LOT_02,IMAGE_SENSOR,LCC-20,IMA-SIH-2026,IMAGE_SENSOR_DARK_CURRENT_TEST,T02_1596,PROC-ISRO-IISU-01,ATE-STATION-01,CHAMBER-01,1.0,60.0,3.3,168,dark_current_density,OPTICAL,nA/cm2,12.8802,18.0162,48.6487,130.5408,5.136,12.84,1,46.03,8.66,0.0273,-0.0518,61.24,62.11,12.8802,18.0162,48.6487,130.5408,5.136,10.0,False,NOMINAL,HEALTHY,21.06,-1.71
IMA_LOT02_COMP1597,LOT_02,IMAGE_SENSOR,LCC-20,IMA-SIH-2026,IMAGE_SENSOR_DARK_CURRENT_TEST,T02_1597,PROC-ISRO-IISU-01,ATE-STATION-01,CHAMBER-01,1.0,60.0,3.3,168,dark_current_density,OPTICAL,nA/cm2,13.1562,19.7497,69.2592,239.0695,6.5935,10.96,7,40.85,9.19,-0.0083,0.0099,62.53,62.51,13.1562,19.7497,69.2592,239.0695,6.5935,10.0,False,NOMINAL,HEALTHY,2.43,5.5
IMA_LOT02_COMP1598,LOT_02,IMAGE_SENSOR,LCC-20,IMA-SIH-2026,IMAGE_SENSOR_DARK_CURRENT_TEST,T02_1598,PROC-ISRO-IISU-01,ATE-STATION-01,CHAMBER-01,1.0,60.0,3.3,168,dark_current_density,OPTICAL,nA/cm2,12.8176,18.41,45.8719,123.1863,5.5924,18.65,2,42.69,9.16,0.0633,-0.0025,61.13,61.18,12.8176,18.41,45.8719,123.1863,5.5924,10.0,False,NOMINAL,HEALTHY,-23.83,-49.42
IMA_LOT02_COMP1599,LOT_02,IMAGE_SENSOR,LCC-20,IMA-SIH-2026,IMAGE_SENSOR_DARK_CURRENT_TEST,T02_1599,PROC-ISRO-IISU-01,ATE-STATION-01,CHAMBER-01,1.0,60.0,3.3,168,dark_current_density,OPTICAL,nA/cm2,13.2064,19.2468,59.627,181.4429,6.0404,15.23,4,40.38,12.35,0.0049,0.0279,62.78,62.59,13.2064,19.2468,59.627,181.4429,6.0404,10.0,False,NOMINAL,HEALTHY,28.98,-23.38
IMA_LOT02_COMP1600,LOT_02,IMAGE_SENSOR,LCC-20,IMA-SIH-2026,IMAGE_SENSOR_DARK_CURRENT_TEST,T02_1600,PROC-ISRO-IISU-01,ATE-STATION-01,CHAMBER-01,1.0,60.0,3.3,168,dark_current_density,OPTICAL,nA/cm2,12.677,15.7964,34.0706,70.3795,3.1194,12.87,6,43.2,5.35,-0.0287,-0.0173,64.23,62.09,12.677,15.7964,34.0706,70.3795,3.1194,10.0,False,NOMINAL,HEALTHY,9.12,41.58
IMA_LOT02_COMP1601,LOT_02,IMAGE_SENSOR,LCC-20,IMA-SIH-2026,IMAGE_SENSOR_DARK_CURRENT_TEST,T02_1601,PROC-ISRO-IISU-01,ATE-STATION-01,CHAMBER-01,1.0,60.0,3.3,168,dark_current_density,OPTICAL,nA/cm2,12.6524,17.0606,40.0149,88.5637,4.4082,11.95,3,44.47,7.84,-0.0258,-0.0267,61.46,61.91,12.6524,17.0606,40.0149,88.5637,4.4082,10.0,False,NOMINAL,HEALTHY,-27.81,-33.1
IMA_LOT02_COMP1602,LOT_02,IMAGE_SENSOR,LCC-20,IMA-SIH-2026,IMAGE_SENSOR_DARK_CURRENT_TEST,T02_1602,PROC-ISRO-IISU-01,ATE-STATION-01,CHAMBER-01,1.0,60.0,3.3,168,dark_current_density,OPTICAL,nA/cm2,13.0679,19.3035,59.7781,189.5571,6.2356,5.51,7,36.41,8.33,0.0099,0.0914,61.84,62.2,13.0679,19.3035,59.7781,189.5571,6.2356,10.0,False,NOMINAL,HEALTHY,11.65,-42.24
IMA_LOT02_COMP1603,LOT_02,IMAGE_SENSOR,LCC-20,IMA-SIH-2026,IMAGE_SENSOR_DARK_CURRENT_TEST,T02_1603,PROC-ISRO-IISU-01,ATE-STATION-01,CHAMBER-01,1.0,60.0,3.3,168,dark_current_density,OPTICAL,nA/cm2,12.1519,16.2184,39.8701,96.0907,4.0665,15.46,3,43.97,6.94,-0.0131,0.0226,63.63,61.37,12.1519,16.2184,39.8701,96.0907,4.0665,10.0,False,NOMINAL,HEALTHY,4.7,-35.8
IMA_LOT02_COMP1604,LOT_02,IMAGE_SENSOR,LCC-20,IMA-SIH-2026,IMAGE_SENSOR_DARK_CURRENT_TEST,T02_1604,PROC-ISRO-IISU-01,ATE-STATION-01,CHAMBER-01,1.0,60.0,3.3,168,dark_current_density,OPTICAL,nA/cm2,12.8606,18.2349,44.6337,120.7218,5.3743,8.27,3,39.47,10.46,0.0155,0.0412,61.64,62.44,12.8606,18.2349,44.6337,120.7218,5.3743,10.0,False,NOMINAL,HEALTHY,-47.35,3.65
IMA_LOT02_COMP1605,LOT_02,IMAGE_SENSOR,LCC-20,IMA-SIH-2026,IMAGE_SENSOR_DARK_CURRENT_TEST,T02_1605,PROC-ISRO-IISU-01,ATE-STATION-01,CHAMBER-01,1.0,60.0,3.3,168,dark_current_density,OPTICAL,nA/cm2,12.8184,18.6727,62.0302,205.3277,5.8543,13.73,2,38.19,7.15,0.015,0.0795,59.32,62.25,12.8184,18.6727,62.0302,205.3277,5.8543,10.0,False,NOMINAL,HEALTHY,-17.94,-41.28
IMA_LOT02_COMP1606,LOT_02,IMAGE_SENSOR,LCC-20,IMA-SIH-2026,IMAGE_SENSOR_DARK_CURRENT_TEST,T02_1606,PROC-ISRO-IISU-01,ATE-STATION-01,CHAMBER-01,1.0,60.0,3.3,168,dark_current_density,OPTICAL,nA/cm2,12.6273,16.9056,43.4632,113.45,4.2783,7.72,5,42.3,6.75,0.0011,0.0889,63.53,62.32,12.6273,16.9056,43.4632,113.45,4.2783,10.0,False,NOMINAL,HEALTHY,13.03,13.12
IMA_LOT02_COMP1607,LOT_02,IMAGE_SENSOR,LCC-20,IMA-SIH-2026,IMAGE_SENSOR_DARK_CURRENT_TEST,T02_1607,PROC-ISRO-IISU-01,ATE-STATION-01,CHAMBER-01,1.0,60.0,3.3,168,dark_current_density,OPTICAL,nA/cm2,12.2272,17.7777,53.5987,168.2162,5.5505,8.94,2,43.47,9.29,0.0125,-0.0288,60.48,62.58,12.2272,17.7777,53.5987,168.2162,5.5505,10.0,False,NOMINAL,HEALTHY,5.12,-28.61
IMA_LOT02_COMP1608,LOT_02,IMAGE_SENSOR,LCC-20,IMA-SIH-2026,IMAGE_SENSOR_DARK_CURRENT_TEST,T02_1608,PROC-ISRO-IISU-01,ATE-STATION-01,CHAMBER-01,1.0,60.0,3.3,168,dark_current_density,OPTICAL,nA/cm2,13.305,19.8941,68.2079,234.6515,6.5891,9.43,5,39.58,8.72,0.0226,0.0233,60.11,62.54,13.305,19.8941,68.2079,234.6515,6.5891,10.0,False,NOMINAL,HEALTHY,42.44,48.81
IMA_LOT02_COMP1609,LOT_02,IMAGE_SENSOR,LCC-20,IMA-SIH-2026,IMAGE_SENSOR_DARK_CURRENT_TEST,T02_1609,PROC-ISRO-IISU-01,ATE-STATION-01,CHAMBER-01,1.0,60.0,3.3,168,dark_current_density,OPTICAL,nA/cm2,13.6694,19.7589,68.2385,223.1955,6.0895,10.02,4,40.81,9.66,-0.0054,-0.0785,62.39,62.01,13.6694,19.7589,68.2385,223.1955,6.0895,10.0,False,NOMINAL,HEALTHY,-43.92,-10.18
IMA_LOT02_COMP1610,LOT_02,IMAGE_SENSOR,LCC-20,IMA-SIH-2026,IMAGE_SENSOR_DARK_CURRENT_TEST,T02_1610,PROC-ISRO-IISU-01,ATE-STATION-01,CHAMBER-01,1.0,60.0,3.3,168,dark_current_density,OPTICAL,nA/cm2,12.1602,14.8464,30.8393,60.577,2.6862,13.82,3,42.77,8.2,-0.0294,-0.0221,61.99,62.08,12.1602,14.8464,30.8393,60.577,2.6862,10.0,False,NOMINAL,HEALTHY,-9.11,-11.23
IMA_LOT02_COMP1611,LOT_02,IMAGE_SENSOR,LCC-20,IMA-SIH-2026,IMAGE_SENSOR_DARK_CURRENT_TEST,T02_1611,PROC-ISRO-IISU-01,ATE-STATION-01,CHAMBER-01,1.0,60.0,3.3,168,dark_current_density,OPTICAL,nA/cm2,12.5,17.5186,41.5456,101.0642,5.0186,8.74,5,40.74,6.94,-0.0139,0.011,60.08,62.27,12.5,17.5186,41.5456,101.0642,5.0186,10.0,False,NOMINAL,HEALTHY,29.22,25.68
IMA_LOT02_COMP1612,LOT_02,IMAGE_SENSOR,LCC-20,IMA-SIH-2026,IMAGE_SENSOR_DARK_CURRENT_TEST,T02_1612,PROC-ISRO-IISU-01,ATE-STATION-01,CHAMBER-01,1.0,60.0,3.3,168,dark_current_density,OPTICAL,nA/cm2,12.3682,18.7102,58.9618,185.3264,6.342,11.49,4,42.74,6.87,0.0274,0.0262,62.04,61.61,12.3682,18.7102,58.9618,185.3264,6.342,10.0,False,NOMINAL,HEALTHY,-28.68,45.32
IMA_LOT02_COMP1613,LOT_02,IMAGE_SENSOR,LCC-20,IMA-SIH-2026,IMAGE_SENSOR_DARK_CURRENT_TEST,T02_1613,PROC-ISRO-IISU-01,ATE-STATION-01,CHAMBER-01,1.0,60.0,3.3,168,dark_current_density,OPTICAL,nA/cm2,12.6073,15.8521,31.0948,60.0745,3.2448,13.4,4,43.3,8.55,-0.0108,0.0073,63.67,62.09,12.6073,15.8521,31.0948,60.0745,3.2448,10.0,False,NOMINAL,HEALTHY,-42.36,-28.1
IMA_LOT02_COMP1614,LOT_02,IMAGE_SENSOR,LCC-20,IMA-SIH-2026,IMAGE_SENSOR_DARK_CURRENT_TEST,T02_1614,PROC-ISRO-IISU-01,ATE-STATION-01,CHAMBER-01,1.0,60.0,3.3,168,dark_current_density,OPTICAL,nA/cm2,13.2729,19.1081,52.6171,138.7348,5.8352,9.8,3,40.58,8.97,0.0243,0.0066,61.95,61.39,13.2729,19.1081,52.6171,138.7348,5.8352,10.0,False,NOMINAL,HEALTHY,8.23,-23.24
IMA_LOT02_COMP1615,LOT_02,IMAGE_SENSOR,LCC-20,IMA-SIH-2026,IMAGE_SENSOR_DARK_CURRENT_TEST,T02_1615,PROC-ISRO-IISU-01,ATE-STATION-01,CHAMBER-01,1.0,60.0,3.3,168,dark_current_density,OPTICAL,nA/cm2,13.1337,19.213,55.5825,164.1224,6.0793,14.87,3,41.04,7.91,-0.012,0.0033,59.46,61.69,13.1337,19.213,55.5825,164.1224,6.0793,10.0,False,NOMINAL,HEALTHY,8.8,-39.82
IMA_LOT02_COMP1616,LOT_02,IMAGE_SENSOR,LCC-20,IMA-SIH-2026,IMAGE_SENSOR_DARK_CURRENT_TEST,T02_1616,PROC-ISRO-IISU-01,ATE-STATION-01,CHAMBER-01,1.0,60.0,3.3,168,dark_current_density,OPTICAL,nA/cm2,12.9834,18.6198,62.1901,204.3572,5.6364,12.99,5,43.57,11.19,0.0176,0.0479,60.77,61.95,12.9834,18.6198,62.1901,204.3572,5.6364,10.0,False,NOMINAL,HEALTHY,35.49,-26.51
IMA_LOT02_COMP1617,LOT_02,IMAGE_SENSOR,LCC-20,IMA-SIH-2026,IMAGE_SENSOR_DARK_CURRENT_TEST,T02_1617,PROC-ISRO-IISU-01,ATE-STATION-01,CHAMBER-01,1.0,60.0,3.3,168,dark_current_density,OPTICAL,nA/cm2,12.8278,18.3081,48.4549,136.5267,5.4803,12.1,6,42.34,10.09,0.029,0.0505,61.2,62.15,12.8278,18.3081,48.4549,136.5267,5.4803,10.0,False,NOMINAL,HEALTHY,43.15,-31.46
IMA_LOT02_COMP1618,LOT_02,IMAGE_SENSOR,LCC-20,IMA-SIH-2026,IMAGE_SENSOR_DARK_CURRENT_TEST,T02_1618,PROC-ISRO-IISU-01,ATE-STATION-01,CHAMBER-01,1.0,60.0,3.3,168,dark_current_density,OPTICAL,nA/cm2,13.0287,18.1449,44.1034,105.7795,5.1162,18.46,5,43.86,9.08,0.0005,0.081,61.27,61.43,13.0287,18.1449,44.1034,105.7795,5.1162,10.0,False,NOMINAL,HEALTHY,42.6,-49.14
IMA_LOT02_COMP1619,LOT_02,IMAGE_SENSOR,LCC-20,IMA-SIH-2026,IMAGE_SENSOR_DARK_CURRENT_TEST,T02_1619,PROC-ISRO-IISU-01,ATE-STATION-01,CHAMBER-01,1.0,60.0,3.3,168,dark_current_density,OPTICAL,nA/cm2,12.5562,19.4438,69.6382,240.8081,6.8876,13.21,5,43.28,8.63,-0.0163,-0.0677,60.38,62.18,12.5562,19.4438,69.6382,240.8081,6.8876,10.0,False,NOMINAL,HEALTHY,5.27,-36.19
IMA_LOT02_COMP1620,LOT_02,IMAGE_SENSOR,LCC-20,IMA-SIH-2026,IMAGE_SENSOR_DARK_CURRENT_TEST,T02_1620,PROC-ISRO-IISU-01,ATE-STATION-01,CHAMBER-01,1.0,60.0,3.3,168,dark_current_density,OPTICAL,nA/cm2,12.8359,18.541,51.0,139.1677,5.7051,8.96,7,44.26,8.08,0.01,0.0844,61.87,61.31,12.8359,18.541,51.0,139.1677,5.7051,10.0,False,NOMINAL,HEALTHY,23.85,22.17
IMA_LOT02_COMP1621,LOT_02,IMAGE_SENSOR,LCC-20,IMA-SIH-2026,IMAGE_SENSOR_DARK_CURRENT_TEST,T02_1621,PROC-ISRO-IISU-01,ATE-STATION-01,CHAMBER-01,1.0,60.0,3.3,168,dark_current_density,OPTICAL,nA/cm2,13.0527,17.0251,35.7074,77.213,3.9724,6.42,3,39.64,7.15,0.0181,0.0174,62.3,62.1,13.0527,17.0251,35.7074,77.213,3.9724,10.0,False,NOMINAL,HEALTHY,19.14,7.28
IMA_LOT02_COMP1622,LOT_02,IMAGE_SENSOR,LCC-20,IMA-SIH-2026,IMAGE_SENSOR_DARK_CURRENT_TEST,T02_1622,PROC-ISRO-IISU-01,ATE-STATION-01,CHAMBER-01,1.0,60.0,3.3,168,dark_current_density,OPTICAL,nA/cm2,12.4266,17.3181,47.2021,131.2012,4.8915,13.62,5,41.77,6.08,0.0522,-0.0657,62.11,62.6,12.4266,17.3181,47.2021,131.2012,4.8915,10.0,False,NOMINAL,HEALTHY,-46.87,49.36
IMA_LOT02_COMP1623,LOT_02,IMAGE_SENSOR,LCC-20,IMA-SIH-2026,IMAGE_SENSOR_DARK_CURRENT_TEST,T02_1623,PROC-ISRO-IISU-01,ATE-STATION-01,CHAMBER-01,1.0,60.0,3.3,168,dark_current_density,OPTICAL,nA/cm2,12.6927,16.8447,37.1267,81.2514,4.152,9.12,8,42.23,7.05,-0.012,-0.0059,60.88,61.31,12.6927,16.8447,37.1267,81.2514,4.152,10.0,False,NOMINAL,HEALTHY,-3.85,8.46
IMA_LOT02_COMP1624,LOT_02,IMAGE_SENSOR,LCC-20,IMA-SIH-2026,IMAGE_SENSOR_DARK_CURRENT_TEST,T02_1624,PROC-ISRO-IISU-01,ATE-STATION-01,CHAMBER-01,1.0,60.0,3.3,168,dark_current_density,OPTICAL,nA/cm2,13.3986,17.4866,35.8513,84.8954,4.088,12.92,9,43.82,6.99,-0.0188,-0.0406,63.24,61.88,13.3986,17.4866,35.8513,84.8954,4.088,10.0,False,NOMINAL,HEALTHY,3.29,37.99
IMA_LOT02_COMP1625,LOT_02,IMAGE_SENSOR,LCC-20,IMA-SIH-2026,IMAGE_SENSOR_DARK_CURRENT_TEST,T02_1625,PROC-ISRO-IISU-01,ATE-STATION-01,CHAMBER-01,1.0,60.0,3.3,168,dark_current_density,OPTICAL,nA/cm2,12.6597,17.1465,36.5429,80.9525,4.4868,14.41,11,41.49,8.08,-0.0058,-0.0003,63.11,61.5,12.6597,17.1465,36.5429,80.9525,4.4868,10.0,False,NOMINAL,HEALTHY,38.86,24.98
IMA_LOT02_COMP1626,LOT_02,IMAGE_SENSOR,LCC-20,IMA-SIH-2026,IMAGE_SENSOR_DARK_CURRENT_TEST,T02_1626,PROC-ISRO-IISU-01,ATE-STATION-01,CHAMBER-01,1.0,60.0,3.3,168,dark_current_density,OPTICAL,nA/cm2,11.5451,17.2901,58.2958,179.9583,5.745,14.18,5,43.01,8.31,-0.0395,-0.0823,60.28,61.82,11.5451,17.2901,58.2958,179.9583,5.745,10.0,False,NOMINAL,HEALTHY,-21.93,-40.97
IMA_LOT02_COMP1627,LOT_02,IMAGE_SENSOR,LCC-20,IMA-SIH-2026,IMAGE_SENSOR_DARK_CURRENT_TEST,T02_1627,PROC-ISRO-IISU-01,ATE-STATION-01,CHAMBER-01,1.0,60.0,3.3,168,dark_current_density,OPTICAL,nA/cm2,12.4617,17.1605,39.0248,85.2434,4.6988,13.49,7,40.49,5.83,-0.0221,-0.0262,62.26,62.04,12.4617,17.1605,39.0248,85.2434,4.6988,10.0,False,NOMINAL,HEALTHY,-48.21,-12.79
IMA_LOT02_COMP1628,LOT_02,IMAGE_SENSOR,LCC-20,IMA-SIH-2026,IMAGE_SENSOR_DARK_CURRENT_TEST,T02_1628,PROC-ISRO-IISU-01,ATE-STATION-01,CHAMBER-01,1.0,60.0,3.3,168,dark_current_density,OPTICAL,nA/cm2,12.9644,16.3854,31.056,56.3697,3.421,10.66,2,37.83,10.25,0.0006,0.0143,61.91,61.49,12.9644,16.3854,31.056,56.3697,3.421,10.0,False,NOMINAL,HEALTHY,-43.99,-44.38
IMA_LOT02_COMP1629,LOT_02,IMAGE_SENSOR,LCC-20,IMA-SIH-2026,IMAGE_SENSOR_DARK_CURRENT_TEST,T02_1629,PROC-ISRO-IISU-01,ATE-STATION-01,CHAMBER-01,1.0,60.0,3.3,168,dark_current_density,OPTICAL,nA/cm2,13.0987,15.7787,31.8777,64.3671,2.68,15.69,6,41.19,5.92,0.014,0.011,61.57,62.47,13.0987,15.7787,31.8777,64.3671,2.68,10.0,False,NOMINAL,HEALTHY,11.19,-15.44
IMA_LOT02_COMP1630,LOT_02,IMAGE_SENSOR,LCC-20,IMA-SIH-2026,IMAGE_SENSOR_DARK_CURRENT_TEST,T02_1630,PROC-ISRO-IISU-01,ATE-STATION-01,CHAMBER-01,1.0,60.0,3.3,168,dark_current_density,OPTICAL,nA/cm2,13.1184,18.228,54.9313,147.2848,5.1096,11.22,6,42.17,6.04,-0.0159,-0.0817,60.33,61.89,13.1184,18.228,54.9313,147.2848,5.1096,10.0,False,NOMINAL,HEALTHY,-19.08,39.24
IMA_LOT02_COMP1631,LOT_02,IMAGE_SENSOR,LCC-20,IMA-SIH-2026,IMAGE_SENSOR_DARK_CURRENT_TEST,T02_1631,PROC-ISRO-IISU-01,ATE-STATION-01,CHAMBER-01,1.0,60.0,3.3,168,dark_current_density,OPTICAL,nA/cm2,13.4032,19.1376,59.3774,189.0119,5.7344,10.09,1,40.41,6.96,-0.0191,-0.0195,63.17,60.98,13.4032,19.1376,59.3774,189.0119,5.7344,10.0,False,NOMINAL,HEALTHY,37.71,37.38
IMA_LOT02_COMP1632,LOT_02,IMAGE_SENSOR,LCC-20,IMA-SIH-2026,IMAGE_SENSOR_DARK_CURRENT_TEST,T02_1632,PROC-ISRO-IISU-01,ATE-STATION-01,CHAMBER-01,1.0,60.0,3.3,168,dark_current_density,OPTICAL,nA/cm2,12.4898,16.6977,37.6621,83.2043,4.2079,11.31,9,42.44,7.59,0.024,0.0272,64.44,62.12,12.4898,16.6977,37.6621,83.2043,4.2079,10.0,False,NOMINAL,HEALTHY,27.62,-16.22
IMA_LOT02_COMP1633,LOT_02,IMAGE_SENSOR,LCC-20,IMA-SIH-2026,IMAGE_SENSOR_DARK_CURRENT_TEST,T02_1633,PROC-ISRO-IISU-01,ATE-STATION-01,CHAMBER-01,1.0,60.0,3.3,168,dark_current_density,OPTICAL,nA/cm2,12.2775,18.1344,54.3289,164.3709,5.8569,10.41,2,43.68,6.83,0.0048,-0.0955,61.29,62.33,12.2775,18.1344,54.3289,164.3709,5.8569,10.0,False,NOMINAL,HEALTHY,12.66,45.66
IMA_LOT02_COMP1634,LOT_02,IMAGE_SENSOR,LCC-20,IMA-SIH-2026,IMAGE_SENSOR_DARK_CURRENT_TEST,T02_1634,PROC-ISRO-IISU-01,ATE-STATION-01,CHAMBER-01,1.0,60.0,3.3,168,dark_current_density,OPTICAL,nA/cm2,12.2111,15.969,32.593,69.0449,3.7579,13.52,4,44.4,6.06,-0.0056,0.0616,61.17,62.86,12.2111,15.969,32.593,69.0449,3.7579,10.0,False,NOMINAL,HEALTHY,-11.48,-8.88
IMA_LOT02_COMP1635,LOT_02,IMAGE_SENSOR,LCC-20,IMA-SIH-2026,IMAGE_SENSOR_DARK_CURRENT_TEST,T02_1635,PROC-ISRO-IISU-01,ATE-STATION-01,CHAMBER-01,1.0,60.0,3.3,168,dark_current_density,OPTICAL,nA/cm2,12.2738,16.6383,41.8804,103.418,4.3645,12.01,7,41.48,10.37,-0.0398,-0.0398,63.79,61.38,12.2738,16.6383,41.8804,103.418,4.3645,10.0,False,NOMINAL,HEALTHY,-38.59,5.9
IMA_LOT02_COMP1636,LOT_02,IMAGE_SENSOR,LCC-20,IMA-SIH-2026,IMAGE_SENSOR_DARK_CURRENT_TEST,T02_1636,PROC-ISRO-IISU-01,ATE-STATION-01,CHAMBER-01,1.0,60.0,3.3,168,dark_current_density,OPTICAL,nA/cm2,11.8074,14.9494,31.239,65.7499,3.142,14.16,6,41.99,9.18,0.0496,0.0552,59.83,62.37,11.8074,14.9494,31.239,65.7499,3.142,10.0,False,NOMINAL,HEALTHY,-3.03,42.59
IMA_LOT02_COMP1637,LOT_02,IMAGE_SENSOR,LCC-20,IMA-SIH-2026,IMAGE_SENSOR_DARK_CURRENT_TEST,T02_1637,PROC-ISRO-IISU-01,ATE-STATION-01,CHAMBER-01,1.0,60.0,3.3,168,dark_current_density,OPTICAL,nA/cm2,12.6476,18.6607,56.2495,174.6924,6.0131,6.65,3,42.63,9.55,-0.0069,-0.0419,63.09,62.14,12.6476,18.6607,56.2495,174.6924,6.0131,10.0,False,NOMINAL,HEALTHY,-3.67,9.86
IMA_LOT02_COMP1638,LOT_02,IMAGE_SENSOR,LCC-20,IMA-SIH-2026,IMAGE_SENSOR_DARK_CURRENT_TEST,T02_1638,PROC-ISRO-IISU-01,ATE-STATION-01,CHAMBER-01,1.0,60.0,3.3,168,dark_current_density,OPTICAL,nA/cm2,12.2832,16.0852,34.4616,71.8156,3.802,14.52,5,40.79,8.12,-0.0242,-0.0996,60.21,62.87,12.2832,16.0852,34.4616,71.8156,3.802,10.0,False,NOMINAL,HEALTHY,34.19,23.79
IMA_LOT02_COMP1639,LOT_02,IMAGE_SENSOR,LCC-20,IMA-SIH-2026,IMAGE_SENSOR_DARK_CURRENT_TEST,T02_1639,PROC-ISRO-IISU-01,ATE-STATION-01,CHAMBER-01,1.0,60.0,3.3,168,dark_current_density,OPTICAL,nA/cm2,13.5243,17.4102,41.1269,92.0228,3.8859,10.24,6,43.02,8.11,-0.0109,-0.0221,64.11,61.54,13.5243,17.4102,41.1269,92.0228,3.8859,10.0,False,NOMINAL,HEALTHY,45.14,24.84
IMA_LOT02_COMP1640,LOT_02,IMAGE_SENSOR,LCC-20,IMA-SIH-2026,IMAGE_SENSOR_DARK_CURRENT_TEST,T02_1640,PROC-ISRO-IISU-01,ATE-STATION-01,CHAMBER-01,1.0,60.0,3.3,168,dark_current_density,OPTICAL,nA/cm2,13.2923,18.3845,47.3247,127.6603,5.0922,12.53,4,40.42,6.48,0.0343,0.1211,60.54,61.94,13.2923,18.3845,47.3247,127.6603,5.0922,10.0,False,NOMINAL,HEALTHY,-6.33,42.8
IMA_LOT02_COMP1641,LOT_02,IMAGE_SENSOR,LCC-20,IMA-SIH-2026,IMAGE_SENSOR_DARK_CURRENT_TEST,T02_1641,PROC-ISRO-IISU-01,ATE-STATION-01,CHAMBER-01,1.0,60.0,3.3,168,dark_current_density,OPTICAL,nA/cm2,11.463,15.5928,31.9597,65.6991,4.1298,17.24,2,41.38,9.12,-0.0164,-0.0399,63.97,61.57,11.463,15.5928,31.9597,65.6991,4.1298,10.0,False,NOMINAL,HEALTHY,2.53,37.22
IMA_LOT02_COMP1642,LOT_02,IMAGE_SENSOR,LCC-20,IMA-SIH-2026,IMAGE_SENSOR_DARK_CURRENT_TEST,T02_1642,PROC-ISRO-IISU-01,ATE-STATION-01,CHAMBER-01,1.0,60.0,3.3,168,dark_current_density,OPTICAL,nA/cm2,12.5499,16.5901,39.5622,95.5994,4.0402,13.76,4,41.39,8.39,-0.0286,-0.0288,63.24,62.04,12.5499,16.5901,39.5622,95.5994,4.0402,10.0,False,NOMINAL,HEALTHY,-10.05,43.79
IMA_LOT02_COMP1643,LOT_02,IMAGE_SENSOR,LCC-20,IMA-SIH-2026,IMAGE_SENSOR_DARK_CURRENT_TEST,T02_1643,PROC-ISRO-IISU-01,ATE-STATION-01,CHAMBER-01,1.0,60.0,3.3,168,dark_current_density,OPTICAL,nA/cm2,13.2871,19.4616,63.5244,205.9405,6.1745,10.78,4,46.13,9.64,0.0314,0.0696,65.47,62.21,13.2871,19.4616,63.5244,205.9405,6.1745,10.0,False,NOMINAL,HEALTHY,-45.98,-34.35
IMA_LOT02_COMP1644,LOT_02,IMAGE_SENSOR,LCC-20,IMA-SIH-2026,IMAGE_SENSOR_DARK_CURRENT_TEST,T02_1644,PROC-ISRO-IISU-01,ATE-STATION-01,CHAMBER-01,1.0,60.0,3.3,168,dark_current_density,OPTICAL,nA/cm2,13.0761,20.5624,65.1574,245.469,7.4863,11.44,4,41.02,6.12,-0.0467,0.0247,61.26,61.92,13.0761,20.5624,65.1574,245.469,7.4863,10.0,False,NOMINAL,HEALTHY,-18.6,-5.19
IMA_LOT02_COMP1645,LOT_02,IMAGE_SENSOR,LCC-20,IMA-SIH-2026,IMAGE_SENSOR_DARK_CURRENT_TEST,T02_1645,PROC-ISRO-IISU-01,ATE-STATION-01,CHAMBER-01,1.0,60.0,3.3,168,dark_current_density,OPTICAL,nA/cm2,12.804,17.3948,44.1106,113.3926,4.5908,7.82,8,39.93,10.14,-0.0431,-0.0532,61.57,61.62,12.804,17.3948,44.1106,113.3926,4.5908,10.0,False,NOMINAL,HEALTHY,-4.05,28.98
IMA_LOT02_COMP1646,LOT_02,IMAGE_SENSOR,LCC-20,IMA-SIH-2026,IMAGE_SENSOR_DARK_CURRENT_TEST,T02_1646,PROC-ISRO-IISU-01,ATE-STATION-01,CHAMBER-01,1.0,60.0,3.3,168,dark_current_density,OPTICAL,nA/cm2,13.3383,16.4139,34.6424,67.9194,3.0756,16.23,2,40.17,8.72,0.0173,-0.0893,58.86,62.42,13.3383,16.4139,34.6424,67.9194,3.0756,10.0,False,NOMINAL,HEALTHY,38.39,-18.93
IMA_LOT02_COMP1647,LOT_02,IMAGE_SENSOR,LCC-20,IMA-SIH-2026,IMAGE_SENSOR_DARK_CURRENT_TEST,T02_1647,PROC-ISRO-IISU-01,ATE-STATION-01,CHAMBER-01,1.0,60.0,3.3,168,dark_current_density,OPTICAL,nA/cm2,14.1684,18.5616,49.3532,137.4735,4.3932,15.12,4,42.68,8.19,-0.0228,-0.0018,62.98,62.11,14.1684,18.5616,49.3532,137.4735,4.3932,10.0,False,NOMINAL,HEALTHY,2.01,2.23
IMA_LOT02_COMP1648,LOT_02,IMAGE_SENSOR,LCC-20,IMA-SIH-2026,IMAGE_SENSOR_DARK_CURRENT_TEST,T02_1648,PROC-ISRO-IISU-01,ATE-STATION-01,CHAMBER-01,1.0,60.0,3.3,168,dark_current_density,OPTICAL,nA/cm2,13.3152,19.1641,63.8437,218.0476,5.8489,12.11,4,42.33,6.65,0.0302,-0.0492,61.79,61.78,13.3152,19.1641,63.8437,218.0476,5.8489,10.0,False,NOMINAL,HEALTHY,-46.63,1.66
IMA_LOT02_COMP1649,LOT_02,IMAGE_SENSOR,LCC-20,IMA-SIH-2026,IMAGE_SENSOR_DARK_CURRENT_TEST,T02_1649,PROC-ISRO-IISU-01,ATE-STATION-01,CHAMBER-01,1.0,60.0,3.3,168,dark_current_density,OPTICAL,nA/cm2,13.664,19.7034,55.7453,163.0401,6.0394,8.62,3,41.4,7.68,-0.0029,0.02,60.35,61.64,13.664,19.7034,55.7453,163.0401,6.0394,10.0,False,NOMINAL,HEALTHY,-29.21,27.41
IMA_LOT02_COMP1650,LOT_02,IMAGE_SENSOR,LCC-20,IMA-SIH-2026,IMAGE_SENSOR_DARK_CURRENT_TEST,T02_1650,PROC-ISRO-IISU-01,ATE-STATION-01,CHAMBER-01,1.0,60.0,3.3,168,dark_current_density,OPTICAL,nA/cm2,12.833,16.2923,33.6881,68.3257,3.4593,13.45,7,45.82,9.22,0.0257,0.0254,61.23,61.77,12.833,16.2923,33.6881,68.3257,3.4593,10.0,False,NOMINAL,HEALTHY,21.69,13.47
IMA_LOT02_COMP1651,LOT_02,IMAGE_SENSOR,LCC-20,IMA-SIH-2026,IMAGE_SENSOR_DARK_CURRENT_TEST,T02_1651,PROC-ISRO-IISU-01,ATE-STATION-01,CHAMBER-01,1.0,60.0,3.3,168,dark_current_density,OPTICAL,nA/cm2,12.3124,16.3512,36.4293,83.5024,4.0388,16.11,4,42.39,8.01,0.0035,-0.0996,61.55,61.47,12.3124,16.3512,36.4293,83.5024,4.0388,10.0,False,NOMINAL,HEALTHY,-20.47,33.15
IMA_LOT02_COMP1652,LOT_02,IMAGE_SENSOR,LCC-20,IMA-SIH-2026,IMAGE_SENSOR_DARK_CURRENT_TEST,T02_1652,PROC-ISRO-IISU-01,ATE-STATION-01,CHAMBER-01,1.0,60.0,3.3,168,dark_current_density,OPTICAL,nA/cm2,12.256,16.1548,40.0593,97.2428,3.8988,7.43,6,40.26,9.13,-0.0244,-0.003,59.25,62.31,12.256,16.1548,40.0593,97.2428,3.8988,10.0,False,NOMINAL,HEALTHY,-49.26,17.84
IMA_LOT02_COMP1653,LOT_02,IMAGE_SENSOR,LCC-20,IMA-SIH-2026,IMAGE_SENSOR_DARK_CURRENT_TEST,T02_1653,PROC-ISRO-IISU-01,ATE-STATION-01,CHAMBER-01,1.0,60.0,3.3,168,dark_current_density,OPTICAL,nA/cm2,12.8585,17.5853,48.45,131.2388,4.7268,8.08,7,40.69,8.26,0.0023,0.059,63.64,62.4,12.8585,17.5853,48.45,131.2388,4.7268,10.0,False,NOMINAL,HEALTHY,0.64,39.32
IMA_LOT02_COMP1654,LOT_02,IMAGE_SENSOR,LCC-20,IMA-SIH-2026,IMAGE_SENSOR_DARK_CURRENT_TEST,T02_1654,PROC-ISRO-IISU-01,ATE-STATION-01,CHAMBER-01,1.0,60.0,3.3,168,dark_current_density,OPTICAL,nA/cm2,13.0466,16.1676,32.0646,58.847,3.121,8.38,3,45.35,8.95,-0.0019,0.0018,59.99,61.8,13.0466,16.1676,32.0646,58.847,3.121,10.0,False,NOMINAL,HEALTHY,12.0,-34.5
IMA_LOT02_COMP1655,LOT_02,IMAGE_SENSOR,LCC-20,IMA-SIH-2026,IMAGE_SENSOR_DARK_CURRENT_TEST,T02_1655,PROC-ISRO-IISU-01,ATE-STATION-01,CHAMBER-01,1.0,60.0,3.3,168,dark_current_density,OPTICAL,nA/cm2,13.2819,17.7079,40.2005,93.7546,4.426,12.57,5,39.56,7.61,0.0441,-0.0104,62.35,62.0,13.2819,17.7079,40.2005,93.7546,4.426,10.0,False,NOMINAL,HEALTHY,43.22,27.13
IMA_LOT02_COMP1656,LOT_02,IMAGE_SENSOR,LCC-20,IMA-SIH-2026,IMAGE_SENSOR_DARK_CURRENT_TEST,T02_1656,PROC-ISRO-IISU-01,ATE-STATION-01,CHAMBER-01,1.0,60.0,3.3,168,dark_current_density,OPTICAL,nA/cm2,12.9306,18.6078,56.5718,175.3856,5.6772,10.35,2,44.91,9.3,0.0147,-0.0048,60.1,62.98,12.9306,18.6078,56.5718,175.3856,5.6772,10.0,False,NOMINAL,HEALTHY,-5.39,-34.23
IMA_LOT02_COMP1657,LOT_02,IMAGE_SENSOR,LCC-20,IMA-SIH-2026,IMAGE_SENSOR_DARK_CURRENT_TEST,T02_1657,PROC-ISRO-IISU-01,ATE-STATION-01,CHAMBER-01,1.0,60.0,3.3,168,dark_current_density,OPTICAL,nA/cm2,12.7545,18.0497,54.5118,159.7286,5.2952,16.87,2,41.97,7.27,0.011,-0.006,64.43,62.11,12.7545,18.0497,54.5118,159.7286,5.2952,10.0,False,NOMINAL,HEALTHY,-1.97,-15.83
IMA_LOT02_COMP1658,LOT_02,IMAGE_SENSOR,LCC-20,IMA-SIH-2026,IMAGE_SENSOR_DARK_CURRENT_TEST,T02_1658,PROC-ISRO-IISU-01,ATE-STATION-01,CHAMBER-01,1.0,60.0,3.3,168,dark_current_density,OPTICAL,nA/cm2,12.5105,15.5918,30.0137,57.8215,3.0813,15.0,3,40.85,10.39,-0.0099,0.0168,62.37,62.72,12.5105,15.5918,30.0137,57.8215,3.0813,10.0,False,NOMINAL,HEALTHY,-37.46,47.29
IMA_LOT02_COMP1659,LOT_02,IMAGE_SENSOR,LCC-20,IMA-SIH-2026,IMAGE_SENSOR_DARK_CURRENT_TEST,T02_1659,PROC-ISRO-IISU-01,ATE-STATION-01,CHAMBER-01,1.0,60.0,3.3,168,dark_current_density,OPTICAL,nA/cm2,12.5675,15.5081,29.4875,56.2602,2.9406,9.88,8,41.1,8.27,0.0078,-0.0623,65.31,61.98,12.5675,15.5081,29.4875,56.2602,2.9406,10.0,False,NOMINAL,HEALTHY,-10.4,-48.03
IMA_LOT02_COMP1660,LOT_02,IMAGE_SENSOR,LCC-20,IMA-SIH-2026,IMAGE_SENSOR_DARK_CURRENT_TEST,T02_1660,PROC-ISRO-IISU-01,ATE-STATION-01,CHAMBER-01,1.0,60.0,3.3,168,dark_current_density,OPTICAL,nA/cm2,13.004,16.3632,32.0645,65.6389,3.3592,9.84,6,45.19,7.49,0.0058,-0.035,60.98,62.36,13.004,16.3632,32.0645,65.6389,3.3592,10.0,False,NOMINAL,HEALTHY,-22.43,-48.06
IMA_LOT02_COMP1661,LOT_02,IMAGE_SENSOR,LCC-20,IMA-SIH-2026,IMAGE_SENSOR_DARK_CURRENT_TEST,T02_1661,PROC-ISRO-IISU-01,ATE-STATION-01,CHAMBER-01,1.0,60.0,3.3,168,dark_current_density,OPTICAL,nA/cm2,12.6739,16.3368,33.642,68.2727,3.6629,13.81,8,39.17,8.0,-0.0278,0.01,61.99,62.32,12.6739,16.3368,33.642,68.2727,3.6629,10.0,False,NOMINAL,HEALTHY,-8.78,12.35
IMA_LOT02_COMP1662,LOT_02,IMAGE_SENSOR,LCC-20,IMA-SIH-2026,IMAGE_SENSOR_DARK_CURRENT_TEST,T02_1662,PROC-ISRO-IISU-01,ATE-STATION-01,CHAMBER-01,1.0,60.0,3.3,168,dark_current_density,OPTICAL,nA/cm2,13.2364,19.5926,89.2085,534.8477,6.3562,11.74,4,41.49,5.23,0.0082,0.0304,63.37,61.46,13.2364,19.5926,89.2085,534.8477,6.3562,10.0,True,DARK_CURRENT_SPIKE_GROWTH,HEALTHY,-3.54,20.56
IMA_LOT02_COMP1663,LOT_02,IMAGE_SENSOR,LCC-20,IMA-SIH-2026,IMAGE_SENSOR_DARK_CURRENT_TEST,T02_1663,PROC-ISRO-IISU-01,ATE-STATION-01,CHAMBER-01,1.0,60.0,3.3,168,dark_current_density,OPTICAL,nA/cm2,13.2839,17.4087,41.0015,99.6763,4.1248,15.07,4,43.72,6.28,0.0001,0.0273,62.55,61.63,13.2839,17.4087,41.0015,99.6763,4.1248,10.0,False,NOMINAL,HEALTHY,46.39,5.79
IMA_LOT02_COMP1664,LOT_02,IMAGE_SENSOR,LCC-20,IMA-SIH-2026,IMAGE_SENSOR_DARK_CURRENT_TEST,T02_1664,PROC-ISRO-IISU-01,ATE-STATION-01,CHAMBER-01,1.0,60.0,3.3,168,dark_current_density,OPTICAL,nA/cm2,46.3242,62.8154,190.4594,576.0366,16.4912,13.77,8,42.87,7.31,0.017,0.0259,63.11,61.54,46.3242,62.8154,190.4594,576.0366,16.4912,10.0,True,SPATIAL_OUTLIER,HEALTHY,-4.04,-34.63
IMA_LOT02_COMP1665,LOT_02,IMAGE_SENSOR,LCC-20,IMA-SIH-2026,IMAGE_SENSOR_DARK_CURRENT_TEST,T02_1665,PROC-ISRO-IISU-01,ATE-STATION-01,CHAMBER-01,1.0,60.0,3.3,168,dark_current_density,OPTICAL,nA/cm2,12.5159,17.0525,42.0864,104.6719,4.5366,16.38,5,44.0,5.7,0.0036,0.0384,62.7,62.37,12.5159,17.0525,42.0864,104.6719,4.5366,10.0,False,NOMINAL,HEALTHY,37.74,-33.8
IMA_LOT02_COMP1666,LOT_02,IMAGE_SENSOR,LCC-20,IMA-SIH-2026,IMAGE_SENSOR_DARK_CURRENT_TEST,T02_1666,PROC-ISRO-IISU-01,ATE-STATION-01,CHAMBER-01,1.0,60.0,3.3,168,dark_current_density,OPTICAL,nA/cm2,11.7479,16.4992,45.4335,122.7269,4.7513,9.93,4,45.83,7.24,0.0113,-0.0251,64.34,61.78,11.7479,16.4992,45.4335,122.7269,4.7513,10.0,False,NOMINAL,HEALTHY,23.29,6.59
IMA_LOT02_COMP1667,LOT_02,IMAGE_SENSOR,LCC-20,IMA-SIH-2026,IMAGE_SENSOR_DARK_CURRENT_TEST,T02_1667,PROC-ISRO-IISU-01,ATE-STATION-01,CHAMBER-01,1.0,60.0,3.3,168,dark_current_density,OPTICAL,nA/cm2,12.4941,16.9856,40.7172,101.872,4.4915,10.78,4,43.19,8.06,-0.0104,-0.0685,61.59,62.49,12.4941,16.9856,40.7172,101.872,4.4915,10.0,False,NOMINAL,HEALTHY,-45.4,-26.75
IMA_LOT02_COMP1668,LOT_02,IMAGE_SENSOR,LCC-20,IMA-SIH-2026,IMAGE_SENSOR_DARK_CURRENT_TEST,T02_1668,PROC-ISRO-IISU-01,ATE-STATION-01,CHAMBER-01,1.0,60.0,3.3,168,dark_current_density,OPTICAL,nA/cm2,13.0699,16.0293,32.2877,69.1145,2.9594,4.69,4,44.73,5.83,-0.0149,-0.0065,60.31,61.54,13.0699,16.0293,32.2877,69.1145,2.9594,10.0,False,NOMINAL,HEALTHY,35.92,-15.67
IMA_LOT02_COMP1669,LOT_02,IMAGE_SENSOR,LCC-20,IMA-SIH-2026,IMAGE_SENSOR_DARK_CURRENT_TEST,T02_1669,PROC-ISRO-IISU-01,ATE-STATION-01,CHAMBER-01,1.0,60.0,3.3,168,dark_current_density,OPTICAL,nA/cm2,12.7416,16.2276,33.4068,64.565,3.486,14.76,4,44.2,6.66,0.002,-0.0612,62.72,61.46,12.7416,16.2276,33.4068,64.565,3.486,10.0,False,NOMINAL,HEALTHY,-32.17,-5.22
IMA_LOT02_COMP1670,LOT_02,IMAGE_SENSOR,LCC-20,IMA-SIH-2026,IMAGE_SENSOR_DARK_CURRENT_TEST,T02_1670,PROC-ISRO-IISU-01,ATE-STATION-01,CHAMBER-01,1.0,60.0,3.3,168,dark_current_density,OPTICAL,nA/cm2,13.3319,18.4337,49.2866,124.6218,5.1018,6.31,4,41.17,7.29,-0.0018,0.048,58.84,62.42,13.3319,18.4337,49.2866,124.6218,5.1018,10.0,False,NOMINAL,HEALTHY,-17.63,8.01
IMA_LOT02_COMP1671,LOT_02,IMAGE_SENSOR,LCC-20,IMA-SIH-2026,IMAGE_SENSOR_DARK_CURRENT_TEST,T02_1671,PROC-ISRO-IISU-01,ATE-STATION-01,CHAMBER-01,1.0,60.0,3.3,168,dark_current_density,OPTICAL,nA/cm2,11.6388,16.3413,46.6219,128.3573,4.7025,18.35,5,42.02,7.24,0.0494,0.1347,59.42,63.1,11.6388,16.3413,46.6219,128.3573,4.7025,10.0,False,NOMINAL,HEALTHY,-9.33,15.84
IMA_LOT02_COMP1672,LOT_02,IMAGE_SENSOR,LCC-20,IMA-SIH-2026,IMAGE_SENSOR_DARK_CURRENT_TEST,T02_1672,PROC-ISRO-IISU-01,ATE-STATION-01,CHAMBER-01,1.0,60.0,3.3,168,dark_current_density,OPTICAL,nA/cm2,13.0407,18.3119,56.0477,161.619,5.2712,12.86,4,42.58,11.03,0.0303,0.0945,64.97,62.22,13.0407,18.3119,56.0477,161.619,5.2712,10.0,False,NOMINAL,HEALTHY,-40.04,-30.2
IMA_LOT02_COMP1673,LOT_02,IMAGE_SENSOR,LCC-20,IMA-SIH-2026,IMAGE_SENSOR_DARK_CURRENT_TEST,T02_1673,PROC-ISRO-IISU-01,ATE-STATION-01,CHAMBER-01,1.0,60.0,3.3,168,dark_current_density,OPTICAL,nA/cm2,12.522,16.2538,34.6454,72.6915,3.7318,11.23,5,45.5,7.02,-0.0338,0.0639,61.13,61.99,12.522,16.2538,34.6454,72.6915,3.7318,10.0,False,NOMINAL,HEALTHY,-15.52,35.7
IMA_LOT02_COMP1674,LOT_02,IMAGE_SENSOR,LCC-20,IMA-SIH-2026,IMAGE_SENSOR_DARK_CURRENT_TEST,T02_1674,PROC-ISRO-IISU-01,ATE-STATION-01,CHAMBER-01,1.0,60.0,3.3,168,dark_current_density,OPTICAL,nA/cm2,12.9084,16.2505,31.7823,62.1521,3.3421,14.23,1,45.07,5.83,0.024,0.1027,66.28,61.87,12.9084,16.2505,31.7823,62.1521,3.3421,10.0,False,NOMINAL,HEALTHY,-13.3,10.18
IMA_LOT02_COMP1675,LOT_02,IMAGE_SENSOR,LCC-20,IMA-SIH-2026,IMAGE_SENSOR_DARK_CURRENT_TEST,T02_1675,PROC-ISRO-IISU-01,ATE-STATION-01,CHAMBER-01,1.0,60.0,3.3,168,dark_current_density,OPTICAL,nA/cm2,13.0035,19.4005,66.2819,216.9527,6.397,15.26,3,43.81,7.5,0.013,0.0371,60.47,61.83,13.0035,19.4005,66.2819,216.9527,6.397,10.0,False,NOMINAL,HEALTHY,-39.29,-41.32
IMA_LOT02_COMP1676,LOT_02,IMAGE_SENSOR,LCC-20,IMA-SIH-2026,IMAGE_SENSOR_DARK_CURRENT_TEST,T02_1676,PROC-ISRO-IISU-01,ATE-STATION-01,CHAMBER-01,1.0,60.0,3.3,168,dark_current_density,OPTICAL,nA/cm2,12.9782,19.7189,65.2958,227.3191,6.7407,14.39,3,44.25,4.99,0.0145,0.0425,61.63,61.92,12.9782,19.7189,65.2958,227.3191,6.7407,10.0,False,NOMINAL,HEALTHY,-41.7,-2.75
IMA_LOT02_COMP1677,LOT_02,IMAGE_SENSOR,LCC-20,IMA-SIH-2026,IMAGE_SENSOR_DARK_CURRENT_TEST,T02_1677,PROC-ISRO-IISU-01,ATE-STATION-01,CHAMBER-01,1.0,60.0,3.3,168,dark_current_density,OPTICAL,nA/cm2,12.6941,17.3418,41.1413,105.3132,4.6477,12.34,5,42.83,8.34,-0.01,0.0625,59.61,61.39,12.6941,17.3418,41.1413,105.3132,4.6477,10.0,False,NOMINAL,HEALTHY,12.16,23.06
IMA_LOT02_COMP1678,LOT_02,IMAGE_SENSOR,LCC-20,IMA-SIH-2026,IMAGE_SENSOR_DARK_CURRENT_TEST,T02_1678,PROC-ISRO-IISU-01,ATE-STATION-01,CHAMBER-01,1.0,60.0,3.3,168,dark_current_density,OPTICAL,nA/cm2,13.0866,17.0389,45.1107,108.1056,3.9523,10.74,4,41.04,8.0,0.0101,-0.0055,65.31,61.81,13.0866,17.0389,45.1107,108.1056,3.9523,10.0,False,NOMINAL,HEALTHY,-18.74,24.39
IMA_LOT02_COMP1679,LOT_02,IMAGE_SENSOR,LCC-20,IMA-SIH-2026,IMAGE_SENSOR_DARK_CURRENT_TEST,T02_1679,PROC-ISRO-IISU-01,ATE-STATION-01,CHAMBER-01,1.0,60.0,3.3,168,dark_current_density,OPTICAL,nA/cm2,12.8222,15.6486,32.9972,63.8772,2.8264,13.6,5,39.51,8.39,0.0008,0.038,61.39,61.98,12.8222,15.6486,32.9972,63.8772,2.8264,10.0,False,NOMINAL,HEALTHY,27.96,-1.87
IMA_LOT02_COMP1680,LOT_02,IMAGE_SENSOR,LCC-20,IMA-SIH-2026,IMAGE_SENSOR_DARK_CURRENT_TEST,T02_1680,PROC-ISRO-IISU-01,ATE-STATION-01,CHAMBER-01,1.0,60.0,3.3,168,dark_current_density,OPTICAL,nA/cm2,12.5585,18.1727,60.8619,193.5193,5.6142,15.36,6,41.3,8.51,0.0029,-0.0263,61.14,61.77,12.5585,18.1727,60.8619,193.5193,5.6142,10.0,False,NOMINAL,HEALTHY,32.47,-23.75
IMA_LOT02_COMP1681,LOT_02,IMAGE_SENSOR,LCC-20,IMA-SIH-2026,IMAGE_SENSOR_DARK_CURRENT_TEST,T02_1681,PROC-ISRO-IISU-01,ATE-STATION-01,CHAMBER-01,1.0,60.0,3.3,168,dark_current_density,OPTICAL,nA/cm2,12.4935,16.1092,36.9593,83.1309,3.6157,12.25,12,44.25,5.78,0.012,-0.0469,62.32,61.33,12.4935,16.1092,36.9593,83.1309,3.6157,10.0,False,NOMINAL,HEALTHY,-39.19,40.54
IMA_LOT02_COMP1682,LOT_02,IMAGE_SENSOR,LCC-20,IMA-SIH-2026,IMAGE_SENSOR_DARK_CURRENT_TEST,T02_1682,PROC-ISRO-IISU-01,ATE-STATION-01,CHAMBER-01,1.0,60.0,3.3,168,dark_current_density,OPTICAL,nA/cm2,12.6849,16.1457,32.0171,64.3969,3.4608,7.94,6,45.53,10.65,-0.0179,-0.0639,61.81,61.68,12.6849,16.1457,32.0171,64.3969,3.4608,10.0,False,NOMINAL,HEALTHY,-2.44,-17.72
IMA_LOT02_COMP1683,LOT_02,IMAGE_SENSOR,LCC-20,IMA-SIH-2026,IMAGE_SENSOR_DARK_CURRENT_TEST,T02_1683,PROC-ISRO-IISU-01,ATE-STATION-01,CHAMBER-01,1.0,60.0,3.3,168,dark_current_density,OPTICAL,nA/cm2,12.7668,17.7817,42.1334,111.3774,5.0149,10.41,5,41.11,5.85,-0.0129,-0.0988,62.6,61.54,12.7668,17.7817,42.1334,111.3774,5.0149,10.0,False,NOMINAL,HEALTHY,-15.4,26.81
IMA_LOT02_COMP1684,LOT_02,IMAGE_SENSOR,LCC-20,IMA-SIH-2026,IMAGE_SENSOR_DARK_CURRENT_TEST,T02_1684,PROC-ISRO-IISU-01,ATE-STATION-01,CHAMBER-01,1.0,60.0,3.3,168,dark_current_density,OPTICAL,nA/cm2,13.8379,17.4052,37.8597,82.3297,3.5673,21.17,1,43.52,8.92,0.0155,0.0408,63.37,61.78,13.8379,17.4052,37.8597,82.3297,3.5673,10.0,False,NOMINAL,HEALTHY,35.85,26.71
IMA_LOT02_COMP1685,LOT_02,IMAGE_SENSOR,LCC-20,IMA-SIH-2026,IMAGE_SENSOR_DARK_CURRENT_TEST,T02_1685,PROC-ISRO-IISU-01,ATE-STATION-01,CHAMBER-01,1.0,60.0,3.3,168,dark_current_density,OPTICAL,nA/cm2,13.4905,18.7846,54.8872,155.7596,5.2941,12.41,5,42.17,7.38,-0.0212,-0.0542,62.36,61.11,13.4905,18.7846,54.8872,155.7596,5.2941,10.0,False,NOMINAL,HEALTHY,16.42,-21.61
IMA_LOT02_COMP1686,LOT_02,IMAGE_SENSOR,LCC-20,IMA-SIH-2026,IMAGE_SENSOR_DARK_CURRENT_TEST,T02_1686,PROC-ISRO-IISU-01,ATE-STATION-01,CHAMBER-01,1.0,60.0,3.3,168,dark_current_density,OPTICAL,nA/cm2,12.7102,16.9987,33.5815,63.9972,4.2885,16.01,0,44.01,7.83,-0.0172,0.0017,62.67,62.5,12.7102,16.9987,33.5815,63.9972,4.2885,10.0,False,NOMINAL,HEALTHY,-37.41,-49.93
IMA_LOT02_COMP1687,LOT_02,IMAGE_SENSOR,LCC-20,IMA-SIH-2026,IMAGE_SENSOR_DARK_CURRENT_TEST,T02_1687,PROC-ISRO-IISU-01,ATE-STATION-01,CHAMBER-01,1.0,60.0,3.3,168,dark_current_density,OPTICAL,nA/cm2,44.3844,60.3771,150.5595,375.4493,15.9927,6.78,9,38.7,11.23,-0.0105,-0.0849,63.39,61.63,44.3844,60.3771,150.5595,375.4493,15.9927,10.0,True,SPATIAL_OUTLIER,HEALTHY,-0.99,-49.03
IMA_LOT02_COMP1688,LOT_02,IMAGE_SENSOR,LCC-20,IMA-SIH-2026,IMAGE_SENSOR_DARK_CURRENT_TEST,T02_1688,PROC-ISRO-IISU-01,ATE-STATION-01,CHAMBER-01,1.0,60.0,3.3,168,dark_current_density,OPTICAL,nA/cm2,12.2852,16.0367,33.0379,68.6588,3.7515,10.6,6,41.57,7.47,-0.0291,-0.0073,63.3,62.07,12.2852,16.0367,33.0379,68.6588,3.7515,10.0,False,NOMINAL,HEALTHY,11.05,5.55
IMA_LOT02_COMP1689,LOT_02,IMAGE_SENSOR,LCC-20,IMA-SIH-2026,IMAGE_SENSOR_DARK_CURRENT_TEST,T02_1689,PROC-ISRO-IISU-01,ATE-STATION-01,CHAMBER-01,1.0,60.0,3.3,168,dark_current_density,OPTICAL,nA/cm2,13.3213,18.3671,56.0604,162.7952,5.0458,13.05,3,40.27,11.23,0.0337,0.0758,62.57,61.91,13.3213,18.3671,56.0604,162.7952,5.0458,10.0,False,NOMINAL,HEALTHY,1.66,-2.75
IMA_LOT02_COMP1690,LOT_02,IMAGE_SENSOR,LCC-20,IMA-SIH-2026,IMAGE_SENSOR_DARK_CURRENT_TEST,T02_1690,PROC-ISRO-IISU-01,ATE-STATION-01,CHAMBER-01,1.0,60.0,3.3,168,dark_current_density,OPTICAL,nA/cm2,12.8912,16.0166,31.6938,60.3085,3.1254,16.5,6,41.36,10.62,-0.0129,0.0322,60.16,61.9,12.8912,16.0166,31.6938,60.3085,3.1254,10.0,True,DIELECTRIC_OSCILLATION,HEALTHY,-23.99,-40.32
IMA_LOT02_COMP1691,LOT_02,IMAGE_SENSOR,LCC-20,IMA-SIH-2026,IMAGE_SENSOR_DARK_CURRENT_TEST,T02_1691,PROC-ISRO-IISU-01,ATE-STATION-01,CHAMBER-01,1.0,60.0,3.3,168,dark_current_density,OPTICAL,nA/cm2,12.462,17.5986,54.379,166.8578,5.1366,13.13,5,41.82,6.42,0.0247,0.0783,62.32,62.91,12.462,17.5986,54.379,166.8578,5.1366,10.0,False,NOMINAL,HEALTHY,-37.19,-49.21
IMA_LOT02_COMP1692,LOT_02,IMAGE_SENSOR,LCC-20,IMA-SIH-2026,IMAGE_SENSOR_DARK_CURRENT_TEST,T02_1692,PROC-ISRO-IISU-01,ATE-STATION-01,CHAMBER-01,1.0,60.0,3.3,168,dark_current_density,OPTICAL,nA/cm2,12.3186,17.7453,51.5904,155.4249,5.4267,11.08,5,41.55,7.18,-0.0081,0.0231,63.02,62.99,12.3186,17.7453,51.5904,155.4249,5.4267,10.0,False,NOMINAL,HEALTHY,-5.34,-6.15
IMA_LOT02_COMP1693,LOT_02,IMAGE_SENSOR,LCC-20,IMA-SIH-2026,IMAGE_SENSOR_DARK_CURRENT_TEST,T02_1693,PROC-ISRO-IISU-01,ATE-STATION-01,CHAMBER-01,1.0,60.0,3.3,168,dark_current_density,OPTICAL,nA/cm2,11.8099,16.3424,47.3443,122.825,4.5325,15.38,4,40.99,7.65,-0.0087,-0.1063,63.12,61.98,11.8099,16.3424,47.3443,122.825,4.5325,10.0,False,NOMINAL,HEALTHY,13.06,-21.19
IMA_LOT02_COMP1694,LOT_02,IMAGE_SENSOR,LCC-20,IMA-SIH-2026,IMAGE_SENSOR_DARK_CURRENT_TEST,T02_1694,PROC-ISRO-IISU-01,ATE-STATION-01,CHAMBER-01,1.0,60.0,3.3,168,dark_current_density,OPTICAL,nA/cm2,12.5741,18.2249,63.9963,219.6915,5.6508,7.41,4,40.82,9.15,0.0194,0.076,62.67,61.77,12.5741,18.2249,63.9963,219.6915,5.6508,10.0,False,NOMINAL,HEALTHY,-41.88,-32.78
IMA_LOT02_COMP1695,LOT_02,IMAGE_SENSOR,LCC-20,IMA-SIH-2026,IMAGE_SENSOR_DARK_CURRENT_TEST,T02_1695,PROC-ISRO-IISU-01,ATE-STATION-01,CHAMBER-01,1.0,60.0,3.3,168,dark_current_density,OPTICAL,nA/cm2,12.9732,18.2482,47.8312,130.167,5.275,10.33,7,43.91,9.69,-0.011,-0.0248,60.14,61.23,12.9732,18.2482,47.8312,130.167,5.275,10.0,False,NOMINAL,HEALTHY,-45.07,2.55
IMA_LOT02_COMP1696,LOT_02,IMAGE_SENSOR,LCC-20,IMA-SIH-2026,IMAGE_SENSOR_DARK_CURRENT_TEST,T02_1696,PROC-ISRO-IISU-01,ATE-STATION-01,CHAMBER-01,1.0,60.0,3.3,168,dark_current_density,OPTICAL,nA/cm2,12.6806,18.6002,58.1497,185.0291,5.9196,10.21,4,41.78,9.24,0.0308,0.0198,59.5,62.07,12.6806,18.6002,58.1497,185.0291,5.9196,10.0,False,NOMINAL,HEALTHY,-23.07,22.36
IMA_LOT02_COMP1697,LOT_02,IMAGE_SENSOR,LCC-20,IMA-SIH-2026,IMAGE_SENSOR_DARK_CURRENT_TEST,T02_1697,PROC-ISRO-IISU-01,ATE-STATION-01,CHAMBER-01,1.0,60.0,3.3,168,dark_current_density,OPTICAL,nA/cm2,12.4955,18.0589,51.0247,144.8027,5.5634,10.49,4,41.29,6.98,-0.0129,-0.01,62.92,62.28,12.4955,18.0589,51.0247,144.8027,5.5634,10.0,False,NOMINAL,HEALTHY,42.85,-45.29
IMA_LOT02_COMP1698,LOT_02,IMAGE_SENSOR,LCC-20,IMA-SIH-2026,IMAGE_SENSOR_DARK_CURRENT_TEST,T02_1698,PROC-ISRO-IISU-01,ATE-STATION-01,CHAMBER-01,1.0,60.0,3.3,168,dark_current_density,OPTICAL,nA/cm2,14.4152,20.7048,70.5605,247.9489,6.2896,18.27,6,43.01,8.88,-0.0369,-0.0901,61.79,62.07,14.4152,20.7048,70.5605,247.9489,6.2896,10.0,False,NOMINAL,HEALTHY,15.23,-27.86
IMA_LOT02_COMP1699,LOT_02,IMAGE_SENSOR,LCC-20,IMA-SIH-2026,IMAGE_SENSOR_DARK_CURRENT_TEST,T02_1699,PROC-ISRO-IISU-01,ATE-STATION-01,CHAMBER-01,1.0,60.0,3.3,168,dark_current_density,OPTICAL,nA/cm2,12.7049,19.1349,63.9175,217.941,6.43,12.79,5,40.06,9.8,-0.0066,0.0405,63.48,62.19,12.7049,19.1349,63.9175,217.941,6.43,10.0,False,NOMINAL,HEALTHY,6.37,-9.55
IMA_LOT02_COMP1700,LOT_02,IMAGE_SENSOR,LCC-20,IMA-SIH-2026,IMAGE_SENSOR_DARK_CURRENT_TEST,T02_1700,PROC-ISRO-IISU-01,ATE-STATION-01,CHAMBER-01,1.0,60.0,3.3,168,dark_current_density,OPTICAL,nA/cm2,12.5746,17.7712,47.1918,123.0417,5.1966,14.06,8,43.68,7.19,-0.005,0.0398,62.86,61.85,12.5746,17.7712,47.1918,123.0417,5.1966,10.0,False,NOMINAL,HEALTHY,11.24,-18.61
IMA_LOT02_COMP1701,LOT_02,IMAGE_SENSOR,LCC-20,IMA-SIH-2026,IMAGE_SENSOR_DARK_CURRENT_TEST,T02_1701,PROC-ISRO-IISU-01,ATE-STATION-01,CHAMBER-01,1.0,60.0,3.3,168,dark_current_density,OPTICAL,nA/cm2,12.5735,18.6429,65.8617,242.398,6.0694,7.41,8,41.16,9.34,0.0002,0.0173,62.31,61.92,12.5735,18.6429,65.8617,242.398,6.0694,10.0,False,NOMINAL,HEALTHY,46.82,-46.01
IMA_LOT02_COMP1702,LOT_02,IMAGE_SENSOR,LCC-20,IMA-SIH-2026,IMAGE_SENSOR_DARK_CURRENT_TEST,T02_1702,PROC-ISRO-IISU-01,ATE-STATION-01,CHAMBER-01,1.0,60.0,3.3,168,dark_current_density,OPTICAL,nA/cm2,12.6001,17.955,49.1676,142.1182,5.3549,10.8,7,43.33,8.4,0.0103,0.0323,61.06,62.39,12.6001,17.955,49.1676,142.1182,5.3549,10.0,False,NOMINAL,HEALTHY,-20.84,39.68
IMA_LOT02_COMP1703,LOT_02,IMAGE_SENSOR,LCC-20,IMA-SIH-2026,IMAGE_SENSOR_DARK_CURRENT_TEST,T02_1703,PROC-ISRO-IISU-01,ATE-STATION-01,CHAMBER-01,1.0,60.0,3.3,168,dark_current_density,OPTICAL,nA/cm2,12.6008,17.4254,41.7036,92.7352,4.8246,15.59,2,43.74,4.34,0.0072,-0.0261,61.58,61.61,12.6008,17.4254,41.7036,92.7352,4.8246,10.0,False,NOMINAL,HEALTHY,8.1,13.06
IMA_LOT02_COMP1704,LOT_02,IMAGE_SENSOR,LCC-20,IMA-SIH-2026,IMAGE_SENSOR_DARK_CURRENT_TEST,T02_1704,PROC-ISRO-IISU-01,ATE-STATION-01,CHAMBER-01,1.0,60.0,3.3,168,dark_current_density,OPTICAL,nA/cm2,12.9978,18.7311,85.389,463.1896,5.7333,17.04,6,42.94,4.7,0.0102,0.0035,63.79,62.01,12.9978,18.7311,85.389,463.1896,5.7333,10.0,True,DARK_CURRENT_SPIKE_GROWTH,HEALTHY,38.39,-8.1
IMA_LOT02_COMP1705,LOT_02,IMAGE_SENSOR,LCC-20,IMA-SIH-2026,IMAGE_SENSOR_DARK_CURRENT_TEST,T02_1705,PROC-ISRO-IISU-01,ATE-STATION-01,CHAMBER-01,1.0,60.0,3.3,168,dark_current_density,OPTICAL,nA/cm2,12.6631,18.1453,55.9137,172.5627,5.4822,12.57,4,45.56,9.19,0.024,-0.0781,61.6,61.93,12.6631,18.1453,55.9137,172.5627,5.4822,10.0,False,NOMINAL,HEALTHY,4.07,0.57
IMA_LOT02_COMP1706,LOT_02,IMAGE_SENSOR,LCC-20,IMA-SIH-2026,IMAGE_SENSOR_DARK_CURRENT_TEST,T02_1706,PROC-ISRO-IISU-01,ATE-STATION-01,CHAMBER-01,1.0,60.0,3.3,168,dark_current_density,OPTICAL,nA/cm2,11.9875,18.3666,63.414,234.5124,6.3791,9.17,6,39.17,10.1,0.0252,0.0031,63.08,62.21,11.9875,18.3666,63.414,234.5124,6.3791,10.0,False,NOMINAL,HEALTHY,-4.12,4.56
IMA_LOT02_COMP1707,LOT_02,IMAGE_SENSOR,LCC-20,IMA-SIH-2026,IMAGE_SENSOR_DARK_CURRENT_TEST,T02_1707,PROC-ISRO-IISU-01,ATE-STATION-01,CHAMBER-01,1.0,60.0,3.3,168,dark_current_density,OPTICAL,nA/cm2,12.4039,16.1787,34.5425,74.5571,3.7748,9.55,3,40.66,6.17,-0.0053,-0.0112,60.12,61.44,12.4039,16.1787,34.5425,74.5571,3.7748,10.0,False,NOMINAL,HEALTHY,-13.19,-16.71
IMA_LOT02_COMP1708,LOT_02,IMAGE_SENSOR,LCC-20,IMA-SIH-2026,IMAGE_SENSOR_DARK_CURRENT_TEST,T02_1708,PROC-ISRO-IISU-01,ATE-STATION-01,CHAMBER-01,1.0,60.0,3.3,168,dark_current_density,OPTICAL,nA/cm2,13.0122,18.1195,55.5329,160.4907,5.1073,11.84,3,44.82,9.4,0.0028,-0.036,58.65,61.93,13.0122,18.1195,55.5329,160.4907,5.1073,10.0,False,NOMINAL,HEALTHY,-39.03,18.76
IMA_LOT02_COMP1709,LOT_02,IMAGE_SENSOR,LCC-20,IMA-SIH-2026,IMAGE_SENSOR_DARK_CURRENT_TEST,T02_1709,PROC-ISRO-IISU-01,ATE-STATION-01,CHAMBER-01,1.0,60.0,3.3,168,dark_current_density,OPTICAL,nA/cm2,12.2585,18.7303,61.4145,201.3393,6.4718,15.61,3,41.53,6.67,0.0164,0.0511,61.65,62.1,12.2585,18.7303,61.4145,201.3393,6.4718,10.0,False,NOMINAL,HEALTHY,22.67,-49.74
IMA_LOT02_COMP1710,LOT_02,IMAGE_SENSOR,LCC-20,IMA-SIH-2026,IMAGE_SENSOR_DARK_CURRENT_TEST,T02_1710,PROC-ISRO-IISU-01,ATE-STATION-01,CHAMBER-01,1.0,60.0,3.3,168,dark_current_density,OPTICAL,nA/cm2,11.5426,17.1036,54.5268,172.4522,5.561,9.05,9,45.46,6.97,0.0221,0.0153,62.08,60.84,11.5426,17.1036,54.5268,172.4522,5.561,10.0,False,NOMINAL,HEALTHY,-19.67,-27.48
IMA_LOT02_COMP1711,LOT_02,IMAGE_SENSOR,LCC-20,IMA-SIH-2026,IMAGE_SENSOR_DARK_CURRENT_TEST,T02_1711,PROC-ISRO-IISU-01,ATE-STATION-01,CHAMBER-01,1.0,60.0,3.3,168,dark_current_density,OPTICAL,nA/cm2,12.2975,16.2997,37.9273,89.1796,4.0022,12.85,4,47.0,6.8,-0.0309,0.0692,61.64,61.18,12.2975,16.2997,37.9273,89.1796,4.0022,10.0,False,NOMINAL,HEALTHY,19.62,44.04
IMA_LOT02_COMP1712,LOT_02,IMAGE_SENSOR,LCC-20,IMA-SIH-2026,IMAGE_SENSOR_DARK_CURRENT_TEST,T02_1712,PROC-ISRO-IISU-01,ATE-STATION-01,CHAMBER-01,1.0,60.0,3.3,168,dark_current_density,OPTICAL,nA/cm2,12.554,16.4057,43.6545,111.5554,3.8517,14.64,5,46.34,5.7,0.0109,0.061,62.53,61.0,12.554,16.4057,43.6545,111.5554,3.8517,10.0,False,NOMINAL,HEALTHY,-21.29,40.22
IMA_LOT02_COMP1713,LOT_02,IMAGE_SENSOR,LCC-20,IMA-SIH-2026,IMAGE_SENSOR_DARK_CURRENT_TEST,T02_1713,PROC-ISRO-IISU-01,ATE-STATION-01,CHAMBER-01,1.0,60.0,3.3,168,dark_current_density,OPTICAL,nA/cm2,11.8626,17.3342,54.7926,175.2904,5.4716,11.11,1,45.27,10.8,-0.0061,-0.0845,61.23,61.22,11.8626,17.3342,54.7926,175.2904,5.4716,10.0,False,NOMINAL,HEALTHY,-11.79,38.59
IMA_LOT02_COMP1714,LOT_02,IMAGE_SENSOR,LCC-20,IMA-SIH-2026,IMAGE_SENSOR_DARK_CURRENT_TEST,T02_1714,PROC-ISRO-IISU-01,ATE-STATION-01,CHAMBER-01,1.0,60.0,3.3,168,dark_current_density,OPTICAL,nA/cm2,12.8866,17.6351,46.6835,128.4709,4.7485,13.14,8,41.3,8.67,0.0266,-0.1143,63.89,62.3,12.8866,17.6351,46.6835,128.4709,4.7485,10.0,False,NOMINAL,HEALTHY,-49.53,-48.76
IMA_LOT02_COMP1715,LOT_02,IMAGE_SENSOR,LCC-20,IMA-SIH-2026,IMAGE_SENSOR_DARK_CURRENT_TEST,T02_1715,PROC-ISRO-IISU-01,ATE-STATION-01,CHAMBER-01,1.0,60.0,3.3,168,dark_current_density,OPTICAL,nA/cm2,13.4313,16.3985,35.3338,75.9729,2.9672,12.31,7,44.7,7.14,0.0376,-0.002,61.75,61.84,13.4313,16.3985,35.3338,75.9729,2.9672,10.0,False,NOMINAL,HEALTHY,-30.99,-28.35
IMA_LOT02_COMP1716,LOT_02,IMAGE_SENSOR,LCC-20,IMA-SIH-2026,IMAGE_SENSOR_DARK_CURRENT_TEST,T02_1716,PROC-ISRO-IISU-01,ATE-STATION-01,CHAMBER-01,1.0,60.0,3.3,168,dark_current_density,OPTICAL,nA/cm2,12.1717,15.9934,35.7912,76.3661,3.8217,17.1,5,43.37,8.56,-0.0069,0.0006,60.38,61.61,12.1717,15.9934,35.7912,76.3661,3.8217,10.0,False,NOMINAL,HEALTHY,-2.6,-48.89
IMA_LOT02_COMP1717,LOT_02,IMAGE_SENSOR,LCC-20,IMA-SIH-2026,IMAGE_SENSOR_DARK_CURRENT_TEST,T02_1717,PROC-ISRO-IISU-01,ATE-STATION-01,CHAMBER-01,1.0,60.0,3.3,168,dark_current_density,OPTICAL,nA/cm2,12.1936,18.826,205.934,2134.6401,6.6324,11.34,6,43.65,10.55,0.0382,0.0316,60.59,61.29,12.1936,18.826,205.934,2134.6401,6.6324,10.0,True,THERMAL_RUNAWAY,HEALTHY,12.77,-27.38
IMA_LOT02_COMP1718,LOT_02,IMAGE_SENSOR,LCC-20,IMA-SIH-2026,IMAGE_SENSOR_DARK_CURRENT_TEST,T02_1718,PROC-ISRO-IISU-01,ATE-STATION-01,CHAMBER-01,1.0,60.0,3.3,168,dark_current_density,OPTICAL,nA/cm2,12.9366,18.9923,62.7179,227.2872,6.0557,8.74,4,46.56,7.5,-0.001,-0.1027,62.52,61.71,12.9366,18.9923,62.7179,227.2872,6.0557,10.0,False,NOMINAL,HEALTHY,3.01,-12.19
IMA_LOT02_COMP1719,LOT_02,IMAGE_SENSOR,LCC-20,IMA-SIH-2026,IMAGE_SENSOR_DARK_CURRENT_TEST,T02_1719,PROC-ISRO-IISU-01,ATE-STATION-01,CHAMBER-01,1.0,60.0,3.3,168,dark_current_density,OPTICAL,nA/cm2,13.0744,16.2781,32.3859,63.2063,3.2037,12.44,3,43.01,6.14,0.0142,0.0341,61.72,61.73,13.0744,16.2781,32.3859,63.2063,3.2037,10.0,False,NOMINAL,HEALTHY,-23.75,-3.55
IMA_LOT02_COMP1720,LOT_02,IMAGE_SENSOR,LCC-20,IMA-SIH-2026,IMAGE_SENSOR_DARK_CURRENT_TEST,T02_1720,PROC-ISRO-IISU-01,ATE-STATION-01,CHAMBER-01,1.0,60.0,3.3,168,dark_current_density,OPTICAL,nA/cm2,12.2716,15.5577,30.8115,60.7792,3.2861,10.63,6,41.75,8.79,0.0139,0.011,64.15,61.33,12.2716,15.5577,30.8115,60.7792,3.2861,10.0,False,NOMINAL,HEALTHY,6.93,-23.06
IMA_LOT02_COMP1721,LOT_02,IMAGE_SENSOR,LCC-20,IMA-SIH-2026,IMAGE_SENSOR_DARK_CURRENT_TEST,T02_1721,PROC-ISRO-IISU-01,ATE-STATION-01,CHAMBER-01,1.0,60.0,3.3,168,dark_current_density,OPTICAL,nA/cm2,12.631,16.3309,35.0518,72.645,3.6999,7.85,2,40.68,7.7,0.0012,-0.0138,64.59,61.38,12.631,16.3309,35.0518,72.645,3.6999,10.0,False,NOMINAL,HEALTHY,32.72,-31.87
IMA_LOT02_COMP1722,LOT_02,IMAGE_SENSOR,LCC-20,IMA-SIH-2026,IMAGE_SENSOR_DARK_CURRENT_TEST,T02_1722,PROC-ISRO-IISU-01,ATE-STATION-01,CHAMBER-01,1.0,60.0,3.3,168,dark_current_density,OPTICAL,nA/cm2,12.9729,16.8624,33.8011,70.3663,3.8895,6.67,7,37.49,9.48,0.0232,0.0376,62.97,62.48,12.9729,16.8624,33.8011,70.3663,3.8895,10.0,False,NOMINAL,HEALTHY,-32.15,-9.53
IMA_LOT02_COMP1723,LOT_02,IMAGE_SENSOR,LCC-20,IMA-SIH-2026,IMAGE_SENSOR_DARK_CURRENT_TEST,T02_1723,PROC-ISRO-IISU-01,ATE-STATION-01,CHAMBER-01,1.0,60.0,3.3,168,dark_current_density,OPTICAL,nA/cm2,12.6227,18.3256,53.572,158.9045,5.7029,14.16,6,42.98,8.17,-0.0058,-0.0264,58.14,61.94,12.6227,18.3256,53.572,158.9045,5.7029,10.0,False,NOMINAL,HEALTHY,41.92,17.67
IMA_LOT02_COMP1724,LOT_02,IMAGE_SENSOR,LCC-20,IMA-SIH-2026,IMAGE_SENSOR_DARK_CURRENT_TEST,T02_1724,PROC-ISRO-IISU-01,ATE-STATION-01,CHAMBER-01,1.0,60.0,3.3,168,dark_current_density,OPTICAL,nA/cm2,11.9323,15.3473,32.9729,69.9665,3.415,10.82,11,45.04,7.6,0.0259,0.0853,61.36,60.98,11.9323,15.3473,32.9729,69.9665,3.415,10.0,False,NOMINAL,HEALTHY,-6.47,38.42
IMA_LOT02_COMP1725,LOT_02,IMAGE_SENSOR,LCC-20,IMA-SIH-2026,IMAGE_SENSOR_DARK_CURRENT_TEST,T02_1725,PROC-ISRO-IISU-01,ATE-STATION-01,CHAMBER-01,1.0,60.0,3.3,168,dark_current_density,OPTICAL,nA/cm2,12.5782,17.3872,55.6806,169.2216,4.809,13.5,7,41.33,7.09,-0.0007,0.0545,62.54,62.18,12.5782,17.3872,55.6806,169.2216,4.809,10.0,False,NOMINAL,HEALTHY,48.73,-2.82
IMA_LOT02_COMP1726,LOT_02,IMAGE_SENSOR,LCC-20,IMA-SIH-2026,IMAGE_SENSOR_DARK_CURRENT_TEST,T02_1726,PROC-ISRO-IISU-01,ATE-STATION-01,CHAMBER-01,1.0,60.0,3.3,168,dark_current_density,OPTICAL,nA/cm2,12.4457,17.232,51.4079,143.1869,4.7863,9.75,10,40.3,5.75,0.0084,-0.0832,60.23,61.97,12.4457,17.232,51.4079,143.1869,4.7863,10.0,False,NOMINAL,HEALTHY,-14.74,-36.31
IMA_LOT02_COMP1727,LOT_02,IMAGE_SENSOR,LCC-20,IMA-SIH-2026,IMAGE_SENSOR_DARK_CURRENT_TEST,T02_1727,PROC-ISRO-IISU-01,ATE-STATION-01,CHAMBER-01,1.0,60.0,3.3,168,dark_current_density,OPTICAL,nA/cm2,12.4922,17.1181,44.359,118.3116,4.6259,18.82,3,40.22,6.72,0.0175,0.1176,62.8,61.22,12.4922,17.1181,44.359,118.3116,4.6259,10.0,False,NOMINAL,HEALTHY,-44.2,11.22
IMA_LOT02_COMP1728,LOT_02,IMAGE_SENSOR,LCC-20,IMA-SIH-2026,IMAGE_SENSOR_DARK_CURRENT_TEST,T02_1728,PROC-ISRO-IISU-01,ATE-STATION-01,CHAMBER-01,1.0,60.0,3.3,168,dark_current_density,OPTICAL,nA/cm2,11.8386,18.5336,63.5184,219.6101,6.695,15.37,4,46.39,7.2,-0.0323,0.0204,63.93,62.27,11.8386,18.5336,63.5184,219.6101,6.695,10.0,False,NOMINAL,HEALTHY,-7.33,5.4
IMA_LOT02_COMP1729,LOT_02,IMAGE_SENSOR,LCC-20,IMA-SIH-2026,IMAGE_SENSOR_DARK_CURRENT_TEST,T02_1729,PROC-ISRO-IISU-01,ATE-STATION-01,CHAMBER-01,1.0,60.0,3.3,168,dark_current_density,OPTICAL,nA/cm2,12.0885,17.2344,42.3867,105.1755,5.1459,6.1,3,45.44,7.93,0.0156,0.0584,59.69,61.64,12.0885,17.2344,42.3867,105.1755,5.1459,10.0,False,NOMINAL,HEALTHY,-2.57,20.06
IMA_LOT02_COMP1730,LOT_02,IMAGE_SENSOR,LCC-20,IMA-SIH-2026,IMAGE_SENSOR_DARK_CURRENT_TEST,T02_1730,PROC-ISRO-IISU-01,ATE-STATION-01,CHAMBER-01,1.0,60.0,3.3,168,dark_current_density,OPTICAL,nA/cm2,12.8717,15.7813,31.5346,58.0928,2.9096,9.38,2,40.27,7.65,-0.0236,0.0897,61.88,62.04,12.8717,15.7813,31.5346,58.0928,2.9096,10.0,True,DIELECTRIC_OSCILLATION,HEALTHY,46.11,-45.98
IMA_LOT02_COMP1731,LOT_02,IMAGE_SENSOR,LCC-20,IMA-SIH-2026,IMAGE_SENSOR_DARK_CURRENT_TEST,T02_1731,PROC-ISRO-IISU-01,ATE-STATION-01,CHAMBER-01,1.0,60.0,3.3,168,dark_current_density,OPTICAL,nA/cm2,13.5997,18.8237,51.3232,142.0483,5.224,13.58,5,42.75,7.78,-0.0355,-0.1268,61.85,61.44,13.5997,18.8237,51.3232,142.0483,5.224,10.0,False,NOMINAL,HEALTHY,-20.78,-14.46
IMA_LOT02_COMP1732,LOT_02,IMAGE_SENSOR,LCC-20,IMA-SIH-2026,IMAGE_SENSOR_DARK_CURRENT_TEST,T02_1732,PROC-ISRO-IISU-01,ATE-STATION-01,CHAMBER-01,1.0,60.0,3.3,168,dark_current_density,OPTICAL,nA/cm2,12.4101,15.7678,31.8072,64.2084,3.3577,14.91,10,43.75,7.0,0.0253,0.1086,62.84,62.33,12.4101,15.7678,31.8072,64.2084,3.3577,10.0,False,NOMINAL,HEALTHY,-40.59,8.05
IMA_LOT02_COMP1733,LOT_02,IMAGE_SENSOR,LCC-20,IMA-SIH-2026,IMAGE_SENSOR_DARK_CURRENT_TEST,T02_1733,PROC-ISRO-IISU-01,ATE-STATION-01,CHAMBER-01,1.0,60.0,3.3,168,dark_current_density,OPTICAL,nA/cm2,13.5731,19.1866,59.2959,191.6693,5.6135,12.85,4,45.39,8.26,0.0385,0.0415,61.98,61.36,13.5731,19.1866,59.2959,191.6693,5.6135,10.0,False,NOMINAL,HEALTHY,-20.72,-9.38
IMA_LOT02_COMP1734,LOT_02,IMAGE_SENSOR,LCC-20,IMA-SIH-2026,IMAGE_SENSOR_DARK_CURRENT_TEST,T02_1734,PROC-ISRO-IISU-01,ATE-STATION-01,CHAMBER-01,1.0,60.0,3.3,168,dark_current_density,OPTICAL,nA/cm2,12.6929,17.9925,52.812,147.4079,5.2996,11.21,0,38.6,8.95,0.0285,0.12,62.12,61.49,12.6929,17.9925,52.812,147.4079,5.2996,10.0,False,NOMINAL,HEALTHY,-9.44,39.93
IMA_LOT02_COMP1735,LOT_02,IMAGE_SENSOR,LCC-20,IMA-SIH-2026,IMAGE_SENSOR_DARK_CURRENT_TEST,T02_1735,PROC-ISRO-IISU-01,ATE-STATION-01,CHAMBER-01,1.0,60.0,3.3,168,dark_current_density,OPTICAL,nA/cm2,12.4017,15.7562,32.8819,68.6047,3.3545,9.63,3,41.57,7.07,-0.0023,-0.1033,63.68,61.97,12.4017,15.7562,32.8819,68.6047,3.3545,10.0,False,NOMINAL,HEALTHY,33.36,-39.21
IMA_LOT02_COMP1736,LOT_02,IMAGE_SENSOR,LCC-20,IMA-SIH-2026,IMAGE_SENSOR_DARK_CURRENT_TEST,T02_1736,PROC-ISRO-IISU-01,ATE-STATION-01,CHAMBER-01,1.0,60.0,3.3,168,dark_current_density,OPTICAL,nA/cm2,13.1657,17.6347,38.9433,85.1402,4.469,3.52,0,42.73,12.09,-0.0206,0.0686,62.55,62.08,13.1657,17.6347,38.9433,85.1402,4.469,10.0,False,NOMINAL,HEALTHY,-46.87,-45.19
IMA_LOT02_COMP1737,LOT_02,IMAGE_SENSOR,LCC-20,IMA-SIH-2026,IMAGE_SENSOR_DARK_CURRENT_TEST,T02_1737,PROC-ISRO-IISU-01,ATE-STATION-01,CHAMBER-01,1.0,60.0,3.3,168,dark_current_density,OPTICAL,nA/cm2,12.6239,16.5873,43.2422,114.1641,3.9634,13.18,4,40.91,9.98,-0.0208,0.0287,62.92,62.3,12.6239,16.5873,43.2422,114.1641,3.9634,10.0,False,NOMINAL,HEALTHY,4.02,40.0
IMA_LOT02_COMP1738,LOT_02,IMAGE_SENSOR,LCC-20,IMA-SIH-2026,IMAGE_SENSOR_DARK_CURRENT_TEST,T02_1738,PROC-ISRO-IISU-01,ATE-STATION-01,CHAMBER-01,1.0,60.0,3.3,168,dark_current_density,OPTICAL,nA/cm2,12.303,17.9385,48.5178,134.5811,5.6355,9.44,6,40.6,6.1,0.0015,0.0542,60.15,61.61,12.303,17.9385,48.5178,134.5811,5.6355,10.0,False,NOMINAL,HEALTHY,-24.3,17.89
IMA_LOT02_COMP1739,LOT_02,IMAGE_SENSOR,LCC-20,IMA-SIH-2026,IMAGE_SENSOR_DARK_CURRENT_TEST,T02_1739,PROC-ISRO-IISU-01,ATE-STATION-01,CHAMBER-01,1.0,60.0,3.3,168,dark_current_density,OPTICAL,nA/cm2,13.4127,17.7321,45.4636,116.2088,4.3194,16.01,6,43.36,9.13,-0.0106,-0.1007,60.15,62.56,13.4127,17.7321,45.4636,116.2088,4.3194,10.0,False,NOMINAL,HEALTHY,-4.68,-21.92
IMA_LOT02_COMP1740,LOT_02,IMAGE_SENSOR,LCC-20,IMA-SIH-2026,IMAGE_SENSOR_DARK_CURRENT_TEST,T02_1740,PROC-ISRO-IISU-01,ATE-STATION-01,CHAMBER-01,1.0,60.0,3.3,168,dark_current_density,OPTICAL,nA/cm2,12.5206,15.7437,33.1139,65.6885,3.2231,8.38,2,41.21,6.92,-0.0329,-0.0297,61.59,61.55,12.5206,15.7437,33.1139,65.6885,3.2231,10.0,False,NOMINAL,HEALTHY,-7.41,-27.71
IMA_LOT02_COMP1741,LOT_02,IMAGE_SENSOR,LCC-20,IMA-SIH-2026,IMAGE_SENSOR_DARK_CURRENT_TEST,T02_1741,PROC-ISRO-IISU-01,ATE-STATION-01,CHAMBER-01,1.0,60.0,3.3,168,dark_current_density,OPTICAL,nA/cm2,12.2711,17.1906,45.4841,122.0959,4.9195,14.73,7,46.41,6.49,0.0063,-0.0362,63.0,61.35,12.2711,17.1906,45.4841,122.0959,4.9195,10.0,False,NOMINAL,HEALTHY,1.92,-10.08
IMA_LOT02_COMP1742,LOT_02,IMAGE_SENSOR,LCC-20,IMA-SIH-2026,IMAGE_SENSOR_DARK_CURRENT_TEST,T02_1742,PROC-ISRO-IISU-01,ATE-STATION-01,CHAMBER-01,1.0,60.0,3.3,168,dark_current_density,OPTICAL,nA/cm2,13.5518,19.2096,58.6654,174.7092,5.6578,14.05,5,40.43,9.07,-0.03,-0.05,60.63,61.07,13.5518,19.2096,58.6654,174.7092,5.6578,10.0,False,NOMINAL,HEALTHY,-46.73,-13.53
IMA_LOT02_COMP1743,LOT_02,IMAGE_SENSOR,LCC-20,IMA-SIH-2026,IMAGE_SENSOR_DARK_CURRENT_TEST,T02_1743,PROC-ISRO-IISU-01,ATE-STATION-01,CHAMBER-01,1.0,60.0,3.3,168,dark_current_density,OPTICAL,nA/cm2,12.9132,17.4121,36.5724,76.5401,4.4989,12.13,4,44.04,7.59,-0.0192,0.0689,63.39,62.33,12.9132,17.4121,36.5724,76.5401,4.4989,10.0,False,NOMINAL,HEALTHY,3.87,-20.21
IMA_LOT02_COMP1744,LOT_02,IMAGE_SENSOR,LCC-20,IMA-SIH-2026,IMAGE_SENSOR_DARK_CURRENT_TEST,T02_1744,PROC-ISRO-IISU-01,ATE-STATION-01,CHAMBER-01,1.0,60.0,3.3,168,dark_current_density,OPTICAL,nA/cm2,12.8793,17.5522,40.8353,95.1186,4.6729,15.4,6,37.83,10.18,0.0119,-0.0596,58.7,62.08,12.8793,17.5522,40.8353,95.1186,4.6729,10.0,False,NOMINAL,HEALTHY,13.4,31.25
IMA_LOT02_COMP1745,LOT_02,IMAGE_SENSOR,LCC-20,IMA-SIH-2026,IMAGE_SENSOR_DARK_CURRENT_TEST,T02_1745,PROC-ISRO-IISU-01,ATE-STATION-01,CHAMBER-01,1.0,60.0,3.3,168,dark_current_density,OPTICAL,nA/cm2,13.4123,20.4058,66.5228,234.6072,6.9935,15.29,8,42.86,6.18,0.0025,-0.0217,62.76,62.5,13.4123,20.4058,66.5228,234.6072,6.9935,10.0,False,NOMINAL,HEALTHY,-5.87,17.71
IMA_LOT02_COMP1746,LOT_02,IMAGE_SENSOR,LCC-20,IMA-SIH-2026,IMAGE_SENSOR_DARK_CURRENT_TEST,T02_1746,PROC-ISRO-IISU-01,ATE-STATION-01,CHAMBER-01,1.0,60.0,3.3,168,dark_current_density,OPTICAL,nA/cm2,12.803,16.665,37.8627,91.2999,3.862,12.99,4,40.77,9.49,-0.0013,-0.0328,60.13,62.94,12.803,16.665,37.8627,91.2999,3.862,10.0,False,NOMINAL,HEALTHY,-23.89,-9.12
IMA_LOT02_COMP1747,LOT_02,IMAGE_SENSOR,LCC-20,IMA-SIH-2026,IMAGE_SENSOR_DARK_CURRENT_TEST,T02_1747,PROC-ISRO-IISU-01,ATE-STATION-01,CHAMBER-01,1.0,60.0,3.3,168,dark_current_density,OPTICAL,nA/cm2,13.317,18.1067,42.0469,91.2455,4.7897,13.17,2,38.8,8.68,0.0487,0.0324,60.55,61.56,13.317,18.1067,42.0469,91.2455,4.7897,10.0,False,NOMINAL,HEALTHY,-13.85,-38.65
IMA_LOT02_COMP1748,LOT_02,IMAGE_SENSOR,LCC-20,IMA-SIH-2026,IMAGE_SENSOR_DARK_CURRENT_TEST,T02_1748,PROC-ISRO-IISU-01,ATE-STATION-01,CHAMBER-01,1.0,60.0,3.3,168,dark_current_density,OPTICAL,nA/cm2,12.5281,18.0773,56.2568,172.6925,5.5492,12.77,5,43.82,7.73,0.0118,0.1038,59.8,62.12,12.5281,18.0773,56.2568,172.6925,5.5492,10.0,False,NOMINAL,HEALTHY,44.65,-10.38
IMA_LOT02_COMP1749,LOT_02,IMAGE_SENSOR,LCC-20,IMA-SIH-2026,IMAGE_SENSOR_DARK_CURRENT_TEST,T02_1749,PROC-ISRO-IISU-01,ATE-STATION-01,CHAMBER-01,1.0,60.0,3.3,168,dark_current_density,OPTICAL,nA/cm2,12.8462,18.2546,55.2453,167.3067,5.4084,13.66,6,41.81,8.77,0.0187,-0.0415,62.68,61.2,12.8462,18.2546,55.2453,167.3067,5.4084,10.0,False,NOMINAL,HEALTHY,17.39,11.86
IMA_LOT02_COMP1750,LOT_02,IMAGE_SENSOR,LCC-20,IMA-SIH-2026,IMAGE_SENSOR_DARK_CURRENT_TEST,T02_1750,PROC-ISRO-IISU-01,ATE-STATION-01,CHAMBER-01,1.0,60.0,3.3,168,dark_current_density,OPTICAL,nA/cm2,12.0408,15.4302,29.7937,58.2096,3.3894,10.66,5,43.27,6.86,-0.0051,0.0172,61.03,62.55,12.0408,15.4302,29.7937,58.2096,3.3894,10.0,False,NOMINAL,HEALTHY,47.15,-41.88
IMA_LOT02_COMP1751,LOT_02,IMAGE_SENSOR,LCC-20,IMA-SIH-2026,IMAGE_SENSOR_DARK_CURRENT_TEST,T02_1751,PROC-ISRO-IISU-01,ATE-STATION-01,CHAMBER-01,1.0,60.0,3.3,168,dark_current_density,OPTICAL,nA/cm2,12.9833,18.7113,51.9359,148.072,5.728,7.29,5,43.78,6.35,0.0131,-0.0882,64.21,62.55,12.9833,18.7113,51.9359,148.072,5.728,10.0,False,NOMINAL,HEALTHY,13.81,-19.7
IMA_LOT02_COMP1752,LOT_02,IMAGE_SENSOR,LCC-20,IMA-SIH-2026,IMAGE_SENSOR_DARK_CURRENT_TEST,T02_1752,PROC-ISRO-IISU-01,ATE-STATION-01,CHAMBER-01,1.0,60.0,3.3,168,dark_current_density,OPTICAL,nA/cm2,12.9958,17.2309,41.5182,97.513,4.2351,15.17,7,41.1,5.86,0.0117,-0.0826,63.48,62.46,12.9958,17.2309,41.5182,97.513,4.2351,10.0,False,NOMINAL,HEALTHY,-2.79,-33.37
IMA_LOT02_COMP1753,LOT_02,IMAGE_SENSOR,LCC-20,IMA-SIH-2026,IMAGE_SENSOR_DARK_CURRENT_TEST,T02_1753,PROC-ISRO-IISU-01,ATE-STATION-01,CHAMBER-01,1.0,60.0,3.3,168,dark_current_density,OPTICAL,nA/cm2,12.6132,15.592,29.5564,59.4828,2.9788,5.0,5,41.11,7.16,-0.0001,0.037,62.26,62.51,12.6132,15.592,29.5564,59.4828,2.9788,10.0,False,NOMINAL,HEALTHY,49.88,10.69
IMA_LOT02_COMP1754,LOT_02,IMAGE_SENSOR,LCC-20,IMA-SIH-2026,IMAGE_SENSOR_DARK_CURRENT_TEST,T02_1754,PROC-ISRO-IISU-01,ATE-STATION-01,CHAMBER-01,1.0,60.0,3.3,168,dark_current_density,OPTICAL,nA/cm2,12.9718,19.1636,69.7047,234.6587,6.1918,11.61,6,43.72,7.56,-0.0157,-0.0037,64.7,62.61,12.9718,19.1636,69.7047,234.6587,6.1918,10.0,False,NOMINAL,HEALTHY,29.31,6.45
IMA_LOT02_COMP1755,LOT_02,IMAGE_SENSOR,LCC-20,IMA-SIH-2026,IMAGE_SENSOR_DARK_CURRENT_TEST,T02_1755,PROC-ISRO-IISU-01,ATE-STATION-01,CHAMBER-01,1.0,60.0,3.3,168,dark_current_density,OPTICAL,nA/cm2,12.4885,18.6038,67.237,246.27,6.1153,5.96,3,44.54,8.83,-0.0057,-0.0124,62.6,62.41,12.4885,18.6038,67.237,246.27,6.1153,10.0,False,NOMINAL,HEALTHY,-20.24,-38.21
IMA_LOT02_COMP1756,LOT_02,IMAGE_SENSOR,LCC-20,IMA-SIH-2026,IMAGE_SENSOR_DARK_CURRENT_TEST,T02_1756,PROC-ISRO-IISU-01,ATE-STATION-01,CHAMBER-01,1.0,60.0,3.3,168,dark_current_density,OPTICAL,nA/cm2,12.7051,16.2991,39.9145,98.2027,3.594,14.38,4,44.59,6.76,-0.0069,-0.0663,61.92,62.68,12.7051,16.2991,39.9145,98.2027,3.594,10.0,False,NOMINAL,HEALTHY,46.32,1.0
IMA_LOT02_COMP1757,LOT_02,IMAGE_SENSOR,LCC-20,IMA-SIH-2026,IMAGE_SENSOR_DARK_CURRENT_TEST,T02_1757,PROC-ISRO-IISU-01,ATE-STATION-01,CHAMBER-01,1.0,60.0,3.3,168,dark_current_density,OPTICAL,nA/cm2,12.669,16.0976,32.524,67.2191,3.4286,10.16,4,41.53,6.92,-0.014,0.0051,64.22,61.96,12.669,16.0976,32.524,67.2191,3.4286,10.0,False,NOMINAL,HEALTHY,25.8,-46.72
IMA_LOT02_COMP1758,LOT_02,IMAGE_SENSOR,LCC-20,IMA-SIH-2026,IMAGE_SENSOR_DARK_CURRENT_TEST,T02_1758,PROC-ISRO-IISU-01,ATE-STATION-01,CHAMBER-01,1.0,60.0,3.3,168,dark_current_density,OPTICAL,nA/cm2,12.0633,15.4731,30.3149,57.4657,3.4098,13.56,6,39.94,9.9,0.0243,0.1171,61.44,61.88,12.0633,15.4731,30.3149,57.4657,3.4098,10.0,False,NOMINAL,HEALTHY,-17.4,-2.34
IMA_LOT02_COMP1759,LOT_02,IMAGE_SENSOR,LCC-20,IMA-SIH-2026,IMAGE_SENSOR_DARK_CURRENT_TEST,T02_1759,PROC-ISRO-IISU-01,ATE-STATION-01,CHAMBER-01,1.0,60.0,3.3,168,dark_current_density,OPTICAL,nA/cm2,12.2828,17.5362,59.1692,178.8756,5.2534,11.53,3,39.83,6.91,0.0245,0.0368,61.65,61.97,12.2828,17.5362,59.1692,178.8756,5.2534,10.0,False,NOMINAL,HEALTHY,-24.67,-24.4
IMA_LOT02_COMP1760,LOT_02,IMAGE_SENSOR,LCC-20,IMA-SIH-2026,IMAGE_SENSOR_DARK_CURRENT_TEST,T02_1760,PROC-ISRO-IISU-01,ATE-STATION-01,CHAMBER-01,1.0,60.0,3.3,168,dark_current_density,OPTICAL,nA/cm2,12.8874,18.4544,52.8204,151.6286,5.567,14.72,8,44.38,8.59,0.0217,-0.1109,62.56,62.44,12.8874,18.4544,52.8204,151.6286,5.567,10.0,False,NOMINAL,HEALTHY,37.19,-28.82
IMA_LOT02_COMP1761,LOT_02,IMAGE_SENSOR,LCC-20,IMA-SIH-2026,IMAGE_SENSOR_DARK_CURRENT_TEST,T02_1761,PROC-ISRO-IISU-01,ATE-STATION-01,CHAMBER-01,1.0,60.0,3.3,168,dark_current_density,OPTICAL,nA/cm2,12.1349,16.1579,36.3784,78.5472,4.023,13.55,9,44.52,6.73,-0.0445,0.0177,60.83,62.05,12.1349,16.1579,36.3784,78.5472,4.023,10.0,False,NOMINAL,HEALTHY,-16.8,-40.82
IMA_LOT02_COMP1762,LOT_02,IMAGE_SENSOR,LCC-20,IMA-SIH-2026,IMAGE_SENSOR_DARK_CURRENT_TEST,T02_1762,PROC-ISRO-IISU-01,ATE-STATION-01,CHAMBER-01,1.0,60.0,3.3,168,dark_current_density,OPTICAL,nA/cm2,12.2866,18.2418,64.253,231.4382,5.9552,16.4,6,44.02,11.0,-0.0042,-0.0276,60.97,62.16,12.2866,18.2418,64.253,231.4382,5.9552,10.0,False,NOMINAL,HEALTHY,41.77,21.01
IMA_LOT02_COMP1763,LOT_02,IMAGE_SENSOR,LCC-20,IMA-SIH-2026,IMAGE_SENSOR_DARK_CURRENT_TEST,T02_1763,PROC-ISRO-IISU-01,ATE-STATION-01,CHAMBER-01,1.0,60.0,3.3,168,dark_current_density,OPTICAL,nA/cm2,12.6289,17.3135,49.2353,142.0461,4.6846,8.51,5,40.6,7.76,0.014,0.0521,60.47,62.32,12.6289,17.3135,49.2353,142.0461,4.6846,10.0,False,NOMINAL,HEALTHY,-17.36,-7.44
IMA_LOT02_COMP1764,LOT_02,IMAGE_SENSOR,LCC-20,IMA-SIH-2026,IMAGE_SENSOR_DARK_CURRENT_TEST,T02_1764,PROC-ISRO-IISU-01,ATE-STATION-01,CHAMBER-01,1.0,60.0,3.3,168,dark_current_density,OPTICAL,nA/cm2,13.2586,18.7409,47.7533,131.2157,5.4823,9.39,4,44.22,9.65,-0.0012,-0.035,59.08,62.51,13.2586,18.7409,47.7533,131.2157,5.4823,10.0,False,NOMINAL,HEALTHY,49.91,25.56
IMA_LOT02_COMP1765,LOT_02,IMAGE_SENSOR,LCC-20,IMA-SIH-2026,IMAGE_SENSOR_DARK_CURRENT_TEST,T02_1765,PROC-ISRO-IISU-01,ATE-STATION-01,CHAMBER-01,1.0,60.0,3.3,168,dark_current_density,OPTICAL,nA/cm2,13.4951,19.1941,48.6616,128.559,5.699,11.82,8,39.52,7.46,-0.005,0.0431,62.0,61.76,13.4951,19.1941,48.6616,128.559,5.699,10.0,False,NOMINAL,HEALTHY,34.5,-22.07
IMA_LOT02_COMP1766,LOT_02,IMAGE_SENSOR,LCC-20,IMA-SIH-2026,IMAGE_SENSOR_DARK_CURRENT_TEST,T02_1766,PROC-ISRO-IISU-01,ATE-STATION-01,CHAMBER-01,1.0,60.0,3.3,168,dark_current_density,OPTICAL,nA/cm2,12.9832,18.7599,44.4206,118.2438,5.7767,15.41,8,39.4,7.85,0.0203,0.0616,61.82,62.58,12.9832,18.7599,44.4206,118.2438,5.7767,10.0,False,NOMINAL,HEALTHY,10.93,17.3
IMA_LOT02_COMP1767,LOT_02,IMAGE_SENSOR,LCC-20,IMA-SIH-2026,IMAGE_SENSOR_DARK_CURRENT_TEST,T02_1767,PROC-ISRO-IISU-01,ATE-STATION-01,CHAMBER-01,1.0,60.0,3.3,168,dark_current_density,OPTICAL,nA/cm2,12.6374,18.6665,55.9513,164.0329,6.0291,11.7,9,39.44,7.92,0.0295,0.0666,60.86,61.52,12.6374,18.6665,55.9513,164.0329,6.0291,10.0,False,NOMINAL,HEALTHY,34.5,41.28
IMA_LOT02_COMP1768,LOT_02,IMAGE_SENSOR,LCC-20,IMA-SIH-2026,IMAGE_SENSOR_DARK_CURRENT_TEST,T02_1768,PROC-ISRO-IISU-01,ATE-STATION-01,CHAMBER-01,1.0,60.0,3.3,168,dark_current_density,OPTICAL,nA/cm2,11.7145,16.8906,41.7245,99.2446,5.1761,10.03,7,42.91,9.08,0.0061,-0.0703,63.4,62.53,11.7145,16.8906,41.7245,99.2446,5.1761,10.0,False,NOMINAL,HEALTHY,-47.25,28.79
IMA_LOT02_COMP1769,LOT_02,IMAGE_SENSOR,LCC-20,IMA-SIH-2026,IMAGE_SENSOR_DARK_CURRENT_TEST,T02_1769,PROC-ISRO-IISU-01,ATE-STATION-01,CHAMBER-01,1.0,60.0,3.3,168,dark_current_density,OPTICAL,nA/cm2,12.5795,17.6858,49.375,144.5254,5.1063,9.71,6,40.72,8.46,0.0147,0.0052,62.39,62.11,12.5795,17.6858,49.375,144.5254,5.1063,10.0,False,NOMINAL,HEALTHY,-30.77,11.59
IMA_LOT02_COMP1770,LOT_02,IMAGE_SENSOR,LCC-20,IMA-SIH-2026,IMAGE_SENSOR_DARK_CURRENT_TEST,T02_1770,PROC-ISRO-IISU-01,ATE-STATION-01,CHAMBER-01,1.0,60.0,3.3,168,dark_current_density,OPTICAL,nA/cm2,12.0249,16.7236,71.6264,352.5289,4.6987,8.38,6,44.89,6.65,0.0268,0.0447,62.2,62.58,12.0249,16.7236,71.6264,352.5289,4.6987,10.0,True,DARK_CURRENT_SPIKE_GROWTH,HEALTHY,29.47,7.13
IMA_LOT02_COMP1771,LOT_02,IMAGE_SENSOR,LCC-20,IMA-SIH-2026,IMAGE_SENSOR_DARK_CURRENT_TEST,T02_1771,PROC-ISRO-IISU-01,ATE-STATION-01,CHAMBER-01,1.0,60.0,3.3,168,dark_current_density,OPTICAL,nA/cm2,12.6424,15.972,33.545,66.563,3.3296,14.76,8,43.98,9.0,-0.013,0.0284,60.73,61.98,12.6424,15.972,33.545,66.563,3.3296,10.0,False,NOMINAL,HEALTHY,3.34,41.46
IMA_LOT02_COMP1772,LOT_02,IMAGE_SENSOR,LCC-20,IMA-SIH-2026,IMAGE_SENSOR_DARK_CURRENT_TEST,T02_1772,PROC-ISRO-IISU-01,ATE-STATION-01,CHAMBER-01,1.0,60.0,3.3,168,dark_current_density,OPTICAL,nA/cm2,13.2597,20.446,73.056,262.7817,7.1863,15.04,6,44.09,9.33,0.0343,0.0507,64.84,62.75,13.2597,20.446,73.056,262.7817,7.1863,10.0,False,NOMINAL,HEALTHY,-3.68,-32.39
IMA_LOT02_COMP1773,LOT_02,IMAGE_SENSOR,LCC-20,IMA-SIH-2026,IMAGE_SENSOR_DARK_CURRENT_TEST,T02_1773,PROC-ISRO-IISU-01,ATE-STATION-01,CHAMBER-01,1.0,60.0,3.3,168,dark_current_density,OPTICAL,nA/cm2,12.6283,19.0056,63.0873,216.168,6.3773,9.93,6,42.67,7.56,-0.0162,-0.0331,60.44,62.67,12.6283,19.0056,63.0873,216.168,6.3773,10.0,False,NOMINAL,HEALTHY,24.23,-32.94
IMA_LOT02_COMP1774,LOT_02,IMAGE_SENSOR,LCC-20,IMA-SIH-2026,IMAGE_SENSOR_DARK_CURRENT_TEST,T02_1774,PROC-ISRO-IISU-01,ATE-STATION-01,CHAMBER-01,1.0,60.0,3.3,168,dark_current_density,OPTICAL,nA/cm2,12.6494,18.9985,57.1793,178.3768,6.3491,9.62,7,37.85,9.64,0.0012,0.0001,59.55,61.85,12.6494,18.9985,57.1793,178.3768,6.3491,10.0,False,NOMINAL,HEALTHY,-14.21,35.49
IMA_LOT02_COMP1775,LOT_02,IMAGE_SENSOR,LCC-20,IMA-SIH-2026,IMAGE_SENSOR_DARK_CURRENT_TEST,T02_1775,PROC-ISRO-IISU-01,ATE-STATION-01,CHAMBER-01,1.0,60.0,3.3,168,dark_current_density,OPTICAL,nA/cm2,12.0465,18.4065,62.912,234.0486,6.36,14.54,5,42.28,9.77,-0.0269,-0.058,63.16,62.7,12.0465,18.4065,62.912,234.0486,6.36,10.0,False,NOMINAL,HEALTHY,36.65,0.14
IMA_LOT02_COMP1776,LOT_02,IMAGE_SENSOR,LCC-20,IMA-SIH-2026,IMAGE_SENSOR_DARK_CURRENT_TEST,T02_1776,PROC-ISRO-IISU-01,ATE-STATION-01,CHAMBER-01,1.0,60.0,3.3,168,dark_current_density,OPTICAL,nA/cm2,12.0269,17.1349,45.2568,118.8306,5.108,13.09,7,40.38,7.17,-0.0102,-0.0484,63.82,62.55,12.0269,17.1349,45.2568,118.8306,5.108,10.0,False,NOMINAL,HEALTHY,14.89,6.49
IMA_LOT02_COMP1777,LOT_02,IMAGE_SENSOR,LCC-20,IMA-SIH-2026,IMAGE_SENSOR_DARK_CURRENT_TEST,T02_1777,PROC-ISRO-IISU-01,ATE-STATION-01,CHAMBER-01,1.0,60.0,3.3,168,dark_current_density,OPTICAL,nA/cm2,12.882,18.0023,41.6529,95.5617,5.1203,10.4,7,42.7,8.51,0.0159,-0.0426,61.94,61.54,12.882,18.0023,41.6529,95.5617,5.1203,10.0,False,NOMINAL,HEALTHY,45.68,-16.63
IMA_LOT02_COMP1778,LOT_02,IMAGE_SENSOR,LCC-20,IMA-SIH-2026,IMAGE_SENSOR_DARK_CURRENT_TEST,T02_1778,PROC-ISRO-IISU-01,ATE-STATION-01,CHAMBER-01,1.0,60.0,3.3,168,dark_current_density,OPTICAL,nA/cm2,12.8051,19.9237,71.2217,242.6094,7.1186,10.97,2,45.32,9.63,-0.028,0.015,61.22,61.96,12.8051,19.9237,71.2217,242.6094,7.1186,10.0,False,NOMINAL,HEALTHY,-29.06,-12.84
IMA_LOT02_COMP1779,LOT_02,IMAGE_SENSOR,LCC-20,IMA-SIH-2026,IMAGE_SENSOR_DARK_CURRENT_TEST,T02_1779,PROC-ISRO-IISU-01,ATE-STATION-01,CHAMBER-01,1.0,60.0,3.3,168,dark_current_density,OPTICAL,nA/cm2,12.9262,18.2185,56.7511,162.1105,5.2923,5.53,7,40.79,8.72,0.0194,0.1108,62.5,62.34,12.9262,18.2185,56.7511,162.1105,5.2923,10.0,False,NOMINAL,HEALTHY,2.93,-37.76
IMA_LOT02_COMP1780,LOT_02,IMAGE_SENSOR,LCC-20,IMA-SIH-2026,IMAGE_SENSOR_DARK_CURRENT_TEST,T02_1780,PROC-ISRO-IISU-01,ATE-STATION-01,CHAMBER-01,1.0,60.0,3.3,168,dark_current_density,OPTICAL,nA/cm2,11.6448,15.4321,31.9732,67.6126,3.7873,8.14,3,44.8,7.84,0.0254,0.0592,62.35,61.25,11.6448,15.4321,31.9732,67.6126,3.7873,10.0,False,NOMINAL,HEALTHY,5.71,-16.46
IMA_LOT02_COMP1781,LOT_02,IMAGE_SENSOR,LCC-20,IMA-SIH-2026,IMAGE_SENSOR_DARK_CURRENT_TEST,T02_1781,PROC-ISRO-IISU-01,ATE-STATION-01,CHAMBER-01,1.0,60.0,3.3,168,dark_current_density,OPTICAL,nA/cm2,12.5414,19.217,68.426,236.0795,6.6756,17.94,8,45.74,6.43,0.008,0.0056,60.14,61.53,12.5414,19.217,68.426,236.0795,6.6756,10.0,False,NOMINAL,HEALTHY,34.0,21.29
IMA_LOT02_COMP1782,LOT_02,IMAGE_SENSOR,LCC-20,IMA-SIH-2026,IMAGE_SENSOR_DARK_CURRENT_TEST,T02_1782,PROC-ISRO-IISU-01,ATE-STATION-01,CHAMBER-01,1.0,60.0,3.3,168,dark_current_density,OPTICAL,nA/cm2,12.7139,18.9481,62.2163,192.1675,6.2342,12.17,5,41.25,5.72,-0.0446,-0.1433,62.8,61.9,12.7139,18.9481,62.2163,192.1675,6.2342,10.0,False,NOMINAL,HEALTHY,-2.08,35.89
IMA_LOT02_COMP1783,LOT_02,IMAGE_SENSOR,LCC-20,IMA-SIH-2026,IMAGE_SENSOR_DARK_CURRENT_TEST,T02_1783,PROC-ISRO-IISU-01,ATE-STATION-01,CHAMBER-01,1.0,60.0,3.3,168,dark_current_density,OPTICAL,nA/cm2,13.0402,17.45,44.2133,112.5632,4.4098,13.88,6,44.73,8.44,0.0158,-0.0235,63.71,62.88,13.0402,17.45,44.2133,112.5632,4.4098,10.0,False,NOMINAL,HEALTHY,45.98,42.36
IMA_LOT02_COMP1784,LOT_02,IMAGE_SENSOR,LCC-20,IMA-SIH-2026,IMAGE_SENSOR_DARK_CURRENT_TEST,T02_1784,PROC-ISRO-IISU-01,ATE-STATION-01,CHAMBER-01,1.0,60.0,3.3,168,dark_current_density,OPTICAL,nA/cm2,12.4777,17.2296,39.577,96.2613,4.7519,12.52,6,42.67,7.46,0.012,0.0348,59.66,62.99,12.4777,17.2296,39.577,96.2613,4.7519,10.0,False,NOMINAL,HEALTHY,-47.12,-26.06
IMA_LOT02_COMP1785,LOT_02,IMAGE_SENSOR,LCC-20,IMA-SIH-2026,IMAGE_SENSOR_DARK_CURRENT_TEST,T02_1785,PROC-ISRO-IISU-01,ATE-STATION-01,CHAMBER-01,1.0,60.0,3.3,168,dark_current_density,OPTICAL,nA/cm2,12.6524,16.34,36.3289,78.7621,3.6876,12.44,5,45.89,6.51,-0.0049,0.0187,62.32,62.14,12.6524,16.34,36.3289,78.7621,3.6876,10.0,False,NOMINAL,HEALTHY,-33.71,-17.54
IMA_LOT02_COMP1786,LOT_02,IMAGE_SENSOR,LCC-20,IMA-SIH-2026,IMAGE_SENSOR_DARK_CURRENT_TEST,T02_1786,PROC-ISRO-IISU-01,ATE-STATION-01,CHAMBER-01,1.0,60.0,3.3,168,dark_current_density,OPTICAL,nA/cm2,12.721,15.6534,39.5473,95.0227,2.9324,9.84,6,40.45,9.36,-0.0056,0.0113,61.18,62.42,12.721,15.6534,39.5473,95.0227,2.9324,10.0,False,NOMINAL,HEALTHY,-35.57,1.17
IMA_LOT02_COMP1787,LOT_02,IMAGE_SENSOR,LCC-20,IMA-SIH-2026,IMAGE_SENSOR_DARK_CURRENT_TEST,T02_1787,PROC-ISRO-IISU-01,ATE-STATION-01,CHAMBER-01,1.0,60.0,3.3,168,dark_current_density,OPTICAL,nA/cm2,13.5503,18.9721,57.2683,171.5163,5.4218,10.78,7,45.01,7.64,-0.008,-0.0023,62.17,61.64,13.5503,18.9721,57.2683,171.5163,5.4218,10.0,False,NOMINAL,HEALTHY,-38.2,39.44
IMA_LOT02_COMP1788,LOT_02,IMAGE_SENSOR,LCC-20,IMA-SIH-2026,IMAGE_SENSOR_DARK_CURRENT_TEST,T02_1788,PROC-ISRO-IISU-01,ATE-STATION-01,CHAMBER-01,1.0,60.0,3.3,168,dark_current_density,OPTICAL,nA/cm2,13.4825,18.0819,38.367,88.9157,4.5994,12.16,1,39.55,5.32,0.0026,-0.089,62.26,61.37,13.4825,18.0819,38.367,88.9157,4.5994,10.0,False,NOMINAL,HEALTHY,-19.16,23.88
IMA_LOT02_COMP1789,LOT_02,IMAGE_SENSOR,LCC-20,IMA-SIH-2026,IMAGE_SENSOR_DARK_CURRENT_TEST,T02_1789,PROC-ISRO-IISU-01,ATE-STATION-01,CHAMBER-01,1.0,60.0,3.3,168,dark_current_density,OPTICAL,nA/cm2,11.2872,17.3204,162.7544,1608.9781,6.0332,12.65,3,41.65,6.36,-0.0038,-0.0723,60.07,62.13,11.2872,17.3204,162.7544,1608.9781,6.0332,10.0,True,THERMAL_RUNAWAY,HEALTHY,-8.29,-38.03
IMA_LOT02_COMP1790,LOT_02,IMAGE_SENSOR,LCC-20,IMA-SIH-2026,IMAGE_SENSOR_DARK_CURRENT_TEST,T02_1790,PROC-ISRO-IISU-01,ATE-STATION-01,CHAMBER-01,1.0,60.0,3.3,168,dark_current_density,OPTICAL,nA/cm2,13.3212,16.9868,36.5547,82.5902,3.6656,7.41,7,39.08,7.73,-0.0067,-0.0182,62.46,62.56,13.3212,16.9868,36.5547,82.5902,3.6656,10.0,False,NOMINAL,HEALTHY,-8.34,23.28
IMA_LOT02_COMP1791,LOT_02,IMAGE_SENSOR,LCC-20,IMA-SIH-2026,IMAGE_SENSOR_DARK_CURRENT_TEST,T02_1791,PROC-ISRO-IISU-01,ATE-STATION-01,CHAMBER-01,1.0,60.0,3.3,168,dark_current_density,OPTICAL,nA/cm2,13.1022,19.2058,56.6413,174.4467,6.1036,5.74,3,41.59,6.96,0.023,0.114,62.81,62.22,13.1022,19.2058,56.6413,174.4467,6.1036,10.0,True,DIELECTRIC_OSCILLATION,HEALTHY,25.02,-17.54
IMA_LOT02_COMP1792,LOT_02,IMAGE_SENSOR,LCC-20,IMA-SIH-2026,IMAGE_SENSOR_DARK_CURRENT_TEST,T02_1792,PROC-ISRO-IISU-01,ATE-STATION-01,CHAMBER-01,1.0,60.0,3.3,168,dark_current_density,OPTICAL,nA/cm2,11.9777,14.81,32.2715,65.0135,2.8323,12.63,6,39.79,7.03,-0.0185,-0.0329,60.05,62.15,11.9777,14.81,32.2715,65.0135,2.8323,10.0,False,NOMINAL,HEALTHY,27.09,43.77
IMA_LOT02_COMP1793,LOT_02,IMAGE_SENSOR,LCC-20,IMA-SIH-2026,IMAGE_SENSOR_DARK_CURRENT_TEST,T02_1793,PROC-ISRO-IISU-01,ATE-STATION-01,CHAMBER-01,1.0,60.0,3.3,168,dark_current_density,OPTICAL,nA/cm2,12.2596,18.1427,56.809,180.6214,5.8831,14.41,6,46.06,10.27,-0.0001,-0.0563,61.08,61.46,12.2596,18.1427,56.809,180.6214,5.8831,10.0,False,NOMINAL,HEALTHY,33.14,42.47
IMA_LOT02_COMP1794,LOT_02,IMAGE_SENSOR,LCC-20,IMA-SIH-2026,IMAGE_SENSOR_DARK_CURRENT_TEST,T02_1794,PROC-ISRO-IISU-01,ATE-STATION-01,CHAMBER-01,1.0,60.0,3.3,168,dark_current_density,OPTICAL,nA/cm2,12.7861,20.1097,74.432,250.8548,7.3236,5.4,3,41.63,9.35,0.0087,-0.0753,63.41,61.88,12.7861,20.1097,74.432,250.8548,7.3236,10.0,False,NOMINAL,HEALTHY,2.99,43.87
IMA_LOT02_COMP1795,LOT_02,IMAGE_SENSOR,LCC-20,IMA-SIH-2026,IMAGE_SENSOR_DARK_CURRENT_TEST,T02_1795,PROC-ISRO-IISU-01,ATE-STATION-01,CHAMBER-01,1.0,60.0,3.3,168,dark_current_density,OPTICAL,nA/cm2,12.6989,17.8259,56.0086,174.9829,5.127,9.25,7,42.62,10.11,-0.0108,-0.0462,62.71,61.48,12.6989,17.8259,56.0086,174.9829,5.127,10.0,False,NOMINAL,HEALTHY,-42.9,21.48
IMA_LOT02_COMP1796,LOT_02,IMAGE_SENSOR,LCC-20,IMA-SIH-2026,IMAGE_SENSOR_DARK_CURRENT_TEST,T02_1796,PROC-ISRO-IISU-01,ATE-STATION-01,CHAMBER-01,1.0,60.0,3.3,168,dark_current_density,OPTICAL,nA/cm2,13.569,18.9704,50.4657,140.1475,5.4014,11.97,8,40.86,7.99,0.0165,0.0278,61.25,62.35,13.569,18.9704,50.4657,140.1475,5.4014,10.0,False,NOMINAL,HEALTHY,-9.82,-1.63
IMA_LOT02_COMP1797,LOT_02,IMAGE_SENSOR,LCC-20,IMA-SIH-2026,IMAGE_SENSOR_DARK_CURRENT_TEST,T02_1797,PROC-ISRO-IISU-01,ATE-STATION-01,CHAMBER-01,1.0,60.0,3.3,168,dark_current_density,OPTICAL,nA/cm2,13.3021,19.4474,60.3501,180.1282,6.1453,12.9,8,36.54,7.99,-0.0409,-0.0332,61.66,61.87,13.3021,19.4474,60.3501,180.1282,6.1453,10.0,False,NOMINAL,HEALTHY,-22.99,-49.18
IMA_LOT02_COMP1798,LOT_02,IMAGE_SENSOR,LCC-20,IMA-SIH-2026,IMAGE_SENSOR_DARK_CURRENT_TEST,T02_1798,PROC-ISRO-IISU-01,ATE-STATION-01,CHAMBER-01,1.0,60.0,3.3,168,dark_current_density,OPTICAL,nA/cm2,12.9212,17.5905,52.4713,149.8732,4.6693,12.49,5,41.3,7.44,0.0296,0.0494,63.58,62.41,12.9212,17.5905,52.4713,149.8732,4.6693,10.0,False,NOMINAL,HEALTHY,34.11,46.99
IMA_LOT02_COMP1799,LOT_02,IMAGE_SENSOR,LCC-20,IMA-SIH-2026,IMAGE_SENSOR_DARK_CURRENT_TEST,T02_1799,PROC-ISRO-IISU-01,ATE-STATION-01,CHAMBER-01,1.0,60.0,3.3,168,dark_current_density,OPTICAL,nA/cm2,13.7471,17.9398,37.4975,85.6609,4.1927,11.92,7,38.51,9.41,0.0132,-0.0474,61.63,62.29,13.7471,17.9398,37.4975,85.6609,4.1927,10.0,False,NOMINAL,HEALTHY,24.47,31.58
IMA_LOT02_COMP1800,LOT_02,IMAGE_SENSOR,LCC-20,IMA-SIH-2026,IMAGE_SENSOR_DARK_CURRENT_TEST,T02_1800,PROC-ISRO-IISU-01,ATE-STATION-01,CHAMBER-01,1.0,60.0,3.3,168,dark_current_density,OPTICAL,nA/cm2,12.5191,18.0218,51.1018,148.8144,5.5027,12.75,6,43.81,9.01,-0.0123,-0.0523,60.27,62.42,12.5191,18.0218,51.1018,148.8144,5.5027,10.0,False,NOMINAL,HEALTHY,-46.77,-9.44
IMA_LOT02_COMP1801,LOT_02,IMAGE_SENSOR,LCC-20,IMA-SIH-2026,IMAGE_SENSOR_DARK_CURRENT_TEST,T02_1801,PROC-ISRO-IISU-01,ATE-STATION-01,CHAMBER-01,1.0,60.0,3.3,168,dark_current_density,OPTICAL,nA/cm2,13.8805,18.6901,51.8282,143.4855,4.8096,18.79,8,42.04,8.09,-0.0161,-0.0486,64.43,61.47,13.8805,18.6901,51.8282,143.4855,4.8096,10.0,False,NOMINAL,HEALTHY,-7.87,-21.47
IMA_LOT02_COMP1802,LOT_02,IMAGE_SENSOR,LCC-20,IMA-SIH-2026,IMAGE_SENSOR_DARK_CURRENT_TEST,T02_1802,PROC-ISRO-IISU-01,ATE-STATION-01,CHAMBER-01,1.0,60.0,3.3,168,dark_current_density,OPTICAL,nA/cm2,12.2585,17.7918,48.4424,135.7922,5.5333,15.27,7,43.8,7.67,-0.0291,-0.0307,63.71,62.43,12.2585,17.7918,48.4424,135.7922,5.5333,10.0,False,NOMINAL,HEALTHY,25.44,-37.23
IMA_LOT02_COMP1803,LOT_02,IMAGE_SENSOR,LCC-20,IMA-SIH-2026,IMAGE_SENSOR_DARK_CURRENT_TEST,T02_1803,PROC-ISRO-IISU-01,ATE-STATION-01,CHAMBER-01,1.0,60.0,3.3,168,dark_current_density,OPTICAL,nA/cm2,11.7341,16.7575,50.1503,147.7736,5.0234,14.71,9,41.02,9.82,-0.0023,0.0468,62.46,62.63,11.7341,16.7575,50.1503,147.7736,5.0234,10.0,False,NOMINAL,HEALTHY,39.89,35.08
IMA_LOT02_COMP1804,LOT_02,IMAGE_SENSOR,LCC-20,IMA-SIH-2026,IMAGE_SENSOR_DARK_CURRENT_TEST,T02_1804,PROC-ISRO-IISU-01,ATE-STATION-01,CHAMBER-01,1.0,60.0,3.3,168,dark_current_density,OPTICAL,nA/cm2,13.5332,17.8841,46.7146,119.1837,4.3509,14.52,9,42.01,7.85,-0.0078,0.0008,62.43,61.71,13.5332,17.8841,46.7146,119.1837,4.3509,10.0,False,NOMINAL,HEALTHY,-23.47,-21.38
IMA_LOT02_COMP1805,LOT_02,IMAGE_SENSOR,LCC-20,IMA-SIH-2026,IMAGE_SENSOR_DARK_CURRENT_TEST,T02_1805,PROC-ISRO-IISU-01,ATE-STATION-01,CHAMBER-01,1.0,60.0,3.3,168,dark_current_density,OPTICAL,nA/cm2,12.3732,18.8286,65.2169,249.8132,6.4554,9.08,10,40.2,9.35,-0.0069,-0.0754,60.71,61.92,12.3732,18.8286,65.2169,249.8132,6.4554,10.0,False,NOMINAL,HEALTHY,44.81,43.63
IMA_LOT02_COMP1806,LOT_02,IMAGE_SENSOR,LCC-20,IMA-SIH-2026,IMAGE_SENSOR_DARK_CURRENT_TEST,T02_1806,PROC-ISRO-IISU-01,ATE-STATION-01,CHAMBER-01,1.0,60.0,3.3,168,dark_current_density,OPTICAL,nA/cm2,13.0427,20.4717,71.4711,262.6552,7.429,12.87,5,40.18,10.72,0.0279,0.0074,61.72,61.46,13.0427,20.4717,71.4711,262.6552,7.429,10.0,False,NOMINAL,HEALTHY,-6.57,-1.78
IMA_LOT02_COMP1807,LOT_02,IMAGE_SENSOR,LCC-20,IMA-SIH-2026,IMAGE_SENSOR_DARK_CURRENT_TEST,T02_1807,PROC-ISRO-IISU-01,ATE-STATION-01,CHAMBER-01,1.0,60.0,3.3,168,dark_current_density,OPTICAL,nA/cm2,12.4025,17.0191,43.5948,112.8758,4.6166,16.16,8,41.2,10.35,-0.0177,0.0065,61.39,62.32,12.4025,17.0191,43.5948,112.8758,4.6166,10.0,False,NOMINAL,HEALTHY,-2.95,-17.03
IMA_LOT02_COMP1808,LOT_02,IMAGE_SENSOR,LCC-20,IMA-SIH-2026,IMAGE_SENSOR_DARK_CURRENT_TEST,T02_1808,PROC-ISRO-IISU-01,ATE-STATION-01,CHAMBER-01,1.0,60.0,3.3,168,dark_current_density,OPTICAL,nA/cm2,13.1477,17.506,35.6784,78.1076,4.3583,8.57,9,38.26,7.8,-0.0083,-0.0282,63.01,61.93,13.1477,17.506,35.6784,78.1076,4.3583,10.0,False,NOMINAL,HEALTHY,-47.22,37.58
IMA_LOT02_COMP1809,LOT_02,IMAGE_SENSOR,LCC-20,IMA-SIH-2026,IMAGE_SENSOR_DARK_CURRENT_TEST,T02_1809,PROC-ISRO-IISU-01,ATE-STATION-01,CHAMBER-01,1.0,60.0,3.3,168,dark_current_density,OPTICAL,nA/cm2,13.3054,19.9577,68.5341,232.2359,6.6523,19.55,5,41.93,10.18,0.0172,0.0508,59.6,61.81,13.3054,19.9577,68.5341,232.2359,6.6523,10.0,False,NOMINAL,HEALTHY,-35.67,-6.07
IMA_LOT02_COMP1810,LOT_02,IMAGE_SENSOR,LCC-20,IMA-SIH-2026,IMAGE_SENSOR_DARK_CURRENT_TEST,T02_1810,PROC-ISRO-IISU-01,ATE-STATION-01,CHAMBER-01,1.0,60.0,3.3,168,dark_current_density,OPTICAL,nA/cm2,13.2558,16.4616,32.2287,61.487,3.2058,14.78,10,43.34,7.92,0.0198,0.0733,62.14,62.98,13.2558,16.4616,32.2287,61.487,3.2058,10.0,False,NOMINAL,HEALTHY,-13.09,29.31
IMA_LOT02_COMP1811,LOT_02,IMAGE_SENSOR,LCC-20,IMA-SIH-2026,IMAGE_SENSOR_DARK_CURRENT_TEST,T02_1811,PROC-ISRO-IISU-01,ATE-STATION-01,CHAMBER-01,1.0,60.0,3.3,168,dark_current_density,OPTICAL,nA/cm2,12.7944,17.0102,38.5761,88.4681,4.2158,10.23,5,41.86,4.76,0.0339,0.0717,60.1,62.23,12.7944,17.0102,38.5761,88.4681,4.2158,10.0,False,NOMINAL,HEALTHY,-33.05,-33.2
IMA_LOT02_COMP1812,LOT_02,IMAGE_SENSOR,LCC-20,IMA-SIH-2026,IMAGE_SENSOR_DARK_CURRENT_TEST,T02_1812,PROC-ISRO-IISU-01,ATE-STATION-01,CHAMBER-01,1.0,60.0,3.3,168,dark_current_density,OPTICAL,nA/cm2,12.5664,16.2488,35.0416,75.9415,3.6824,15.43,3,40.12,6.28,-0.0011,0.0728,61.18,62.44,12.5664,16.2488,35.0416,75.9415,3.6824,10.0,False,NOMINAL,HEALTHY,-42.68,-42.12
IMA_LOT02_COMP1813,LOT_02,IMAGE_SENSOR,LCC-20,IMA-SIH-2026,IMAGE_SENSOR_DARK_CURRENT_TEST,T02_1813,PROC-ISRO-IISU-01,ATE-STATION-01,CHAMBER-01,1.0,60.0,3.3,168,dark_current_density,OPTICAL,nA/cm2,13.0221,16.4082,38.4797,85.5426,3.3861,15.82,6,42.01,8.18,-0.0319,-0.0671,61.25,62.16,13.0221,16.4082,38.4797,85.5426,3.3861,10.0,False,NOMINAL,HEALTHY,-40.61,26.14
IMA_LOT02_COMP1814,LOT_02,IMAGE_SENSOR,LCC-20,IMA-SIH-2026,IMAGE_SENSOR_DARK_CURRENT_TEST,T02_1814,PROC-ISRO-IISU-01,ATE-STATION-01,CHAMBER-01,1.0,60.0,3.3,168,dark_current_density,OPTICAL,nA/cm2,12.1909,17.6176,47.8788,135.3666,5.4267,15.73,8,42.75,10.03,-0.018,0.009,61.99,61.97,12.1909,17.6176,47.8788,135.3666,5.4267,10.0,False,NOMINAL,HEALTHY,25.53,-9.87
IMA_LOT02_COMP1815,LOT_02,IMAGE_SENSOR,LCC-20,IMA-SIH-2026,IMAGE_SENSOR_DARK_CURRENT_TEST,T02_1815,PROC-ISRO-IISU-01,ATE-STATION-01,CHAMBER-01,1.0,60.0,3.3,168,dark_current_density,OPTICAL,nA/cm2,12.4871,18.4919,64.3382,212.9779,6.0048,9.51,6,41.83,8.69,0.0081,-0.0599,60.8,60.41,12.4871,18.4919,64.3382,212.9779,6.0048,10.0,False,NOMINAL,HEALTHY,-35.95,-8.05
IMA_LOT02_COMP1816,LOT_02,IMAGE_SENSOR,LCC-20,IMA-SIH-2026,IMAGE_SENSOR_DARK_CURRENT_TEST,T02_1816,PROC-ISRO-IISU-01,ATE-STATION-01,CHAMBER-01,1.0,60.0,3.3,168,dark_current_density,OPTICAL,nA/cm2,13.2988,19.4108,71.3377,253.4326,6.112,6.44,4,44.86,8.72,0.0164,0.0401,63.09,62.23,13.2988,19.4108,71.3377,253.4326,6.112,10.0,False,NOMINAL,HEALTHY,37.24,35.59
IMA_LOT02_COMP1817,LOT_02,IMAGE_SENSOR,LCC-20,IMA-SIH-2026,IMAGE_SENSOR_DARK_CURRENT_TEST,T02_1817,PROC-ISRO-IISU-01,ATE-STATION-01,CHAMBER-01,1.0,60.0,3.3,168,dark_current_density,OPTICAL,nA/cm2,13.0794,17.1029,37.1246,84.9807,4.0235,13.27,2,40.53,8.16,-0.0118,-0.0248,63.2,61.2,13.0794,17.1029,37.1246,84.9807,4.0235,10.0,False,NOMINAL,HEALTHY,-14.53,21.95
IMA_LOT02_COMP1818,LOT_02,IMAGE_SENSOR,LCC-20,IMA-SIH-2026,IMAGE_SENSOR_DARK_CURRENT_TEST,T02_1818,PROC-ISRO-IISU-01,ATE-STATION-01,CHAMBER-01,1.0,60.0,3.3,168,dark_current_density,OPTICAL,nA/cm2,12.9901,18.7409,56.0417,175.5393,5.7508,7.66,3,38.95,5.65,0.018,0.0149,59.27,62.82,12.9901,18.7409,56.0417,175.5393,5.7508,10.0,True,DIELECTRIC_OSCILLATION,HEALTHY,7.45,-5.81
IMA_LOT02_COMP1819,LOT_02,IMAGE_SENSOR,LCC-20,IMA-SIH-2026,IMAGE_SENSOR_DARK_CURRENT_TEST,T02_1819,PROC-ISRO-IISU-01,ATE-STATION-01,CHAMBER-01,1.0,60.0,3.3,168,dark_current_density,OPTICAL,nA/cm2,12.9722,17.5735,50.7999,145.3044,4.6013,10.87,4,46.17,8.74,-0.0095,0.0336,61.7,62.36,12.9722,17.5735,50.7999,145.3044,4.6013,10.0,False,NOMINAL,HEALTHY,3.63,-11.16
IMA_LOT02_COMP1820,LOT_02,IMAGE_SENSOR,LCC-20,IMA-SIH-2026,IMAGE_SENSOR_DARK_CURRENT_TEST,T02_1820,PROC-ISRO-IISU-01,ATE-STATION-01,CHAMBER-01,1.0,60.0,3.3,168,dark_current_density,OPTICAL,nA/cm2,12.6864,15.8446,36.0861,74.6424,3.1582,13.31,2,40.26,8.78,-0.0381,-0.0473,61.21,62.98,12.6864,15.8446,36.0861,74.6424,3.1582,10.0,False,NOMINAL,HEALTHY,-3.1,-15.88
IMA_LOT02_COMP1821,LOT_02,IMAGE_SENSOR,LCC-20,IMA-SIH-2026,IMAGE_SENSOR_DARK_CURRENT_TEST,T02_1821,PROC-ISRO-IISU-01,ATE-STATION-01,CHAMBER-01,1.0,60.0,3.3,168,dark_current_density,OPTICAL,nA/cm2,45.5716,62.9305,182.5013,512.5746,17.3589,20.49,4,41.99,9.86,0.0124,-0.1053,63.4,63.05,45.5716,62.9305,182.5013,512.5746,17.3589,10.0,True,SPATIAL_OUTLIER,HEALTHY,12.21,46.41
IMA_LOT02_COMP1822,LOT_02,IMAGE_SENSOR,LCC-20,IMA-SIH-2026,IMAGE_SENSOR_DARK_CURRENT_TEST,T02_1822,PROC-ISRO-IISU-01,ATE-STATION-01,CHAMBER-01,1.0,60.0,3.3,168,dark_current_density,OPTICAL,nA/cm2,13.2733,20.9864,69.5736,271.4089,7.7131,14.41,6,43.55,5.44,-0.0038,0.0747,60.22,61.95,13.2733,20.9864,69.5736,271.4089,7.7131,10.0,False,NOMINAL,HEALTHY,-49.62,39.47
IMA_LOT02_COMP1823,LOT_02,IMAGE_SENSOR,LCC-20,IMA-SIH-2026,IMAGE_SENSOR_DARK_CURRENT_TEST,T02_1823,PROC-ISRO-IISU-01,ATE-STATION-01,CHAMBER-01,1.0,60.0,3.3,168,dark_current_density,OPTICAL,nA/cm2,13.2332,17.4649,35.6453,73.2225,4.2317,10.69,7,42.82,8.24,0.0179,-0.0272,64.38,62.31,13.2332,17.4649,35.6453,73.2225,4.2317,10.0,False,NOMINAL,HEALTHY,27.52,39.68
IMA_LOT02_COMP1824,LOT_02,IMAGE_SENSOR,LCC-20,IMA-SIH-2026,IMAGE_SENSOR_DARK_CURRENT_TEST,T02_1824,PROC-ISRO-IISU-01,ATE-STATION-01,CHAMBER-01,1.0,60.0,3.3,168,dark_current_density,OPTICAL,nA/cm2,12.4697,16.0937,34.695,71.5554,3.624,9.05,6,45.01,6.86,0.0176,-0.0033,62.27,62.38,12.4697,16.0937,34.695,71.5554,3.624,10.0,False,NOMINAL,HEALTHY,-0.22,31.85
IMA_LOT02_COMP1825,LOT_02,IMAGE_SENSOR,LCC-20,IMA-SIH-2026,IMAGE_SENSOR_DARK_CURRENT_TEST,T02_1825,PROC-ISRO-IISU-01,ATE-STATION-01,CHAMBER-01,1.0,60.0,3.3,168,dark_current_density,OPTICAL,nA/cm2,13.2732,16.7276,47.5726,120.0311,3.4544,15.44,7,39.73,6.68,0.0061,-0.0113,62.08,62.11,13.2732,16.7276,47.5726,120.0311,3.4544,10.0,False,NOMINAL,HEALTHY,39.33,39.1
IMA_LOT02_COMP1826,LOT_02,IMAGE_SENSOR,LCC-20,IMA-SIH-2026,IMAGE_SENSOR_DARK_CURRENT_TEST,T02_1826,PROC-ISRO-IISU-01,ATE-STATION-01,CHAMBER-01,1.0,60.0,3.3,168,dark_current_density,OPTICAL,nA/cm2,12.5879,16.9994,44.8929,116.4081,4.4115,17.02,4,44.03,7.22,0.0131,0.0296,60.76,62.58,12.5879,16.9994,44.8929,116.4081,4.4115,10.0,False,NOMINAL,HEALTHY,45.35,-29.54
IMA_LOT02_COMP1827,LOT_02,IMAGE_SENSOR,LCC-20,IMA-SIH-2026,IMAGE_SENSOR_DARK_CURRENT_TEST,T02_1827,PROC-ISRO-IISU-01,ATE-STATION-01,CHAMBER-01,1.0,60.0,3.3,168,dark_current_density,OPTICAL,nA/cm2,12.7423,18.1079,53.5116,153.988,5.3656,10.99,5,40.47,5.88,0.0102,0.0602,61.44,61.61,12.7423,18.1079,53.5116,153.988,5.3656,10.0,False,NOMINAL,HEALTHY,-25.91,23.64
IMA_LOT02_COMP1828,LOT_02,IMAGE_SENSOR,LCC-20,IMA-SIH-2026,IMAGE_SENSOR_DARK_CURRENT_TEST,T02_1828,PROC-ISRO-IISU-01,ATE-STATION-01,CHAMBER-01,1.0,60.0,3.3,168,dark_current_density,OPTICAL,nA/cm2,13.094,17.0691,40.8316,91.541,3.9751,12.35,3,40.61,6.01,0.0259,0.008,60.31,62.29,13.094,17.0691,40.8316,91.541,3.9751,10.0,False,NOMINAL,HEALTHY,-32.38,-35.47
IMA_LOT02_COMP1829,LOT_02,IMAGE_SENSOR,LCC-20,IMA-SIH-2026,IMAGE_SENSOR_DARK_CURRENT_TEST,T02_1829,PROC-ISRO-IISU-01,ATE-STATION-01,CHAMBER-01,1.0,60.0,3.3,168,dark_current_density,OPTICAL,nA/cm2,12.2391,16.0932,36.1739,80.0988,3.8541,10.33,2,42.23,7.46,-0.0201,0.0523,60.98,62.04,12.2391,16.0932,36.1739,80.0988,3.8541,10.0,False,NOMINAL,HEALTHY,29.71,36.4
IMA_LOT02_COMP1830,LOT_02,IMAGE_SENSOR,LCC-20,IMA-SIH-2026,IMAGE_SENSOR_DARK_CURRENT_TEST,T02_1830,PROC-ISRO-IISU-01,ATE-STATION-01,CHAMBER-01,1.0,60.0,3.3,168,dark_current_density,OPTICAL,nA/cm2,13.5767,20.2991,63.1019,206.5175,6.7224,15.68,2,43.51,9.48,0.0201,-0.0006,61.32,61.4,13.5767,20.2991,63.1019,206.5175,6.7224,10.0,False,NOMINAL,HEALTHY,49.95,-2.01
IMA_LOT02_COMP1831,LOT_02,IMAGE_SENSOR,LCC-20,IMA-SIH-2026,IMAGE_SENSOR_DARK_CURRENT_TEST,T02_1831,PROC-ISRO-IISU-01,ATE-STATION-01,CHAMBER-01,1.0,60.0,3.3,168,dark_current_density,OPTICAL,nA/cm2,12.5561,17.2747,124.9418,991.3067,4.7186,13.28,1,40.4,6.86,0.0316,-0.007,60.58,62.05,12.5561,17.2747,124.9418,991.3067,4.7186,10.0,True,THERMAL_RUNAWAY,HEALTHY,-37.89,2.57
IMA_LOT02_COMP1832,LOT_02,IMAGE_SENSOR,LCC-20,IMA-SIH-2026,IMAGE_SENSOR_DARK_CURRENT_TEST,T02_1832,PROC-ISRO-IISU-01,ATE-STATION-01,CHAMBER-01,1.0,60.0,3.3,168,dark_current_density,OPTICAL,nA/cm2,13.2854,19.6562,63.1083,199.768,6.3708,12.22,7,38.59,7.41,-0.0087,-0.13,60.87,61.0,13.2854,19.6562,63.1083,199.768,6.3708,10.0,False,NOMINAL,HEALTHY,38.32,44.65
IMA_LOT02_COMP1833,LOT_02,IMAGE_SENSOR,LCC-20,IMA-SIH-2026,IMAGE_SENSOR_DARK_CURRENT_TEST,T02_1833,PROC-ISRO-IISU-01,ATE-STATION-01,CHAMBER-01,1.0,60.0,3.3,168,dark_current_density,OPTICAL,nA/cm2,13.8507,17.1317,33.6027,72.5105,3.281,5.31,6,40.16,5.5,0.0089,0.0206,58.88,61.85,13.8507,17.1317,33.6027,72.5105,3.281,10.0,False,NOMINAL,HEALTHY,4.94,49.15
IMA_LOT02_COMP1834,LOT_02,IMAGE_SENSOR,LCC-20,IMA-SIH-2026,IMAGE_SENSOR_DARK_CURRENT_TEST,T02_1834,PROC-ISRO-IISU-01,ATE-STATION-01,CHAMBER-01,1.0,60.0,3.3,168,dark_current_density,OPTICAL,nA/cm2,13.2956,19.5058,59.815,186.2213,6.2102,10.79,3,41.83,7.01,0.0156,-0.0222,66.04,62.41,13.2956,19.5058,59.815,186.2213,6.2102,10.0,False,NOMINAL,HEALTHY,28.42,4.9
IMA_LOT02_COMP1835,LOT_02,IMAGE_SENSOR,LCC-20,IMA-SIH-2026,IMAGE_SENSOR_DARK_CURRENT_TEST,T02_1835,PROC-ISRO-IISU-01,ATE-STATION-01,CHAMBER-01,1.0,60.0,3.3,168,dark_current_density,OPTICAL,nA/cm2,12.6513,15.8881,35.289,71.5911,3.2368,10.32,3,42.24,5.45,-0.0054,-0.0376,63.34,62.43,12.6513,15.8881,35.289,71.5911,3.2368,10.0,False,NOMINAL,HEALTHY,6.18,-20.85
IMA_LOT02_COMP1836,LOT_02,IMAGE_SENSOR,LCC-20,IMA-SIH-2026,IMAGE_SENSOR_DARK_CURRENT_TEST,T02_1836,PROC-ISRO-IISU-01,ATE-STATION-01,CHAMBER-01,1.0,60.0,3.3,168,dark_current_density,OPTICAL,nA/cm2,13.5176,18.3613,58.5831,169.2094,4.8437,9.4,6,40.69,8.16,-0.0106,0.0943,61.99,61.4,13.5176,18.3613,58.5831,169.2094,4.8437,10.0,False,NOMINAL,HEALTHY,-9.25,29.22
IMA_LOT02_COMP1837,LOT_02,IMAGE_SENSOR,LCC-20,IMA-SIH-2026,IMAGE_SENSOR_DARK_CURRENT_TEST,T02_1837,PROC-ISRO-IISU-01,ATE-STATION-01,CHAMBER-01,1.0,60.0,3.3,168,dark_current_density,OPTICAL,nA/cm2,11.5643,14.2441,29.1371,55.4042,2.6798,11.67,6,40.06,7.84,0.0234,0.0485,65.55,62.09,11.5643,14.2441,29.1371,55.4042,2.6798,10.0,False,NOMINAL,HEALTHY,-6.5,42.9
IMA_LOT02_COMP1838,LOT_02,IMAGE_SENSOR,LCC-20,IMA-SIH-2026,IMAGE_SENSOR_DARK_CURRENT_TEST,T02_1838,PROC-ISRO-IISU-01,ATE-STATION-01,CHAMBER-01,1.0,60.0,3.3,168,dark_current_density,OPTICAL,nA/cm2,12.9475,20.0358,67.2041,232.1578,7.0883,8.61,3,43.82,7.6,0.0259,0.0366,65.95,62.08,12.9475,20.0358,67.2041,232.1578,7.0883,10.0,False,NOMINAL,HEALTHY,-41.48,-42.07
IMA_LOT02_COMP1839,LOT_02,IMAGE_SENSOR,LCC-20,IMA-SIH-2026,IMAGE_SENSOR_DARK_CURRENT_TEST,T02_1839,PROC-ISRO-IISU-01,ATE-STATION-01,CHAMBER-01,1.0,60.0,3.3,168,dark_current_density,OPTICAL,nA/cm2,13.0171,18.9976,62.421,195.9954,5.9805,10.77,6,39.75,5.79,-0.0008,0.1287,61.87,61.31,13.0171,18.9976,62.421,195.9954,5.9805,10.0,False,NOMINAL,HEALTHY,35.11,12.74
IMA_LOT02_COMP1840,LOT_02,IMAGE_SENSOR,LCC-20,IMA-SIH-2026,IMAGE_SENSOR_DARK_CURRENT_TEST,T02_1840,PROC-ISRO-IISU-01,ATE-STATION-01,CHAMBER-01,1.0,60.0,3.3,168,dark_current_density,OPTICAL,nA/cm2,13.1989,19.3427,59.5986,189.2068,6.1438,8.88,3,42.51,8.28,0.0016,0.0076,62.84,61.27,13.1989,19.3427,59.5986,189.2068,6.1438,10.0,False,NOMINAL,HEALTHY,49.14,-22.64
IMA_LOT02_COMP1841,LOT_02,IMAGE_SENSOR,LCC-20,IMA-SIH-2026,IMAGE_SENSOR_DARK_CURRENT_TEST,T02_1841,PROC-ISRO-IISU-01,ATE-STATION-01,CHAMBER-01,1.0,60.0,3.3,168,dark_current_density,OPTICAL,nA/cm2,12.665,18.1284,51.6764,147.5448,5.4634,10.61,5,39.44,4.95,-0.0237,-0.0547,62.16,61.78,12.665,18.1284,51.6764,147.5448,5.4634,10.0,False,NOMINAL,HEALTHY,27.63,24.39
IMA_LOT02_COMP1842,LOT_02,IMAGE_SENSOR,LCC-20,IMA-SIH-2026,IMAGE_SENSOR_DARK_CURRENT_TEST,T02_1842,PROC-ISRO-IISU-01,ATE-STATION-01,CHAMBER-01,1.0,60.0,3.3,168,dark_current_density,OPTICAL,nA/cm2,12.7638,17.2444,41.1584,97.8885,4.4806,17.07,3,44.49,7.35,-0.007,-0.0283,61.82,61.85,12.7638,17.2444,41.1584,97.8885,4.4806,10.0,False,NOMINAL,HEALTHY,48.69,-28.27
IMA_LOT02_COMP1843,LOT_02,IMAGE_SENSOR,LCC-20,IMA-SIH-2026,IMAGE_SENSOR_DARK_CURRENT_TEST,T02_1843,PROC-ISRO-IISU-01,ATE-STATION-01,CHAMBER-01,1.0,60.0,3.3,168,dark_current_density,OPTICAL,nA/cm2,12.0903,16.2233,32.3376,66.228,4.133,15.05,8,43.83,6.31,-0.0256,-0.0823,62.52,61.09,12.0903,16.2233,32.3376,66.228,4.133,10.0,False,NOMINAL,HEALTHY,-4.43,-15.94
IMA_LOT02_COMP1844,LOT_02,IMAGE_SENSOR,LCC-20,IMA-SIH-2026,IMAGE_SENSOR_DARK_CURRENT_TEST,T02_1844,PROC-ISRO-IISU-01,ATE-STATION-01,CHAMBER-01,1.0,60.0,3.3,168,dark_current_density,OPTICAL,nA/cm2,13.32,20.5392,70.8308,246.475,7.2192,12.56,2,41.43,8.0,0.0115,0.1511,63.73,61.77,13.32,20.5392,70.8308,246.475,7.2192,10.0,False,NOMINAL,HEALTHY,45.92,-43.53
IMA_LOT02_COMP1845,LOT_02,IMAGE_SENSOR,LCC-20,IMA-SIH-2026,IMAGE_SENSOR_DARK_CURRENT_TEST,T02_1845,PROC-ISRO-IISU-01,ATE-STATION-01,CHAMBER-01,1.0,60.0,3.3,168,dark_current_density,OPTICAL,nA/cm2,12.11,15.4164,30.0243,58.3422,3.3064,13.19,5,41.89,7.59,-0.0316,-0.077,63.57,62.49,12.11,15.4164,30.0243,58.3422,3.3064,10.0,False,NOMINAL,HEALTHY,25.32,12.74
IMA_LOT02_COMP1846,LOT_02,IMAGE_SENSOR,LCC-20,IMA-SIH-2026,IMAGE_SENSOR_DARK_CURRENT_TEST,T02_1846,PROC-ISRO-IISU-01,ATE-STATION-01,CHAMBER-01,1.0,60.0,3.3,168,dark_current_density,OPTICAL,nA/cm2,13.07,17.526,45.2129,112.4699,4.456,17.74,4,41.9,6.51,0.0449,0.0212,63.73,61.79,13.07,17.526,45.2129,112.4699,4.456,10.0,False,NOMINAL,HEALTHY,19.26,35.76
IMA_LOT02_COMP1847,LOT_02,IMAGE_SENSOR,LCC-20,IMA-SIH-2026,IMAGE_SENSOR_DARK_CURRENT_TEST,T02_1847,PROC-ISRO-IISU-01,ATE-STATION-01,CHAMBER-01,1.0,60.0,3.3,168,dark_current_density,OPTICAL,nA/cm2,12.8665,20.3626,63.4269,221.4226,7.4961,3.65,6,43.27,8.76,0.042,-0.0053,62.92,61.81,12.8665,20.3626,63.4269,221.4226,7.4961,10.0,False,NOMINAL,HEALTHY,-38.38,44.79
IMA_LOT02_COMP1848,LOT_02,IMAGE_SENSOR,LCC-20,IMA-SIH-2026,IMAGE_SENSOR_DARK_CURRENT_TEST,T02_1848,PROC-ISRO-IISU-01,ATE-STATION-01,CHAMBER-01,1.0,60.0,3.3,168,dark_current_density,OPTICAL,nA/cm2,13.4377,19.0727,61.9482,193.1546,5.635,12.94,3,40.51,9.2,-0.0162,0.0254,61.35,61.71,13.4377,19.0727,61.9482,193.1546,5.635,10.0,False,NOMINAL,HEALTHY,43.34,-2.57
IMA_LOT02_COMP1849,LOT_02,IMAGE_SENSOR,LCC-20,IMA-SIH-2026,IMAGE_SENSOR_DARK_CURRENT_TEST,T02_1849,PROC-ISRO-IISU-01,ATE-STATION-01,CHAMBER-01,1.0,60.0,3.3,168,dark_current_density,OPTICAL,nA/cm2,12.4285,15.9184,37.0973,84.5193,3.4899,14.35,5,42.26,10.1,0.0054,0.016,64.93,62.2,12.4285,15.9184,37.0973,84.5193,3.4899,10.0,False,NOMINAL,HEALTHY,1.7,10.31
IMA_LOT02_COMP1850,LOT_02,IMAGE_SENSOR,LCC-20,IMA-SIH-2026,IMAGE_SENSOR_DARK_CURRENT_TEST,T02_1850,PROC-ISRO-IISU-01,ATE-STATION-01,CHAMBER-01,1.0,60.0,3.3,168,dark_current_density,OPTICAL,nA/cm2,13.1757,20.6199,70.5595,247.2622,7.4442,8.98,4,39.0,8.0,0.0098,0.0293,65.43,61.69,13.1757,20.6199,70.5595,247.2622,7.4442,10.0,False,NOMINAL,HEALTHY,-44.04,10.85
IMA_LOT02_COMP1851,LOT_02,IMAGE_SENSOR,LCC-20,IMA-SIH-2026,IMAGE_SENSOR_DARK_CURRENT_TEST,T02_1851,PROC-ISRO-IISU-01,ATE-STATION-01,CHAMBER-01,1.0,60.0,3.3,168,dark_current_density,OPTICAL,nA/cm2,12.5594,17.9179,52.7084,154.5219,5.3585,10.84,6,42.33,5.41,0.0132,-0.0548,60.15,61.7,12.5594,17.9179,52.7084,154.5219,5.3585,10.0,False,NOMINAL,HEALTHY,44.74,-40.68
IMA_LOT02_COMP1852,LOT_02,IMAGE_SENSOR,LCC-20,IMA-SIH-2026,IMAGE_SENSOR_DARK_CURRENT_TEST,T02_1852,PROC-ISRO-IISU-01,ATE-STATION-01,CHAMBER-01,1.0,60.0,3.3,168,dark_current_density,OPTICAL,nA/cm2,12.2171,15.2744,31.9699,65.7314,3.0573,9.61,3,39.03,8.95,0.0136,0.0018,64.16,61.98,12.2171,15.2744,31.9699,65.7314,3.0573,10.0,False,NOMINAL,HEALTHY,-34.19,-29.52
IMA_LOT02_COMP1853,LOT_02,IMAGE_SENSOR,LCC-20,IMA-SIH-2026,IMAGE_SENSOR_DARK_CURRENT_TEST,T02_1853,PROC-ISRO-IISU-01,ATE-STATION-01,CHAMBER-01,1.0,60.0,3.3,168,dark_current_density,OPTICAL,nA/cm2,12.139,17.4983,55.1314,161.4308,5.3593,14.61,3,40.41,9.75,0.0102,-0.0247,64.79,62.46,12.139,17.4983,55.1314,161.4308,5.3593,10.0,False,NOMINAL,HEALTHY,18.71,43.49
IMA_LOT02_COMP1854,LOT_02,IMAGE_SENSOR,LCC-20,IMA-SIH-2026,IMAGE_SENSOR_DARK_CURRENT_TEST,T02_1854,PROC-ISRO-IISU-01,ATE-STATION-01,CHAMBER-01,1.0,60.0,3.3,168,dark_current_density,OPTICAL,nA/cm2,12.0563,15.0237,30.8435,60.3414,2.9674,15.2,6,41.97,7.9,0.0035,-0.0892,61.16,61.22,12.0563,15.0237,30.8435,60.3414,2.9674,10.0,False,NOMINAL,HEALTHY,-44.54,-25.88
IMA_LOT02_COMP1855,LOT_02,IMAGE_SENSOR,LCC-20,IMA-SIH-2026,IMAGE_SENSOR_DARK_CURRENT_TEST,T02_1855,PROC-ISRO-IISU-01,ATE-STATION-01,CHAMBER-01,1.0,60.0,3.3,168,dark_current_density,OPTICAL,nA/cm2,12.6892,17.6159,44.9337,102.4716,4.9267,13.14,2,45.13,8.61,-0.0112,-0.0297,62.91,61.22,12.6892,17.6159,44.9337,102.4716,4.9267,10.0,False,NOMINAL,HEALTHY,49.46,-13.7
IMA_LOT02_COMP1856,LOT_02,IMAGE_SENSOR,LCC-20,IMA-SIH-2026,IMAGE_SENSOR_DARK_CURRENT_TEST,T02_1856,PROC-ISRO-IISU-01,ATE-STATION-01,CHAMBER-01,1.0,60.0,3.3,168,dark_current_density,OPTICAL,nA/cm2,12.8187,17.3931,39.5556,90.628,4.5744,9.87,2,41.37,9.58,0.0128,0.0069,60.65,61.62,12.8187,17.3931,39.5556,90.628,4.5744,10.0,False,NOMINAL,HEALTHY,-8.66,-49.23
IMA_LOT02_COMP1857,LOT_02,IMAGE_SENSOR,LCC-20,IMA-SIH-2026,IMAGE_SENSOR_DARK_CURRENT_TEST,T02_1857,PROC-ISRO-IISU-01,ATE-STATION-01,CHAMBER-01,1.0,60.0,3.3,168,dark_current_density,OPTICAL,nA/cm2,12.8187,17.4591,41.4791,103.5957,4.6404,8.82,3,46.01,7.38,-0.023,-0.11,65.6,61.47,12.8187,17.4591,41.4791,103.5957,4.6404,10.0,False,NOMINAL,HEALTHY,-27.06,14.98
IMA_LOT02_COMP1858,LOT_02,IMAGE_SENSOR,LCC-20,IMA-SIH-2026,IMAGE_SENSOR_DARK_CURRENT_TEST,T02_1858,PROC-ISRO-IISU-01,ATE-STATION-01,CHAMBER-01,1.0,60.0,3.3,168,dark_current_density,OPTICAL,nA/cm2,12.0337,17.1405,48.8635,136.6772,5.1068,14.6,10,42.31,5.82,-0.0,0.0551,62.43,61.79,12.0337,17.1405,48.8635,136.6772,5.1068,10.0,False,NOMINAL,HEALTHY,-10.6,-40.19
IMA_LOT02_COMP1859,LOT_02,IMAGE_SENSOR,LCC-20,IMA-SIH-2026,IMAGE_SENSOR_DARK_CURRENT_TEST,T02_1859,PROC-ISRO-IISU-01,ATE-STATION-01,CHAMBER-01,1.0,60.0,3.3,168,dark_current_density,OPTICAL,nA/cm2,13.018,16.9771,34.2869,66.947,3.9591,10.51,4,41.73,7.32,0.0114,-0.0578,62.42,61.93,13.018,16.9771,34.2869,66.947,3.9591,10.0,False,NOMINAL,HEALTHY,49.84,43.92
IMA_LOT02_COMP1860,LOT_02,IMAGE_SENSOR,LCC-20,IMA-SIH-2026,IMAGE_SENSOR_DARK_CURRENT_TEST,T02_1860,PROC-ISRO-IISU-01,ATE-STATION-01,CHAMBER-01,1.0,60.0,3.3,168,dark_current_density,OPTICAL,nA/cm2,12.6131,17.2104,43.4762,109.1883,4.5973,10.76,5,42.64,9.84,-0.0426,-0.106,61.69,61.79,12.6131,17.2104,43.4762,109.1883,4.5973,10.0,False,NOMINAL,HEALTHY,-17.8,39.9
IMA_LOT02_COMP1861,LOT_02,IMAGE_SENSOR,LCC-20,IMA-SIH-2026,IMAGE_SENSOR_DARK_CURRENT_TEST,T02_1861,PROC-ISRO-IISU-01,ATE-STATION-01,CHAMBER-01,1.0,60.0,3.3,168,dark_current_density,OPTICAL,nA/cm2,12.6766,19.4514,65.2613,234.1032,6.7748,11.32,4,42.53,8.47,-0.0138,-0.0743,63.64,61.86,12.6766,19.4514,65.2613,234.1032,6.7748,10.0,False,NOMINAL,HEALTHY,30.21,-0.09
IMA_LOT02_COMP1862,LOT_02,IMAGE_SENSOR,LCC-20,IMA-SIH-2026,IMAGE_SENSOR_DARK_CURRENT_TEST,T02_1862,PROC-ISRO-IISU-01,ATE-STATION-01,CHAMBER-01,1.0,60.0,3.3,168,dark_current_density,OPTICAL,nA/cm2,12.2948,18.2319,58.9187,182.4167,5.9371,10.16,6,42.24,7.76,0.0092,-0.0209,61.19,61.53,12.2948,18.2319,58.9187,182.4167,5.9371,10.0,False,NOMINAL,HEALTHY,-46.48,34.24
IMA_LOT02_COMP1863,LOT_02,IMAGE_SENSOR,LCC-20,IMA-SIH-2026,IMAGE_SENSOR_DARK_CURRENT_TEST,T02_1863,PROC-ISRO-IISU-01,ATE-STATION-01,CHAMBER-01,1.0,60.0,3.3,168,dark_current_density,OPTICAL,nA/cm2,12.192,17.2966,55.4047,165.7244,5.1046,9.09,4,38.82,8.02,-0.0241,-0.0372,62.1,62.2,12.192,17.2966,55.4047,165.7244,5.1046,10.0,False,NOMINAL,HEALTHY,-8.98,-13.83
IMA_LOT02_COMP1864,LOT_02,IMAGE_SENSOR,LCC-20,IMA-SIH-2026,IMAGE_SENSOR_DARK_CURRENT_TEST,T02_1864,PROC-ISRO-IISU-01,ATE-STATION-01,CHAMBER-01,1.0,60.0,3.3,168,dark_current_density,OPTICAL,nA/cm2,13.4236,18.5609,55.5206,170.105,5.1373,7.55,5,42.23,6.99,0.0189,-0.0831,59.85,62.47,13.4236,18.5609,55.5206,170.105,5.1373,10.0,False,NOMINAL,HEALTHY,-22.25,5.65
IMA_LOT02_COMP1865,LOT_02,IMAGE_SENSOR,LCC-20,IMA-SIH-2026,IMAGE_SENSOR_DARK_CURRENT_TEST,T02_1865,PROC-ISRO-IISU-01,ATE-STATION-01,CHAMBER-01,1.0,60.0,3.3,168,dark_current_density,OPTICAL,nA/cm2,13.6942,18.7125,52.6278,142.6305,5.0183,12.34,7,41.89,6.59,-0.0033,-0.0344,60.78,62.86,13.6942,18.7125,52.6278,142.6305,5.0183,10.0,False,NOMINAL,HEALTHY,-38.09,22.86
IMA_LOT02_COMP1866,LOT_02,IMAGE_SENSOR,LCC-20,IMA-SIH-2026,IMAGE_SENSOR_DARK_CURRENT_TEST,T02_1866,PROC-ISRO-IISU-01,ATE-STATION-01,CHAMBER-01,1.0,60.0,3.3,168,dark_current_density,OPTICAL,nA/cm2,12.1978,17.3178,43.4506,104.5056,5.12,7.2,8,40.92,7.75,-0.0267,0.0504,65.49,60.94,12.1978,17.3178,43.4506,104.5056,5.12,10.0,False,NOMINAL,HEALTHY,49.29,49.37
IMA_LOT02_COMP1867,LOT_02,IMAGE_SENSOR,LCC-20,IMA-SIH-2026,IMAGE_SENSOR_DARK_CURRENT_TEST,T02_1867,PROC-ISRO-IISU-01,ATE-STATION-01,CHAMBER-01,1.0,60.0,3.3,168,dark_current_density,OPTICAL,nA/cm2,13.0396,17.9017,44.2309,113.1101,4.8621,14.46,5,43.07,7.52,-0.0191,-0.0493,62.41,61.81,13.0396,17.9017,44.2309,113.1101,4.8621,10.0,False,NOMINAL,HEALTHY,8.57,-47.77
IMA_LOT02_COMP1868,LOT_02,IMAGE_SENSOR,LCC-20,IMA-SIH-2026,IMAGE_SENSOR_DARK_CURRENT_TEST,T02_1868,PROC-ISRO-IISU-01,ATE-STATION-01,CHAMBER-01,1.0,60.0,3.3,168,dark_current_density,OPTICAL,nA/cm2,12.2076,15.2,33.2142,68.5369,2.9924,10.03,5,41.53,10.92,-0.0138,0.0479,61.34,61.66,12.2076,15.2,33.2142,68.5369,2.9924,10.0,False,NOMINAL,HEALTHY,-15.55,20.19
IMA_LOT02_COMP1869,LOT_02,IMAGE_SENSOR,LCC-20,IMA-SIH-2026,IMAGE_SENSOR_DARK_CURRENT_TEST,T02_1869,PROC-ISRO-IISU-01,ATE-STATION-01,CHAMBER-01,1.0,60.0,3.3,168,dark_current_density,OPTICAL,nA/cm2,12.8713,18.6835,68.2023,237.4263,5.8122,13.74,5,43.85,7.67,-0.0257,-0.0463,63.18,61.68,12.8713,18.6835,68.2023,237.4263,5.8122,10.0,False,NOMINAL,HEALTHY,-45.6,-31.49
IMA_LOT02_COMP1870,LOT_02,IMAGE_SENSOR,LCC-20,IMA-SIH-2026,IMAGE_SENSOR_DARK_CURRENT_TEST,T02_1870,PROC-ISRO-IISU-01,ATE-STATION-01,CHAMBER-01,1.0,60.0,3.3,168,dark_current_density,OPTICAL,nA/cm2,12.5876,16.0776,36.5057,84.3478,3.49,9.85,3,43.32,7.8,0.0148,0.0107,61.88,61.84,12.5876,16.0776,36.5057,84.3478,3.49,10.0,False,NOMINAL,HEALTHY,14.02,8.59
IMA_LOT02_COMP1871,LOT_02,IMAGE_SENSOR,LCC-20,IMA-SIH-2026,IMAGE_SENSOR_DARK_CURRENT_TEST,T02_1871,PROC-ISRO-IISU-01,ATE-STATION-01,CHAMBER-01,1.0,60.0,3.3,168,dark_current_density,OPTICAL,nA/cm2,12.2039,16.7103,35.8659,79.504,4.5064,11.58,7,39.58,9.3,0.0159,0.0441,63.42,60.54,12.2039,16.7103,35.8659,79.504,4.5064,10.0,False,NOMINAL,HEALTHY,-49.12,30.59
IMA_LOT02_COMP1872,LOT_02,IMAGE_SENSOR,LCC-20,IMA-SIH-2026,IMAGE_SENSOR_DARK_CURRENT_TEST,T02_1872,PROC-ISRO-IISU-01,ATE-STATION-01,CHAMBER-01,1.0,60.0,3.3,168,dark_current_density,OPTICAL,nA/cm2,13.435,17.6885,38.8819,90.44,4.2535,12.07,5,38.21,6.6,-0.0115,-0.0521,62.06,61.45,13.435,17.6885,38.8819,90.44,4.2535,10.0,False,NOMINAL,HEALTHY,46.63,0.76
IMA_LOT02_COMP1873,LOT_02,IMAGE_SENSOR,LCC-20,IMA-SIH-2026,IMAGE_SENSOR_DARK_CURRENT_TEST,T02_1873,PROC-ISRO-IISU-01,ATE-STATION-01,CHAMBER-01,1.0,60.0,3.3,168,dark_current_density,OPTICAL,nA/cm2,12.9403,16.8336,35.1489,76.2688,3.8933,8.78,5,42.06,8.64,0.0065,0.061,62.19,62.28,12.9403,16.8336,35.1489,76.2688,3.8933,10.0,False,NOMINAL,HEALTHY,-26.76,30.58
IMA_LOT02_COMP1874,LOT_02,IMAGE_SENSOR,LCC-20,IMA-SIH-2026,IMAGE_SENSOR_DARK_CURRENT_TEST,T02_1874,PROC-ISRO-IISU-01,ATE-STATION-01,CHAMBER-01,1.0,60.0,3.3,168,dark_current_density,OPTICAL,nA/cm2,12.7186,18.6589,55.2842,167.4664,5.9403,13.66,5,42.29,9.15,-0.0008,0.0603,61.45,61.63,12.7186,18.6589,55.2842,167.4664,5.9403,10.0,False,NOMINAL,HEALTHY,-5.79,24.78
IMA_LOT02_COMP1875,LOT_02,IMAGE_SENSOR,LCC-20,IMA-SIH-2026,IMAGE_SENSOR_DARK_CURRENT_TEST,T02_1875,PROC-ISRO-IISU-01,ATE-STATION-01,CHAMBER-01,1.0,60.0,3.3,168,dark_current_density,OPTICAL,nA/cm2,12.8473,16.1401,32.5767,65.4345,3.2928,8.86,7,43.1,11.75,0.0186,0.0016,63.05,61.73,12.8473,16.1401,32.5767,65.4345,3.2928,10.0,False,NOMINAL,HEALTHY,-24.99,-44.78
IMA_LOT02_COMP1876,LOT_02,IMAGE_SENSOR,LCC-20,IMA-SIH-2026,IMAGE_SENSOR_DARK_CURRENT_TEST,T02_1876,PROC-ISRO-IISU-01,ATE-STATION-01,CHAMBER-01,1.0,60.0,3.3,168,dark_current_density,OPTICAL,nA/cm2,13.4276,16.8102,37.0555,73.9756,3.3826,13.51,1,39.38,8.98,-0.0261,-0.1042,62.69,61.55,13.4276,16.8102,37.0555,73.9756,3.3826,10.0,False,NOMINAL,HEALTHY,4.16,34.57
IMA_LOT02_COMP1877,LOT_02,IMAGE_SENSOR,LCC-20,IMA-SIH-2026,IMAGE_SENSOR_DARK_CURRENT_TEST,T02_1877,PROC-ISRO-IISU-01,ATE-STATION-01,CHAMBER-01,1.0,60.0,3.3,168,dark_current_density,OPTICAL,nA/cm2,12.2146,15.7538,34.2573,74.3519,3.5392,11.88,9,42.55,8.61,-0.0082,-0.088,65.31,61.38,12.2146,15.7538,34.2573,74.3519,3.5392,10.0,False,NOMINAL,HEALTHY,20.5,-47.84
IMA_LOT02_COMP1878,LOT_02,IMAGE_SENSOR,LCC-20,IMA-SIH-2026,IMAGE_SENSOR_DARK_CURRENT_TEST,T02_1878,PROC-ISRO-IISU-01,ATE-STATION-01,CHAMBER-01,1.0,60.0,3.3,168,dark_current_density,OPTICAL,nA/cm2,12.3794,17.0563,48.0649,129.0085,4.6769,12.44,5,43.27,6.98,0.0117,0.0659,61.5,62.12,12.3794,17.0563,48.0649,129.0085,4.6769,10.0,False,NOMINAL,HEALTHY,-16.74,-49.85
IMA_LOT02_COMP1879,LOT_02,IMAGE_SENSOR,LCC-20,IMA-SIH-2026,IMAGE_SENSOR_DARK_CURRENT_TEST,T02_1879,PROC-ISRO-IISU-01,ATE-STATION-01,CHAMBER-01,1.0,60.0,3.3,168,dark_current_density,OPTICAL,nA/cm2,11.8769,18.2952,67.741,241.5683,6.4183,15.89,7,39.95,8.03,-0.0001,-0.0466,60.49,61.29,11.8769,18.2952,67.741,241.5683,6.4183,10.0,False,NOMINAL,HEALTHY,32.27,25.25
IMA_LOT02_COMP1880,LOT_02,IMAGE_SENSOR,LCC-20,IMA-SIH-2026,IMAGE_SENSOR_DARK_CURRENT_TEST,T02_1880,PROC-ISRO-IISU-01,ATE-STATION-01,CHAMBER-01,1.0,60.0,3.3,168,dark_current_density,OPTICAL,nA/cm2,12.8735,17.4531,44.6375,118.0395,4.5796,13.48,8,41.55,5.62,0.0053,0.0307,62.72,61.95,12.8735,17.4531,44.6375,118.0395,4.5796,10.0,False,NOMINAL,HEALTHY,1.83,-26.02
IMA_LOT02_COMP1881,LOT_02,IMAGE_SENSOR,LCC-20,IMA-SIH-2026,IMAGE_SENSOR_DARK_CURRENT_TEST,T02_1881,PROC-ISRO-IISU-01,ATE-STATION-01,CHAMBER-01,1.0,60.0,3.3,168,dark_current_density,OPTICAL,nA/cm2,12.8748,18.9948,59.672,193.0579,6.12,8.29,8,42.13,9.94,-0.0294,-0.1507,62.95,62.57,12.8748,18.9948,59.672,193.0579,6.12,10.0,False,NOMINAL,HEALTHY,-32.7,-23.37
IMA_LOT02_COMP1882,LOT_02,IMAGE_SENSOR,LCC-20,IMA-SIH-2026,IMAGE_SENSOR_DARK_CURRENT_TEST,T02_1882,PROC-ISRO-IISU-01,ATE-STATION-01,CHAMBER-01,1.0,60.0,3.3,168,dark_current_density,OPTICAL,nA/cm2,12.4023,16.1353,35.3199,77.8132,3.733,7.9,3,42.34,7.52,-0.0035,0.0019,62.65,63.53,12.4023,16.1353,35.3199,77.8132,3.733,10.0,False,NOMINAL,HEALTHY,-31.5,20.81
IMA_LOT02_COMP1883,LOT_02,IMAGE_SENSOR,LCC-20,IMA-SIH-2026,IMAGE_SENSOR_DARK_CURRENT_TEST,T02_1883,PROC-ISRO-IISU-01,ATE-STATION-01,CHAMBER-01,1.0,60.0,3.3,168,dark_current_density,OPTICAL,nA/cm2,12.2358,15.0321,33.7135,71.753,2.7963,9.68,7,41.31,7.25,-0.0155,0.0635,62.56,62.52,12.2358,15.0321,33.7135,71.753,2.7963,10.0,False,NOMINAL,HEALTHY,-18.26,-43.15
IMA_LOT02_COMP1884,LOT_02,IMAGE_SENSOR,LCC-20,IMA-SIH-2026,IMAGE_SENSOR_DARK_CURRENT_TEST,T02_1884,PROC-ISRO-IISU-01,ATE-STATION-01,CHAMBER-01,1.0,60.0,3.3,168,dark_current_density,OPTICAL,nA/cm2,12.9411,18.1278,62.0581,201.8163,5.1867,13.24,10,43.07,5.39,-0.0025,0.0385,62.79,61.87,12.9411,18.1278,62.0581,201.8163,5.1867,10.0,False,NOMINAL,HEALTHY,38.45,1.3
IMA_LOT02_COMP1885,LOT_02,IMAGE_SENSOR,LCC-20,IMA-SIH-2026,IMAGE_SENSOR_DARK_CURRENT_TEST,T02_1885,PROC-ISRO-IISU-01,ATE-STATION-01,CHAMBER-01,1.0,60.0,3.3,168,dark_current_density,OPTICAL,nA/cm2,12.3591,16.4961,43.396,108.5009,4.137,9.77,4,41.41,7.97,-0.0544,-0.0424,61.47,62.47,12.3591,16.4961,43.396,108.5009,4.137,10.0,False,NOMINAL,HEALTHY,-29.6,-48.69
IMA_LOT02_COMP1886,LOT_02,IMAGE_SENSOR,LCC-20,IMA-SIH-2026,IMAGE_SENSOR_DARK_CURRENT_TEST,T02_1886,PROC-ISRO-IISU-01,ATE-STATION-01,CHAMBER-01,1.0,60.0,3.3,168,dark_current_density,OPTICAL,nA/cm2,12.8877,19.643,70.5926,255.9134,6.7553,7.07,4,39.11,8.44,-0.0011,0.0889,60.54,62.02,12.8877,19.643,70.5926,255.9134,6.7553,10.0,False,NOMINAL,HEALTHY,44.8,24.28
IMA_LOT02_COMP1887,LOT_02,IMAGE_SENSOR,LCC-20,IMA-SIH-2026,IMAGE_SENSOR_DARK_CURRENT_TEST,T02_1887,PROC-ISRO-IISU-01,ATE-STATION-01,CHAMBER-01,1.0,60.0,3.3,168,dark_current_density,OPTICAL,nA/cm2,12.2612,19.4338,66.2758,246.5801,7.1726,12.07,2,41.69,9.2,-0.0011,-0.0723,60.76,62.03,12.2612,19.4338,66.2758,246.5801,7.1726,10.0,False,NOMINAL,HEALTHY,-13.56,-37.73
IMA_LOT02_COMP1888,LOT_02,IMAGE_SENSOR,LCC-20,IMA-SIH-2026,IMAGE_SENSOR_DARK_CURRENT_TEST,T02_1888,PROC-ISRO-IISU-01,ATE-STATION-01,CHAMBER-01,1.0,60.0,3.3,168,dark_current_density,OPTICAL,nA/cm2,11.9662,17.5575,58.1275,202.9409,5.5913,15.47,5,39.91,9.45,-0.0308,-0.0152,60.72,62.43,11.9662,17.5575,58.1275,202.9409,5.5913,10.0,False,NOMINAL,HEALTHY,-25.29,37.92
IMA_LOT02_COMP1889,LOT_02,IMAGE_SENSOR,LCC-20,IMA-SIH-2026,IMAGE_SENSOR_DARK_CURRENT_TEST,T02_1889,PROC-ISRO-IISU-01,ATE-STATION-01,CHAMBER-01,1.0,60.0,3.3,168,dark_current_density,OPTICAL,nA/cm2,12.3235,16.7851,40.5267,99.4662,4.4616,14.43,5,43.61,6.33,-0.0024,-0.0167,61.68,61.47,12.3235,16.7851,40.5267,99.4662,4.4616,10.0,False,NOMINAL,HEALTHY,-10.49,-47.75
IMA_LOT02_COMP1890,LOT_02,IMAGE_SENSOR,LCC-20,IMA-SIH-2026,IMAGE_SENSOR_DARK_CURRENT_TEST,T02_1890,PROC-ISRO-IISU-01,ATE-STATION-01,CHAMBER-01,1.0,60.0,3.3,168,dark_current_density,OPTICAL,nA/cm2,13.2124,17.8958,45.8757,122.0425,4.6834,12.09,11,46.18,9.15,-0.006,-0.0047,60.21,62.28,13.2124,17.8958,45.8757,122.0425,4.6834,10.0,False,NOMINAL,HEALTHY,3.93,48.28
IMA_LOT02_COMP1891,LOT_02,IMAGE_SENSOR,LCC-20,IMA-SIH-2026,IMAGE_SENSOR_DARK_CURRENT_TEST,T02_1891,PROC-ISRO-IISU-01,ATE-STATION-01,CHAMBER-01,1.0,60.0,3.3,168,dark_current_density,OPTICAL,nA/cm2,12.5882,19.9195,67.8778,223.6316,7.3313,9.51,7,42.69,11.91,0.0181,0.017,63.8,62.68,12.5882,19.9195,67.8778,223.6316,7.3313,10.0,False,NOMINAL,HEALTHY,37.9,-43.96
IMA_LOT02_COMP1892,LOT_02,IMAGE_SENSOR,LCC-20,IMA-SIH-2026,IMAGE_SENSOR_DARK_CURRENT_TEST,T02_1892,PROC-ISRO-IISU-01,ATE-STATION-01,CHAMBER-01,1.0,60.0,3.3,168,dark_current_density,OPTICAL,nA/cm2,12.7491,16.3282,33.0303,68.2533,3.5791,14.39,4,42.38,9.17,0.0024,-0.0123,60.14,62.83,12.7491,16.3282,33.0303,68.2533,3.5791,10.0,False,NOMINAL,HEALTHY,-16.94,-6.22
IMA_LOT02_COMP1893,LOT_02,IMAGE_SENSOR,LCC-20,IMA-SIH-2026,IMAGE_SENSOR_DARK_CURRENT_TEST,T02_1893,PROC-ISRO-IISU-01,ATE-STATION-01,CHAMBER-01,1.0,60.0,3.3,168,dark_current_density,OPTICAL,nA/cm2,12.1278,16.0816,37.7596,86.0287,3.9538,11.86,5,42.39,10.82,0.017,0.0734,64.57,61.35,12.1278,16.0816,37.7596,86.0287,3.9538,10.0,False,NOMINAL,HEALTHY,-29.09,39.32
IMA_LOT02_COMP1894,LOT_02,IMAGE_SENSOR,LCC-20,IMA-SIH-2026,IMAGE_SENSOR_DARK_CURRENT_TEST,T02_1894,PROC-ISRO-IISU-01,ATE-STATION-01,CHAMBER-01,1.0,60.0,3.3,168,dark_current_density,OPTICAL,nA/cm2,12.3667,18.9727,67.9301,246.8997,6.606,13.06,1,43.57,10.73,-0.0056,-0.0335,61.48,61.89,12.3667,18.9727,67.9301,246.8997,6.606,10.0,False,NOMINAL,HEALTHY,-11.87,-2.12
IMA_LOT02_COMP1895,LOT_02,IMAGE_SENSOR,LCC-20,IMA-SIH-2026,IMAGE_SENSOR_DARK_CURRENT_TEST,T02_1895,PROC-ISRO-IISU-01,ATE-STATION-01,CHAMBER-01,1.0,60.0,3.3,168,dark_current_density,OPTICAL,nA/cm2,12.9676,19.9888,67.0584,221.8369,7.0212,16.25,7,39.47,7.32,0.0083,-0.0055,62.31,61.43,12.9676,19.9888,67.0584,221.8369,7.0212,10.0,False,NOMINAL,HEALTHY,21.25,5.27
IMA_LOT02_COMP1896,LOT_02,IMAGE_SENSOR,LCC-20,IMA-SIH-2026,IMAGE_SENSOR_DARK_CURRENT_TEST,T02_1896,PROC-ISRO-IISU-01,ATE-STATION-01,CHAMBER-01,1.0,60.0,3.3,168,dark_current_density,OPTICAL,nA/cm2,12.7453,17.7916,48.1354,122.0112,5.0463,12.02,4,42.15,7.48,0.0127,0.0303,63.9,60.84,12.7453,17.7916,48.1354,122.0112,5.0463,10.0,False,NOMINAL,HEALTHY,5.67,-39.95
IMA_LOT02_COMP1897,LOT_02,IMAGE_SENSOR,LCC-20,IMA-SIH-2026,IMAGE_SENSOR_DARK_CURRENT_TEST,T02_1897,PROC-ISRO-IISU-01,ATE-STATION-01,CHAMBER-01,1.0,60.0,3.3,168,dark_current_density,OPTICAL,nA/cm2,12.1667,18.0566,184.5319,1958.3442,5.8899,7.7,5,45.26,8.54,0.0089,-0.0159,62.18,62.11,12.1667,18.0566,184.5319,1958.3442,5.8899,10.0,True,THERMAL_RUNAWAY,HEALTHY,17.09,45.47
IMA_LOT02_COMP1898,LOT_02,IMAGE_SENSOR,LCC-20,IMA-SIH-2026,IMAGE_SENSOR_DARK_CURRENT_TEST,T02_1898,PROC-ISRO-IISU-01,ATE-STATION-01,CHAMBER-01,1.0,60.0,3.3,168,dark_current_density,OPTICAL,nA/cm2,12.5028,19.2764,63.6587,217.1086,6.7736,12.23,3,42.0,11.09,0.0137,0.0117,63.91,61.75,12.5028,19.2764,63.6587,217.1086,6.7736,10.0,False,NOMINAL,HEALTHY,-30.3,-40.01
IMA_LOT02_COMP1899,LOT_02,IMAGE_SENSOR,LCC-20,IMA-SIH-2026,IMAGE_SENSOR_DARK_CURRENT_TEST,T02_1899,PROC-ISRO-IISU-01,ATE-STATION-01,CHAMBER-01,1.0,60.0,3.3,168,dark_current_density,OPTICAL,nA/cm2,12.8012,18.1686,51.5968,140.7443,5.3674,15.85,8,42.33,8.92,0.0033,-0.0195,61.83,62.15,12.8012,18.1686,51.5968,140.7443,5.3674,10.0,False,NOMINAL,HEALTHY,-23.07,-17.9
IMA_LOT02_COMP1900,LOT_02,IMAGE_SENSOR,LCC-20,IMA-SIH-2026,IMAGE_SENSOR_DARK_CURRENT_TEST,T02_1900,PROC-ISRO-IISU-01,ATE-STATION-01,CHAMBER-01,1.0,60.0,3.3,168,dark_current_density,OPTICAL,nA/cm2,12.5266,18.4126,66.3767,250.6435,5.886,3.65,5,41.17,8.28,-0.012,-0.0095,60.19,61.9,12.5266,18.4126,66.3767,250.6435,5.886,10.0,False,NOMINAL,HEALTHY,10.69,-15.7
IMA_LOT02_COMP1901,LOT_02,IMAGE_SENSOR,LCC-20,IMA-SIH-2026,IMAGE_SENSOR_DARK_CURRENT_TEST,T02_1901,PROC-ISRO-IISU-01,ATE-STATION-01,CHAMBER-01,1.0,60.0,3.3,168,dark_current_density,OPTICAL,nA/cm2,13.6019,18.5752,43.4821,103.2135,4.9733,11.6,4,40.67,7.14,0.0209,-0.0114,62.85,61.61,13.6019,18.5752,43.4821,103.2135,4.9733,10.0,False,NOMINAL,HEALTHY,17.27,42.89
IMA_LOT02_COMP1902,LOT_02,IMAGE_SENSOR,LCC-20,IMA-SIH-2026,IMAGE_SENSOR_DARK_CURRENT_TEST,T02_1902,PROC-ISRO-IISU-01,ATE-STATION-01,CHAMBER-01,1.0,60.0,3.3,168,dark_current_density,OPTICAL,nA/cm2,13.1991,17.8252,42.0151,97.9994,4.6261,11.63,8,42.29,6.95,-0.023,-0.0812,63.37,62.42,13.1991,17.8252,42.0151,97.9994,4.6261,10.0,False,NOMINAL,HEALTHY,-26.31,41.91
IMA_LOT02_COMP1903,LOT_02,IMAGE_SENSOR,LCC-20,IMA-SIH-2026,IMAGE_SENSOR_DARK_CURRENT_TEST,T02_1903,PROC-ISRO-IISU-01,ATE-STATION-01,CHAMBER-01,1.0,60.0,3.3,168,dark_current_density,OPTICAL,nA/cm2,12.7856,16.6653,32.6483,64.9822,3.8797,15.19,0,40.36,7.88,0.0282,0.0401,62.04,61.62,12.7856,16.6653,32.6483,64.9822,3.8797,10.0,False,NOMINAL,HEALTHY,10.42,11.84
IMA_LOT02_COMP1904,LOT_02,IMAGE_SENSOR,LCC-20,IMA-SIH-2026,IMAGE_SENSOR_DARK_CURRENT_TEST,T02_1904,PROC-ISRO-IISU-01,ATE-STATION-01,CHAMBER-01,1.0,60.0,3.3,168,dark_current_density,OPTICAL,nA/cm2,12.9904,19.2274,61.6638,207.3445,6.237,13.94,5,45.93,6.34,-0.0143,-0.0513,65.07,61.65,12.9904,19.2274,61.6638,207.3445,6.237,10.0,False,NOMINAL,HEALTHY,-25.36,-34.98
IMA_LOT02_COMP1905,LOT_02,IMAGE_SENSOR,LCC-20,IMA-SIH-2026,IMAGE_SENSOR_DARK_CURRENT_TEST,T02_1905,PROC-ISRO-IISU-01,ATE-STATION-01,CHAMBER-01,1.0,60.0,3.3,168,dark_current_density,OPTICAL,nA/cm2,12.8382,18.6528,57.7857,175.2916,5.8146,9.23,5,42.12,4.97,0.0381,0.1311,61.46,61.31,12.8382,18.6528,57.7857,175.2916,5.8146,10.0,False,NOMINAL,HEALTHY,-23.67,0.9
IMA_LOT02_COMP1906,LOT_02,IMAGE_SENSOR,LCC-20,IMA-SIH-2026,IMAGE_SENSOR_DARK_CURRENT_TEST,T02_1906,PROC-ISRO-IISU-01,ATE-STATION-01,CHAMBER-01,1.0,60.0,3.3,168,dark_current_density,OPTICAL,nA/cm2,12.1898,15.3116,31.0012,61.5062,3.1218,12.93,3,40.6,4.41,-0.0126,-0.0581,57.55,62.87,12.1898,15.3116,31.0012,61.5062,3.1218,10.0,False,NOMINAL,HEALTHY,35.68,-47.82
IMA_LOT02_COMP1907,LOT_02,IMAGE_SENSOR,LCC-20,IMA-SIH-2026,IMAGE_SENSOR_DARK_CURRENT_TEST,T02_1907,PROC-ISRO-IISU-01,ATE-STATION-01,CHAMBER-01,1.0,60.0,3.3,168,dark_current_density,OPTICAL,nA/cm2,12.3542,18.016,57.2258,175.3002,5.6618,16.12,6,40.91,8.09,0.0339,-0.0144,59.95,61.79,12.3542,18.016,57.2258,175.3002,5.6618,10.0,False,NOMINAL,HEALTHY,15.61,-40.27
IMA_LOT02_COMP1908,LOT_02,IMAGE_SENSOR,LCC-20,IMA-SIH-2026,IMAGE_SENSOR_DARK_CURRENT_TEST,T02_1908,PROC-ISRO-IISU-01,ATE-STATION-01,CHAMBER-01,1.0,60.0,3.3,168,dark_current_density,OPTICAL,nA/cm2,13.3725,20.6905,72.9909,259.4104,7.318,9.73,4,42.4,5.94,-0.0309,-0.0545,64.24,62.14,13.3725,20.6905,72.9909,259.4104,7.318,10.0,False,NOMINAL,HEALTHY,-28.3,23.34
IMA_LOT02_COMP1909,LOT_02,IMAGE_SENSOR,LCC-20,IMA-SIH-2026,IMAGE_SENSOR_DARK_CURRENT_TEST,T02_1909,PROC-ISRO-IISU-01,ATE-STATION-01,CHAMBER-01,1.0,60.0,3.3,168,dark_current_density,OPTICAL,nA/cm2,12.9129,17.0192,40.9606,103.2694,4.1063,11.79,6,40.44,5.02,-0.0241,-0.0403,62.16,62.28,12.9129,17.0192,40.9606,103.2694,4.1063,10.0,False,NOMINAL,HEALTHY,-22.93,37.08
IMA_LOT02_COMP1910,LOT_02,IMAGE_SENSOR,LCC-20,IMA-SIH-2026,IMAGE_SENSOR_DARK_CURRENT_TEST,T02_1910,PROC-ISRO-IISU-01,ATE-STATION-01,CHAMBER-01,1.0,60.0,3.3,168,dark_current_density,OPTICAL,nA/cm2,12.829,16.424,35.5476,76.1211,3.595,7.21,7,42.3,8.33,0.0114,0.0135,62.76,62.1,12.829,16.424,35.5476,76.1211,3.595,10.0,False,NOMINAL,HEALTHY,45.59,-46.38
IMA_LOT02_COMP1911,LOT_02,IMAGE_SENSOR,LCC-20,IMA-SIH-2026,IMAGE_SENSOR_DARK_CURRENT_TEST,T02_1911,PROC-ISRO-IISU-01,ATE-STATION-01,CHAMBER-01,1.0,60.0,3.3,168,dark_current_density,OPTICAL,nA/cm2,12.906,16.6319,36.7442,78.2043,3.7259,13.57,4,41.65,9.92,0.0025,0.0453,59.14,62.31,12.906,16.6319,36.7442,78.2043,3.7259,10.0,False,NOMINAL,HEALTHY,-20.22,-15.41
IMA_LOT02_COMP1912,LOT_02,IMAGE_SENSOR,LCC-20,IMA-SIH-2026,IMAGE_SENSOR_DARK_CURRENT_TEST,T02_1912,PROC-ISRO-IISU-01,ATE-STATION-01,CHAMBER-01,1.0,60.0,3.3,168,dark_current_density,OPTICAL,nA/cm2,12.8785,16.6454,118.6912,896.1453,3.7669,12.04,1,43.74,6.08,0.0068,-0.057,64.99,62.49,12.8785,16.6454,118.6912,896.1453,3.7669,10.0,True,THERMAL_RUNAWAY,HEALTHY,-10.88,-26.03
IMA_LOT02_COMP1913,LOT_02,IMAGE_SENSOR,LCC-20,IMA-SIH-2026,IMAGE_SENSOR_DARK_CURRENT_TEST,T02_1913,PROC-ISRO-IISU-01,ATE-STATION-01,CHAMBER-01,1.0,60.0,3.3,168,dark_current_density,OPTICAL,nA/cm2,12.4219,18.2018,61.3958,199.0787,5.7799,13.8,6,42.95,5.32,-0.0133,-0.0066,60.03,62.18,12.4219,18.2018,61.3958,199.0787,5.7799,10.0,False,NOMINAL,HEALTHY,2.53,49.18
IMA_LOT02_COMP1914,LOT_02,IMAGE_SENSOR,LCC-20,IMA-SIH-2026,IMAGE_SENSOR_DARK_CURRENT_TEST,T02_1914,PROC-ISRO-IISU-01,ATE-STATION-01,CHAMBER-01,1.0,60.0,3.3,168,dark_current_density,OPTICAL,nA/cm2,12.447,15.7956,30.2605,65.4629,3.3486,9.23,6,40.41,8.73,-0.0128,-0.0748,62.07,62.41,12.447,15.7956,30.2605,65.4629,3.3486,10.0,False,NOMINAL,HEALTHY,7.94,25.1
IMA_LOT02_COMP1915,LOT_02,IMAGE_SENSOR,LCC-20,IMA-SIH-2026,IMAGE_SENSOR_DARK_CURRENT_TEST,T02_1915,PROC-ISRO-IISU-01,ATE-STATION-01,CHAMBER-01,1.0,60.0,3.3,168,dark_current_density,OPTICAL,nA/cm2,11.7366,15.6392,34.8999,76.6247,3.9026,10.47,7,43.49,8.94,0.0073,0.0096,60.51,61.97,11.7366,15.6392,34.8999,76.6247,3.9026,10.0,False,NOMINAL,HEALTHY,-8.67,7.5
IMA_LOT02_COMP1916,LOT_02,IMAGE_SENSOR,LCC-20,IMA-SIH-2026,IMAGE_SENSOR_DARK_CURRENT_TEST,T02_1916,PROC-ISRO-IISU-01,ATE-STATION-01,CHAMBER-01,1.0,60.0,3.3,168,dark_current_density,OPTICAL,nA/cm2,12.8286,16.7269,35.8133,81.6097,3.8983,12.12,4,45.13,6.29,0.0226,0.1072,65.04,62.38,12.8286,16.7269,35.8133,81.6097,3.8983,10.0,False,NOMINAL,HEALTHY,29.15,-22.58
IMA_LOT02_COMP1917,LOT_02,IMAGE_SENSOR,LCC-20,IMA-SIH-2026,IMAGE_SENSOR_DARK_CURRENT_TEST,T02_1917,PROC-ISRO-IISU-01,ATE-STATION-01,CHAMBER-01,1.0,60.0,3.3,168,dark_current_density,OPTICAL,nA/cm2,43.5097,63.4551,170.5003,449.8664,19.9454,11.92,6,43.91,8.7,-0.0008,0.0429,61.47,62.09,43.5097,63.4551,170.5003,449.8664,19.9454,10.0,True,SPATIAL_OUTLIER,HEALTHY,35.29,41.43
IMA_LOT02_COMP1918,LOT_02,IMAGE_SENSOR,LCC-20,IMA-SIH-2026,IMAGE_SENSOR_DARK_CURRENT_TEST,T02_1918,PROC-ISRO-IISU-01,ATE-STATION-01,CHAMBER-01,1.0,60.0,3.3,168,dark_current_density,OPTICAL,nA/cm2,12.9766,16.6702,36.5544,81.8273,3.6936,8.52,4,38.87,7.27,0.0387,0.0653,62.99,61.84,12.9766,16.6702,36.5544,81.8273,3.6936,10.0,False,NOMINAL,HEALTHY,27.23,-42.16
IMA_LOT02_COMP1919,LOT_02,IMAGE_SENSOR,LCC-20,IMA-SIH-2026,IMAGE_SENSOR_DARK_CURRENT_TEST,T02_1919,PROC-ISRO-IISU-01,ATE-STATION-01,CHAMBER-01,1.0,60.0,3.3,168,dark_current_density,OPTICAL,nA/cm2,12.5952,17.5698,52.1668,154.1226,4.9746,10.54,8,43.28,10.01,-0.0324,-0.0474,60.68,62.23,12.5952,17.5698,52.1668,154.1226,4.9746,10.0,False,NOMINAL,HEALTHY,-14.75,-7.6
IMA_LOT02_COMP1920,LOT_02,IMAGE_SENSOR,LCC-20,IMA-SIH-2026,IMAGE_SENSOR_DARK_CURRENT_TEST,T02_1920,PROC-ISRO-IISU-01,ATE-STATION-01,CHAMBER-01,1.0,60.0,3.3,168,dark_current_density,OPTICAL,nA/cm2,13.1154,20.2241,70.3813,242.7755,7.1087,14.3,4,41.81,5.19,-0.0261,0.0094,60.36,62.19,13.1154,20.2241,70.3813,242.7755,7.1087,10.0,False,NOMINAL,HEALTHY,36.45,9.23
IMA_LOT02_COMP1921,LOT_02,IMAGE_SENSOR,LCC-20,IMA-SIH-2026,IMAGE_SENSOR_DARK_CURRENT_TEST,T02_1921,PROC-ISRO-IISU-01,ATE-STATION-01,CHAMBER-01,1.0,60.0,3.3,168,dark_current_density,OPTICAL,nA/cm2,13.2373,17.6891,42.0306,95.9998,4.4518,12.1,2,45.29,8.95,0.0225,-0.0921,62.95,62.1,13.2373,17.6891,42.0306,95.9998,4.4518,10.0,False,NOMINAL,HEALTHY,44.02,-21.48
IMA_LOT02_COMP1922,LOT_02,IMAGE_SENSOR,LCC-20,IMA-SIH-2026,IMAGE_SENSOR_DARK_CURRENT_TEST,T02_1922,PROC-ISRO-IISU-01,ATE-STATION-01,CHAMBER-01,1.0,60.0,3.3,168,dark_current_density,OPTICAL,nA/cm2,12.642,18.9998,65.4812,207.6197,6.3578,12.86,2,41.37,7.63,-0.0121,0.0282,62.74,61.38,12.642,18.9998,65.4812,207.6197,6.3578,10.0,False,NOMINAL,HEALTHY,50.0,-34.3
IMA_LOT02_COMP1923,LOT_02,IMAGE_SENSOR,LCC-20,IMA-SIH-2026,IMAGE_SENSOR_DARK_CURRENT_TEST,T02_1923,PROC-ISRO-IISU-01,ATE-STATION-01,CHAMBER-01,1.0,60.0,3.3,168,dark_current_density,OPTICAL,nA/cm2,44.1983,57.8717,122.0848,279.8667,13.6734,10.84,3,42.1,7.77,-0.0317,-0.0302,60.8,62.38,44.1983,57.8717,122.0848,279.8667,13.6734,10.0,True,SPATIAL_OUTLIER,HEALTHY,-11.07,26.52
IMA_LOT02_COMP1924,LOT_02,IMAGE_SENSOR,LCC-20,IMA-SIH-2026,IMAGE_SENSOR_DARK_CURRENT_TEST,T02_1924,PROC-ISRO-IISU-01,ATE-STATION-01,CHAMBER-01,1.0,60.0,3.3,168,dark_current_density,OPTICAL,nA/cm2,13.202,16.4132,34.4296,78.9811,3.2112,8.83,6,42.6,11.27,0.0081,-0.047,62.82,62.4,13.202,16.4132,34.4296,78.9811,3.2112,10.0,False,NOMINAL,HEALTHY,34.67,23.61
IMA_LOT02_COMP1925,LOT_02,IMAGE_SENSOR,LCC-20,IMA-SIH-2026,IMAGE_SENSOR_DARK_CURRENT_TEST,T02_1925,PROC-ISRO-IISU-01,ATE-STATION-01,CHAMBER-01,1.0,60.0,3.3,168,dark_current_density,OPTICAL,nA/cm2,11.7449,15.6049,44.4714,121.6095,3.86,9.93,5,38.35,10.49,0.0314,0.0224,62.98,61.97,11.7449,15.6049,44.4714,121.6095,3.86,10.0,False,NOMINAL,HEALTHY,-18.78,-45.21
IMA_LOT02_COMP1926,LOT_02,IMAGE_SENSOR,LCC-20,IMA-SIH-2026,IMAGE_SENSOR_DARK_CURRENT_TEST,T02_1926,PROC-ISRO-IISU-01,ATE-STATION-01,CHAMBER-01,1.0,60.0,3.3,168,dark_current_density,OPTICAL,nA/cm2,11.9926,16.058,38.6127,87.3694,4.0654,8.81,9,41.38,5.71,0.0148,-0.0566,59.56,62.23,11.9926,16.058,38.6127,87.3694,4.0654,10.0,False,NOMINAL,HEALTHY,-26.18,44.16
IMA_LOT02_COMP1927,LOT_02,IMAGE_SENSOR,LCC-20,IMA-SIH-2026,IMAGE_SENSOR_DARK_CURRENT_TEST,T02_1927,PROC-ISRO-IISU-01,ATE-STATION-01,CHAMBER-01,1.0,60.0,3.3,168,dark_current_density,OPTICAL,nA/cm2,12.3256,17.6183,54.895,157.7351,5.2927,10.75,4,40.65,8.07,-0.0131,0.0142,61.36,62.51,12.3256,17.6183,54.895,157.7351,5.2927,10.0,False,NOMINAL,HEALTHY,-16.37,43.53
IMA_LOT02_COMP1928,LOT_02,IMAGE_SENSOR,LCC-20,IMA-SIH-2026,IMAGE_SENSOR_DARK_CURRENT_TEST,T02_1928,PROC-ISRO-IISU-01,ATE-STATION-01,CHAMBER-01,1.0,60.0,3.3,168,dark_current_density,OPTICAL,nA/cm2,12.7119,18.8648,68.5007,235.023,6.1529,7.6,5,41.95,6.36,0.0002,0.0085,63.85,61.92,12.7119,18.8648,68.5007,235.023,6.1529,10.0,False,NOMINAL,HEALTHY,-40.56,26.35
IMA_LOT02_COMP1929,LOT_02,IMAGE_SENSOR,LCC-20,IMA-SIH-2026,IMAGE_SENSOR_DARK_CURRENT_TEST,T02_1929,PROC-ISRO-IISU-01,ATE-STATION-01,CHAMBER-01,1.0,60.0,3.3,168,dark_current_density,OPTICAL,nA/cm2,13.2936,18.1076,59.672,175.5438,4.814,14.53,4,42.03,9.05,0.0093,0.0337,61.65,62.12,13.2936,18.1076,59.672,175.5438,4.814,10.0,False,NOMINAL,HEALTHY,-5.08,48.61
IMA_LOT02_COMP1930,LOT_02,IMAGE_SENSOR,LCC-20,IMA-SIH-2026,IMAGE_SENSOR_DARK_CURRENT_TEST,T02_1930,PROC-ISRO-IISU-01,ATE-STATION-01,CHAMBER-01,1.0,60.0,3.3,168,dark_current_density,OPTICAL,nA/cm2,12.7157,15.9273,35.9029,79.4298,3.2116,13.38,2,42.31,8.29,0.019,-0.0731,63.69,61.65,12.7157,15.9273,35.9029,79.4298,3.2116,10.0,False,NOMINAL,HEALTHY,33.62,9.08
IMA_LOT02_COMP1931,LOT_02,IMAGE_SENSOR,LCC-20,IMA-SIH-2026,IMAGE_SENSOR_DARK_CURRENT_TEST,T02_1931,PROC-ISRO-IISU-01,ATE-STATION-01,CHAMBER-01,1.0,60.0,3.3,168,dark_current_density,OPTICAL,nA/cm2,12.947,18.8303,69.2636,228.6611,5.8833,14.2,6,42.47,9.26,0.0088,0.005,61.6,62.1,12.947,18.8303,69.2636,228.6611,5.8833,10.0,False,NOMINAL,HEALTHY,19.49,15.05
IMA_LOT02_COMP1932,LOT_02,IMAGE_SENSOR,LCC-20,IMA-SIH-2026,IMAGE_SENSOR_DARK_CURRENT_TEST,T02_1932,PROC-ISRO-IISU-01,ATE-STATION-01,CHAMBER-01,1.0,60.0,3.3,168,dark_current_density,OPTICAL,nA/cm2,11.5353,16.1545,46.0455,128.9033,4.6192,13.84,4,39.02,9.02,0.0192,0.0415,58.83,61.84,11.5353,16.1545,46.0455,128.9033,4.6192,10.0,False,NOMINAL,HEALTHY,13.39,-39.32
IMA_LOT02_COMP1933,LOT_02,IMAGE_SENSOR,LCC-20,IMA-SIH-2026,IMAGE_SENSOR_DARK_CURRENT_TEST,T02_1933,PROC-ISRO-IISU-01,ATE-STATION-01,CHAMBER-01,1.0,60.0,3.3,168,dark_current_density,OPTICAL,nA/cm2,12.2131,16.5421,37.0569,78.3112,4.329,12.88,3,41.36,9.83,-0.0356,0.0277,65.0,62.21,12.2131,16.5421,37.0569,78.3112,4.329,10.0,False,NOMINAL,HEALTHY,-39.5,-15.75
IMA_LOT02_COMP1934,LOT_02,IMAGE_SENSOR,LCC-20,IMA-SIH-2026,IMAGE_SENSOR_DARK_CURRENT_TEST,T02_1934,PROC-ISRO-IISU-01,ATE-STATION-01,CHAMBER-01,1.0,60.0,3.3,168,dark_current_density,OPTICAL,nA/cm2,13.425,19.3485,48.0233,133.6546,5.9235,12.95,6,41.51,9.56,0.0183,0.0659,62.38,61.78,13.425,19.3485,48.0233,133.6546,5.9235,10.0,False,NOMINAL,HEALTHY,-42.42,48.91
IMA_LOT02_COMP1935,LOT_02,IMAGE_SENSOR,LCC-20,IMA-SIH-2026,IMAGE_SENSOR_DARK_CURRENT_TEST,T02_1935,PROC-ISRO-IISU-01,ATE-STATION-01,CHAMBER-01,1.0,60.0,3.3,168,dark_current_density,OPTICAL,nA/cm2,12.1722,15.7137,30.6826,60.9785,3.5415,10.27,2,41.23,8.78,0.0175,-0.0293,62.1,61.2,12.1722,15.7137,30.6826,60.9785,3.5415,10.0,False,NOMINAL,HEALTHY,14.88,-34.52
IMA_LOT02_COMP1936,LOT_02,IMAGE_SENSOR,LCC-20,IMA-SIH-2026,IMAGE_SENSOR_DARK_CURRENT_TEST,T02_1936,PROC-ISRO-IISU-01,ATE-STATION-01,CHAMBER-01,1.0,60.0,3.3,168,dark_current_density,OPTICAL,nA/cm2,14.0171,20.116,66.4738,207.8433,6.0989,8.72,4,43.73,7.46,0.0123,-0.0901,63.0,62.37,14.0171,20.116,66.4738,207.8433,6.0989,10.0,False,NOMINAL,HEALTHY,48.79,-31.56
IMA_LOT02_COMP1937,LOT_02,IMAGE_SENSOR,LCC-20,IMA-SIH-2026,IMAGE_SENSOR_DARK_CURRENT_TEST,T02_1937,PROC-ISRO-IISU-01,ATE-STATION-01,CHAMBER-01,1.0,60.0,3.3,168,dark_current_density,OPTICAL,nA/cm2,13.1429,17.0286,38.734,92.7537,3.8857,9.0,1,44.0,9.39,-0.0029,0.0737,61.31,61.96,13.1429,17.0286,38.734,92.7537,3.8857,10.0,False,NOMINAL,HEALTHY,-31.2,1.34
IMA_LOT02_COMP1938,LOT_02,IMAGE_SENSOR,LCC-20,IMA-SIH-2026,IMAGE_SENSOR_DARK_CURRENT_TEST,T02_1938,PROC-ISRO-IISU-01,ATE-STATION-01,CHAMBER-01,1.0,60.0,3.3,168,dark_current_density,OPTICAL,nA/cm2,13.0747,17.16,38.268,83.6979,4.0853,5.34,2,40.84,8.34,0.0187,0.044,61.84,61.88,13.0747,17.16,38.268,83.6979,4.0853,10.0,False,NOMINAL,HEALTHY,-35.2,20.04
IMA_LOT02_COMP1939,LOT_02,IMAGE_SENSOR,LCC-20,IMA-SIH-2026,IMAGE_SENSOR_DARK_CURRENT_TEST,T02_1939,PROC-ISRO-IISU-01,ATE-STATION-01,CHAMBER-01,1.0,60.0,3.3,168,dark_current_density,OPTICAL,nA/cm2,12.3165,16.3801,36.372,85.4327,4.0636,6.74,2,45.17,9.91,-0.0007,-0.0068,62.11,61.59,12.3165,16.3801,36.372,85.4327,4.0636,10.0,False,NOMINAL,HEALTHY,-26.54,43.55
IMA_LOT02_COMP1940,LOT_02,IMAGE_SENSOR,LCC-20,IMA-SIH-2026,IMAGE_SENSOR_DARK_CURRENT_TEST,T02_1940,PROC-ISRO-IISU-01,ATE-STATION-01,CHAMBER-01,1.0,60.0,3.3,168,dark_current_density,OPTICAL,nA/cm2,12.8983,15.7256,32.4066,61.8632,2.8273,12.14,5,39.85,9.47,-0.0411,0.007,62.42,62.98,12.8983,15.7256,32.4066,61.8632,2.8273,10.0,False,NOMINAL,HEALTHY,32.16,31.42
IMA_LOT02_COMP1941,LOT_02,IMAGE_SENSOR,LCC-20,IMA-SIH-2026,IMAGE_SENSOR_DARK_CURRENT_TEST,T02_1941,PROC-ISRO-IISU-01,ATE-STATION-01,CHAMBER-01,1.0,60.0,3.3,168,dark_current_density,OPTICAL,nA/cm2,13.1518,19.8169,73.8497,266.2769,6.6651,12.13,2,43.82,7.38,-0.0141,-0.0808,63.25,62.53,13.1518,19.8169,73.8497,266.2769,6.6651,10.0,False,NOMINAL,HEALTHY,13.92,-36.32
IMA_LOT02_COMP1942,LOT_02,IMAGE_SENSOR,LCC-20,IMA-SIH-2026,IMAGE_SENSOR_DARK_CURRENT_TEST,T02_1942,PROC-ISRO-IISU-01,ATE-STATION-01,CHAMBER-01,1.0,60.0,3.3,168,dark_current_density,OPTICAL,nA/cm2,11.9382,18.3796,59.4309,206.205,6.4414,13.23,3,45.59,7.18,-0.0477,-0.0282,62.81,62.25,11.9382,18.3796,59.4309,206.205,6.4414,10.0,False,NOMINAL,HEALTHY,-16.93,10.03
IMA_LOT02_COMP1943,LOT_02,IMAGE_SENSOR,LCC-20,IMA-SIH-2026,IMAGE_SENSOR_DARK_CURRENT_TEST,T02_1943,PROC-ISRO-IISU-01,ATE-STATION-01,CHAMBER-01,1.0,60.0,3.3,168,dark_current_density,OPTICAL,nA/cm2,12.3206,18.6442,49.6533,144.6666,6.3236,11.9,7,42.83,8.07,0.0114,0.0077,60.71,62.09,12.3206,18.6442,49.6533,144.6666,6.3236,10.0,False,NOMINAL,HEALTHY,49.67,49.4
IMA_LOT02_COMP1944,LOT_02,IMAGE_SENSOR,LCC-20,IMA-SIH-2026,IMAGE_SENSOR_DARK_CURRENT_TEST,T02_1944,PROC-ISRO-IISU-01,ATE-STATION-01,CHAMBER-01,1.0,60.0,3.3,168,dark_current_density,OPTICAL,nA/cm2,11.7581,15.7922,36.3085,83.1561,4.0341,11.83,4,41.85,8.72,-0.0076,-0.0497,59.57,62.99,11.7581,15.7922,36.3085,83.1561,4.0341,10.0,False,NOMINAL,HEALTHY,17.4,43.68
IMA_LOT02_COMP1945,LOT_02,IMAGE_SENSOR,LCC-20,IMA-SIH-2026,IMAGE_SENSOR_DARK_CURRENT_TEST,T02_1945,PROC-ISRO-IISU-01,ATE-STATION-01,CHAMBER-01,1.0,60.0,3.3,168,dark_current_density,OPTICAL,nA/cm2,12.7054,18.1204,55.8829,175.1063,5.415,9.1,2,40.17,10.28,0.0192,0.0278,63.45,61.96,12.7054,18.1204,55.8829,175.1063,5.415,10.0,False,NOMINAL,HEALTHY,41.52,-8.48
IMA_LOT02_COMP1946,LOT_02,IMAGE_SENSOR,LCC-20,IMA-SIH-2026,IMAGE_SENSOR_DARK_CURRENT_TEST,T02_1946,PROC-ISRO-IISU-01,ATE-STATION-01,CHAMBER-01,1.0,60.0,3.3,168,dark_current_density,OPTICAL,nA/cm2,12.7054,16.456,33.1108,68.6267,3.7506,8.09,6,39.91,8.39,-0.0416,0.0099,61.89,62.26,12.7054,16.456,33.1108,68.6267,3.7506,10.0,False,NOMINAL,HEALTHY,16.51,19.53
IMA_LOT02_COMP1947,LOT_02,IMAGE_SENSOR,LCC-20,IMA-SIH-2026,IMAGE_SENSOR_DARK_CURRENT_TEST,T02_1947,PROC-ISRO-IISU-01,ATE-STATION-01,CHAMBER-01,1.0,60.0,3.3,168,dark_current_density,OPTICAL,nA/cm2,13.3063,16.159,35.782,69.102,2.8527,13.92,7,41.46,8.44,-0.0232,-0.0085,62.36,61.28,13.3063,16.159,35.782,69.102,2.8527,10.0,False,NOMINAL,HEALTHY,-5.49,-25.72
IMA_LOT02_COMP1948,LOT_02,IMAGE_SENSOR,LCC-20,IMA-SIH-2026,IMAGE_SENSOR_DARK_CURRENT_TEST,T02_1948,PROC-ISRO-IISU-01,ATE-STATION-01,CHAMBER-01,1.0,60.0,3.3,168,dark_current_density,OPTICAL,nA/cm2,14.196,17.6916,42.6428,95.3186,3.4956,13.11,3,41.14,5.42,0.0,0.0206,60.64,61.69,14.196,17.6916,42.6428,95.3186,3.4956,10.0,False,NOMINAL,HEALTHY,18.43,1.94
IMA_LOT02_COMP1949,LOT_02,IMAGE_SENSOR,LCC-20,IMA-SIH-2026,IMAGE_SENSOR_DARK_CURRENT_TEST,T02_1949,PROC-ISRO-IISU-01,ATE-STATION-01,CHAMBER-01,1.0,60.0,3.3,168,dark_current_density,OPTICAL,nA/cm2,11.5251,14.8195,31.0087,65.5607,3.2944,10.99,6,42.38,9.63,-0.0151,0.067,59.18,60.93,11.5251,14.8195,31.0087,65.5607,3.2944,10.0,False,NOMINAL,HEALTHY,-22.91,16.98
IMA_LOT02_COMP1950,LOT_02,IMAGE_SENSOR,LCC-20,IMA-SIH-2026,IMAGE_SENSOR_DARK_CURRENT_TEST,T02_1950,PROC-ISRO-IISU-01,ATE-STATION-01,CHAMBER-01,1.0,60.0,3.3,168,dark_current_density,OPTICAL,nA/cm2,11.258,17.5247,52.7229,163.4739,6.2667,8.94,6,41.0,10.09,-0.024,-0.0278,62.47,62.83,11.258,17.5247,52.7229,163.4739,6.2667,10.0,False,NOMINAL,HEALTHY,-16.13,-49.92
IMA_LOT02_COMP1951,LOT_02,IMAGE_SENSOR,LCC-20,IMA-SIH-2026,IMAGE_SENSOR_DARK_CURRENT_TEST,T02_1951,PROC-ISRO-IISU-01,ATE-STATION-01,CHAMBER-01,1.0,60.0,3.3,168,dark_current_density,OPTICAL,nA/cm2,12.5967,15.3898,31.9557,69.1083,2.7931,8.44,6,39.71,7.42,0.0143,0.0925,61.96,60.69,12.5967,15.3898,31.9557,69.1083,2.7931,10.0,False,NOMINAL,HEALTHY,-39.48,19.54
IMA_LOT02_COMP1952,LOT_02,IMAGE_SENSOR,LCC-20,IMA-SIH-2026,IMAGE_SENSOR_DARK_CURRENT_TEST,T02_1952,PROC-ISRO-IISU-01,ATE-STATION-01,CHAMBER-01,1.0,60.0,3.3,168,dark_current_density,OPTICAL,nA/cm2,13.2151,18.4017,51.1079,145.0062,5.1866,13.38,3,41.94,7.39,0.0053,0.0896,59.17,62.35,13.2151,18.4017,51.1079,145.0062,5.1866,10.0,False,NOMINAL,HEALTHY,19.9,9.64
IMA_LOT02_COMP1953,LOT_02,IMAGE_SENSOR,LCC-20,IMA-SIH-2026,IMAGE_SENSOR_DARK_CURRENT_TEST,T02_1953,PROC-ISRO-IISU-01,ATE-STATION-01,CHAMBER-01,1.0,60.0,3.3,168,dark_current_density,OPTICAL,nA/cm2,12.4837,16.1169,31.6765,64.4867,3.6332,9.14,5,43.28,4.59,-0.0035,-0.0757,62.7,62.07,12.4837,16.1169,31.6765,64.4867,3.6332,10.0,False,NOMINAL,HEALTHY,14.81,14.82
IMA_LOT02_COMP1954,LOT_02,IMAGE_SENSOR,LCC-20,IMA-SIH-2026,IMAGE_SENSOR_DARK_CURRENT_TEST,T02_1954,PROC-ISRO-IISU-01,ATE-STATION-01,CHAMBER-01,1.0,60.0,3.3,168,dark_current_density,OPTICAL,nA/cm2,13.5113,19.056,58.7754,182.6647,5.5447,13.19,6,41.46,9.34,0.0139,0.0703,63.2,62.77,13.5113,19.056,58.7754,182.6647,5.5447,10.0,False,NOMINAL,HEALTHY,-48.28,-27.65
IMA_LOT02_COMP1955,LOT_02,IMAGE_SENSOR,LCC-20,IMA-SIH-2026,IMAGE_SENSOR_DARK_CURRENT_TEST,T02_1955,PROC-ISRO-IISU-01,ATE-STATION-01,CHAMBER-01,1.0,60.0,3.3,168,dark_current_density,OPTICAL,nA/cm2,12.3405,16.9576,45.439,125.3467,4.6171,12.16,5,42.07,7.03,0.0153,0.0273,61.85,61.22,12.3405,16.9576,45.439,125.3467,4.6171,10.0,False,NOMINAL,HEALTHY,5.91,37.47
IMA_LOT02_COMP1956,LOT_02,IMAGE_SENSOR,LCC-20,IMA-SIH-2026,IMAGE_SENSOR_DARK_CURRENT_TEST,T02_1956,PROC-ISRO-IISU-01,ATE-STATION-01,CHAMBER-01,1.0,60.0,3.3,168,dark_current_density,OPTICAL,nA/cm2,12.7921,16.2339,36.6324,80.6396,3.4418,8.81,3,39.53,9.93,-0.0251,-0.074,64.0,61.39,12.7921,16.2339,36.6324,80.6396,3.4418,10.0,False,NOMINAL,HEALTHY,12.27,-1.72
IMA_LOT02_COMP1957,LOT_02,IMAGE_SENSOR,LCC-20,IMA-SIH-2026,IMAGE_SENSOR_DARK_CURRENT_TEST,T02_1957,PROC-ISRO-IISU-01,ATE-STATION-01,CHAMBER-01,1.0,60.0,3.3,168,dark_current_density,OPTICAL,nA/cm2,12.8981,15.8059,32.319,62.5178,2.9078,12.79,3,40.75,7.18,-0.0077,0.1138,61.53,61.91,12.8981,15.8059,32.319,62.5178,2.9078,10.0,False,NOMINAL,HEALTHY,-43.06,11.17
IMA_LOT02_COMP1958,LOT_02,IMAGE_SENSOR,LCC-20,IMA-SIH-2026,IMAGE_SENSOR_DARK_CURRENT_TEST,T02_1958,PROC-ISRO-IISU-01,ATE-STATION-01,CHAMBER-01,1.0,60.0,3.3,168,dark_current_density,OPTICAL,nA/cm2,12.1934,15.7139,34.9551,75.2167,3.5205,12.17,7,42.3,9.79,-0.0313,-0.0024,61.1,62.69,12.1934,15.7139,34.9551,75.2167,3.5205,10.0,False,NOMINAL,HEALTHY,7.32,-44.07
IMA_LOT02_COMP1959,LOT_02,IMAGE_SENSOR,LCC-20,IMA-SIH-2026,IMAGE_SENSOR_DARK_CURRENT_TEST,T02_1959,PROC-ISRO-IISU-01,ATE-STATION-01,CHAMBER-01,1.0,60.0,3.3,168,dark_current_density,OPTICAL,nA/cm2,12.6298,16.7045,36.3492,81.1941,4.0747,12.68,5,45.46,9.11,0.0085,-0.0358,61.52,61.68,12.6298,16.7045,36.3492,81.1941,4.0747,10.0,False,NOMINAL,HEALTHY,13.21,14.51
IMA_LOT02_COMP1960,LOT_02,IMAGE_SENSOR,LCC-20,IMA-SIH-2026,IMAGE_SENSOR_DARK_CURRENT_TEST,T02_1960,PROC-ISRO-IISU-01,ATE-STATION-01,CHAMBER-01,1.0,60.0,3.3,168,dark_current_density,OPTICAL,nA/cm2,12.2587,17.2511,53.9016,174.7734,4.9924,12.75,6,41.43,8.07,0.0074,0.0939,62.86,62.26,12.2587,17.2511,53.9016,174.7734,4.9924,10.0,True,DIELECTRIC_OSCILLATION,HEALTHY,-22.65,24.15
IMA_LOT02_COMP1961,LOT_02,IMAGE_SENSOR,LCC-20,IMA-SIH-2026,IMAGE_SENSOR_DARK_CURRENT_TEST,T02_1961,PROC-ISRO-IISU-01,ATE-STATION-01,CHAMBER-01,1.0,60.0,3.3,168,dark_current_density,OPTICAL,nA/cm2,13.1383,18.4209,46.0117,128.327,5.2826,10.53,1,41.75,6.23,-0.0145,-0.0048,61.11,61.33,13.1383,18.4209,46.0117,128.327,5.2826,10.0,False,NOMINAL,HEALTHY,-42.99,-0.56
IMA_LOT02_COMP1962,LOT_02,IMAGE_SENSOR,LCC-20,IMA-SIH-2026,IMAGE_SENSOR_DARK_CURRENT_TEST,T02_1962,PROC-ISRO-IISU-01,ATE-STATION-01,CHAMBER-01,1.0,60.0,3.3,168,dark_current_density,OPTICAL,nA/cm2,12.892,16.2981,31.45,62.1215,3.4061,10.61,5,38.29,7.86,-0.0129,0.0525,62.14,62.06,12.892,16.2981,31.45,62.1215,3.4061,10.0,False,NOMINAL,HEALTHY,5.02,1.36
IMA_LOT02_COMP1963,LOT_02,IMAGE_SENSOR,LCC-20,IMA-SIH-2026,IMAGE_SENSOR_DARK_CURRENT_TEST,T02_1963,PROC-ISRO-IISU-01,ATE-STATION-01,CHAMBER-01,1.0,60.0,3.3,168,dark_current_density,OPTICAL,nA/cm2,13.2162,17.0807,34.3425,66.467,3.8645,8.01,6,43.2,7.23,0.0218,0.0367,61.62,62.08,13.2162,17.0807,34.3425,66.467,3.8645,10.0,False,NOMINAL,HEALTHY,16.25,-0.03
IMA_LOT02_COMP1964,LOT_02,IMAGE_SENSOR,LCC-20,IMA-SIH-2026,IMAGE_SENSOR_DARK_CURRENT_TEST,T02_1964,PROC-ISRO-IISU-01,ATE-STATION-01,CHAMBER-01,1.0,60.0,3.3,168,dark_current_density,OPTICAL,nA/cm2,13.0934,16.721,38.0036,81.1201,3.6276,7.54,3,39.52,7.65,-0.0051,0.0811,61.53,62.23,13.0934,16.721,38.0036,81.1201,3.6276,10.0,False,NOMINAL,HEALTHY,-11.6,23.22
IMA_LOT02_COMP1965,LOT_02,IMAGE_SENSOR,LCC-20,IMA-SIH-2026,IMAGE_SENSOR_DARK_CURRENT_TEST,T02_1965,PROC-ISRO-IISU-01,ATE-STATION-01,CHAMBER-01,1.0,60.0,3.3,168,dark_current_density,OPTICAL,nA/cm2,13.1472,17.1873,46.2327,111.8835,4.0401,14.47,5,42.22,7.19,0.0348,-0.0029,61.04,61.82,13.1472,17.1873,46.2327,111.8835,4.0401,10.0,False,NOMINAL,HEALTHY,35.72,-8.83
IMA_LOT02_COMP1966,LOT_02,IMAGE_SENSOR,LCC-20,IMA-SIH-2026,IMAGE_SENSOR_DARK_CURRENT_TEST,T02_1966,PROC-ISRO-IISU-01,ATE-STATION-01,CHAMBER-01,1.0,60.0,3.3,168,dark_current_density,OPTICAL,nA/cm2,12.9098,17.4492,43.9754,109.3739,4.5394,15.15,5,43.21,6.26,-0.0109,-0.0068,63.52,62.87,12.9098,17.4492,43.9754,109.3739,4.5394,10.0,False,NOMINAL,HEALTHY,-27.74,-36.36
IMA_LOT02_COMP1967,LOT_02,IMAGE_SENSOR,LCC-20,IMA-SIH-2026,IMAGE_SENSOR_DARK_CURRENT_TEST,T02_1967,PROC-ISRO-IISU-01,ATE-STATION-01,CHAMBER-01,1.0,60.0,3.3,168,dark_current_density,OPTICAL,nA/cm2,11.8442,15.9711,39.3886,96.8217,4.1269,17.05,7,44.94,6.89,0.0205,0.0146,63.16,61.91,11.8442,15.9711,39.3886,96.8217,4.1269,10.0,False,NOMINAL,HEALTHY,25.83,20.82
IMA_LOT02_COMP1968,LOT_02,IMAGE_SENSOR,LCC-20,IMA-SIH-2026,IMAGE_SENSOR_DARK_CURRENT_TEST,T02_1968,PROC-ISRO-IISU-01,ATE-STATION-01,CHAMBER-01,1.0,60.0,3.3,168,dark_current_density,OPTICAL,nA/cm2,12.1703,17.9835,47.8071,132.4089,5.8132,12.75,6,42.97,5.9,0.0143,0.0447,60.59,62.38,12.1703,17.9835,47.8071,132.4089,5.8132,10.0,False,NOMINAL,HEALTHY,-32.99,-19.8
IMA_LOT02_COMP1969,LOT_02,IMAGE_SENSOR,LCC-20,IMA-SIH-2026,IMAGE_SENSOR_DARK_CURRENT_TEST,T02_1969,PROC-ISRO-IISU-01,ATE-STATION-01,CHAMBER-01,1.0,60.0,3.3,168,dark_current_density,OPTICAL,nA/cm2,12.4337,15.4251,30.0876,60.3737,2.9914,7.64,5,43.94,10.43,0.004,-0.0217,62.65,62.65,12.4337,15.4251,30.0876,60.3737,2.9914,10.0,False,NOMINAL,HEALTHY,-2.0,-4.9
IMA_LOT02_COMP1970,LOT_02,IMAGE_SENSOR,LCC-20,IMA-SIH-2026,IMAGE_SENSOR_DARK_CURRENT_TEST,T02_1970,PROC-ISRO-IISU-01,ATE-STATION-01,CHAMBER-01,1.0,60.0,3.3,168,dark_current_density,OPTICAL,nA/cm2,13.4395,16.7144,39.9778,88.2272,3.2749,10.23,1,41.57,8.13,0.043,0.0056,59.13,62.32,13.4395,16.7144,39.9778,88.2272,3.2749,10.0,False,NOMINAL,HEALTHY,-9.36,45.73
IMA_LOT02_COMP1971,LOT_02,IMAGE_SENSOR,LCC-20,IMA-SIH-2026,IMAGE_SENSOR_DARK_CURRENT_TEST,T02_1971,PROC-ISRO-IISU-01,ATE-STATION-01,CHAMBER-01,1.0,60.0,3.3,168,dark_current_density,OPTICAL,nA/cm2,11.593,16.4197,42.7294,100.8153,4.8267,12.65,3,42.79,8.92,0.0193,0.0515,62.84,61.35,11.593,16.4197,42.7294,100.8153,4.8267,10.0,False,NOMINAL,HEALTHY,25.38,-25.21
IMA_LOT02_COMP1972,LOT_02,IMAGE_SENSOR,LCC-20,IMA-SIH-2026,IMAGE_SENSOR_DARK_CURRENT_TEST,T02_1972,PROC-ISRO-IISU-01,ATE-STATION-01,CHAMBER-01,1.0,60.0,3.3,168,dark_current_density,OPTICAL,nA/cm2,12.1702,18.187,59.7506,195.503,6.0168,17.06,5,41.45,7.78,-0.023,-0.1072,61.59,61.42,12.1702,18.187,59.7506,195.503,6.0168,10.0,False,NOMINAL,HEALTHY,5.01,-23.31
IMA_LOT02_COMP1973,LOT_02,IMAGE_SENSOR,LCC-20,IMA-SIH-2026,IMAGE_SENSOR_DARK_CURRENT_TEST,T02_1973,PROC-ISRO-IISU-01,ATE-STATION-01,CHAMBER-01,1.0,60.0,3.3,168,dark_current_density,OPTICAL,nA/cm2,12.3929,18.6504,60.7676,195.093,6.2575,17.52,5,40.25,6.84,-0.0027,-0.1206,60.66,61.6,12.3929,18.6504,60.7676,195.093,6.2575,10.0,False,NOMINAL,HEALTHY,-40.29,-41.23
IMA_LOT02_COMP1974,LOT_02,IMAGE_SENSOR,LCC-20,IMA-SIH-2026,IMAGE_SENSOR_DARK_CURRENT_TEST,T02_1974,PROC-ISRO-IISU-01,ATE-STATION-01,CHAMBER-01,1.0,60.0,3.3,168,dark_current_density,OPTICAL,nA/cm2,13.0772,15.8425,31.1952,60.8372,2.7653,15.19,6,44.75,8.31,0.0113,0.0198,60.39,61.78,13.0772,15.8425,31.1952,60.8372,2.7653,10.0,False,NOMINAL,HEALTHY,-36.43,-24.74
IMA_LOT02_COMP1975,LOT_02,IMAGE_SENSOR,LCC-20,IMA-SIH-2026,IMAGE_SENSOR_DARK_CURRENT_TEST,T02_1975,PROC-ISRO-IISU-01,ATE-STATION-01,CHAMBER-01,1.0,60.0,3.3,168,dark_current_density,OPTICAL,nA/cm2,12.5771,17.4595,47.6254,124.9722,4.8824,13.66,3,42.27,8.39,0.0114,0.0646,62.58,61.39,12.5771,17.4595,47.6254,124.9722,4.8824,10.0,False,NOMINAL,HEALTHY,4.23,-33.61
IMA_LOT02_COMP1976,LOT_02,IMAGE_SENSOR,LCC-20,IMA-SIH-2026,IMAGE_SENSOR_DARK_CURRENT_TEST,T02_1976,PROC-ISRO-IISU-01,ATE-STATION-01,CHAMBER-01,1.0,60.0,3.3,168,dark_current_density,OPTICAL,nA/cm2,11.8534,17.423,56.6064,177.9682,5.5696,9.32,3,39.73,5.77,-0.0017,-0.0543,62.31,61.92,11.8534,17.423,56.6064,177.9682,5.5696,10.0,False,NOMINAL,HEALTHY,-13.27,-22.86
IMA_LOT02_COMP1977,LOT_02,IMAGE_SENSOR,LCC-20,IMA-SIH-2026,IMAGE_SENSOR_DARK_CURRENT_TEST,T02_1977,PROC-ISRO-IISU-01,ATE-STATION-01,CHAMBER-01,1.0,60.0,3.3,168,dark_current_density,OPTICAL,nA/cm2,12.4185,17.8068,50.0746,140.3334,5.3883,9.28,10,41.53,8.56,0.012,-0.0031,61.13,61.89,12.4185,17.8068,50.0746,140.3334,5.3883,10.0,False,NOMINAL,HEALTHY,48.6,-47.61
IMA_LOT02_COMP1978,LOT_02,IMAGE_SENSOR,LCC-20,IMA-SIH-2026,IMAGE_SENSOR_DARK_CURRENT_TEST,T02_1978,PROC-ISRO-IISU-01,ATE-STATION-01,CHAMBER-01,1.0,60.0,3.3,168,dark_current_density,OPTICAL,nA/cm2,12.8483,19.8787,66.1163,229.6707,7.0304,11.36,7,40.39,8.71,-0.0138,-0.0223,63.41,62.86,12.8483,19.8787,66.1163,229.6707,7.0304,10.0,False,NOMINAL,HEALTHY,-41.57,43.02
IMA_LOT02_COMP1979,LOT_02,IMAGE_SENSOR,LCC-20,IMA-SIH-2026,IMAGE_SENSOR_DARK_CURRENT_TEST,T02_1979,PROC-ISRO-IISU-01,ATE-STATION-01,CHAMBER-01,1.0,60.0,3.3,168,dark_current_density,OPTICAL,nA/cm2,13.2661,16.895,35.3902,68.0006,3.6289,10.05,4,40.88,8.0,-0.0414,-0.0576,63.49,62.47,13.2661,16.895,35.3902,68.0006,3.6289,10.0,False,NOMINAL,HEALTHY,-10.88,38.83
IMA_LOT02_COMP1980,LOT_02,IMAGE_SENSOR,LCC-20,IMA-SIH-2026,IMAGE_SENSOR_DARK_CURRENT_TEST,T02_1980,PROC-ISRO-IISU-01,ATE-STATION-01,CHAMBER-01,1.0,60.0,3.3,168,dark_current_density,OPTICAL,nA/cm2,12.6494,15.3799,32.1141,65.5538,2.7305,10.5,8,41.32,6.45,-0.01,0.0542,62.24,62.5,12.6494,15.3799,32.1141,65.5538,2.7305,10.0,False,NOMINAL,HEALTHY,27.99,-10.77
IMA_LOT02_COMP1981,LOT_02,IMAGE_SENSOR,LCC-20,IMA-SIH-2026,IMAGE_SENSOR_DARK_CURRENT_TEST,T02_1981,PROC-ISRO-IISU-01,ATE-STATION-01,CHAMBER-01,1.0,60.0,3.3,168,dark_current_density,OPTICAL,nA/cm2,12.8961,17.2523,41.3154,96.541,4.3562,11.98,3,46.75,11.1,-0.0025,-0.0537,59.55,62.62,12.8961,17.2523,41.3154,96.541,4.3562,10.0,False,NOMINAL,HEALTHY,16.12,40.17
IMA_LOT02_COMP1982,LOT_02,IMAGE_SENSOR,LCC-20,IMA-SIH-2026,IMAGE_SENSOR_DARK_CURRENT_TEST,T02_1982,PROC-ISRO-IISU-01,ATE-STATION-01,CHAMBER-01,1.0,60.0,3.3,168,dark_current_density,OPTICAL,nA/cm2,12.9605,16.5175,31.3762,59.3106,3.557,12.04,5,41.59,9.9,0.0187,0.0726,59.69,61.9,12.9605,16.5175,31.3762,59.3106,3.557,10.0,False,NOMINAL,HEALTHY,1.24,-5.83
IMA_LOT02_COMP1983,LOT_02,IMAGE_SENSOR,LCC-20,IMA-SIH-2026,IMAGE_SENSOR_DARK_CURRENT_TEST,T02_1983,PROC-ISRO-IISU-01,ATE-STATION-01,CHAMBER-01,1.0,60.0,3.3,168,dark_current_density,OPTICAL,nA/cm2,13.8411,19.2167,63.6805,192.9287,5.3756,11.32,4,42.97,7.68,0.0049,-0.0779,63.23,61.86,13.8411,19.2167,63.6805,192.9287,5.3756,10.0,False,NOMINAL,HEALTHY,10.87,-38.49
IMA_LOT02_COMP1984,LOT_02,IMAGE_SENSOR,LCC-20,IMA-SIH-2026,IMAGE_SENSOR_DARK_CURRENT_TEST,T02_1984,PROC-ISRO-IISU-01,ATE-STATION-01,CHAMBER-01,1.0,60.0,3.3,168,dark_current_density,OPTICAL,nA/cm2,12.0839,16.0112,42.5074,109.6822,3.9273,9.12,3,43.95,8.22,-0.0348,-0.0227,64.08,62.51,12.0839,16.0112,42.5074,109.6822,3.9273,10.0,False,NOMINAL,HEALTHY,-18.83,-33.65
IMA_LOT02_COMP1985,LOT_02,IMAGE_SENSOR,LCC-20,IMA-SIH-2026,IMAGE_SENSOR_DARK_CURRENT_TEST,T02_1985,PROC-ISRO-IISU-01,ATE-STATION-01,CHAMBER-01,1.0,60.0,3.3,168,dark_current_density,OPTICAL,nA/cm2,13.1489,17.3814,42.451,101.0289,4.2325,14.4,6,40.27,5.3,-0.0484,-0.0861,60.19,62.12,13.1489,17.3814,42.451,101.0289,4.2325,10.0,False,NOMINAL,HEALTHY,-11.0,-45.45
IMA_LOT02_COMP1986,LOT_02,IMAGE_SENSOR,LCC-20,IMA-SIH-2026,IMAGE_SENSOR_DARK_CURRENT_TEST,T02_1986,PROC-ISRO-IISU-01,ATE-STATION-01,CHAMBER-01,1.0,60.0,3.3,168,dark_current_density,OPTICAL,nA/cm2,13.7749,20.0654,62.3115,205.3785,6.2905,7.57,3,42.25,8.73,-0.0065,0.0288,61.75,61.81,13.7749,20.0654,62.3115,205.3785,6.2905,10.0,False,NOMINAL,HEALTHY,-16.03,1.41
IMA_LOT02_COMP1987,LOT_02,IMAGE_SENSOR,LCC-20,IMA-SIH-2026,IMAGE_SENSOR_DARK_CURRENT_TEST,T02_1987,PROC-ISRO-IISU-01,ATE-STATION-01,CHAMBER-01,1.0,60.0,3.3,168,dark_current_density,OPTICAL,nA/cm2,12.663,15.8401,31.2551,60.4982,3.1771,13.16,2,39.68,8.98,0.0243,-0.0747,64.51,62.84,12.663,15.8401,31.2551,60.4982,3.1771,10.0,False,NOMINAL,HEALTHY,25.02,-9.78
IMA_LOT02_COMP1988,LOT_02,IMAGE_SENSOR,LCC-20,IMA-SIH-2026,IMAGE_SENSOR_DARK_CURRENT_TEST,T02_1988,PROC-ISRO-IISU-01,ATE-STATION-01,CHAMBER-01,1.0,60.0,3.3,168,dark_current_density,OPTICAL,nA/cm2,13.3544,18.1468,46.0984,122.9364,4.7924,17.23,5,41.2,7.09,-0.0488,-0.043,62.79,61.81,13.3544,18.1468,46.0984,122.9364,4.7924,10.0,False,NOMINAL,HEALTHY,-42.88,48.69
IMA_LOT02_COMP1989,LOT_02,IMAGE_SENSOR,LCC-20,IMA-SIH-2026,IMAGE_SENSOR_DARK_CURRENT_TEST,T02_1989,PROC-ISRO-IISU-01,ATE-STATION-01,CHAMBER-01,1.0,60.0,3.3,168,dark_current_density,OPTICAL,nA/cm2,12.9273,17.3931,40.8593,93.1146,4.4658,11.51,0,40.23,7.81,0.0322,0.1371,60.76,62.47,12.9273,17.3931,40.8593,93.1146,4.4658,10.0,False,NOMINAL,HEALTHY,-47.23,-15.99
IMA_LOT02_COMP1990,LOT_02,IMAGE_SENSOR,LCC-20,IMA-SIH-2026,IMAGE_SENSOR_DARK_CURRENT_TEST,T02_1990,PROC-ISRO-IISU-01,ATE-STATION-01,CHAMBER-01,1.0,60.0,3.3,168,dark_current_density,OPTICAL,nA/cm2,12.9801,19.8782,72.1706,262.1507,6.8981,10.92,5,39.06,8.31,0.0123,-0.0052,64.21,62.26,12.9801,19.8782,72.1706,262.1507,6.8981,10.0,False,NOMINAL,HEALTHY,17.4,-11.87
IMA_LOT02_COMP1991,LOT_02,IMAGE_SENSOR,LCC-20,IMA-SIH-2026,IMAGE_SENSOR_DARK_CURRENT_TEST,T02_1991,PROC-ISRO-IISU-01,ATE-STATION-01,CHAMBER-01,1.0,60.0,3.3,168,dark_current_density,OPTICAL,nA/cm2,12.4154,16.619,31.7586,64.0512,4.2036,13.78,1,40.13,7.59,0.028,-0.0568,61.99,60.81,12.4154,16.619,31.7586,64.0512,4.2036,10.0,False,NOMINAL,HEALTHY,43.46,33.48
IMA_LOT02_COMP1992,LOT_02,IMAGE_SENSOR,LCC-20,IMA-SIH-2026,IMAGE_SENSOR_DARK_CURRENT_TEST,T02_1992,PROC-ISRO-IISU-01,ATE-STATION-01,CHAMBER-01,1.0,60.0,3.3,168,dark_current_density,OPTICAL,nA/cm2,13.1466,17.8556,42.7728,103.1352,4.709,12.99,3,41.4,6.24,0.0204,0.0885,60.76,61.45,13.1466,17.8556,42.7728,103.1352,4.709,10.0,False,NOMINAL,HEALTHY,45.36,-32.84
IMA_LOT02_COMP1993,LOT_02,IMAGE_SENSOR,LCC-20,IMA-SIH-2026,IMAGE_SENSOR_DARK_CURRENT_TEST,T02_1993,PROC-ISRO-IISU-01,ATE-STATION-01,CHAMBER-01,1.0,60.0,3.3,168,dark_current_density,OPTICAL,nA/cm2,12.2726,16.5986,34.3546,72.1805,4.326,10.29,9,46.84,7.54,0.0083,0.0097,60.86,62.27,12.2726,16.5986,34.3546,72.1805,4.326,10.0,False,NOMINAL,HEALTHY,19.05,-38.68
IMA_LOT02_COMP1994,LOT_02,IMAGE_SENSOR,LCC-20,IMA-SIH-2026,IMAGE_SENSOR_DARK_CURRENT_TEST,T02_1994,PROC-ISRO-IISU-01,ATE-STATION-01,CHAMBER-01,1.0,60.0,3.3,168,dark_current_density,OPTICAL,nA/cm2,12.3063,18.7576,65.4993,230.2121,6.4513,16.43,3,43.78,9.11,-0.0025,-0.0063,62.92,62.98,12.3063,18.7576,65.4993,230.2121,6.4513,10.0,False,NOMINAL,HEALTHY,49.98,-41.19
IMA_LOT02_COMP1995,LOT_02,IMAGE_SENSOR,LCC-20,IMA-SIH-2026,IMAGE_SENSOR_DARK_CURRENT_TEST,T02_1995,PROC-ISRO-IISU-01,ATE-STATION-01,CHAMBER-01,1.0,60.0,3.3,168,dark_current_density,OPTICAL,nA/cm2,12.1125,18.1498,68.2876,237.4128,6.0373,12.2,4,39.77,6.65,-0.0056,0.0568,63.9,61.92,12.1125,18.1498,68.2876,237.4128,6.0373,10.0,False,NOMINAL,HEALTHY,-17.74,-47.3
IMA_LOT02_COMP1996,LOT_02,IMAGE_SENSOR,LCC-20,IMA-SIH-2026,IMAGE_SENSOR_DARK_CURRENT_TEST,T02_1996,PROC-ISRO-IISU-01,ATE-STATION-01,CHAMBER-01,1.0,60.0,3.3,168,dark_current_density,OPTICAL,nA/cm2,12.696,18.0304,49.1735,137.6192,5.3344,11.21,2,43.39,5.52,0.0273,0.0826,61.42,62.39,12.696,18.0304,49.1735,137.6192,5.3344,10.0,False,NOMINAL,HEALTHY,35.39,-44.5
IMA_LOT02_COMP1997,LOT_02,IMAGE_SENSOR,LCC-20,IMA-SIH-2026,IMAGE_SENSOR_DARK_CURRENT_TEST,T02_1997,PROC-ISRO-IISU-01,ATE-STATION-01,CHAMBER-01,1.0,60.0,3.3,168,dark_current_density,OPTICAL,nA/cm2,11.4374,15.1501,38.0511,93.0415,3.7127,12.23,3,44.89,8.51,0.0381,0.039,64.51,62.6,11.4374,15.1501,38.0511,93.0415,3.7127,10.0,False,NOMINAL,HEALTHY,40.41,15.54
IMA_LOT02_COMP1998,LOT_02,IMAGE_SENSOR,LCC-20,IMA-SIH-2026,IMAGE_SENSOR_DARK_CURRENT_TEST,T02_1998,PROC-ISRO-IISU-01,ATE-STATION-01,CHAMBER-01,1.0,60.0,3.3,168,dark_current_density,OPTICAL,nA/cm2,11.9054,16.2653,41.3154,101.5089,4.3599,14.49,6,40.94,7.53,-0.0049,0.0385,60.11,62.22,11.9054,16.2653,41.3154,101.5089,4.3599,10.0,False,NOMINAL,HEALTHY,-35.6,-20.44
IMA_LOT02_COMP1999,LOT_02,IMAGE_SENSOR,LCC-20,IMA-SIH-2026,IMAGE_SENSOR_DARK_CURRENT_TEST,T02_1999,PROC-ISRO-IISU-01,ATE-STATION-01,CHAMBER-01,1.0,60.0,3.3,168,dark_current_density,OPTICAL,nA/cm2,11.6086,15.3286,36.4137,86.9983,3.72,8.52,2,40.9,8.21,-0.0293,-0.0098,61.53,61.57,11.6086,15.3286,36.4137,86.9983,3.72,10.0,False,NOMINAL,HEALTHY,-32.36,20.86
