component_id,lot_id,device_family,package_type,part_number,test_type,test_id,procedure_id,station_id,chamber_id,test_identity_confidence,stress_temperature_c,stress_voltage_v,duration_hours,primary_parameter,parameter_category,unit,value_0h,value_24h,value_96h,value_168h_actual,delta_value_0_24h,v_offset_0h,v_offset_24h,snr_0h,snr_24h,iddq_0h,iddq_24h,iddq_96h_actual,iddq_168h_actual,delta_iddq,spec_max_iddq,is_defective_gt,failure_mode_gt,instrument_status,wafer_x,wafer_y
MIX_LOT01_COMP0000,LOT_01,MIXED_SIGNAL_IC,CQFP-64,MIX-SIH-2026,THERMAL_BURN_IN,T01_0000,PROC-ISRO-IISU-01,ATE-STATION-01,CHAMBER-01,1.0,125.0,3.3,168,IDDQ,ELECTRICAL,uA,2.0622,1599.869,1599.9917,1600.0488,1597.8068,-0.0074,-0.0633,35.03,34.12,2.0622,1599.869,1599.9917,1600.0488,1597.8068,75.0,False,NOMINAL,HEALTHY,28.23,42.57
MIX_LOT01_COMP0001,LOT_01,MIXED_SIGNAL_IC,CQFP-64,MIX-SIH-2026,THERMAL_BURN_IN,T01_0001,PROC-ISRO-IISU-01,ATE-STATION-01,CHAMBER-01,1.0,125.0,3.3,168,IDDQ,ELECTRICAL,uA,2.2984,1763.8367,1764.012,1764.0652,1761.5383,-0.007,-0.0307,36.52,36.79,2.2984,1763.8367,1764.012,1764.0652,1761.5383,75.0,False,NOMINAL,HEALTHY,15.44,31.97
MIX_LOT01_COMP0002,LOT_01,MIXED_SIGNAL_IC,CQFP-64,MIX-SIH-2026,THERMAL_BURN_IN,T01_0002,PROC-ISRO-IISU-01,ATE-STATION-01,CHAMBER-01,1.0,125.0,3.3,168,IDDQ,ELECTRICAL,uA,2.1733,1664.652,1664.7406,1664.7901,1662.4787,-0.0081,-0.0136,36.27,35.73,2.1733,1664.652,1664.7406,1664.7901,1662.4787,75.0,False,NOMINAL,HEALTHY,27.78,-33.45
MIX_LOT01_COMP0003,LOT_01,MIXED_SIGNAL_IC,CQFP-64,MIX-SIH-2026,THERMAL_BURN_IN,T01_0003,PROC-ISRO-IISU-01,ATE-STATION-01,CHAMBER-01,1.0,125.0,3.3,168,IDDQ,ELECTRICAL,uA,1.9636,1528.8978,1528.9864,1529.0665,1526.9342,-0.0307,0.0063,34.87,34.83,1.9636,1528.8978,1528.9864,1529.0665,1526.9342,75.0,False,NOMINAL,HEALTHY,-15.87,31.49
MIX_LOT01_COMP0004,LOT_01,MIXED_SIGNAL_IC,CQFP-64,MIX-SIH-2026,THERMAL_BURN_IN,T01_0004,PROC-ISRO-IISU-01,ATE-STATION-01,CHAMBER-01,1.0,125.0,3.3,168,IDDQ,ELECTRICAL,uA,1.5631,1203.7393,1203.8517,1203.9452,1202.1762,0.006,0.0591,35.52,36.42,1.5631,1203.7393,1203.8517,1203.9452,1202.1762,75.0,False,NOMINAL,HEALTHY,-29.29,-18.13
MIX_LOT01_COMP0005,LOT_01,MIXED_SIGNAL_IC,CQFP-64,MIX-SIH-2026,THERMAL_BURN_IN,T01_0005,PROC-ISRO-IISU-01,ATE-STATION-01,CHAMBER-01,1.0,125.0,3.3,168,IDDQ,ELECTRICAL,uA,2.5209,1947.2406,1947.3761,1947.4016,1944.7197,0.0273,-0.0637,33.77,33.04,2.5209,1947.2406,1947.3761,1947.4016,1944.7197,75.0,False,NOMINAL,HEALTHY,-44.06,-39.29
MIX_LOT01_COMP0006,LOT_01,MIXED_SIGNAL_IC,CQFP-64,MIX-SIH-2026,THERMAL_BURN_IN,T01_0006,PROC-ISRO-IISU-01,ATE-STATION-01,CHAMBER-01,1.0,125.0,3.3,168,IDDQ,ELECTRICAL,uA,1.6227,1238.8683,1238.972,1239.0544,1237.2456,0.0225,-0.0562,37.25,37.08,1.6227,1238.8683,1238.972,1239.0544,1237.2456,75.0,False,NOMINAL,HEALTHY,33.87,-32.78
MIX_LOT01_COMP0007,LOT_01,MIXED_SIGNAL_IC,CQFP-64,MIX-SIH-2026,THERMAL_BURN_IN,T01_0007,PROC-ISRO-IISU-01,ATE-STATION-01,CHAMBER-01,1.0,125.0,3.3,168,IDDQ,ELECTRICAL,uA,2.1637,1680.7319,1680.8355,1680.9447,1678.5682,0.0055,-0.0527,35.66,35.18,2.1637,1680.7319,1680.8355,1680.9447,1678.5682,75.0,False,NOMINAL,HEALTHY,-11.91,30.04
MIX_LOT01_COMP0008,LOT_01,MIXED_SIGNAL_IC,CQFP-64,MIX-SIH-2026,THERMAL_BURN_IN,T01_0008,PROC-ISRO-IISU-01,ATE-STATION-01,CHAMBER-01,1.0,125.0,3.3,168,IDDQ,ELECTRICAL,uA,2.1844,1676.4468,1676.5841,1676.6742,1674.2624,-0.0124,0.0704,35.65,36.05,2.1844,1676.4468,1676.5841,1676.6742,1674.2624,75.0,False,NOMINAL,HEALTHY,-35.9,33.01
MIX_LOT01_COMP0009,LOT_01,MIXED_SIGNAL_IC,CQFP-64,MIX-SIH-2026,THERMAL_BURN_IN,T01_0009,PROC-ISRO-IISU-01,ATE-STATION-01,CHAMBER-01,1.0,125.0,3.3,168,IDDQ,ELECTRICAL,uA,2.0411,1579.7092,1579.8181,1579.8648,1577.6681,-0.0175,0.0451,36.01,36.43,2.0411,1579.7092,1579.8181,1579.8648,1577.6681,75.0,False,NOMINAL,HEALTHY,-45.14,-16.4
MIX_LOT01_COMP0010,LOT_01,MIXED_SIGNAL_IC,CQFP-64,MIX-SIH-2026,THERMAL_BURN_IN,T01_0010,PROC-ISRO-IISU-01,ATE-STATION-01,CHAMBER-01,1.0,125.0,3.3,168,IDDQ,ELECTRICAL,uA,1.8161,1417.1521,1417.2681,1417.3459,1415.336,-0.0236,-0.0226,35.64,35.27,1.8161,1417.1521,1417.2681,1417.3459,1415.336,75.0,False,NOMINAL,HEALTHY,-35.08,41.14
MIX_LOT01_COMP0011,LOT_01,MIXED_SIGNAL_IC,CQFP-64,MIX-SIH-2026,THERMAL_BURN_IN,T01_0011,PROC-ISRO-IISU-01,ATE-STATION-01,CHAMBER-01,1.0,125.0,3.3,168,IDDQ,ELECTRICAL,uA,2.0263,1586.3567,1586.4362,1586.5186,1584.3304,0.0207,0.0567,34.41,34.02,2.0263,1586.3567,1586.4362,1586.5186,1584.3304,75.0,False,NOMINAL,HEALTHY,39.08,-28.37
MIX_LOT01_COMP0012,LOT_01,MIXED_SIGNAL_IC,CQFP-64,MIX-SIH-2026,THERMAL_BURN_IN,T01_0012,PROC-ISRO-IISU-01,ATE-STATION-01,CHAMBER-01,1.0,125.0,3.3,168,IDDQ,ELECTRICAL,uA,2.0445,1574.6442,1574.8067,1574.833,1572.5997,0.0231,0.079,35.94,35.75,2.0445,1574.6442,1574.8067,1574.833,1572.5997,75.0,False,NOMINAL,HEALTHY,-39.81,48.91
MIX_LOT01_COMP0013,LOT_01,MIXED_SIGNAL_IC,CQFP-64,MIX-SIH-2026,THERMAL_BURN_IN,T01_0013,PROC-ISRO-IISU-01,ATE-STATION-01,CHAMBER-01,1.0,125.0,3.3,168,IDDQ,ELECTRICAL,uA,2.5224,1953.8549,1953.989,1954.0612,1951.3325,0.0041,0.044,35.79,35.2,2.5224,1953.8549,1953.989,1954.0612,1951.3325,75.0,False,NOMINAL,HEALTHY,13.06,27.6
MIX_LOT01_COMP0014,LOT_01,MIXED_SIGNAL_IC,CQFP-64,MIX-SIH-2026,THERMAL_BURN_IN,T01_0014,PROC-ISRO-IISU-01,ATE-STATION-01,CHAMBER-01,1.0,125.0,3.3,168,IDDQ,ELECTRICAL,uA,2.5318,1953.5231,1953.6652,1953.7566,1950.9913,-0.0091,-0.1151,34.65,34.28,2.5318,1953.5231,1953.6652,1953.7566,1950.9913,75.0,False,NOMINAL,HEALTHY,20.4,-34.74
MIX_LOT01_COMP0015,LOT_01,MIXED_SIGNAL_IC,CQFP-64,MIX-SIH-2026,THERMAL_BURN_IN,T01_0015,PROC-ISRO-IISU-01,ATE-STATION-01,CHAMBER-01,1.0,125.0,3.3,168,IDDQ,ELECTRICAL,uA,1.7731,1392.5832,1392.6086,1392.7627,1390.8101,0.013,0.0626,34.2,33.84,1.7731,1392.5832,1392.6086,1392.7627,1390.8101,75.0,False,NOMINAL,HEALTHY,-31.95,4.92
MIX_LOT01_COMP0016,LOT_01,MIXED_SIGNAL_IC,CQFP-64,MIX-SIH-2026,THERMAL_BURN_IN,T01_0016,PROC-ISRO-IISU-01,ATE-STATION-01,CHAMBER-01,1.0,125.0,3.3,168,IDDQ,ELECTRICAL,uA,2.2399,1738.994,1739.1416,1739.2137,1736.7541,0.0017,-0.0909,32.3,31.92,2.2399,1738.994,1739.1416,1739.2137,1736.7541,75.0,False,NOMINAL,HEALTHY,48.56,0.86
MIX_LOT01_COMP0017,LOT_01,MIXED_SIGNAL_IC,CQFP-64,MIX-SIH-2026,THERMAL_BURN_IN,T01_0017,PROC-ISRO-IISU-01,ATE-STATION-01,CHAMBER-01,1.0,125.0,3.3,168,IDDQ,ELECTRICAL,uA,2.1005,1618.2495,1618.3941,1618.4318,1616.149,0.0173,0.0532,33.79,32.53,2.1005,1618.2495,1618.3941,1618.4318,1616.149,75.0,False,NOMINAL,HEALTHY,-7.95,-10.04
MIX_LOT01_COMP0018,LOT_01,MIXED_SIGNAL_IC,CQFP-64,MIX-SIH-2026,THERMAL_BURN_IN,T01_0018,PROC-ISRO-IISU-01,ATE-STATION-01,CHAMBER-01,1.0,125.0,3.3,168,IDDQ,ELECTRICAL,uA,2.3494,1817.0579,1817.1606,1817.232,1814.7085,0.0165,0.0138,35.36,34.63,2.3494,1817.0579,1817.1606,1817.232,1814.7085,75.0,False,NOMINAL,HEALTHY,44.18,-22.71
MIX_LOT01_COMP0019,LOT_01,MIXED_SIGNAL_IC,CQFP-64,MIX-SIH-2026,THERMAL_BURN_IN,T01_0019,PROC-ISRO-IISU-01,ATE-STATION-01,CHAMBER-01,1.0,125.0,3.3,168,IDDQ,ELECTRICAL,uA,2.213,1692.0425,1692.142,1692.206,1689.8295,-0.0048,-0.0078,34.35,34.58,2.213,1692.0425,1692.142,1692.206,1689.8295,75.0,False,NOMINAL,HEALTHY,-48.38,-31.67
MIX_LOT01_COMP0020,LOT_01,MIXED_SIGNAL_IC,CQFP-64,MIX-SIH-2026,THERMAL_BURN_IN,T01_0020,PROC-ISRO-IISU-01,ATE-STATION-01,CHAMBER-01,1.0,125.0,3.3,168,IDDQ,ELECTRICAL,uA,2.069,1575.9161,1576.032,1576.1379,1573.8471,-0.0116,0.0145,36.73,36.91,2.069,1575.9161,1576.032,1576.1379,1573.8471,75.0,False,NOMINAL,HEALTHY,-15.63,35.28
MIX_LOT01_COMP0021,LOT_01,MIXED_SIGNAL_IC,CQFP-64,MIX-SIH-2026,THERMAL_BURN_IN,T01_0021,PROC-ISRO-IISU-01,ATE-STATION-01,CHAMBER-01,1.0,125.0,3.3,168,IDDQ,ELECTRICAL,uA,2.0662,1585.4307,1585.5521,1585.6304,1583.3645,0.013,-0.0092,33.53,33.62,2.0662,1585.4307,1585.5521,1585.6304,1583.3645,75.0,False,NOMINAL,HEALTHY,16.56,14.15
MIX_LOT01_COMP0022,LOT_01,MIXED_SIGNAL_IC,CQFP-64,MIX-SIH-2026,THERMAL_BURN_IN,T01_0022,PROC-ISRO-IISU-01,ATE-STATION-01,CHAMBER-01,1.0,125.0,3.3,168,IDDQ,ELECTRICAL,uA,1.9699,1526.5978,1526.7325,1526.7746,1524.6279,-0.0112,-0.0534,33.6,33.65,1.9699,1526.5978,1526.7325,1526.7746,1524.6279,75.0,False,NOMINAL,HEALTHY,-26.71,-23.0
MIX_LOT01_COMP0023,LOT_01,MIXED_SIGNAL_IC,CQFP-64,MIX-SIH-2026,THERMAL_BURN_IN,T01_0023,PROC-ISRO-IISU-01,ATE-STATION-01,CHAMBER-01,1.0,125.0,3.3,168,IDDQ,ELECTRICAL,uA,2.395,1846.8051,1846.9596,1847.0611,1844.4101,0.0007,-0.0115,36.55,36.37,2.395,1846.8051,1846.9596,1847.0611,1844.4101,75.0,False,NOMINAL,HEALTHY,-46.12,22.2
MIX_LOT01_COMP0024,LOT_01,MIXED_SIGNAL_IC,CQFP-64,MIX-SIH-2026,THERMAL_BURN_IN,T01_0024,PROC-ISRO-IISU-01,ATE-STATION-01,CHAMBER-01,1.0,125.0,3.3,168,IDDQ,ELECTRICAL,uA,2.0872,1633.4221,1633.584,1633.6311,1631.3349,-0.0026,0.0271,34.21,33.57,2.0872,1633.4221,1633.584,1633.6311,1631.3349,75.0,False,NOMINAL,HEALTHY,-0.96,41.22
MIX_LOT01_COMP0025,LOT_01,MIXED_SIGNAL_IC,CQFP-64,MIX-SIH-2026,THERMAL_BURN_IN,T01_0025,PROC-ISRO-IISU-01,ATE-STATION-01,CHAMBER-01,1.0,125.0,3.3,168,IDDQ,ELECTRICAL,uA,1.923,1476.3147,1476.4455,1476.5384,1474.3917,0.0018,-0.0546,34.91,35.11,1.923,1476.3147,1476.4455,1476.5384,1474.3917,75.0,False,NOMINAL,HEALTHY,-25.01,21.5
MIX_LOT01_COMP0026,LOT_01,MIXED_SIGNAL_IC,CQFP-64,MIX-SIH-2026,THERMAL_BURN_IN,T01_0026,PROC-ISRO-IISU-01,ATE-STATION-01,CHAMBER-01,1.0,125.0,3.3,168,IDDQ,ELECTRICAL,uA,2.0634,1576.6184,1576.7163,1576.8105,1574.555,0.0001,-0.058,33.58,33.36,2.0634,1576.6184,1576.7163,1576.8105,1574.555,75.0,False,NOMINAL,HEALTHY,-15.34,21.35
MIX_LOT01_COMP0027,LOT_01,MIXED_SIGNAL_IC,CQFP-64,MIX-SIH-2026,THERMAL_BURN_IN,T01_0027,PROC-ISRO-IISU-01,ATE-STATION-01,CHAMBER-01,1.0,125.0,3.3,168,IDDQ,ELECTRICAL,uA,1.786,1399.14,1399.2166,1399.3982,1397.354,0.0012,-0.08,35.51,35.38,1.786,1399.14,1399.2166,1399.3982,1397.354,75.0,False,NOMINAL,HEALTHY,-42.57,40.77
MIX_LOT01_COMP0028,LOT_01,MIXED_SIGNAL_IC,CQFP-64,MIX-SIH-2026,THERMAL_BURN_IN,T01_0028,PROC-ISRO-IISU-01,ATE-STATION-01,CHAMBER-01,1.0,125.0,3.3,168,IDDQ,ELECTRICAL,uA,2.309,1762.265,1762.4154,1762.4694,1759.956,-0.0321,-0.1197,36.83,36.71,2.309,1762.265,1762.4154,1762.4694,1759.956,75.0,False,NOMINAL,HEALTHY,15.53,31.24
MIX_LOT01_COMP0029,LOT_01,MIXED_SIGNAL_IC,CQFP-64,MIX-SIH-2026,THERMAL_BURN_IN,T01_0029,PROC-ISRO-IISU-01,ATE-STATION-01,CHAMBER-01,1.0,125.0,3.3,168,IDDQ,ELECTRICAL,uA,2.1567,1656.9383,1657.0803,1657.1216,1654.7816,0.0128,0.0709,37.44,37.33,2.1567,1656.9383,1657.0803,1657.1216,1654.7816,75.0,False,NOMINAL,HEALTHY,21.84,-10.35
MIX_LOT01_COMP0030,LOT_01,MIXED_SIGNAL_IC,CQFP-64,MIX-SIH-2026,THERMAL_BURN_IN,T01_0030,PROC-ISRO-IISU-01,ATE-STATION-01,CHAMBER-01,1.0,125.0,3.3,168,IDDQ,ELECTRICAL,uA,2.0833,1604.1167,1604.2352,1604.3416,1602.0334,0.0256,0.0968,33.53,33.82,2.0833,1604.1167,1604.2352,1604.3416,1602.0334,75.0,False,NOMINAL,HEALTHY,38.8,-48.51
MIX_LOT01_COMP0031,LOT_01,MIXED_SIGNAL_IC,CQFP-64,MIX-SIH-2026,THERMAL_BURN_IN,T01_0031,PROC-ISRO-IISU-01,ATE-STATION-01,CHAMBER-01,1.0,125.0,3.3,168,IDDQ,ELECTRICAL,uA,1.7935,1389.5518,1389.6174,1389.7249,1387.7583,0.0182,-0.0289,32.66,33.74,1.7935,1389.5518,1389.6174,1389.7249,1387.7583,75.0,False,NOMINAL,HEALTHY,13.11,-1.88
MIX_LOT01_COMP0032,LOT_01,MIXED_SIGNAL_IC,CQFP-64,MIX-SIH-2026,THERMAL_BURN_IN,T01_0032,PROC-ISRO-IISU-01,ATE-STATION-01,CHAMBER-01,1.0,125.0,3.3,168,IDDQ,ELECTRICAL,uA,1.6922,1314.5208,1314.6169,1314.7078,1312.8286,-0.0058,0.0515,33.64,34.04,1.6922,1314.5208,1314.6169,1314.7078,1312.8286,75.0,False,NOMINAL,HEALTHY,-47.77,14.25
MIX_LOT01_COMP0033,LOT_01,MIXED_SIGNAL_IC,CQFP-64,MIX-SIH-2026,THERMAL_BURN_IN,T01_0033,PROC-ISRO-IISU-01,ATE-STATION-01,CHAMBER-01,1.0,125.0,3.3,168,IDDQ,ELECTRICAL,uA,1.9549,1493.9576,1494.0755,1494.0789,1492.0027,0.014,-0.0448,34.06,34.43,1.9549,1493.9576,1494.0755,1494.0789,1492.0027,75.0,False,NOMINAL,HEALTHY,-31.99,-24.17
MIX_LOT01_COMP0034,LOT_01,MIXED_SIGNAL_IC,CQFP-64,MIX-SIH-2026,THERMAL_BURN_IN,T01_0034,PROC-ISRO-IISU-01,ATE-STATION-01,CHAMBER-01,1.0,125.0,3.3,168,IDDQ,ELECTRICAL,uA,2.039,1576.3896,1576.4969,1576.5857,1574.3506,0.0412,0.041,34.47,34.01,2.039,1576.3896,1576.4969,1576.5857,1574.3506,75.0,False,NOMINAL,HEALTHY,27.81,29.71
MIX_LOT01_COMP0035,LOT_01,MIXED_SIGNAL_IC,CQFP-64,MIX-SIH-2026,THERMAL_BURN_IN,T01_0035,PROC-ISRO-IISU-01,ATE-STATION-01,CHAMBER-01,1.0,125.0,3.3,168,IDDQ,ELECTRICAL,uA,2.6178,2016.4873,2016.6817,2016.7541,2013.8695,0.027,-0.1057,33.67,32.82,2.6178,2016.4873,2016.6817,2016.7541,2013.8695,75.0,False,NOMINAL,HEALTHY,-10.14,-26.19
MIX_LOT01_COMP0036,LOT_01,MIXED_SIGNAL_IC,CQFP-64,MIX-SIH-2026,THERMAL_BURN_IN,T01_0036,PROC-ISRO-IISU-01,ATE-STATION-01,CHAMBER-01,1.0,125.0,3.3,168,IDDQ,ELECTRICAL,uA,2.495,1934.2425,1934.3821,1934.5481,1931.7475,-0.0079,-0.0423,35.71,36.84,2.495,1934.2425,1934.3821,1934.5481,1931.7475,75.0,False,NOMINAL,HEALTHY,49.96,8.64
MIX_LOT01_COMP0037,LOT_01,MIXED_SIGNAL_IC,CQFP-64,MIX-SIH-2026,THERMAL_BURN_IN,T01_0037,PROC-ISRO-IISU-01,ATE-STATION-01,CHAMBER-01,1.0,125.0,3.3,168,IDDQ,ELECTRICAL,uA,2.2525,1746.4135,1746.5968,1746.6647,1744.161,-0.0074,-0.0086,33.97,34.01,2.2525,1746.4135,1746.5968,1746.6647,1744.161,75.0,False,NOMINAL,HEALTHY,17.97,-16.57
MIX_LOT01_COMP0038,LOT_01,MIXED_SIGNAL_IC,CQFP-64,MIX-SIH-2026,THERMAL_BURN_IN,T01_0038,PROC-ISRO-IISU-01,ATE-STATION-01,CHAMBER-01,1.0,125.0,3.3,168,IDDQ,ELECTRICAL,uA,2.3704,1850.019,1850.1955,1850.2655,1847.6486,-0.0012,-0.0041,33.9,34.02,2.3704,1850.019,1850.1955,1850.2655,1847.6486,75.0,False,NOMINAL,HEALTHY,-0.8,-5.45
MIX_LOT01_COMP0039,LOT_01,MIXED_SIGNAL_IC,CQFP-64,MIX-SIH-2026,THERMAL_BURN_IN,T01_0039,PROC-ISRO-IISU-01,ATE-STATION-01,CHAMBER-01,1.0,125.0,3.3,168,IDDQ,ELECTRICAL,uA,1.9192,1492.8214,1492.9622,1493.0334,1490.9022,0.0056,0.0027,35.75,35.65,1.9192,1492.8214,1492.9622,1493.0334,1490.9022,75.0,False,NOMINAL,HEALTHY,-32.99,-17.13
MIX_LOT01_COMP0040,LOT_01,MIXED_SIGNAL_IC,CQFP-64,MIX-SIH-2026,THERMAL_BURN_IN,T01_0040,PROC-ISRO-IISU-01,ATE-STATION-01,CHAMBER-01,1.0,125.0,3.3,168,IDDQ,ELECTRICAL,uA,2.2302,1722.0989,1722.2789,1722.3581,1719.8687,-0.0084,-0.0861,32.86,34.0,2.2302,1722.0989,1722.2789,1722.3581,1719.8687,75.0,False,NOMINAL,HEALTHY,-21.88,-5.24
MIX_LOT01_COMP0041,LOT_01,MIXED_SIGNAL_IC,CQFP-64,MIX-SIH-2026,THERMAL_BURN_IN,T01_0041,PROC-ISRO-IISU-01,ATE-STATION-01,CHAMBER-01,1.0,125.0,3.3,168,IDDQ,ELECTRICAL,uA,2.2366,1722.9412,1723.0386,1723.1221,1720.7046,-0.0196,-0.1049,34.65,35.25,2.2366,1722.9412,1723.0386,1723.1221,1720.7046,75.0,False,NOMINAL,HEALTHY,33.42,-21.76
MIX_LOT01_COMP0042,LOT_01,MIXED_SIGNAL_IC,CQFP-64,MIX-SIH-2026,THERMAL_BURN_IN,T01_0042,PROC-ISRO-IISU-01,ATE-STATION-01,CHAMBER-01,1.0,125.0,3.3,168,IDDQ,ELECTRICAL,uA,2.3713,1828.1195,1828.2481,1828.3166,1825.7482,0.0227,-0.0499,32.7,33.96,2.3713,1828.1195,1828.2481,1828.3166,1825.7482,75.0,False,NOMINAL,HEALTHY,-29.85,30.89
MIX_LOT01_COMP0043,LOT_01,MIXED_SIGNAL_IC,CQFP-64,MIX-SIH-2026,THERMAL_BURN_IN,T01_0043,PROC-ISRO-IISU-01,ATE-STATION-01,CHAMBER-01,1.0,125.0,3.3,168,IDDQ,ELECTRICAL,uA,2.1278,1650.0998,1650.3022,1650.2732,1647.972,0.009,-0.016,33.87,33.92,2.1278,1650.0998,1650.3022,1650.2732,1647.972,75.0,False,NOMINAL,HEALTHY,-0.04,47.88
MIX_LOT01_COMP0044,LOT_01,MIXED_SIGNAL_IC,CQFP-64,MIX-SIH-2026,THERMAL_BURN_IN,T01_0044,PROC-ISRO-IISU-01,ATE-STATION-01,CHAMBER-01,1.0,125.0,3.3,168,IDDQ,ELECTRICAL,uA,2.1699,1681.7156,1681.8523,1681.9888,1679.5457,0.0031,-0.0514,34.42,33.61,2.1699,1681.7156,1681.8523,1681.9888,1679.5457,75.0,False,NOMINAL,HEALTHY,19.11,34.9
MIX_LOT01_COMP0045,LOT_01,MIXED_SIGNAL_IC,CQFP-64,MIX-SIH-2026,THERMAL_BURN_IN,T01_0045,PROC-ISRO-IISU-01,ATE-STATION-01,CHAMBER-01,1.0,125.0,3.3,168,IDDQ,ELECTRICAL,uA,2.188,1697.617,1697.7424,1697.8134,1695.429,-0.0114,0.0138,36.83,37.47,2.188,1697.617,1697.7424,1697.8134,1695.429,75.0,False,NOMINAL,HEALTHY,46.41,31.94
MIX_LOT01_COMP0046,LOT_01,MIXED_SIGNAL_IC,CQFP-64,MIX-SIH-2026,THERMAL_BURN_IN,T01_0046,PROC-ISRO-IISU-01,ATE-STATION-01,CHAMBER-01,1.0,125.0,3.3,168,IDDQ,ELECTRICAL,uA,2.4261,1885.4508,1885.621,1885.6655,1883.0247,-0.01,-0.0751,33.14,33.21,2.4261,1885.4508,1885.621,1885.6655,1883.0247,75.0,False,NOMINAL,HEALTHY,25.05,-30.78
MIX_LOT01_COMP0047,LOT_01,MIXED_SIGNAL_IC,CQFP-64,MIX-SIH-2026,THERMAL_BURN_IN,T01_0047,PROC-ISRO-IISU-01,ATE-STATION-01,CHAMBER-01,1.0,125.0,3.3,168,IDDQ,ELECTRICAL,uA,2.1669,1662.7103,1662.8743,1662.9068,1660.5434,0.0087,0.0525,34.23,34.13,2.1669,1662.7103,1662.8743,1662.9068,1660.5434,75.0,False,NOMINAL,HEALTHY,-8.44,-32.12
MIX_LOT01_COMP0048,LOT_01,MIXED_SIGNAL_IC,CQFP-64,MIX-SIH-2026,THERMAL_BURN_IN,T01_0048,PROC-ISRO-IISU-01,ATE-STATION-01,CHAMBER-01,1.0,125.0,3.3,168,IDDQ,ELECTRICAL,uA,1.8252,1400.9329,1401.0551,1401.1034,1399.1077,0.0072,-0.0149,35.19,35.21,1.8252,1400.9329,1401.0551,1401.1034,1399.1077,75.0,False,NOMINAL,HEALTHY,29.5,-39.53
MIX_LOT01_COMP0049,LOT_01,MIXED_SIGNAL_IC,CQFP-64,MIX-SIH-2026,THERMAL_BURN_IN,T01_0049,PROC-ISRO-IISU-01,ATE-STATION-01,CHAMBER-01,1.0,125.0,3.3,168,IDDQ,ELECTRICAL,uA,2.288,1756.2944,1756.4557,1756.4974,1754.0064,-0.0119,0.0739,36.5,37.48,2.288,1756.2944,1756.4557,1756.4974,1754.0064,75.0,False,NOMINAL,HEALTHY,43.01,25.03
MIX_LOT01_COMP0050,LOT_01,MIXED_SIGNAL_IC,CQFP-64,MIX-SIH-2026,THERMAL_BURN_IN,T01_0050,PROC-ISRO-IISU-01,ATE-STATION-01,CHAMBER-01,1.0,125.0,3.3,168,IDDQ,ELECTRICAL,uA,2.2083,1695.6874,1695.8292,1695.9195,1693.4791,0.0105,0.0871,35.48,35.26,2.2083,1695.6874,1695.8292,1695.9195,1693.4791,75.0,False,NOMINAL,HEALTHY,-27.31,-30.5
MIX_LOT01_COMP0051,LOT_01,MIXED_SIGNAL_IC,CQFP-64,MIX-SIH-2026,THERMAL_BURN_IN,T01_0051,PROC-ISRO-IISU-01,ATE-STATION-01,CHAMBER-01,1.0,125.0,3.3,168,IDDQ,ELECTRICAL,uA,2.1161,1636.6229,1636.7184,1636.8065,1634.5068,0.0055,-0.0098,36.72,35.79,2.1161,1636.6229,1636.7184,1636.8065,1634.5068,75.0,False,NOMINAL,HEALTHY,13.33,-41.99
MIX_LOT01_COMP0052,LOT_01,MIXED_SIGNAL_IC,CQFP-64,MIX-SIH-2026,THERMAL_BURN_IN,T01_0052,PROC-ISRO-IISU-01,ATE-STATION-01,CHAMBER-01,1.0,125.0,3.3,168,IDDQ,ELECTRICAL,uA,2.1728,1694.1101,1694.2753,1694.3458,1691.9373,0.0395,0.0398,37.15,36.41,2.1728,1694.1101,1694.2753,1694.3458,1691.9373,75.0,False,NOMINAL,HEALTHY,-37.36,35.04
MIX_LOT01_COMP0053,LOT_01,MIXED_SIGNAL_IC,CQFP-64,MIX-SIH-2026,THERMAL_BURN_IN,T01_0053,PROC-ISRO-IISU-01,ATE-STATION-01,CHAMBER-01,1.0,125.0,3.3,168,IDDQ,ELECTRICAL,uA,1.8757,1440.7582,1440.8495,1440.9171,1438.8825,0.0182,0.0512,37.98,38.02,1.8757,1440.7582,1440.8495,1440.9171,1438.8825,75.0,False,NOMINAL,HEALTHY,-10.51,-19.15
MIX_LOT01_COMP0054,LOT_01,MIXED_SIGNAL_IC,CQFP-64,MIX-SIH-2026,THERMAL_BURN_IN,T01_0054,PROC-ISRO-IISU-01,ATE-STATION-01,CHAMBER-01,1.0,125.0,3.3,168,IDDQ,ELECTRICAL,uA,1.701,1318.5988,1318.6983,1318.8135,1316.8978,-0.0113,-0.0368,35.3,35.2,1.701,1318.5988,1318.6983,1318.8135,1316.8978,75.0,False,NOMINAL,HEALTHY,14.18,39.81
MIX_LOT01_COMP0055,LOT_01,MIXED_SIGNAL_IC,CQFP-64,MIX-SIH-2026,THERMAL_BURN_IN,T01_0055,PROC-ISRO-IISU-01,ATE-STATION-01,CHAMBER-01,1.0,125.0,3.3,168,IDDQ,ELECTRICAL,uA,1.7869,1367.4056,1367.5401,1367.5773,1365.6187,-0.0201,0.0038,35.25,35.63,1.7869,1367.4056,1367.5401,1367.5773,1365.6187,75.0,False,NOMINAL,HEALTHY,-42.07,-20.16
MIX_LOT01_COMP0056,LOT_01,MIXED_SIGNAL_IC,CQFP-64,MIX-SIH-2026,THERMAL_BURN_IN,T01_0056,PROC-ISRO-IISU-01,ATE-STATION-01,CHAMBER-01,1.0,125.0,3.3,168,IDDQ,ELECTRICAL,uA,1.8151,1410.0229,1410.0915,1410.1356,1408.2078,0.0317,0.1107,35.45,35.5,1.8151,1410.0229,1410.0915,1410.1356,1408.2078,75.0,False,NOMINAL,HEALTHY,28.17,-1.38
MIX_LOT01_COMP0057,LOT_01,MIXED_SIGNAL_IC,CQFP-64,MIX-SIH-2026,THERMAL_BURN_IN,T01_0057,PROC-ISRO-IISU-01,ATE-STATION-01,CHAMBER-01,1.0,125.0,3.3,168,IDDQ,ELECTRICAL,uA,1.9792,1533.6154,1533.6812,1533.7518,1531.6362,0.0226,-0.0056,35.0,35.04,1.9792,1533.6154,1533.6812,1533.7518,1531.6362,75.0,False,NOMINAL,HEALTHY,30.44,-49.5
MIX_LOT01_COMP0058,LOT_01,MIXED_SIGNAL_IC,CQFP-64,MIX-SIH-2026,THERMAL_BURN_IN,T01_0058,PROC-ISRO-IISU-01,ATE-STATION-01,CHAMBER-01,1.0,125.0,3.3,168,IDDQ,ELECTRICAL,uA,2.0906,1598.1699,1598.2819,1598.3575,1596.0793,0.0342,-0.008,33.6,33.5,2.0906,1598.1699,1598.2819,1598.3575,1596.0793,75.0,False,NOMINAL,HEALTHY,8.73,-23.77
MIX_LOT01_COMP0059,LOT_01,MIXED_SIGNAL_IC,CQFP-64,MIX-SIH-2026,THERMAL_BURN_IN,T01_0059,PROC-ISRO-IISU-01,ATE-STATION-01,CHAMBER-01,1.0,125.0,3.3,168,IDDQ,ELECTRICAL,uA,1.8661,1442.6154,1442.7316,1442.8654,1440.7493,-0.011,0.0328,33.63,34.14,1.8661,1442.6154,1442.7316,1442.8654,1440.7493,75.0,False,NOMINAL,HEALTHY,41.94,-27.29
MIX_LOT01_COMP0060,LOT_01,MIXED_SIGNAL_IC,CQFP-64,MIX-SIH-2026,THERMAL_BURN_IN,T01_0060,PROC-ISRO-IISU-01,ATE-STATION-01,CHAMBER-01,1.0,125.0,3.3,168,IDDQ,ELECTRICAL,uA,2.2354,1727.0696,1727.1935,1727.2712,1724.8342,0.0002,-0.0716,34.25,34.43,2.2354,1727.0696,1727.1935,1727.2712,1724.8342,75.0,False,NOMINAL,HEALTHY,-30.88,-35.2
MIX_LOT01_COMP0061,LOT_01,MIXED_SIGNAL_IC,CQFP-64,MIX-SIH-2026,THERMAL_BURN_IN,T01_0061,PROC-ISRO-IISU-01,ATE-STATION-01,CHAMBER-01,1.0,125.0,3.3,168,IDDQ,ELECTRICAL,uA,2.5688,1985.2997,1985.405,1985.5416,1982.7309,-0.0199,0.0052,32.73,32.51,2.5688,1985.2997,1985.405,1985.5416,1982.7309,75.0,False,NOMINAL,HEALTHY,-9.15,-30.7
MIX_LOT01_COMP0062,LOT_01,MIXED_SIGNAL_IC,CQFP-64,MIX-SIH-2026,THERMAL_BURN_IN,T01_0062,PROC-ISRO-IISU-01,ATE-STATION-01,CHAMBER-01,1.0,125.0,3.3,168,IDDQ,ELECTRICAL,uA,9.5774,7379.6771,7380.1377,7380.3376,7370.0997,0.0143,-0.0124,35.57,34.12,9.5774,7379.6771,7380.1377,7380.3376,7370.0997,75.0,True,SPATIAL_OUTLIER,HEALTHY,-19.51,-35.32
MIX_LOT01_COMP0063,LOT_01,MIXED_SIGNAL_IC,CQFP-64,MIX-SIH-2026,THERMAL_BURN_IN,T01_0063,PROC-ISRO-IISU-01,ATE-STATION-01,CHAMBER-01,1.0,125.0,3.3,168,IDDQ,ELECTRICAL,uA,2.1324,1636.3521,1636.4874,1636.5026,1634.2197,-0.0116,0.0107,35.07,35.89,2.1324,1636.3521,1636.4874,1636.5026,1634.2197,75.0,False,NOMINAL,HEALTHY,34.36,-30.83
MIX_LOT01_COMP0064,LOT_01,MIXED_SIGNAL_IC,CQFP-64,MIX-SIH-2026,THERMAL_BURN_IN,T01_0064,PROC-ISRO-IISU-01,ATE-STATION-01,CHAMBER-01,1.0,125.0,3.3,168,IDDQ,ELECTRICAL,uA,2.3615,1827.1219,1827.3039,1827.3796,1824.7604,-0.0316,-0.0348,36.18,36.36,2.3615,1827.1219,1827.3039,1827.3796,1824.7604,75.0,False,NOMINAL,HEALTHY,38.75,-37.3
MIX_LOT01_COMP0065,LOT_01,MIXED_SIGNAL_IC,CQFP-64,MIX-SIH-2026,THERMAL_BURN_IN,T01_0065,PROC-ISRO-IISU-01,ATE-STATION-01,CHAMBER-01,1.0,125.0,3.3,168,IDDQ,ELECTRICAL,uA,1.7523,1361.3103,1361.4201,1361.4539,1359.558,-0.0348,0.032,34.7,34.33,1.7523,1361.3103,1361.4201,1361.4539,1359.558,75.0,False,NOMINAL,HEALTHY,19.79,-26.11
MIX_LOT01_COMP0066,LOT_01,MIXED_SIGNAL_IC,CQFP-64,MIX-SIH-2026,THERMAL_BURN_IN,T01_0066,PROC-ISRO-IISU-01,ATE-STATION-01,CHAMBER-01,1.0,125.0,3.3,168,IDDQ,ELECTRICAL,uA,2.3498,1815.7316,1815.8544,1815.945,1813.3818,0.0418,-0.0247,34.29,34.17,2.3498,1815.7316,1815.8544,1815.945,1813.3818,75.0,False,NOMINAL,HEALTHY,-26.07,-34.58
MIX_LOT01_COMP0067,LOT_01,MIXED_SIGNAL_IC,CQFP-64,MIX-SIH-2026,THERMAL_BURN_IN,T01_0067,PROC-ISRO-IISU-01,ATE-STATION-01,CHAMBER-01,1.0,125.0,3.3,168,IDDQ,ELECTRICAL,uA,2.1868,1671.6581,1671.7828,1671.8139,1669.4713,0.0257,0.1172,37.22,37.79,2.1868,1671.6581,1671.7828,1671.8139,1669.4713,75.0,False,NOMINAL,HEALTHY,-16.44,-32.67
MIX_LOT01_COMP0068,LOT_01,MIXED_SIGNAL_IC,CQFP-64,MIX-SIH-2026,THERMAL_BURN_IN,T01_0068,PROC-ISRO-IISU-01,ATE-STATION-01,CHAMBER-01,1.0,125.0,3.3,168,IDDQ,ELECTRICAL,uA,2.325,1792.2935,1792.4145,1792.5008,1789.9685,0.0306,0.0065,35.19,35.56,2.325,1792.2935,1792.4145,1792.5008,1789.9685,75.0,False,NOMINAL,HEALTHY,38.91,-47.9
MIX_LOT01_COMP0069,LOT_01,MIXED_SIGNAL_IC,CQFP-64,MIX-SIH-2026,THERMAL_BURN_IN,T01_0069,PROC-ISRO-IISU-01,ATE-STATION-01,CHAMBER-01,1.0,125.0,3.3,168,IDDQ,ELECTRICAL,uA,2.1717,1680.8876,1681.0547,1681.1067,1678.7159,0.0133,-0.0474,34.74,34.06,2.1717,1680.8876,1681.0547,1681.1067,1678.7159,75.0,False,NOMINAL,HEALTHY,-15.62,-4.16
MIX_LOT01_COMP0070,LOT_01,MIXED_SIGNAL_IC,CQFP-64,MIX-SIH-2026,THERMAL_BURN_IN,T01_0070,PROC-ISRO-IISU-01,ATE-STATION-01,CHAMBER-01,1.0,125.0,3.3,168,IDDQ,ELECTRICAL,uA,2.2155,1720.2421,1720.3892,1720.4764,1718.0266,-0.0459,-0.0496,33.06,33.5,2.2155,1720.2421,1720.3892,1720.4764,1718.0266,75.0,False,NOMINAL,HEALTHY,11.04,2.93
MIX_LOT01_COMP0071,LOT_01,MIXED_SIGNAL_IC,CQFP-64,MIX-SIH-2026,THERMAL_BURN_IN,T01_0071,PROC-ISRO-IISU-01,ATE-STATION-01,CHAMBER-01,1.0,125.0,3.3,168,IDDQ,ELECTRICAL,uA,2.1554,1644.6122,1644.76,1644.8556,1642.4568,-0.0086,-0.0114,36.49,35.69,2.1554,1644.6122,1644.76,1644.8556,1642.4568,75.0,False,NOMINAL,HEALTHY,-16.48,-6.69
MIX_LOT01_COMP0072,LOT_01,MIXED_SIGNAL_IC,CQFP-64,MIX-SIH-2026,THERMAL_BURN_IN,T01_0072,PROC-ISRO-IISU-01,ATE-STATION-01,CHAMBER-01,1.0,125.0,3.3,168,IDDQ,ELECTRICAL,uA,1.9187,1495.5351,1495.6535,1495.706,1493.6164,0.0149,0.0324,36.72,37.01,1.9187,1495.5351,1495.6535,1495.706,1493.6164,75.0,False,NOMINAL,HEALTHY,13.13,-49.54
MIX_LOT01_COMP0073,LOT_01,MIXED_SIGNAL_IC,CQFP-64,MIX-SIH-2026,THERMAL_BURN_IN,T01_0073,PROC-ISRO-IISU-01,ATE-STATION-01,CHAMBER-01,1.0,125.0,3.3,168,IDDQ,ELECTRICAL,uA,2.2465,1730.0605,1730.2108,1730.2876,1727.814,0.0134,0.0253,36.43,36.34,2.2465,1730.0605,1730.2108,1730.2876,1727.814,75.0,False,NOMINAL,HEALTHY,0.66,-20.14
MIX_LOT01_COMP0074,LOT_01,MIXED_SIGNAL_IC,CQFP-64,MIX-SIH-2026,THERMAL_BURN_IN,T01_0074,PROC-ISRO-IISU-01,ATE-STATION-01,CHAMBER-01,1.0,125.0,3.3,168,IDDQ,ELECTRICAL,uA,1.7571,1350.4914,1350.5856,1350.639,1348.7343,0.0021,0.0114,35.29,35.18,1.7571,1350.4914,1350.5856,1350.639,1348.7343,75.0,False,NOMINAL,HEALTHY,-15.3,19.47
MIX_LOT01_COMP0075,LOT_01,MIXED_SIGNAL_IC,CQFP-64,MIX-SIH-2026,THERMAL_BURN_IN,T01_0075,PROC-ISRO-IISU-01,ATE-STATION-01,CHAMBER-01,1.0,125.0,3.3,168,IDDQ,ELECTRICAL,uA,1.9743,1526.1338,1526.2254,1526.3102,1524.1595,-0.0736,-0.0113,34.07,33.77,1.9743,1526.1338,1526.2254,1526.3102,1524.1595,75.0,False,NOMINAL,HEALTHY,32.63,-11.56
MIX_LOT01_COMP0076,LOT_01,MIXED_SIGNAL_IC,CQFP-64,MIX-SIH-2026,THERMAL_BURN_IN,T01_0076,PROC-ISRO-IISU-01,ATE-STATION-01,CHAMBER-01,1.0,125.0,3.3,168,IDDQ,ELECTRICAL,uA,2.1667,1681.0744,1681.1953,1681.2557,1678.9077,-0.0156,-0.0568,34.76,34.88,2.1667,1681.0744,1681.1953,1681.2557,1678.9077,75.0,False,NOMINAL,HEALTHY,-39.38,-35.95
MIX_LOT01_COMP0077,LOT_01,MIXED_SIGNAL_IC,CQFP-64,MIX-SIH-2026,THERMAL_BURN_IN,T01_0077,PROC-ISRO-IISU-01,ATE-STATION-01,CHAMBER-01,1.0,125.0,3.3,168,IDDQ,ELECTRICAL,uA,2.3106,1795.014,1795.153,1795.2073,1792.7034,0.0046,-0.0193,35.83,35.68,2.3106,1795.014,1795.153,1795.2073,1792.7034,75.0,False,NOMINAL,HEALTHY,23.78,16.7
MIX_LOT01_COMP0078,LOT_01,MIXED_SIGNAL_IC,CQFP-64,MIX-SIH-2026,THERMAL_BURN_IN,T01_0078,PROC-ISRO-IISU-01,ATE-STATION-01,CHAMBER-01,1.0,125.0,3.3,168,IDDQ,ELECTRICAL,uA,2.1292,1637.518,1637.6223,1637.7171,1635.3888,0.0209,0.0939,35.12,34.43,2.1292,1637.518,1637.6223,1637.7171,1635.3888,75.0,False,NOMINAL,HEALTHY,-21.81,-12.0
MIX_LOT01_COMP0079,LOT_01,MIXED_SIGNAL_IC,CQFP-64,MIX-SIH-2026,THERMAL_BURN_IN,T01_0079,PROC-ISRO-IISU-01,ATE-STATION-01,CHAMBER-01,1.0,125.0,3.3,168,IDDQ,ELECTRICAL,uA,1.8516,1410.5958,1410.7026,1410.8043,1408.7442,-0.0142,0.0457,36.31,35.81,1.8516,1410.5958,1410.7026,1410.8043,1408.7442,75.0,False,NOMINAL,HEALTHY,18.65,-42.99
MIX_LOT01_COMP0080,LOT_01,MIXED_SIGNAL_IC,CQFP-64,MIX-SIH-2026,THERMAL_BURN_IN,T01_0080,PROC-ISRO-IISU-01,ATE-STATION-01,CHAMBER-01,1.0,125.0,3.3,168,IDDQ,ELECTRICAL,uA,1.5286,1163.9035,1164.048,1164.0659,1162.3749,0.027,0.1195,33.39,33.24,1.5286,1163.9035,1164.048,1164.0659,1162.3749,75.0,False,NOMINAL,HEALTHY,46.29,-0.55
MIX_LOT01_COMP0081,LOT_01,MIXED_SIGNAL_IC,CQFP-64,MIX-SIH-2026,THERMAL_BURN_IN,T01_0081,PROC-ISRO-IISU-01,ATE-STATION-01,CHAMBER-01,1.0,125.0,3.3,168,IDDQ,ELECTRICAL,uA,2.0705,1582.8808,1583.0486,1583.0922,1580.8103,0.023,0.0045,35.22,34.79,2.0705,1582.8808,1583.0486,1583.0922,1580.8103,75.0,False,NOMINAL,HEALTHY,-37.33,29.0
MIX_LOT01_COMP0082,LOT_01,MIXED_SIGNAL_IC,CQFP-64,MIX-SIH-2026,THERMAL_BURN_IN,T01_0082,PROC-ISRO-IISU-01,ATE-STATION-01,CHAMBER-01,1.0,125.0,3.3,168,IDDQ,ELECTRICAL,uA,1.8986,1482.4522,1482.5941,1482.6665,1480.5536,0.0047,0.0515,34.66,34.8,1.8986,1482.4522,1482.5941,1482.6665,1480.5536,75.0,False,NOMINAL,HEALTHY,18.93,12.6
MIX_LOT01_COMP0083,LOT_01,MIXED_SIGNAL_IC,CQFP-64,MIX-SIH-2026,THERMAL_BURN_IN,T01_0083,PROC-ISRO-IISU-01,ATE-STATION-01,CHAMBER-01,1.0,125.0,3.3,168,IDDQ,ELECTRICAL,uA,1.6718,1290.6604,1290.7472,1290.7525,1288.9886,0.0018,-0.0706,34.52,33.89,1.6718,1290.6604,1290.7472,1290.7525,1288.9886,75.0,False,NOMINAL,HEALTHY,-19.74,-24.67
MIX_LOT01_COMP0084,LOT_01,MIXED_SIGNAL_IC,CQFP-64,MIX-SIH-2026,THERMAL_BURN_IN,T01_0084,PROC-ISRO-IISU-01,ATE-STATION-01,CHAMBER-01,1.0,125.0,3.3,168,IDDQ,ELECTRICAL,uA,2.0132,1559.4474,1559.6025,1559.6214,1557.4342,0.0454,-0.0118,35.59,34.72,2.0132,1559.4474,1559.6025,1559.6214,1557.4342,75.0,False,NOMINAL,HEALTHY,-23.86,-8.53
MIX_LOT01_COMP0085,LOT_01,MIXED_SIGNAL_IC,CQFP-64,MIX-SIH-2026,THERMAL_BURN_IN,T01_0085,PROC-ISRO-IISU-01,ATE-STATION-01,CHAMBER-01,1.0,125.0,3.3,168,IDDQ,ELECTRICAL,uA,1.8578,1422.0511,1422.1711,1422.2451,1420.1933,-0.0051,-0.0028,33.56,32.89,1.8578,1422.0511,1422.1711,1422.2451,1420.1933,75.0,False,NOMINAL,HEALTHY,2.81,0.38
MIX_LOT01_COMP0086,LOT_01,MIXED_SIGNAL_IC,CQFP-64,MIX-SIH-2026,THERMAL_BURN_IN,T01_0086,PROC-ISRO-IISU-01,ATE-STATION-01,CHAMBER-01,1.0,125.0,3.3,168,IDDQ,ELECTRICAL,uA,2.0255,1558.1746,1558.2723,1558.3291,1556.1491,0.0239,0.0398,34.65,35.15,2.0255,1558.1746,1558.2723,1558.3291,1556.1491,75.0,False,NOMINAL,HEALTHY,-2.95,10.9
MIX_LOT01_COMP0087,LOT_01,MIXED_SIGNAL_IC,CQFP-64,MIX-SIH-2026,THERMAL_BURN_IN,T01_0087,PROC-ISRO-IISU-01,ATE-STATION-01,CHAMBER-01,1.0,125.0,3.3,168,IDDQ,ELECTRICAL,uA,2.0188,1550.7417,1550.8362,1550.9568,1548.7229,-0.0292,-0.0586,35.15,34.57,2.0188,1550.7417,1550.8362,1550.9568,1548.7229,75.0,False,NOMINAL,HEALTHY,-11.25,-46.49
MIX_LOT01_COMP0088,LOT_01,MIXED_SIGNAL_IC,CQFP-64,MIX-SIH-2026,THERMAL_BURN_IN,T01_0088,PROC-ISRO-IISU-01,ATE-STATION-01,CHAMBER-01,1.0,125.0,3.3,168,IDDQ,ELECTRICAL,uA,1.8009,1405.0553,1405.1715,1405.2663,1403.2544,-0.0035,0.0476,32.78,32.8,1.8009,1405.0553,1405.1715,1405.2663,1403.2544,75.0,False,NOMINAL,HEALTHY,-40.12,38.59
MIX_LOT01_COMP0089,LOT_01,MIXED_SIGNAL_IC,CQFP-64,MIX-SIH-2026,THERMAL_BURN_IN,T01_0089,PROC-ISRO-IISU-01,ATE-STATION-01,CHAMBER-01,1.0,125.0,3.3,168,IDDQ,ELECTRICAL,uA,2.3626,1823.533,1823.691,1823.7329,1821.1704,0.0019,0.0647,34.09,33.8,2.3626,1823.533,1823.691,1823.7329,1821.1704,75.0,False,NOMINAL,HEALTHY,29.34,31.18
MIX_LOT01_COMP0090,LOT_01,MIXED_SIGNAL_IC,CQFP-64,MIX-SIH-2026,THERMAL_BURN_IN,T01_0090,PROC-ISRO-IISU-01,ATE-STATION-01,CHAMBER-01,1.0,125.0,3.3,168,IDDQ,ELECTRICAL,uA,2.0172,1564.1338,1564.2279,1564.3675,1562.1166,-0.0331,-0.0337,36.45,37.19,2.0172,1564.1338,1564.2279,1564.3675,1562.1166,75.0,False,NOMINAL,HEALTHY,38.3,-28.46
MIX_LOT01_COMP0091,LOT_01,MIXED_SIGNAL_IC,CQFP-64,MIX-SIH-2026,THERMAL_BURN_IN,T01_0091,PROC-ISRO-IISU-01,ATE-STATION-01,CHAMBER-01,1.0,125.0,3.3,168,IDDQ,ELECTRICAL,uA,1.9048,1486.321,1486.4318,1486.4989,1484.4162,-0.0143,-0.088,36.1,36.15,1.9048,1486.321,1486.4318,1486.4989,1484.4162,75.0,False,NOMINAL,HEALTHY,1.08,25.36
MIX_LOT01_COMP0092,LOT_01,MIXED_SIGNAL_IC,CQFP-64,MIX-SIH-2026,THERMAL_BURN_IN,T01_0092,PROC-ISRO-IISU-01,ATE-STATION-01,CHAMBER-01,1.0,125.0,3.3,168,IDDQ,ELECTRICAL,uA,2.4894,1908.4949,1908.6275,1908.6856,1906.0055,-0.0422,-0.1178,34.15,34.58,2.4894,1908.4949,1908.6275,1908.6856,1906.0055,75.0,False,NOMINAL,HEALTHY,20.75,-31.91
MIX_LOT01_COMP0093,LOT_01,MIXED_SIGNAL_IC,CQFP-64,MIX-SIH-2026,THERMAL_BURN_IN,T01_0093,PROC-ISRO-IISU-01,ATE-STATION-01,CHAMBER-01,1.0,125.0,3.3,168,IDDQ,ELECTRICAL,uA,1.8203,1396.6612,1396.8155,1396.8566,1394.8409,0.0027,-0.0585,36.51,35.57,1.8203,1396.6612,1396.8155,1396.8566,1394.8409,75.0,False,NOMINAL,HEALTHY,-0.01,-33.09
MIX_LOT01_COMP0094,LOT_01,MIXED_SIGNAL_IC,CQFP-64,MIX-SIH-2026,THERMAL_BURN_IN,T01_0094,PROC-ISRO-IISU-01,ATE-STATION-01,CHAMBER-01,1.0,125.0,3.3,168,IDDQ,ELECTRICAL,uA,2.3134,1773.7865,1773.9303,1773.9793,1771.4731,0.0536,0.0408,37.17,36.52,2.3134,1773.7865,1773.9303,1773.9793,1771.4731,75.0,False,NOMINAL,HEALTHY,-10.88,4.05
MIX_LOT01_COMP0095,LOT_01,MIXED_SIGNAL_IC,CQFP-64,MIX-SIH-2026,THERMAL_BURN_IN,T01_0095,PROC-ISRO-IISU-01,ATE-STATION-01,CHAMBER-01,1.0,125.0,3.3,168,IDDQ,ELECTRICAL,uA,2.3417,1802.6611,1802.7866,1802.9373,1800.3194,-0.022,0.0277,36.34,37.06,2.3417,1802.6611,1802.7866,1802.9373,1800.3194,75.0,False,NOMINAL,HEALTHY,-43.39,-44.58
MIX_LOT01_COMP0096,LOT_01,MIXED_SIGNAL_IC,CQFP-64,MIX-SIH-2026,THERMAL_BURN_IN,T01_0096,PROC-ISRO-IISU-01,ATE-STATION-01,CHAMBER-01,1.0,125.0,3.3,168,IDDQ,ELECTRICAL,uA,1.9569,1520.3003,1520.4391,1520.5163,1518.3434,0.0319,0.0418,34.94,34.97,1.9569,1520.3003,1520.4391,1520.5163,1518.3434,75.0,False,NOMINAL,HEALTHY,-23.69,26.19
MIX_LOT01_COMP0097,LOT_01,MIXED_SIGNAL_IC,CQFP-64,MIX-SIH-2026,THERMAL_BURN_IN,T01_0097,PROC-ISRO-IISU-01,ATE-STATION-01,CHAMBER-01,1.0,125.0,3.3,168,IDDQ,ELECTRICAL,uA,2.4797,1911.0578,1911.1973,1911.2826,1908.5781,-0.0204,-0.0794,33.93,34.92,2.4797,1911.0578,1911.1973,1911.2826,1908.5781,75.0,False,NOMINAL,HEALTHY,-42.33,-43.19
MIX_LOT01_COMP0098,LOT_01,MIXED_SIGNAL_IC,CQFP-64,MIX-SIH-2026,THERMAL_BURN_IN,T01_0098,PROC-ISRO-IISU-01,ATE-STATION-01,CHAMBER-01,1.0,125.0,3.3,168,IDDQ,ELECTRICAL,uA,2.1849,1688.9297,1689.0871,1689.1773,1686.7448,0.0346,-0.1434,35.87,35.55,2.1849,1688.9297,1689.0871,1689.1773,1686.7448,75.0,False,NOMINAL,HEALTHY,-22.09,15.01
MIX_LOT01_COMP0099,LOT_01,MIXED_SIGNAL_IC,CQFP-64,MIX-SIH-2026,THERMAL_BURN_IN,T01_0099,PROC-ISRO-IISU-01,ATE-STATION-01,CHAMBER-01,1.0,125.0,3.3,168,IDDQ,ELECTRICAL,uA,2.0102,1537.8343,1537.982,1538.0263,1535.8241,0.0135,0.0631,34.66,34.6,2.0102,1537.8343,1537.982,1538.0263,1535.8241,75.0,False,NOMINAL,HEALTHY,24.45,0.13
MIX_LOT01_COMP0100,LOT_01,MIXED_SIGNAL_IC,CQFP-64,MIX-SIH-2026,THERMAL_BURN_IN,T01_0100,PROC-ISRO-IISU-01,ATE-STATION-01,CHAMBER-01,1.0,125.0,3.3,168,IDDQ,ELECTRICAL,uA,2.381,1835.0992,1835.2218,1835.3283,1832.7182,0.0223,-0.0269,35.15,35.66,2.381,1835.0992,1835.2218,1835.3283,1832.7182,75.0,False,NOMINAL,HEALTHY,-32.35,-46.17
MIX_LOT01_COMP0101,LOT_01,MIXED_SIGNAL_IC,CQFP-64,MIX-SIH-2026,THERMAL_BURN_IN,T01_0101,PROC-ISRO-IISU-01,ATE-STATION-01,CHAMBER-01,1.0,125.0,3.3,168,IDDQ,ELECTRICAL,uA,1.8094,1398.088,1398.215,1398.2944,1396.2786,0.0057,0.0489,35.62,36.54,1.8094,1398.088,1398.215,1398.2944,1396.2786,75.0,False,NOMINAL,HEALTHY,22.96,20.38
MIX_LOT01_COMP0102,LOT_01,MIXED_SIGNAL_IC,CQFP-64,MIX-SIH-2026,THERMAL_BURN_IN,T01_0102,PROC-ISRO-IISU-01,ATE-STATION-01,CHAMBER-01,1.0,125.0,3.3,168,IDDQ,ELECTRICAL,uA,2.0465,1593.2392,1595.7215,1606.0122,1591.1927,0.003,-0.0587,34.67,35.2,2.0465,1593.2392,1595.7215,1606.0122,1591.1927,75.0,True,ELECTROMIGRATION,HEALTHY,-21.81,-2.18
MIX_LOT01_COMP0103,LOT_01,MIXED_SIGNAL_IC,CQFP-64,MIX-SIH-2026,THERMAL_BURN_IN,T01_0103,PROC-ISRO-IISU-01,ATE-STATION-01,CHAMBER-01,1.0,125.0,3.3,168,IDDQ,ELECTRICAL,uA,2.1158,1632.7184,1632.7936,1632.9182,1630.6026,-0.0111,0.0053,34.69,34.58,2.1158,1632.7184,1632.7936,1632.9182,1630.6026,75.0,False,NOMINAL,HEALTHY,26.38,27.24
MIX_LOT01_COMP0104,LOT_01,MIXED_SIGNAL_IC,CQFP-64,MIX-SIH-2026,THERMAL_BURN_IN,T01_0104,PROC-ISRO-IISU-01,ATE-STATION-01,CHAMBER-01,1.0,125.0,3.3,168,IDDQ,ELECTRICAL,uA,2.3049,1768.3846,1768.4768,1768.6086,1766.0797,-0.0211,-0.0585,36.57,36.2,2.3049,1768.3846,1768.4768,1768.6086,1766.0797,75.0,False,NOMINAL,HEALTHY,-6.17,-28.24
MIX_LOT01_COMP0105,LOT_01,MIXED_SIGNAL_IC,CQFP-64,MIX-SIH-2026,THERMAL_BURN_IN,T01_0105,PROC-ISRO-IISU-01,ATE-STATION-01,CHAMBER-01,1.0,125.0,3.3,168,IDDQ,ELECTRICAL,uA,1.8669,1436.8139,1436.9703,1437.033,1434.947,-0.0222,-0.0039,36.03,36.14,1.8669,1436.8139,1436.9703,1437.033,1434.947,75.0,False,NOMINAL,HEALTHY,-21.41,35.62
MIX_LOT01_COMP0106,LOT_01,MIXED_SIGNAL_IC,CQFP-64,MIX-SIH-2026,THERMAL_BURN_IN,T01_0106,PROC-ISRO-IISU-01,ATE-STATION-01,CHAMBER-01,1.0,125.0,3.3,168,IDDQ,ELECTRICAL,uA,2.2183,1708.8973,1709.0412,1709.0694,1706.679,-0.0305,-0.062,35.34,35.48,2.2183,1708.8973,1709.0412,1709.0694,1706.679,75.0,False,NOMINAL,HEALTHY,-20.9,-33.95
MIX_LOT01_COMP0107,LOT_01,MIXED_SIGNAL_IC,CQFP-64,MIX-SIH-2026,THERMAL_BURN_IN,T01_0107,PROC-ISRO-IISU-01,ATE-STATION-01,CHAMBER-01,1.0,125.0,3.3,168,IDDQ,ELECTRICAL,uA,2.2706,1767.6505,1767.8283,1767.9043,1765.3799,0.0088,0.0276,32.69,33.19,2.2706,1767.6505,1767.8283,1767.9043,1765.3799,75.0,False,NOMINAL,HEALTHY,48.6,-24.2
MIX_LOT01_COMP0108,LOT_01,MIXED_SIGNAL_IC,CQFP-64,MIX-SIH-2026,THERMAL_BURN_IN,T01_0108,PROC-ISRO-IISU-01,ATE-STATION-01,CHAMBER-01,1.0,125.0,3.3,168,IDDQ,ELECTRICAL,uA,2.0699,1600.3297,1608.9065,1758.9236,1598.2598,-0.004,0.01,36.09,36.81,2.0699,1600.3297,1608.9065,1758.9236,1598.2598,75.0,True,THERMAL_RUNAWAY,HEALTHY,-28.45,-38.93
MIX_LOT01_COMP0109,LOT_01,MIXED_SIGNAL_IC,CQFP-64,MIX-SIH-2026,THERMAL_BURN_IN,T01_0109,PROC-ISRO-IISU-01,ATE-STATION-01,CHAMBER-01,1.0,125.0,3.3,168,IDDQ,ELECTRICAL,uA,1.9926,1543.7453,1543.9234,1543.9464,1541.7527,0.0273,0.1636,34.56,34.3,1.9926,1543.7453,1543.9234,1543.9464,1541.7527,75.0,False,NOMINAL,HEALTHY,43.15,49.94
MIX_LOT01_COMP0110,LOT_01,MIXED_SIGNAL_IC,CQFP-64,MIX-SIH-2026,THERMAL_BURN_IN,T01_0110,PROC-ISRO-IISU-01,ATE-STATION-01,CHAMBER-01,1.0,125.0,3.3,168,IDDQ,ELECTRICAL,uA,2.0139,1575.3504,1575.4845,1575.5342,1573.3365,0.043,0.1837,34.04,34.47,2.0139,1575.3504,1575.4845,1575.5342,1573.3365,75.0,False,NOMINAL,HEALTHY,-13.8,-23.3
MIX_LOT01_COMP0111,LOT_01,MIXED_SIGNAL_IC,CQFP-64,MIX-SIH-2026,THERMAL_BURN_IN,T01_0111,PROC-ISRO-IISU-01,ATE-STATION-01,CHAMBER-01,1.0,125.0,3.3,168,IDDQ,ELECTRICAL,uA,2.5082,1927.3609,1930.2964,1942.368,1924.8527,0.0169,0.0787,37.9,37.19,2.5082,1927.3609,1930.2964,1942.368,1924.8527,75.0,True,ELECTROMIGRATION,HEALTHY,-7.96,-1.7
MIX_LOT01_COMP0112,LOT_01,MIXED_SIGNAL_IC,CQFP-64,MIX-SIH-2026,THERMAL_BURN_IN,T01_0112,PROC-ISRO-IISU-01,ATE-STATION-01,CHAMBER-01,1.0,125.0,3.3,168,IDDQ,ELECTRICAL,uA,1.7261,1304.9157,1305.0191,1305.0976,1303.1896,0.0199,0.0529,35.79,36.61,1.7261,1304.9157,1305.0191,1305.0976,1303.1896,75.0,False,NOMINAL,HEALTHY,32.85,-20.27
MIX_LOT01_COMP0113,LOT_01,MIXED_SIGNAL_IC,CQFP-64,MIX-SIH-2026,THERMAL_BURN_IN,T01_0113,PROC-ISRO-IISU-01,ATE-STATION-01,CHAMBER-01,1.0,125.0,3.3,168,IDDQ,ELECTRICAL,uA,2.3093,1769.8535,1770.04,1770.0989,1767.5442,0.0144,0.024,35.5,34.9,2.3093,1769.8535,1770.04,1770.0989,1767.5442,75.0,False,NOMINAL,HEALTHY,-4.87,-35.95
MIX_LOT01_COMP0114,LOT_01,MIXED_SIGNAL_IC,CQFP-64,MIX-SIH-2026,THERMAL_BURN_IN,T01_0114,PROC-ISRO-IISU-01,ATE-STATION-01,CHAMBER-01,1.0,125.0,3.3,168,IDDQ,ELECTRICAL,uA,2.3724,1814.8558,1815.0384,1815.0933,1812.4834,-0.0049,-0.0238,37.02,37.22,2.3724,1814.8558,1815.0384,1815.0933,1812.4834,75.0,True,DIELECTRIC_OSCILLATION,HEALTHY,-20.93,37.46
MIX_LOT01_COMP0115,LOT_01,MIXED_SIGNAL_IC,CQFP-64,MIX-SIH-2026,THERMAL_BURN_IN,T01_0115,PROC-ISRO-IISU-01,ATE-STATION-01,CHAMBER-01,1.0,125.0,3.3,168,IDDQ,ELECTRICAL,uA,1.8065,1396.4883,1396.6614,1396.7051,1394.6818,-0.0051,0.0694,37.36,38.5,1.8065,1396.4883,1396.6614,1396.7051,1394.6818,75.0,False,NOMINAL,HEALTHY,-40.89,37.79
MIX_LOT01_COMP0116,LOT_01,MIXED_SIGNAL_IC,CQFP-64,MIX-SIH-2026,THERMAL_BURN_IN,T01_0116,PROC-ISRO-IISU-01,ATE-STATION-01,CHAMBER-01,1.0,125.0,3.3,168,IDDQ,ELECTRICAL,uA,2.7474,2119.8065,2119.9588,2120.0523,2117.0591,0.0068,0.005,34.75,34.66,2.7474,2119.8065,2119.9588,2120.0523,2117.0591,75.0,False,NOMINAL,HEALTHY,-6.0,-21.35
MIX_LOT01_COMP0117,LOT_01,MIXED_SIGNAL_IC,CQFP-64,MIX-SIH-2026,THERMAL_BURN_IN,T01_0117,PROC-ISRO-IISU-01,ATE-STATION-01,CHAMBER-01,1.0,125.0,3.3,168,IDDQ,ELECTRICAL,uA,2.345,1827.71,1827.8452,1827.9471,1825.365,-0.0046,0.0476,34.08,33.54,2.345,1827.71,1827.8452,1827.9471,1825.365,75.0,False,NOMINAL,HEALTHY,42.78,26.23
MIX_LOT01_COMP0118,LOT_01,MIXED_SIGNAL_IC,CQFP-64,MIX-SIH-2026,THERMAL_BURN_IN,T01_0118,PROC-ISRO-IISU-01,ATE-STATION-01,CHAMBER-01,1.0,125.0,3.3,168,IDDQ,ELECTRICAL,uA,2.158,1657.9302,1658.0678,1658.1354,1655.7722,-0.0008,0.0958,34.78,34.13,2.158,1657.9302,1658.0678,1658.1354,1655.7722,75.0,False,NOMINAL,HEALTHY,5.19,39.84
MIX_LOT01_COMP0119,LOT_01,MIXED_SIGNAL_IC,CQFP-64,MIX-SIH-2026,THERMAL_BURN_IN,T01_0119,PROC-ISRO-IISU-01,ATE-STATION-01,CHAMBER-01,1.0,125.0,3.3,168,IDDQ,ELECTRICAL,uA,2.6566,2039.0645,2039.2456,2039.3529,2036.4079,-0.0079,-0.0362,33.07,32.64,2.6566,2039.0645,2039.2456,2039.3529,2036.4079,75.0,False,NOMINAL,HEALTHY,-20.98,-12.57
MIX_LOT01_COMP0120,LOT_01,MIXED_SIGNAL_IC,CQFP-64,MIX-SIH-2026,THERMAL_BURN_IN,T01_0120,PROC-ISRO-IISU-01,ATE-STATION-01,CHAMBER-01,1.0,125.0,3.3,168,IDDQ,ELECTRICAL,uA,2.5554,1962.2418,1962.3909,1962.4787,1959.6864,0.0187,0.0358,37.01,37.37,2.5554,1962.2418,1962.3909,1962.4787,1959.6864,75.0,False,NOMINAL,HEALTHY,-40.8,-6.27
MIX_LOT01_COMP0121,LOT_01,MIXED_SIGNAL_IC,CQFP-64,MIX-SIH-2026,THERMAL_BURN_IN,T01_0121,PROC-ISRO-IISU-01,ATE-STATION-01,CHAMBER-01,1.0,125.0,3.3,168,IDDQ,ELECTRICAL,uA,2.8192,2192.0705,2192.2298,2192.3429,2189.2513,0.0059,-0.0388,35.35,35.77,2.8192,2192.0705,2192.2298,2192.3429,2189.2513,75.0,False,NOMINAL,HEALTHY,34.89,17.13
MIX_LOT01_COMP0122,LOT_01,MIXED_SIGNAL_IC,CQFP-64,MIX-SIH-2026,THERMAL_BURN_IN,T01_0122,PROC-ISRO-IISU-01,ATE-STATION-01,CHAMBER-01,1.0,125.0,3.3,168,IDDQ,ELECTRICAL,uA,2.3559,1813.9696,1814.1107,1814.1824,1811.6137,-0.0124,0.0097,36.5,36.12,2.3559,1813.9696,1814.1107,1814.1824,1811.6137,75.0,False,NOMINAL,HEALTHY,48.4,12.49
MIX_LOT01_COMP0123,LOT_01,MIXED_SIGNAL_IC,CQFP-64,MIX-SIH-2026,THERMAL_BURN_IN,T01_0123,PROC-ISRO-IISU-01,ATE-STATION-01,CHAMBER-01,1.0,125.0,3.3,168,IDDQ,ELECTRICAL,uA,2.6478,2054.866,2055.0169,2055.0959,2052.2182,-0.0149,0.0103,32.88,33.46,2.6478,2054.866,2055.0169,2055.0959,2052.2182,75.0,False,NOMINAL,HEALTHY,4.1,25.88
MIX_LOT01_COMP0124,LOT_01,MIXED_SIGNAL_IC,CQFP-64,MIX-SIH-2026,THERMAL_BURN_IN,T01_0124,PROC-ISRO-IISU-01,ATE-STATION-01,CHAMBER-01,1.0,125.0,3.3,168,IDDQ,ELECTRICAL,uA,1.9739,1522.7297,1522.8059,1522.8782,1520.7558,0.0115,0.0189,35.36,35.44,1.9739,1522.7297,1522.8059,1522.8782,1520.7558,75.0,False,NOMINAL,HEALTHY,-37.34,28.95
MIX_LOT01_COMP0125,LOT_01,MIXED_SIGNAL_IC,CQFP-64,MIX-SIH-2026,THERMAL_BURN_IN,T01_0125,PROC-ISRO-IISU-01,ATE-STATION-01,CHAMBER-01,1.0,125.0,3.3,168,IDDQ,ELECTRICAL,uA,1.7855,1386.0609,1386.153,1386.2687,1384.2754,-0.006,0.0369,33.91,34.25,1.7855,1386.0609,1386.153,1386.2687,1384.2754,75.0,False,NOMINAL,HEALTHY,34.87,-40.21
MIX_LOT01_COMP0126,LOT_01,MIXED_SIGNAL_IC,CQFP-64,MIX-SIH-2026,THERMAL_BURN_IN,T01_0126,PROC-ISRO-IISU-01,ATE-STATION-01,CHAMBER-01,1.0,125.0,3.3,168,IDDQ,ELECTRICAL,uA,1.7852,1390.551,1390.6512,1390.7176,1388.7658,0.0038,-0.0723,33.86,33.62,1.7852,1390.551,1390.6512,1390.7176,1388.7658,75.0,False,NOMINAL,HEALTHY,-13.57,32.8
MIX_LOT01_COMP0127,LOT_01,MIXED_SIGNAL_IC,CQFP-64,MIX-SIH-2026,THERMAL_BURN_IN,T01_0127,PROC-ISRO-IISU-01,ATE-STATION-01,CHAMBER-01,1.0,125.0,3.3,168,IDDQ,ELECTRICAL,uA,2.0829,1601.7706,1601.9346,1601.92,1599.6877,0.0352,0.0229,33.41,33.59,2.0829,1601.7706,1601.9346,1601.92,1599.6877,75.0,False,NOMINAL,HEALTHY,6.48,-8.06
MIX_LOT01_COMP0128,LOT_01,MIXED_SIGNAL_IC,CQFP-64,MIX-SIH-2026,THERMAL_BURN_IN,T01_0128,PROC-ISRO-IISU-01,ATE-STATION-01,CHAMBER-01,1.0,125.0,3.3,168,IDDQ,ELECTRICAL,uA,2.4929,1913.0546,1913.2355,1913.3705,1910.5617,0.0059,0.007,35.85,36.21,2.4929,1913.0546,1913.2355,1913.3705,1910.5617,75.0,False,NOMINAL,HEALTHY,-28.32,-1.96
MIX_LOT01_COMP0129,LOT_01,MIXED_SIGNAL_IC,CQFP-64,MIX-SIH-2026,THERMAL_BURN_IN,T01_0129,PROC-ISRO-IISU-01,ATE-STATION-01,CHAMBER-01,1.0,125.0,3.3,168,IDDQ,ELECTRICAL,uA,2.1228,1624.3998,1624.4931,1624.6029,1622.277,0.0046,-0.024,35.7,34.57,2.1228,1624.3998,1624.4931,1624.6029,1622.277,75.0,False,NOMINAL,HEALTHY,0.18,25.45
MIX_LOT01_COMP0130,LOT_01,MIXED_SIGNAL_IC,CQFP-64,MIX-SIH-2026,THERMAL_BURN_IN,T01_0130,PROC-ISRO-IISU-01,ATE-STATION-01,CHAMBER-01,1.0,125.0,3.3,168,IDDQ,ELECTRICAL,uA,2.0384,1561.7465,1561.8258,1561.9434,1559.7081,0.0281,0.0012,32.89,32.65,2.0384,1561.7465,1561.8258,1561.9434,1559.7081,75.0,False,NOMINAL,HEALTHY,2.74,-13.03
MIX_LOT01_COMP0131,LOT_01,MIXED_SIGNAL_IC,CQFP-64,MIX-SIH-2026,THERMAL_BURN_IN,T01_0131,PROC-ISRO-IISU-01,ATE-STATION-01,CHAMBER-01,1.0,125.0,3.3,168,IDDQ,ELECTRICAL,uA,1.8569,1438.3317,1438.4792,1438.5002,1436.4748,-0.0188,-0.0132,34.22,34.11,1.8569,1438.3317,1438.4792,1438.5002,1436.4748,75.0,False,NOMINAL,HEALTHY,31.67,-34.8
MIX_LOT01_COMP0132,LOT_01,MIXED_SIGNAL_IC,CQFP-64,MIX-SIH-2026,THERMAL_BURN_IN,T01_0132,PROC-ISRO-IISU-01,ATE-STATION-01,CHAMBER-01,1.0,125.0,3.3,168,IDDQ,ELECTRICAL,uA,2.1312,1630.096,1630.2699,1630.2788,1627.9648,0.0345,0.0193,34.93,34.71,2.1312,1630.096,1630.2699,1630.2788,1627.9648,75.0,False,NOMINAL,HEALTHY,48.98,-24.93
MIX_LOT01_COMP0133,LOT_01,MIXED_SIGNAL_IC,CQFP-64,MIX-SIH-2026,THERMAL_BURN_IN,T01_0133,PROC-ISRO-IISU-01,ATE-STATION-01,CHAMBER-01,1.0,125.0,3.3,168,IDDQ,ELECTRICAL,uA,2.0183,1555.0302,1555.16,1555.2625,1553.0119,-0.0035,0.0382,34.38,34.06,2.0183,1555.0302,1555.16,1555.2625,1553.0119,75.0,False,NOMINAL,HEALTHY,-24.15,36.93
MIX_LOT01_COMP0134,LOT_01,MIXED_SIGNAL_IC,CQFP-64,MIX-SIH-2026,THERMAL_BURN_IN,T01_0134,PROC-ISRO-IISU-01,ATE-STATION-01,CHAMBER-01,1.0,125.0,3.3,168,IDDQ,ELECTRICAL,uA,2.4807,1897.0455,1897.2173,1897.2597,1894.5648,0.0164,-0.0293,35.34,35.61,2.4807,1897.0455,1897.2173,1897.2597,1894.5648,75.0,False,NOMINAL,HEALTHY,22.79,33.65
MIX_LOT01_COMP0135,LOT_01,MIXED_SIGNAL_IC,CQFP-64,MIX-SIH-2026,THERMAL_BURN_IN,T01_0135,PROC-ISRO-IISU-01,ATE-STATION-01,CHAMBER-01,1.0,125.0,3.3,168,IDDQ,ELECTRICAL,uA,2.2224,1717.7442,1717.9241,1717.9798,1715.5218,0.0488,-0.0106,33.15,33.14,2.2224,1717.7442,1717.9241,1717.9798,1715.5218,75.0,False,NOMINAL,HEALTHY,-19.88,17.16
MIX_LOT01_COMP0136,LOT_01,MIXED_SIGNAL_IC,CQFP-64,MIX-SIH-2026,THERMAL_BURN_IN,T01_0136,PROC-ISRO-IISU-01,ATE-STATION-01,CHAMBER-01,1.0,125.0,3.3,168,IDDQ,ELECTRICAL,uA,1.7771,1366.295,1366.4208,1366.4683,1364.5179,-0.0046,-0.0106,34.71,34.12,1.7771,1366.295,1366.4208,1366.4683,1364.5179,75.0,False,NOMINAL,HEALTHY,11.83,38.3
MIX_LOT01_COMP0137,LOT_01,MIXED_SIGNAL_IC,CQFP-64,MIX-SIH-2026,THERMAL_BURN_IN,T01_0137,PROC-ISRO-IISU-01,ATE-STATION-01,CHAMBER-01,1.0,125.0,3.3,168,IDDQ,ELECTRICAL,uA,2.7508,2133.1242,2133.3322,2133.405,2130.3734,0.0007,0.0462,35.73,35.72,2.7508,2133.1242,2133.3322,2133.405,2130.3734,75.0,False,NOMINAL,HEALTHY,35.7,45.91
MIX_LOT01_COMP0138,LOT_01,MIXED_SIGNAL_IC,CQFP-64,MIX-SIH-2026,THERMAL_BURN_IN,T01_0138,PROC-ISRO-IISU-01,ATE-STATION-01,CHAMBER-01,1.0,125.0,3.3,168,IDDQ,ELECTRICAL,uA,2.1018,1607.3624,1607.4508,1607.474,1605.2606,0.011,-0.0439,37.76,37.41,2.1018,1607.3624,1607.4508,1607.474,1605.2606,75.0,False,NOMINAL,HEALTHY,12.56,30.84
MIX_LOT01_COMP0139,LOT_01,MIXED_SIGNAL_IC,CQFP-64,MIX-SIH-2026,THERMAL_BURN_IN,T01_0139,PROC-ISRO-IISU-01,ATE-STATION-01,CHAMBER-01,1.0,125.0,3.3,168,IDDQ,ELECTRICAL,uA,2.167,1658.3837,1658.5137,1658.6366,1656.2167,-0.0038,-0.0741,34.76,33.88,2.167,1658.3837,1658.5137,1658.6366,1656.2167,75.0,False,NOMINAL,HEALTHY,-14.97,-47.97
MIX_LOT01_COMP0140,LOT_01,MIXED_SIGNAL_IC,CQFP-64,MIX-SIH-2026,THERMAL_BURN_IN,T01_0140,PROC-ISRO-IISU-01,ATE-STATION-01,CHAMBER-01,1.0,125.0,3.3,168,IDDQ,ELECTRICAL,uA,2.1655,1658.9336,1659.0405,1659.09,1656.7681,-0.0052,-0.0899,32.89,32.64,2.1655,1658.9336,1659.0405,1659.09,1656.7681,75.0,False,NOMINAL,HEALTHY,10.12,21.31
MIX_LOT01_COMP0141,LOT_01,MIXED_SIGNAL_IC,CQFP-64,MIX-SIH-2026,THERMAL_BURN_IN,T01_0141,PROC-ISRO-IISU-01,ATE-STATION-01,CHAMBER-01,1.0,125.0,3.3,168,IDDQ,ELECTRICAL,uA,2.1612,1682.9335,1683.0788,1683.1119,1680.7723,-0.0037,-0.0082,34.01,33.85,2.1612,1682.9335,1683.0788,1683.1119,1680.7723,75.0,False,NOMINAL,HEALTHY,49.33,12.11
MIX_LOT01_COMP0142,LOT_01,MIXED_SIGNAL_IC,CQFP-64,MIX-SIH-2026,THERMAL_BURN_IN,T01_0142,PROC-ISRO-IISU-01,ATE-STATION-01,CHAMBER-01,1.0,125.0,3.3,168,IDDQ,ELECTRICAL,uA,2.012,1555.9371,1556.0315,1556.1551,1553.9251,-0.0286,-0.0137,36.63,36.88,2.012,1555.9371,1556.0315,1556.1551,1553.9251,75.0,False,NOMINAL,HEALTHY,12.29,-5.68
MIX_LOT01_COMP0143,LOT_01,MIXED_SIGNAL_IC,CQFP-64,MIX-SIH-2026,THERMAL_BURN_IN,T01_0143,PROC-ISRO-IISU-01,ATE-STATION-01,CHAMBER-01,1.0,125.0,3.3,168,IDDQ,ELECTRICAL,uA,2.3964,1852.1627,1852.3211,1852.4498,1849.7663,0.0007,0.0439,35.85,36.81,2.3964,1852.1627,1852.3211,1852.4498,1849.7663,75.0,False,NOMINAL,HEALTHY,39.8,-28.32
MIX_LOT01_COMP0144,LOT_01,MIXED_SIGNAL_IC,CQFP-64,MIX-SIH-2026,THERMAL_BURN_IN,T01_0144,PROC-ISRO-IISU-01,ATE-STATION-01,CHAMBER-01,1.0,125.0,3.3,168,IDDQ,ELECTRICAL,uA,1.8267,1422.0329,1422.0942,1422.2281,1420.2062,0.0057,-0.0555,35.33,35.77,1.8267,1422.0329,1422.0942,1422.2281,1420.2062,75.0,False,NOMINAL,HEALTHY,-0.24,-45.46
MIX_LOT01_COMP0145,LOT_01,MIXED_SIGNAL_IC,CQFP-64,MIX-SIH-2026,THERMAL_BURN_IN,T01_0145,PROC-ISRO-IISU-01,ATE-STATION-01,CHAMBER-01,1.0,125.0,3.3,168,IDDQ,ELECTRICAL,uA,1.9974,1546.8502,1549.2538,1559.2054,1544.8528,-0.0045,-0.0265,36.25,36.13,1.9974,1546.8502,1549.2538,1559.2054,1544.8528,75.0,True,ELECTROMIGRATION,HEALTHY,-18.51,37.04
MIX_LOT01_COMP0146,LOT_01,MIXED_SIGNAL_IC,CQFP-64,MIX-SIH-2026,THERMAL_BURN_IN,T01_0146,PROC-ISRO-IISU-01,ATE-STATION-01,CHAMBER-01,1.0,125.0,3.3,168,IDDQ,ELECTRICAL,uA,2.0691,1583.3218,1583.4841,1583.5854,1581.2527,0.0034,0.0364,35.51,34.58,2.0691,1583.3218,1583.4841,1583.5854,1581.2527,75.0,False,NOMINAL,HEALTHY,10.23,-44.38
MIX_LOT01_COMP0147,LOT_01,MIXED_SIGNAL_IC,CQFP-64,MIX-SIH-2026,THERMAL_BURN_IN,T01_0147,PROC-ISRO-IISU-01,ATE-STATION-01,CHAMBER-01,1.0,125.0,3.3,168,IDDQ,ELECTRICAL,uA,1.9064,1486.2225,1486.2973,1486.3793,1484.3161,-0.026,-0.0218,33.75,33.59,1.9064,1486.2225,1486.2973,1486.3793,1484.3161,75.0,False,NOMINAL,HEALTHY,18.49,44.7
MIX_LOT01_COMP0148,LOT_01,MIXED_SIGNAL_IC,CQFP-64,MIX-SIH-2026,THERMAL_BURN_IN,T01_0148,PROC-ISRO-IISU-01,ATE-STATION-01,CHAMBER-01,1.0,125.0,3.3,168,IDDQ,ELECTRICAL,uA,2.049,1575.2844,1583.9278,1733.7773,1573.2354,-0.0082,0.0566,33.49,34.17,2.049,1575.2844,1583.9278,1733.7773,1573.2354,75.0,True,THERMAL_RUNAWAY,HEALTHY,40.19,40.19
MIX_LOT01_COMP0149,LOT_01,MIXED_SIGNAL_IC,CQFP-64,MIX-SIH-2026,THERMAL_BURN_IN,T01_0149,PROC-ISRO-IISU-01,ATE-STATION-01,CHAMBER-01,1.0,125.0,3.3,168,IDDQ,ELECTRICAL,uA,2.0352,1547.2672,1547.4153,1547.4549,1545.232,-0.0142,0.0237,36.6,37.2,2.0352,1547.2672,1547.4153,1547.4549,1545.232,75.0,False,NOMINAL,HEALTHY,-3.69,17.33
MIX_LOT01_COMP0150,LOT_01,MIXED_SIGNAL_IC,CQFP-64,MIX-SIH-2026,THERMAL_BURN_IN,T01_0150,PROC-ISRO-IISU-01,ATE-STATION-01,CHAMBER-01,1.0,125.0,3.3,168,IDDQ,ELECTRICAL,uA,2.1446,1638.968,1639.1038,1639.0926,1636.8234,0.0196,-0.066,36.25,37.08,2.1446,1638.968,1639.1038,1639.0926,1636.8234,75.0,False,NOMINAL,HEALTHY,7.27,33.8
MIX_LOT01_COMP0151,LOT_01,MIXED_SIGNAL_IC,CQFP-64,MIX-SIH-2026,THERMAL_BURN_IN,T01_0151,PROC-ISRO-IISU-01,ATE-STATION-01,CHAMBER-01,1.0,125.0,3.3,168,IDDQ,ELECTRICAL,uA,1.8488,1424.2761,1424.4111,1424.4839,1422.4273,-0.0404,-0.0855,33.07,33.36,1.8488,1424.2761,1424.4111,1424.4839,1422.4273,75.0,False,NOMINAL,HEALTHY,2.43,40.87
MIX_LOT01_COMP0152,LOT_01,MIXED_SIGNAL_IC,CQFP-64,MIX-SIH-2026,THERMAL_BURN_IN,T01_0152,PROC-ISRO-IISU-01,ATE-STATION-01,CHAMBER-01,1.0,125.0,3.3,168,IDDQ,ELECTRICAL,uA,1.7192,1358.0634,1358.1498,1358.2237,1356.3442,-0.0028,0.0333,33.09,32.82,1.7192,1358.0634,1358.1498,1358.2237,1356.3442,75.0,False,NOMINAL,HEALTHY,32.79,-30.67
MIX_LOT01_COMP0153,LOT_01,MIXED_SIGNAL_IC,CQFP-64,MIX-SIH-2026,THERMAL_BURN_IN,T01_0153,PROC-ISRO-IISU-01,ATE-STATION-01,CHAMBER-01,1.0,125.0,3.3,168,IDDQ,ELECTRICAL,uA,2.2371,1713.3847,1713.4779,1713.5947,1711.1476,0.0088,0.0979,33.39,33.3,2.2371,1713.3847,1713.4779,1713.5947,1711.1476,75.0,False,NOMINAL,HEALTHY,7.51,35.04
MIX_LOT01_COMP0154,LOT_01,MIXED_SIGNAL_IC,CQFP-64,MIX-SIH-2026,THERMAL_BURN_IN,T01_0154,PROC-ISRO-IISU-01,ATE-STATION-01,CHAMBER-01,1.0,125.0,3.3,168,IDDQ,ELECTRICAL,uA,1.8108,1398.5101,1398.6109,1398.6664,1396.6993,-0.0246,-0.0755,33.5,34.24,1.8108,1398.5101,1398.6109,1398.6664,1396.6993,75.0,False,NOMINAL,HEALTHY,7.51,-49.84
MIX_LOT01_COMP0155,LOT_01,MIXED_SIGNAL_IC,CQFP-64,MIX-SIH-2026,THERMAL_BURN_IN,T01_0155,PROC-ISRO-IISU-01,ATE-STATION-01,CHAMBER-01,1.0,125.0,3.3,168,IDDQ,ELECTRICAL,uA,2.0297,1533.9433,1534.0085,1534.1304,1531.9136,0.0056,0.0506,34.85,34.99,2.0297,1533.9433,1534.0085,1534.1304,1531.9136,75.0,False,NOMINAL,HEALTHY,2.09,35.03
MIX_LOT01_COMP0156,LOT_01,MIXED_SIGNAL_IC,CQFP-64,MIX-SIH-2026,THERMAL_BURN_IN,T01_0156,PROC-ISRO-IISU-01,ATE-STATION-01,CHAMBER-01,1.0,125.0,3.3,168,IDDQ,ELECTRICAL,uA,1.9041,1468.8523,1468.9871,1469.055,1466.9482,-0.0177,-0.0424,34.5,34.65,1.9041,1468.8523,1468.9871,1469.055,1466.9482,75.0,False,NOMINAL,HEALTHY,-36.18,-45.86
MIX_LOT01_COMP0157,LOT_01,MIXED_SIGNAL_IC,CQFP-64,MIX-SIH-2026,THERMAL_BURN_IN,T01_0157,PROC-ISRO-IISU-01,ATE-STATION-01,CHAMBER-01,1.0,125.0,3.3,168,IDDQ,ELECTRICAL,uA,2.0539,1580.7172,1580.8375,1580.8983,1578.6633,0.0339,0.0167,35.78,35.04,2.0539,1580.7172,1580.8375,1580.8983,1578.6633,75.0,False,NOMINAL,HEALTHY,-13.45,23.43
MIX_LOT01_COMP0158,LOT_01,MIXED_SIGNAL_IC,CQFP-64,MIX-SIH-2026,THERMAL_BURN_IN,T01_0158,PROC-ISRO-IISU-01,ATE-STATION-01,CHAMBER-01,1.0,125.0,3.3,168,IDDQ,ELECTRICAL,uA,2.1827,1671.0426,1671.1458,1671.3178,1668.8599,0.0001,-0.0557,32.41,32.46,2.1827,1671.0426,1671.1458,1671.3178,1668.8599,75.0,False,NOMINAL,HEALTHY,38.88,-16.82
MIX_LOT01_COMP0159,LOT_01,MIXED_SIGNAL_IC,CQFP-64,MIX-SIH-2026,THERMAL_BURN_IN,T01_0159,PROC-ISRO-IISU-01,ATE-STATION-01,CHAMBER-01,1.0,125.0,3.3,168,IDDQ,ELECTRICAL,uA,1.9476,1500.904,1501.0305,1501.0557,1498.9564,-0.0037,-0.0589,34.18,34.41,1.9476,1500.904,1501.0305,1501.0557,1498.9564,75.0,False,NOMINAL,HEALTHY,-45.41,7.97
MIX_LOT01_COMP0160,LOT_01,MIXED_SIGNAL_IC,CQFP-64,MIX-SIH-2026,THERMAL_BURN_IN,T01_0160,PROC-ISRO-IISU-01,ATE-STATION-01,CHAMBER-01,1.0,125.0,3.3,168,IDDQ,ELECTRICAL,uA,2.3464,1787.9205,1788.0434,1788.1179,1785.5741,-0.0241,-0.0636,34.94,35.41,2.3464,1787.9205,1788.0434,1788.1179,1785.5741,75.0,False,NOMINAL,HEALTHY,42.85,9.19
MIX_LOT01_COMP0161,LOT_01,MIXED_SIGNAL_IC,CQFP-64,MIX-SIH-2026,THERMAL_BURN_IN,T01_0161,PROC-ISRO-IISU-01,ATE-STATION-01,CHAMBER-01,1.0,125.0,3.3,168,IDDQ,ELECTRICAL,uA,1.8117,1414.4578,1414.5803,1414.6737,1412.6461,-0.0122,0.0217,35.64,35.65,1.8117,1414.4578,1414.5803,1414.6737,1412.6461,75.0,False,NOMINAL,HEALTHY,14.08,-39.44
MIX_LOT01_COMP0162,LOT_01,MIXED_SIGNAL_IC,CQFP-64,MIX-SIH-2026,THERMAL_BURN_IN,T01_0162,PROC-ISRO-IISU-01,ATE-STATION-01,CHAMBER-01,1.0,125.0,3.3,168,IDDQ,ELECTRICAL,uA,1.7877,1377.9598,1378.0411,1378.1204,1376.1721,0.0158,-0.0287,33.62,32.6,1.7877,1377.9598,1378.0411,1378.1204,1376.1721,75.0,False,NOMINAL,HEALTHY,24.26,14.09
MIX_LOT01_COMP0163,LOT_01,MIXED_SIGNAL_IC,CQFP-64,MIX-SIH-2026,THERMAL_BURN_IN,T01_0163,PROC-ISRO-IISU-01,ATE-STATION-01,CHAMBER-01,1.0,125.0,3.3,168,IDDQ,ELECTRICAL,uA,2.5845,1991.4296,1991.6105,1991.6636,1988.8451,-0.0203,-0.0369,36.33,35.94,2.5845,1991.4296,1991.6105,1991.6636,1988.8451,75.0,False,NOMINAL,HEALTHY,-9.83,-20.42
MIX_LOT01_COMP0164,LOT_01,MIXED_SIGNAL_IC,CQFP-64,MIX-SIH-2026,THERMAL_BURN_IN,T01_0164,PROC-ISRO-IISU-01,ATE-STATION-01,CHAMBER-01,1.0,125.0,3.3,168,IDDQ,ELECTRICAL,uA,2.3522,1797.8251,1797.9355,1798.0363,1795.4729,0.0259,0.0933,32.94,32.43,2.3522,1797.8251,1797.9355,1798.0363,1795.4729,75.0,False,NOMINAL,HEALTHY,4.51,11.61
MIX_LOT01_COMP0165,LOT_01,MIXED_SIGNAL_IC,CQFP-64,MIX-SIH-2026,THERMAL_BURN_IN,T01_0165,PROC-ISRO-IISU-01,ATE-STATION-01,CHAMBER-01,1.0,125.0,3.3,168,IDDQ,ELECTRICAL,uA,2.2462,1718.6531,1718.7606,1718.8937,1716.4069,-0.0106,-0.0597,36.03,36.22,2.2462,1718.6531,1718.7606,1718.8937,1716.4069,75.0,False,NOMINAL,HEALTHY,17.11,-47.79
MIX_LOT01_COMP0166,LOT_01,MIXED_SIGNAL_IC,CQFP-64,MIX-SIH-2026,THERMAL_BURN_IN,T01_0166,PROC-ISRO-IISU-01,ATE-STATION-01,CHAMBER-01,1.0,125.0,3.3,168,IDDQ,ELECTRICAL,uA,2.0497,1571.2028,1571.3118,1571.3549,1569.1531,-0.0041,-0.0054,35.47,35.07,2.0497,1571.2028,1571.3118,1571.3549,1569.1531,75.0,False,NOMINAL,HEALTHY,27.46,42.14
MIX_LOT01_COMP0167,LOT_01,MIXED_SIGNAL_IC,CQFP-64,MIX-SIH-2026,THERMAL_BURN_IN,T01_0167,PROC-ISRO-IISU-01,ATE-STATION-01,CHAMBER-01,1.0,125.0,3.3,168,IDDQ,ELECTRICAL,uA,2.0708,1569.1762,1569.2729,1569.3574,1567.1054,0.0054,-0.0249,37.47,37.69,2.0708,1569.1762,1569.2729,1569.3574,1567.1054,75.0,False,NOMINAL,HEALTHY,-13.73,23.88
MIX_LOT01_COMP0168,LOT_01,MIXED_SIGNAL_IC,CQFP-64,MIX-SIH-2026,THERMAL_BURN_IN,T01_0168,PROC-ISRO-IISU-01,ATE-STATION-01,CHAMBER-01,1.0,125.0,3.3,168,IDDQ,ELECTRICAL,uA,2.5729,1999.9919,2000.135,2000.2767,1997.419,0.0138,0.0276,34.5,34.72,2.5729,1999.9919,2000.135,2000.2767,1997.419,75.0,False,NOMINAL,HEALTHY,-21.2,-16.11
MIX_LOT01_COMP0169,LOT_01,MIXED_SIGNAL_IC,CQFP-64,MIX-SIH-2026,THERMAL_BURN_IN,T01_0169,PROC-ISRO-IISU-01,ATE-STATION-01,CHAMBER-01,1.0,125.0,3.3,168,IDDQ,ELECTRICAL,uA,2.3427,1815.1138,1815.2391,1815.3272,1812.7711,-0.0194,-0.0452,34.28,35.12,2.3427,1815.1138,1815.2391,1815.3272,1812.7711,75.0,False,NOMINAL,HEALTHY,-48.48,35.19
MIX_LOT01_COMP0170,LOT_01,MIXED_SIGNAL_IC,CQFP-64,MIX-SIH-2026,THERMAL_BURN_IN,T01_0170,PROC-ISRO-IISU-01,ATE-STATION-01,CHAMBER-01,1.0,125.0,3.3,168,IDDQ,ELECTRICAL,uA,2.3545,1818.567,1818.7353,1818.8043,1816.2125,-0.0231,-0.0294,33.42,33.52,2.3545,1818.567,1818.7353,1818.8043,1816.2125,75.0,False,NOMINAL,HEALTHY,-21.84,5.76
MIX_LOT01_COMP0171,LOT_01,MIXED_SIGNAL_IC,CQFP-64,MIX-SIH-2026,THERMAL_BURN_IN,T01_0171,PROC-ISRO-IISU-01,ATE-STATION-01,CHAMBER-01,1.0,125.0,3.3,168,IDDQ,ELECTRICAL,uA,1.7021,1330.3123,1330.4024,1330.5181,1328.6102,-0.0004,0.0067,34.98,35.07,1.7021,1330.3123,1330.4024,1330.5181,1328.6102,75.0,False,NOMINAL,HEALTHY,-35.63,-43.13
MIX_LOT01_COMP0172,LOT_01,MIXED_SIGNAL_IC,CQFP-64,MIX-SIH-2026,THERMAL_BURN_IN,T01_0172,PROC-ISRO-IISU-01,ATE-STATION-01,CHAMBER-01,1.0,125.0,3.3,168,IDDQ,ELECTRICAL,uA,2.1689,1685.4839,1685.6301,1685.71,1683.315,0.0303,-0.0427,34.53,35.16,2.1689,1685.4839,1685.6301,1685.71,1683.315,75.0,False,NOMINAL,HEALTHY,44.99,-2.25
MIX_LOT01_COMP0173,LOT_01,MIXED_SIGNAL_IC,CQFP-64,MIX-SIH-2026,THERMAL_BURN_IN,T01_0173,PROC-ISRO-IISU-01,ATE-STATION-01,CHAMBER-01,1.0,125.0,3.3,168,IDDQ,ELECTRICAL,uA,1.9117,1496.8839,1496.986,1497.0685,1494.9722,0.0288,0.0465,34.88,35.09,1.9117,1496.8839,1496.986,1497.0685,1494.9722,75.0,False,NOMINAL,HEALTHY,0.77,3.44
MIX_LOT01_COMP0174,LOT_01,MIXED_SIGNAL_IC,CQFP-64,MIX-SIH-2026,THERMAL_BURN_IN,T01_0174,PROC-ISRO-IISU-01,ATE-STATION-01,CHAMBER-01,1.0,125.0,3.3,168,IDDQ,ELECTRICAL,uA,1.9695,1520.8381,1520.9814,1521.0555,1518.8686,0.0504,0.0951,34.67,33.77,1.9695,1520.8381,1520.9814,1521.0555,1518.8686,75.0,False,NOMINAL,HEALTHY,-21.83,40.79
MIX_LOT01_COMP0175,LOT_01,MIXED_SIGNAL_IC,CQFP-64,MIX-SIH-2026,THERMAL_BURN_IN,T01_0175,PROC-ISRO-IISU-01,ATE-STATION-01,CHAMBER-01,1.0,125.0,3.3,168,IDDQ,ELECTRICAL,uA,2.3806,1831.8831,1832.0246,1832.1154,1829.5025,-0.0089,-0.0142,34.34,33.85,2.3806,1831.8831,1832.0246,1832.1154,1829.5025,75.0,False,NOMINAL,HEALTHY,-28.76,-32.23
MIX_LOT01_COMP0176,LOT_01,MIXED_SIGNAL_IC,CQFP-64,MIX-SIH-2026,THERMAL_BURN_IN,T01_0176,PROC-ISRO-IISU-01,ATE-STATION-01,CHAMBER-01,1.0,125.0,3.3,168,IDDQ,ELECTRICAL,uA,2.3597,1832.2382,1832.3984,1832.401,1829.8785,0.0222,0.0386,35.92,35.68,2.3597,1832.2382,1832.3984,1832.401,1829.8785,75.0,False,NOMINAL,HEALTHY,-3.7,-22.58
MIX_LOT01_COMP0177,LOT_01,MIXED_SIGNAL_IC,CQFP-64,MIX-SIH-2026,THERMAL_BURN_IN,T01_0177,PROC-ISRO-IISU-01,ATE-STATION-01,CHAMBER-01,1.0,125.0,3.3,168,IDDQ,ELECTRICAL,uA,2.5852,1983.8134,1983.9447,1984.0251,1981.2282,0.0329,-0.0036,35.25,35.12,2.5852,1983.8134,1983.9447,1984.0251,1981.2282,75.0,False,NOMINAL,HEALTHY,-29.22,32.96
MIX_LOT01_COMP0178,LOT_01,MIXED_SIGNAL_IC,CQFP-64,MIX-SIH-2026,THERMAL_BURN_IN,T01_0178,PROC-ISRO-IISU-01,ATE-STATION-01,CHAMBER-01,1.0,125.0,3.3,168,IDDQ,ELECTRICAL,uA,2.5998,1995.2699,1995.3517,1995.4623,1992.6701,0.0052,0.066,34.19,33.82,2.5998,1995.2699,1995.3517,1995.4623,1992.6701,75.0,False,NOMINAL,HEALTHY,-12.2,-46.67
MIX_LOT01_COMP0179,LOT_01,MIXED_SIGNAL_IC,CQFP-64,MIX-SIH-2026,THERMAL_BURN_IN,T01_0179,PROC-ISRO-IISU-01,ATE-STATION-01,CHAMBER-01,1.0,125.0,3.3,168,IDDQ,ELECTRICAL,uA,2.2077,1708.6309,1708.7257,1708.8258,1706.4232,-0.0194,0.0272,35.76,35.22,2.2077,1708.6309,1708.7257,1708.8258,1706.4232,75.0,False,NOMINAL,HEALTHY,-47.7,42.18
MIX_LOT01_COMP0180,LOT_01,MIXED_SIGNAL_IC,CQFP-64,MIX-SIH-2026,THERMAL_BURN_IN,T01_0180,PROC-ISRO-IISU-01,ATE-STATION-01,CHAMBER-01,1.0,125.0,3.3,168,IDDQ,ELECTRICAL,uA,2.4329,1871.5541,1871.6905,1871.7728,1869.1212,0.0076,-0.0053,32.98,32.69,2.4329,1871.5541,1871.6905,1871.7728,1869.1212,75.0,False,NOMINAL,HEALTHY,-30.05,37.43
MIX_LOT01_COMP0181,LOT_01,MIXED_SIGNAL_IC,CQFP-64,MIX-SIH-2026,THERMAL_BURN_IN,T01_0181,PROC-ISRO-IISU-01,ATE-STATION-01,CHAMBER-01,1.0,125.0,3.3,168,IDDQ,ELECTRICAL,uA,2.019,1558.5998,1558.6942,1558.7888,1556.5808,-0.0141,-0.0329,36.47,36.59,2.019,1558.5998,1558.6942,1558.7888,1556.5808,75.0,False,NOMINAL,HEALTHY,20.78,-35.31
MIX_LOT01_COMP0182,LOT_01,MIXED_SIGNAL_IC,CQFP-64,MIX-SIH-2026,THERMAL_BURN_IN,T01_0182,PROC-ISRO-IISU-01,ATE-STATION-01,CHAMBER-01,1.0,125.0,3.3,168,IDDQ,ELECTRICAL,uA,2.185,1686.2944,1686.4449,1686.5383,1684.1094,-0.0068,0.0809,33.9,33.38,2.185,1686.2944,1686.4449,1686.5383,1684.1094,75.0,False,NOMINAL,HEALTHY,-33.13,-15.08
MIX_LOT01_COMP0183,LOT_01,MIXED_SIGNAL_IC,CQFP-64,MIX-SIH-2026,THERMAL_BURN_IN,T01_0183,PROC-ISRO-IISU-01,ATE-STATION-01,CHAMBER-01,1.0,125.0,3.3,168,IDDQ,ELECTRICAL,uA,2.0118,1561.9426,1562.0208,1562.0608,1559.9308,0.01,0.0574,36.1,35.99,2.0118,1561.9426,1562.0208,1562.0608,1559.9308,75.0,False,NOMINAL,HEALTHY,40.29,-5.06
MIX_LOT01_COMP0184,LOT_01,MIXED_SIGNAL_IC,CQFP-64,MIX-SIH-2026,THERMAL_BURN_IN,T01_0184,PROC-ISRO-IISU-01,ATE-STATION-01,CHAMBER-01,1.0,125.0,3.3,168,IDDQ,ELECTRICAL,uA,1.9333,1492.2076,1492.3311,1492.3463,1490.2743,0.0213,0.0161,34.6,33.53,1.9333,1492.2076,1492.3311,1492.3463,1490.2743,75.0,False,NOMINAL,HEALTHY,17.88,27.35
MIX_LOT01_COMP0185,LOT_01,MIXED_SIGNAL_IC,CQFP-64,MIX-SIH-2026,THERMAL_BURN_IN,T01_0185,PROC-ISRO-IISU-01,ATE-STATION-01,CHAMBER-01,1.0,125.0,3.3,168,IDDQ,ELECTRICAL,uA,1.7192,1333.2424,1333.3623,1333.3744,1331.5232,0.0065,0.0036,34.13,34.22,1.7192,1333.2424,1333.3623,1333.3744,1331.5232,75.0,False,NOMINAL,HEALTHY,-23.37,13.05
MIX_LOT01_COMP0186,LOT_01,MIXED_SIGNAL_IC,CQFP-64,MIX-SIH-2026,THERMAL_BURN_IN,T01_0186,PROC-ISRO-IISU-01,ATE-STATION-01,CHAMBER-01,1.0,125.0,3.3,168,IDDQ,ELECTRICAL,uA,1.8618,1439.002,1439.1151,1439.2293,1437.1402,0.0053,-0.0212,33.99,34.21,1.8618,1439.002,1439.1151,1439.2293,1437.1402,75.0,False,NOMINAL,HEALTHY,1.12,-5.1
MIX_LOT01_COMP0187,LOT_01,MIXED_SIGNAL_IC,CQFP-64,MIX-SIH-2026,THERMAL_BURN_IN,T01_0187,PROC-ISRO-IISU-01,ATE-STATION-01,CHAMBER-01,1.0,125.0,3.3,168,IDDQ,ELECTRICAL,uA,2.0734,1628.1107,1628.2223,1628.3349,1626.0373,-0.0145,-0.0778,36.32,36.39,2.0734,1628.1107,1628.2223,1628.3349,1626.0373,75.0,False,NOMINAL,HEALTHY,-0.44,31.4
MIX_LOT01_COMP0188,LOT_01,MIXED_SIGNAL_IC,CQFP-64,MIX-SIH-2026,THERMAL_BURN_IN,T01_0188,PROC-ISRO-IISU-01,ATE-STATION-01,CHAMBER-01,1.0,125.0,3.3,168,IDDQ,ELECTRICAL,uA,2.2454,1729.6723,1729.7782,1729.8925,1727.4269,-0.0064,-0.0044,34.37,34.42,2.2454,1729.6723,1729.7782,1729.8925,1727.4269,75.0,False,NOMINAL,HEALTHY,14.19,17.39
MIX_LOT01_COMP0189,LOT_01,MIXED_SIGNAL_IC,CQFP-64,MIX-SIH-2026,THERMAL_BURN_IN,T01_0189,PROC-ISRO-IISU-01,ATE-STATION-01,CHAMBER-01,1.0,125.0,3.3,168,IDDQ,ELECTRICAL,uA,2.2051,1692.7591,1692.8597,1692.9907,1690.554,0.0282,-0.0151,35.31,34.77,2.2051,1692.7591,1692.8597,1692.9907,1690.554,75.0,False,NOMINAL,HEALTHY,-18.04,-10.14
MIX_LOT01_COMP0190,LOT_01,MIXED_SIGNAL_IC,CQFP-64,MIX-SIH-2026,THERMAL_BURN_IN,T01_0190,PROC-ISRO-IISU-01,ATE-STATION-01,CHAMBER-01,1.0,125.0,3.3,168,IDDQ,ELECTRICAL,uA,2.468,1894.4676,1894.58,1894.6496,1891.9996,-0.0413,-0.0334,34.63,34.63,2.468,1894.4676,1894.58,1894.6496,1891.9996,75.0,False,NOMINAL,HEALTHY,-37.52,-22.46
MIX_LOT01_COMP0191,LOT_01,MIXED_SIGNAL_IC,CQFP-64,MIX-SIH-2026,THERMAL_BURN_IN,T01_0191,PROC-ISRO-IISU-01,ATE-STATION-01,CHAMBER-01,1.0,125.0,3.3,168,IDDQ,ELECTRICAL,uA,2.1517,1666.1085,1666.212,1666.2807,1663.9568,0.0118,0.0621,33.28,33.53,2.1517,1666.1085,1666.212,1666.2807,1663.9568,75.0,False,NOMINAL,HEALTHY,15.45,-26.33
MIX_LOT01_COMP0192,LOT_01,MIXED_SIGNAL_IC,CQFP-64,MIX-SIH-2026,THERMAL_BURN_IN,T01_0192,PROC-ISRO-IISU-01,ATE-STATION-01,CHAMBER-01,1.0,125.0,3.3,168,IDDQ,ELECTRICAL,uA,2.2874,1748.3887,1748.5491,1748.6421,1746.1013,-0.0128,0.0096,35.32,35.16,2.2874,1748.3887,1748.5491,1748.6421,1746.1013,75.0,False,NOMINAL,HEALTHY,-42.57,-17.94
MIX_LOT01_COMP0193,LOT_01,MIXED_SIGNAL_IC,CQFP-64,MIX-SIH-2026,THERMAL_BURN_IN,T01_0193,PROC-ISRO-IISU-01,ATE-STATION-01,CHAMBER-01,1.0,125.0,3.3,168,IDDQ,ELECTRICAL,uA,1.8991,1465.2596,1473.7749,1623.6115,1463.3605,-0.0159,-0.0762,37.16,37.38,1.8991,1465.2596,1473.7749,1623.6115,1463.3605,75.0,True,THERMAL_RUNAWAY,HEALTHY,-29.95,-27.76
MIX_LOT01_COMP0194,LOT_01,MIXED_SIGNAL_IC,CQFP-64,MIX-SIH-2026,THERMAL_BURN_IN,T01_0194,PROC-ISRO-IISU-01,ATE-STATION-01,CHAMBER-01,1.0,125.0,3.3,168,IDDQ,ELECTRICAL,uA,2.3312,1792.4165,1792.535,1792.6509,1790.0853,0.0128,0.0305,36.05,36.23,2.3312,1792.4165,1792.535,1792.6509,1790.0853,75.0,False,NOMINAL,HEALTHY,31.68,-41.92
MIX_LOT01_COMP0195,LOT_01,MIXED_SIGNAL_IC,CQFP-64,MIX-SIH-2026,THERMAL_BURN_IN,T01_0195,PROC-ISRO-IISU-01,ATE-STATION-01,CHAMBER-01,1.0,125.0,3.3,168,IDDQ,ELECTRICAL,uA,1.7783,1363.4572,1363.601,1363.6849,1361.6789,-0.0019,0.0065,36.29,35.98,1.7783,1363.4572,1363.601,1363.6849,1361.6789,75.0,False,NOMINAL,HEALTHY,-19.53,-14.74
MIX_LOT01_COMP0196,LOT_01,MIXED_SIGNAL_IC,CQFP-64,MIX-SIH-2026,THERMAL_BURN_IN,T01_0196,PROC-ISRO-IISU-01,ATE-STATION-01,CHAMBER-01,1.0,125.0,3.3,168,IDDQ,ELECTRICAL,uA,2.1686,1666.698,1666.824,1666.9113,1664.5294,-0.0174,-0.0442,32.67,33.65,2.1686,1666.698,1666.824,1666.9113,1664.5294,75.0,False,NOMINAL,HEALTHY,40.4,44.93
MIX_LOT01_COMP0197,LOT_01,MIXED_SIGNAL_IC,CQFP-64,MIX-SIH-2026,THERMAL_BURN_IN,T01_0197,PROC-ISRO-IISU-01,ATE-STATION-01,CHAMBER-01,1.0,125.0,3.3,168,IDDQ,ELECTRICAL,uA,1.8836,1469.4818,1469.4984,1469.6781,1467.5982,0.0237,0.0693,36.73,37.52,1.8836,1469.4818,1469.4984,1469.6781,1467.5982,75.0,False,NOMINAL,HEALTHY,1.32,-49.83
MIX_LOT01_COMP0198,LOT_01,MIXED_SIGNAL_IC,CQFP-64,MIX-SIH-2026,THERMAL_BURN_IN,T01_0198,PROC-ISRO-IISU-01,ATE-STATION-01,CHAMBER-01,1.0,125.0,3.3,168,IDDQ,ELECTRICAL,uA,1.9144,1470.7695,1470.8839,1470.9441,1468.8551,-0.0059,-0.0416,36.15,36.26,1.9144,1470.7695,1470.8839,1470.9441,1468.8551,75.0,False,NOMINAL,HEALTHY,47.57,9.18
MIX_LOT01_COMP0199,LOT_01,MIXED_SIGNAL_IC,CQFP-64,MIX-SIH-2026,THERMAL_BURN_IN,T01_0199,PROC-ISRO-IISU-01,ATE-STATION-01,CHAMBER-01,1.0,125.0,3.3,168,IDDQ,ELECTRICAL,uA,1.8192,1403.2265,1403.3213,1403.371,1401.4073,0.0059,0.029,34.17,34.48,1.8192,1403.2265,1403.3213,1403.371,1401.4073,75.0,False,NOMINAL,HEALTHY,4.8,-3.92
MIX_LOT01_COMP0200,LOT_01,MIXED_SIGNAL_IC,CQFP-64,MIX-SIH-2026,THERMAL_BURN_IN,T01_0200,PROC-ISRO-IISU-01,ATE-STATION-01,CHAMBER-01,1.0,125.0,3.3,168,IDDQ,ELECTRICAL,uA,2.0354,1571.0239,1571.1628,1571.1538,1568.9885,-0.024,-0.1567,38.3,38.95,2.0354,1571.0239,1571.1628,1571.1538,1568.9885,75.0,True,DIELECTRIC_OSCILLATION,HEALTHY,0.41,-38.57
MIX_LOT01_COMP0201,LOT_01,MIXED_SIGNAL_IC,CQFP-64,MIX-SIH-2026,THERMAL_BURN_IN,T01_0201,PROC-ISRO-IISU-01,ATE-STATION-01,CHAMBER-01,1.0,125.0,3.3,168,IDDQ,ELECTRICAL,uA,1.801,1374.7057,1374.8699,1374.9021,1372.9047,-0.0221,0.0234,35.03,35.34,1.801,1374.7057,1374.8699,1374.9021,1372.9047,75.0,False,NOMINAL,HEALTHY,8.49,-21.93
MIX_LOT01_COMP0202,LOT_01,MIXED_SIGNAL_IC,CQFP-64,MIX-SIH-2026,THERMAL_BURN_IN,T01_0202,PROC-ISRO-IISU-01,ATE-STATION-01,CHAMBER-01,1.0,125.0,3.3,168,IDDQ,ELECTRICAL,uA,1.8706,1448.112,1448.2014,1448.3185,1446.2414,0.0092,-0.12,35.8,35.71,1.8706,1448.112,1448.2014,1448.3185,1446.2414,75.0,False,NOMINAL,HEALTHY,-19.65,17.12
MIX_LOT01_COMP0203,LOT_01,MIXED_SIGNAL_IC,CQFP-64,MIX-SIH-2026,THERMAL_BURN_IN,T01_0203,PROC-ISRO-IISU-01,ATE-STATION-01,CHAMBER-01,1.0,125.0,3.3,168,IDDQ,ELECTRICAL,uA,1.9026,1460.941,1461.0825,1461.1471,1459.0384,-0.0056,-0.1401,36.28,36.26,1.9026,1460.941,1461.0825,1461.1471,1459.0384,75.0,False,NOMINAL,HEALTHY,-43.08,-6.29
MIX_LOT01_COMP0204,LOT_01,MIXED_SIGNAL_IC,CQFP-64,MIX-SIH-2026,THERMAL_BURN_IN,T01_0204,PROC-ISRO-IISU-01,ATE-STATION-01,CHAMBER-01,1.0,125.0,3.3,168,IDDQ,ELECTRICAL,uA,2.0166,1559.7966,1559.9341,1560.0171,1557.78,0.0329,-0.0156,36.28,36.59,2.0166,1559.7966,1559.9341,1560.0171,1557.78,75.0,True,DIELECTRIC_OSCILLATION,HEALTHY,-2.32,-35.19
MIX_LOT01_COMP0205,LOT_01,MIXED_SIGNAL_IC,CQFP-64,MIX-SIH-2026,THERMAL_BURN_IN,T01_0205,PROC-ISRO-IISU-01,ATE-STATION-01,CHAMBER-01,1.0,125.0,3.3,168,IDDQ,ELECTRICAL,uA,2.4289,1894.3365,1894.4961,1894.6087,1891.9076,-0.0114,-0.0491,33.23,33.25,2.4289,1894.3365,1894.4961,1894.6087,1891.9076,75.0,False,NOMINAL,HEALTHY,7.14,-45.05
MIX_LOT01_COMP0206,LOT_01,MIXED_SIGNAL_IC,CQFP-64,MIX-SIH-2026,THERMAL_BURN_IN,T01_0206,PROC-ISRO-IISU-01,ATE-STATION-01,CHAMBER-01,1.0,125.0,3.3,168,IDDQ,ELECTRICAL,uA,2.2021,1701.4533,1701.6702,1701.6592,1699.2512,-0.014,-0.0806,34.66,34.95,2.2021,1701.4533,1701.6702,1701.6592,1699.2512,75.0,False,NOMINAL,HEALTHY,-16.83,39.45
MIX_LOT01_COMP0207,LOT_01,MIXED_SIGNAL_IC,CQFP-64,MIX-SIH-2026,THERMAL_BURN_IN,T01_0207,PROC-ISRO-IISU-01,ATE-STATION-01,CHAMBER-01,1.0,125.0,3.3,168,IDDQ,ELECTRICAL,uA,1.8154,1383.6584,1383.7403,1383.7896,1381.843,0.0209,0.0315,35.5,34.13,1.8154,1383.6584,1383.7403,1383.7896,1381.843,75.0,False,NOMINAL,HEALTHY,32.79,14.04
MIX_LOT01_COMP0208,LOT_01,MIXED_SIGNAL_IC,CQFP-64,MIX-SIH-2026,THERMAL_BURN_IN,T01_0208,PROC-ISRO-IISU-01,ATE-STATION-01,CHAMBER-01,1.0,125.0,3.3,168,IDDQ,ELECTRICAL,uA,2.3594,1833.3024,1833.4608,1833.5875,1830.943,-0.0099,-0.0275,35.6,35.2,2.3594,1833.3024,1833.4608,1833.5875,1830.943,75.0,False,NOMINAL,HEALTHY,-24.8,-9.79
MIX_LOT01_COMP0209,LOT_01,MIXED_SIGNAL_IC,CQFP-64,MIX-SIH-2026,THERMAL_BURN_IN,T01_0209,PROC-ISRO-IISU-01,ATE-STATION-01,CHAMBER-01,1.0,125.0,3.3,168,IDDQ,ELECTRICAL,uA,2.3272,1786.3571,1786.4864,1786.6197,1784.0299,-0.0241,-0.0222,32.99,33.68,2.3272,1786.3571,1786.4864,1786.6197,1784.0299,75.0,False,NOMINAL,HEALTHY,-21.36,15.15
MIX_LOT01_COMP0210,LOT_01,MIXED_SIGNAL_IC,CQFP-64,MIX-SIH-2026,THERMAL_BURN_IN,T01_0210,PROC-ISRO-IISU-01,ATE-STATION-01,CHAMBER-01,1.0,125.0,3.3,168,IDDQ,ELECTRICAL,uA,2.0478,1576.7517,1576.8713,1576.9559,1574.7039,0.0027,0.0113,35.33,34.83,2.0478,1576.7517,1576.8713,1576.9559,1574.7039,75.0,False,NOMINAL,HEALTHY,-11.37,1.68
MIX_LOT01_COMP0211,LOT_01,MIXED_SIGNAL_IC,CQFP-64,MIX-SIH-2026,THERMAL_BURN_IN,T01_0211,PROC-ISRO-IISU-01,ATE-STATION-01,CHAMBER-01,1.0,125.0,3.3,168,IDDQ,ELECTRICAL,uA,1.8042,1409.1326,1409.2421,1409.2925,1407.3284,-0.0294,-0.101,36.34,36.33,1.8042,1409.1326,1409.2421,1409.2925,1407.3284,75.0,False,NOMINAL,HEALTHY,25.71,30.84
MIX_LOT01_COMP0212,LOT_01,MIXED_SIGNAL_IC,CQFP-64,MIX-SIH-2026,THERMAL_BURN_IN,T01_0212,PROC-ISRO-IISU-01,ATE-STATION-01,CHAMBER-01,1.0,125.0,3.3,168,IDDQ,ELECTRICAL,uA,1.9258,1491.6248,1491.7267,1491.819,1489.699,-0.0117,0.0519,33.49,33.94,1.9258,1491.6248,1491.7267,1491.819,1489.699,75.0,False,NOMINAL,HEALTHY,-30.29,0.97
MIX_LOT01_COMP0213,LOT_01,MIXED_SIGNAL_IC,CQFP-64,MIX-SIH-2026,THERMAL_BURN_IN,T01_0213,PROC-ISRO-IISU-01,ATE-STATION-01,CHAMBER-01,1.0,125.0,3.3,168,IDDQ,ELECTRICAL,uA,2.1266,1630.5067,1630.6247,1630.6942,1628.3801,-0.0114,0.0027,36.36,36.58,2.1266,1630.5067,1630.6247,1630.6942,1628.3801,75.0,False,NOMINAL,HEALTHY,-41.36,21.51
MIX_LOT01_COMP0214,LOT_01,MIXED_SIGNAL_IC,CQFP-64,MIX-SIH-2026,THERMAL_BURN_IN,T01_0214,PROC-ISRO-IISU-01,ATE-STATION-01,CHAMBER-01,1.0,125.0,3.3,168,IDDQ,ELECTRICAL,uA,1.7423,1347.795,1347.903,1347.9888,1346.0527,0.0298,0.0336,35.19,34.0,1.7423,1347.795,1347.903,1347.9888,1346.0527,75.0,False,NOMINAL,HEALTHY,3.73,-47.16
MIX_LOT01_COMP0215,LOT_01,MIXED_SIGNAL_IC,CQFP-64,MIX-SIH-2026,THERMAL_BURN_IN,T01_0215,PROC-ISRO-IISU-01,ATE-STATION-01,CHAMBER-01,1.0,125.0,3.3,168,IDDQ,ELECTRICAL,uA,2.0216,1541.5827,1541.74,1541.7844,1539.5611,0.0201,0.1128,35.48,35.72,2.0216,1541.5827,1541.74,1541.7844,1539.5611,75.0,False,NOMINAL,HEALTHY,-20.21,17.22
MIX_LOT01_COMP0216,LOT_01,MIXED_SIGNAL_IC,CQFP-64,MIX-SIH-2026,THERMAL_BURN_IN,T01_0216,PROC-ISRO-IISU-01,ATE-STATION-01,CHAMBER-01,1.0,125.0,3.3,168,IDDQ,ELECTRICAL,uA,2.5334,1969.1553,1969.3847,1969.4602,1966.6219,0.0192,-0.0278,34.25,33.59,2.5334,1969.1553,1969.3847,1969.4602,1966.6219,75.0,False,NOMINAL,HEALTHY,-0.96,-26.54
MIX_LOT01_COMP0217,LOT_01,MIXED_SIGNAL_IC,CQFP-64,MIX-SIH-2026,THERMAL_BURN_IN,T01_0217,PROC-ISRO-IISU-01,ATE-STATION-01,CHAMBER-01,1.0,125.0,3.3,168,IDDQ,ELECTRICAL,uA,1.8135,1386.2764,1386.3643,1386.4597,1384.4629,-0.0321,-0.0282,35.49,36.11,1.8135,1386.2764,1386.3643,1386.4597,1384.4629,75.0,False,NOMINAL,HEALTHY,17.5,11.56
MIX_LOT01_COMP0218,LOT_01,MIXED_SIGNAL_IC,CQFP-64,MIX-SIH-2026,THERMAL_BURN_IN,T01_0218,PROC-ISRO-IISU-01,ATE-STATION-01,CHAMBER-01,1.0,125.0,3.3,168,IDDQ,ELECTRICAL,uA,1.7639,1361.4626,1361.5359,1361.6518,1359.6987,0.0122,0.0255,32.33,33.02,1.7639,1361.4626,1361.5359,1361.6518,1359.6987,75.0,False,NOMINAL,HEALTHY,8.09,-44.37
MIX_LOT01_COMP0219,LOT_01,MIXED_SIGNAL_IC,CQFP-64,MIX-SIH-2026,THERMAL_BURN_IN,T01_0219,PROC-ISRO-IISU-01,ATE-STATION-01,CHAMBER-01,1.0,125.0,3.3,168,IDDQ,ELECTRICAL,uA,1.8615,1431.1932,1431.2757,1431.3896,1429.3317,-0.0166,-0.0386,36.43,36.94,1.8615,1431.1932,1431.2757,1431.3896,1429.3317,75.0,False,NOMINAL,HEALTHY,-23.45,42.19
MIX_LOT01_COMP0220,LOT_01,MIXED_SIGNAL_IC,CQFP-64,MIX-SIH-2026,THERMAL_BURN_IN,T01_0220,PROC-ISRO-IISU-01,ATE-STATION-01,CHAMBER-01,1.0,125.0,3.3,168,IDDQ,ELECTRICAL,uA,2.2691,1742.1376,1742.3071,1742.3974,1739.8685,-0.0244,-0.0269,36.85,36.24,2.2691,1742.1376,1742.3071,1742.3974,1739.8685,75.0,False,NOMINAL,HEALTHY,-23.71,11.77
MIX_LOT01_COMP0221,LOT_01,MIXED_SIGNAL_IC,CQFP-64,MIX-SIH-2026,THERMAL_BURN_IN,T01_0221,PROC-ISRO-IISU-01,ATE-STATION-01,CHAMBER-01,1.0,125.0,3.3,168,IDDQ,ELECTRICAL,uA,2.1843,1683.3117,1683.4237,1683.5297,1681.1274,-0.0188,-0.0207,37.67,37.9,2.1843,1683.3117,1683.4237,1683.5297,1681.1274,75.0,False,NOMINAL,HEALTHY,-11.4,-44.85
MIX_LOT01_COMP0222,LOT_01,MIXED_SIGNAL_IC,CQFP-64,MIX-SIH-2026,THERMAL_BURN_IN,T01_0222,PROC-ISRO-IISU-01,ATE-STATION-01,CHAMBER-01,1.0,125.0,3.3,168,IDDQ,ELECTRICAL,uA,2.4833,1911.2542,1911.4455,1911.5742,1908.7709,-0.0112,0.0161,37.57,37.66,2.4833,1911.2542,1911.4455,1911.5742,1908.7709,75.0,False,NOMINAL,HEALTHY,-39.61,-11.8
MIX_LOT01_COMP0223,LOT_01,MIXED_SIGNAL_IC,CQFP-64,MIX-SIH-2026,THERMAL_BURN_IN,T01_0223,PROC-ISRO-IISU-01,ATE-STATION-01,CHAMBER-01,1.0,125.0,3.3,168,IDDQ,ELECTRICAL,uA,1.7366,1325.956,1326.0542,1326.0921,1324.2194,0.0325,0.0409,34.7,34.82,1.7366,1325.956,1326.0542,1326.0921,1324.2194,75.0,False,NOMINAL,HEALTHY,45.88,32.05
MIX_LOT01_COMP0224,LOT_01,MIXED_SIGNAL_IC,CQFP-64,MIX-SIH-2026,THERMAL_BURN_IN,T01_0224,PROC-ISRO-IISU-01,ATE-STATION-01,CHAMBER-01,1.0,125.0,3.3,168,IDDQ,ELECTRICAL,uA,2.2381,1726.1987,1726.3185,1726.3195,1723.9606,-0.0004,-0.0091,32.52,31.9,2.2381,1726.1987,1726.3185,1726.3195,1723.9606,75.0,False,NOMINAL,HEALTHY,-37.05,6.66
MIX_LOT01_COMP0225,LOT_01,MIXED_SIGNAL_IC,CQFP-64,MIX-SIH-2026,THERMAL_BURN_IN,T01_0225,PROC-ISRO-IISU-01,ATE-STATION-01,CHAMBER-01,1.0,125.0,3.3,168,IDDQ,ELECTRICAL,uA,2.1733,1692.0635,1692.1655,1692.2574,1689.8902,-0.0032,-0.0478,36.87,37.62,2.1733,1692.0635,1692.1655,1692.2574,1689.8902,75.0,False,NOMINAL,HEALTHY,24.62,-15.81
MIX_LOT01_COMP0226,LOT_01,MIXED_SIGNAL_IC,CQFP-64,MIX-SIH-2026,THERMAL_BURN_IN,T01_0226,PROC-ISRO-IISU-01,ATE-STATION-01,CHAMBER-01,1.0,125.0,3.3,168,IDDQ,ELECTRICAL,uA,1.9626,1506.2761,1506.4305,1506.487,1504.3135,0.0151,-0.0378,35.62,35.31,1.9626,1506.2761,1506.4305,1506.487,1504.3135,75.0,False,NOMINAL,HEALTHY,-38.61,25.15
MIX_LOT01_COMP0227,LOT_01,MIXED_SIGNAL_IC,CQFP-64,MIX-SIH-2026,THERMAL_BURN_IN,T01_0227,PROC-ISRO-IISU-01,ATE-STATION-01,CHAMBER-01,1.0,125.0,3.3,168,IDDQ,ELECTRICAL,uA,1.7747,1383.7646,1383.8529,1383.9665,1381.9899,-0.0032,-0.0464,34.7,35.0,1.7747,1383.7646,1383.8529,1383.9665,1381.9899,75.0,False,NOMINAL,HEALTHY,0.75,-25.82
MIX_LOT01_COMP0228,LOT_01,MIXED_SIGNAL_IC,CQFP-64,MIX-SIH-2026,THERMAL_BURN_IN,T01_0228,PROC-ISRO-IISU-01,ATE-STATION-01,CHAMBER-01,1.0,125.0,3.3,168,IDDQ,ELECTRICAL,uA,2.1599,1671.1193,1671.2297,1671.3116,1668.9594,0.0065,0.0814,34.86,35.58,2.1599,1671.1193,1671.2297,1671.3116,1668.9594,75.0,False,NOMINAL,HEALTHY,-16.4,-8.46
MIX_LOT01_COMP0229,LOT_01,MIXED_SIGNAL_IC,CQFP-64,MIX-SIH-2026,THERMAL_BURN_IN,T01_0229,PROC-ISRO-IISU-01,ATE-STATION-01,CHAMBER-01,1.0,125.0,3.3,168,IDDQ,ELECTRICAL,uA,1.8456,1410.1466,1410.2446,1410.2816,1408.301,-0.0026,-0.0486,34.86,34.64,1.8456,1410.1466,1410.2446,1410.2816,1408.301,75.0,True,DIELECTRIC_OSCILLATION,HEALTHY,-9.58,-41.02
MIX_LOT01_COMP0230,LOT_01,MIXED_SIGNAL_IC,CQFP-64,MIX-SIH-2026,THERMAL_BURN_IN,T01_0230,PROC-ISRO-IISU-01,ATE-STATION-01,CHAMBER-01,1.0,125.0,3.3,168,IDDQ,ELECTRICAL,uA,2.5707,1960.182,1960.3702,1960.3825,1957.6113,0.0005,-0.0175,36.8,36.41,2.5707,1960.182,1960.3702,1960.3825,1957.6113,75.0,False,NOMINAL,HEALTHY,-19.08,-30.33
MIX_LOT01_COMP0231,LOT_01,MIXED_SIGNAL_IC,CQFP-64,MIX-SIH-2026,THERMAL_BURN_IN,T01_0231,PROC-ISRO-IISU-01,ATE-STATION-01,CHAMBER-01,1.0,125.0,3.3,168,IDDQ,ELECTRICAL,uA,2.0195,1532.5798,1532.7584,1532.8156,1530.5603,-0.0367,-0.0272,34.41,34.65,2.0195,1532.5798,1532.7584,1532.8156,1530.5603,75.0,False,NOMINAL,HEALTHY,-29.33,-32.26
MIX_LOT01_COMP0232,LOT_01,MIXED_SIGNAL_IC,CQFP-64,MIX-SIH-2026,THERMAL_BURN_IN,T01_0232,PROC-ISRO-IISU-01,ATE-STATION-01,CHAMBER-01,1.0,125.0,3.3,168,IDDQ,ELECTRICAL,uA,1.979,1518.2443,1518.3814,1518.4521,1516.2653,0.0144,0.0027,34.74,34.96,1.979,1518.2443,1518.3814,1518.4521,1516.2653,75.0,False,NOMINAL,HEALTHY,1.92,-44.03
MIX_LOT01_COMP0233,LOT_01,MIXED_SIGNAL_IC,CQFP-64,MIX-SIH-2026,THERMAL_BURN_IN,T01_0233,PROC-ISRO-IISU-01,ATE-STATION-01,CHAMBER-01,1.0,125.0,3.3,168,IDDQ,ELECTRICAL,uA,1.9062,1450.3745,1450.5066,1450.53,1448.4683,0.0243,0.0804,34.62,35.35,1.9062,1450.3745,1450.5066,1450.53,1448.4683,75.0,False,NOMINAL,HEALTHY,44.61,-27.67
MIX_LOT01_COMP0234,LOT_01,MIXED_SIGNAL_IC,CQFP-64,MIX-SIH-2026,THERMAL_BURN_IN,T01_0234,PROC-ISRO-IISU-01,ATE-STATION-01,CHAMBER-01,1.0,125.0,3.3,168,IDDQ,ELECTRICAL,uA,2.5111,1933.9204,1934.1016,1934.1441,1931.4093,-0.0042,0.0147,34.72,34.61,2.5111,1933.9204,1934.1016,1934.1441,1931.4093,75.0,False,NOMINAL,HEALTHY,8.52,49.84
MIX_LOT01_COMP0235,LOT_01,MIXED_SIGNAL_IC,CQFP-64,MIX-SIH-2026,THERMAL_BURN_IN,T01_0235,PROC-ISRO-IISU-01,ATE-STATION-01,CHAMBER-01,1.0,125.0,3.3,168,IDDQ,ELECTRICAL,uA,2.1824,1690.8975,1691.0207,1691.1254,1688.7151,0.0139,0.0086,36.05,36.34,2.1824,1690.8975,1691.0207,1691.1254,1688.7151,75.0,False,NOMINAL,HEALTHY,48.95,-27.28
MIX_LOT01_COMP0236,LOT_01,MIXED_SIGNAL_IC,CQFP-64,MIX-SIH-2026,THERMAL_BURN_IN,T01_0236,PROC-ISRO-IISU-01,ATE-STATION-01,CHAMBER-01,1.0,125.0,3.3,168,IDDQ,ELECTRICAL,uA,2.3496,1810.6227,1810.7439,1810.8018,1808.2731,-0.0263,0.0016,39.78,38.86,2.3496,1810.6227,1810.7439,1810.8018,1808.2731,75.0,False,NOMINAL,HEALTHY,45.89,19.98
MIX_LOT01_COMP0237,LOT_01,MIXED_SIGNAL_IC,CQFP-64,MIX-SIH-2026,THERMAL_BURN_IN,T01_0237,PROC-ISRO-IISU-01,ATE-STATION-01,CHAMBER-01,1.0,125.0,3.3,168,IDDQ,ELECTRICAL,uA,2.2405,1730.4776,1730.6497,1730.6865,1728.2371,-0.0181,-0.0554,35.98,35.55,2.2405,1730.4776,1730.6497,1730.6865,1728.2371,75.0,False,NOMINAL,HEALTHY,-43.25,1.05
MIX_LOT01_COMP0238,LOT_01,MIXED_SIGNAL_IC,CQFP-64,MIX-SIH-2026,THERMAL_BURN_IN,T01_0238,PROC-ISRO-IISU-01,ATE-STATION-01,CHAMBER-01,1.0,125.0,3.3,168,IDDQ,ELECTRICAL,uA,1.4889,1137.1537,1145.7175,1295.5508,1135.6648,-0.0451,0.0018,35.84,35.38,1.4889,1137.1537,1145.7175,1295.5508,1135.6648,75.0,True,THERMAL_RUNAWAY,HEALTHY,47.6,24.11
MIX_LOT01_COMP0239,LOT_01,MIXED_SIGNAL_IC,CQFP-64,MIX-SIH-2026,THERMAL_BURN_IN,T01_0239,PROC-ISRO-IISU-01,ATE-STATION-01,CHAMBER-01,1.0,125.0,3.3,168,IDDQ,ELECTRICAL,uA,2.0098,1560.6766,1560.8178,1560.8627,1558.6668,0.0077,0.0722,35.14,35.54,2.0098,1560.6766,1560.8178,1560.8627,1558.6668,75.0,True,DIELECTRIC_OSCILLATION,HEALTHY,49.04,46.08
MIX_LOT01_COMP0240,LOT_01,MIXED_SIGNAL_IC,CQFP-64,MIX-SIH-2026,THERMAL_BURN_IN,T01_0240,PROC-ISRO-IISU-01,ATE-STATION-01,CHAMBER-01,1.0,125.0,3.3,168,IDDQ,ELECTRICAL,uA,2.3724,1824.4857,1824.6573,1824.7169,1822.1133,-0.0102,-0.0358,34.78,35.29,2.3724,1824.4857,1824.6573,1824.7169,1822.1133,75.0,False,NOMINAL,HEALTHY,25.16,-23.45
MIX_LOT01_COMP0241,LOT_01,MIXED_SIGNAL_IC,CQFP-64,MIX-SIH-2026,THERMAL_BURN_IN,T01_0241,PROC-ISRO-IISU-01,ATE-STATION-01,CHAMBER-01,1.0,125.0,3.3,168,IDDQ,ELECTRICAL,uA,1.8234,1408.6411,1408.7282,1408.8076,1406.8177,0.0001,-0.0104,34.58,34.17,1.8234,1408.6411,1408.7282,1408.8076,1406.8177,75.0,False,NOMINAL,HEALTHY,9.27,48.74
MIX_LOT01_COMP0242,LOT_01,MIXED_SIGNAL_IC,CQFP-64,MIX-SIH-2026,THERMAL_BURN_IN,T01_0242,PROC-ISRO-IISU-01,ATE-STATION-01,CHAMBER-01,1.0,125.0,3.3,168,IDDQ,ELECTRICAL,uA,2.4239,1863.0082,1863.1755,1863.3103,1860.5843,-0.0089,-0.0597,35.23,35.04,2.4239,1863.0082,1863.1755,1863.3103,1860.5843,75.0,False,NOMINAL,HEALTHY,-20.6,-28.29
MIX_LOT01_COMP0243,LOT_01,MIXED_SIGNAL_IC,CQFP-64,MIX-SIH-2026,THERMAL_BURN_IN,T01_0243,PROC-ISRO-IISU-01,ATE-STATION-01,CHAMBER-01,1.0,125.0,3.3,168,IDDQ,ELECTRICAL,uA,2.0819,1602.4769,1602.5956,1602.6601,1600.395,-0.005,-0.0737,34.19,33.6,2.0819,1602.4769,1602.5956,1602.6601,1600.395,75.0,False,NOMINAL,HEALTHY,-26.07,-20.48
MIX_LOT01_COMP0244,LOT_01,MIXED_SIGNAL_IC,CQFP-64,MIX-SIH-2026,THERMAL_BURN_IN,T01_0244,PROC-ISRO-IISU-01,ATE-STATION-01,CHAMBER-01,1.0,125.0,3.3,168,IDDQ,ELECTRICAL,uA,2.3161,1787.7891,1787.9639,1788.0768,1785.473,-0.0291,-0.0152,33.77,34.11,2.3161,1787.7891,1787.9639,1788.0768,1785.473,75.0,False,NOMINAL,HEALTHY,-12.27,-43.66
MIX_LOT01_COMP0245,LOT_01,MIXED_SIGNAL_IC,CQFP-64,MIX-SIH-2026,THERMAL_BURN_IN,T01_0245,PROC-ISRO-IISU-01,ATE-STATION-01,CHAMBER-01,1.0,125.0,3.3,168,IDDQ,ELECTRICAL,uA,2.0241,1554.0674,1554.2405,1554.3057,1552.0433,0.013,-0.0518,34.02,35.06,2.0241,1554.0674,1554.2405,1554.3057,1552.0433,75.0,False,NOMINAL,HEALTHY,8.06,34.49
MIX_LOT01_COMP0246,LOT_01,MIXED_SIGNAL_IC,CQFP-64,MIX-SIH-2026,THERMAL_BURN_IN,T01_0246,PROC-ISRO-IISU-01,ATE-STATION-01,CHAMBER-01,1.0,125.0,3.3,168,IDDQ,ELECTRICAL,uA,1.9592,1526.5347,1526.6543,1526.6994,1524.5755,-0.046,-0.0548,35.65,36.46,1.9592,1526.5347,1526.6543,1526.6994,1524.5755,75.0,False,NOMINAL,HEALTHY,-14.32,-16.72
MIX_LOT01_COMP0247,LOT_01,MIXED_SIGNAL_IC,CQFP-64,MIX-SIH-2026,THERMAL_BURN_IN,T01_0247,PROC-ISRO-IISU-01,ATE-STATION-01,CHAMBER-01,1.0,125.0,3.3,168,IDDQ,ELECTRICAL,uA,2.3691,1833.4605,1833.634,1833.6862,1831.0914,-0.0178,-0.13,35.28,35.04,2.3691,1833.4605,1833.634,1833.6862,1831.0914,75.0,False,NOMINAL,HEALTHY,-10.66,44.14
MIX_LOT01_COMP0248,LOT_01,MIXED_SIGNAL_IC,CQFP-64,MIX-SIH-2026,THERMAL_BURN_IN,T01_0248,PROC-ISRO-IISU-01,ATE-STATION-01,CHAMBER-01,1.0,125.0,3.3,168,IDDQ,ELECTRICAL,uA,1.878,1441.0776,1441.2187,1441.2703,1439.1996,-0.026,-0.0471,34.83,34.4,1.878,1441.0776,1441.2187,1441.2703,1439.1996,75.0,False,NOMINAL,HEALTHY,10.55,7.25
MIX_LOT01_COMP0249,LOT_01,MIXED_SIGNAL_IC,CQFP-64,MIX-SIH-2026,THERMAL_BURN_IN,T01_0249,PROC-ISRO-IISU-01,ATE-STATION-01,CHAMBER-01,1.0,125.0,3.3,168,IDDQ,ELECTRICAL,uA,2.0799,1611.3677,1611.4515,1611.5177,1609.2878,0.0039,-0.0315,32.64,31.81,2.0799,1611.3677,1611.4515,1611.5177,1609.2878,75.0,False,NOMINAL,HEALTHY,48.72,-46.54
MIX_LOT01_COMP0250,LOT_01,MIXED_SIGNAL_IC,CQFP-64,MIX-SIH-2026,THERMAL_BURN_IN,T01_0250,PROC-ISRO-IISU-01,ATE-STATION-01,CHAMBER-01,1.0,125.0,3.3,168,IDDQ,ELECTRICAL,uA,2.4332,1865.3896,1865.5115,1865.5667,1862.9564,0.0103,0.0008,34.15,34.54,2.4332,1865.3896,1865.5115,1865.5667,1862.9564,75.0,False,NOMINAL,HEALTHY,-44.47,-18.48
MIX_LOT01_COMP0251,LOT_01,MIXED_SIGNAL_IC,CQFP-64,MIX-SIH-2026,THERMAL_BURN_IN,T01_0251,PROC-ISRO-IISU-01,ATE-STATION-01,CHAMBER-01,1.0,125.0,3.3,168,IDDQ,ELECTRICAL,uA,2.1179,1615.1312,1615.3257,1615.399,1613.0133,-0.0044,0.0321,35.23,34.79,2.1179,1615.1312,1615.3257,1615.399,1613.0133,75.0,False,NOMINAL,HEALTHY,21.87,24.74
MIX_LOT01_COMP0252,LOT_01,MIXED_SIGNAL_IC,CQFP-64,MIX-SIH-2026,THERMAL_BURN_IN,T01_0252,PROC-ISRO-IISU-01,ATE-STATION-01,CHAMBER-01,1.0,125.0,3.3,168,IDDQ,ELECTRICAL,uA,2.1368,1650.6416,1650.7612,1650.7759,1648.5048,-0.0381,0.0187,34.85,35.03,2.1368,1650.6416,1650.7612,1650.7759,1648.5048,75.0,False,NOMINAL,HEALTHY,14.58,-30.19
MIX_LOT01_COMP0253,LOT_01,MIXED_SIGNAL_IC,CQFP-64,MIX-SIH-2026,THERMAL_BURN_IN,T01_0253,PROC-ISRO-IISU-01,ATE-STATION-01,CHAMBER-01,1.0,125.0,3.3,168,IDDQ,ELECTRICAL,uA,2.4614,1897.0246,1897.1313,1897.2581,1894.5632,-0.0125,0.0003,35.35,35.67,2.4614,1897.0246,1897.1313,1897.2581,1894.5632,75.0,False,NOMINAL,HEALTHY,38.52,-9.36
MIX_LOT01_COMP0254,LOT_01,MIXED_SIGNAL_IC,CQFP-64,MIX-SIH-2026,THERMAL_BURN_IN,T01_0254,PROC-ISRO-IISU-01,ATE-STATION-01,CHAMBER-01,1.0,125.0,3.3,168,IDDQ,ELECTRICAL,uA,1.6896,1305.7132,1305.8428,1305.8626,1304.0236,-0.0066,-0.0495,34.51,34.91,1.6896,1305.7132,1305.8428,1305.8626,1304.0236,75.0,False,NOMINAL,HEALTHY,-13.14,34.69
MIX_LOT01_COMP0255,LOT_01,MIXED_SIGNAL_IC,CQFP-64,MIX-SIH-2026,THERMAL_BURN_IN,T01_0255,PROC-ISRO-IISU-01,ATE-STATION-01,CHAMBER-01,1.0,125.0,3.3,168,IDDQ,ELECTRICAL,uA,2.3017,1779.1053,1779.2367,1779.2667,1776.8036,-0.0136,0.0661,35.7,35.69,2.3017,1779.1053,1779.2367,1779.2667,1776.8036,75.0,False,NOMINAL,HEALTHY,-43.03,20.05
MIX_LOT01_COMP0256,LOT_01,MIXED_SIGNAL_IC,CQFP-64,MIX-SIH-2026,THERMAL_BURN_IN,T01_0256,PROC-ISRO-IISU-01,ATE-STATION-01,CHAMBER-01,1.0,125.0,3.3,168,IDDQ,ELECTRICAL,uA,2.286,1761.8896,1761.9989,1762.0576,1759.6036,0.0345,0.1822,36.99,37.15,2.286,1761.8896,1761.9989,1762.0576,1759.6036,75.0,False,NOMINAL,HEALTHY,-18.0,-1.59
MIX_LOT01_COMP0257,LOT_01,MIXED_SIGNAL_IC,CQFP-64,MIX-SIH-2026,THERMAL_BURN_IN,T01_0257,PROC-ISRO-IISU-01,ATE-STATION-01,CHAMBER-01,1.0,125.0,3.3,168,IDDQ,ELECTRICAL,uA,2.2236,1697.2231,1697.3106,1697.4132,1694.9995,0.023,0.0488,32.97,33.08,2.2236,1697.2231,1697.3106,1697.4132,1694.9995,75.0,False,NOMINAL,HEALTHY,2.84,30.97
MIX_LOT01_COMP0258,LOT_01,MIXED_SIGNAL_IC,CQFP-64,MIX-SIH-2026,THERMAL_BURN_IN,T01_0258,PROC-ISRO-IISU-01,ATE-STATION-01,CHAMBER-01,1.0,125.0,3.3,168,IDDQ,ELECTRICAL,uA,2.4038,1855.167,1855.2806,1855.4035,1852.7632,-0.0059,0.0279,36.42,35.88,2.4038,1855.167,1855.2806,1855.4035,1852.7632,75.0,False,NOMINAL,HEALTHY,-16.8,39.51
MIX_LOT01_COMP0259,LOT_01,MIXED_SIGNAL_IC,CQFP-64,MIX-SIH-2026,THERMAL_BURN_IN,T01_0259,PROC-ISRO-IISU-01,ATE-STATION-01,CHAMBER-01,1.0,125.0,3.3,168,IDDQ,ELECTRICAL,uA,1.8448,1415.6135,1415.7112,1415.7536,1413.7687,-0.0026,0.0399,35.16,35.18,1.8448,1415.6135,1415.7112,1415.7536,1413.7687,75.0,False,NOMINAL,HEALTHY,-47.36,-36.95
MIX_LOT01_COMP0260,LOT_01,MIXED_SIGNAL_IC,CQFP-64,MIX-SIH-2026,THERMAL_BURN_IN,T01_0260,PROC-ISRO-IISU-01,ATE-STATION-01,CHAMBER-01,1.0,125.0,3.3,168,IDDQ,ELECTRICAL,uA,2.1644,1660.7057,1660.7941,1660.8327,1658.5413,-0.022,0.0125,34.25,33.77,2.1644,1660.7057,1660.7941,1660.8327,1658.5413,75.0,False,NOMINAL,HEALTHY,17.06,35.33
MIX_LOT01_COMP0261,LOT_01,MIXED_SIGNAL_IC,CQFP-64,MIX-SIH-2026,THERMAL_BURN_IN,T01_0261,PROC-ISRO-IISU-01,ATE-STATION-01,CHAMBER-01,1.0,125.0,3.3,168,IDDQ,ELECTRICAL,uA,2.0752,1584.0076,1584.159,1584.2311,1581.9324,-0.0223,-0.0621,34.43,34.15,2.0752,1584.0076,1584.159,1584.2311,1581.9324,75.0,False,NOMINAL,HEALTHY,48.24,-10.02
MIX_LOT01_COMP0262,LOT_01,MIXED_SIGNAL_IC,CQFP-64,MIX-SIH-2026,THERMAL_BURN_IN,T01_0262,PROC-ISRO-IISU-01,ATE-STATION-01,CHAMBER-01,1.0,125.0,3.3,168,IDDQ,ELECTRICAL,uA,1.7987,1369.4966,1371.617,1380.2454,1367.6979,0.0032,0.068,33.89,34.04,1.7987,1369.4966,1371.617,1380.2454,1367.6979,75.0,True,ELECTROMIGRATION,HEALTHY,8.85,36.75
MIX_LOT01_COMP0263,LOT_01,MIXED_SIGNAL_IC,CQFP-64,MIX-SIH-2026,THERMAL_BURN_IN,T01_0263,PROC-ISRO-IISU-01,ATE-STATION-01,CHAMBER-01,1.0,125.0,3.3,168,IDDQ,ELECTRICAL,uA,2.284,1758.2053,1758.3736,1758.4502,1755.9213,-0.0152,0.0606,34.97,34.35,2.284,1758.2053,1758.3736,1758.4502,1755.9213,75.0,False,NOMINAL,HEALTHY,-30.73,-12.89
MIX_LOT01_COMP0264,LOT_01,MIXED_SIGNAL_IC,CQFP-64,MIX-SIH-2026,THERMAL_BURN_IN,T01_0264,PROC-ISRO-IISU-01,ATE-STATION-01,CHAMBER-01,1.0,125.0,3.3,168,IDDQ,ELECTRICAL,uA,2.4157,1886.5183,1886.6836,1886.7325,1884.1026,0.0044,0.0135,36.22,36.73,2.4157,1886.5183,1886.6836,1886.7325,1884.1026,75.0,False,NOMINAL,HEALTHY,-12.0,-33.01
MIX_LOT01_COMP0265,LOT_01,MIXED_SIGNAL_IC,CQFP-64,MIX-SIH-2026,THERMAL_BURN_IN,T01_0265,PROC-ISRO-IISU-01,ATE-STATION-01,CHAMBER-01,1.0,125.0,3.3,168,IDDQ,ELECTRICAL,uA,2.5049,1930.8778,1931.0258,1931.1466,1928.3729,0.0165,-0.0399,33.09,32.23,2.5049,1930.8778,1931.0258,1931.1466,1928.3729,75.0,False,NOMINAL,HEALTHY,31.58,23.07
MIX_LOT01_COMP0266,LOT_01,MIXED_SIGNAL_IC,CQFP-64,MIX-SIH-2026,THERMAL_BURN_IN,T01_0266,PROC-ISRO-IISU-01,ATE-STATION-01,CHAMBER-01,1.0,125.0,3.3,168,IDDQ,ELECTRICAL,uA,1.877,1459.6757,1459.7962,1459.8113,1457.7987,0.0328,0.0817,36.03,34.94,1.877,1459.6757,1459.7962,1459.8113,1457.7987,75.0,False,NOMINAL,HEALTHY,-23.08,-49.61
MIX_LOT01_COMP0267,LOT_01,MIXED_SIGNAL_IC,CQFP-64,MIX-SIH-2026,THERMAL_BURN_IN,T01_0267,PROC-ISRO-IISU-01,ATE-STATION-01,CHAMBER-01,1.0,125.0,3.3,168,IDDQ,ELECTRICAL,uA,2.5733,1970.5601,1970.7349,1970.7605,1967.9868,0.0004,-0.034,33.4,34.69,2.5733,1970.5601,1970.7349,1970.7605,1967.9868,75.0,False,NOMINAL,HEALTHY,-23.95,17.24
MIX_LOT01_COMP0268,LOT_01,MIXED_SIGNAL_IC,CQFP-64,MIX-SIH-2026,THERMAL_BURN_IN,T01_0268,PROC-ISRO-IISU-01,ATE-STATION-01,CHAMBER-01,1.0,125.0,3.3,168,IDDQ,ELECTRICAL,uA,2.156,1671.7218,1671.8427,1671.9078,1669.5658,-0.0316,-0.0126,34.34,34.3,2.156,1671.7218,1671.8427,1671.9078,1669.5658,75.0,False,NOMINAL,HEALTHY,-33.94,-41.93
MIX_LOT01_COMP0269,LOT_01,MIXED_SIGNAL_IC,CQFP-64,MIX-SIH-2026,THERMAL_BURN_IN,T01_0269,PROC-ISRO-IISU-01,ATE-STATION-01,CHAMBER-01,1.0,125.0,3.3,168,IDDQ,ELECTRICAL,uA,2.3476,1808.8227,1808.9201,1809.0748,1806.4751,-0.0165,-0.0555,33.74,33.6,2.3476,1808.8227,1808.9201,1809.0748,1806.4751,75.0,False,NOMINAL,HEALTHY,-4.09,13.47
MIX_LOT01_COMP0270,LOT_01,MIXED_SIGNAL_IC,CQFP-64,MIX-SIH-2026,THERMAL_BURN_IN,T01_0270,PROC-ISRO-IISU-01,ATE-STATION-01,CHAMBER-01,1.0,125.0,3.3,168,IDDQ,ELECTRICAL,uA,2.1897,1701.8915,1702.0073,1702.1785,1699.7018,-0.001,0.0005,35.52,35.56,2.1897,1701.8915,1702.0073,1702.1785,1699.7018,75.0,False,NOMINAL,HEALTHY,-16.56,26.22
MIX_LOT01_COMP0271,LOT_01,MIXED_SIGNAL_IC,CQFP-64,MIX-SIH-2026,THERMAL_BURN_IN,T01_0271,PROC-ISRO-IISU-01,ATE-STATION-01,CHAMBER-01,1.0,125.0,3.3,168,IDDQ,ELECTRICAL,uA,1.9805,1518.7605,1518.8954,1518.9514,1516.78,0.0101,-0.0015,35.65,35.91,1.9805,1518.7605,1518.8954,1518.9514,1516.78,75.0,False,NOMINAL,HEALTHY,49.27,-45.58
MIX_LOT01_COMP0272,LOT_01,MIXED_SIGNAL_IC,CQFP-64,MIX-SIH-2026,THERMAL_BURN_IN,T01_0272,PROC-ISRO-IISU-01,ATE-STATION-01,CHAMBER-01,1.0,125.0,3.3,168,IDDQ,ELECTRICAL,uA,2.1126,1615.93,1616.0855,1616.1912,1613.8174,-0.019,0.0165,34.91,35.8,2.1126,1615.93,1616.0855,1616.1912,1613.8174,75.0,False,NOMINAL,HEALTHY,-11.63,-25.05
MIX_LOT01_COMP0273,LOT_01,MIXED_SIGNAL_IC,CQFP-64,MIX-SIH-2026,THERMAL_BURN_IN,T01_0273,PROC-ISRO-IISU-01,ATE-STATION-01,CHAMBER-01,1.0,125.0,3.3,168,IDDQ,ELECTRICAL,uA,2.5318,1949.802,1949.8922,1950.0202,1947.2702,0.0042,-0.0239,33.0,33.1,2.5318,1949.802,1949.8922,1950.0202,1947.2702,75.0,False,NOMINAL,HEALTHY,7.21,-48.95
MIX_LOT01_COMP0274,LOT_01,MIXED_SIGNAL_IC,CQFP-64,MIX-SIH-2026,THERMAL_BURN_IN,T01_0274,PROC-ISRO-IISU-01,ATE-STATION-01,CHAMBER-01,1.0,125.0,3.3,168,IDDQ,ELECTRICAL,uA,2.2253,1709.8442,1709.9555,1710.0425,1707.6189,0.0044,-0.0307,35.32,34.83,2.2253,1709.8442,1709.9555,1710.0425,1707.6189,75.0,False,NOMINAL,HEALTHY,29.15,20.1
MIX_LOT01_COMP0275,LOT_01,MIXED_SIGNAL_IC,CQFP-64,MIX-SIH-2026,THERMAL_BURN_IN,T01_0275,PROC-ISRO-IISU-01,ATE-STATION-01,CHAMBER-01,1.0,125.0,3.3,168,IDDQ,ELECTRICAL,uA,2.1065,1626.603,1626.6882,1626.8268,1624.4965,-0.0101,0.0131,34.8,34.29,2.1065,1626.603,1626.6882,1626.8268,1624.4965,75.0,False,NOMINAL,HEALTHY,-46.26,-48.36
MIX_LOT01_COMP0276,LOT_01,MIXED_SIGNAL_IC,CQFP-64,MIX-SIH-2026,THERMAL_BURN_IN,T01_0276,PROC-ISRO-IISU-01,ATE-STATION-01,CHAMBER-01,1.0,125.0,3.3,168,IDDQ,ELECTRICAL,uA,1.7505,1341.5825,1341.679,1341.7408,1339.832,-0.0094,-0.0273,35.32,35.0,1.7505,1341.5825,1341.679,1341.7408,1339.832,75.0,False,NOMINAL,HEALTHY,-47.65,11.63
MIX_LOT01_COMP0277,LOT_01,MIXED_SIGNAL_IC,CQFP-64,MIX-SIH-2026,THERMAL_BURN_IN,T01_0277,PROC-ISRO-IISU-01,ATE-STATION-01,CHAMBER-01,1.0,125.0,3.3,168,IDDQ,ELECTRICAL,uA,1.8891,1471.9462,1472.073,1472.1651,1470.0571,-0.0045,0.0391,34.61,34.78,1.8891,1471.9462,1472.073,1472.1651,1470.0571,75.0,False,NOMINAL,HEALTHY,10.76,-14.96
MIX_LOT01_COMP0278,LOT_01,MIXED_SIGNAL_IC,CQFP-64,MIX-SIH-2026,THERMAL_BURN_IN,T01_0278,PROC-ISRO-IISU-01,ATE-STATION-01,CHAMBER-01,1.0,125.0,3.3,168,IDDQ,ELECTRICAL,uA,1.8614,1432.6441,1432.7751,1432.8295,1430.7827,0.009,-0.0871,34.74,34.42,1.8614,1432.6441,1432.7751,1432.8295,1430.7827,75.0,False,NOMINAL,HEALTHY,49.57,11.58
MIX_LOT01_COMP0279,LOT_01,MIXED_SIGNAL_IC,CQFP-64,MIX-SIH-2026,THERMAL_BURN_IN,T01_0279,PROC-ISRO-IISU-01,ATE-STATION-01,CHAMBER-01,1.0,125.0,3.3,168,IDDQ,ELECTRICAL,uA,1.8782,1444.5836,1444.6971,1444.7543,1442.7054,-0.0032,-0.0053,35.92,35.92,1.8782,1444.5836,1444.6971,1444.7543,1442.7054,75.0,False,NOMINAL,HEALTHY,-14.12,36.88
MIX_LOT01_COMP0280,LOT_01,MIXED_SIGNAL_IC,CQFP-64,MIX-SIH-2026,THERMAL_BURN_IN,T01_0280,PROC-ISRO-IISU-01,ATE-STATION-01,CHAMBER-01,1.0,125.0,3.3,168,IDDQ,ELECTRICAL,uA,2.7588,2121.3378,2121.4791,2121.5972,2118.579,0.0191,0.0035,34.34,33.48,2.7588,2121.3378,2121.4791,2121.5972,2118.579,75.0,False,NOMINAL,HEALTHY,-37.69,-5.04
MIX_LOT01_COMP0281,LOT_01,MIXED_SIGNAL_IC,CQFP-64,MIX-SIH-2026,THERMAL_BURN_IN,T01_0281,PROC-ISRO-IISU-01,ATE-STATION-01,CHAMBER-01,1.0,125.0,3.3,168,IDDQ,ELECTRICAL,uA,1.8924,1453.4691,1453.6407,1453.6959,1451.5767,0.0056,-0.0791,37.49,38.7,1.8924,1453.4691,1453.6407,1453.6959,1451.5767,75.0,False,NOMINAL,HEALTHY,-23.19,-30.62
MIX_LOT01_COMP0282,LOT_01,MIXED_SIGNAL_IC,CQFP-64,MIX-SIH-2026,THERMAL_BURN_IN,T01_0282,PROC-ISRO-IISU-01,ATE-STATION-01,CHAMBER-01,1.0,125.0,3.3,168,IDDQ,ELECTRICAL,uA,1.9151,1480.8769,1480.9957,1481.0614,1478.9618,-0.007,-0.0571,34.33,34.74,1.9151,1480.8769,1480.9957,1481.0614,1478.9618,75.0,False,NOMINAL,HEALTHY,7.6,-30.63
MIX_LOT01_COMP0283,LOT_01,MIXED_SIGNAL_IC,CQFP-64,MIX-SIH-2026,THERMAL_BURN_IN,T01_0283,PROC-ISRO-IISU-01,ATE-STATION-01,CHAMBER-01,1.0,125.0,3.3,168,IDDQ,ELECTRICAL,uA,1.845,1436.9325,1437.0603,1437.1321,1435.0875,0.0137,0.0009,34.84,34.5,1.845,1436.9325,1437.0603,1437.1321,1435.0875,75.0,False,NOMINAL,HEALTHY,26.4,11.02
MIX_LOT01_COMP0284,LOT_01,MIXED_SIGNAL_IC,CQFP-64,MIX-SIH-2026,THERMAL_BURN_IN,T01_0284,PROC-ISRO-IISU-01,ATE-STATION-01,CHAMBER-01,1.0,125.0,3.3,168,IDDQ,ELECTRICAL,uA,2.3727,1819.8897,1820.0463,1820.1716,1817.517,0.0147,-0.0332,34.97,36.24,2.3727,1819.8897,1820.0463,1820.1716,1817.517,75.0,False,NOMINAL,HEALTHY,-23.36,-46.85
MIX_LOT01_COMP0285,LOT_01,MIXED_SIGNAL_IC,CQFP-64,MIX-SIH-2026,THERMAL_BURN_IN,T01_0285,PROC-ISRO-IISU-01,ATE-STATION-01,CHAMBER-01,1.0,125.0,3.3,168,IDDQ,ELECTRICAL,uA,2.5371,1962.4199,1962.5644,1962.6358,1959.8828,0.0152,-0.05,34.03,34.68,2.5371,1962.4199,1962.5644,1962.6358,1959.8828,75.0,False,NOMINAL,HEALTHY,25.93,42.29
MIX_LOT01_COMP0286,LOT_01,MIXED_SIGNAL_IC,CQFP-64,MIX-SIH-2026,THERMAL_BURN_IN,T01_0286,PROC-ISRO-IISU-01,ATE-STATION-01,CHAMBER-01,1.0,125.0,3.3,168,IDDQ,ELECTRICAL,uA,2.2733,1758.8874,1759.009,1759.1391,1756.6141,0.0197,0.0481,34.69,35.43,2.2733,1758.8874,1759.009,1759.1391,1756.6141,75.0,False,NOMINAL,HEALTHY,-11.17,29.4
MIX_LOT01_COMP0287,LOT_01,MIXED_SIGNAL_IC,CQFP-64,MIX-SIH-2026,THERMAL_BURN_IN,T01_0287,PROC-ISRO-IISU-01,ATE-STATION-01,CHAMBER-01,1.0,125.0,3.3,168,IDDQ,ELECTRICAL,uA,2.4165,1881.3871,1881.5571,1881.6421,1878.9706,0.0065,-0.0099,33.98,34.11,2.4165,1881.3871,1881.5571,1881.6421,1878.9706,75.0,False,NOMINAL,HEALTHY,-36.57,-15.95
MIX_LOT01_COMP0288,LOT_01,MIXED_SIGNAL_IC,CQFP-64,MIX-SIH-2026,THERMAL_BURN_IN,T01_0288,PROC-ISRO-IISU-01,ATE-STATION-01,CHAMBER-01,1.0,125.0,3.3,168,IDDQ,ELECTRICAL,uA,2.2254,1710.3615,1710.4824,1710.5403,1708.1361,-0.0071,-0.0485,36.36,35.86,2.2254,1710.3615,1710.4824,1710.5403,1708.1361,75.0,False,NOMINAL,HEALTHY,29.0,37.62
MIX_LOT01_COMP0289,LOT_01,MIXED_SIGNAL_IC,CQFP-64,MIX-SIH-2026,THERMAL_BURN_IN,T01_0289,PROC-ISRO-IISU-01,ATE-STATION-01,CHAMBER-01,1.0,125.0,3.3,168,IDDQ,ELECTRICAL,uA,1.9587,1541.0799,1541.181,1541.2156,1539.1212,-0.0064,-0.0013,34.08,33.9,1.9587,1541.0799,1541.181,1541.2156,1539.1212,75.0,False,NOMINAL,HEALTHY,43.34,44.84
MIX_LOT01_COMP0290,LOT_01,MIXED_SIGNAL_IC,CQFP-64,MIX-SIH-2026,THERMAL_BURN_IN,T01_0290,PROC-ISRO-IISU-01,ATE-STATION-01,CHAMBER-01,1.0,125.0,3.3,168,IDDQ,ELECTRICAL,uA,2.2288,1699.2789,1699.393,1699.4706,1697.0501,-0.0244,-0.1226,32.77,32.27,2.2288,1699.2789,1699.393,1699.4706,1697.0501,75.0,False,NOMINAL,HEALTHY,10.8,-6.51
MIX_LOT01_COMP0291,LOT_01,MIXED_SIGNAL_IC,CQFP-64,MIX-SIH-2026,THERMAL_BURN_IN,T01_0291,PROC-ISRO-IISU-01,ATE-STATION-01,CHAMBER-01,1.0,125.0,3.3,168,IDDQ,ELECTRICAL,uA,2.0415,1573.6136,1573.7288,1573.8292,1571.5721,-0.0142,-0.0882,35.24,34.99,2.0415,1573.6136,1573.7288,1573.8292,1571.5721,75.0,False,NOMINAL,HEALTHY,18.09,-47.89
MIX_LOT01_COMP0292,LOT_01,MIXED_SIGNAL_IC,CQFP-64,MIX-SIH-2026,THERMAL_BURN_IN,T01_0292,PROC-ISRO-IISU-01,ATE-STATION-01,CHAMBER-01,1.0,125.0,3.3,168,IDDQ,ELECTRICAL,uA,2.3643,1829.6254,1829.7038,1829.8612,1827.2611,-0.0213,-0.0341,33.74,32.21,2.3643,1829.6254,1829.7038,1829.8612,1827.2611,75.0,False,NOMINAL,HEALTHY,-34.18,-36.08
MIX_LOT01_COMP0293,LOT_01,MIXED_SIGNAL_IC,CQFP-64,MIX-SIH-2026,THERMAL_BURN_IN,T01_0293,PROC-ISRO-IISU-01,ATE-STATION-01,CHAMBER-01,1.0,125.0,3.3,168,IDDQ,ELECTRICAL,uA,2.3586,1830.5897,1830.7329,1830.785,1828.2311,-0.0007,0.0358,36.36,36.34,2.3586,1830.5897,1830.7329,1830.785,1828.2311,75.0,False,NOMINAL,HEALTHY,-46.06,43.61
MIX_LOT01_COMP0294,LOT_01,MIXED_SIGNAL_IC,CQFP-64,MIX-SIH-2026,THERMAL_BURN_IN,T01_0294,PROC-ISRO-IISU-01,ATE-STATION-01,CHAMBER-01,1.0,125.0,3.3,168,IDDQ,ELECTRICAL,uA,1.9428,1494.8498,1494.9706,1494.993,1492.907,-0.031,-0.0396,34.68,34.74,1.9428,1494.8498,1494.9706,1494.993,1492.907,75.0,False,NOMINAL,HEALTHY,47.75,-9.65
MIX_LOT01_COMP0295,LOT_01,MIXED_SIGNAL_IC,CQFP-64,MIX-SIH-2026,THERMAL_BURN_IN,T01_0295,PROC-ISRO-IISU-01,ATE-STATION-01,CHAMBER-01,1.0,125.0,3.3,168,IDDQ,ELECTRICAL,uA,2.2853,1759.5933,1759.7074,1759.8094,1757.308,0.0179,-0.055,34.27,33.69,2.2853,1759.5933,1759.7074,1759.8094,1757.308,75.0,False,NOMINAL,HEALTHY,14.32,30.25
MIX_LOT01_COMP0296,LOT_01,MIXED_SIGNAL_IC,CQFP-64,MIX-SIH-2026,THERMAL_BURN_IN,T01_0296,PROC-ISRO-IISU-01,ATE-STATION-01,CHAMBER-01,1.0,125.0,3.3,168,IDDQ,ELECTRICAL,uA,2.4141,1864.8781,1864.9928,1865.1285,1862.464,0.0154,-0.1009,36.45,37.21,2.4141,1864.8781,1864.9928,1865.1285,1862.464,75.0,False,NOMINAL,HEALTHY,19.29,3.07
MIX_LOT01_COMP0297,LOT_01,MIXED_SIGNAL_IC,CQFP-64,MIX-SIH-2026,THERMAL_BURN_IN,T01_0297,PROC-ISRO-IISU-01,ATE-STATION-01,CHAMBER-01,1.0,125.0,3.3,168,IDDQ,ELECTRICAL,uA,1.8814,1446.2379,1446.3749,1446.4452,1444.3565,-0.0452,-0.1211,34.33,34.43,1.8814,1446.2379,1446.3749,1446.4452,1444.3565,75.0,False,NOMINAL,HEALTHY,38.29,-33.76
MIX_LOT01_COMP0298,LOT_01,MIXED_SIGNAL_IC,CQFP-64,MIX-SIH-2026,THERMAL_BURN_IN,T01_0298,PROC-ISRO-IISU-01,ATE-STATION-01,CHAMBER-01,1.0,125.0,3.3,168,IDDQ,ELECTRICAL,uA,1.9713,1506.4145,1506.5376,1506.5954,1504.4432,-0.0278,-0.0463,35.19,34.76,1.9713,1506.4145,1506.5376,1506.5954,1504.4432,75.0,False,NOMINAL,HEALTHY,-27.94,48.85
MIX_LOT01_COMP0299,LOT_01,MIXED_SIGNAL_IC,CQFP-64,MIX-SIH-2026,THERMAL_BURN_IN,T01_0299,PROC-ISRO-IISU-01,ATE-STATION-01,CHAMBER-01,1.0,125.0,3.3,168,IDDQ,ELECTRICAL,uA,1.9737,1509.0192,1509.1757,1509.248,1507.0455,0.0088,0.0815,34.52,34.33,1.9737,1509.0192,1509.1757,1509.248,1507.0455,75.0,False,NOMINAL,HEALTHY,-20.28,20.83
MIX_LOT01_COMP0300,LOT_01,MIXED_SIGNAL_IC,CQFP-64,MIX-SIH-2026,THERMAL_BURN_IN,T01_0300,PROC-ISRO-IISU-01,ATE-STATION-01,CHAMBER-01,1.0,125.0,3.3,168,IDDQ,ELECTRICAL,uA,1.8463,1438.0676,1438.1997,1438.3109,1436.2213,0.0086,0.0647,32.39,31.69,1.8463,1438.0676,1438.1997,1438.3109,1436.2213,75.0,False,NOMINAL,HEALTHY,-39.68,42.94
MIX_LOT01_COMP0301,LOT_01,MIXED_SIGNAL_IC,CQFP-64,MIX-SIH-2026,THERMAL_BURN_IN,T01_0301,PROC-ISRO-IISU-01,ATE-STATION-01,CHAMBER-01,1.0,125.0,3.3,168,IDDQ,ELECTRICAL,uA,2.262,1758.0779,1758.161,1758.2894,1755.8159,-0.0261,-0.0006,37.29,36.73,2.262,1758.0779,1758.161,1758.2894,1755.8159,75.0,False,NOMINAL,HEALTHY,22.38,36.31
MIX_LOT01_COMP0302,LOT_01,MIXED_SIGNAL_IC,CQFP-64,MIX-SIH-2026,THERMAL_BURN_IN,T01_0302,PROC-ISRO-IISU-01,ATE-STATION-01,CHAMBER-01,1.0,125.0,3.3,168,IDDQ,ELECTRICAL,uA,2.2991,1789.3055,1789.3721,1789.4826,1787.0064,-0.0196,-0.0848,34.81,34.87,2.2991,1789.3055,1789.3721,1789.4826,1787.0064,75.0,False,NOMINAL,HEALTHY,15.77,-21.74
MIX_LOT01_COMP0303,LOT_01,MIXED_SIGNAL_IC,CQFP-64,MIX-SIH-2026,THERMAL_BURN_IN,T01_0303,PROC-ISRO-IISU-01,ATE-STATION-01,CHAMBER-01,1.0,125.0,3.3,168,IDDQ,ELECTRICAL,uA,2.5606,1984.0793,1984.2828,1984.3422,1981.5187,0.0044,-0.036,37.47,38.0,2.5606,1984.0793,1984.2828,1984.3422,1981.5187,75.0,False,NOMINAL,HEALTHY,18.38,23.79
MIX_LOT01_COMP0304,LOT_01,MIXED_SIGNAL_IC,CQFP-64,MIX-SIH-2026,THERMAL_BURN_IN,T01_0304,PROC-ISRO-IISU-01,ATE-STATION-01,CHAMBER-01,1.0,125.0,3.3,168,IDDQ,ELECTRICAL,uA,2.0375,1573.3996,1573.5239,1573.6365,1571.3621,0.0193,-0.0043,34.59,34.32,2.0375,1573.3996,1573.5239,1573.6365,1571.3621,75.0,False,NOMINAL,HEALTHY,6.01,29.13
MIX_LOT01_COMP0305,LOT_01,MIXED_SIGNAL_IC,CQFP-64,MIX-SIH-2026,THERMAL_BURN_IN,T01_0305,PROC-ISRO-IISU-01,ATE-STATION-01,CHAMBER-01,1.0,125.0,3.3,168,IDDQ,ELECTRICAL,uA,1.9979,1550.2712,1550.3494,1550.4339,1548.2733,-0.001,-0.0724,35.19,35.05,1.9979,1550.2712,1550.3494,1550.4339,1548.2733,75.0,False,NOMINAL,HEALTHY,17.22,0.25
MIX_LOT01_COMP0306,LOT_01,MIXED_SIGNAL_IC,CQFP-64,MIX-SIH-2026,THERMAL_BURN_IN,T01_0306,PROC-ISRO-IISU-01,ATE-STATION-01,CHAMBER-01,1.0,125.0,3.3,168,IDDQ,ELECTRICAL,uA,2.6779,2067.5256,2067.6819,2067.7283,2064.8477,-0.0008,0.0588,32.46,32.29,2.6779,2067.5256,2067.6819,2067.7283,2064.8477,75.0,False,NOMINAL,HEALTHY,-27.31,-3.71
MIX_LOT01_COMP0307,LOT_01,MIXED_SIGNAL_IC,CQFP-64,MIX-SIH-2026,THERMAL_BURN_IN,T01_0307,PROC-ISRO-IISU-01,ATE-STATION-01,CHAMBER-01,1.0,125.0,3.3,168,IDDQ,ELECTRICAL,uA,2.0955,1619.5348,1619.6564,1619.7487,1617.4393,-0.0054,-0.1002,35.83,35.56,2.0955,1619.5348,1619.6564,1619.7487,1617.4393,75.0,False,NOMINAL,HEALTHY,3.46,-10.64
MIX_LOT01_COMP0308,LOT_01,MIXED_SIGNAL_IC,CQFP-64,MIX-SIH-2026,THERMAL_BURN_IN,T01_0308,PROC-ISRO-IISU-01,ATE-STATION-01,CHAMBER-01,1.0,125.0,3.3,168,IDDQ,ELECTRICAL,uA,1.8059,1400.5314,1400.6548,1400.6964,1398.7255,0.0314,-0.0497,32.7,32.5,1.8059,1400.5314,1400.6548,1400.6964,1398.7255,75.0,False,NOMINAL,HEALTHY,26.72,11.67
MIX_LOT01_COMP0309,LOT_01,MIXED_SIGNAL_IC,CQFP-64,MIX-SIH-2026,THERMAL_BURN_IN,T01_0309,PROC-ISRO-IISU-01,ATE-STATION-01,CHAMBER-01,1.0,125.0,3.3,168,IDDQ,ELECTRICAL,uA,2.0642,1583.7887,1583.8978,1584.0364,1581.7245,-0.0145,-0.0175,35.93,36.7,2.0642,1583.7887,1583.8978,1584.0364,1581.7245,75.0,False,NOMINAL,HEALTHY,28.54,19.16
MIX_LOT01_COMP0310,LOT_01,MIXED_SIGNAL_IC,CQFP-64,MIX-SIH-2026,THERMAL_BURN_IN,T01_0310,PROC-ISRO-IISU-01,ATE-STATION-01,CHAMBER-01,1.0,125.0,3.3,168,IDDQ,ELECTRICAL,uA,2.4091,1843.9402,1844.1163,1844.1619,1841.5311,-0.0101,0.0615,36.29,37.26,2.4091,1843.9402,1844.1163,1844.1619,1841.5311,75.0,False,NOMINAL,HEALTHY,-14.32,-5.67
MIX_LOT01_COMP0311,LOT_01,MIXED_SIGNAL_IC,CQFP-64,MIX-SIH-2026,THERMAL_BURN_IN,T01_0311,PROC-ISRO-IISU-01,ATE-STATION-01,CHAMBER-01,1.0,125.0,3.3,168,IDDQ,ELECTRICAL,uA,2.2345,1717.7497,1717.9115,1717.9427,1715.5152,-0.0221,-0.0105,32.33,32.4,2.2345,1717.7497,1717.9115,1717.9427,1715.5152,75.0,False,NOMINAL,HEALTHY,-14.8,42.53
MIX_LOT01_COMP0312,LOT_01,MIXED_SIGNAL_IC,CQFP-64,MIX-SIH-2026,THERMAL_BURN_IN,T01_0312,PROC-ISRO-IISU-01,ATE-STATION-01,CHAMBER-01,1.0,125.0,3.3,168,IDDQ,ELECTRICAL,uA,2.2895,1779.0173,1779.1568,1779.2714,1776.7278,0.0019,0.1207,36.9,36.92,2.2895,1779.0173,1779.1568,1779.2714,1776.7278,75.0,False,NOMINAL,HEALTHY,9.24,46.49
MIX_LOT01_COMP0313,LOT_01,MIXED_SIGNAL_IC,CQFP-64,MIX-SIH-2026,THERMAL_BURN_IN,T01_0313,PROC-ISRO-IISU-01,ATE-STATION-01,CHAMBER-01,1.0,125.0,3.3,168,IDDQ,ELECTRICAL,uA,2.0994,1623.3192,1623.5046,1623.5397,1621.2198,0.0181,0.0906,35.55,34.51,2.0994,1623.3192,1623.5046,1623.5397,1621.2198,75.0,False,NOMINAL,HEALTHY,29.4,22.52
MIX_LOT01_COMP0314,LOT_01,MIXED_SIGNAL_IC,CQFP-64,MIX-SIH-2026,THERMAL_BURN_IN,T01_0314,PROC-ISRO-IISU-01,ATE-STATION-01,CHAMBER-01,1.0,125.0,3.3,168,IDDQ,ELECTRICAL,uA,1.7867,1384.7538,1384.8158,1384.9088,1382.9671,0.0176,0.0469,34.13,34.72,1.7867,1384.7538,1384.8158,1384.9088,1382.9671,75.0,False,NOMINAL,HEALTHY,24.79,35.34
MIX_LOT01_COMP0315,LOT_01,MIXED_SIGNAL_IC,CQFP-64,MIX-SIH-2026,THERMAL_BURN_IN,T01_0315,PROC-ISRO-IISU-01,ATE-STATION-01,CHAMBER-01,1.0,125.0,3.3,168,IDDQ,ELECTRICAL,uA,2.0836,1597.8799,1597.9827,1598.0672,1595.7963,0.0048,0.0535,34.36,34.61,2.0836,1597.8799,1597.9827,1598.0672,1595.7963,75.0,False,NOMINAL,HEALTHY,-2.28,1.33
MIX_LOT01_COMP0316,LOT_01,MIXED_SIGNAL_IC,CQFP-64,MIX-SIH-2026,THERMAL_BURN_IN,T01_0316,PROC-ISRO-IISU-01,ATE-STATION-01,CHAMBER-01,1.0,125.0,3.3,168,IDDQ,ELECTRICAL,uA,2.1472,1657.1923,1657.3275,1657.392,1655.0451,0.0091,0.1424,34.87,35.69,2.1472,1657.1923,1657.3275,1657.392,1655.0451,75.0,False,NOMINAL,HEALTHY,-42.87,15.14
MIX_LOT01_COMP0317,LOT_01,MIXED_SIGNAL_IC,CQFP-64,MIX-SIH-2026,THERMAL_BURN_IN,T01_0317,PROC-ISRO-IISU-01,ATE-STATION-01,CHAMBER-01,1.0,125.0,3.3,168,IDDQ,ELECTRICAL,uA,2.3336,1790.8129,1790.9761,1791.0303,1788.4793,0.0237,0.0289,35.88,36.53,2.3336,1790.8129,1790.9761,1791.0303,1788.4793,75.0,False,NOMINAL,HEALTHY,24.9,7.51
MIX_LOT01_COMP0318,LOT_01,MIXED_SIGNAL_IC,CQFP-64,MIX-SIH-2026,THERMAL_BURN_IN,T01_0318,PROC-ISRO-IISU-01,ATE-STATION-01,CHAMBER-01,1.0,125.0,3.3,168,IDDQ,ELECTRICAL,uA,2.3957,1833.1538,1833.2571,1833.3478,1830.7581,-0.0112,-0.008,35.15,34.86,2.3957,1833.1538,1833.2571,1833.3478,1830.7581,75.0,False,NOMINAL,HEALTHY,23.5,-33.88
MIX_LOT01_COMP0319,LOT_01,MIXED_SIGNAL_IC,CQFP-64,MIX-SIH-2026,THERMAL_BURN_IN,T01_0319,PROC-ISRO-IISU-01,ATE-STATION-01,CHAMBER-01,1.0,125.0,3.3,168,IDDQ,ELECTRICAL,uA,2.1483,1648.3903,1648.542,1648.5964,1646.242,0.0148,0.008,34.27,33.78,2.1483,1648.3903,1648.542,1648.5964,1646.242,75.0,False,NOMINAL,HEALTHY,43.0,36.25
MIX_LOT01_COMP0320,LOT_01,MIXED_SIGNAL_IC,CQFP-64,MIX-SIH-2026,THERMAL_BURN_IN,T01_0320,PROC-ISRO-IISU-01,ATE-STATION-01,CHAMBER-01,1.0,125.0,3.3,168,IDDQ,ELECTRICAL,uA,2.0752,1585.7695,1585.8887,1585.9731,1583.6943,0.0144,0.0733,33.52,33.0,2.0752,1585.7695,1585.8887,1585.9731,1583.6943,75.0,False,NOMINAL,HEALTHY,-43.99,38.2
MIX_LOT01_COMP0321,LOT_01,MIXED_SIGNAL_IC,CQFP-64,MIX-SIH-2026,THERMAL_BURN_IN,T01_0321,PROC-ISRO-IISU-01,ATE-STATION-01,CHAMBER-01,1.0,125.0,3.3,168,IDDQ,ELECTRICAL,uA,2.5053,1924.8464,1924.9711,1925.065,1922.3411,-0.0264,0.0299,35.28,35.39,2.5053,1924.8464,1924.9711,1925.065,1922.3411,75.0,False,NOMINAL,HEALTHY,48.91,-26.86
MIX_LOT01_COMP0322,LOT_01,MIXED_SIGNAL_IC,CQFP-64,MIX-SIH-2026,THERMAL_BURN_IN,T01_0322,PROC-ISRO-IISU-01,ATE-STATION-01,CHAMBER-01,1.0,125.0,3.3,168,IDDQ,ELECTRICAL,uA,2.3672,1818.0433,1820.7399,1831.8679,1815.6761,0.0093,-0.0192,34.93,35.16,2.3672,1818.0433,1820.7399,1831.8679,1815.6761,75.0,True,ELECTROMIGRATION,HEALTHY,-25.15,10.05
MIX_LOT01_COMP0323,LOT_01,MIXED_SIGNAL_IC,CQFP-64,MIX-SIH-2026,THERMAL_BURN_IN,T01_0323,PROC-ISRO-IISU-01,ATE-STATION-01,CHAMBER-01,1.0,125.0,3.3,168,IDDQ,ELECTRICAL,uA,2.8349,2192.0998,2192.2158,2192.3696,2189.2649,-0.0102,0.1167,35.38,36.21,2.8349,2192.0998,2192.2158,2192.3696,2189.2649,75.0,True,DIELECTRIC_OSCILLATION,HEALTHY,-16.72,12.99
MIX_LOT01_COMP0324,LOT_01,MIXED_SIGNAL_IC,CQFP-64,MIX-SIH-2026,THERMAL_BURN_IN,T01_0324,PROC-ISRO-IISU-01,ATE-STATION-01,CHAMBER-01,1.0,125.0,3.3,168,IDDQ,ELECTRICAL,uA,2.3117,1772.5656,1772.6824,1772.6648,1770.2539,0.004,-0.0096,36.02,36.96,2.3117,1772.5656,1772.6824,1772.6648,1770.2539,75.0,False,NOMINAL,HEALTHY,5.72,32.56
MIX_LOT01_COMP0325,LOT_01,MIXED_SIGNAL_IC,CQFP-64,MIX-SIH-2026,THERMAL_BURN_IN,T01_0325,PROC-ISRO-IISU-01,ATE-STATION-01,CHAMBER-01,1.0,125.0,3.3,168,IDDQ,ELECTRICAL,uA,2.2888,1747.9075,1748.0332,1748.0943,1745.6187,0.0449,0.1359,35.23,34.89,2.2888,1747.9075,1748.0332,1748.0943,1745.6187,75.0,False,NOMINAL,HEALTHY,10.49,-5.25
MIX_LOT01_COMP0326,LOT_01,MIXED_SIGNAL_IC,CQFP-64,MIX-SIH-2026,THERMAL_BURN_IN,T01_0326,PROC-ISRO-IISU-01,ATE-STATION-01,CHAMBER-01,1.0,125.0,3.3,168,IDDQ,ELECTRICAL,uA,2.3423,1818.0982,1818.2597,1818.2965,1815.7559,-0.0055,-0.0222,34.55,33.69,2.3423,1818.0982,1818.2597,1818.2965,1815.7559,75.0,False,NOMINAL,HEALTHY,29.72,-20.46
MIX_LOT01_COMP0327,LOT_01,MIXED_SIGNAL_IC,CQFP-64,MIX-SIH-2026,THERMAL_BURN_IN,T01_0327,PROC-ISRO-IISU-01,ATE-STATION-01,CHAMBER-01,1.0,125.0,3.3,168,IDDQ,ELECTRICAL,uA,2.1878,1675.0212,1683.6304,1833.5312,1672.8334,0.0079,0.0498,33.89,33.64,2.1878,1675.0212,1683.6304,1833.5312,1672.8334,75.0,True,THERMAL_RUNAWAY,HEALTHY,-14.06,45.23
MIX_LOT01_COMP0328,LOT_01,MIXED_SIGNAL_IC,CQFP-64,MIX-SIH-2026,THERMAL_BURN_IN,T01_0328,PROC-ISRO-IISU-01,ATE-STATION-01,CHAMBER-01,1.0,125.0,3.3,168,IDDQ,ELECTRICAL,uA,2.2561,1740.8571,1740.9792,1741.0966,1738.601,0.0075,0.0015,33.6,33.71,2.2561,1740.8571,1740.9792,1741.0966,1738.601,75.0,False,NOMINAL,HEALTHY,-6.25,-13.45
MIX_LOT01_COMP0329,LOT_01,MIXED_SIGNAL_IC,CQFP-64,MIX-SIH-2026,THERMAL_BURN_IN,T01_0329,PROC-ISRO-IISU-01,ATE-STATION-01,CHAMBER-01,1.0,125.0,3.3,168,IDDQ,ELECTRICAL,uA,1.8858,1442.3043,1442.3855,1442.4909,1440.4185,0.0309,-0.0898,36.71,36.94,1.8858,1442.3043,1442.3855,1442.4909,1440.4185,75.0,False,NOMINAL,HEALTHY,-0.24,42.67
MIX_LOT01_COMP0330,LOT_01,MIXED_SIGNAL_IC,CQFP-64,MIX-SIH-2026,THERMAL_BURN_IN,T01_0330,PROC-ISRO-IISU-01,ATE-STATION-01,CHAMBER-01,1.0,125.0,3.3,168,IDDQ,ELECTRICAL,uA,2.2856,1779.9001,1780.0392,1780.0905,1777.6145,-0.0051,0.0628,37.7,37.27,2.2856,1779.9001,1780.0392,1780.0905,1777.6145,75.0,False,NOMINAL,HEALTHY,-47.06,19.34
MIX_LOT01_COMP0331,LOT_01,MIXED_SIGNAL_IC,CQFP-64,MIX-SIH-2026,THERMAL_BURN_IN,T01_0331,PROC-ISRO-IISU-01,ATE-STATION-01,CHAMBER-01,1.0,125.0,3.3,168,IDDQ,ELECTRICAL,uA,1.9075,1476.6857,1476.7695,1476.8745,1474.7782,0.0144,0.006,32.71,31.9,1.9075,1476.6857,1476.7695,1476.8745,1474.7782,75.0,False,NOMINAL,HEALTHY,-40.35,16.81
MIX_LOT01_COMP0332,LOT_01,MIXED_SIGNAL_IC,CQFP-64,MIX-SIH-2026,THERMAL_BURN_IN,T01_0332,PROC-ISRO-IISU-01,ATE-STATION-01,CHAMBER-01,1.0,125.0,3.3,168,IDDQ,ELECTRICAL,uA,2.1649,1676.9291,1677.0605,1677.2641,1674.7642,-0.0033,0.043,35.27,34.81,2.1649,1676.9291,1677.0605,1677.2641,1674.7642,75.0,False,NOMINAL,HEALTHY,-16.46,-43.32
MIX_LOT01_COMP0333,LOT_01,MIXED_SIGNAL_IC,CQFP-64,MIX-SIH-2026,THERMAL_BURN_IN,T01_0333,PROC-ISRO-IISU-01,ATE-STATION-01,CHAMBER-01,1.0,125.0,3.3,168,IDDQ,ELECTRICAL,uA,2.3635,1822.4447,1822.6233,1822.6769,1820.0812,-0.0147,-0.0243,33.56,33.55,2.3635,1822.4447,1822.6233,1822.6769,1820.0812,75.0,False,NOMINAL,HEALTHY,26.89,-8.9
MIX_LOT01_COMP0334,LOT_01,MIXED_SIGNAL_IC,CQFP-64,MIX-SIH-2026,THERMAL_BURN_IN,T01_0334,PROC-ISRO-IISU-01,ATE-STATION-01,CHAMBER-01,1.0,125.0,3.3,168,IDDQ,ELECTRICAL,uA,2.0106,1558.5067,1558.6454,1558.7269,1556.4961,-0.0292,-0.0966,34.48,34.93,2.0106,1558.5067,1558.6454,1558.7269,1556.4961,75.0,False,NOMINAL,HEALTHY,25.52,0.22
MIX_LOT01_COMP0335,LOT_01,MIXED_SIGNAL_IC,CQFP-64,MIX-SIH-2026,THERMAL_BURN_IN,T01_0335,PROC-ISRO-IISU-01,ATE-STATION-01,CHAMBER-01,1.0,125.0,3.3,168,IDDQ,ELECTRICAL,uA,2.5786,1988.1737,1988.359,1988.4368,1985.5951,0.0004,0.0369,34.25,32.73,2.5786,1988.1737,1988.359,1988.4368,1985.5951,75.0,False,NOMINAL,HEALTHY,-28.71,48.36
MIX_LOT01_COMP0336,LOT_01,MIXED_SIGNAL_IC,CQFP-64,MIX-SIH-2026,THERMAL_BURN_IN,T01_0336,PROC-ISRO-IISU-01,ATE-STATION-01,CHAMBER-01,1.0,125.0,3.3,168,IDDQ,ELECTRICAL,uA,1.9726,1521.0471,1521.1855,1521.1984,1519.0745,-0.0111,-0.0505,33.57,33.18,1.9726,1521.0471,1521.1855,1521.1984,1519.0745,75.0,False,NOMINAL,HEALTHY,3.01,-7.84
MIX_LOT01_COMP0337,LOT_01,MIXED_SIGNAL_IC,CQFP-64,MIX-SIH-2026,THERMAL_BURN_IN,T01_0337,PROC-ISRO-IISU-01,ATE-STATION-01,CHAMBER-01,1.0,125.0,3.3,168,IDDQ,ELECTRICAL,uA,2.109,1608.5604,1608.6992,1608.81,1606.4514,0.0467,0.1116,36.91,37.37,2.109,1608.5604,1608.6992,1608.81,1606.4514,75.0,False,NOMINAL,HEALTHY,-49.33,-9.98
MIX_LOT01_COMP0338,LOT_01,MIXED_SIGNAL_IC,CQFP-64,MIX-SIH-2026,THERMAL_BURN_IN,T01_0338,PROC-ISRO-IISU-01,ATE-STATION-01,CHAMBER-01,1.0,125.0,3.3,168,IDDQ,ELECTRICAL,uA,1.9885,1532.4156,1532.5139,1532.6532,1530.4271,-0.0205,-0.0397,35.78,35.67,1.9885,1532.4156,1532.5139,1532.6532,1530.4271,75.0,False,NOMINAL,HEALTHY,-34.5,11.28
MIX_LOT01_COMP0339,LOT_01,MIXED_SIGNAL_IC,CQFP-64,MIX-SIH-2026,THERMAL_BURN_IN,T01_0339,PROC-ISRO-IISU-01,ATE-STATION-01,CHAMBER-01,1.0,125.0,3.3,168,IDDQ,ELECTRICAL,uA,2.2657,1738.4964,1738.653,1738.713,1736.2307,-0.0057,0.0188,34.12,34.64,2.2657,1738.4964,1738.653,1738.713,1736.2307,75.0,False,NOMINAL,HEALTHY,49.62,-14.98
MIX_LOT01_COMP0340,LOT_01,MIXED_SIGNAL_IC,CQFP-64,MIX-SIH-2026,THERMAL_BURN_IN,T01_0340,PROC-ISRO-IISU-01,ATE-STATION-01,CHAMBER-01,1.0,125.0,3.3,168,IDDQ,ELECTRICAL,uA,2.0564,1599.2652,1599.4051,1599.4746,1597.2088,0.0171,0.0028,35.43,36.21,2.0564,1599.2652,1599.4051,1599.4746,1597.2088,75.0,False,NOMINAL,HEALTHY,-17.33,45.19
MIX_LOT01_COMP0341,LOT_01,MIXED_SIGNAL_IC,CQFP-64,MIX-SIH-2026,THERMAL_BURN_IN,T01_0341,PROC-ISRO-IISU-01,ATE-STATION-01,CHAMBER-01,1.0,125.0,3.3,168,IDDQ,ELECTRICAL,uA,2.1405,1654.8603,1654.9963,1655.0988,1652.7198,0.0291,0.0022,34.24,34.26,2.1405,1654.8603,1654.9963,1655.0988,1652.7198,75.0,False,NOMINAL,HEALTHY,7.97,-36.27
MIX_LOT01_COMP0342,LOT_01,MIXED_SIGNAL_IC,CQFP-64,MIX-SIH-2026,THERMAL_BURN_IN,T01_0342,PROC-ISRO-IISU-01,ATE-STATION-01,CHAMBER-01,1.0,125.0,3.3,168,IDDQ,ELECTRICAL,uA,2.4008,1857.8973,1858.0421,1858.1341,1855.4965,-0.0027,0.047,34.42,33.87,2.4008,1857.8973,1858.0421,1858.1341,1855.4965,75.0,False,NOMINAL,HEALTHY,-34.3,-38.66
MIX_LOT01_COMP0343,LOT_01,MIXED_SIGNAL_IC,CQFP-64,MIX-SIH-2026,THERMAL_BURN_IN,T01_0343,PROC-ISRO-IISU-01,ATE-STATION-01,CHAMBER-01,1.0,125.0,3.3,168,IDDQ,ELECTRICAL,uA,1.8377,1417.2128,1417.2886,1417.3182,1415.3751,-0.0385,-0.0385,35.33,36.37,1.8377,1417.2128,1417.2886,1417.3182,1415.3751,75.0,False,NOMINAL,HEALTHY,-35.31,-8.83
MIX_LOT01_COMP0344,LOT_01,MIXED_SIGNAL_IC,CQFP-64,MIX-SIH-2026,THERMAL_BURN_IN,T01_0344,PROC-ISRO-IISU-01,ATE-STATION-01,CHAMBER-01,1.0,125.0,3.3,168,IDDQ,ELECTRICAL,uA,2.4667,1891.6606,1891.8496,1891.8869,1889.1939,0.0181,0.0515,34.82,34.9,2.4667,1891.6606,1891.8496,1891.8869,1889.1939,75.0,False,NOMINAL,HEALTHY,-3.11,-12.71
MIX_LOT01_COMP0345,LOT_01,MIXED_SIGNAL_IC,CQFP-64,MIX-SIH-2026,THERMAL_BURN_IN,T01_0345,PROC-ISRO-IISU-01,ATE-STATION-01,CHAMBER-01,1.0,125.0,3.3,168,IDDQ,ELECTRICAL,uA,1.9781,1558.3103,1558.4915,1558.5887,1556.3322,-0.0096,-0.0519,34.74,34.66,1.9781,1558.3103,1558.4915,1558.5887,1556.3322,75.0,False,NOMINAL,HEALTHY,-37.89,21.49
MIX_LOT01_COMP0346,LOT_01,MIXED_SIGNAL_IC,CQFP-64,MIX-SIH-2026,THERMAL_BURN_IN,T01_0346,PROC-ISRO-IISU-01,ATE-STATION-01,CHAMBER-01,1.0,125.0,3.3,168,IDDQ,ELECTRICAL,uA,1.7707,1355.786,1355.9222,1355.9341,1354.0153,-0.0148,-0.1038,35.57,35.55,1.7707,1355.786,1355.9222,1355.9341,1354.0153,75.0,False,NOMINAL,HEALTHY,-28.03,-2.87
MIX_LOT01_COMP0347,LOT_01,MIXED_SIGNAL_IC,CQFP-64,MIX-SIH-2026,THERMAL_BURN_IN,T01_0347,PROC-ISRO-IISU-01,ATE-STATION-01,CHAMBER-01,1.0,125.0,3.3,168,IDDQ,ELECTRICAL,uA,1.857,1427.4942,1427.573,1427.7071,1425.6372,-0.0183,-0.0171,33.85,33.72,1.857,1427.4942,1427.573,1427.7071,1425.6372,75.0,False,NOMINAL,HEALTHY,-20.16,-19.14
MIX_LOT01_COMP0348,LOT_01,MIXED_SIGNAL_IC,CQFP-64,MIX-SIH-2026,THERMAL_BURN_IN,T01_0348,PROC-ISRO-IISU-01,ATE-STATION-01,CHAMBER-01,1.0,125.0,3.3,168,IDDQ,ELECTRICAL,uA,1.936,1485.3943,1485.4967,1485.5963,1483.4583,-0.013,-0.0871,36.05,35.75,1.936,1485.3943,1485.4967,1485.5963,1483.4583,75.0,False,NOMINAL,HEALTHY,14.51,42.06
MIX_LOT01_COMP0349,LOT_01,MIXED_SIGNAL_IC,CQFP-64,MIX-SIH-2026,THERMAL_BURN_IN,T01_0349,PROC-ISRO-IISU-01,ATE-STATION-01,CHAMBER-01,1.0,125.0,3.3,168,IDDQ,ELECTRICAL,uA,1.682,1298.9273,1299.0602,1299.1213,1297.2453,-0.0323,-0.0334,35.07,35.25,1.682,1298.9273,1299.0602,1299.1213,1297.2453,75.0,False,NOMINAL,HEALTHY,38.43,-18.82
MIX_LOT01_COMP0350,LOT_01,MIXED_SIGNAL_IC,CQFP-64,MIX-SIH-2026,THERMAL_BURN_IN,T01_0350,PROC-ISRO-IISU-01,ATE-STATION-01,CHAMBER-01,1.0,125.0,3.3,168,IDDQ,ELECTRICAL,uA,1.6988,1319.8145,1319.9154,1320.0086,1318.1157,-0.0166,-0.0547,34.45,33.5,1.6988,1319.8145,1319.9154,1320.0086,1318.1157,75.0,False,NOMINAL,HEALTHY,-3.79,-22.16
MIX_LOT01_COMP0351,LOT_01,MIXED_SIGNAL_IC,CQFP-64,MIX-SIH-2026,THERMAL_BURN_IN,T01_0351,PROC-ISRO-IISU-01,ATE-STATION-01,CHAMBER-01,1.0,125.0,3.3,168,IDDQ,ELECTRICAL,uA,1.9844,1520.1591,1520.3065,1520.3095,1518.1747,-0.0123,0.1379,36.83,37.22,1.9844,1520.1591,1520.3065,1520.3095,1518.1747,75.0,False,NOMINAL,HEALTHY,22.45,4.02
MIX_LOT01_COMP0352,LOT_01,MIXED_SIGNAL_IC,CQFP-64,MIX-SIH-2026,THERMAL_BURN_IN,T01_0352,PROC-ISRO-IISU-01,ATE-STATION-01,CHAMBER-01,1.0,125.0,3.3,168,IDDQ,ELECTRICAL,uA,2.3088,1770.4581,1770.6072,1770.638,1768.1493,-0.0049,-0.0227,35.53,36.25,2.3088,1770.4581,1770.6072,1770.638,1768.1493,75.0,False,NOMINAL,HEALTHY,42.31,26.77
MIX_LOT01_COMP0353,LOT_01,MIXED_SIGNAL_IC,CQFP-64,MIX-SIH-2026,THERMAL_BURN_IN,T01_0353,PROC-ISRO-IISU-01,ATE-STATION-01,CHAMBER-01,1.0,125.0,3.3,168,IDDQ,ELECTRICAL,uA,2.1985,1682.0673,1682.1908,1682.2922,1679.8688,0.0084,-0.0129,36.39,36.65,2.1985,1682.0673,1682.1908,1682.2922,1679.8688,75.0,False,NOMINAL,HEALTHY,-38.65,6.27
MIX_LOT01_COMP0354,LOT_01,MIXED_SIGNAL_IC,CQFP-64,MIX-SIH-2026,THERMAL_BURN_IN,T01_0354,PROC-ISRO-IISU-01,ATE-STATION-01,CHAMBER-01,1.0,125.0,3.3,168,IDDQ,ELECTRICAL,uA,1.9161,1483.0595,1483.1561,1483.25,1481.1434,-0.0068,-0.0029,34.78,34.58,1.9161,1483.0595,1483.1561,1483.25,1481.1434,75.0,False,NOMINAL,HEALTHY,-47.35,-14.74
MIX_LOT01_COMP0355,LOT_01,MIXED_SIGNAL_IC,CQFP-64,MIX-SIH-2026,THERMAL_BURN_IN,T01_0355,PROC-ISRO-IISU-01,ATE-STATION-01,CHAMBER-01,1.0,125.0,3.3,168,IDDQ,ELECTRICAL,uA,2.1607,1647.3346,1647.4593,1647.532,1645.1739,-0.0097,0.1227,37.11,37.28,2.1607,1647.3346,1647.4593,1647.532,1645.1739,75.0,False,NOMINAL,HEALTHY,-30.68,1.5
MIX_LOT01_COMP0356,LOT_01,MIXED_SIGNAL_IC,CQFP-64,MIX-SIH-2026,THERMAL_BURN_IN,T01_0356,PROC-ISRO-IISU-01,ATE-STATION-01,CHAMBER-01,1.0,125.0,3.3,168,IDDQ,ELECTRICAL,uA,2.0839,1610.3368,1610.4729,1610.5095,1608.2529,-0.0078,0.0095,34.66,35.07,2.0839,1610.3368,1610.4729,1610.5095,1608.2529,75.0,False,NOMINAL,HEALTHY,30.79,-14.57
MIX_LOT01_COMP0357,LOT_01,MIXED_SIGNAL_IC,CQFP-64,MIX-SIH-2026,THERMAL_BURN_IN,T01_0357,PROC-ISRO-IISU-01,ATE-STATION-01,CHAMBER-01,1.0,125.0,3.3,168,IDDQ,ELECTRICAL,uA,2.3647,1819.3282,1819.4573,1819.5745,1816.9635,-0.006,-0.0484,35.52,35.93,2.3647,1819.3282,1819.4573,1819.5745,1816.9635,75.0,False,NOMINAL,HEALTHY,-24.43,8.83
MIX_LOT01_COMP0358,LOT_01,MIXED_SIGNAL_IC,CQFP-64,MIX-SIH-2026,THERMAL_BURN_IN,T01_0358,PROC-ISRO-IISU-01,ATE-STATION-01,CHAMBER-01,1.0,125.0,3.3,168,IDDQ,ELECTRICAL,uA,2.2767,1742.4023,1742.4998,1742.5954,1740.1256,0.0112,0.0722,34.37,35.09,2.2767,1742.4023,1742.4998,1742.5954,1740.1256,75.0,False,NOMINAL,HEALTHY,-2.39,-33.05
MIX_LOT01_COMP0359,LOT_01,MIXED_SIGNAL_IC,CQFP-64,MIX-SIH-2026,THERMAL_BURN_IN,T01_0359,PROC-ISRO-IISU-01,ATE-STATION-01,CHAMBER-01,1.0,125.0,3.3,168,IDDQ,ELECTRICAL,uA,2.1179,1641.8732,1641.9923,1642.1193,1639.7553,0.0083,0.038,35.52,35.22,2.1179,1641.8732,1641.9923,1642.1193,1639.7553,75.0,False,NOMINAL,HEALTHY,-22.97,-11.52
MIX_LOT01_COMP0360,LOT_01,MIXED_SIGNAL_IC,CQFP-64,MIX-SIH-2026,THERMAL_BURN_IN,T01_0360,PROC-ISRO-IISU-01,ATE-STATION-01,CHAMBER-01,1.0,125.0,3.3,168,IDDQ,ELECTRICAL,uA,1.7646,1371.0121,1371.1419,1371.121,1369.2475,0.0382,0.0803,35.23,34.8,1.7646,1371.0121,1371.1419,1371.121,1369.2475,75.0,False,NOMINAL,HEALTHY,17.85,-24.62
MIX_LOT01_COMP0361,LOT_01,MIXED_SIGNAL_IC,CQFP-64,MIX-SIH-2026,THERMAL_BURN_IN,T01_0361,PROC-ISRO-IISU-01,ATE-STATION-01,CHAMBER-01,1.0,125.0,3.3,168,IDDQ,ELECTRICAL,uA,1.8955,1465.6556,1465.8009,1465.8939,1463.7601,-0.0474,-0.0761,34.85,34.21,1.8955,1465.6556,1465.8009,1465.8939,1463.7601,75.0,False,NOMINAL,HEALTHY,-36.72,45.13
MIX_LOT01_COMP0362,LOT_01,MIXED_SIGNAL_IC,CQFP-64,MIX-SIH-2026,THERMAL_BURN_IN,T01_0362,PROC-ISRO-IISU-01,ATE-STATION-01,CHAMBER-01,1.0,125.0,3.3,168,IDDQ,ELECTRICAL,uA,1.734,1346.7749,1346.8817,1346.9067,1345.0409,0.0044,0.0622,33.87,33.47,1.734,1346.7749,1346.8817,1346.9067,1345.0409,75.0,False,NOMINAL,HEALTHY,19.91,11.95
MIX_LOT01_COMP0363,LOT_01,MIXED_SIGNAL_IC,CQFP-64,MIX-SIH-2026,THERMAL_BURN_IN,T01_0363,PROC-ISRO-IISU-01,ATE-STATION-01,CHAMBER-01,1.0,125.0,3.3,168,IDDQ,ELECTRICAL,uA,1.7783,1375.6223,1375.6932,1375.7712,1373.844,-0.0123,0.0381,36.39,37.44,1.7783,1375.6223,1375.6932,1375.7712,1373.844,75.0,False,NOMINAL,HEALTHY,-33.82,22.03
MIX_LOT01_COMP0364,LOT_01,MIXED_SIGNAL_IC,CQFP-64,MIX-SIH-2026,THERMAL_BURN_IN,T01_0364,PROC-ISRO-IISU-01,ATE-STATION-01,CHAMBER-01,1.0,125.0,3.3,168,IDDQ,ELECTRICAL,uA,2.424,1863.8221,1864.0108,1864.0654,1861.3981,0.005,0.0377,35.0,34.94,2.424,1863.8221,1864.0108,1864.0654,1861.3981,75.0,False,NOMINAL,HEALTHY,13.16,-35.97
MIX_LOT01_COMP0365,LOT_01,MIXED_SIGNAL_IC,CQFP-64,MIX-SIH-2026,THERMAL_BURN_IN,T01_0365,PROC-ISRO-IISU-01,ATE-STATION-01,CHAMBER-01,1.0,125.0,3.3,168,IDDQ,ELECTRICAL,uA,1.493,1164.1196,1164.1573,1164.2315,1162.6266,0.0384,0.057,34.2,33.97,1.493,1164.1196,1164.1573,1164.2315,1162.6266,75.0,False,NOMINAL,HEALTHY,7.46,-12.46
MIX_LOT01_COMP0366,LOT_01,MIXED_SIGNAL_IC,CQFP-64,MIX-SIH-2026,THERMAL_BURN_IN,T01_0366,PROC-ISRO-IISU-01,ATE-STATION-01,CHAMBER-01,1.0,125.0,3.3,168,IDDQ,ELECTRICAL,uA,1.7953,1360.2035,1360.3109,1360.3434,1358.4082,-0.055,-0.0199,32.97,32.77,1.7953,1360.2035,1360.3109,1360.3434,1358.4082,75.0,False,NOMINAL,HEALTHY,-16.91,16.57
MIX_LOT01_COMP0367,LOT_01,MIXED_SIGNAL_IC,CQFP-64,MIX-SIH-2026,THERMAL_BURN_IN,T01_0367,PROC-ISRO-IISU-01,ATE-STATION-01,CHAMBER-01,1.0,125.0,3.3,168,IDDQ,ELECTRICAL,uA,2.3118,1778.3909,1778.5351,1778.6227,1776.0791,-0.0024,-0.0414,35.43,35.42,2.3118,1778.3909,1778.5351,1778.6227,1776.0791,75.0,False,NOMINAL,HEALTHY,23.36,37.19
MIX_LOT01_COMP0368,LOT_01,MIXED_SIGNAL_IC,CQFP-64,MIX-SIH-2026,THERMAL_BURN_IN,T01_0368,PROC-ISRO-IISU-01,ATE-STATION-01,CHAMBER-01,1.0,125.0,3.3,168,IDDQ,ELECTRICAL,uA,2.0245,1552.1559,1552.2735,1552.3718,1550.1314,0.0008,-0.0454,34.72,36.05,2.0245,1552.1559,1552.2735,1552.3718,1550.1314,75.0,False,NOMINAL,HEALTHY,-16.38,-27.09
MIX_LOT01_COMP0369,LOT_01,MIXED_SIGNAL_IC,CQFP-64,MIX-SIH-2026,THERMAL_BURN_IN,T01_0369,PROC-ISRO-IISU-01,ATE-STATION-01,CHAMBER-01,1.0,125.0,3.3,168,IDDQ,ELECTRICAL,uA,1.7608,1346.0081,1346.1299,1346.2224,1344.2473,-0.0284,0.0206,34.73,35.28,1.7608,1346.0081,1346.1299,1346.2224,1344.2473,75.0,False,NOMINAL,HEALTHY,48.58,-23.92
MIX_LOT01_COMP0370,LOT_01,MIXED_SIGNAL_IC,CQFP-64,MIX-SIH-2026,THERMAL_BURN_IN,T01_0370,PROC-ISRO-IISU-01,ATE-STATION-01,CHAMBER-01,1.0,125.0,3.3,168,IDDQ,ELECTRICAL,uA,1.8338,1424.8648,1424.9733,1425.0759,1423.031,-0.014,0.003,33.81,33.88,1.8338,1424.8648,1424.9733,1425.0759,1423.031,75.0,False,NOMINAL,HEALTHY,-0.95,22.85
MIX_LOT01_COMP0371,LOT_01,MIXED_SIGNAL_IC,CQFP-64,MIX-SIH-2026,THERMAL_BURN_IN,T01_0371,PROC-ISRO-IISU-01,ATE-STATION-01,CHAMBER-01,1.0,125.0,3.3,168,IDDQ,ELECTRICAL,uA,2.1612,1658.9897,1659.1607,1659.2073,1656.8285,0.0036,0.0126,33.53,33.97,2.1612,1658.9897,1659.1607,1659.2073,1656.8285,75.0,False,NOMINAL,HEALTHY,34.44,-10.42
MIX_LOT01_COMP0372,LOT_01,MIXED_SIGNAL_IC,CQFP-64,MIX-SIH-2026,THERMAL_BURN_IN,T01_0372,PROC-ISRO-IISU-01,ATE-STATION-01,CHAMBER-01,1.0,125.0,3.3,168,IDDQ,ELECTRICAL,uA,2.5004,1931.3031,1931.3954,1931.5067,1928.8027,0.0175,-0.0182,35.2,35.36,2.5004,1931.3031,1931.3954,1931.5067,1928.8027,75.0,False,NOMINAL,HEALTHY,30.77,-41.14
MIX_LOT01_COMP0373,LOT_01,MIXED_SIGNAL_IC,CQFP-64,MIX-SIH-2026,THERMAL_BURN_IN,T01_0373,PROC-ISRO-IISU-01,ATE-STATION-01,CHAMBER-01,1.0,125.0,3.3,168,IDDQ,ELECTRICAL,uA,2.158,1665.5029,1665.6544,1665.7272,1663.3449,-0.0042,0.0347,34.91,34.53,2.158,1665.5029,1665.6544,1665.7272,1663.3449,75.0,False,NOMINAL,HEALTHY,-0.49,34.06
MIX_LOT01_COMP0374,LOT_01,MIXED_SIGNAL_IC,CQFP-64,MIX-SIH-2026,THERMAL_BURN_IN,T01_0374,PROC-ISRO-IISU-01,ATE-STATION-01,CHAMBER-01,1.0,125.0,3.3,168,IDDQ,ELECTRICAL,uA,1.8339,1408.9504,1409.0791,1409.1067,1407.1165,-0.0143,-0.051,33.15,33.65,1.8339,1408.9504,1409.0791,1409.1067,1407.1165,75.0,False,NOMINAL,HEALTHY,-33.56,-19.02
MIX_LOT01_COMP0375,LOT_01,MIXED_SIGNAL_IC,CQFP-64,MIX-SIH-2026,THERMAL_BURN_IN,T01_0375,PROC-ISRO-IISU-01,ATE-STATION-01,CHAMBER-01,1.0,125.0,3.3,168,IDDQ,ELECTRICAL,uA,2.3651,1840.7051,1840.8537,1840.9359,1838.34,0.0451,0.0499,35.99,35.72,2.3651,1840.7051,1840.8537,1840.9359,1838.34,75.0,False,NOMINAL,HEALTHY,34.74,1.28
MIX_LOT01_COMP0376,LOT_01,MIXED_SIGNAL_IC,CQFP-64,MIX-SIH-2026,THERMAL_BURN_IN,T01_0376,PROC-ISRO-IISU-01,ATE-STATION-01,CHAMBER-01,1.0,125.0,3.3,168,IDDQ,ELECTRICAL,uA,2.16,1663.4285,1663.5631,1663.6698,1661.2685,0.019,0.0394,36.19,35.81,2.16,1663.4285,1663.5631,1663.6698,1661.2685,75.0,False,NOMINAL,HEALTHY,40.71,-39.16
MIX_LOT01_COMP0377,LOT_01,MIXED_SIGNAL_IC,CQFP-64,MIX-SIH-2026,THERMAL_BURN_IN,T01_0377,PROC-ISRO-IISU-01,ATE-STATION-01,CHAMBER-01,1.0,125.0,3.3,168,IDDQ,ELECTRICAL,uA,2.461,1907.7695,1907.8883,1908.014,1905.3085,0.0135,-0.0045,35.12,34.01,2.461,1907.7695,1907.8883,1908.014,1905.3085,75.0,False,NOMINAL,HEALTHY,-15.29,-36.68
MIX_LOT01_COMP0378,LOT_01,MIXED_SIGNAL_IC,CQFP-64,MIX-SIH-2026,THERMAL_BURN_IN,T01_0378,PROC-ISRO-IISU-01,ATE-STATION-01,CHAMBER-01,1.0,125.0,3.3,168,IDDQ,ELECTRICAL,uA,2.0601,1607.9829,1608.0324,1608.1613,1605.9228,0.0169,0.0549,36.67,36.74,2.0601,1607.9829,1608.0324,1608.1613,1605.9228,75.0,False,NOMINAL,HEALTHY,8.21,45.14
MIX_LOT01_COMP0379,LOT_01,MIXED_SIGNAL_IC,CQFP-64,MIX-SIH-2026,THERMAL_BURN_IN,T01_0379,PROC-ISRO-IISU-01,ATE-STATION-01,CHAMBER-01,1.0,125.0,3.3,168,IDDQ,ELECTRICAL,uA,2.2309,1736.9049,1736.996,1737.1513,1734.674,0.0044,0.0389,34.33,32.85,2.2309,1736.9049,1736.996,1737.1513,1734.674,75.0,False,NOMINAL,HEALTHY,-11.57,-39.64
MIX_LOT01_COMP0380,LOT_01,MIXED_SIGNAL_IC,CQFP-64,MIX-SIH-2026,THERMAL_BURN_IN,T01_0380,PROC-ISRO-IISU-01,ATE-STATION-01,CHAMBER-01,1.0,125.0,3.3,168,IDDQ,ELECTRICAL,uA,2.0743,1609.3136,1609.4566,1609.4571,1607.2393,0.0096,-0.0223,36.33,36.56,2.0743,1609.3136,1609.4566,1609.4571,1607.2393,75.0,False,NOMINAL,HEALTHY,29.06,-17.92
MIX_LOT01_COMP0381,LOT_01,MIXED_SIGNAL_IC,CQFP-64,MIX-SIH-2026,THERMAL_BURN_IN,T01_0381,PROC-ISRO-IISU-01,ATE-STATION-01,CHAMBER-01,1.0,125.0,3.3,168,IDDQ,ELECTRICAL,uA,2.2998,1777.5661,1777.7255,1777.8089,1775.2663,0.0316,0.0082,36.43,35.99,2.2998,1777.5661,1777.7255,1777.8089,1775.2663,75.0,False,NOMINAL,HEALTHY,-39.8,27.26
MIX_LOT01_COMP0382,LOT_01,MIXED_SIGNAL_IC,CQFP-64,MIX-SIH-2026,THERMAL_BURN_IN,T01_0382,PROC-ISRO-IISU-01,ATE-STATION-01,CHAMBER-01,1.0,125.0,3.3,168,IDDQ,ELECTRICAL,uA,2.1892,1689.3247,1689.5096,1689.541,1687.1355,-0.0166,-0.0479,36.62,36.58,2.1892,1689.3247,1689.5096,1689.541,1687.1355,75.0,False,NOMINAL,HEALTHY,28.74,46.47
MIX_LOT01_COMP0383,LOT_01,MIXED_SIGNAL_IC,CQFP-64,MIX-SIH-2026,THERMAL_BURN_IN,T01_0383,PROC-ISRO-IISU-01,ATE-STATION-01,CHAMBER-01,1.0,125.0,3.3,168,IDDQ,ELECTRICAL,uA,2.5638,1988.0848,1988.2533,1988.3313,1985.521,0.0061,0.0355,35.25,35.18,2.5638,1988.0848,1988.2533,1988.3313,1985.521,75.0,False,NOMINAL,HEALTHY,38.62,15.02
MIX_LOT01_COMP0384,LOT_01,MIXED_SIGNAL_IC,CQFP-64,MIX-SIH-2026,THERMAL_BURN_IN,T01_0384,PROC-ISRO-IISU-01,ATE-STATION-01,CHAMBER-01,1.0,125.0,3.3,168,IDDQ,ELECTRICAL,uA,2.212,1715.7465,1715.8979,1715.9779,1713.5345,-0.0058,-0.0013,36.45,36.05,2.212,1715.7465,1715.8979,1715.9779,1713.5345,75.0,False,NOMINAL,HEALTHY,40.68,-29.68
MIX_LOT01_COMP0385,LOT_01,MIXED_SIGNAL_IC,CQFP-64,MIX-SIH-2026,THERMAL_BURN_IN,T01_0385,PROC-ISRO-IISU-01,ATE-STATION-01,CHAMBER-01,1.0,125.0,3.3,168,IDDQ,ELECTRICAL,uA,1.7889,1397.0793,1397.2022,1397.2304,1395.2904,0.0073,0.0477,34.4,35.39,1.7889,1397.0793,1397.2022,1397.2304,1395.2904,75.0,False,NOMINAL,HEALTHY,-43.12,-12.73
MIX_LOT01_COMP0386,LOT_01,MIXED_SIGNAL_IC,CQFP-64,MIX-SIH-2026,THERMAL_BURN_IN,T01_0386,PROC-ISRO-IISU-01,ATE-STATION-01,CHAMBER-01,1.0,125.0,3.3,168,IDDQ,ELECTRICAL,uA,1.893,1428.4146,1428.5003,1428.6033,1426.5216,0.0158,0.1164,33.8,33.58,1.893,1428.4146,1428.5003,1428.6033,1426.5216,75.0,False,NOMINAL,HEALTHY,-29.96,10.5
MIX_LOT01_COMP0387,LOT_01,MIXED_SIGNAL_IC,CQFP-64,MIX-SIH-2026,THERMAL_BURN_IN,T01_0387,PROC-ISRO-IISU-01,ATE-STATION-01,CHAMBER-01,1.0,125.0,3.3,168,IDDQ,ELECTRICAL,uA,1.7478,1337.835,1337.9868,1338.0101,1336.0872,0.0102,0.0733,32.55,32.83,1.7478,1337.835,1337.9868,1338.0101,1336.0872,75.0,False,NOMINAL,HEALTHY,-4.79,-26.62
MIX_LOT01_COMP0388,LOT_01,MIXED_SIGNAL_IC,CQFP-64,MIX-SIH-2026,THERMAL_BURN_IN,T01_0388,PROC-ISRO-IISU-01,ATE-STATION-01,CHAMBER-01,1.0,125.0,3.3,168,IDDQ,ELECTRICAL,uA,1.5425,1204.0615,1204.1353,1204.2435,1202.519,0.0271,0.0051,34.56,35.01,1.5425,1204.0615,1204.1353,1204.2435,1202.519,75.0,False,NOMINAL,HEALTHY,-7.26,-15.36
MIX_LOT01_COMP0389,LOT_01,MIXED_SIGNAL_IC,CQFP-64,MIX-SIH-2026,THERMAL_BURN_IN,T01_0389,PROC-ISRO-IISU-01,ATE-STATION-01,CHAMBER-01,1.0,125.0,3.3,168,IDDQ,ELECTRICAL,uA,1.9439,1501.8385,1501.967,1502.026,1499.8946,-0.0088,0.0205,35.62,35.42,1.9439,1501.8385,1501.967,1502.026,1499.8946,75.0,False,NOMINAL,HEALTHY,43.02,15.7
MIX_LOT01_COMP0390,LOT_01,MIXED_SIGNAL_IC,CQFP-64,MIX-SIH-2026,THERMAL_BURN_IN,T01_0390,PROC-ISRO-IISU-01,ATE-STATION-01,CHAMBER-01,1.0,125.0,3.3,168,IDDQ,ELECTRICAL,uA,2.2707,1754.4249,1754.531,1754.6872,1752.1542,0.0113,0.0185,37.61,37.01,2.2707,1754.4249,1754.531,1754.6872,1752.1542,75.0,False,NOMINAL,HEALTHY,-23.36,-5.86
MIX_LOT01_COMP0391,LOT_01,MIXED_SIGNAL_IC,CQFP-64,MIX-SIH-2026,THERMAL_BURN_IN,T01_0391,PROC-ISRO-IISU-01,ATE-STATION-01,CHAMBER-01,1.0,125.0,3.3,168,IDDQ,ELECTRICAL,uA,2.0517,1588.6088,1588.7084,1588.8034,1586.5571,-0.0221,-0.0142,35.46,35.01,2.0517,1588.6088,1588.7084,1588.8034,1586.5571,75.0,False,NOMINAL,HEALTHY,15.91,29.75
MIX_LOT01_COMP0392,LOT_01,MIXED_SIGNAL_IC,CQFP-64,MIX-SIH-2026,THERMAL_BURN_IN,T01_0392,PROC-ISRO-IISU-01,ATE-STATION-01,CHAMBER-01,1.0,125.0,3.3,168,IDDQ,ELECTRICAL,uA,1.7674,1369.1265,1369.262,1369.3036,1367.3591,-0.0064,-0.0409,35.13,35.11,1.7674,1369.1265,1369.262,1369.3036,1367.3591,75.0,False,NOMINAL,HEALTHY,30.92,-0.96
MIX_LOT01_COMP0393,LOT_01,MIXED_SIGNAL_IC,CQFP-64,MIX-SIH-2026,THERMAL_BURN_IN,T01_0393,PROC-ISRO-IISU-01,ATE-STATION-01,CHAMBER-01,1.0,125.0,3.3,168,IDDQ,ELECTRICAL,uA,2.3062,1769.8188,1769.9294,1770.0562,1767.5126,-0.0053,0.0587,33.2,33.68,2.3062,1769.8188,1769.9294,1770.0562,1767.5126,75.0,False,NOMINAL,HEALTHY,19.07,3.04
MIX_LOT01_COMP0394,LOT_01,MIXED_SIGNAL_IC,CQFP-64,MIX-SIH-2026,THERMAL_BURN_IN,T01_0394,PROC-ISRO-IISU-01,ATE-STATION-01,CHAMBER-01,1.0,125.0,3.3,168,IDDQ,ELECTRICAL,uA,2.121,1639.9352,1640.0242,1640.1408,1637.8142,0.0274,0.0058,36.32,36.85,2.121,1639.9352,1640.0242,1640.1408,1637.8142,75.0,False,NOMINAL,HEALTHY,44.54,-34.12
MIX_LOT01_COMP0395,LOT_01,MIXED_SIGNAL_IC,CQFP-64,MIX-SIH-2026,THERMAL_BURN_IN,T01_0395,PROC-ISRO-IISU-01,ATE-STATION-01,CHAMBER-01,1.0,125.0,3.3,168,IDDQ,ELECTRICAL,uA,1.9441,1484.1421,1484.2702,1484.377,1482.198,-0.0189,-0.0117,35.11,35.63,1.9441,1484.1421,1484.2702,1484.377,1482.198,75.0,False,NOMINAL,HEALTHY,-13.78,11.51
MIX_LOT01_COMP0396,LOT_01,MIXED_SIGNAL_IC,CQFP-64,MIX-SIH-2026,THERMAL_BURN_IN,T01_0396,PROC-ISRO-IISU-01,ATE-STATION-01,CHAMBER-01,1.0,125.0,3.3,168,IDDQ,ELECTRICAL,uA,1.9092,1468.3179,1468.4225,1468.5186,1466.4087,-0.0136,-0.1013,35.38,36.42,1.9092,1468.3179,1468.4225,1468.5186,1466.4087,75.0,False,NOMINAL,HEALTHY,-6.85,-16.11
MIX_LOT01_COMP0397,LOT_01,MIXED_SIGNAL_IC,CQFP-64,MIX-SIH-2026,THERMAL_BURN_IN,T01_0397,PROC-ISRO-IISU-01,ATE-STATION-01,CHAMBER-01,1.0,125.0,3.3,168,IDDQ,ELECTRICAL,uA,2.1548,1661.9428,1662.0321,1662.1343,1659.788,-0.0088,-0.0536,36.53,36.05,2.1548,1661.9428,1662.0321,1662.1343,1659.788,75.0,False,NOMINAL,HEALTHY,38.35,4.89
MIX_LOT01_COMP0398,LOT_01,MIXED_SIGNAL_IC,CQFP-64,MIX-SIH-2026,THERMAL_BURN_IN,T01_0398,PROC-ISRO-IISU-01,ATE-STATION-01,CHAMBER-01,1.0,125.0,3.3,168,IDDQ,ELECTRICAL,uA,2.2914,1766.8364,1766.9752,1767.0688,1764.545,0.0297,-0.0269,33.31,33.5,2.2914,1766.8364,1766.9752,1767.0688,1764.545,75.0,False,NOMINAL,HEALTHY,-8.94,33.23
MIX_LOT01_COMP0399,LOT_01,MIXED_SIGNAL_IC,CQFP-64,MIX-SIH-2026,THERMAL_BURN_IN,T01_0399,PROC-ISRO-IISU-01,ATE-STATION-01,CHAMBER-01,1.0,125.0,3.3,168,IDDQ,ELECTRICAL,uA,2.3822,1841.8675,1850.5691,2000.4671,1839.4853,0.0162,0.0224,35.15,35.17,2.3822,1841.8675,1850.5691,2000.4671,1839.4853,75.0,True,THERMAL_RUNAWAY,HEALTHY,-31.71,-45.63
MIX_LOT01_COMP0400,LOT_01,MIXED_SIGNAL_IC,CQFP-64,MIX-SIH-2026,THERMAL_BURN_IN,T01_0400,PROC-ISRO-IISU-01,ATE-STATION-01,CHAMBER-01,1.0,125.0,3.3,168,IDDQ,ELECTRICAL,uA,2.2627,1742.4825,1742.6401,1742.7102,1740.2198,-0.0078,-0.0301,35.53,35.11,2.2627,1742.4825,1742.6401,1742.7102,1740.2198,75.0,False,NOMINAL,HEALTHY,-9.86,40.12
MIX_LOT01_COMP0401,LOT_01,MIXED_SIGNAL_IC,CQFP-64,MIX-SIH-2026,THERMAL_BURN_IN,T01_0401,PROC-ISRO-IISU-01,ATE-STATION-01,CHAMBER-01,1.0,125.0,3.3,168,IDDQ,ELECTRICAL,uA,2.0969,1630.5412,1630.6932,1630.7963,1628.4443,0.0305,0.0147,37.86,39.09,2.0969,1630.5412,1630.6932,1630.7963,1628.4443,75.0,False,NOMINAL,HEALTHY,-14.14,20.01
MIX_LOT01_COMP0402,LOT_01,MIXED_SIGNAL_IC,CQFP-64,MIX-SIH-2026,THERMAL_BURN_IN,T01_0402,PROC-ISRO-IISU-01,ATE-STATION-01,CHAMBER-01,1.0,125.0,3.3,168,IDDQ,ELECTRICAL,uA,2.6772,2070.4899,2070.6582,2070.7115,2067.8127,0.0319,-0.0116,34.61,34.55,2.6772,2070.4899,2070.6582,2070.7115,2067.8127,75.0,False,NOMINAL,HEALTHY,7.71,-5.99
MIX_LOT01_COMP0403,LOT_01,MIXED_SIGNAL_IC,CQFP-64,MIX-SIH-2026,THERMAL_BURN_IN,T01_0403,PROC-ISRO-IISU-01,ATE-STATION-01,CHAMBER-01,1.0,125.0,3.3,168,IDDQ,ELECTRICAL,uA,2.0129,1561.346,1561.4484,1561.5862,1559.3331,-0.001,-0.0835,35.66,35.56,2.0129,1561.346,1561.4484,1561.5862,1559.3331,75.0,False,NOMINAL,HEALTHY,47.15,27.49
MIX_LOT01_COMP0404,LOT_01,MIXED_SIGNAL_IC,CQFP-64,MIX-SIH-2026,THERMAL_BURN_IN,T01_0404,PROC-ISRO-IISU-01,ATE-STATION-01,CHAMBER-01,1.0,125.0,3.3,168,IDDQ,ELECTRICAL,uA,2.3572,1805.7394,1805.9441,1806.0086,1803.3822,0.0053,0.0065,37.51,38.44,2.3572,1805.7394,1805.9441,1806.0086,1803.3822,75.0,False,NOMINAL,HEALTHY,-41.92,23.16
MIX_LOT01_COMP0405,LOT_01,MIXED_SIGNAL_IC,CQFP-64,MIX-SIH-2026,THERMAL_BURN_IN,T01_0405,PROC-ISRO-IISU-01,ATE-STATION-01,CHAMBER-01,1.0,125.0,3.3,168,IDDQ,ELECTRICAL,uA,1.9055,1472.1523,1480.7079,1630.6291,1470.2468,0.0345,0.032,33.86,33.92,1.9055,1472.1523,1480.7079,1630.6291,1470.2468,75.0,True,THERMAL_RUNAWAY,HEALTHY,44.68,26.83
MIX_LOT01_COMP0406,LOT_01,MIXED_SIGNAL_IC,CQFP-64,MIX-SIH-2026,THERMAL_BURN_IN,T01_0406,PROC-ISRO-IISU-01,ATE-STATION-01,CHAMBER-01,1.0,125.0,3.3,168,IDDQ,ELECTRICAL,uA,2.5015,1931.186,1931.3094,1931.4768,1928.6845,0.0247,-0.0211,32.42,32.67,2.5015,1931.186,1931.3094,1931.4768,1928.6845,75.0,False,NOMINAL,HEALTHY,-26.45,33.37
MIX_LOT01_COMP0407,LOT_01,MIXED_SIGNAL_IC,CQFP-64,MIX-SIH-2026,THERMAL_BURN_IN,T01_0407,PROC-ISRO-IISU-01,ATE-STATION-01,CHAMBER-01,1.0,125.0,3.3,168,IDDQ,ELECTRICAL,uA,2.089,1597.35,1597.4606,1597.5337,1595.261,0.0068,0.0519,35.62,35.89,2.089,1597.35,1597.4606,1597.5337,1595.261,75.0,False,NOMINAL,HEALTHY,24.63,-11.72
MIX_LOT01_COMP0408,LOT_01,MIXED_SIGNAL_IC,CQFP-64,MIX-SIH-2026,THERMAL_BURN_IN,T01_0408,PROC-ISRO-IISU-01,ATE-STATION-01,CHAMBER-01,1.0,125.0,3.3,168,IDDQ,ELECTRICAL,uA,1.5607,1205.4171,1205.4592,1205.5994,1203.8564,-0.0052,0.0303,33.22,33.67,1.5607,1205.4171,1205.4592,1205.5994,1203.8564,75.0,False,NOMINAL,HEALTHY,18.74,-26.23
MIX_LOT01_COMP0409,LOT_01,MIXED_SIGNAL_IC,CQFP-64,MIX-SIH-2026,THERMAL_BURN_IN,T01_0409,PROC-ISRO-IISU-01,ATE-STATION-01,CHAMBER-01,1.0,125.0,3.3,168,IDDQ,ELECTRICAL,uA,1.8108,1404.6372,1404.8121,1404.846,1402.8264,-0.0077,-0.0496,34.91,34.57,1.8108,1404.6372,1404.8121,1404.846,1402.8264,75.0,False,NOMINAL,HEALTHY,43.72,12.48
MIX_LOT01_COMP0410,LOT_01,MIXED_SIGNAL_IC,CQFP-64,MIX-SIH-2026,THERMAL_BURN_IN,T01_0410,PROC-ISRO-IISU-01,ATE-STATION-01,CHAMBER-01,1.0,125.0,3.3,168,IDDQ,ELECTRICAL,uA,2.1097,1625.1271,1625.2193,1625.3125,1623.0174,-0.0082,0.0033,32.73,32.5,2.1097,1625.1271,1625.2193,1625.3125,1623.0174,75.0,False,NOMINAL,HEALTHY,29.31,-2.47
MIX_LOT01_COMP0411,LOT_01,MIXED_SIGNAL_IC,CQFP-64,MIX-SIH-2026,THERMAL_BURN_IN,T01_0411,PROC-ISRO-IISU-01,ATE-STATION-01,CHAMBER-01,1.0,125.0,3.3,168,IDDQ,ELECTRICAL,uA,2.2863,1768.5116,1768.671,1768.7264,1766.2253,-0.0022,0.0245,34.18,33.45,2.2863,1768.5116,1768.671,1768.7264,1766.2253,75.0,False,NOMINAL,HEALTHY,-3.06,-28.21
MIX_LOT01_COMP0412,LOT_01,MIXED_SIGNAL_IC,CQFP-64,MIX-SIH-2026,THERMAL_BURN_IN,T01_0412,PROC-ISRO-IISU-01,ATE-STATION-01,CHAMBER-01,1.0,125.0,3.3,168,IDDQ,ELECTRICAL,uA,2.213,1715.2822,1715.41,1715.4977,1713.0692,0.0259,0.0385,35.1,34.87,2.213,1715.2822,1715.41,1715.4977,1713.0692,75.0,False,NOMINAL,HEALTHY,-16.03,10.72
MIX_LOT01_COMP0413,LOT_01,MIXED_SIGNAL_IC,CQFP-64,MIX-SIH-2026,THERMAL_BURN_IN,T01_0413,PROC-ISRO-IISU-01,ATE-STATION-01,CHAMBER-01,1.0,125.0,3.3,168,IDDQ,ELECTRICAL,uA,2.635,2031.3417,2031.4938,2031.6565,2028.7067,-0.0005,-0.0574,34.66,34.22,2.635,2031.3417,2031.4938,2031.6565,2028.7067,75.0,True,DIELECTRIC_OSCILLATION,HEALTHY,-29.38,-42.64
MIX_LOT01_COMP0414,LOT_01,MIXED_SIGNAL_IC,CQFP-64,MIX-SIH-2026,THERMAL_BURN_IN,T01_0414,PROC-ISRO-IISU-01,ATE-STATION-01,CHAMBER-01,1.0,125.0,3.3,168,IDDQ,ELECTRICAL,uA,2.1857,1687.119,1687.3194,1687.3423,1684.9333,-0.0118,0.0924,35.12,34.89,2.1857,1687.119,1687.3194,1687.3423,1684.9333,75.0,False,NOMINAL,HEALTHY,-6.55,11.27
MIX_LOT01_COMP0415,LOT_01,MIXED_SIGNAL_IC,CQFP-64,MIX-SIH-2026,THERMAL_BURN_IN,T01_0415,PROC-ISRO-IISU-01,ATE-STATION-01,CHAMBER-01,1.0,125.0,3.3,168,IDDQ,ELECTRICAL,uA,2.1242,1634.1527,1634.2798,1634.337,1632.0285,-0.0243,-0.0068,36.35,36.05,2.1242,1634.1527,1634.2798,1634.337,1632.0285,75.0,False,NOMINAL,HEALTHY,-2.45,37.08
MIX_LOT01_COMP0416,LOT_01,MIXED_SIGNAL_IC,CQFP-64,MIX-SIH-2026,THERMAL_BURN_IN,T01_0416,PROC-ISRO-IISU-01,ATE-STATION-01,CHAMBER-01,1.0,125.0,3.3,168,IDDQ,ELECTRICAL,uA,2.0374,1597.3058,1597.4123,1597.4622,1595.2684,-0.0164,-0.0072,34.0,34.37,2.0374,1597.3058,1597.4123,1597.4622,1595.2684,75.0,False,NOMINAL,HEALTHY,-12.45,14.18
MIX_LOT01_COMP0417,LOT_01,MIXED_SIGNAL_IC,CQFP-64,MIX-SIH-2026,THERMAL_BURN_IN,T01_0417,PROC-ISRO-IISU-01,ATE-STATION-01,CHAMBER-01,1.0,125.0,3.3,168,IDDQ,ELECTRICAL,uA,9.6114,7416.0011,7416.453,7416.6397,7406.3897,-0.0154,0.0014,35.87,36.11,9.6114,7416.0011,7416.453,7416.6397,7406.3897,75.0,True,SPATIAL_OUTLIER,HEALTHY,-4.33,5.2
MIX_LOT01_COMP0418,LOT_01,MIXED_SIGNAL_IC,CQFP-64,MIX-SIH-2026,THERMAL_BURN_IN,T01_0418,PROC-ISRO-IISU-01,ATE-STATION-01,CHAMBER-01,1.0,125.0,3.3,168,IDDQ,ELECTRICAL,uA,2.1418,1650.4373,1650.4985,1650.6578,1648.2955,0.0081,-0.0114,34.89,35.21,2.1418,1650.4373,1650.4985,1650.6578,1648.2955,75.0,False,NOMINAL,HEALTHY,16.75,-12.81
MIX_LOT01_COMP0419,LOT_01,MIXED_SIGNAL_IC,CQFP-64,MIX-SIH-2026,THERMAL_BURN_IN,T01_0419,PROC-ISRO-IISU-01,ATE-STATION-01,CHAMBER-01,1.0,125.0,3.3,168,IDDQ,ELECTRICAL,uA,1.9556,1486.0453,1486.1731,1486.2355,1484.0897,0.0093,0.0181,33.55,33.53,1.9556,1486.0453,1486.1731,1486.2355,1484.0897,75.0,False,NOMINAL,HEALTHY,-33.81,-41.54
MIX_LOT01_COMP0420,LOT_01,MIXED_SIGNAL_IC,CQFP-64,MIX-SIH-2026,THERMAL_BURN_IN,T01_0420,PROC-ISRO-IISU-01,ATE-STATION-01,CHAMBER-01,1.0,125.0,3.3,168,IDDQ,ELECTRICAL,uA,1.9169,1485.0761,1485.1128,1485.1957,1483.1592,-0.017,0.0563,34.78,35.19,1.9169,1485.0761,1485.1128,1485.1957,1483.1592,75.0,False,NOMINAL,HEALTHY,28.65,5.06
MIX_LOT01_COMP0421,LOT_01,MIXED_SIGNAL_IC,CQFP-64,MIX-SIH-2026,THERMAL_BURN_IN,T01_0421,PROC-ISRO-IISU-01,ATE-STATION-01,CHAMBER-01,1.0,125.0,3.3,168,IDDQ,ELECTRICAL,uA,2.0795,1603.0981,1603.2417,1603.3303,1601.0186,-0.0064,0.0351,34.43,34.6,2.0795,1603.0981,1603.2417,1603.3303,1601.0186,75.0,False,NOMINAL,HEALTHY,-24.99,-37.58
MIX_LOT01_COMP0422,LOT_01,MIXED_SIGNAL_IC,CQFP-64,MIX-SIH-2026,THERMAL_BURN_IN,T01_0422,PROC-ISRO-IISU-01,ATE-STATION-01,CHAMBER-01,1.0,125.0,3.3,168,IDDQ,ELECTRICAL,uA,2.0702,1607.2228,1607.3631,1607.3814,1605.1526,0.0103,0.0182,35.54,35.41,2.0702,1607.2228,1607.3631,1607.3814,1605.1526,75.0,False,NOMINAL,HEALTHY,3.32,3.18
MIX_LOT01_COMP0423,LOT_01,MIXED_SIGNAL_IC,CQFP-64,MIX-SIH-2026,THERMAL_BURN_IN,T01_0423,PROC-ISRO-IISU-01,ATE-STATION-01,CHAMBER-01,1.0,125.0,3.3,168,IDDQ,ELECTRICAL,uA,2.4117,1853.3043,1853.445,1853.5279,1850.8926,0.0184,0.03,35.59,35.63,2.4117,1853.3043,1853.445,1853.5279,1850.8926,75.0,False,NOMINAL,HEALTHY,46.05,10.46
MIX_LOT01_COMP0424,LOT_01,MIXED_SIGNAL_IC,CQFP-64,MIX-SIH-2026,THERMAL_BURN_IN,T01_0424,PROC-ISRO-IISU-01,ATE-STATION-01,CHAMBER-01,1.0,125.0,3.3,168,IDDQ,ELECTRICAL,uA,2.4864,1916.9474,1917.0981,1917.2277,1914.461,0.0072,0.068,35.2,35.63,2.4864,1916.9474,1917.0981,1917.2277,1914.461,75.0,False,NOMINAL,HEALTHY,-0.49,9.07
MIX_LOT01_COMP0425,LOT_01,MIXED_SIGNAL_IC,CQFP-64,MIX-SIH-2026,THERMAL_BURN_IN,T01_0425,PROC-ISRO-IISU-01,ATE-STATION-01,CHAMBER-01,1.0,125.0,3.3,168,IDDQ,ELECTRICAL,uA,1.8773,1428.7751,1428.9151,1428.8909,1426.8978,-0.0141,0.1085,35.76,34.82,1.8773,1428.7751,1428.9151,1428.8909,1426.8978,75.0,False,NOMINAL,HEALTHY,-15.99,46.14
MIX_LOT01_COMP0426,LOT_01,MIXED_SIGNAL_IC,CQFP-64,MIX-SIH-2026,THERMAL_BURN_IN,T01_0426,PROC-ISRO-IISU-01,ATE-STATION-01,CHAMBER-01,1.0,125.0,3.3,168,IDDQ,ELECTRICAL,uA,1.8823,1440.673,1440.7841,1440.8723,1438.7907,-0.0153,0.0295,36.01,36.54,1.8823,1440.673,1440.7841,1440.8723,1438.7907,75.0,False,NOMINAL,HEALTHY,-46.26,7.82
MIX_LOT01_COMP0427,LOT_01,MIXED_SIGNAL_IC,CQFP-64,MIX-SIH-2026,THERMAL_BURN_IN,T01_0427,PROC-ISRO-IISU-01,ATE-STATION-01,CHAMBER-01,1.0,125.0,3.3,168,IDDQ,ELECTRICAL,uA,2.1106,1629.7023,1629.8565,1629.9165,1627.5917,0.0375,0.0724,35.62,35.85,2.1106,1629.7023,1629.8565,1629.9165,1627.5917,75.0,False,NOMINAL,HEALTHY,31.8,-34.6
MIX_LOT01_COMP0428,LOT_01,MIXED_SIGNAL_IC,CQFP-64,MIX-SIH-2026,THERMAL_BURN_IN,T01_0428,PROC-ISRO-IISU-01,ATE-STATION-01,CHAMBER-01,1.0,125.0,3.3,168,IDDQ,ELECTRICAL,uA,2.0778,1607.6482,1607.7555,1607.8357,1605.5704,0.0107,-0.0666,35.34,35.22,2.0778,1607.6482,1607.7555,1607.8357,1605.5704,75.0,False,NOMINAL,HEALTHY,-34.51,-6.81
MIX_LOT01_COMP0429,LOT_01,MIXED_SIGNAL_IC,CQFP-64,MIX-SIH-2026,THERMAL_BURN_IN,T01_0429,PROC-ISRO-IISU-01,ATE-STATION-01,CHAMBER-01,1.0,125.0,3.3,168,IDDQ,ELECTRICAL,uA,1.7206,1327.2744,1327.3587,1327.4755,1325.5538,-0.0226,-0.0138,36.07,36.8,1.7206,1327.2744,1327.3587,1327.4755,1325.5538,75.0,False,NOMINAL,HEALTHY,38.15,-22.65
MIX_LOT01_COMP0430,LOT_01,MIXED_SIGNAL_IC,CQFP-64,MIX-SIH-2026,THERMAL_BURN_IN,T01_0430,PROC-ISRO-IISU-01,ATE-STATION-01,CHAMBER-01,1.0,125.0,3.3,168,IDDQ,ELECTRICAL,uA,1.9337,1494.5184,1494.6506,1494.6567,1492.5847,0.0008,-0.0488,33.48,33.56,1.9337,1494.5184,1494.6506,1494.6567,1492.5847,75.0,False,NOMINAL,HEALTHY,5.19,34.94
MIX_LOT01_COMP0431,LOT_01,MIXED_SIGNAL_IC,CQFP-64,MIX-SIH-2026,THERMAL_BURN_IN,T01_0431,PROC-ISRO-IISU-01,ATE-STATION-01,CHAMBER-01,1.0,125.0,3.3,168,IDDQ,ELECTRICAL,uA,2.0278,1550.8015,1550.9662,1551.0032,1548.7737,-0.0149,0.0327,34.18,33.88,2.0278,1550.8015,1550.9662,1551.0032,1548.7737,75.0,False,NOMINAL,HEALTHY,-6.13,-26.24
MIX_LOT01_COMP0432,LOT_01,MIXED_SIGNAL_IC,CQFP-64,MIX-SIH-2026,THERMAL_BURN_IN,T01_0432,PROC-ISRO-IISU-01,ATE-STATION-01,CHAMBER-01,1.0,125.0,3.3,168,IDDQ,ELECTRICAL,uA,2.0648,1632.6742,1632.8284,1632.8833,1630.6094,-0.002,-0.0251,35.68,35.61,2.0648,1632.6742,1632.8284,1632.8833,1630.6094,75.0,False,NOMINAL,HEALTHY,2.79,17.96
MIX_LOT01_COMP0433,LOT_01,MIXED_SIGNAL_IC,CQFP-64,MIX-SIH-2026,THERMAL_BURN_IN,T01_0433,PROC-ISRO-IISU-01,ATE-STATION-01,CHAMBER-01,1.0,125.0,3.3,168,IDDQ,ELECTRICAL,uA,2.298,1778.1152,1778.245,1778.299,1775.8172,-0.02,-0.0696,34.38,34.16,2.298,1778.1152,1778.245,1778.299,1775.8172,75.0,False,NOMINAL,HEALTHY,48.21,15.71
MIX_LOT01_COMP0434,LOT_01,MIXED_SIGNAL_IC,CQFP-64,MIX-SIH-2026,THERMAL_BURN_IN,T01_0434,PROC-ISRO-IISU-01,ATE-STATION-01,CHAMBER-01,1.0,125.0,3.3,168,IDDQ,ELECTRICAL,uA,2.4409,1876.0403,1876.1778,1876.3051,1873.5994,0.0207,0.0131,36.03,36.34,2.4409,1876.0403,1876.1778,1876.3051,1873.5994,75.0,False,NOMINAL,HEALTHY,11.53,11.69
MIX_LOT01_COMP0435,LOT_01,MIXED_SIGNAL_IC,CQFP-64,MIX-SIH-2026,THERMAL_BURN_IN,T01_0435,PROC-ISRO-IISU-01,ATE-STATION-01,CHAMBER-01,1.0,125.0,3.3,168,IDDQ,ELECTRICAL,uA,1.658,1297.5726,1297.6901,1297.8167,1295.9146,-0.0078,-0.0681,34.82,34.58,1.658,1297.5726,1297.6901,1297.8167,1295.9146,75.0,False,NOMINAL,HEALTHY,-27.31,16.55
MIX_LOT01_COMP0436,LOT_01,MIXED_SIGNAL_IC,CQFP-64,MIX-SIH-2026,THERMAL_BURN_IN,T01_0436,PROC-ISRO-IISU-01,ATE-STATION-01,CHAMBER-01,1.0,125.0,3.3,168,IDDQ,ELECTRICAL,uA,1.9353,1494.0817,1494.1593,1494.2238,1492.1464,0.0054,0.0221,34.99,36.06,1.9353,1494.0817,1494.1593,1494.2238,1492.1464,75.0,False,NOMINAL,HEALTHY,0.75,4.53
MIX_LOT01_COMP0437,LOT_01,MIXED_SIGNAL_IC,CQFP-64,MIX-SIH-2026,THERMAL_BURN_IN,T01_0437,PROC-ISRO-IISU-01,ATE-STATION-01,CHAMBER-01,1.0,125.0,3.3,168,IDDQ,ELECTRICAL,uA,2.4905,1921.3087,1921.4529,1921.5625,1918.8182,0.0214,0.0729,37.28,36.91,2.4905,1921.3087,1921.4529,1921.5625,1918.8182,75.0,False,NOMINAL,HEALTHY,27.74,-44.6
MIX_LOT01_COMP0438,LOT_01,MIXED_SIGNAL_IC,CQFP-64,MIX-SIH-2026,THERMAL_BURN_IN,T01_0438,PROC-ISRO-IISU-01,ATE-STATION-01,CHAMBER-01,1.0,125.0,3.3,168,IDDQ,ELECTRICAL,uA,2.2152,1711.3066,1711.4324,1711.4673,1709.0914,0.0071,-0.0235,35.21,35.47,2.2152,1711.3066,1711.4324,1711.4673,1709.0914,75.0,False,NOMINAL,HEALTHY,32.0,-32.27
MIX_LOT01_COMP0439,LOT_01,MIXED_SIGNAL_IC,CQFP-64,MIX-SIH-2026,THERMAL_BURN_IN,T01_0439,PROC-ISRO-IISU-01,ATE-STATION-01,CHAMBER-01,1.0,125.0,3.3,168,IDDQ,ELECTRICAL,uA,2.2447,1728.6162,1728.6859,1728.8344,1726.3715,-0.0183,-0.0564,36.54,36.74,2.2447,1728.6162,1728.6859,1728.8344,1726.3715,75.0,False,NOMINAL,HEALTHY,-34.92,49.73
MIX_LOT01_COMP0440,LOT_01,MIXED_SIGNAL_IC,CQFP-64,MIX-SIH-2026,THERMAL_BURN_IN,T01_0440,PROC-ISRO-IISU-01,ATE-STATION-01,CHAMBER-01,1.0,125.0,3.3,168,IDDQ,ELECTRICAL,uA,2.1243,1639.0151,1639.0998,1639.2033,1636.8908,-0.0101,-0.0666,36.5,36.57,2.1243,1639.0151,1639.0998,1639.2033,1636.8908,75.0,False,NOMINAL,HEALTHY,-21.33,-15.52
MIX_LOT01_COMP0441,LOT_01,MIXED_SIGNAL_IC,CQFP-64,MIX-SIH-2026,THERMAL_BURN_IN,T01_0441,PROC-ISRO-IISU-01,ATE-STATION-01,CHAMBER-01,1.0,125.0,3.3,168,IDDQ,ELECTRICAL,uA,1.9823,1559.8235,1559.8871,1560.0409,1557.8412,0.0088,0.0151,34.99,35.54,1.9823,1559.8235,1559.8871,1560.0409,1557.8412,75.0,False,NOMINAL,HEALTHY,-30.87,27.15
MIX_LOT01_COMP0442,LOT_01,MIXED_SIGNAL_IC,CQFP-64,MIX-SIH-2026,THERMAL_BURN_IN,T01_0442,PROC-ISRO-IISU-01,ATE-STATION-01,CHAMBER-01,1.0,125.0,3.3,168,IDDQ,ELECTRICAL,uA,2.3434,1796.5687,1796.7137,1796.7517,1794.2253,0.0095,0.0314,32.16,32.52,2.3434,1796.5687,1796.7137,1796.7517,1794.2253,75.0,False,NOMINAL,HEALTHY,-42.64,13.65
MIX_LOT01_COMP0443,LOT_01,MIXED_SIGNAL_IC,CQFP-64,MIX-SIH-2026,THERMAL_BURN_IN,T01_0443,PROC-ISRO-IISU-01,ATE-STATION-01,CHAMBER-01,1.0,125.0,3.3,168,IDDQ,ELECTRICAL,uA,1.8388,1404.9441,1405.0846,1405.2053,1403.1053,0.0085,0.015,33.6,33.84,1.8388,1404.9441,1405.0846,1405.2053,1403.1053,75.0,False,NOMINAL,HEALTHY,-26.67,34.28
MIX_LOT01_COMP0444,LOT_01,MIXED_SIGNAL_IC,CQFP-64,MIX-SIH-2026,THERMAL_BURN_IN,T01_0444,PROC-ISRO-IISU-01,ATE-STATION-01,CHAMBER-01,1.0,125.0,3.3,168,IDDQ,ELECTRICAL,uA,1.9904,1512.3441,1512.4613,1512.5444,1510.3537,0.0058,-0.0439,33.26,33.05,1.9904,1512.3441,1512.4613,1512.5444,1510.3537,75.0,False,NOMINAL,HEALTHY,-42.95,-39.81
MIX_LOT01_COMP0445,LOT_01,MIXED_SIGNAL_IC,CQFP-64,MIX-SIH-2026,THERMAL_BURN_IN,T01_0445,PROC-ISRO-IISU-01,ATE-STATION-01,CHAMBER-01,1.0,125.0,3.3,168,IDDQ,ELECTRICAL,uA,1.7765,1356.237,1356.3671,1356.3901,1354.4605,-0.0145,-0.0201,34.7,35.25,1.7765,1356.237,1356.3671,1356.3901,1354.4605,75.0,False,NOMINAL,HEALTHY,-26.33,4.07
MIX_LOT01_COMP0446,LOT_01,MIXED_SIGNAL_IC,CQFP-64,MIX-SIH-2026,THERMAL_BURN_IN,T01_0446,PROC-ISRO-IISU-01,ATE-STATION-01,CHAMBER-01,1.0,125.0,3.3,168,IDDQ,ELECTRICAL,uA,2.5899,1990.243,1990.4137,1990.4701,1987.6531,-0.0101,-0.0331,34.65,34.29,2.5899,1990.243,1990.4137,1990.4701,1987.6531,75.0,False,NOMINAL,HEALTHY,-4.22,46.65
MIX_LOT01_COMP0447,LOT_01,MIXED_SIGNAL_IC,CQFP-64,MIX-SIH-2026,THERMAL_BURN_IN,T01_0447,PROC-ISRO-IISU-01,ATE-STATION-01,CHAMBER-01,1.0,125.0,3.3,168,IDDQ,ELECTRICAL,uA,2.1438,1643.1706,1643.3206,1643.3593,1641.0268,-0.0092,-0.0454,32.95,33.47,2.1438,1643.1706,1643.3206,1643.3593,1641.0268,75.0,False,NOMINAL,HEALTHY,33.05,14.58
MIX_LOT01_COMP0448,LOT_01,MIXED_SIGNAL_IC,CQFP-64,MIX-SIH-2026,THERMAL_BURN_IN,T01_0448,PROC-ISRO-IISU-01,ATE-STATION-01,CHAMBER-01,1.0,125.0,3.3,168,IDDQ,ELECTRICAL,uA,2.0191,1558.0333,1558.1129,1558.1851,1556.0142,0.0189,0.0356,36.9,37.59,2.0191,1558.0333,1558.1129,1558.1851,1556.0142,75.0,False,NOMINAL,HEALTHY,-41.17,11.97
MIX_LOT01_COMP0449,LOT_01,MIXED_SIGNAL_IC,CQFP-64,MIX-SIH-2026,THERMAL_BURN_IN,T01_0449,PROC-ISRO-IISU-01,ATE-STATION-01,CHAMBER-01,1.0,125.0,3.3,168,IDDQ,ELECTRICAL,uA,2.2118,1690.4353,1690.5967,1690.6359,1688.2235,-0.0287,0.1232,35.44,35.11,2.2118,1690.4353,1690.5967,1690.6359,1688.2235,75.0,False,NOMINAL,HEALTHY,8.92,11.58
MIX_LOT01_COMP0450,LOT_01,MIXED_SIGNAL_IC,CQFP-64,MIX-SIH-2026,THERMAL_BURN_IN,T01_0450,PROC-ISRO-IISU-01,ATE-STATION-01,CHAMBER-01,1.0,125.0,3.3,168,IDDQ,ELECTRICAL,uA,1.9999,1526.9649,1527.0421,1527.1138,1524.965,0.0286,0.0013,36.36,36.41,1.9999,1526.9649,1527.0421,1527.1138,1524.965,75.0,False,NOMINAL,HEALTHY,-31.0,-35.91
MIX_LOT01_COMP0451,LOT_01,MIXED_SIGNAL_IC,CQFP-64,MIX-SIH-2026,THERMAL_BURN_IN,T01_0451,PROC-ISRO-IISU-01,ATE-STATION-01,CHAMBER-01,1.0,125.0,3.3,168,IDDQ,ELECTRICAL,uA,1.945,1488.6383,1488.7209,1488.8048,1486.6933,-0.011,0.0074,34.22,34.32,1.945,1488.6383,1488.7209,1488.8048,1486.6933,75.0,False,NOMINAL,HEALTHY,-35.71,-47.77
MIX_LOT01_COMP0452,LOT_01,MIXED_SIGNAL_IC,CQFP-64,MIX-SIH-2026,THERMAL_BURN_IN,T01_0452,PROC-ISRO-IISU-01,ATE-STATION-01,CHAMBER-01,1.0,125.0,3.3,168,IDDQ,ELECTRICAL,uA,1.6942,1291.4587,1291.6031,1291.6942,1289.7645,-0.014,-0.0558,36.76,37.82,1.6942,1291.4587,1291.6031,1291.6942,1289.7645,75.0,False,NOMINAL,HEALTHY,46.0,-12.31
MIX_LOT01_COMP0453,LOT_01,MIXED_SIGNAL_IC,CQFP-64,MIX-SIH-2026,THERMAL_BURN_IN,T01_0453,PROC-ISRO-IISU-01,ATE-STATION-01,CHAMBER-01,1.0,125.0,3.3,168,IDDQ,ELECTRICAL,uA,2.0148,1555.4699,1555.6255,1555.6095,1553.4551,-0.0066,0.0392,36.94,36.34,2.0148,1555.4699,1555.6255,1555.6095,1553.4551,75.0,False,NOMINAL,HEALTHY,13.98,-43.53
MIX_LOT01_COMP0454,LOT_01,MIXED_SIGNAL_IC,CQFP-64,MIX-SIH-2026,THERMAL_BURN_IN,T01_0454,PROC-ISRO-IISU-01,ATE-STATION-01,CHAMBER-01,1.0,125.0,3.3,168,IDDQ,ELECTRICAL,uA,2.1031,1625.4018,1625.5382,1625.6281,1623.2987,-0.0056,0.0556,35.59,35.03,2.1031,1625.4018,1625.5382,1625.6281,1623.2987,75.0,False,NOMINAL,HEALTHY,7.87,35.06
MIX_LOT01_COMP0455,LOT_01,MIXED_SIGNAL_IC,CQFP-64,MIX-SIH-2026,THERMAL_BURN_IN,T01_0455,PROC-ISRO-IISU-01,ATE-STATION-01,CHAMBER-01,1.0,125.0,3.3,168,IDDQ,ELECTRICAL,uA,2.454,1896.6668,1896.8113,1896.9158,1894.2128,0.0367,0.026,36.32,36.35,2.454,1896.6668,1896.8113,1896.9158,1894.2128,75.0,False,NOMINAL,HEALTHY,-24.22,-0.67
MIX_LOT01_COMP0456,LOT_01,MIXED_SIGNAL_IC,CQFP-64,MIX-SIH-2026,THERMAL_BURN_IN,T01_0456,PROC-ISRO-IISU-01,ATE-STATION-01,CHAMBER-01,1.0,125.0,3.3,168,IDDQ,ELECTRICAL,uA,2.1898,1659.0113,1659.1466,1659.2006,1656.8215,0.0194,-0.0211,33.8,34.2,2.1898,1659.0113,1659.1466,1659.2006,1656.8215,75.0,False,NOMINAL,HEALTHY,-48.99,32.53
MIX_LOT01_COMP0457,LOT_01,MIXED_SIGNAL_IC,CQFP-64,MIX-SIH-2026,THERMAL_BURN_IN,T01_0457,PROC-ISRO-IISU-01,ATE-STATION-01,CHAMBER-01,1.0,125.0,3.3,168,IDDQ,ELECTRICAL,uA,2.1025,1619.1831,1619.2474,1619.3823,1617.0806,0.0196,-0.042,37.03,37.43,2.1025,1619.1831,1619.2474,1619.3823,1617.0806,75.0,False,NOMINAL,HEALTHY,12.72,35.26
MIX_LOT01_COMP0458,LOT_01,MIXED_SIGNAL_IC,CQFP-64,MIX-SIH-2026,THERMAL_BURN_IN,T01_0458,PROC-ISRO-IISU-01,ATE-STATION-01,CHAMBER-01,1.0,125.0,3.3,168,IDDQ,ELECTRICAL,uA,2.0915,1616.4671,1616.6209,1616.6027,1614.3756,0.0035,-0.0246,33.02,33.33,2.0915,1616.4671,1616.6209,1616.6027,1614.3756,75.0,False,NOMINAL,HEALTHY,-24.94,-20.84
MIX_LOT01_COMP0459,LOT_01,MIXED_SIGNAL_IC,CQFP-64,MIX-SIH-2026,THERMAL_BURN_IN,T01_0459,PROC-ISRO-IISU-01,ATE-STATION-01,CHAMBER-01,1.0,125.0,3.3,168,IDDQ,ELECTRICAL,uA,2.2422,1724.7079,1724.8568,1724.8778,1722.4657,-0.0453,-0.0941,32.53,31.46,2.2422,1724.7079,1724.8568,1724.8778,1722.4657,75.0,False,NOMINAL,HEALTHY,38.51,23.13
MIX_LOT01_COMP0460,LOT_01,MIXED_SIGNAL_IC,CQFP-64,MIX-SIH-2026,THERMAL_BURN_IN,T01_0460,PROC-ISRO-IISU-01,ATE-STATION-01,CHAMBER-01,1.0,125.0,3.3,168,IDDQ,ELECTRICAL,uA,2.0208,1554.6633,1554.7872,1554.8366,1552.6425,0.0413,0.0923,34.85,34.72,2.0208,1554.6633,1554.7872,1554.8366,1552.6425,75.0,False,NOMINAL,HEALTHY,-12.47,-40.48
MIX_LOT01_COMP0461,LOT_01,MIXED_SIGNAL_IC,CQFP-64,MIX-SIH-2026,THERMAL_BURN_IN,T01_0461,PROC-ISRO-IISU-01,ATE-STATION-01,CHAMBER-01,1.0,125.0,3.3,168,IDDQ,ELECTRICAL,uA,2.2224,1698.6348,1698.7872,1698.8863,1696.4124,0.0052,0.0024,35.79,35.4,2.2224,1698.6348,1698.7872,1698.8863,1696.4124,75.0,False,NOMINAL,HEALTHY,35.19,44.99
MIX_LOT01_COMP0462,LOT_01,MIXED_SIGNAL_IC,CQFP-64,MIX-SIH-2026,THERMAL_BURN_IN,T01_0462,PROC-ISRO-IISU-01,ATE-STATION-01,CHAMBER-01,1.0,125.0,3.3,168,IDDQ,ELECTRICAL,uA,1.7793,1340.7105,1340.8216,1340.8904,1338.9312,-0.0206,0.0349,34.27,34.14,1.7793,1340.7105,1340.8216,1340.8904,1338.9312,75.0,False,NOMINAL,HEALTHY,-14.05,-35.44
MIX_LOT01_COMP0463,LOT_01,MIXED_SIGNAL_IC,CQFP-64,MIX-SIH-2026,THERMAL_BURN_IN,T01_0463,PROC-ISRO-IISU-01,ATE-STATION-01,CHAMBER-01,1.0,125.0,3.3,168,IDDQ,ELECTRICAL,uA,1.5219,1182.877,1182.9915,1183.0429,1181.3551,0.0201,-0.0848,34.21,33.47,1.5219,1182.877,1182.9915,1183.0429,1181.3551,75.0,False,NOMINAL,HEALTHY,-30.66,-39.6
MIX_LOT01_COMP0464,LOT_01,MIXED_SIGNAL_IC,CQFP-64,MIX-SIH-2026,THERMAL_BURN_IN,T01_0464,PROC-ISRO-IISU-01,ATE-STATION-01,CHAMBER-01,1.0,125.0,3.3,168,IDDQ,ELECTRICAL,uA,2.0137,1553.5593,1553.722,1553.7602,1551.5456,-0.0376,-0.0708,36.75,36.85,2.0137,1553.5593,1553.722,1553.7602,1551.5456,75.0,False,NOMINAL,HEALTHY,-23.79,23.82
MIX_LOT01_COMP0465,LOT_01,MIXED_SIGNAL_IC,CQFP-64,MIX-SIH-2026,THERMAL_BURN_IN,T01_0465,PROC-ISRO-IISU-01,ATE-STATION-01,CHAMBER-01,1.0,125.0,3.3,168,IDDQ,ELECTRICAL,uA,2.332,1812.2855,1812.3878,1812.5123,1809.9535,-0.0202,0.045,35.39,36.66,2.332,1812.2855,1812.3878,1812.5123,1809.9535,75.0,False,NOMINAL,HEALTHY,46.04,39.35
MIX_LOT01_COMP0466,LOT_01,MIXED_SIGNAL_IC,CQFP-64,MIX-SIH-2026,THERMAL_BURN_IN,T01_0466,PROC-ISRO-IISU-01,ATE-STATION-01,CHAMBER-01,1.0,125.0,3.3,168,IDDQ,ELECTRICAL,uA,1.9423,1500.1211,1500.2073,1500.2832,1498.1788,-0.0087,0.0571,35.49,35.42,1.9423,1500.1211,1500.2073,1500.2832,1498.1788,75.0,False,NOMINAL,HEALTHY,26.69,36.13
MIX_LOT01_COMP0467,LOT_01,MIXED_SIGNAL_IC,CQFP-64,MIX-SIH-2026,THERMAL_BURN_IN,T01_0467,PROC-ISRO-IISU-01,ATE-STATION-01,CHAMBER-01,1.0,125.0,3.3,168,IDDQ,ELECTRICAL,uA,2.4931,1922.8727,1923.0165,1923.158,1920.3796,-0.0364,-0.1435,33.87,33.71,2.4931,1922.8727,1923.0165,1923.158,1920.3796,75.0,False,NOMINAL,HEALTHY,37.66,26.77
MIX_LOT01_COMP0468,LOT_01,MIXED_SIGNAL_IC,CQFP-64,MIX-SIH-2026,THERMAL_BURN_IN,T01_0468,PROC-ISRO-IISU-01,ATE-STATION-01,CHAMBER-01,1.0,125.0,3.3,168,IDDQ,ELECTRICAL,uA,2.4099,1875.1724,1875.2905,1875.3604,1872.7625,-0.0454,0.024,35.36,36.05,2.4099,1875.1724,1875.2905,1875.3604,1872.7625,75.0,False,NOMINAL,HEALTHY,4.48,-41.78
MIX_LOT01_COMP0469,LOT_01,MIXED_SIGNAL_IC,CQFP-64,MIX-SIH-2026,THERMAL_BURN_IN,T01_0469,PROC-ISRO-IISU-01,ATE-STATION-01,CHAMBER-01,1.0,125.0,3.3,168,IDDQ,ELECTRICAL,uA,1.8202,1409.437,1409.5476,1409.5793,1407.6168,-0.0065,0.0087,34.49,34.08,1.8202,1409.437,1409.5476,1409.5793,1407.6168,75.0,False,NOMINAL,HEALTHY,24.82,-28.5
MIX_LOT01_COMP0470,LOT_01,MIXED_SIGNAL_IC,CQFP-64,MIX-SIH-2026,THERMAL_BURN_IN,T01_0470,PROC-ISRO-IISU-01,ATE-STATION-01,CHAMBER-01,1.0,125.0,3.3,168,IDDQ,ELECTRICAL,uA,1.8983,1465.0578,1465.1853,1465.2905,1463.1595,0.0014,-0.052,33.68,33.59,1.8983,1465.0578,1465.1853,1465.2905,1463.1595,75.0,False,NOMINAL,HEALTHY,-18.45,-13.16
MIX_LOT01_COMP0471,LOT_01,MIXED_SIGNAL_IC,CQFP-64,MIX-SIH-2026,THERMAL_BURN_IN,T01_0471,PROC-ISRO-IISU-01,ATE-STATION-01,CHAMBER-01,1.0,125.0,3.3,168,IDDQ,ELECTRICAL,uA,1.9201,1475.8175,1475.942,1476.0266,1473.8974,-0.0259,-0.1036,33.15,33.21,1.9201,1475.8175,1475.942,1476.0266,1473.8974,75.0,True,DIELECTRIC_OSCILLATION,HEALTHY,-43.26,-32.03
MIX_LOT01_COMP0472,LOT_01,MIXED_SIGNAL_IC,CQFP-64,MIX-SIH-2026,THERMAL_BURN_IN,T01_0472,PROC-ISRO-IISU-01,ATE-STATION-01,CHAMBER-01,1.0,125.0,3.3,168,IDDQ,ELECTRICAL,uA,1.867,1434.3583,1434.4544,1434.5128,1432.4913,-0.0164,-0.0136,37.29,37.63,1.867,1434.3583,1434.4544,1434.5128,1432.4913,75.0,False,NOMINAL,HEALTHY,46.88,-38.22
MIX_LOT01_COMP0473,LOT_01,MIXED_SIGNAL_IC,CQFP-64,MIX-SIH-2026,THERMAL_BURN_IN,T01_0473,PROC-ISRO-IISU-01,ATE-STATION-01,CHAMBER-01,1.0,125.0,3.3,168,IDDQ,ELECTRICAL,uA,1.9299,1473.5877,1473.689,1473.7206,1471.6578,-0.011,-0.0089,34.72,34.82,1.9299,1473.5877,1473.689,1473.7206,1471.6578,75.0,False,NOMINAL,HEALTHY,-4.96,11.35
MIX_LOT01_COMP0474,LOT_01,MIXED_SIGNAL_IC,CQFP-64,MIX-SIH-2026,THERMAL_BURN_IN,T01_0474,PROC-ISRO-IISU-01,ATE-STATION-01,CHAMBER-01,1.0,125.0,3.3,168,IDDQ,ELECTRICAL,uA,2.4286,1864.8919,1865.0336,1865.0948,1862.4633,-0.001,0.0722,36.06,36.6,2.4286,1864.8919,1865.0336,1865.0948,1862.4633,75.0,True,DIELECTRIC_OSCILLATION,HEALTHY,21.54,3.55
MIX_LOT01_COMP0475,LOT_01,MIXED_SIGNAL_IC,CQFP-64,MIX-SIH-2026,THERMAL_BURN_IN,T01_0475,PROC-ISRO-IISU-01,ATE-STATION-01,CHAMBER-01,1.0,125.0,3.3,168,IDDQ,ELECTRICAL,uA,2.3157,1798.6387,1798.7357,1798.849,1796.323,0.0249,0.0773,35.8,36.09,2.3157,1798.6387,1798.7357,1798.849,1796.323,75.0,False,NOMINAL,HEALTHY,21.29,-43.72
MIX_LOT01_COMP0476,LOT_01,MIXED_SIGNAL_IC,CQFP-64,MIX-SIH-2026,THERMAL_BURN_IN,T01_0476,PROC-ISRO-IISU-01,ATE-STATION-01,CHAMBER-01,1.0,125.0,3.3,168,IDDQ,ELECTRICAL,uA,1.9803,1516.1218,1516.2145,1516.3694,1514.1415,0.0402,0.021,34.67,33.92,1.9803,1516.1218,1516.2145,1516.3694,1514.1415,75.0,False,NOMINAL,HEALTHY,18.34,39.31
MIX_LOT01_COMP0477,LOT_01,MIXED_SIGNAL_IC,CQFP-64,MIX-SIH-2026,THERMAL_BURN_IN,T01_0477,PROC-ISRO-IISU-01,ATE-STATION-01,CHAMBER-01,1.0,125.0,3.3,168,IDDQ,ELECTRICAL,uA,2.3594,1827.8107,1827.9706,1828.0528,1825.4513,0.0299,0.0186,34.88,34.63,2.3594,1827.8107,1827.9706,1828.0528,1825.4513,75.0,False,NOMINAL,HEALTHY,-19.93,-47.58
MIX_LOT01_COMP0478,LOT_01,MIXED_SIGNAL_IC,CQFP-64,MIX-SIH-2026,THERMAL_BURN_IN,T01_0478,PROC-ISRO-IISU-01,ATE-STATION-01,CHAMBER-01,1.0,125.0,3.3,168,IDDQ,ELECTRICAL,uA,2.2483,1738.3532,1738.5152,1738.641,1736.1049,-0.0202,0.0103,34.82,34.93,2.2483,1738.3532,1738.5152,1738.641,1736.1049,75.0,False,NOMINAL,HEALTHY,-5.87,-47.06
MIX_LOT01_COMP0479,LOT_01,MIXED_SIGNAL_IC,CQFP-64,MIX-SIH-2026,THERMAL_BURN_IN,T01_0479,PROC-ISRO-IISU-01,ATE-STATION-01,CHAMBER-01,1.0,125.0,3.3,168,IDDQ,ELECTRICAL,uA,2.3959,1861.5046,1861.6127,1861.7726,1859.1087,-0.0224,0.01,35.29,35.11,2.3959,1861.5046,1861.6127,1861.7726,1859.1087,75.0,False,NOMINAL,HEALTHY,-41.48,14.27
MIX_LOT01_COMP0480,LOT_01,MIXED_SIGNAL_IC,CQFP-64,MIX-SIH-2026,THERMAL_BURN_IN,T01_0480,PROC-ISRO-IISU-01,ATE-STATION-01,CHAMBER-01,1.0,125.0,3.3,168,IDDQ,ELECTRICAL,uA,1.7313,1326.259,1326.3442,1326.4374,1324.5277,0.0005,-0.057,34.7,35.3,1.7313,1326.259,1326.3442,1326.4374,1324.5277,75.0,False,NOMINAL,HEALTHY,28.24,30.18
MIX_LOT01_COMP0481,LOT_01,MIXED_SIGNAL_IC,CQFP-64,MIX-SIH-2026,THERMAL_BURN_IN,T01_0481,PROC-ISRO-IISU-01,ATE-STATION-01,CHAMBER-01,1.0,125.0,3.3,168,IDDQ,ELECTRICAL,uA,2.2077,1694.9663,1695.1223,1695.1818,1692.7586,0.0124,0.0099,34.08,33.54,2.2077,1694.9663,1695.1223,1695.1818,1692.7586,75.0,False,NOMINAL,HEALTHY,-25.12,9.9
MIX_LOT01_COMP0482,LOT_01,MIXED_SIGNAL_IC,CQFP-64,MIX-SIH-2026,THERMAL_BURN_IN,T01_0482,PROC-ISRO-IISU-01,ATE-STATION-01,CHAMBER-01,1.0,125.0,3.3,168,IDDQ,ELECTRICAL,uA,1.5272,1178.9894,1179.0714,1179.1301,1177.4622,-0.0061,-0.0809,32.61,32.13,1.5272,1178.9894,1179.0714,1179.1301,1177.4622,75.0,False,NOMINAL,HEALTHY,-42.31,-19.39
MIX_LOT01_COMP0483,LOT_01,MIXED_SIGNAL_IC,CQFP-64,MIX-SIH-2026,THERMAL_BURN_IN,T01_0483,PROC-ISRO-IISU-01,ATE-STATION-01,CHAMBER-01,1.0,125.0,3.3,168,IDDQ,ELECTRICAL,uA,2.0809,1584.8571,1584.9996,1585.022,1582.7762,0.0199,0.0652,34.63,34.52,2.0809,1584.8571,1584.9996,1585.022,1582.7762,75.0,False,NOMINAL,HEALTHY,-17.17,25.73
MIX_LOT01_COMP0484,LOT_01,MIXED_SIGNAL_IC,CQFP-64,MIX-SIH-2026,THERMAL_BURN_IN,T01_0484,PROC-ISRO-IISU-01,ATE-STATION-01,CHAMBER-01,1.0,125.0,3.3,168,IDDQ,ELECTRICAL,uA,2.2476,1742.6428,1742.7986,1742.9001,1740.3952,0.001,-0.1241,34.62,34.67,2.2476,1742.6428,1742.7986,1742.9001,1740.3952,75.0,False,NOMINAL,HEALTHY,-17.45,-32.62
MIX_LOT01_COMP0485,LOT_01,MIXED_SIGNAL_IC,CQFP-64,MIX-SIH-2026,THERMAL_BURN_IN,T01_0485,PROC-ISRO-IISU-01,ATE-STATION-01,CHAMBER-01,1.0,125.0,3.3,168,IDDQ,ELECTRICAL,uA,1.6963,1303.2679,1303.3671,1303.3932,1301.5716,0.0351,0.0352,35.12,35.12,1.6963,1303.2679,1303.3671,1303.3932,1301.5716,75.0,False,NOMINAL,HEALTHY,24.57,46.09
MIX_LOT01_COMP0486,LOT_01,MIXED_SIGNAL_IC,CQFP-64,MIX-SIH-2026,THERMAL_BURN_IN,T01_0486,PROC-ISRO-IISU-01,ATE-STATION-01,CHAMBER-01,1.0,125.0,3.3,168,IDDQ,ELECTRICAL,uA,2.2936,1791.5503,1791.6832,1791.8025,1789.2567,-0.0059,0.0837,35.6,35.5,2.2936,1791.5503,1791.6832,1791.8025,1789.2567,75.0,False,NOMINAL,HEALTHY,-30.87,43.48
MIX_LOT01_COMP0487,LOT_01,MIXED_SIGNAL_IC,CQFP-64,MIX-SIH-2026,THERMAL_BURN_IN,T01_0487,PROC-ISRO-IISU-01,ATE-STATION-01,CHAMBER-01,1.0,125.0,3.3,168,IDDQ,ELECTRICAL,uA,1.5982,1241.5351,1241.6254,1241.6096,1239.9369,0.0064,0.0197,36.12,36.65,1.5982,1241.5351,1241.6254,1241.6096,1239.9369,75.0,False,NOMINAL,HEALTHY,-44.08,40.16
MIX_LOT01_COMP0488,LOT_01,MIXED_SIGNAL_IC,CQFP-64,MIX-SIH-2026,THERMAL_BURN_IN,T01_0488,PROC-ISRO-IISU-01,ATE-STATION-01,CHAMBER-01,1.0,125.0,3.3,168,IDDQ,ELECTRICAL,uA,2.0754,1601.8572,1602.0111,1602.1224,1599.7818,-0.016,-0.0038,35.33,35.38,2.0754,1601.8572,1602.0111,1602.1224,1599.7818,75.0,False,NOMINAL,HEALTHY,-4.53,6.11
MIX_LOT01_COMP0489,LOT_01,MIXED_SIGNAL_IC,CQFP-64,MIX-SIH-2026,THERMAL_BURN_IN,T01_0489,PROC-ISRO-IISU-01,ATE-STATION-01,CHAMBER-01,1.0,125.0,3.3,168,IDDQ,ELECTRICAL,uA,1.965,1521.9726,1522.0684,1522.1324,1520.0076,-0.0058,-0.0539,34.86,34.69,1.965,1521.9726,1522.0684,1522.1324,1520.0076,75.0,False,NOMINAL,HEALTHY,-16.88,-47.71
MIX_LOT01_COMP0490,LOT_01,MIXED_SIGNAL_IC,CQFP-64,MIX-SIH-2026,THERMAL_BURN_IN,T01_0490,PROC-ISRO-IISU-01,ATE-STATION-01,CHAMBER-01,1.0,125.0,3.3,168,IDDQ,ELECTRICAL,uA,2.0223,1570.327,1570.425,1570.5206,1568.3047,0.0133,0.0812,35.16,35.11,2.0223,1570.327,1570.425,1570.5206,1568.3047,75.0,False,NOMINAL,HEALTHY,-20.51,49.61
MIX_LOT01_COMP0491,LOT_01,MIXED_SIGNAL_IC,CQFP-64,MIX-SIH-2026,THERMAL_BURN_IN,T01_0491,PROC-ISRO-IISU-01,ATE-STATION-01,CHAMBER-01,1.0,125.0,3.3,168,IDDQ,ELECTRICAL,uA,2.0878,1603.8034,1603.9285,1604.0604,1601.7156,0.0111,-0.0681,35.02,35.52,2.0878,1603.8034,1603.9285,1604.0604,1601.7156,75.0,False,NOMINAL,HEALTHY,-32.99,-9.09
MIX_LOT01_COMP0492,LOT_01,MIXED_SIGNAL_IC,CQFP-64,MIX-SIH-2026,THERMAL_BURN_IN,T01_0492,PROC-ISRO-IISU-01,ATE-STATION-01,CHAMBER-01,1.0,125.0,3.3,168,IDDQ,ELECTRICAL,uA,2.127,1632.919,1633.0616,1633.1554,1630.792,-0.0216,-0.0162,36.28,35.83,2.127,1632.919,1633.0616,1633.1554,1630.792,75.0,False,NOMINAL,HEALTHY,-23.39,30.56
MIX_LOT01_COMP0493,LOT_01,MIXED_SIGNAL_IC,CQFP-64,MIX-SIH-2026,THERMAL_BURN_IN,T01_0493,PROC-ISRO-IISU-01,ATE-STATION-01,CHAMBER-01,1.0,125.0,3.3,168,IDDQ,ELECTRICAL,uA,2.6167,2000.4361,2000.6404,2000.65,1997.8194,0.006,0.0001,34.92,34.99,2.6167,2000.4361,2000.6404,2000.65,1997.8194,75.0,False,NOMINAL,HEALTHY,26.95,-0.93
MIX_LOT01_COMP0494,LOT_01,MIXED_SIGNAL_IC,CQFP-64,MIX-SIH-2026,THERMAL_BURN_IN,T01_0494,PROC-ISRO-IISU-01,ATE-STATION-01,CHAMBER-01,1.0,125.0,3.3,168,IDDQ,ELECTRICAL,uA,2.7001,2089.6272,2089.8206,2089.8517,2086.9271,0.0126,0.0517,35.29,35.88,2.7001,2089.6272,2089.8206,2089.8517,2086.9271,75.0,False,NOMINAL,HEALTHY,16.36,-37.61
MIX_LOT01_COMP0495,LOT_01,MIXED_SIGNAL_IC,CQFP-64,MIX-SIH-2026,THERMAL_BURN_IN,T01_0495,PROC-ISRO-IISU-01,ATE-STATION-01,CHAMBER-01,1.0,125.0,3.3,168,IDDQ,ELECTRICAL,uA,1.7508,1350.7645,1350.846,1350.9301,1349.0137,-0.0032,0.0395,32.77,32.04,1.7508,1350.7645,1350.846,1350.9301,1349.0137,75.0,False,NOMINAL,HEALTHY,6.99,2.85
MIX_LOT01_COMP0496,LOT_01,MIXED_SIGNAL_IC,CQFP-64,MIX-SIH-2026,THERMAL_BURN_IN,T01_0496,PROC-ISRO-IISU-01,ATE-STATION-01,CHAMBER-01,1.0,125.0,3.3,168,IDDQ,ELECTRICAL,uA,2.0289,1555.2006,1555.3166,1555.3641,1553.1717,-0.0386,0.0865,34.87,33.98,2.0289,1555.2006,1555.3166,1555.3641,1553.1717,75.0,False,NOMINAL,HEALTHY,29.74,0.53
MIX_LOT01_COMP0497,LOT_01,MIXED_SIGNAL_IC,CQFP-64,MIX-SIH-2026,THERMAL_BURN_IN,T01_0497,PROC-ISRO-IISU-01,ATE-STATION-01,CHAMBER-01,1.0,125.0,3.3,168,IDDQ,ELECTRICAL,uA,2.0701,1603.3693,1603.4999,1603.5669,1601.2992,-0.022,-0.0434,33.68,34.45,2.0701,1603.3693,1603.4999,1603.5669,1601.2992,75.0,False,NOMINAL,HEALTHY,16.65,-3.36
MIX_LOT01_COMP0498,LOT_01,MIXED_SIGNAL_IC,CQFP-64,MIX-SIH-2026,THERMAL_BURN_IN,T01_0498,PROC-ISRO-IISU-01,ATE-STATION-01,CHAMBER-01,1.0,125.0,3.3,168,IDDQ,ELECTRICAL,uA,1.8806,1470.3336,1470.4329,1470.4951,1468.453,0.003,0.0589,34.54,34.58,1.8806,1470.3336,1470.4329,1470.4951,1468.453,75.0,False,NOMINAL,HEALTHY,-0.49,-10.08
MIX_LOT01_COMP0499,LOT_01,MIXED_SIGNAL_IC,CQFP-64,MIX-SIH-2026,THERMAL_BURN_IN,T01_0499,PROC-ISRO-IISU-01,ATE-STATION-01,CHAMBER-01,1.0,125.0,3.3,168,IDDQ,ELECTRICAL,uA,2.1124,1618.8411,1618.9187,1619.043,1616.7287,0.0042,0.0756,34.53,34.45,2.1124,1618.8411,1618.9187,1619.043,1616.7287,75.0,False,NOMINAL,HEALTHY,27.92,-38.59
MIX_LOT01_COMP0500,LOT_01,MIXED_SIGNAL_IC,CQFP-64,MIX-SIH-2026,THERMAL_BURN_IN,T01_0500,PROC-ISRO-IISU-01,ATE-STATION-01,CHAMBER-01,1.0,125.0,3.3,168,IDDQ,ELECTRICAL,uA,1.9821,1516.6943,1516.8274,1516.8985,1514.7122,0.0299,0.0317,34.59,34.63,1.9821,1516.6943,1516.8274,1516.8985,1514.7122,75.0,False,NOMINAL,HEALTHY,-19.24,45.94
MIX_LOT01_COMP0501,LOT_01,MIXED_SIGNAL_IC,CQFP-64,MIX-SIH-2026,THERMAL_BURN_IN,T01_0501,PROC-ISRO-IISU-01,ATE-STATION-01,CHAMBER-01,1.0,125.0,3.3,168,IDDQ,ELECTRICAL,uA,2.1422,1658.7955,1658.9348,1659.0115,1656.6533,0.0002,-0.0654,34.53,35.03,2.1422,1658.7955,1658.9348,1659.0115,1656.6533,75.0,False,NOMINAL,HEALTHY,-49.99,-36.97
MIX_LOT01_COMP0502,LOT_01,MIXED_SIGNAL_IC,CQFP-64,MIX-SIH-2026,THERMAL_BURN_IN,T01_0502,PROC-ISRO-IISU-01,ATE-STATION-01,CHAMBER-01,1.0,125.0,3.3,168,IDDQ,ELECTRICAL,uA,2.0941,1599.2361,1599.37,1599.3966,1597.142,0.04,0.0832,35.38,35.56,2.0941,1599.2361,1599.37,1599.3966,1597.142,75.0,False,NOMINAL,HEALTHY,30.74,18.76
MIX_LOT01_COMP0503,LOT_01,MIXED_SIGNAL_IC,CQFP-64,MIX-SIH-2026,THERMAL_BURN_IN,T01_0503,PROC-ISRO-IISU-01,ATE-STATION-01,CHAMBER-01,1.0,125.0,3.3,168,IDDQ,ELECTRICAL,uA,2.1083,1646.4222,1646.5466,1646.5849,1644.3139,0.039,0.0403,32.79,33.42,2.1083,1646.4222,1646.5466,1646.5849,1644.3139,75.0,False,NOMINAL,HEALTHY,37.93,-29.31
MIX_LOT01_COMP0504,LOT_01,MIXED_SIGNAL_IC,CQFP-64,MIX-SIH-2026,THERMAL_BURN_IN,T01_0504,PROC-ISRO-IISU-01,ATE-STATION-01,CHAMBER-01,1.0,125.0,3.3,168,IDDQ,ELECTRICAL,uA,1.9142,1481.6891,1481.7804,1481.9061,1479.7749,-0.049,0.0391,35.43,34.81,1.9142,1481.6891,1481.7804,1481.9061,1479.7749,75.0,False,NOMINAL,HEALTHY,-31.81,9.29
MIX_LOT01_COMP0505,LOT_01,MIXED_SIGNAL_IC,CQFP-64,MIX-SIH-2026,THERMAL_BURN_IN,T01_0505,PROC-ISRO-IISU-01,ATE-STATION-01,CHAMBER-01,1.0,125.0,3.3,168,IDDQ,ELECTRICAL,uA,1.7346,1360.4704,1360.5892,1360.6418,1358.7358,-0.0015,0.0056,35.67,36.11,1.7346,1360.4704,1360.5892,1360.6418,1358.7358,75.0,False,NOMINAL,HEALTHY,-49.57,4.97
MIX_LOT01_COMP0506,LOT_01,MIXED_SIGNAL_IC,CQFP-64,MIX-SIH-2026,THERMAL_BURN_IN,T01_0506,PROC-ISRO-IISU-01,ATE-STATION-01,CHAMBER-01,1.0,125.0,3.3,168,IDDQ,ELECTRICAL,uA,1.9424,1468.43,1468.5206,1468.6302,1466.4876,-0.0051,-0.0203,33.96,34.18,1.9424,1468.43,1468.5206,1468.6302,1466.4876,75.0,False,NOMINAL,HEALTHY,11.9,17.92
MIX_LOT01_COMP0507,LOT_01,MIXED_SIGNAL_IC,CQFP-64,MIX-SIH-2026,THERMAL_BURN_IN,T01_0507,PROC-ISRO-IISU-01,ATE-STATION-01,CHAMBER-01,1.0,125.0,3.3,168,IDDQ,ELECTRICAL,uA,1.9934,1530.9176,1531.0801,1531.1536,1528.9242,0.0332,0.0632,33.28,32.9,1.9934,1530.9176,1531.0801,1531.1536,1528.9242,75.0,False,NOMINAL,HEALTHY,40.86,31.99
MIX_LOT01_COMP0508,LOT_01,MIXED_SIGNAL_IC,CQFP-64,MIX-SIH-2026,THERMAL_BURN_IN,T01_0508,PROC-ISRO-IISU-01,ATE-STATION-01,CHAMBER-01,1.0,125.0,3.3,168,IDDQ,ELECTRICAL,uA,1.9406,1484.3243,1484.3764,1484.5477,1482.3837,-0.0061,-0.0519,34.98,35.03,1.9406,1484.3243,1484.3764,1484.5477,1482.3837,75.0,False,NOMINAL,HEALTHY,41.33,-17.46
MIX_LOT01_COMP0509,LOT_01,MIXED_SIGNAL_IC,CQFP-64,MIX-SIH-2026,THERMAL_BURN_IN,T01_0509,PROC-ISRO-IISU-01,ATE-STATION-01,CHAMBER-01,1.0,125.0,3.3,168,IDDQ,ELECTRICAL,uA,2.1304,1661.2379,1661.4059,1661.4904,1659.1075,0.0499,0.0775,35.67,36.18,2.1304,1661.2379,1661.4059,1661.4904,1659.1075,75.0,False,NOMINAL,HEALTHY,36.04,-23.72
MIX_LOT01_COMP0510,LOT_01,MIXED_SIGNAL_IC,CQFP-64,MIX-SIH-2026,THERMAL_BURN_IN,T01_0510,PROC-ISRO-IISU-01,ATE-STATION-01,CHAMBER-01,1.0,125.0,3.3,168,IDDQ,ELECTRICAL,uA,2.2076,1694.2512,1694.32,1694.4425,1692.0436,-0.0049,-0.0456,36.71,37.23,2.2076,1694.2512,1694.32,1694.4425,1692.0436,75.0,False,NOMINAL,HEALTHY,-49.84,-8.77
MIX_LOT01_COMP0511,LOT_01,MIXED_SIGNAL_IC,CQFP-64,MIX-SIH-2026,THERMAL_BURN_IN,T01_0511,PROC-ISRO-IISU-01,ATE-STATION-01,CHAMBER-01,1.0,125.0,3.3,168,IDDQ,ELECTRICAL,uA,1.9948,1523.259,1523.35,1523.392,1521.2642,-0.0116,-0.0727,33.87,33.68,1.9948,1523.259,1523.35,1523.392,1521.2642,75.0,False,NOMINAL,HEALTHY,-37.11,48.27
MIX_LOT01_COMP0512,LOT_01,MIXED_SIGNAL_IC,CQFP-64,MIX-SIH-2026,THERMAL_BURN_IN,T01_0512,PROC-ISRO-IISU-01,ATE-STATION-01,CHAMBER-01,1.0,125.0,3.3,168,IDDQ,ELECTRICAL,uA,1.8982,1466.539,1466.6196,1466.7122,1464.6408,0.0279,0.0365,34.58,35.24,1.8982,1466.539,1466.6196,1466.7122,1464.6408,75.0,False,NOMINAL,HEALTHY,-27.66,13.8
MIX_LOT01_COMP0513,LOT_01,MIXED_SIGNAL_IC,CQFP-64,MIX-SIH-2026,THERMAL_BURN_IN,T01_0513,PROC-ISRO-IISU-01,ATE-STATION-01,CHAMBER-01,1.0,125.0,3.3,168,IDDQ,ELECTRICAL,uA,1.8801,1437.4583,1439.6479,1448.7578,1435.5782,0.0091,-0.0082,34.1,34.5,1.8801,1437.4583,1439.6479,1448.7578,1435.5782,75.0,True,ELECTROMIGRATION,HEALTHY,-17.69,-25.1
MIX_LOT01_COMP0514,LOT_01,MIXED_SIGNAL_IC,CQFP-64,MIX-SIH-2026,THERMAL_BURN_IN,T01_0514,PROC-ISRO-IISU-01,ATE-STATION-01,CHAMBER-01,1.0,125.0,3.3,168,IDDQ,ELECTRICAL,uA,2.5037,1912.4451,1912.6018,1912.7113,1909.9414,0.0146,0.1123,34.46,34.69,2.5037,1912.4451,1912.6018,1912.7113,1909.9414,75.0,False,NOMINAL,HEALTHY,26.27,8.1
MIX_LOT01_COMP0515,LOT_01,MIXED_SIGNAL_IC,CQFP-64,MIX-SIH-2026,THERMAL_BURN_IN,T01_0515,PROC-ISRO-IISU-01,ATE-STATION-01,CHAMBER-01,1.0,125.0,3.3,168,IDDQ,ELECTRICAL,uA,2.3086,1772.1933,1772.3375,1772.3706,1769.8847,-0.0049,0.0434,34.96,35.66,2.3086,1772.1933,1772.3375,1772.3706,1769.8847,75.0,False,NOMINAL,HEALTHY,-34.49,3.04
MIX_LOT01_COMP0516,LOT_01,MIXED_SIGNAL_IC,CQFP-64,MIX-SIH-2026,THERMAL_BURN_IN,T01_0516,PROC-ISRO-IISU-01,ATE-STATION-01,CHAMBER-01,1.0,125.0,3.3,168,IDDQ,ELECTRICAL,uA,2.1241,1631.8027,1631.9527,1631.9793,1629.6786,0.0115,-0.0803,35.11,34.62,2.1241,1631.8027,1631.9527,1631.9793,1629.6786,75.0,False,NOMINAL,HEALTHY,44.87,-27.24
MIX_LOT01_COMP0517,LOT_01,MIXED_SIGNAL_IC,CQFP-64,MIX-SIH-2026,THERMAL_BURN_IN,T01_0517,PROC-ISRO-IISU-01,ATE-STATION-01,CHAMBER-01,1.0,125.0,3.3,168,IDDQ,ELECTRICAL,uA,2.4913,1904.5331,1904.6571,1904.7424,1902.0418,0.0035,0.0311,33.95,33.73,2.4913,1904.5331,1904.6571,1904.7424,1902.0418,75.0,False,NOMINAL,HEALTHY,-19.36,-21.24
MIX_LOT01_COMP0518,LOT_01,MIXED_SIGNAL_IC,CQFP-64,MIX-SIH-2026,THERMAL_BURN_IN,T01_0518,PROC-ISRO-IISU-01,ATE-STATION-01,CHAMBER-01,1.0,125.0,3.3,168,IDDQ,ELECTRICAL,uA,1.9985,1538.9036,1538.9909,1539.0596,1536.9051,0.0109,-0.0206,36.12,36.34,1.9985,1538.9036,1538.9909,1539.0596,1536.9051,75.0,False,NOMINAL,HEALTHY,32.74,48.84
MIX_LOT01_COMP0519,LOT_01,MIXED_SIGNAL_IC,CQFP-64,MIX-SIH-2026,THERMAL_BURN_IN,T01_0519,PROC-ISRO-IISU-01,ATE-STATION-01,CHAMBER-01,1.0,125.0,3.3,168,IDDQ,ELECTRICAL,uA,2.4511,1884.3034,1884.4429,1884.5441,1881.8523,-0.0012,0.0059,32.72,34.21,2.4511,1884.3034,1884.4429,1884.5441,1881.8523,75.0,False,NOMINAL,HEALTHY,-0.16,-28.07
MIX_LOT01_COMP0520,LOT_01,MIXED_SIGNAL_IC,CQFP-64,MIX-SIH-2026,THERMAL_BURN_IN,T01_0520,PROC-ISRO-IISU-01,ATE-STATION-01,CHAMBER-01,1.0,125.0,3.3,168,IDDQ,ELECTRICAL,uA,1.9206,1466.4687,1466.4914,1466.652,1464.5481,0.0026,0.0344,35.94,35.84,1.9206,1466.4687,1466.4914,1466.652,1464.5481,75.0,False,NOMINAL,HEALTHY,-21.96,0.61
MIX_LOT01_COMP0521,LOT_01,MIXED_SIGNAL_IC,CQFP-64,MIX-SIH-2026,THERMAL_BURN_IN,T01_0521,PROC-ISRO-IISU-01,ATE-STATION-01,CHAMBER-01,1.0,125.0,3.3,168,IDDQ,ELECTRICAL,uA,2.333,1804.6962,1804.8311,1804.9014,1802.3632,-0.0421,0.0192,35.73,35.17,2.333,1804.6962,1804.8311,1804.9014,1802.3632,75.0,False,NOMINAL,HEALTHY,15.19,-31.06
MIX_LOT01_COMP0522,LOT_01,MIXED_SIGNAL_IC,CQFP-64,MIX-SIH-2026,THERMAL_BURN_IN,T01_0522,PROC-ISRO-IISU-01,ATE-STATION-01,CHAMBER-01,1.0,125.0,3.3,168,IDDQ,ELECTRICAL,uA,1.9516,1507.7986,1507.9476,1507.9572,1505.847,0.0074,-0.018,34.68,34.8,1.9516,1507.7986,1507.9476,1507.9572,1505.847,75.0,False,NOMINAL,HEALTHY,8.24,-37.25
MIX_LOT01_COMP0523,LOT_01,MIXED_SIGNAL_IC,CQFP-64,MIX-SIH-2026,THERMAL_BURN_IN,T01_0523,PROC-ISRO-IISU-01,ATE-STATION-01,CHAMBER-01,1.0,125.0,3.3,168,IDDQ,ELECTRICAL,uA,2.2956,1789.2312,1789.382,1789.4805,1786.9356,-0.0121,0.0499,33.4,33.3,2.2956,1789.2312,1789.382,1789.4805,1786.9356,75.0,False,NOMINAL,HEALTHY,40.24,-36.43
MIX_LOT01_COMP0524,LOT_01,MIXED_SIGNAL_IC,CQFP-64,MIX-SIH-2026,THERMAL_BURN_IN,T01_0524,PROC-ISRO-IISU-01,ATE-STATION-01,CHAMBER-01,1.0,125.0,3.3,168,IDDQ,ELECTRICAL,uA,2.0637,1599.7826,1599.8766,1599.9495,1597.7189,-0.0131,0.0065,35.08,35.38,2.0637,1599.7826,1599.8766,1599.9495,1597.7189,75.0,False,NOMINAL,HEALTHY,-33.2,-44.52
MIX_LOT01_COMP0525,LOT_01,MIXED_SIGNAL_IC,CQFP-64,MIX-SIH-2026,THERMAL_BURN_IN,T01_0525,PROC-ISRO-IISU-01,ATE-STATION-01,CHAMBER-01,1.0,125.0,3.3,168,IDDQ,ELECTRICAL,uA,2.2353,1719.788,1719.9127,1719.986,1717.5527,0.0172,0.0075,33.57,33.46,2.2353,1719.788,1719.9127,1719.986,1717.5527,75.0,False,NOMINAL,HEALTHY,-21.96,-38.47
MIX_LOT01_COMP0526,LOT_01,MIXED_SIGNAL_IC,CQFP-64,MIX-SIH-2026,THERMAL_BURN_IN,T01_0526,PROC-ISRO-IISU-01,ATE-STATION-01,CHAMBER-01,1.0,125.0,3.3,168,IDDQ,ELECTRICAL,uA,2.0661,1597.5392,1597.6125,1597.7683,1595.4731,-0.0204,0.0312,35.29,35.47,2.0661,1597.5392,1597.6125,1597.7683,1595.4731,75.0,True,DIELECTRIC_OSCILLATION,HEALTHY,-11.76,-31.78
MIX_LOT01_COMP0527,LOT_01,MIXED_SIGNAL_IC,CQFP-64,MIX-SIH-2026,THERMAL_BURN_IN,T01_0527,PROC-ISRO-IISU-01,ATE-STATION-01,CHAMBER-01,1.0,125.0,3.3,168,IDDQ,ELECTRICAL,uA,2.5685,1984.3302,1984.5062,1984.6068,1981.7617,0.0176,-0.0573,33.53,32.5,2.5685,1984.3302,1984.5062,1984.6068,1981.7617,75.0,False,NOMINAL,HEALTHY,30.63,-38.96
MIX_LOT01_COMP0528,LOT_01,MIXED_SIGNAL_IC,CQFP-64,MIX-SIH-2026,THERMAL_BURN_IN,T01_0528,PROC-ISRO-IISU-01,ATE-STATION-01,CHAMBER-01,1.0,125.0,3.3,168,IDDQ,ELECTRICAL,uA,1.9989,1543.3522,1543.4753,1543.5141,1541.3533,0.0632,0.0289,35.78,35.18,1.9989,1543.3522,1543.4753,1543.5141,1541.3533,75.0,False,NOMINAL,HEALTHY,-31.04,44.8
MIX_LOT01_COMP0529,LOT_01,MIXED_SIGNAL_IC,CQFP-64,MIX-SIH-2026,THERMAL_BURN_IN,T01_0529,PROC-ISRO-IISU-01,ATE-STATION-01,CHAMBER-01,1.0,125.0,3.3,168,IDDQ,ELECTRICAL,uA,2.0297,1571.1998,1571.3181,1571.4658,1569.1701,-0.0102,-0.0232,36.19,36.2,2.0297,1571.1998,1571.3181,1571.4658,1569.1701,75.0,False,NOMINAL,HEALTHY,-3.41,-43.62
MIX_LOT01_COMP0530,LOT_01,MIXED_SIGNAL_IC,CQFP-64,MIX-SIH-2026,THERMAL_BURN_IN,T01_0530,PROC-ISRO-IISU-01,ATE-STATION-01,CHAMBER-01,1.0,125.0,3.3,168,IDDQ,ELECTRICAL,uA,2.2376,1743.2623,1743.3465,1743.4367,1741.0247,-0.0089,-0.0085,36.35,36.83,2.2376,1743.2623,1743.3465,1743.4367,1741.0247,75.0,False,NOMINAL,HEALTHY,37.93,-0.83
MIX_LOT01_COMP0531,LOT_01,MIXED_SIGNAL_IC,CQFP-64,MIX-SIH-2026,THERMAL_BURN_IN,T01_0531,PROC-ISRO-IISU-01,ATE-STATION-01,CHAMBER-01,1.0,125.0,3.3,168,IDDQ,ELECTRICAL,uA,1.8707,1437.9799,1438.108,1438.1597,1436.1092,-0.0166,0.0784,34.96,34.91,1.8707,1437.9799,1438.108,1438.1597,1436.1092,75.0,False,NOMINAL,HEALTHY,-3.29,-46.0
MIX_LOT01_COMP0532,LOT_01,MIXED_SIGNAL_IC,CQFP-64,MIX-SIH-2026,THERMAL_BURN_IN,T01_0532,PROC-ISRO-IISU-01,ATE-STATION-01,CHAMBER-01,1.0,125.0,3.3,168,IDDQ,ELECTRICAL,uA,1.987,1512.2799,1512.4147,1512.4889,1510.2929,0.0258,-0.0605,34.33,34.38,1.987,1512.2799,1512.4147,1512.4889,1510.2929,75.0,False,NOMINAL,HEALTHY,-2.1,6.48
MIX_LOT01_COMP0533,LOT_01,MIXED_SIGNAL_IC,CQFP-64,MIX-SIH-2026,THERMAL_BURN_IN,T01_0533,PROC-ISRO-IISU-01,ATE-STATION-01,CHAMBER-01,1.0,125.0,3.3,168,IDDQ,ELECTRICAL,uA,1.8479,1438.7906,1438.9003,1438.9178,1436.9427,-0.0013,-0.0261,35.32,35.56,1.8479,1438.7906,1438.9003,1438.9178,1436.9427,75.0,False,NOMINAL,HEALTHY,34.66,-33.2
MIX_LOT01_COMP0534,LOT_01,MIXED_SIGNAL_IC,CQFP-64,MIX-SIH-2026,THERMAL_BURN_IN,T01_0534,PROC-ISRO-IISU-01,ATE-STATION-01,CHAMBER-01,1.0,125.0,3.3,168,IDDQ,ELECTRICAL,uA,2.2882,1739.8831,1740.0141,1740.0755,1737.5949,0.0132,-0.0133,35.03,35.26,2.2882,1739.8831,1740.0141,1740.0755,1737.5949,75.0,False,NOMINAL,HEALTHY,39.51,-21.94
MIX_LOT01_COMP0535,LOT_01,MIXED_SIGNAL_IC,CQFP-64,MIX-SIH-2026,THERMAL_BURN_IN,T01_0535,PROC-ISRO-IISU-01,ATE-STATION-01,CHAMBER-01,1.0,125.0,3.3,168,IDDQ,ELECTRICAL,uA,2.5079,1898.7437,1898.9099,1898.9511,1896.2358,0.0004,-0.0714,34.8,34.18,2.5079,1898.7437,1898.9099,1898.9511,1896.2358,75.0,False,NOMINAL,HEALTHY,41.71,-49.48
MIX_LOT01_COMP0536,LOT_01,MIXED_SIGNAL_IC,CQFP-64,MIX-SIH-2026,THERMAL_BURN_IN,T01_0536,PROC-ISRO-IISU-01,ATE-STATION-01,CHAMBER-01,1.0,125.0,3.3,168,IDDQ,ELECTRICAL,uA,2.256,1743.1026,1743.1814,1743.2565,1740.8466,0.0033,-0.0084,36.18,35.72,2.256,1743.1026,1743.1814,1743.2565,1740.8466,75.0,False,NOMINAL,HEALTHY,-16.79,-18.08
MIX_LOT01_COMP0537,LOT_01,MIXED_SIGNAL_IC,CQFP-64,MIX-SIH-2026,THERMAL_BURN_IN,T01_0537,PROC-ISRO-IISU-01,ATE-STATION-01,CHAMBER-01,1.0,125.0,3.3,168,IDDQ,ELECTRICAL,uA,2.4765,1888.3993,1888.5166,1888.5867,1885.9228,-0.0031,-0.014,34.46,35.27,2.4765,1888.3993,1888.5166,1888.5867,1885.9228,75.0,False,NOMINAL,HEALTHY,-4.49,-6.84
MIX_LOT01_COMP0538,LOT_01,MIXED_SIGNAL_IC,CQFP-64,MIX-SIH-2026,THERMAL_BURN_IN,T01_0538,PROC-ISRO-IISU-01,ATE-STATION-01,CHAMBER-01,1.0,125.0,3.3,168,IDDQ,ELECTRICAL,uA,2.3658,1829.989,1830.114,1830.1868,1827.6232,0.0191,-0.0439,35.5,35.08,2.3658,1829.989,1830.114,1830.1868,1827.6232,75.0,False,NOMINAL,HEALTHY,-44.54,-6.79
MIX_LOT01_COMP0539,LOT_01,MIXED_SIGNAL_IC,CQFP-64,MIX-SIH-2026,THERMAL_BURN_IN,T01_0539,PROC-ISRO-IISU-01,ATE-STATION-01,CHAMBER-01,1.0,125.0,3.3,168,IDDQ,ELECTRICAL,uA,1.9432,1510.3044,1510.3665,1510.448,1508.3612,0.0252,-0.0383,36.82,36.67,1.9432,1510.3044,1510.3665,1510.448,1508.3612,75.0,False,NOMINAL,HEALTHY,25.2,-46.01
MIX_LOT01_COMP0540,LOT_01,MIXED_SIGNAL_IC,CQFP-64,MIX-SIH-2026,THERMAL_BURN_IN,T01_0540,PROC-ISRO-IISU-01,ATE-STATION-01,CHAMBER-01,1.0,125.0,3.3,168,IDDQ,ELECTRICAL,uA,2.3438,1793.6667,1793.7995,1793.928,1791.3229,0.0585,0.0847,36.95,36.17,2.3438,1793.6667,1793.7995,1793.928,1791.3229,75.0,False,NOMINAL,HEALTHY,22.02,-43.75
MIX_LOT01_COMP0541,LOT_01,MIXED_SIGNAL_IC,CQFP-64,MIX-SIH-2026,THERMAL_BURN_IN,T01_0541,PROC-ISRO-IISU-01,ATE-STATION-01,CHAMBER-01,1.0,125.0,3.3,168,IDDQ,ELECTRICAL,uA,2.0507,1580.2186,1580.3687,1580.4216,1578.1679,0.0059,-0.0174,34.68,34.32,2.0507,1580.2186,1580.3687,1580.4216,1578.1679,75.0,False,NOMINAL,HEALTHY,-24.94,0.51
MIX_LOT01_COMP0542,LOT_01,MIXED_SIGNAL_IC,CQFP-64,MIX-SIH-2026,THERMAL_BURN_IN,T01_0542,PROC-ISRO-IISU-01,ATE-STATION-01,CHAMBER-01,1.0,125.0,3.3,168,IDDQ,ELECTRICAL,uA,2.352,1786.7261,1786.8255,1786.8862,1784.3741,0.0411,-0.0342,34.0,34.17,2.352,1786.7261,1786.8255,1786.8862,1784.3741,75.0,False,NOMINAL,HEALTHY,23.98,19.82
MIX_LOT01_COMP0543,LOT_01,MIXED_SIGNAL_IC,CQFP-64,MIX-SIH-2026,THERMAL_BURN_IN,T01_0543,PROC-ISRO-IISU-01,ATE-STATION-01,CHAMBER-01,1.0,125.0,3.3,168,IDDQ,ELECTRICAL,uA,2.0066,1562.2435,1562.3901,1562.5115,1560.2369,0.0013,0.0378,36.63,37.22,2.0066,1562.2435,1562.3901,1562.5115,1560.2369,75.0,False,NOMINAL,HEALTHY,36.54,-49.42
MIX_LOT01_COMP0544,LOT_01,MIXED_SIGNAL_IC,CQFP-64,MIX-SIH-2026,THERMAL_BURN_IN,T01_0544,PROC-ISRO-IISU-01,ATE-STATION-01,CHAMBER-01,1.0,125.0,3.3,168,IDDQ,ELECTRICAL,uA,2.0755,1580.4702,1580.5839,1580.6584,1578.3947,0.026,0.0154,35.91,35.53,2.0755,1580.4702,1580.5839,1580.6584,1578.3947,75.0,False,NOMINAL,HEALTHY,17.31,7.02
MIX_LOT01_COMP0545,LOT_01,MIXED_SIGNAL_IC,CQFP-64,MIX-SIH-2026,THERMAL_BURN_IN,T01_0545,PROC-ISRO-IISU-01,ATE-STATION-01,CHAMBER-01,1.0,125.0,3.3,168,IDDQ,ELECTRICAL,uA,2.0784,1598.7495,1598.8074,1598.8878,1596.6711,-0.0058,0.0998,34.65,34.19,2.0784,1598.7495,1598.8074,1598.8878,1596.6711,75.0,False,NOMINAL,HEALTHY,-23.18,18.86
MIX_LOT01_COMP0546,LOT_01,MIXED_SIGNAL_IC,CQFP-64,MIX-SIH-2026,THERMAL_BURN_IN,T01_0546,PROC-ISRO-IISU-01,ATE-STATION-01,CHAMBER-01,1.0,125.0,3.3,168,IDDQ,ELECTRICAL,uA,2.2985,1763.6243,1763.7725,1763.8565,1761.3258,0.0087,0.011,37.78,38.1,2.2985,1763.6243,1763.7725,1763.8565,1761.3258,75.0,False,NOMINAL,HEALTHY,25.08,-27.48
MIX_LOT01_COMP0547,LOT_01,MIXED_SIGNAL_IC,CQFP-64,MIX-SIH-2026,THERMAL_BURN_IN,T01_0547,PROC-ISRO-IISU-01,ATE-STATION-01,CHAMBER-01,1.0,125.0,3.3,168,IDDQ,ELECTRICAL,uA,2.2042,1692.9107,1693.0938,1693.1147,1690.7065,-0.0081,0.0162,35.76,36.51,2.2042,1692.9107,1693.0938,1693.1147,1690.7065,75.0,False,NOMINAL,HEALTHY,-44.28,6.59
MIX_LOT01_COMP0548,LOT_01,MIXED_SIGNAL_IC,CQFP-64,MIX-SIH-2026,THERMAL_BURN_IN,T01_0548,PROC-ISRO-IISU-01,ATE-STATION-01,CHAMBER-01,1.0,125.0,3.3,168,IDDQ,ELECTRICAL,uA,1.9181,1510.4524,1510.5231,1510.6106,1508.5343,0.0211,-0.0071,36.61,36.76,1.9181,1510.4524,1510.5231,1510.6106,1508.5343,75.0,False,NOMINAL,HEALTHY,48.15,6.83
MIX_LOT01_COMP0549,LOT_01,MIXED_SIGNAL_IC,CQFP-64,MIX-SIH-2026,THERMAL_BURN_IN,T01_0549,PROC-ISRO-IISU-01,ATE-STATION-01,CHAMBER-01,1.0,125.0,3.3,168,IDDQ,ELECTRICAL,uA,2.314,1780.5284,1780.6921,1780.7548,1778.2144,0.0275,0.0199,34.48,34.71,2.314,1780.5284,1780.6921,1780.7548,1778.2144,75.0,False,NOMINAL,HEALTHY,25.59,-11.33
MIX_LOT01_COMP0550,LOT_01,MIXED_SIGNAL_IC,CQFP-64,MIX-SIH-2026,THERMAL_BURN_IN,T01_0550,PROC-ISRO-IISU-01,ATE-STATION-01,CHAMBER-01,1.0,125.0,3.3,168,IDDQ,ELECTRICAL,uA,1.8446,1410.2195,1410.3528,1410.4506,1408.3749,-0.0092,-0.0058,35.87,36.05,1.8446,1410.2195,1410.3528,1410.4506,1408.3749,75.0,False,NOMINAL,HEALTHY,-30.52,-22.58
MIX_LOT01_COMP0551,LOT_01,MIXED_SIGNAL_IC,CQFP-64,MIX-SIH-2026,THERMAL_BURN_IN,T01_0551,PROC-ISRO-IISU-01,ATE-STATION-01,CHAMBER-01,1.0,125.0,3.3,168,IDDQ,ELECTRICAL,uA,2.6483,2035.4019,2035.5579,2035.7564,2032.7536,0.0052,-0.0244,38.17,38.31,2.6483,2035.4019,2035.5579,2035.7564,2032.7536,75.0,False,NOMINAL,HEALTHY,-36.87,-45.08
MIX_LOT01_COMP0552,LOT_01,MIXED_SIGNAL_IC,CQFP-64,MIX-SIH-2026,THERMAL_BURN_IN,T01_0552,PROC-ISRO-IISU-01,ATE-STATION-01,CHAMBER-01,1.0,125.0,3.3,168,IDDQ,ELECTRICAL,uA,2.1494,1644.6682,1644.8254,1644.9183,1642.5188,0.0046,-0.0135,33.7,33.08,2.1494,1644.6682,1644.8254,1644.9183,1642.5188,75.0,False,NOMINAL,HEALTHY,-46.34,-45.53
MIX_LOT01_COMP0553,LOT_01,MIXED_SIGNAL_IC,CQFP-64,MIX-SIH-2026,THERMAL_BURN_IN,T01_0553,PROC-ISRO-IISU-01,ATE-STATION-01,CHAMBER-01,1.0,125.0,3.3,168,IDDQ,ELECTRICAL,uA,2.6092,2027.395,2027.5968,2027.7128,2024.7858,-0.003,-0.0549,35.17,34.74,2.6092,2027.395,2027.5968,2027.7128,2024.7858,75.0,False,NOMINAL,HEALTHY,36.16,1.98
MIX_LOT01_COMP0554,LOT_01,MIXED_SIGNAL_IC,CQFP-64,MIX-SIH-2026,THERMAL_BURN_IN,T01_0554,PROC-ISRO-IISU-01,ATE-STATION-01,CHAMBER-01,1.0,125.0,3.3,168,IDDQ,ELECTRICAL,uA,2.4244,1880.4451,1880.5328,1880.6445,1878.0207,-0.0011,0.023,34.39,34.67,2.4244,1880.4451,1880.5328,1880.6445,1878.0207,75.0,False,NOMINAL,HEALTHY,18.26,8.16
MIX_LOT01_COMP0555,LOT_01,MIXED_SIGNAL_IC,CQFP-64,MIX-SIH-2026,THERMAL_BURN_IN,T01_0555,PROC-ISRO-IISU-01,ATE-STATION-01,CHAMBER-01,1.0,125.0,3.3,168,IDDQ,ELECTRICAL,uA,2.4505,1884.5156,1884.6478,1884.7347,1882.0651,0.0034,0.061,36.27,36.22,2.4505,1884.5156,1884.6478,1884.7347,1882.0651,75.0,False,NOMINAL,HEALTHY,-30.04,-35.57
MIX_LOT01_COMP0556,LOT_01,MIXED_SIGNAL_IC,CQFP-64,MIX-SIH-2026,THERMAL_BURN_IN,T01_0556,PROC-ISRO-IISU-01,ATE-STATION-01,CHAMBER-01,1.0,125.0,3.3,168,IDDQ,ELECTRICAL,uA,2.0643,1593.2943,1593.4157,1593.515,1591.23,0.0182,0.0856,36.04,35.16,2.0643,1593.2943,1593.4157,1593.515,1591.23,75.0,False,NOMINAL,HEALTHY,27.69,23.73
MIX_LOT01_COMP0557,LOT_01,MIXED_SIGNAL_IC,CQFP-64,MIX-SIH-2026,THERMAL_BURN_IN,T01_0557,PROC-ISRO-IISU-01,ATE-STATION-01,CHAMBER-01,1.0,125.0,3.3,168,IDDQ,ELECTRICAL,uA,2.1562,1650.9199,1651.0063,1651.0893,1648.7637,0.0284,0.0366,35.36,34.14,2.1562,1650.9199,1651.0063,1651.0893,1648.7637,75.0,False,NOMINAL,HEALTHY,-23.91,-15.29
MIX_LOT01_COMP0558,LOT_01,MIXED_SIGNAL_IC,CQFP-64,MIX-SIH-2026,THERMAL_BURN_IN,T01_0558,PROC-ISRO-IISU-01,ATE-STATION-01,CHAMBER-01,1.0,125.0,3.3,168,IDDQ,ELECTRICAL,uA,2.0325,1582.1489,1582.2877,1582.3309,1580.1164,0.0165,-0.0464,36.25,36.36,2.0325,1582.1489,1582.2877,1582.3309,1580.1164,75.0,False,NOMINAL,HEALTHY,49.85,30.42
MIX_LOT01_COMP0559,LOT_01,MIXED_SIGNAL_IC,CQFP-64,MIX-SIH-2026,THERMAL_BURN_IN,T01_0559,PROC-ISRO-IISU-01,ATE-STATION-01,CHAMBER-01,1.0,125.0,3.3,168,IDDQ,ELECTRICAL,uA,2.164,1683.4271,1683.5492,1683.656,1681.2631,0.0286,0.0437,34.4,34.72,2.164,1683.4271,1683.5492,1683.656,1681.2631,75.0,False,NOMINAL,HEALTHY,22.97,-38.48
MIX_LOT01_COMP0560,LOT_01,MIXED_SIGNAL_IC,CQFP-64,MIX-SIH-2026,THERMAL_BURN_IN,T01_0560,PROC-ISRO-IISU-01,ATE-STATION-01,CHAMBER-01,1.0,125.0,3.3,168,IDDQ,ELECTRICAL,uA,2.3329,1798.8359,1798.9456,1799.0678,1796.503,-0.0064,-0.0043,36.34,35.92,2.3329,1798.8359,1798.9456,1799.0678,1796.503,75.0,False,NOMINAL,HEALTHY,-35.32,-40.15
MIX_LOT01_COMP0561,LOT_01,MIXED_SIGNAL_IC,CQFP-64,MIX-SIH-2026,THERMAL_BURN_IN,T01_0561,PROC-ISRO-IISU-01,ATE-STATION-01,CHAMBER-01,1.0,125.0,3.3,168,IDDQ,ELECTRICAL,uA,2.1117,1635.1835,1635.251,1635.3909,1633.0718,0.0405,0.026,36.49,36.88,2.1117,1635.1835,1635.251,1635.3909,1633.0718,75.0,False,NOMINAL,HEALTHY,-46.55,-10.37
MIX_LOT01_COMP0562,LOT_01,MIXED_SIGNAL_IC,CQFP-64,MIX-SIH-2026,THERMAL_BURN_IN,T01_0562,PROC-ISRO-IISU-01,ATE-STATION-01,CHAMBER-01,1.0,125.0,3.3,168,IDDQ,ELECTRICAL,uA,1.7211,1342.921,1343.033,1343.0975,1341.1999,0.0029,0.0746,36.75,36.91,1.7211,1342.921,1343.033,1343.0975,1341.1999,75.0,False,NOMINAL,HEALTHY,28.21,47.65
MIX_LOT01_COMP0563,LOT_01,MIXED_SIGNAL_IC,CQFP-64,MIX-SIH-2026,THERMAL_BURN_IN,T01_0563,PROC-ISRO-IISU-01,ATE-STATION-01,CHAMBER-01,1.0,125.0,3.3,168,IDDQ,ELECTRICAL,uA,2.1285,1613.1067,1613.2021,1613.2411,1610.9782,-0.0369,-0.0312,34.74,34.84,2.1285,1613.1067,1613.2021,1613.2411,1610.9782,75.0,False,NOMINAL,HEALTHY,-25.09,-26.74
MIX_LOT01_COMP0564,LOT_01,MIXED_SIGNAL_IC,CQFP-64,MIX-SIH-2026,THERMAL_BURN_IN,T01_0564,PROC-ISRO-IISU-01,ATE-STATION-01,CHAMBER-01,1.0,125.0,3.3,168,IDDQ,ELECTRICAL,uA,2.0537,1588.1058,1588.2178,1588.3182,1586.0521,0.0123,0.0286,34.28,35.32,2.0537,1588.1058,1588.2178,1588.3182,1586.0521,75.0,False,NOMINAL,HEALTHY,-5.65,13.58
MIX_LOT01_COMP0565,LOT_01,MIXED_SIGNAL_IC,CQFP-64,MIX-SIH-2026,THERMAL_BURN_IN,T01_0565,PROC-ISRO-IISU-01,ATE-STATION-01,CHAMBER-01,1.0,125.0,3.3,168,IDDQ,ELECTRICAL,uA,2.6013,2006.1026,2006.2586,2006.3373,2003.5013,0.0145,-0.0621,35.64,35.44,2.6013,2006.1026,2006.2586,2006.3373,2003.5013,75.0,False,NOMINAL,HEALTHY,2.15,24.61
MIX_LOT01_COMP0566,LOT_01,MIXED_SIGNAL_IC,CQFP-64,MIX-SIH-2026,THERMAL_BURN_IN,T01_0566,PROC-ISRO-IISU-01,ATE-STATION-01,CHAMBER-01,1.0,125.0,3.3,168,IDDQ,ELECTRICAL,uA,2.2152,1694.8107,1694.9729,1695.0078,1692.5955,-0.0052,0.0077,32.4,33.39,2.2152,1694.8107,1694.9729,1695.0078,1692.5955,75.0,False,NOMINAL,HEALTHY,33.63,-35.27
MIX_LOT01_COMP0567,LOT_01,MIXED_SIGNAL_IC,CQFP-64,MIX-SIH-2026,THERMAL_BURN_IN,T01_0567,PROC-ISRO-IISU-01,ATE-STATION-01,CHAMBER-01,1.0,125.0,3.3,168,IDDQ,ELECTRICAL,uA,1.7642,1333.5186,1333.6002,1333.6745,1331.7544,0.0003,0.0517,34.68,33.99,1.7642,1333.5186,1333.6002,1333.6745,1331.7544,75.0,False,NOMINAL,HEALTHY,7.75,28.45
MIX_LOT01_COMP0568,LOT_01,MIXED_SIGNAL_IC,CQFP-64,MIX-SIH-2026,THERMAL_BURN_IN,T01_0568,PROC-ISRO-IISU-01,ATE-STATION-01,CHAMBER-01,1.0,125.0,3.3,168,IDDQ,ELECTRICAL,uA,1.8182,1376.9048,1376.9572,1377.0276,1375.0866,0.0087,-0.0092,33.94,33.63,1.8182,1376.9048,1376.9572,1377.0276,1375.0866,75.0,False,NOMINAL,HEALTHY,33.0,-22.71
MIX_LOT01_COMP0569,LOT_01,MIXED_SIGNAL_IC,CQFP-64,MIX-SIH-2026,THERMAL_BURN_IN,T01_0569,PROC-ISRO-IISU-01,ATE-STATION-01,CHAMBER-01,1.0,125.0,3.3,168,IDDQ,ELECTRICAL,uA,1.8357,1413.0849,1413.2653,1413.3117,1411.2492,0.0065,-0.0832,33.53,33.13,1.8357,1413.0849,1413.2653,1413.3117,1411.2492,75.0,False,NOMINAL,HEALTHY,-31.12,29.54
MIX_LOT01_COMP0570,LOT_01,MIXED_SIGNAL_IC,CQFP-64,MIX-SIH-2026,THERMAL_BURN_IN,T01_0570,PROC-ISRO-IISU-01,ATE-STATION-01,CHAMBER-01,1.0,125.0,3.3,168,IDDQ,ELECTRICAL,uA,2.0724,1609.4817,1609.6412,1609.7343,1607.4093,-0.0231,-0.0055,35.71,35.67,2.0724,1609.4817,1609.6412,1609.7343,1607.4093,75.0,False,NOMINAL,HEALTHY,-12.95,13.73
MIX_LOT01_COMP0571,LOT_01,MIXED_SIGNAL_IC,CQFP-64,MIX-SIH-2026,THERMAL_BURN_IN,T01_0571,PROC-ISRO-IISU-01,ATE-STATION-01,CHAMBER-01,1.0,125.0,3.3,168,IDDQ,ELECTRICAL,uA,2.1665,1673.2579,1673.3829,1673.464,1671.0914,-0.012,-0.0085,34.17,33.84,2.1665,1673.2579,1673.3829,1673.464,1671.0914,75.0,False,NOMINAL,HEALTHY,-1.4,-48.69
MIX_LOT01_COMP0572,LOT_01,MIXED_SIGNAL_IC,CQFP-64,MIX-SIH-2026,THERMAL_BURN_IN,T01_0572,PROC-ISRO-IISU-01,ATE-STATION-01,CHAMBER-01,1.0,125.0,3.3,168,IDDQ,ELECTRICAL,uA,1.9505,1490.4534,1490.5637,1490.6622,1488.5029,0.0021,0.0674,36.92,36.41,1.9505,1490.4534,1490.5637,1490.6622,1488.5029,75.0,False,NOMINAL,HEALTHY,-31.42,-6.86
MIX_LOT01_COMP0573,LOT_01,MIXED_SIGNAL_IC,CQFP-64,MIX-SIH-2026,THERMAL_BURN_IN,T01_0573,PROC-ISRO-IISU-01,ATE-STATION-01,CHAMBER-01,1.0,125.0,3.3,168,IDDQ,ELECTRICAL,uA,1.8529,1408.9831,1409.0708,1409.1362,1407.1302,-0.0149,0.0166,34.2,34.66,1.8529,1408.9831,1409.0708,1409.1362,1407.1302,75.0,False,NOMINAL,HEALTHY,-1.81,-40.63
MIX_LOT01_COMP0574,LOT_01,MIXED_SIGNAL_IC,CQFP-64,MIX-SIH-2026,THERMAL_BURN_IN,T01_0574,PROC-ISRO-IISU-01,ATE-STATION-01,CHAMBER-01,1.0,125.0,3.3,168,IDDQ,ELECTRICAL,uA,2.1809,1688.7376,1688.8919,1688.9998,1686.5567,-0.006,0.0103,36.22,36.31,2.1809,1688.7376,1688.8919,1688.9998,1686.5567,75.0,False,NOMINAL,HEALTHY,14.66,44.92
MIX_LOT01_COMP0575,LOT_01,MIXED_SIGNAL_IC,CQFP-64,MIX-SIH-2026,THERMAL_BURN_IN,T01_0575,PROC-ISRO-IISU-01,ATE-STATION-01,CHAMBER-01,1.0,125.0,3.3,168,IDDQ,ELECTRICAL,uA,2.2027,1706.7647,1706.9444,1706.9852,1704.562,0.0028,0.0547,35.84,36.23,2.2027,1706.7647,1706.9444,1706.9852,1704.562,75.0,False,NOMINAL,HEALTHY,-13.0,-26.86
MIX_LOT01_COMP0576,LOT_01,MIXED_SIGNAL_IC,CQFP-64,MIX-SIH-2026,THERMAL_BURN_IN,T01_0576,PROC-ISRO-IISU-01,ATE-STATION-01,CHAMBER-01,1.0,125.0,3.3,168,IDDQ,ELECTRICAL,uA,1.9209,1493.0,1493.0544,1493.1666,1491.0791,-0.0079,0.0544,33.42,33.58,1.9209,1493.0,1493.0544,1493.1666,1491.0791,75.0,False,NOMINAL,HEALTHY,33.02,-18.83
MIX_LOT01_COMP0577,LOT_01,MIXED_SIGNAL_IC,CQFP-64,MIX-SIH-2026,THERMAL_BURN_IN,T01_0577,PROC-ISRO-IISU-01,ATE-STATION-01,CHAMBER-01,1.0,125.0,3.3,168,IDDQ,ELECTRICAL,uA,1.8975,1460.0055,1460.105,1460.1579,1458.108,-0.0415,-0.0135,33.59,33.43,1.8975,1460.0055,1460.105,1460.1579,1458.108,75.0,False,NOMINAL,HEALTHY,-19.15,-24.78
MIX_LOT01_COMP0578,LOT_01,MIXED_SIGNAL_IC,CQFP-64,MIX-SIH-2026,THERMAL_BURN_IN,T01_0578,PROC-ISRO-IISU-01,ATE-STATION-01,CHAMBER-01,1.0,125.0,3.3,168,IDDQ,ELECTRICAL,uA,1.8422,1424.8587,1424.9894,1425.0797,1423.0165,0.0201,0.0766,35.57,35.05,1.8422,1424.8587,1424.9894,1425.0797,1423.0165,75.0,False,NOMINAL,HEALTHY,39.35,31.26
MIX_LOT01_COMP0579,LOT_01,MIXED_SIGNAL_IC,CQFP-64,MIX-SIH-2026,THERMAL_BURN_IN,T01_0579,PROC-ISRO-IISU-01,ATE-STATION-01,CHAMBER-01,1.0,125.0,3.3,168,IDDQ,ELECTRICAL,uA,1.9796,1537.2149,1537.3136,1537.3874,1535.2353,0.0016,-0.03,35.91,35.64,1.9796,1537.2149,1537.3136,1537.3874,1535.2353,75.0,False,NOMINAL,HEALTHY,-11.56,2.25
MIX_LOT01_COMP0580,LOT_01,MIXED_SIGNAL_IC,CQFP-64,MIX-SIH-2026,THERMAL_BURN_IN,T01_0580,PROC-ISRO-IISU-01,ATE-STATION-01,CHAMBER-01,1.0,125.0,3.3,168,IDDQ,ELECTRICAL,uA,2.4651,1905.0608,1905.1564,1905.2988,1902.5957,-0.0052,-0.0168,34.2,34.89,2.4651,1905.0608,1905.1564,1905.2988,1902.5957,75.0,False,NOMINAL,HEALTHY,-5.0,-17.64
MIX_LOT01_COMP0581,LOT_01,MIXED_SIGNAL_IC,CQFP-64,MIX-SIH-2026,THERMAL_BURN_IN,T01_0581,PROC-ISRO-IISU-01,ATE-STATION-01,CHAMBER-01,1.0,125.0,3.3,168,IDDQ,ELECTRICAL,uA,2.3084,1778.0989,1778.2558,1778.2766,1775.7905,0.0091,0.0785,34.39,34.26,2.3084,1778.0989,1778.2558,1778.2766,1775.7905,75.0,False,NOMINAL,HEALTHY,32.49,19.17
MIX_LOT01_COMP0582,LOT_01,MIXED_SIGNAL_IC,CQFP-64,MIX-SIH-2026,THERMAL_BURN_IN,T01_0582,PROC-ISRO-IISU-01,ATE-STATION-01,CHAMBER-01,1.0,125.0,3.3,168,IDDQ,ELECTRICAL,uA,1.606,1232.2477,1232.3417,1232.3678,1230.6417,0.0243,-0.0137,33.49,33.08,1.606,1232.2477,1232.3417,1232.3678,1230.6417,75.0,False,NOMINAL,HEALTHY,-37.35,28.22
MIX_LOT01_COMP0583,LOT_01,MIXED_SIGNAL_IC,CQFP-64,MIX-SIH-2026,THERMAL_BURN_IN,T01_0583,PROC-ISRO-IISU-01,ATE-STATION-01,CHAMBER-01,1.0,125.0,3.3,168,IDDQ,ELECTRICAL,uA,1.9446,1496.4288,1496.5348,1496.5801,1494.4842,0.0242,0.1029,38.44,38.55,1.9446,1496.4288,1496.5348,1496.5801,1494.4842,75.0,False,NOMINAL,HEALTHY,17.44,-6.21
MIX_LOT01_COMP0584,LOT_01,MIXED_SIGNAL_IC,CQFP-64,MIX-SIH-2026,THERMAL_BURN_IN,T01_0584,PROC-ISRO-IISU-01,ATE-STATION-01,CHAMBER-01,1.0,125.0,3.3,168,IDDQ,ELECTRICAL,uA,2.4998,1920.1566,1920.2814,1920.4117,1917.6568,-0.0033,-0.015,36.48,36.76,2.4998,1920.1566,1920.2814,1920.4117,1917.6568,75.0,False,NOMINAL,HEALTHY,-2.59,-14.49
MIX_LOT01_COMP0585,LOT_01,MIXED_SIGNAL_IC,CQFP-64,MIX-SIH-2026,THERMAL_BURN_IN,T01_0585,PROC-ISRO-IISU-01,ATE-STATION-01,CHAMBER-01,1.0,125.0,3.3,168,IDDQ,ELECTRICAL,uA,2.0901,1624.7632,1624.823,1624.9417,1622.6731,-0.0469,-0.0094,34.75,34.25,2.0901,1624.7632,1624.823,1624.9417,1622.6731,75.0,False,NOMINAL,HEALTHY,-17.51,-42.84
MIX_LOT01_COMP0586,LOT_01,MIXED_SIGNAL_IC,CQFP-64,MIX-SIH-2026,THERMAL_BURN_IN,T01_0586,PROC-ISRO-IISU-01,ATE-STATION-01,CHAMBER-01,1.0,125.0,3.3,168,IDDQ,ELECTRICAL,uA,2.1651,1676.6505,1676.8474,1676.9056,1674.4854,0.0251,0.0156,33.78,33.45,2.1651,1676.6505,1676.8474,1676.9056,1674.4854,75.0,False,NOMINAL,HEALTHY,-32.86,42.42
MIX_LOT01_COMP0587,LOT_01,MIXED_SIGNAL_IC,CQFP-64,MIX-SIH-2026,THERMAL_BURN_IN,T01_0587,PROC-ISRO-IISU-01,ATE-STATION-01,CHAMBER-01,1.0,125.0,3.3,168,IDDQ,ELECTRICAL,uA,1.4615,1136.6454,1136.6805,1136.7594,1135.1839,0.0161,0.0763,34.79,34.92,1.4615,1136.6454,1136.6805,1136.7594,1135.1839,75.0,False,NOMINAL,HEALTHY,-31.98,8.15
MIX_LOT01_COMP0588,LOT_01,MIXED_SIGNAL_IC,CQFP-64,MIX-SIH-2026,THERMAL_BURN_IN,T01_0588,PROC-ISRO-IISU-01,ATE-STATION-01,CHAMBER-01,1.0,125.0,3.3,168,IDDQ,ELECTRICAL,uA,1.9131,1489.2494,1489.3695,1489.4693,1487.3363,-0.0204,0.0293,35.63,35.84,1.9131,1489.2494,1489.3695,1489.4693,1487.3363,75.0,False,NOMINAL,HEALTHY,34.74,9.45
MIX_LOT01_COMP0589,LOT_01,MIXED_SIGNAL_IC,CQFP-64,MIX-SIH-2026,THERMAL_BURN_IN,T01_0589,PROC-ISRO-IISU-01,ATE-STATION-01,CHAMBER-01,1.0,125.0,3.3,168,IDDQ,ELECTRICAL,uA,1.9933,1534.371,1534.4789,1534.5872,1532.3777,-0.0085,0.0306,36.05,36.27,1.9933,1534.371,1534.4789,1534.5872,1532.3777,75.0,False,NOMINAL,HEALTHY,-30.53,28.05
MIX_LOT01_COMP0590,LOT_01,MIXED_SIGNAL_IC,CQFP-64,MIX-SIH-2026,THERMAL_BURN_IN,T01_0590,PROC-ISRO-IISU-01,ATE-STATION-01,CHAMBER-01,1.0,125.0,3.3,168,IDDQ,ELECTRICAL,uA,1.9911,1525.8172,1525.9527,1525.9934,1523.8261,-0.0092,0.1579,34.17,34.17,1.9911,1525.8172,1525.9527,1525.9934,1523.8261,75.0,False,NOMINAL,HEALTHY,-1.89,25.22
MIX_LOT01_COMP0591,LOT_01,MIXED_SIGNAL_IC,CQFP-64,MIX-SIH-2026,THERMAL_BURN_IN,T01_0591,PROC-ISRO-IISU-01,ATE-STATION-01,CHAMBER-01,1.0,125.0,3.3,168,IDDQ,ELECTRICAL,uA,2.2604,1756.9833,1757.139,1757.2237,1754.7229,-0.0034,-0.0156,37.61,37.13,2.2604,1756.9833,1757.139,1757.2237,1754.7229,75.0,False,NOMINAL,HEALTHY,-49.01,-18.98
MIX_LOT01_COMP0592,LOT_01,MIXED_SIGNAL_IC,CQFP-64,MIX-SIH-2026,THERMAL_BURN_IN,T01_0592,PROC-ISRO-IISU-01,ATE-STATION-01,CHAMBER-01,1.0,125.0,3.3,168,IDDQ,ELECTRICAL,uA,2.0367,1569.4973,1569.6101,1569.7216,1567.4606,0.0203,-0.0096,37.57,36.85,2.0367,1569.4973,1569.6101,1569.7216,1567.4606,75.0,False,NOMINAL,HEALTHY,-11.52,29.5
MIX_LOT01_COMP0593,LOT_01,MIXED_SIGNAL_IC,CQFP-64,MIX-SIH-2026,THERMAL_BURN_IN,T01_0593,PROC-ISRO-IISU-01,ATE-STATION-01,CHAMBER-01,1.0,125.0,3.3,168,IDDQ,ELECTRICAL,uA,2.199,1694.6332,1694.75,1694.7936,1692.4342,0.0001,0.0413,33.39,33.59,2.199,1694.6332,1694.75,1694.7936,1692.4342,75.0,False,NOMINAL,HEALTHY,0.37,14.99
MIX_LOT01_COMP0594,LOT_01,MIXED_SIGNAL_IC,CQFP-64,MIX-SIH-2026,THERMAL_BURN_IN,T01_0594,PROC-ISRO-IISU-01,ATE-STATION-01,CHAMBER-01,1.0,125.0,3.3,168,IDDQ,ELECTRICAL,uA,2.2208,1704.6745,1704.769,1704.9327,1702.4537,0.0031,-0.0665,35.22,35.47,2.2208,1704.6745,1704.769,1704.9327,1702.4537,75.0,False,NOMINAL,HEALTHY,-22.74,-23.38
MIX_LOT01_COMP0595,LOT_01,MIXED_SIGNAL_IC,CQFP-64,MIX-SIH-2026,THERMAL_BURN_IN,T01_0595,PROC-ISRO-IISU-01,ATE-STATION-01,CHAMBER-01,1.0,125.0,3.3,168,IDDQ,ELECTRICAL,uA,2.3553,1808.4605,1808.6269,1808.7616,1806.1052,0.01,-0.0246,35.49,35.94,2.3553,1808.4605,1808.6269,1808.7616,1806.1052,75.0,False,NOMINAL,HEALTHY,24.53,-14.61
MIX_LOT01_COMP0596,LOT_01,MIXED_SIGNAL_IC,CQFP-64,MIX-SIH-2026,THERMAL_BURN_IN,T01_0596,PROC-ISRO-IISU-01,ATE-STATION-01,CHAMBER-01,1.0,125.0,3.3,168,IDDQ,ELECTRICAL,uA,1.5467,1179.7862,1179.8437,1179.9247,1178.2395,-0.0235,-0.014,35.23,35.68,1.5467,1179.7862,1179.8437,1179.9247,1178.2395,75.0,False,NOMINAL,HEALTHY,-17.03,-17.18
MIX_LOT01_COMP0597,LOT_01,MIXED_SIGNAL_IC,CQFP-64,MIX-SIH-2026,THERMAL_BURN_IN,T01_0597,PROC-ISRO-IISU-01,ATE-STATION-01,CHAMBER-01,1.0,125.0,3.3,168,IDDQ,ELECTRICAL,uA,2.0849,1590.9372,1591.1012,1591.1357,1588.8523,0.0314,0.0127,35.29,35.16,2.0849,1590.9372,1591.1012,1591.1357,1588.8523,75.0,False,NOMINAL,HEALTHY,-1.45,15.03
MIX_LOT01_COMP0598,LOT_01,MIXED_SIGNAL_IC,CQFP-64,MIX-SIH-2026,THERMAL_BURN_IN,T01_0598,PROC-ISRO-IISU-01,ATE-STATION-01,CHAMBER-01,1.0,125.0,3.3,168,IDDQ,ELECTRICAL,uA,1.8747,1436.4395,1436.6172,1436.6197,1434.5648,0.0045,-0.0649,34.87,35.46,1.8747,1436.4395,1436.6172,1436.6197,1434.5648,75.0,False,NOMINAL,HEALTHY,17.06,-7.36
MIX_LOT01_COMP0599,LOT_01,MIXED_SIGNAL_IC,CQFP-64,MIX-SIH-2026,THERMAL_BURN_IN,T01_0599,PROC-ISRO-IISU-01,ATE-STATION-01,CHAMBER-01,1.0,125.0,3.3,168,IDDQ,ELECTRICAL,uA,2.4715,1902.4819,1902.6146,1902.6729,1900.0104,-0.0129,-0.0362,34.57,34.33,2.4715,1902.4819,1902.6146,1902.6729,1900.0104,75.0,False,NOMINAL,HEALTHY,8.02,-23.21
MIX_LOT01_COMP0600,LOT_01,MIXED_SIGNAL_IC,CQFP-64,MIX-SIH-2026,THERMAL_BURN_IN,T01_0600,PROC-ISRO-IISU-01,ATE-STATION-01,CHAMBER-01,1.0,125.0,3.3,168,IDDQ,ELECTRICAL,uA,1.8916,1459.4079,1459.4713,1459.5895,1457.5163,-0.0044,0.0146,34.87,34.4,1.8916,1459.4079,1459.4713,1459.5895,1457.5163,75.0,False,NOMINAL,HEALTHY,-29.71,29.14
MIX_LOT01_COMP0601,LOT_01,MIXED_SIGNAL_IC,CQFP-64,MIX-SIH-2026,THERMAL_BURN_IN,T01_0601,PROC-ISRO-IISU-01,ATE-STATION-01,CHAMBER-01,1.0,125.0,3.3,168,IDDQ,ELECTRICAL,uA,2.1944,1703.1176,1703.2658,1703.3864,1700.9232,0.0193,0.0796,36.09,36.88,2.1944,1703.1176,1703.2658,1703.3864,1700.9232,75.0,False,NOMINAL,HEALTHY,42.17,-22.9
MIX_LOT01_COMP0602,LOT_01,MIXED_SIGNAL_IC,CQFP-64,MIX-SIH-2026,THERMAL_BURN_IN,T01_0602,PROC-ISRO-IISU-01,ATE-STATION-01,CHAMBER-01,1.0,125.0,3.3,168,IDDQ,ELECTRICAL,uA,2.1889,1687.6968,1687.836,1687.8812,1685.5079,0.0019,-0.0093,33.79,34.21,2.1889,1687.6968,1687.836,1687.8812,1685.5079,75.0,False,NOMINAL,HEALTHY,47.0,11.89
MIX_LOT01_COMP0603,LOT_01,MIXED_SIGNAL_IC,CQFP-64,MIX-SIH-2026,THERMAL_BURN_IN,T01_0603,PROC-ISRO-IISU-01,ATE-STATION-01,CHAMBER-01,1.0,125.0,3.3,168,IDDQ,ELECTRICAL,uA,1.9675,1529.8008,1529.9433,1530.0332,1527.8333,-0.0245,-0.014,34.5,34.95,1.9675,1529.8008,1529.9433,1530.0332,1527.8333,75.0,False,NOMINAL,HEALTHY,9.3,-39.84
MIX_LOT01_COMP0604,LOT_01,MIXED_SIGNAL_IC,CQFP-64,MIX-SIH-2026,THERMAL_BURN_IN,T01_0604,PROC-ISRO-IISU-01,ATE-STATION-01,CHAMBER-01,1.0,125.0,3.3,168,IDDQ,ELECTRICAL,uA,2.1218,1637.5646,1637.7086,1637.7749,1635.4428,-0.0274,0.0049,34.08,34.17,2.1218,1637.5646,1637.7086,1637.7749,1635.4428,75.0,False,NOMINAL,HEALTHY,-19.65,-35.74
MIX_LOT01_COMP0605,LOT_01,MIXED_SIGNAL_IC,CQFP-64,MIX-SIH-2026,THERMAL_BURN_IN,T01_0605,PROC-ISRO-IISU-01,ATE-STATION-01,CHAMBER-01,1.0,125.0,3.3,168,IDDQ,ELECTRICAL,uA,2.444,1879.6338,1879.8122,1879.8798,1877.1898,-0.0007,0.0303,34.4,35.29,2.444,1879.6338,1879.8122,1879.8798,1877.1898,75.0,False,NOMINAL,HEALTHY,47.13,5.36
MIX_LOT01_COMP0606,LOT_01,MIXED_SIGNAL_IC,CQFP-64,MIX-SIH-2026,THERMAL_BURN_IN,T01_0606,PROC-ISRO-IISU-01,ATE-STATION-01,CHAMBER-01,1.0,125.0,3.3,168,IDDQ,ELECTRICAL,uA,1.9027,1478.7418,1478.8721,1478.9101,1476.8391,-0.0287,0.0226,35.84,35.7,1.9027,1478.7418,1478.8721,1478.9101,1476.8391,75.0,False,NOMINAL,HEALTHY,-18.75,-45.14
MIX_LOT01_COMP0607,LOT_01,MIXED_SIGNAL_IC,CQFP-64,MIX-SIH-2026,THERMAL_BURN_IN,T01_0607,PROC-ISRO-IISU-01,ATE-STATION-01,CHAMBER-01,1.0,125.0,3.3,168,IDDQ,ELECTRICAL,uA,1.7061,1316.5642,1316.6347,1316.762,1314.8581,0.0199,0.0785,36.6,36.32,1.7061,1316.5642,1316.6347,1316.762,1314.8581,75.0,False,NOMINAL,HEALTHY,42.86,-36.39
MIX_LOT01_COMP0608,LOT_01,MIXED_SIGNAL_IC,CQFP-64,MIX-SIH-2026,THERMAL_BURN_IN,T01_0608,PROC-ISRO-IISU-01,ATE-STATION-01,CHAMBER-01,1.0,125.0,3.3,168,IDDQ,ELECTRICAL,uA,1.6273,1273.3446,1273.4518,1273.4999,1271.7173,-0.0002,-0.0392,35.61,35.42,1.6273,1273.3446,1273.4518,1273.4999,1271.7173,75.0,False,NOMINAL,HEALTHY,-46.4,32.96
MIX_LOT01_COMP0609,LOT_01,MIXED_SIGNAL_IC,CQFP-64,MIX-SIH-2026,THERMAL_BURN_IN,T01_0609,PROC-ISRO-IISU-01,ATE-STATION-01,CHAMBER-01,1.0,125.0,3.3,168,IDDQ,ELECTRICAL,uA,2.3432,1800.0451,1800.2177,1800.2532,1797.7019,0.0165,-0.0292,33.54,32.64,2.3432,1800.0451,1800.2177,1800.2532,1797.7019,75.0,False,NOMINAL,HEALTHY,28.8,-27.73
MIX_LOT01_COMP0610,LOT_01,MIXED_SIGNAL_IC,CQFP-64,MIX-SIH-2026,THERMAL_BURN_IN,T01_0610,PROC-ISRO-IISU-01,ATE-STATION-01,CHAMBER-01,1.0,125.0,3.3,168,IDDQ,ELECTRICAL,uA,2.0685,1595.9732,1596.1044,1596.1627,1593.9047,-0.0065,-0.0632,34.64,35.05,2.0685,1595.9732,1596.1044,1596.1627,1593.9047,75.0,False,NOMINAL,HEALTHY,-27.64,-47.5
MIX_LOT01_COMP0611,LOT_01,MIXED_SIGNAL_IC,CQFP-64,MIX-SIH-2026,THERMAL_BURN_IN,T01_0611,PROC-ISRO-IISU-01,ATE-STATION-01,CHAMBER-01,1.0,125.0,3.3,168,IDDQ,ELECTRICAL,uA,2.3693,1828.8263,1829.0336,1829.0069,1826.457,0.0096,0.0901,34.99,34.2,2.3693,1828.8263,1829.0336,1829.0069,1826.457,75.0,False,NOMINAL,HEALTHY,-47.63,0.85
MIX_LOT01_COMP0612,LOT_01,MIXED_SIGNAL_IC,CQFP-64,MIX-SIH-2026,THERMAL_BURN_IN,T01_0612,PROC-ISRO-IISU-01,ATE-STATION-01,CHAMBER-01,1.0,125.0,3.3,168,IDDQ,ELECTRICAL,uA,1.8327,1406.1518,1406.3181,1406.3439,1404.3191,0.0006,0.0624,34.31,33.9,1.8327,1406.1518,1406.3181,1406.3439,1404.3191,75.0,False,NOMINAL,HEALTHY,37.83,7.3
MIX_LOT01_COMP0613,LOT_01,MIXED_SIGNAL_IC,CQFP-64,MIX-SIH-2026,THERMAL_BURN_IN,T01_0613,PROC-ISRO-IISU-01,ATE-STATION-01,CHAMBER-01,1.0,125.0,3.3,168,IDDQ,ELECTRICAL,uA,2.6145,2041.7814,2041.9657,2042.0425,2039.1669,-0.0228,-0.0246,34.74,34.63,2.6145,2041.7814,2041.9657,2042.0425,2039.1669,75.0,False,NOMINAL,HEALTHY,-41.88,-8.19
MIX_LOT01_COMP0614,LOT_01,MIXED_SIGNAL_IC,CQFP-64,MIX-SIH-2026,THERMAL_BURN_IN,T01_0614,PROC-ISRO-IISU-01,ATE-STATION-01,CHAMBER-01,1.0,125.0,3.3,168,IDDQ,ELECTRICAL,uA,2.0065,1552.9158,1552.9749,1553.1188,1550.9093,0.0228,0.0922,35.73,35.51,2.0065,1552.9158,1552.9749,1553.1188,1550.9093,75.0,False,NOMINAL,HEALTHY,11.05,-23.17
MIX_LOT01_COMP0615,LOT_01,MIXED_SIGNAL_IC,CQFP-64,MIX-SIH-2026,THERMAL_BURN_IN,T01_0615,PROC-ISRO-IISU-01,ATE-STATION-01,CHAMBER-01,1.0,125.0,3.3,168,IDDQ,ELECTRICAL,uA,2.1874,1702.7222,1702.8717,1702.9455,1700.5348,-0.0185,0.0688,36.99,36.91,2.1874,1702.7222,1702.8717,1702.9455,1700.5348,75.0,False,NOMINAL,HEALTHY,-21.83,-14.63
MIX_LOT01_COMP0616,LOT_01,MIXED_SIGNAL_IC,CQFP-64,MIX-SIH-2026,THERMAL_BURN_IN,T01_0616,PROC-ISRO-IISU-01,ATE-STATION-01,CHAMBER-01,1.0,125.0,3.3,168,IDDQ,ELECTRICAL,uA,1.9363,1475.2304,1475.3009,1475.4076,1473.2941,-0.005,0.1058,34.36,34.19,1.9363,1475.2304,1475.3009,1475.4076,1473.2941,75.0,False,NOMINAL,HEALTHY,-32.69,11.42
MIX_LOT01_COMP0617,LOT_01,MIXED_SIGNAL_IC,CQFP-64,MIX-SIH-2026,THERMAL_BURN_IN,T01_0617,PROC-ISRO-IISU-01,ATE-STATION-01,CHAMBER-01,1.0,125.0,3.3,168,IDDQ,ELECTRICAL,uA,2.0732,1597.8193,1597.98,1597.9966,1595.7461,0.0087,0.0151,36.69,37.17,2.0732,1597.8193,1597.98,1597.9966,1595.7461,75.0,False,NOMINAL,HEALTHY,1.81,43.71
MIX_LOT01_COMP0618,LOT_01,MIXED_SIGNAL_IC,CQFP-64,MIX-SIH-2026,THERMAL_BURN_IN,T01_0618,PROC-ISRO-IISU-01,ATE-STATION-01,CHAMBER-01,1.0,125.0,3.3,168,IDDQ,ELECTRICAL,uA,1.8001,1369.5458,1369.6542,1369.664,1367.7457,-0.0075,-0.0198,34.63,35.62,1.8001,1369.5458,1369.6542,1369.664,1367.7457,75.0,False,NOMINAL,HEALTHY,-47.44,-41.85
MIX_LOT01_COMP0619,LOT_01,MIXED_SIGNAL_IC,CQFP-64,MIX-SIH-2026,THERMAL_BURN_IN,T01_0619,PROC-ISRO-IISU-01,ATE-STATION-01,CHAMBER-01,1.0,125.0,3.3,168,IDDQ,ELECTRICAL,uA,2.5323,1960.2882,1960.3701,1960.473,1957.7559,-0.0036,-0.0354,37.06,37.28,2.5323,1960.2882,1960.3701,1960.473,1957.7559,75.0,False,NOMINAL,HEALTHY,33.0,-11.52
MIX_LOT01_COMP0620,LOT_01,MIXED_SIGNAL_IC,CQFP-64,MIX-SIH-2026,THERMAL_BURN_IN,T01_0620,PROC-ISRO-IISU-01,ATE-STATION-01,CHAMBER-01,1.0,125.0,3.3,168,IDDQ,ELECTRICAL,uA,2.0006,1540.6737,1540.8168,1540.8635,1538.6731,-0.015,-0.0653,38.46,38.23,2.0006,1540.6737,1540.8168,1540.8635,1538.6731,75.0,False,NOMINAL,HEALTHY,-38.34,33.74
MIX_LOT01_COMP0621,LOT_01,MIXED_SIGNAL_IC,CQFP-64,MIX-SIH-2026,THERMAL_BURN_IN,T01_0621,PROC-ISRO-IISU-01,ATE-STATION-01,CHAMBER-01,1.0,125.0,3.3,168,IDDQ,ELECTRICAL,uA,2.5155,1948.8761,1949.043,1949.1416,1946.3606,0.0226,0.0297,34.26,33.95,2.5155,1948.8761,1949.043,1949.1416,1946.3606,75.0,False,NOMINAL,HEALTHY,-12.95,40.68
MIX_LOT01_COMP0622,LOT_01,MIXED_SIGNAL_IC,CQFP-64,MIX-SIH-2026,THERMAL_BURN_IN,T01_0622,PROC-ISRO-IISU-01,ATE-STATION-01,CHAMBER-01,1.0,125.0,3.3,168,IDDQ,ELECTRICAL,uA,2.0682,1611.7029,1611.8356,1611.8912,1609.6347,-0.0166,-0.0235,32.88,32.07,2.0682,1611.7029,1611.8356,1611.8912,1609.6347,75.0,False,NOMINAL,HEALTHY,44.03,33.21
MIX_LOT01_COMP0623,LOT_01,MIXED_SIGNAL_IC,CQFP-64,MIX-SIH-2026,THERMAL_BURN_IN,T01_0623,PROC-ISRO-IISU-01,ATE-STATION-01,CHAMBER-01,1.0,125.0,3.3,168,IDDQ,ELECTRICAL,uA,1.7702,1355.4993,1355.5788,1355.7051,1353.7291,-0.0069,-0.0943,36.88,37.69,1.7702,1355.4993,1355.5788,1355.7051,1353.7291,75.0,False,NOMINAL,HEALTHY,11.82,-23.16
MIX_LOT01_COMP0624,LOT_01,MIXED_SIGNAL_IC,CQFP-64,MIX-SIH-2026,THERMAL_BURN_IN,T01_0624,PROC-ISRO-IISU-01,ATE-STATION-01,CHAMBER-01,1.0,125.0,3.3,168,IDDQ,ELECTRICAL,uA,2.3074,1766.8682,1767.0115,1767.1517,1764.5608,-0.0057,-0.0362,35.87,35.22,2.3074,1766.8682,1767.0115,1767.1517,1764.5608,75.0,False,NOMINAL,HEALTHY,13.3,-30.96
MIX_LOT01_COMP0625,LOT_01,MIXED_SIGNAL_IC,CQFP-64,MIX-SIH-2026,THERMAL_BURN_IN,T01_0625,PROC-ISRO-IISU-01,ATE-STATION-01,CHAMBER-01,1.0,125.0,3.3,168,IDDQ,ELECTRICAL,uA,2.0358,1574.1069,1574.2359,1574.2502,1572.0711,-0.0201,-0.1225,35.31,36.09,2.0358,1574.1069,1574.2359,1574.2502,1572.0711,75.0,False,NOMINAL,HEALTHY,-6.48,-34.95
MIX_LOT01_COMP0626,LOT_01,MIXED_SIGNAL_IC,CQFP-64,MIX-SIH-2026,THERMAL_BURN_IN,T01_0626,PROC-ISRO-IISU-01,ATE-STATION-01,CHAMBER-01,1.0,125.0,3.3,168,IDDQ,ELECTRICAL,uA,2.4752,1890.4442,1890.5764,1890.6391,1887.969,0.0232,-0.109,34.94,34.42,2.4752,1890.4442,1890.5764,1890.6391,1887.969,75.0,False,NOMINAL,HEALTHY,-6.1,47.6
MIX_LOT01_COMP0627,LOT_01,MIXED_SIGNAL_IC,CQFP-64,MIX-SIH-2026,THERMAL_BURN_IN,T01_0627,PROC-ISRO-IISU-01,ATE-STATION-01,CHAMBER-01,1.0,125.0,3.3,168,IDDQ,ELECTRICAL,uA,2.1908,1698.4213,1698.5623,1698.6941,1696.2305,-0.0217,-0.027,34.7,35.34,2.1908,1698.4213,1698.5623,1698.6941,1696.2305,75.0,False,NOMINAL,HEALTHY,-33.97,6.55
MIX_LOT01_COMP0628,LOT_01,MIXED_SIGNAL_IC,CQFP-64,MIX-SIH-2026,THERMAL_BURN_IN,T01_0628,PROC-ISRO-IISU-01,ATE-STATION-01,CHAMBER-01,1.0,125.0,3.3,168,IDDQ,ELECTRICAL,uA,1.9562,1510.0666,1510.1765,1510.2096,1508.1104,0.0012,0.0421,33.82,34.39,1.9562,1510.0666,1510.1765,1510.2096,1508.1104,75.0,False,NOMINAL,HEALTHY,-43.29,5.48
MIX_LOT01_COMP0629,LOT_01,MIXED_SIGNAL_IC,CQFP-64,MIX-SIH-2026,THERMAL_BURN_IN,T01_0629,PROC-ISRO-IISU-01,ATE-STATION-01,CHAMBER-01,1.0,125.0,3.3,168,IDDQ,ELECTRICAL,uA,1.7657,1363.1356,1363.2769,1363.2231,1361.3699,0.0007,0.0076,34.85,34.95,1.7657,1363.1356,1363.2769,1363.2231,1361.3699,75.0,False,NOMINAL,HEALTHY,17.48,4.76
MIX_LOT01_COMP0630,LOT_01,MIXED_SIGNAL_IC,CQFP-64,MIX-SIH-2026,THERMAL_BURN_IN,T01_0630,PROC-ISRO-IISU-01,ATE-STATION-01,CHAMBER-01,1.0,125.0,3.3,168,IDDQ,ELECTRICAL,uA,1.7822,1365.9038,1366.0323,1366.0995,1364.1216,0.0132,-0.0639,32.81,32.95,1.7822,1365.9038,1366.0323,1366.0995,1364.1216,75.0,False,NOMINAL,HEALTHY,-35.88,11.78
MIX_LOT01_COMP0631,LOT_01,MIXED_SIGNAL_IC,CQFP-64,MIX-SIH-2026,THERMAL_BURN_IN,T01_0631,PROC-ISRO-IISU-01,ATE-STATION-01,CHAMBER-01,1.0,125.0,3.3,168,IDDQ,ELECTRICAL,uA,2.0531,1571.652,1571.7748,1571.8594,1569.5989,0.0223,0.003,34.13,33.88,2.0531,1571.652,1571.7748,1571.8594,1569.5989,75.0,False,NOMINAL,HEALTHY,5.63,23.74
MIX_LOT01_COMP0632,LOT_01,MIXED_SIGNAL_IC,CQFP-64,MIX-SIH-2026,THERMAL_BURN_IN,T01_0632,PROC-ISRO-IISU-01,ATE-STATION-01,CHAMBER-01,1.0,125.0,3.3,168,IDDQ,ELECTRICAL,uA,2.3009,1774.6015,1774.6901,1774.7422,1772.3006,-0.0025,0.0252,34.38,35.19,2.3009,1774.6015,1774.6901,1774.7422,1772.3006,75.0,False,NOMINAL,HEALTHY,46.52,12.79
MIX_LOT01_COMP0633,LOT_01,MIXED_SIGNAL_IC,CQFP-64,MIX-SIH-2026,THERMAL_BURN_IN,T01_0633,PROC-ISRO-IISU-01,ATE-STATION-01,CHAMBER-01,1.0,125.0,3.3,168,IDDQ,ELECTRICAL,uA,1.8448,1426.0323,1426.1357,1426.1657,1424.1875,-0.0076,-0.0208,36.23,35.95,1.8448,1426.0323,1426.1357,1426.1657,1424.1875,75.0,True,DIELECTRIC_OSCILLATION,HEALTHY,-14.33,-10.18
MIX_LOT01_COMP0634,LOT_01,MIXED_SIGNAL_IC,CQFP-64,MIX-SIH-2026,THERMAL_BURN_IN,T01_0634,PROC-ISRO-IISU-01,ATE-STATION-01,CHAMBER-01,1.0,125.0,3.3,168,IDDQ,ELECTRICAL,uA,2.0453,1579.4213,1579.5682,1579.6136,1577.376,-0.0142,0.025,35.68,35.24,2.0453,1579.4213,1579.5682,1579.6136,1577.376,75.0,False,NOMINAL,HEALTHY,38.01,3.4
MIX_LOT01_COMP0635,LOT_01,MIXED_SIGNAL_IC,CQFP-64,MIX-SIH-2026,THERMAL_BURN_IN,T01_0635,PROC-ISRO-IISU-01,ATE-STATION-01,CHAMBER-01,1.0,125.0,3.3,168,IDDQ,ELECTRICAL,uA,1.998,1546.7177,1546.7793,1546.9761,1544.7197,0.011,0.0116,35.93,35.92,1.998,1546.7177,1546.7793,1546.9761,1544.7197,75.0,False,NOMINAL,HEALTHY,38.71,29.41
MIX_LOT01_COMP0636,LOT_01,MIXED_SIGNAL_IC,CQFP-64,MIX-SIH-2026,THERMAL_BURN_IN,T01_0636,PROC-ISRO-IISU-01,ATE-STATION-01,CHAMBER-01,1.0,125.0,3.3,168,IDDQ,ELECTRICAL,uA,2.5761,1969.6459,1969.7709,1969.8613,1967.0698,-0.0232,0.0033,33.29,33.11,2.5761,1969.6459,1969.7709,1969.8613,1967.0698,75.0,False,NOMINAL,HEALTHY,21.6,29.19
MIX_LOT01_COMP0637,LOT_01,MIXED_SIGNAL_IC,CQFP-64,MIX-SIH-2026,THERMAL_BURN_IN,T01_0637,PROC-ISRO-IISU-01,ATE-STATION-01,CHAMBER-01,1.0,125.0,3.3,168,IDDQ,ELECTRICAL,uA,2.1042,1633.7746,1633.9239,1634.0106,1631.6704,-0.0235,0.0095,35.49,35.27,2.1042,1633.7746,1633.9239,1634.0106,1631.6704,75.0,False,NOMINAL,HEALTHY,24.47,-13.24
MIX_LOT01_COMP0638,LOT_01,MIXED_SIGNAL_IC,CQFP-64,MIX-SIH-2026,THERMAL_BURN_IN,T01_0638,PROC-ISRO-IISU-01,ATE-STATION-01,CHAMBER-01,1.0,125.0,3.3,168,IDDQ,ELECTRICAL,uA,2.4629,1895.7512,1895.9336,1896.0235,1893.2883,0.0297,0.1431,36.37,36.31,2.4629,1895.7512,1895.9336,1896.0235,1893.2883,75.0,False,NOMINAL,HEALTHY,21.33,-40.63
MIX_LOT01_COMP0639,LOT_01,MIXED_SIGNAL_IC,CQFP-64,MIX-SIH-2026,THERMAL_BURN_IN,T01_0639,PROC-ISRO-IISU-01,ATE-STATION-01,CHAMBER-01,1.0,125.0,3.3,168,IDDQ,ELECTRICAL,uA,1.605,1236.7319,1236.8247,1236.8497,1235.1269,0.0292,0.0555,35.45,35.47,1.605,1236.7319,1236.8247,1236.8497,1235.1269,75.0,False,NOMINAL,HEALTHY,-47.93,16.63
MIX_LOT01_COMP0640,LOT_01,MIXED_SIGNAL_IC,CQFP-64,MIX-SIH-2026,THERMAL_BURN_IN,T01_0640,PROC-ISRO-IISU-01,ATE-STATION-01,CHAMBER-01,1.0,125.0,3.3,168,IDDQ,ELECTRICAL,uA,1.9224,1468.6488,1468.7322,1468.8215,1466.7264,0.0095,-0.0826,34.41,34.12,1.9224,1468.6488,1468.7322,1468.8215,1466.7264,75.0,False,NOMINAL,HEALTHY,20.3,15.18
MIX_LOT01_COMP0641,LOT_01,MIXED_SIGNAL_IC,CQFP-64,MIX-SIH-2026,THERMAL_BURN_IN,T01_0641,PROC-ISRO-IISU-01,ATE-STATION-01,CHAMBER-01,1.0,125.0,3.3,168,IDDQ,ELECTRICAL,uA,1.7557,1352.6769,1352.7701,1352.882,1350.9212,-0.0109,0.0643,34.64,33.91,1.7557,1352.6769,1352.7701,1352.882,1350.9212,75.0,False,NOMINAL,HEALTHY,9.29,20.87
MIX_LOT01_COMP0642,LOT_01,MIXED_SIGNAL_IC,CQFP-64,MIX-SIH-2026,THERMAL_BURN_IN,T01_0642,PROC-ISRO-IISU-01,ATE-STATION-01,CHAMBER-01,1.0,125.0,3.3,168,IDDQ,ELECTRICAL,uA,1.7858,1365.944,1366.0363,1366.0668,1364.1582,-0.015,-0.0378,35.78,35.47,1.7858,1365.944,1366.0363,1366.0668,1364.1582,75.0,False,NOMINAL,HEALTHY,-7.14,-25.84
MIX_LOT01_COMP0643,LOT_01,MIXED_SIGNAL_IC,CQFP-64,MIX-SIH-2026,THERMAL_BURN_IN,T01_0643,PROC-ISRO-IISU-01,ATE-STATION-01,CHAMBER-01,1.0,125.0,3.3,168,IDDQ,ELECTRICAL,uA,2.6008,2009.3652,2009.5479,2009.6353,2006.7644,-0.0156,-0.0446,36.27,34.93,2.6008,2009.3652,2009.5479,2009.6353,2006.7644,75.0,False,NOMINAL,HEALTHY,19.52,-19.56
MIX_LOT01_COMP0644,LOT_01,MIXED_SIGNAL_IC,CQFP-64,MIX-SIH-2026,THERMAL_BURN_IN,T01_0644,PROC-ISRO-IISU-01,ATE-STATION-01,CHAMBER-01,1.0,125.0,3.3,168,IDDQ,ELECTRICAL,uA,1.9211,1480.7805,1480.9269,1480.9933,1478.8594,-0.0094,0.0385,33.93,33.85,1.9211,1480.7805,1480.9269,1480.9933,1478.8594,75.0,False,NOMINAL,HEALTHY,-29.43,10.61
MIX_LOT01_COMP0645,LOT_01,MIXED_SIGNAL_IC,CQFP-64,MIX-SIH-2026,THERMAL_BURN_IN,T01_0645,PROC-ISRO-IISU-01,ATE-STATION-01,CHAMBER-01,1.0,125.0,3.3,168,IDDQ,ELECTRICAL,uA,2.1367,1628.3302,1628.4251,1628.535,1626.1935,0.0032,0.0468,35.85,35.48,2.1367,1628.3302,1628.4251,1628.535,1626.1935,75.0,False,NOMINAL,HEALTHY,-45.65,-42.43
MIX_LOT01_COMP0646,LOT_01,MIXED_SIGNAL_IC,CQFP-64,MIX-SIH-2026,THERMAL_BURN_IN,T01_0646,PROC-ISRO-IISU-01,ATE-STATION-01,CHAMBER-01,1.0,125.0,3.3,168,IDDQ,ELECTRICAL,uA,2.0327,1561.1584,1561.2742,1561.275,1559.1257,0.0051,0.0242,34.04,34.45,2.0327,1561.1584,1561.2742,1561.275,1559.1257,75.0,False,NOMINAL,HEALTHY,6.65,28.37
MIX_LOT01_COMP0647,LOT_01,MIXED_SIGNAL_IC,CQFP-64,MIX-SIH-2026,THERMAL_BURN_IN,T01_0647,PROC-ISRO-IISU-01,ATE-STATION-01,CHAMBER-01,1.0,125.0,3.3,168,IDDQ,ELECTRICAL,uA,2.3898,1851.6544,1851.7809,1851.8098,1849.2646,-0.0228,0.022,33.82,33.77,2.3898,1851.6544,1851.7809,1851.8098,1849.2646,75.0,False,NOMINAL,HEALTHY,26.14,-28.69
MIX_LOT01_COMP0648,LOT_01,MIXED_SIGNAL_IC,CQFP-64,MIX-SIH-2026,THERMAL_BURN_IN,T01_0648,PROC-ISRO-IISU-01,ATE-STATION-01,CHAMBER-01,1.0,125.0,3.3,168,IDDQ,ELECTRICAL,uA,1.75,1351.7351,1351.8735,1351.9214,1349.9851,-0.0059,-0.0458,35.47,35.85,1.75,1351.7351,1351.8735,1351.9214,1349.9851,75.0,False,NOMINAL,HEALTHY,-7.93,41.27
MIX_LOT01_COMP0649,LOT_01,MIXED_SIGNAL_IC,CQFP-64,MIX-SIH-2026,THERMAL_BURN_IN,T01_0649,PROC-ISRO-IISU-01,ATE-STATION-01,CHAMBER-01,1.0,125.0,3.3,168,IDDQ,ELECTRICAL,uA,2.2938,1781.8592,1782.0167,1782.0816,1779.5654,-0.0326,-0.0682,35.92,35.53,2.2938,1781.8592,1782.0167,1782.0816,1779.5654,75.0,False,NOMINAL,HEALTHY,-9.6,47.18
MIX_LOT01_COMP0650,LOT_01,MIXED_SIGNAL_IC,CQFP-64,MIX-SIH-2026,THERMAL_BURN_IN,T01_0650,PROC-ISRO-IISU-01,ATE-STATION-01,CHAMBER-01,1.0,125.0,3.3,168,IDDQ,ELECTRICAL,uA,2.3962,1850.4158,1850.5152,1850.6303,1848.0196,-0.0227,0.004,33.38,32.87,2.3962,1850.4158,1850.5152,1850.6303,1848.0196,75.0,False,NOMINAL,HEALTHY,4.05,30.34
MIX_LOT01_COMP0651,LOT_01,MIXED_SIGNAL_IC,CQFP-64,MIX-SIH-2026,THERMAL_BURN_IN,T01_0651,PROC-ISRO-IISU-01,ATE-STATION-01,CHAMBER-01,1.0,125.0,3.3,168,IDDQ,ELECTRICAL,uA,2.8251,2170.7053,2170.8754,2170.9124,2167.8802,0.0397,0.0034,35.51,36.63,2.8251,2170.7053,2170.8754,2170.9124,2167.8802,75.0,False,NOMINAL,HEALTHY,8.64,-39.4
MIX_LOT01_COMP0652,LOT_01,MIXED_SIGNAL_IC,CQFP-64,MIX-SIH-2026,THERMAL_BURN_IN,T01_0652,PROC-ISRO-IISU-01,ATE-STATION-01,CHAMBER-01,1.0,125.0,3.3,168,IDDQ,ELECTRICAL,uA,2.0546,1588.5633,1588.6848,1588.8117,1586.5087,-0.0072,0.0523,33.73,33.72,2.0546,1588.5633,1588.6848,1588.8117,1586.5087,75.0,False,NOMINAL,HEALTHY,38.92,40.28
MIX_LOT01_COMP0653,LOT_01,MIXED_SIGNAL_IC,CQFP-64,MIX-SIH-2026,THERMAL_BURN_IN,T01_0653,PROC-ISRO-IISU-01,ATE-STATION-01,CHAMBER-01,1.0,125.0,3.3,168,IDDQ,ELECTRICAL,uA,2.7984,2143.4643,2143.635,2143.7419,2140.6659,-0.0092,-0.0079,34.24,33.82,2.7984,2143.4643,2143.635,2143.7419,2140.6659,75.0,False,NOMINAL,HEALTHY,-9.17,1.0
MIX_LOT01_COMP0654,LOT_01,MIXED_SIGNAL_IC,CQFP-64,MIX-SIH-2026,THERMAL_BURN_IN,T01_0654,PROC-ISRO-IISU-01,ATE-STATION-01,CHAMBER-01,1.0,125.0,3.3,168,IDDQ,ELECTRICAL,uA,2.1225,1612.3885,1612.5336,1612.5969,1610.266,0.0041,-0.0382,34.93,34.13,2.1225,1612.3885,1612.5336,1612.5969,1610.266,75.0,False,NOMINAL,HEALTHY,42.57,-48.34
MIX_LOT01_COMP0655,LOT_01,MIXED_SIGNAL_IC,CQFP-64,MIX-SIH-2026,THERMAL_BURN_IN,T01_0655,PROC-ISRO-IISU-01,ATE-STATION-01,CHAMBER-01,1.0,125.0,3.3,168,IDDQ,ELECTRICAL,uA,2.5118,1923.7606,1923.9032,1923.9388,1921.2488,-0.0353,-0.1211,35.61,36.53,2.5118,1923.7606,1923.9032,1923.9388,1921.2488,75.0,False,NOMINAL,HEALTHY,35.19,-35.37
MIX_LOT01_COMP0656,LOT_01,MIXED_SIGNAL_IC,CQFP-64,MIX-SIH-2026,THERMAL_BURN_IN,T01_0656,PROC-ISRO-IISU-01,ATE-STATION-01,CHAMBER-01,1.0,125.0,3.3,168,IDDQ,ELECTRICAL,uA,2.1305,1643.542,1643.6722,1643.7543,1641.4115,-0.0148,-0.0695,34.59,34.28,2.1305,1643.542,1643.6722,1643.7543,1641.4115,75.0,False,NOMINAL,HEALTHY,-23.93,21.81
MIX_LOT01_COMP0657,LOT_01,MIXED_SIGNAL_IC,CQFP-64,MIX-SIH-2026,THERMAL_BURN_IN,T01_0657,PROC-ISRO-IISU-01,ATE-STATION-01,CHAMBER-01,1.0,125.0,3.3,168,IDDQ,ELECTRICAL,uA,2.4992,1927.6491,1927.7783,1927.8558,1925.1499,0.0077,-0.0111,35.69,35.49,2.4992,1927.6491,1927.7783,1927.8558,1925.1499,75.0,False,NOMINAL,HEALTHY,41.86,8.11
MIX_LOT01_COMP0658,LOT_01,MIXED_SIGNAL_IC,CQFP-64,MIX-SIH-2026,THERMAL_BURN_IN,T01_0658,PROC-ISRO-IISU-01,ATE-STATION-01,CHAMBER-01,1.0,125.0,3.3,168,IDDQ,ELECTRICAL,uA,1.8754,1459.304,1459.4294,1459.4792,1457.4286,-0.0206,0.0388,33.47,33.42,1.8754,1459.304,1459.4294,1459.4792,1457.4286,75.0,False,NOMINAL,HEALTHY,-22.61,-41.89
MIX_LOT01_COMP0659,LOT_01,MIXED_SIGNAL_IC,CQFP-64,MIX-SIH-2026,THERMAL_BURN_IN,T01_0659,PROC-ISRO-IISU-01,ATE-STATION-01,CHAMBER-01,1.0,125.0,3.3,168,IDDQ,ELECTRICAL,uA,2.8216,2163.9033,2164.0375,2164.167,2161.0817,0.0074,-0.0308,33.83,34.78,2.8216,2163.9033,2164.0375,2164.167,2161.0817,75.0,False,NOMINAL,HEALTHY,37.13,4.18
MIX_LOT01_COMP0660,LOT_01,MIXED_SIGNAL_IC,CQFP-64,MIX-SIH-2026,THERMAL_BURN_IN,T01_0660,PROC-ISRO-IISU-01,ATE-STATION-01,CHAMBER-01,1.0,125.0,3.3,168,IDDQ,ELECTRICAL,uA,2.3402,1807.0649,1807.2529,1807.2871,1804.7247,-0.0058,-0.0404,35.63,36.12,2.3402,1807.0649,1807.2529,1807.2871,1804.7247,75.0,False,NOMINAL,HEALTHY,30.71,24.0
MIX_LOT01_COMP0661,LOT_01,MIXED_SIGNAL_IC,CQFP-64,MIX-SIH-2026,THERMAL_BURN_IN,T01_0661,PROC-ISRO-IISU-01,ATE-STATION-01,CHAMBER-01,1.0,125.0,3.3,168,IDDQ,ELECTRICAL,uA,1.8846,1461.9211,1462.0307,1462.1558,1460.0365,-0.0168,-0.0858,35.21,36.26,1.8846,1461.9211,1462.0307,1462.1558,1460.0365,75.0,False,NOMINAL,HEALTHY,2.77,-9.83
MIX_LOT01_COMP0662,LOT_01,MIXED_SIGNAL_IC,CQFP-64,MIX-SIH-2026,THERMAL_BURN_IN,T01_0662,PROC-ISRO-IISU-01,ATE-STATION-01,CHAMBER-01,1.0,125.0,3.3,168,IDDQ,ELECTRICAL,uA,1.9697,1522.7598,1522.9277,1522.9559,1520.7901,-0.0106,-0.007,35.01,34.63,1.9697,1522.7598,1522.9277,1522.9559,1520.7901,75.0,False,NOMINAL,HEALTHY,-42.53,26.27
MIX_LOT01_COMP0663,LOT_01,MIXED_SIGNAL_IC,CQFP-64,MIX-SIH-2026,THERMAL_BURN_IN,T01_0663,PROC-ISRO-IISU-01,ATE-STATION-01,CHAMBER-01,1.0,125.0,3.3,168,IDDQ,ELECTRICAL,uA,1.9917,1549.1445,1549.258,1549.3714,1547.1528,-0.0096,-0.0542,34.7,34.57,1.9917,1549.1445,1549.258,1549.3714,1547.1528,75.0,False,NOMINAL,HEALTHY,-15.21,7.78
MIX_LOT01_COMP0664,LOT_01,MIXED_SIGNAL_IC,CQFP-64,MIX-SIH-2026,THERMAL_BURN_IN,T01_0664,PROC-ISRO-IISU-01,ATE-STATION-01,CHAMBER-01,1.0,125.0,3.3,168,IDDQ,ELECTRICAL,uA,2.1664,1670.4252,1670.552,1670.6323,1668.2588,0.025,0.0755,36.75,36.37,2.1664,1670.4252,1670.552,1670.6323,1668.2588,75.0,False,NOMINAL,HEALTHY,-23.04,-36.25
MIX_LOT01_COMP0665,LOT_01,MIXED_SIGNAL_IC,CQFP-64,MIX-SIH-2026,THERMAL_BURN_IN,T01_0665,PROC-ISRO-IISU-01,ATE-STATION-01,CHAMBER-01,1.0,125.0,3.3,168,IDDQ,ELECTRICAL,uA,2.5659,1985.2609,1985.4081,1985.5242,1982.695,0.0116,0.0728,34.8,33.84,2.5659,1985.2609,1985.4081,1985.5242,1982.695,75.0,False,NOMINAL,HEALTHY,-16.29,44.4
MIX_LOT01_COMP0666,LOT_01,MIXED_SIGNAL_IC,CQFP-64,MIX-SIH-2026,THERMAL_BURN_IN,T01_0666,PROC-ISRO-IISU-01,ATE-STATION-01,CHAMBER-01,1.0,125.0,3.3,168,IDDQ,ELECTRICAL,uA,2.2116,1723.4238,1723.5898,1723.6528,1721.2122,0.0007,-0.1146,36.91,36.83,2.2116,1723.4238,1723.5898,1723.6528,1721.2122,75.0,False,NOMINAL,HEALTHY,40.89,14.28
MIX_LOT01_COMP0667,LOT_01,MIXED_SIGNAL_IC,CQFP-64,MIX-SIH-2026,THERMAL_BURN_IN,T01_0667,PROC-ISRO-IISU-01,ATE-STATION-01,CHAMBER-01,1.0,125.0,3.3,168,IDDQ,ELECTRICAL,uA,2.4736,1909.9759,1910.0804,1910.1962,1907.5023,-0.0112,-0.009,35.04,34.9,2.4736,1909.9759,1910.0804,1910.1962,1907.5023,75.0,False,NOMINAL,HEALTHY,33.07,-19.52
MIX_LOT01_COMP0668,LOT_01,MIXED_SIGNAL_IC,CQFP-64,MIX-SIH-2026,THERMAL_BURN_IN,T01_0668,PROC-ISRO-IISU-01,ATE-STATION-01,CHAMBER-01,1.0,125.0,3.3,168,IDDQ,ELECTRICAL,uA,2.0787,1596.713,1596.8057,1596.9015,1594.6343,-0.025,-0.0717,34.28,33.52,2.0787,1596.713,1596.8057,1596.9015,1594.6343,75.0,False,NOMINAL,HEALTHY,8.33,-22.31
MIX_LOT01_COMP0669,LOT_01,MIXED_SIGNAL_IC,CQFP-64,MIX-SIH-2026,THERMAL_BURN_IN,T01_0669,PROC-ISRO-IISU-01,ATE-STATION-01,CHAMBER-01,1.0,125.0,3.3,168,IDDQ,ELECTRICAL,uA,2.0527,1556.7989,1556.9306,1557.0166,1554.7462,-0.0029,-0.0307,36.03,36.55,2.0527,1556.7989,1556.9306,1557.0166,1554.7462,75.0,False,NOMINAL,HEALTHY,38.32,-43.21
MIX_LOT01_COMP0670,LOT_01,MIXED_SIGNAL_IC,CQFP-64,MIX-SIH-2026,THERMAL_BURN_IN,T01_0670,PROC-ISRO-IISU-01,ATE-STATION-01,CHAMBER-01,1.0,125.0,3.3,168,IDDQ,ELECTRICAL,uA,8.9803,6921.0623,6921.4484,6921.7117,6912.082,0.0016,0.0073,32.8,33.34,8.9803,6921.0623,6921.4484,6921.7117,6912.082,75.0,True,SPATIAL_OUTLIER,HEALTHY,-9.61,11.75
MIX_LOT01_COMP0671,LOT_01,MIXED_SIGNAL_IC,CQFP-64,MIX-SIH-2026,THERMAL_BURN_IN,T01_0671,PROC-ISRO-IISU-01,ATE-STATION-01,CHAMBER-01,1.0,125.0,3.3,168,IDDQ,ELECTRICAL,uA,2.3262,1798.1646,1798.3569,1798.3714,1795.8384,-0.0117,-0.0172,36.09,36.36,2.3262,1798.1646,1798.3569,1798.3714,1795.8384,75.0,False,NOMINAL,HEALTHY,6.65,43.33
MIX_LOT01_COMP0672,LOT_01,MIXED_SIGNAL_IC,CQFP-64,MIX-SIH-2026,THERMAL_BURN_IN,T01_0672,PROC-ISRO-IISU-01,ATE-STATION-01,CHAMBER-01,1.0,125.0,3.3,168,IDDQ,ELECTRICAL,uA,2.0024,1540.5999,1540.7282,1540.7651,1538.5975,-0.0041,0.0093,35.39,35.8,2.0024,1540.5999,1540.7282,1540.7651,1538.5975,75.0,False,NOMINAL,HEALTHY,37.93,2.57
MIX_LOT01_COMP0673,LOT_01,MIXED_SIGNAL_IC,CQFP-64,MIX-SIH-2026,THERMAL_BURN_IN,T01_0673,PROC-ISRO-IISU-01,ATE-STATION-01,CHAMBER-01,1.0,125.0,3.3,168,IDDQ,ELECTRICAL,uA,2.171,1678.9745,1679.1332,1679.2281,1676.8035,0.0142,0.0246,34.76,34.15,2.171,1678.9745,1679.1332,1679.2281,1676.8035,75.0,False,NOMINAL,HEALTHY,-49.79,28.78
MIX_LOT01_COMP0674,LOT_01,MIXED_SIGNAL_IC,CQFP-64,MIX-SIH-2026,THERMAL_BURN_IN,T01_0674,PROC-ISRO-IISU-01,ATE-STATION-01,CHAMBER-01,1.0,125.0,3.3,168,IDDQ,ELECTRICAL,uA,1.8894,1453.4018,1453.5183,1453.592,1451.5124,-0.007,0.0806,36.29,36.48,1.8894,1453.4018,1453.5183,1453.592,1451.5124,75.0,False,NOMINAL,HEALTHY,-35.23,-27.41
MIX_LOT01_COMP0675,LOT_01,MIXED_SIGNAL_IC,CQFP-64,MIX-SIH-2026,THERMAL_BURN_IN,T01_0675,PROC-ISRO-IISU-01,ATE-STATION-01,CHAMBER-01,1.0,125.0,3.3,168,IDDQ,ELECTRICAL,uA,2.0023,1554.8909,1555.0283,1555.0798,1552.8886,0.0204,0.0004,36.53,36.95,2.0023,1554.8909,1555.0283,1555.0798,1552.8886,75.0,False,NOMINAL,HEALTHY,39.0,12.43
MIX_LOT01_COMP0676,LOT_01,MIXED_SIGNAL_IC,CQFP-64,MIX-SIH-2026,THERMAL_BURN_IN,T01_0676,PROC-ISRO-IISU-01,ATE-STATION-01,CHAMBER-01,1.0,125.0,3.3,168,IDDQ,ELECTRICAL,uA,2.0867,1605.8832,1605.9943,1606.0935,1603.7965,-0.001,-0.0757,32.27,32.41,2.0867,1605.8832,1605.9943,1606.0935,1603.7965,75.0,False,NOMINAL,HEALTHY,-38.6,-10.51
MIX_LOT01_COMP0677,LOT_01,MIXED_SIGNAL_IC,CQFP-64,MIX-SIH-2026,THERMAL_BURN_IN,T01_0677,PROC-ISRO-IISU-01,ATE-STATION-01,CHAMBER-01,1.0,125.0,3.3,168,IDDQ,ELECTRICAL,uA,2.3851,1835.0946,1835.2203,1835.3247,1832.7095,-0.0155,-0.0398,33.42,33.27,2.3851,1835.0946,1835.2203,1835.3247,1832.7095,75.0,False,NOMINAL,HEALTHY,-29.14,-23.37
MIX_LOT01_COMP0678,LOT_01,MIXED_SIGNAL_IC,CQFP-64,MIX-SIH-2026,THERMAL_BURN_IN,T01_0678,PROC-ISRO-IISU-01,ATE-STATION-01,CHAMBER-01,1.0,125.0,3.3,168,IDDQ,ELECTRICAL,uA,2.4753,1914.4602,1914.6154,1914.7185,1911.9849,0.0207,0.0106,34.91,34.56,2.4753,1914.4602,1914.6154,1914.7185,1911.9849,75.0,False,NOMINAL,HEALTHY,48.0,-36.0
MIX_LOT01_COMP0679,LOT_01,MIXED_SIGNAL_IC,CQFP-64,MIX-SIH-2026,THERMAL_BURN_IN,T01_0679,PROC-ISRO-IISU-01,ATE-STATION-01,CHAMBER-01,1.0,125.0,3.3,168,IDDQ,ELECTRICAL,uA,1.6091,1252.0112,1252.0993,1252.1856,1250.4021,-0.0253,-0.0323,35.68,35.71,1.6091,1252.0112,1252.0993,1252.1856,1250.4021,75.0,False,NOMINAL,HEALTHY,-1.56,43.77
MIX_LOT01_COMP0680,LOT_01,MIXED_SIGNAL_IC,CQFP-64,MIX-SIH-2026,THERMAL_BURN_IN,T01_0680,PROC-ISRO-IISU-01,ATE-STATION-01,CHAMBER-01,1.0,125.0,3.3,168,IDDQ,ELECTRICAL,uA,2.2747,1768.2303,1768.3498,1768.4703,1765.9556,0.0206,0.0113,33.91,32.74,2.2747,1768.2303,1768.3498,1768.4703,1765.9556,75.0,False,NOMINAL,HEALTHY,26.0,-42.54
MIX_LOT01_COMP0681,LOT_01,MIXED_SIGNAL_IC,CQFP-64,MIX-SIH-2026,THERMAL_BURN_IN,T01_0681,PROC-ISRO-IISU-01,ATE-STATION-01,CHAMBER-01,1.0,125.0,3.3,168,IDDQ,ELECTRICAL,uA,2.1607,1686.2114,1686.3339,1686.4072,1684.0507,-0.0085,0.0618,33.24,32.84,2.1607,1686.2114,1686.3339,1686.4072,1684.0507,75.0,False,NOMINAL,HEALTHY,-47.96,27.44
MIX_LOT01_COMP0682,LOT_01,MIXED_SIGNAL_IC,CQFP-64,MIX-SIH-2026,THERMAL_BURN_IN,T01_0682,PROC-ISRO-IISU-01,ATE-STATION-01,CHAMBER-01,1.0,125.0,3.3,168,IDDQ,ELECTRICAL,uA,2.3007,1783.1652,1783.3143,1783.3579,1780.8645,0.0209,0.0174,36.76,36.57,2.3007,1783.1652,1783.3143,1783.3579,1780.8645,75.0,False,NOMINAL,HEALTHY,-14.8,-35.14
MIX_LOT01_COMP0683,LOT_01,MIXED_SIGNAL_IC,CQFP-64,MIX-SIH-2026,THERMAL_BURN_IN,T01_0683,PROC-ISRO-IISU-01,ATE-STATION-01,CHAMBER-01,1.0,125.0,3.3,168,IDDQ,ELECTRICAL,uA,2.1356,1638.2026,1638.2659,1638.3633,1636.067,-0.0118,-0.0362,33.9,33.71,2.1356,1638.2026,1638.2659,1638.3633,1636.067,75.0,False,NOMINAL,HEALTHY,-13.72,-26.62
MIX_LOT01_COMP0684,LOT_01,MIXED_SIGNAL_IC,CQFP-64,MIX-SIH-2026,THERMAL_BURN_IN,T01_0684,PROC-ISRO-IISU-01,ATE-STATION-01,CHAMBER-01,1.0,125.0,3.3,168,IDDQ,ELECTRICAL,uA,2.339,1802.8339,1803.015,1803.1047,1800.4949,-0.0093,-0.041,34.57,33.97,2.339,1802.8339,1803.015,1803.1047,1800.4949,75.0,False,NOMINAL,HEALTHY,-4.72,-13.89
MIX_LOT01_COMP0685,LOT_01,MIXED_SIGNAL_IC,CQFP-64,MIX-SIH-2026,THERMAL_BURN_IN,T01_0685,PROC-ISRO-IISU-01,ATE-STATION-01,CHAMBER-01,1.0,125.0,3.3,168,IDDQ,ELECTRICAL,uA,1.9994,1527.9274,1528.0498,1528.1521,1525.928,-0.0139,-0.0314,33.89,33.43,1.9994,1527.9274,1528.0498,1528.1521,1525.928,75.0,False,NOMINAL,HEALTHY,-43.34,-28.79
MIX_LOT01_COMP0686,LOT_01,MIXED_SIGNAL_IC,CQFP-64,MIX-SIH-2026,THERMAL_BURN_IN,T01_0686,PROC-ISRO-IISU-01,ATE-STATION-01,CHAMBER-01,1.0,125.0,3.3,168,IDDQ,ELECTRICAL,uA,2.0286,1556.0871,1556.2118,1556.2441,1554.0585,-0.0183,-0.0009,33.88,34.63,2.0286,1556.0871,1556.2118,1556.2441,1554.0585,75.0,False,NOMINAL,HEALTHY,-33.31,-5.83
MIX_LOT01_COMP0687,LOT_01,MIXED_SIGNAL_IC,CQFP-64,MIX-SIH-2026,THERMAL_BURN_IN,T01_0687,PROC-ISRO-IISU-01,ATE-STATION-01,CHAMBER-01,1.0,125.0,3.3,168,IDDQ,ELECTRICAL,uA,1.86,1443.6698,1443.7741,1443.8007,1441.8098,-0.0227,-0.0013,34.96,35.14,1.86,1443.6698,1443.7741,1443.8007,1441.8098,75.0,False,NOMINAL,HEALTHY,9.53,-35.72
MIX_LOT01_COMP0688,LOT_01,MIXED_SIGNAL_IC,CQFP-64,MIX-SIH-2026,THERMAL_BURN_IN,T01_0688,PROC-ISRO-IISU-01,ATE-STATION-01,CHAMBER-01,1.0,125.0,3.3,168,IDDQ,ELECTRICAL,uA,1.9217,1495.437,1495.538,1495.6333,1493.5153,0.0178,-0.0237,36.36,36.95,1.9217,1495.437,1495.538,1495.6333,1493.5153,75.0,False,NOMINAL,HEALTHY,23.73,-29.96
MIX_LOT01_COMP0689,LOT_01,MIXED_SIGNAL_IC,CQFP-64,MIX-SIH-2026,THERMAL_BURN_IN,T01_0689,PROC-ISRO-IISU-01,ATE-STATION-01,CHAMBER-01,1.0,125.0,3.3,168,IDDQ,ELECTRICAL,uA,2.2954,1767.5406,1767.6592,1767.7321,1765.2452,0.0158,0.0737,34.91,35.64,2.2954,1767.5406,1767.6592,1767.7321,1765.2452,75.0,False,NOMINAL,HEALTHY,-46.4,-7.9
MIX_LOT01_COMP0690,LOT_01,MIXED_SIGNAL_IC,CQFP-64,MIX-SIH-2026,THERMAL_BURN_IN,T01_0690,PROC-ISRO-IISU-01,ATE-STATION-01,CHAMBER-01,1.0,125.0,3.3,168,IDDQ,ELECTRICAL,uA,2.2252,1729.6751,1729.7717,1729.8969,1727.4499,-0.0141,-0.0223,33.21,32.04,2.2252,1729.6751,1729.7717,1729.8969,1727.4499,75.0,False,NOMINAL,HEALTHY,-3.89,30.45
MIX_LOT01_COMP0691,LOT_01,MIXED_SIGNAL_IC,CQFP-64,MIX-SIH-2026,THERMAL_BURN_IN,T01_0691,PROC-ISRO-IISU-01,ATE-STATION-01,CHAMBER-01,1.0,125.0,3.3,168,IDDQ,ELECTRICAL,uA,2.3096,1778.9839,1779.1384,1779.1978,1776.6743,0.0267,0.0249,36.15,36.48,2.3096,1778.9839,1779.1384,1779.1978,1776.6743,75.0,False,NOMINAL,HEALTHY,42.19,-20.17
MIX_LOT01_COMP0692,LOT_01,MIXED_SIGNAL_IC,CQFP-64,MIX-SIH-2026,THERMAL_BURN_IN,T01_0692,PROC-ISRO-IISU-01,ATE-STATION-01,CHAMBER-01,1.0,125.0,3.3,168,IDDQ,ELECTRICAL,uA,1.7538,1369.201,1369.3088,1369.3351,1367.4472,0.0164,-0.0118,35.44,35.35,1.7538,1369.201,1369.3088,1369.3351,1367.4472,75.0,False,NOMINAL,HEALTHY,19.58,-10.76
MIX_LOT01_COMP0693,LOT_01,MIXED_SIGNAL_IC,CQFP-64,MIX-SIH-2026,THERMAL_BURN_IN,T01_0693,PROC-ISRO-IISU-01,ATE-STATION-01,CHAMBER-01,1.0,125.0,3.3,168,IDDQ,ELECTRICAL,uA,1.9008,1471.8197,1471.9235,1472.0017,1469.9189,-0.0175,0.0088,33.24,33.61,1.9008,1471.8197,1471.9235,1472.0017,1469.9189,75.0,False,NOMINAL,HEALTHY,-19.64,38.97
MIX_LOT01_COMP0694,LOT_01,MIXED_SIGNAL_IC,CQFP-64,MIX-SIH-2026,THERMAL_BURN_IN,T01_0694,PROC-ISRO-IISU-01,ATE-STATION-01,CHAMBER-01,1.0,125.0,3.3,168,IDDQ,ELECTRICAL,uA,2.2372,1711.02,1711.1799,1711.2424,1708.7828,0.0129,-0.0362,35.24,35.2,2.2372,1711.02,1711.1799,1711.2424,1708.7828,75.0,False,NOMINAL,HEALTHY,0.62,-35.59
MIX_LOT01_COMP0695,LOT_01,MIXED_SIGNAL_IC,CQFP-64,MIX-SIH-2026,THERMAL_BURN_IN,T01_0695,PROC-ISRO-IISU-01,ATE-STATION-01,CHAMBER-01,1.0,125.0,3.3,168,IDDQ,ELECTRICAL,uA,1.8052,1385.1409,1385.2518,1385.304,1383.3357,-0.006,-0.1081,35.46,35.29,1.8052,1385.1409,1385.2518,1385.304,1383.3357,75.0,False,NOMINAL,HEALTHY,-34.25,43.22
MIX_LOT01_COMP0696,LOT_01,MIXED_SIGNAL_IC,CQFP-64,MIX-SIH-2026,THERMAL_BURN_IN,T01_0696,PROC-ISRO-IISU-01,ATE-STATION-01,CHAMBER-01,1.0,125.0,3.3,168,IDDQ,ELECTRICAL,uA,2.2255,1696.2482,1696.4435,1696.5272,1694.0227,0.0113,0.0356,34.85,35.2,2.2255,1696.2482,1696.4435,1696.5272,1694.0227,75.0,False,NOMINAL,HEALTHY,-43.41,35.02
MIX_LOT01_COMP0697,LOT_01,MIXED_SIGNAL_IC,CQFP-64,MIX-SIH-2026,THERMAL_BURN_IN,T01_0697,PROC-ISRO-IISU-01,ATE-STATION-01,CHAMBER-01,1.0,125.0,3.3,168,IDDQ,ELECTRICAL,uA,1.9594,1508.4646,1508.5665,1508.6348,1506.5052,-0.0183,-0.0178,33.63,34.21,1.9594,1508.4646,1508.5665,1508.6348,1506.5052,75.0,False,NOMINAL,HEALTHY,25.32,19.8
MIX_LOT01_COMP0698,LOT_01,MIXED_SIGNAL_IC,CQFP-64,MIX-SIH-2026,THERMAL_BURN_IN,T01_0698,PROC-ISRO-IISU-01,ATE-STATION-01,CHAMBER-01,1.0,125.0,3.3,168,IDDQ,ELECTRICAL,uA,2.2213,1708.2742,1708.3464,1708.4466,1706.0529,-0.0009,-0.0226,33.84,32.9,2.2213,1708.2742,1708.3464,1708.4466,1706.0529,75.0,False,NOMINAL,HEALTHY,-13.82,-42.66
MIX_LOT01_COMP0699,LOT_01,MIXED_SIGNAL_IC,CQFP-64,MIX-SIH-2026,THERMAL_BURN_IN,T01_0699,PROC-ISRO-IISU-01,ATE-STATION-01,CHAMBER-01,1.0,125.0,3.3,168,IDDQ,ELECTRICAL,uA,2.5377,1962.368,1962.5088,1962.5574,1959.8303,0.015,0.0424,34.44,34.82,2.5377,1962.368,1962.5088,1962.5574,1959.8303,75.0,False,NOMINAL,HEALTHY,24.31,3.24
MIX_LOT01_COMP0700,LOT_01,MIXED_SIGNAL_IC,CQFP-64,MIX-SIH-2026,THERMAL_BURN_IN,T01_0700,PROC-ISRO-IISU-01,ATE-STATION-01,CHAMBER-01,1.0,125.0,3.3,168,IDDQ,ELECTRICAL,uA,2.4724,1910.5824,1910.7436,1910.8659,1908.11,0.0435,-0.0376,35.8,35.56,2.4724,1910.5824,1910.7436,1910.8659,1908.11,75.0,False,NOMINAL,HEALTHY,-23.0,-43.56
MIX_LOT01_COMP0701,LOT_01,MIXED_SIGNAL_IC,CQFP-64,MIX-SIH-2026,THERMAL_BURN_IN,T01_0701,PROC-ISRO-IISU-01,ATE-STATION-01,CHAMBER-01,1.0,125.0,3.3,168,IDDQ,ELECTRICAL,uA,2.1134,1618.3045,1618.354,1618.4951,1616.1911,0.0425,-0.0046,34.94,35.28,2.1134,1618.3045,1618.354,1618.4951,1616.1911,75.0,False,NOMINAL,HEALTHY,-9.23,0.08
MIX_LOT01_COMP0702,LOT_01,MIXED_SIGNAL_IC,CQFP-64,MIX-SIH-2026,THERMAL_BURN_IN,T01_0702,PROC-ISRO-IISU-01,ATE-STATION-01,CHAMBER-01,1.0,125.0,3.3,168,IDDQ,ELECTRICAL,uA,1.9468,1501.3511,1501.5256,1501.5849,1499.4043,0.02,0.1492,34.97,34.31,1.9468,1501.3511,1501.5256,1501.5849,1499.4043,75.0,False,NOMINAL,HEALTHY,-16.81,1.74
MIX_LOT01_COMP0703,LOT_01,MIXED_SIGNAL_IC,CQFP-64,MIX-SIH-2026,THERMAL_BURN_IN,T01_0703,PROC-ISRO-IISU-01,ATE-STATION-01,CHAMBER-01,1.0,125.0,3.3,168,IDDQ,ELECTRICAL,uA,2.1915,1691.4056,1691.5499,1691.6981,1689.2141,0.0173,0.032,35.21,35.21,2.1915,1691.4056,1691.5499,1691.6981,1689.2141,75.0,False,NOMINAL,HEALTHY,5.33,-34.48
MIX_LOT01_COMP0704,LOT_01,MIXED_SIGNAL_IC,CQFP-64,MIX-SIH-2026,THERMAL_BURN_IN,T01_0704,PROC-ISRO-IISU-01,ATE-STATION-01,CHAMBER-01,1.0,125.0,3.3,168,IDDQ,ELECTRICAL,uA,2.419,1856.539,1856.671,1856.7304,1854.12,-0.0147,-0.002,35.66,35.94,2.419,1856.539,1856.671,1856.7304,1854.12,75.0,False,NOMINAL,HEALTHY,48.62,-0.48
MIX_LOT01_COMP0705,LOT_01,MIXED_SIGNAL_IC,CQFP-64,MIX-SIH-2026,THERMAL_BURN_IN,T01_0705,PROC-ISRO-IISU-01,ATE-STATION-01,CHAMBER-01,1.0,125.0,3.3,168,IDDQ,ELECTRICAL,uA,2.0305,1585.3156,1585.4352,1585.5246,1583.2851,0.0384,0.0118,33.24,32.42,2.0305,1585.3156,1585.4352,1585.5246,1583.2851,75.0,False,NOMINAL,HEALTHY,-24.81,-32.6
MIX_LOT01_COMP0706,LOT_01,MIXED_SIGNAL_IC,CQFP-64,MIX-SIH-2026,THERMAL_BURN_IN,T01_0706,PROC-ISRO-IISU-01,ATE-STATION-01,CHAMBER-01,1.0,125.0,3.3,168,IDDQ,ELECTRICAL,uA,2.1251,1653.7678,1653.8801,1654.0101,1651.6427,0.0065,0.028,34.87,34.6,2.1251,1653.7678,1653.8801,1654.0101,1651.6427,75.0,False,NOMINAL,HEALTHY,-22.33,-45.03
MIX_LOT01_COMP0707,LOT_01,MIXED_SIGNAL_IC,CQFP-64,MIX-SIH-2026,THERMAL_BURN_IN,T01_0707,PROC-ISRO-IISU-01,ATE-STATION-01,CHAMBER-01,1.0,125.0,3.3,168,IDDQ,ELECTRICAL,uA,1.9716,1516.8602,1516.947,1517.0636,1514.8886,-0.0326,0.0201,36.1,36.36,1.9716,1516.8602,1516.947,1517.0636,1514.8886,75.0,False,NOMINAL,HEALTHY,-21.47,1.02
MIX_LOT01_COMP0708,LOT_01,MIXED_SIGNAL_IC,CQFP-64,MIX-SIH-2026,THERMAL_BURN_IN,T01_0708,PROC-ISRO-IISU-01,ATE-STATION-01,CHAMBER-01,1.0,125.0,3.3,168,IDDQ,ELECTRICAL,uA,1.9646,1519.5673,1519.7194,1519.7903,1517.6027,0.0065,-0.0696,34.97,35.22,1.9646,1519.5673,1519.7194,1519.7903,1517.6027,75.0,False,NOMINAL,HEALTHY,20.44,-29.9
MIX_LOT01_COMP0709,LOT_01,MIXED_SIGNAL_IC,CQFP-64,MIX-SIH-2026,THERMAL_BURN_IN,T01_0709,PROC-ISRO-IISU-01,ATE-STATION-01,CHAMBER-01,1.0,125.0,3.3,168,IDDQ,ELECTRICAL,uA,2.1962,1671.48,1671.585,1671.6998,1669.2838,-0.0021,0.0238,36.56,36.68,2.1962,1671.48,1671.585,1671.6998,1669.2838,75.0,False,NOMINAL,HEALTHY,-15.54,-1.28
MIX_LOT01_COMP0710,LOT_01,MIXED_SIGNAL_IC,CQFP-64,MIX-SIH-2026,THERMAL_BURN_IN,T01_0710,PROC-ISRO-IISU-01,ATE-STATION-01,CHAMBER-01,1.0,125.0,3.3,168,IDDQ,ELECTRICAL,uA,1.7121,1336.084,1336.1881,1336.2177,1334.3719,0.0025,0.0752,35.36,35.15,1.7121,1336.084,1336.1881,1336.2177,1334.3719,75.0,False,NOMINAL,HEALTHY,-23.44,25.05
MIX_LOT01_COMP0711,LOT_01,MIXED_SIGNAL_IC,CQFP-64,MIX-SIH-2026,THERMAL_BURN_IN,T01_0711,PROC-ISRO-IISU-01,ATE-STATION-01,CHAMBER-01,1.0,125.0,3.3,168,IDDQ,ELECTRICAL,uA,2.1607,1649.7395,1649.8497,1649.9222,1647.5788,0.0022,-0.0076,36.02,35.77,2.1607,1649.7395,1649.8497,1649.9222,1647.5788,75.0,False,NOMINAL,HEALTHY,32.45,-33.88
MIX_LOT01_COMP0712,LOT_01,MIXED_SIGNAL_IC,CQFP-64,MIX-SIH-2026,THERMAL_BURN_IN,T01_0712,PROC-ISRO-IISU-01,ATE-STATION-01,CHAMBER-01,1.0,125.0,3.3,168,IDDQ,ELECTRICAL,uA,1.9568,1521.0284,1521.169,1521.2071,1519.0716,-0.0008,0.0236,35.38,35.55,1.9568,1521.0284,1521.169,1521.2071,1519.0716,75.0,False,NOMINAL,HEALTHY,-19.97,5.29
MIX_LOT01_COMP0713,LOT_01,MIXED_SIGNAL_IC,CQFP-64,MIX-SIH-2026,THERMAL_BURN_IN,T01_0713,PROC-ISRO-IISU-01,ATE-STATION-01,CHAMBER-01,1.0,125.0,3.3,168,IDDQ,ELECTRICAL,uA,1.9087,1482.9244,1483.0628,1483.1338,1481.0157,0.0122,-0.0255,35.21,35.09,1.9087,1482.9244,1483.0628,1483.1338,1481.0157,75.0,False,NOMINAL,HEALTHY,38.96,-37.89
MIX_LOT01_COMP0714,LOT_01,MIXED_SIGNAL_IC,CQFP-64,MIX-SIH-2026,THERMAL_BURN_IN,T01_0714,PROC-ISRO-IISU-01,ATE-STATION-01,CHAMBER-01,1.0,125.0,3.3,168,IDDQ,ELECTRICAL,uA,1.8937,1466.0284,1466.13,1466.135,1464.1347,0.0248,0.0627,36.84,37.79,1.8937,1466.0284,1466.13,1466.135,1464.1347,75.0,False,NOMINAL,HEALTHY,7.37,33.21
MIX_LOT01_COMP0715,LOT_01,MIXED_SIGNAL_IC,CQFP-64,MIX-SIH-2026,THERMAL_BURN_IN,T01_0715,PROC-ISRO-IISU-01,ATE-STATION-01,CHAMBER-01,1.0,125.0,3.3,168,IDDQ,ELECTRICAL,uA,2.2295,1723.1896,1723.2957,1723.3936,1720.9601,0.0173,-0.0407,35.0,35.19,2.2295,1723.1896,1723.2957,1723.3936,1720.9601,75.0,False,NOMINAL,HEALTHY,32.41,-13.79
MIX_LOT01_COMP0716,LOT_01,MIXED_SIGNAL_IC,CQFP-64,MIX-SIH-2026,THERMAL_BURN_IN,T01_0716,PROC-ISRO-IISU-01,ATE-STATION-01,CHAMBER-01,1.0,125.0,3.3,168,IDDQ,ELECTRICAL,uA,2.0903,1597.4835,1597.6182,1597.6611,1595.3932,0.0075,-0.0872,34.08,33.27,2.0903,1597.4835,1597.6182,1597.6611,1595.3932,75.0,False,NOMINAL,HEALTHY,37.19,1.15
MIX_LOT01_COMP0717,LOT_01,MIXED_SIGNAL_IC,CQFP-64,MIX-SIH-2026,THERMAL_BURN_IN,T01_0717,PROC-ISRO-IISU-01,ATE-STATION-01,CHAMBER-01,1.0,125.0,3.3,168,IDDQ,ELECTRICAL,uA,2.2986,1749.7839,1749.9346,1749.9768,1747.4853,-0.0123,-0.0338,37.19,36.63,2.2986,1749.7839,1749.9346,1749.9768,1747.4853,75.0,False,NOMINAL,HEALTHY,-40.56,30.38
MIX_LOT01_COMP0718,LOT_01,MIXED_SIGNAL_IC,CQFP-64,MIX-SIH-2026,THERMAL_BURN_IN,T01_0718,PROC-ISRO-IISU-01,ATE-STATION-01,CHAMBER-01,1.0,125.0,3.3,168,IDDQ,ELECTRICAL,uA,1.9031,1470.4661,1470.6055,1470.6947,1468.563,0.0329,-0.0242,33.53,33.72,1.9031,1470.4661,1470.6055,1470.6947,1468.563,75.0,False,NOMINAL,HEALTHY,-14.2,-21.48
MIX_LOT01_COMP0719,LOT_01,MIXED_SIGNAL_IC,CQFP-64,MIX-SIH-2026,THERMAL_BURN_IN,T01_0719,PROC-ISRO-IISU-01,ATE-STATION-01,CHAMBER-01,1.0,125.0,3.3,168,IDDQ,ELECTRICAL,uA,2.7238,2106.5075,2106.6733,2106.7489,2103.7837,0.0123,-0.0529,36.85,36.57,2.7238,2106.5075,2106.6733,2106.7489,2103.7837,75.0,False,NOMINAL,HEALTHY,36.41,-9.51
MIX_LOT01_COMP0720,LOT_01,MIXED_SIGNAL_IC,CQFP-64,MIX-SIH-2026,THERMAL_BURN_IN,T01_0720,PROC-ISRO-IISU-01,ATE-STATION-01,CHAMBER-01,1.0,125.0,3.3,168,IDDQ,ELECTRICAL,uA,1.8679,1456.4179,1456.4691,1456.5156,1454.55,-0.0191,-0.0077,36.91,37.66,1.8679,1456.4179,1456.4691,1456.5156,1454.55,75.0,True,DIELECTRIC_OSCILLATION,HEALTHY,-44.34,20.99
MIX_LOT01_COMP0721,LOT_01,MIXED_SIGNAL_IC,CQFP-64,MIX-SIH-2026,THERMAL_BURN_IN,T01_0721,PROC-ISRO-IISU-01,ATE-STATION-01,CHAMBER-01,1.0,125.0,3.3,168,IDDQ,ELECTRICAL,uA,1.9626,1506.3163,1506.4482,1506.5646,1504.3537,0.0128,-0.1062,32.8,32.7,1.9626,1506.3163,1506.4482,1506.5646,1504.3537,75.0,False,NOMINAL,HEALTHY,40.02,39.41
MIX_LOT01_COMP0722,LOT_01,MIXED_SIGNAL_IC,CQFP-64,MIX-SIH-2026,THERMAL_BURN_IN,T01_0722,PROC-ISRO-IISU-01,ATE-STATION-01,CHAMBER-01,1.0,125.0,3.3,168,IDDQ,ELECTRICAL,uA,2.2783,1749.1942,1749.3433,1749.4733,1746.9159,-0.0022,0.0188,33.93,33.74,2.2783,1749.1942,1749.3433,1749.4733,1746.9159,75.0,False,NOMINAL,HEALTHY,-11.27,-18.91
MIX_LOT01_COMP0723,LOT_01,MIXED_SIGNAL_IC,CQFP-64,MIX-SIH-2026,THERMAL_BURN_IN,T01_0723,PROC-ISRO-IISU-01,ATE-STATION-01,CHAMBER-01,1.0,125.0,3.3,168,IDDQ,ELECTRICAL,uA,2.7144,2088.4073,2088.6434,2088.7326,2085.6929,-0.0131,-0.0067,34.63,34.51,2.7144,2088.4073,2088.6434,2088.7326,2085.6929,75.0,False,NOMINAL,HEALTHY,38.05,42.52
MIX_LOT01_COMP0724,LOT_01,MIXED_SIGNAL_IC,CQFP-64,MIX-SIH-2026,THERMAL_BURN_IN,T01_0724,PROC-ISRO-IISU-01,ATE-STATION-01,CHAMBER-01,1.0,125.0,3.3,168,IDDQ,ELECTRICAL,uA,1.8003,1402.9978,1403.0656,1403.154,1401.1975,-0.0033,-0.0325,36.46,36.06,1.8003,1402.9978,1403.0656,1403.154,1401.1975,75.0,False,NOMINAL,HEALTHY,-42.9,-16.82
MIX_LOT01_COMP0725,LOT_01,MIXED_SIGNAL_IC,CQFP-64,MIX-SIH-2026,THERMAL_BURN_IN,T01_0725,PROC-ISRO-IISU-01,ATE-STATION-01,CHAMBER-01,1.0,125.0,3.3,168,IDDQ,ELECTRICAL,uA,2.4383,1869.2955,1869.4239,1869.52,1866.8572,-0.0018,-0.0513,34.99,35.71,2.4383,1869.2955,1869.4239,1869.52,1866.8572,75.0,False,NOMINAL,HEALTHY,-15.74,13.02
MIX_LOT01_COMP0726,LOT_01,MIXED_SIGNAL_IC,CQFP-64,MIX-SIH-2026,THERMAL_BURN_IN,T01_0726,PROC-ISRO-IISU-01,ATE-STATION-01,CHAMBER-01,1.0,125.0,3.3,168,IDDQ,ELECTRICAL,uA,2.1247,1640.9625,1641.0729,1641.1571,1638.8378,0.0348,0.0598,34.95,35.43,2.1247,1640.9625,1641.0729,1641.1571,1638.8378,75.0,False,NOMINAL,HEALTHY,2.81,39.65
MIX_LOT01_COMP0727,LOT_01,MIXED_SIGNAL_IC,CQFP-64,MIX-SIH-2026,THERMAL_BURN_IN,T01_0727,PROC-ISRO-IISU-01,ATE-STATION-01,CHAMBER-01,1.0,125.0,3.3,168,IDDQ,ELECTRICAL,uA,1.5773,1231.0574,1231.1554,1231.178,1229.4801,0.0215,0.0619,36.28,36.29,1.5773,1231.0574,1231.1554,1231.178,1229.4801,75.0,False,NOMINAL,HEALTHY,-47.53,31.57
MIX_LOT01_COMP0728,LOT_01,MIXED_SIGNAL_IC,CQFP-64,MIX-SIH-2026,THERMAL_BURN_IN,T01_0728,PROC-ISRO-IISU-01,ATE-STATION-01,CHAMBER-01,1.0,125.0,3.3,168,IDDQ,ELECTRICAL,uA,2.1945,1712.964,1713.062,1713.1867,1710.7695,0.0418,0.1109,34.56,34.03,2.1945,1712.964,1713.062,1713.1867,1710.7695,75.0,False,NOMINAL,HEALTHY,21.26,4.49
MIX_LOT01_COMP0729,LOT_01,MIXED_SIGNAL_IC,CQFP-64,MIX-SIH-2026,THERMAL_BURN_IN,T01_0729,PROC-ISRO-IISU-01,ATE-STATION-01,CHAMBER-01,1.0,125.0,3.3,168,IDDQ,ELECTRICAL,uA,2.1233,1630.1022,1630.2296,1630.3101,1627.9789,0.0054,0.0696,35.13,35.25,2.1233,1630.1022,1630.2296,1630.3101,1627.9789,75.0,False,NOMINAL,HEALTHY,-17.54,4.31
MIX_LOT01_COMP0730,LOT_01,MIXED_SIGNAL_IC,CQFP-64,MIX-SIH-2026,THERMAL_BURN_IN,T01_0730,PROC-ISRO-IISU-01,ATE-STATION-01,CHAMBER-01,1.0,125.0,3.3,168,IDDQ,ELECTRICAL,uA,2.2975,1773.3812,1773.5506,1773.606,1771.0837,0.041,0.0677,35.36,34.73,2.2975,1773.3812,1773.5506,1773.606,1771.0837,75.0,False,NOMINAL,HEALTHY,13.84,43.53
MIX_LOT01_COMP0731,LOT_01,MIXED_SIGNAL_IC,CQFP-64,MIX-SIH-2026,THERMAL_BURN_IN,T01_0731,PROC-ISRO-IISU-01,ATE-STATION-01,CHAMBER-01,1.0,125.0,3.3,168,IDDQ,ELECTRICAL,uA,2.0178,1567.7102,1567.8519,1567.8544,1565.6924,-0.0267,-0.0161,37.0,37.57,2.0178,1567.7102,1567.8519,1567.8544,1565.6924,75.0,False,NOMINAL,HEALTHY,18.11,-27.1
MIX_LOT01_COMP0732,LOT_01,MIXED_SIGNAL_IC,CQFP-64,MIX-SIH-2026,THERMAL_BURN_IN,T01_0732,PROC-ISRO-IISU-01,ATE-STATION-01,CHAMBER-01,1.0,125.0,3.3,168,IDDQ,ELECTRICAL,uA,2.314,1767.4862,1767.5945,1767.6897,1765.1722,-0.0082,-0.0236,34.78,34.69,2.314,1767.4862,1767.5945,1767.6897,1765.1722,75.0,False,NOMINAL,HEALTHY,14.53,-31.76
MIX_LOT01_COMP0733,LOT_01,MIXED_SIGNAL_IC,CQFP-64,MIX-SIH-2026,THERMAL_BURN_IN,T01_0733,PROC-ISRO-IISU-01,ATE-STATION-01,CHAMBER-01,1.0,125.0,3.3,168,IDDQ,ELECTRICAL,uA,1.613,1246.9093,1246.9723,1247.1195,1245.2963,0.0049,-0.019,33.47,33.54,1.613,1246.9093,1246.9723,1247.1195,1245.2963,75.0,False,NOMINAL,HEALTHY,23.45,-6.85
MIX_LOT01_COMP0734,LOT_01,MIXED_SIGNAL_IC,CQFP-64,MIX-SIH-2026,THERMAL_BURN_IN,T01_0734,PROC-ISRO-IISU-01,ATE-STATION-01,CHAMBER-01,1.0,125.0,3.3,168,IDDQ,ELECTRICAL,uA,2.2867,1756.3553,1764.9844,1914.9057,1754.0686,0.0097,0.026,30.99,30.43,2.2867,1756.3553,1764.9844,1914.9057,1754.0686,75.0,True,THERMAL_RUNAWAY,HEALTHY,-6.86,-25.12
MIX_LOT01_COMP0735,LOT_01,MIXED_SIGNAL_IC,CQFP-64,MIX-SIH-2026,THERMAL_BURN_IN,T01_0735,PROC-ISRO-IISU-01,ATE-STATION-01,CHAMBER-01,1.0,125.0,3.3,168,IDDQ,ELECTRICAL,uA,2.0719,1624.5868,1624.7213,1624.7343,1622.5149,0.0245,-0.0204,36.02,37.28,2.0719,1624.5868,1624.7213,1624.7343,1622.5149,75.0,False,NOMINAL,HEALTHY,-31.54,-16.67
MIX_LOT01_COMP0736,LOT_01,MIXED_SIGNAL_IC,CQFP-64,MIX-SIH-2026,THERMAL_BURN_IN,T01_0736,PROC-ISRO-IISU-01,ATE-STATION-01,CHAMBER-01,1.0,125.0,3.3,168,IDDQ,ELECTRICAL,uA,1.7627,1363.5295,1363.6216,1363.712,1361.7668,0.0068,0.0416,33.74,33.5,1.7627,1363.5295,1363.6216,1363.712,1361.7668,75.0,False,NOMINAL,HEALTHY,45.48,48.56
MIX_LOT01_COMP0737,LOT_01,MIXED_SIGNAL_IC,CQFP-64,MIX-SIH-2026,THERMAL_BURN_IN,T01_0737,PROC-ISRO-IISU-01,ATE-STATION-01,CHAMBER-01,1.0,125.0,3.3,168,IDDQ,ELECTRICAL,uA,2.0193,1558.7059,1558.8389,1558.9072,1556.6866,-0.0023,0.007,35.78,35.99,2.0193,1558.7059,1558.8389,1558.9072,1556.6866,75.0,False,NOMINAL,HEALTHY,-15.02,-22.89
MIX_LOT01_COMP0738,LOT_01,MIXED_SIGNAL_IC,CQFP-64,MIX-SIH-2026,THERMAL_BURN_IN,T01_0738,PROC-ISRO-IISU-01,ATE-STATION-01,CHAMBER-01,1.0,125.0,3.3,168,IDDQ,ELECTRICAL,uA,2.0382,1588.9024,1589.0628,1589.1439,1586.8642,-0.0282,-0.0708,32.99,32.66,2.0382,1588.9024,1589.0628,1589.1439,1586.8642,75.0,False,NOMINAL,HEALTHY,19.95,-12.76
MIX_LOT01_COMP0739,LOT_01,MIXED_SIGNAL_IC,CQFP-64,MIX-SIH-2026,THERMAL_BURN_IN,T01_0739,PROC-ISRO-IISU-01,ATE-STATION-01,CHAMBER-01,1.0,125.0,3.3,168,IDDQ,ELECTRICAL,uA,2.0482,1581.6435,1581.7632,1581.8319,1579.5953,0.0552,0.1436,33.89,33.72,2.0482,1581.6435,1581.7632,1581.8319,1579.5953,75.0,False,NOMINAL,HEALTHY,-18.39,-35.4
MIX_LOT01_COMP0740,LOT_01,MIXED_SIGNAL_IC,CQFP-64,MIX-SIH-2026,THERMAL_BURN_IN,T01_0740,PROC-ISRO-IISU-01,ATE-STATION-01,CHAMBER-01,1.0,125.0,3.3,168,IDDQ,ELECTRICAL,uA,2.249,1736.2229,1736.3682,1736.4958,1733.9739,-0.0308,-0.0895,35.73,35.47,2.249,1736.2229,1736.3682,1736.4958,1733.9739,75.0,False,NOMINAL,HEALTHY,-28.88,-11.6
MIX_LOT01_COMP0741,LOT_01,MIXED_SIGNAL_IC,CQFP-64,MIX-SIH-2026,THERMAL_BURN_IN,T01_0741,PROC-ISRO-IISU-01,ATE-STATION-01,CHAMBER-01,1.0,125.0,3.3,168,IDDQ,ELECTRICAL,uA,1.5055,1136.6103,1136.7315,1136.7589,1135.1048,-0.0099,-0.0314,34.94,34.88,1.5055,1136.6103,1136.7315,1136.7589,1135.1048,75.0,False,NOMINAL,HEALTHY,-24.67,44.13
MIX_LOT01_COMP0742,LOT_01,MIXED_SIGNAL_IC,CQFP-64,MIX-SIH-2026,THERMAL_BURN_IN,T01_0742,PROC-ISRO-IISU-01,ATE-STATION-01,CHAMBER-01,1.0,125.0,3.3,168,IDDQ,ELECTRICAL,uA,1.996,1545.259,1545.3833,1545.4528,1543.263,-0.0049,-0.0125,35.03,34.92,1.996,1545.259,1545.3833,1545.4528,1543.263,75.0,False,NOMINAL,HEALTHY,29.64,-22.68
MIX_LOT01_COMP0743,LOT_01,MIXED_SIGNAL_IC,CQFP-64,MIX-SIH-2026,THERMAL_BURN_IN,T01_0743,PROC-ISRO-IISU-01,ATE-STATION-01,CHAMBER-01,1.0,125.0,3.3,168,IDDQ,ELECTRICAL,uA,2.1831,1677.1468,1677.274,1677.3944,1674.9637,-0.0168,0.0124,34.64,34.02,2.1831,1677.1468,1677.274,1677.3944,1674.9637,75.0,False,NOMINAL,HEALTHY,35.14,15.64
MIX_LOT01_COMP0744,LOT_01,MIXED_SIGNAL_IC,CQFP-64,MIX-SIH-2026,THERMAL_BURN_IN,T01_0744,PROC-ISRO-IISU-01,ATE-STATION-01,CHAMBER-01,1.0,125.0,3.3,168,IDDQ,ELECTRICAL,uA,2.222,1734.7584,1734.9178,1734.9545,1732.5364,0.0147,-0.0584,35.33,36.04,2.222,1734.7584,1734.9178,1734.9545,1732.5364,75.0,False,NOMINAL,HEALTHY,-8.98,-13.13
MIX_LOT01_COMP0745,LOT_01,MIXED_SIGNAL_IC,CQFP-64,MIX-SIH-2026,THERMAL_BURN_IN,T01_0745,PROC-ISRO-IISU-01,ATE-STATION-01,CHAMBER-01,1.0,125.0,3.3,168,IDDQ,ELECTRICAL,uA,1.7852,1385.977,1386.0834,1386.1187,1384.1918,-0.0064,-0.0187,35.39,35.7,1.7852,1385.977,1386.0834,1386.1187,1384.1918,75.0,False,NOMINAL,HEALTHY,36.1,9.18
MIX_LOT01_COMP0746,LOT_01,MIXED_SIGNAL_IC,CQFP-64,MIX-SIH-2026,THERMAL_BURN_IN,T01_0746,PROC-ISRO-IISU-01,ATE-STATION-01,CHAMBER-01,1.0,125.0,3.3,168,IDDQ,ELECTRICAL,uA,1.8197,1411.5803,1411.6797,1411.7476,1409.7606,-0.0059,-0.0228,36.24,36.24,1.8197,1411.5803,1411.6797,1411.7476,1409.7606,75.0,False,NOMINAL,HEALTHY,-31.43,-41.95
MIX_LOT01_COMP0747,LOT_01,MIXED_SIGNAL_IC,CQFP-64,MIX-SIH-2026,THERMAL_BURN_IN,T01_0747,PROC-ISRO-IISU-01,ATE-STATION-01,CHAMBER-01,1.0,125.0,3.3,168,IDDQ,ELECTRICAL,uA,2.2153,1704.8531,1704.9797,1705.0624,1702.6378,-0.0019,-0.0122,34.63,34.18,2.2153,1704.8531,1704.9797,1705.0624,1702.6378,75.0,False,NOMINAL,HEALTHY,-4.85,18.4
MIX_LOT01_COMP0748,LOT_01,MIXED_SIGNAL_IC,CQFP-64,MIX-SIH-2026,THERMAL_BURN_IN,T01_0748,PROC-ISRO-IISU-01,ATE-STATION-01,CHAMBER-01,1.0,125.0,3.3,168,IDDQ,ELECTRICAL,uA,2.2408,1730.7264,1730.8657,1730.8914,1728.4856,-0.0023,0.0281,34.15,34.82,2.2408,1730.7264,1730.8657,1730.8914,1728.4856,75.0,False,NOMINAL,HEALTHY,33.5,-22.22
MIX_LOT01_COMP0749,LOT_01,MIXED_SIGNAL_IC,CQFP-64,MIX-SIH-2026,THERMAL_BURN_IN,T01_0749,PROC-ISRO-IISU-01,ATE-STATION-01,CHAMBER-01,1.0,125.0,3.3,168,IDDQ,ELECTRICAL,uA,2.2174,1728.9815,1729.0825,1729.1838,1726.7641,0.0051,-0.0018,36.0,36.08,2.2174,1728.9815,1729.0825,1729.1838,1726.7641,75.0,False,NOMINAL,HEALTHY,-25.2,-25.72
MIX_LOT01_COMP0750,LOT_01,MIXED_SIGNAL_IC,CQFP-64,MIX-SIH-2026,THERMAL_BURN_IN,T01_0750,PROC-ISRO-IISU-01,ATE-STATION-01,CHAMBER-01,1.0,125.0,3.3,168,IDDQ,ELECTRICAL,uA,2.2684,1764.3825,1764.5219,1764.6374,1762.1141,0.0029,0.0039,35.06,34.68,2.2684,1764.3825,1764.5219,1764.6374,1762.1141,75.0,False,NOMINAL,HEALTHY,27.48,48.15
MIX_LOT01_COMP0751,LOT_01,MIXED_SIGNAL_IC,CQFP-64,MIX-SIH-2026,THERMAL_BURN_IN,T01_0751,PROC-ISRO-IISU-01,ATE-STATION-01,CHAMBER-01,1.0,125.0,3.3,168,IDDQ,ELECTRICAL,uA,2.0341,1560.0048,1560.0967,1560.1946,1557.9707,-0.001,0.0219,33.89,33.83,2.0341,1560.0048,1560.0967,1560.1946,1557.9707,75.0,False,NOMINAL,HEALTHY,9.02,28.76
MIX_LOT01_COMP0752,LOT_01,MIXED_SIGNAL_IC,CQFP-64,MIX-SIH-2026,THERMAL_BURN_IN,T01_0752,PROC-ISRO-IISU-01,ATE-STATION-01,CHAMBER-01,1.0,125.0,3.3,168,IDDQ,ELECTRICAL,uA,2.1235,1636.7143,1636.7974,1636.78,1634.5908,0.0092,-0.0293,34.96,35.6,2.1235,1636.7143,1636.7974,1636.78,1634.5908,75.0,False,NOMINAL,HEALTHY,14.95,-27.25
MIX_LOT01_COMP0753,LOT_01,MIXED_SIGNAL_IC,CQFP-64,MIX-SIH-2026,THERMAL_BURN_IN,T01_0753,PROC-ISRO-IISU-01,ATE-STATION-01,CHAMBER-01,1.0,125.0,3.3,168,IDDQ,ELECTRICAL,uA,2.423,1865.1298,1865.2765,1865.4273,1862.7068,-0.0431,-0.0295,35.64,35.52,2.423,1865.1298,1865.2765,1865.4273,1862.7068,75.0,False,NOMINAL,HEALTHY,24.37,23.51
MIX_LOT01_COMP0754,LOT_01,MIXED_SIGNAL_IC,CQFP-64,MIX-SIH-2026,THERMAL_BURN_IN,T01_0754,PROC-ISRO-IISU-01,ATE-STATION-01,CHAMBER-01,1.0,125.0,3.3,168,IDDQ,ELECTRICAL,uA,2.3806,1841.9956,1842.1166,1842.2108,1839.615,-0.0121,-0.102,33.94,33.83,2.3806,1841.9956,1842.1166,1842.2108,1839.615,75.0,False,NOMINAL,HEALTHY,-20.26,27.03
MIX_LOT01_COMP0755,LOT_01,MIXED_SIGNAL_IC,CQFP-64,MIX-SIH-2026,THERMAL_BURN_IN,T01_0755,PROC-ISRO-IISU-01,ATE-STATION-01,CHAMBER-01,1.0,125.0,3.3,168,IDDQ,ELECTRICAL,uA,2.0761,1599.1266,1599.2341,1599.3101,1597.0505,0.0004,-0.0218,35.51,34.76,2.0761,1599.1266,1599.2341,1599.3101,1597.0505,75.0,False,NOMINAL,HEALTHY,47.81,-9.56
MIX_LOT01_COMP0756,LOT_01,MIXED_SIGNAL_IC,CQFP-64,MIX-SIH-2026,THERMAL_BURN_IN,T01_0756,PROC-ISRO-IISU-01,ATE-STATION-01,CHAMBER-01,1.0,125.0,3.3,168,IDDQ,ELECTRICAL,uA,1.8104,1387.4649,1387.5774,1387.6461,1385.6545,-0.0051,0.1226,35.21,35.47,1.8104,1387.4649,1387.5774,1387.6461,1385.6545,75.0,False,NOMINAL,HEALTHY,-49.6,-11.11
MIX_LOT01_COMP0757,LOT_01,MIXED_SIGNAL_IC,CQFP-64,MIX-SIH-2026,THERMAL_BURN_IN,T01_0757,PROC-ISRO-IISU-01,ATE-STATION-01,CHAMBER-01,1.0,125.0,3.3,168,IDDQ,ELECTRICAL,uA,2.4349,1885.6383,1885.8556,1885.8934,1883.2034,-0.0063,-0.0655,35.63,36.14,2.4349,1885.6383,1885.8556,1885.8934,1883.2034,75.0,False,NOMINAL,HEALTHY,33.29,-14.66
MIX_LOT01_COMP0758,LOT_01,MIXED_SIGNAL_IC,CQFP-64,MIX-SIH-2026,THERMAL_BURN_IN,T01_0758,PROC-ISRO-IISU-01,ATE-STATION-01,CHAMBER-01,1.0,125.0,3.3,168,IDDQ,ELECTRICAL,uA,2.8085,2175.989,2176.1388,2176.2635,2173.1805,-0.0083,0.0386,35.08,35.1,2.8085,2175.989,2176.1388,2176.2635,2173.1805,75.0,False,NOMINAL,HEALTHY,12.9,-3.08
MIX_LOT01_COMP0759,LOT_01,MIXED_SIGNAL_IC,CQFP-64,MIX-SIH-2026,THERMAL_BURN_IN,T01_0759,PROC-ISRO-IISU-01,ATE-STATION-01,CHAMBER-01,1.0,125.0,3.3,168,IDDQ,ELECTRICAL,uA,1.9787,1503.2116,1503.3306,1503.4488,1501.2329,-0.001,-0.029,34.5,34.55,1.9787,1503.2116,1503.3306,1503.4488,1501.2329,75.0,False,NOMINAL,HEALTHY,21.5,-31.25
MIX_LOT01_COMP0760,LOT_01,MIXED_SIGNAL_IC,CQFP-64,MIX-SIH-2026,THERMAL_BURN_IN,T01_0760,PROC-ISRO-IISU-01,ATE-STATION-01,CHAMBER-01,1.0,125.0,3.3,168,IDDQ,ELECTRICAL,uA,2.0508,1592.2607,1592.4122,1592.4578,1590.2099,-0.0076,0.0352,34.64,33.92,2.0508,1592.2607,1592.4122,1592.4578,1590.2099,75.0,False,NOMINAL,HEALTHY,-28.58,19.92
MIX_LOT01_COMP0761,LOT_01,MIXED_SIGNAL_IC,CQFP-64,MIX-SIH-2026,THERMAL_BURN_IN,T01_0761,PROC-ISRO-IISU-01,ATE-STATION-01,CHAMBER-01,1.0,125.0,3.3,168,IDDQ,ELECTRICAL,uA,2.0676,1601.1159,1601.2751,1601.2997,1599.0483,-0.005,-0.1553,35.25,34.73,2.0676,1601.1159,1601.2751,1601.2997,1599.0483,75.0,False,NOMINAL,HEALTHY,18.02,-47.63
MIX_LOT01_COMP0762,LOT_01,MIXED_SIGNAL_IC,CQFP-64,MIX-SIH-2026,THERMAL_BURN_IN,T01_0762,PROC-ISRO-IISU-01,ATE-STATION-01,CHAMBER-01,1.0,125.0,3.3,168,IDDQ,ELECTRICAL,uA,2.1489,1662.889,1663.0498,1663.0811,1660.7401,0.0073,0.1189,36.99,36.3,2.1489,1662.889,1663.0498,1663.0811,1660.7401,75.0,False,NOMINAL,HEALTHY,-25.48,13.0
MIX_LOT01_COMP0763,LOT_01,MIXED_SIGNAL_IC,CQFP-64,MIX-SIH-2026,THERMAL_BURN_IN,T01_0763,PROC-ISRO-IISU-01,ATE-STATION-01,CHAMBER-01,1.0,125.0,3.3,168,IDDQ,ELECTRICAL,uA,2.4868,1905.4123,1905.5714,1905.6589,1902.9255,0.0201,-0.0239,34.13,34.21,2.4868,1905.4123,1905.5714,1905.6589,1902.9255,75.0,False,NOMINAL,HEALTHY,-19.73,-29.54
MIX_LOT01_COMP0764,LOT_01,MIXED_SIGNAL_IC,CQFP-64,MIX-SIH-2026,THERMAL_BURN_IN,T01_0764,PROC-ISRO-IISU-01,ATE-STATION-01,CHAMBER-01,1.0,125.0,3.3,168,IDDQ,ELECTRICAL,uA,2.3628,1810.6545,1810.7928,1810.8572,1808.2917,0.0221,0.117,36.35,36.1,2.3628,1810.6545,1810.7928,1810.8572,1808.2917,75.0,False,NOMINAL,HEALTHY,-47.81,-41.11
MIX_LOT01_COMP0765,LOT_01,MIXED_SIGNAL_IC,CQFP-64,MIX-SIH-2026,THERMAL_BURN_IN,T01_0765,PROC-ISRO-IISU-01,ATE-STATION-01,CHAMBER-01,1.0,125.0,3.3,168,IDDQ,ELECTRICAL,uA,2.4131,1856.034,1856.1913,1856.31,1853.6209,0.0261,0.0642,35.11,34.56,2.4131,1856.034,1856.1913,1856.31,1853.6209,75.0,False,NOMINAL,HEALTHY,-30.3,-4.21
MIX_LOT01_COMP0766,LOT_01,MIXED_SIGNAL_IC,CQFP-64,MIX-SIH-2026,THERMAL_BURN_IN,T01_0766,PROC-ISRO-IISU-01,ATE-STATION-01,CHAMBER-01,1.0,125.0,3.3,168,IDDQ,ELECTRICAL,uA,1.9442,1518.359,1518.4848,1518.5883,1516.4148,0.0025,0.024,33.99,34.06,1.9442,1518.359,1518.4848,1518.5883,1516.4148,75.0,False,NOMINAL,HEALTHY,12.05,-25.99
MIX_LOT01_COMP0767,LOT_01,MIXED_SIGNAL_IC,CQFP-64,MIX-SIH-2026,THERMAL_BURN_IN,T01_0767,PROC-ISRO-IISU-01,ATE-STATION-01,CHAMBER-01,1.0,125.0,3.3,168,IDDQ,ELECTRICAL,uA,2.2244,1725.119,1725.3385,1725.3681,1722.8946,-0.0295,0.0274,35.75,35.6,2.2244,1725.119,1725.3385,1725.3681,1722.8946,75.0,False,NOMINAL,HEALTHY,-5.66,32.78
MIX_LOT01_COMP0768,LOT_01,MIXED_SIGNAL_IC,CQFP-64,MIX-SIH-2026,THERMAL_BURN_IN,T01_0768,PROC-ISRO-IISU-01,ATE-STATION-01,CHAMBER-01,1.0,125.0,3.3,168,IDDQ,ELECTRICAL,uA,2.0002,1530.106,1530.2284,1530.2445,1528.1058,-0.0356,-0.0246,34.1,33.93,2.0002,1530.106,1530.2284,1530.2445,1528.1058,75.0,False,NOMINAL,HEALTHY,-31.86,13.31
MIX_LOT01_COMP0769,LOT_01,MIXED_SIGNAL_IC,CQFP-64,MIX-SIH-2026,THERMAL_BURN_IN,T01_0769,PROC-ISRO-IISU-01,ATE-STATION-01,CHAMBER-01,1.0,125.0,3.3,168,IDDQ,ELECTRICAL,uA,2.0375,1569.5165,1569.642,1569.6773,1567.479,-0.0143,-0.0482,36.59,36.64,2.0375,1569.5165,1569.642,1569.6773,1567.479,75.0,False,NOMINAL,HEALTHY,47.69,44.44
MIX_LOT01_COMP0770,LOT_01,MIXED_SIGNAL_IC,CQFP-64,MIX-SIH-2026,THERMAL_BURN_IN,T01_0770,PROC-ISRO-IISU-01,ATE-STATION-01,CHAMBER-01,1.0,125.0,3.3,168,IDDQ,ELECTRICAL,uA,1.7317,1316.1286,1316.2526,1316.2565,1314.3969,-0.0433,-0.0952,36.62,36.72,1.7317,1316.1286,1316.2526,1316.2565,1314.3969,75.0,False,NOMINAL,HEALTHY,-14.73,-48.85
MIX_LOT01_COMP0771,LOT_01,MIXED_SIGNAL_IC,CQFP-64,MIX-SIH-2026,THERMAL_BURN_IN,T01_0771,PROC-ISRO-IISU-01,ATE-STATION-01,CHAMBER-01,1.0,125.0,3.3,168,IDDQ,ELECTRICAL,uA,2.4046,1862.9111,1863.0981,1863.1053,1860.5065,0.0348,-0.0093,33.18,34.57,2.4046,1862.9111,1863.0981,1863.1053,1860.5065,75.0,False,NOMINAL,HEALTHY,-48.78,-32.5
MIX_LOT01_COMP0772,LOT_01,MIXED_SIGNAL_IC,CQFP-64,MIX-SIH-2026,THERMAL_BURN_IN,T01_0772,PROC-ISRO-IISU-01,ATE-STATION-01,CHAMBER-01,1.0,125.0,3.3,168,IDDQ,ELECTRICAL,uA,1.4651,1136.6351,1136.6987,1136.8154,1135.17,-0.0114,0.0146,35.36,36.3,1.4651,1136.6351,1136.6987,1136.8154,1135.17,75.0,False,NOMINAL,HEALTHY,10.13,48.34
MIX_LOT01_COMP0773,LOT_01,MIXED_SIGNAL_IC,CQFP-64,MIX-SIH-2026,THERMAL_BURN_IN,T01_0773,PROC-ISRO-IISU-01,ATE-STATION-01,CHAMBER-01,1.0,125.0,3.3,168,IDDQ,ELECTRICAL,uA,2.1983,1706.1728,1706.2798,1706.3547,1703.9745,0.0017,-0.0149,34.09,33.97,2.1983,1706.1728,1706.2798,1706.3547,1703.9745,75.0,False,NOMINAL,HEALTHY,-0.35,-17.69
MIX_LOT01_COMP0774,LOT_01,MIXED_SIGNAL_IC,CQFP-64,MIX-SIH-2026,THERMAL_BURN_IN,T01_0774,PROC-ISRO-IISU-01,ATE-STATION-01,CHAMBER-01,1.0,125.0,3.3,168,IDDQ,ELECTRICAL,uA,2.092,1610.7164,1610.8054,1610.925,1608.6244,0.0004,0.0312,35.94,35.52,2.092,1610.7164,1610.8054,1610.925,1608.6244,75.0,False,NOMINAL,HEALTHY,-35.09,28.08
MIX_LOT01_COMP0775,LOT_01,MIXED_SIGNAL_IC,CQFP-64,MIX-SIH-2026,THERMAL_BURN_IN,T01_0775,PROC-ISRO-IISU-01,ATE-STATION-01,CHAMBER-01,1.0,125.0,3.3,168,IDDQ,ELECTRICAL,uA,2.0072,1527.7073,1527.8332,1527.8829,1525.7001,-0.0026,0.0192,35.55,35.84,2.0072,1527.7073,1527.8332,1527.8829,1525.7001,75.0,False,NOMINAL,HEALTHY,36.78,46.16
MIX_LOT01_COMP0776,LOT_01,MIXED_SIGNAL_IC,CQFP-64,MIX-SIH-2026,THERMAL_BURN_IN,T01_0776,PROC-ISRO-IISU-01,ATE-STATION-01,CHAMBER-01,1.0,125.0,3.3,168,IDDQ,ELECTRICAL,uA,1.869,1437.6091,1437.7454,1437.7887,1435.7401,-0.0193,-0.0043,35.9,35.69,1.869,1437.6091,1437.7454,1437.7887,1435.7401,75.0,False,NOMINAL,HEALTHY,17.54,-34.2
MIX_LOT01_COMP0777,LOT_01,MIXED_SIGNAL_IC,CQFP-64,MIX-SIH-2026,THERMAL_BURN_IN,T01_0777,PROC-ISRO-IISU-01,ATE-STATION-01,CHAMBER-01,1.0,125.0,3.3,168,IDDQ,ELECTRICAL,uA,2.2905,1776.7173,1776.8753,1776.9173,1774.4268,-0.0429,-0.0711,35.06,35.64,2.2905,1776.7173,1776.8753,1776.9173,1774.4268,75.0,False,NOMINAL,HEALTHY,-48.06,-20.16
MIX_LOT01_COMP0778,LOT_01,MIXED_SIGNAL_IC,CQFP-64,MIX-SIH-2026,THERMAL_BURN_IN,T01_0778,PROC-ISRO-IISU-01,ATE-STATION-01,CHAMBER-01,1.0,125.0,3.3,168,IDDQ,ELECTRICAL,uA,2.355,1800.1792,1800.2818,1800.4194,1797.8242,0.0103,0.0043,33.19,33.61,2.355,1800.1792,1800.2818,1800.4194,1797.8242,75.0,False,NOMINAL,HEALTHY,38.33,-31.05
MIX_LOT01_COMP0779,LOT_01,MIXED_SIGNAL_IC,CQFP-64,MIX-SIH-2026,THERMAL_BURN_IN,T01_0779,PROC-ISRO-IISU-01,ATE-STATION-01,CHAMBER-01,1.0,125.0,3.3,168,IDDQ,ELECTRICAL,uA,1.8954,1468.9432,1469.0383,1469.137,1467.0478,-0.0002,-0.0261,33.48,32.65,1.8954,1468.9432,1469.0383,1469.137,1467.0478,75.0,False,NOMINAL,HEALTHY,0.52,11.88
MIX_LOT01_COMP0780,LOT_01,MIXED_SIGNAL_IC,CQFP-64,MIX-SIH-2026,THERMAL_BURN_IN,T01_0780,PROC-ISRO-IISU-01,ATE-STATION-01,CHAMBER-01,1.0,125.0,3.3,168,IDDQ,ELECTRICAL,uA,1.9511,1504.3503,1504.4743,1504.4895,1502.3992,0.0039,0.0562,35.63,36.57,1.9511,1504.3503,1504.4743,1504.4895,1502.3992,75.0,False,NOMINAL,HEALTHY,2.86,-10.47
MIX_LOT01_COMP0781,LOT_01,MIXED_SIGNAL_IC,CQFP-64,MIX-SIH-2026,THERMAL_BURN_IN,T01_0781,PROC-ISRO-IISU-01,ATE-STATION-01,CHAMBER-01,1.0,125.0,3.3,168,IDDQ,ELECTRICAL,uA,2.3049,1772.9291,1773.0203,1773.1195,1770.6242,-0.0337,-0.0355,36.28,36.94,2.3049,1772.9291,1773.0203,1773.1195,1770.6242,75.0,False,NOMINAL,HEALTHY,29.66,-49.39
MIX_LOT01_COMP0782,LOT_01,MIXED_SIGNAL_IC,CQFP-64,MIX-SIH-2026,THERMAL_BURN_IN,T01_0782,PROC-ISRO-IISU-01,ATE-STATION-01,CHAMBER-01,1.0,125.0,3.3,168,IDDQ,ELECTRICAL,uA,2.0643,1590.856,1590.9838,1591.0467,1588.7917,-0.0269,-0.0528,36.49,34.88,2.0643,1590.856,1590.9838,1591.0467,1588.7917,75.0,False,NOMINAL,HEALTHY,31.1,10.61
MIX_LOT01_COMP0783,LOT_01,MIXED_SIGNAL_IC,CQFP-64,MIX-SIH-2026,THERMAL_BURN_IN,T01_0783,PROC-ISRO-IISU-01,ATE-STATION-01,CHAMBER-01,1.0,125.0,3.3,168,IDDQ,ELECTRICAL,uA,1.9698,1542.3223,1542.4478,1542.4975,1540.3525,-0.0102,-0.065,36.54,36.42,1.9698,1542.3223,1542.4478,1542.4975,1540.3525,75.0,False,NOMINAL,HEALTHY,8.38,17.72
MIX_LOT01_COMP0784,LOT_01,MIXED_SIGNAL_IC,CQFP-64,MIX-SIH-2026,THERMAL_BURN_IN,T01_0784,PROC-ISRO-IISU-01,ATE-STATION-01,CHAMBER-01,1.0,125.0,3.3,168,IDDQ,ELECTRICAL,uA,2.3156,1799.5883,1799.7523,1799.7648,1797.2727,0.0011,0.0996,35.99,35.57,2.3156,1799.5883,1799.7523,1799.7648,1797.2727,75.0,False,NOMINAL,HEALTHY,22.63,-36.81
MIX_LOT01_COMP0785,LOT_01,MIXED_SIGNAL_IC,CQFP-64,MIX-SIH-2026,THERMAL_BURN_IN,T01_0785,PROC-ISRO-IISU-01,ATE-STATION-01,CHAMBER-01,1.0,125.0,3.3,168,IDDQ,ELECTRICAL,uA,2.0747,1608.0842,1608.2154,1608.2273,1606.0095,0.0161,0.03,34.75,34.32,2.0747,1608.0842,1608.2154,1608.2273,1606.0095,75.0,False,NOMINAL,HEALTHY,-41.53,35.49
MIX_LOT01_COMP0786,LOT_01,MIXED_SIGNAL_IC,CQFP-64,MIX-SIH-2026,THERMAL_BURN_IN,T01_0786,PROC-ISRO-IISU-01,ATE-STATION-01,CHAMBER-01,1.0,125.0,3.3,168,IDDQ,ELECTRICAL,uA,1.9661,1497.9573,1498.0402,1498.1507,1495.9912,0.0315,0.0968,37.06,36.46,1.9661,1497.9573,1498.0402,1498.1507,1495.9912,75.0,False,NOMINAL,HEALTHY,43.79,-38.44
MIX_LOT01_COMP0787,LOT_01,MIXED_SIGNAL_IC,CQFP-64,MIX-SIH-2026,THERMAL_BURN_IN,T01_0787,PROC-ISRO-IISU-01,ATE-STATION-01,CHAMBER-01,1.0,125.0,3.3,168,IDDQ,ELECTRICAL,uA,2.298,1765.3845,1765.5844,1765.5626,1763.0865,-0.0311,0.0334,36.16,37.01,2.298,1765.3845,1765.5844,1765.5626,1763.0865,75.0,False,NOMINAL,HEALTHY,-22.67,2.09
MIX_LOT01_COMP0788,LOT_01,MIXED_SIGNAL_IC,CQFP-64,MIX-SIH-2026,THERMAL_BURN_IN,T01_0788,PROC-ISRO-IISU-01,ATE-STATION-01,CHAMBER-01,1.0,125.0,3.3,168,IDDQ,ELECTRICAL,uA,1.5024,1170.7672,1170.897,1170.927,1169.2648,-0.0116,0.0222,34.61,34.73,1.5024,1170.7672,1170.897,1170.927,1169.2648,75.0,False,NOMINAL,HEALTHY,34.61,10.67
MIX_LOT01_COMP0789,LOT_01,MIXED_SIGNAL_IC,CQFP-64,MIX-SIH-2026,THERMAL_BURN_IN,T01_0789,PROC-ISRO-IISU-01,ATE-STATION-01,CHAMBER-01,1.0,125.0,3.3,168,IDDQ,ELECTRICAL,uA,2.0086,1555.2483,1555.3714,1555.4328,1553.2397,-0.0044,-0.0509,33.02,33.27,2.0086,1555.2483,1555.3714,1555.4328,1553.2397,75.0,False,NOMINAL,HEALTHY,-14.11,47.37
MIX_LOT01_COMP0790,LOT_01,MIXED_SIGNAL_IC,CQFP-64,MIX-SIH-2026,THERMAL_BURN_IN,T01_0790,PROC-ISRO-IISU-01,ATE-STATION-01,CHAMBER-01,1.0,125.0,3.3,168,IDDQ,ELECTRICAL,uA,2.0441,1584.2102,1584.3541,1584.4044,1582.1661,0.0111,-0.0882,34.61,34.09,2.0441,1584.2102,1584.3541,1584.4044,1582.1661,75.0,False,NOMINAL,HEALTHY,-27.41,38.76
MIX_LOT01_COMP0791,LOT_01,MIXED_SIGNAL_IC,CQFP-64,MIX-SIH-2026,THERMAL_BURN_IN,T01_0791,PROC-ISRO-IISU-01,ATE-STATION-01,CHAMBER-01,1.0,125.0,3.3,168,IDDQ,ELECTRICAL,uA,1.9928,1515.5322,1515.6185,1515.713,1513.5394,0.0095,0.0213,34.04,33.56,1.9928,1515.5322,1515.6185,1515.713,1513.5394,75.0,False,NOMINAL,HEALTHY,-2.79,-2.93
MIX_LOT01_COMP0792,LOT_01,MIXED_SIGNAL_IC,CQFP-64,MIX-SIH-2026,THERMAL_BURN_IN,T01_0792,PROC-ISRO-IISU-01,ATE-STATION-01,CHAMBER-01,1.0,125.0,3.3,168,IDDQ,ELECTRICAL,uA,1.9833,1525.4416,1525.5981,1525.6168,1523.4583,-0.0283,0.0776,35.79,36.06,1.9833,1525.4416,1525.5981,1525.6168,1523.4583,75.0,False,NOMINAL,HEALTHY,-44.53,-20.76
MIX_LOT01_COMP0793,LOT_01,MIXED_SIGNAL_IC,CQFP-64,MIX-SIH-2026,THERMAL_BURN_IN,T01_0793,PROC-ISRO-IISU-01,ATE-STATION-01,CHAMBER-01,1.0,125.0,3.3,168,IDDQ,ELECTRICAL,uA,2.1408,1634.0053,1634.1948,1634.2154,1631.8645,0.0064,-0.0719,34.42,34.69,2.1408,1634.0053,1634.1948,1634.2154,1631.8645,75.0,False,NOMINAL,HEALTHY,34.98,13.56
MIX_LOT01_COMP0794,LOT_01,MIXED_SIGNAL_IC,CQFP-64,MIX-SIH-2026,THERMAL_BURN_IN,T01_0794,PROC-ISRO-IISU-01,ATE-STATION-01,CHAMBER-01,1.0,125.0,3.3,168,IDDQ,ELECTRICAL,uA,2.1676,1655.8563,1656.027,1656.0667,1653.6887,-0.0061,-0.058,35.91,35.54,2.1676,1655.8563,1656.027,1656.0667,1653.6887,75.0,False,NOMINAL,HEALTHY,35.16,13.85
MIX_LOT01_COMP0795,LOT_01,MIXED_SIGNAL_IC,CQFP-64,MIX-SIH-2026,THERMAL_BURN_IN,T01_0795,PROC-ISRO-IISU-01,ATE-STATION-01,CHAMBER-01,1.0,125.0,3.3,168,IDDQ,ELECTRICAL,uA,2.1242,1639.4264,1639.5757,1639.5976,1637.3022,-0.0052,-0.0342,35.78,36.32,2.1242,1639.4264,1639.5757,1639.5976,1637.3022,75.0,False,NOMINAL,HEALTHY,-39.03,45.57
MIX_LOT01_COMP0796,LOT_01,MIXED_SIGNAL_IC,CQFP-64,MIX-SIH-2026,THERMAL_BURN_IN,T01_0796,PROC-ISRO-IISU-01,ATE-STATION-01,CHAMBER-01,1.0,125.0,3.3,168,IDDQ,ELECTRICAL,uA,2.2874,1769.3862,1769.4826,1769.5738,1767.0988,0.0137,0.0336,34.91,35.29,2.2874,1769.3862,1769.4826,1769.5738,1767.0988,75.0,False,NOMINAL,HEALTHY,-39.5,-22.9
MIX_LOT01_COMP0797,LOT_01,MIXED_SIGNAL_IC,CQFP-64,MIX-SIH-2026,THERMAL_BURN_IN,T01_0797,PROC-ISRO-IISU-01,ATE-STATION-01,CHAMBER-01,1.0,125.0,3.3,168,IDDQ,ELECTRICAL,uA,2.054,1560.6371,1560.7479,1560.8301,1558.5831,-0.0052,-0.0343,34.5,35.38,2.054,1560.6371,1560.7479,1560.8301,1558.5831,75.0,False,NOMINAL,HEALTHY,-45.86,-6.45
MIX_LOT01_COMP0798,LOT_01,MIXED_SIGNAL_IC,CQFP-64,MIX-SIH-2026,THERMAL_BURN_IN,T01_0798,PROC-ISRO-IISU-01,ATE-STATION-01,CHAMBER-01,1.0,125.0,3.3,168,IDDQ,ELECTRICAL,uA,2.2239,1728.3513,1728.5019,1728.5597,1726.1274,-0.0115,0.0402,35.85,36.89,2.2239,1728.3513,1728.5019,1728.5597,1726.1274,75.0,False,NOMINAL,HEALTHY,37.92,-30.32
MIX_LOT01_COMP0799,LOT_01,MIXED_SIGNAL_IC,CQFP-64,MIX-SIH-2026,THERMAL_BURN_IN,T01_0799,PROC-ISRO-IISU-01,ATE-STATION-01,CHAMBER-01,1.0,125.0,3.3,168,IDDQ,ELECTRICAL,uA,1.977,1533.0521,1533.1517,1533.2394,1531.0751,0.0351,0.0572,36.11,36.44,1.977,1533.0521,1533.1517,1533.2394,1531.0751,75.0,False,NOMINAL,HEALTHY,-25.78,-27.66
MIX_LOT01_COMP0800,LOT_01,MIXED_SIGNAL_IC,CQFP-64,MIX-SIH-2026,THERMAL_BURN_IN,T01_0800,PROC-ISRO-IISU-01,ATE-STATION-01,CHAMBER-01,1.0,125.0,3.3,168,IDDQ,ELECTRICAL,uA,1.6657,1277.7761,1277.8583,1277.9394,1276.1104,0.0288,0.092,36.01,35.2,1.6657,1277.7761,1277.8583,1277.9394,1276.1104,75.0,False,NOMINAL,HEALTHY,-20.99,-34.62
MIX_LOT01_COMP0801,LOT_01,MIXED_SIGNAL_IC,CQFP-64,MIX-SIH-2026,THERMAL_BURN_IN,T01_0801,PROC-ISRO-IISU-01,ATE-STATION-01,CHAMBER-01,1.0,125.0,3.3,168,IDDQ,ELECTRICAL,uA,2.2185,1719.6504,1719.7704,1719.9113,1717.4319,0.0014,0.0344,34.24,34.32,2.2185,1719.6504,1719.7704,1719.9113,1717.4319,75.0,False,NOMINAL,HEALTHY,-37.08,-15.73
MIX_LOT01_COMP0802,LOT_01,MIXED_SIGNAL_IC,CQFP-64,MIX-SIH-2026,THERMAL_BURN_IN,T01_0802,PROC-ISRO-IISU-01,ATE-STATION-01,CHAMBER-01,1.0,125.0,3.3,168,IDDQ,ELECTRICAL,uA,1.9964,1536.2544,1536.3638,1536.4747,1534.258,0.0091,-0.1222,37.12,37.2,1.9964,1536.2544,1536.3638,1536.4747,1534.258,75.0,False,NOMINAL,HEALTHY,14.06,27.24
MIX_LOT01_COMP0803,LOT_01,MIXED_SIGNAL_IC,CQFP-64,MIX-SIH-2026,THERMAL_BURN_IN,T01_0803,PROC-ISRO-IISU-01,ATE-STATION-01,CHAMBER-01,1.0,125.0,3.3,168,IDDQ,ELECTRICAL,uA,2.0925,1609.8299,1609.9763,1610.0496,1607.7374,0.0117,0.0078,34.33,34.31,2.0925,1609.8299,1609.9763,1610.0496,1607.7374,75.0,False,NOMINAL,HEALTHY,46.78,46.55
MIX_LOT01_COMP0804,LOT_01,MIXED_SIGNAL_IC,CQFP-64,MIX-SIH-2026,THERMAL_BURN_IN,T01_0804,PROC-ISRO-IISU-01,ATE-STATION-01,CHAMBER-01,1.0,125.0,3.3,168,IDDQ,ELECTRICAL,uA,1.853,1417.71,1417.8026,1417.838,1415.857,0.0133,0.038,34.58,35.37,1.853,1417.71,1417.8026,1417.838,1415.857,75.0,False,NOMINAL,HEALTHY,-46.59,40.11
MIX_LOT01_COMP0805,LOT_01,MIXED_SIGNAL_IC,CQFP-64,MIX-SIH-2026,THERMAL_BURN_IN,T01_0805,PROC-ISRO-IISU-01,ATE-STATION-01,CHAMBER-01,1.0,125.0,3.3,168,IDDQ,ELECTRICAL,uA,1.5592,1189.1043,1189.2123,1189.3004,1187.5451,-0.0019,-0.0131,34.45,34.15,1.5592,1189.1043,1189.2123,1189.3004,1187.5451,75.0,False,NOMINAL,HEALTHY,2.45,12.85
MIX_LOT01_COMP0806,LOT_01,MIXED_SIGNAL_IC,CQFP-64,MIX-SIH-2026,THERMAL_BURN_IN,T01_0806,PROC-ISRO-IISU-01,ATE-STATION-01,CHAMBER-01,1.0,125.0,3.3,168,IDDQ,ELECTRICAL,uA,2.2792,1759.3333,1759.4884,1759.5381,1757.0541,0.0279,0.0463,33.49,32.91,2.2792,1759.3333,1759.4884,1759.5381,1757.0541,75.0,False,NOMINAL,HEALTHY,14.48,-6.41
MIX_LOT01_COMP0807,LOT_01,MIXED_SIGNAL_IC,CQFP-64,MIX-SIH-2026,THERMAL_BURN_IN,T01_0807,PROC-ISRO-IISU-01,ATE-STATION-01,CHAMBER-01,1.0,125.0,3.3,168,IDDQ,ELECTRICAL,uA,2.6082,1998.5135,1998.6562,1998.7596,1995.9053,-0.0058,-0.0511,36.25,35.57,2.6082,1998.5135,1998.6562,1998.7596,1995.9053,75.0,False,NOMINAL,HEALTHY,49.45,-37.66
MIX_LOT01_COMP0808,LOT_01,MIXED_SIGNAL_IC,CQFP-64,MIX-SIH-2026,THERMAL_BURN_IN,T01_0808,PROC-ISRO-IISU-01,ATE-STATION-01,CHAMBER-01,1.0,125.0,3.3,168,IDDQ,ELECTRICAL,uA,2.461,1895.0117,1895.1973,1895.263,1892.5507,0.0359,0.0173,36.59,36.19,2.461,1895.0117,1895.1973,1895.263,1892.5507,75.0,False,NOMINAL,HEALTHY,6.88,49.16
MIX_LOT01_COMP0809,LOT_01,MIXED_SIGNAL_IC,CQFP-64,MIX-SIH-2026,THERMAL_BURN_IN,T01_0809,PROC-ISRO-IISU-01,ATE-STATION-01,CHAMBER-01,1.0,125.0,3.3,168,IDDQ,ELECTRICAL,uA,8.5858,6626.4013,6626.8071,6626.9694,6617.8155,-0.0199,-0.0845,34.29,34.4,8.5858,6626.4013,6626.8071,6626.9694,6617.8155,75.0,True,SPATIAL_OUTLIER,HEALTHY,48.71,12.56
MIX_LOT01_COMP0810,LOT_01,MIXED_SIGNAL_IC,CQFP-64,MIX-SIH-2026,THERMAL_BURN_IN,T01_0810,PROC-ISRO-IISU-01,ATE-STATION-01,CHAMBER-01,1.0,125.0,3.3,168,IDDQ,ELECTRICAL,uA,2.0259,1553.4363,1553.626,1553.6559,1551.4104,0.0048,0.0008,34.33,33.87,2.0259,1553.4363,1553.626,1553.6559,1551.4104,75.0,False,NOMINAL,HEALTHY,-38.26,38.98
MIX_LOT01_COMP0811,LOT_01,MIXED_SIGNAL_IC,CQFP-64,MIX-SIH-2026,THERMAL_BURN_IN,T01_0811,PROC-ISRO-IISU-01,ATE-STATION-01,CHAMBER-01,1.0,125.0,3.3,168,IDDQ,ELECTRICAL,uA,2.4624,1890.1966,1890.3677,1890.4602,1887.7342,-0.0027,0.0842,36.26,35.83,2.4624,1890.1966,1890.3677,1890.4602,1887.7342,75.0,True,DIELECTRIC_OSCILLATION,HEALTHY,-37.22,8.69
MIX_LOT01_COMP0812,LOT_01,MIXED_SIGNAL_IC,CQFP-64,MIX-SIH-2026,THERMAL_BURN_IN,T01_0812,PROC-ISRO-IISU-01,ATE-STATION-01,CHAMBER-01,1.0,125.0,3.3,168,IDDQ,ELECTRICAL,uA,2.283,1775.0941,1775.2263,1775.2983,1772.8111,-0.0008,-0.017,33.69,33.74,2.283,1775.0941,1775.2263,1775.2983,1772.8111,75.0,False,NOMINAL,HEALTHY,17.38,-1.83
MIX_LOT01_COMP0813,LOT_01,MIXED_SIGNAL_IC,CQFP-64,MIX-SIH-2026,THERMAL_BURN_IN,T01_0813,PROC-ISRO-IISU-01,ATE-STATION-01,CHAMBER-01,1.0,125.0,3.3,168,IDDQ,ELECTRICAL,uA,2.3256,1797.1049,1797.2055,1797.2705,1794.7793,-0.0035,0.0212,34.56,34.8,2.3256,1797.1049,1797.2055,1797.2705,1794.7793,75.0,False,NOMINAL,HEALTHY,33.37,-33.81
MIX_LOT01_COMP0814,LOT_01,MIXED_SIGNAL_IC,CQFP-64,MIX-SIH-2026,THERMAL_BURN_IN,T01_0814,PROC-ISRO-IISU-01,ATE-STATION-01,CHAMBER-01,1.0,125.0,3.3,168,IDDQ,ELECTRICAL,uA,2.5749,1971.2595,1971.3739,1971.4873,1968.6846,0.0463,0.1095,34.55,34.54,2.5749,1971.2595,1971.3739,1971.4873,1968.6846,75.0,False,NOMINAL,HEALTHY,3.47,45.18
MIX_LOT01_COMP0815,LOT_01,MIXED_SIGNAL_IC,CQFP-64,MIX-SIH-2026,THERMAL_BURN_IN,T01_0815,PROC-ISRO-IISU-01,ATE-STATION-01,CHAMBER-01,1.0,125.0,3.3,168,IDDQ,ELECTRICAL,uA,2.1837,1674.7076,1674.7908,1674.8993,1672.5239,-0.0242,-0.0494,36.14,34.9,2.1837,1674.7076,1674.7908,1674.8993,1672.5239,75.0,False,NOMINAL,HEALTHY,35.74,-16.23
MIX_LOT01_COMP0816,LOT_01,MIXED_SIGNAL_IC,CQFP-64,MIX-SIH-2026,THERMAL_BURN_IN,T01_0816,PROC-ISRO-IISU-01,ATE-STATION-01,CHAMBER-01,1.0,125.0,3.3,168,IDDQ,ELECTRICAL,uA,2.1712,1676.0128,1676.1741,1676.2312,1673.8416,0.0256,-0.0601,34.0,32.4,2.1712,1676.0128,1676.1741,1676.2312,1673.8416,75.0,False,NOMINAL,HEALTHY,13.7,-35.67
MIX_LOT01_COMP0817,LOT_01,MIXED_SIGNAL_IC,CQFP-64,MIX-SIH-2026,THERMAL_BURN_IN,T01_0817,PROC-ISRO-IISU-01,ATE-STATION-01,CHAMBER-01,1.0,125.0,3.3,168,IDDQ,ELECTRICAL,uA,2.4033,1864.6623,1864.8017,1864.8916,1862.259,0.0452,-0.0127,36.92,37.01,2.4033,1864.6623,1864.8017,1864.8916,1862.259,75.0,False,NOMINAL,HEALTHY,37.57,8.46
MIX_LOT01_COMP0818,LOT_01,MIXED_SIGNAL_IC,CQFP-64,MIX-SIH-2026,THERMAL_BURN_IN,T01_0818,PROC-ISRO-IISU-01,ATE-STATION-01,CHAMBER-01,1.0,125.0,3.3,168,IDDQ,ELECTRICAL,uA,2.4336,1867.5026,1870.4953,1882.6516,1865.069,-0.0053,-0.021,35.29,35.8,2.4336,1867.5026,1870.4953,1882.6516,1865.069,75.0,True,ELECTROMIGRATION,HEALTHY,-40.27,-2.26
MIX_LOT01_COMP0819,LOT_01,MIXED_SIGNAL_IC,CQFP-64,MIX-SIH-2026,THERMAL_BURN_IN,T01_0819,PROC-ISRO-IISU-01,ATE-STATION-01,CHAMBER-01,1.0,125.0,3.3,168,IDDQ,ELECTRICAL,uA,1.7306,1330.2239,1330.3678,1330.439,1328.4933,-0.0118,-0.0595,35.19,36.87,1.7306,1330.2239,1330.3678,1330.439,1328.4933,75.0,False,NOMINAL,HEALTHY,-23.28,4.17
MIX_LOT01_COMP0820,LOT_01,MIXED_SIGNAL_IC,CQFP-64,MIX-SIH-2026,THERMAL_BURN_IN,T01_0820,PROC-ISRO-IISU-01,ATE-STATION-01,CHAMBER-01,1.0,125.0,3.3,168,IDDQ,ELECTRICAL,uA,2.2172,1708.4947,1708.6215,1708.7113,1706.2775,-0.0168,-0.0387,34.76,34.81,2.2172,1708.4947,1708.6215,1708.7113,1706.2775,75.0,False,NOMINAL,HEALTHY,27.26,26.98
MIX_LOT01_COMP0821,LOT_01,MIXED_SIGNAL_IC,CQFP-64,MIX-SIH-2026,THERMAL_BURN_IN,T01_0821,PROC-ISRO-IISU-01,ATE-STATION-01,CHAMBER-01,1.0,125.0,3.3,168,IDDQ,ELECTRICAL,uA,1.7699,1379.7049,1379.801,1379.9135,1377.935,0.0106,0.0185,35.59,35.82,1.7699,1379.7049,1379.801,1379.9135,1377.935,75.0,False,NOMINAL,HEALTHY,-2.35,40.06
MIX_LOT01_COMP0822,LOT_01,MIXED_SIGNAL_IC,CQFP-64,MIX-SIH-2026,THERMAL_BURN_IN,T01_0822,PROC-ISRO-IISU-01,ATE-STATION-01,CHAMBER-01,1.0,125.0,3.3,168,IDDQ,ELECTRICAL,uA,2.0018,1540.6124,1540.7084,1540.7152,1538.6106,0.0558,0.0259,38.41,39.09,2.0018,1540.6124,1540.7084,1540.7152,1538.6106,75.0,False,NOMINAL,HEALTHY,32.11,-43.99
MIX_LOT01_COMP0823,LOT_01,MIXED_SIGNAL_IC,CQFP-64,MIX-SIH-2026,THERMAL_BURN_IN,T01_0823,PROC-ISRO-IISU-01,ATE-STATION-01,CHAMBER-01,1.0,125.0,3.3,168,IDDQ,ELECTRICAL,uA,1.8211,1404.6124,1404.6812,1404.8368,1402.7913,0.0181,0.0044,34.87,35.62,1.8211,1404.6124,1404.6812,1404.8368,1402.7913,75.0,False,NOMINAL,HEALTHY,-4.21,-32.29
MIX_LOT01_COMP0824,LOT_01,MIXED_SIGNAL_IC,CQFP-64,MIX-SIH-2026,THERMAL_BURN_IN,T01_0824,PROC-ISRO-IISU-01,ATE-STATION-01,CHAMBER-01,1.0,125.0,3.3,168,IDDQ,ELECTRICAL,uA,2.0233,1546.7787,1546.8638,1546.9497,1544.7554,-0.0036,-0.0667,32.47,33.14,2.0233,1546.7787,1546.8638,1546.9497,1544.7554,75.0,False,NOMINAL,HEALTHY,23.74,-16.42
MIX_LOT01_COMP0825,LOT_01,MIXED_SIGNAL_IC,CQFP-64,MIX-SIH-2026,THERMAL_BURN_IN,T01_0825,PROC-ISRO-IISU-01,ATE-STATION-01,CHAMBER-01,1.0,125.0,3.3,168,IDDQ,ELECTRICAL,uA,2.0061,1533.336,1533.4586,1533.5179,1531.3299,0.0182,0.0792,36.27,36.56,2.0061,1533.336,1533.4586,1533.5179,1531.3299,75.0,False,NOMINAL,HEALTHY,11.88,-23.71
MIX_LOT01_COMP0826,LOT_01,MIXED_SIGNAL_IC,CQFP-64,MIX-SIH-2026,THERMAL_BURN_IN,T01_0826,PROC-ISRO-IISU-01,ATE-STATION-01,CHAMBER-01,1.0,125.0,3.3,168,IDDQ,ELECTRICAL,uA,2.2029,1721.1586,1721.3095,1721.4082,1718.9557,-0.0225,-0.0181,33.74,33.24,2.2029,1721.1586,1721.3095,1721.4082,1718.9557,75.0,False,NOMINAL,HEALTHY,10.43,-18.62
MIX_LOT01_COMP0827,LOT_01,MIXED_SIGNAL_IC,CQFP-64,MIX-SIH-2026,THERMAL_BURN_IN,T01_0827,PROC-ISRO-IISU-01,ATE-STATION-01,CHAMBER-01,1.0,125.0,3.3,168,IDDQ,ELECTRICAL,uA,2.5718,1980.8233,1980.9743,1981.0648,1978.2515,0.0174,0.0233,35.29,35.07,2.5718,1980.8233,1980.9743,1981.0648,1978.2515,75.0,False,NOMINAL,HEALTHY,-36.76,-44.67
MIX_LOT01_COMP0828,LOT_01,MIXED_SIGNAL_IC,CQFP-64,MIX-SIH-2026,THERMAL_BURN_IN,T01_0828,PROC-ISRO-IISU-01,ATE-STATION-01,CHAMBER-01,1.0,125.0,3.3,168,IDDQ,ELECTRICAL,uA,1.7942,1400.3629,1400.4704,1400.5258,1398.5687,-0.0009,-0.0472,34.89,34.29,1.7942,1400.3629,1400.4704,1400.5258,1398.5687,75.0,False,NOMINAL,HEALTHY,-33.75,33.12
MIX_LOT01_COMP0829,LOT_01,MIXED_SIGNAL_IC,CQFP-64,MIX-SIH-2026,THERMAL_BURN_IN,T01_0829,PROC-ISRO-IISU-01,ATE-STATION-01,CHAMBER-01,1.0,125.0,3.3,168,IDDQ,ELECTRICAL,uA,1.7697,1366.5927,1366.6983,1366.7237,1364.823,-0.0325,0.0477,35.58,35.02,1.7697,1366.5927,1366.6983,1366.7237,1364.823,75.0,False,NOMINAL,HEALTHY,11.82,-14.42
MIX_LOT01_COMP0830,LOT_01,MIXED_SIGNAL_IC,CQFP-64,MIX-SIH-2026,THERMAL_BURN_IN,T01_0830,PROC-ISRO-IISU-01,ATE-STATION-01,CHAMBER-01,1.0,125.0,3.3,168,IDDQ,ELECTRICAL,uA,2.0637,1607.8361,1607.9355,1608.0168,1605.7724,-0.0012,-0.028,33.58,34.04,2.0637,1607.8361,1607.9355,1608.0168,1605.7724,75.0,False,NOMINAL,HEALTHY,-43.24,-36.02
MIX_LOT01_COMP0831,LOT_01,MIXED_SIGNAL_IC,CQFP-64,MIX-SIH-2026,THERMAL_BURN_IN,T01_0831,PROC-ISRO-IISU-01,ATE-STATION-01,CHAMBER-01,1.0,125.0,3.3,168,IDDQ,ELECTRICAL,uA,2.0104,1546.8225,1546.9681,1546.9954,1544.8121,0.035,-0.0016,37.86,37.97,2.0104,1546.8225,1546.9681,1546.9954,1544.8121,75.0,False,NOMINAL,HEALTHY,40.26,-29.93
MIX_LOT01_COMP0832,LOT_01,MIXED_SIGNAL_IC,CQFP-64,MIX-SIH-2026,THERMAL_BURN_IN,T01_0832,PROC-ISRO-IISU-01,ATE-STATION-01,CHAMBER-01,1.0,125.0,3.3,168,IDDQ,ELECTRICAL,uA,1.962,1500.4022,1500.5512,1500.6166,1498.4402,-0.0416,-0.0205,35.84,34.54,1.962,1500.4022,1500.5512,1500.6166,1498.4402,75.0,False,NOMINAL,HEALTHY,20.78,-39.6
MIX_LOT01_COMP0833,LOT_01,MIXED_SIGNAL_IC,CQFP-64,MIX-SIH-2026,THERMAL_BURN_IN,T01_0833,PROC-ISRO-IISU-01,ATE-STATION-01,CHAMBER-01,1.0,125.0,3.3,168,IDDQ,ELECTRICAL,uA,2.2331,1705.3639,1707.6783,1717.0861,1703.1308,0.0029,-0.027,34.38,34.06,2.2331,1705.3639,1707.6783,1717.0861,1703.1308,75.0,True,ELECTROMIGRATION,HEALTHY,29.58,9.05
MIX_LOT01_COMP0834,LOT_01,MIXED_SIGNAL_IC,CQFP-64,MIX-SIH-2026,THERMAL_BURN_IN,T01_0834,PROC-ISRO-IISU-01,ATE-STATION-01,CHAMBER-01,1.0,125.0,3.3,168,IDDQ,ELECTRICAL,uA,2.3534,1812.7655,1812.9092,1813.0047,1810.4121,-0.0364,-0.0173,37.23,37.51,2.3534,1812.7655,1812.9092,1813.0047,1810.4121,75.0,False,NOMINAL,HEALTHY,7.54,-27.63
MIX_LOT01_COMP0835,LOT_01,MIXED_SIGNAL_IC,CQFP-64,MIX-SIH-2026,THERMAL_BURN_IN,T01_0835,PROC-ISRO-IISU-01,ATE-STATION-01,CHAMBER-01,1.0,125.0,3.3,168,IDDQ,ELECTRICAL,uA,2.3873,1849.9737,1850.1119,1850.2339,1847.5864,-0.0028,-0.0348,34.65,34.45,2.3873,1849.9737,1850.1119,1850.2339,1847.5864,75.0,False,NOMINAL,HEALTHY,1.46,8.29
MIX_LOT01_COMP0836,LOT_01,MIXED_SIGNAL_IC,CQFP-64,MIX-SIH-2026,THERMAL_BURN_IN,T01_0836,PROC-ISRO-IISU-01,ATE-STATION-01,CHAMBER-01,1.0,125.0,3.3,168,IDDQ,ELECTRICAL,uA,2.4461,1895.9228,1896.0629,1896.1115,1893.4767,-0.0201,0.0501,34.27,34.66,2.4461,1895.9228,1896.0629,1896.1115,1893.4767,75.0,False,NOMINAL,HEALTHY,-23.03,38.19
MIX_LOT01_COMP0837,LOT_01,MIXED_SIGNAL_IC,CQFP-64,MIX-SIH-2026,THERMAL_BURN_IN,T01_0837,PROC-ISRO-IISU-01,ATE-STATION-01,CHAMBER-01,1.0,125.0,3.3,168,IDDQ,ELECTRICAL,uA,2.2713,1744.8683,1745.0119,1745.1502,1742.597,-0.0214,-0.0337,32.35,32.52,2.2713,1744.8683,1745.0119,1745.1502,1742.597,75.0,False,NOMINAL,HEALTHY,48.43,-1.14
MIX_LOT01_COMP0838,LOT_01,MIXED_SIGNAL_IC,CQFP-64,MIX-SIH-2026,THERMAL_BURN_IN,T01_0838,PROC-ISRO-IISU-01,ATE-STATION-01,CHAMBER-01,1.0,125.0,3.3,168,IDDQ,ELECTRICAL,uA,1.987,1527.4375,1527.5629,1527.6132,1525.4505,0.0036,-0.066,34.31,34.05,1.987,1527.4375,1527.5629,1527.6132,1525.4505,75.0,False,NOMINAL,HEALTHY,-39.36,34.17
MIX_LOT01_COMP0839,LOT_01,MIXED_SIGNAL_IC,CQFP-64,MIX-SIH-2026,THERMAL_BURN_IN,T01_0839,PROC-ISRO-IISU-01,ATE-STATION-01,CHAMBER-01,1.0,125.0,3.3,168,IDDQ,ELECTRICAL,uA,2.2964,1772.6373,1772.8097,1772.9583,1770.3409,-0.0448,-0.0366,34.06,33.07,2.2964,1772.6373,1772.8097,1772.9583,1770.3409,75.0,False,NOMINAL,HEALTHY,27.39,28.72
MIX_LOT01_COMP0840,LOT_01,MIXED_SIGNAL_IC,CQFP-64,MIX-SIH-2026,THERMAL_BURN_IN,T01_0840,PROC-ISRO-IISU-01,ATE-STATION-01,CHAMBER-01,1.0,125.0,3.3,168,IDDQ,ELECTRICAL,uA,2.4735,1905.1722,1905.3405,1905.4171,1902.6987,0.0086,-0.0037,35.11,34.92,2.4735,1905.1722,1905.3405,1905.4171,1902.6987,75.0,False,NOMINAL,HEALTHY,47.29,-19.37
MIX_LOT01_COMP0841,LOT_01,MIXED_SIGNAL_IC,CQFP-64,MIX-SIH-2026,THERMAL_BURN_IN,T01_0841,PROC-ISRO-IISU-01,ATE-STATION-01,CHAMBER-01,1.0,125.0,3.3,168,IDDQ,ELECTRICAL,uA,2.3336,1790.9511,1791.1124,1791.1533,1788.6175,-0.0235,-0.0129,34.79,34.33,2.3336,1790.9511,1791.1124,1791.1533,1788.6175,75.0,False,NOMINAL,HEALTHY,3.64,5.15
MIX_LOT01_COMP0842,LOT_01,MIXED_SIGNAL_IC,CQFP-64,MIX-SIH-2026,THERMAL_BURN_IN,T01_0842,PROC-ISRO-IISU-01,ATE-STATION-01,CHAMBER-01,1.0,125.0,3.3,168,IDDQ,ELECTRICAL,uA,1.9894,1539.2801,1539.3612,1539.4282,1537.2907,0.0176,0.0122,34.77,35.39,1.9894,1539.2801,1539.3612,1539.4282,1537.2907,75.0,False,NOMINAL,HEALTHY,1.94,44.27
MIX_LOT01_COMP0843,LOT_01,MIXED_SIGNAL_IC,CQFP-64,MIX-SIH-2026,THERMAL_BURN_IN,T01_0843,PROC-ISRO-IISU-01,ATE-STATION-01,CHAMBER-01,1.0,125.0,3.3,168,IDDQ,ELECTRICAL,uA,2.1286,1626.4726,1626.6105,1626.6388,1624.344,0.0253,-0.1293,33.7,33.46,2.1286,1626.4726,1626.6105,1626.6388,1624.344,75.0,False,NOMINAL,HEALTHY,1.27,-6.84
MIX_LOT01_COMP0844,LOT_01,MIXED_SIGNAL_IC,CQFP-64,MIX-SIH-2026,THERMAL_BURN_IN,T01_0844,PROC-ISRO-IISU-01,ATE-STATION-01,CHAMBER-01,1.0,125.0,3.3,168,IDDQ,ELECTRICAL,uA,2.0192,1549.8603,1549.9937,1550.0765,1547.8411,-0.0022,-0.0125,35.76,35.62,2.0192,1549.8603,1549.9937,1550.0765,1547.8411,75.0,False,NOMINAL,HEALTHY,-20.98,24.7
MIX_LOT01_COMP0845,LOT_01,MIXED_SIGNAL_IC,CQFP-64,MIX-SIH-2026,THERMAL_BURN_IN,T01_0845,PROC-ISRO-IISU-01,ATE-STATION-01,CHAMBER-01,1.0,125.0,3.3,168,IDDQ,ELECTRICAL,uA,1.9977,1512.9774,1513.1446,1513.1759,1510.9797,-0.0195,0.0111,36.06,35.26,1.9977,1512.9774,1513.1446,1513.1759,1510.9797,75.0,False,NOMINAL,HEALTHY,-21.37,6.02
MIX_LOT01_COMP0846,LOT_01,MIXED_SIGNAL_IC,CQFP-64,MIX-SIH-2026,THERMAL_BURN_IN,T01_0846,PROC-ISRO-IISU-01,ATE-STATION-01,CHAMBER-01,1.0,125.0,3.3,168,IDDQ,ELECTRICAL,uA,2.2132,1703.2716,1703.4074,1703.5157,1701.0584,-0.0294,-0.0621,35.25,34.55,2.2132,1703.2716,1703.4074,1703.5157,1701.0584,75.0,False,NOMINAL,HEALTHY,30.93,14.66
MIX_LOT01_COMP0847,LOT_01,MIXED_SIGNAL_IC,CQFP-64,MIX-SIH-2026,THERMAL_BURN_IN,T01_0847,PROC-ISRO-IISU-01,ATE-STATION-01,CHAMBER-01,1.0,125.0,3.3,168,IDDQ,ELECTRICAL,uA,2.3896,1860.2893,1860.4412,1860.5022,1857.8997,-0.0054,-0.1007,34.21,33.91,2.3896,1860.2893,1860.4412,1860.5022,1857.8997,75.0,False,NOMINAL,HEALTHY,-22.48,-9.75
MIX_LOT01_COMP0848,LOT_01,MIXED_SIGNAL_IC,CQFP-64,MIX-SIH-2026,THERMAL_BURN_IN,T01_0848,PROC-ISRO-IISU-01,ATE-STATION-01,CHAMBER-01,1.0,125.0,3.3,168,IDDQ,ELECTRICAL,uA,2.2173,1718.4236,1718.5724,1718.6584,1716.2063,0.0108,-0.0705,33.76,33.73,2.2173,1718.4236,1718.5724,1718.6584,1716.2063,75.0,False,NOMINAL,HEALTHY,0.56,-11.63
MIX_LOT01_COMP0849,LOT_01,MIXED_SIGNAL_IC,CQFP-64,MIX-SIH-2026,THERMAL_BURN_IN,T01_0849,PROC-ISRO-IISU-01,ATE-STATION-01,CHAMBER-01,1.0,125.0,3.3,168,IDDQ,ELECTRICAL,uA,2.2669,1750.3707,1750.5018,1750.5505,1748.1038,0.0512,0.0891,33.73,33.91,2.2669,1750.3707,1750.5018,1750.5505,1748.1038,75.0,False,NOMINAL,HEALTHY,-22.46,31.12
MIX_LOT01_COMP0850,LOT_01,MIXED_SIGNAL_IC,CQFP-64,MIX-SIH-2026,THERMAL_BURN_IN,T01_0850,PROC-ISRO-IISU-01,ATE-STATION-01,CHAMBER-01,1.0,125.0,3.3,168,IDDQ,ELECTRICAL,uA,2.3616,1818.9458,1819.1101,1819.2347,1816.5842,0.0055,-0.0097,33.94,33.94,2.3616,1818.9458,1819.1101,1819.2347,1816.5842,75.0,False,NOMINAL,HEALTHY,48.54,-15.64
MIX_LOT01_COMP0851,LOT_01,MIXED_SIGNAL_IC,CQFP-64,MIX-SIH-2026,THERMAL_BURN_IN,T01_0851,PROC-ISRO-IISU-01,ATE-STATION-01,CHAMBER-01,1.0,125.0,3.3,168,IDDQ,ELECTRICAL,uA,2.4292,1861.294,1861.457,1861.5978,1858.8648,0.0166,-0.0138,34.88,34.66,2.4292,1861.294,1861.457,1861.5978,1858.8648,75.0,False,NOMINAL,HEALTHY,-17.47,-34.63
MIX_LOT01_COMP0852,LOT_01,MIXED_SIGNAL_IC,CQFP-64,MIX-SIH-2026,THERMAL_BURN_IN,T01_0852,PROC-ISRO-IISU-01,ATE-STATION-01,CHAMBER-01,1.0,125.0,3.3,168,IDDQ,ELECTRICAL,uA,2.379,1830.2525,1830.3779,1830.4562,1827.8735,0.0142,-0.0479,36.54,36.83,2.379,1830.2525,1830.3779,1830.4562,1827.8735,75.0,False,NOMINAL,HEALTHY,-35.56,-6.61
MIX_LOT01_COMP0853,LOT_01,MIXED_SIGNAL_IC,CQFP-64,MIX-SIH-2026,THERMAL_BURN_IN,T01_0853,PROC-ISRO-IISU-01,ATE-STATION-01,CHAMBER-01,1.0,125.0,3.3,168,IDDQ,ELECTRICAL,uA,1.6922,1310.4133,1310.4936,1310.579,1308.7211,0.0276,-0.0355,35.52,36.56,1.6922,1310.4133,1310.4936,1310.579,1308.7211,75.0,False,NOMINAL,HEALTHY,-42.57,-8.82
MIX_LOT01_COMP0854,LOT_01,MIXED_SIGNAL_IC,CQFP-64,MIX-SIH-2026,THERMAL_BURN_IN,T01_0854,PROC-ISRO-IISU-01,ATE-STATION-01,CHAMBER-01,1.0,125.0,3.3,168,IDDQ,ELECTRICAL,uA,2.5655,1978.1373,1978.3055,1978.3748,1975.5718,0.0143,0.0325,36.12,35.82,2.5655,1978.1373,1978.3055,1978.3748,1975.5718,75.0,False,NOMINAL,HEALTHY,-13.55,17.09
MIX_LOT01_COMP0855,LOT_01,MIXED_SIGNAL_IC,CQFP-64,MIX-SIH-2026,THERMAL_BURN_IN,T01_0855,PROC-ISRO-IISU-01,ATE-STATION-01,CHAMBER-01,1.0,125.0,3.3,168,IDDQ,ELECTRICAL,uA,2.3605,1826.6616,1826.837,1826.8349,1824.3011,-0.0458,-0.1046,34.85,34.83,2.3605,1826.6616,1826.837,1826.8349,1824.3011,75.0,False,NOMINAL,HEALTHY,-2.58,11.76
MIX_LOT01_COMP0856,LOT_01,MIXED_SIGNAL_IC,CQFP-64,MIX-SIH-2026,THERMAL_BURN_IN,T01_0856,PROC-ISRO-IISU-01,ATE-STATION-01,CHAMBER-01,1.0,125.0,3.3,168,IDDQ,ELECTRICAL,uA,1.7838,1370.1127,1370.1809,1370.2751,1368.3289,0.0246,0.044,36.48,36.48,1.7838,1370.1127,1370.1809,1370.2751,1368.3289,75.0,False,NOMINAL,HEALTHY,21.83,-9.77
MIX_LOT01_COMP0857,LOT_01,MIXED_SIGNAL_IC,CQFP-64,MIX-SIH-2026,THERMAL_BURN_IN,T01_0857,PROC-ISRO-IISU-01,ATE-STATION-01,CHAMBER-01,1.0,125.0,3.3,168,IDDQ,ELECTRICAL,uA,2.4226,1864.6635,1864.7903,1864.8681,1862.2409,-0.0167,-0.0792,35.59,36.12,2.4226,1864.6635,1864.7903,1864.8681,1862.2409,75.0,False,NOMINAL,HEALTHY,-37.02,-44.94
MIX_LOT01_COMP0858,LOT_01,MIXED_SIGNAL_IC,CQFP-64,MIX-SIH-2026,THERMAL_BURN_IN,T01_0858,PROC-ISRO-IISU-01,ATE-STATION-01,CHAMBER-01,1.0,125.0,3.3,168,IDDQ,ELECTRICAL,uA,2.1931,1709.7702,1709.9327,1710.0135,1707.5771,0.0194,-0.0372,34.97,34.86,2.1931,1709.7702,1709.9327,1710.0135,1707.5771,75.0,False,NOMINAL,HEALTHY,-35.38,-31.23
MIX_LOT01_COMP0859,LOT_01,MIXED_SIGNAL_IC,CQFP-64,MIX-SIH-2026,THERMAL_BURN_IN,T01_0859,PROC-ISRO-IISU-01,ATE-STATION-01,CHAMBER-01,1.0,125.0,3.3,168,IDDQ,ELECTRICAL,uA,2.3755,1816.1212,1816.3056,1816.2931,1813.7457,-0.0188,-0.078,34.14,33.81,2.3755,1816.1212,1816.3056,1816.2931,1813.7457,75.0,False,NOMINAL,HEALTHY,-30.39,-38.82
MIX_LOT01_COMP0860,LOT_01,MIXED_SIGNAL_IC,CQFP-64,MIX-SIH-2026,THERMAL_BURN_IN,T01_0860,PROC-ISRO-IISU-01,ATE-STATION-01,CHAMBER-01,1.0,125.0,3.3,168,IDDQ,ELECTRICAL,uA,1.4921,1136.6585,1136.7452,1136.8028,1135.1664,0.0124,-0.0308,36.26,36.5,1.4921,1136.6585,1136.7452,1136.8028,1135.1664,75.0,False,NOMINAL,HEALTHY,28.49,-0.27
MIX_LOT01_COMP0861,LOT_01,MIXED_SIGNAL_IC,CQFP-64,MIX-SIH-2026,THERMAL_BURN_IN,T01_0861,PROC-ISRO-IISU-01,ATE-STATION-01,CHAMBER-01,1.0,125.0,3.3,168,IDDQ,ELECTRICAL,uA,2.3882,1841.699,1841.8385,1841.9199,1839.3108,0.0149,0.0233,34.96,34.93,2.3882,1841.699,1841.8385,1841.9199,1839.3108,75.0,False,NOMINAL,HEALTHY,-48.73,-6.8
MIX_LOT01_COMP0862,LOT_01,MIXED_SIGNAL_IC,CQFP-64,MIX-SIH-2026,THERMAL_BURN_IN,T01_0862,PROC-ISRO-IISU-01,ATE-STATION-01,CHAMBER-01,1.0,125.0,3.3,168,IDDQ,ELECTRICAL,uA,9.6289,7445.2841,7445.7546,7445.9691,7435.6552,-0.0267,-0.0568,33.8,34.39,9.6289,7445.2841,7445.7546,7445.9691,7435.6552,75.0,True,SPATIAL_OUTLIER,HEALTHY,45.74,-18.79
MIX_LOT01_COMP0863,LOT_01,MIXED_SIGNAL_IC,CQFP-64,MIX-SIH-2026,THERMAL_BURN_IN,T01_0863,PROC-ISRO-IISU-01,ATE-STATION-01,CHAMBER-01,1.0,125.0,3.3,168,IDDQ,ELECTRICAL,uA,2.5064,1930.8632,1931.0425,1931.0925,1928.3568,-0.033,-0.0644,38.18,38.21,2.5064,1930.8632,1931.0425,1931.0925,1928.3568,75.0,False,NOMINAL,HEALTHY,-43.19,-27.5
MIX_LOT01_COMP0864,LOT_01,MIXED_SIGNAL_IC,CQFP-64,MIX-SIH-2026,THERMAL_BURN_IN,T01_0864,PROC-ISRO-IISU-01,ATE-STATION-01,CHAMBER-01,1.0,125.0,3.3,168,IDDQ,ELECTRICAL,uA,1.6939,1301.8768,1301.9484,1302.0018,1300.1829,0.0006,0.0096,34.58,34.95,1.6939,1301.8768,1301.9484,1302.0018,1300.1829,75.0,False,NOMINAL,HEALTHY,-16.86,-35.03
MIX_LOT01_COMP0865,LOT_01,MIXED_SIGNAL_IC,CQFP-64,MIX-SIH-2026,THERMAL_BURN_IN,T01_0865,PROC-ISRO-IISU-01,ATE-STATION-01,CHAMBER-01,1.0,125.0,3.3,168,IDDQ,ELECTRICAL,uA,2.0305,1554.9657,1555.1072,1555.1514,1552.9352,0.0023,0.0814,34.26,33.9,2.0305,1554.9657,1555.1072,1555.1514,1552.9352,75.0,False,NOMINAL,HEALTHY,17.03,44.25
MIX_LOT01_COMP0866,LOT_01,MIXED_SIGNAL_IC,CQFP-64,MIX-SIH-2026,THERMAL_BURN_IN,T01_0866,PROC-ISRO-IISU-01,ATE-STATION-01,CHAMBER-01,1.0,125.0,3.3,168,IDDQ,ELECTRICAL,uA,2.6221,2034.3948,2034.5223,2034.6766,2031.7727,-0.0072,-0.0228,35.96,36.66,2.6221,2034.3948,2034.5223,2034.6766,2031.7727,75.0,False,NOMINAL,HEALTHY,26.81,49.12
MIX_LOT01_COMP0867,LOT_01,MIXED_SIGNAL_IC,CQFP-64,MIX-SIH-2026,THERMAL_BURN_IN,T01_0867,PROC-ISRO-IISU-01,ATE-STATION-01,CHAMBER-01,1.0,125.0,3.3,168,IDDQ,ELECTRICAL,uA,2.2641,1751.1489,1751.2587,1751.3357,1748.8848,-0.031,-0.0702,34.47,34.82,2.2641,1751.1489,1751.2587,1751.3357,1748.8848,75.0,False,NOMINAL,HEALTHY,15.25,12.49
MIX_LOT01_COMP0868,LOT_01,MIXED_SIGNAL_IC,CQFP-64,MIX-SIH-2026,THERMAL_BURN_IN,T01_0868,PROC-ISRO-IISU-01,ATE-STATION-01,CHAMBER-01,1.0,125.0,3.3,168,IDDQ,ELECTRICAL,uA,1.608,1246.5521,1246.649,1246.6743,1244.9441,-0.0237,-0.0108,34.88,36.34,1.608,1246.5521,1246.649,1246.6743,1244.9441,75.0,False,NOMINAL,HEALTHY,22.52,-34.34
MIX_LOT01_COMP0869,LOT_01,MIXED_SIGNAL_IC,CQFP-64,MIX-SIH-2026,THERMAL_BURN_IN,T01_0869,PROC-ISRO-IISU-01,ATE-STATION-01,CHAMBER-01,1.0,125.0,3.3,168,IDDQ,ELECTRICAL,uA,1.8433,1428.0391,1428.1192,1428.2429,1426.1958,-0.0223,-0.0297,36.81,37.27,1.8433,1428.0391,1428.1192,1428.2429,1426.1958,75.0,False,NOMINAL,HEALTHY,21.03,-47.07
MIX_LOT01_COMP0870,LOT_01,MIXED_SIGNAL_IC,CQFP-64,MIX-SIH-2026,THERMAL_BURN_IN,T01_0870,PROC-ISRO-IISU-01,ATE-STATION-01,CHAMBER-01,1.0,125.0,3.3,168,IDDQ,ELECTRICAL,uA,1.99,1536.1836,1536.3159,1536.3692,1534.1936,0.0037,-0.0204,35.49,35.29,1.99,1536.1836,1536.3159,1536.3692,1534.1936,75.0,False,NOMINAL,HEALTHY,-37.49,-31.94
MIX_LOT01_COMP0871,LOT_01,MIXED_SIGNAL_IC,CQFP-64,MIX-SIH-2026,THERMAL_BURN_IN,T01_0871,PROC-ISRO-IISU-01,ATE-STATION-01,CHAMBER-01,1.0,125.0,3.3,168,IDDQ,ELECTRICAL,uA,2.0936,1619.3032,1619.4401,1619.5358,1617.2096,-0.0073,-0.0627,33.55,33.15,2.0936,1619.3032,1619.4401,1619.5358,1617.2096,75.0,False,NOMINAL,HEALTHY,49.69,-23.67
MIX_LOT01_COMP0872,LOT_01,MIXED_SIGNAL_IC,CQFP-64,MIX-SIH-2026,THERMAL_BURN_IN,T01_0872,PROC-ISRO-IISU-01,ATE-STATION-01,CHAMBER-01,1.0,125.0,3.3,168,IDDQ,ELECTRICAL,uA,2.0186,1560.8771,1560.9714,1561.1075,1558.8585,-0.0098,0.0318,34.75,34.19,2.0186,1560.8771,1560.9714,1561.1075,1558.8585,75.0,False,NOMINAL,HEALTHY,-39.06,-49.34
MIX_LOT01_COMP0873,LOT_01,MIXED_SIGNAL_IC,CQFP-64,MIX-SIH-2026,THERMAL_BURN_IN,T01_0873,PROC-ISRO-IISU-01,ATE-STATION-01,CHAMBER-01,1.0,125.0,3.3,168,IDDQ,ELECTRICAL,uA,2.385,1837.5018,1837.5742,1837.6379,1835.1168,-0.0115,0.0174,35.88,35.83,2.385,1837.5018,1837.5742,1837.6379,1835.1168,75.0,False,NOMINAL,HEALTHY,28.94,-12.32
MIX_LOT01_COMP0874,LOT_01,MIXED_SIGNAL_IC,CQFP-64,MIX-SIH-2026,THERMAL_BURN_IN,T01_0874,PROC-ISRO-IISU-01,ATE-STATION-01,CHAMBER-01,1.0,125.0,3.3,168,IDDQ,ELECTRICAL,uA,2.0804,1589.5327,1589.6567,1589.6912,1587.4523,0.0144,-0.0177,34.63,33.75,2.0804,1589.5327,1589.6567,1589.6912,1587.4523,75.0,False,NOMINAL,HEALTHY,-47.35,-37.69
MIX_LOT01_COMP0875,LOT_01,MIXED_SIGNAL_IC,CQFP-64,MIX-SIH-2026,THERMAL_BURN_IN,T01_0875,PROC-ISRO-IISU-01,ATE-STATION-01,CHAMBER-01,1.0,125.0,3.3,168,IDDQ,ELECTRICAL,uA,2.4428,1859.5139,1859.6955,1859.7616,1857.0711,-0.0207,-0.0286,35.78,35.12,2.4428,1859.5139,1859.6955,1859.7616,1857.0711,75.0,False,NOMINAL,HEALTHY,46.4,18.1
MIX_LOT01_COMP0876,LOT_01,MIXED_SIGNAL_IC,CQFP-64,MIX-SIH-2026,THERMAL_BURN_IN,T01_0876,PROC-ISRO-IISU-01,ATE-STATION-01,CHAMBER-01,1.0,125.0,3.3,168,IDDQ,ELECTRICAL,uA,1.6968,1314.1649,1314.2473,1314.3416,1312.4681,-0.0118,-0.0297,35.6,35.8,1.6968,1314.1649,1314.2473,1314.3416,1312.4681,75.0,False,NOMINAL,HEALTHY,-44.52,10.01
MIX_LOT01_COMP0877,LOT_01,MIXED_SIGNAL_IC,CQFP-64,MIX-SIH-2026,THERMAL_BURN_IN,T01_0877,PROC-ISRO-IISU-01,ATE-STATION-01,CHAMBER-01,1.0,125.0,3.3,168,IDDQ,ELECTRICAL,uA,2.3188,1796.6431,1796.77,1796.8683,1794.3243,-0.0262,-0.0212,34.73,35.31,2.3188,1796.6431,1796.77,1796.8683,1794.3243,75.0,False,NOMINAL,HEALTHY,23.58,25.38
MIX_LOT01_COMP0878,LOT_01,MIXED_SIGNAL_IC,CQFP-64,MIX-SIH-2026,THERMAL_BURN_IN,T01_0878,PROC-ISRO-IISU-01,ATE-STATION-01,CHAMBER-01,1.0,125.0,3.3,168,IDDQ,ELECTRICAL,uA,1.9343,1485.3456,1485.4518,1485.5366,1483.4113,0.0054,-0.0729,33.05,32.76,1.9343,1485.3456,1485.4518,1485.5366,1483.4113,75.0,False,NOMINAL,HEALTHY,-36.64,-12.63
MIX_LOT01_COMP0879,LOT_01,MIXED_SIGNAL_IC,CQFP-64,MIX-SIH-2026,THERMAL_BURN_IN,T01_0879,PROC-ISRO-IISU-01,ATE-STATION-01,CHAMBER-01,1.0,125.0,3.3,168,IDDQ,ELECTRICAL,uA,2.3044,1789.6419,1789.7993,1789.861,1787.3375,-0.0193,-0.0162,33.78,33.75,2.3044,1789.6419,1789.7993,1789.861,1787.3375,75.0,False,NOMINAL,HEALTHY,-32.48,13.05
MIX_LOT01_COMP0880,LOT_01,MIXED_SIGNAL_IC,CQFP-64,MIX-SIH-2026,THERMAL_BURN_IN,T01_0880,PROC-ISRO-IISU-01,ATE-STATION-01,CHAMBER-01,1.0,125.0,3.3,168,IDDQ,ELECTRICAL,uA,2.0451,1575.8681,1575.9479,1576.0426,1573.823,0.0392,0.044,32.78,33.16,2.0451,1575.8681,1575.9479,1576.0426,1573.823,75.0,False,NOMINAL,HEALTHY,-8.94,36.34
MIX_LOT01_COMP0881,LOT_01,MIXED_SIGNAL_IC,CQFP-64,MIX-SIH-2026,THERMAL_BURN_IN,T01_0881,PROC-ISRO-IISU-01,ATE-STATION-01,CHAMBER-01,1.0,125.0,3.3,168,IDDQ,ELECTRICAL,uA,2.1897,1685.5865,1685.7094,1685.7351,1683.3968,-0.0099,0.0292,35.72,35.9,2.1897,1685.5865,1685.7094,1685.7351,1683.3968,75.0,False,NOMINAL,HEALTHY,-16.74,35.23
MIX_LOT01_COMP0882,LOT_01,MIXED_SIGNAL_IC,CQFP-64,MIX-SIH-2026,THERMAL_BURN_IN,T01_0882,PROC-ISRO-IISU-01,ATE-STATION-01,CHAMBER-01,1.0,125.0,3.3,168,IDDQ,ELECTRICAL,uA,2.0706,1624.3074,1624.4038,1624.5247,1622.2368,0.037,0.0649,35.71,35.1,2.0706,1624.3074,1624.4038,1624.5247,1622.2368,75.0,False,NOMINAL,HEALTHY,19.77,-37.37
MIX_LOT01_COMP0883,LOT_01,MIXED_SIGNAL_IC,CQFP-64,MIX-SIH-2026,THERMAL_BURN_IN,T01_0883,PROC-ISRO-IISU-01,ATE-STATION-01,CHAMBER-01,1.0,125.0,3.3,168,IDDQ,ELECTRICAL,uA,2.0753,1584.3182,1584.4449,1584.5811,1582.2429,0.0127,-0.0009,35.33,35.79,2.0753,1584.3182,1584.4449,1584.5811,1582.2429,75.0,False,NOMINAL,HEALTHY,-21.07,49.54
MIX_LOT01_COMP0884,LOT_01,MIXED_SIGNAL_IC,CQFP-64,MIX-SIH-2026,THERMAL_BURN_IN,T01_0884,PROC-ISRO-IISU-01,ATE-STATION-01,CHAMBER-01,1.0,125.0,3.3,168,IDDQ,ELECTRICAL,uA,2.0829,1586.8573,1586.9154,1586.9955,1584.7744,-0.0004,0.028,34.23,33.39,2.0829,1586.8573,1586.9154,1586.9955,1584.7744,75.0,False,NOMINAL,HEALTHY,32.92,7.47
MIX_LOT01_COMP0885,LOT_01,MIXED_SIGNAL_IC,CQFP-64,MIX-SIH-2026,THERMAL_BURN_IN,T01_0885,PROC-ISRO-IISU-01,ATE-STATION-01,CHAMBER-01,1.0,125.0,3.3,168,IDDQ,ELECTRICAL,uA,2.0576,1577.3317,1577.4269,1577.4529,1575.2741,0.0188,-0.0375,34.77,33.91,2.0576,1577.3317,1577.4269,1577.4529,1575.2741,75.0,False,NOMINAL,HEALTHY,4.56,38.27
MIX_LOT01_COMP0886,LOT_01,MIXED_SIGNAL_IC,CQFP-64,MIX-SIH-2026,THERMAL_BURN_IN,T01_0886,PROC-ISRO-IISU-01,ATE-STATION-01,CHAMBER-01,1.0,125.0,3.3,168,IDDQ,ELECTRICAL,uA,2.6245,2033.024,2033.1446,2033.3189,2030.3995,0.027,0.1014,34.73,34.85,2.6245,2033.024,2033.1446,2033.3189,2030.3995,75.0,False,NOMINAL,HEALTHY,-48.9,-23.71
MIX_LOT01_COMP0887,LOT_01,MIXED_SIGNAL_IC,CQFP-64,MIX-SIH-2026,THERMAL_BURN_IN,T01_0887,PROC-ISRO-IISU-01,ATE-STATION-01,CHAMBER-01,1.0,125.0,3.3,168,IDDQ,ELECTRICAL,uA,2.1889,1690.9228,1691.0761,1691.1381,1688.7339,0.0412,0.0844,35.71,35.54,2.1889,1690.9228,1691.0761,1691.1381,1688.7339,75.0,False,NOMINAL,HEALTHY,33.16,-10.32
MIX_LOT01_COMP0888,LOT_01,MIXED_SIGNAL_IC,CQFP-64,MIX-SIH-2026,THERMAL_BURN_IN,T01_0888,PROC-ISRO-IISU-01,ATE-STATION-01,CHAMBER-01,1.0,125.0,3.3,168,IDDQ,ELECTRICAL,uA,1.9338,1495.6957,1495.8171,1495.8675,1493.7619,-0.0096,0.0225,34.76,34.82,1.9338,1495.6957,1495.8171,1495.8675,1493.7619,75.0,False,NOMINAL,HEALTHY,-26.53,-37.29
MIX_LOT01_COMP0889,LOT_01,MIXED_SIGNAL_IC,CQFP-64,MIX-SIH-2026,THERMAL_BURN_IN,T01_0889,PROC-ISRO-IISU-01,ATE-STATION-01,CHAMBER-01,1.0,125.0,3.3,168,IDDQ,ELECTRICAL,uA,1.4756,1146.3597,1146.4503,1146.4695,1144.8841,0.0134,0.0628,34.69,35.78,1.4756,1146.3597,1146.4503,1146.4695,1144.8841,75.0,False,NOMINAL,HEALTHY,-36.21,39.55
MIX_LOT01_COMP0890,LOT_01,MIXED_SIGNAL_IC,CQFP-64,MIX-SIH-2026,THERMAL_BURN_IN,T01_0890,PROC-ISRO-IISU-01,ATE-STATION-01,CHAMBER-01,1.0,125.0,3.3,168,IDDQ,ELECTRICAL,uA,2.0315,1569.1944,1569.3247,1569.4244,1567.1629,-0.0002,-0.0819,34.25,33.65,2.0315,1569.1944,1569.3247,1569.4244,1567.1629,75.0,False,NOMINAL,HEALTHY,-29.2,22.79
MIX_LOT01_COMP0891,LOT_01,MIXED_SIGNAL_IC,CQFP-64,MIX-SIH-2026,THERMAL_BURN_IN,T01_0891,PROC-ISRO-IISU-01,ATE-STATION-01,CHAMBER-01,1.0,125.0,3.3,168,IDDQ,ELECTRICAL,uA,2.2197,1718.4101,1718.547,1718.6457,1716.1904,-0.0189,0.0023,36.56,36.05,2.2197,1718.4101,1718.547,1718.6457,1716.1904,75.0,False,NOMINAL,HEALTHY,1.86,-43.51
MIX_LOT01_COMP0892,LOT_01,MIXED_SIGNAL_IC,CQFP-64,MIX-SIH-2026,THERMAL_BURN_IN,T01_0892,PROC-ISRO-IISU-01,ATE-STATION-01,CHAMBER-01,1.0,125.0,3.3,168,IDDQ,ELECTRICAL,uA,2.3628,1796.1023,1796.2135,1796.3049,1793.7395,0.0446,-0.0598,34.57,34.19,2.3628,1796.1023,1796.2135,1796.3049,1793.7395,75.0,False,NOMINAL,HEALTHY,1.15,4.13
MIX_LOT01_COMP0893,LOT_01,MIXED_SIGNAL_IC,CQFP-64,MIX-SIH-2026,THERMAL_BURN_IN,T01_0893,PROC-ISRO-IISU-01,ATE-STATION-01,CHAMBER-01,1.0,125.0,3.3,168,IDDQ,ELECTRICAL,uA,1.633,1256.1234,1256.251,1256.2977,1254.4904,-0.03,-0.0181,32.8,33.94,1.633,1256.1234,1256.251,1256.2977,1254.4904,75.0,False,NOMINAL,HEALTHY,23.1,43.79
MIX_LOT01_COMP0894,LOT_01,MIXED_SIGNAL_IC,CQFP-64,MIX-SIH-2026,THERMAL_BURN_IN,T01_0894,PROC-ISRO-IISU-01,ATE-STATION-01,CHAMBER-01,1.0,125.0,3.3,168,IDDQ,ELECTRICAL,uA,1.7805,1380.467,1380.6364,1380.6639,1378.6865,0.0239,0.0189,33.84,34.03,1.7805,1380.467,1380.6364,1380.6639,1378.6865,75.0,False,NOMINAL,HEALTHY,-5.54,-42.47
MIX_LOT01_COMP0895,LOT_01,MIXED_SIGNAL_IC,CQFP-64,MIX-SIH-2026,THERMAL_BURN_IN,T01_0895,PROC-ISRO-IISU-01,ATE-STATION-01,CHAMBER-01,1.0,125.0,3.3,168,IDDQ,ELECTRICAL,uA,2.368,1829.4899,1829.6242,1829.7068,1827.1219,-0.0077,0.0721,36.21,36.24,2.368,1829.4899,1829.6242,1829.7068,1827.1219,75.0,False,NOMINAL,HEALTHY,19.57,-47.11
MIX_LOT01_COMP0896,LOT_01,MIXED_SIGNAL_IC,CQFP-64,MIX-SIH-2026,THERMAL_BURN_IN,T01_0896,PROC-ISRO-IISU-01,ATE-STATION-01,CHAMBER-01,1.0,125.0,3.3,168,IDDQ,ELECTRICAL,uA,2.2286,1713.0669,1713.2295,1713.3449,1710.8383,-0.0196,-0.0551,36.82,36.36,2.2286,1713.0669,1713.2295,1713.3449,1710.8383,75.0,False,NOMINAL,HEALTHY,18.55,42.19
MIX_LOT01_COMP0897,LOT_01,MIXED_SIGNAL_IC,CQFP-64,MIX-SIH-2026,THERMAL_BURN_IN,T01_0897,PROC-ISRO-IISU-01,ATE-STATION-01,CHAMBER-01,1.0,125.0,3.3,168,IDDQ,ELECTRICAL,uA,2.4337,1878.3916,1878.5342,1878.5906,1875.9579,-0.0003,0.0172,35.0,34.97,2.4337,1878.3916,1878.5342,1878.5906,1875.9579,75.0,False,NOMINAL,HEALTHY,21.7,34.76
MIX_LOT01_COMP0898,LOT_01,MIXED_SIGNAL_IC,CQFP-64,MIX-SIH-2026,THERMAL_BURN_IN,T01_0898,PROC-ISRO-IISU-01,ATE-STATION-01,CHAMBER-01,1.0,125.0,3.3,168,IDDQ,ELECTRICAL,uA,2.0827,1601.2313,1601.3575,1601.3946,1599.1486,-0.0077,-0.0086,34.55,34.93,2.0827,1601.2313,1601.3575,1601.3946,1599.1486,75.0,False,NOMINAL,HEALTHY,28.45,8.25
MIX_LOT01_COMP0899,LOT_01,MIXED_SIGNAL_IC,CQFP-64,MIX-SIH-2026,THERMAL_BURN_IN,T01_0899,PROC-ISRO-IISU-01,ATE-STATION-01,CHAMBER-01,1.0,125.0,3.3,168,IDDQ,ELECTRICAL,uA,1.8953,1460.183,1460.2955,1460.3503,1458.2877,0.0129,-0.0346,34.93,35.3,1.8953,1460.183,1460.2955,1460.3503,1458.2877,75.0,False,NOMINAL,HEALTHY,9.53,44.6
MIX_LOT01_COMP0900,LOT_01,MIXED_SIGNAL_IC,CQFP-64,MIX-SIH-2026,THERMAL_BURN_IN,T01_0900,PROC-ISRO-IISU-01,ATE-STATION-01,CHAMBER-01,1.0,125.0,3.3,168,IDDQ,ELECTRICAL,uA,2.305,1765.7258,1765.8233,1765.9005,1763.4208,0.0103,0.0015,34.79,35.33,2.305,1765.7258,1765.8233,1765.9005,1763.4208,75.0,False,NOMINAL,HEALTHY,-18.13,-34.4
MIX_LOT01_COMP0901,LOT_01,MIXED_SIGNAL_IC,CQFP-64,MIX-SIH-2026,THERMAL_BURN_IN,T01_0901,PROC-ISRO-IISU-01,ATE-STATION-01,CHAMBER-01,1.0,125.0,3.3,168,IDDQ,ELECTRICAL,uA,2.3822,1830.7521,1830.878,1830.9995,1828.3699,0.0246,-0.0287,36.18,35.52,2.3822,1830.7521,1830.878,1830.9995,1828.3699,75.0,False,NOMINAL,HEALTHY,10.98,-1.46
MIX_LOT01_COMP0902,LOT_01,MIXED_SIGNAL_IC,CQFP-64,MIX-SIH-2026,THERMAL_BURN_IN,T01_0902,PROC-ISRO-IISU-01,ATE-STATION-01,CHAMBER-01,1.0,125.0,3.3,168,IDDQ,ELECTRICAL,uA,1.8448,1426.0514,1426.1136,1426.2139,1424.2066,-0.033,0.0101,37.41,37.17,1.8448,1426.0514,1426.1136,1426.2139,1424.2066,75.0,False,NOMINAL,HEALTHY,33.16,37.53
MIX_LOT01_COMP0903,LOT_01,MIXED_SIGNAL_IC,CQFP-64,MIX-SIH-2026,THERMAL_BURN_IN,T01_0903,PROC-ISRO-IISU-01,ATE-STATION-01,CHAMBER-01,1.0,125.0,3.3,168,IDDQ,ELECTRICAL,uA,2.0215,1546.7493,1546.9118,1546.9642,1544.7278,0.0032,0.0328,34.62,34.36,2.0215,1546.7493,1546.9118,1546.9642,1544.7278,75.0,False,NOMINAL,HEALTHY,-1.62,1.62
MIX_LOT01_COMP0904,LOT_01,MIXED_SIGNAL_IC,CQFP-64,MIX-SIH-2026,THERMAL_BURN_IN,T01_0904,PROC-ISRO-IISU-01,ATE-STATION-01,CHAMBER-01,1.0,125.0,3.3,168,IDDQ,ELECTRICAL,uA,2.2135,1709.2956,1709.4289,1709.5226,1707.0821,0.0011,0.0092,35.63,36.41,2.2135,1709.2956,1709.4289,1709.5226,1707.0821,75.0,False,NOMINAL,HEALTHY,0.89,7.32
MIX_LOT01_COMP0905,LOT_01,MIXED_SIGNAL_IC,CQFP-64,MIX-SIH-2026,THERMAL_BURN_IN,T01_0905,PROC-ISRO-IISU-01,ATE-STATION-01,CHAMBER-01,1.0,125.0,3.3,168,IDDQ,ELECTRICAL,uA,2.3522,1815.4308,1815.5707,1815.6352,1813.0786,-0.0226,0.0011,36.05,35.43,2.3522,1815.4308,1815.5707,1815.6352,1813.0786,75.0,False,NOMINAL,HEALTHY,2.87,-17.22
MIX_LOT01_COMP0906,LOT_01,MIXED_SIGNAL_IC,CQFP-64,MIX-SIH-2026,THERMAL_BURN_IN,T01_0906,PROC-ISRO-IISU-01,ATE-STATION-01,CHAMBER-01,1.0,125.0,3.3,168,IDDQ,ELECTRICAL,uA,2.1187,1637.0304,1637.1053,1637.293,1634.9117,-0.0003,-0.1087,35.22,34.3,2.1187,1637.0304,1637.1053,1637.293,1634.9117,75.0,False,NOMINAL,HEALTHY,20.14,-16.15
MIX_LOT01_COMP0907,LOT_01,MIXED_SIGNAL_IC,CQFP-64,MIX-SIH-2026,THERMAL_BURN_IN,T01_0907,PROC-ISRO-IISU-01,ATE-STATION-01,CHAMBER-01,1.0,125.0,3.3,168,IDDQ,ELECTRICAL,uA,1.9043,1491.3229,1491.4477,1491.4788,1489.4186,-0.0144,-0.0126,37.47,37.09,1.9043,1491.3229,1491.4477,1491.4788,1489.4186,75.0,False,NOMINAL,HEALTHY,-30.81,-24.31
MIX_LOT01_COMP0908,LOT_01,MIXED_SIGNAL_IC,CQFP-64,MIX-SIH-2026,THERMAL_BURN_IN,T01_0908,PROC-ISRO-IISU-01,ATE-STATION-01,CHAMBER-01,1.0,125.0,3.3,168,IDDQ,ELECTRICAL,uA,2.1645,1671.2415,1671.3391,1671.3512,1669.077,-0.0045,-0.0215,35.26,34.48,2.1645,1671.2415,1671.3391,1671.3512,1669.077,75.0,False,NOMINAL,HEALTHY,11.48,17.16
MIX_LOT01_COMP0909,LOT_01,MIXED_SIGNAL_IC,CQFP-64,MIX-SIH-2026,THERMAL_BURN_IN,T01_0909,PROC-ISRO-IISU-01,ATE-STATION-01,CHAMBER-01,1.0,125.0,3.3,168,IDDQ,ELECTRICAL,uA,2.0984,1633.1477,1633.3182,1633.3327,1631.0493,0.0213,-0.0379,36.08,36.12,2.0984,1633.1477,1633.3182,1633.3327,1631.0493,75.0,False,NOMINAL,HEALTHY,22.68,4.1
MIX_LOT01_COMP0910,LOT_01,MIXED_SIGNAL_IC,CQFP-64,MIX-SIH-2026,THERMAL_BURN_IN,T01_0910,PROC-ISRO-IISU-01,ATE-STATION-01,CHAMBER-01,1.0,125.0,3.3,168,IDDQ,ELECTRICAL,uA,2.3313,1787.3419,1787.4875,1787.5547,1785.0106,0.0115,-0.047,35.31,35.18,2.3313,1787.3419,1787.4875,1787.5547,1785.0106,75.0,False,NOMINAL,HEALTHY,-40.66,26.54
MIX_LOT01_COMP0911,LOT_01,MIXED_SIGNAL_IC,CQFP-64,MIX-SIH-2026,THERMAL_BURN_IN,T01_0911,PROC-ISRO-IISU-01,ATE-STATION-01,CHAMBER-01,1.0,125.0,3.3,168,IDDQ,ELECTRICAL,uA,1.526,1192.0007,1192.1346,1192.2321,1190.4747,0.013,0.0348,33.16,33.44,1.526,1192.0007,1192.1346,1192.2321,1190.4747,75.0,False,NOMINAL,HEALTHY,4.27,-23.62
MIX_LOT01_COMP0912,LOT_01,MIXED_SIGNAL_IC,CQFP-64,MIX-SIH-2026,THERMAL_BURN_IN,T01_0912,PROC-ISRO-IISU-01,ATE-STATION-01,CHAMBER-01,1.0,125.0,3.3,168,IDDQ,ELECTRICAL,uA,1.9919,1536.2315,1536.41,1536.392,1534.2396,0.005,-0.0544,34.85,35.08,1.9919,1536.2315,1536.41,1536.392,1534.2396,75.0,False,NOMINAL,HEALTHY,-19.03,-24.38
MIX_LOT01_COMP0913,LOT_01,MIXED_SIGNAL_IC,CQFP-64,MIX-SIH-2026,THERMAL_BURN_IN,T01_0913,PROC-ISRO-IISU-01,ATE-STATION-01,CHAMBER-01,1.0,125.0,3.3,168,IDDQ,ELECTRICAL,uA,2.302,1767.9631,1768.109,1768.2017,1765.6611,0.0465,0.0555,34.69,34.4,2.302,1767.9631,1768.109,1768.2017,1765.6611,75.0,False,NOMINAL,HEALTHY,17.54,42.03
MIX_LOT01_COMP0914,LOT_01,MIXED_SIGNAL_IC,CQFP-64,MIX-SIH-2026,THERMAL_BURN_IN,T01_0914,PROC-ISRO-IISU-01,ATE-STATION-01,CHAMBER-01,1.0,125.0,3.3,168,IDDQ,ELECTRICAL,uA,2.0925,1607.7706,1607.8888,1608.0045,1605.6781,0.0365,-0.0308,35.23,35.26,2.0925,1607.7706,1607.8888,1608.0045,1605.6781,75.0,False,NOMINAL,HEALTHY,6.97,-16.1
MIX_LOT01_COMP0915,LOT_01,MIXED_SIGNAL_IC,CQFP-64,MIX-SIH-2026,THERMAL_BURN_IN,T01_0915,PROC-ISRO-IISU-01,ATE-STATION-01,CHAMBER-01,1.0,125.0,3.3,168,IDDQ,ELECTRICAL,uA,2.5702,1982.491,1982.6839,1982.7607,1979.9208,-0.0412,-0.0572,33.04,33.72,2.5702,1982.491,1982.6839,1982.7607,1979.9208,75.0,False,NOMINAL,HEALTHY,16.43,-38.49
MIX_LOT01_COMP0916,LOT_01,MIXED_SIGNAL_IC,CQFP-64,MIX-SIH-2026,THERMAL_BURN_IN,T01_0916,PROC-ISRO-IISU-01,ATE-STATION-01,CHAMBER-01,1.0,125.0,3.3,168,IDDQ,ELECTRICAL,uA,1.9658,1510.9181,1511.0165,1511.0595,1508.9523,-0.0011,0.0032,36.26,36.5,1.9658,1510.9181,1511.0165,1511.0595,1508.9523,75.0,False,NOMINAL,HEALTHY,1.67,-27.89
MIX_LOT01_COMP0917,LOT_01,MIXED_SIGNAL_IC,CQFP-64,MIX-SIH-2026,THERMAL_BURN_IN,T01_0917,PROC-ISRO-IISU-01,ATE-STATION-01,CHAMBER-01,1.0,125.0,3.3,168,IDDQ,ELECTRICAL,uA,1.8005,1373.8532,1374.0056,1374.0752,1372.0527,-0.0309,-0.0845,36.58,37.43,1.8005,1373.8532,1374.0056,1374.0752,1372.0527,75.0,False,NOMINAL,HEALTHY,45.36,-31.98
MIX_LOT01_COMP0918,LOT_01,MIXED_SIGNAL_IC,CQFP-64,MIX-SIH-2026,THERMAL_BURN_IN,T01_0918,PROC-ISRO-IISU-01,ATE-STATION-01,CHAMBER-01,1.0,125.0,3.3,168,IDDQ,ELECTRICAL,uA,2.8191,2168.4864,2168.6514,2168.7361,2165.6673,0.0497,0.0669,36.44,37.95,2.8191,2168.4864,2168.6514,2168.7361,2165.6673,75.0,False,NOMINAL,HEALTHY,-32.34,5.15
MIX_LOT01_COMP0919,LOT_01,MIXED_SIGNAL_IC,CQFP-64,MIX-SIH-2026,THERMAL_BURN_IN,T01_0919,PROC-ISRO-IISU-01,ATE-STATION-01,CHAMBER-01,1.0,125.0,3.3,168,IDDQ,ELECTRICAL,uA,2.3371,1801.0935,1801.2129,1801.2927,1798.7564,0.0052,0.0179,34.56,34.12,2.3371,1801.0935,1801.2129,1801.2927,1798.7564,75.0,False,NOMINAL,HEALTHY,-14.52,24.19
MIX_LOT01_COMP0920,LOT_01,MIXED_SIGNAL_IC,CQFP-64,MIX-SIH-2026,THERMAL_BURN_IN,T01_0920,PROC-ISRO-IISU-01,ATE-STATION-01,CHAMBER-01,1.0,125.0,3.3,168,IDDQ,ELECTRICAL,uA,2.5066,1948.3121,1948.4977,1948.5465,1945.8055,-0.0435,-0.0433,34.4,34.85,2.5066,1948.3121,1948.4977,1948.5465,1945.8055,75.0,False,NOMINAL,HEALTHY,-13.17,0.37
MIX_LOT01_COMP0921,LOT_01,MIXED_SIGNAL_IC,CQFP-64,MIX-SIH-2026,THERMAL_BURN_IN,T01_0921,PROC-ISRO-IISU-01,ATE-STATION-01,CHAMBER-01,1.0,125.0,3.3,168,IDDQ,ELECTRICAL,uA,1.9862,1530.6242,1530.7245,1530.7616,1528.638,0.0151,-0.0967,36.6,36.41,1.9862,1530.6242,1530.7245,1530.7616,1528.638,75.0,False,NOMINAL,HEALTHY,20.49,-9.59
MIX_LOT01_COMP0922,LOT_01,MIXED_SIGNAL_IC,CQFP-64,MIX-SIH-2026,THERMAL_BURN_IN,T01_0922,PROC-ISRO-IISU-01,ATE-STATION-01,CHAMBER-01,1.0,125.0,3.3,168,IDDQ,ELECTRICAL,uA,2.0333,1564.9243,1565.0743,1565.1351,1562.891,0.0007,0.0144,33.2,32.14,2.0333,1564.9243,1565.0743,1565.1351,1562.891,75.0,False,NOMINAL,HEALTHY,-26.62,14.79
MIX_LOT01_COMP0923,LOT_01,MIXED_SIGNAL_IC,CQFP-64,MIX-SIH-2026,THERMAL_BURN_IN,T01_0923,PROC-ISRO-IISU-01,ATE-STATION-01,CHAMBER-01,1.0,125.0,3.3,168,IDDQ,ELECTRICAL,uA,1.7756,1357.0557,1357.143,1357.2592,1355.2801,0.0076,-0.0444,35.96,35.78,1.7756,1357.0557,1357.143,1357.2592,1355.2801,75.0,True,DIELECTRIC_OSCILLATION,HEALTHY,-32.18,-25.06
MIX_LOT01_COMP0924,LOT_01,MIXED_SIGNAL_IC,CQFP-64,MIX-SIH-2026,THERMAL_BURN_IN,T01_0924,PROC-ISRO-IISU-01,ATE-STATION-01,CHAMBER-01,1.0,125.0,3.3,168,IDDQ,ELECTRICAL,uA,2.2089,1718.4943,1718.6719,1718.738,1716.2854,0.0091,-0.0406,35.89,36.26,2.2089,1718.4943,1718.6719,1718.738,1716.2854,75.0,False,NOMINAL,HEALTHY,0.29,31.7
MIX_LOT01_COMP0925,LOT_01,MIXED_SIGNAL_IC,CQFP-64,MIX-SIH-2026,THERMAL_BURN_IN,T01_0925,PROC-ISRO-IISU-01,ATE-STATION-01,CHAMBER-01,1.0,125.0,3.3,168,IDDQ,ELECTRICAL,uA,2.0795,1586.4155,1586.4941,1586.5879,1584.336,-0.036,-0.0159,34.24,34.45,2.0795,1586.4155,1586.4941,1586.5879,1584.336,75.0,False,NOMINAL,HEALTHY,22.62,19.74
MIX_LOT01_COMP0926,LOT_01,MIXED_SIGNAL_IC,CQFP-64,MIX-SIH-2026,THERMAL_BURN_IN,T01_0926,PROC-ISRO-IISU-01,ATE-STATION-01,CHAMBER-01,1.0,125.0,3.3,168,IDDQ,ELECTRICAL,uA,2.4988,1910.6041,1910.745,1910.834,1908.1053,0.0218,0.0474,34.59,34.46,2.4988,1910.6041,1910.745,1910.834,1908.1053,75.0,False,NOMINAL,HEALTHY,-27.18,-0.91
MIX_LOT01_COMP0927,LOT_01,MIXED_SIGNAL_IC,CQFP-64,MIX-SIH-2026,THERMAL_BURN_IN,T01_0927,PROC-ISRO-IISU-01,ATE-STATION-01,CHAMBER-01,1.0,125.0,3.3,168,IDDQ,ELECTRICAL,uA,2.1994,1695.9753,1696.1148,1696.1611,1693.7759,0.0256,0.033,34.89,35.24,2.1994,1695.9753,1696.1148,1696.1611,1693.7759,75.0,False,NOMINAL,HEALTHY,20.54,35.52
MIX_LOT01_COMP0928,LOT_01,MIXED_SIGNAL_IC,CQFP-64,MIX-SIH-2026,THERMAL_BURN_IN,T01_0928,PROC-ISRO-IISU-01,ATE-STATION-01,CHAMBER-01,1.0,125.0,3.3,168,IDDQ,ELECTRICAL,uA,2.077,1605.57,1605.6432,1605.7304,1603.493,0.0222,0.0131,35.16,35.36,2.077,1605.57,1605.6432,1605.7304,1603.493,75.0,False,NOMINAL,HEALTHY,-17.29,43.54
MIX_LOT01_COMP0929,LOT_01,MIXED_SIGNAL_IC,CQFP-64,MIX-SIH-2026,THERMAL_BURN_IN,T01_0929,PROC-ISRO-IISU-01,ATE-STATION-01,CHAMBER-01,1.0,125.0,3.3,168,IDDQ,ELECTRICAL,uA,1.7519,1341.6803,1341.7597,1341.8025,1339.9284,0.024,-0.0071,36.49,36.74,1.7519,1341.6803,1341.7597,1341.8025,1339.9284,75.0,False,NOMINAL,HEALTHY,-49.62,-14.4
MIX_LOT01_COMP0930,LOT_01,MIXED_SIGNAL_IC,CQFP-64,MIX-SIH-2026,THERMAL_BURN_IN,T01_0930,PROC-ISRO-IISU-01,ATE-STATION-01,CHAMBER-01,1.0,125.0,3.3,168,IDDQ,ELECTRICAL,uA,1.9209,1465.6262,1465.7605,1465.8492,1463.7053,-0.0224,-0.0869,32.75,32.65,1.9209,1465.6262,1465.7605,1465.8492,1463.7053,75.0,False,NOMINAL,HEALTHY,-26.31,28.99
MIX_LOT01_COMP0931,LOT_01,MIXED_SIGNAL_IC,CQFP-64,MIX-SIH-2026,THERMAL_BURN_IN,T01_0931,PROC-ISRO-IISU-01,ATE-STATION-01,CHAMBER-01,1.0,125.0,3.3,168,IDDQ,ELECTRICAL,uA,2.2378,1722.7179,1722.8814,1722.9779,1720.4801,0.0283,0.0835,34.53,33.78,2.2378,1722.7179,1722.8814,1722.9779,1720.4801,75.0,False,NOMINAL,HEALTHY,-49.49,3.74
MIX_LOT01_COMP0932,LOT_01,MIXED_SIGNAL_IC,CQFP-64,MIX-SIH-2026,THERMAL_BURN_IN,T01_0932,PROC-ISRO-IISU-01,ATE-STATION-01,CHAMBER-01,1.0,125.0,3.3,168,IDDQ,ELECTRICAL,uA,2.6177,1997.7956,1997.9755,1998.0442,1995.1779,-0.0122,-0.0285,34.35,34.79,2.6177,1997.7956,1997.9755,1998.0442,1995.1779,75.0,False,NOMINAL,HEALTHY,-11.35,34.52
MIX_LOT01_COMP0933,LOT_01,MIXED_SIGNAL_IC,CQFP-64,MIX-SIH-2026,THERMAL_BURN_IN,T01_0933,PROC-ISRO-IISU-01,ATE-STATION-01,CHAMBER-01,1.0,125.0,3.3,168,IDDQ,ELECTRICAL,uA,1.8852,1474.2007,1474.3204,1474.3891,1472.3155,-0.0238,-0.0292,35.92,35.44,1.8852,1474.2007,1474.3204,1474.3891,1472.3155,75.0,False,NOMINAL,HEALTHY,18.4,-43.43
MIX_LOT01_COMP0934,LOT_01,MIXED_SIGNAL_IC,CQFP-64,MIX-SIH-2026,THERMAL_BURN_IN,T01_0934,PROC-ISRO-IISU-01,ATE-STATION-01,CHAMBER-01,1.0,125.0,3.3,168,IDDQ,ELECTRICAL,uA,1.9226,1485.7539,1485.8772,1485.918,1483.8313,-0.0139,-0.0007,34.33,34.99,1.9226,1485.7539,1485.8772,1485.918,1483.8313,75.0,False,NOMINAL,HEALTHY,9.0,-8.93
MIX_LOT01_COMP0935,LOT_01,MIXED_SIGNAL_IC,CQFP-64,MIX-SIH-2026,THERMAL_BURN_IN,T01_0935,PROC-ISRO-IISU-01,ATE-STATION-01,CHAMBER-01,1.0,125.0,3.3,168,IDDQ,ELECTRICAL,uA,2.3935,1854.8988,1854.9904,1855.1068,1852.5053,-0.0053,-0.0371,35.11,34.99,2.3935,1854.8988,1854.9904,1855.1068,1852.5053,75.0,False,NOMINAL,HEALTHY,37.54,-46.28
MIX_LOT01_COMP0936,LOT_01,MIXED_SIGNAL_IC,CQFP-64,MIX-SIH-2026,THERMAL_BURN_IN,T01_0936,PROC-ISRO-IISU-01,ATE-STATION-01,CHAMBER-01,1.0,125.0,3.3,168,IDDQ,ELECTRICAL,uA,1.9982,1538.1245,1538.2427,1538.3143,1536.1263,-0.002,-0.0751,35.03,34.35,1.9982,1538.1245,1538.2427,1538.3143,1536.1263,75.0,False,NOMINAL,HEALTHY,-9.53,-32.64
MIX_LOT01_COMP0937,LOT_01,MIXED_SIGNAL_IC,CQFP-64,MIX-SIH-2026,THERMAL_BURN_IN,T01_0937,PROC-ISRO-IISU-01,ATE-STATION-01,CHAMBER-01,1.0,125.0,3.3,168,IDDQ,ELECTRICAL,uA,1.8119,1399.3086,1399.4193,1399.4856,1397.4967,-0.0313,-0.0626,37.77,37.39,1.8119,1399.3086,1399.4193,1399.4856,1397.4967,75.0,False,NOMINAL,HEALTHY,-35.51,35.35
MIX_LOT01_COMP0938,LOT_01,MIXED_SIGNAL_IC,CQFP-64,MIX-SIH-2026,THERMAL_BURN_IN,T01_0938,PROC-ISRO-IISU-01,ATE-STATION-01,CHAMBER-01,1.0,125.0,3.3,168,IDDQ,ELECTRICAL,uA,2.1392,1663.2011,1663.3509,1663.4546,1661.0619,0.0386,0.0716,35.02,35.14,2.1392,1663.2011,1663.3509,1663.4546,1661.0619,75.0,False,NOMINAL,HEALTHY,-5.53,8.1
MIX_LOT01_COMP0939,LOT_01,MIXED_SIGNAL_IC,CQFP-64,MIX-SIH-2026,THERMAL_BURN_IN,T01_0939,PROC-ISRO-IISU-01,ATE-STATION-01,CHAMBER-01,1.0,125.0,3.3,168,IDDQ,ELECTRICAL,uA,2.3912,1842.3278,1842.4975,1842.5356,1839.9366,0.0402,0.0126,36.2,36.41,2.3912,1842.3278,1842.4975,1842.5356,1839.9366,75.0,False,NOMINAL,HEALTHY,-7.14,3.31
MIX_LOT01_COMP0940,LOT_01,MIXED_SIGNAL_IC,CQFP-64,MIX-SIH-2026,THERMAL_BURN_IN,T01_0940,PROC-ISRO-IISU-01,ATE-STATION-01,CHAMBER-01,1.0,125.0,3.3,168,IDDQ,ELECTRICAL,uA,2.4586,1894.3942,1894.5672,1894.6356,1891.9356,0.004,0.1189,35.32,34.77,2.4586,1894.3942,1894.5672,1894.6356,1891.9356,75.0,False,NOMINAL,HEALTHY,11.41,-19.61
MIX_LOT01_COMP0941,LOT_01,MIXED_SIGNAL_IC,CQFP-64,MIX-SIH-2026,THERMAL_BURN_IN,T01_0941,PROC-ISRO-IISU-01,ATE-STATION-01,CHAMBER-01,1.0,125.0,3.3,168,IDDQ,ELECTRICAL,uA,1.8059,1387.8592,1387.9592,1388.0736,1386.0533,-0.0257,0.0484,36.91,37.32,1.8059,1387.8592,1387.9592,1388.0736,1386.0533,75.0,False,NOMINAL,HEALTHY,-28.29,-10.4
MIX_LOT01_COMP0942,LOT_01,MIXED_SIGNAL_IC,CQFP-64,MIX-SIH-2026,THERMAL_BURN_IN,T01_0942,PROC-ISRO-IISU-01,ATE-STATION-01,CHAMBER-01,1.0,125.0,3.3,168,IDDQ,ELECTRICAL,uA,1.8237,1395.3967,1395.5154,1395.5166,1393.573,-0.0407,-0.022,32.62,32.36,1.8237,1395.3967,1395.5154,1395.5166,1393.573,75.0,False,NOMINAL,HEALTHY,-4.85,13.97
MIX_LOT01_COMP0943,LOT_01,MIXED_SIGNAL_IC,CQFP-64,MIX-SIH-2026,THERMAL_BURN_IN,T01_0943,PROC-ISRO-IISU-01,ATE-STATION-01,CHAMBER-01,1.0,125.0,3.3,168,IDDQ,ELECTRICAL,uA,1.9629,1503.5561,1503.7367,1503.8076,1501.5932,0.0554,0.0043,33.22,33.34,1.9629,1503.5561,1503.7367,1503.8076,1501.5932,75.0,False,NOMINAL,HEALTHY,6.75,7.99
MIX_LOT01_COMP0944,LOT_01,MIXED_SIGNAL_IC,CQFP-64,MIX-SIH-2026,THERMAL_BURN_IN,T01_0944,PROC-ISRO-IISU-01,ATE-STATION-01,CHAMBER-01,1.0,125.0,3.3,168,IDDQ,ELECTRICAL,uA,1.9319,1481.1111,1481.2504,1481.3087,1479.1792,-0.0104,-0.0757,34.67,34.34,1.9319,1481.1111,1481.2504,1481.3087,1479.1792,75.0,False,NOMINAL,HEALTHY,-10.48,31.64
MIX_LOT01_COMP0945,LOT_01,MIXED_SIGNAL_IC,CQFP-64,MIX-SIH-2026,THERMAL_BURN_IN,T01_0945,PROC-ISRO-IISU-01,ATE-STATION-01,CHAMBER-01,1.0,125.0,3.3,168,IDDQ,ELECTRICAL,uA,1.9442,1483.8398,1483.9201,1484.0264,1481.8956,0.0069,0.0116,35.23,35.71,1.9442,1483.8398,1483.9201,1484.0264,1481.8956,75.0,False,NOMINAL,HEALTHY,3.46,-48.71
MIX_LOT01_COMP0946,LOT_01,MIXED_SIGNAL_IC,CQFP-64,MIX-SIH-2026,THERMAL_BURN_IN,T01_0946,PROC-ISRO-IISU-01,ATE-STATION-01,CHAMBER-01,1.0,125.0,3.3,168,IDDQ,ELECTRICAL,uA,2.1134,1628.8744,1628.9505,1629.0408,1626.761,0.0137,-0.0043,33.23,33.46,2.1134,1628.8744,1628.9505,1629.0408,1626.761,75.0,False,NOMINAL,HEALTHY,-13.15,-2.29
MIX_LOT01_COMP0947,LOT_01,MIXED_SIGNAL_IC,CQFP-64,MIX-SIH-2026,THERMAL_BURN_IN,T01_0947,PROC-ISRO-IISU-01,ATE-STATION-01,CHAMBER-01,1.0,125.0,3.3,168,IDDQ,ELECTRICAL,uA,2.3532,1805.9239,1806.1011,1806.1655,1803.5707,-0.0507,-0.0482,36.06,36.31,2.3532,1805.9239,1806.1011,1806.1655,1803.5707,75.0,False,NOMINAL,HEALTHY,13.76,30.36
MIX_LOT01_COMP0948,LOT_01,MIXED_SIGNAL_IC,CQFP-64,MIX-SIH-2026,THERMAL_BURN_IN,T01_0948,PROC-ISRO-IISU-01,ATE-STATION-01,CHAMBER-01,1.0,125.0,3.3,168,IDDQ,ELECTRICAL,uA,2.3166,1766.8596,1766.9599,1766.9901,1764.543,-0.0377,0.0112,36.18,36.2,2.3166,1766.8596,1766.9599,1766.9901,1764.543,75.0,False,NOMINAL,HEALTHY,11.21,-47.82
MIX_LOT01_COMP0949,LOT_01,MIXED_SIGNAL_IC,CQFP-64,MIX-SIH-2026,THERMAL_BURN_IN,T01_0949,PROC-ISRO-IISU-01,ATE-STATION-01,CHAMBER-01,1.0,125.0,3.3,168,IDDQ,ELECTRICAL,uA,2.328,1790.9285,1791.0799,1791.1202,1788.6005,-0.0249,0.0508,34.51,34.27,2.328,1790.9285,1791.0799,1791.1202,1788.6005,75.0,False,NOMINAL,HEALTHY,49.05,11.34
MIX_LOT01_COMP0950,LOT_01,MIXED_SIGNAL_IC,CQFP-64,MIX-SIH-2026,THERMAL_BURN_IN,T01_0950,PROC-ISRO-IISU-01,ATE-STATION-01,CHAMBER-01,1.0,125.0,3.3,168,IDDQ,ELECTRICAL,uA,2.1059,1634.355,1634.4356,1634.462,1632.2491,0.0199,0.0683,32.57,33.22,2.1059,1634.355,1634.4356,1634.462,1632.2491,75.0,False,NOMINAL,HEALTHY,47.56,-48.01
MIX_LOT01_COMP0951,LOT_01,MIXED_SIGNAL_IC,CQFP-64,MIX-SIH-2026,THERMAL_BURN_IN,T01_0951,PROC-ISRO-IISU-01,ATE-STATION-01,CHAMBER-01,1.0,125.0,3.3,168,IDDQ,ELECTRICAL,uA,2.3774,1834.9964,1835.1805,1835.2799,1832.619,-0.0072,-0.0298,35.96,35.79,2.3774,1834.9964,1835.1805,1835.2799,1832.619,75.0,False,NOMINAL,HEALTHY,-13.58,28.29
MIX_LOT01_COMP0952,LOT_01,MIXED_SIGNAL_IC,CQFP-64,MIX-SIH-2026,THERMAL_BURN_IN,T01_0952,PROC-ISRO-IISU-01,ATE-STATION-01,CHAMBER-01,1.0,125.0,3.3,168,IDDQ,ELECTRICAL,uA,2.2578,1733.927,1734.0793,1734.1863,1731.6692,-0.0196,0.0179,36.11,35.3,2.2578,1733.927,1734.0793,1734.1863,1731.6692,75.0,False,NOMINAL,HEALTHY,33.42,-23.91
MIX_LOT01_COMP0953,LOT_01,MIXED_SIGNAL_IC,CQFP-64,MIX-SIH-2026,THERMAL_BURN_IN,T01_0953,PROC-ISRO-IISU-01,ATE-STATION-01,CHAMBER-01,1.0,125.0,3.3,168,IDDQ,ELECTRICAL,uA,2.2647,1752.7164,1752.8729,1752.9261,1750.4517,-0.0318,-0.022,34.49,34.79,2.2647,1752.7164,1752.8729,1752.9261,1750.4517,75.0,False,NOMINAL,HEALTHY,37.98,-5.57
MIX_LOT01_COMP0954,LOT_01,MIXED_SIGNAL_IC,CQFP-64,MIX-SIH-2026,THERMAL_BURN_IN,T01_0954,PROC-ISRO-IISU-01,ATE-STATION-01,CHAMBER-01,1.0,125.0,3.3,168,IDDQ,ELECTRICAL,uA,1.8945,1478.5946,1478.6714,1478.7182,1476.7001,-0.0052,-0.0006,35.55,35.65,1.8945,1478.5946,1478.6714,1478.7182,1476.7001,75.0,False,NOMINAL,HEALTHY,14.95,30.51
MIX_LOT01_COMP0955,LOT_01,MIXED_SIGNAL_IC,CQFP-64,MIX-SIH-2026,THERMAL_BURN_IN,T01_0955,PROC-ISRO-IISU-01,ATE-STATION-01,CHAMBER-01,1.0,125.0,3.3,168,IDDQ,ELECTRICAL,uA,2.0426,1576.0266,1576.1174,1576.174,1573.984,0.0014,0.0008,34.19,34.06,2.0426,1576.0266,1576.1174,1576.174,1573.984,75.0,False,NOMINAL,HEALTHY,49.66,-9.36
MIX_LOT01_COMP0956,LOT_01,MIXED_SIGNAL_IC,CQFP-64,MIX-SIH-2026,THERMAL_BURN_IN,T01_0956,PROC-ISRO-IISU-01,ATE-STATION-01,CHAMBER-01,1.0,125.0,3.3,168,IDDQ,ELECTRICAL,uA,2.5018,1935.0392,1935.2156,1935.2497,1932.5374,0.0139,0.0305,35.3,35.23,2.5018,1935.0392,1935.2156,1935.2497,1932.5374,75.0,False,NOMINAL,HEALTHY,1.7,-21.51
MIX_LOT01_COMP0957,LOT_01,MIXED_SIGNAL_IC,CQFP-64,MIX-SIH-2026,THERMAL_BURN_IN,T01_0957,PROC-ISRO-IISU-01,ATE-STATION-01,CHAMBER-01,1.0,125.0,3.3,168,IDDQ,ELECTRICAL,uA,2.0241,1540.7174,1540.8558,1540.9295,1538.6933,-0.0,-0.0603,33.95,34.11,2.0241,1540.7174,1540.8558,1540.9295,1538.6933,75.0,False,NOMINAL,HEALTHY,30.08,-41.19
MIX_LOT01_COMP0958,LOT_01,MIXED_SIGNAL_IC,CQFP-64,MIX-SIH-2026,THERMAL_BURN_IN,T01_0958,PROC-ISRO-IISU-01,ATE-STATION-01,CHAMBER-01,1.0,125.0,3.3,168,IDDQ,ELECTRICAL,uA,2.0522,1585.1017,1585.2069,1585.2502,1583.0495,0.0078,-0.088,34.47,35.44,2.0522,1585.1017,1585.2069,1585.2502,1583.0495,75.0,False,NOMINAL,HEALTHY,2.03,-4.75
MIX_LOT01_COMP0959,LOT_01,MIXED_SIGNAL_IC,CQFP-64,MIX-SIH-2026,THERMAL_BURN_IN,T01_0959,PROC-ISRO-IISU-01,ATE-STATION-01,CHAMBER-01,1.0,125.0,3.3,168,IDDQ,ELECTRICAL,uA,1.8895,1463.5646,1463.7066,1463.7999,1461.6751,-0.007,0.0776,35.16,35.56,1.8895,1463.5646,1463.7066,1463.7999,1461.6751,75.0,False,NOMINAL,HEALTHY,-8.82,10.69
MIX_LOT01_COMP0960,LOT_01,MIXED_SIGNAL_IC,CQFP-64,MIX-SIH-2026,THERMAL_BURN_IN,T01_0960,PROC-ISRO-IISU-01,ATE-STATION-01,CHAMBER-01,1.0,125.0,3.3,168,IDDQ,ELECTRICAL,uA,2.042,1575.0206,1575.1647,1575.207,1572.9786,-0.0169,0.0003,35.39,34.17,2.042,1575.0206,1575.1647,1575.207,1572.9786,75.0,False,NOMINAL,HEALTHY,-35.47,7.11
MIX_LOT01_COMP0961,LOT_01,MIXED_SIGNAL_IC,CQFP-64,MIX-SIH-2026,THERMAL_BURN_IN,T01_0961,PROC-ISRO-IISU-01,ATE-STATION-01,CHAMBER-01,1.0,125.0,3.3,168,IDDQ,ELECTRICAL,uA,2.05,1581.2507,1583.6981,1593.8394,1579.2007,-0.0198,-0.0474,36.73,36.87,2.05,1581.2507,1583.6981,1593.8394,1579.2007,75.0,True,ELECTROMIGRATION,HEALTHY,31.16,39.05
MIX_LOT01_COMP0962,LOT_01,MIXED_SIGNAL_IC,CQFP-64,MIX-SIH-2026,THERMAL_BURN_IN,T01_0962,PROC-ISRO-IISU-01,ATE-STATION-01,CHAMBER-01,1.0,125.0,3.3,168,IDDQ,ELECTRICAL,uA,1.8464,1414.0496,1414.1391,1414.2395,1412.2032,-0.0217,0.0309,32.54,32.22,1.8464,1414.0496,1414.1391,1414.2395,1412.2032,75.0,False,NOMINAL,HEALTHY,-21.02,-7.42
MIX_LOT01_COMP0963,LOT_01,MIXED_SIGNAL_IC,CQFP-64,MIX-SIH-2026,THERMAL_BURN_IN,T01_0963,PROC-ISRO-IISU-01,ATE-STATION-01,CHAMBER-01,1.0,125.0,3.3,168,IDDQ,ELECTRICAL,uA,2.3686,1815.0734,1815.2252,1815.3501,1812.7048,-0.0095,-0.0527,35.91,37.26,2.3686,1815.0734,1815.2252,1815.3501,1812.7048,75.0,False,NOMINAL,HEALTHY,14.95,2.12
MIX_LOT01_COMP0964,LOT_01,MIXED_SIGNAL_IC,CQFP-64,MIX-SIH-2026,THERMAL_BURN_IN,T01_0964,PROC-ISRO-IISU-01,ATE-STATION-01,CHAMBER-01,1.0,125.0,3.3,168,IDDQ,ELECTRICAL,uA,1.7683,1364.2857,1364.359,1364.4191,1362.5174,0.0084,0.0378,36.2,36.9,1.7683,1364.2857,1364.359,1364.4191,1362.5174,75.0,False,NOMINAL,HEALTHY,0.49,10.17
MIX_LOT01_COMP0965,LOT_01,MIXED_SIGNAL_IC,CQFP-64,MIX-SIH-2026,THERMAL_BURN_IN,T01_0965,PROC-ISRO-IISU-01,ATE-STATION-01,CHAMBER-01,1.0,125.0,3.3,168,IDDQ,ELECTRICAL,uA,2.4117,1850.7268,1850.8768,1850.9607,1848.3151,0.0049,0.0006,37.85,38.11,2.4117,1850.7268,1850.8768,1850.9607,1848.3151,75.0,False,NOMINAL,HEALTHY,33.51,-21.18
MIX_LOT01_COMP0966,LOT_01,MIXED_SIGNAL_IC,CQFP-64,MIX-SIH-2026,THERMAL_BURN_IN,T01_0966,PROC-ISRO-IISU-01,ATE-STATION-01,CHAMBER-01,1.0,125.0,3.3,168,IDDQ,ELECTRICAL,uA,2.3973,1846.0851,1846.1931,1846.3125,1843.6878,-0.0105,-0.1019,33.48,33.74,2.3973,1846.0851,1846.1931,1846.3125,1843.6878,75.0,False,NOMINAL,HEALTHY,30.01,-31.32
MIX_LOT01_COMP0967,LOT_01,MIXED_SIGNAL_IC,CQFP-64,MIX-SIH-2026,THERMAL_BURN_IN,T01_0967,PROC-ISRO-IISU-01,ATE-STATION-01,CHAMBER-01,1.0,125.0,3.3,168,IDDQ,ELECTRICAL,uA,1.9414,1505.8056,1505.9584,1505.9949,1503.8642,-0.0036,0.0174,34.01,33.73,1.9414,1505.8056,1505.9584,1505.9949,1503.8642,75.0,False,NOMINAL,HEALTHY,40.26,-29.51
MIX_LOT01_COMP0968,LOT_01,MIXED_SIGNAL_IC,CQFP-64,MIX-SIH-2026,THERMAL_BURN_IN,T01_0968,PROC-ISRO-IISU-01,ATE-STATION-01,CHAMBER-01,1.0,125.0,3.3,168,IDDQ,ELECTRICAL,uA,2.1543,1653.6325,1653.725,1653.8432,1651.4782,0.0447,0.0173,36.61,37.26,2.1543,1653.6325,1653.725,1653.8432,1651.4782,75.0,False,NOMINAL,HEALTHY,11.42,-48.79
MIX_LOT01_COMP0969,LOT_01,MIXED_SIGNAL_IC,CQFP-64,MIX-SIH-2026,THERMAL_BURN_IN,T01_0969,PROC-ISRO-IISU-01,ATE-STATION-01,CHAMBER-01,1.0,125.0,3.3,168,IDDQ,ELECTRICAL,uA,2.1157,1624.839,1624.9436,1625.0157,1622.7233,0.0181,0.0027,33.97,33.27,2.1157,1624.839,1624.9436,1625.0157,1622.7233,75.0,False,NOMINAL,HEALTHY,42.32,39.83
MIX_LOT01_COMP0970,LOT_01,MIXED_SIGNAL_IC,CQFP-64,MIX-SIH-2026,THERMAL_BURN_IN,T01_0970,PROC-ISRO-IISU-01,ATE-STATION-01,CHAMBER-01,1.0,125.0,3.3,168,IDDQ,ELECTRICAL,uA,2.4061,1823.0702,1823.2007,1823.2966,1820.6641,-0.0092,0.0742,34.01,33.84,2.4061,1823.0702,1823.2007,1823.2966,1820.6641,75.0,False,NOMINAL,HEALTHY,12.12,40.76
MIX_LOT01_COMP0971,LOT_01,MIXED_SIGNAL_IC,CQFP-64,MIX-SIH-2026,THERMAL_BURN_IN,T01_0971,PROC-ISRO-IISU-01,ATE-STATION-01,CHAMBER-01,1.0,125.0,3.3,168,IDDQ,ELECTRICAL,uA,1.7066,1329.8647,1329.9523,1330.0177,1328.1581,0.0133,0.0882,35.02,34.91,1.7066,1329.8647,1329.9523,1330.0177,1328.1581,75.0,False,NOMINAL,HEALTHY,-8.76,-36.43
MIX_LOT01_COMP0972,LOT_01,MIXED_SIGNAL_IC,CQFP-64,MIX-SIH-2026,THERMAL_BURN_IN,T01_0972,PROC-ISRO-IISU-01,ATE-STATION-01,CHAMBER-01,1.0,125.0,3.3,168,IDDQ,ELECTRICAL,uA,2.1552,1647.9769,1648.1492,1648.1506,1645.8217,-0.0197,0.0119,37.95,37.12,2.1552,1647.9769,1648.1492,1648.1506,1645.8217,75.0,False,NOMINAL,HEALTHY,31.72,34.49
MIX_LOT01_COMP0973,LOT_01,MIXED_SIGNAL_IC,CQFP-64,MIX-SIH-2026,THERMAL_BURN_IN,T01_0973,PROC-ISRO-IISU-01,ATE-STATION-01,CHAMBER-01,1.0,125.0,3.3,168,IDDQ,ELECTRICAL,uA,1.9139,1482.9399,1483.0749,1483.0888,1481.026,0.0265,0.037,34.85,35.19,1.9139,1482.9399,1483.0749,1483.0888,1481.026,75.0,False,NOMINAL,HEALTHY,-13.18,36.03
MIX_LOT01_COMP0974,LOT_01,MIXED_SIGNAL_IC,CQFP-64,MIX-SIH-2026,THERMAL_BURN_IN,T01_0974,PROC-ISRO-IISU-01,ATE-STATION-01,CHAMBER-01,1.0,125.0,3.3,168,IDDQ,ELECTRICAL,uA,2.0689,1614.061,1614.1883,1614.2721,1611.9921,0.0419,0.0948,35.62,35.41,2.0689,1614.061,1614.1883,1614.2721,1611.9921,75.0,False,NOMINAL,HEALTHY,40.85,-15.03
MIX_LOT01_COMP0975,LOT_01,MIXED_SIGNAL_IC,CQFP-64,MIX-SIH-2026,THERMAL_BURN_IN,T01_0975,PROC-ISRO-IISU-01,ATE-STATION-01,CHAMBER-01,1.0,125.0,3.3,168,IDDQ,ELECTRICAL,uA,2.0508,1598.0069,1598.1091,1598.2316,1595.9561,0.0294,0.0216,33.76,33.93,2.0508,1598.0069,1598.1091,1598.2316,1595.9561,75.0,False,NOMINAL,HEALTHY,33.61,1.96
MIX_LOT01_COMP0976,LOT_01,MIXED_SIGNAL_IC,CQFP-64,MIX-SIH-2026,THERMAL_BURN_IN,T01_0976,PROC-ISRO-IISU-01,ATE-STATION-01,CHAMBER-01,1.0,125.0,3.3,168,IDDQ,ELECTRICAL,uA,1.9609,1474.7896,1474.9109,1474.9798,1472.8287,-0.0231,-0.1062,33.35,33.46,1.9609,1474.7896,1474.9109,1474.9798,1472.8287,75.0,False,NOMINAL,HEALTHY,-1.62,-40.09
MIX_LOT01_COMP0977,LOT_01,MIXED_SIGNAL_IC,CQFP-64,MIX-SIH-2026,THERMAL_BURN_IN,T01_0977,PROC-ISRO-IISU-01,ATE-STATION-01,CHAMBER-01,1.0,125.0,3.3,168,IDDQ,ELECTRICAL,uA,1.703,1317.6369,1317.7397,1317.7468,1315.9339,-0.0079,0.0454,34.42,33.71,1.703,1317.6369,1317.7397,1317.7468,1315.9339,75.0,False,NOMINAL,HEALTHY,-38.91,-47.73
MIX_LOT01_COMP0978,LOT_01,MIXED_SIGNAL_IC,CQFP-64,MIX-SIH-2026,THERMAL_BURN_IN,T01_0978,PROC-ISRO-IISU-01,ATE-STATION-01,CHAMBER-01,1.0,125.0,3.3,168,IDDQ,ELECTRICAL,uA,2.095,1634.2609,1634.4452,1634.4908,1632.1659,-0.0007,0.0206,36.5,36.61,2.095,1634.2609,1634.4452,1634.4908,1632.1659,75.0,False,NOMINAL,HEALTHY,22.24,13.04
MIX_LOT01_COMP0979,LOT_01,MIXED_SIGNAL_IC,CQFP-64,MIX-SIH-2026,THERMAL_BURN_IN,T01_0979,PROC-ISRO-IISU-01,ATE-STATION-01,CHAMBER-01,1.0,125.0,3.3,168,IDDQ,ELECTRICAL,uA,1.9474,1509.7414,1509.837,1509.8789,1507.794,-0.0132,-0.1347,34.11,33.78,1.9474,1509.7414,1509.837,1509.8789,1507.794,75.0,False,NOMINAL,HEALTHY,7.27,-35.02
MIX_LOT01_COMP0980,LOT_01,MIXED_SIGNAL_IC,CQFP-64,MIX-SIH-2026,THERMAL_BURN_IN,T01_0980,PROC-ISRO-IISU-01,ATE-STATION-01,CHAMBER-01,1.0,125.0,3.3,168,IDDQ,ELECTRICAL,uA,2.336,1814.4233,1814.5195,1814.6605,1812.0873,-0.0257,-0.0561,35.28,35.0,2.336,1814.4233,1814.5195,1814.6605,1812.0873,75.0,False,NOMINAL,HEALTHY,2.84,-45.05
MIX_LOT01_COMP0981,LOT_01,MIXED_SIGNAL_IC,CQFP-64,MIX-SIH-2026,THERMAL_BURN_IN,T01_0981,PROC-ISRO-IISU-01,ATE-STATION-01,CHAMBER-01,1.0,125.0,3.3,168,IDDQ,ELECTRICAL,uA,2.192,1685.28,1685.4284,1685.4518,1683.088,0.0041,-0.0858,34.57,34.13,2.192,1685.28,1685.4284,1685.4518,1683.088,75.0,False,NOMINAL,HEALTHY,48.62,39.2
MIX_LOT01_COMP0982,LOT_01,MIXED_SIGNAL_IC,CQFP-64,MIX-SIH-2026,THERMAL_BURN_IN,T01_0982,PROC-ISRO-IISU-01,ATE-STATION-01,CHAMBER-01,1.0,125.0,3.3,168,IDDQ,ELECTRICAL,uA,2.1928,1708.9927,1709.1034,1709.191,1706.7999,0.0141,-0.0079,33.92,34.44,2.1928,1708.9927,1709.1034,1709.191,1706.7999,75.0,False,NOMINAL,HEALTHY,-31.62,-23.04
MIX_LOT01_COMP0983,LOT_01,MIXED_SIGNAL_IC,CQFP-64,MIX-SIH-2026,THERMAL_BURN_IN,T01_0983,PROC-ISRO-IISU-01,ATE-STATION-01,CHAMBER-01,1.0,125.0,3.3,168,IDDQ,ELECTRICAL,uA,1.9771,1539.1059,1539.234,1539.319,1537.1288,0.0258,0.0434,35.45,35.26,1.9771,1539.1059,1539.234,1539.319,1537.1288,75.0,False,NOMINAL,HEALTHY,-48.76,5.44
MIX_LOT01_COMP0984,LOT_01,MIXED_SIGNAL_IC,CQFP-64,MIX-SIH-2026,THERMAL_BURN_IN,T01_0984,PROC-ISRO-IISU-01,ATE-STATION-01,CHAMBER-01,1.0,125.0,3.3,168,IDDQ,ELECTRICAL,uA,2.101,1631.2789,1631.4119,1631.4564,1629.1779,-0.0189,0.0277,33.33,33.35,2.101,1631.2789,1631.4119,1631.4564,1629.1779,75.0,False,NOMINAL,HEALTHY,-27.37,47.17
MIX_LOT01_COMP0985,LOT_01,MIXED_SIGNAL_IC,CQFP-64,MIX-SIH-2026,THERMAL_BURN_IN,T01_0985,PROC-ISRO-IISU-01,ATE-STATION-01,CHAMBER-01,1.0,125.0,3.3,168,IDDQ,ELECTRICAL,uA,2.5768,1976.7314,1976.855,1976.9909,1974.1546,-0.0453,-0.0641,35.18,34.9,2.5768,1976.7314,1976.855,1976.9909,1974.1546,75.0,False,NOMINAL,HEALTHY,4.49,-31.35
MIX_LOT01_COMP0986,LOT_01,MIXED_SIGNAL_IC,CQFP-64,MIX-SIH-2026,THERMAL_BURN_IN,T01_0986,PROC-ISRO-IISU-01,ATE-STATION-01,CHAMBER-01,1.0,125.0,3.3,168,IDDQ,ELECTRICAL,uA,2.3081,1772.6174,1772.7145,1772.8292,1770.3093,0.0279,0.0829,37.27,37.08,2.3081,1772.6174,1772.7145,1772.8292,1770.3093,75.0,False,NOMINAL,HEALTHY,27.32,-17.78
MIX_LOT01_COMP0987,LOT_01,MIXED_SIGNAL_IC,CQFP-64,MIX-SIH-2026,THERMAL_BURN_IN,T01_0987,PROC-ISRO-IISU-01,ATE-STATION-01,CHAMBER-01,1.0,125.0,3.3,168,IDDQ,ELECTRICAL,uA,2.0575,1587.4326,1587.5413,1587.5986,1585.3751,-0.0034,-0.0036,36.23,36.35,2.0575,1587.4326,1587.5413,1587.5986,1585.3751,75.0,False,NOMINAL,HEALTHY,-30.54,37.7
MIX_LOT01_COMP0988,LOT_01,MIXED_SIGNAL_IC,CQFP-64,MIX-SIH-2026,THERMAL_BURN_IN,T01_0988,PROC-ISRO-IISU-01,ATE-STATION-01,CHAMBER-01,1.0,125.0,3.3,168,IDDQ,ELECTRICAL,uA,2.2517,1743.2845,1743.398,1743.436,1741.0328,0.001,-0.0858,35.53,35.71,2.2517,1743.2845,1743.398,1743.436,1741.0328,75.0,False,NOMINAL,HEALTHY,-34.25,-22.7
MIX_LOT01_COMP0989,LOT_01,MIXED_SIGNAL_IC,CQFP-64,MIX-SIH-2026,THERMAL_BURN_IN,T01_0989,PROC-ISRO-IISU-01,ATE-STATION-01,CHAMBER-01,1.0,125.0,3.3,168,IDDQ,ELECTRICAL,uA,2.2573,1747.015,1747.1267,1747.2224,1744.7577,-0.0005,-0.0155,36.4,36.58,2.2573,1747.015,1747.1267,1747.2224,1744.7577,75.0,False,NOMINAL,HEALTHY,-14.58,34.62
MIX_LOT01_COMP0990,LOT_01,MIXED_SIGNAL_IC,CQFP-64,MIX-SIH-2026,THERMAL_BURN_IN,T01_0990,PROC-ISRO-IISU-01,ATE-STATION-01,CHAMBER-01,1.0,125.0,3.3,168,IDDQ,ELECTRICAL,uA,2.0338,1575.735,1575.8301,1575.8399,1573.7012,0.0059,-0.0283,35.52,35.78,2.0338,1575.735,1575.8301,1575.8399,1573.7012,75.0,False,NOMINAL,HEALTHY,-31.25,-28.81
MIX_LOT01_COMP0991,LOT_01,MIXED_SIGNAL_IC,CQFP-64,MIX-SIH-2026,THERMAL_BURN_IN,T01_0991,PROC-ISRO-IISU-01,ATE-STATION-01,CHAMBER-01,1.0,125.0,3.3,168,IDDQ,ELECTRICAL,uA,2.1076,1619.9565,1620.0669,1620.1042,1617.8489,-0.0015,0.0752,35.54,35.86,2.1076,1619.9565,1620.0669,1620.1042,1617.8489,75.0,False,NOMINAL,HEALTHY,-14.75,41.52
MIX_LOT01_COMP0992,LOT_01,MIXED_SIGNAL_IC,CQFP-64,MIX-SIH-2026,THERMAL_BURN_IN,T01_0992,PROC-ISRO-IISU-01,ATE-STATION-01,CHAMBER-01,1.0,125.0,3.3,168,IDDQ,ELECTRICAL,uA,1.9007,1475.6716,1475.7872,1475.9202,1473.7709,-0.0,-0.0049,34.49,34.41,1.9007,1475.6716,1475.7872,1475.9202,1473.7709,75.0,False,NOMINAL,HEALTHY,35.54,16.26
MIX_LOT01_COMP0993,LOT_01,MIXED_SIGNAL_IC,CQFP-64,MIX-SIH-2026,THERMAL_BURN_IN,T01_0993,PROC-ISRO-IISU-01,ATE-STATION-01,CHAMBER-01,1.0,125.0,3.3,168,IDDQ,ELECTRICAL,uA,2.3738,1844.4549,1844.6094,1844.6823,1842.0811,-0.0119,-0.03,35.26,35.08,2.3738,1844.4549,1844.6094,1844.6823,1842.0811,75.0,False,NOMINAL,HEALTHY,12.84,35.26
MIX_LOT01_COMP0994,LOT_01,MIXED_SIGNAL_IC,CQFP-64,MIX-SIH-2026,THERMAL_BURN_IN,T01_0994,PROC-ISRO-IISU-01,ATE-STATION-01,CHAMBER-01,1.0,125.0,3.3,168,IDDQ,ELECTRICAL,uA,1.9085,1469.9793,1470.0794,1470.1786,1468.0708,0.021,0.1292,34.22,34.75,1.9085,1469.9793,1470.0794,1470.1786,1468.0708,75.0,False,NOMINAL,HEALTHY,-28.4,-27.8
MIX_LOT01_COMP0995,LOT_01,MIXED_SIGNAL_IC,CQFP-64,MIX-SIH-2026,THERMAL_BURN_IN,T01_0995,PROC-ISRO-IISU-01,ATE-STATION-01,CHAMBER-01,1.0,125.0,3.3,168,IDDQ,ELECTRICAL,uA,2.1588,1667.4226,1667.5419,1667.6422,1665.2638,0.0181,0.0129,33.47,32.85,2.1588,1667.4226,1667.5419,1667.6422,1665.2638,75.0,False,NOMINAL,HEALTHY,11.81,-31.61
MIX_LOT01_COMP0996,LOT_01,MIXED_SIGNAL_IC,CQFP-64,MIX-SIH-2026,THERMAL_BURN_IN,T01_0996,PROC-ISRO-IISU-01,ATE-STATION-01,CHAMBER-01,1.0,125.0,3.3,168,IDDQ,ELECTRICAL,uA,2.1976,1689.7311,1689.8691,1689.9331,1687.5335,-0.042,-0.0938,33.33,34.14,2.1976,1689.7311,1689.8691,1689.9331,1687.5335,75.0,False,NOMINAL,HEALTHY,26.04,47.07
MIX_LOT01_COMP0997,LOT_01,MIXED_SIGNAL_IC,CQFP-64,MIX-SIH-2026,THERMAL_BURN_IN,T01_0997,PROC-ISRO-IISU-01,ATE-STATION-01,CHAMBER-01,1.0,125.0,3.3,168,IDDQ,ELECTRICAL,uA,2.0782,1616.3366,1616.4525,1616.5564,1614.2584,0.0061,-0.0193,34.25,34.72,2.0782,1616.3366,1616.4525,1616.5564,1614.2584,75.0,False,NOMINAL,HEALTHY,31.78,10.92
MIX_LOT01_COMP0998,LOT_01,MIXED_SIGNAL_IC,CQFP-64,MIX-SIH-2026,THERMAL_BURN_IN,T01_0998,PROC-ISRO-IISU-01,ATE-STATION-01,CHAMBER-01,1.0,125.0,3.3,168,IDDQ,ELECTRICAL,uA,2.7306,2090.9223,2091.0546,2091.148,2088.1917,-0.0313,-0.0131,36.33,36.65,2.7306,2090.9223,2091.0546,2091.148,2088.1917,75.0,False,NOMINAL,HEALTHY,-39.58,-26.11
MIX_LOT01_COMP0999,LOT_01,MIXED_SIGNAL_IC,CQFP-64,MIX-SIH-2026,THERMAL_BURN_IN,T01_0999,PROC-ISRO-IISU-01,ATE-STATION-01,CHAMBER-01,1.0,125.0,3.3,168,IDDQ,ELECTRICAL,uA,2.3829,1836.5825,1836.7638,1836.8347,1834.1996,-0.045,0.0679,33.08,33.83,2.3829,1836.5825,1836.7638,1836.8347,1834.1996,75.0,False,NOMINAL,HEALTHY,46.21,-30.12
MIX_LOT01_COMP1000,LOT_01,MIXED_SIGNAL_IC,CQFP-64,MIX-SIH-2026,THERMAL_BURN_IN,T01_1000,PROC-ISRO-IISU-01,ATE-STATION-01,CHAMBER-01,1.0,125.0,3.3,168,IDDQ,ELECTRICAL,uA,2.4892,1900.2544,1900.4379,1900.5601,1897.7652,-0.0088,-0.0478,36.43,36.49,2.4892,1900.2544,1900.4379,1900.5601,1897.7652,75.0,False,NOMINAL,HEALTHY,18.99,15.92
MIX_LOT01_COMP1001,LOT_01,MIXED_SIGNAL_IC,CQFP-64,MIX-SIH-2026,THERMAL_BURN_IN,T01_1001,PROC-ISRO-IISU-01,ATE-STATION-01,CHAMBER-01,1.0,125.0,3.3,168,IDDQ,ELECTRICAL,uA,1.5124,1165.365,1165.478,1165.4566,1163.8526,-0.0295,-0.0328,35.12,35.12,1.5124,1165.365,1165.478,1165.4566,1163.8526,75.0,False,NOMINAL,HEALTHY,-21.7,-31.97
MIX_LOT01_COMP1002,LOT_01,MIXED_SIGNAL_IC,CQFP-64,MIX-SIH-2026,THERMAL_BURN_IN,T01_1002,PROC-ISRO-IISU-01,ATE-STATION-01,CHAMBER-01,1.0,125.0,3.3,168,IDDQ,ELECTRICAL,uA,2.119,1652.0796,1652.2256,1652.3042,1649.9606,0.0063,-0.0374,36.63,36.53,2.119,1652.0796,1652.2256,1652.3042,1649.9606,75.0,False,NOMINAL,HEALTHY,-21.3,-9.97
MIX_LOT01_COMP1003,LOT_01,MIXED_SIGNAL_IC,CQFP-64,MIX-SIH-2026,THERMAL_BURN_IN,T01_1003,PROC-ISRO-IISU-01,ATE-STATION-01,CHAMBER-01,1.0,125.0,3.3,168,IDDQ,ELECTRICAL,uA,2.1621,1669.5633,1669.6596,1669.7659,1667.4012,-0.0101,0.0464,36.3,36.34,2.1621,1669.5633,1669.6596,1669.7659,1667.4012,75.0,False,NOMINAL,HEALTHY,23.44,-25.49
MIX_LOT01_COMP1004,LOT_01,MIXED_SIGNAL_IC,CQFP-64,MIX-SIH-2026,THERMAL_BURN_IN,T01_1004,PROC-ISRO-IISU-01,ATE-STATION-01,CHAMBER-01,1.0,125.0,3.3,168,IDDQ,ELECTRICAL,uA,1.9162,1481.3323,1481.3865,1481.5252,1479.4161,0.0195,0.0574,35.17,35.66,1.9162,1481.3323,1481.3865,1481.5252,1479.4161,75.0,False,NOMINAL,HEALTHY,-49.73,-36.26
MIX_LOT01_COMP1005,LOT_01,MIXED_SIGNAL_IC,CQFP-64,MIX-SIH-2026,THERMAL_BURN_IN,T01_1005,PROC-ISRO-IISU-01,ATE-STATION-01,CHAMBER-01,1.0,125.0,3.3,168,IDDQ,ELECTRICAL,uA,1.8335,1422.3279,1422.4412,1422.4742,1420.4944,0.0001,0.0262,34.22,34.44,1.8335,1422.3279,1422.4412,1422.4742,1420.4944,75.0,False,NOMINAL,HEALTHY,-30.63,20.91
MIX_LOT01_COMP1006,LOT_01,MIXED_SIGNAL_IC,CQFP-64,MIX-SIH-2026,THERMAL_BURN_IN,T01_1006,PROC-ISRO-IISU-01,ATE-STATION-01,CHAMBER-01,1.0,125.0,3.3,168,IDDQ,ELECTRICAL,uA,2.3796,1840.109,1840.2622,1840.3323,1837.7294,0.0043,-0.0243,36.36,36.62,2.3796,1840.109,1840.2622,1840.3323,1837.7294,75.0,False,NOMINAL,HEALTHY,-49.26,-35.57
MIX_LOT01_COMP1007,LOT_01,MIXED_SIGNAL_IC,CQFP-64,MIX-SIH-2026,THERMAL_BURN_IN,T01_1007,PROC-ISRO-IISU-01,ATE-STATION-01,CHAMBER-01,1.0,125.0,3.3,168,IDDQ,ELECTRICAL,uA,1.9464,1507.9715,1508.061,1508.1275,1506.0251,-0.0015,0.0138,35.57,34.63,1.9464,1507.9715,1508.061,1508.1275,1506.0251,75.0,False,NOMINAL,HEALTHY,3.79,26.34
MIX_LOT01_COMP1008,LOT_01,MIXED_SIGNAL_IC,CQFP-64,MIX-SIH-2026,THERMAL_BURN_IN,T01_1008,PROC-ISRO-IISU-01,ATE-STATION-01,CHAMBER-01,1.0,125.0,3.3,168,IDDQ,ELECTRICAL,uA,2.1317,1643.0537,1643.1571,1643.2664,1640.922,-0.0017,-0.068,35.96,36.36,2.1317,1643.0537,1643.1571,1643.2664,1640.922,75.0,False,NOMINAL,HEALTHY,-40.42,-25.16
MIX_LOT01_COMP1009,LOT_01,MIXED_SIGNAL_IC,CQFP-64,MIX-SIH-2026,THERMAL_BURN_IN,T01_1009,PROC-ISRO-IISU-01,ATE-STATION-01,CHAMBER-01,1.0,125.0,3.3,168,IDDQ,ELECTRICAL,uA,2.2249,1700.118,1700.2496,1700.3396,1697.8931,-0.0334,-0.0448,36.31,35.29,2.2249,1700.118,1700.2496,1700.3396,1697.8931,75.0,False,NOMINAL,HEALTHY,22.48,-30.3
MIX_LOT01_COMP1010,LOT_01,MIXED_SIGNAL_IC,CQFP-64,MIX-SIH-2026,THERMAL_BURN_IN,T01_1010,PROC-ISRO-IISU-01,ATE-STATION-01,CHAMBER-01,1.0,125.0,3.3,168,IDDQ,ELECTRICAL,uA,2.2177,1698.7857,1698.8883,1699.0026,1696.568,0.0109,-0.0367,34.32,33.7,2.2177,1698.7857,1698.8883,1699.0026,1696.568,75.0,False,NOMINAL,HEALTHY,-3.86,-12.37
MIX_LOT01_COMP1011,LOT_01,MIXED_SIGNAL_IC,CQFP-64,MIX-SIH-2026,THERMAL_BURN_IN,T01_1011,PROC-ISRO-IISU-01,ATE-STATION-01,CHAMBER-01,1.0,125.0,3.3,168,IDDQ,ELECTRICAL,uA,2.1861,1697.3504,1697.5029,1697.5361,1695.1643,0.0056,0.0801,35.81,36.69,2.1861,1697.3504,1697.5029,1697.5361,1695.1643,75.0,False,NOMINAL,HEALTHY,-37.96,-2.9
MIX_LOT01_COMP1012,LOT_01,MIXED_SIGNAL_IC,CQFP-64,MIX-SIH-2026,THERMAL_BURN_IN,T01_1012,PROC-ISRO-IISU-01,ATE-STATION-01,CHAMBER-01,1.0,125.0,3.3,168,IDDQ,ELECTRICAL,uA,2.2023,1712.2333,1712.3397,1712.4033,1710.031,-0.0099,0.0725,36.3,36.23,2.2023,1712.2333,1712.3397,1712.4033,1710.031,75.0,False,NOMINAL,HEALTHY,-14.15,-26.61
MIX_LOT01_COMP1013,LOT_01,MIXED_SIGNAL_IC,CQFP-64,MIX-SIH-2026,THERMAL_BURN_IN,T01_1013,PROC-ISRO-IISU-01,ATE-STATION-01,CHAMBER-01,1.0,125.0,3.3,168,IDDQ,ELECTRICAL,uA,2.1048,1625.3714,1625.4539,1625.5648,1623.2666,-0.0089,-0.0515,32.69,31.61,2.1048,1625.3714,1625.4539,1625.5648,1623.2666,75.0,False,NOMINAL,HEALTHY,-27.33,-9.65
MIX_LOT01_COMP1014,LOT_01,MIXED_SIGNAL_IC,CQFP-64,MIX-SIH-2026,THERMAL_BURN_IN,T01_1014,PROC-ISRO-IISU-01,ATE-STATION-01,CHAMBER-01,1.0,125.0,3.3,168,IDDQ,ELECTRICAL,uA,2.5565,1955.9694,1956.1205,1956.1737,1953.4129,0.0084,0.0654,35.16,34.85,2.5565,1955.9694,1956.1205,1956.1737,1953.4129,75.0,False,NOMINAL,HEALTHY,43.95,-40.35
MIX_LOT01_COMP1015,LOT_01,MIXED_SIGNAL_IC,CQFP-64,MIX-SIH-2026,THERMAL_BURN_IN,T01_1015,PROC-ISRO-IISU-01,ATE-STATION-01,CHAMBER-01,1.0,125.0,3.3,168,IDDQ,ELECTRICAL,uA,2.3058,1768.934,1769.1194,1769.1744,1766.6282,0.0394,0.1196,34.9,35.11,2.3058,1768.934,1769.1194,1769.1744,1766.6282,75.0,False,NOMINAL,HEALTHY,47.32,-39.92
MIX_LOT01_COMP1016,LOT_01,MIXED_SIGNAL_IC,CQFP-64,MIX-SIH-2026,THERMAL_BURN_IN,T01_1016,PROC-ISRO-IISU-01,ATE-STATION-01,CHAMBER-01,1.0,125.0,3.3,168,IDDQ,ELECTRICAL,uA,2.3683,1813.3781,1813.5107,1813.6198,1811.0098,-0.0173,-0.09,34.2,34.73,2.3683,1813.3781,1813.5107,1813.6198,1811.0098,75.0,False,NOMINAL,HEALTHY,-23.11,-28.26
MIX_LOT01_COMP1017,LOT_01,MIXED_SIGNAL_IC,CQFP-64,MIX-SIH-2026,THERMAL_BURN_IN,T01_1017,PROC-ISRO-IISU-01,ATE-STATION-01,CHAMBER-01,1.0,125.0,3.3,168,IDDQ,ELECTRICAL,uA,2.3557,1821.7472,1821.9071,1821.9986,1819.3915,0.0193,0.1195,33.4,32.88,2.3557,1821.7472,1821.9071,1821.9986,1819.3915,75.0,False,NOMINAL,HEALTHY,-42.07,42.28
MIX_LOT01_COMP1018,LOT_01,MIXED_SIGNAL_IC,CQFP-64,MIX-SIH-2026,THERMAL_BURN_IN,T01_1018,PROC-ISRO-IISU-01,ATE-STATION-01,CHAMBER-01,1.0,125.0,3.3,168,IDDQ,ELECTRICAL,uA,1.9627,1507.5665,1507.6601,1507.753,1505.6038,-0.0021,-0.0372,33.99,33.62,1.9627,1507.5665,1507.6601,1507.753,1505.6038,75.0,False,NOMINAL,HEALTHY,33.34,-31.06
MIX_LOT01_COMP1019,LOT_01,MIXED_SIGNAL_IC,CQFP-64,MIX-SIH-2026,THERMAL_BURN_IN,T01_1019,PROC-ISRO-IISU-01,ATE-STATION-01,CHAMBER-01,1.0,125.0,3.3,168,IDDQ,ELECTRICAL,uA,1.5155,1180.653,1180.7655,1180.7988,1179.1375,-0.0479,-0.0941,35.57,35.61,1.5155,1180.653,1180.7655,1180.7988,1179.1375,75.0,False,NOMINAL,HEALTHY,-47.96,28.05
MIX_LOT01_COMP1020,LOT_01,MIXED_SIGNAL_IC,CQFP-64,MIX-SIH-2026,THERMAL_BURN_IN,T01_1020,PROC-ISRO-IISU-01,ATE-STATION-01,CHAMBER-01,1.0,125.0,3.3,168,IDDQ,ELECTRICAL,uA,2.4317,1843.3434,1843.4795,1843.5339,1840.9117,-0.0015,0.0158,33.99,34.03,2.4317,1843.3434,1843.4795,1843.5339,1840.9117,75.0,False,NOMINAL,HEALTHY,23.91,43.11
MIX_LOT01_COMP1021,LOT_01,MIXED_SIGNAL_IC,CQFP-64,MIX-SIH-2026,THERMAL_BURN_IN,T01_1021,PROC-ISRO-IISU-01,ATE-STATION-01,CHAMBER-01,1.0,125.0,3.3,168,IDDQ,ELECTRICAL,uA,2.3062,1766.0955,1766.2969,1766.2838,1763.7893,0.01,-0.0074,35.29,35.66,2.3062,1766.0955,1766.2969,1766.2838,1763.7893,75.0,False,NOMINAL,HEALTHY,-42.34,-18.54
MIX_LOT01_COMP1022,LOT_01,MIXED_SIGNAL_IC,CQFP-64,MIX-SIH-2026,THERMAL_BURN_IN,T01_1022,PROC-ISRO-IISU-01,ATE-STATION-01,CHAMBER-01,1.0,125.0,3.3,168,IDDQ,ELECTRICAL,uA,2.4223,1880.0015,1880.1258,1880.2191,1877.5792,0.0034,0.0069,33.86,33.35,2.4223,1880.0015,1880.1258,1880.2191,1877.5792,75.0,False,NOMINAL,HEALTHY,42.28,-46.09
MIX_LOT01_COMP1023,LOT_01,MIXED_SIGNAL_IC,CQFP-64,MIX-SIH-2026,THERMAL_BURN_IN,T01_1023,PROC-ISRO-IISU-01,ATE-STATION-01,CHAMBER-01,1.0,125.0,3.3,168,IDDQ,ELECTRICAL,uA,2.0835,1601.1856,1601.3103,1601.35,1599.1021,-0.0241,0.031,35.78,35.41,2.0835,1601.1856,1601.3103,1601.35,1599.1021,75.0,False,NOMINAL,HEALTHY,-49.61,44.6
MIX_LOT01_COMP1024,LOT_01,MIXED_SIGNAL_IC,CQFP-64,MIX-SIH-2026,THERMAL_BURN_IN,T01_1024,PROC-ISRO-IISU-01,ATE-STATION-01,CHAMBER-01,1.0,125.0,3.3,168,IDDQ,ELECTRICAL,uA,1.8132,1396.6563,1396.7464,1396.8387,1394.8431,0.0046,0.028,36.75,36.29,1.8132,1396.6563,1396.7464,1396.8387,1394.8431,75.0,False,NOMINAL,HEALTHY,22.56,45.97
MIX_LOT01_COMP1025,LOT_01,MIXED_SIGNAL_IC,CQFP-64,MIX-SIH-2026,THERMAL_BURN_IN,T01_1025,PROC-ISRO-IISU-01,ATE-STATION-01,CHAMBER-01,1.0,125.0,3.3,168,IDDQ,ELECTRICAL,uA,2.2628,1733.4457,1733.5974,1733.6624,1731.1829,-0.0212,-0.0025,33.49,33.19,2.2628,1733.4457,1733.5974,1733.6624,1731.1829,75.0,False,NOMINAL,HEALTHY,-29.14,-35.15
MIX_LOT01_COMP1026,LOT_01,MIXED_SIGNAL_IC,CQFP-64,MIX-SIH-2026,THERMAL_BURN_IN,T01_1026,PROC-ISRO-IISU-01,ATE-STATION-01,CHAMBER-01,1.0,125.0,3.3,168,IDDQ,ELECTRICAL,uA,1.8428,1402.0959,1402.2011,1402.3516,1400.2531,-0.0108,-0.0292,36.12,36.46,1.8428,1402.0959,1402.2011,1402.3516,1400.2531,75.0,False,NOMINAL,HEALTHY,-42.18,-36.96
MIX_LOT01_COMP1027,LOT_01,MIXED_SIGNAL_IC,CQFP-64,MIX-SIH-2026,THERMAL_BURN_IN,T01_1027,PROC-ISRO-IISU-01,ATE-STATION-01,CHAMBER-01,1.0,125.0,3.3,168,IDDQ,ELECTRICAL,uA,1.9486,1526.362,1526.4655,1526.5348,1524.4134,0.0435,0.0034,36.06,35.36,1.9486,1526.362,1526.4655,1526.5348,1524.4134,75.0,False,NOMINAL,HEALTHY,-9.18,-4.45
MIX_LOT01_COMP1028,LOT_01,MIXED_SIGNAL_IC,CQFP-64,MIX-SIH-2026,THERMAL_BURN_IN,T01_1028,PROC-ISRO-IISU-01,ATE-STATION-01,CHAMBER-01,1.0,125.0,3.3,168,IDDQ,ELECTRICAL,uA,1.7271,1331.697,1331.7667,1331.8686,1329.9699,0.0219,0.0506,35.23,35.67,1.7271,1331.697,1331.7667,1331.8686,1329.9699,75.0,False,NOMINAL,HEALTHY,-37.63,34.5
MIX_LOT01_COMP1029,LOT_01,MIXED_SIGNAL_IC,CQFP-64,MIX-SIH-2026,THERMAL_BURN_IN,T01_1029,PROC-ISRO-IISU-01,ATE-STATION-01,CHAMBER-01,1.0,125.0,3.3,168,IDDQ,ELECTRICAL,uA,1.6526,1274.4125,1274.5313,1274.6023,1272.7599,-0.0099,0.0804,34.16,34.22,1.6526,1274.4125,1274.5313,1274.6023,1272.7599,75.0,False,NOMINAL,HEALTHY,30.5,40.86
MIX_LOT01_COMP1030,LOT_01,MIXED_SIGNAL_IC,CQFP-64,MIX-SIH-2026,THERMAL_BURN_IN,T01_1030,PROC-ISRO-IISU-01,ATE-STATION-01,CHAMBER-01,1.0,125.0,3.3,168,IDDQ,ELECTRICAL,uA,2.2555,1742.512,1742.6493,1742.7276,1740.2565,0.0004,0.0396,37.72,38.16,2.2555,1742.512,1742.6493,1742.7276,1740.2565,75.0,False,NOMINAL,HEALTHY,43.62,1.54
MIX_LOT01_COMP1031,LOT_01,MIXED_SIGNAL_IC,CQFP-64,MIX-SIH-2026,THERMAL_BURN_IN,T01_1031,PROC-ISRO-IISU-01,ATE-STATION-01,CHAMBER-01,1.0,125.0,3.3,168,IDDQ,ELECTRICAL,uA,1.6446,1273.1593,1273.2719,1273.2754,1271.5147,-0.0107,-0.0182,36.06,36.73,1.6446,1273.1593,1273.2719,1273.2754,1271.5147,75.0,False,NOMINAL,HEALTHY,-48.39,33.98
MIX_LOT01_COMP1032,LOT_01,MIXED_SIGNAL_IC,CQFP-64,MIX-SIH-2026,THERMAL_BURN_IN,T01_1032,PROC-ISRO-IISU-01,ATE-STATION-01,CHAMBER-01,1.0,125.0,3.3,168,IDDQ,ELECTRICAL,uA,2.021,1568.6859,1568.8134,1568.9135,1566.6649,-0.0104,-0.0263,34.75,34.68,2.021,1568.6859,1568.8134,1568.9135,1566.6649,75.0,False,NOMINAL,HEALTHY,-37.33,-25.02
MIX_LOT01_COMP1033,LOT_01,MIXED_SIGNAL_IC,CQFP-64,MIX-SIH-2026,THERMAL_BURN_IN,T01_1033,PROC-ISRO-IISU-01,ATE-STATION-01,CHAMBER-01,1.0,125.0,3.3,168,IDDQ,ELECTRICAL,uA,1.5014,1161.0283,1161.1246,1161.1592,1159.5269,-0.0037,-0.0264,33.31,33.57,1.5014,1161.0283,1161.1246,1161.1592,1159.5269,75.0,False,NOMINAL,HEALTHY,35.54,42.9
MIX_LOT01_COMP1034,LOT_01,MIXED_SIGNAL_IC,CQFP-64,MIX-SIH-2026,THERMAL_BURN_IN,T01_1034,PROC-ISRO-IISU-01,ATE-STATION-01,CHAMBER-01,1.0,125.0,3.3,168,IDDQ,ELECTRICAL,uA,2.7291,2091.6263,2091.7559,2091.8698,2088.8972,-0.0007,-0.029,35.62,35.0,2.7291,2091.6263,2091.7559,2091.8698,2088.8972,75.0,False,NOMINAL,HEALTHY,-48.16,49.25
MIX_LOT01_COMP1035,LOT_01,MIXED_SIGNAL_IC,CQFP-64,MIX-SIH-2026,THERMAL_BURN_IN,T01_1035,PROC-ISRO-IISU-01,ATE-STATION-01,CHAMBER-01,1.0,125.0,3.3,168,IDDQ,ELECTRICAL,uA,2.277,1738.4573,1738.601,1738.6227,1736.1803,-0.0125,-0.0266,36.28,35.92,2.277,1738.4573,1738.601,1738.6227,1736.1803,75.0,False,NOMINAL,HEALTHY,38.78,45.25
MIX_LOT01_COMP1036,LOT_01,MIXED_SIGNAL_IC,CQFP-64,MIX-SIH-2026,THERMAL_BURN_IN,T01_1036,PROC-ISRO-IISU-01,ATE-STATION-01,CHAMBER-01,1.0,125.0,3.3,168,IDDQ,ELECTRICAL,uA,2.0589,1600.4491,1600.5382,1600.6893,1598.3902,0.0205,0.0727,34.1,33.19,2.0589,1600.4491,1600.5382,1600.6893,1598.3902,75.0,False,NOMINAL,HEALTHY,34.61,-36.73
MIX_LOT01_COMP1037,LOT_01,MIXED_SIGNAL_IC,CQFP-64,MIX-SIH-2026,THERMAL_BURN_IN,T01_1037,PROC-ISRO-IISU-01,ATE-STATION-01,CHAMBER-01,1.0,125.0,3.3,168,IDDQ,ELECTRICAL,uA,2.4625,1890.2224,1890.3852,1890.4069,1887.7599,-0.0188,-0.0499,33.65,32.8,2.4625,1890.2224,1890.3852,1890.4069,1887.7599,75.0,False,NOMINAL,HEALTHY,-46.07,-1.74
MIX_LOT01_COMP1038,LOT_01,MIXED_SIGNAL_IC,CQFP-64,MIX-SIH-2026,THERMAL_BURN_IN,T01_1038,PROC-ISRO-IISU-01,ATE-STATION-01,CHAMBER-01,1.0,125.0,3.3,168,IDDQ,ELECTRICAL,uA,2.2452,1736.7333,1736.8878,1736.9744,1734.4881,-0.0137,0.0823,34.59,34.14,2.2452,1736.7333,1736.8878,1736.9744,1734.4881,75.0,False,NOMINAL,HEALTHY,-35.24,-21.09
MIX_LOT01_COMP1039,LOT_01,MIXED_SIGNAL_IC,CQFP-64,MIX-SIH-2026,THERMAL_BURN_IN,T01_1039,PROC-ISRO-IISU-01,ATE-STATION-01,CHAMBER-01,1.0,125.0,3.3,168,IDDQ,ELECTRICAL,uA,1.6244,1251.854,1251.9583,1252.0296,1250.2296,-0.053,-0.0229,34.78,34.88,1.6244,1251.854,1251.9583,1252.0296,1250.2296,75.0,False,NOMINAL,HEALTHY,28.17,-26.33
MIX_LOT01_COMP1040,LOT_01,MIXED_SIGNAL_IC,CQFP-64,MIX-SIH-2026,THERMAL_BURN_IN,T01_1040,PROC-ISRO-IISU-01,ATE-STATION-01,CHAMBER-01,1.0,125.0,3.3,168,IDDQ,ELECTRICAL,uA,2.2601,1739.5379,1739.6973,1739.811,1737.2778,0.023,0.0341,36.47,36.31,2.2601,1739.5379,1739.6973,1739.811,1737.2778,75.0,False,NOMINAL,HEALTHY,-8.2,8.81
MIX_LOT01_COMP1041,LOT_01,MIXED_SIGNAL_IC,CQFP-64,MIX-SIH-2026,THERMAL_BURN_IN,T01_1041,PROC-ISRO-IISU-01,ATE-STATION-01,CHAMBER-01,1.0,125.0,3.3,168,IDDQ,ELECTRICAL,uA,2.1673,1667.9176,1668.0092,1668.1246,1665.7503,0.0145,0.0127,33.31,33.12,2.1673,1667.9176,1668.0092,1668.1246,1665.7503,75.0,False,NOMINAL,HEALTHY,-40.45,9.15
MIX_LOT01_COMP1042,LOT_01,MIXED_SIGNAL_IC,CQFP-64,MIX-SIH-2026,THERMAL_BURN_IN,T01_1042,PROC-ISRO-IISU-01,ATE-STATION-01,CHAMBER-01,1.0,125.0,3.3,168,IDDQ,ELECTRICAL,uA,2.4798,1917.7047,1917.8778,1917.9395,1915.2249,-0.0106,-0.0433,33.44,33.43,2.4798,1917.7047,1917.8778,1917.9395,1915.2249,75.0,False,NOMINAL,HEALTHY,-35.69,-11.59
MIX_LOT01_COMP1043,LOT_01,MIXED_SIGNAL_IC,CQFP-64,MIX-SIH-2026,THERMAL_BURN_IN,T01_1043,PROC-ISRO-IISU-01,ATE-STATION-01,CHAMBER-01,1.0,125.0,3.3,168,IDDQ,ELECTRICAL,uA,1.7731,1361.7979,1361.8932,1361.9812,1360.0248,0.0186,0.0092,35.95,35.95,1.7731,1361.7979,1361.8932,1361.9812,1360.0248,75.0,False,NOMINAL,HEALTHY,45.95,20.97
MIX_LOT01_COMP1044,LOT_01,MIXED_SIGNAL_IC,CQFP-64,MIX-SIH-2026,THERMAL_BURN_IN,T01_1044,PROC-ISRO-IISU-01,ATE-STATION-01,CHAMBER-01,1.0,125.0,3.3,168,IDDQ,ELECTRICAL,uA,1.6295,1254.633,1254.7139,1254.8074,1253.0035,0.0002,0.0312,35.01,34.84,1.6295,1254.633,1254.7139,1254.8074,1253.0035,75.0,False,NOMINAL,HEALTHY,34.25,-36.06
MIX_LOT01_COMP1045,LOT_01,MIXED_SIGNAL_IC,CQFP-64,MIX-SIH-2026,THERMAL_BURN_IN,T01_1045,PROC-ISRO-IISU-01,ATE-STATION-01,CHAMBER-01,1.0,125.0,3.3,168,IDDQ,ELECTRICAL,uA,2.2972,1786.1431,1786.2881,1786.2857,1783.8459,0.0153,0.0242,35.04,34.9,2.2972,1786.1431,1786.2881,1786.2857,1783.8459,75.0,False,NOMINAL,HEALTHY,-36.96,29.24
MIX_LOT01_COMP1046,LOT_01,MIXED_SIGNAL_IC,CQFP-64,MIX-SIH-2026,THERMAL_BURN_IN,T01_1046,PROC-ISRO-IISU-01,ATE-STATION-01,CHAMBER-01,1.0,125.0,3.3,168,IDDQ,ELECTRICAL,uA,2.0259,1558.7876,1558.9672,1558.9932,1556.7617,0.0049,0.0172,36.55,36.91,2.0259,1558.7876,1558.9672,1558.9932,1556.7617,75.0,False,NOMINAL,HEALTHY,47.37,-18.86
MIX_LOT01_COMP1047,LOT_01,MIXED_SIGNAL_IC,CQFP-64,MIX-SIH-2026,THERMAL_BURN_IN,T01_1047,PROC-ISRO-IISU-01,ATE-STATION-01,CHAMBER-01,1.0,125.0,3.3,168,IDDQ,ELECTRICAL,uA,2.1112,1622.5146,1622.6406,1622.6423,1620.4034,-0.0069,-0.0421,35.62,35.36,2.1112,1622.5146,1622.6406,1622.6423,1620.4034,75.0,False,NOMINAL,HEALTHY,-28.97,-32.19
MIX_LOT01_COMP1048,LOT_01,MIXED_SIGNAL_IC,CQFP-64,MIX-SIH-2026,THERMAL_BURN_IN,T01_1048,PROC-ISRO-IISU-01,ATE-STATION-01,CHAMBER-01,1.0,125.0,3.3,168,IDDQ,ELECTRICAL,uA,1.8543,1424.4747,1424.6038,1424.6943,1422.6204,-0.0201,-0.0396,35.62,34.81,1.8543,1424.4747,1424.6038,1424.6943,1422.6204,75.0,False,NOMINAL,HEALTHY,-4.35,-13.73
MIX_LOT01_COMP1049,LOT_01,MIXED_SIGNAL_IC,CQFP-64,MIX-SIH-2026,THERMAL_BURN_IN,T01_1049,PROC-ISRO-IISU-01,ATE-STATION-01,CHAMBER-01,1.0,125.0,3.3,168,IDDQ,ELECTRICAL,uA,2.2896,1752.7893,1752.9307,1752.9745,1750.4997,0.007,-0.0222,35.5,34.9,2.2896,1752.7893,1752.9307,1752.9745,1750.4997,75.0,False,NOMINAL,HEALTHY,-26.23,-48.59
MIX_LOT01_COMP1050,LOT_01,MIXED_SIGNAL_IC,CQFP-64,MIX-SIH-2026,THERMAL_BURN_IN,T01_1050,PROC-ISRO-IISU-01,ATE-STATION-01,CHAMBER-01,1.0,125.0,3.3,168,IDDQ,ELECTRICAL,uA,2.057,1588.1951,1588.3471,1588.4619,1586.1381,0.0151,0.0186,35.11,34.83,2.057,1588.1951,1588.3471,1588.4619,1586.1381,75.0,False,NOMINAL,HEALTHY,-5.72,-0.9
MIX_LOT01_COMP1051,LOT_01,MIXED_SIGNAL_IC,CQFP-64,MIX-SIH-2026,THERMAL_BURN_IN,T01_1051,PROC-ISRO-IISU-01,ATE-STATION-01,CHAMBER-01,1.0,125.0,3.3,168,IDDQ,ELECTRICAL,uA,2.4189,1869.2524,1869.3536,1869.4829,1866.8335,-0.0075,0.0492,34.02,34.58,2.4189,1869.2524,1869.3536,1869.4829,1866.8335,75.0,False,NOMINAL,HEALTHY,-4.69,-1.12
MIX_LOT01_COMP1052,LOT_01,MIXED_SIGNAL_IC,CQFP-64,MIX-SIH-2026,THERMAL_BURN_IN,T01_1052,PROC-ISRO-IISU-01,ATE-STATION-01,CHAMBER-01,1.0,125.0,3.3,168,IDDQ,ELECTRICAL,uA,2.4092,1857.1478,1857.3142,1857.4478,1854.7386,0.0127,0.0118,36.18,35.66,2.4092,1857.1478,1857.3142,1857.4478,1854.7386,75.0,False,NOMINAL,HEALTHY,22.97,6.13
MIX_LOT01_COMP1053,LOT_01,MIXED_SIGNAL_IC,CQFP-64,MIX-SIH-2026,THERMAL_BURN_IN,T01_1053,PROC-ISRO-IISU-01,ATE-STATION-01,CHAMBER-01,1.0,125.0,3.3,168,IDDQ,ELECTRICAL,uA,1.9033,1453.2403,1453.3196,1453.3611,1451.337,-0.0095,-0.076,35.14,34.55,1.9033,1453.2403,1453.3196,1453.3611,1451.337,75.0,False,NOMINAL,HEALTHY,-15.56,6.73
MIX_LOT01_COMP1054,LOT_01,MIXED_SIGNAL_IC,CQFP-64,MIX-SIH-2026,THERMAL_BURN_IN,T01_1054,PROC-ISRO-IISU-01,ATE-STATION-01,CHAMBER-01,1.0,125.0,3.3,168,IDDQ,ELECTRICAL,uA,1.8502,1438.1509,1438.2569,1438.3433,1436.3007,-0.0072,-0.1126,34.32,34.02,1.8502,1438.1509,1438.2569,1438.3433,1436.3007,75.0,False,NOMINAL,HEALTHY,47.01,19.31
MIX_LOT01_COMP1055,LOT_01,MIXED_SIGNAL_IC,CQFP-64,MIX-SIH-2026,THERMAL_BURN_IN,T01_1055,PROC-ISRO-IISU-01,ATE-STATION-01,CHAMBER-01,1.0,125.0,3.3,168,IDDQ,ELECTRICAL,uA,1.9045,1465.8451,1465.9716,1465.9838,1463.9406,0.0,-0.0627,35.68,35.09,1.9045,1465.8451,1465.9716,1465.9838,1463.9406,75.0,False,NOMINAL,HEALTHY,18.06,-38.86
MIX_LOT01_COMP1056,LOT_01,MIXED_SIGNAL_IC,CQFP-64,MIX-SIH-2026,THERMAL_BURN_IN,T01_1056,PROC-ISRO-IISU-01,ATE-STATION-01,CHAMBER-01,1.0,125.0,3.3,168,IDDQ,ELECTRICAL,uA,2.0133,1552.2413,1552.3639,1552.353,1550.228,0.0022,-0.0037,34.5,33.38,2.0133,1552.2413,1552.3639,1552.353,1550.228,75.0,False,NOMINAL,HEALTHY,20.72,-17.88
MIX_LOT01_COMP1057,LOT_01,MIXED_SIGNAL_IC,CQFP-64,MIX-SIH-2026,THERMAL_BURN_IN,T01_1057,PROC-ISRO-IISU-01,ATE-STATION-01,CHAMBER-01,1.0,125.0,3.3,168,IDDQ,ELECTRICAL,uA,2.2915,1801.5914,1801.6982,1801.8477,1799.2999,-0.0369,-0.0025,35.85,36.07,2.2915,1801.5914,1801.6982,1801.8477,1799.2999,75.0,False,NOMINAL,HEALTHY,-15.76,-14.27
MIX_LOT01_COMP1058,LOT_01,MIXED_SIGNAL_IC,CQFP-64,MIX-SIH-2026,THERMAL_BURN_IN,T01_1058,PROC-ISRO-IISU-01,ATE-STATION-01,CHAMBER-01,1.0,125.0,3.3,168,IDDQ,ELECTRICAL,uA,1.6862,1312.1896,1312.3017,1312.4434,1310.5034,-0.003,-0.0437,34.91,35.28,1.6862,1312.1896,1312.3017,1312.4434,1310.5034,75.0,True,DIELECTRIC_OSCILLATION,HEALTHY,35.81,48.48
MIX_LOT01_COMP1059,LOT_01,MIXED_SIGNAL_IC,CQFP-64,MIX-SIH-2026,THERMAL_BURN_IN,T01_1059,PROC-ISRO-IISU-01,ATE-STATION-01,CHAMBER-01,1.0,125.0,3.3,168,IDDQ,ELECTRICAL,uA,2.0009,1549.3802,1549.4843,1549.5681,1547.3793,0.0102,0.0637,33.86,33.72,2.0009,1549.3802,1549.4843,1549.5681,1547.3793,75.0,False,NOMINAL,HEALTHY,-37.95,1.56
MIX_LOT01_COMP1060,LOT_01,MIXED_SIGNAL_IC,CQFP-64,MIX-SIH-2026,THERMAL_BURN_IN,T01_1060,PROC-ISRO-IISU-01,ATE-STATION-01,CHAMBER-01,1.0,125.0,3.3,168,IDDQ,ELECTRICAL,uA,2.3118,1785.6198,1785.7332,1785.8582,1783.308,-0.0169,-0.0676,35.53,35.47,2.3118,1785.6198,1785.7332,1785.8582,1783.308,75.0,False,NOMINAL,HEALTHY,-23.42,-17.49
MIX_LOT01_COMP1061,LOT_01,MIXED_SIGNAL_IC,CQFP-64,MIX-SIH-2026,THERMAL_BURN_IN,T01_1061,PROC-ISRO-IISU-01,ATE-STATION-01,CHAMBER-01,1.0,125.0,3.3,168,IDDQ,ELECTRICAL,uA,2.0119,1579.306,1579.4573,1579.5109,1577.2941,-0.0023,-0.0332,35.15,35.24,2.0119,1579.306,1579.4573,1579.5109,1577.2941,75.0,False,NOMINAL,HEALTHY,49.74,11.11
MIX_LOT01_COMP1062,LOT_01,MIXED_SIGNAL_IC,CQFP-64,MIX-SIH-2026,THERMAL_BURN_IN,T01_1062,PROC-ISRO-IISU-01,ATE-STATION-01,CHAMBER-01,1.0,125.0,3.3,168,IDDQ,ELECTRICAL,uA,2.4632,1880.8138,1880.9594,1881.05,1878.3506,-0.0126,-0.0152,35.05,34.93,2.4632,1880.8138,1880.9594,1881.05,1878.3506,75.0,False,NOMINAL,HEALTHY,26.99,-15.17
MIX_LOT01_COMP1063,LOT_01,MIXED_SIGNAL_IC,CQFP-64,MIX-SIH-2026,THERMAL_BURN_IN,T01_1063,PROC-ISRO-IISU-01,ATE-STATION-01,CHAMBER-01,1.0,125.0,3.3,168,IDDQ,ELECTRICAL,uA,2.339,1811.2861,1811.4617,1811.5186,1808.9471,0.0067,0.0067,31.39,30.89,2.339,1811.2861,1811.4617,1811.5186,1808.9471,75.0,False,NOMINAL,HEALTHY,34.02,-34.51
MIX_LOT01_COMP1064,LOT_01,MIXED_SIGNAL_IC,CQFP-64,MIX-SIH-2026,THERMAL_BURN_IN,T01_1064,PROC-ISRO-IISU-01,ATE-STATION-01,CHAMBER-01,1.0,125.0,3.3,168,IDDQ,ELECTRICAL,uA,2.3573,1813.339,1813.4625,1813.5852,1810.9817,0.0343,0.0853,36.39,36.33,2.3573,1813.339,1813.4625,1813.5852,1810.9817,75.0,False,NOMINAL,HEALTHY,-42.86,6.95
MIX_LOT01_COMP1065,LOT_01,MIXED_SIGNAL_IC,CQFP-64,MIX-SIH-2026,THERMAL_BURN_IN,T01_1065,PROC-ISRO-IISU-01,ATE-STATION-01,CHAMBER-01,1.0,125.0,3.3,168,IDDQ,ELECTRICAL,uA,2.7237,2118.6215,2118.772,2118.8835,2115.8978,0.0182,0.0256,35.53,34.95,2.7237,2118.6215,2118.772,2118.8835,2115.8978,75.0,False,NOMINAL,HEALTHY,-12.83,35.3
MIX_LOT01_COMP1066,LOT_01,MIXED_SIGNAL_IC,CQFP-64,MIX-SIH-2026,THERMAL_BURN_IN,T01_1066,PROC-ISRO-IISU-01,ATE-STATION-01,CHAMBER-01,1.0,125.0,3.3,168,IDDQ,ELECTRICAL,uA,2.0957,1628.6668,1628.8151,1628.8776,1626.5711,0.0012,-0.0324,36.28,36.57,2.0957,1628.6668,1628.8151,1628.8776,1626.5711,75.0,False,NOMINAL,HEALTHY,-18.38,-20.91
MIX_LOT01_COMP1067,LOT_01,MIXED_SIGNAL_IC,CQFP-64,MIX-SIH-2026,THERMAL_BURN_IN,T01_1067,PROC-ISRO-IISU-01,ATE-STATION-01,CHAMBER-01,1.0,125.0,3.3,168,IDDQ,ELECTRICAL,uA,2.0006,1560.7781,1560.9096,1560.9628,1558.7775,0.0086,-0.0193,35.9,36.63,2.0006,1560.7781,1560.9096,1560.9628,1558.7775,75.0,False,NOMINAL,HEALTHY,2.5,-26.89
MIX_LOT01_COMP1068,LOT_01,MIXED_SIGNAL_IC,CQFP-64,MIX-SIH-2026,THERMAL_BURN_IN,T01_1068,PROC-ISRO-IISU-01,ATE-STATION-01,CHAMBER-01,1.0,125.0,3.3,168,IDDQ,ELECTRICAL,uA,2.1681,1674.6761,1674.8157,1674.8881,1672.508,-0.0238,-0.0392,35.32,34.68,2.1681,1674.6761,1674.8157,1674.8881,1672.508,75.0,False,NOMINAL,HEALTHY,-7.48,-29.02
MIX_LOT01_COMP1069,LOT_01,MIXED_SIGNAL_IC,CQFP-64,MIX-SIH-2026,THERMAL_BURN_IN,T01_1069,PROC-ISRO-IISU-01,ATE-STATION-01,CHAMBER-01,1.0,125.0,3.3,168,IDDQ,ELECTRICAL,uA,2.0809,1614.9775,1615.0651,1615.1957,1612.8966,-0.023,0.0056,36.77,36.99,2.0809,1614.9775,1615.0651,1615.1957,1612.8966,75.0,False,NOMINAL,HEALTHY,17.46,-43.17
MIX_LOT01_COMP1070,LOT_01,MIXED_SIGNAL_IC,CQFP-64,MIX-SIH-2026,THERMAL_BURN_IN,T01_1070,PROC-ISRO-IISU-01,ATE-STATION-01,CHAMBER-01,1.0,125.0,3.3,168,IDDQ,ELECTRICAL,uA,1.9368,1498.0895,1498.1866,1498.2921,1496.1527,0.0103,-0.019,35.79,34.54,1.9368,1498.0895,1498.1866,1498.2921,1496.1527,75.0,False,NOMINAL,HEALTHY,17.27,-24.09
MIX_LOT01_COMP1071,LOT_01,MIXED_SIGNAL_IC,CQFP-64,MIX-SIH-2026,THERMAL_BURN_IN,T01_1071,PROC-ISRO-IISU-01,ATE-STATION-01,CHAMBER-01,1.0,125.0,3.3,168,IDDQ,ELECTRICAL,uA,2.3286,1781.3126,1781.4296,1781.5157,1778.984,0.0023,0.0221,33.05,32.01,2.3286,1781.3126,1781.4296,1781.5157,1778.984,75.0,False,NOMINAL,HEALTHY,-8.71,8.47
MIX_LOT01_COMP1072,LOT_01,MIXED_SIGNAL_IC,CQFP-64,MIX-SIH-2026,THERMAL_BURN_IN,T01_1072,PROC-ISRO-IISU-01,ATE-STATION-01,CHAMBER-01,1.0,125.0,3.3,168,IDDQ,ELECTRICAL,uA,2.1956,1708.994,1709.0945,1709.212,1706.7984,-0.0075,0.0259,34.37,34.46,2.1956,1708.994,1709.0945,1709.212,1706.7984,75.0,False,NOMINAL,HEALTHY,-30.58,-36.77
MIX_LOT01_COMP1073,LOT_01,MIXED_SIGNAL_IC,CQFP-64,MIX-SIH-2026,THERMAL_BURN_IN,T01_1073,PROC-ISRO-IISU-01,ATE-STATION-01,CHAMBER-01,1.0,125.0,3.3,168,IDDQ,ELECTRICAL,uA,1.9442,1505.0559,1505.1998,1505.1959,1503.1117,-0.0145,-0.0028,35.54,35.9,1.9442,1505.0559,1505.1998,1505.1959,1503.1117,75.0,False,NOMINAL,HEALTHY,7.2,-33.86
MIX_LOT01_COMP1074,LOT_01,MIXED_SIGNAL_IC,CQFP-64,MIX-SIH-2026,THERMAL_BURN_IN,T01_1074,PROC-ISRO-IISU-01,ATE-STATION-01,CHAMBER-01,1.0,125.0,3.3,168,IDDQ,ELECTRICAL,uA,2.2931,1792.2118,1792.3337,1792.3847,1789.9187,0.0129,-0.0722,35.38,35.33,2.2931,1792.2118,1792.3337,1792.3847,1789.9187,75.0,False,NOMINAL,HEALTHY,-15.61,-39.91
MIX_LOT01_COMP1075,LOT_01,MIXED_SIGNAL_IC,CQFP-64,MIX-SIH-2026,THERMAL_BURN_IN,T01_1075,PROC-ISRO-IISU-01,ATE-STATION-01,CHAMBER-01,1.0,125.0,3.3,168,IDDQ,ELECTRICAL,uA,2.2237,1715.0211,1715.1962,1715.2474,1712.7974,0.006,0.0581,35.75,35.38,2.2237,1715.0211,1715.1962,1715.2474,1712.7974,75.0,False,NOMINAL,HEALTHY,4.86,-40.1
MIX_LOT01_COMP1076,LOT_01,MIXED_SIGNAL_IC,CQFP-64,MIX-SIH-2026,THERMAL_BURN_IN,T01_1076,PROC-ISRO-IISU-01,ATE-STATION-01,CHAMBER-01,1.0,125.0,3.3,168,IDDQ,ELECTRICAL,uA,2.041,1583.7983,1583.8994,1584.0478,1581.7573,0.0081,-0.0202,37.15,37.12,2.041,1583.7983,1583.8994,1584.0478,1581.7573,75.0,False,NOMINAL,HEALTHY,3.25,2.13
MIX_LOT01_COMP1077,LOT_01,MIXED_SIGNAL_IC,CQFP-64,MIX-SIH-2026,THERMAL_BURN_IN,T01_1077,PROC-ISRO-IISU-01,ATE-STATION-01,CHAMBER-01,1.0,125.0,3.3,168,IDDQ,ELECTRICAL,uA,2.4642,1894.8477,1895.0338,1895.1345,1892.3835,-0.0032,-0.0681,33.87,34.06,2.4642,1894.8477,1895.0338,1895.1345,1892.3835,75.0,False,NOMINAL,HEALTHY,11.09,-31.12
MIX_LOT01_COMP1078,LOT_01,MIXED_SIGNAL_IC,CQFP-64,MIX-SIH-2026,THERMAL_BURN_IN,T01_1078,PROC-ISRO-IISU-01,ATE-STATION-01,CHAMBER-01,1.0,125.0,3.3,168,IDDQ,ELECTRICAL,uA,1.9972,1536.8852,1536.9955,1537.1011,1534.888,0.0036,-0.0437,37.11,36.85,1.9972,1536.8852,1536.9955,1537.1011,1534.888,75.0,False,NOMINAL,HEALTHY,41.19,36.39
MIX_LOT01_COMP1079,LOT_01,MIXED_SIGNAL_IC,CQFP-64,MIX-SIH-2026,THERMAL_BURN_IN,T01_1079,PROC-ISRO-IISU-01,ATE-STATION-01,CHAMBER-01,1.0,125.0,3.3,168,IDDQ,ELECTRICAL,uA,2.0233,1551.3523,1551.4834,1551.6124,1549.329,0.0276,0.0801,34.36,33.44,2.0233,1551.3523,1551.4834,1551.6124,1549.329,75.0,False,NOMINAL,HEALTHY,-37.59,43.91
MIX_LOT01_COMP1080,LOT_01,MIXED_SIGNAL_IC,CQFP-64,MIX-SIH-2026,THERMAL_BURN_IN,T01_1080,PROC-ISRO-IISU-01,ATE-STATION-01,CHAMBER-01,1.0,125.0,3.3,168,IDDQ,ELECTRICAL,uA,2.5239,1944.6977,1944.8581,1944.9721,1942.1738,0.0291,0.0543,37.18,36.14,2.5239,1944.6977,1944.8581,1944.9721,1942.1738,75.0,False,NOMINAL,HEALTHY,-16.48,30.98
MIX_LOT01_COMP1081,LOT_01,MIXED_SIGNAL_IC,CQFP-64,MIX-SIH-2026,THERMAL_BURN_IN,T01_1081,PROC-ISRO-IISU-01,ATE-STATION-01,CHAMBER-01,1.0,125.0,3.3,168,IDDQ,ELECTRICAL,uA,2.047,1579.3082,1579.485,1579.5283,1577.2612,-0.0154,-0.0521,36.15,36.29,2.047,1579.3082,1579.485,1579.5283,1577.2612,75.0,False,NOMINAL,HEALTHY,-1.77,15.58
MIX_LOT01_COMP1082,LOT_01,MIXED_SIGNAL_IC,CQFP-64,MIX-SIH-2026,THERMAL_BURN_IN,T01_1082,PROC-ISRO-IISU-01,ATE-STATION-01,CHAMBER-01,1.0,125.0,3.3,168,IDDQ,ELECTRICAL,uA,2.089,1598.3821,1606.953,1756.9143,1596.2931,0.0404,-0.0996,36.26,36.83,2.089,1598.3821,1606.953,1756.9143,1596.2931,75.0,True,THERMAL_RUNAWAY,HEALTHY,21.37,35.9
MIX_LOT01_COMP1083,LOT_01,MIXED_SIGNAL_IC,CQFP-64,MIX-SIH-2026,THERMAL_BURN_IN,T01_1083,PROC-ISRO-IISU-01,ATE-STATION-01,CHAMBER-01,1.0,125.0,3.3,168,IDDQ,ELECTRICAL,uA,1.6063,1251.1092,1251.2166,1251.1849,1249.5029,-0.0215,-0.0072,33.34,33.02,1.6063,1251.1092,1251.2166,1251.1849,1249.5029,75.0,False,NOMINAL,HEALTHY,12.97,-35.27
MIX_LOT01_COMP1084,LOT_01,MIXED_SIGNAL_IC,CQFP-64,MIX-SIH-2026,THERMAL_BURN_IN,T01_1084,PROC-ISRO-IISU-01,ATE-STATION-01,CHAMBER-01,1.0,125.0,3.3,168,IDDQ,ELECTRICAL,uA,1.8039,1403.9894,1404.1493,1404.1807,1402.1855,-0.0006,0.0102,34.49,34.58,1.8039,1403.9894,1404.1493,1404.1807,1402.1855,75.0,False,NOMINAL,HEALTHY,23.57,42.77
MIX_LOT01_COMP1085,LOT_01,MIXED_SIGNAL_IC,CQFP-64,MIX-SIH-2026,THERMAL_BURN_IN,T01_1085,PROC-ISRO-IISU-01,ATE-STATION-01,CHAMBER-01,1.0,125.0,3.3,168,IDDQ,ELECTRICAL,uA,2.2314,1728.1631,1728.2926,1728.4017,1725.9317,-0.0075,0.0068,35.81,35.31,2.2314,1728.1631,1728.2926,1728.4017,1725.9317,75.0,False,NOMINAL,HEALTHY,-19.29,4.12
MIX_LOT01_COMP1086,LOT_01,MIXED_SIGNAL_IC,CQFP-64,MIX-SIH-2026,THERMAL_BURN_IN,T01_1086,PROC-ISRO-IISU-01,ATE-STATION-01,CHAMBER-01,1.0,125.0,3.3,168,IDDQ,ELECTRICAL,uA,2.0915,1601.7317,1601.8365,1601.9079,1599.6402,-0.0405,-0.0534,34.45,34.13,2.0915,1601.7317,1601.8365,1601.9079,1599.6402,75.0,False,NOMINAL,HEALTHY,-43.82,-44.86
MIX_LOT01_COMP1087,LOT_01,MIXED_SIGNAL_IC,CQFP-64,MIX-SIH-2026,THERMAL_BURN_IN,T01_1087,PROC-ISRO-IISU-01,ATE-STATION-01,CHAMBER-01,1.0,125.0,3.3,168,IDDQ,ELECTRICAL,uA,2.0726,1625.4912,1625.5792,1625.7121,1623.4186,0.0387,0.1043,34.78,34.58,2.0726,1625.4912,1625.5792,1625.7121,1623.4186,75.0,False,NOMINAL,HEALTHY,9.55,-12.29
MIX_LOT01_COMP1088,LOT_01,MIXED_SIGNAL_IC,CQFP-64,MIX-SIH-2026,THERMAL_BURN_IN,T01_1088,PROC-ISRO-IISU-01,ATE-STATION-01,CHAMBER-01,1.0,125.0,3.3,168,IDDQ,ELECTRICAL,uA,2.594,2010.3357,2010.5164,2010.6184,2007.7417,-0.0058,0.028,33.84,33.31,2.594,2010.3357,2010.5164,2010.6184,2007.7417,75.0,False,NOMINAL,HEALTHY,28.18,-37.26
MIX_LOT01_COMP1089,LOT_01,MIXED_SIGNAL_IC,CQFP-64,MIX-SIH-2026,THERMAL_BURN_IN,T01_1089,PROC-ISRO-IISU-01,ATE-STATION-01,CHAMBER-01,1.0,125.0,3.3,168,IDDQ,ELECTRICAL,uA,2.0075,1567.6512,1567.7933,1567.8283,1565.6437,0.0047,-0.0566,34.95,34.25,2.0075,1567.6512,1567.7933,1567.8283,1565.6437,75.0,False,NOMINAL,HEALTHY,42.73,11.67
MIX_LOT01_COMP1090,LOT_01,MIXED_SIGNAL_IC,CQFP-64,MIX-SIH-2026,THERMAL_BURN_IN,T01_1090,PROC-ISRO-IISU-01,ATE-STATION-01,CHAMBER-01,1.0,125.0,3.3,168,IDDQ,ELECTRICAL,uA,2.0996,1615.7922,1615.8661,1615.9601,1613.6926,0.0099,0.0167,34.12,34.28,2.0996,1615.7922,1615.8661,1615.9601,1613.6926,75.0,False,NOMINAL,HEALTHY,37.49,17.8
MIX_LOT01_COMP1091,LOT_01,MIXED_SIGNAL_IC,CQFP-64,MIX-SIH-2026,THERMAL_BURN_IN,T01_1091,PROC-ISRO-IISU-01,ATE-STATION-01,CHAMBER-01,1.0,125.0,3.3,168,IDDQ,ELECTRICAL,uA,2.0055,1557.0459,1557.1398,1557.2312,1555.0404,0.0187,0.0342,34.96,35.2,2.0055,1557.0459,1557.1398,1557.2312,1555.0404,75.0,False,NOMINAL,HEALTHY,41.3,29.11
MIX_LOT01_COMP1092,LOT_01,MIXED_SIGNAL_IC,CQFP-64,MIX-SIH-2026,THERMAL_BURN_IN,T01_1092,PROC-ISRO-IISU-01,ATE-STATION-01,CHAMBER-01,1.0,125.0,3.3,168,IDDQ,ELECTRICAL,uA,2.0071,1551.6403,1551.8015,1551.887,1549.6332,-0.031,-0.0327,34.72,34.9,2.0071,1551.6403,1551.8015,1551.887,1549.6332,75.0,False,NOMINAL,HEALTHY,18.14,-37.2
MIX_LOT01_COMP1093,LOT_01,MIXED_SIGNAL_IC,CQFP-64,MIX-SIH-2026,THERMAL_BURN_IN,T01_1093,PROC-ISRO-IISU-01,ATE-STATION-01,CHAMBER-01,1.0,125.0,3.3,168,IDDQ,ELECTRICAL,uA,2.4265,1865.8132,1865.9512,1866.0695,1863.3867,-0.0161,0.0727,34.81,34.73,2.4265,1865.8132,1865.9512,1866.0695,1863.3867,75.0,False,NOMINAL,HEALTHY,47.24,37.33
MIX_LOT01_COMP1094,LOT_01,MIXED_SIGNAL_IC,CQFP-64,MIX-SIH-2026,THERMAL_BURN_IN,T01_1094,PROC-ISRO-IISU-01,ATE-STATION-01,CHAMBER-01,1.0,125.0,3.3,168,IDDQ,ELECTRICAL,uA,2.125,1649.1901,1649.3186,1649.3477,1647.0651,0.0247,0.0408,36.14,35.18,2.125,1649.1901,1649.3186,1649.3477,1647.0651,75.0,False,NOMINAL,HEALTHY,-37.39,47.7
MIX_LOT01_COMP1095,LOT_01,MIXED_SIGNAL_IC,CQFP-64,MIX-SIH-2026,THERMAL_BURN_IN,T01_1095,PROC-ISRO-IISU-01,ATE-STATION-01,CHAMBER-01,1.0,125.0,3.3,168,IDDQ,ELECTRICAL,uA,2.0947,1617.3033,1617.3714,1617.432,1615.2086,-0.0049,0.0155,34.67,35.55,2.0947,1617.3033,1617.3714,1617.432,1615.2086,75.0,False,NOMINAL,HEALTHY,26.24,39.74
MIX_LOT01_COMP1096,LOT_01,MIXED_SIGNAL_IC,CQFP-64,MIX-SIH-2026,THERMAL_BURN_IN,T01_1096,PROC-ISRO-IISU-01,ATE-STATION-01,CHAMBER-01,1.0,125.0,3.3,168,IDDQ,ELECTRICAL,uA,2.1163,1629.2935,1629.4233,1629.407,1627.1772,0.0074,0.0573,35.28,35.04,2.1163,1629.2935,1629.4233,1629.407,1627.1772,75.0,False,NOMINAL,HEALTHY,16.68,46.89
MIX_LOT01_COMP1097,LOT_01,MIXED_SIGNAL_IC,CQFP-64,MIX-SIH-2026,THERMAL_BURN_IN,T01_1097,PROC-ISRO-IISU-01,ATE-STATION-01,CHAMBER-01,1.0,125.0,3.3,168,IDDQ,ELECTRICAL,uA,1.6333,1248.8447,1248.9264,1249.0045,1247.2114,-0.0152,-0.0155,36.56,37.27,1.6333,1248.8447,1248.9264,1249.0045,1247.2114,75.0,False,NOMINAL,HEALTHY,7.72,-16.61
MIX_LOT01_COMP1098,LOT_01,MIXED_SIGNAL_IC,CQFP-64,MIX-SIH-2026,THERMAL_BURN_IN,T01_1098,PROC-ISRO-IISU-01,ATE-STATION-01,CHAMBER-01,1.0,125.0,3.3,168,IDDQ,ELECTRICAL,uA,1.8901,1466.5005,1466.6143,1466.6763,1464.6104,-0.0154,-0.0516,34.43,33.79,1.8901,1466.5005,1466.6143,1466.6763,1464.6104,75.0,False,NOMINAL,HEALTHY,16.04,36.49
MIX_LOT01_COMP1099,LOT_01,MIXED_SIGNAL_IC,CQFP-64,MIX-SIH-2026,THERMAL_BURN_IN,T01_1099,PROC-ISRO-IISU-01,ATE-STATION-01,CHAMBER-01,1.0,125.0,3.3,168,IDDQ,ELECTRICAL,uA,1.9052,1468.8693,1469.0059,1469.068,1466.9641,-0.0311,-0.0109,34.18,34.34,1.9052,1468.8693,1469.0059,1469.068,1466.9641,75.0,False,NOMINAL,HEALTHY,-49.96,40.66
MIX_LOT01_COMP1100,LOT_01,MIXED_SIGNAL_IC,CQFP-64,MIX-SIH-2026,THERMAL_BURN_IN,T01_1100,PROC-ISRO-IISU-01,ATE-STATION-01,CHAMBER-01,1.0,125.0,3.3,168,IDDQ,ELECTRICAL,uA,2.2294,1720.6858,1720.8124,1720.8553,1718.4564,0.0011,0.0528,36.7,37.53,2.2294,1720.6858,1720.8124,1720.8553,1718.4564,75.0,False,NOMINAL,HEALTHY,-1.6,-30.33
MIX_LOT01_COMP1101,LOT_01,MIXED_SIGNAL_IC,CQFP-64,MIX-SIH-2026,THERMAL_BURN_IN,T01_1101,PROC-ISRO-IISU-01,ATE-STATION-01,CHAMBER-01,1.0,125.0,3.3,168,IDDQ,ELECTRICAL,uA,2.2213,1704.0853,1704.2292,1704.2801,1701.864,-0.0396,0.0475,34.37,34.51,2.2213,1704.0853,1704.2292,1704.2801,1701.864,75.0,False,NOMINAL,HEALTHY,-9.93,23.28
MIX_LOT01_COMP1102,LOT_01,MIXED_SIGNAL_IC,CQFP-64,MIX-SIH-2026,THERMAL_BURN_IN,T01_1102,PROC-ISRO-IISU-01,ATE-STATION-01,CHAMBER-01,1.0,125.0,3.3,168,IDDQ,ELECTRICAL,uA,1.9571,1524.2299,1524.3345,1524.4218,1522.2728,0.0357,-0.05,33.02,33.38,1.9571,1524.2299,1524.3345,1524.4218,1522.2728,75.0,False,NOMINAL,HEALTHY,6.96,36.49
MIX_LOT01_COMP1103,LOT_01,MIXED_SIGNAL_IC,CQFP-64,MIX-SIH-2026,THERMAL_BURN_IN,T01_1103,PROC-ISRO-IISU-01,ATE-STATION-01,CHAMBER-01,1.0,125.0,3.3,168,IDDQ,ELECTRICAL,uA,2.4306,1855.1049,1855.2411,1855.3902,1852.6743,-0.0032,0.072,32.85,32.49,2.4306,1855.1049,1855.2411,1855.3902,1852.6743,75.0,False,NOMINAL,HEALTHY,-43.51,3.19
MIX_LOT01_COMP1104,LOT_01,MIXED_SIGNAL_IC,CQFP-64,MIX-SIH-2026,THERMAL_BURN_IN,T01_1104,PROC-ISRO-IISU-01,ATE-STATION-01,CHAMBER-01,1.0,125.0,3.3,168,IDDQ,ELECTRICAL,uA,2.39,1832.6642,1832.821,1832.8601,1830.2742,-0.0076,-0.0032,33.31,33.74,2.39,1832.6642,1832.821,1832.8601,1830.2742,75.0,False,NOMINAL,HEALTHY,-5.13,-36.6
MIX_LOT01_COMP1105,LOT_01,MIXED_SIGNAL_IC,CQFP-64,MIX-SIH-2026,THERMAL_BURN_IN,T01_1105,PROC-ISRO-IISU-01,ATE-STATION-01,CHAMBER-01,1.0,125.0,3.3,168,IDDQ,ELECTRICAL,uA,1.7698,1373.8728,1373.9876,1374.0131,1372.103,0.0102,0.1421,36.2,36.78,1.7698,1373.8728,1373.9876,1374.0131,1372.103,75.0,False,NOMINAL,HEALTHY,-37.02,-2.0
MIX_LOT01_COMP1106,LOT_01,MIXED_SIGNAL_IC,CQFP-64,MIX-SIH-2026,THERMAL_BURN_IN,T01_1106,PROC-ISRO-IISU-01,ATE-STATION-01,CHAMBER-01,1.0,125.0,3.3,168,IDDQ,ELECTRICAL,uA,2.4551,1914.6852,1914.8504,1914.879,1912.2301,0.0011,-0.1385,35.09,36.26,2.4551,1914.6852,1914.8504,1914.879,1912.2301,75.0,False,NOMINAL,HEALTHY,-40.02,-10.92
MIX_LOT01_COMP1107,LOT_01,MIXED_SIGNAL_IC,CQFP-64,MIX-SIH-2026,THERMAL_BURN_IN,T01_1107,PROC-ISRO-IISU-01,ATE-STATION-01,CHAMBER-01,1.0,125.0,3.3,168,IDDQ,ELECTRICAL,uA,1.4987,1158.7194,1158.8018,1158.8213,1157.2207,-0.0107,-0.01,32.57,33.1,1.4987,1158.7194,1158.8018,1158.8213,1157.2207,75.0,False,NOMINAL,HEALTHY,15.35,13.62
MIX_LOT01_COMP1108,LOT_01,MIXED_SIGNAL_IC,CQFP-64,MIX-SIH-2026,THERMAL_BURN_IN,T01_1108,PROC-ISRO-IISU-01,ATE-STATION-01,CHAMBER-01,1.0,125.0,3.3,168,IDDQ,ELECTRICAL,uA,1.8462,1438.8704,1438.9752,1439.0302,1437.0242,-0.0235,-0.0311,33.74,32.92,1.8462,1438.8704,1438.9752,1439.0302,1437.0242,75.0,False,NOMINAL,HEALTHY,20.93,39.48
MIX_LOT01_COMP1109,LOT_01,MIXED_SIGNAL_IC,CQFP-64,MIX-SIH-2026,THERMAL_BURN_IN,T01_1109,PROC-ISRO-IISU-01,ATE-STATION-01,CHAMBER-01,1.0,125.0,3.3,168,IDDQ,ELECTRICAL,uA,2.1655,1661.6311,1661.707,1661.8142,1659.4656,-0.0309,0.0139,35.57,36.16,2.1655,1661.6311,1661.707,1661.8142,1659.4656,75.0,False,NOMINAL,HEALTHY,49.84,-27.88
MIX_LOT01_COMP1110,LOT_01,MIXED_SIGNAL_IC,CQFP-64,MIX-SIH-2026,THERMAL_BURN_IN,T01_1110,PROC-ISRO-IISU-01,ATE-STATION-01,CHAMBER-01,1.0,125.0,3.3,168,IDDQ,ELECTRICAL,uA,1.6934,1327.2563,1327.3273,1327.3919,1325.5629,0.0016,0.0218,36.0,36.49,1.6934,1327.2563,1327.3273,1327.3919,1325.5629,75.0,False,NOMINAL,HEALTHY,21.52,34.08
MIX_LOT01_COMP1111,LOT_01,MIXED_SIGNAL_IC,CQFP-64,MIX-SIH-2026,THERMAL_BURN_IN,T01_1111,PROC-ISRO-IISU-01,ATE-STATION-01,CHAMBER-01,1.0,125.0,3.3,168,IDDQ,ELECTRICAL,uA,2.0633,1583.2991,1583.3959,1583.5174,1581.2358,-0.0288,-0.0428,33.42,33.83,2.0633,1583.2991,1583.3959,1583.5174,1581.2358,75.0,False,NOMINAL,HEALTHY,-0.24,-9.1
MIX_LOT01_COMP1112,LOT_01,MIXED_SIGNAL_IC,CQFP-64,MIX-SIH-2026,THERMAL_BURN_IN,T01_1112,PROC-ISRO-IISU-01,ATE-STATION-01,CHAMBER-01,1.0,125.0,3.3,168,IDDQ,ELECTRICAL,uA,9.3277,7165.4446,7165.8795,7166.0288,7156.1169,0.0004,0.1098,33.96,34.3,9.3277,7165.4446,7165.8795,7166.0288,7156.1169,75.0,True,SPATIAL_OUTLIER,HEALTHY,2.6,-43.46
MIX_LOT01_COMP1113,LOT_01,MIXED_SIGNAL_IC,CQFP-64,MIX-SIH-2026,THERMAL_BURN_IN,T01_1113,PROC-ISRO-IISU-01,ATE-STATION-01,CHAMBER-01,1.0,125.0,3.3,168,IDDQ,ELECTRICAL,uA,1.9128,1495.1259,1495.2387,1495.3629,1493.2131,0.0066,0.0641,35.93,36.34,1.9128,1495.1259,1495.2387,1495.3629,1493.2131,75.0,False,NOMINAL,HEALTHY,-18.77,16.98
MIX_LOT01_COMP1114,LOT_01,MIXED_SIGNAL_IC,CQFP-64,MIX-SIH-2026,THERMAL_BURN_IN,T01_1114,PROC-ISRO-IISU-01,ATE-STATION-01,CHAMBER-01,1.0,125.0,3.3,168,IDDQ,ELECTRICAL,uA,1.7582,1353.4866,1353.6045,1353.6576,1351.7284,-0.0094,-0.0045,34.41,34.99,1.7582,1353.4866,1353.6045,1353.6576,1351.7284,75.0,False,NOMINAL,HEALTHY,8.77,-13.12
MIX_LOT01_COMP1115,LOT_01,MIXED_SIGNAL_IC,CQFP-64,MIX-SIH-2026,THERMAL_BURN_IN,T01_1115,PROC-ISRO-IISU-01,ATE-STATION-01,CHAMBER-01,1.0,125.0,3.3,168,IDDQ,ELECTRICAL,uA,2.3572,1823.7163,1823.8321,1823.9266,1821.3591,-0.0122,-0.068,34.25,34.54,2.3572,1823.7163,1823.8321,1823.9266,1821.3591,75.0,False,NOMINAL,HEALTHY,-36.1,43.65
MIX_LOT01_COMP1116,LOT_01,MIXED_SIGNAL_IC,CQFP-64,MIX-SIH-2026,THERMAL_BURN_IN,T01_1116,PROC-ISRO-IISU-01,ATE-STATION-01,CHAMBER-01,1.0,125.0,3.3,168,IDDQ,ELECTRICAL,uA,1.8217,1396.6661,1396.7832,1396.8864,1394.8444,0.0146,0.0729,34.83,33.99,1.8217,1396.6661,1396.7832,1396.8864,1394.8444,75.0,False,NOMINAL,HEALTHY,-0.7,-28.44
MIX_LOT01_COMP1117,LOT_01,MIXED_SIGNAL_IC,CQFP-64,MIX-SIH-2026,THERMAL_BURN_IN,T01_1117,PROC-ISRO-IISU-01,ATE-STATION-01,CHAMBER-01,1.0,125.0,3.3,168,IDDQ,ELECTRICAL,uA,2.1483,1666.4318,1666.5493,1666.643,1664.2835,0.0051,0.0437,34.79,35.76,2.1483,1666.4318,1666.5493,1666.643,1664.2835,75.0,False,NOMINAL,HEALTHY,28.69,-17.01
MIX_LOT01_COMP1118,LOT_01,MIXED_SIGNAL_IC,CQFP-64,MIX-SIH-2026,THERMAL_BURN_IN,T01_1118,PROC-ISRO-IISU-01,ATE-STATION-01,CHAMBER-01,1.0,125.0,3.3,168,IDDQ,ELECTRICAL,uA,1.8306,1429.3914,1429.4859,1429.5607,1427.5608,0.0309,0.12,35.19,35.8,1.8306,1429.3914,1429.4859,1429.5607,1427.5608,75.0,False,NOMINAL,HEALTHY,39.86,8.79
MIX_LOT01_COMP1119,LOT_01,MIXED_SIGNAL_IC,CQFP-64,MIX-SIH-2026,THERMAL_BURN_IN,T01_1119,PROC-ISRO-IISU-01,ATE-STATION-01,CHAMBER-01,1.0,125.0,3.3,168,IDDQ,ELECTRICAL,uA,2.3895,1836.9699,1837.1247,1837.1848,1834.5804,0.0245,0.1254,33.02,32.44,2.3895,1836.9699,1837.1247,1837.1848,1834.5804,75.0,False,NOMINAL,HEALTHY,5.19,-6.71
MIX_LOT01_COMP1120,LOT_01,MIXED_SIGNAL_IC,CQFP-64,MIX-SIH-2026,THERMAL_BURN_IN,T01_1120,PROC-ISRO-IISU-01,ATE-STATION-01,CHAMBER-01,1.0,125.0,3.3,168,IDDQ,ELECTRICAL,uA,2.2631,1727.8304,1727.9744,1728.0462,1725.5673,0.0097,0.0126,34.29,35.16,2.2631,1727.8304,1727.9744,1728.0462,1725.5673,75.0,False,NOMINAL,HEALTHY,-36.79,11.17
MIX_LOT01_COMP1121,LOT_01,MIXED_SIGNAL_IC,CQFP-64,MIX-SIH-2026,THERMAL_BURN_IN,T01_1121,PROC-ISRO-IISU-01,ATE-STATION-01,CHAMBER-01,1.0,125.0,3.3,168,IDDQ,ELECTRICAL,uA,1.7618,1353.5773,1353.669,1353.6659,1351.8155,-0.0113,0.0343,34.51,34.27,1.7618,1353.5773,1353.669,1353.6659,1351.8155,75.0,False,NOMINAL,HEALTHY,1.05,-32.27
MIX_LOT01_COMP1122,LOT_01,MIXED_SIGNAL_IC,CQFP-64,MIX-SIH-2026,THERMAL_BURN_IN,T01_1122,PROC-ISRO-IISU-01,ATE-STATION-01,CHAMBER-01,1.0,125.0,3.3,168,IDDQ,ELECTRICAL,uA,2.0468,1568.3647,1568.5124,1568.559,1566.3179,0.0006,0.0683,34.06,34.96,2.0468,1568.3647,1568.5124,1568.559,1566.3179,75.0,False,NOMINAL,HEALTHY,15.03,25.72
MIX_LOT01_COMP1123,LOT_01,MIXED_SIGNAL_IC,CQFP-64,MIX-SIH-2026,THERMAL_BURN_IN,T01_1123,PROC-ISRO-IISU-01,ATE-STATION-01,CHAMBER-01,1.0,125.0,3.3,168,IDDQ,ELECTRICAL,uA,1.8368,1443.3543,1443.4894,1443.4846,1441.5175,-0.0341,-0.0465,34.82,34.22,1.8368,1443.3543,1443.4894,1443.4846,1441.5175,75.0,False,NOMINAL,HEALTHY,14.37,-47.55
MIX_LOT01_COMP1124,LOT_01,MIXED_SIGNAL_IC,CQFP-64,MIX-SIH-2026,THERMAL_BURN_IN,T01_1124,PROC-ISRO-IISU-01,ATE-STATION-01,CHAMBER-01,1.0,125.0,3.3,168,IDDQ,ELECTRICAL,uA,1.9457,1518.9921,1519.1466,1519.2227,1517.0464,-0.0097,-0.0253,35.9,36.03,1.9457,1518.9921,1519.1466,1519.2227,1517.0464,75.0,False,NOMINAL,HEALTHY,49.89,20.03
MIX_LOT01_COMP1125,LOT_01,MIXED_SIGNAL_IC,CQFP-64,MIX-SIH-2026,THERMAL_BURN_IN,T01_1125,PROC-ISRO-IISU-01,ATE-STATION-01,CHAMBER-01,1.0,125.0,3.3,168,IDDQ,ELECTRICAL,uA,2.4282,1860.7453,1860.8711,1861.0136,1858.3171,-0.0144,-0.0545,34.03,34.07,2.4282,1860.7453,1860.8711,1861.0136,1858.3171,75.0,False,NOMINAL,HEALTHY,-46.58,34.9
MIX_LOT01_COMP1126,LOT_01,MIXED_SIGNAL_IC,CQFP-64,MIX-SIH-2026,THERMAL_BURN_IN,T01_1126,PROC-ISRO-IISU-01,ATE-STATION-01,CHAMBER-01,1.0,125.0,3.3,168,IDDQ,ELECTRICAL,uA,1.9439,1488.3906,1488.5153,1488.5933,1486.4467,-0.0002,-0.0423,37.31,37.82,1.9439,1488.3906,1488.5153,1488.5933,1486.4467,75.0,False,NOMINAL,HEALTHY,-45.32,8.96
MIX_LOT01_COMP1127,LOT_01,MIXED_SIGNAL_IC,CQFP-64,MIX-SIH-2026,THERMAL_BURN_IN,T01_1127,PROC-ISRO-IISU-01,ATE-STATION-01,CHAMBER-01,1.0,125.0,3.3,168,IDDQ,ELECTRICAL,uA,2.1069,1620.19,1620.3013,1620.4336,1618.0831,0.0027,0.0529,35.4,36.11,2.1069,1620.19,1620.3013,1620.4336,1618.0831,75.0,False,NOMINAL,HEALTHY,10.8,-47.64
MIX_LOT01_COMP1128,LOT_01,MIXED_SIGNAL_IC,CQFP-64,MIX-SIH-2026,THERMAL_BURN_IN,T01_1128,PROC-ISRO-IISU-01,ATE-STATION-01,CHAMBER-01,1.0,125.0,3.3,168,IDDQ,ELECTRICAL,uA,2.0208,1568.7216,1568.8552,1568.9278,1566.7008,-0.0184,-0.002,34.47,34.01,2.0208,1568.7216,1568.8552,1568.9278,1566.7008,75.0,False,NOMINAL,HEALTHY,21.73,20.76
MIX_LOT01_COMP1129,LOT_01,MIXED_SIGNAL_IC,CQFP-64,MIX-SIH-2026,THERMAL_BURN_IN,T01_1129,PROC-ISRO-IISU-01,ATE-STATION-01,CHAMBER-01,1.0,125.0,3.3,168,IDDQ,ELECTRICAL,uA,2.1273,1629.0208,1629.0976,1629.1877,1626.8935,-0.0074,0.0374,34.45,34.93,2.1273,1629.0208,1629.0976,1629.1877,1626.8935,75.0,False,NOMINAL,HEALTHY,-23.08,-33.16
MIX_LOT01_COMP1130,LOT_01,MIXED_SIGNAL_IC,CQFP-64,MIX-SIH-2026,THERMAL_BURN_IN,T01_1130,PROC-ISRO-IISU-01,ATE-STATION-01,CHAMBER-01,1.0,125.0,3.3,168,IDDQ,ELECTRICAL,uA,2.3347,1800.6353,1809.2617,1959.2099,1798.3006,-0.0268,-0.1191,33.74,33.68,2.3347,1800.6353,1809.2617,1959.2099,1798.3006,75.0,True,THERMAL_RUNAWAY,HEALTHY,-11.4,-42.89
MIX_LOT01_COMP1131,LOT_01,MIXED_SIGNAL_IC,CQFP-64,MIX-SIH-2026,THERMAL_BURN_IN,T01_1131,PROC-ISRO-IISU-01,ATE-STATION-01,CHAMBER-01,1.0,125.0,3.3,168,IDDQ,ELECTRICAL,uA,1.9689,1502.1819,1502.3664,1502.418,1500.213,-0.0043,0.0616,34.43,34.32,1.9689,1502.1819,1502.3664,1502.418,1500.213,75.0,False,NOMINAL,HEALTHY,-6.11,27.7
MIX_LOT01_COMP1132,LOT_01,MIXED_SIGNAL_IC,CQFP-64,MIX-SIH-2026,THERMAL_BURN_IN,T01_1132,PROC-ISRO-IISU-01,ATE-STATION-01,CHAMBER-01,1.0,125.0,3.3,168,IDDQ,ELECTRICAL,uA,1.646,1258.0376,1258.1157,1258.2464,1256.3916,-0.0038,-0.0152,33.71,34.33,1.646,1258.0376,1258.1157,1258.2464,1256.3916,75.0,False,NOMINAL,HEALTHY,-40.64,-34.8
MIX_LOT01_COMP1133,LOT_01,MIXED_SIGNAL_IC,CQFP-64,MIX-SIH-2026,THERMAL_BURN_IN,T01_1133,PROC-ISRO-IISU-01,ATE-STATION-01,CHAMBER-01,1.0,125.0,3.3,168,IDDQ,ELECTRICAL,uA,2.3328,1773.479,1773.6068,1773.6681,1771.1462,0.0132,-0.0632,37.23,36.78,2.3328,1773.479,1773.6068,1773.6681,1771.1462,75.0,False,NOMINAL,HEALTHY,22.59,-29.28
MIX_LOT01_COMP1134,LOT_01,MIXED_SIGNAL_IC,CQFP-64,MIX-SIH-2026,THERMAL_BURN_IN,T01_1134,PROC-ISRO-IISU-01,ATE-STATION-01,CHAMBER-01,1.0,125.0,3.3,168,IDDQ,ELECTRICAL,uA,2.3427,1800.2388,1800.3454,1800.4869,1797.8961,0.0107,0.026,35.84,34.69,2.3427,1800.2388,1800.3454,1800.4869,1797.8961,75.0,False,NOMINAL,HEALTHY,-35.11,-4.11
MIX_LOT01_COMP1135,LOT_01,MIXED_SIGNAL_IC,CQFP-64,MIX-SIH-2026,THERMAL_BURN_IN,T01_1135,PROC-ISRO-IISU-01,ATE-STATION-01,CHAMBER-01,1.0,125.0,3.3,168,IDDQ,ELECTRICAL,uA,2.0756,1596.185,1596.2974,1596.3757,1594.1094,-0.0058,-0.0903,33.27,33.23,2.0756,1596.185,1596.2974,1596.3757,1594.1094,75.0,False,NOMINAL,HEALTHY,-28.18,16.81
MIX_LOT01_COMP1136,LOT_01,MIXED_SIGNAL_IC,CQFP-64,MIX-SIH-2026,THERMAL_BURN_IN,T01_1136,PROC-ISRO-IISU-01,ATE-STATION-01,CHAMBER-01,1.0,125.0,3.3,168,IDDQ,ELECTRICAL,uA,2.2898,1772.6972,1772.8361,1772.9116,1770.4074,0.0025,-0.079,35.43,36.54,2.2898,1772.6972,1772.8361,1772.9116,1770.4074,75.0,False,NOMINAL,HEALTHY,-13.96,-1.98
MIX_LOT01_COMP1137,LOT_01,MIXED_SIGNAL_IC,CQFP-64,MIX-SIH-2026,THERMAL_BURN_IN,T01_1137,PROC-ISRO-IISU-01,ATE-STATION-01,CHAMBER-01,1.0,125.0,3.3,168,IDDQ,ELECTRICAL,uA,2.4004,1857.4542,1857.614,1857.6249,1855.0538,0.0303,0.0496,36.01,36.16,2.4004,1857.4542,1857.614,1857.6249,1855.0538,75.0,False,NOMINAL,HEALTHY,17.55,-36.56
MIX_LOT01_COMP1138,LOT_01,MIXED_SIGNAL_IC,CQFP-64,MIX-SIH-2026,THERMAL_BURN_IN,T01_1138,PROC-ISRO-IISU-01,ATE-STATION-01,CHAMBER-01,1.0,125.0,3.3,168,IDDQ,ELECTRICAL,uA,1.9073,1457.3774,1457.5365,1457.6537,1455.4701,-0.0056,-0.0242,36.7,35.99,1.9073,1457.3774,1457.5365,1457.6537,1455.4701,75.0,False,NOMINAL,HEALTHY,-45.82,9.38
MIX_LOT01_COMP1139,LOT_01,MIXED_SIGNAL_IC,CQFP-64,MIX-SIH-2026,THERMAL_BURN_IN,T01_1139,PROC-ISRO-IISU-01,ATE-STATION-01,CHAMBER-01,1.0,125.0,3.3,168,IDDQ,ELECTRICAL,uA,2.4678,1889.9018,1890.0539,1890.1869,1887.434,-0.0174,-0.049,34.59,34.43,2.4678,1889.9018,1890.0539,1890.1869,1887.434,75.0,False,NOMINAL,HEALTHY,4.72,-45.11
MIX_LOT01_COMP1140,LOT_01,MIXED_SIGNAL_IC,CQFP-64,MIX-SIH-2026,THERMAL_BURN_IN,T01_1140,PROC-ISRO-IISU-01,ATE-STATION-01,CHAMBER-01,1.0,125.0,3.3,168,IDDQ,ELECTRICAL,uA,1.8226,1391.089,1391.217,1391.2766,1389.2664,-0.0033,0.0241,35.48,35.34,1.8226,1391.089,1391.217,1391.2766,1389.2664,75.0,False,NOMINAL,HEALTHY,43.14,22.73
MIX_LOT01_COMP1141,LOT_01,MIXED_SIGNAL_IC,CQFP-64,MIX-SIH-2026,THERMAL_BURN_IN,T01_1141,PROC-ISRO-IISU-01,ATE-STATION-01,CHAMBER-01,1.0,125.0,3.3,168,IDDQ,ELECTRICAL,uA,2.3045,1771.1404,1771.2316,1771.3735,1768.8359,-0.0084,0.0188,35.52,35.9,2.3045,1771.1404,1771.2316,1771.3735,1768.8359,75.0,False,NOMINAL,HEALTHY,-25.49,7.29
MIX_LOT01_COMP1142,LOT_01,MIXED_SIGNAL_IC,CQFP-64,MIX-SIH-2026,THERMAL_BURN_IN,T01_1142,PROC-ISRO-IISU-01,ATE-STATION-01,CHAMBER-01,1.0,125.0,3.3,168,IDDQ,ELECTRICAL,uA,2.4359,1888.2175,1888.3626,1888.4665,1885.7816,0.0144,0.0417,33.0,32.36,2.4359,1888.2175,1888.3626,1888.4665,1885.7816,75.0,False,NOMINAL,HEALTHY,-26.75,35.65
MIX_LOT01_COMP1143,LOT_01,MIXED_SIGNAL_IC,CQFP-64,MIX-SIH-2026,THERMAL_BURN_IN,T01_1143,PROC-ISRO-IISU-01,ATE-STATION-01,CHAMBER-01,1.0,125.0,3.3,168,IDDQ,ELECTRICAL,uA,1.7985,1394.726,1394.8361,1394.8814,1392.9275,0.0285,0.0103,33.26,32.4,1.7985,1394.726,1394.8361,1394.8814,1392.9275,75.0,False,NOMINAL,HEALTHY,-27.12,10.5
MIX_LOT01_COMP1144,LOT_01,MIXED_SIGNAL_IC,CQFP-64,MIX-SIH-2026,THERMAL_BURN_IN,T01_1144,PROC-ISRO-IISU-01,ATE-STATION-01,CHAMBER-01,1.0,125.0,3.3,168,IDDQ,ELECTRICAL,uA,1.8169,1413.4973,1413.6017,1413.6047,1411.6804,0.0172,-0.0276,36.35,36.81,1.8169,1413.4973,1413.6017,1413.6047,1411.6804,75.0,False,NOMINAL,HEALTHY,-9.67,4.0
MIX_LOT01_COMP1145,LOT_01,MIXED_SIGNAL_IC,CQFP-64,MIX-SIH-2026,THERMAL_BURN_IN,T01_1145,PROC-ISRO-IISU-01,ATE-STATION-01,CHAMBER-01,1.0,125.0,3.3,168,IDDQ,ELECTRICAL,uA,2.1332,1636.4961,1636.6358,1636.6896,1634.3629,-0.0379,-0.2083,36.52,36.4,2.1332,1636.4961,1636.6358,1636.6896,1634.3629,75.0,False,NOMINAL,HEALTHY,19.39,35.28
MIX_LOT01_COMP1146,LOT_01,MIXED_SIGNAL_IC,CQFP-64,MIX-SIH-2026,THERMAL_BURN_IN,T01_1146,PROC-ISRO-IISU-01,ATE-STATION-01,CHAMBER-01,1.0,125.0,3.3,168,IDDQ,ELECTRICAL,uA,2.4803,1908.9563,1909.0481,1909.0984,1906.476,0.0139,0.0258,34.39,33.58,2.4803,1908.9563,1909.0481,1909.0984,1906.476,75.0,False,NOMINAL,HEALTHY,-0.92,-32.42
MIX_LOT01_COMP1147,LOT_01,MIXED_SIGNAL_IC,CQFP-64,MIX-SIH-2026,THERMAL_BURN_IN,T01_1147,PROC-ISRO-IISU-01,ATE-STATION-01,CHAMBER-01,1.0,125.0,3.3,168,IDDQ,ELECTRICAL,uA,1.9902,1528.6855,1528.7805,1528.8265,1526.6953,0.0031,0.0516,34.72,35.14,1.9902,1528.6855,1528.7805,1528.8265,1526.6953,75.0,False,NOMINAL,HEALTHY,-38.62,16.08
MIX_LOT01_COMP1148,LOT_01,MIXED_SIGNAL_IC,CQFP-64,MIX-SIH-2026,THERMAL_BURN_IN,T01_1148,PROC-ISRO-IISU-01,ATE-STATION-01,CHAMBER-01,1.0,125.0,3.3,168,IDDQ,ELECTRICAL,uA,2.2227,1721.3114,1721.4039,1721.4262,1719.0887,-0.008,0.0699,34.69,34.7,2.2227,1721.3114,1721.4039,1721.4262,1719.0887,75.0,False,NOMINAL,HEALTHY,-47.36,-21.65
MIX_LOT01_COMP1149,LOT_01,MIXED_SIGNAL_IC,CQFP-64,MIX-SIH-2026,THERMAL_BURN_IN,T01_1149,PROC-ISRO-IISU-01,ATE-STATION-01,CHAMBER-01,1.0,125.0,3.3,168,IDDQ,ELECTRICAL,uA,2.3756,1828.5277,1828.6281,1828.7425,1826.1521,-0.0128,-0.0335,35.86,35.56,2.3756,1828.5277,1828.6281,1828.7425,1826.1521,75.0,False,NOMINAL,HEALTHY,-16.13,27.62
MIX_LOT01_COMP1150,LOT_01,MIXED_SIGNAL_IC,CQFP-64,MIX-SIH-2026,THERMAL_BURN_IN,T01_1150,PROC-ISRO-IISU-01,ATE-STATION-01,CHAMBER-01,1.0,125.0,3.3,168,IDDQ,ELECTRICAL,uA,2.3616,1816.7327,1816.8299,1816.9516,1814.3711,0.0055,-0.1069,35.99,36.59,2.3616,1816.7327,1816.8299,1816.9516,1814.3711,75.0,False,NOMINAL,HEALTHY,-34.74,-6.72
MIX_LOT01_COMP1151,LOT_01,MIXED_SIGNAL_IC,CQFP-64,MIX-SIH-2026,THERMAL_BURN_IN,T01_1151,PROC-ISRO-IISU-01,ATE-STATION-01,CHAMBER-01,1.0,125.0,3.3,168,IDDQ,ELECTRICAL,uA,2.4255,1867.6725,1867.7512,1867.8599,1865.247,-0.0073,0.0266,35.08,35.3,2.4255,1867.6725,1867.7512,1867.8599,1865.247,75.0,False,NOMINAL,HEALTHY,-22.13,39.56
MIX_LOT01_COMP1152,LOT_01,MIXED_SIGNAL_IC,CQFP-64,MIX-SIH-2026,THERMAL_BURN_IN,T01_1152,PROC-ISRO-IISU-01,ATE-STATION-01,CHAMBER-01,1.0,125.0,3.3,168,IDDQ,ELECTRICAL,uA,2.3197,1772.7008,1772.8464,1772.9386,1770.3811,0.0023,-0.0332,35.34,34.96,2.3197,1772.7008,1772.8464,1772.9386,1770.3811,75.0,False,NOMINAL,HEALTHY,-1.8,43.95
MIX_LOT01_COMP1153,LOT_01,MIXED_SIGNAL_IC,CQFP-64,MIX-SIH-2026,THERMAL_BURN_IN,T01_1153,PROC-ISRO-IISU-01,ATE-STATION-01,CHAMBER-01,1.0,125.0,3.3,168,IDDQ,ELECTRICAL,uA,2.3398,1800.8779,1801.0369,1801.1134,1798.5381,-0.0266,-0.0285,33.87,33.83,2.3398,1800.8779,1801.0369,1801.1134,1798.5381,75.0,False,NOMINAL,HEALTHY,-45.18,46.39
MIX_LOT01_COMP1154,LOT_01,MIXED_SIGNAL_IC,CQFP-64,MIX-SIH-2026,THERMAL_BURN_IN,T01_1154,PROC-ISRO-IISU-01,ATE-STATION-01,CHAMBER-01,1.0,125.0,3.3,168,IDDQ,ELECTRICAL,uA,2.4867,1921.2652,1921.4719,1921.5542,1918.7785,-0.0361,-0.0679,35.49,35.87,2.4867,1921.2652,1921.4719,1921.5542,1918.7785,75.0,False,NOMINAL,HEALTHY,11.74,-31.8
MIX_LOT01_COMP1155,LOT_01,MIXED_SIGNAL_IC,CQFP-64,MIX-SIH-2026,THERMAL_BURN_IN,T01_1155,PROC-ISRO-IISU-01,ATE-STATION-01,CHAMBER-01,1.0,125.0,3.3,168,IDDQ,ELECTRICAL,uA,2.0081,1546.6495,1546.7712,1546.8623,1544.6414,0.0173,-0.0123,36.94,38.12,2.0081,1546.6495,1546.7712,1546.8623,1544.6414,75.0,False,NOMINAL,HEALTHY,-22.47,-21.75
MIX_LOT01_COMP1156,LOT_01,MIXED_SIGNAL_IC,CQFP-64,MIX-SIH-2026,THERMAL_BURN_IN,T01_1156,PROC-ISRO-IISU-01,ATE-STATION-01,CHAMBER-01,1.0,125.0,3.3,168,IDDQ,ELECTRICAL,uA,2.1365,1656.9113,1657.0949,1657.2065,1654.7748,-0.0193,-0.005,34.57,34.41,2.1365,1656.9113,1657.0949,1657.2065,1654.7748,75.0,False,NOMINAL,HEALTHY,-13.83,-12.87
MIX_LOT01_COMP1157,LOT_01,MIXED_SIGNAL_IC,CQFP-64,MIX-SIH-2026,THERMAL_BURN_IN,T01_1157,PROC-ISRO-IISU-01,ATE-STATION-01,CHAMBER-01,1.0,125.0,3.3,168,IDDQ,ELECTRICAL,uA,2.0861,1607.8758,1607.9717,1608.0312,1605.7897,-0.0068,0.022,34.18,34.45,2.0861,1607.8758,1607.9717,1608.0312,1605.7897,75.0,False,NOMINAL,HEALTHY,15.62,43.71
MIX_LOT01_COMP1158,LOT_01,MIXED_SIGNAL_IC,CQFP-64,MIX-SIH-2026,THERMAL_BURN_IN,T01_1158,PROC-ISRO-IISU-01,ATE-STATION-01,CHAMBER-01,1.0,125.0,3.3,168,IDDQ,ELECTRICAL,uA,1.9949,1526.5023,1526.6438,1526.7127,1524.5074,-0.019,-0.0752,32.62,32.6,1.9949,1526.5023,1526.6438,1526.7127,1524.5074,75.0,False,NOMINAL,HEALTHY,13.55,-11.63
MIX_LOT01_COMP1159,LOT_01,MIXED_SIGNAL_IC,CQFP-64,MIX-SIH-2026,THERMAL_BURN_IN,T01_1159,PROC-ISRO-IISU-01,ATE-STATION-01,CHAMBER-01,1.0,125.0,3.3,168,IDDQ,ELECTRICAL,uA,2.1519,1644.1974,1644.3261,1644.4218,1642.0455,0.0385,0.0408,34.87,34.79,2.1519,1644.1974,1644.3261,1644.4218,1642.0455,75.0,False,NOMINAL,HEALTHY,43.87,-7.61
MIX_LOT01_COMP1160,LOT_01,MIXED_SIGNAL_IC,CQFP-64,MIX-SIH-2026,THERMAL_BURN_IN,T01_1160,PROC-ISRO-IISU-01,ATE-STATION-01,CHAMBER-01,1.0,125.0,3.3,168,IDDQ,ELECTRICAL,uA,1.894,1473.6812,1473.7712,1473.8833,1471.7872,0.0166,-0.0047,34.95,35.04,1.894,1473.6812,1473.7712,1473.8833,1471.7872,75.0,False,NOMINAL,HEALTHY,-24.6,7.89
MIX_LOT01_COMP1161,LOT_01,MIXED_SIGNAL_IC,CQFP-64,MIX-SIH-2026,THERMAL_BURN_IN,T01_1161,PROC-ISRO-IISU-01,ATE-STATION-01,CHAMBER-01,1.0,125.0,3.3,168,IDDQ,ELECTRICAL,uA,2.1555,1661.8054,1661.9322,1661.976,1659.6499,-0.0062,-0.089,31.57,30.68,2.1555,1661.8054,1661.9322,1661.976,1659.6499,75.0,False,NOMINAL,HEALTHY,16.92,24.74
MIX_LOT01_COMP1162,LOT_01,MIXED_SIGNAL_IC,CQFP-64,MIX-SIH-2026,THERMAL_BURN_IN,T01_1162,PROC-ISRO-IISU-01,ATE-STATION-01,CHAMBER-01,1.0,125.0,3.3,168,IDDQ,ELECTRICAL,uA,2.4337,1884.5195,1884.703,1884.7437,1882.0858,0.0016,0.0044,34.67,35.11,2.4337,1884.5195,1884.703,1884.7437,1882.0858,75.0,False,NOMINAL,HEALTHY,-8.08,38.39
MIX_LOT01_COMP1163,LOT_01,MIXED_SIGNAL_IC,CQFP-64,MIX-SIH-2026,THERMAL_BURN_IN,T01_1163,PROC-ISRO-IISU-01,ATE-STATION-01,CHAMBER-01,1.0,125.0,3.3,168,IDDQ,ELECTRICAL,uA,2.2787,1754.2062,1754.3852,1754.4693,1751.9275,-0.0432,-0.0962,35.45,35.89,2.2787,1754.2062,1754.3852,1754.4693,1751.9275,75.0,False,NOMINAL,HEALTHY,-14.58,5.02
MIX_LOT01_COMP1164,LOT_01,MIXED_SIGNAL_IC,CQFP-64,MIX-SIH-2026,THERMAL_BURN_IN,T01_1164,PROC-ISRO-IISU-01,ATE-STATION-01,CHAMBER-01,1.0,125.0,3.3,168,IDDQ,ELECTRICAL,uA,2.3796,1839.4569,1839.5747,1839.6514,1837.0773,0.0045,0.0251,34.76,34.56,2.3796,1839.4569,1839.5747,1839.6514,1837.0773,75.0,False,NOMINAL,HEALTHY,19.91,5.4
MIX_LOT01_COMP1165,LOT_01,MIXED_SIGNAL_IC,CQFP-64,MIX-SIH-2026,THERMAL_BURN_IN,T01_1165,PROC-ISRO-IISU-01,ATE-STATION-01,CHAMBER-01,1.0,125.0,3.3,168,IDDQ,ELECTRICAL,uA,2.0568,1569.9279,1570.0654,1570.1116,1567.8711,-0.03,-0.0452,33.46,33.55,2.0568,1569.9279,1570.0654,1570.1116,1567.8711,75.0,False,NOMINAL,HEALTHY,-46.43,-16.36
MIX_LOT01_COMP1166,LOT_01,MIXED_SIGNAL_IC,CQFP-64,MIX-SIH-2026,THERMAL_BURN_IN,T01_1166,PROC-ISRO-IISU-01,ATE-STATION-01,CHAMBER-01,1.0,125.0,3.3,168,IDDQ,ELECTRICAL,uA,2.2356,1737.2898,1737.4096,1737.51,1735.0542,-0.0246,0.0157,34.16,34.36,2.2356,1737.2898,1737.4096,1737.51,1735.0542,75.0,False,NOMINAL,HEALTHY,-0.64,23.87
MIX_LOT01_COMP1167,LOT_01,MIXED_SIGNAL_IC,CQFP-64,MIX-SIH-2026,THERMAL_BURN_IN,T01_1167,PROC-ISRO-IISU-01,ATE-STATION-01,CHAMBER-01,1.0,125.0,3.3,168,IDDQ,ELECTRICAL,uA,2.3482,1799.9422,1800.0606,1800.1507,1797.594,0.0188,-0.0368,35.21,34.74,2.3482,1799.9422,1800.0606,1800.1507,1797.594,75.0,False,NOMINAL,HEALTHY,-35.55,37.23
MIX_LOT01_COMP1168,LOT_01,MIXED_SIGNAL_IC,CQFP-64,MIX-SIH-2026,THERMAL_BURN_IN,T01_1168,PROC-ISRO-IISU-01,ATE-STATION-01,CHAMBER-01,1.0,125.0,3.3,168,IDDQ,ELECTRICAL,uA,2.3241,1780.0426,1780.1501,1780.2429,1777.7185,-0.0054,0.1046,34.54,34.18,2.3241,1780.0426,1780.1501,1780.2429,1777.7185,75.0,False,NOMINAL,HEALTHY,38.87,11.22
MIX_LOT01_COMP1169,LOT_01,MIXED_SIGNAL_IC,CQFP-64,MIX-SIH-2026,THERMAL_BURN_IN,T01_1169,PROC-ISRO-IISU-01,ATE-STATION-01,CHAMBER-01,1.0,125.0,3.3,168,IDDQ,ELECTRICAL,uA,2.1743,1664.9085,1665.0461,1665.1678,1662.7342,0.0103,0.0901,34.17,34.79,2.1743,1664.9085,1665.0461,1665.1678,1662.7342,75.0,False,NOMINAL,HEALTHY,8.91,28.87
MIX_LOT01_COMP1170,LOT_01,MIXED_SIGNAL_IC,CQFP-64,MIX-SIH-2026,THERMAL_BURN_IN,T01_1170,PROC-ISRO-IISU-01,ATE-STATION-01,CHAMBER-01,1.0,125.0,3.3,168,IDDQ,ELECTRICAL,uA,1.5067,1136.6515,1136.7662,1136.7232,1135.1448,-0.0183,0.0717,37.44,38.16,1.5067,1136.6515,1136.7662,1136.7232,1135.1448,75.0,False,NOMINAL,HEALTHY,2.23,6.27
MIX_LOT01_COMP1171,LOT_01,MIXED_SIGNAL_IC,CQFP-64,MIX-SIH-2026,THERMAL_BURN_IN,T01_1171,PROC-ISRO-IISU-01,ATE-STATION-01,CHAMBER-01,1.0,125.0,3.3,168,IDDQ,ELECTRICAL,uA,2.3634,1832.8926,1832.9648,1833.073,1830.5292,-0.0068,-0.0198,35.14,37.07,2.3634,1832.8926,1832.9648,1833.073,1830.5292,75.0,False,NOMINAL,HEALTHY,-20.16,3.89
MIX_LOT01_COMP1172,LOT_01,MIXED_SIGNAL_IC,CQFP-64,MIX-SIH-2026,THERMAL_BURN_IN,T01_1172,PROC-ISRO-IISU-01,ATE-STATION-01,CHAMBER-01,1.0,125.0,3.3,168,IDDQ,ELECTRICAL,uA,2.4999,1931.5553,1931.7876,1931.7901,1929.0554,0.0335,0.099,34.33,34.63,2.4999,1931.5553,1931.7876,1931.7901,1929.0554,75.0,False,NOMINAL,HEALTHY,0.71,-3.14
MIX_LOT01_COMP1173,LOT_01,MIXED_SIGNAL_IC,CQFP-64,MIX-SIH-2026,THERMAL_BURN_IN,T01_1173,PROC-ISRO-IISU-01,ATE-STATION-01,CHAMBER-01,1.0,125.0,3.3,168,IDDQ,ELECTRICAL,uA,2.1925,1687.4012,1687.5207,1687.6057,1685.2087,-0.0003,-0.0424,36.6,35.86,2.1925,1687.4012,1687.5207,1687.6057,1685.2087,75.0,False,NOMINAL,HEALTHY,24.2,-20.27
MIX_LOT01_COMP1174,LOT_01,MIXED_SIGNAL_IC,CQFP-64,MIX-SIH-2026,THERMAL_BURN_IN,T01_1174,PROC-ISRO-IISU-01,ATE-STATION-01,CHAMBER-01,1.0,125.0,3.3,168,IDDQ,ELECTRICAL,uA,2.6973,2074.6858,2074.8558,2074.8745,2071.9885,0.0116,0.0233,35.92,36.72,2.6973,2074.6858,2074.8558,2074.8745,2071.9885,75.0,False,NOMINAL,HEALTHY,29.52,-4.41
MIX_LOT01_COMP1175,LOT_01,MIXED_SIGNAL_IC,CQFP-64,MIX-SIH-2026,THERMAL_BURN_IN,T01_1175,PROC-ISRO-IISU-01,ATE-STATION-01,CHAMBER-01,1.0,125.0,3.3,168,IDDQ,ELECTRICAL,uA,1.8247,1392.9573,1393.076,1393.1293,1391.1326,-0.0378,0.0354,35.98,36.02,1.8247,1392.9573,1393.076,1393.1293,1391.1326,75.0,False,NOMINAL,HEALTHY,-44.01,-29.05
MIX_LOT01_COMP1176,LOT_01,MIXED_SIGNAL_IC,CQFP-64,MIX-SIH-2026,THERMAL_BURN_IN,T01_1176,PROC-ISRO-IISU-01,ATE-STATION-01,CHAMBER-01,1.0,125.0,3.3,168,IDDQ,ELECTRICAL,uA,2.2769,1772.2548,1772.3841,1772.4543,1769.9779,-0.0204,0.0317,36.86,36.17,2.2769,1772.2548,1772.3841,1772.4543,1769.9779,75.0,False,NOMINAL,HEALTHY,6.12,24.57
MIX_LOT01_COMP1177,LOT_01,MIXED_SIGNAL_IC,CQFP-64,MIX-SIH-2026,THERMAL_BURN_IN,T01_1177,PROC-ISRO-IISU-01,ATE-STATION-01,CHAMBER-01,1.0,125.0,3.3,168,IDDQ,ELECTRICAL,uA,2.3068,1782.1938,1782.351,1782.4352,1779.887,0.0382,0.0404,31.87,32.11,2.3068,1782.1938,1782.351,1782.4352,1779.887,75.0,False,NOMINAL,HEALTHY,15.23,-36.2
MIX_LOT01_COMP1178,LOT_01,MIXED_SIGNAL_IC,CQFP-64,MIX-SIH-2026,THERMAL_BURN_IN,T01_1178,PROC-ISRO-IISU-01,ATE-STATION-01,CHAMBER-01,1.0,125.0,3.3,168,IDDQ,ELECTRICAL,uA,2.49,1912.5486,1912.6773,1912.7993,1910.0586,-0.0209,-0.0929,34.94,34.15,2.49,1912.5486,1912.6773,1912.7993,1910.0586,75.0,False,NOMINAL,HEALTHY,-48.24,-40.71
MIX_LOT01_COMP1179,LOT_01,MIXED_SIGNAL_IC,CQFP-64,MIX-SIH-2026,THERMAL_BURN_IN,T01_1179,PROC-ISRO-IISU-01,ATE-STATION-01,CHAMBER-01,1.0,125.0,3.3,168,IDDQ,ELECTRICAL,uA,2.2694,1751.688,1751.8224,1751.9228,1749.4186,0.0242,-0.0035,32.88,32.96,2.2694,1751.688,1751.8224,1751.9228,1749.4186,75.0,False,NOMINAL,HEALTHY,-22.43,27.7
MIX_LOT01_COMP1180,LOT_01,MIXED_SIGNAL_IC,CQFP-64,MIX-SIH-2026,THERMAL_BURN_IN,T01_1180,PROC-ISRO-IISU-01,ATE-STATION-01,CHAMBER-01,1.0,125.0,3.3,168,IDDQ,ELECTRICAL,uA,2.014,1550.7906,1550.9052,1550.9285,1548.7766,-0.0043,0.017,34.93,34.84,2.014,1550.7906,1550.9052,1550.9285,1548.7766,75.0,False,NOMINAL,HEALTHY,-29.31,2.54
MIX_LOT01_COMP1181,LOT_01,MIXED_SIGNAL_IC,CQFP-64,MIX-SIH-2026,THERMAL_BURN_IN,T01_1181,PROC-ISRO-IISU-01,ATE-STATION-01,CHAMBER-01,1.0,125.0,3.3,168,IDDQ,ELECTRICAL,uA,2.1691,1653.2118,1653.336,1653.4132,1651.0427,0.011,0.0501,34.62,34.97,2.1691,1653.2118,1653.336,1653.4132,1651.0427,75.0,False,NOMINAL,HEALTHY,-7.36,-11.36
MIX_LOT01_COMP1182,LOT_01,MIXED_SIGNAL_IC,CQFP-64,MIX-SIH-2026,THERMAL_BURN_IN,T01_1182,PROC-ISRO-IISU-01,ATE-STATION-01,CHAMBER-01,1.0,125.0,3.3,168,IDDQ,ELECTRICAL,uA,1.9862,1518.639,1518.7582,1518.8331,1516.6528,0.0068,-0.0343,35.77,36.8,1.9862,1518.639,1518.7582,1518.8331,1516.6528,75.0,False,NOMINAL,HEALTHY,-47.63,-46.81
MIX_LOT01_COMP1183,LOT_01,MIXED_SIGNAL_IC,CQFP-64,MIX-SIH-2026,THERMAL_BURN_IN,T01_1183,PROC-ISRO-IISU-01,ATE-STATION-01,CHAMBER-01,1.0,125.0,3.3,168,IDDQ,ELECTRICAL,uA,2.162,1648.0068,1648.0996,1648.2057,1645.8448,-0.0014,-0.0892,34.31,33.76,2.162,1648.0068,1648.0996,1648.2057,1645.8448,75.0,False,NOMINAL,HEALTHY,-23.3,-44.33
MIX_LOT01_COMP1184,LOT_01,MIXED_SIGNAL_IC,CQFP-64,MIX-SIH-2026,THERMAL_BURN_IN,T01_1184,PROC-ISRO-IISU-01,ATE-STATION-01,CHAMBER-01,1.0,125.0,3.3,168,IDDQ,ELECTRICAL,uA,2.1693,1681.8009,1681.9288,1681.9782,1679.6316,-0.0119,0.0102,36.47,37.25,2.1693,1681.8009,1681.9288,1681.9782,1679.6316,75.0,False,NOMINAL,HEALTHY,40.21,19.0
MIX_LOT01_COMP1185,LOT_01,MIXED_SIGNAL_IC,CQFP-64,MIX-SIH-2026,THERMAL_BURN_IN,T01_1185,PROC-ISRO-IISU-01,ATE-STATION-01,CHAMBER-01,1.0,125.0,3.3,168,IDDQ,ELECTRICAL,uA,2.4734,1917.1035,1917.2384,1917.3441,1914.6301,0.0085,-0.0562,34.11,34.3,2.4734,1917.1035,1917.2384,1917.3441,1914.6301,75.0,False,NOMINAL,HEALTHY,12.29,23.67
MIX_LOT01_COMP1186,LOT_01,MIXED_SIGNAL_IC,CQFP-64,MIX-SIH-2026,THERMAL_BURN_IN,T01_1186,PROC-ISRO-IISU-01,ATE-STATION-01,CHAMBER-01,1.0,125.0,3.3,168,IDDQ,ELECTRICAL,uA,2.0815,1598.7609,1598.8724,1598.9153,1596.6794,-0.0196,-0.0876,35.18,34.08,2.0815,1598.7609,1598.8724,1598.9153,1596.6794,75.0,False,NOMINAL,HEALTHY,25.82,-1.38
MIX_LOT01_COMP1187,LOT_01,MIXED_SIGNAL_IC,CQFP-64,MIX-SIH-2026,THERMAL_BURN_IN,T01_1187,PROC-ISRO-IISU-01,ATE-STATION-01,CHAMBER-01,1.0,125.0,3.3,168,IDDQ,ELECTRICAL,uA,2.1353,1638.4478,1638.5857,1638.6685,1636.3125,0.004,0.0457,35.28,35.04,2.1353,1638.4478,1638.5857,1638.6685,1636.3125,75.0,False,NOMINAL,HEALTHY,-47.26,30.16
MIX_LOT01_COMP1188,LOT_01,MIXED_SIGNAL_IC,CQFP-64,MIX-SIH-2026,THERMAL_BURN_IN,T01_1188,PROC-ISRO-IISU-01,ATE-STATION-01,CHAMBER-01,1.0,125.0,3.3,168,IDDQ,ELECTRICAL,uA,2.483,1925.3798,1925.5411,1925.6183,1922.8968,0.0144,0.0215,36.16,36.2,2.483,1925.3798,1925.5411,1925.6183,1922.8968,75.0,False,NOMINAL,HEALTHY,-33.97,-9.61
MIX_LOT01_COMP1189,LOT_01,MIXED_SIGNAL_IC,CQFP-64,MIX-SIH-2026,THERMAL_BURN_IN,T01_1189,PROC-ISRO-IISU-01,ATE-STATION-01,CHAMBER-01,1.0,125.0,3.3,168,IDDQ,ELECTRICAL,uA,2.2679,1731.8689,1731.9985,1732.0978,1729.601,-0.0141,-0.0726,33.84,34.19,2.2679,1731.8689,1731.9985,1732.0978,1729.601,75.0,False,NOMINAL,HEALTHY,-10.23,38.24
MIX_LOT01_COMP1190,LOT_01,MIXED_SIGNAL_IC,CQFP-64,MIX-SIH-2026,THERMAL_BURN_IN,T01_1190,PROC-ISRO-IISU-01,ATE-STATION-01,CHAMBER-01,1.0,125.0,3.3,168,IDDQ,ELECTRICAL,uA,2.2393,1733.8843,1734.0338,1734.0654,1731.645,0.0116,0.0338,35.74,35.84,2.2393,1733.8843,1734.0338,1734.0654,1731.645,75.0,False,NOMINAL,HEALTHY,7.02,-36.63
MIX_LOT01_COMP1191,LOT_01,MIXED_SIGNAL_IC,CQFP-64,MIX-SIH-2026,THERMAL_BURN_IN,T01_1191,PROC-ISRO-IISU-01,ATE-STATION-01,CHAMBER-01,1.0,125.0,3.3,168,IDDQ,ELECTRICAL,uA,2.2217,1703.2332,1703.4108,1703.4412,1701.0115,0.005,0.0776,35.72,35.56,2.2217,1703.2332,1703.4108,1703.4412,1701.0115,75.0,False,NOMINAL,HEALTHY,26.38,-14.0
MIX_LOT01_COMP1192,LOT_01,MIXED_SIGNAL_IC,CQFP-64,MIX-SIH-2026,THERMAL_BURN_IN,T01_1192,PROC-ISRO-IISU-01,ATE-STATION-01,CHAMBER-01,1.0,125.0,3.3,168,IDDQ,ELECTRICAL,uA,2.0163,1558.9975,1559.1533,1559.1926,1556.9812,0.0135,0.1413,34.03,34.72,2.0163,1558.9975,1559.1533,1559.1926,1556.9812,75.0,False,NOMINAL,HEALTHY,34.28,-21.43
MIX_LOT01_COMP1193,LOT_01,MIXED_SIGNAL_IC,CQFP-64,MIX-SIH-2026,THERMAL_BURN_IN,T01_1193,PROC-ISRO-IISU-01,ATE-STATION-01,CHAMBER-01,1.0,125.0,3.3,168,IDDQ,ELECTRICAL,uA,2.1602,1675.0441,1675.1781,1675.2514,1672.8839,-0.0122,-0.0796,33.36,33.37,2.1602,1675.0441,1675.1781,1675.2514,1672.8839,75.0,False,NOMINAL,HEALTHY,-3.47,24.1
MIX_LOT01_COMP1194,LOT_01,MIXED_SIGNAL_IC,CQFP-64,MIX-SIH-2026,THERMAL_BURN_IN,T01_1194,PROC-ISRO-IISU-01,ATE-STATION-01,CHAMBER-01,1.0,125.0,3.3,168,IDDQ,ELECTRICAL,uA,1.8556,1435.6796,1435.7821,1435.8902,1433.824,0.0212,-0.0198,37.53,37.45,1.8556,1435.6796,1435.7821,1435.8902,1433.824,75.0,False,NOMINAL,HEALTHY,7.57,-3.67
MIX_LOT01_COMP1195,LOT_01,MIXED_SIGNAL_IC,CQFP-64,MIX-SIH-2026,THERMAL_BURN_IN,T01_1195,PROC-ISRO-IISU-01,ATE-STATION-01,CHAMBER-01,1.0,125.0,3.3,168,IDDQ,ELECTRICAL,uA,1.9943,1539.096,1539.244,1539.3331,1537.1017,0.0091,0.086,36.08,35.92,1.9943,1539.096,1539.244,1539.3331,1537.1017,75.0,False,NOMINAL,HEALTHY,1.64,-33.42
MIX_LOT01_COMP1196,LOT_01,MIXED_SIGNAL_IC,CQFP-64,MIX-SIH-2026,THERMAL_BURN_IN,T01_1196,PROC-ISRO-IISU-01,ATE-STATION-01,CHAMBER-01,1.0,125.0,3.3,168,IDDQ,ELECTRICAL,uA,2.337,1804.9734,1805.1563,1805.2539,1802.6364,0.0014,-0.0111,35.07,33.99,2.337,1804.9734,1805.1563,1805.2539,1802.6364,75.0,False,NOMINAL,HEALTHY,-39.24,29.43
MIX_LOT01_COMP1197,LOT_01,MIXED_SIGNAL_IC,CQFP-64,MIX-SIH-2026,THERMAL_BURN_IN,T01_1197,PROC-ISRO-IISU-01,ATE-STATION-01,CHAMBER-01,1.0,125.0,3.3,168,IDDQ,ELECTRICAL,uA,2.5042,1927.3602,1927.5414,1927.6008,1924.856,-0.0201,0.092,32.6,33.25,2.5042,1927.3602,1927.5414,1927.6008,1924.856,75.0,False,NOMINAL,HEALTHY,-24.36,-36.11
MIX_LOT01_COMP1198,LOT_01,MIXED_SIGNAL_IC,CQFP-64,MIX-SIH-2026,THERMAL_BURN_IN,T01_1198,PROC-ISRO-IISU-01,ATE-STATION-01,CHAMBER-01,1.0,125.0,3.3,168,IDDQ,ELECTRICAL,uA,1.7922,1386.912,1387.0481,1387.1088,1385.1198,-0.022,0.0301,33.94,33.52,1.7922,1386.912,1387.0481,1387.1088,1385.1198,75.0,False,NOMINAL,HEALTHY,-46.15,-31.05
MIX_LOT01_COMP1199,LOT_01,MIXED_SIGNAL_IC,CQFP-64,MIX-SIH-2026,THERMAL_BURN_IN,T01_1199,PROC-ISRO-IISU-01,ATE-STATION-01,CHAMBER-01,1.0,125.0,3.3,168,IDDQ,ELECTRICAL,uA,2.1946,1687.1133,1687.2418,1687.3356,1684.9187,-0.039,-0.0741,33.57,33.15,2.1946,1687.1133,1687.2418,1687.3356,1684.9187,75.0,False,NOMINAL,HEALTHY,-32.74,48.63
MIX_LOT01_COMP1200,LOT_01,MIXED_SIGNAL_IC,CQFP-64,MIX-SIH-2026,THERMAL_BURN_IN,T01_1200,PROC-ISRO-IISU-01,ATE-STATION-01,CHAMBER-01,1.0,125.0,3.3,168,IDDQ,ELECTRICAL,uA,1.916,1447.4158,1447.5196,1447.6047,1445.4998,-0.02,-0.0227,35.26,35.16,1.916,1447.4158,1447.5196,1447.6047,1445.4998,75.0,False,NOMINAL,HEALTHY,49.91,47.01
MIX_LOT01_COMP1201,LOT_01,MIXED_SIGNAL_IC,CQFP-64,MIX-SIH-2026,THERMAL_BURN_IN,T01_1201,PROC-ISRO-IISU-01,ATE-STATION-01,CHAMBER-01,1.0,125.0,3.3,168,IDDQ,ELECTRICAL,uA,1.9965,1549.9212,1550.0223,1550.084,1547.9247,0.0047,-0.1034,35.4,35.89,1.9965,1549.9212,1550.0223,1550.084,1547.9247,75.0,False,NOMINAL,HEALTHY,30.5,1.5
MIX_LOT01_COMP1202,LOT_01,MIXED_SIGNAL_IC,CQFP-64,MIX-SIH-2026,THERMAL_BURN_IN,T01_1202,PROC-ISRO-IISU-01,ATE-STATION-01,CHAMBER-01,1.0,125.0,3.3,168,IDDQ,ELECTRICAL,uA,1.9783,1535.2493,1535.3316,1535.3785,1533.271,0.0043,0.0436,36.53,37.29,1.9783,1535.2493,1535.3316,1535.3785,1533.271,75.0,False,NOMINAL,HEALTHY,48.57,-7.83
MIX_LOT01_COMP1203,LOT_01,MIXED_SIGNAL_IC,CQFP-64,MIX-SIH-2026,THERMAL_BURN_IN,T01_1203,PROC-ISRO-IISU-01,ATE-STATION-01,CHAMBER-01,1.0,125.0,3.3,168,IDDQ,ELECTRICAL,uA,2.0984,1624.3812,1624.5084,1624.6027,1622.2828,0.0152,0.0406,36.68,36.58,2.0984,1624.3812,1624.5084,1624.6027,1622.2828,75.0,False,NOMINAL,HEALTHY,-32.7,-48.37
MIX_LOT01_COMP1204,LOT_01,MIXED_SIGNAL_IC,CQFP-64,MIX-SIH-2026,THERMAL_BURN_IN,T01_1204,PROC-ISRO-IISU-01,ATE-STATION-01,CHAMBER-01,1.0,125.0,3.3,168,IDDQ,ELECTRICAL,uA,1.8625,1447.6886,1447.7805,1447.8289,1445.8261,0.0243,0.008,36.43,36.33,1.8625,1447.6886,1447.7805,1447.8289,1445.8261,75.0,False,NOMINAL,HEALTHY,21.57,18.54
MIX_LOT01_COMP1205,LOT_01,MIXED_SIGNAL_IC,CQFP-64,MIX-SIH-2026,THERMAL_BURN_IN,T01_1205,PROC-ISRO-IISU-01,ATE-STATION-01,CHAMBER-01,1.0,125.0,3.3,168,IDDQ,ELECTRICAL,uA,2.0566,1598.7736,1598.8481,1598.9258,1596.717,0.0127,0.0394,34.13,34.65,2.0566,1598.7736,1598.8481,1598.9258,1596.717,75.0,False,NOMINAL,HEALTHY,-25.67,36.44
MIX_LOT01_COMP1206,LOT_01,MIXED_SIGNAL_IC,CQFP-64,MIX-SIH-2026,THERMAL_BURN_IN,T01_1206,PROC-ISRO-IISU-01,ATE-STATION-01,CHAMBER-01,1.0,125.0,3.3,168,IDDQ,ELECTRICAL,uA,1.9006,1465.2828,1465.4422,1465.461,1463.3822,0.0031,0.003,33.22,32.25,1.9006,1465.2828,1465.4422,1465.461,1463.3822,75.0,False,NOMINAL,HEALTHY,24.54,34.56
MIX_LOT01_COMP1207,LOT_01,MIXED_SIGNAL_IC,CQFP-64,MIX-SIH-2026,THERMAL_BURN_IN,T01_1207,PROC-ISRO-IISU-01,ATE-STATION-01,CHAMBER-01,1.0,125.0,3.3,168,IDDQ,ELECTRICAL,uA,2.0456,1571.8912,1580.5226,1730.3586,1569.8456,0.0122,0.0593,35.72,35.02,2.0456,1571.8912,1580.5226,1730.3586,1569.8456,75.0,True,THERMAL_RUNAWAY,HEALTHY,44.2,-37.89
MIX_LOT01_COMP1208,LOT_01,MIXED_SIGNAL_IC,CQFP-64,MIX-SIH-2026,THERMAL_BURN_IN,T01_1208,PROC-ISRO-IISU-01,ATE-STATION-01,CHAMBER-01,1.0,125.0,3.3,168,IDDQ,ELECTRICAL,uA,2.1197,1643.5385,1643.6871,1643.7673,1641.4188,0.0197,-0.0372,34.18,34.83,2.1197,1643.5385,1643.6871,1643.7673,1641.4188,75.0,False,NOMINAL,HEALTHY,7.04,6.38
MIX_LOT01_COMP1209,LOT_01,MIXED_SIGNAL_IC,CQFP-64,MIX-SIH-2026,THERMAL_BURN_IN,T01_1209,PROC-ISRO-IISU-01,ATE-STATION-01,CHAMBER-01,1.0,125.0,3.3,168,IDDQ,ELECTRICAL,uA,2.4912,1914.4895,1914.634,1914.6902,1911.9983,0.0297,0.0477,34.13,34.87,2.4912,1914.4895,1914.634,1914.6902,1911.9983,75.0,False,NOMINAL,HEALTHY,41.53,24.66
MIX_LOT01_COMP1210,LOT_01,MIXED_SIGNAL_IC,CQFP-64,MIX-SIH-2026,THERMAL_BURN_IN,T01_1210,PROC-ISRO-IISU-01,ATE-STATION-01,CHAMBER-01,1.0,125.0,3.3,168,IDDQ,ELECTRICAL,uA,2.3429,1787.9083,1788.074,1788.1261,1785.5654,0.0235,-0.0563,32.96,32.97,2.3429,1787.9083,1788.074,1788.1261,1785.5654,75.0,False,NOMINAL,HEALTHY,-33.28,-6.09
MIX_LOT01_COMP1211,LOT_01,MIXED_SIGNAL_IC,CQFP-64,MIX-SIH-2026,THERMAL_BURN_IN,T01_1211,PROC-ISRO-IISU-01,ATE-STATION-01,CHAMBER-01,1.0,125.0,3.3,168,IDDQ,ELECTRICAL,uA,2.313,1774.7603,1774.8957,1774.996,1772.4473,-0.0023,-0.0674,33.51,34.26,2.313,1774.7603,1774.8957,1774.996,1772.4473,75.0,False,NOMINAL,HEALTHY,48.62,4.88
MIX_LOT01_COMP1212,LOT_01,MIXED_SIGNAL_IC,CQFP-64,MIX-SIH-2026,THERMAL_BURN_IN,T01_1212,PROC-ISRO-IISU-01,ATE-STATION-01,CHAMBER-01,1.0,125.0,3.3,168,IDDQ,ELECTRICAL,uA,2.527,1944.2412,1944.3932,1944.4298,1941.7142,-0.0195,0.0062,36.38,36.88,2.527,1944.2412,1944.3932,1944.4298,1941.7142,75.0,False,NOMINAL,HEALTHY,41.29,45.43
MIX_LOT01_COMP1213,LOT_01,MIXED_SIGNAL_IC,CQFP-64,MIX-SIH-2026,THERMAL_BURN_IN,T01_1213,PROC-ISRO-IISU-01,ATE-STATION-01,CHAMBER-01,1.0,125.0,3.3,168,IDDQ,ELECTRICAL,uA,2.2635,1738.4178,1738.5348,1738.6142,1736.1543,-0.0099,-0.022,35.73,34.7,2.2635,1738.4178,1738.5348,1738.6142,1736.1543,75.0,False,NOMINAL,HEALTHY,-20.1,-1.01
MIX_LOT01_COMP1214,LOT_01,MIXED_SIGNAL_IC,CQFP-64,MIX-SIH-2026,THERMAL_BURN_IN,T01_1214,PROC-ISRO-IISU-01,ATE-STATION-01,CHAMBER-01,1.0,125.0,3.3,168,IDDQ,ELECTRICAL,uA,1.9868,1533.9709,1534.0844,1534.1734,1531.9841,-0.0329,0.0406,34.16,33.79,1.9868,1533.9709,1534.0844,1534.1734,1531.9841,75.0,False,NOMINAL,HEALTHY,14.69,42.03
MIX_LOT01_COMP1215,LOT_01,MIXED_SIGNAL_IC,CQFP-64,MIX-SIH-2026,THERMAL_BURN_IN,T01_1215,PROC-ISRO-IISU-01,ATE-STATION-01,CHAMBER-01,1.0,125.0,3.3,168,IDDQ,ELECTRICAL,uA,2.1993,1690.4894,1690.6116,1690.6741,1688.2901,-0.0276,-0.0492,34.16,35.17,2.1993,1690.4894,1690.6116,1690.6741,1688.2901,75.0,False,NOMINAL,HEALTHY,14.75,35.18
MIX_LOT01_COMP1216,LOT_01,MIXED_SIGNAL_IC,CQFP-64,MIX-SIH-2026,THERMAL_BURN_IN,T01_1216,PROC-ISRO-IISU-01,ATE-STATION-01,CHAMBER-01,1.0,125.0,3.3,168,IDDQ,ELECTRICAL,uA,2.3631,1823.4358,1823.5966,1823.6232,1821.0727,-0.033,-0.0447,35.5,35.34,2.3631,1823.4358,1823.5966,1823.6232,1821.0727,75.0,False,NOMINAL,HEALTHY,36.78,27.71
MIX_LOT01_COMP1217,LOT_01,MIXED_SIGNAL_IC,CQFP-64,MIX-SIH-2026,THERMAL_BURN_IN,T01_1217,PROC-ISRO-IISU-01,ATE-STATION-01,CHAMBER-01,1.0,125.0,3.3,168,IDDQ,ELECTRICAL,uA,2.1604,1647.3038,1647.4295,1647.5786,1645.1434,-0.0197,-0.0358,35.39,35.44,2.1604,1647.3038,1647.4295,1647.5786,1645.1434,75.0,False,NOMINAL,HEALTHY,-44.55,11.98
MIX_LOT01_COMP1218,LOT_01,MIXED_SIGNAL_IC,CQFP-64,MIX-SIH-2026,THERMAL_BURN_IN,T01_1218,PROC-ISRO-IISU-01,ATE-STATION-01,CHAMBER-01,1.0,125.0,3.3,168,IDDQ,ELECTRICAL,uA,2.2848,1758.4773,1758.6007,1758.6457,1756.1925,0.0303,0.0793,33.68,33.73,2.2848,1758.4773,1758.6007,1758.6457,1756.1925,75.0,False,NOMINAL,HEALTHY,31.93,35.68
MIX_LOT01_COMP1219,LOT_01,MIXED_SIGNAL_IC,CQFP-64,MIX-SIH-2026,THERMAL_BURN_IN,T01_1219,PROC-ISRO-IISU-01,ATE-STATION-01,CHAMBER-01,1.0,125.0,3.3,168,IDDQ,ELECTRICAL,uA,2.1129,1624.4164,1624.5727,1624.6132,1622.3035,0.0307,0.0451,35.85,36.0,2.1129,1624.4164,1624.5727,1624.6132,1622.3035,75.0,False,NOMINAL,HEALTHY,12.0,21.16
MIX_LOT01_COMP1220,LOT_01,MIXED_SIGNAL_IC,CQFP-64,MIX-SIH-2026,THERMAL_BURN_IN,T01_1220,PROC-ISRO-IISU-01,ATE-STATION-01,CHAMBER-01,1.0,125.0,3.3,168,IDDQ,ELECTRICAL,uA,2.3695,1813.0361,1813.153,1813.3343,1810.6666,0.011,0.153,35.96,36.73,2.3695,1813.0361,1813.153,1813.3343,1810.6666,75.0,False,NOMINAL,HEALTHY,39.63,36.94
MIX_LOT01_COMP1221,LOT_01,MIXED_SIGNAL_IC,CQFP-64,MIX-SIH-2026,THERMAL_BURN_IN,T01_1221,PROC-ISRO-IISU-01,ATE-STATION-01,CHAMBER-01,1.0,125.0,3.3,168,IDDQ,ELECTRICAL,uA,1.8689,1430.36,1430.4893,1430.5549,1428.4911,0.0077,0.0372,35.42,35.12,1.8689,1430.36,1430.4893,1430.5549,1428.4911,75.0,False,NOMINAL,HEALTHY,4.36,-48.4
MIX_LOT01_COMP1222,LOT_01,MIXED_SIGNAL_IC,CQFP-64,MIX-SIH-2026,THERMAL_BURN_IN,T01_1222,PROC-ISRO-IISU-01,ATE-STATION-01,CHAMBER-01,1.0,125.0,3.3,168,IDDQ,ELECTRICAL,uA,2.3698,1823.9943,1824.1743,1824.2225,1821.6245,0.0134,0.0302,35.29,34.31,2.3698,1823.9943,1824.1743,1824.2225,1821.6245,75.0,False,NOMINAL,HEALTHY,26.9,45.07
MIX_LOT01_COMP1223,LOT_01,MIXED_SIGNAL_IC,CQFP-64,MIX-SIH-2026,THERMAL_BURN_IN,T01_1223,PROC-ISRO-IISU-01,ATE-STATION-01,CHAMBER-01,1.0,125.0,3.3,168,IDDQ,ELECTRICAL,uA,2.2186,1687.2104,1687.3493,1687.4371,1684.9918,-0.0436,-0.0326,35.25,35.19,2.2186,1687.2104,1687.3493,1687.4371,1684.9918,75.0,False,NOMINAL,HEALTHY,-6.38,-15.19
MIX_LOT01_COMP1224,LOT_01,MIXED_SIGNAL_IC,CQFP-64,MIX-SIH-2026,THERMAL_BURN_IN,T01_1224,PROC-ISRO-IISU-01,ATE-STATION-01,CHAMBER-01,1.0,125.0,3.3,168,IDDQ,ELECTRICAL,uA,2.4501,1897.3587,1897.5546,1897.6039,1894.9086,-0.0003,-0.0191,36.39,36.03,2.4501,1897.3587,1897.5546,1897.6039,1894.9086,75.0,False,NOMINAL,HEALTHY,-34.47,-26.43
MIX_LOT01_COMP1225,LOT_01,MIXED_SIGNAL_IC,CQFP-64,MIX-SIH-2026,THERMAL_BURN_IN,T01_1225,PROC-ISRO-IISU-01,ATE-STATION-01,CHAMBER-01,1.0,125.0,3.3,168,IDDQ,ELECTRICAL,uA,2.1743,1670.9902,1671.1958,1671.2383,1668.8159,-0.0444,0.036,35.61,35.82,2.1743,1670.9902,1671.1958,1671.2383,1668.8159,75.0,False,NOMINAL,HEALTHY,5.38,23.54
MIX_LOT01_COMP1226,LOT_01,MIXED_SIGNAL_IC,CQFP-64,MIX-SIH-2026,THERMAL_BURN_IN,T01_1226,PROC-ISRO-IISU-01,ATE-STATION-01,CHAMBER-01,1.0,125.0,3.3,168,IDDQ,ELECTRICAL,uA,2.0475,1571.9805,1572.1108,1572.2112,1569.933,0.0517,0.0069,32.13,31.94,2.0475,1571.9805,1572.1108,1572.2112,1569.933,75.0,False,NOMINAL,HEALTHY,-14.81,14.4
MIX_LOT01_COMP1227,LOT_01,MIXED_SIGNAL_IC,CQFP-64,MIX-SIH-2026,THERMAL_BURN_IN,T01_1227,PROC-ISRO-IISU-01,ATE-STATION-01,CHAMBER-01,1.0,125.0,3.3,168,IDDQ,ELECTRICAL,uA,2.223,1721.1241,1721.2968,1721.3209,1718.9011,-0.0353,-0.0867,32.84,32.11,2.223,1721.1241,1721.2968,1721.3209,1718.9011,75.0,False,NOMINAL,HEALTHY,-21.05,5.7
MIX_LOT01_COMP1228,LOT_01,MIXED_SIGNAL_IC,CQFP-64,MIX-SIH-2026,THERMAL_BURN_IN,T01_1228,PROC-ISRO-IISU-01,ATE-STATION-01,CHAMBER-01,1.0,125.0,3.3,168,IDDQ,ELECTRICAL,uA,1.7504,1352.7847,1352.8638,1352.9657,1351.0343,0.01,-0.0127,33.26,33.37,1.7504,1352.7847,1352.8638,1352.9657,1351.0343,75.0,False,NOMINAL,HEALTHY,42.69,-34.46
MIX_LOT01_COMP1229,LOT_01,MIXED_SIGNAL_IC,CQFP-64,MIX-SIH-2026,THERMAL_BURN_IN,T01_1229,PROC-ISRO-IISU-01,ATE-STATION-01,CHAMBER-01,1.0,125.0,3.3,168,IDDQ,ELECTRICAL,uA,1.5511,1206.7528,1206.8673,1206.9005,1205.2017,0.0081,0.0519,34.53,33.9,1.5511,1206.7528,1206.8673,1206.9005,1205.2017,75.0,False,NOMINAL,HEALTHY,48.4,35.73
MIX_LOT01_COMP1230,LOT_01,MIXED_SIGNAL_IC,CQFP-64,MIX-SIH-2026,THERMAL_BURN_IN,T01_1230,PROC-ISRO-IISU-01,ATE-STATION-01,CHAMBER-01,1.0,125.0,3.3,168,IDDQ,ELECTRICAL,uA,2.2255,1701.5745,1701.7332,1701.764,1699.349,-0.0173,0.1023,34.71,34.47,2.2255,1701.5745,1701.7332,1701.764,1699.349,75.0,False,NOMINAL,HEALTHY,48.8,-28.43
MIX_LOT01_COMP1231,LOT_01,MIXED_SIGNAL_IC,CQFP-64,MIX-SIH-2026,THERMAL_BURN_IN,T01_1231,PROC-ISRO-IISU-01,ATE-STATION-01,CHAMBER-01,1.0,125.0,3.3,168,IDDQ,ELECTRICAL,uA,1.9864,1525.8567,1526.0065,1526.0487,1523.8703,0.0088,-0.0099,35.79,36.04,1.9864,1525.8567,1526.0065,1526.0487,1523.8703,75.0,False,NOMINAL,HEALTHY,-44.85,16.29
MIX_LOT01_COMP1232,LOT_01,MIXED_SIGNAL_IC,CQFP-64,MIX-SIH-2026,THERMAL_BURN_IN,T01_1232,PROC-ISRO-IISU-01,ATE-STATION-01,CHAMBER-01,1.0,125.0,3.3,168,IDDQ,ELECTRICAL,uA,2.286,1750.9039,1751.0328,1751.1357,1748.6179,0.0087,-0.0484,34.93,34.57,2.286,1750.9039,1751.0328,1751.1357,1748.6179,75.0,False,NOMINAL,HEALTHY,-44.92,-1.74
MIX_LOT01_COMP1233,LOT_01,MIXED_SIGNAL_IC,CQFP-64,MIX-SIH-2026,THERMAL_BURN_IN,T01_1233,PROC-ISRO-IISU-01,ATE-STATION-01,CHAMBER-01,1.0,125.0,3.3,168,IDDQ,ELECTRICAL,uA,1.8587,1431.4991,1440.0783,1590.0789,1429.6404,-0.0136,-0.0716,36.4,36.05,1.8587,1431.4991,1440.0783,1590.0789,1429.6404,75.0,True,THERMAL_RUNAWAY,HEALTHY,31.14,-0.82
MIX_LOT01_COMP1234,LOT_01,MIXED_SIGNAL_IC,CQFP-64,MIX-SIH-2026,THERMAL_BURN_IN,T01_1234,PROC-ISRO-IISU-01,ATE-STATION-01,CHAMBER-01,1.0,125.0,3.3,168,IDDQ,ELECTRICAL,uA,1.7487,1338.7737,1338.848,1338.8629,1337.025,-0.0019,0.0096,35.2,35.1,1.7487,1338.7737,1338.848,1338.8629,1337.025,75.0,False,NOMINAL,HEALTHY,-6.03,-4.51
MIX_LOT01_COMP1235,LOT_01,MIXED_SIGNAL_IC,CQFP-64,MIX-SIH-2026,THERMAL_BURN_IN,T01_1235,PROC-ISRO-IISU-01,ATE-STATION-01,CHAMBER-01,1.0,125.0,3.3,168,IDDQ,ELECTRICAL,uA,1.9362,1495.9506,1496.0458,1496.0895,1494.0144,-0.0101,-0.0116,34.3,34.03,1.9362,1495.9506,1496.0458,1496.0895,1494.0144,75.0,False,NOMINAL,HEALTHY,6.87,23.5
MIX_LOT01_COMP1236,LOT_01,MIXED_SIGNAL_IC,CQFP-64,MIX-SIH-2026,THERMAL_BURN_IN,T01_1236,PROC-ISRO-IISU-01,ATE-STATION-01,CHAMBER-01,1.0,125.0,3.3,168,IDDQ,ELECTRICAL,uA,2.4815,1922.8988,1923.0344,1923.1657,1920.4173,-0.0089,-0.0084,34.47,34.59,2.4815,1922.8988,1923.0344,1923.1657,1920.4173,75.0,False,NOMINAL,HEALTHY,15.47,-41.13
MIX_LOT01_COMP1237,LOT_01,MIXED_SIGNAL_IC,CQFP-64,MIX-SIH-2026,THERMAL_BURN_IN,T01_1237,PROC-ISRO-IISU-01,ATE-STATION-01,CHAMBER-01,1.0,125.0,3.3,168,IDDQ,ELECTRICAL,uA,2.0611,1605.5817,1605.7231,1605.7957,1603.5206,-0.0317,0.0313,33.99,33.89,2.0611,1605.5817,1605.7231,1605.7957,1603.5206,75.0,False,NOMINAL,HEALTHY,-3.89,21.73
MIX_LOT01_COMP1238,LOT_01,MIXED_SIGNAL_IC,CQFP-64,MIX-SIH-2026,THERMAL_BURN_IN,T01_1238,PROC-ISRO-IISU-01,ATE-STATION-01,CHAMBER-01,1.0,125.0,3.3,168,IDDQ,ELECTRICAL,uA,6.906,5316.7499,5317.03,5317.1888,5309.8439,-0.0088,0.0244,35.92,35.06,6.906,5316.7499,5317.03,5317.1888,5309.8439,75.0,True,SPATIAL_OUTLIER,HEALTHY,-41.51,18.51
MIX_LOT01_COMP1239,LOT_01,MIXED_SIGNAL_IC,CQFP-64,MIX-SIH-2026,THERMAL_BURN_IN,T01_1239,PROC-ISRO-IISU-01,ATE-STATION-01,CHAMBER-01,1.0,125.0,3.3,168,IDDQ,ELECTRICAL,uA,2.3166,1769.0636,1769.2042,1769.2689,1766.747,-0.0247,-0.0032,35.6,35.41,2.3166,1769.0636,1769.2042,1769.2689,1766.747,75.0,False,NOMINAL,HEALTHY,-35.74,-46.38
MIX_LOT01_COMP1240,LOT_01,MIXED_SIGNAL_IC,CQFP-64,MIX-SIH-2026,THERMAL_BURN_IN,T01_1240,PROC-ISRO-IISU-01,ATE-STATION-01,CHAMBER-01,1.0,125.0,3.3,168,IDDQ,ELECTRICAL,uA,1.9518,1506.1723,1506.3095,1506.3953,1504.2205,-0.004,0.0091,32.51,31.9,1.9518,1506.1723,1506.3095,1506.3953,1504.2205,75.0,False,NOMINAL,HEALTHY,36.3,24.56
MIX_LOT01_COMP1241,LOT_01,MIXED_SIGNAL_IC,CQFP-64,MIX-SIH-2026,THERMAL_BURN_IN,T01_1241,PROC-ISRO-IISU-01,ATE-STATION-01,CHAMBER-01,1.0,125.0,3.3,168,IDDQ,ELECTRICAL,uA,2.1972,1675.7335,1675.8966,1675.932,1673.5363,0.0274,0.1053,37.02,36.04,2.1972,1675.7335,1675.8966,1675.932,1673.5363,75.0,False,NOMINAL,HEALTHY,-1.69,40.26
MIX_LOT01_COMP1242,LOT_01,MIXED_SIGNAL_IC,CQFP-64,MIX-SIH-2026,THERMAL_BURN_IN,T01_1242,PROC-ISRO-IISU-01,ATE-STATION-01,CHAMBER-01,1.0,125.0,3.3,168,IDDQ,ELECTRICAL,uA,2.0143,1544.6321,1544.733,1544.7796,1542.6178,0.0024,-0.0661,34.63,34.52,2.0143,1544.6321,1544.733,1544.7796,1542.6178,75.0,False,NOMINAL,HEALTHY,15.07,10.6
MIX_LOT01_COMP1243,LOT_01,MIXED_SIGNAL_IC,CQFP-64,MIX-SIH-2026,THERMAL_BURN_IN,T01_1243,PROC-ISRO-IISU-01,ATE-STATION-01,CHAMBER-01,1.0,125.0,3.3,168,IDDQ,ELECTRICAL,uA,2.3988,1837.5605,1837.7195,1837.8159,1835.1617,-0.012,0.0114,34.97,34.75,2.3988,1837.5605,1837.7195,1837.8159,1835.1617,75.0,False,NOMINAL,HEALTHY,2.82,-38.33
MIX_LOT01_COMP1244,LOT_01,MIXED_SIGNAL_IC,CQFP-64,MIX-SIH-2026,THERMAL_BURN_IN,T01_1244,PROC-ISRO-IISU-01,ATE-STATION-01,CHAMBER-01,1.0,125.0,3.3,168,IDDQ,ELECTRICAL,uA,2.2578,1733.8495,1734.0328,1734.1313,1731.5917,-0.0103,0.0786,35.91,36.1,2.2578,1733.8495,1734.0328,1734.1313,1731.5917,75.0,False,NOMINAL,HEALTHY,-36.92,7.21
MIX_LOT01_COMP1245,LOT_01,MIXED_SIGNAL_IC,CQFP-64,MIX-SIH-2026,THERMAL_BURN_IN,T01_1245,PROC-ISRO-IISU-01,ATE-STATION-01,CHAMBER-01,1.0,125.0,3.3,168,IDDQ,ELECTRICAL,uA,2.4549,1904.261,1904.4895,1904.5225,1901.8061,0.0054,0.0439,33.67,33.25,2.4549,1904.261,1904.4895,1904.5225,1901.8061,75.0,False,NOMINAL,HEALTHY,-0.43,7.74
MIX_LOT01_COMP1246,LOT_01,MIXED_SIGNAL_IC,CQFP-64,MIX-SIH-2026,THERMAL_BURN_IN,T01_1246,PROC-ISRO-IISU-01,ATE-STATION-01,CHAMBER-01,1.0,125.0,3.3,168,IDDQ,ELECTRICAL,uA,1.8724,1451.3533,1451.4254,1451.5354,1449.4809,0.0199,0.005,33.5,32.86,1.8724,1451.3533,1451.4254,1451.5354,1449.4809,75.0,False,NOMINAL,HEALTHY,-23.65,-46.54
MIX_LOT01_COMP1247,LOT_01,MIXED_SIGNAL_IC,CQFP-64,MIX-SIH-2026,THERMAL_BURN_IN,T01_1247,PROC-ISRO-IISU-01,ATE-STATION-01,CHAMBER-01,1.0,125.0,3.3,168,IDDQ,ELECTRICAL,uA,1.7405,1348.5482,1348.6429,1348.729,1346.8077,0.0228,0.0299,35.01,35.04,1.7405,1348.5482,1348.6429,1348.729,1346.8077,75.0,False,NOMINAL,HEALTHY,-21.35,-15.66
MIX_LOT01_COMP1248,LOT_01,MIXED_SIGNAL_IC,CQFP-64,MIX-SIH-2026,THERMAL_BURN_IN,T01_1248,PROC-ISRO-IISU-01,ATE-STATION-01,CHAMBER-01,1.0,125.0,3.3,168,IDDQ,ELECTRICAL,uA,1.4993,1153.3926,1153.4439,1153.5784,1151.8933,-0.0046,-0.0532,32.5,32.89,1.4993,1153.3926,1153.4439,1153.5784,1151.8933,75.0,False,NOMINAL,HEALTHY,-3.79,-21.94
MIX_LOT01_COMP1249,LOT_01,MIXED_SIGNAL_IC,CQFP-64,MIX-SIH-2026,THERMAL_BURN_IN,T01_1249,PROC-ISRO-IISU-01,ATE-STATION-01,CHAMBER-01,1.0,125.0,3.3,168,IDDQ,ELECTRICAL,uA,2.0442,1550.5707,1550.6827,1550.7912,1548.5265,-0.0391,-0.0629,32.66,32.05,2.0442,1550.5707,1550.6827,1550.7912,1548.5265,75.0,False,NOMINAL,HEALTHY,-5.0,19.57
MIX_LOT01_COMP1250,LOT_01,MIXED_SIGNAL_IC,CQFP-64,MIX-SIH-2026,THERMAL_BURN_IN,T01_1250,PROC-ISRO-IISU-01,ATE-STATION-01,CHAMBER-01,1.0,125.0,3.3,168,IDDQ,ELECTRICAL,uA,2.0087,1542.5948,1542.6909,1542.7781,1540.5861,-0.0121,-0.0341,34.87,35.1,2.0087,1542.5948,1542.6909,1542.7781,1540.5861,75.0,False,NOMINAL,HEALTHY,-11.8,39.9
MIX_LOT01_COMP1251,LOT_01,MIXED_SIGNAL_IC,CQFP-64,MIX-SIH-2026,THERMAL_BURN_IN,T01_1251,PROC-ISRO-IISU-01,ATE-STATION-01,CHAMBER-01,1.0,125.0,3.3,168,IDDQ,ELECTRICAL,uA,2.5128,1929.6398,1929.8806,1929.8826,1927.127,0.0595,0.1104,36.23,36.84,2.5128,1929.6398,1929.8806,1929.8826,1927.127,75.0,False,NOMINAL,HEALTHY,-21.24,32.99
MIX_LOT01_COMP1252,LOT_01,MIXED_SIGNAL_IC,CQFP-64,MIX-SIH-2026,THERMAL_BURN_IN,T01_1252,PROC-ISRO-IISU-01,ATE-STATION-01,CHAMBER-01,1.0,125.0,3.3,168,IDDQ,ELECTRICAL,uA,2.2936,1776.7624,1776.8961,1777.0258,1774.4688,-0.0109,-0.0231,35.03,34.85,2.2936,1776.7624,1776.8961,1777.0258,1774.4688,75.0,False,NOMINAL,HEALTHY,24.57,-11.58
MIX_LOT01_COMP1253,LOT_01,MIXED_SIGNAL_IC,CQFP-64,MIX-SIH-2026,THERMAL_BURN_IN,T01_1253,PROC-ISRO-IISU-01,ATE-STATION-01,CHAMBER-01,1.0,125.0,3.3,168,IDDQ,ELECTRICAL,uA,1.8577,1422.1178,1422.3015,1422.3288,1420.2601,0.0005,0.0445,33.33,32.86,1.8577,1422.1178,1422.3015,1422.3288,1420.2601,75.0,False,NOMINAL,HEALTHY,-47.3,43.26
MIX_LOT01_COMP1254,LOT_01,MIXED_SIGNAL_IC,CQFP-64,MIX-SIH-2026,THERMAL_BURN_IN,T01_1254,PROC-ISRO-IISU-01,ATE-STATION-01,CHAMBER-01,1.0,125.0,3.3,168,IDDQ,ELECTRICAL,uA,1.8017,1397.3022,1397.4515,1397.4936,1395.5005,0.0035,0.0572,34.45,35.0,1.8017,1397.3022,1397.4515,1397.4936,1395.5005,75.0,False,NOMINAL,HEALTHY,-22.19,-5.48
MIX_LOT01_COMP1255,LOT_01,MIXED_SIGNAL_IC,CQFP-64,MIX-SIH-2026,THERMAL_BURN_IN,T01_1255,PROC-ISRO-IISU-01,ATE-STATION-01,CHAMBER-01,1.0,125.0,3.3,168,IDDQ,ELECTRICAL,uA,2.2714,1740.7255,1740.8795,1740.9307,1738.4541,-0.057,0.0317,37.27,37.42,2.2714,1740.7255,1740.8795,1740.9307,1738.4541,75.0,False,NOMINAL,HEALTHY,24.68,28.0
MIX_LOT01_COMP1256,LOT_01,MIXED_SIGNAL_IC,CQFP-64,MIX-SIH-2026,THERMAL_BURN_IN,T01_1256,PROC-ISRO-IISU-01,ATE-STATION-01,CHAMBER-01,1.0,125.0,3.3,168,IDDQ,ELECTRICAL,uA,1.8764,1464.8749,1464.9892,1465.1206,1462.9985,-0.0223,-0.0298,33.72,33.59,1.8764,1464.8749,1464.9892,1465.1206,1462.9985,75.0,False,NOMINAL,HEALTHY,16.48,3.87
MIX_LOT01_COMP1257,LOT_01,MIXED_SIGNAL_IC,CQFP-64,MIX-SIH-2026,THERMAL_BURN_IN,T01_1257,PROC-ISRO-IISU-01,ATE-STATION-01,CHAMBER-01,1.0,125.0,3.3,168,IDDQ,ELECTRICAL,uA,2.0799,1593.5182,1593.6121,1593.7072,1591.4383,-0.0185,0.0324,34.23,34.1,2.0799,1593.5182,1593.6121,1593.7072,1591.4383,75.0,False,NOMINAL,HEALTHY,17.46,-25.9
MIX_LOT01_COMP1258,LOT_01,MIXED_SIGNAL_IC,CQFP-64,MIX-SIH-2026,THERMAL_BURN_IN,T01_1258,PROC-ISRO-IISU-01,ATE-STATION-01,CHAMBER-01,1.0,125.0,3.3,168,IDDQ,ELECTRICAL,uA,1.6854,1281.8497,1281.9644,1281.956,1280.1643,0.0008,-0.0421,34.09,34.26,1.6854,1281.8497,1281.9644,1281.956,1280.1643,75.0,False,NOMINAL,HEALTHY,23.85,39.42
MIX_LOT01_COMP1259,LOT_01,MIXED_SIGNAL_IC,CQFP-64,MIX-SIH-2026,THERMAL_BURN_IN,T01_1259,PROC-ISRO-IISU-01,ATE-STATION-01,CHAMBER-01,1.0,125.0,3.3,168,IDDQ,ELECTRICAL,uA,1.6567,1272.873,1273.0079,1273.0059,1271.2163,-0.0323,0.0372,35.36,35.25,1.6567,1272.873,1273.0079,1273.0059,1271.2163,75.0,False,NOMINAL,HEALTHY,29.98,-44.32
MIX_LOT01_COMP1260,LOT_01,MIXED_SIGNAL_IC,CQFP-64,MIX-SIH-2026,THERMAL_BURN_IN,T01_1260,PROC-ISRO-IISU-01,ATE-STATION-01,CHAMBER-01,1.0,125.0,3.3,168,IDDQ,ELECTRICAL,uA,10.4603,8053.8789,8054.3574,8054.6492,8043.4186,-0.0148,-0.097,36.12,35.99,10.4603,8053.8789,8054.3574,8054.6492,8043.4186,75.0,True,SPATIAL_OUTLIER,HEALTHY,17.0,-27.86
MIX_LOT01_COMP1261,LOT_01,MIXED_SIGNAL_IC,CQFP-64,MIX-SIH-2026,THERMAL_BURN_IN,T01_1261,PROC-ISRO-IISU-01,ATE-STATION-01,CHAMBER-01,1.0,125.0,3.3,168,IDDQ,ELECTRICAL,uA,2.1304,1630.1959,1630.3173,1630.4286,1628.0655,0.022,-0.0226,34.91,35.77,2.1304,1630.1959,1630.3173,1630.4286,1628.0655,75.0,False,NOMINAL,HEALTHY,10.2,-35.55
MIX_LOT01_COMP1262,LOT_01,MIXED_SIGNAL_IC,CQFP-64,MIX-SIH-2026,THERMAL_BURN_IN,T01_1262,PROC-ISRO-IISU-01,ATE-STATION-01,CHAMBER-01,1.0,125.0,3.3,168,IDDQ,ELECTRICAL,uA,2.2411,1740.9022,1741.0357,1741.1413,1738.6611,-0.0267,-0.0429,35.43,36.05,2.2411,1740.9022,1741.0357,1741.1413,1738.6611,75.0,False,NOMINAL,HEALTHY,-46.02,-3.28
MIX_LOT01_COMP1263,LOT_01,MIXED_SIGNAL_IC,CQFP-64,MIX-SIH-2026,THERMAL_BURN_IN,T01_1263,PROC-ISRO-IISU-01,ATE-STATION-01,CHAMBER-01,1.0,125.0,3.3,168,IDDQ,ELECTRICAL,uA,1.8898,1462.6606,1462.7569,1462.8324,1460.7708,-0.0065,-0.0065,35.11,34.9,1.8898,1462.6606,1462.7569,1462.8324,1460.7708,75.0,False,NOMINAL,HEALTHY,24.43,-36.88
MIX_LOT01_COMP1264,LOT_01,MIXED_SIGNAL_IC,CQFP-64,MIX-SIH-2026,THERMAL_BURN_IN,T01_1264,PROC-ISRO-IISU-01,ATE-STATION-01,CHAMBER-01,1.0,125.0,3.3,168,IDDQ,ELECTRICAL,uA,1.8239,1418.1809,1418.2455,1418.3076,1416.357,0.0199,0.0763,36.67,36.29,1.8239,1418.1809,1418.2455,1418.3076,1416.357,75.0,False,NOMINAL,HEALTHY,-42.18,4.66
MIX_LOT01_COMP1265,LOT_01,MIXED_SIGNAL_IC,CQFP-64,MIX-SIH-2026,THERMAL_BURN_IN,T01_1265,PROC-ISRO-IISU-01,ATE-STATION-01,CHAMBER-01,1.0,125.0,3.3,168,IDDQ,ELECTRICAL,uA,2.1674,1687.4423,1687.5651,1687.7014,1685.2749,-0.0038,-0.0607,33.75,33.78,2.1674,1687.4423,1687.5651,1687.7014,1685.2749,75.0,False,NOMINAL,HEALTHY,42.19,-24.26
MIX_LOT01_COMP1266,LOT_01,MIXED_SIGNAL_IC,CQFP-64,MIX-SIH-2026,THERMAL_BURN_IN,T01_1266,PROC-ISRO-IISU-01,ATE-STATION-01,CHAMBER-01,1.0,125.0,3.3,168,IDDQ,ELECTRICAL,uA,2.073,1597.1268,1597.2324,1597.3078,1595.0538,-0.0295,-0.0536,35.77,36.25,2.073,1597.1268,1597.2324,1597.3078,1595.0538,75.0,False,NOMINAL,HEALTHY,16.23,-28.66
MIX_LOT01_COMP1267,LOT_01,MIXED_SIGNAL_IC,CQFP-64,MIX-SIH-2026,THERMAL_BURN_IN,T01_1267,PROC-ISRO-IISU-01,ATE-STATION-01,CHAMBER-01,1.0,125.0,3.3,168,IDDQ,ELECTRICAL,uA,2.1311,1652.1283,1652.236,1652.3195,1649.9972,0.0396,-0.0419,33.47,33.88,2.1311,1652.1283,1652.236,1652.3195,1649.9972,75.0,False,NOMINAL,HEALTHY,-33.81,49.09
MIX_LOT01_COMP1268,LOT_01,MIXED_SIGNAL_IC,CQFP-64,MIX-SIH-2026,THERMAL_BURN_IN,T01_1268,PROC-ISRO-IISU-01,ATE-STATION-01,CHAMBER-01,1.0,125.0,3.3,168,IDDQ,ELECTRICAL,uA,1.7803,1386.046,1386.1222,1386.272,1384.2657,0.0015,0.0123,36.71,37.53,1.7803,1386.046,1386.1222,1386.272,1384.2657,75.0,False,NOMINAL,HEALTHY,-44.91,28.77
MIX_LOT01_COMP1269,LOT_01,MIXED_SIGNAL_IC,CQFP-64,MIX-SIH-2026,THERMAL_BURN_IN,T01_1269,PROC-ISRO-IISU-01,ATE-STATION-01,CHAMBER-01,1.0,125.0,3.3,168,IDDQ,ELECTRICAL,uA,2.1405,1649.7825,1649.8983,1649.9677,1647.642,0.0058,0.0588,33.62,33.89,2.1405,1649.7825,1649.8983,1649.9677,1647.642,75.0,False,NOMINAL,HEALTHY,9.23,42.23
MIX_LOT01_COMP1270,LOT_01,MIXED_SIGNAL_IC,CQFP-64,MIX-SIH-2026,THERMAL_BURN_IN,T01_1270,PROC-ISRO-IISU-01,ATE-STATION-01,CHAMBER-01,1.0,125.0,3.3,168,IDDQ,ELECTRICAL,uA,2.5312,1948.0578,1948.2109,1948.3005,1945.5266,-0.0467,-0.009,35.12,35.35,2.5312,1948.0578,1948.2109,1948.3005,1945.5266,75.0,False,NOMINAL,HEALTHY,-39.24,3.57
MIX_LOT01_COMP1271,LOT_01,MIXED_SIGNAL_IC,CQFP-64,MIX-SIH-2026,THERMAL_BURN_IN,T01_1271,PROC-ISRO-IISU-01,ATE-STATION-01,CHAMBER-01,1.0,125.0,3.3,168,IDDQ,ELECTRICAL,uA,2.2893,1762.3137,1762.4175,1762.5316,1760.0244,-0.0453,-0.0051,37.2,36.57,2.2893,1762.3137,1762.4175,1762.5316,1760.0244,75.0,False,NOMINAL,HEALTHY,6.65,-37.9
MIX_LOT01_COMP1272,LOT_01,MIXED_SIGNAL_IC,CQFP-64,MIX-SIH-2026,THERMAL_BURN_IN,T01_1272,PROC-ISRO-IISU-01,ATE-STATION-01,CHAMBER-01,1.0,125.0,3.3,168,IDDQ,ELECTRICAL,uA,1.8852,1466.6429,1466.7599,1466.7847,1464.7577,0.0049,0.0021,33.69,33.59,1.8852,1466.6429,1466.7599,1466.7847,1464.7577,75.0,False,NOMINAL,HEALTHY,-16.75,40.5
MIX_LOT01_COMP1273,LOT_01,MIXED_SIGNAL_IC,CQFP-64,MIX-SIH-2026,THERMAL_BURN_IN,T01_1273,PROC-ISRO-IISU-01,ATE-STATION-01,CHAMBER-01,1.0,125.0,3.3,168,IDDQ,ELECTRICAL,uA,2.2956,1770.9885,1771.1723,1771.1395,1768.6929,0.0151,0.0255,36.62,35.93,2.2956,1770.9885,1771.1723,1771.1395,1768.6929,75.0,False,NOMINAL,HEALTHY,-14.25,-39.26
MIX_LOT01_COMP1274,LOT_01,MIXED_SIGNAL_IC,CQFP-64,MIX-SIH-2026,THERMAL_BURN_IN,T01_1274,PROC-ISRO-IISU-01,ATE-STATION-01,CHAMBER-01,1.0,125.0,3.3,168,IDDQ,ELECTRICAL,uA,1.6596,1290.0595,1290.1698,1290.3109,1288.3999,-0.0203,-0.0105,34.52,34.89,1.6596,1290.0595,1290.1698,1290.3109,1288.3999,75.0,False,NOMINAL,HEALTHY,-6.47,9.18
MIX_LOT01_COMP1275,LOT_01,MIXED_SIGNAL_IC,CQFP-64,MIX-SIH-2026,THERMAL_BURN_IN,T01_1275,PROC-ISRO-IISU-01,ATE-STATION-01,CHAMBER-01,1.0,125.0,3.3,168,IDDQ,ELECTRICAL,uA,1.8731,1439.006,1439.0834,1439.1261,1437.1329,0.0265,-0.056,35.65,35.65,1.8731,1439.006,1439.0834,1439.1261,1437.1329,75.0,False,NOMINAL,HEALTHY,-7.31,-21.37
MIX_LOT01_COMP1276,LOT_01,MIXED_SIGNAL_IC,CQFP-64,MIX-SIH-2026,THERMAL_BURN_IN,T01_1276,PROC-ISRO-IISU-01,ATE-STATION-01,CHAMBER-01,1.0,125.0,3.3,168,IDDQ,ELECTRICAL,uA,1.7326,1339.0101,1339.1074,1339.2113,1337.2775,-0.0173,0.0377,33.1,33.34,1.7326,1339.0101,1339.1074,1339.2113,1337.2775,75.0,False,NOMINAL,HEALTHY,-11.93,-20.57
MIX_LOT01_COMP1277,LOT_01,MIXED_SIGNAL_IC,CQFP-64,MIX-SIH-2026,THERMAL_BURN_IN,T01_1277,PROC-ISRO-IISU-01,ATE-STATION-01,CHAMBER-01,1.0,125.0,3.3,168,IDDQ,ELECTRICAL,uA,1.7681,1360.4683,1360.6125,1360.6462,1358.7002,-0.0229,0.0159,34.78,34.63,1.7681,1360.4683,1360.6125,1360.6462,1358.7002,75.0,False,NOMINAL,HEALTHY,41.81,43.42
MIX_LOT01_COMP1278,LOT_01,MIXED_SIGNAL_IC,CQFP-64,MIX-SIH-2026,THERMAL_BURN_IN,T01_1278,PROC-ISRO-IISU-01,ATE-STATION-01,CHAMBER-01,1.0,125.0,3.3,168,IDDQ,ELECTRICAL,uA,2.255,1727.5277,1727.6593,1727.7538,1725.2727,-0.0229,0.0182,33.35,33.94,2.255,1727.5277,1727.6593,1727.7538,1725.2727,75.0,False,NOMINAL,HEALTHY,29.11,-15.08
MIX_LOT01_COMP1279,LOT_01,MIXED_SIGNAL_IC,CQFP-64,MIX-SIH-2026,THERMAL_BURN_IN,T01_1279,PROC-ISRO-IISU-01,ATE-STATION-01,CHAMBER-01,1.0,125.0,3.3,168,IDDQ,ELECTRICAL,uA,1.9496,1507.1193,1507.2391,1507.3303,1505.1697,0.0086,-0.0462,34.58,34.37,1.9496,1507.1193,1507.2391,1507.3303,1505.1697,75.0,False,NOMINAL,HEALTHY,-2.02,13.33
MIX_LOT01_COMP1280,LOT_01,MIXED_SIGNAL_IC,CQFP-64,MIX-SIH-2026,THERMAL_BURN_IN,T01_1280,PROC-ISRO-IISU-01,ATE-STATION-01,CHAMBER-01,1.0,125.0,3.3,168,IDDQ,ELECTRICAL,uA,1.9404,1476.8509,1476.9129,1477.0226,1474.9105,-0.004,0.0367,34.86,35.27,1.9404,1476.8509,1476.9129,1477.0226,1474.9105,75.0,False,NOMINAL,HEALTHY,-41.3,-15.67
MIX_LOT01_COMP1281,LOT_01,MIXED_SIGNAL_IC,CQFP-64,MIX-SIH-2026,THERMAL_BURN_IN,T01_1281,PROC-ISRO-IISU-01,ATE-STATION-01,CHAMBER-01,1.0,125.0,3.3,168,IDDQ,ELECTRICAL,uA,1.6347,1273.8928,1273.9944,1274.0841,1272.2581,-0.0015,-0.0382,36.1,35.71,1.6347,1273.8928,1273.9944,1274.0841,1272.2581,75.0,False,NOMINAL,HEALTHY,29.62,-14.92
MIX_LOT01_COMP1282,LOT_01,MIXED_SIGNAL_IC,CQFP-64,MIX-SIH-2026,THERMAL_BURN_IN,T01_1282,PROC-ISRO-IISU-01,ATE-STATION-01,CHAMBER-01,1.0,125.0,3.3,168,IDDQ,ELECTRICAL,uA,2.0396,1568.6456,1568.7493,1568.8485,1566.606,-0.0164,-0.0018,34.69,35.28,2.0396,1568.6456,1568.7493,1568.8485,1566.606,75.0,False,NOMINAL,HEALTHY,24.31,-42.17
MIX_LOT01_COMP1283,LOT_01,MIXED_SIGNAL_IC,CQFP-64,MIX-SIH-2026,THERMAL_BURN_IN,T01_1283,PROC-ISRO-IISU-01,ATE-STATION-01,CHAMBER-01,1.0,125.0,3.3,168,IDDQ,ELECTRICAL,uA,2.4508,1881.9604,1882.0976,1882.1447,1879.5096,0.0149,-0.0098,36.97,37.26,2.4508,1881.9604,1882.0976,1882.1447,1879.5096,75.0,False,NOMINAL,HEALTHY,-11.36,0.89
MIX_LOT01_COMP1284,LOT_01,MIXED_SIGNAL_IC,CQFP-64,MIX-SIH-2026,THERMAL_BURN_IN,T01_1284,PROC-ISRO-IISU-01,ATE-STATION-01,CHAMBER-01,1.0,125.0,3.3,168,IDDQ,ELECTRICAL,uA,2.1995,1703.513,1703.6536,1703.7205,1701.3135,-0.0153,-0.0087,35.08,35.48,2.1995,1703.513,1703.6536,1703.7205,1701.3135,75.0,False,NOMINAL,HEALTHY,-48.14,33.16
MIX_LOT01_COMP1285,LOT_01,MIXED_SIGNAL_IC,CQFP-64,MIX-SIH-2026,THERMAL_BURN_IN,T01_1285,PROC-ISRO-IISU-01,ATE-STATION-01,CHAMBER-01,1.0,125.0,3.3,168,IDDQ,ELECTRICAL,uA,2.0129,1548.7407,1548.783,1548.9368,1546.7278,0.0213,-0.0095,34.45,34.98,2.0129,1548.7407,1548.783,1548.9368,1546.7278,75.0,False,NOMINAL,HEALTHY,14.3,17.96
MIX_LOT01_COMP1286,LOT_01,MIXED_SIGNAL_IC,CQFP-64,MIX-SIH-2026,THERMAL_BURN_IN,T01_1286,PROC-ISRO-IISU-01,ATE-STATION-01,CHAMBER-01,1.0,125.0,3.3,168,IDDQ,ELECTRICAL,uA,2.0521,1576.6296,1576.8086,1576.8477,1574.5775,-0.0288,-0.0367,34.44,34.65,2.0521,1576.6296,1576.8086,1576.8477,1574.5775,75.0,False,NOMINAL,HEALTHY,16.99,-28.59
MIX_LOT01_COMP1287,LOT_01,MIXED_SIGNAL_IC,CQFP-64,MIX-SIH-2026,THERMAL_BURN_IN,T01_1287,PROC-ISRO-IISU-01,ATE-STATION-01,CHAMBER-01,1.0,125.0,3.3,168,IDDQ,ELECTRICAL,uA,2.2752,1734.0831,1734.1902,1734.2139,1731.8079,-0.0302,-0.0291,32.47,33.01,2.2752,1734.0831,1734.1902,1734.2139,1731.8079,75.0,False,NOMINAL,HEALTHY,-12.79,10.7
MIX_LOT01_COMP1288,LOT_01,MIXED_SIGNAL_IC,CQFP-64,MIX-SIH-2026,THERMAL_BURN_IN,T01_1288,PROC-ISRO-IISU-01,ATE-STATION-01,CHAMBER-01,1.0,125.0,3.3,168,IDDQ,ELECTRICAL,uA,1.823,1419.5993,1419.6806,1419.7571,1417.7763,-0.0137,0.0264,36.01,35.54,1.823,1419.5993,1419.6806,1419.7571,1417.7763,75.0,False,NOMINAL,HEALTHY,-21.86,35.0
MIX_LOT01_COMP1289,LOT_01,MIXED_SIGNAL_IC,CQFP-64,MIX-SIH-2026,THERMAL_BURN_IN,T01_1289,PROC-ISRO-IISU-01,ATE-STATION-01,CHAMBER-01,1.0,125.0,3.3,168,IDDQ,ELECTRICAL,uA,2.1264,1616.4603,1616.6143,1616.6668,1614.3339,0.0121,-0.0586,35.23,35.31,2.1264,1616.4603,1616.6143,1616.6668,1614.3339,75.0,False,NOMINAL,HEALTHY,-4.29,-2.15
MIX_LOT01_COMP1290,LOT_01,MIXED_SIGNAL_IC,CQFP-64,MIX-SIH-2026,THERMAL_BURN_IN,T01_1290,PROC-ISRO-IISU-01,ATE-STATION-01,CHAMBER-01,1.0,125.0,3.3,168,IDDQ,ELECTRICAL,uA,2.2393,1710.9383,1711.0868,1711.1535,1708.699,0.0145,-0.0058,34.16,34.61,2.2393,1710.9383,1711.0868,1711.1535,1708.699,75.0,False,NOMINAL,HEALTHY,27.2,-16.7
MIX_LOT01_COMP1291,LOT_01,MIXED_SIGNAL_IC,CQFP-64,MIX-SIH-2026,THERMAL_BURN_IN,T01_1291,PROC-ISRO-IISU-01,ATE-STATION-01,CHAMBER-01,1.0,125.0,3.3,168,IDDQ,ELECTRICAL,uA,2.4719,1913.0985,1913.3326,1913.4153,1910.6266,0.0145,0.0902,34.54,35.33,2.4719,1913.0985,1913.3326,1913.4153,1910.6266,75.0,False,NOMINAL,HEALTHY,-20.98,-25.27
MIX_LOT01_COMP1292,LOT_01,MIXED_SIGNAL_IC,CQFP-64,MIX-SIH-2026,THERMAL_BURN_IN,T01_1292,PROC-ISRO-IISU-01,ATE-STATION-01,CHAMBER-01,1.0,125.0,3.3,168,IDDQ,ELECTRICAL,uA,1.7452,1332.216,1332.2767,1332.3169,1330.4708,0.0014,-0.0288,35.01,35.04,1.7452,1332.216,1332.2767,1332.3169,1330.4708,75.0,False,NOMINAL,HEALTHY,5.73,37.08
MIX_LOT01_COMP1293,LOT_01,MIXED_SIGNAL_IC,CQFP-64,MIX-SIH-2026,THERMAL_BURN_IN,T01_1293,PROC-ISRO-IISU-01,ATE-STATION-01,CHAMBER-01,1.0,125.0,3.3,168,IDDQ,ELECTRICAL,uA,1.854,1413.0091,1413.0274,1413.1291,1411.1551,0.0375,0.0929,35.36,35.93,1.854,1413.0091,1413.0274,1413.1291,1411.1551,75.0,False,NOMINAL,HEALTHY,-15.99,-46.06
MIX_LOT01_COMP1294,LOT_01,MIXED_SIGNAL_IC,CQFP-64,MIX-SIH-2026,THERMAL_BURN_IN,T01_1294,PROC-ISRO-IISU-01,ATE-STATION-01,CHAMBER-01,1.0,125.0,3.3,168,IDDQ,ELECTRICAL,uA,2.167,1668.7335,1668.876,1668.9484,1666.5665,-0.0102,0.0159,36.16,36.02,2.167,1668.7335,1668.876,1668.9484,1666.5665,75.0,False,NOMINAL,HEALTHY,41.31,43.88
MIX_LOT01_COMP1295,LOT_01,MIXED_SIGNAL_IC,CQFP-64,MIX-SIH-2026,THERMAL_BURN_IN,T01_1295,PROC-ISRO-IISU-01,ATE-STATION-01,CHAMBER-01,1.0,125.0,3.3,168,IDDQ,ELECTRICAL,uA,2.0479,1550.3717,1550.4952,1550.5389,1548.3238,0.0246,-0.0252,34.32,33.14,2.0479,1550.3717,1550.4952,1550.5389,1548.3238,75.0,False,NOMINAL,HEALTHY,23.28,45.31
MIX_LOT01_COMP1296,LOT_01,MIXED_SIGNAL_IC,CQFP-64,MIX-SIH-2026,THERMAL_BURN_IN,T01_1296,PROC-ISRO-IISU-01,ATE-STATION-01,CHAMBER-01,1.0,125.0,3.3,168,IDDQ,ELECTRICAL,uA,2.2022,1689.91,1690.0693,1690.1047,1687.7078,0.0252,0.0506,36.57,35.95,2.2022,1689.91,1690.0693,1690.1047,1687.7078,75.0,False,NOMINAL,HEALTHY,0.95,11.03
MIX_LOT01_COMP1297,LOT_01,MIXED_SIGNAL_IC,CQFP-64,MIX-SIH-2026,THERMAL_BURN_IN,T01_1297,PROC-ISRO-IISU-01,ATE-STATION-01,CHAMBER-01,1.0,125.0,3.3,168,IDDQ,ELECTRICAL,uA,2.4446,1889.2191,1889.365,1889.4735,1886.7745,0.0149,0.0151,35.35,35.62,2.4446,1889.2191,1889.365,1889.4735,1886.7745,75.0,False,NOMINAL,HEALTHY,-2.86,-32.73
MIX_LOT01_COMP1298,LOT_01,MIXED_SIGNAL_IC,CQFP-64,MIX-SIH-2026,THERMAL_BURN_IN,T01_1298,PROC-ISRO-IISU-01,ATE-STATION-01,CHAMBER-01,1.0,125.0,3.3,168,IDDQ,ELECTRICAL,uA,2.1338,1646.7736,1646.864,1646.9358,1644.6398,-0.0278,0.0068,34.5,33.88,2.1338,1646.7736,1646.864,1646.9358,1644.6398,75.0,False,NOMINAL,HEALTHY,-46.47,-34.74
MIX_LOT01_COMP1299,LOT_01,MIXED_SIGNAL_IC,CQFP-64,MIX-SIH-2026,THERMAL_BURN_IN,T01_1299,PROC-ISRO-IISU-01,ATE-STATION-01,CHAMBER-01,1.0,125.0,3.3,168,IDDQ,ELECTRICAL,uA,2.0904,1620.115,1620.2015,1620.2828,1618.0246,-0.0376,0.0675,34.4,35.02,2.0904,1620.115,1620.2015,1620.2828,1618.0246,75.0,False,NOMINAL,HEALTHY,-11.2,33.49
MIX_LOT01_COMP1300,LOT_01,MIXED_SIGNAL_IC,CQFP-64,MIX-SIH-2026,THERMAL_BURN_IN,T01_1300,PROC-ISRO-IISU-01,ATE-STATION-01,CHAMBER-01,1.0,125.0,3.3,168,IDDQ,ELECTRICAL,uA,2.513,1934.1283,1934.2469,1934.3685,1931.6153,0.0036,-0.0883,34.78,33.95,2.513,1934.1283,1934.2469,1934.3685,1931.6153,75.0,False,NOMINAL,HEALTHY,49.0,25.36
MIX_LOT01_COMP1301,LOT_01,MIXED_SIGNAL_IC,CQFP-64,MIX-SIH-2026,THERMAL_BURN_IN,T01_1301,PROC-ISRO-IISU-01,ATE-STATION-01,CHAMBER-01,1.0,125.0,3.3,168,IDDQ,ELECTRICAL,uA,2.4131,1873.3618,1873.4427,1873.5743,1870.9487,-0.0152,0.0454,34.41,33.71,2.4131,1873.3618,1873.4427,1873.5743,1870.9487,75.0,False,NOMINAL,HEALTHY,9.3,11.98
MIX_LOT01_COMP1302,LOT_01,MIXED_SIGNAL_IC,CQFP-64,MIX-SIH-2026,THERMAL_BURN_IN,T01_1302,PROC-ISRO-IISU-01,ATE-STATION-01,CHAMBER-01,1.0,125.0,3.3,168,IDDQ,ELECTRICAL,uA,1.8014,1386.5726,1386.7015,1386.7662,1384.7712,0.0123,0.1328,34.9,34.09,1.8014,1386.5726,1386.7015,1386.7662,1384.7712,75.0,False,NOMINAL,HEALTHY,-14.28,38.5
MIX_LOT01_COMP1303,LOT_01,MIXED_SIGNAL_IC,CQFP-64,MIX-SIH-2026,THERMAL_BURN_IN,T01_1303,PROC-ISRO-IISU-01,ATE-STATION-01,CHAMBER-01,1.0,125.0,3.3,168,IDDQ,ELECTRICAL,uA,1.6402,1252.6333,1252.7671,1252.7608,1250.9931,-0.0182,0.0011,33.85,33.57,1.6402,1252.6333,1252.7671,1252.7608,1250.9931,75.0,False,NOMINAL,HEALTHY,-46.52,17.7
MIX_LOT01_COMP1304,LOT_01,MIXED_SIGNAL_IC,CQFP-64,MIX-SIH-2026,THERMAL_BURN_IN,T01_1304,PROC-ISRO-IISU-01,ATE-STATION-01,CHAMBER-01,1.0,125.0,3.3,168,IDDQ,ELECTRICAL,uA,2.2983,1760.6201,1760.7511,1760.8638,1758.3218,-0.0025,0.025,36.12,35.85,2.2983,1760.6201,1760.7511,1760.8638,1758.3218,75.0,False,NOMINAL,HEALTHY,18.03,5.92
MIX_LOT01_COMP1305,LOT_01,MIXED_SIGNAL_IC,CQFP-64,MIX-SIH-2026,THERMAL_BURN_IN,T01_1305,PROC-ISRO-IISU-01,ATE-STATION-01,CHAMBER-01,1.0,125.0,3.3,168,IDDQ,ELECTRICAL,uA,2.2013,1689.5054,1689.6823,1689.7639,1687.3041,0.0209,0.0717,33.78,33.27,2.2013,1689.5054,1689.6823,1689.7639,1687.3041,75.0,False,NOMINAL,HEALTHY,45.29,0.7
MIX_LOT01_COMP1306,LOT_01,MIXED_SIGNAL_IC,CQFP-64,MIX-SIH-2026,THERMAL_BURN_IN,T01_1306,PROC-ISRO-IISU-01,ATE-STATION-01,CHAMBER-01,1.0,125.0,3.3,168,IDDQ,ELECTRICAL,uA,1.9253,1490.4789,1490.5605,1490.6223,1488.5536,0.0077,-0.0016,37.27,36.91,1.9253,1490.4789,1490.5605,1490.6223,1488.5536,75.0,False,NOMINAL,HEALTHY,36.0,-8.08
MIX_LOT01_COMP1307,LOT_01,MIXED_SIGNAL_IC,CQFP-64,MIX-SIH-2026,THERMAL_BURN_IN,T01_1307,PROC-ISRO-IISU-01,ATE-STATION-01,CHAMBER-01,1.0,125.0,3.3,168,IDDQ,ELECTRICAL,uA,2.2541,1741.2221,1741.4406,1741.4658,1738.968,0.0017,-0.0212,34.06,34.35,2.2541,1741.2221,1741.4406,1741.4658,1738.968,75.0,False,NOMINAL,HEALTHY,-9.22,-15.19
MIX_LOT01_COMP1308,LOT_01,MIXED_SIGNAL_IC,CQFP-64,MIX-SIH-2026,THERMAL_BURN_IN,T01_1308,PROC-ISRO-IISU-01,ATE-STATION-01,CHAMBER-01,1.0,125.0,3.3,168,IDDQ,ELECTRICAL,uA,1.7712,1368.9648,1369.0844,1369.1544,1367.1936,-0.0074,-0.0132,34.92,35.87,1.7712,1368.9648,1369.0844,1369.1544,1367.1936,75.0,False,NOMINAL,HEALTHY,28.33,49.18
MIX_LOT01_COMP1309,LOT_01,MIXED_SIGNAL_IC,CQFP-64,MIX-SIH-2026,THERMAL_BURN_IN,T01_1309,PROC-ISRO-IISU-01,ATE-STATION-01,CHAMBER-01,1.0,125.0,3.3,168,IDDQ,ELECTRICAL,uA,2.1217,1627.202,1627.2936,1627.369,1625.0803,-0.0004,-0.1224,34.38,34.28,2.1217,1627.202,1627.2936,1627.369,1625.0803,75.0,False,NOMINAL,HEALTHY,-28.0,25.69
MIX_LOT01_COMP1310,LOT_01,MIXED_SIGNAL_IC,CQFP-64,MIX-SIH-2026,THERMAL_BURN_IN,T01_1310,PROC-ISRO-IISU-01,ATE-STATION-01,CHAMBER-01,1.0,125.0,3.3,168,IDDQ,ELECTRICAL,uA,2.4601,1881.6748,1881.8061,1881.8835,1879.2147,0.0124,-0.012,35.66,35.96,2.4601,1881.6748,1881.8061,1881.8835,1879.2147,75.0,False,NOMINAL,HEALTHY,19.8,35.58
MIX_LOT01_COMP1311,LOT_01,MIXED_SIGNAL_IC,CQFP-64,MIX-SIH-2026,THERMAL_BURN_IN,T01_1311,PROC-ISRO-IISU-01,ATE-STATION-01,CHAMBER-01,1.0,125.0,3.3,168,IDDQ,ELECTRICAL,uA,2.3119,1768.4846,1768.6107,1768.6196,1766.1727,-0.0267,0.0376,34.54,34.18,2.3119,1768.4846,1768.6107,1768.6196,1766.1727,75.0,False,NOMINAL,HEALTHY,37.09,15.65
MIX_LOT01_COMP1312,LOT_01,MIXED_SIGNAL_IC,CQFP-64,MIX-SIH-2026,THERMAL_BURN_IN,T01_1312,PROC-ISRO-IISU-01,ATE-STATION-01,CHAMBER-01,1.0,125.0,3.3,168,IDDQ,ELECTRICAL,uA,2.6097,2013.0023,2013.1786,2013.2492,2010.3926,-0.0042,0.0031,34.31,34.72,2.6097,2013.0023,2013.1786,2013.2492,2010.3926,75.0,False,NOMINAL,HEALTHY,-16.1,-11.92
MIX_LOT01_COMP1313,LOT_01,MIXED_SIGNAL_IC,CQFP-64,MIX-SIH-2026,THERMAL_BURN_IN,T01_1313,PROC-ISRO-IISU-01,ATE-STATION-01,CHAMBER-01,1.0,125.0,3.3,168,IDDQ,ELECTRICAL,uA,1.9185,1482.5563,1482.6536,1482.7948,1480.6378,-0.0347,-0.0815,37.56,36.75,1.9185,1482.5563,1482.6536,1482.7948,1480.6378,75.0,False,NOMINAL,HEALTHY,-36.75,-13.12
MIX_LOT01_COMP1314,LOT_01,MIXED_SIGNAL_IC,CQFP-64,MIX-SIH-2026,THERMAL_BURN_IN,T01_1314,PROC-ISRO-IISU-01,ATE-STATION-01,CHAMBER-01,1.0,125.0,3.3,168,IDDQ,ELECTRICAL,uA,2.2306,1730.781,1730.8557,1731.0225,1728.5504,0.0002,-0.0755,34.98,34.33,2.2306,1730.781,1730.8557,1731.0225,1728.5504,75.0,False,NOMINAL,HEALTHY,38.96,32.97
MIX_LOT01_COMP1315,LOT_01,MIXED_SIGNAL_IC,CQFP-64,MIX-SIH-2026,THERMAL_BURN_IN,T01_1315,PROC-ISRO-IISU-01,ATE-STATION-01,CHAMBER-01,1.0,125.0,3.3,168,IDDQ,ELECTRICAL,uA,1.8915,1467.917,1467.9764,1468.0924,1466.0255,0.0073,0.0253,35.38,36.13,1.8915,1467.917,1467.9764,1468.0924,1466.0255,75.0,False,NOMINAL,HEALTHY,-7.3,-49.68
MIX_LOT01_COMP1316,LOT_01,MIXED_SIGNAL_IC,CQFP-64,MIX-SIH-2026,THERMAL_BURN_IN,T01_1316,PROC-ISRO-IISU-01,ATE-STATION-01,CHAMBER-01,1.0,125.0,3.3,168,IDDQ,ELECTRICAL,uA,2.2257,1706.2062,1706.321,1706.3556,1703.9805,-0.0281,0.0717,34.88,34.89,2.2257,1706.2062,1706.321,1706.3556,1703.9805,75.0,False,NOMINAL,HEALTHY,-47.59,-49.71
MIX_LOT01_COMP1317,LOT_01,MIXED_SIGNAL_IC,CQFP-64,MIX-SIH-2026,THERMAL_BURN_IN,T01_1317,PROC-ISRO-IISU-01,ATE-STATION-01,CHAMBER-01,1.0,125.0,3.3,168,IDDQ,ELECTRICAL,uA,2.4346,1863.8711,1863.9989,1864.1642,1861.4365,-0.0119,-0.0305,36.75,37.47,2.4346,1863.8711,1863.9989,1864.1642,1861.4365,75.0,False,NOMINAL,HEALTHY,6.71,15.46
MIX_LOT01_COMP1318,LOT_01,MIXED_SIGNAL_IC,CQFP-64,MIX-SIH-2026,THERMAL_BURN_IN,T01_1318,PROC-ISRO-IISU-01,ATE-STATION-01,CHAMBER-01,1.0,125.0,3.3,168,IDDQ,ELECTRICAL,uA,2.1963,1711.4206,1711.539,1711.653,1709.2243,-0.0241,-0.0341,34.34,34.8,2.1963,1711.4206,1711.539,1711.653,1709.2243,75.0,False,NOMINAL,HEALTHY,46.7,-32.28
MIX_LOT01_COMP1319,LOT_01,MIXED_SIGNAL_IC,CQFP-64,MIX-SIH-2026,THERMAL_BURN_IN,T01_1319,PROC-ISRO-IISU-01,ATE-STATION-01,CHAMBER-01,1.0,125.0,3.3,168,IDDQ,ELECTRICAL,uA,1.9059,1451.9922,1452.0631,1452.2132,1450.0863,-0.016,0.0002,37.59,38.17,1.9059,1451.9922,1452.0631,1452.2132,1450.0863,75.0,False,NOMINAL,HEALTHY,-1.2,30.3
MIX_LOT01_COMP1320,LOT_01,MIXED_SIGNAL_IC,CQFP-64,MIX-SIH-2026,THERMAL_BURN_IN,T01_1320,PROC-ISRO-IISU-01,ATE-STATION-01,CHAMBER-01,1.0,125.0,3.3,168,IDDQ,ELECTRICAL,uA,2.3312,1815.1476,1815.3067,1815.3261,1812.8164,-0.0252,0.0056,34.88,34.87,2.3312,1815.1476,1815.3067,1815.3261,1812.8164,75.0,False,NOMINAL,HEALTHY,-38.01,-12.04
MIX_LOT01_COMP1321,LOT_01,MIXED_SIGNAL_IC,CQFP-64,MIX-SIH-2026,THERMAL_BURN_IN,T01_1321,PROC-ISRO-IISU-01,ATE-STATION-01,CHAMBER-01,1.0,125.0,3.3,168,IDDQ,ELECTRICAL,uA,1.9584,1497.2207,1497.3284,1497.4092,1495.2623,-0.0085,-0.1516,35.06,35.02,1.9584,1497.2207,1497.3284,1497.4092,1495.2623,75.0,False,NOMINAL,HEALTHY,4.87,-35.87
MIX_LOT01_COMP1322,LOT_01,MIXED_SIGNAL_IC,CQFP-64,MIX-SIH-2026,THERMAL_BURN_IN,T01_1322,PROC-ISRO-IISU-01,ATE-STATION-01,CHAMBER-01,1.0,125.0,3.3,168,IDDQ,ELECTRICAL,uA,2.213,1708.7106,1708.8073,1708.8861,1706.4976,-0.0116,-0.0582,34.57,34.75,2.213,1708.7106,1708.8073,1708.8861,1706.4976,75.0,False,NOMINAL,HEALTHY,-28.38,-25.68
MIX_LOT01_COMP1323,LOT_01,MIXED_SIGNAL_IC,CQFP-64,MIX-SIH-2026,THERMAL_BURN_IN,T01_1323,PROC-ISRO-IISU-01,ATE-STATION-01,CHAMBER-01,1.0,125.0,3.3,168,IDDQ,ELECTRICAL,uA,2.4413,1882.0099,1882.1672,1882.2736,1879.5686,-0.0217,-0.0626,35.87,35.31,2.4413,1882.0099,1882.1672,1882.2736,1879.5686,75.0,False,NOMINAL,HEALTHY,39.1,-35.75
MIX_LOT01_COMP1324,LOT_01,MIXED_SIGNAL_IC,CQFP-64,MIX-SIH-2026,THERMAL_BURN_IN,T01_1324,PROC-ISRO-IISU-01,ATE-STATION-01,CHAMBER-01,1.0,125.0,3.3,168,IDDQ,ELECTRICAL,uA,2.6685,2023.6744,2023.8145,2023.9184,2021.0059,0.0024,-0.069,34.17,34.35,2.6685,2023.6744,2023.8145,2023.9184,2021.0059,75.0,False,NOMINAL,HEALTHY,-16.32,-34.63
MIX_LOT01_COMP1325,LOT_01,MIXED_SIGNAL_IC,CQFP-64,MIX-SIH-2026,THERMAL_BURN_IN,T01_1325,PROC-ISRO-IISU-01,ATE-STATION-01,CHAMBER-01,1.0,125.0,3.3,168,IDDQ,ELECTRICAL,uA,1.5772,1210.5368,1210.6517,1210.718,1208.9596,-0.0319,-0.0075,36.34,36.83,1.5772,1210.5368,1210.6517,1210.718,1208.9596,75.0,False,NOMINAL,HEALTHY,17.85,32.62
MIX_LOT01_COMP1326,LOT_01,MIXED_SIGNAL_IC,CQFP-64,MIX-SIH-2026,THERMAL_BURN_IN,T01_1326,PROC-ISRO-IISU-01,ATE-STATION-01,CHAMBER-01,1.0,125.0,3.3,168,IDDQ,ELECTRICAL,uA,2.3172,1779.9976,1780.1558,1780.2725,1777.6804,-0.0156,0.0173,33.81,34.0,2.3172,1779.9976,1780.1558,1780.2725,1777.6804,75.0,False,NOMINAL,HEALTHY,21.01,-24.42
MIX_LOT01_COMP1327,LOT_01,MIXED_SIGNAL_IC,CQFP-64,MIX-SIH-2026,THERMAL_BURN_IN,T01_1327,PROC-ISRO-IISU-01,ATE-STATION-01,CHAMBER-01,1.0,125.0,3.3,168,IDDQ,ELECTRICAL,uA,2.0418,1564.2344,1564.3926,1564.3713,1562.1926,0.003,-0.0017,36.87,36.87,2.0418,1564.2344,1564.3926,1564.3713,1562.1926,75.0,False,NOMINAL,HEALTHY,20.65,19.16
MIX_LOT01_COMP1328,LOT_01,MIXED_SIGNAL_IC,CQFP-64,MIX-SIH-2026,THERMAL_BURN_IN,T01_1328,PROC-ISRO-IISU-01,ATE-STATION-01,CHAMBER-01,1.0,125.0,3.3,168,IDDQ,ELECTRICAL,uA,2.0284,1542.0547,1542.2027,1542.343,1540.0263,-0.0285,-0.0332,37.19,37.67,2.0284,1542.0547,1542.2027,1542.343,1540.0263,75.0,False,NOMINAL,HEALTHY,-19.36,-27.33
MIX_LOT01_COMP1329,LOT_01,MIXED_SIGNAL_IC,CQFP-64,MIX-SIH-2026,THERMAL_BURN_IN,T01_1329,PROC-ISRO-IISU-01,ATE-STATION-01,CHAMBER-01,1.0,125.0,3.3,168,IDDQ,ELECTRICAL,uA,2.7803,2138.9378,2139.0939,2139.2565,2136.1575,0.0008,-0.0064,34.2,34.25,2.7803,2138.9378,2139.0939,2139.2565,2136.1575,75.0,False,NOMINAL,HEALTHY,18.9,-11.25
MIX_LOT01_COMP1330,LOT_01,MIXED_SIGNAL_IC,CQFP-64,MIX-SIH-2026,THERMAL_BURN_IN,T01_1330,PROC-ISRO-IISU-01,ATE-STATION-01,CHAMBER-01,1.0,125.0,3.3,168,IDDQ,ELECTRICAL,uA,2.3096,1778.6163,1778.7508,1778.786,1776.3067,0.0262,0.0151,34.4,33.76,2.3096,1778.6163,1778.7508,1778.786,1776.3067,75.0,False,NOMINAL,HEALTHY,1.52,14.28
MIX_LOT01_COMP1331,LOT_01,MIXED_SIGNAL_IC,CQFP-64,MIX-SIH-2026,THERMAL_BURN_IN,T01_1331,PROC-ISRO-IISU-01,ATE-STATION-01,CHAMBER-01,1.0,125.0,3.3,168,IDDQ,ELECTRICAL,uA,1.8639,1423.5011,1423.614,1423.645,1421.6372,-0.0214,0.0597,35.71,36.74,1.8639,1423.5011,1423.614,1423.645,1421.6372,75.0,False,NOMINAL,HEALTHY,-32.69,3.8
MIX_LOT01_COMP1332,LOT_01,MIXED_SIGNAL_IC,CQFP-64,MIX-SIH-2026,THERMAL_BURN_IN,T01_1332,PROC-ISRO-IISU-01,ATE-STATION-01,CHAMBER-01,1.0,125.0,3.3,168,IDDQ,ELECTRICAL,uA,2.1531,1661.3399,1661.4795,1661.5504,1659.1868,0.0283,0.0228,34.41,34.02,2.1531,1661.3399,1661.4795,1661.5504,1659.1868,75.0,False,NOMINAL,HEALTHY,-29.79,-7.57
MIX_LOT01_COMP1333,LOT_01,MIXED_SIGNAL_IC,CQFP-64,MIX-SIH-2026,THERMAL_BURN_IN,T01_1333,PROC-ISRO-IISU-01,ATE-STATION-01,CHAMBER-01,1.0,125.0,3.3,168,IDDQ,ELECTRICAL,uA,2.2221,1719.1219,1719.2064,1719.3028,1716.8998,0.0166,0.0386,35.56,36.25,2.2221,1719.1219,1719.2064,1719.3028,1716.8998,75.0,False,NOMINAL,HEALTHY,33.07,38.1
MIX_LOT01_COMP1334,LOT_01,MIXED_SIGNAL_IC,CQFP-64,MIX-SIH-2026,THERMAL_BURN_IN,T01_1334,PROC-ISRO-IISU-01,ATE-STATION-01,CHAMBER-01,1.0,125.0,3.3,168,IDDQ,ELECTRICAL,uA,1.5855,1224.6719,1224.8288,1224.8654,1223.0864,0.0165,0.0816,34.68,34.66,1.5855,1224.6719,1224.8288,1224.8654,1223.0864,75.0,False,NOMINAL,HEALTHY,33.81,9.61
MIX_LOT01_COMP1335,LOT_01,MIXED_SIGNAL_IC,CQFP-64,MIX-SIH-2026,THERMAL_BURN_IN,T01_1335,PROC-ISRO-IISU-01,ATE-STATION-01,CHAMBER-01,1.0,125.0,3.3,168,IDDQ,ELECTRICAL,uA,2.0942,1617.5263,1617.6468,1617.7763,1615.4321,0.0007,-0.0473,34.72,35.03,2.0942,1617.5263,1617.6468,1617.7763,1615.4321,75.0,False,NOMINAL,HEALTHY,-38.38,-26.71
MIX_LOT01_COMP1336,LOT_01,MIXED_SIGNAL_IC,CQFP-64,MIX-SIH-2026,THERMAL_BURN_IN,T01_1336,PROC-ISRO-IISU-01,ATE-STATION-01,CHAMBER-01,1.0,125.0,3.3,168,IDDQ,ELECTRICAL,uA,2.3743,1839.8871,1840.0486,1840.1478,1837.5128,-0.0054,0.0435,34.01,34.03,2.3743,1839.8871,1840.0486,1840.1478,1837.5128,75.0,False,NOMINAL,HEALTHY,-8.45,-47.1
MIX_LOT01_COMP1337,LOT_01,MIXED_SIGNAL_IC,CQFP-64,MIX-SIH-2026,THERMAL_BURN_IN,T01_1337,PROC-ISRO-IISU-01,ATE-STATION-01,CHAMBER-01,1.0,125.0,3.3,168,IDDQ,ELECTRICAL,uA,2.3024,1767.7071,1767.8147,1767.8756,1765.4047,0.0329,0.0987,33.43,33.34,2.3024,1767.7071,1767.8147,1767.8756,1765.4047,75.0,False,NOMINAL,HEALTHY,7.98,-9.38
MIX_LOT01_COMP1338,LOT_01,MIXED_SIGNAL_IC,CQFP-64,MIX-SIH-2026,THERMAL_BURN_IN,T01_1338,PROC-ISRO-IISU-01,ATE-STATION-01,CHAMBER-01,1.0,125.0,3.3,168,IDDQ,ELECTRICAL,uA,1.5784,1207.3735,1207.4559,1207.5074,1205.7951,0.0117,0.0248,34.24,34.27,1.5784,1207.3735,1207.4559,1207.5074,1205.7951,75.0,False,NOMINAL,HEALTHY,8.52,35.6
MIX_LOT01_COMP1339,LOT_01,MIXED_SIGNAL_IC,CQFP-64,MIX-SIH-2026,THERMAL_BURN_IN,T01_1339,PROC-ISRO-IISU-01,ATE-STATION-01,CHAMBER-01,1.0,125.0,3.3,168,IDDQ,ELECTRICAL,uA,2.1326,1662.0572,1662.1586,1662.3002,1659.9246,0.039,0.1322,34.35,34.38,2.1326,1662.0572,1662.1586,1662.3002,1659.9246,75.0,False,NOMINAL,HEALTHY,10.5,-15.71
MIX_LOT01_COMP1340,LOT_01,MIXED_SIGNAL_IC,CQFP-64,MIX-SIH-2026,THERMAL_BURN_IN,T01_1340,PROC-ISRO-IISU-01,ATE-STATION-01,CHAMBER-01,1.0,125.0,3.3,168,IDDQ,ELECTRICAL,uA,2.3802,1848.1497,1848.3537,1848.3828,1845.7695,0.0098,-0.0479,37.0,36.97,2.3802,1848.1497,1848.3537,1848.3828,1845.7695,75.0,False,NOMINAL,HEALTHY,-36.84,-36.0
MIX_LOT01_COMP1341,LOT_01,MIXED_SIGNAL_IC,CQFP-64,MIX-SIH-2026,THERMAL_BURN_IN,T01_1341,PROC-ISRO-IISU-01,ATE-STATION-01,CHAMBER-01,1.0,125.0,3.3,168,IDDQ,ELECTRICAL,uA,2.0976,1616.1255,1616.2475,1616.3598,1614.0279,0.0043,-0.0684,35.1,34.88,2.0976,1616.1255,1616.2475,1616.3598,1614.0279,75.0,False,NOMINAL,HEALTHY,-11.56,12.91
MIX_LOT01_COMP1342,LOT_01,MIXED_SIGNAL_IC,CQFP-64,MIX-SIH-2026,THERMAL_BURN_IN,T01_1342,PROC-ISRO-IISU-01,ATE-STATION-01,CHAMBER-01,1.0,125.0,3.3,168,IDDQ,ELECTRICAL,uA,2.2188,1719.2018,1719.321,1719.4238,1716.983,0.0221,0.0255,33.47,33.49,2.2188,1719.2018,1719.321,1719.4238,1716.983,75.0,False,NOMINAL,HEALTHY,47.27,-33.41
MIX_LOT01_COMP1343,LOT_01,MIXED_SIGNAL_IC,CQFP-64,MIX-SIH-2026,THERMAL_BURN_IN,T01_1343,PROC-ISRO-IISU-01,ATE-STATION-01,CHAMBER-01,1.0,125.0,3.3,168,IDDQ,ELECTRICAL,uA,1.9449,1492.0948,1492.1945,1492.2463,1490.1499,0.0349,-0.0403,35.34,35.81,1.9449,1492.0948,1492.1945,1492.2463,1490.1499,75.0,False,NOMINAL,HEALTHY,-4.48,-43.51
MIX_LOT01_COMP1344,LOT_01,MIXED_SIGNAL_IC,CQFP-64,MIX-SIH-2026,THERMAL_BURN_IN,T01_1344,PROC-ISRO-IISU-01,ATE-STATION-01,CHAMBER-01,1.0,125.0,3.3,168,IDDQ,ELECTRICAL,uA,9.4439,7280.6915,7281.0751,7281.286,7271.2476,0.0118,0.0206,36.3,36.23,9.4439,7280.6915,7281.0751,7281.286,7271.2476,75.0,True,SPATIAL_OUTLIER,HEALTHY,-12.99,9.69
MIX_LOT01_COMP1345,LOT_01,MIXED_SIGNAL_IC,CQFP-64,MIX-SIH-2026,THERMAL_BURN_IN,T01_1345,PROC-ISRO-IISU-01,ATE-STATION-01,CHAMBER-01,1.0,125.0,3.3,168,IDDQ,ELECTRICAL,uA,1.9152,1488.5749,1488.6733,1488.7148,1486.6597,-0.0166,-0.0838,34.08,34.56,1.9152,1488.5749,1488.6733,1488.7148,1486.6597,75.0,False,NOMINAL,HEALTHY,-43.8,39.58
MIX_LOT01_COMP1346,LOT_01,MIXED_SIGNAL_IC,CQFP-64,MIX-SIH-2026,THERMAL_BURN_IN,T01_1346,PROC-ISRO-IISU-01,ATE-STATION-01,CHAMBER-01,1.0,125.0,3.3,168,IDDQ,ELECTRICAL,uA,2.272,1758.9473,1759.0297,1759.1511,1756.6753,-0.0208,0.0111,35.64,36.0,2.272,1758.9473,1759.0297,1759.1511,1756.6753,75.0,False,NOMINAL,HEALTHY,-1.06,22.77
MIX_LOT01_COMP1347,LOT_01,MIXED_SIGNAL_IC,CQFP-64,MIX-SIH-2026,THERMAL_BURN_IN,T01_1347,PROC-ISRO-IISU-01,ATE-STATION-01,CHAMBER-01,1.0,125.0,3.3,168,IDDQ,ELECTRICAL,uA,1.8456,1428.1684,1428.3253,1428.3802,1426.3228,-0.0306,-0.0518,35.24,34.79,1.8456,1428.1684,1428.3253,1428.3802,1426.3228,75.0,False,NOMINAL,HEALTHY,-17.94,31.91
MIX_LOT01_COMP1348,LOT_01,MIXED_SIGNAL_IC,CQFP-64,MIX-SIH-2026,THERMAL_BURN_IN,T01_1348,PROC-ISRO-IISU-01,ATE-STATION-01,CHAMBER-01,1.0,125.0,3.3,168,IDDQ,ELECTRICAL,uA,1.8678,1437.0805,1439.3855,1448.8718,1435.2127,0.029,0.0318,32.66,32.53,1.8678,1437.0805,1439.3855,1448.8718,1435.2127,75.0,True,ELECTROMIGRATION,HEALTHY,41.39,38.18
MIX_LOT01_COMP1349,LOT_01,MIXED_SIGNAL_IC,CQFP-64,MIX-SIH-2026,THERMAL_BURN_IN,T01_1349,PROC-ISRO-IISU-01,ATE-STATION-01,CHAMBER-01,1.0,125.0,3.3,168,IDDQ,ELECTRICAL,uA,2.3596,1834.5365,1834.6653,1834.7533,1832.1769,-0.0356,-0.0443,35.2,35.33,2.3596,1834.5365,1834.6653,1834.7533,1832.1769,75.0,False,NOMINAL,HEALTHY,24.97,-20.22
MIX_LOT01_COMP1350,LOT_01,MIXED_SIGNAL_IC,CQFP-64,MIX-SIH-2026,THERMAL_BURN_IN,T01_1350,PROC-ISRO-IISU-01,ATE-STATION-01,CHAMBER-01,1.0,125.0,3.3,168,IDDQ,ELECTRICAL,uA,2.1715,1668.2342,1668.3571,1668.4553,1666.0627,0.0112,0.0088,35.06,34.44,2.1715,1668.2342,1668.3571,1668.4553,1666.0627,75.0,False,NOMINAL,HEALTHY,45.08,-37.63
MIX_LOT01_COMP1351,LOT_01,MIXED_SIGNAL_IC,CQFP-64,MIX-SIH-2026,THERMAL_BURN_IN,T01_1351,PROC-ISRO-IISU-01,ATE-STATION-01,CHAMBER-01,1.0,125.0,3.3,168,IDDQ,ELECTRICAL,uA,1.9794,1493.1842,1493.282,1493.3524,1491.2048,0.0076,0.0711,34.23,34.01,1.9794,1493.1842,1493.282,1493.3524,1491.2048,75.0,False,NOMINAL,HEALTHY,30.36,-16.17
MIX_LOT01_COMP1352,LOT_01,MIXED_SIGNAL_IC,CQFP-64,MIX-SIH-2026,THERMAL_BURN_IN,T01_1352,PROC-ISRO-IISU-01,ATE-STATION-01,CHAMBER-01,1.0,125.0,3.3,168,IDDQ,ELECTRICAL,uA,1.9158,1508.2898,1508.4332,1508.5537,1506.374,0.0021,0.0054,35.26,35.77,1.9158,1508.2898,1508.4332,1508.5537,1506.374,75.0,False,NOMINAL,HEALTHY,29.59,-24.67
MIX_LOT01_COMP1353,LOT_01,MIXED_SIGNAL_IC,CQFP-64,MIX-SIH-2026,THERMAL_BURN_IN,T01_1353,PROC-ISRO-IISU-01,ATE-STATION-01,CHAMBER-01,1.0,125.0,3.3,168,IDDQ,ELECTRICAL,uA,2.1558,1647.672,1647.7358,1647.8867,1645.5162,-0.0056,0.0167,36.23,36.4,2.1558,1647.672,1647.7358,1647.8867,1645.5162,75.0,False,NOMINAL,HEALTHY,25.03,44.7
MIX_LOT01_COMP1354,LOT_01,MIXED_SIGNAL_IC,CQFP-64,MIX-SIH-2026,THERMAL_BURN_IN,T01_1354,PROC-ISRO-IISU-01,ATE-STATION-01,CHAMBER-01,1.0,125.0,3.3,168,IDDQ,ELECTRICAL,uA,1.9746,1521.553,1521.6302,1521.7256,1519.5784,0.0186,0.0602,36.38,36.32,1.9746,1521.553,1521.6302,1521.7256,1519.5784,75.0,False,NOMINAL,HEALTHY,-42.55,-8.37
MIX_LOT01_COMP1355,LOT_01,MIXED_SIGNAL_IC,CQFP-64,MIX-SIH-2026,THERMAL_BURN_IN,T01_1355,PROC-ISRO-IISU-01,ATE-STATION-01,CHAMBER-01,1.0,125.0,3.3,168,IDDQ,ELECTRICAL,uA,1.8147,1384.463,1384.6125,1384.6172,1382.6483,-0.0051,0.0026,34.47,34.3,1.8147,1384.463,1384.6125,1384.6172,1382.6483,75.0,False,NOMINAL,HEALTHY,12.03,38.84
MIX_LOT01_COMP1356,LOT_01,MIXED_SIGNAL_IC,CQFP-64,MIX-SIH-2026,THERMAL_BURN_IN,T01_1356,PROC-ISRO-IISU-01,ATE-STATION-01,CHAMBER-01,1.0,125.0,3.3,168,IDDQ,ELECTRICAL,uA,2.0957,1610.378,1610.5299,1610.5772,1608.2823,0.0141,-0.0358,35.84,35.79,2.0957,1610.378,1610.5299,1610.5772,1608.2823,75.0,False,NOMINAL,HEALTHY,49.35,49.87
MIX_LOT01_COMP1357,LOT_01,MIXED_SIGNAL_IC,CQFP-64,MIX-SIH-2026,THERMAL_BURN_IN,T01_1357,PROC-ISRO-IISU-01,ATE-STATION-01,CHAMBER-01,1.0,125.0,3.3,168,IDDQ,ELECTRICAL,uA,2.1817,1659.3731,1659.5499,1659.6534,1657.1914,0.0352,0.06,35.04,35.5,2.1817,1659.3731,1659.5499,1659.6534,1657.1914,75.0,False,NOMINAL,HEALTHY,-13.93,-41.4
MIX_LOT01_COMP1358,LOT_01,MIXED_SIGNAL_IC,CQFP-64,MIX-SIH-2026,THERMAL_BURN_IN,T01_1358,PROC-ISRO-IISU-01,ATE-STATION-01,CHAMBER-01,1.0,125.0,3.3,168,IDDQ,ELECTRICAL,uA,2.0504,1588.0154,1588.1441,1588.1715,1585.965,0.027,-0.0096,35.27,35.15,2.0504,1588.0154,1588.1441,1588.1715,1585.965,75.0,False,NOMINAL,HEALTHY,-3.42,-7.69
MIX_LOT01_COMP1359,LOT_01,MIXED_SIGNAL_IC,CQFP-64,MIX-SIH-2026,THERMAL_BURN_IN,T01_1359,PROC-ISRO-IISU-01,ATE-STATION-01,CHAMBER-01,1.0,125.0,3.3,168,IDDQ,ELECTRICAL,uA,2.1857,1693.4974,1693.5933,1693.6792,1691.3117,0.0176,0.0129,35.8,34.93,2.1857,1693.4974,1693.5933,1693.6792,1691.3117,75.0,False,NOMINAL,HEALTHY,-45.54,43.49
MIX_LOT01_COMP1360,LOT_01,MIXED_SIGNAL_IC,CQFP-64,MIX-SIH-2026,THERMAL_BURN_IN,T01_1360,PROC-ISRO-IISU-01,ATE-STATION-01,CHAMBER-01,1.0,125.0,3.3,168,IDDQ,ELECTRICAL,uA,2.3451,1786.0521,1786.232,1786.3724,1783.707,-0.0299,-0.0108,36.58,36.47,2.3451,1786.0521,1786.232,1786.3724,1783.707,75.0,False,NOMINAL,HEALTHY,24.43,-44.88
MIX_LOT01_COMP1361,LOT_01,MIXED_SIGNAL_IC,CQFP-64,MIX-SIH-2026,THERMAL_BURN_IN,T01_1361,PROC-ISRO-IISU-01,ATE-STATION-01,CHAMBER-01,1.0,125.0,3.3,168,IDDQ,ELECTRICAL,uA,2.2274,1710.7024,1710.8183,1710.9044,1708.475,-0.017,-0.0295,35.05,35.5,2.2274,1710.7024,1710.8183,1710.9044,1708.475,75.0,False,NOMINAL,HEALTHY,-41.76,-25.67
MIX_LOT01_COMP1362,LOT_01,MIXED_SIGNAL_IC,CQFP-64,MIX-SIH-2026,THERMAL_BURN_IN,T01_1362,PROC-ISRO-IISU-01,ATE-STATION-01,CHAMBER-01,1.0,125.0,3.3,168,IDDQ,ELECTRICAL,uA,2.0099,1542.3058,1542.3842,1542.5,1540.2959,0.0331,0.012,34.76,34.62,2.0099,1542.3058,1542.3842,1542.5,1540.2959,75.0,False,NOMINAL,HEALTHY,-34.27,18.4
MIX_LOT01_COMP1363,LOT_01,MIXED_SIGNAL_IC,CQFP-64,MIX-SIH-2026,THERMAL_BURN_IN,T01_1363,PROC-ISRO-IISU-01,ATE-STATION-01,CHAMBER-01,1.0,125.0,3.3,168,IDDQ,ELECTRICAL,uA,2.2051,1707.0756,1707.2305,1707.3395,1704.8705,0.0334,0.1189,34.92,35.33,2.2051,1707.0756,1707.2305,1707.3395,1704.8705,75.0,False,NOMINAL,HEALTHY,-48.64,-21.03
MIX_LOT01_COMP1364,LOT_01,MIXED_SIGNAL_IC,CQFP-64,MIX-SIH-2026,THERMAL_BURN_IN,T01_1364,PROC-ISRO-IISU-01,ATE-STATION-01,CHAMBER-01,1.0,125.0,3.3,168,IDDQ,ELECTRICAL,uA,2.4233,1876.4655,1876.5713,1876.6981,1874.0422,0.0414,-0.0163,34.55,34.64,2.4233,1876.4655,1876.5713,1876.6981,1874.0422,75.0,False,NOMINAL,HEALTHY,3.22,26.76
MIX_LOT01_COMP1365,LOT_01,MIXED_SIGNAL_IC,CQFP-64,MIX-SIH-2026,THERMAL_BURN_IN,T01_1365,PROC-ISRO-IISU-01,ATE-STATION-01,CHAMBER-01,1.0,125.0,3.3,168,IDDQ,ELECTRICAL,uA,2.0199,1561.9202,1562.0238,1562.0814,1559.9003,0.0108,0.0132,35.46,35.37,2.0199,1561.9202,1562.0238,1562.0814,1559.9003,75.0,False,NOMINAL,HEALTHY,7.19,-28.81
MIX_LOT01_COMP1366,LOT_01,MIXED_SIGNAL_IC,CQFP-64,MIX-SIH-2026,THERMAL_BURN_IN,T01_1366,PROC-ISRO-IISU-01,ATE-STATION-01,CHAMBER-01,1.0,125.0,3.3,168,IDDQ,ELECTRICAL,uA,2.4275,1886.3062,1886.4715,1886.5202,1883.8787,0.0215,-0.019,34.05,33.86,2.4275,1886.3062,1886.4715,1886.5202,1883.8787,75.0,False,NOMINAL,HEALTHY,17.23,47.86
MIX_LOT01_COMP1367,LOT_01,MIXED_SIGNAL_IC,CQFP-64,MIX-SIH-2026,THERMAL_BURN_IN,T01_1367,PROC-ISRO-IISU-01,ATE-STATION-01,CHAMBER-01,1.0,125.0,3.3,168,IDDQ,ELECTRICAL,uA,2.3594,1813.0894,1813.2408,1813.3399,1810.73,-0.0081,-0.0337,35.48,36.41,2.3594,1813.0894,1813.2408,1813.3399,1810.73,75.0,False,NOMINAL,HEALTHY,32.18,5.46
MIX_LOT01_COMP1368,LOT_01,MIXED_SIGNAL_IC,CQFP-64,MIX-SIH-2026,THERMAL_BURN_IN,T01_1368,PROC-ISRO-IISU-01,ATE-STATION-01,CHAMBER-01,1.0,125.0,3.3,168,IDDQ,ELECTRICAL,uA,2.4385,1867.6097,1867.6817,1867.8207,1865.1712,-0.0143,0.0608,34.98,34.83,2.4385,1867.6097,1867.6817,1867.8207,1865.1712,75.0,False,NOMINAL,HEALTHY,18.09,-41.04
MIX_LOT01_COMP1369,LOT_01,MIXED_SIGNAL_IC,CQFP-64,MIX-SIH-2026,THERMAL_BURN_IN,T01_1369,PROC-ISRO-IISU-01,ATE-STATION-01,CHAMBER-01,1.0,125.0,3.3,168,IDDQ,ELECTRICAL,uA,2.1292,1630.4642,1630.5846,1630.6554,1628.335,-0.0259,-0.0031,34.3,34.27,2.1292,1630.4642,1630.5846,1630.6554,1628.335,75.0,False,NOMINAL,HEALTHY,22.61,34.87
MIX_LOT01_COMP1370,LOT_01,MIXED_SIGNAL_IC,CQFP-64,MIX-SIH-2026,THERMAL_BURN_IN,T01_1370,PROC-ISRO-IISU-01,ATE-STATION-01,CHAMBER-01,1.0,125.0,3.3,168,IDDQ,ELECTRICAL,uA,2.2972,1773.4874,1773.6189,1773.7118,1771.1902,0.0237,0.063,33.62,33.57,2.2972,1773.4874,1773.6189,1773.7118,1771.1902,75.0,False,NOMINAL,HEALTHY,-1.0,-21.77
MIX_LOT01_COMP1371,LOT_01,MIXED_SIGNAL_IC,CQFP-64,MIX-SIH-2026,THERMAL_BURN_IN,T01_1371,PROC-ISRO-IISU-01,ATE-STATION-01,CHAMBER-01,1.0,125.0,3.3,168,IDDQ,ELECTRICAL,uA,2.0017,1531.0117,1531.1274,1531.2207,1529.01,-0.0256,-0.0408,35.84,35.47,2.0017,1531.0117,1531.1274,1531.2207,1529.01,75.0,False,NOMINAL,HEALTHY,-13.19,39.7
MIX_LOT01_COMP1372,LOT_01,MIXED_SIGNAL_IC,CQFP-64,MIX-SIH-2026,THERMAL_BURN_IN,T01_1372,PROC-ISRO-IISU-01,ATE-STATION-01,CHAMBER-01,1.0,125.0,3.3,168,IDDQ,ELECTRICAL,uA,2.0651,1603.1501,1603.3147,1603.3217,1601.085,0.0033,0.0538,36.5,36.08,2.0651,1603.1501,1603.3147,1603.3217,1601.085,75.0,False,NOMINAL,HEALTHY,-21.0,22.37
MIX_LOT01_COMP1373,LOT_01,MIXED_SIGNAL_IC,CQFP-64,MIX-SIH-2026,THERMAL_BURN_IN,T01_1373,PROC-ISRO-IISU-01,ATE-STATION-01,CHAMBER-01,1.0,125.0,3.3,168,IDDQ,ELECTRICAL,uA,1.8428,1421.7233,1421.8484,1421.816,1419.8805,0.0176,-0.0107,36.59,36.59,1.8428,1421.7233,1421.8484,1421.816,1419.8805,75.0,False,NOMINAL,HEALTHY,-25.66,-35.45
MIX_LOT01_COMP1374,LOT_01,MIXED_SIGNAL_IC,CQFP-64,MIX-SIH-2026,THERMAL_BURN_IN,T01_1374,PROC-ISRO-IISU-01,ATE-STATION-01,CHAMBER-01,1.0,125.0,3.3,168,IDDQ,ELECTRICAL,uA,2.2438,1745.7228,1745.8569,1745.9247,1743.479,-0.0082,-0.0071,35.89,36.51,2.2438,1745.7228,1745.8569,1745.9247,1743.479,75.0,False,NOMINAL,HEALTHY,44.7,28.58
MIX_LOT01_COMP1375,LOT_01,MIXED_SIGNAL_IC,CQFP-64,MIX-SIH-2026,THERMAL_BURN_IN,T01_1375,PROC-ISRO-IISU-01,ATE-STATION-01,CHAMBER-01,1.0,125.0,3.3,168,IDDQ,ELECTRICAL,uA,1.9213,1463.9675,1464.0989,1464.1704,1462.0462,-0.0031,0.0732,34.74,35.86,1.9213,1463.9675,1464.0989,1464.1704,1462.0462,75.0,False,NOMINAL,HEALTHY,31.41,45.73
MIX_LOT01_COMP1376,LOT_01,MIXED_SIGNAL_IC,CQFP-64,MIX-SIH-2026,THERMAL_BURN_IN,T01_1376,PROC-ISRO-IISU-01,ATE-STATION-01,CHAMBER-01,1.0,125.0,3.3,168,IDDQ,ELECTRICAL,uA,2.6202,2040.4548,2040.6671,2040.6582,2037.8346,0.0156,0.0103,37.11,36.99,2.6202,2040.4548,2040.6671,2040.6582,2037.8346,75.0,False,NOMINAL,HEALTHY,5.36,-24.24
MIX_LOT01_COMP1377,LOT_01,MIXED_SIGNAL_IC,CQFP-64,MIX-SIH-2026,THERMAL_BURN_IN,T01_1377,PROC-ISRO-IISU-01,ATE-STATION-01,CHAMBER-01,1.0,125.0,3.3,168,IDDQ,ELECTRICAL,uA,2.1098,1639.0167,1639.1448,1639.2687,1636.9069,0.0229,0.0279,35.97,35.89,2.1098,1639.0167,1639.1448,1639.2687,1636.9069,75.0,False,NOMINAL,HEALTHY,-8.22,-32.19
MIX_LOT01_COMP1378,LOT_01,MIXED_SIGNAL_IC,CQFP-64,MIX-SIH-2026,THERMAL_BURN_IN,T01_1378,PROC-ISRO-IISU-01,ATE-STATION-01,CHAMBER-01,1.0,125.0,3.3,168,IDDQ,ELECTRICAL,uA,2.251,1758.2452,1758.3777,1758.4095,1755.9942,0.0062,0.0674,35.09,34.9,2.251,1758.2452,1758.3777,1758.4095,1755.9942,75.0,False,NOMINAL,HEALTHY,36.85,24.01
MIX_LOT01_COMP1379,LOT_01,MIXED_SIGNAL_IC,CQFP-64,MIX-SIH-2026,THERMAL_BURN_IN,T01_1379,PROC-ISRO-IISU-01,ATE-STATION-01,CHAMBER-01,1.0,125.0,3.3,168,IDDQ,ELECTRICAL,uA,2.0619,1565.1311,1565.2288,1565.324,1563.0692,-0.0162,0.0671,35.23,36.15,2.0619,1565.1311,1565.2288,1565.324,1563.0692,75.0,False,NOMINAL,HEALTHY,48.03,-32.84
MIX_LOT01_COMP1380,LOT_01,MIXED_SIGNAL_IC,CQFP-64,MIX-SIH-2026,THERMAL_BURN_IN,T01_1380,PROC-ISRO-IISU-01,ATE-STATION-01,CHAMBER-01,1.0,125.0,3.3,168,IDDQ,ELECTRICAL,uA,2.0235,1583.7874,1583.9228,1584.001,1581.7639,-0.0134,-0.0285,35.22,35.04,2.0235,1583.7874,1583.9228,1584.001,1581.7639,75.0,False,NOMINAL,HEALTHY,-14.89,28.54
MIX_LOT01_COMP1381,LOT_01,MIXED_SIGNAL_IC,CQFP-64,MIX-SIH-2026,THERMAL_BURN_IN,T01_1381,PROC-ISRO-IISU-01,ATE-STATION-01,CHAMBER-01,1.0,125.0,3.3,168,IDDQ,ELECTRICAL,uA,1.6474,1282.8223,1282.9457,1283.0114,1281.1749,-0.0113,-0.0865,35.72,35.87,1.6474,1282.8223,1282.9457,1283.0114,1281.1749,75.0,False,NOMINAL,HEALTHY,-2.72,-11.95
MIX_LOT01_COMP1382,LOT_01,MIXED_SIGNAL_IC,CQFP-64,MIX-SIH-2026,THERMAL_BURN_IN,T01_1382,PROC-ISRO-IISU-01,ATE-STATION-01,CHAMBER-01,1.0,125.0,3.3,168,IDDQ,ELECTRICAL,uA,2.3201,1789.664,1789.7748,1789.8417,1787.3439,0.0292,-0.0379,35.7,36.38,2.3201,1789.664,1789.7748,1789.8417,1787.3439,75.0,False,NOMINAL,HEALTHY,-39.92,-1.46
MIX_LOT01_COMP1383,LOT_01,MIXED_SIGNAL_IC,CQFP-64,MIX-SIH-2026,THERMAL_BURN_IN,T01_1383,PROC-ISRO-IISU-01,ATE-STATION-01,CHAMBER-01,1.0,125.0,3.3,168,IDDQ,ELECTRICAL,uA,2.5394,1940.5052,1940.6631,1940.8276,1937.9658,-0.0246,0.0139,35.65,35.24,2.5394,1940.5052,1940.6631,1940.8276,1937.9658,75.0,False,NOMINAL,HEALTHY,3.29,35.74
MIX_LOT01_COMP1384,LOT_01,MIXED_SIGNAL_IC,CQFP-64,MIX-SIH-2026,THERMAL_BURN_IN,T01_1384,PROC-ISRO-IISU-01,ATE-STATION-01,CHAMBER-01,1.0,125.0,3.3,168,IDDQ,ELECTRICAL,uA,1.7253,1321.0796,1321.2083,1321.253,1319.3543,-0.0043,0.0274,35.68,35.45,1.7253,1321.0796,1321.2083,1321.253,1319.3543,75.0,False,NOMINAL,HEALTHY,-46.82,40.61
MIX_LOT01_COMP1385,LOT_01,MIXED_SIGNAL_IC,CQFP-64,MIX-SIH-2026,THERMAL_BURN_IN,T01_1385,PROC-ISRO-IISU-01,ATE-STATION-01,CHAMBER-01,1.0,125.0,3.3,168,IDDQ,ELECTRICAL,uA,2.3955,1829.1664,1829.3153,1829.3379,1826.7709,0.0399,0.0697,36.15,34.88,2.3955,1829.1664,1829.3153,1829.3379,1826.7709,75.0,False,NOMINAL,HEALTHY,-28.67,-8.76
MIX_LOT01_COMP1386,LOT_01,MIXED_SIGNAL_IC,CQFP-64,MIX-SIH-2026,THERMAL_BURN_IN,T01_1386,PROC-ISRO-IISU-01,ATE-STATION-01,CHAMBER-01,1.0,125.0,3.3,168,IDDQ,ELECTRICAL,uA,2.0065,1557.0697,1557.1636,1557.2477,1555.0632,-0.0121,-0.0799,34.27,34.17,2.0065,1557.0697,1557.1636,1557.2477,1555.0632,75.0,False,NOMINAL,HEALTHY,41.47,-1.22
MIX_LOT01_COMP1387,LOT_01,MIXED_SIGNAL_IC,CQFP-64,MIX-SIH-2026,THERMAL_BURN_IN,T01_1387,PROC-ISRO-IISU-01,ATE-STATION-01,CHAMBER-01,1.0,125.0,3.3,168,IDDQ,ELECTRICAL,uA,2.1727,1667.5546,1667.7034,1667.7784,1665.3819,0.0218,-0.0056,35.58,35.89,2.1727,1667.5546,1667.7034,1667.7784,1665.3819,75.0,False,NOMINAL,HEALTHY,-45.67,46.32
MIX_LOT01_COMP1388,LOT_01,MIXED_SIGNAL_IC,CQFP-64,MIX-SIH-2026,THERMAL_BURN_IN,T01_1388,PROC-ISRO-IISU-01,ATE-STATION-01,CHAMBER-01,1.0,125.0,3.3,168,IDDQ,ELECTRICAL,uA,2.1841,1670.6925,1670.8316,1670.8881,1668.5084,0.0346,0.1448,35.13,35.24,2.1841,1670.6925,1670.8316,1670.8881,1668.5084,75.0,False,NOMINAL,HEALTHY,27.53,15.63
MIX_LOT01_COMP1389,LOT_01,MIXED_SIGNAL_IC,CQFP-64,MIX-SIH-2026,THERMAL_BURN_IN,T01_1389,PROC-ISRO-IISU-01,ATE-STATION-01,CHAMBER-01,1.0,125.0,3.3,168,IDDQ,ELECTRICAL,uA,2.362,1816.2704,1816.4124,1816.4598,1813.9084,0.0088,0.0125,32.35,31.97,2.362,1816.2704,1816.4124,1816.4598,1813.9084,75.0,False,NOMINAL,HEALTHY,34.14,25.11
MIX_LOT01_COMP1390,LOT_01,MIXED_SIGNAL_IC,CQFP-64,MIX-SIH-2026,THERMAL_BURN_IN,T01_1390,PROC-ISRO-IISU-01,ATE-STATION-01,CHAMBER-01,1.0,125.0,3.3,168,IDDQ,ELECTRICAL,uA,2.3845,1847.9359,1848.0985,1848.2428,1845.5514,0.0315,0.0327,33.36,33.1,2.3845,1847.9359,1848.0985,1848.2428,1845.5514,75.0,False,NOMINAL,HEALTHY,-25.73,48.15
MIX_LOT01_COMP1391,LOT_01,MIXED_SIGNAL_IC,CQFP-64,MIX-SIH-2026,THERMAL_BURN_IN,T01_1391,PROC-ISRO-IISU-01,ATE-STATION-01,CHAMBER-01,1.0,125.0,3.3,168,IDDQ,ELECTRICAL,uA,1.8529,1449.9214,1450.0336,1450.0891,1448.0685,0.0085,0.0502,35.27,34.31,1.8529,1449.9214,1450.0336,1450.0891,1448.0685,75.0,False,NOMINAL,HEALTHY,-30.22,37.35
MIX_LOT01_COMP1392,LOT_01,MIXED_SIGNAL_IC,CQFP-64,MIX-SIH-2026,THERMAL_BURN_IN,T01_1392,PROC-ISRO-IISU-01,ATE-STATION-01,CHAMBER-01,1.0,125.0,3.3,168,IDDQ,ELECTRICAL,uA,1.9608,1521.7906,1521.8955,1521.9972,1519.8298,-0.0002,-0.0129,34.96,35.59,1.9608,1521.7906,1521.8955,1521.9972,1519.8298,75.0,False,NOMINAL,HEALTHY,20.05,-2.56
MIX_LOT01_COMP1393,LOT_01,MIXED_SIGNAL_IC,CQFP-64,MIX-SIH-2026,THERMAL_BURN_IN,T01_1393,PROC-ISRO-IISU-01,ATE-STATION-01,CHAMBER-01,1.0,125.0,3.3,168,IDDQ,ELECTRICAL,uA,2.8729,2192.1628,2194.9131,2206.1958,2189.2899,-0.0323,-0.1336,34.68,35.08,2.8729,2192.1628,2194.9131,2206.1958,2189.2899,75.0,True,ELECTROMIGRATION,HEALTHY,1.45,14.28
MIX_LOT01_COMP1394,LOT_01,MIXED_SIGNAL_IC,CQFP-64,MIX-SIH-2026,THERMAL_BURN_IN,T01_1394,PROC-ISRO-IISU-01,ATE-STATION-01,CHAMBER-01,1.0,125.0,3.3,168,IDDQ,ELECTRICAL,uA,1.814,1389.0396,1389.1571,1389.1804,1387.2256,-0.0044,0.0133,35.65,35.67,1.814,1389.0396,1389.1571,1389.1804,1387.2256,75.0,False,NOMINAL,HEALTHY,-46.78,5.72
MIX_LOT01_COMP1395,LOT_01,MIXED_SIGNAL_IC,CQFP-64,MIX-SIH-2026,THERMAL_BURN_IN,T01_1395,PROC-ISRO-IISU-01,ATE-STATION-01,CHAMBER-01,1.0,125.0,3.3,168,IDDQ,ELECTRICAL,uA,1.9843,1538.9242,1538.9914,1539.1362,1536.9399,0.0008,0.0533,34.03,35.04,1.9843,1538.9242,1538.9914,1539.1362,1536.9399,75.0,False,NOMINAL,HEALTHY,29.79,-48.04
MIX_LOT01_COMP1396,LOT_01,MIXED_SIGNAL_IC,CQFP-64,MIX-SIH-2026,THERMAL_BURN_IN,T01_1396,PROC-ISRO-IISU-01,ATE-STATION-01,CHAMBER-01,1.0,125.0,3.3,168,IDDQ,ELECTRICAL,uA,2.5618,1954.477,1954.6602,1954.7967,1951.9152,0.0004,0.0045,33.74,34.11,2.5618,1954.477,1954.6602,1954.7967,1951.9152,75.0,False,NOMINAL,HEALTHY,-19.68,-15.25
MIX_LOT01_COMP1397,LOT_01,MIXED_SIGNAL_IC,CQFP-64,MIX-SIH-2026,THERMAL_BURN_IN,T01_1397,PROC-ISRO-IISU-01,ATE-STATION-01,CHAMBER-01,1.0,125.0,3.3,168,IDDQ,ELECTRICAL,uA,1.9806,1511.1689,1511.2651,1511.3193,1509.1883,0.0075,-0.0838,35.61,36.48,1.9806,1511.1689,1511.2651,1511.3193,1509.1883,75.0,False,NOMINAL,HEALTHY,-30.44,-26.64
MIX_LOT01_COMP1398,LOT_01,MIXED_SIGNAL_IC,CQFP-64,MIX-SIH-2026,THERMAL_BURN_IN,T01_1398,PROC-ISRO-IISU-01,ATE-STATION-01,CHAMBER-01,1.0,125.0,3.3,168,IDDQ,ELECTRICAL,uA,2.6776,2042.6274,2042.7657,2042.8548,2039.9498,0.0018,-0.0406,34.3,34.17,2.6776,2042.6274,2042.7657,2042.8548,2039.9498,75.0,False,NOMINAL,HEALTHY,-13.27,-29.45
MIX_LOT01_COMP1399,LOT_01,MIXED_SIGNAL_IC,CQFP-64,MIX-SIH-2026,THERMAL_BURN_IN,T01_1399,PROC-ISRO-IISU-01,ATE-STATION-01,CHAMBER-01,1.0,125.0,3.3,168,IDDQ,ELECTRICAL,uA,1.9575,1501.6187,1501.717,1501.7728,1499.6612,-0.0006,0.0016,34.7,34.71,1.9575,1501.6187,1501.717,1501.7728,1499.6612,75.0,False,NOMINAL,HEALTHY,47.27,3.85
MIX_LOT01_COMP1400,LOT_01,MIXED_SIGNAL_IC,CQFP-64,MIX-SIH-2026,THERMAL_BURN_IN,T01_1400,PROC-ISRO-IISU-01,ATE-STATION-01,CHAMBER-01,1.0,125.0,3.3,168,IDDQ,ELECTRICAL,uA,1.9962,1532.481,1532.6157,1532.6864,1530.4848,-0.0228,-0.0253,34.31,34.99,1.9962,1532.481,1532.6157,1532.6864,1530.4848,75.0,False,NOMINAL,HEALTHY,-42.13,-31.23
MIX_LOT01_COMP1401,LOT_01,MIXED_SIGNAL_IC,CQFP-64,MIX-SIH-2026,THERMAL_BURN_IN,T01_1401,PROC-ISRO-IISU-01,ATE-STATION-01,CHAMBER-01,1.0,125.0,3.3,168,IDDQ,ELECTRICAL,uA,1.9738,1536.4548,1536.6337,1536.7161,1534.481,0.0258,0.0627,33.39,33.25,1.9738,1536.4548,1536.6337,1536.7161,1534.481,75.0,False,NOMINAL,HEALTHY,-23.13,-7.1
MIX_LOT01_COMP1402,LOT_01,MIXED_SIGNAL_IC,CQFP-64,MIX-SIH-2026,THERMAL_BURN_IN,T01_1402,PROC-ISRO-IISU-01,ATE-STATION-01,CHAMBER-01,1.0,125.0,3.3,168,IDDQ,ELECTRICAL,uA,1.8987,1455.1183,1455.2219,1455.3296,1453.2196,0.0215,0.0303,36.04,34.99,1.8987,1455.1183,1455.2219,1455.3296,1453.2196,75.0,False,NOMINAL,HEALTHY,42.21,-22.92
MIX_LOT01_COMP1403,LOT_01,MIXED_SIGNAL_IC,CQFP-64,MIX-SIH-2026,THERMAL_BURN_IN,T01_1403,PROC-ISRO-IISU-01,ATE-STATION-01,CHAMBER-01,1.0,125.0,3.3,168,IDDQ,ELECTRICAL,uA,2.3042,1786.4681,1786.5576,1786.694,1784.1639,-0.0202,-0.1152,36.78,36.9,2.3042,1786.4681,1786.5576,1786.694,1784.1639,75.0,False,NOMINAL,HEALTHY,-4.68,-6.43
MIX_LOT01_COMP1404,LOT_01,MIXED_SIGNAL_IC,CQFP-64,MIX-SIH-2026,THERMAL_BURN_IN,T01_1404,PROC-ISRO-IISU-01,ATE-STATION-01,CHAMBER-01,1.0,125.0,3.3,168,IDDQ,ELECTRICAL,uA,2.0726,1592.6435,1592.7886,1592.8334,1590.5709,0.0067,0.0333,35.38,35.66,2.0726,1592.6435,1592.7886,1592.8334,1590.5709,75.0,False,NOMINAL,HEALTHY,28.21,28.26
MIX_LOT01_COMP1405,LOT_01,MIXED_SIGNAL_IC,CQFP-64,MIX-SIH-2026,THERMAL_BURN_IN,T01_1405,PROC-ISRO-IISU-01,ATE-STATION-01,CHAMBER-01,1.0,125.0,3.3,168,IDDQ,ELECTRICAL,uA,1.9189,1476.4792,1476.5575,1476.6634,1474.5603,-0.0037,0.0364,37.47,37.88,1.9189,1476.4792,1476.5575,1476.6634,1474.5603,75.0,False,NOMINAL,HEALTHY,-13.38,24.85
MIX_LOT01_COMP1406,LOT_01,MIXED_SIGNAL_IC,CQFP-64,MIX-SIH-2026,THERMAL_BURN_IN,T01_1406,PROC-ISRO-IISU-01,ATE-STATION-01,CHAMBER-01,1.0,125.0,3.3,168,IDDQ,ELECTRICAL,uA,2.2865,1766.3217,1766.5089,1766.5764,1764.0352,0.0323,0.1652,34.08,34.66,2.2865,1766.3217,1766.5089,1766.5764,1764.0352,75.0,False,NOMINAL,HEALTHY,12.88,-6.51
MIX_LOT01_COMP1407,LOT_01,MIXED_SIGNAL_IC,CQFP-64,MIX-SIH-2026,THERMAL_BURN_IN,T01_1407,PROC-ISRO-IISU-01,ATE-STATION-01,CHAMBER-01,1.0,125.0,3.3,168,IDDQ,ELECTRICAL,uA,2.2282,1712.8026,1712.8972,1713.0006,1710.5744,0.0132,0.0958,34.39,34.33,2.2282,1712.8026,1712.8972,1713.0006,1710.5744,75.0,False,NOMINAL,HEALTHY,-34.62,-2.87
MIX_LOT01_COMP1408,LOT_01,MIXED_SIGNAL_IC,CQFP-64,MIX-SIH-2026,THERMAL_BURN_IN,T01_1408,PROC-ISRO-IISU-01,ATE-STATION-01,CHAMBER-01,1.0,125.0,3.3,168,IDDQ,ELECTRICAL,uA,2.0451,1574.9191,1575.0914,1575.0806,1572.874,-0.0042,0.0241,34.89,34.25,2.0451,1574.9191,1575.0914,1575.0806,1572.874,75.0,False,NOMINAL,HEALTHY,21.16,-43.49
MIX_LOT01_COMP1409,LOT_01,MIXED_SIGNAL_IC,CQFP-64,MIX-SIH-2026,THERMAL_BURN_IN,T01_1409,PROC-ISRO-IISU-01,ATE-STATION-01,CHAMBER-01,1.0,125.0,3.3,168,IDDQ,ELECTRICAL,uA,1.7677,1356.2122,1356.3721,1356.4509,1354.4445,-0.007,-0.0212,34.37,35.14,1.7677,1356.2122,1356.3721,1356.4509,1354.4445,75.0,False,NOMINAL,HEALTHY,-26.05,23.16
MIX_LOT01_COMP1410,LOT_01,MIXED_SIGNAL_IC,CQFP-64,MIX-SIH-2026,THERMAL_BURN_IN,T01_1410,PROC-ISRO-IISU-01,ATE-STATION-01,CHAMBER-01,1.0,125.0,3.3,168,IDDQ,ELECTRICAL,uA,2.0648,1577.637,1577.7833,1577.8101,1575.5722,-0.0337,-0.0456,33.81,33.28,2.0648,1577.637,1577.7833,1577.8101,1575.5722,75.0,False,NOMINAL,HEALTHY,-36.22,0.62
MIX_LOT01_COMP1411,LOT_01,MIXED_SIGNAL_IC,CQFP-64,MIX-SIH-2026,THERMAL_BURN_IN,T01_1411,PROC-ISRO-IISU-01,ATE-STATION-01,CHAMBER-01,1.0,125.0,3.3,168,IDDQ,ELECTRICAL,uA,2.3198,1802.4909,1802.5863,1802.7611,1800.1711,-0.0302,0.0121,35.59,36.0,2.3198,1802.4909,1802.5863,1802.7611,1800.1711,75.0,False,NOMINAL,HEALTHY,19.33,43.54
MIX_LOT01_COMP1412,LOT_01,MIXED_SIGNAL_IC,CQFP-64,MIX-SIH-2026,THERMAL_BURN_IN,T01_1412,PROC-ISRO-IISU-01,ATE-STATION-01,CHAMBER-01,1.0,125.0,3.3,168,IDDQ,ELECTRICAL,uA,1.9432,1481.9562,1482.0638,1482.1524,1480.013,-0.0008,0.0749,35.0,34.68,1.9432,1481.9562,1482.0638,1482.1524,1480.013,75.0,False,NOMINAL,HEALTHY,-12.28,28.77
MIX_LOT01_COMP1413,LOT_01,MIXED_SIGNAL_IC,CQFP-64,MIX-SIH-2026,THERMAL_BURN_IN,T01_1413,PROC-ISRO-IISU-01,ATE-STATION-01,CHAMBER-01,1.0,125.0,3.3,168,IDDQ,ELECTRICAL,uA,2.1685,1654.0858,1654.1994,1654.3255,1651.9173,-0.0109,-0.0418,34.92,34.49,2.1685,1654.0858,1654.1994,1654.3255,1651.9173,75.0,False,NOMINAL,HEALTHY,-45.91,40.44
MIX_LOT01_COMP1414,LOT_01,MIXED_SIGNAL_IC,CQFP-64,MIX-SIH-2026,THERMAL_BURN_IN,T01_1414,PROC-ISRO-IISU-01,ATE-STATION-01,CHAMBER-01,1.0,125.0,3.3,168,IDDQ,ELECTRICAL,uA,1.8897,1455.7269,1455.8602,1455.8812,1453.8372,-0.0078,0.0457,35.87,36.0,1.8897,1455.7269,1455.8602,1455.8812,1453.8372,75.0,False,NOMINAL,HEALTHY,-17.35,-9.68
MIX_LOT01_COMP1415,LOT_01,MIXED_SIGNAL_IC,CQFP-64,MIX-SIH-2026,THERMAL_BURN_IN,T01_1415,PROC-ISRO-IISU-01,ATE-STATION-01,CHAMBER-01,1.0,125.0,3.3,168,IDDQ,ELECTRICAL,uA,2.0572,1588.2414,1588.3689,1588.4425,1586.1842,0.0342,0.0093,35.65,35.37,2.0572,1588.2414,1588.3689,1588.4425,1586.1842,75.0,False,NOMINAL,HEALTHY,5.83,-40.93
MIX_LOT01_COMP1416,LOT_01,MIXED_SIGNAL_IC,CQFP-64,MIX-SIH-2026,THERMAL_BURN_IN,T01_1416,PROC-ISRO-IISU-01,ATE-STATION-01,CHAMBER-01,1.0,125.0,3.3,168,IDDQ,ELECTRICAL,uA,2.5302,1965.475,1965.619,1965.7103,1962.9448,0.0043,0.0576,33.21,32.9,2.5302,1965.475,1965.619,1965.7103,1962.9448,75.0,False,NOMINAL,HEALTHY,-45.43,11.66
MIX_LOT01_COMP1417,LOT_01,MIXED_SIGNAL_IC,CQFP-64,MIX-SIH-2026,THERMAL_BURN_IN,T01_1417,PROC-ISRO-IISU-01,ATE-STATION-01,CHAMBER-01,1.0,125.0,3.3,168,IDDQ,ELECTRICAL,uA,2.1804,1690.3391,1690.5013,1690.5894,1688.1587,0.0245,0.0266,34.3,33.51,2.1804,1690.3391,1690.5013,1690.5894,1688.1587,75.0,False,NOMINAL,HEALTHY,-8.67,28.53
MIX_LOT01_COMP1418,LOT_01,MIXED_SIGNAL_IC,CQFP-64,MIX-SIH-2026,THERMAL_BURN_IN,T01_1418,PROC-ISRO-IISU-01,ATE-STATION-01,CHAMBER-01,1.0,125.0,3.3,168,IDDQ,ELECTRICAL,uA,2.1981,1694.5004,1694.633,1694.7261,1692.3023,0.0129,-0.0099,34.5,34.95,2.1981,1694.5004,1694.633,1694.7261,1692.3023,75.0,False,NOMINAL,HEALTHY,27.81,33.05
MIX_LOT01_COMP1419,LOT_01,MIXED_SIGNAL_IC,CQFP-64,MIX-SIH-2026,THERMAL_BURN_IN,T01_1419,PROC-ISRO-IISU-01,ATE-STATION-01,CHAMBER-01,1.0,125.0,3.3,168,IDDQ,ELECTRICAL,uA,2.0141,1544.5457,1544.629,1544.7357,1542.5316,-0.0003,-0.0694,34.84,34.63,2.0141,1544.5457,1544.629,1544.7357,1542.5316,75.0,False,NOMINAL,HEALTHY,-13.05,3.71
MIX_LOT01_COMP1420,LOT_01,MIXED_SIGNAL_IC,CQFP-64,MIX-SIH-2026,THERMAL_BURN_IN,T01_1420,PROC-ISRO-IISU-01,ATE-STATION-01,CHAMBER-01,1.0,125.0,3.3,168,IDDQ,ELECTRICAL,uA,2.0098,1546.8508,1546.9808,1547.0008,1544.841,-0.0175,0.1074,32.96,33.26,2.0098,1546.8508,1546.9808,1547.0008,1544.841,75.0,False,NOMINAL,HEALTHY,-40.63,2.64
MIX_LOT01_COMP1421,LOT_01,MIXED_SIGNAL_IC,CQFP-64,MIX-SIH-2026,THERMAL_BURN_IN,T01_1421,PROC-ISRO-IISU-01,ATE-STATION-01,CHAMBER-01,1.0,125.0,3.3,168,IDDQ,ELECTRICAL,uA,2.0368,1585.7871,1585.9255,1586.0462,1583.7503,0.0323,-0.0218,33.81,34.3,2.0368,1585.7871,1585.9255,1586.0462,1583.7503,75.0,False,NOMINAL,HEALTHY,-6.14,28.73
MIX_LOT01_COMP1422,LOT_01,MIXED_SIGNAL_IC,CQFP-64,MIX-SIH-2026,THERMAL_BURN_IN,T01_1422,PROC-ISRO-IISU-01,ATE-STATION-01,CHAMBER-01,1.0,125.0,3.3,168,IDDQ,ELECTRICAL,uA,1.6641,1301.3821,1301.4526,1301.4413,1299.718,-0.0101,-0.022,36.03,36.19,1.6641,1301.3821,1301.4526,1301.4413,1299.718,75.0,False,NOMINAL,HEALTHY,21.26,-40.12
MIX_LOT01_COMP1423,LOT_01,MIXED_SIGNAL_IC,CQFP-64,MIX-SIH-2026,THERMAL_BURN_IN,T01_1423,PROC-ISRO-IISU-01,ATE-STATION-01,CHAMBER-01,1.0,125.0,3.3,168,IDDQ,ELECTRICAL,uA,2.0244,1570.7126,1570.8629,1570.944,1568.6882,0.0342,0.0501,34.2,33.72,2.0244,1570.7126,1570.8629,1570.944,1568.6882,75.0,False,NOMINAL,HEALTHY,-44.74,-9.61
MIX_LOT01_COMP1424,LOT_01,MIXED_SIGNAL_IC,CQFP-64,MIX-SIH-2026,THERMAL_BURN_IN,T01_1424,PROC-ISRO-IISU-01,ATE-STATION-01,CHAMBER-01,1.0,125.0,3.3,168,IDDQ,ELECTRICAL,uA,2.3451,1811.0169,1811.1378,1811.1723,1808.6718,-0.0433,-0.024,35.4,35.63,2.3451,1811.0169,1811.1378,1811.1723,1808.6718,75.0,False,NOMINAL,HEALTHY,-49.42,-43.51
MIX_LOT01_COMP1425,LOT_01,MIXED_SIGNAL_IC,CQFP-64,MIX-SIH-2026,THERMAL_BURN_IN,T01_1425,PROC-ISRO-IISU-01,ATE-STATION-01,CHAMBER-01,1.0,125.0,3.3,168,IDDQ,ELECTRICAL,uA,2.0145,1552.7383,1552.8097,1552.9662,1550.7238,-0.0331,0.0147,35.64,35.38,2.0145,1552.7383,1552.8097,1552.9662,1550.7238,75.0,False,NOMINAL,HEALTHY,-17.42,13.4
MIX_LOT01_COMP1426,LOT_01,MIXED_SIGNAL_IC,CQFP-64,MIX-SIH-2026,THERMAL_BURN_IN,T01_1426,PROC-ISRO-IISU-01,ATE-STATION-01,CHAMBER-01,1.0,125.0,3.3,168,IDDQ,ELECTRICAL,uA,2.8511,2192.0869,2192.2074,2192.3926,2189.2358,0.0325,-0.0261,36.48,36.69,2.8511,2192.0869,2192.2074,2192.3926,2189.2358,75.0,False,NOMINAL,HEALTHY,-49.63,0.5
MIX_LOT01_COMP1427,LOT_01,MIXED_SIGNAL_IC,CQFP-64,MIX-SIH-2026,THERMAL_BURN_IN,T01_1427,PROC-ISRO-IISU-01,ATE-STATION-01,CHAMBER-01,1.0,125.0,3.3,168,IDDQ,ELECTRICAL,uA,1.9142,1468.4033,1468.4784,1468.5613,1466.4891,0.006,0.1011,33.41,33.91,1.9142,1468.4033,1468.4784,1468.5613,1466.4891,75.0,False,NOMINAL,HEALTHY,22.63,-8.69
MIX_LOT01_COMP1428,LOT_01,MIXED_SIGNAL_IC,CQFP-64,MIX-SIH-2026,THERMAL_BURN_IN,T01_1428,PROC-ISRO-IISU-01,ATE-STATION-01,CHAMBER-01,1.0,125.0,3.3,168,IDDQ,ELECTRICAL,uA,2.529,1925.5489,1925.7017,1925.7397,1923.0199,0.0342,0.0415,35.47,35.62,2.529,1925.5489,1925.7017,1925.7397,1923.0199,75.0,False,NOMINAL,HEALTHY,-16.34,-14.59
MIX_LOT01_COMP1429,LOT_01,MIXED_SIGNAL_IC,CQFP-64,MIX-SIH-2026,THERMAL_BURN_IN,T01_1429,PROC-ISRO-IISU-01,ATE-STATION-01,CHAMBER-01,1.0,125.0,3.3,168,IDDQ,ELECTRICAL,uA,1.9092,1483.485,1483.5714,1483.6127,1481.5758,0.0272,0.023,34.51,33.87,1.9092,1483.485,1483.5714,1483.6127,1481.5758,75.0,False,NOMINAL,HEALTHY,5.71,34.06
MIX_LOT01_COMP1430,LOT_01,MIXED_SIGNAL_IC,CQFP-64,MIX-SIH-2026,THERMAL_BURN_IN,T01_1430,PROC-ISRO-IISU-01,ATE-STATION-01,CHAMBER-01,1.0,125.0,3.3,168,IDDQ,ELECTRICAL,uA,1.5684,1210.0207,1210.1494,1210.1626,1208.4523,-0.0013,0.0081,35.43,36.97,1.5684,1210.0207,1210.1494,1210.1626,1208.4523,75.0,False,NOMINAL,HEALTHY,5.89,-44.26
MIX_LOT01_COMP1431,LOT_01,MIXED_SIGNAL_IC,CQFP-64,MIX-SIH-2026,THERMAL_BURN_IN,T01_1431,PROC-ISRO-IISU-01,ATE-STATION-01,CHAMBER-01,1.0,125.0,3.3,168,IDDQ,ELECTRICAL,uA,1.8883,1463.0924,1463.1624,1463.2439,1461.2041,-0.0057,-0.0249,36.68,37.3,1.8883,1463.0924,1463.1624,1463.2439,1461.2041,75.0,False,NOMINAL,HEALTHY,-7.83,18.13
MIX_LOT01_COMP1432,LOT_01,MIXED_SIGNAL_IC,CQFP-64,MIX-SIH-2026,THERMAL_BURN_IN,T01_1432,PROC-ISRO-IISU-01,ATE-STATION-01,CHAMBER-01,1.0,125.0,3.3,168,IDDQ,ELECTRICAL,uA,2.2072,1688.1951,1688.3221,1688.447,1685.9879,-0.0328,-0.1044,35.43,34.98,2.2072,1688.1951,1688.3221,1688.447,1685.9879,75.0,False,NOMINAL,HEALTHY,42.23,-43.3
MIX_LOT01_COMP1433,LOT_01,MIXED_SIGNAL_IC,CQFP-64,MIX-SIH-2026,THERMAL_BURN_IN,T01_1433,PROC-ISRO-IISU-01,ATE-STATION-01,CHAMBER-01,1.0,125.0,3.3,168,IDDQ,ELECTRICAL,uA,2.0048,1536.8712,1536.9675,1536.9967,1534.8664,-0.0014,-0.0828,34.52,34.9,2.0048,1536.8712,1536.9675,1536.9967,1534.8664,75.0,False,NOMINAL,HEALTHY,38.94,6.61
MIX_LOT01_COMP1434,LOT_01,MIXED_SIGNAL_IC,CQFP-64,MIX-SIH-2026,THERMAL_BURN_IN,T01_1434,PROC-ISRO-IISU-01,ATE-STATION-01,CHAMBER-01,1.0,125.0,3.3,168,IDDQ,ELECTRICAL,uA,2.0526,1585.432,1585.5818,1585.5914,1583.3794,-0.0182,-0.0384,35.83,35.41,2.0526,1585.432,1585.5818,1585.5914,1583.3794,75.0,False,NOMINAL,HEALTHY,4.74,-40.55
MIX_LOT01_COMP1435,LOT_01,MIXED_SIGNAL_IC,CQFP-64,MIX-SIH-2026,THERMAL_BURN_IN,T01_1435,PROC-ISRO-IISU-01,ATE-STATION-01,CHAMBER-01,1.0,125.0,3.3,168,IDDQ,ELECTRICAL,uA,1.8218,1411.4705,1411.5969,1411.6586,1409.6487,-0.0012,-0.03,36.11,36.03,1.8218,1411.4705,1411.5969,1411.6586,1409.6487,75.0,False,NOMINAL,HEALTHY,-19.8,-3.33
MIX_LOT01_COMP1436,LOT_01,MIXED_SIGNAL_IC,CQFP-64,MIX-SIH-2026,THERMAL_BURN_IN,T01_1436,PROC-ISRO-IISU-01,ATE-STATION-01,CHAMBER-01,1.0,125.0,3.3,168,IDDQ,ELECTRICAL,uA,2.0493,1572.6738,1572.7914,1572.9138,1570.6245,0.0098,-0.0477,34.92,35.17,2.0493,1572.6738,1572.7914,1572.9138,1570.6245,75.0,False,NOMINAL,HEALTHY,-23.37,24.44
MIX_LOT01_COMP1437,LOT_01,MIXED_SIGNAL_IC,CQFP-64,MIX-SIH-2026,THERMAL_BURN_IN,T01_1437,PROC-ISRO-IISU-01,ATE-STATION-01,CHAMBER-01,1.0,125.0,3.3,168,IDDQ,ELECTRICAL,uA,2.4254,1874.7515,1874.9435,1874.9342,1872.3261,0.0048,0.057,36.53,37.17,2.4254,1874.7515,1874.9435,1874.9342,1872.3261,75.0,False,NOMINAL,HEALTHY,-40.85,13.27
MIX_LOT01_COMP1438,LOT_01,MIXED_SIGNAL_IC,CQFP-64,MIX-SIH-2026,THERMAL_BURN_IN,T01_1438,PROC-ISRO-IISU-01,ATE-STATION-01,CHAMBER-01,1.0,125.0,3.3,168,IDDQ,ELECTRICAL,uA,1.7039,1313.2152,1313.2806,1313.3515,1311.5113,0.0032,0.0433,34.81,34.17,1.7039,1313.2152,1313.2806,1313.3515,1311.5113,75.0,False,NOMINAL,HEALTHY,8.99,24.15
MIX_LOT01_COMP1439,LOT_01,MIXED_SIGNAL_IC,CQFP-64,MIX-SIH-2026,THERMAL_BURN_IN,T01_1439,PROC-ISRO-IISU-01,ATE-STATION-01,CHAMBER-01,1.0,125.0,3.3,168,IDDQ,ELECTRICAL,uA,1.9457,1495.8319,1495.9069,1495.9674,1493.8862,-0.0087,0.0581,31.8,31.54,1.9457,1495.8319,1495.9069,1495.9674,1493.8862,75.0,False,NOMINAL,HEALTHY,6.91,-41.96
MIX_LOT01_COMP1440,LOT_01,MIXED_SIGNAL_IC,CQFP-64,MIX-SIH-2026,THERMAL_BURN_IN,T01_1440,PROC-ISRO-IISU-01,ATE-STATION-01,CHAMBER-01,1.0,125.0,3.3,168,IDDQ,ELECTRICAL,uA,1.6807,1302.071,1302.2177,1302.208,1300.3903,0.0132,0.0501,32.51,32.82,1.6807,1302.071,1302.2177,1302.208,1300.3903,75.0,False,NOMINAL,HEALTHY,-4.38,-34.45
MIX_LOT01_COMP1441,LOT_01,MIXED_SIGNAL_IC,CQFP-64,MIX-SIH-2026,THERMAL_BURN_IN,T01_1441,PROC-ISRO-IISU-01,ATE-STATION-01,CHAMBER-01,1.0,125.0,3.3,168,IDDQ,ELECTRICAL,uA,1.7505,1351.4348,1351.5247,1351.5794,1349.6843,-0.0012,0.0099,33.5,33.51,1.7505,1351.4348,1351.5247,1351.5794,1349.6843,75.0,False,NOMINAL,HEALTHY,-32.97,41.63
MIX_LOT01_COMP1442,LOT_01,MIXED_SIGNAL_IC,CQFP-64,MIX-SIH-2026,THERMAL_BURN_IN,T01_1442,PROC-ISRO-IISU-01,ATE-STATION-01,CHAMBER-01,1.0,125.0,3.3,168,IDDQ,ELECTRICAL,uA,2.0751,1604.2851,1604.4423,1604.5532,1602.21,0.0113,-0.0319,33.02,33.03,2.0751,1604.2851,1604.4423,1604.5532,1602.21,75.0,False,NOMINAL,HEALTHY,43.92,0.15
MIX_LOT01_COMP1443,LOT_01,MIXED_SIGNAL_IC,CQFP-64,MIX-SIH-2026,THERMAL_BURN_IN,T01_1443,PROC-ISRO-IISU-01,ATE-STATION-01,CHAMBER-01,1.0,125.0,3.3,168,IDDQ,ELECTRICAL,uA,2.3304,1768.9252,1769.0526,1769.0708,1766.5948,0.0154,0.0067,34.77,35.1,2.3304,1768.9252,1769.0526,1769.0708,1766.5948,75.0,False,NOMINAL,HEALTHY,19.52,20.32
MIX_LOT01_COMP1444,LOT_01,MIXED_SIGNAL_IC,CQFP-64,MIX-SIH-2026,THERMAL_BURN_IN,T01_1444,PROC-ISRO-IISU-01,ATE-STATION-01,CHAMBER-01,1.0,125.0,3.3,168,IDDQ,ELECTRICAL,uA,2.1977,1714.1125,1714.2497,1714.2984,1711.9148,0.0198,0.057,36.7,37.26,2.1977,1714.1125,1714.2497,1714.2984,1711.9148,75.0,False,NOMINAL,HEALTHY,-15.36,-48.97
MIX_LOT01_COMP1445,LOT_01,MIXED_SIGNAL_IC,CQFP-64,MIX-SIH-2026,THERMAL_BURN_IN,T01_1445,PROC-ISRO-IISU-01,ATE-STATION-01,CHAMBER-01,1.0,125.0,3.3,168,IDDQ,ELECTRICAL,uA,2.8615,2192.0792,2192.2424,2192.3398,2189.2177,0.0135,0.007,34.16,34.23,2.8615,2192.0792,2192.2424,2192.3398,2189.2177,75.0,False,NOMINAL,HEALTHY,-26.21,-32.91
MIX_LOT01_COMP1446,LOT_01,MIXED_SIGNAL_IC,CQFP-64,MIX-SIH-2026,THERMAL_BURN_IN,T01_1446,PROC-ISRO-IISU-01,ATE-STATION-01,CHAMBER-01,1.0,125.0,3.3,168,IDDQ,ELECTRICAL,uA,2.381,1828.6307,1828.8066,1828.8714,1826.2497,0.001,0.0819,37.32,37.03,2.381,1828.6307,1828.8066,1828.8714,1826.2497,75.0,False,NOMINAL,HEALTHY,40.34,36.28
MIX_LOT01_COMP1447,LOT_01,MIXED_SIGNAL_IC,CQFP-64,MIX-SIH-2026,THERMAL_BURN_IN,T01_1447,PROC-ISRO-IISU-01,ATE-STATION-01,CHAMBER-01,1.0,125.0,3.3,168,IDDQ,ELECTRICAL,uA,2.0509,1561.9492,1562.0876,1562.1596,1559.8983,-0.0162,0.0229,35.44,36.22,2.0509,1561.9492,1562.0876,1562.1596,1559.8983,75.0,False,NOMINAL,HEALTHY,-32.31,46.27
MIX_LOT01_COMP1448,LOT_01,MIXED_SIGNAL_IC,CQFP-64,MIX-SIH-2026,THERMAL_BURN_IN,T01_1448,PROC-ISRO-IISU-01,ATE-STATION-01,CHAMBER-01,1.0,125.0,3.3,168,IDDQ,ELECTRICAL,uA,1.9041,1457.4069,1457.5087,1457.5701,1455.5028,-0.0398,-0.0134,34.64,34.4,1.9041,1457.4069,1457.5087,1457.5701,1455.5028,75.0,False,NOMINAL,HEALTHY,0.94,-29.86
MIX_LOT01_COMP1449,LOT_01,MIXED_SIGNAL_IC,CQFP-64,MIX-SIH-2026,THERMAL_BURN_IN,T01_1449,PROC-ISRO-IISU-01,ATE-STATION-01,CHAMBER-01,1.0,125.0,3.3,168,IDDQ,ELECTRICAL,uA,2.4,1836.9977,1837.1504,1837.2052,1834.5977,0.0125,0.0453,35.73,36.01,2.4,1836.9977,1837.1504,1837.2052,1834.5977,75.0,False,NOMINAL,HEALTHY,-46.78,-43.46
MIX_LOT01_COMP1450,LOT_01,MIXED_SIGNAL_IC,CQFP-64,MIX-SIH-2026,THERMAL_BURN_IN,T01_1450,PROC-ISRO-IISU-01,ATE-STATION-01,CHAMBER-01,1.0,125.0,3.3,168,IDDQ,ELECTRICAL,uA,2.012,1540.9752,1541.0656,1541.1743,1538.9632,-0.0224,-0.085,35.11,34.43,2.012,1540.9752,1541.0656,1541.1743,1538.9632,75.0,False,NOMINAL,HEALTHY,-22.29,9.91
MIX_LOT01_COMP1451,LOT_01,MIXED_SIGNAL_IC,CQFP-64,MIX-SIH-2026,THERMAL_BURN_IN,T01_1451,PROC-ISRO-IISU-01,ATE-STATION-01,CHAMBER-01,1.0,125.0,3.3,168,IDDQ,ELECTRICAL,uA,2.1968,1700.6909,1700.8093,1700.7866,1698.4941,0.0229,-0.0462,36.5,36.53,2.1968,1700.6909,1700.8093,1700.7866,1698.4941,75.0,False,NOMINAL,HEALTHY,39.47,-9.54
MIX_LOT01_COMP1452,LOT_01,MIXED_SIGNAL_IC,CQFP-64,MIX-SIH-2026,THERMAL_BURN_IN,T01_1452,PROC-ISRO-IISU-01,ATE-STATION-01,CHAMBER-01,1.0,125.0,3.3,168,IDDQ,ELECTRICAL,uA,1.9274,1475.0924,1475.2104,1475.3398,1473.165,0.0064,-0.0459,36.03,35.77,1.9274,1475.0924,1475.2104,1475.3398,1473.165,75.0,False,NOMINAL,HEALTHY,-3.92,-28.98
MIX_LOT01_COMP1453,LOT_01,MIXED_SIGNAL_IC,CQFP-64,MIX-SIH-2026,THERMAL_BURN_IN,T01_1453,PROC-ISRO-IISU-01,ATE-STATION-01,CHAMBER-01,1.0,125.0,3.3,168,IDDQ,ELECTRICAL,uA,1.9359,1464.9802,1465.0971,1465.1012,1463.0443,0.0148,-0.0583,34.3,34.89,1.9359,1464.9802,1465.0971,1465.1012,1463.0443,75.0,False,NOMINAL,HEALTHY,-12.62,-15.03
MIX_LOT01_COMP1454,LOT_01,MIXED_SIGNAL_IC,CQFP-64,MIX-SIH-2026,THERMAL_BURN_IN,T01_1454,PROC-ISRO-IISU-01,ATE-STATION-01,CHAMBER-01,1.0,125.0,3.3,168,IDDQ,ELECTRICAL,uA,2.519,1940.4878,1940.6552,1940.7404,1937.9688,-0.0273,-0.0332,34.49,34.0,2.519,1940.4878,1940.6552,1940.7404,1937.9688,75.0,False,NOMINAL,HEALTHY,25.09,25.17
MIX_LOT01_COMP1455,LOT_01,MIXED_SIGNAL_IC,CQFP-64,MIX-SIH-2026,THERMAL_BURN_IN,T01_1455,PROC-ISRO-IISU-01,ATE-STATION-01,CHAMBER-01,1.0,125.0,3.3,168,IDDQ,ELECTRICAL,uA,1.957,1517.6117,1517.7195,1517.812,1515.6547,0.0226,-0.077,38.49,38.84,1.957,1517.6117,1517.7195,1517.812,1515.6547,75.0,False,NOMINAL,HEALTHY,-6.3,-44.43
MIX_LOT01_COMP1456,LOT_01,MIXED_SIGNAL_IC,CQFP-64,MIX-SIH-2026,THERMAL_BURN_IN,T01_1456,PROC-ISRO-IISU-01,ATE-STATION-01,CHAMBER-01,1.0,125.0,3.3,168,IDDQ,ELECTRICAL,uA,2.3702,1838.2,1838.2889,1838.4193,1835.8298,-0.0377,-0.0896,31.92,31.53,2.3702,1838.2,1838.2889,1838.4193,1835.8298,75.0,False,NOMINAL,HEALTHY,-42.57,20.81
MIX_LOT01_COMP1457,LOT_01,MIXED_SIGNAL_IC,CQFP-64,MIX-SIH-2026,THERMAL_BURN_IN,T01_1457,PROC-ISRO-IISU-01,ATE-STATION-01,CHAMBER-01,1.0,125.0,3.3,168,IDDQ,ELECTRICAL,uA,1.8796,1453.6562,1453.7501,1453.789,1451.7766,0.0222,0.0749,34.31,34.59,1.8796,1453.6562,1453.7501,1453.789,1451.7766,75.0,False,NOMINAL,HEALTHY,39.55,-1.33
MIX_LOT01_COMP1458,LOT_01,MIXED_SIGNAL_IC,CQFP-64,MIX-SIH-2026,THERMAL_BURN_IN,T01_1458,PROC-ISRO-IISU-01,ATE-STATION-01,CHAMBER-01,1.0,125.0,3.3,168,IDDQ,ELECTRICAL,uA,2.0061,1553.5658,1553.6766,1553.747,1551.5597,-0.013,0.0197,34.81,34.33,2.0061,1553.5658,1553.6766,1553.747,1551.5597,75.0,False,NOMINAL,HEALTHY,36.01,23.87
MIX_LOT01_COMP1459,LOT_01,MIXED_SIGNAL_IC,CQFP-64,MIX-SIH-2026,THERMAL_BURN_IN,T01_1459,PROC-ISRO-IISU-01,ATE-STATION-01,CHAMBER-01,1.0,125.0,3.3,168,IDDQ,ELECTRICAL,uA,1.7869,1378.4642,1378.5268,1378.57,1376.6773,0.004,-0.0187,32.87,32.81,1.7869,1378.4642,1378.5268,1378.57,1376.6773,75.0,False,NOMINAL,HEALTHY,28.75,6.58
MIX_LOT01_COMP1460,LOT_01,MIXED_SIGNAL_IC,CQFP-64,MIX-SIH-2026,THERMAL_BURN_IN,T01_1460,PROC-ISRO-IISU-01,ATE-STATION-01,CHAMBER-01,1.0,125.0,3.3,168,IDDQ,ELECTRICAL,uA,2.2515,1716.3955,1716.5715,1716.6397,1714.144,-0.0176,-0.0712,34.79,35.53,2.2515,1716.3955,1716.5715,1716.6397,1714.144,75.0,False,NOMINAL,HEALTHY,-34.77,-0.2
MIX_LOT01_COMP1461,LOT_01,MIXED_SIGNAL_IC,CQFP-64,MIX-SIH-2026,THERMAL_BURN_IN,T01_1461,PROC-ISRO-IISU-01,ATE-STATION-01,CHAMBER-01,1.0,125.0,3.3,168,IDDQ,ELECTRICAL,uA,1.8837,1448.0624,1448.1808,1448.2257,1446.1787,0.0277,0.027,35.99,36.15,1.8837,1448.0624,1448.1808,1448.2257,1446.1787,75.0,False,NOMINAL,HEALTHY,36.64,41.28
MIX_LOT01_COMP1462,LOT_01,MIXED_SIGNAL_IC,CQFP-64,MIX-SIH-2026,THERMAL_BURN_IN,T01_1462,PROC-ISRO-IISU-01,ATE-STATION-01,CHAMBER-01,1.0,125.0,3.3,168,IDDQ,ELECTRICAL,uA,10.1846,7841.404,7841.8741,7842.009,7831.2194,0.0128,-0.0205,34.09,32.51,10.1846,7841.404,7841.8741,7842.009,7831.2194,75.0,True,SPATIAL_OUTLIER,HEALTHY,17.32,18.6
MIX_LOT01_COMP1463,LOT_01,MIXED_SIGNAL_IC,CQFP-64,MIX-SIH-2026,THERMAL_BURN_IN,T01_1463,PROC-ISRO-IISU-01,ATE-STATION-01,CHAMBER-01,1.0,125.0,3.3,168,IDDQ,ELECTRICAL,uA,2.0987,1617.8744,1618.0182,1618.0626,1615.7757,-0.0102,-0.0514,35.89,35.55,2.0987,1617.8744,1618.0182,1618.0626,1615.7757,75.0,False,NOMINAL,HEALTHY,-41.16,-46.08
MIX_LOT01_COMP1464,LOT_01,MIXED_SIGNAL_IC,CQFP-64,MIX-SIH-2026,THERMAL_BURN_IN,T01_1464,PROC-ISRO-IISU-01,ATE-STATION-01,CHAMBER-01,1.0,125.0,3.3,168,IDDQ,ELECTRICAL,uA,2.322,1782.3239,1782.508,1782.5932,1780.0019,0.0111,0.0699,32.84,33.15,2.322,1782.3239,1782.508,1782.5932,1780.0019,75.0,False,NOMINAL,HEALTHY,21.1,34.87
MIX_LOT01_COMP1465,LOT_01,MIXED_SIGNAL_IC,CQFP-64,MIX-SIH-2026,THERMAL_BURN_IN,T01_1465,PROC-ISRO-IISU-01,ATE-STATION-01,CHAMBER-01,1.0,125.0,3.3,168,IDDQ,ELECTRICAL,uA,2.0873,1615.4194,1615.5499,1615.6237,1613.3321,0.0117,0.0436,34.54,33.95,2.0873,1615.4194,1615.5499,1615.6237,1613.3321,75.0,False,NOMINAL,HEALTHY,-39.05,25.03
MIX_LOT01_COMP1466,LOT_01,MIXED_SIGNAL_IC,CQFP-64,MIX-SIH-2026,THERMAL_BURN_IN,T01_1466,PROC-ISRO-IISU-01,ATE-STATION-01,CHAMBER-01,1.0,125.0,3.3,168,IDDQ,ELECTRICAL,uA,2.0883,1604.6405,1604.7548,1604.88,1602.5522,0.01,0.0108,34.24,33.69,2.0883,1604.6405,1604.7548,1604.88,1602.5522,75.0,False,NOMINAL,HEALTHY,-49.59,-10.69
MIX_LOT01_COMP1467,LOT_01,MIXED_SIGNAL_IC,CQFP-64,MIX-SIH-2026,THERMAL_BURN_IN,T01_1467,PROC-ISRO-IISU-01,ATE-STATION-01,CHAMBER-01,1.0,125.0,3.3,168,IDDQ,ELECTRICAL,uA,2.1502,1668.1135,1668.2383,1668.344,1665.9633,0.0211,0.0387,35.5,36.15,2.1502,1668.1135,1668.2383,1668.344,1665.9633,75.0,False,NOMINAL,HEALTHY,-39.26,3.28
MIX_LOT01_COMP1468,LOT_01,MIXED_SIGNAL_IC,CQFP-64,MIX-SIH-2026,THERMAL_BURN_IN,T01_1468,PROC-ISRO-IISU-01,ATE-STATION-01,CHAMBER-01,1.0,125.0,3.3,168,IDDQ,ELECTRICAL,uA,1.9639,1503.6307,1503.7004,1503.7861,1501.6668,-0.0135,-0.0772,33.35,33.62,1.9639,1503.6307,1503.7004,1503.7861,1501.6668,75.0,False,NOMINAL,HEALTHY,17.17,32.93
MIX_LOT01_COMP1469,LOT_01,MIXED_SIGNAL_IC,CQFP-64,MIX-SIH-2026,THERMAL_BURN_IN,T01_1469,PROC-ISRO-IISU-01,ATE-STATION-01,CHAMBER-01,1.0,125.0,3.3,168,IDDQ,ELECTRICAL,uA,1.6546,1258.2128,1258.3084,1258.4322,1256.5582,-0.0026,-0.0183,34.91,35.02,1.6546,1258.2128,1258.3084,1258.4322,1256.5582,75.0,False,NOMINAL,HEALTHY,13.46,1.82
MIX_LOT01_COMP1470,LOT_01,MIXED_SIGNAL_IC,CQFP-64,MIX-SIH-2026,THERMAL_BURN_IN,T01_1470,PROC-ISRO-IISU-01,ATE-STATION-01,CHAMBER-01,1.0,125.0,3.3,168,IDDQ,ELECTRICAL,uA,2.0433,1582.0234,1582.1455,1582.2512,1579.9801,0.0288,0.055,34.85,35.19,2.0433,1582.0234,1582.1455,1582.2512,1579.9801,75.0,False,NOMINAL,HEALTHY,26.16,49.89
MIX_LOT01_COMP1471,LOT_01,MIXED_SIGNAL_IC,CQFP-64,MIX-SIH-2026,THERMAL_BURN_IN,T01_1471,PROC-ISRO-IISU-01,ATE-STATION-01,CHAMBER-01,1.0,125.0,3.3,168,IDDQ,ELECTRICAL,uA,1.6432,1246.6769,1246.8336,1246.8751,1245.0337,0.0119,-0.0049,34.06,33.74,1.6432,1246.6769,1246.8336,1246.8751,1245.0337,75.0,False,NOMINAL,HEALTHY,-6.4,-42.33
MIX_LOT01_COMP1472,LOT_01,MIXED_SIGNAL_IC,CQFP-64,MIX-SIH-2026,THERMAL_BURN_IN,T01_1472,PROC-ISRO-IISU-01,ATE-STATION-01,CHAMBER-01,1.0,125.0,3.3,168,IDDQ,ELECTRICAL,uA,2.1178,1617.1132,1617.2262,1617.2958,1614.9954,0.024,0.0853,34.51,34.63,2.1178,1617.1132,1617.2262,1617.2958,1614.9954,75.0,False,NOMINAL,HEALTHY,-25.0,32.76
MIX_LOT01_COMP1473,LOT_01,MIXED_SIGNAL_IC,CQFP-64,MIX-SIH-2026,THERMAL_BURN_IN,T01_1473,PROC-ISRO-IISU-01,ATE-STATION-01,CHAMBER-01,1.0,125.0,3.3,168,IDDQ,ELECTRICAL,uA,1.7355,1336.371,1336.4158,1336.507,1334.6355,-0.0049,-0.0822,34.98,35.67,1.7355,1336.371,1336.4158,1336.507,1334.6355,75.0,False,NOMINAL,HEALTHY,9.14,-48.4
MIX_LOT01_COMP1474,LOT_01,MIXED_SIGNAL_IC,CQFP-64,MIX-SIH-2026,THERMAL_BURN_IN,T01_1474,PROC-ISRO-IISU-01,ATE-STATION-01,CHAMBER-01,1.0,125.0,3.3,168,IDDQ,ELECTRICAL,uA,1.9085,1476.4282,1478.6379,1488.0447,1474.5197,0.0001,0.0116,36.25,36.82,1.9085,1476.4282,1478.6379,1488.0447,1474.5197,75.0,True,ELECTROMIGRATION,HEALTHY,16.41,18.62
MIX_LOT01_COMP1475,LOT_01,MIXED_SIGNAL_IC,CQFP-64,MIX-SIH-2026,THERMAL_BURN_IN,T01_1475,PROC-ISRO-IISU-01,ATE-STATION-01,CHAMBER-01,1.0,125.0,3.3,168,IDDQ,ELECTRICAL,uA,2.2103,1700.1828,1700.2612,1700.3642,1697.9725,0.0079,0.0214,35.7,35.68,2.2103,1700.1828,1700.2612,1700.3642,1697.9725,75.0,False,NOMINAL,HEALTHY,6.68,47.23
MIX_LOT01_COMP1476,LOT_01,MIXED_SIGNAL_IC,CQFP-64,MIX-SIH-2026,THERMAL_BURN_IN,T01_1476,PROC-ISRO-IISU-01,ATE-STATION-01,CHAMBER-01,1.0,125.0,3.3,168,IDDQ,ELECTRICAL,uA,2.2778,1747.1203,1747.2803,1747.378,1744.8425,0.0234,-0.0309,35.45,35.52,2.2778,1747.1203,1747.2803,1747.378,1744.8425,75.0,False,NOMINAL,HEALTHY,-11.33,32.99
MIX_LOT01_COMP1477,LOT_01,MIXED_SIGNAL_IC,CQFP-64,MIX-SIH-2026,THERMAL_BURN_IN,T01_1477,PROC-ISRO-IISU-01,ATE-STATION-01,CHAMBER-01,1.0,125.0,3.3,168,IDDQ,ELECTRICAL,uA,2.3088,1761.7862,1761.9293,1761.9916,1759.4774,-0.0348,-0.0932,33.84,34.19,2.3088,1761.7862,1761.9293,1761.9916,1759.4774,75.0,False,NOMINAL,HEALTHY,22.97,25.08
MIX_LOT01_COMP1478,LOT_01,MIXED_SIGNAL_IC,CQFP-64,MIX-SIH-2026,THERMAL_BURN_IN,T01_1478,PROC-ISRO-IISU-01,ATE-STATION-01,CHAMBER-01,1.0,125.0,3.3,168,IDDQ,ELECTRICAL,uA,1.8045,1391.3713,1391.4317,1391.5816,1389.5668,-0.0419,0.0298,35.27,36.03,1.8045,1391.3713,1391.4317,1391.5816,1389.5668,75.0,False,NOMINAL,HEALTHY,-5.14,-1.66
MIX_LOT01_COMP1479,LOT_01,MIXED_SIGNAL_IC,CQFP-64,MIX-SIH-2026,THERMAL_BURN_IN,T01_1479,PROC-ISRO-IISU-01,ATE-STATION-01,CHAMBER-01,1.0,125.0,3.3,168,IDDQ,ELECTRICAL,uA,1.7903,1385.2922,1385.3977,1385.4767,1383.5019,-0.0036,-0.1315,34.83,35.16,1.7903,1385.2922,1385.3977,1385.4767,1383.5019,75.0,False,NOMINAL,HEALTHY,-28.37,-41.46
MIX_LOT01_COMP1480,LOT_01,MIXED_SIGNAL_IC,CQFP-64,MIX-SIH-2026,THERMAL_BURN_IN,T01_1480,PROC-ISRO-IISU-01,ATE-STATION-01,CHAMBER-01,1.0,125.0,3.3,168,IDDQ,ELECTRICAL,uA,2.015,1558.7064,1558.8204,1558.8877,1556.6914,0.0085,0.0321,34.28,35.97,2.015,1558.7064,1558.8204,1558.8877,1556.6914,75.0,False,NOMINAL,HEALTHY,26.36,46.35
MIX_LOT01_COMP1481,LOT_01,MIXED_SIGNAL_IC,CQFP-64,MIX-SIH-2026,THERMAL_BURN_IN,T01_1481,PROC-ISRO-IISU-01,ATE-STATION-01,CHAMBER-01,1.0,125.0,3.3,168,IDDQ,ELECTRICAL,uA,1.5478,1195.7842,1195.8346,1195.8904,1194.2364,0.0234,0.0012,35.23,35.56,1.5478,1195.7842,1195.8346,1195.8904,1194.2364,75.0,False,NOMINAL,HEALTHY,40.1,19.68
MIX_LOT01_COMP1482,LOT_01,MIXED_SIGNAL_IC,CQFP-64,MIX-SIH-2026,THERMAL_BURN_IN,T01_1482,PROC-ISRO-IISU-01,ATE-STATION-01,CHAMBER-01,1.0,125.0,3.3,168,IDDQ,ELECTRICAL,uA,2.0612,1582.5198,1582.5985,1582.7429,1580.4586,0.0147,0.0544,35.03,34.55,2.0612,1582.5198,1582.5985,1582.7429,1580.4586,75.0,False,NOMINAL,HEALTHY,-19.28,-37.76
MIX_LOT01_COMP1483,LOT_01,MIXED_SIGNAL_IC,CQFP-64,MIX-SIH-2026,THERMAL_BURN_IN,T01_1483,PROC-ISRO-IISU-01,ATE-STATION-01,CHAMBER-01,1.0,125.0,3.3,168,IDDQ,ELECTRICAL,uA,2.0811,1598.4474,1598.5878,1598.6344,1596.3663,-0.0024,-0.0086,32.87,33.11,2.0811,1598.4474,1598.5878,1598.6344,1596.3663,75.0,False,NOMINAL,HEALTHY,-16.18,28.98
MIX_LOT01_COMP1484,LOT_01,MIXED_SIGNAL_IC,CQFP-64,MIX-SIH-2026,THERMAL_BURN_IN,T01_1484,PROC-ISRO-IISU-01,ATE-STATION-01,CHAMBER-01,1.0,125.0,3.3,168,IDDQ,ELECTRICAL,uA,2.2024,1707.3862,1707.4736,1707.6227,1705.1838,-0.0312,0.0388,34.85,34.42,2.2024,1707.3862,1707.4736,1707.6227,1705.1838,75.0,False,NOMINAL,HEALTHY,-48.85,-34.33
MIX_LOT01_COMP1485,LOT_01,MIXED_SIGNAL_IC,CQFP-64,MIX-SIH-2026,THERMAL_BURN_IN,T01_1485,PROC-ISRO-IISU-01,ATE-STATION-01,CHAMBER-01,1.0,125.0,3.3,168,IDDQ,ELECTRICAL,uA,2.0639,1603.2282,1603.304,1603.3917,1601.1643,-0.0273,0.0082,33.85,33.97,2.0639,1603.2282,1603.304,1603.3917,1601.1643,75.0,False,NOMINAL,HEALTHY,-30.99,23.88
MIX_LOT01_COMP1486,LOT_01,MIXED_SIGNAL_IC,CQFP-64,MIX-SIH-2026,THERMAL_BURN_IN,T01_1486,PROC-ISRO-IISU-01,ATE-STATION-01,CHAMBER-01,1.0,125.0,3.3,168,IDDQ,ELECTRICAL,uA,1.7331,1335.1025,1335.1644,1335.2539,1333.3694,-0.0243,-0.0255,34.7,34.32,1.7331,1335.1025,1335.1644,1335.2539,1333.3694,75.0,True,DIELECTRIC_OSCILLATION,HEALTHY,-0.92,-4.02
MIX_LOT01_COMP1487,LOT_01,MIXED_SIGNAL_IC,CQFP-64,MIX-SIH-2026,THERMAL_BURN_IN,T01_1487,PROC-ISRO-IISU-01,ATE-STATION-01,CHAMBER-01,1.0,125.0,3.3,168,IDDQ,ELECTRICAL,uA,1.8767,1457.1499,1457.2591,1457.3355,1455.2732,0.0357,0.0549,34.55,33.86,1.8767,1457.1499,1457.2591,1457.3355,1455.2732,75.0,False,NOMINAL,HEALTHY,-4.06,-29.11
MIX_LOT01_COMP1488,LOT_01,MIXED_SIGNAL_IC,CQFP-64,MIX-SIH-2026,THERMAL_BURN_IN,T01_1488,PROC-ISRO-IISU-01,ATE-STATION-01,CHAMBER-01,1.0,125.0,3.3,168,IDDQ,ELECTRICAL,uA,1.8707,1439.9083,1439.9838,1440.0451,1438.0376,0.0046,-0.0496,35.53,35.17,1.8707,1439.9083,1439.9838,1440.0451,1438.0376,75.0,False,NOMINAL,HEALTHY,-18.18,-41.83
MIX_LOT01_COMP1489,LOT_01,MIXED_SIGNAL_IC,CQFP-64,MIX-SIH-2026,THERMAL_BURN_IN,T01_1489,PROC-ISRO-IISU-01,ATE-STATION-01,CHAMBER-01,1.0,125.0,3.3,168,IDDQ,ELECTRICAL,uA,1.9385,1501.8138,1501.9703,1501.9708,1499.8753,-0.0029,-0.0551,36.23,35.66,1.9385,1501.8138,1501.9703,1501.9708,1499.8753,75.0,False,NOMINAL,HEALTHY,3.87,-0.68
MIX_LOT01_COMP1490,LOT_01,MIXED_SIGNAL_IC,CQFP-64,MIX-SIH-2026,THERMAL_BURN_IN,T01_1490,PROC-ISRO-IISU-01,ATE-STATION-01,CHAMBER-01,1.0,125.0,3.3,168,IDDQ,ELECTRICAL,uA,1.856,1413.5964,1413.7215,1413.7677,1411.7404,-0.0207,-0.015,34.31,33.92,1.856,1413.5964,1413.7215,1413.7677,1411.7404,75.0,False,NOMINAL,HEALTHY,39.4,25.98
MIX_LOT01_COMP1491,LOT_01,MIXED_SIGNAL_IC,CQFP-64,MIX-SIH-2026,THERMAL_BURN_IN,T01_1491,PROC-ISRO-IISU-01,ATE-STATION-01,CHAMBER-01,1.0,125.0,3.3,168,IDDQ,ELECTRICAL,uA,2.0592,1590.4524,1590.5785,1590.6452,1588.3932,-0.0229,-0.1245,33.55,33.23,2.0592,1590.4524,1590.5785,1590.6452,1588.3932,75.0,False,NOMINAL,HEALTHY,48.83,-42.01
MIX_LOT01_COMP1492,LOT_01,MIXED_SIGNAL_IC,CQFP-64,MIX-SIH-2026,THERMAL_BURN_IN,T01_1492,PROC-ISRO-IISU-01,ATE-STATION-01,CHAMBER-01,1.0,125.0,3.3,168,IDDQ,ELECTRICAL,uA,2.4601,1873.6542,1873.859,1873.8528,1871.1941,-0.0466,-0.0031,35.35,35.37,2.4601,1873.6542,1873.859,1873.8528,1871.1941,75.0,False,NOMINAL,HEALTHY,49.34,-39.55
MIX_LOT01_COMP1493,LOT_01,MIXED_SIGNAL_IC,CQFP-64,MIX-SIH-2026,THERMAL_BURN_IN,T01_1493,PROC-ISRO-IISU-01,ATE-STATION-01,CHAMBER-01,1.0,125.0,3.3,168,IDDQ,ELECTRICAL,uA,2.1684,1660.1475,1660.2839,1660.2809,1657.9791,-0.0051,-0.0227,36.12,36.06,2.1684,1660.1475,1660.2839,1660.2809,1657.9791,75.0,False,NOMINAL,HEALTHY,-11.34,-11.36
MIX_LOT01_COMP1494,LOT_01,MIXED_SIGNAL_IC,CQFP-64,MIX-SIH-2026,THERMAL_BURN_IN,T01_1494,PROC-ISRO-IISU-01,ATE-STATION-01,CHAMBER-01,1.0,125.0,3.3,168,IDDQ,ELECTRICAL,uA,2.0874,1617.5637,1617.7182,1617.8234,1615.4763,-0.0127,0.0208,34.96,35.43,2.0874,1617.5637,1617.7182,1617.8234,1615.4763,75.0,False,NOMINAL,HEALTHY,34.37,33.29
MIX_LOT01_COMP1495,LOT_01,MIXED_SIGNAL_IC,CQFP-64,MIX-SIH-2026,THERMAL_BURN_IN,T01_1495,PROC-ISRO-IISU-01,ATE-STATION-01,CHAMBER-01,1.0,125.0,3.3,168,IDDQ,ELECTRICAL,uA,2.3333,1799.6885,1799.8431,1799.8414,1797.3552,0.0142,0.1017,36.03,35.36,2.3333,1799.6885,1799.8431,1799.8414,1797.3552,75.0,False,NOMINAL,HEALTHY,15.04,15.05
MIX_LOT01_COMP1496,LOT_01,MIXED_SIGNAL_IC,CQFP-64,MIX-SIH-2026,THERMAL_BURN_IN,T01_1496,PROC-ISRO-IISU-01,ATE-STATION-01,CHAMBER-01,1.0,125.0,3.3,168,IDDQ,ELECTRICAL,uA,2.4079,1825.8424,1826.0118,1826.0653,1823.4345,0.0224,0.0772,34.38,34.23,2.4079,1825.8424,1826.0118,1826.0653,1823.4345,75.0,False,NOMINAL,HEALTHY,4.77,48.04
MIX_LOT01_COMP1497,LOT_01,MIXED_SIGNAL_IC,CQFP-64,MIX-SIH-2026,THERMAL_BURN_IN,T01_1497,PROC-ISRO-IISU-01,ATE-STATION-01,CHAMBER-01,1.0,125.0,3.3,168,IDDQ,ELECTRICAL,uA,2.0323,1570.7882,1570.8839,1571.0024,1568.7559,-0.0062,0.1597,35.37,34.55,2.0323,1570.7882,1570.8839,1571.0024,1568.7559,75.0,False,NOMINAL,HEALTHY,-43.89,22.55
MIX_LOT01_COMP1498,LOT_01,MIXED_SIGNAL_IC,CQFP-64,MIX-SIH-2026,THERMAL_BURN_IN,T01_1498,PROC-ISRO-IISU-01,ATE-STATION-01,CHAMBER-01,1.0,125.0,3.3,168,IDDQ,ELECTRICAL,uA,2.0692,1590.9288,1591.0398,1591.1318,1588.8596,-0.0178,-0.0056,35.43,35.3,2.0692,1590.9288,1591.0398,1591.1318,1588.8596,75.0,False,NOMINAL,HEALTHY,-24.44,21.04
MIX_LOT01_COMP1499,LOT_01,MIXED_SIGNAL_IC,CQFP-64,MIX-SIH-2026,THERMAL_BURN_IN,T01_1499,PROC-ISRO-IISU-01,ATE-STATION-01,CHAMBER-01,1.0,125.0,3.3,168,IDDQ,ELECTRICAL,uA,2.2121,1707.6671,1707.8004,1707.8607,1705.455,0.0226,-0.0291,36.58,37.35,2.2121,1707.6671,1707.8004,1707.8607,1705.455,75.0,False,NOMINAL,HEALTHY,11.87,11.83
MIX_LOT01_COMP1500,LOT_01,MIXED_SIGNAL_IC,CQFP-64,MIX-SIH-2026,THERMAL_BURN_IN,T01_1500,PROC-ISRO-IISU-01,ATE-STATION-01,CHAMBER-01,1.0,125.0,3.3,168,IDDQ,ELECTRICAL,uA,2.052,1569.7695,1569.8543,1569.974,1567.7175,0.0264,0.0538,35.44,35.25,2.052,1569.7695,1569.8543,1569.974,1567.7175,75.0,False,NOMINAL,HEALTHY,10.08,-4.41
MIX_LOT01_COMP1501,LOT_01,MIXED_SIGNAL_IC,CQFP-64,MIX-SIH-2026,THERMAL_BURN_IN,T01_1501,PROC-ISRO-IISU-01,ATE-STATION-01,CHAMBER-01,1.0,125.0,3.3,168,IDDQ,ELECTRICAL,uA,1.9419,1501.0652,1501.2166,1501.2559,1499.1233,0.0332,0.0123,35.06,34.63,1.9419,1501.0652,1501.2166,1501.2559,1499.1233,75.0,False,NOMINAL,HEALTHY,17.83,-6.54
MIX_LOT01_COMP1502,LOT_01,MIXED_SIGNAL_IC,CQFP-64,MIX-SIH-2026,THERMAL_BURN_IN,T01_1502,PROC-ISRO-IISU-01,ATE-STATION-01,CHAMBER-01,1.0,125.0,3.3,168,IDDQ,ELECTRICAL,uA,1.8398,1415.7703,1415.9065,1415.941,1413.9305,0.0494,0.1232,35.05,35.08,1.8398,1415.7703,1415.9065,1415.941,1413.9305,75.0,False,NOMINAL,HEALTHY,43.5,-33.2
MIX_LOT01_COMP1503,LOT_01,MIXED_SIGNAL_IC,CQFP-64,MIX-SIH-2026,THERMAL_BURN_IN,T01_1503,PROC-ISRO-IISU-01,ATE-STATION-01,CHAMBER-01,1.0,125.0,3.3,168,IDDQ,ELECTRICAL,uA,1.4972,1136.6148,1136.722,1136.7808,1135.1176,-0.0047,0.0148,34.61,34.06,1.4972,1136.6148,1136.722,1136.7808,1135.1176,75.0,False,NOMINAL,HEALTHY,45.84,1.72
MIX_LOT01_COMP1504,LOT_01,MIXED_SIGNAL_IC,CQFP-64,MIX-SIH-2026,THERMAL_BURN_IN,T01_1504,PROC-ISRO-IISU-01,ATE-STATION-01,CHAMBER-01,1.0,125.0,3.3,168,IDDQ,ELECTRICAL,uA,1.9658,1496.1359,1496.2605,1496.3602,1494.1701,-0.0138,-0.0454,35.22,35.36,1.9658,1496.1359,1496.2605,1496.3602,1494.1701,75.0,False,NOMINAL,HEALTHY,33.63,-12.12
MIX_LOT01_COMP1505,LOT_01,MIXED_SIGNAL_IC,CQFP-64,MIX-SIH-2026,THERMAL_BURN_IN,T01_1505,PROC-ISRO-IISU-01,ATE-STATION-01,CHAMBER-01,1.0,125.0,3.3,168,IDDQ,ELECTRICAL,uA,2.2962,1757.789,1757.897,1758.0057,1755.4928,-0.0322,-0.0371,35.35,35.36,2.2962,1757.789,1757.897,1758.0057,1755.4928,75.0,False,NOMINAL,HEALTHY,-19.24,-39.66
MIX_LOT01_COMP1506,LOT_01,MIXED_SIGNAL_IC,CQFP-64,MIX-SIH-2026,THERMAL_BURN_IN,T01_1506,PROC-ISRO-IISU-01,ATE-STATION-01,CHAMBER-01,1.0,125.0,3.3,168,IDDQ,ELECTRICAL,uA,2.5792,1990.4694,1990.6135,1990.6876,1987.8902,0.033,0.0593,35.67,34.82,2.5792,1990.4694,1990.6135,1990.6876,1987.8902,75.0,False,NOMINAL,HEALTHY,5.09,25.23
MIX_LOT01_COMP1507,LOT_01,MIXED_SIGNAL_IC,CQFP-64,MIX-SIH-2026,THERMAL_BURN_IN,T01_1507,PROC-ISRO-IISU-01,ATE-STATION-01,CHAMBER-01,1.0,125.0,3.3,168,IDDQ,ELECTRICAL,uA,2.2412,1736.5382,1736.7211,1736.7817,1734.297,0.0057,0.004,35.39,34.78,2.2412,1736.5382,1736.7211,1736.7817,1734.297,75.0,False,NOMINAL,HEALTHY,18.7,43.97
MIX_LOT01_COMP1508,LOT_01,MIXED_SIGNAL_IC,CQFP-64,MIX-SIH-2026,THERMAL_BURN_IN,T01_1508,PROC-ISRO-IISU-01,ATE-STATION-01,CHAMBER-01,1.0,125.0,3.3,168,IDDQ,ELECTRICAL,uA,2.5338,1929.2382,1929.4376,1929.4849,1926.7044,-0.0137,-0.0495,35.37,34.7,2.5338,1929.2382,1929.4376,1929.4849,1926.7044,75.0,False,NOMINAL,HEALTHY,-27.57,12.2
MIX_LOT01_COMP1509,LOT_01,MIXED_SIGNAL_IC,CQFP-64,MIX-SIH-2026,THERMAL_BURN_IN,T01_1509,PROC-ISRO-IISU-01,ATE-STATION-01,CHAMBER-01,1.0,125.0,3.3,168,IDDQ,ELECTRICAL,uA,2.0911,1621.3931,1621.4912,1621.5693,1619.302,-0.047,-0.0123,34.85,34.52,2.0911,1621.3931,1621.4912,1621.5693,1619.302,75.0,False,NOMINAL,HEALTHY,-26.18,13.38
MIX_LOT01_COMP1510,LOT_01,MIXED_SIGNAL_IC,CQFP-64,MIX-SIH-2026,THERMAL_BURN_IN,T01_1510,PROC-ISRO-IISU-01,ATE-STATION-01,CHAMBER-01,1.0,125.0,3.3,168,IDDQ,ELECTRICAL,uA,2.0929,1611.896,1612.0126,1612.0741,1609.8031,-0.0154,-0.0337,34.11,34.43,2.0929,1611.896,1612.0126,1612.0741,1609.8031,75.0,False,NOMINAL,HEALTHY,-31.63,7.48
MIX_LOT01_COMP1511,LOT_01,MIXED_SIGNAL_IC,CQFP-64,MIX-SIH-2026,THERMAL_BURN_IN,T01_1511,PROC-ISRO-IISU-01,ATE-STATION-01,CHAMBER-01,1.0,125.0,3.3,168,IDDQ,ELECTRICAL,uA,2.1543,1669.9923,1670.1097,1670.1689,1667.838,0.0242,-0.0291,36.11,35.94,2.1543,1669.9923,1670.1097,1670.1689,1667.838,75.0,False,NOMINAL,HEALTHY,-36.8,-22.67
MIX_LOT01_COMP1512,LOT_01,MIXED_SIGNAL_IC,CQFP-64,MIX-SIH-2026,THERMAL_BURN_IN,T01_1512,PROC-ISRO-IISU-01,ATE-STATION-01,CHAMBER-01,1.0,125.0,3.3,168,IDDQ,ELECTRICAL,uA,1.7897,1365.5577,1365.7041,1365.7527,1363.768,0.0585,0.1252,36.99,36.69,1.7897,1365.5577,1365.7041,1365.7527,1363.768,75.0,False,NOMINAL,HEALTHY,-9.75,-36.39
MIX_LOT01_COMP1513,LOT_01,MIXED_SIGNAL_IC,CQFP-64,MIX-SIH-2026,THERMAL_BURN_IN,T01_1513,PROC-ISRO-IISU-01,ATE-STATION-01,CHAMBER-01,1.0,125.0,3.3,168,IDDQ,ELECTRICAL,uA,2.015,1567.5274,1567.6423,1567.7261,1565.5124,0.0019,0.0661,35.07,34.95,2.015,1567.5274,1567.6423,1567.7261,1565.5124,75.0,False,NOMINAL,HEALTHY,-41.16,-34.14
MIX_LOT01_COMP1514,LOT_01,MIXED_SIGNAL_IC,CQFP-64,MIX-SIH-2026,THERMAL_BURN_IN,T01_1514,PROC-ISRO-IISU-01,ATE-STATION-01,CHAMBER-01,1.0,125.0,3.3,168,IDDQ,ELECTRICAL,uA,2.2397,1752.6447,1752.7749,1752.8401,1750.405,0.005,0.0428,35.43,35.7,2.2397,1752.6447,1752.7749,1752.8401,1750.405,75.0,False,NOMINAL,HEALTHY,22.04,44.43
MIX_LOT01_COMP1515,LOT_01,MIXED_SIGNAL_IC,CQFP-64,MIX-SIH-2026,THERMAL_BURN_IN,T01_1515,PROC-ISRO-IISU-01,ATE-STATION-01,CHAMBER-01,1.0,125.0,3.3,168,IDDQ,ELECTRICAL,uA,2.0544,1577.887,1578.0089,1578.0171,1575.8326,-0.0033,-0.0271,34.65,35.46,2.0544,1577.887,1578.0089,1578.0171,1575.8326,75.0,False,NOMINAL,HEALTHY,27.12,-0.84
MIX_LOT01_COMP1516,LOT_01,MIXED_SIGNAL_IC,CQFP-64,MIX-SIH-2026,THERMAL_BURN_IN,T01_1516,PROC-ISRO-IISU-01,ATE-STATION-01,CHAMBER-01,1.0,125.0,3.3,168,IDDQ,ELECTRICAL,uA,2.0141,1539.5905,1539.7803,1539.7878,1537.5764,0.0095,-0.0024,34.59,34.11,2.0141,1539.5905,1539.7803,1539.7878,1537.5764,75.0,False,NOMINAL,HEALTHY,-0.17,24.09
MIX_LOT01_COMP1517,LOT_01,MIXED_SIGNAL_IC,CQFP-64,MIX-SIH-2026,THERMAL_BURN_IN,T01_1517,PROC-ISRO-IISU-01,ATE-STATION-01,CHAMBER-01,1.0,125.0,3.3,168,IDDQ,ELECTRICAL,uA,2.2554,1743.7719,1743.9296,1744.0451,1741.5165,0.0012,0.0196,33.4,33.61,2.2554,1743.7719,1743.9296,1744.0451,1741.5165,75.0,False,NOMINAL,HEALTHY,28.36,1.73
MIX_LOT01_COMP1518,LOT_01,MIXED_SIGNAL_IC,CQFP-64,MIX-SIH-2026,THERMAL_BURN_IN,T01_1518,PROC-ISRO-IISU-01,ATE-STATION-01,CHAMBER-01,1.0,125.0,3.3,168,IDDQ,ELECTRICAL,uA,1.8711,1453.4149,1453.5416,1453.5958,1451.5438,0.0108,0.0403,34.51,34.28,1.8711,1453.4149,1453.5416,1453.5958,1451.5438,75.0,False,NOMINAL,HEALTHY,17.55,-15.07
MIX_LOT01_COMP1519,LOT_01,MIXED_SIGNAL_IC,CQFP-64,MIX-SIH-2026,THERMAL_BURN_IN,T01_1519,PROC-ISRO-IISU-01,ATE-STATION-01,CHAMBER-01,1.0,125.0,3.3,168,IDDQ,ELECTRICAL,uA,1.9447,1490.0317,1490.1703,1490.2329,1488.087,0.0206,-0.0649,35.4,35.25,1.9447,1490.0317,1490.1703,1490.2329,1488.087,75.0,False,NOMINAL,HEALTHY,-22.16,-14.93
MIX_LOT01_COMP1520,LOT_01,MIXED_SIGNAL_IC,CQFP-64,MIX-SIH-2026,THERMAL_BURN_IN,T01_1520,PROC-ISRO-IISU-01,ATE-STATION-01,CHAMBER-01,1.0,125.0,3.3,168,IDDQ,ELECTRICAL,uA,1.7454,1344.6984,1344.8007,1344.8775,1342.953,0.0216,-0.0025,32.94,32.94,1.7454,1344.6984,1344.8007,1344.8775,1342.953,75.0,False,NOMINAL,HEALTHY,0.62,-4.4
MIX_LOT01_COMP1521,LOT_01,MIXED_SIGNAL_IC,CQFP-64,MIX-SIH-2026,THERMAL_BURN_IN,T01_1521,PROC-ISRO-IISU-01,ATE-STATION-01,CHAMBER-01,1.0,125.0,3.3,168,IDDQ,ELECTRICAL,uA,1.8904,1461.6751,1461.7921,1461.8292,1459.7847,-0.0011,0.0021,35.57,34.55,1.8904,1461.6751,1461.7921,1461.8292,1459.7847,75.0,False,NOMINAL,HEALTHY,41.25,22.82
MIX_LOT01_COMP1522,LOT_01,MIXED_SIGNAL_IC,CQFP-64,MIX-SIH-2026,THERMAL_BURN_IN,T01_1522,PROC-ISRO-IISU-01,ATE-STATION-01,CHAMBER-01,1.0,125.0,3.3,168,IDDQ,ELECTRICAL,uA,2.3559,1815.2183,1815.3667,1815.4435,1812.8624,0.0124,-0.0273,36.36,36.55,2.3559,1815.2183,1815.3667,1815.4435,1812.8624,75.0,False,NOMINAL,HEALTHY,38.28,0.48
MIX_LOT01_COMP1523,LOT_01,MIXED_SIGNAL_IC,CQFP-64,MIX-SIH-2026,THERMAL_BURN_IN,T01_1523,PROC-ISRO-IISU-01,ATE-STATION-01,CHAMBER-01,1.0,125.0,3.3,168,IDDQ,ELECTRICAL,uA,1.9556,1482.3117,1482.4859,1482.4897,1480.3561,-0.0126,-0.0985,32.83,33.87,1.9556,1482.3117,1482.4859,1482.4897,1480.3561,75.0,False,NOMINAL,HEALTHY,-32.16,-13.21
MIX_LOT01_COMP1524,LOT_01,MIXED_SIGNAL_IC,CQFP-64,MIX-SIH-2026,THERMAL_BURN_IN,T01_1524,PROC-ISRO-IISU-01,ATE-STATION-01,CHAMBER-01,1.0,125.0,3.3,168,IDDQ,ELECTRICAL,uA,2.1109,1634.5022,1634.6245,1634.7689,1632.3913,0.0211,-0.035,34.61,35.14,2.1109,1634.5022,1634.6245,1634.7689,1632.3913,75.0,False,NOMINAL,HEALTHY,-9.81,-24.13
MIX_LOT01_COMP1525,LOT_01,MIXED_SIGNAL_IC,CQFP-64,MIX-SIH-2026,THERMAL_BURN_IN,T01_1525,PROC-ISRO-IISU-01,ATE-STATION-01,CHAMBER-01,1.0,125.0,3.3,168,IDDQ,ELECTRICAL,uA,2.2768,1785.2422,1785.4159,1785.477,1782.9654,0.013,-0.0063,36.55,36.93,2.2768,1785.2422,1785.4159,1785.477,1782.9654,75.0,False,NOMINAL,HEALTHY,-31.06,-4.55
MIX_LOT01_COMP1526,LOT_01,MIXED_SIGNAL_IC,CQFP-64,MIX-SIH-2026,THERMAL_BURN_IN,T01_1526,PROC-ISRO-IISU-01,ATE-STATION-01,CHAMBER-01,1.0,125.0,3.3,168,IDDQ,ELECTRICAL,uA,1.8157,1418.0242,1418.157,1418.2353,1416.2085,0.0176,0.0707,34.31,34.11,1.8157,1418.0242,1418.157,1418.2353,1416.2085,75.0,False,NOMINAL,HEALTHY,11.52,-49.51
MIX_LOT01_COMP1527,LOT_01,MIXED_SIGNAL_IC,CQFP-64,MIX-SIH-2026,THERMAL_BURN_IN,T01_1527,PROC-ISRO-IISU-01,ATE-STATION-01,CHAMBER-01,1.0,125.0,3.3,168,IDDQ,ELECTRICAL,uA,2.0607,1578.2777,1578.3884,1578.4282,1576.217,0.0379,-0.0175,36.29,35.59,2.0607,1578.2777,1578.3884,1578.4282,1576.217,75.0,False,NOMINAL,HEALTHY,18.78,37.61
MIX_LOT01_COMP1528,LOT_01,MIXED_SIGNAL_IC,CQFP-64,MIX-SIH-2026,THERMAL_BURN_IN,T01_1528,PROC-ISRO-IISU-01,ATE-STATION-01,CHAMBER-01,1.0,125.0,3.3,168,IDDQ,ELECTRICAL,uA,2.1374,1642.2569,1642.4021,1642.4079,1640.1195,0.039,0.0995,35.1,34.53,2.1374,1642.2569,1642.4021,1642.4079,1640.1195,75.0,False,NOMINAL,HEALTHY,8.25,-41.06
MIX_LOT01_COMP1529,LOT_01,MIXED_SIGNAL_IC,CQFP-64,MIX-SIH-2026,THERMAL_BURN_IN,T01_1529,PROC-ISRO-IISU-01,ATE-STATION-01,CHAMBER-01,1.0,125.0,3.3,168,IDDQ,ELECTRICAL,uA,2.3382,1793.388,1793.5096,1793.5527,1791.0498,0.0419,0.0191,32.84,32.96,2.3382,1793.388,1793.5096,1793.5527,1791.0498,75.0,False,NOMINAL,HEALTHY,-19.74,-42.81
MIX_LOT01_COMP1530,LOT_01,MIXED_SIGNAL_IC,CQFP-64,MIX-SIH-2026,THERMAL_BURN_IN,T01_1530,PROC-ISRO-IISU-01,ATE-STATION-01,CHAMBER-01,1.0,125.0,3.3,168,IDDQ,ELECTRICAL,uA,2.5259,1971.4189,1971.51,1971.6431,1968.893,0.0148,0.184,33.96,33.55,2.5259,1971.4189,1971.51,1971.6431,1968.893,75.0,False,NOMINAL,HEALTHY,-38.64,-36.9
MIX_LOT01_COMP1531,LOT_01,MIXED_SIGNAL_IC,CQFP-64,MIX-SIH-2026,THERMAL_BURN_IN,T01_1531,PROC-ISRO-IISU-01,ATE-STATION-01,CHAMBER-01,1.0,125.0,3.3,168,IDDQ,ELECTRICAL,uA,2.6182,2027.4125,2027.5655,2027.6457,2024.7943,-0.0269,-0.0429,35.53,35.61,2.6182,2027.4125,2027.5655,2027.6457,2024.7943,75.0,False,NOMINAL,HEALTHY,26.73,24.06
MIX_LOT01_COMP1532,LOT_01,MIXED_SIGNAL_IC,CQFP-64,MIX-SIH-2026,THERMAL_BURN_IN,T01_1532,PROC-ISRO-IISU-01,ATE-STATION-01,CHAMBER-01,1.0,125.0,3.3,168,IDDQ,ELECTRICAL,uA,2.0083,1547.4557,1547.5725,1547.6855,1545.4474,-0.0206,-0.0625,36.23,36.63,2.0083,1547.4557,1547.5725,1547.6855,1545.4474,75.0,False,NOMINAL,HEALTHY,-45.38,0.06
MIX_LOT01_COMP1533,LOT_01,MIXED_SIGNAL_IC,CQFP-64,MIX-SIH-2026,THERMAL_BURN_IN,T01_1533,PROC-ISRO-IISU-01,ATE-STATION-01,CHAMBER-01,1.0,125.0,3.3,168,IDDQ,ELECTRICAL,uA,2.1518,1666.2296,1666.3831,1666.4723,1664.0778,-0.0053,0.0638,34.81,35.63,2.1518,1666.2296,1666.3831,1666.4723,1664.0778,75.0,False,NOMINAL,HEALTHY,27.41,28.03
MIX_LOT01_COMP1534,LOT_01,MIXED_SIGNAL_IC,CQFP-64,MIX-SIH-2026,THERMAL_BURN_IN,T01_1534,PROC-ISRO-IISU-01,ATE-STATION-01,CHAMBER-01,1.0,125.0,3.3,168,IDDQ,ELECTRICAL,uA,1.8392,1405.4597,1405.5561,1405.6229,1403.6205,0.0072,0.0967,34.83,34.13,1.8392,1405.4597,1405.5561,1405.6229,1403.6205,75.0,False,NOMINAL,HEALTHY,39.96,39.86
MIX_LOT01_COMP1535,LOT_01,MIXED_SIGNAL_IC,CQFP-64,MIX-SIH-2026,THERMAL_BURN_IN,T01_1535,PROC-ISRO-IISU-01,ATE-STATION-01,CHAMBER-01,1.0,125.0,3.3,168,IDDQ,ELECTRICAL,uA,2.2092,1711.6604,1711.7912,1711.9092,1709.4512,-0.0081,0.0316,34.25,35.34,2.2092,1711.6604,1711.7912,1711.9092,1709.4512,75.0,False,NOMINAL,HEALTHY,2.48,-31.53
MIX_LOT01_COMP1536,LOT_01,MIXED_SIGNAL_IC,CQFP-64,MIX-SIH-2026,THERMAL_BURN_IN,T01_1536,PROC-ISRO-IISU-01,ATE-STATION-01,CHAMBER-01,1.0,125.0,3.3,168,IDDQ,ELECTRICAL,uA,2.0684,1602.761,1602.912,1602.9751,1600.6926,0.0029,-0.0092,35.52,35.53,2.0684,1602.761,1602.912,1602.9751,1600.6926,75.0,False,NOMINAL,HEALTHY,-30.33,15.53
MIX_LOT01_COMP1537,LOT_01,MIXED_SIGNAL_IC,CQFP-64,MIX-SIH-2026,THERMAL_BURN_IN,T01_1537,PROC-ISRO-IISU-01,ATE-STATION-01,CHAMBER-01,1.0,125.0,3.3,168,IDDQ,ELECTRICAL,uA,2.3817,1832.1955,1832.3135,1832.4546,1829.8138,0.0068,-0.0367,35.67,35.93,2.3817,1832.1955,1832.3135,1832.4546,1829.8138,75.0,False,NOMINAL,HEALTHY,-29.15,-19.58
MIX_LOT01_COMP1538,LOT_01,MIXED_SIGNAL_IC,CQFP-64,MIX-SIH-2026,THERMAL_BURN_IN,T01_1538,PROC-ISRO-IISU-01,ATE-STATION-01,CHAMBER-01,1.0,125.0,3.3,168,IDDQ,ELECTRICAL,uA,1.9776,1534.5496,1534.6499,1534.7673,1532.572,0.0006,-0.0445,34.75,34.97,1.9776,1534.5496,1534.6499,1534.7673,1532.572,75.0,False,NOMINAL,HEALTHY,-38.42,-17.6
MIX_LOT01_COMP1539,LOT_01,MIXED_SIGNAL_IC,CQFP-64,MIX-SIH-2026,THERMAL_BURN_IN,T01_1539,PROC-ISRO-IISU-01,ATE-STATION-01,CHAMBER-01,1.0,125.0,3.3,168,IDDQ,ELECTRICAL,uA,1.7381,1326.9689,1327.0873,1327.1701,1325.2308,0.0208,0.0348,36.13,36.39,1.7381,1326.9689,1327.0873,1327.1701,1325.2308,75.0,False,NOMINAL,HEALTHY,19.47,-12.05
MIX_LOT01_COMP1540,LOT_01,MIXED_SIGNAL_IC,CQFP-64,MIX-SIH-2026,THERMAL_BURN_IN,T01_1540,PROC-ISRO-IISU-01,ATE-STATION-01,CHAMBER-01,1.0,125.0,3.3,168,IDDQ,ELECTRICAL,uA,1.8804,1452.8774,1453.0005,1453.0697,1450.997,-0.0109,-0.0686,35.42,34.91,1.8804,1452.8774,1453.0005,1453.0697,1450.997,75.0,False,NOMINAL,HEALTHY,29.01,2.38
MIX_LOT01_COMP1541,LOT_01,MIXED_SIGNAL_IC,CQFP-64,MIX-SIH-2026,THERMAL_BURN_IN,T01_1541,PROC-ISRO-IISU-01,ATE-STATION-01,CHAMBER-01,1.0,125.0,3.3,168,IDDQ,ELECTRICAL,uA,2.1847,1673.4733,1673.5407,1673.65,1671.2886,-0.008,-0.0682,34.73,34.87,2.1847,1673.4733,1673.5407,1673.65,1671.2886,75.0,False,NOMINAL,HEALTHY,-14.2,18.5
MIX_LOT01_COMP1542,LOT_01,MIXED_SIGNAL_IC,CQFP-64,MIX-SIH-2026,THERMAL_BURN_IN,T01_1542,PROC-ISRO-IISU-01,ATE-STATION-01,CHAMBER-01,1.0,125.0,3.3,168,IDDQ,ELECTRICAL,uA,1.9712,1520.5129,1520.5984,1520.6643,1518.5417,-0.0002,0.0583,33.56,33.76,1.9712,1520.5129,1520.5984,1520.6643,1518.5417,75.0,False,NOMINAL,HEALTHY,-21.05,-34.45
MIX_LOT01_COMP1543,LOT_01,MIXED_SIGNAL_IC,CQFP-64,MIX-SIH-2026,THERMAL_BURN_IN,T01_1543,PROC-ISRO-IISU-01,ATE-STATION-01,CHAMBER-01,1.0,125.0,3.3,168,IDDQ,ELECTRICAL,uA,2.0295,1557.3568,1557.4514,1557.5083,1555.3273,-0.0032,-0.0152,34.93,35.25,2.0295,1557.3568,1557.4514,1557.5083,1555.3273,75.0,False,NOMINAL,HEALTHY,-38.59,17.88
MIX_LOT01_COMP1544,LOT_01,MIXED_SIGNAL_IC,CQFP-64,MIX-SIH-2026,THERMAL_BURN_IN,T01_1544,PROC-ISRO-IISU-01,ATE-STATION-01,CHAMBER-01,1.0,125.0,3.3,168,IDDQ,ELECTRICAL,uA,1.865,1449.3087,1449.4384,1449.5636,1447.4437,0.0108,0.0264,33.41,33.35,1.865,1449.3087,1449.4384,1449.5636,1447.4437,75.0,False,NOMINAL,HEALTHY,-12.29,41.66
MIX_LOT01_COMP1545,LOT_01,MIXED_SIGNAL_IC,CQFP-64,MIX-SIH-2026,THERMAL_BURN_IN,T01_1545,PROC-ISRO-IISU-01,ATE-STATION-01,CHAMBER-01,1.0,125.0,3.3,168,IDDQ,ELECTRICAL,uA,2.1298,1641.2761,1641.423,1641.4852,1639.1463,0.0021,0.0112,34.3,34.16,2.1298,1641.2761,1641.423,1641.4852,1639.1463,75.0,False,NOMINAL,HEALTHY,32.17,8.66
MIX_LOT01_COMP1546,LOT_01,MIXED_SIGNAL_IC,CQFP-64,MIX-SIH-2026,THERMAL_BURN_IN,T01_1546,PROC-ISRO-IISU-01,ATE-STATION-01,CHAMBER-01,1.0,125.0,3.3,168,IDDQ,ELECTRICAL,uA,1.9595,1507.037,1507.1868,1507.2529,1505.0775,-0.0003,0.009,33.98,35.17,1.9595,1507.037,1507.1868,1507.2529,1505.0775,75.0,False,NOMINAL,HEALTHY,-17.89,-33.57
MIX_LOT01_COMP1547,LOT_01,MIXED_SIGNAL_IC,CQFP-64,MIX-SIH-2026,THERMAL_BURN_IN,T01_1547,PROC-ISRO-IISU-01,ATE-STATION-01,CHAMBER-01,1.0,125.0,3.3,168,IDDQ,ELECTRICAL,uA,2.0649,1586.4689,1586.6139,1586.6724,1584.404,0.0355,0.0288,33.49,33.33,2.0649,1586.4689,1586.6139,1586.6724,1584.404,75.0,False,NOMINAL,HEALTHY,24.7,-29.96
MIX_LOT01_COMP1548,LOT_01,MIXED_SIGNAL_IC,CQFP-64,MIX-SIH-2026,THERMAL_BURN_IN,T01_1548,PROC-ISRO-IISU-01,ATE-STATION-01,CHAMBER-01,1.0,125.0,3.3,168,IDDQ,ELECTRICAL,uA,2.4593,1898.5648,1898.6959,1898.8324,1896.1055,-0.0077,0.0387,33.47,33.59,2.4593,1898.5648,1898.6959,1898.8324,1896.1055,75.0,False,NOMINAL,HEALTHY,-15.13,17.23
MIX_LOT01_COMP1549,LOT_01,MIXED_SIGNAL_IC,CQFP-64,MIX-SIH-2026,THERMAL_BURN_IN,T01_1549,PROC-ISRO-IISU-01,ATE-STATION-01,CHAMBER-01,1.0,125.0,3.3,168,IDDQ,ELECTRICAL,uA,2.0965,1624.1313,1624.2641,1624.3896,1622.0348,0.0006,0.0286,35.75,35.61,2.0965,1624.1313,1624.2641,1624.3896,1622.0348,75.0,False,NOMINAL,HEALTHY,32.9,-33.32
MIX_LOT01_COMP1550,LOT_01,MIXED_SIGNAL_IC,CQFP-64,MIX-SIH-2026,THERMAL_BURN_IN,T01_1550,PROC-ISRO-IISU-01,ATE-STATION-01,CHAMBER-01,1.0,125.0,3.3,168,IDDQ,ELECTRICAL,uA,2.3402,1782.1398,1782.3081,1782.3848,1779.7996,-0.002,0.0361,34.72,34.13,2.3402,1782.1398,1782.3081,1782.3848,1779.7996,75.0,False,NOMINAL,HEALTHY,7.43,16.08
MIX_LOT01_COMP1551,LOT_01,MIXED_SIGNAL_IC,CQFP-64,MIX-SIH-2026,THERMAL_BURN_IN,T01_1551,PROC-ISRO-IISU-01,ATE-STATION-01,CHAMBER-01,1.0,125.0,3.3,168,IDDQ,ELECTRICAL,uA,2.0849,1605.4642,1605.5767,1605.7376,1603.3793,0.0035,0.0315,35.09,35.44,2.0849,1605.4642,1605.5767,1605.7376,1603.3793,75.0,False,NOMINAL,HEALTHY,-36.14,3.87
MIX_LOT01_COMP1552,LOT_01,MIXED_SIGNAL_IC,CQFP-64,MIX-SIH-2026,THERMAL_BURN_IN,T01_1552,PROC-ISRO-IISU-01,ATE-STATION-01,CHAMBER-01,1.0,125.0,3.3,168,IDDQ,ELECTRICAL,uA,1.8588,1428.1387,1428.3249,1428.3709,1426.2799,-0.0046,0.0219,34.44,33.18,1.8588,1428.1387,1428.3249,1428.3709,1426.2799,75.0,False,NOMINAL,HEALTHY,9.59,-49.88
MIX_LOT01_COMP1553,LOT_01,MIXED_SIGNAL_IC,CQFP-64,MIX-SIH-2026,THERMAL_BURN_IN,T01_1553,PROC-ISRO-IISU-01,ATE-STATION-01,CHAMBER-01,1.0,125.0,3.3,168,IDDQ,ELECTRICAL,uA,2.0444,1587.1844,1587.3388,1587.3923,1585.14,-0.0194,-0.0131,34.96,35.05,2.0444,1587.1844,1587.3388,1587.3923,1585.14,75.0,False,NOMINAL,HEALTHY,24.26,47.01
MIX_LOT01_COMP1554,LOT_01,MIXED_SIGNAL_IC,CQFP-64,MIX-SIH-2026,THERMAL_BURN_IN,T01_1554,PROC-ISRO-IISU-01,ATE-STATION-01,CHAMBER-01,1.0,125.0,3.3,168,IDDQ,ELECTRICAL,uA,2.3735,1828.0619,1828.2336,1828.3529,1825.6884,0.0079,-0.0434,35.31,35.42,2.3735,1828.0619,1828.2336,1828.3529,1825.6884,75.0,False,NOMINAL,HEALTHY,-25.47,39.4
MIX_LOT01_COMP1555,LOT_01,MIXED_SIGNAL_IC,CQFP-64,MIX-SIH-2026,THERMAL_BURN_IN,T01_1555,PROC-ISRO-IISU-01,ATE-STATION-01,CHAMBER-01,1.0,125.0,3.3,168,IDDQ,ELECTRICAL,uA,1.8694,1442.4132,1442.543,1442.6234,1440.5438,-0.0182,0.0247,36.27,36.68,1.8694,1442.4132,1442.543,1442.6234,1440.5438,75.0,False,NOMINAL,HEALTHY,-23.55,20.58
MIX_LOT01_COMP1556,LOT_01,MIXED_SIGNAL_IC,CQFP-64,MIX-SIH-2026,THERMAL_BURN_IN,T01_1556,PROC-ISRO-IISU-01,ATE-STATION-01,CHAMBER-01,1.0,125.0,3.3,168,IDDQ,ELECTRICAL,uA,2.3894,1857.7126,1857.8705,1857.9009,1855.3232,-0.0521,-0.1195,34.86,35.07,2.3894,1857.7126,1857.8705,1857.9009,1855.3232,75.0,False,NOMINAL,HEALTHY,-39.21,-10.8
MIX_LOT01_COMP1557,LOT_01,MIXED_SIGNAL_IC,CQFP-64,MIX-SIH-2026,THERMAL_BURN_IN,T01_1557,PROC-ISRO-IISU-01,ATE-STATION-01,CHAMBER-01,1.0,125.0,3.3,168,IDDQ,ELECTRICAL,uA,2.4215,1855.4407,1855.6175,1855.6641,1853.0192,-0.0016,-0.0402,32.43,31.8,2.4215,1855.4407,1855.6175,1855.6641,1853.0192,75.0,False,NOMINAL,HEALTHY,-3.4,-19.97
MIX_LOT01_COMP1558,LOT_01,MIXED_SIGNAL_IC,CQFP-64,MIX-SIH-2026,THERMAL_BURN_IN,T01_1558,PROC-ISRO-IISU-01,ATE-STATION-01,CHAMBER-01,1.0,125.0,3.3,168,IDDQ,ELECTRICAL,uA,2.0015,1537.3218,1537.4395,1537.5308,1535.3203,0.0123,0.0311,34.58,34.25,2.0015,1537.3218,1537.4395,1537.5308,1535.3203,75.0,False,NOMINAL,HEALTHY,33.78,16.01
MIX_LOT01_COMP1559,LOT_01,MIXED_SIGNAL_IC,CQFP-64,MIX-SIH-2026,THERMAL_BURN_IN,T01_1559,PROC-ISRO-IISU-01,ATE-STATION-01,CHAMBER-01,1.0,125.0,3.3,168,IDDQ,ELECTRICAL,uA,2.242,1737.684,1737.8186,1737.8953,1735.442,0.0074,0.0744,35.05,35.0,2.242,1737.684,1737.8186,1737.8953,1735.442,75.0,False,NOMINAL,HEALTHY,-9.48,-15.63
MIX_LOT01_COMP1560,LOT_01,MIXED_SIGNAL_IC,CQFP-64,MIX-SIH-2026,THERMAL_BURN_IN,T01_1560,PROC-ISRO-IISU-01,ATE-STATION-01,CHAMBER-01,1.0,125.0,3.3,168,IDDQ,ELECTRICAL,uA,2.4121,1865.1347,1865.2188,1865.3539,1862.7226,-0.0383,-0.1093,36.08,35.3,2.4121,1865.1347,1865.2188,1865.3539,1862.7226,75.0,False,NOMINAL,HEALTHY,40.91,3.75
MIX_LOT01_COMP1561,LOT_01,MIXED_SIGNAL_IC,CQFP-64,MIX-SIH-2026,THERMAL_BURN_IN,T01_1561,PROC-ISRO-IISU-01,ATE-STATION-01,CHAMBER-01,1.0,125.0,3.3,168,IDDQ,ELECTRICAL,uA,1.8561,1424.4899,1424.5881,1424.6939,1422.6338,0.0021,-0.0214,34.37,34.81,1.8561,1424.4899,1424.5881,1424.6939,1422.6338,75.0,False,NOMINAL,HEALTHY,-13.86,-38.79
MIX_LOT01_COMP1562,LOT_01,MIXED_SIGNAL_IC,CQFP-64,MIX-SIH-2026,THERMAL_BURN_IN,T01_1562,PROC-ISRO-IISU-01,ATE-STATION-01,CHAMBER-01,1.0,125.0,3.3,168,IDDQ,ELECTRICAL,uA,1.8821,1444.2537,1444.3325,1444.4006,1442.3716,0.0252,-0.0321,36.01,35.89,1.8821,1444.2537,1444.3325,1444.4006,1442.3716,75.0,False,NOMINAL,HEALTHY,36.53,42.81
MIX_LOT01_COMP1563,LOT_01,MIXED_SIGNAL_IC,CQFP-64,MIX-SIH-2026,THERMAL_BURN_IN,T01_1563,PROC-ISRO-IISU-01,ATE-STATION-01,CHAMBER-01,1.0,125.0,3.3,168,IDDQ,ELECTRICAL,uA,7.4991,5764.5922,5764.9609,5765.1278,5757.0931,-0.0128,-0.042,34.17,34.18,7.4991,5764.5922,5764.9609,5765.1278,5757.0931,75.0,True,SPATIAL_OUTLIER,HEALTHY,38.39,27.44
MIX_LOT01_COMP1564,LOT_01,MIXED_SIGNAL_IC,CQFP-64,MIX-SIH-2026,THERMAL_BURN_IN,T01_1564,PROC-ISRO-IISU-01,ATE-STATION-01,CHAMBER-01,1.0,125.0,3.3,168,IDDQ,ELECTRICAL,uA,2.3001,1774.3808,1774.5241,1774.592,1772.0807,0.0201,0.0147,34.89,35.63,2.3001,1774.3808,1774.5241,1774.592,1772.0807,75.0,False,NOMINAL,HEALTHY,-35.04,-0.87
MIX_LOT01_COMP1565,LOT_01,MIXED_SIGNAL_IC,CQFP-64,MIX-SIH-2026,THERMAL_BURN_IN,T01_1565,PROC-ISRO-IISU-01,ATE-STATION-01,CHAMBER-01,1.0,125.0,3.3,168,IDDQ,ELECTRICAL,uA,1.8548,1422.5001,1422.6243,1422.6761,1420.6453,-0.0173,0.0212,35.98,36.33,1.8548,1422.5001,1422.6243,1422.6761,1420.6453,75.0,False,NOMINAL,HEALTHY,44.98,38.84
MIX_LOT01_COMP1566,LOT_01,MIXED_SIGNAL_IC,CQFP-64,MIX-SIH-2026,THERMAL_BURN_IN,T01_1566,PROC-ISRO-IISU-01,ATE-STATION-01,CHAMBER-01,1.0,125.0,3.3,168,IDDQ,ELECTRICAL,uA,2.0243,1562.8867,1563.0156,1563.0975,1560.8624,-0.0059,0.0176,34.6,35.27,2.0243,1562.8867,1563.0156,1563.0975,1560.8624,75.0,False,NOMINAL,HEALTHY,21.46,-9.12
MIX_LOT01_COMP1567,LOT_01,MIXED_SIGNAL_IC,CQFP-64,MIX-SIH-2026,THERMAL_BURN_IN,T01_1567,PROC-ISRO-IISU-01,ATE-STATION-01,CHAMBER-01,1.0,125.0,3.3,168,IDDQ,ELECTRICAL,uA,2.288,1746.2232,1746.3738,1746.3964,1743.9352,-0.0029,-0.0097,35.06,35.63,2.288,1746.2232,1746.3738,1746.3964,1743.9352,75.0,False,NOMINAL,HEALTHY,25.65,23.08
MIX_LOT01_COMP1568,LOT_01,MIXED_SIGNAL_IC,CQFP-64,MIX-SIH-2026,THERMAL_BURN_IN,T01_1568,PROC-ISRO-IISU-01,ATE-STATION-01,CHAMBER-01,1.0,125.0,3.3,168,IDDQ,ELECTRICAL,uA,2.491,1910.1598,1910.2735,1910.4068,1907.6688,-0.0157,0.0222,34.1,34.32,2.491,1910.1598,1910.2735,1910.4068,1907.6688,75.0,False,NOMINAL,HEALTHY,-16.08,-38.75
MIX_LOT01_COMP1569,LOT_01,MIXED_SIGNAL_IC,CQFP-64,MIX-SIH-2026,THERMAL_BURN_IN,T01_1569,PROC-ISRO-IISU-01,ATE-STATION-01,CHAMBER-01,1.0,125.0,3.3,168,IDDQ,ELECTRICAL,uA,2.8042,2171.1937,2171.3692,2171.4598,2168.3895,-0.0174,-0.0991,35.34,35.32,2.8042,2171.1937,2171.3692,2171.4598,2168.3895,75.0,False,NOMINAL,HEALTHY,-33.37,-43.98
MIX_LOT01_COMP1570,LOT_01,MIXED_SIGNAL_IC,CQFP-64,MIX-SIH-2026,THERMAL_BURN_IN,T01_1570,PROC-ISRO-IISU-01,ATE-STATION-01,CHAMBER-01,1.0,125.0,3.3,168,IDDQ,ELECTRICAL,uA,1.7188,1322.2939,1322.4164,1322.5177,1320.5751,-0.0035,-0.0503,33.35,33.82,1.7188,1322.2939,1322.4164,1322.5177,1320.5751,75.0,False,NOMINAL,HEALTHY,-14.33,39.01
MIX_LOT01_COMP1571,LOT_01,MIXED_SIGNAL_IC,CQFP-64,MIX-SIH-2026,THERMAL_BURN_IN,T01_1571,PROC-ISRO-IISU-01,ATE-STATION-01,CHAMBER-01,1.0,125.0,3.3,168,IDDQ,ELECTRICAL,uA,2.2396,1710.2753,1710.4765,1710.5155,1708.0357,0.0256,-0.0179,32.96,33.09,2.2396,1710.2753,1710.4765,1710.5155,1708.0357,75.0,True,DIELECTRIC_OSCILLATION,HEALTHY,12.86,-19.94
MIX_LOT01_COMP1572,LOT_01,MIXED_SIGNAL_IC,CQFP-64,MIX-SIH-2026,THERMAL_BURN_IN,T01_1572,PROC-ISRO-IISU-01,ATE-STATION-01,CHAMBER-01,1.0,125.0,3.3,168,IDDQ,ELECTRICAL,uA,2.0735,1602.0808,1602.2414,1602.3316,1600.0073,0.0034,-0.0016,38.46,38.48,2.0735,1602.0808,1602.2414,1602.3316,1600.0073,75.0,False,NOMINAL,HEALTHY,19.19,-6.1
MIX_LOT01_COMP1573,LOT_01,MIXED_SIGNAL_IC,CQFP-64,MIX-SIH-2026,THERMAL_BURN_IN,T01_1573,PROC-ISRO-IISU-01,ATE-STATION-01,CHAMBER-01,1.0,125.0,3.3,168,IDDQ,ELECTRICAL,uA,1.4799,1150.1174,1150.1629,1150.1762,1148.6375,0.0185,0.0357,38.14,38.13,1.4799,1150.1174,1150.1629,1150.1762,1148.6375,75.0,False,NOMINAL,HEALTHY,27.19,-37.94
MIX_LOT01_COMP1574,LOT_01,MIXED_SIGNAL_IC,CQFP-64,MIX-SIH-2026,THERMAL_BURN_IN,T01_1574,PROC-ISRO-IISU-01,ATE-STATION-01,CHAMBER-01,1.0,125.0,3.3,168,IDDQ,ELECTRICAL,uA,1.87,1443.9433,1444.0852,1444.1028,1442.0733,0.0047,0.0049,34.04,35.16,1.87,1443.9433,1444.0852,1444.1028,1442.0733,75.0,False,NOMINAL,HEALTHY,11.88,-24.22
MIX_LOT01_COMP1575,LOT_01,MIXED_SIGNAL_IC,CQFP-64,MIX-SIH-2026,THERMAL_BURN_IN,T01_1575,PROC-ISRO-IISU-01,ATE-STATION-01,CHAMBER-01,1.0,125.0,3.3,168,IDDQ,ELECTRICAL,uA,2.3017,1777.3905,1777.5466,1777.6009,1775.0888,-0.0191,0.0026,33.35,33.66,2.3017,1777.3905,1777.5466,1777.6009,1775.0888,75.0,False,NOMINAL,HEALTHY,-48.35,-35.36
MIX_LOT01_COMP1576,LOT_01,MIXED_SIGNAL_IC,CQFP-64,MIX-SIH-2026,THERMAL_BURN_IN,T01_1576,PROC-ISRO-IISU-01,ATE-STATION-01,CHAMBER-01,1.0,125.0,3.3,168,IDDQ,ELECTRICAL,uA,2.1097,1638.1293,1638.2419,1638.2856,1636.0196,0.034,0.0814,35.62,34.96,2.1097,1638.1293,1638.2419,1638.2856,1636.0196,75.0,False,NOMINAL,HEALTHY,-11.38,-2.18
MIX_LOT01_COMP1577,LOT_01,MIXED_SIGNAL_IC,CQFP-64,MIX-SIH-2026,THERMAL_BURN_IN,T01_1577,PROC-ISRO-IISU-01,ATE-STATION-01,CHAMBER-01,1.0,125.0,3.3,168,IDDQ,ELECTRICAL,uA,2.0014,1537.6835,1537.802,1537.8625,1535.6821,0.0167,-0.0329,37.07,37.13,2.0014,1537.6835,1537.802,1537.8625,1535.6821,75.0,False,NOMINAL,HEALTHY,-31.97,-1.75
MIX_LOT01_COMP1578,LOT_01,MIXED_SIGNAL_IC,CQFP-64,MIX-SIH-2026,THERMAL_BURN_IN,T01_1578,PROC-ISRO-IISU-01,ATE-STATION-01,CHAMBER-01,1.0,125.0,3.3,168,IDDQ,ELECTRICAL,uA,1.9906,1537.1749,1537.339,1537.3695,1535.1843,0.0008,-0.0433,34.85,34.3,1.9906,1537.1749,1537.339,1537.3695,1535.1843,75.0,False,NOMINAL,HEALTHY,-9.62,-32.33
MIX_LOT01_COMP1579,LOT_01,MIXED_SIGNAL_IC,CQFP-64,MIX-SIH-2026,THERMAL_BURN_IN,T01_1579,PROC-ISRO-IISU-01,ATE-STATION-01,CHAMBER-01,1.0,125.0,3.3,168,IDDQ,ELECTRICAL,uA,2.2187,1700.582,1700.7209,1700.8057,1698.3633,0.055,0.1294,34.07,33.5,2.2187,1700.582,1700.7209,1700.8057,1698.3633,75.0,False,NOMINAL,HEALTHY,12.02,5.91
MIX_LOT01_COMP1580,LOT_01,MIXED_SIGNAL_IC,CQFP-64,MIX-SIH-2026,THERMAL_BURN_IN,T01_1580,PROC-ISRO-IISU-01,ATE-STATION-01,CHAMBER-01,1.0,125.0,3.3,168,IDDQ,ELECTRICAL,uA,2.1894,1695.1263,1695.2396,1695.3118,1692.9369,0.0093,0.0152,33.13,32.39,2.1894,1695.1263,1695.2396,1695.3118,1692.9369,75.0,False,NOMINAL,HEALTHY,0.25,23.39
MIX_LOT01_COMP1581,LOT_01,MIXED_SIGNAL_IC,CQFP-64,MIX-SIH-2026,THERMAL_BURN_IN,T01_1581,PROC-ISRO-IISU-01,ATE-STATION-01,CHAMBER-01,1.0,125.0,3.3,168,IDDQ,ELECTRICAL,uA,1.8594,1416.7386,1416.8587,1416.8886,1414.8792,0.0054,-0.0107,34.85,34.52,1.8594,1416.7386,1416.8587,1416.8886,1414.8792,75.0,False,NOMINAL,HEALTHY,-21.15,-39.91
MIX_LOT01_COMP1582,LOT_01,MIXED_SIGNAL_IC,CQFP-64,MIX-SIH-2026,THERMAL_BURN_IN,T01_1582,PROC-ISRO-IISU-01,ATE-STATION-01,CHAMBER-01,1.0,125.0,3.3,168,IDDQ,ELECTRICAL,uA,2.0582,1582.6688,1582.7853,1582.9141,1580.6106,0.0026,0.0171,34.48,34.83,2.0582,1582.6688,1582.7853,1582.9141,1580.6106,75.0,False,NOMINAL,HEALTHY,41.96,26.83
MIX_LOT01_COMP1583,LOT_01,MIXED_SIGNAL_IC,CQFP-64,MIX-SIH-2026,THERMAL_BURN_IN,T01_1583,PROC-ISRO-IISU-01,ATE-STATION-01,CHAMBER-01,1.0,125.0,3.3,168,IDDQ,ELECTRICAL,uA,2.054,1571.6761,1571.7977,1571.83,1569.6221,0.0108,0.0193,37.59,38.01,2.054,1571.6761,1571.7977,1571.83,1569.6221,75.0,False,NOMINAL,HEALTHY,-6.36,30.37
MIX_LOT01_COMP1584,LOT_01,MIXED_SIGNAL_IC,CQFP-64,MIX-SIH-2026,THERMAL_BURN_IN,T01_1584,PROC-ISRO-IISU-01,ATE-STATION-01,CHAMBER-01,1.0,125.0,3.3,168,IDDQ,ELECTRICAL,uA,1.6457,1266.1948,1266.3203,1266.3778,1264.5491,-0.0182,0.0372,33.17,33.35,1.6457,1266.1948,1266.3203,1266.3778,1264.5491,75.0,False,NOMINAL,HEALTHY,-41.46,-1.75
MIX_LOT01_COMP1585,LOT_01,MIXED_SIGNAL_IC,CQFP-64,MIX-SIH-2026,THERMAL_BURN_IN,T01_1585,PROC-ISRO-IISU-01,ATE-STATION-01,CHAMBER-01,1.0,125.0,3.3,168,IDDQ,ELECTRICAL,uA,2.1243,1637.8615,1637.9918,1638.0838,1635.7372,-0.0192,-0.0714,35.21,34.99,2.1243,1637.8615,1637.9918,1638.0838,1635.7372,75.0,False,NOMINAL,HEALTHY,36.48,5.67
MIX_LOT01_COMP1586,LOT_01,MIXED_SIGNAL_IC,CQFP-64,MIX-SIH-2026,THERMAL_BURN_IN,T01_1586,PROC-ISRO-IISU-01,ATE-STATION-01,CHAMBER-01,1.0,125.0,3.3,168,IDDQ,ELECTRICAL,uA,2.4476,1865.2603,1865.3852,1865.5358,1862.8127,-0.0048,0.0169,35.4,35.85,2.4476,1865.2603,1865.3852,1865.5358,1862.8127,75.0,False,NOMINAL,HEALTHY,-23.29,12.06
MIX_LOT01_COMP1587,LOT_01,MIXED_SIGNAL_IC,CQFP-64,MIX-SIH-2026,THERMAL_BURN_IN,T01_1587,PROC-ISRO-IISU-01,ATE-STATION-01,CHAMBER-01,1.0,125.0,3.3,168,IDDQ,ELECTRICAL,uA,2.4214,1862.3556,1862.5441,1862.5471,1859.9342,0.0272,0.053,35.26,35.97,2.4214,1862.3556,1862.5441,1862.5471,1859.9342,75.0,False,NOMINAL,HEALTHY,-17.27,-36.07
MIX_LOT01_COMP1588,LOT_01,MIXED_SIGNAL_IC,CQFP-64,MIX-SIH-2026,THERMAL_BURN_IN,T01_1588,PROC-ISRO-IISU-01,ATE-STATION-01,CHAMBER-01,1.0,125.0,3.3,168,IDDQ,ELECTRICAL,uA,2.0865,1618.4812,1618.6363,1618.6658,1616.3947,0.0013,-0.0115,36.37,36.27,2.0865,1618.4812,1618.6363,1618.6658,1616.3947,75.0,False,NOMINAL,HEALTHY,17.57,0.64
MIX_LOT01_COMP1589,LOT_01,MIXED_SIGNAL_IC,CQFP-64,MIX-SIH-2026,THERMAL_BURN_IN,T01_1589,PROC-ISRO-IISU-01,ATE-STATION-01,CHAMBER-01,1.0,125.0,3.3,168,IDDQ,ELECTRICAL,uA,2.2684,1752.5792,1752.7295,1752.7918,1750.3108,-0.0072,-0.004,34.25,34.28,2.2684,1752.5792,1752.7295,1752.7918,1750.3108,75.0,False,NOMINAL,HEALTHY,-14.69,32.14
MIX_LOT01_COMP1590,LOT_01,MIXED_SIGNAL_IC,CQFP-64,MIX-SIH-2026,THERMAL_BURN_IN,T01_1590,PROC-ISRO-IISU-01,ATE-STATION-01,CHAMBER-01,1.0,125.0,3.3,168,IDDQ,ELECTRICAL,uA,1.7411,1350.0702,1350.1688,1350.2204,1348.3291,-0.0035,-0.0169,35.51,35.83,1.7411,1350.0702,1350.1688,1350.2204,1348.3291,75.0,False,NOMINAL,HEALTHY,46.44,-3.97
MIX_LOT01_COMP1591,LOT_01,MIXED_SIGNAL_IC,CQFP-64,MIX-SIH-2026,THERMAL_BURN_IN,T01_1591,PROC-ISRO-IISU-01,ATE-STATION-01,CHAMBER-01,1.0,125.0,3.3,168,IDDQ,ELECTRICAL,uA,2.5794,1997.8228,1997.974,1998.0553,1995.2434,0.0184,0.0066,35.83,36.35,2.5794,1997.8228,1997.974,1998.0553,1995.2434,75.0,False,NOMINAL,HEALTHY,-15.23,36.38
MIX_LOT01_COMP1592,LOT_01,MIXED_SIGNAL_IC,CQFP-64,MIX-SIH-2026,THERMAL_BURN_IN,T01_1592,PROC-ISRO-IISU-01,ATE-STATION-01,CHAMBER-01,1.0,125.0,3.3,168,IDDQ,ELECTRICAL,uA,2.1738,1677.5805,1677.7108,1677.826,1675.4067,0.0102,0.0567,34.98,35.24,2.1738,1677.5805,1677.7108,1677.826,1675.4067,75.0,False,NOMINAL,HEALTHY,-29.47,5.48
MIX_LOT01_COMP1593,LOT_01,MIXED_SIGNAL_IC,CQFP-64,MIX-SIH-2026,THERMAL_BURN_IN,T01_1593,PROC-ISRO-IISU-01,ATE-STATION-01,CHAMBER-01,1.0,125.0,3.3,168,IDDQ,ELECTRICAL,uA,2.0009,1542.8954,1542.9945,1543.0718,1540.8945,0.0263,0.0112,36.09,36.09,2.0009,1542.8954,1542.9945,1543.0718,1540.8945,75.0,False,NOMINAL,HEALTHY,-29.64,30.74
MIX_LOT01_COMP1594,LOT_01,MIXED_SIGNAL_IC,CQFP-64,MIX-SIH-2026,THERMAL_BURN_IN,T01_1594,PROC-ISRO-IISU-01,ATE-STATION-01,CHAMBER-01,1.0,125.0,3.3,168,IDDQ,ELECTRICAL,uA,1.8799,1441.377,1441.5333,1441.5769,1439.4971,-0.0164,0.018,34.35,34.69,1.8799,1441.377,1441.5333,1441.5769,1439.4971,75.0,False,NOMINAL,HEALTHY,39.23,25.33
MIX_LOT01_COMP1595,LOT_01,MIXED_SIGNAL_IC,CQFP-64,MIX-SIH-2026,THERMAL_BURN_IN,T01_1595,PROC-ISRO-IISU-01,ATE-STATION-01,CHAMBER-01,1.0,125.0,3.3,168,IDDQ,ELECTRICAL,uA,1.9613,1518.705,1518.7795,1518.8653,1516.7437,0.0285,-0.0486,35.56,35.43,1.9613,1518.705,1518.7795,1518.8653,1516.7437,75.0,False,NOMINAL,HEALTHY,-22.77,-32.79
MIX_LOT01_COMP1596,LOT_01,MIXED_SIGNAL_IC,CQFP-64,MIX-SIH-2026,THERMAL_BURN_IN,T01_1596,PROC-ISRO-IISU-01,ATE-STATION-01,CHAMBER-01,1.0,125.0,3.3,168,IDDQ,ELECTRICAL,uA,2.1853,1697.6795,1697.7964,1697.914,1695.4942,-0.0475,-0.0627,33.62,33.95,2.1853,1697.6795,1697.7964,1697.914,1695.4942,75.0,False,NOMINAL,HEALTHY,-41.18,-14.86
MIX_LOT01_COMP1597,LOT_01,MIXED_SIGNAL_IC,CQFP-64,MIX-SIH-2026,THERMAL_BURN_IN,T01_1597,PROC-ISRO-IISU-01,ATE-STATION-01,CHAMBER-01,1.0,125.0,3.3,168,IDDQ,ELECTRICAL,uA,2.4057,1847.4271,1847.588,1847.6292,1845.0214,-0.0034,0.0957,33.58,33.49,2.4057,1847.4271,1847.588,1847.6292,1845.0214,75.0,False,NOMINAL,HEALTHY,3.24,-16.99
MIX_LOT01_COMP1598,LOT_01,MIXED_SIGNAL_IC,CQFP-64,MIX-SIH-2026,THERMAL_BURN_IN,T01_1598,PROC-ISRO-IISU-01,ATE-STATION-01,CHAMBER-01,1.0,125.0,3.3,168,IDDQ,ELECTRICAL,uA,1.8037,1409.0552,1409.1767,1409.2792,1407.2515,0.0088,0.0007,34.89,34.24,1.8037,1409.0552,1409.1767,1409.2792,1407.2515,75.0,False,NOMINAL,HEALTHY,38.1,10.69
MIX_LOT01_COMP1599,LOT_01,MIXED_SIGNAL_IC,CQFP-64,MIX-SIH-2026,THERMAL_BURN_IN,T01_1599,PROC-ISRO-IISU-01,ATE-STATION-01,CHAMBER-01,1.0,125.0,3.3,168,IDDQ,ELECTRICAL,uA,2.2229,1714.1481,1714.2321,1714.3359,1711.9252,0.0411,-0.0019,35.16,35.18,2.2229,1714.1481,1714.2321,1714.3359,1711.9252,75.0,False,NOMINAL,HEALTHY,47.3,-26.36
MIX_LOT01_COMP1600,LOT_01,MIXED_SIGNAL_IC,CQFP-64,MIX-SIH-2026,THERMAL_BURN_IN,T01_1600,PROC-ISRO-IISU-01,ATE-STATION-01,CHAMBER-01,1.0,125.0,3.3,168,IDDQ,ELECTRICAL,uA,2.3186,1780.1569,1780.2495,1780.3258,1777.8383,0.0068,-0.006,32.48,33.46,2.3186,1780.1569,1780.2495,1780.3258,1777.8383,75.0,False,NOMINAL,HEALTHY,-19.46,-11.88
MIX_LOT01_COMP1601,LOT_01,MIXED_SIGNAL_IC,CQFP-64,MIX-SIH-2026,THERMAL_BURN_IN,T01_1601,PROC-ISRO-IISU-01,ATE-STATION-01,CHAMBER-01,1.0,125.0,3.3,168,IDDQ,ELECTRICAL,uA,2.1155,1626.6725,1626.7895,1626.929,1624.557,-0.0111,0.0062,36.47,36.73,2.1155,1626.6725,1626.7895,1626.929,1624.557,75.0,False,NOMINAL,HEALTHY,-27.05,33.75
MIX_LOT01_COMP1602,LOT_01,MIXED_SIGNAL_IC,CQFP-64,MIX-SIH-2026,THERMAL_BURN_IN,T01_1602,PROC-ISRO-IISU-01,ATE-STATION-01,CHAMBER-01,1.0,125.0,3.3,168,IDDQ,ELECTRICAL,uA,2.1696,1679.4627,1679.6105,1679.6337,1677.2931,-0.0367,-0.0581,34.34,34.48,2.1696,1679.4627,1679.6105,1679.6337,1677.2931,75.0,False,NOMINAL,HEALTHY,-12.03,42.84
MIX_LOT01_COMP1603,LOT_01,MIXED_SIGNAL_IC,CQFP-64,MIX-SIH-2026,THERMAL_BURN_IN,T01_1603,PROC-ISRO-IISU-01,ATE-STATION-01,CHAMBER-01,1.0,125.0,3.3,168,IDDQ,ELECTRICAL,uA,1.9713,1527.8015,1527.8935,1528.0282,1525.8302,-0.0123,0.0356,36.11,36.3,1.9713,1527.8015,1527.8935,1528.0282,1525.8302,75.0,False,NOMINAL,HEALTHY,35.38,24.85
MIX_LOT01_COMP1604,LOT_01,MIXED_SIGNAL_IC,CQFP-64,MIX-SIH-2026,THERMAL_BURN_IN,T01_1604,PROC-ISRO-IISU-01,ATE-STATION-01,CHAMBER-01,1.0,125.0,3.3,168,IDDQ,ELECTRICAL,uA,2.2987,1779.153,1779.2618,1779.3,1776.8543,0.0394,0.1034,32.87,33.04,2.2987,1779.153,1779.2618,1779.3,1776.8543,75.0,False,NOMINAL,HEALTHY,-49.69,40.16
MIX_LOT01_COMP1605,LOT_01,MIXED_SIGNAL_IC,CQFP-64,MIX-SIH-2026,THERMAL_BURN_IN,T01_1605,PROC-ISRO-IISU-01,ATE-STATION-01,CHAMBER-01,1.0,125.0,3.3,168,IDDQ,ELECTRICAL,uA,2.5547,1982.8711,1983.0091,1983.1504,1980.3164,-0.0007,0.0028,34.51,34.59,2.5547,1982.8711,1983.0091,1983.1504,1980.3164,75.0,False,NOMINAL,HEALTHY,28.84,-34.7
MIX_LOT01_COMP1606,LOT_01,MIXED_SIGNAL_IC,CQFP-64,MIX-SIH-2026,THERMAL_BURN_IN,T01_1606,PROC-ISRO-IISU-01,ATE-STATION-01,CHAMBER-01,1.0,125.0,3.3,168,IDDQ,ELECTRICAL,uA,2.0935,1584.7883,1584.9302,1585.0429,1582.6948,-0.0049,0.0316,34.77,35.19,2.0935,1584.7883,1584.9302,1585.0429,1582.6948,75.0,False,NOMINAL,HEALTHY,29.85,25.16
MIX_LOT01_COMP1607,LOT_01,MIXED_SIGNAL_IC,CQFP-64,MIX-SIH-2026,THERMAL_BURN_IN,T01_1607,PROC-ISRO-IISU-01,ATE-STATION-01,CHAMBER-01,1.0,125.0,3.3,168,IDDQ,ELECTRICAL,uA,1.898,1479.8628,1479.9938,1480.0197,1477.9648,-0.0285,-0.0759,36.07,35.37,1.898,1479.8628,1479.9938,1480.0197,1477.9648,75.0,False,NOMINAL,HEALTHY,6.53,26.3
MIX_LOT01_COMP1608,LOT_01,MIXED_SIGNAL_IC,CQFP-64,MIX-SIH-2026,THERMAL_BURN_IN,T01_1608,PROC-ISRO-IISU-01,ATE-STATION-01,CHAMBER-01,1.0,125.0,3.3,168,IDDQ,ELECTRICAL,uA,2.1623,1662.3071,1662.3921,1662.4836,1660.1448,0.0158,0.0545,34.81,35.14,2.1623,1662.3071,1662.3921,1662.4836,1660.1448,75.0,False,NOMINAL,HEALTHY,-43.11,-20.68
MIX_LOT01_COMP1609,LOT_01,MIXED_SIGNAL_IC,CQFP-64,MIX-SIH-2026,THERMAL_BURN_IN,T01_1609,PROC-ISRO-IISU-01,ATE-STATION-01,CHAMBER-01,1.0,125.0,3.3,168,IDDQ,ELECTRICAL,uA,1.9818,1529.7309,1529.8787,1529.9444,1527.7491,-0.0195,-0.0475,35.86,35.27,1.9818,1529.7309,1529.8787,1529.9444,1527.7491,75.0,True,DIELECTRIC_OSCILLATION,HEALTHY,-32.68,-0.15
MIX_LOT01_COMP1610,LOT_01,MIXED_SIGNAL_IC,CQFP-64,MIX-SIH-2026,THERMAL_BURN_IN,T01_1610,PROC-ISRO-IISU-01,ATE-STATION-01,CHAMBER-01,1.0,125.0,3.3,168,IDDQ,ELECTRICAL,uA,1.896,1458.0875,1458.1974,1458.2329,1456.1915,0.0027,0.0305,33.48,34.23,1.896,1458.0875,1458.1974,1458.2329,1456.1915,75.0,False,NOMINAL,HEALTHY,-18.55,-10.7
MIX_LOT01_COMP1611,LOT_01,MIXED_SIGNAL_IC,CQFP-64,MIX-SIH-2026,THERMAL_BURN_IN,T01_1611,PROC-ISRO-IISU-01,ATE-STATION-01,CHAMBER-01,1.0,125.0,3.3,168,IDDQ,ELECTRICAL,uA,1.7338,1333.0033,1333.0837,1333.1713,1331.2695,0.024,0.1412,34.03,33.96,1.7338,1333.0033,1333.0837,1333.1713,1331.2695,75.0,False,NOMINAL,HEALTHY,-1.9,33.7
MIX_LOT01_COMP1612,LOT_01,MIXED_SIGNAL_IC,CQFP-64,MIX-SIH-2026,THERMAL_BURN_IN,T01_1612,PROC-ISRO-IISU-01,ATE-STATION-01,CHAMBER-01,1.0,125.0,3.3,168,IDDQ,ELECTRICAL,uA,1.6151,1244.693,1244.81,1244.8673,1243.0779,-0.0359,-0.1086,33.0,32.71,1.6151,1244.693,1244.81,1244.8673,1243.0779,75.0,False,NOMINAL,HEALTHY,-42.8,38.28
MIX_LOT01_COMP1613,LOT_01,MIXED_SIGNAL_IC,CQFP-64,MIX-SIH-2026,THERMAL_BURN_IN,T01_1613,PROC-ISRO-IISU-01,ATE-STATION-01,CHAMBER-01,1.0,125.0,3.3,168,IDDQ,ELECTRICAL,uA,2.1369,1631.8328,1631.9174,1631.9897,1629.6959,0.0019,-0.0603,34.78,35.63,2.1369,1631.8328,1631.9174,1631.9897,1629.6959,75.0,False,NOMINAL,HEALTHY,48.95,20.54
MIX_LOT01_COMP1614,LOT_01,MIXED_SIGNAL_IC,CQFP-64,MIX-SIH-2026,THERMAL_BURN_IN,T01_1614,PROC-ISRO-IISU-01,ATE-STATION-01,CHAMBER-01,1.0,125.0,3.3,168,IDDQ,ELECTRICAL,uA,1.6937,1288.3016,1288.4165,1288.5395,1286.6079,0.0251,0.0391,33.55,33.57,1.6937,1288.3016,1288.4165,1288.5395,1286.6079,75.0,False,NOMINAL,HEALTHY,-47.07,21.67
MIX_LOT01_COMP1615,LOT_01,MIXED_SIGNAL_IC,CQFP-64,MIX-SIH-2026,THERMAL_BURN_IN,T01_1615,PROC-ISRO-IISU-01,ATE-STATION-01,CHAMBER-01,1.0,125.0,3.3,168,IDDQ,ELECTRICAL,uA,2.4705,1918.5178,1918.6854,1918.8192,1916.0473,-0.0272,-0.0581,35.93,36.75,2.4705,1918.5178,1918.6854,1918.8192,1916.0473,75.0,False,NOMINAL,HEALTHY,-9.83,25.66
MIX_LOT01_COMP1616,LOT_01,MIXED_SIGNAL_IC,CQFP-64,MIX-SIH-2026,THERMAL_BURN_IN,T01_1616,PROC-ISRO-IISU-01,ATE-STATION-01,CHAMBER-01,1.0,125.0,3.3,168,IDDQ,ELECTRICAL,uA,2.2348,1700.5945,1700.7548,1700.779,1698.3597,-0.0021,-0.0567,35.03,35.47,2.2348,1700.5945,1700.7548,1700.779,1698.3597,75.0,False,NOMINAL,HEALTHY,-40.2,36.71
MIX_LOT01_COMP1617,LOT_01,MIXED_SIGNAL_IC,CQFP-64,MIX-SIH-2026,THERMAL_BURN_IN,T01_1617,PROC-ISRO-IISU-01,ATE-STATION-01,CHAMBER-01,1.0,125.0,3.3,168,IDDQ,ELECTRICAL,uA,2.3942,1851.4466,1851.5766,1851.6548,1849.0524,0.0032,-0.0051,35.13,34.64,2.3942,1851.4466,1851.5766,1851.6548,1849.0524,75.0,False,NOMINAL,HEALTHY,-49.53,-16.4
MIX_LOT01_COMP1618,LOT_01,MIXED_SIGNAL_IC,CQFP-64,MIX-SIH-2026,THERMAL_BURN_IN,T01_1618,PROC-ISRO-IISU-01,ATE-STATION-01,CHAMBER-01,1.0,125.0,3.3,168,IDDQ,ELECTRICAL,uA,1.6416,1265.1166,1265.2612,1265.3104,1263.475,-0.0271,-0.0652,34.88,35.25,1.6416,1265.1166,1265.2612,1265.3104,1263.475,75.0,False,NOMINAL,HEALTHY,-41.16,-30.95
MIX_LOT01_COMP1619,LOT_01,MIXED_SIGNAL_IC,CQFP-64,MIX-SIH-2026,THERMAL_BURN_IN,T01_1619,PROC-ISRO-IISU-01,ATE-STATION-01,CHAMBER-01,1.0,125.0,3.3,168,IDDQ,ELECTRICAL,uA,2.3565,1808.5103,1808.6493,1808.7004,1806.1538,0.0061,0.0068,35.8,34.93,2.3565,1808.5103,1808.6493,1808.7004,1806.1538,75.0,False,NOMINAL,HEALTHY,39.49,18.55
MIX_LOT01_COMP1620,LOT_01,MIXED_SIGNAL_IC,CQFP-64,MIX-SIH-2026,THERMAL_BURN_IN,T01_1620,PROC-ISRO-IISU-01,ATE-STATION-01,CHAMBER-01,1.0,125.0,3.3,168,IDDQ,ELECTRICAL,uA,2.5128,1945.1727,1945.3521,1945.4332,1942.6599,-0.0148,0.0434,35.04,35.1,2.5128,1945.1727,1945.3521,1945.4332,1942.6599,75.0,False,NOMINAL,HEALTHY,18.53,-32.4
MIX_LOT01_COMP1621,LOT_01,MIXED_SIGNAL_IC,CQFP-64,MIX-SIH-2026,THERMAL_BURN_IN,T01_1621,PROC-ISRO-IISU-01,ATE-STATION-01,CHAMBER-01,1.0,125.0,3.3,168,IDDQ,ELECTRICAL,uA,2.2182,1699.601,1699.7458,1699.7316,1697.3828,-0.0281,0.0306,35.28,34.65,2.2182,1699.601,1699.7458,1699.7316,1697.3828,75.0,False,NOMINAL,HEALTHY,-20.98,12.04
MIX_LOT01_COMP1622,LOT_01,MIXED_SIGNAL_IC,CQFP-64,MIX-SIH-2026,THERMAL_BURN_IN,T01_1622,PROC-ISRO-IISU-01,ATE-STATION-01,CHAMBER-01,1.0,125.0,3.3,168,IDDQ,ELECTRICAL,uA,2.1364,1646.7964,1646.9131,1647.0626,1644.66,-0.0151,0.016,33.91,33.87,2.1364,1646.7964,1646.9131,1647.0626,1644.66,75.0,False,NOMINAL,HEALTHY,8.15,19.23
MIX_LOT01_COMP1623,LOT_01,MIXED_SIGNAL_IC,CQFP-64,MIX-SIH-2026,THERMAL_BURN_IN,T01_1623,PROC-ISRO-IISU-01,ATE-STATION-01,CHAMBER-01,1.0,125.0,3.3,168,IDDQ,ELECTRICAL,uA,2.332,1782.1681,1782.3749,1782.4414,1779.8361,0.0012,-0.0219,34.68,35.04,2.332,1782.1681,1782.3749,1782.4414,1779.8361,75.0,False,NOMINAL,HEALTHY,29.0,-43.83
MIX_LOT01_COMP1624,LOT_01,MIXED_SIGNAL_IC,CQFP-64,MIX-SIH-2026,THERMAL_BURN_IN,T01_1624,PROC-ISRO-IISU-01,ATE-STATION-01,CHAMBER-01,1.0,125.0,3.3,168,IDDQ,ELECTRICAL,uA,2.145,1649.8196,1649.9659,1649.9984,1647.6746,-0.0134,-0.038,34.45,35.14,2.145,1649.8196,1649.9659,1649.9984,1647.6746,75.0,False,NOMINAL,HEALTHY,-20.78,-1.38
MIX_LOT01_COMP1625,LOT_01,MIXED_SIGNAL_IC,CQFP-64,MIX-SIH-2026,THERMAL_BURN_IN,T01_1625,PROC-ISRO-IISU-01,ATE-STATION-01,CHAMBER-01,1.0,125.0,3.3,168,IDDQ,ELECTRICAL,uA,2.6901,2065.068,2065.2564,2065.3403,2062.3779,0.0255,0.0242,34.7,34.83,2.6901,2065.068,2065.2564,2065.3403,2062.3779,75.0,False,NOMINAL,HEALTHY,-10.74,43.09
MIX_LOT01_COMP1626,LOT_01,MIXED_SIGNAL_IC,CQFP-64,MIX-SIH-2026,THERMAL_BURN_IN,T01_1626,PROC-ISRO-IISU-01,ATE-STATION-01,CHAMBER-01,1.0,125.0,3.3,168,IDDQ,ELECTRICAL,uA,2.138,1644.7471,1644.8489,1644.939,1642.6091,-0.0034,-0.0419,34.32,33.72,2.138,1644.7471,1644.8489,1644.939,1642.6091,75.0,False,NOMINAL,HEALTHY,7.41,-35.04
MIX_LOT01_COMP1627,LOT_01,MIXED_SIGNAL_IC,CQFP-64,MIX-SIH-2026,THERMAL_BURN_IN,T01_1627,PROC-ISRO-IISU-01,ATE-STATION-01,CHAMBER-01,1.0,125.0,3.3,168,IDDQ,ELECTRICAL,uA,1.8458,1400.0608,1400.1968,1400.2243,1398.215,-0.0326,-0.1311,34.44,34.09,1.8458,1400.0608,1400.1968,1400.2243,1398.215,75.0,False,NOMINAL,HEALTHY,-36.93,49.53
MIX_LOT01_COMP1628,LOT_01,MIXED_SIGNAL_IC,CQFP-64,MIX-SIH-2026,THERMAL_BURN_IN,T01_1628,PROC-ISRO-IISU-01,ATE-STATION-01,CHAMBER-01,1.0,125.0,3.3,168,IDDQ,ELECTRICAL,uA,1.9859,1530.0796,1530.1453,1530.2978,1528.0937,-0.0196,0.0334,34.66,34.83,1.9859,1530.0796,1530.1453,1530.2978,1528.0937,75.0,False,NOMINAL,HEALTHY,-31.63,31.43
MIX_LOT01_COMP1629,LOT_01,MIXED_SIGNAL_IC,CQFP-64,MIX-SIH-2026,THERMAL_BURN_IN,T01_1629,PROC-ISRO-IISU-01,ATE-STATION-01,CHAMBER-01,1.0,125.0,3.3,168,IDDQ,ELECTRICAL,uA,2.1006,1618.349,1618.5233,1618.621,1616.2484,0.0263,0.0199,35.25,36.11,2.1006,1618.349,1618.5233,1618.621,1616.2484,75.0,False,NOMINAL,HEALTHY,30.89,-18.73
MIX_LOT01_COMP1630,LOT_01,MIXED_SIGNAL_IC,CQFP-64,MIX-SIH-2026,THERMAL_BURN_IN,T01_1630,PROC-ISRO-IISU-01,ATE-STATION-01,CHAMBER-01,1.0,125.0,3.3,168,IDDQ,ELECTRICAL,uA,2.2623,1743.7371,1743.8902,1743.9697,1741.4748,-0.026,-0.064,32.61,32.64,2.2623,1743.7371,1743.8902,1743.9697,1741.4748,75.0,False,NOMINAL,HEALTHY,9.77,5.92
MIX_LOT01_COMP1631,LOT_01,MIXED_SIGNAL_IC,CQFP-64,MIX-SIH-2026,THERMAL_BURN_IN,T01_1631,PROC-ISRO-IISU-01,ATE-STATION-01,CHAMBER-01,1.0,125.0,3.3,168,IDDQ,ELECTRICAL,uA,2.2692,1744.8364,1744.936,1745.0187,1742.5672,0.0208,0.0473,34.04,34.34,2.2692,1744.8364,1744.936,1745.0187,1742.5672,75.0,False,NOMINAL,HEALTHY,-30.42,-45.71
MIX_LOT01_COMP1632,LOT_01,MIXED_SIGNAL_IC,CQFP-64,MIX-SIH-2026,THERMAL_BURN_IN,T01_1632,PROC-ISRO-IISU-01,ATE-STATION-01,CHAMBER-01,1.0,125.0,3.3,168,IDDQ,ELECTRICAL,uA,2.7872,2156.738,2156.8657,2157.0069,2153.9508,0.0001,-0.0616,36.13,36.15,2.7872,2156.738,2156.8657,2157.0069,2153.9508,75.0,False,NOMINAL,HEALTHY,20.03,-21.67
MIX_LOT01_COMP1633,LOT_01,MIXED_SIGNAL_IC,CQFP-64,MIX-SIH-2026,THERMAL_BURN_IN,T01_1633,PROC-ISRO-IISU-01,ATE-STATION-01,CHAMBER-01,1.0,125.0,3.3,168,IDDQ,ELECTRICAL,uA,2.2937,1752.1024,1752.2185,1752.2843,1749.8087,0.0253,-0.0236,36.13,36.58,2.2937,1752.1024,1752.2185,1752.2843,1749.8087,75.0,False,NOMINAL,HEALTHY,35.59,37.44
MIX_LOT01_COMP1634,LOT_01,MIXED_SIGNAL_IC,CQFP-64,MIX-SIH-2026,THERMAL_BURN_IN,T01_1634,PROC-ISRO-IISU-01,ATE-STATION-01,CHAMBER-01,1.0,125.0,3.3,168,IDDQ,ELECTRICAL,uA,2.2738,1741.8437,1741.989,1742.1249,1739.5699,-0.0056,-0.0493,35.69,36.28,2.2738,1741.8437,1741.989,1742.1249,1739.5699,75.0,False,NOMINAL,HEALTHY,-40.41,-8.41
MIX_LOT01_COMP1635,LOT_01,MIXED_SIGNAL_IC,CQFP-64,MIX-SIH-2026,THERMAL_BURN_IN,T01_1635,PROC-ISRO-IISU-01,ATE-STATION-01,CHAMBER-01,1.0,125.0,3.3,168,IDDQ,ELECTRICAL,uA,1.782,1369.6468,1369.7405,1369.805,1367.8648,-0.0357,-0.0314,37.18,37.41,1.782,1369.6468,1369.7405,1369.805,1367.8648,75.0,False,NOMINAL,HEALTHY,-17.05,36.15
MIX_LOT01_COMP1636,LOT_01,MIXED_SIGNAL_IC,CQFP-64,MIX-SIH-2026,THERMAL_BURN_IN,T01_1636,PROC-ISRO-IISU-01,ATE-STATION-01,CHAMBER-01,1.0,125.0,3.3,168,IDDQ,ELECTRICAL,uA,2.1507,1658.2269,1658.3434,1658.3844,1656.0762,0.0094,0.0608,33.91,34.47,2.1507,1658.2269,1658.3434,1658.3844,1656.0762,75.0,False,NOMINAL,HEALTHY,-27.56,-20.69
MIX_LOT01_COMP1637,LOT_01,MIXED_SIGNAL_IC,CQFP-64,MIX-SIH-2026,THERMAL_BURN_IN,T01_1637,PROC-ISRO-IISU-01,ATE-STATION-01,CHAMBER-01,1.0,125.0,3.3,168,IDDQ,ELECTRICAL,uA,2.1825,1681.9623,1682.0925,1682.1905,1679.7798,-0.0085,-0.0364,35.76,35.87,2.1825,1681.9623,1682.0925,1682.1905,1679.7798,75.0,False,NOMINAL,HEALTHY,-47.11,39.02
MIX_LOT01_COMP1638,LOT_01,MIXED_SIGNAL_IC,CQFP-64,MIX-SIH-2026,THERMAL_BURN_IN,T01_1638,PROC-ISRO-IISU-01,ATE-STATION-01,CHAMBER-01,1.0,125.0,3.3,168,IDDQ,ELECTRICAL,uA,1.9368,1486.9449,1487.0495,1487.1236,1485.0081,0.0234,0.0393,35.07,34.91,1.9368,1486.9449,1487.0495,1487.1236,1485.0081,75.0,False,NOMINAL,HEALTHY,29.58,42.74
MIX_LOT01_COMP1639,LOT_01,MIXED_SIGNAL_IC,CQFP-64,MIX-SIH-2026,THERMAL_BURN_IN,T01_1639,PROC-ISRO-IISU-01,ATE-STATION-01,CHAMBER-01,1.0,125.0,3.3,168,IDDQ,ELECTRICAL,uA,2.1277,1628.2273,1628.3332,1628.4365,1626.0996,-0.0068,0.0283,34.83,35.14,2.1277,1628.2273,1628.3332,1628.4365,1626.0996,75.0,False,NOMINAL,HEALTHY,16.42,-48.68
MIX_LOT01_COMP1640,LOT_01,MIXED_SIGNAL_IC,CQFP-64,MIX-SIH-2026,THERMAL_BURN_IN,T01_1640,PROC-ISRO-IISU-01,ATE-STATION-01,CHAMBER-01,1.0,125.0,3.3,168,IDDQ,ELECTRICAL,uA,1.9055,1460.2602,1460.382,1460.4067,1458.3547,0.0296,0.0735,32.6,33.35,1.9055,1460.2602,1460.382,1460.4067,1458.3547,75.0,False,NOMINAL,HEALTHY,20.13,0.58
MIX_LOT01_COMP1641,LOT_01,MIXED_SIGNAL_IC,CQFP-64,MIX-SIH-2026,THERMAL_BURN_IN,T01_1641,PROC-ISRO-IISU-01,ATE-STATION-01,CHAMBER-01,1.0,125.0,3.3,168,IDDQ,ELECTRICAL,uA,2.3526,1827.2674,1827.3969,1827.547,1824.9148,-0.0398,-0.0785,32.08,31.85,2.3526,1827.2674,1827.3969,1827.547,1824.9148,75.0,False,NOMINAL,HEALTHY,-39.51,39.97
MIX_LOT01_COMP1642,LOT_01,MIXED_SIGNAL_IC,CQFP-64,MIX-SIH-2026,THERMAL_BURN_IN,T01_1642,PROC-ISRO-IISU-01,ATE-STATION-01,CHAMBER-01,1.0,125.0,3.3,168,IDDQ,ELECTRICAL,uA,1.9945,1524.7625,1524.8709,1524.9729,1522.768,-0.0341,-0.0043,34.3,32.92,1.9945,1524.7625,1524.8709,1524.9729,1522.768,75.0,False,NOMINAL,HEALTHY,-2.83,-19.06
MIX_LOT01_COMP1643,LOT_01,MIXED_SIGNAL_IC,CQFP-64,MIX-SIH-2026,THERMAL_BURN_IN,T01_1643,PROC-ISRO-IISU-01,ATE-STATION-01,CHAMBER-01,1.0,125.0,3.3,168,IDDQ,ELECTRICAL,uA,2.4192,1857.3127,1857.4891,1857.519,1854.8935,-0.017,0.05,34.57,33.41,2.4192,1857.3127,1857.4891,1857.519,1854.8935,75.0,False,NOMINAL,HEALTHY,-49.34,-16.18
MIX_LOT01_COMP1644,LOT_01,MIXED_SIGNAL_IC,CQFP-64,MIX-SIH-2026,THERMAL_BURN_IN,T01_1644,PROC-ISRO-IISU-01,ATE-STATION-01,CHAMBER-01,1.0,125.0,3.3,168,IDDQ,ELECTRICAL,uA,1.9114,1488.9432,1489.0896,1489.1668,1487.0318,0.0059,0.0648,36.51,36.45,1.9114,1488.9432,1489.0896,1489.1668,1487.0318,75.0,False,NOMINAL,HEALTHY,46.46,-9.95
MIX_LOT01_COMP1645,LOT_01,MIXED_SIGNAL_IC,CQFP-64,MIX-SIH-2026,THERMAL_BURN_IN,T01_1645,PROC-ISRO-IISU-01,ATE-STATION-01,CHAMBER-01,1.0,125.0,3.3,168,IDDQ,ELECTRICAL,uA,2.0751,1601.9658,1602.0941,1602.1481,1599.8907,-0.0162,-0.0454,34.36,34.47,2.0751,1601.9658,1602.0941,1602.1481,1599.8907,75.0,False,NOMINAL,HEALTHY,41.66,13.54
MIX_LOT01_COMP1646,LOT_01,MIXED_SIGNAL_IC,CQFP-64,MIX-SIH-2026,THERMAL_BURN_IN,T01_1646,PROC-ISRO-IISU-01,ATE-STATION-01,CHAMBER-01,1.0,125.0,3.3,168,IDDQ,ELECTRICAL,uA,2.3915,1837.5328,1837.6664,1837.7387,1835.1413,0.0005,0.1295,34.02,33.62,2.3915,1837.5328,1837.6664,1837.7387,1835.1413,75.0,False,NOMINAL,HEALTHY,19.25,-31.65
MIX_LOT01_COMP1647,LOT_01,MIXED_SIGNAL_IC,CQFP-64,MIX-SIH-2026,THERMAL_BURN_IN,T01_1647,PROC-ISRO-IISU-01,ATE-STATION-01,CHAMBER-01,1.0,125.0,3.3,168,IDDQ,ELECTRICAL,uA,2.0322,1563.5135,1563.5988,1563.7051,1561.4813,0.0034,0.0202,36.93,36.28,2.0322,1563.5135,1563.5988,1563.7051,1561.4813,75.0,False,NOMINAL,HEALTHY,17.4,5.37
MIX_LOT01_COMP1648,LOT_01,MIXED_SIGNAL_IC,CQFP-64,MIX-SIH-2026,THERMAL_BURN_IN,T01_1648,PROC-ISRO-IISU-01,ATE-STATION-01,CHAMBER-01,1.0,125.0,3.3,168,IDDQ,ELECTRICAL,uA,2.0751,1624.0249,1624.1846,1624.2509,1621.9498,-0.0192,-0.1175,34.16,34.42,2.0751,1624.0249,1624.1846,1624.2509,1621.9498,75.0,False,NOMINAL,HEALTHY,-3.8,45.48
MIX_LOT01_COMP1649,LOT_01,MIXED_SIGNAL_IC,CQFP-64,MIX-SIH-2026,THERMAL_BURN_IN,T01_1649,PROC-ISRO-IISU-01,ATE-STATION-01,CHAMBER-01,1.0,125.0,3.3,168,IDDQ,ELECTRICAL,uA,1.716,1340.9966,1341.0942,1341.1869,1339.2806,0.0315,0.0071,36.34,36.51,1.716,1340.9966,1341.0942,1341.1869,1339.2806,75.0,False,NOMINAL,HEALTHY,-26.1,-29.05
MIX_LOT01_COMP1650,LOT_01,MIXED_SIGNAL_IC,CQFP-64,MIX-SIH-2026,THERMAL_BURN_IN,T01_1650,PROC-ISRO-IISU-01,ATE-STATION-01,CHAMBER-01,1.0,125.0,3.3,168,IDDQ,ELECTRICAL,uA,2.1862,1687.0987,1687.2069,1687.2476,1684.9125,-0.0036,0.0375,34.38,34.29,2.1862,1687.0987,1687.2069,1687.2476,1684.9125,75.0,False,NOMINAL,HEALTHY,5.87,45.28
MIX_LOT01_COMP1651,LOT_01,MIXED_SIGNAL_IC,CQFP-64,MIX-SIH-2026,THERMAL_BURN_IN,T01_1651,PROC-ISRO-IISU-01,ATE-STATION-01,CHAMBER-01,1.0,125.0,3.3,168,IDDQ,ELECTRICAL,uA,2.4442,1872.9291,1873.0335,1873.1448,1870.4849,-0.0182,-0.0576,34.6,34.17,2.4442,1872.9291,1873.0335,1873.1448,1870.4849,75.0,False,NOMINAL,HEALTHY,43.23,26.42
MIX_LOT01_COMP1652,LOT_01,MIXED_SIGNAL_IC,CQFP-64,MIX-SIH-2026,THERMAL_BURN_IN,T01_1652,PROC-ISRO-IISU-01,ATE-STATION-01,CHAMBER-01,1.0,125.0,3.3,168,IDDQ,ELECTRICAL,uA,2.3313,1773.2382,1773.446,1773.4631,1770.9069,-0.0224,-0.0336,34.07,34.81,2.3313,1773.2382,1773.446,1773.4631,1770.9069,75.0,False,NOMINAL,HEALTHY,2.25,27.78
MIX_LOT01_COMP1653,LOT_01,MIXED_SIGNAL_IC,CQFP-64,MIX-SIH-2026,THERMAL_BURN_IN,T01_1653,PROC-ISRO-IISU-01,ATE-STATION-01,CHAMBER-01,1.0,125.0,3.3,168,IDDQ,ELECTRICAL,uA,1.9288,1480.9611,1483.3667,1493.2544,1479.0323,-0.0318,0.0133,34.14,34.0,1.9288,1480.9611,1483.3667,1493.2544,1479.0323,75.0,True,ELECTROMIGRATION,HEALTHY,-0.62,-25.38
MIX_LOT01_COMP1654,LOT_01,MIXED_SIGNAL_IC,CQFP-64,MIX-SIH-2026,THERMAL_BURN_IN,T01_1654,PROC-ISRO-IISU-01,ATE-STATION-01,CHAMBER-01,1.0,125.0,3.3,168,IDDQ,ELECTRICAL,uA,2.2891,1763.1952,1763.3758,1763.4192,1760.9061,0.0172,0.0249,34.68,35.03,2.2891,1763.1952,1763.3758,1763.4192,1760.9061,75.0,False,NOMINAL,HEALTHY,4.46,-39.2
MIX_LOT01_COMP1655,LOT_01,MIXED_SIGNAL_IC,CQFP-64,MIX-SIH-2026,THERMAL_BURN_IN,T01_1655,PROC-ISRO-IISU-01,ATE-STATION-01,CHAMBER-01,1.0,125.0,3.3,168,IDDQ,ELECTRICAL,uA,2.4654,1886.9905,1887.12,1887.2083,1884.5251,0.0051,-0.017,36.47,36.21,2.4654,1886.9905,1887.12,1887.2083,1884.5251,75.0,False,NOMINAL,HEALTHY,-19.72,21.55
MIX_LOT01_COMP1656,LOT_01,MIXED_SIGNAL_IC,CQFP-64,MIX-SIH-2026,THERMAL_BURN_IN,T01_1656,PROC-ISRO-IISU-01,ATE-STATION-01,CHAMBER-01,1.0,125.0,3.3,168,IDDQ,ELECTRICAL,uA,1.9944,1540.0934,1540.1942,1540.2394,1538.099,-0.0396,-0.1123,35.96,36.67,1.9944,1540.0934,1540.1942,1540.2394,1538.099,75.0,False,NOMINAL,HEALTHY,32.06,-48.03
MIX_LOT01_COMP1657,LOT_01,MIXED_SIGNAL_IC,CQFP-64,MIX-SIH-2026,THERMAL_BURN_IN,T01_1657,PROC-ISRO-IISU-01,ATE-STATION-01,CHAMBER-01,1.0,125.0,3.3,168,IDDQ,ELECTRICAL,uA,2.4465,1893.7337,1893.8738,1894.0098,1891.2872,0.0005,0.0332,36.6,35.86,2.4465,1893.7337,1893.8738,1894.0098,1891.2872,75.0,False,NOMINAL,HEALTHY,42.78,15.33
MIX_LOT01_COMP1658,LOT_01,MIXED_SIGNAL_IC,CQFP-64,MIX-SIH-2026,THERMAL_BURN_IN,T01_1658,PROC-ISRO-IISU-01,ATE-STATION-01,CHAMBER-01,1.0,125.0,3.3,168,IDDQ,ELECTRICAL,uA,1.8121,1384.2089,1384.3383,1384.3531,1382.3968,0.0073,-0.0168,35.61,35.23,1.8121,1384.2089,1384.3383,1384.3531,1382.3968,75.0,False,NOMINAL,HEALTHY,17.24,6.44
MIX_LOT01_COMP1659,LOT_01,MIXED_SIGNAL_IC,CQFP-64,MIX-SIH-2026,THERMAL_BURN_IN,T01_1659,PROC-ISRO-IISU-01,ATE-STATION-01,CHAMBER-01,1.0,125.0,3.3,168,IDDQ,ELECTRICAL,uA,1.8893,1460.7175,1460.8273,1460.8877,1458.8282,-0.0427,0.0396,34.85,34.23,1.8893,1460.7175,1460.8273,1460.8877,1458.8282,75.0,False,NOMINAL,HEALTHY,-25.34,-30.04
MIX_LOT01_COMP1660,LOT_01,MIXED_SIGNAL_IC,CQFP-64,MIX-SIH-2026,THERMAL_BURN_IN,T01_1660,PROC-ISRO-IISU-01,ATE-STATION-01,CHAMBER-01,1.0,125.0,3.3,168,IDDQ,ELECTRICAL,uA,2.4023,1852.3138,1852.4623,1852.4938,1849.9115,-0.0417,-0.0387,36.54,36.2,2.4023,1852.3138,1852.4623,1852.4938,1849.9115,75.0,False,NOMINAL,HEALTHY,32.3,31.36
MIX_LOT01_COMP1661,LOT_01,MIXED_SIGNAL_IC,CQFP-64,MIX-SIH-2026,THERMAL_BURN_IN,T01_1661,PROC-ISRO-IISU-01,ATE-STATION-01,CHAMBER-01,1.0,125.0,3.3,168,IDDQ,ELECTRICAL,uA,2.0323,1539.7653,1539.8988,1539.951,1537.733,-0.0079,-0.072,36.44,36.26,2.0323,1539.7653,1539.8988,1539.951,1537.733,75.0,False,NOMINAL,HEALTHY,49.06,45.85
MIX_LOT01_COMP1662,LOT_01,MIXED_SIGNAL_IC,CQFP-64,MIX-SIH-2026,THERMAL_BURN_IN,T01_1662,PROC-ISRO-IISU-01,ATE-STATION-01,CHAMBER-01,1.0,125.0,3.3,168,IDDQ,ELECTRICAL,uA,2.0465,1588.4592,1588.6254,1588.6505,1586.4127,0.0535,0.0601,34.34,34.15,2.0465,1588.4592,1588.6254,1588.6505,1586.4127,75.0,False,NOMINAL,HEALTHY,32.33,9.1
MIX_LOT01_COMP1663,LOT_01,MIXED_SIGNAL_IC,CQFP-64,MIX-SIH-2026,THERMAL_BURN_IN,T01_1663,PROC-ISRO-IISU-01,ATE-STATION-01,CHAMBER-01,1.0,125.0,3.3,168,IDDQ,ELECTRICAL,uA,1.9354,1477.6275,1477.724,1477.8689,1475.6921,-0.0092,0.0174,35.84,35.46,1.9354,1477.6275,1477.724,1477.8689,1475.6921,75.0,False,NOMINAL,HEALTHY,7.62,13.2
MIX_LOT01_COMP1664,LOT_01,MIXED_SIGNAL_IC,CQFP-64,MIX-SIH-2026,THERMAL_BURN_IN,T01_1664,PROC-ISRO-IISU-01,ATE-STATION-01,CHAMBER-01,1.0,125.0,3.3,168,IDDQ,ELECTRICAL,uA,2.5969,1997.2942,1997.4643,1997.5197,1994.6973,0.0059,-0.0596,35.39,36.06,2.5969,1997.2942,1997.4643,1997.5197,1994.6973,75.0,False,NOMINAL,HEALTHY,-30.9,2.87
MIX_LOT01_COMP1665,LOT_01,MIXED_SIGNAL_IC,CQFP-64,MIX-SIH-2026,THERMAL_BURN_IN,T01_1665,PROC-ISRO-IISU-01,ATE-STATION-01,CHAMBER-01,1.0,125.0,3.3,168,IDDQ,ELECTRICAL,uA,1.7091,1321.6557,1321.764,1321.849,1319.9466,0.0307,0.0164,35.18,35.12,1.7091,1321.6557,1321.764,1321.849,1319.9466,75.0,False,NOMINAL,HEALTHY,-26.87,-8.56
MIX_LOT01_COMP1666,LOT_01,MIXED_SIGNAL_IC,CQFP-64,MIX-SIH-2026,THERMAL_BURN_IN,T01_1666,PROC-ISRO-IISU-01,ATE-STATION-01,CHAMBER-01,1.0,125.0,3.3,168,IDDQ,ELECTRICAL,uA,1.7981,1360.7883,1360.8842,1360.9677,1358.9902,0.0112,-0.0171,34.75,34.28,1.7981,1360.7883,1360.8842,1360.9677,1358.9902,75.0,False,NOMINAL,HEALTHY,36.24,-44.47
MIX_LOT01_COMP1667,LOT_01,MIXED_SIGNAL_IC,CQFP-64,MIX-SIH-2026,THERMAL_BURN_IN,T01_1667,PROC-ISRO-IISU-01,ATE-STATION-01,CHAMBER-01,1.0,125.0,3.3,168,IDDQ,ELECTRICAL,uA,1.7812,1364.8986,1365.0305,1365.0815,1363.1174,0.0106,0.0842,33.96,34.46,1.7812,1364.8986,1365.0305,1365.0815,1363.1174,75.0,False,NOMINAL,HEALTHY,-12.37,-34.49
MIX_LOT01_COMP1668,LOT_01,MIXED_SIGNAL_IC,CQFP-64,MIX-SIH-2026,THERMAL_BURN_IN,T01_1668,PROC-ISRO-IISU-01,ATE-STATION-01,CHAMBER-01,1.0,125.0,3.3,168,IDDQ,ELECTRICAL,uA,1.5194,1191.4773,1191.5529,1191.6645,1189.9579,-0.0181,-0.014,34.59,34.07,1.5194,1191.4773,1191.5529,1191.6645,1189.9579,75.0,False,NOMINAL,HEALTHY,-26.03,-29.28
MIX_LOT01_COMP1669,LOT_01,MIXED_SIGNAL_IC,CQFP-64,MIX-SIH-2026,THERMAL_BURN_IN,T01_1669,PROC-ISRO-IISU-01,ATE-STATION-01,CHAMBER-01,1.0,125.0,3.3,168,IDDQ,ELECTRICAL,uA,2.1484,1652.4674,1652.6177,1652.7356,1650.319,-0.024,-0.0879,35.84,35.5,2.1484,1652.4674,1652.6177,1652.7356,1650.319,75.0,False,NOMINAL,HEALTHY,13.39,11.89
MIX_LOT01_COMP1670,LOT_01,MIXED_SIGNAL_IC,CQFP-64,MIX-SIH-2026,THERMAL_BURN_IN,T01_1670,PROC-ISRO-IISU-01,ATE-STATION-01,CHAMBER-01,1.0,125.0,3.3,168,IDDQ,ELECTRICAL,uA,2.1013,1618.6649,1618.8285,1618.8335,1616.5636,0.0016,-0.0298,33.17,33.24,2.1013,1618.6649,1618.8285,1618.8335,1616.5636,75.0,False,NOMINAL,HEALTHY,-21.42,-39.3
MIX_LOT01_COMP1671,LOT_01,MIXED_SIGNAL_IC,CQFP-64,MIX-SIH-2026,THERMAL_BURN_IN,T01_1671,PROC-ISRO-IISU-01,ATE-STATION-01,CHAMBER-01,1.0,125.0,3.3,168,IDDQ,ELECTRICAL,uA,1.9728,1535.0486,1535.1568,1535.2317,1533.0758,0.0054,0.0403,34.09,33.41,1.9728,1535.0486,1535.1568,1535.2317,1533.0758,75.0,False,NOMINAL,HEALTHY,-15.73,44.19
MIX_LOT01_COMP1672,LOT_01,MIXED_SIGNAL_IC,CQFP-64,MIX-SIH-2026,THERMAL_BURN_IN,T01_1672,PROC-ISRO-IISU-01,ATE-STATION-01,CHAMBER-01,1.0,125.0,3.3,168,IDDQ,ELECTRICAL,uA,2.1247,1622.6062,1622.7305,1622.8218,1620.4815,-0.006,0.0575,37.63,37.61,2.1247,1622.6062,1622.7305,1622.8218,1620.4815,75.0,False,NOMINAL,HEALTHY,-8.66,-9.21
MIX_LOT01_COMP1673,LOT_01,MIXED_SIGNAL_IC,CQFP-64,MIX-SIH-2026,THERMAL_BURN_IN,T01_1673,PROC-ISRO-IISU-01,ATE-STATION-01,CHAMBER-01,1.0,125.0,3.3,168,IDDQ,ELECTRICAL,uA,2.0644,1580.39,1580.5628,1580.5391,1578.3256,-0.0034,-0.045,31.37,31.87,2.0644,1580.39,1580.5628,1580.5391,1578.3256,75.0,False,NOMINAL,HEALTHY,8.14,-44.05
MIX_LOT01_COMP1674,LOT_01,MIXED_SIGNAL_IC,CQFP-64,MIX-SIH-2026,THERMAL_BURN_IN,T01_1674,PROC-ISRO-IISU-01,ATE-STATION-01,CHAMBER-01,1.0,125.0,3.3,168,IDDQ,ELECTRICAL,uA,2.1721,1672.4592,1672.5787,1672.6949,1670.2871,-0.0163,-0.0821,34.08,34.29,2.1721,1672.4592,1672.5787,1672.6949,1670.2871,75.0,False,NOMINAL,HEALTHY,4.87,17.25
MIX_LOT01_COMP1675,LOT_01,MIXED_SIGNAL_IC,CQFP-64,MIX-SIH-2026,THERMAL_BURN_IN,T01_1675,PROC-ISRO-IISU-01,ATE-STATION-01,CHAMBER-01,1.0,125.0,3.3,168,IDDQ,ELECTRICAL,uA,2.055,1586.0325,1586.1355,1586.1754,1583.9775,-0.007,0.0068,35.04,36.03,2.055,1586.0325,1586.1355,1586.1754,1583.9775,75.0,False,NOMINAL,HEALTHY,-31.61,30.13
MIX_LOT01_COMP1676,LOT_01,MIXED_SIGNAL_IC,CQFP-64,MIX-SIH-2026,THERMAL_BURN_IN,T01_1676,PROC-ISRO-IISU-01,ATE-STATION-01,CHAMBER-01,1.0,125.0,3.3,168,IDDQ,ELECTRICAL,uA,2.0329,1570.7692,1570.8893,1570.9748,1568.7363,0.0072,-0.018,32.63,32.78,2.0329,1570.7692,1570.8893,1570.9748,1568.7363,75.0,False,NOMINAL,HEALTHY,5.13,23.11
MIX_LOT01_COMP1677,LOT_01,MIXED_SIGNAL_IC,CQFP-64,MIX-SIH-2026,THERMAL_BURN_IN,T01_1677,PROC-ISRO-IISU-01,ATE-STATION-01,CHAMBER-01,1.0,125.0,3.3,168,IDDQ,ELECTRICAL,uA,2.2788,1741.5965,1741.7383,1741.8698,1739.3177,-0.0539,-0.1511,33.65,33.46,2.2788,1741.5965,1741.7383,1741.8698,1739.3177,75.0,False,NOMINAL,HEALTHY,14.29,-21.14
MIX_LOT01_COMP1678,LOT_01,MIXED_SIGNAL_IC,CQFP-64,MIX-SIH-2026,THERMAL_BURN_IN,T01_1678,PROC-ISRO-IISU-01,ATE-STATION-01,CHAMBER-01,1.0,125.0,3.3,168,IDDQ,ELECTRICAL,uA,1.8274,1419.458,1421.5379,1429.837,1417.6306,-0.0058,-0.0015,35.52,34.72,1.8274,1419.458,1421.5379,1429.837,1417.6306,75.0,True,ELECTROMIGRATION,HEALTHY,-9.94,-19.78
MIX_LOT01_COMP1679,LOT_01,MIXED_SIGNAL_IC,CQFP-64,MIX-SIH-2026,THERMAL_BURN_IN,T01_1679,PROC-ISRO-IISU-01,ATE-STATION-01,CHAMBER-01,1.0,125.0,3.3,168,IDDQ,ELECTRICAL,uA,2.0533,1582.0381,1582.1963,1582.2087,1579.9848,0.0221,-0.0125,34.85,34.34,2.0533,1582.0381,1582.1963,1582.2087,1579.9848,75.0,False,NOMINAL,HEALTHY,37.96,37.83
MIX_LOT01_COMP1680,LOT_01,MIXED_SIGNAL_IC,CQFP-64,MIX-SIH-2026,THERMAL_BURN_IN,T01_1680,PROC-ISRO-IISU-01,ATE-STATION-01,CHAMBER-01,1.0,125.0,3.3,168,IDDQ,ELECTRICAL,uA,2.5139,1927.6529,1927.8077,1927.8338,1925.139,0.0051,-0.0226,35.06,35.16,2.5139,1927.6529,1927.8077,1927.8338,1925.139,75.0,False,NOMINAL,HEALTHY,20.81,36.93
MIX_LOT01_COMP1681,LOT_01,MIXED_SIGNAL_IC,CQFP-64,MIX-SIH-2026,THERMAL_BURN_IN,T01_1681,PROC-ISRO-IISU-01,ATE-STATION-01,CHAMBER-01,1.0,125.0,3.3,168,IDDQ,ELECTRICAL,uA,2.2765,1753.7698,1753.9009,1753.9589,1751.4933,0.0332,0.0211,34.65,34.15,2.2765,1753.7698,1753.9009,1753.9589,1751.4933,75.0,False,NOMINAL,HEALTHY,10.46,-28.27
MIX_LOT01_COMP1682,LOT_01,MIXED_SIGNAL_IC,CQFP-64,MIX-SIH-2026,THERMAL_BURN_IN,T01_1682,PROC-ISRO-IISU-01,ATE-STATION-01,CHAMBER-01,1.0,125.0,3.3,168,IDDQ,ELECTRICAL,uA,2.439,1869.1903,1869.3298,1869.472,1866.7513,-0.0049,0.0505,34.01,34.79,2.439,1869.1903,1869.3298,1869.472,1866.7513,75.0,False,NOMINAL,HEALTHY,-39.61,-32.21
MIX_LOT01_COMP1683,LOT_01,MIXED_SIGNAL_IC,CQFP-64,MIX-SIH-2026,THERMAL_BURN_IN,T01_1683,PROC-ISRO-IISU-01,ATE-STATION-01,CHAMBER-01,1.0,125.0,3.3,168,IDDQ,ELECTRICAL,uA,2.3626,1811.1309,1811.2348,1811.3069,1808.7683,-0.0052,0.072,34.61,34.84,2.3626,1811.1309,1811.2348,1811.3069,1808.7683,75.0,False,NOMINAL,HEALTHY,37.45,-10.17
MIX_LOT01_COMP1684,LOT_01,MIXED_SIGNAL_IC,CQFP-64,MIX-SIH-2026,THERMAL_BURN_IN,T01_1684,PROC-ISRO-IISU-01,ATE-STATION-01,CHAMBER-01,1.0,125.0,3.3,168,IDDQ,ELECTRICAL,uA,2.4522,1886.086,1886.2479,1886.3759,1883.6338,-0.0271,-0.0025,34.43,33.73,2.4522,1886.086,1886.2479,1886.3759,1883.6338,75.0,False,NOMINAL,HEALTHY,-10.48,5.74
MIX_LOT01_COMP1685,LOT_01,MIXED_SIGNAL_IC,CQFP-64,MIX-SIH-2026,THERMAL_BURN_IN,T01_1685,PROC-ISRO-IISU-01,ATE-STATION-01,CHAMBER-01,1.0,125.0,3.3,168,IDDQ,ELECTRICAL,uA,1.9175,1478.3272,1478.4511,1478.5796,1476.4097,-0.0225,0.03,36.72,36.07,1.9175,1478.3272,1478.4511,1478.5796,1476.4097,75.0,False,NOMINAL,HEALTHY,-0.85,46.48
MIX_LOT01_COMP1686,LOT_01,MIXED_SIGNAL_IC,CQFP-64,MIX-SIH-2026,THERMAL_BURN_IN,T01_1686,PROC-ISRO-IISU-01,ATE-STATION-01,CHAMBER-01,1.0,125.0,3.3,168,IDDQ,ELECTRICAL,uA,2.1733,1680.6532,1680.7402,1680.7795,1678.4799,-0.0067,0.0548,37.46,37.99,2.1733,1680.6532,1680.7402,1680.7795,1678.4799,75.0,False,NOMINAL,HEALTHY,15.34,-31.09
MIX_LOT01_COMP1687,LOT_01,MIXED_SIGNAL_IC,CQFP-64,MIX-SIH-2026,THERMAL_BURN_IN,T01_1687,PROC-ISRO-IISU-01,ATE-STATION-01,CHAMBER-01,1.0,125.0,3.3,168,IDDQ,ELECTRICAL,uA,2.026,1563.7658,1563.9672,1564.0478,1561.7398,0.0181,0.058,36.21,36.53,2.026,1563.7658,1563.9672,1564.0478,1561.7398,75.0,False,NOMINAL,HEALTHY,16.18,44.86
MIX_LOT01_COMP1688,LOT_01,MIXED_SIGNAL_IC,CQFP-64,MIX-SIH-2026,THERMAL_BURN_IN,T01_1688,PROC-ISRO-IISU-01,ATE-STATION-01,CHAMBER-01,1.0,125.0,3.3,168,IDDQ,ELECTRICAL,uA,1.6886,1300.3835,1300.5166,1300.6094,1298.6949,0.0179,0.0034,35.88,36.36,1.6886,1300.3835,1300.5166,1300.6094,1298.6949,75.0,False,NOMINAL,HEALTHY,-24.84,-28.5
MIX_LOT01_COMP1689,LOT_01,MIXED_SIGNAL_IC,CQFP-64,MIX-SIH-2026,THERMAL_BURN_IN,T01_1689,PROC-ISRO-IISU-01,ATE-STATION-01,CHAMBER-01,1.0,125.0,3.3,168,IDDQ,ELECTRICAL,uA,1.9814,1527.523,1527.6007,1527.6882,1525.5416,-0.0088,0.0232,36.09,36.01,1.9814,1527.523,1527.6007,1527.6882,1525.5416,75.0,False,NOMINAL,HEALTHY,34.95,46.54
MIX_LOT01_COMP1690,LOT_01,MIXED_SIGNAL_IC,CQFP-64,MIX-SIH-2026,THERMAL_BURN_IN,T01_1690,PROC-ISRO-IISU-01,ATE-STATION-01,CHAMBER-01,1.0,125.0,3.3,168,IDDQ,ELECTRICAL,uA,2.3138,1788.1902,1788.3504,1788.3728,1785.8764,0.0323,0.0523,34.73,34.75,2.3138,1788.1902,1788.3504,1788.3728,1785.8764,75.0,False,NOMINAL,HEALTHY,22.43,-20.69
MIX_LOT01_COMP1691,LOT_01,MIXED_SIGNAL_IC,CQFP-64,MIX-SIH-2026,THERMAL_BURN_IN,T01_1691,PROC-ISRO-IISU-01,ATE-STATION-01,CHAMBER-01,1.0,125.0,3.3,168,IDDQ,ELECTRICAL,uA,1.8773,1445.3998,1445.5143,1445.5978,1443.5225,0.0259,0.0465,34.76,34.57,1.8773,1445.3998,1445.5143,1445.5978,1443.5225,75.0,False,NOMINAL,HEALTHY,-7.17,-13.72
MIX_LOT01_COMP1692,LOT_01,MIXED_SIGNAL_IC,CQFP-64,MIX-SIH-2026,THERMAL_BURN_IN,T01_1692,PROC-ISRO-IISU-01,ATE-STATION-01,CHAMBER-01,1.0,125.0,3.3,168,IDDQ,ELECTRICAL,uA,2.0775,1616.8288,1616.9737,1616.9944,1614.7513,-0.0085,-0.0542,32.53,33.33,2.0775,1616.8288,1616.9737,1616.9944,1614.7513,75.0,False,NOMINAL,HEALTHY,39.2,5.66
MIX_LOT01_COMP1693,LOT_01,MIXED_SIGNAL_IC,CQFP-64,MIX-SIH-2026,THERMAL_BURN_IN,T01_1693,PROC-ISRO-IISU-01,ATE-STATION-01,CHAMBER-01,1.0,125.0,3.3,168,IDDQ,ELECTRICAL,uA,2.1563,1667.9192,1668.0624,1668.186,1665.7629,-0.0115,-0.0414,34.11,33.88,2.1563,1667.9192,1668.0624,1668.186,1665.7629,75.0,False,NOMINAL,HEALTHY,3.89,48.93
MIX_LOT01_COMP1694,LOT_01,MIXED_SIGNAL_IC,CQFP-64,MIX-SIH-2026,THERMAL_BURN_IN,T01_1694,PROC-ISRO-IISU-01,ATE-STATION-01,CHAMBER-01,1.0,125.0,3.3,168,IDDQ,ELECTRICAL,uA,2.4826,1913.5344,1913.6766,1913.8726,1911.0518,0.0325,-0.0272,35.54,35.54,2.4826,1913.5344,1913.6766,1913.8726,1911.0518,75.0,False,NOMINAL,HEALTHY,27.27,-26.02
MIX_LOT01_COMP1695,LOT_01,MIXED_SIGNAL_IC,CQFP-64,MIX-SIH-2026,THERMAL_BURN_IN,T01_1695,PROC-ISRO-IISU-01,ATE-STATION-01,CHAMBER-01,1.0,125.0,3.3,168,IDDQ,ELECTRICAL,uA,1.9703,1515.2139,1515.3098,1515.3827,1513.2436,0.0053,-0.0069,35.45,35.92,1.9703,1515.2139,1515.3098,1515.3827,1513.2436,75.0,False,NOMINAL,HEALTHY,-33.39,0.46
MIX_LOT01_COMP1696,LOT_01,MIXED_SIGNAL_IC,CQFP-64,MIX-SIH-2026,THERMAL_BURN_IN,T01_1696,PROC-ISRO-IISU-01,ATE-STATION-01,CHAMBER-01,1.0,125.0,3.3,168,IDDQ,ELECTRICAL,uA,2.1226,1633.8835,1633.9734,1634.0962,1631.7609,-0.0031,0.0802,33.61,34.35,2.1226,1633.8835,1633.9734,1634.0962,1631.7609,75.0,False,NOMINAL,HEALTHY,32.8,8.71
MIX_LOT01_COMP1697,LOT_01,MIXED_SIGNAL_IC,CQFP-64,MIX-SIH-2026,THERMAL_BURN_IN,T01_1697,PROC-ISRO-IISU-01,ATE-STATION-01,CHAMBER-01,1.0,125.0,3.3,168,IDDQ,ELECTRICAL,uA,2.5193,1958.5031,1958.6813,1958.794,1955.9838,-0.0115,-0.0115,34.92,35.29,2.5193,1958.5031,1958.6813,1958.794,1955.9838,75.0,False,NOMINAL,HEALTHY,-16.59,-15.35
MIX_LOT01_COMP1698,LOT_01,MIXED_SIGNAL_IC,CQFP-64,MIX-SIH-2026,THERMAL_BURN_IN,T01_1698,PROC-ISRO-IISU-01,ATE-STATION-01,CHAMBER-01,1.0,125.0,3.3,168,IDDQ,ELECTRICAL,uA,2.261,1735.6803,1735.8334,1735.905,1733.4193,0.0292,-0.0281,34.24,33.44,2.261,1735.6803,1735.8334,1735.905,1733.4193,75.0,False,NOMINAL,HEALTHY,-14.17,-25.67
MIX_LOT01_COMP1699,LOT_01,MIXED_SIGNAL_IC,CQFP-64,MIX-SIH-2026,THERMAL_BURN_IN,T01_1699,PROC-ISRO-IISU-01,ATE-STATION-01,CHAMBER-01,1.0,125.0,3.3,168,IDDQ,ELECTRICAL,uA,1.9877,1545.4335,1545.5244,1545.6422,1543.4458,0.0196,-0.0039,35.01,35.05,1.9877,1545.4335,1545.5244,1545.6422,1543.4458,75.0,False,NOMINAL,HEALTHY,40.65,10.33
MIX_LOT01_COMP1700,LOT_01,MIXED_SIGNAL_IC,CQFP-64,MIX-SIH-2026,THERMAL_BURN_IN,T01_1700,PROC-ISRO-IISU-01,ATE-STATION-01,CHAMBER-01,1.0,125.0,3.3,168,IDDQ,ELECTRICAL,uA,2.5629,1973.0988,1973.2449,1973.3734,1970.5359,-0.0479,-0.0137,35.4,34.76,2.5629,1973.0988,1973.2449,1973.3734,1970.5359,75.0,True,DIELECTRIC_OSCILLATION,HEALTHY,38.8,49.72
MIX_LOT01_COMP1701,LOT_01,MIXED_SIGNAL_IC,CQFP-64,MIX-SIH-2026,THERMAL_BURN_IN,T01_1701,PROC-ISRO-IISU-01,ATE-STATION-01,CHAMBER-01,1.0,125.0,3.3,168,IDDQ,ELECTRICAL,uA,2.1324,1656.8824,1656.9915,1657.118,1654.75,0.0093,-0.0737,31.83,32.08,2.1324,1656.8824,1656.9915,1657.118,1654.75,75.0,False,NOMINAL,HEALTHY,43.97,29.05
MIX_LOT01_COMP1702,LOT_01,MIXED_SIGNAL_IC,CQFP-64,MIX-SIH-2026,THERMAL_BURN_IN,T01_1702,PROC-ISRO-IISU-01,ATE-STATION-01,CHAMBER-01,1.0,125.0,3.3,168,IDDQ,ELECTRICAL,uA,2.0439,1559.1652,1559.2898,1559.321,1557.1213,0.0027,-0.0447,35.11,35.0,2.0439,1559.1652,1559.2898,1559.321,1557.1213,75.0,True,DIELECTRIC_OSCILLATION,HEALTHY,3.12,-44.44
MIX_LOT01_COMP1703,LOT_01,MIXED_SIGNAL_IC,CQFP-64,MIX-SIH-2026,THERMAL_BURN_IN,T01_1703,PROC-ISRO-IISU-01,ATE-STATION-01,CHAMBER-01,1.0,125.0,3.3,168,IDDQ,ELECTRICAL,uA,1.9012,1450.9444,1451.0645,1451.1233,1449.0432,0.0183,0.0403,34.85,34.85,1.9012,1450.9444,1451.0645,1451.1233,1449.0432,75.0,False,NOMINAL,HEALTHY,-36.13,40.77
MIX_LOT01_COMP1704,LOT_01,MIXED_SIGNAL_IC,CQFP-64,MIX-SIH-2026,THERMAL_BURN_IN,T01_1704,PROC-ISRO-IISU-01,ATE-STATION-01,CHAMBER-01,1.0,125.0,3.3,168,IDDQ,ELECTRICAL,uA,2.1891,1703.9772,1704.1445,1704.1522,1701.7881,0.0506,-0.0144,35.74,34.99,2.1891,1703.9772,1704.1445,1704.1522,1701.7881,75.0,False,NOMINAL,HEALTHY,10.44,33.37
MIX_LOT01_COMP1705,LOT_01,MIXED_SIGNAL_IC,CQFP-64,MIX-SIH-2026,THERMAL_BURN_IN,T01_1705,PROC-ISRO-IISU-01,ATE-STATION-01,CHAMBER-01,1.0,125.0,3.3,168,IDDQ,ELECTRICAL,uA,2.7416,2087.4246,2087.6296,2087.7354,2084.683,-0.0097,-0.0676,34.68,34.74,2.7416,2087.4246,2087.6296,2087.7354,2084.683,75.0,False,NOMINAL,HEALTHY,-0.74,29.99
MIX_LOT01_COMP1706,LOT_01,MIXED_SIGNAL_IC,CQFP-64,MIX-SIH-2026,THERMAL_BURN_IN,T01_1706,PROC-ISRO-IISU-01,ATE-STATION-01,CHAMBER-01,1.0,125.0,3.3,168,IDDQ,ELECTRICAL,uA,1.7464,1346.3444,1346.4358,1346.4805,1344.598,0.0187,-0.0994,35.18,34.55,1.7464,1346.3444,1346.4358,1346.4805,1344.598,75.0,False,NOMINAL,HEALTHY,5.34,-37.12
MIX_LOT01_COMP1707,LOT_01,MIXED_SIGNAL_IC,CQFP-64,MIX-SIH-2026,THERMAL_BURN_IN,T01_1707,PROC-ISRO-IISU-01,ATE-STATION-01,CHAMBER-01,1.0,125.0,3.3,168,IDDQ,ELECTRICAL,uA,1.983,1532.1707,1532.3273,1532.3469,1530.1877,-0.0129,-0.0637,37.26,38.25,1.983,1532.1707,1532.3273,1532.3469,1530.1877,75.0,False,NOMINAL,HEALTHY,32.04,-12.93
MIX_LOT01_COMP1708,LOT_01,MIXED_SIGNAL_IC,CQFP-64,MIX-SIH-2026,THERMAL_BURN_IN,T01_1708,PROC-ISRO-IISU-01,ATE-STATION-01,CHAMBER-01,1.0,125.0,3.3,168,IDDQ,ELECTRICAL,uA,2.3956,1846.8605,1847.0116,1847.0766,1844.4649,0.0045,0.0284,35.48,34.84,2.3956,1846.8605,1847.0116,1847.0766,1844.4649,75.0,False,NOMINAL,HEALTHY,-44.27,-21.04
MIX_LOT01_COMP1709,LOT_01,MIXED_SIGNAL_IC,CQFP-64,MIX-SIH-2026,THERMAL_BURN_IN,T01_1709,PROC-ISRO-IISU-01,ATE-STATION-01,CHAMBER-01,1.0,125.0,3.3,168,IDDQ,ELECTRICAL,uA,2.0177,1543.9922,1544.1219,1544.1415,1541.9745,-0.0081,-0.0374,34.18,34.62,2.0177,1543.9922,1544.1219,1544.1415,1541.9745,75.0,False,NOMINAL,HEALTHY,-32.75,48.32
MIX_LOT01_COMP1710,LOT_01,MIXED_SIGNAL_IC,CQFP-64,MIX-SIH-2026,THERMAL_BURN_IN,T01_1710,PROC-ISRO-IISU-01,ATE-STATION-01,CHAMBER-01,1.0,125.0,3.3,168,IDDQ,ELECTRICAL,uA,2.0974,1618.5168,1618.6876,1618.7605,1616.4194,0.015,-0.0483,35.03,35.55,2.0974,1618.5168,1618.6876,1618.7605,1616.4194,75.0,False,NOMINAL,HEALTHY,-33.12,-1.26
MIX_LOT01_COMP1711,LOT_01,MIXED_SIGNAL_IC,CQFP-64,MIX-SIH-2026,THERMAL_BURN_IN,T01_1711,PROC-ISRO-IISU-01,ATE-STATION-01,CHAMBER-01,1.0,125.0,3.3,168,IDDQ,ELECTRICAL,uA,2.2065,1701.5542,1701.695,1701.7905,1699.3477,-0.007,-0.0378,34.28,34.3,2.2065,1701.5542,1701.695,1701.7905,1699.3477,75.0,False,NOMINAL,HEALTHY,-45.26,35.45
MIX_LOT01_COMP1712,LOT_01,MIXED_SIGNAL_IC,CQFP-64,MIX-SIH-2026,THERMAL_BURN_IN,T01_1712,PROC-ISRO-IISU-01,ATE-STATION-01,CHAMBER-01,1.0,125.0,3.3,168,IDDQ,ELECTRICAL,uA,2.3941,1835.2904,1835.4464,1835.5201,1832.8963,0.0181,0.1342,38.72,39.65,2.3941,1835.2904,1835.4464,1835.5201,1832.8963,75.0,False,NOMINAL,HEALTHY,-38.28,6.33
MIX_LOT01_COMP1713,LOT_01,MIXED_SIGNAL_IC,CQFP-64,MIX-SIH-2026,THERMAL_BURN_IN,T01_1713,PROC-ISRO-IISU-01,ATE-STATION-01,CHAMBER-01,1.0,125.0,3.3,168,IDDQ,ELECTRICAL,uA,2.4894,1921.6633,1921.7885,1921.9698,1919.1739,0.0041,-0.0247,33.04,32.81,2.4894,1921.6633,1921.7885,1921.9698,1919.1739,75.0,False,NOMINAL,HEALTHY,-0.57,29.58
MIX_LOT01_COMP1714,LOT_01,MIXED_SIGNAL_IC,CQFP-64,MIX-SIH-2026,THERMAL_BURN_IN,T01_1714,PROC-ISRO-IISU-01,ATE-STATION-01,CHAMBER-01,1.0,125.0,3.3,168,IDDQ,ELECTRICAL,uA,2.0616,1579.5816,1579.714,1579.8122,1577.52,0.0064,0.1031,34.11,34.23,2.0616,1579.5816,1579.714,1579.8122,1577.52,75.0,False,NOMINAL,HEALTHY,36.53,-38.86
MIX_LOT01_COMP1715,LOT_01,MIXED_SIGNAL_IC,CQFP-64,MIX-SIH-2026,THERMAL_BURN_IN,T01_1715,PROC-ISRO-IISU-01,ATE-STATION-01,CHAMBER-01,1.0,125.0,3.3,168,IDDQ,ELECTRICAL,uA,2.3197,1788.5669,1788.7245,1788.8057,1786.2472,-0.0064,0.019,34.69,34.7,2.3197,1788.5669,1788.7245,1788.8057,1786.2472,75.0,False,NOMINAL,HEALTHY,8.82,3.8
MIX_LOT01_COMP1716,LOT_01,MIXED_SIGNAL_IC,CQFP-64,MIX-SIH-2026,THERMAL_BURN_IN,T01_1716,PROC-ISRO-IISU-01,ATE-STATION-01,CHAMBER-01,1.0,125.0,3.3,168,IDDQ,ELECTRICAL,uA,2.085,1603.9063,1604.0542,1604.1348,1601.8213,0.0182,-0.0039,35.28,34.63,2.085,1603.9063,1604.0542,1604.1348,1601.8213,75.0,False,NOMINAL,HEALTHY,27.9,-17.56
MIX_LOT01_COMP1717,LOT_01,MIXED_SIGNAL_IC,CQFP-64,MIX-SIH-2026,THERMAL_BURN_IN,T01_1717,PROC-ISRO-IISU-01,ATE-STATION-01,CHAMBER-01,1.0,125.0,3.3,168,IDDQ,ELECTRICAL,uA,2.1617,1659.6535,1659.7821,1659.9679,1657.4918,-0.0122,-0.0136,33.54,33.28,2.1617,1659.6535,1659.7821,1659.9679,1657.4918,75.0,False,NOMINAL,HEALTHY,7.09,26.14
MIX_LOT01_COMP1718,LOT_01,MIXED_SIGNAL_IC,CQFP-64,MIX-SIH-2026,THERMAL_BURN_IN,T01_1718,PROC-ISRO-IISU-01,ATE-STATION-01,CHAMBER-01,1.0,125.0,3.3,168,IDDQ,ELECTRICAL,uA,2.357,1816.9337,1817.0576,1817.1201,1814.5767,0.0143,0.0119,36.06,35.74,2.357,1816.9337,1817.0576,1817.1201,1814.5767,75.0,False,NOMINAL,HEALTHY,6.56,-39.59
MIX_LOT01_COMP1719,LOT_01,MIXED_SIGNAL_IC,CQFP-64,MIX-SIH-2026,THERMAL_BURN_IN,T01_1719,PROC-ISRO-IISU-01,ATE-STATION-01,CHAMBER-01,1.0,125.0,3.3,168,IDDQ,ELECTRICAL,uA,1.7662,1365.988,1366.1031,1366.1752,1364.2218,0.0215,0.0706,36.56,36.92,1.7662,1365.988,1366.1031,1366.1752,1364.2218,75.0,False,NOMINAL,HEALTHY,-5.69,4.0
MIX_LOT01_COMP1720,LOT_01,MIXED_SIGNAL_IC,CQFP-64,MIX-SIH-2026,THERMAL_BURN_IN,T01_1720,PROC-ISRO-IISU-01,ATE-STATION-01,CHAMBER-01,1.0,125.0,3.3,168,IDDQ,ELECTRICAL,uA,2.2158,1697.6912,1697.8352,1697.8802,1695.4754,-0.0312,-0.0832,35.31,35.32,2.2158,1697.6912,1697.8352,1697.8802,1695.4754,75.0,False,NOMINAL,HEALTHY,-28.1,31.15
MIX_LOT01_COMP1721,LOT_01,MIXED_SIGNAL_IC,CQFP-64,MIX-SIH-2026,THERMAL_BURN_IN,T01_1721,PROC-ISRO-IISU-01,ATE-STATION-01,CHAMBER-01,1.0,125.0,3.3,168,IDDQ,ELECTRICAL,uA,2.2337,1706.4746,1706.5907,1706.7442,1704.2409,-0.0005,-0.1149,34.5,35.38,2.2337,1706.4746,1706.5907,1706.7442,1704.2409,75.0,True,DIELECTRIC_OSCILLATION,HEALTHY,-4.83,-41.52
MIX_LOT01_COMP1722,LOT_01,MIXED_SIGNAL_IC,CQFP-64,MIX-SIH-2026,THERMAL_BURN_IN,T01_1722,PROC-ISRO-IISU-01,ATE-STATION-01,CHAMBER-01,1.0,125.0,3.3,168,IDDQ,ELECTRICAL,uA,2.3741,1827.9784,1828.1136,1828.1727,1825.6043,0.0223,0.0199,35.59,35.93,2.3741,1827.9784,1828.1136,1828.1727,1825.6043,75.0,False,NOMINAL,HEALTHY,4.26,-11.02
MIX_LOT01_COMP1723,LOT_01,MIXED_SIGNAL_IC,CQFP-64,MIX-SIH-2026,THERMAL_BURN_IN,T01_1723,PROC-ISRO-IISU-01,ATE-STATION-01,CHAMBER-01,1.0,125.0,3.3,168,IDDQ,ELECTRICAL,uA,2.0362,1589.1949,1589.2788,1589.2916,1587.1587,0.0315,-0.0807,33.76,32.99,2.0362,1589.1949,1589.2788,1589.2916,1587.1587,75.0,False,NOMINAL,HEALTHY,1.54,-46.97
MIX_LOT01_COMP1724,LOT_01,MIXED_SIGNAL_IC,CQFP-64,MIX-SIH-2026,THERMAL_BURN_IN,T01_1724,PROC-ISRO-IISU-01,ATE-STATION-01,CHAMBER-01,1.0,125.0,3.3,168,IDDQ,ELECTRICAL,uA,2.2605,1751.5374,1751.6728,1751.7315,1749.2769,-0.0451,-0.0562,37.02,37.12,2.2605,1751.5374,1751.6728,1751.7315,1749.2769,75.0,False,NOMINAL,HEALTHY,-7.73,-9.99
MIX_LOT01_COMP1725,LOT_01,MIXED_SIGNAL_IC,CQFP-64,MIX-SIH-2026,THERMAL_BURN_IN,T01_1725,PROC-ISRO-IISU-01,ATE-STATION-01,CHAMBER-01,1.0,125.0,3.3,168,IDDQ,ELECTRICAL,uA,2.5681,1969.5394,1969.6905,1969.7336,1966.9713,-0.0207,-0.0293,35.31,35.64,2.5681,1969.5394,1969.6905,1969.7336,1966.9713,75.0,False,NOMINAL,HEALTHY,-26.25,-12.94
MIX_LOT01_COMP1726,LOT_01,MIXED_SIGNAL_IC,CQFP-64,MIX-SIH-2026,THERMAL_BURN_IN,T01_1726,PROC-ISRO-IISU-01,ATE-STATION-01,CHAMBER-01,1.0,125.0,3.3,168,IDDQ,ELECTRICAL,uA,2.2965,1783.9654,1784.1244,1784.1959,1781.6689,0.0193,0.1068,32.15,32.63,2.2965,1783.9654,1784.1244,1784.1959,1781.6689,75.0,False,NOMINAL,HEALTHY,-30.2,37.53
MIX_LOT01_COMP1727,LOT_01,MIXED_SIGNAL_IC,CQFP-64,MIX-SIH-2026,THERMAL_BURN_IN,T01_1727,PROC-ISRO-IISU-01,ATE-STATION-01,CHAMBER-01,1.0,125.0,3.3,168,IDDQ,ELECTRICAL,uA,2.3621,1827.4308,1827.5872,1827.6887,1825.0687,0.0282,0.0357,33.13,33.2,2.3621,1827.4308,1827.5872,1827.6887,1825.0687,75.0,False,NOMINAL,HEALTHY,23.93,-39.3
MIX_LOT01_COMP1728,LOT_01,MIXED_SIGNAL_IC,CQFP-64,MIX-SIH-2026,THERMAL_BURN_IN,T01_1728,PROC-ISRO-IISU-01,ATE-STATION-01,CHAMBER-01,1.0,125.0,3.3,168,IDDQ,ELECTRICAL,uA,2.1699,1695.8672,1695.9377,1696.1042,1693.6973,-0.0048,-0.0155,34.4,33.96,2.1699,1695.8672,1695.9377,1696.1042,1693.6973,75.0,False,NOMINAL,HEALTHY,4.99,-5.37
MIX_LOT01_COMP1729,LOT_01,MIXED_SIGNAL_IC,CQFP-64,MIX-SIH-2026,THERMAL_BURN_IN,T01_1729,PROC-ISRO-IISU-01,ATE-STATION-01,CHAMBER-01,1.0,125.0,3.3,168,IDDQ,ELECTRICAL,uA,2.0315,1582.5754,1582.6873,1582.7239,1580.5439,-0.0077,0.0068,35.93,36.05,2.0315,1582.5754,1582.6873,1582.7239,1580.5439,75.0,False,NOMINAL,HEALTHY,-17.46,-29.54
MIX_LOT01_COMP1730,LOT_01,MIXED_SIGNAL_IC,CQFP-64,MIX-SIH-2026,THERMAL_BURN_IN,T01_1730,PROC-ISRO-IISU-01,ATE-STATION-01,CHAMBER-01,1.0,125.0,3.3,168,IDDQ,ELECTRICAL,uA,2.1844,1688.1649,1688.3272,1688.4565,1685.9805,0.0145,0.0422,35.67,36.62,2.1844,1688.1649,1688.3272,1688.4565,1685.9805,75.0,False,NOMINAL,HEALTHY,35.36,-39.08
MIX_LOT01_COMP1731,LOT_01,MIXED_SIGNAL_IC,CQFP-64,MIX-SIH-2026,THERMAL_BURN_IN,T01_1731,PROC-ISRO-IISU-01,ATE-STATION-01,CHAMBER-01,1.0,125.0,3.3,168,IDDQ,ELECTRICAL,uA,2.6318,2030.168,2030.3465,2030.4895,2027.5362,-0.0097,-0.0496,35.52,35.54,2.6318,2030.168,2030.3465,2030.4895,2027.5362,75.0,False,NOMINAL,HEALTHY,43.11,-44.41
MIX_LOT01_COMP1732,LOT_01,MIXED_SIGNAL_IC,CQFP-64,MIX-SIH-2026,THERMAL_BURN_IN,T01_1732,PROC-ISRO-IISU-01,ATE-STATION-01,CHAMBER-01,1.0,125.0,3.3,168,IDDQ,ELECTRICAL,uA,1.6676,1297.004,1297.1025,1297.1766,1295.3364,-0.0702,-0.0869,35.54,34.74,1.6676,1297.004,1297.1025,1297.1766,1295.3364,75.0,False,NOMINAL,HEALTHY,-28.69,-5.9
MIX_LOT01_COMP1733,LOT_01,MIXED_SIGNAL_IC,CQFP-64,MIX-SIH-2026,THERMAL_BURN_IN,T01_1733,PROC-ISRO-IISU-01,ATE-STATION-01,CHAMBER-01,1.0,125.0,3.3,168,IDDQ,ELECTRICAL,uA,1.849,1406.2625,1406.3876,1406.4429,1404.4135,0.0055,0.0182,35.02,35.22,1.849,1406.2625,1406.3876,1406.4429,1404.4135,75.0,False,NOMINAL,HEALTHY,15.1,-32.0
MIX_LOT01_COMP1734,LOT_01,MIXED_SIGNAL_IC,CQFP-64,MIX-SIH-2026,THERMAL_BURN_IN,T01_1734,PROC-ISRO-IISU-01,ATE-STATION-01,CHAMBER-01,1.0,125.0,3.3,168,IDDQ,ELECTRICAL,uA,2.3615,1840.3875,1840.5273,1840.6159,1838.026,0.0213,-0.0259,36.24,36.67,2.3615,1840.3875,1840.5273,1840.6159,1838.026,75.0,False,NOMINAL,HEALTHY,10.81,43.48
MIX_LOT01_COMP1735,LOT_01,MIXED_SIGNAL_IC,CQFP-64,MIX-SIH-2026,THERMAL_BURN_IN,T01_1735,PROC-ISRO-IISU-01,ATE-STATION-01,CHAMBER-01,1.0,125.0,3.3,168,IDDQ,ELECTRICAL,uA,1.8104,1384.7191,1384.8468,1384.9416,1382.9087,-0.002,-0.043,33.62,33.45,1.8104,1384.7191,1384.8468,1384.9416,1382.9087,75.0,False,NOMINAL,HEALTHY,-11.83,-38.3
MIX_LOT01_COMP1736,LOT_01,MIXED_SIGNAL_IC,CQFP-64,MIX-SIH-2026,THERMAL_BURN_IN,T01_1736,PROC-ISRO-IISU-01,ATE-STATION-01,CHAMBER-01,1.0,125.0,3.3,168,IDDQ,ELECTRICAL,uA,2.1678,1681.6138,1681.7849,1681.8188,1679.446,0.0123,0.086,33.28,33.66,2.1678,1681.6138,1681.7849,1681.8188,1679.446,75.0,False,NOMINAL,HEALTHY,-33.22,49.27
MIX_LOT01_COMP1737,LOT_01,MIXED_SIGNAL_IC,CQFP-64,MIX-SIH-2026,THERMAL_BURN_IN,T01_1737,PROC-ISRO-IISU-01,ATE-STATION-01,CHAMBER-01,1.0,125.0,3.3,168,IDDQ,ELECTRICAL,uA,2.4366,1884.7624,1884.9042,1885.0239,1882.3258,0.0029,-0.0079,36.5,35.77,2.4366,1884.7624,1884.9042,1885.0239,1882.3258,75.0,False,NOMINAL,HEALTHY,31.44,-3.01
MIX_LOT01_COMP1738,LOT_01,MIXED_SIGNAL_IC,CQFP-64,MIX-SIH-2026,THERMAL_BURN_IN,T01_1738,PROC-ISRO-IISU-01,ATE-STATION-01,CHAMBER-01,1.0,125.0,3.3,168,IDDQ,ELECTRICAL,uA,2.2448,1707.5878,1707.691,1707.8001,1705.343,-0.0004,0.0158,35.68,35.04,2.2448,1707.5878,1707.691,1707.8001,1705.343,75.0,False,NOMINAL,HEALTHY,45.29,-39.07
MIX_LOT01_COMP1739,LOT_01,MIXED_SIGNAL_IC,CQFP-64,MIX-SIH-2026,THERMAL_BURN_IN,T01_1739,PROC-ISRO-IISU-01,ATE-STATION-01,CHAMBER-01,1.0,125.0,3.3,168,IDDQ,ELECTRICAL,uA,2.3296,1794.5427,1794.7444,1794.8337,1792.2131,-0.0421,-0.0619,34.04,33.9,2.3296,1794.5427,1794.7444,1794.8337,1792.2131,75.0,False,NOMINAL,HEALTHY,-9.93,-16.79
MIX_LOT01_COMP1740,LOT_01,MIXED_SIGNAL_IC,CQFP-64,MIX-SIH-2026,THERMAL_BURN_IN,T01_1740,PROC-ISRO-IISU-01,ATE-STATION-01,CHAMBER-01,1.0,125.0,3.3,168,IDDQ,ELECTRICAL,uA,2.6633,2045.2348,2045.3808,2045.455,2042.5715,-0.0266,-0.025,34.94,34.03,2.6633,2045.2348,2045.3808,2045.455,2042.5715,75.0,False,NOMINAL,HEALTHY,-49.4,32.85
MIX_LOT01_COMP1741,LOT_01,MIXED_SIGNAL_IC,CQFP-64,MIX-SIH-2026,THERMAL_BURN_IN,T01_1741,PROC-ISRO-IISU-01,ATE-STATION-01,CHAMBER-01,1.0,125.0,3.3,168,IDDQ,ELECTRICAL,uA,2.3759,1843.9588,1844.0773,1844.1448,1841.5829,0.0151,0.0021,34.36,34.28,2.3759,1843.9588,1844.0773,1844.1448,1841.5829,75.0,False,NOMINAL,HEALTHY,6.39,-18.41
MIX_LOT01_COMP1742,LOT_01,MIXED_SIGNAL_IC,CQFP-64,MIX-SIH-2026,THERMAL_BURN_IN,T01_1742,PROC-ISRO-IISU-01,ATE-STATION-01,CHAMBER-01,1.0,125.0,3.3,168,IDDQ,ELECTRICAL,uA,2.2444,1706.7526,1706.8733,1706.9471,1704.5082,0.0221,0.0222,34.65,34.85,2.2444,1706.7526,1706.8733,1706.9471,1704.5082,75.0,False,NOMINAL,HEALTHY,-9.9,-19.87
MIX_LOT01_COMP1743,LOT_01,MIXED_SIGNAL_IC,CQFP-64,MIX-SIH-2026,THERMAL_BURN_IN,T01_1743,PROC-ISRO-IISU-01,ATE-STATION-01,CHAMBER-01,1.0,125.0,3.3,168,IDDQ,ELECTRICAL,uA,2.067,1592.1817,1592.2735,1592.3393,1590.1147,-0.0257,-0.0166,32.66,32.26,2.067,1592.1817,1592.2735,1592.3393,1590.1147,75.0,False,NOMINAL,HEALTHY,34.46,-9.87
MIX_LOT01_COMP1744,LOT_01,MIXED_SIGNAL_IC,CQFP-64,MIX-SIH-2026,THERMAL_BURN_IN,T01_1744,PROC-ISRO-IISU-01,ATE-STATION-01,CHAMBER-01,1.0,125.0,3.3,168,IDDQ,ELECTRICAL,uA,2.6167,2028.674,2028.7404,2028.8858,2026.0573,-0.0068,-0.0109,34.7,35.38,2.6167,2028.674,2028.7404,2028.8858,2026.0573,75.0,False,NOMINAL,HEALTHY,-9.38,-2.68
MIX_LOT01_COMP1745,LOT_01,MIXED_SIGNAL_IC,CQFP-64,MIX-SIH-2026,THERMAL_BURN_IN,T01_1745,PROC-ISRO-IISU-01,ATE-STATION-01,CHAMBER-01,1.0,125.0,3.3,168,IDDQ,ELECTRICAL,uA,2.5803,1975.865,1976.0318,1976.0737,1973.2847,0.0106,0.0525,33.12,33.23,2.5803,1975.865,1976.0318,1976.0737,1973.2847,75.0,False,NOMINAL,HEALTHY,-36.51,38.22
MIX_LOT01_COMP1746,LOT_01,MIXED_SIGNAL_IC,CQFP-64,MIX-SIH-2026,THERMAL_BURN_IN,T01_1746,PROC-ISRO-IISU-01,ATE-STATION-01,CHAMBER-01,1.0,125.0,3.3,168,IDDQ,ELECTRICAL,uA,2.0801,1609.1348,1609.3158,1609.3477,1607.0547,-0.0153,0.0671,35.37,35.72,2.0801,1609.1348,1609.3158,1609.3477,1607.0547,75.0,False,NOMINAL,HEALTHY,47.94,-37.67
MIX_LOT01_COMP1747,LOT_01,MIXED_SIGNAL_IC,CQFP-64,MIX-SIH-2026,THERMAL_BURN_IN,T01_1747,PROC-ISRO-IISU-01,ATE-STATION-01,CHAMBER-01,1.0,125.0,3.3,168,IDDQ,ELECTRICAL,uA,2.0959,1637.2098,1637.327,1637.4336,1635.1139,-0.0007,0.0079,36.32,36.17,2.0959,1637.2098,1637.327,1637.4336,1635.1139,75.0,False,NOMINAL,HEALTHY,15.42,31.85
MIX_LOT01_COMP1748,LOT_01,MIXED_SIGNAL_IC,CQFP-64,MIX-SIH-2026,THERMAL_BURN_IN,T01_1748,PROC-ISRO-IISU-01,ATE-STATION-01,CHAMBER-01,1.0,125.0,3.3,168,IDDQ,ELECTRICAL,uA,1.8637,1435.1873,1435.2933,1435.3922,1433.3236,-0.0205,0.0075,34.7,35.23,1.8637,1435.1873,1435.2933,1435.3922,1433.3236,75.0,False,NOMINAL,HEALTHY,-14.74,5.07
MIX_LOT01_COMP1749,LOT_01,MIXED_SIGNAL_IC,CQFP-64,MIX-SIH-2026,THERMAL_BURN_IN,T01_1749,PROC-ISRO-IISU-01,ATE-STATION-01,CHAMBER-01,1.0,125.0,3.3,168,IDDQ,ELECTRICAL,uA,2.4108,1877.2882,1877.4288,1877.4572,1874.8774,0.0141,-0.0133,33.77,33.67,2.4108,1877.2882,1877.4288,1877.4572,1874.8774,75.0,False,NOMINAL,HEALTHY,-2.51,-17.88
MIX_LOT01_COMP1750,LOT_01,MIXED_SIGNAL_IC,CQFP-64,MIX-SIH-2026,THERMAL_BURN_IN,T01_1750,PROC-ISRO-IISU-01,ATE-STATION-01,CHAMBER-01,1.0,125.0,3.3,168,IDDQ,ELECTRICAL,uA,1.6917,1315.0887,1315.1967,1315.2641,1313.397,0.0416,0.0174,33.96,33.93,1.6917,1315.0887,1315.1967,1315.2641,1313.397,75.0,False,NOMINAL,HEALTHY,-12.77,-38.09
MIX_LOT01_COMP1751,LOT_01,MIXED_SIGNAL_IC,CQFP-64,MIX-SIH-2026,THERMAL_BURN_IN,T01_1751,PROC-ISRO-IISU-01,ATE-STATION-01,CHAMBER-01,1.0,125.0,3.3,168,IDDQ,ELECTRICAL,uA,2.2161,1716.3428,1716.4762,1716.5511,1714.1267,0.0103,-0.0101,37.25,37.03,2.2161,1716.3428,1716.4762,1716.5511,1714.1267,75.0,False,NOMINAL,HEALTHY,-44.02,-25.89
MIX_LOT01_COMP1752,LOT_01,MIXED_SIGNAL_IC,CQFP-64,MIX-SIH-2026,THERMAL_BURN_IN,T01_1752,PROC-ISRO-IISU-01,ATE-STATION-01,CHAMBER-01,1.0,125.0,3.3,168,IDDQ,ELECTRICAL,uA,2.5933,1975.0466,1975.2033,1975.3124,1972.4533,0.0228,0.0152,34.64,34.54,2.5933,1975.0466,1975.2033,1975.3124,1972.4533,75.0,False,NOMINAL,HEALTHY,27.13,-11.24
MIX_LOT01_COMP1753,LOT_01,MIXED_SIGNAL_IC,CQFP-64,MIX-SIH-2026,THERMAL_BURN_IN,T01_1753,PROC-ISRO-IISU-01,ATE-STATION-01,CHAMBER-01,1.0,125.0,3.3,168,IDDQ,ELECTRICAL,uA,1.9749,1520.7019,1520.8582,1520.8908,1518.727,-0.0048,0.0363,37.39,36.9,1.9749,1520.7019,1520.8582,1520.8908,1518.727,75.0,False,NOMINAL,HEALTHY,3.07,43.96
MIX_LOT01_COMP1754,LOT_01,MIXED_SIGNAL_IC,CQFP-64,MIX-SIH-2026,THERMAL_BURN_IN,T01_1754,PROC-ISRO-IISU-01,ATE-STATION-01,CHAMBER-01,1.0,125.0,3.3,168,IDDQ,ELECTRICAL,uA,2.4459,1893.2875,1893.4639,1893.545,1890.8416,0.0074,-0.0231,34.58,34.34,2.4459,1893.2875,1893.4639,1893.545,1890.8416,75.0,False,NOMINAL,HEALTHY,-32.83,22.17
MIX_LOT01_COMP1755,LOT_01,MIXED_SIGNAL_IC,CQFP-64,MIX-SIH-2026,THERMAL_BURN_IN,T01_1755,PROC-ISRO-IISU-01,ATE-STATION-01,CHAMBER-01,1.0,125.0,3.3,168,IDDQ,ELECTRICAL,uA,2.1796,1695.7906,1695.9,1695.9776,1693.611,0.005,-0.0343,33.26,33.84,2.1796,1695.7906,1695.9,1695.9776,1693.611,75.0,False,NOMINAL,HEALTHY,14.9,-48.91
MIX_LOT01_COMP1756,LOT_01,MIXED_SIGNAL_IC,CQFP-64,MIX-SIH-2026,THERMAL_BURN_IN,T01_1756,PROC-ISRO-IISU-01,ATE-STATION-01,CHAMBER-01,1.0,125.0,3.3,168,IDDQ,ELECTRICAL,uA,1.8275,1421.3171,1421.4283,1421.5186,1419.4896,0.0128,0.0095,32.93,32.1,1.8275,1421.3171,1421.4283,1421.5186,1419.4896,75.0,False,NOMINAL,HEALTHY,35.12,34.54
MIX_LOT01_COMP1757,LOT_01,MIXED_SIGNAL_IC,CQFP-64,MIX-SIH-2026,THERMAL_BURN_IN,T01_1757,PROC-ISRO-IISU-01,ATE-STATION-01,CHAMBER-01,1.0,125.0,3.3,168,IDDQ,ELECTRICAL,uA,2.4141,1881.968,1882.1625,1882.2482,1879.5539,-0.0078,0.0243,36.17,36.24,2.4141,1881.968,1882.1625,1882.2482,1879.5539,75.0,False,NOMINAL,HEALTHY,38.48,-4.26
MIX_LOT01_COMP1758,LOT_01,MIXED_SIGNAL_IC,CQFP-64,MIX-SIH-2026,THERMAL_BURN_IN,T01_1758,PROC-ISRO-IISU-01,ATE-STATION-01,CHAMBER-01,1.0,125.0,3.3,168,IDDQ,ELECTRICAL,uA,2.0242,1554.1262,1554.3019,1554.2929,1552.102,0.0159,0.0783,35.45,35.41,2.0242,1554.1262,1554.3019,1554.2929,1552.102,75.0,False,NOMINAL,HEALTHY,46.54,-9.29
MIX_LOT01_COMP1759,LOT_01,MIXED_SIGNAL_IC,CQFP-64,MIX-SIH-2026,THERMAL_BURN_IN,T01_1759,PROC-ISRO-IISU-01,ATE-STATION-01,CHAMBER-01,1.0,125.0,3.3,168,IDDQ,ELECTRICAL,uA,1.8203,1418.4086,1418.5381,1418.5891,1416.5883,0.032,0.0723,37.65,37.95,1.8203,1418.4086,1418.5381,1418.5891,1416.5883,75.0,False,NOMINAL,HEALTHY,-48.22,17.88
MIX_LOT01_COMP1760,LOT_01,MIXED_SIGNAL_IC,CQFP-64,MIX-SIH-2026,THERMAL_BURN_IN,T01_1760,PROC-ISRO-IISU-01,ATE-STATION-01,CHAMBER-01,1.0,125.0,3.3,168,IDDQ,ELECTRICAL,uA,2.0375,1589.5451,1589.6754,1589.7696,1587.5076,0.0006,0.0995,34.42,33.84,2.0375,1589.5451,1589.6754,1589.7696,1587.5076,75.0,False,NOMINAL,HEALTHY,22.75,8.14
MIX_LOT01_COMP1761,LOT_01,MIXED_SIGNAL_IC,CQFP-64,MIX-SIH-2026,THERMAL_BURN_IN,T01_1761,PROC-ISRO-IISU-01,ATE-STATION-01,CHAMBER-01,1.0,125.0,3.3,168,IDDQ,ELECTRICAL,uA,2.285,1767.5551,1767.6909,1767.7314,1765.2701,0.0033,0.0058,35.6,35.87,2.285,1767.5551,1767.6909,1767.7314,1765.2701,75.0,False,NOMINAL,HEALTHY,14.48,-20.48
MIX_LOT01_COMP1762,LOT_01,MIXED_SIGNAL_IC,CQFP-64,MIX-SIH-2026,THERMAL_BURN_IN,T01_1762,PROC-ISRO-IISU-01,ATE-STATION-01,CHAMBER-01,1.0,125.0,3.3,168,IDDQ,ELECTRICAL,uA,1.6665,1300.6327,1300.7083,1300.7284,1298.9662,0.0049,-0.0298,35.27,35.81,1.6665,1300.6327,1300.7083,1300.7284,1298.9662,75.0,False,NOMINAL,HEALTHY,-35.56,-25.71
MIX_LOT01_COMP1763,LOT_01,MIXED_SIGNAL_IC,CQFP-64,MIX-SIH-2026,THERMAL_BURN_IN,T01_1763,PROC-ISRO-IISU-01,ATE-STATION-01,CHAMBER-01,1.0,125.0,3.3,168,IDDQ,ELECTRICAL,uA,2.0489,1565.2332,1565.3672,1565.4053,1563.1843,0.0152,-0.0352,34.88,34.81,2.0489,1565.2332,1565.3672,1565.4053,1563.1843,75.0,False,NOMINAL,HEALTHY,12.36,24.39
MIX_LOT01_COMP1764,LOT_01,MIXED_SIGNAL_IC,CQFP-64,MIX-SIH-2026,THERMAL_BURN_IN,T01_1764,PROC-ISRO-IISU-01,ATE-STATION-01,CHAMBER-01,1.0,125.0,3.3,168,IDDQ,ELECTRICAL,uA,2.2126,1712.5714,1712.6874,1712.6848,1710.3588,-0.0496,-0.1059,34.24,33.4,2.2126,1712.5714,1712.6874,1712.6848,1710.3588,75.0,False,NOMINAL,HEALTHY,-27.39,12.36
MIX_LOT01_COMP1765,LOT_01,MIXED_SIGNAL_IC,CQFP-64,MIX-SIH-2026,THERMAL_BURN_IN,T01_1765,PROC-ISRO-IISU-01,ATE-STATION-01,CHAMBER-01,1.0,125.0,3.3,168,IDDQ,ELECTRICAL,uA,2.4196,1883.8621,1884.0475,1884.1777,1881.4425,0.0199,0.0531,33.67,33.8,2.4196,1883.8621,1884.0475,1884.1777,1881.4425,75.0,False,NOMINAL,HEALTHY,10.68,-4.69
MIX_LOT01_COMP1766,LOT_01,MIXED_SIGNAL_IC,CQFP-64,MIX-SIH-2026,THERMAL_BURN_IN,T01_1766,PROC-ISRO-IISU-01,ATE-STATION-01,CHAMBER-01,1.0,125.0,3.3,168,IDDQ,ELECTRICAL,uA,2.0309,1569.7877,1569.9419,1570.0312,1567.7568,0.0093,0.0356,34.34,34.36,2.0309,1569.7877,1569.9419,1570.0312,1567.7568,75.0,False,NOMINAL,HEALTHY,-5.74,-32.3
MIX_LOT01_COMP1767,LOT_01,MIXED_SIGNAL_IC,CQFP-64,MIX-SIH-2026,THERMAL_BURN_IN,T01_1767,PROC-ISRO-IISU-01,ATE-STATION-01,CHAMBER-01,1.0,125.0,3.3,168,IDDQ,ELECTRICAL,uA,2.0786,1598.7444,1598.8354,1598.967,1596.6658,0.0093,0.0217,35.34,34.78,2.0786,1598.7444,1598.8354,1598.967,1596.6658,75.0,False,NOMINAL,HEALTHY,13.98,9.65
MIX_LOT01_COMP1768,LOT_01,MIXED_SIGNAL_IC,CQFP-64,MIX-SIH-2026,THERMAL_BURN_IN,T01_1768,PROC-ISRO-IISU-01,ATE-STATION-01,CHAMBER-01,1.0,125.0,3.3,168,IDDQ,ELECTRICAL,uA,2.0892,1618.9267,1619.0301,1619.1442,1616.8375,-0.0058,-0.0047,35.23,36.06,2.0892,1618.9267,1619.0301,1619.1442,1616.8375,75.0,False,NOMINAL,HEALTHY,-7.17,-18.69
MIX_LOT01_COMP1769,LOT_01,MIXED_SIGNAL_IC,CQFP-64,MIX-SIH-2026,THERMAL_BURN_IN,T01_1769,PROC-ISRO-IISU-01,ATE-STATION-01,CHAMBER-01,1.0,125.0,3.3,168,IDDQ,ELECTRICAL,uA,1.9501,1499.5528,1499.6734,1499.7553,1497.6027,-0.0115,-0.0574,35.77,36.36,1.9501,1499.5528,1499.6734,1499.7553,1497.6027,75.0,False,NOMINAL,HEALTHY,-18.71,42.86
MIX_LOT01_COMP1770,LOT_01,MIXED_SIGNAL_IC,CQFP-64,MIX-SIH-2026,THERMAL_BURN_IN,T01_1770,PROC-ISRO-IISU-01,ATE-STATION-01,CHAMBER-01,1.0,125.0,3.3,168,IDDQ,ELECTRICAL,uA,2.1642,1651.6788,1651.7962,1651.8356,1649.5146,-0.009,-0.0548,35.27,35.33,2.1642,1651.6788,1651.7962,1651.8356,1649.5146,75.0,False,NOMINAL,HEALTHY,-5.56,39.7
MIX_LOT01_COMP1771,LOT_01,MIXED_SIGNAL_IC,CQFP-64,MIX-SIH-2026,THERMAL_BURN_IN,T01_1771,PROC-ISRO-IISU-01,ATE-STATION-01,CHAMBER-01,1.0,125.0,3.3,168,IDDQ,ELECTRICAL,uA,2.7082,2085.7703,2085.9423,2086.0826,2083.0621,-0.0216,-0.0277,35.41,36.03,2.7082,2085.7703,2085.9423,2086.0826,2083.0621,75.0,False,NOMINAL,HEALTHY,12.85,-1.44
MIX_LOT01_COMP1772,LOT_01,MIXED_SIGNAL_IC,CQFP-64,MIX-SIH-2026,THERMAL_BURN_IN,T01_1772,PROC-ISRO-IISU-01,ATE-STATION-01,CHAMBER-01,1.0,125.0,3.3,168,IDDQ,ELECTRICAL,uA,1.6705,1279.9573,1280.0429,1280.135,1278.2868,0.0217,0.0397,38.36,38.51,1.6705,1279.9573,1280.0429,1280.135,1278.2868,75.0,False,NOMINAL,HEALTHY,-8.44,16.72
MIX_LOT01_COMP1773,LOT_01,MIXED_SIGNAL_IC,CQFP-64,MIX-SIH-2026,THERMAL_BURN_IN,T01_1773,PROC-ISRO-IISU-01,ATE-STATION-01,CHAMBER-01,1.0,125.0,3.3,168,IDDQ,ELECTRICAL,uA,2.3619,1812.2061,1812.3356,1812.4099,1809.8442,0.0105,0.0337,37.31,36.67,2.3619,1812.2061,1812.3356,1812.4099,1809.8442,75.0,False,NOMINAL,HEALTHY,35.67,38.71
MIX_LOT01_COMP1774,LOT_01,MIXED_SIGNAL_IC,CQFP-64,MIX-SIH-2026,THERMAL_BURN_IN,T01_1774,PROC-ISRO-IISU-01,ATE-STATION-01,CHAMBER-01,1.0,125.0,3.3,168,IDDQ,ELECTRICAL,uA,1.9938,1536.0699,1536.2092,1536.2424,1534.0761,-0.0151,-0.0347,34.23,34.28,1.9938,1536.0699,1536.2092,1536.2424,1534.0761,75.0,True,DIELECTRIC_OSCILLATION,HEALTHY,-1.22,-31.81
MIX_LOT01_COMP1775,LOT_01,MIXED_SIGNAL_IC,CQFP-64,MIX-SIH-2026,THERMAL_BURN_IN,T01_1775,PROC-ISRO-IISU-01,ATE-STATION-01,CHAMBER-01,1.0,125.0,3.3,168,IDDQ,ELECTRICAL,uA,2.4039,1859.7713,1859.9027,1860.049,1857.3674,-0.0271,-0.0449,35.58,35.28,2.4039,1859.7713,1859.9027,1860.049,1857.3674,75.0,False,NOMINAL,HEALTHY,-7.64,4.84
MIX_LOT01_COMP1776,LOT_01,MIXED_SIGNAL_IC,CQFP-64,MIX-SIH-2026,THERMAL_BURN_IN,T01_1776,PROC-ISRO-IISU-01,ATE-STATION-01,CHAMBER-01,1.0,125.0,3.3,168,IDDQ,ELECTRICAL,uA,2.03,1561.4724,1561.6061,1561.7116,1559.4424,-0.0173,-0.0374,36.31,37.37,2.03,1561.4724,1561.6061,1561.7116,1559.4424,75.0,False,NOMINAL,HEALTHY,-42.17,46.17
MIX_LOT01_COMP1777,LOT_01,MIXED_SIGNAL_IC,CQFP-64,MIX-SIH-2026,THERMAL_BURN_IN,T01_1777,PROC-ISRO-IISU-01,ATE-STATION-01,CHAMBER-01,1.0,125.0,3.3,168,IDDQ,ELECTRICAL,uA,1.9832,1516.6387,1516.814,1516.8695,1514.6555,0.0244,-0.0198,33.78,33.15,1.9832,1516.6387,1516.814,1516.8695,1514.6555,75.0,False,NOMINAL,HEALTHY,-23.32,46.19
MIX_LOT01_COMP1778,LOT_01,MIXED_SIGNAL_IC,CQFP-64,MIX-SIH-2026,THERMAL_BURN_IN,T01_1778,PROC-ISRO-IISU-01,ATE-STATION-01,CHAMBER-01,1.0,125.0,3.3,168,IDDQ,ELECTRICAL,uA,2.1878,1702.3538,1702.567,1702.6428,1700.166,-0.0301,-0.0335,35.26,34.66,2.1878,1702.3538,1702.567,1702.6428,1700.166,75.0,False,NOMINAL,HEALTHY,16.21,-11.76
MIX_LOT01_COMP1779,LOT_01,MIXED_SIGNAL_IC,CQFP-64,MIX-SIH-2026,THERMAL_BURN_IN,T01_1779,PROC-ISRO-IISU-01,ATE-STATION-01,CHAMBER-01,1.0,125.0,3.3,168,IDDQ,ELECTRICAL,uA,1.7007,1330.4459,1330.5625,1330.6007,1328.7452,-0.0135,0.0231,35.24,34.87,1.7007,1330.4459,1330.5625,1330.6007,1328.7452,75.0,False,NOMINAL,HEALTHY,-16.75,48.0
MIX_LOT01_COMP1780,LOT_01,MIXED_SIGNAL_IC,CQFP-64,MIX-SIH-2026,THERMAL_BURN_IN,T01_1780,PROC-ISRO-IISU-01,ATE-STATION-01,CHAMBER-01,1.0,125.0,3.3,168,IDDQ,ELECTRICAL,uA,2.0716,1610.3038,1610.4385,1610.5238,1608.2322,-0.0051,-0.0131,35.09,34.41,2.0716,1610.3038,1610.4385,1610.5238,1608.2322,75.0,False,NOMINAL,HEALTHY,-10.93,-28.53
MIX_LOT01_COMP1781,LOT_01,MIXED_SIGNAL_IC,CQFP-64,MIX-SIH-2026,THERMAL_BURN_IN,T01_1781,PROC-ISRO-IISU-01,ATE-STATION-01,CHAMBER-01,1.0,125.0,3.3,168,IDDQ,ELECTRICAL,uA,2.3316,1810.0328,1810.1674,1810.2474,1807.7012,0.0301,0.038,36.31,36.47,2.3316,1810.0328,1810.1674,1810.2474,1807.7012,75.0,False,NOMINAL,HEALTHY,1.23,-44.61
MIX_LOT01_COMP1782,LOT_01,MIXED_SIGNAL_IC,CQFP-64,MIX-SIH-2026,THERMAL_BURN_IN,T01_1782,PROC-ISRO-IISU-01,ATE-STATION-01,CHAMBER-01,1.0,125.0,3.3,168,IDDQ,ELECTRICAL,uA,2.2443,1734.7418,1734.8518,1734.9549,1732.4975,0.0251,-0.0216,34.85,34.91,2.2443,1734.7418,1734.8518,1734.9549,1732.4975,75.0,False,NOMINAL,HEALTHY,23.56,-33.54
MIX_LOT01_COMP1783,LOT_01,MIXED_SIGNAL_IC,CQFP-64,MIX-SIH-2026,THERMAL_BURN_IN,T01_1783,PROC-ISRO-IISU-01,ATE-STATION-01,CHAMBER-01,1.0,125.0,3.3,168,IDDQ,ELECTRICAL,uA,1.9483,1507.4869,1507.5887,1507.667,1505.5386,0.0361,0.1687,34.16,34.65,1.9483,1507.4869,1507.5887,1507.667,1505.5386,75.0,False,NOMINAL,HEALTHY,42.15,-27.46
MIX_LOT01_COMP1784,LOT_01,MIXED_SIGNAL_IC,CQFP-64,MIX-SIH-2026,THERMAL_BURN_IN,T01_1784,PROC-ISRO-IISU-01,ATE-STATION-01,CHAMBER-01,1.0,125.0,3.3,168,IDDQ,ELECTRICAL,uA,1.9173,1486.6219,1486.7367,1486.8313,1484.7046,-0.0175,0.0322,32.9,32.86,1.9173,1486.6219,1486.7367,1486.8313,1484.7046,75.0,False,NOMINAL,HEALTHY,-21.44,40.47
MIX_LOT01_COMP1785,LOT_01,MIXED_SIGNAL_IC,CQFP-64,MIX-SIH-2026,THERMAL_BURN_IN,T01_1785,PROC-ISRO-IISU-01,ATE-STATION-01,CHAMBER-01,1.0,125.0,3.3,168,IDDQ,ELECTRICAL,uA,2.3026,1779.4148,1779.5511,1779.6389,1777.1122,-0.0104,0.029,35.31,35.52,2.3026,1779.4148,1779.5511,1779.6389,1777.1122,75.0,False,NOMINAL,HEALTHY,22.46,-30.68
MIX_LOT01_COMP1786,LOT_01,MIXED_SIGNAL_IC,CQFP-64,MIX-SIH-2026,THERMAL_BURN_IN,T01_1786,PROC-ISRO-IISU-01,ATE-STATION-01,CHAMBER-01,1.0,125.0,3.3,168,IDDQ,ELECTRICAL,uA,1.5954,1219.0624,1219.1868,1219.2255,1217.467,0.0371,0.0047,36.18,36.38,1.5954,1219.0624,1219.1868,1219.2255,1217.467,75.0,False,NOMINAL,HEALTHY,-26.17,-12.75
MIX_LOT01_COMP1787,LOT_01,MIXED_SIGNAL_IC,CQFP-64,MIX-SIH-2026,THERMAL_BURN_IN,T01_1787,PROC-ISRO-IISU-01,ATE-STATION-01,CHAMBER-01,1.0,125.0,3.3,168,IDDQ,ELECTRICAL,uA,1.7622,1381.806,1381.9272,1381.9889,1380.0438,0.0243,-0.0068,37.19,37.34,1.7622,1381.806,1381.9272,1381.9889,1380.0438,75.0,False,NOMINAL,HEALTHY,20.03,-39.81
MIX_LOT01_COMP1788,LOT_01,MIXED_SIGNAL_IC,CQFP-64,MIX-SIH-2026,THERMAL_BURN_IN,T01_1788,PROC-ISRO-IISU-01,ATE-STATION-01,CHAMBER-01,1.0,125.0,3.3,168,IDDQ,ELECTRICAL,uA,1.8401,1432.2549,1432.3889,1432.4234,1430.4148,0.0002,0.0361,35.8,35.61,1.8401,1432.2549,1432.3889,1432.4234,1430.4148,75.0,False,NOMINAL,HEALTHY,-29.82,47.11
MIX_LOT01_COMP1789,LOT_01,MIXED_SIGNAL_IC,CQFP-64,MIX-SIH-2026,THERMAL_BURN_IN,T01_1789,PROC-ISRO-IISU-01,ATE-STATION-01,CHAMBER-01,1.0,125.0,3.3,168,IDDQ,ELECTRICAL,uA,2.2557,1739.2785,1739.4114,1739.4808,1737.0228,-0.0288,-0.011,37.26,37.45,2.2557,1739.2785,1739.4114,1739.4808,1737.0228,75.0,False,NOMINAL,HEALTHY,-37.15,-7.38
MIX_LOT01_COMP1790,LOT_01,MIXED_SIGNAL_IC,CQFP-64,MIX-SIH-2026,THERMAL_BURN_IN,T01_1790,PROC-ISRO-IISU-01,ATE-STATION-01,CHAMBER-01,1.0,125.0,3.3,168,IDDQ,ELECTRICAL,uA,2.3418,1811.098,1811.239,1811.297,1808.7562,-0.0162,-0.0015,35.12,35.76,2.3418,1811.098,1811.239,1811.297,1808.7562,75.0,False,NOMINAL,HEALTHY,-47.75,21.73
MIX_LOT01_COMP1791,LOT_01,MIXED_SIGNAL_IC,CQFP-64,MIX-SIH-2026,THERMAL_BURN_IN,T01_1791,PROC-ISRO-IISU-01,ATE-STATION-01,CHAMBER-01,1.0,125.0,3.3,168,IDDQ,ELECTRICAL,uA,2.3446,1816.2436,1816.4054,1816.5263,1813.899,-0.025,0.0096,35.55,35.94,2.3446,1816.2436,1816.4054,1816.5263,1813.899,75.0,False,NOMINAL,HEALTHY,-30.73,7.19
MIX_LOT01_COMP1792,LOT_01,MIXED_SIGNAL_IC,CQFP-64,MIX-SIH-2026,THERMAL_BURN_IN,T01_1792,PROC-ISRO-IISU-01,ATE-STATION-01,CHAMBER-01,1.0,125.0,3.3,168,IDDQ,ELECTRICAL,uA,1.9205,1479.721,1479.849,1479.917,1477.8005,0.0136,-0.0293,35.06,35.31,1.9205,1479.721,1479.849,1479.917,1477.8005,75.0,False,NOMINAL,HEALTHY,40.65,-28.37
MIX_LOT01_COMP1793,LOT_01,MIXED_SIGNAL_IC,CQFP-64,MIX-SIH-2026,THERMAL_BURN_IN,T01_1793,PROC-ISRO-IISU-01,ATE-STATION-01,CHAMBER-01,1.0,125.0,3.3,168,IDDQ,ELECTRICAL,uA,2.2862,1764.7189,1764.8961,1764.9408,1762.4327,-0.0159,-0.016,34.3,35.11,2.2862,1764.7189,1764.8961,1764.9408,1762.4327,75.0,False,NOMINAL,HEALTHY,-4.12,-46.69
MIX_LOT01_COMP1794,LOT_01,MIXED_SIGNAL_IC,CQFP-64,MIX-SIH-2026,THERMAL_BURN_IN,T01_1794,PROC-ISRO-IISU-01,ATE-STATION-01,CHAMBER-01,1.0,125.0,3.3,168,IDDQ,ELECTRICAL,uA,2.0785,1630.8026,1630.9083,1631.0117,1628.7241,-0.0282,0.0266,33.95,34.33,2.0785,1630.8026,1630.9083,1631.0117,1628.7241,75.0,False,NOMINAL,HEALTHY,-48.95,-12.59
MIX_LOT01_COMP1795,LOT_01,MIXED_SIGNAL_IC,CQFP-64,MIX-SIH-2026,THERMAL_BURN_IN,T01_1795,PROC-ISRO-IISU-01,ATE-STATION-01,CHAMBER-01,1.0,125.0,3.3,168,IDDQ,ELECTRICAL,uA,2.1971,1702.171,1702.2716,1702.3844,1699.9739,-0.0241,-0.0618,35.49,35.53,2.1971,1702.171,1702.2716,1702.3844,1699.9739,75.0,False,NOMINAL,HEALTHY,-33.97,-38.33
MIX_LOT01_COMP1796,LOT_01,MIXED_SIGNAL_IC,CQFP-64,MIX-SIH-2026,THERMAL_BURN_IN,T01_1796,PROC-ISRO-IISU-01,ATE-STATION-01,CHAMBER-01,1.0,125.0,3.3,168,IDDQ,ELECTRICAL,uA,2.1078,1620.6681,1620.8154,1620.8512,1618.5603,-0.0152,-0.0492,34.02,33.6,2.1078,1620.6681,1620.8154,1620.8512,1618.5603,75.0,False,NOMINAL,HEALTHY,20.94,24.34
MIX_LOT01_COMP1797,LOT_01,MIXED_SIGNAL_IC,CQFP-64,MIX-SIH-2026,THERMAL_BURN_IN,T01_1797,PROC-ISRO-IISU-01,ATE-STATION-01,CHAMBER-01,1.0,125.0,3.3,168,IDDQ,ELECTRICAL,uA,2.3277,1797.9319,1798.0103,1798.1149,1795.6042,0.0045,-0.0387,34.34,34.98,2.3277,1797.9319,1798.0103,1798.1149,1795.6042,75.0,False,NOMINAL,HEALTHY,8.89,17.6
MIX_LOT01_COMP1798,LOT_01,MIXED_SIGNAL_IC,CQFP-64,MIX-SIH-2026,THERMAL_BURN_IN,T01_1798,PROC-ISRO-IISU-01,ATE-STATION-01,CHAMBER-01,1.0,125.0,3.3,168,IDDQ,ELECTRICAL,uA,2.1054,1604.5256,1604.7015,1604.7217,1602.4202,-0.0165,0.0444,35.65,36.5,2.1054,1604.5256,1604.7015,1604.7217,1602.4202,75.0,False,NOMINAL,HEALTHY,-39.58,8.47
MIX_LOT01_COMP1799,LOT_01,MIXED_SIGNAL_IC,CQFP-64,MIX-SIH-2026,THERMAL_BURN_IN,T01_1799,PROC-ISRO-IISU-01,ATE-STATION-01,CHAMBER-01,1.0,125.0,3.3,168,IDDQ,ELECTRICAL,uA,2.2769,1752.0085,1752.1452,1752.2538,1749.7316,0.0038,-0.0315,36.14,35.67,2.2769,1752.0085,1752.1452,1752.2538,1749.7316,75.0,False,NOMINAL,HEALTHY,-30.91,36.81
MIX_LOT01_COMP1800,LOT_01,MIXED_SIGNAL_IC,CQFP-64,MIX-SIH-2026,THERMAL_BURN_IN,T01_1800,PROC-ISRO-IISU-01,ATE-STATION-01,CHAMBER-01,1.0,125.0,3.3,168,IDDQ,ELECTRICAL,uA,1.8802,1456.0993,1456.2288,1456.2791,1454.2191,0.0123,-0.0142,34.52,34.64,1.8802,1456.0993,1456.2288,1456.2791,1454.2191,75.0,False,NOMINAL,HEALTHY,-39.4,20.51
MIX_LOT01_COMP1801,LOT_01,MIXED_SIGNAL_IC,CQFP-64,MIX-SIH-2026,THERMAL_BURN_IN,T01_1801,PROC-ISRO-IISU-01,ATE-STATION-01,CHAMBER-01,1.0,125.0,3.3,168,IDDQ,ELECTRICAL,uA,1.7349,1359.9319,1359.9978,1360.077,1358.197,0.014,0.0948,34.75,34.77,1.7349,1359.9319,1359.9978,1360.077,1358.197,75.0,False,NOMINAL,HEALTHY,42.98,-26.1
MIX_LOT01_COMP1802,LOT_01,MIXED_SIGNAL_IC,CQFP-64,MIX-SIH-2026,THERMAL_BURN_IN,T01_1802,PROC-ISRO-IISU-01,ATE-STATION-01,CHAMBER-01,1.0,125.0,3.3,168,IDDQ,ELECTRICAL,uA,2.2343,1729.0041,1729.1301,1729.2014,1726.7698,-0.0138,-0.0254,35.16,35.24,2.2343,1729.0041,1729.1301,1729.2014,1726.7698,75.0,False,NOMINAL,HEALTHY,-46.88,17.5
MIX_LOT01_COMP1803,LOT_01,MIXED_SIGNAL_IC,CQFP-64,MIX-SIH-2026,THERMAL_BURN_IN,T01_1803,PROC-ISRO-IISU-01,ATE-STATION-01,CHAMBER-01,1.0,125.0,3.3,168,IDDQ,ELECTRICAL,uA,2.3713,1821.3804,1821.4829,1821.6191,1819.0091,-0.0068,-0.0523,36.51,36.57,2.3713,1821.3804,1821.4829,1821.6191,1819.0091,75.0,False,NOMINAL,HEALTHY,-45.21,27.26
MIX_LOT01_COMP1804,LOT_01,MIXED_SIGNAL_IC,CQFP-64,MIX-SIH-2026,THERMAL_BURN_IN,T01_1804,PROC-ISRO-IISU-01,ATE-STATION-01,CHAMBER-01,1.0,125.0,3.3,168,IDDQ,ELECTRICAL,uA,2.4215,1858.289,1858.3954,1858.5074,1855.8675,0.029,0.0668,34.65,34.62,2.4215,1858.289,1858.3954,1858.5074,1855.8675,75.0,False,NOMINAL,HEALTHY,42.73,13.82
MIX_LOT01_COMP1805,LOT_01,MIXED_SIGNAL_IC,CQFP-64,MIX-SIH-2026,THERMAL_BURN_IN,T01_1805,PROC-ISRO-IISU-01,ATE-STATION-01,CHAMBER-01,1.0,125.0,3.3,168,IDDQ,ELECTRICAL,uA,1.829,1409.1939,1409.3019,1409.3979,1407.3649,-0.0002,0.0403,36.32,37.2,1.829,1409.1939,1409.3019,1409.3979,1407.3649,75.0,False,NOMINAL,HEALTHY,43.6,-36.61
MIX_LOT01_COMP1806,LOT_01,MIXED_SIGNAL_IC,CQFP-64,MIX-SIH-2026,THERMAL_BURN_IN,T01_1806,PROC-ISRO-IISU-01,ATE-STATION-01,CHAMBER-01,1.0,125.0,3.3,168,IDDQ,ELECTRICAL,uA,2.2617,1737.8571,1737.967,1738.0617,1735.5954,0.0043,0.0588,34.17,33.62,2.2617,1737.8571,1737.967,1738.0617,1735.5954,75.0,False,NOMINAL,HEALTHY,31.54,5.25
MIX_LOT01_COMP1807,LOT_01,MIXED_SIGNAL_IC,CQFP-64,MIX-SIH-2026,THERMAL_BURN_IN,T01_1807,PROC-ISRO-IISU-01,ATE-STATION-01,CHAMBER-01,1.0,125.0,3.3,168,IDDQ,ELECTRICAL,uA,2.1989,1683.2012,1683.3358,1683.4199,1681.0023,-0.0233,-0.0203,33.43,33.21,2.1989,1683.2012,1683.3358,1683.4199,1681.0023,75.0,False,NOMINAL,HEALTHY,-44.37,18.93
MIX_LOT01_COMP1808,LOT_01,MIXED_SIGNAL_IC,CQFP-64,MIX-SIH-2026,THERMAL_BURN_IN,T01_1808,PROC-ISRO-IISU-01,ATE-STATION-01,CHAMBER-01,1.0,125.0,3.3,168,IDDQ,ELECTRICAL,uA,1.6526,1267.5628,1267.6223,1267.7112,1265.9102,0.0018,-0.0622,35.09,35.38,1.6526,1267.5628,1267.6223,1267.7112,1265.9102,75.0,False,NOMINAL,HEALTHY,-36.27,-19.23
MIX_LOT01_COMP1809,LOT_01,MIXED_SIGNAL_IC,CQFP-64,MIX-SIH-2026,THERMAL_BURN_IN,T01_1809,PROC-ISRO-IISU-01,ATE-STATION-01,CHAMBER-01,1.0,125.0,3.3,168,IDDQ,ELECTRICAL,uA,1.8377,1441.9829,1442.0942,1442.0861,1440.1452,0.0191,0.0013,34.83,35.06,1.8377,1441.9829,1442.0942,1442.0861,1440.1452,75.0,False,NOMINAL,HEALTHY,5.02,4.38
MIX_LOT01_COMP1810,LOT_01,MIXED_SIGNAL_IC,CQFP-64,MIX-SIH-2026,THERMAL_BURN_IN,T01_1810,PROC-ISRO-IISU-01,ATE-STATION-01,CHAMBER-01,1.0,125.0,3.3,168,IDDQ,ELECTRICAL,uA,1.9471,1526.0971,1526.2054,1526.2987,1524.15,0.0143,0.066,34.46,34.81,1.9471,1526.0971,1526.2054,1526.2987,1524.15,75.0,False,NOMINAL,HEALTHY,43.16,-21.19
MIX_LOT01_COMP1811,LOT_01,MIXED_SIGNAL_IC,CQFP-64,MIX-SIH-2026,THERMAL_BURN_IN,T01_1811,PROC-ISRO-IISU-01,ATE-STATION-01,CHAMBER-01,1.0,125.0,3.3,168,IDDQ,ELECTRICAL,uA,1.7457,1340.9393,1341.0532,1341.0665,1339.1936,-0.0019,-0.0139,32.67,32.44,1.7457,1340.9393,1341.0532,1341.0665,1339.1936,75.0,False,NOMINAL,HEALTHY,0.03,15.11
MIX_LOT01_COMP1812,LOT_01,MIXED_SIGNAL_IC,CQFP-64,MIX-SIH-2026,THERMAL_BURN_IN,T01_1812,PROC-ISRO-IISU-01,ATE-STATION-01,CHAMBER-01,1.0,125.0,3.3,168,IDDQ,ELECTRICAL,uA,2.5888,1996.5234,1996.6557,1996.7441,1993.9346,-0.0025,0.0316,35.78,36.61,2.5888,1996.5234,1996.6557,1996.7441,1993.9346,75.0,False,NOMINAL,HEALTHY,7.24,39.01
MIX_LOT01_COMP1813,LOT_01,MIXED_SIGNAL_IC,CQFP-64,MIX-SIH-2026,THERMAL_BURN_IN,T01_1813,PROC-ISRO-IISU-01,ATE-STATION-01,CHAMBER-01,1.0,125.0,3.3,168,IDDQ,ELECTRICAL,uA,2.2305,1719.4679,1719.5814,1719.6674,1717.2374,0.0567,0.0671,34.9,35.12,2.2305,1719.4679,1719.5814,1719.6674,1717.2374,75.0,False,NOMINAL,HEALTHY,29.87,14.65
MIX_LOT01_COMP1814,LOT_01,MIXED_SIGNAL_IC,CQFP-64,MIX-SIH-2026,THERMAL_BURN_IN,T01_1814,PROC-ISRO-IISU-01,ATE-STATION-01,CHAMBER-01,1.0,125.0,3.3,168,IDDQ,ELECTRICAL,uA,1.8666,1433.7554,1433.8742,1433.9533,1431.8888,0.0095,0.006,36.23,36.13,1.8666,1433.7554,1433.8742,1433.9533,1431.8888,75.0,False,NOMINAL,HEALTHY,3.3,-15.82
MIX_LOT01_COMP1815,LOT_01,MIXED_SIGNAL_IC,CQFP-64,MIX-SIH-2026,THERMAL_BURN_IN,T01_1815,PROC-ISRO-IISU-01,ATE-STATION-01,CHAMBER-01,1.0,125.0,3.3,168,IDDQ,ELECTRICAL,uA,1.9831,1499.9251,1499.9933,1500.0999,1497.942,-0.0028,-0.0468,35.97,35.46,1.9831,1499.9251,1499.9933,1500.0999,1497.942,75.0,False,NOMINAL,HEALTHY,-48.54,-27.5
MIX_LOT01_COMP1816,LOT_01,MIXED_SIGNAL_IC,CQFP-64,MIX-SIH-2026,THERMAL_BURN_IN,T01_1816,PROC-ISRO-IISU-01,ATE-STATION-01,CHAMBER-01,1.0,125.0,3.3,168,IDDQ,ELECTRICAL,uA,2.4948,1944.165,1944.2795,1944.3123,1941.6702,0.0232,0.0627,35.42,35.88,2.4948,1944.165,1944.2795,1944.3123,1941.6702,75.0,False,NOMINAL,HEALTHY,-13.99,36.6
MIX_LOT01_COMP1817,LOT_01,MIXED_SIGNAL_IC,CQFP-64,MIX-SIH-2026,THERMAL_BURN_IN,T01_1817,PROC-ISRO-IISU-01,ATE-STATION-01,CHAMBER-01,1.0,125.0,3.3,168,IDDQ,ELECTRICAL,uA,2.1035,1628.9044,1629.0163,1629.0208,1626.8009,-0.0169,0.0633,34.55,35.51,2.1035,1628.9044,1629.0163,1629.0208,1626.8009,75.0,False,NOMINAL,HEALTHY,-10.99,5.45
MIX_LOT01_COMP1818,LOT_01,MIXED_SIGNAL_IC,CQFP-64,MIX-SIH-2026,THERMAL_BURN_IN,T01_1818,PROC-ISRO-IISU-01,ATE-STATION-01,CHAMBER-01,1.0,125.0,3.3,168,IDDQ,ELECTRICAL,uA,2.1803,1681.6336,1681.7958,1681.8003,1679.4533,0.0058,0.029,34.26,34.33,2.1803,1681.6336,1681.7958,1681.8003,1679.4533,75.0,False,NOMINAL,HEALTHY,41.85,-6.4
MIX_LOT01_COMP1819,LOT_01,MIXED_SIGNAL_IC,CQFP-64,MIX-SIH-2026,THERMAL_BURN_IN,T01_1819,PROC-ISRO-IISU-01,ATE-STATION-01,CHAMBER-01,1.0,125.0,3.3,168,IDDQ,ELECTRICAL,uA,2.1865,1682.4878,1682.6291,1682.6964,1680.3013,0.0263,0.0756,38.06,38.06,2.1865,1682.4878,1682.6291,1682.6964,1680.3013,75.0,False,NOMINAL,HEALTHY,-18.98,28.62
MIX_LOT01_COMP1820,LOT_01,MIXED_SIGNAL_IC,CQFP-64,MIX-SIH-2026,THERMAL_BURN_IN,T01_1820,PROC-ISRO-IISU-01,ATE-STATION-01,CHAMBER-01,1.0,125.0,3.3,168,IDDQ,ELECTRICAL,uA,1.9257,1472.0385,1472.1557,1472.2553,1470.1128,0.0098,0.0047,35.61,35.89,1.9257,1472.0385,1472.1557,1472.2553,1470.1128,75.0,False,NOMINAL,HEALTHY,-14.35,-43.34
MIX_LOT01_COMP1821,LOT_01,MIXED_SIGNAL_IC,CQFP-64,MIX-SIH-2026,THERMAL_BURN_IN,T01_1821,PROC-ISRO-IISU-01,ATE-STATION-01,CHAMBER-01,1.0,125.0,3.3,168,IDDQ,ELECTRICAL,uA,2.1792,1685.2038,1685.3233,1685.4124,1683.0246,0.0109,-0.0552,35.33,35.53,2.1792,1685.2038,1685.3233,1685.4124,1683.0246,75.0,False,NOMINAL,HEALTHY,28.83,-33.59
MIX_LOT01_COMP1822,LOT_01,MIXED_SIGNAL_IC,CQFP-64,MIX-SIH-2026,THERMAL_BURN_IN,T01_1822,PROC-ISRO-IISU-01,ATE-STATION-01,CHAMBER-01,1.0,125.0,3.3,168,IDDQ,ELECTRICAL,uA,2.5471,1948.9585,1949.1442,1949.2264,1946.4114,0.0249,-0.0044,35.86,35.72,2.5471,1948.9585,1949.1442,1949.2264,1946.4114,75.0,False,NOMINAL,HEALTHY,-28.85,46.46
MIX_LOT01_COMP1823,LOT_01,MIXED_SIGNAL_IC,CQFP-64,MIX-SIH-2026,THERMAL_BURN_IN,T01_1823,PROC-ISRO-IISU-01,ATE-STATION-01,CHAMBER-01,1.0,125.0,3.3,168,IDDQ,ELECTRICAL,uA,2.0671,1588.7714,1588.8938,1588.993,1586.7043,0.0057,0.0463,33.36,32.39,2.0671,1588.7714,1588.8938,1588.993,1586.7043,75.0,False,NOMINAL,HEALTHY,44.79,46.95
MIX_LOT01_COMP1824,LOT_01,MIXED_SIGNAL_IC,CQFP-64,MIX-SIH-2026,THERMAL_BURN_IN,T01_1824,PROC-ISRO-IISU-01,ATE-STATION-01,CHAMBER-01,1.0,125.0,3.3,168,IDDQ,ELECTRICAL,uA,1.7724,1372.6353,1372.7056,1372.821,1370.8629,-0.0061,-0.0446,35.47,35.98,1.7724,1372.6353,1372.7056,1372.821,1370.8629,75.0,False,NOMINAL,HEALTHY,20.33,1.56
MIX_LOT01_COMP1825,LOT_01,MIXED_SIGNAL_IC,CQFP-64,MIX-SIH-2026,THERMAL_BURN_IN,T01_1825,PROC-ISRO-IISU-01,ATE-STATION-01,CHAMBER-01,1.0,125.0,3.3,168,IDDQ,ELECTRICAL,uA,2.2034,1704.8475,1705.0163,1705.0665,1702.6441,-0.0192,0.026,33.83,34.25,2.2034,1704.8475,1705.0163,1705.0665,1702.6441,75.0,False,NOMINAL,HEALTHY,24.39,-31.25
MIX_LOT01_COMP1826,LOT_01,MIXED_SIGNAL_IC,CQFP-64,MIX-SIH-2026,THERMAL_BURN_IN,T01_1826,PROC-ISRO-IISU-01,ATE-STATION-01,CHAMBER-01,1.0,125.0,3.3,168,IDDQ,ELECTRICAL,uA,2.0159,1558.5431,1558.7183,1558.8178,1556.5272,-0.0233,-0.0052,31.27,30.77,2.0159,1558.5431,1558.7183,1558.8178,1556.5272,75.0,False,NOMINAL,HEALTHY,2.9,23.69
MIX_LOT01_COMP1827,LOT_01,MIXED_SIGNAL_IC,CQFP-64,MIX-SIH-2026,THERMAL_BURN_IN,T01_1827,PROC-ISRO-IISU-01,ATE-STATION-01,CHAMBER-01,1.0,125.0,3.3,168,IDDQ,ELECTRICAL,uA,2.0296,1559.2941,1559.467,1559.5039,1557.2645,0.0045,-0.0897,34.78,34.82,2.0296,1559.2941,1559.467,1559.5039,1557.2645,75.0,False,NOMINAL,HEALTHY,31.74,-12.98
MIX_LOT01_COMP1828,LOT_01,MIXED_SIGNAL_IC,CQFP-64,MIX-SIH-2026,THERMAL_BURN_IN,T01_1828,PROC-ISRO-IISU-01,ATE-STATION-01,CHAMBER-01,1.0,125.0,3.3,168,IDDQ,ELECTRICAL,uA,1.6572,1263.7279,1263.8433,1263.9275,1262.0707,-0.0011,0.0374,35.21,35.47,1.6572,1263.7279,1263.8433,1263.9275,1262.0707,75.0,False,NOMINAL,HEALTHY,37.22,-42.21
MIX_LOT01_COMP1829,LOT_01,MIXED_SIGNAL_IC,CQFP-64,MIX-SIH-2026,THERMAL_BURN_IN,T01_1829,PROC-ISRO-IISU-01,ATE-STATION-01,CHAMBER-01,1.0,125.0,3.3,168,IDDQ,ELECTRICAL,uA,2.1284,1647.5512,1647.6985,1647.7812,1645.4228,-0.0217,0.0851,33.66,33.2,2.1284,1647.5512,1647.6985,1647.7812,1645.4228,75.0,False,NOMINAL,HEALTHY,10.99,-40.27
MIX_LOT01_COMP1830,LOT_01,MIXED_SIGNAL_IC,CQFP-64,MIX-SIH-2026,THERMAL_BURN_IN,T01_1830,PROC-ISRO-IISU-01,ATE-STATION-01,CHAMBER-01,1.0,125.0,3.3,168,IDDQ,ELECTRICAL,uA,2.1466,1642.1841,1642.2946,1642.3996,1640.0375,0.0148,0.0715,34.83,33.8,2.1466,1642.1841,1642.2946,1642.3996,1640.0375,75.0,False,NOMINAL,HEALTHY,-42.02,14.13
MIX_LOT01_COMP1831,LOT_01,MIXED_SIGNAL_IC,CQFP-64,MIX-SIH-2026,THERMAL_BURN_IN,T01_1831,PROC-ISRO-IISU-01,ATE-STATION-01,CHAMBER-01,1.0,125.0,3.3,168,IDDQ,ELECTRICAL,uA,2.2512,1733.7651,1733.8486,1734.0072,1731.5139,-0.0254,-0.0411,35.71,35.83,2.2512,1733.7651,1733.8486,1734.0072,1731.5139,75.0,False,NOMINAL,HEALTHY,39.49,23.6
MIX_LOT01_COMP1832,LOT_01,MIXED_SIGNAL_IC,CQFP-64,MIX-SIH-2026,THERMAL_BURN_IN,T01_1832,PROC-ISRO-IISU-01,ATE-STATION-01,CHAMBER-01,1.0,125.0,3.3,168,IDDQ,ELECTRICAL,uA,2.1474,1656.5005,1656.6222,1656.6957,1654.3531,0.0101,0.0097,36.1,35.84,2.1474,1656.5005,1656.6222,1656.6957,1654.3531,75.0,False,NOMINAL,HEALTHY,37.47,14.05
MIX_LOT01_COMP1833,LOT_01,MIXED_SIGNAL_IC,CQFP-64,MIX-SIH-2026,THERMAL_BURN_IN,T01_1833,PROC-ISRO-IISU-01,ATE-STATION-01,CHAMBER-01,1.0,125.0,3.3,168,IDDQ,ELECTRICAL,uA,2.0978,1619.9921,1620.14,1620.1991,1617.8943,0.0325,-0.0239,36.22,36.17,2.0978,1619.9921,1620.14,1620.1991,1617.8943,75.0,False,NOMINAL,HEALTHY,30.46,10.12
MIX_LOT01_COMP1834,LOT_01,MIXED_SIGNAL_IC,CQFP-64,MIX-SIH-2026,THERMAL_BURN_IN,T01_1834,PROC-ISRO-IISU-01,ATE-STATION-01,CHAMBER-01,1.0,125.0,3.3,168,IDDQ,ELECTRICAL,uA,2.307,1761.8651,1762.027,1762.0598,1759.5581,0.0044,0.0003,34.88,35.82,2.307,1761.8651,1762.027,1762.0598,1759.5581,75.0,False,NOMINAL,HEALTHY,-16.34,-27.29
MIX_LOT01_COMP1835,LOT_01,MIXED_SIGNAL_IC,CQFP-64,MIX-SIH-2026,THERMAL_BURN_IN,T01_1835,PROC-ISRO-IISU-01,ATE-STATION-01,CHAMBER-01,1.0,125.0,3.3,168,IDDQ,ELECTRICAL,uA,1.5287,1178.1025,1178.171,1178.2015,1176.5738,-0.0507,-0.0371,37.21,36.67,1.5287,1178.1025,1178.171,1178.2015,1176.5738,75.0,False,NOMINAL,HEALTHY,31.56,-24.07
MIX_LOT01_COMP1836,LOT_01,MIXED_SIGNAL_IC,CQFP-64,MIX-SIH-2026,THERMAL_BURN_IN,T01_1836,PROC-ISRO-IISU-01,ATE-STATION-01,CHAMBER-01,1.0,125.0,3.3,168,IDDQ,ELECTRICAL,uA,1.6816,1285.4474,1285.5433,1285.5698,1283.7658,0.003,0.0883,34.86,34.55,1.6816,1285.4474,1285.5433,1285.5698,1283.7658,75.0,False,NOMINAL,HEALTHY,-41.8,-28.2
MIX_LOT01_COMP1837,LOT_01,MIXED_SIGNAL_IC,CQFP-64,MIX-SIH-2026,THERMAL_BURN_IN,T01_1837,PROC-ISRO-IISU-01,ATE-STATION-01,CHAMBER-01,1.0,125.0,3.3,168,IDDQ,ELECTRICAL,uA,1.8884,1460.625,1460.7562,1460.803,1458.7366,-0.0056,0.0042,36.88,36.23,1.8884,1460.625,1460.7562,1460.803,1458.7366,75.0,False,NOMINAL,HEALTHY,-22.27,-33.96
MIX_LOT01_COMP1838,LOT_01,MIXED_SIGNAL_IC,CQFP-64,MIX-SIH-2026,THERMAL_BURN_IN,T01_1838,PROC-ISRO-IISU-01,ATE-STATION-01,CHAMBER-01,1.0,125.0,3.3,168,IDDQ,ELECTRICAL,uA,1.7883,1391.2884,1391.4545,1391.4952,1389.5001,0.0243,0.0313,35.92,36.08,1.7883,1391.2884,1391.4545,1391.4952,1389.5001,75.0,False,NOMINAL,HEALTHY,7.35,-49.56
MIX_LOT01_COMP1839,LOT_01,MIXED_SIGNAL_IC,CQFP-64,MIX-SIH-2026,THERMAL_BURN_IN,T01_1839,PROC-ISRO-IISU-01,ATE-STATION-01,CHAMBER-01,1.0,125.0,3.3,168,IDDQ,ELECTRICAL,uA,2.1052,1636.0981,1636.2333,1636.2898,1633.9929,0.0067,-0.017,34.78,34.32,2.1052,1636.0981,1636.2333,1636.2898,1633.9929,75.0,False,NOMINAL,HEALTHY,-29.76,-47.3
MIX_LOT01_COMP1840,LOT_01,MIXED_SIGNAL_IC,CQFP-64,MIX-SIH-2026,THERMAL_BURN_IN,T01_1840,PROC-ISRO-IISU-01,ATE-STATION-01,CHAMBER-01,1.0,125.0,3.3,168,IDDQ,ELECTRICAL,uA,2.1708,1683.9629,1684.0848,1684.1736,1681.7921,-0.0081,-0.0155,35.37,35.49,2.1708,1683.9629,1684.0848,1684.1736,1681.7921,75.0,False,NOMINAL,HEALTHY,38.3,0.13
MIX_LOT01_COMP1841,LOT_01,MIXED_SIGNAL_IC,CQFP-64,MIX-SIH-2026,THERMAL_BURN_IN,T01_1841,PROC-ISRO-IISU-01,ATE-STATION-01,CHAMBER-01,1.0,125.0,3.3,168,IDDQ,ELECTRICAL,uA,2.2649,1755.6243,1755.785,1755.7926,1753.3594,-0.0208,-0.0151,33.36,33.57,2.2649,1755.6243,1755.785,1755.7926,1753.3594,75.0,False,NOMINAL,HEALTHY,-23.15,-11.16
MIX_LOT01_COMP1842,LOT_01,MIXED_SIGNAL_IC,CQFP-64,MIX-SIH-2026,THERMAL_BURN_IN,T01_1842,PROC-ISRO-IISU-01,ATE-STATION-01,CHAMBER-01,1.0,125.0,3.3,168,IDDQ,ELECTRICAL,uA,1.543,1189.2713,1189.33,1189.3412,1187.7283,-0.0049,-0.0718,37.63,37.63,1.543,1189.2713,1189.33,1189.3412,1187.7283,75.0,False,NOMINAL,HEALTHY,-4.05,31.22
MIX_LOT01_COMP1843,LOT_01,MIXED_SIGNAL_IC,CQFP-64,MIX-SIH-2026,THERMAL_BURN_IN,T01_1843,PROC-ISRO-IISU-01,ATE-STATION-01,CHAMBER-01,1.0,125.0,3.3,168,IDDQ,ELECTRICAL,uA,1.7853,1378.8705,1379.0221,1379.0749,1377.0852,-0.0117,-0.0405,35.0,35.17,1.7853,1378.8705,1379.0221,1379.0749,1377.0852,75.0,False,NOMINAL,HEALTHY,-48.95,1.38
MIX_LOT01_COMP1844,LOT_01,MIXED_SIGNAL_IC,CQFP-64,MIX-SIH-2026,THERMAL_BURN_IN,T01_1844,PROC-ISRO-IISU-01,ATE-STATION-01,CHAMBER-01,1.0,125.0,3.3,168,IDDQ,ELECTRICAL,uA,2.1364,1622.8896,1623.0332,1623.0771,1620.7532,-0.0235,-0.0355,33.08,33.3,2.1364,1622.8896,1623.0332,1623.0771,1620.7532,75.0,False,NOMINAL,HEALTHY,15.85,-19.86
MIX_LOT01_COMP1845,LOT_01,MIXED_SIGNAL_IC,CQFP-64,MIX-SIH-2026,THERMAL_BURN_IN,T01_1845,PROC-ISRO-IISU-01,ATE-STATION-01,CHAMBER-01,1.0,125.0,3.3,168,IDDQ,ELECTRICAL,uA,1.8499,1402.903,1403.0128,1403.0843,1401.0531,-0.0314,-0.0745,32.76,32.11,1.8499,1402.903,1403.0128,1403.0843,1401.0531,75.0,False,NOMINAL,HEALTHY,-39.08,42.75
MIX_LOT01_COMP1846,LOT_01,MIXED_SIGNAL_IC,CQFP-64,MIX-SIH-2026,THERMAL_BURN_IN,T01_1846,PROC-ISRO-IISU-01,ATE-STATION-01,CHAMBER-01,1.0,125.0,3.3,168,IDDQ,ELECTRICAL,uA,2.2004,1695.2857,1695.3758,1695.4854,1693.0853,0.0355,0.0001,33.27,32.81,2.2004,1695.2857,1695.3758,1695.4854,1693.0853,75.0,False,NOMINAL,HEALTHY,41.14,26.54
MIX_LOT01_COMP1847,LOT_01,MIXED_SIGNAL_IC,CQFP-64,MIX-SIH-2026,THERMAL_BURN_IN,T01_1847,PROC-ISRO-IISU-01,ATE-STATION-01,CHAMBER-01,1.0,125.0,3.3,168,IDDQ,ELECTRICAL,uA,1.9977,1552.943,1553.0796,1553.1409,1550.9453,-0.0201,-0.0846,35.44,35.83,1.9977,1552.943,1553.0796,1553.1409,1550.9453,75.0,False,NOMINAL,HEALTHY,43.7,29.77
MIX_LOT01_COMP1848,LOT_01,MIXED_SIGNAL_IC,CQFP-64,MIX-SIH-2026,THERMAL_BURN_IN,T01_1848,PROC-ISRO-IISU-01,ATE-STATION-01,CHAMBER-01,1.0,125.0,3.3,168,IDDQ,ELECTRICAL,uA,1.9908,1529.3417,1529.4646,1529.507,1527.3509,-0.0143,-0.0781,34.83,35.93,1.9908,1529.3417,1529.4646,1529.507,1527.3509,75.0,False,NOMINAL,HEALTHY,27.28,5.97
MIX_LOT01_COMP1849,LOT_01,MIXED_SIGNAL_IC,CQFP-64,MIX-SIH-2026,THERMAL_BURN_IN,T01_1849,PROC-ISRO-IISU-01,ATE-STATION-01,CHAMBER-01,1.0,125.0,3.3,168,IDDQ,ELECTRICAL,uA,1.8831,1438.7331,1438.8129,1438.881,1436.85,0.0001,-0.0335,35.82,35.59,1.8831,1438.7331,1438.8129,1438.881,1436.85,75.0,False,NOMINAL,HEALTHY,17.52,35.0
MIX_LOT01_COMP1850,LOT_01,MIXED_SIGNAL_IC,CQFP-64,MIX-SIH-2026,THERMAL_BURN_IN,T01_1850,PROC-ISRO-IISU-01,ATE-STATION-01,CHAMBER-01,1.0,125.0,3.3,168,IDDQ,ELECTRICAL,uA,1.5656,1211.8924,1211.9541,1211.9932,1210.3268,-0.0004,-0.0031,35.27,35.44,1.5656,1211.8924,1211.9541,1211.9932,1210.3268,75.0,False,NOMINAL,HEALTHY,5.89,-7.76
MIX_LOT01_COMP1851,LOT_01,MIXED_SIGNAL_IC,CQFP-64,MIX-SIH-2026,THERMAL_BURN_IN,T01_1851,PROC-ISRO-IISU-01,ATE-STATION-01,CHAMBER-01,1.0,125.0,3.3,168,IDDQ,ELECTRICAL,uA,2.2957,1775.0627,1775.1928,1775.2915,1772.767,-0.0342,-0.0153,35.7,35.99,2.2957,1775.0627,1775.1928,1775.2915,1772.767,75.0,False,NOMINAL,HEALTHY,2.87,-42.81
MIX_LOT01_COMP1852,LOT_01,MIXED_SIGNAL_IC,CQFP-64,MIX-SIH-2026,THERMAL_BURN_IN,T01_1852,PROC-ISRO-IISU-01,ATE-STATION-01,CHAMBER-01,1.0,125.0,3.3,168,IDDQ,ELECTRICAL,uA,2.1887,1707.6648,1707.8166,1707.8863,1705.4761,0.0399,0.0398,34.87,35.36,2.1887,1707.6648,1707.8166,1707.8863,1705.4761,75.0,False,NOMINAL,HEALTHY,-32.26,5.66
MIX_LOT01_COMP1853,LOT_01,MIXED_SIGNAL_IC,CQFP-64,MIX-SIH-2026,THERMAL_BURN_IN,T01_1853,PROC-ISRO-IISU-01,ATE-STATION-01,CHAMBER-01,1.0,125.0,3.3,168,IDDQ,ELECTRICAL,uA,1.9392,1504.7998,1504.9557,1504.9985,1502.8606,0.0123,-0.0128,36.07,35.63,1.9392,1504.7998,1504.9557,1504.9985,1502.8606,75.0,False,NOMINAL,HEALTHY,46.08,-25.13
MIX_LOT01_COMP1854,LOT_01,MIXED_SIGNAL_IC,CQFP-64,MIX-SIH-2026,THERMAL_BURN_IN,T01_1854,PROC-ISRO-IISU-01,ATE-STATION-01,CHAMBER-01,1.0,125.0,3.3,168,IDDQ,ELECTRICAL,uA,1.6811,1292.1445,1292.2573,1292.2876,1290.4634,-0.0105,0.0389,36.45,36.55,1.6811,1292.1445,1292.2573,1292.2876,1290.4634,75.0,False,NOMINAL,HEALTHY,43.63,21.47
MIX_LOT01_COMP1855,LOT_01,MIXED_SIGNAL_IC,CQFP-64,MIX-SIH-2026,THERMAL_BURN_IN,T01_1855,PROC-ISRO-IISU-01,ATE-STATION-01,CHAMBER-01,1.0,125.0,3.3,168,IDDQ,ELECTRICAL,uA,2.0664,1594.279,1594.3778,1594.5185,1592.2126,-0.006,-0.0527,34.11,35.14,2.0664,1594.279,1594.3778,1594.5185,1592.2126,75.0,False,NOMINAL,HEALTHY,-27.3,-20.95
MIX_LOT01_COMP1856,LOT_01,MIXED_SIGNAL_IC,CQFP-64,MIX-SIH-2026,THERMAL_BURN_IN,T01_1856,PROC-ISRO-IISU-01,ATE-STATION-01,CHAMBER-01,1.0,125.0,3.3,168,IDDQ,ELECTRICAL,uA,2.2145,1694.9362,1695.0254,1695.1311,1692.7217,-0.0321,-0.0102,33.86,33.57,2.2145,1694.9362,1695.0254,1695.1311,1692.7217,75.0,False,NOMINAL,HEALTHY,-48.52,-27.53
MIX_LOT01_COMP1857,LOT_01,MIXED_SIGNAL_IC,CQFP-64,MIX-SIH-2026,THERMAL_BURN_IN,T01_1857,PROC-ISRO-IISU-01,ATE-STATION-01,CHAMBER-01,1.0,125.0,3.3,168,IDDQ,ELECTRICAL,uA,2.0455,1581.5666,1581.6749,1581.7187,1579.5211,-0.0041,-0.0074,35.76,35.88,2.0455,1581.5666,1581.6749,1581.7187,1579.5211,75.0,False,NOMINAL,HEALTHY,37.13,-32.36
MIX_LOT01_COMP1858,LOT_01,MIXED_SIGNAL_IC,CQFP-64,MIX-SIH-2026,THERMAL_BURN_IN,T01_1858,PROC-ISRO-IISU-01,ATE-STATION-01,CHAMBER-01,1.0,125.0,3.3,168,IDDQ,ELECTRICAL,uA,1.9298,1482.7779,1482.921,1483.0323,1480.8481,-0.0066,0.0174,32.47,32.95,1.9298,1482.7779,1482.921,1483.0323,1480.8481,75.0,False,NOMINAL,HEALTHY,13.8,36.87
MIX_LOT01_COMP1859,LOT_01,MIXED_SIGNAL_IC,CQFP-64,MIX-SIH-2026,THERMAL_BURN_IN,T01_1859,PROC-ISRO-IISU-01,ATE-STATION-01,CHAMBER-01,1.0,125.0,3.3,168,IDDQ,ELECTRICAL,uA,2.0451,1569.7086,1569.8173,1569.8688,1567.6635,-0.0141,-0.0268,32.48,31.87,2.0451,1569.7086,1569.8173,1569.8688,1567.6635,75.0,False,NOMINAL,HEALTHY,-40.86,41.21
MIX_LOT01_COMP1860,LOT_01,MIXED_SIGNAL_IC,CQFP-64,MIX-SIH-2026,THERMAL_BURN_IN,T01_1860,PROC-ISRO-IISU-01,ATE-STATION-01,CHAMBER-01,1.0,125.0,3.3,168,IDDQ,ELECTRICAL,uA,2.1925,1707.0157,1707.1513,1707.2132,1704.8232,0.0128,-0.0232,37.06,37.12,2.1925,1707.0157,1707.1513,1707.2132,1704.8232,75.0,False,NOMINAL,HEALTHY,-34.89,37.53
MIX_LOT01_COMP1861,LOT_01,MIXED_SIGNAL_IC,CQFP-64,MIX-SIH-2026,THERMAL_BURN_IN,T01_1861,PROC-ISRO-IISU-01,ATE-STATION-01,CHAMBER-01,1.0,125.0,3.3,168,IDDQ,ELECTRICAL,uA,2.1086,1613.4477,1613.5912,1613.634,1611.3391,0.0014,0.0168,37.51,37.83,2.1086,1613.4477,1613.5912,1613.634,1611.3391,75.0,False,NOMINAL,HEALTHY,-41.0,14.03
MIX_LOT01_COMP1862,LOT_01,MIXED_SIGNAL_IC,CQFP-64,MIX-SIH-2026,THERMAL_BURN_IN,T01_1862,PROC-ISRO-IISU-01,ATE-STATION-01,CHAMBER-01,1.0,125.0,3.3,168,IDDQ,ELECTRICAL,uA,2.2072,1703.5991,1703.7294,1703.7748,1701.3919,0.0031,0.0493,34.19,33.26,2.2072,1703.5991,1703.7294,1703.7748,1701.3919,75.0,False,NOMINAL,HEALTHY,37.26,-6.86
MIX_LOT01_COMP1863,LOT_01,MIXED_SIGNAL_IC,CQFP-64,MIX-SIH-2026,THERMAL_BURN_IN,T01_1863,PROC-ISRO-IISU-01,ATE-STATION-01,CHAMBER-01,1.0,125.0,3.3,168,IDDQ,ELECTRICAL,uA,1.6543,1265.2813,1265.4332,1265.4602,1263.627,0.0252,-0.0176,35.64,36.52,1.6543,1265.2813,1265.4332,1265.4602,1263.627,75.0,False,NOMINAL,HEALTHY,-10.26,17.29
MIX_LOT01_COMP1864,LOT_01,MIXED_SIGNAL_IC,CQFP-64,MIX-SIH-2026,THERMAL_BURN_IN,T01_1864,PROC-ISRO-IISU-01,ATE-STATION-01,CHAMBER-01,1.0,125.0,3.3,168,IDDQ,ELECTRICAL,uA,1.7718,1376.3134,1376.4437,1376.4151,1374.5416,0.0,0.0667,34.28,34.06,1.7718,1376.3134,1376.4437,1376.4151,1374.5416,75.0,False,NOMINAL,HEALTHY,3.33,15.18
MIX_LOT01_COMP1865,LOT_01,MIXED_SIGNAL_IC,CQFP-64,MIX-SIH-2026,THERMAL_BURN_IN,T01_1865,PROC-ISRO-IISU-01,ATE-STATION-01,CHAMBER-01,1.0,125.0,3.3,168,IDDQ,ELECTRICAL,uA,2.0468,1581.8335,1581.9845,1582.004,1579.7867,0.0117,0.0233,34.16,33.93,2.0468,1581.8335,1581.9845,1582.004,1579.7867,75.0,False,NOMINAL,HEALTHY,39.09,-39.86
MIX_LOT01_COMP1866,LOT_01,MIXED_SIGNAL_IC,CQFP-64,MIX-SIH-2026,THERMAL_BURN_IN,T01_1866,PROC-ISRO-IISU-01,ATE-STATION-01,CHAMBER-01,1.0,125.0,3.3,168,IDDQ,ELECTRICAL,uA,1.8356,1423.0064,1423.1366,1423.1721,1421.1708,-0.0072,0.0105,36.1,35.5,1.8356,1423.0064,1423.1366,1423.1721,1421.1708,75.0,False,NOMINAL,HEALTHY,43.56,-45.75
MIX_LOT01_COMP1867,LOT_01,MIXED_SIGNAL_IC,CQFP-64,MIX-SIH-2026,THERMAL_BURN_IN,T01_1867,PROC-ISRO-IISU-01,ATE-STATION-01,CHAMBER-01,1.0,125.0,3.3,168,IDDQ,ELECTRICAL,uA,2.3542,1799.9237,1800.0617,1800.1313,1797.5695,-0.0108,-0.1084,36.13,35.57,2.3542,1799.9237,1800.0617,1800.1313,1797.5695,75.0,False,NOMINAL,HEALTHY,23.17,-7.2
MIX_LOT01_COMP1868,LOT_01,MIXED_SIGNAL_IC,CQFP-64,MIX-SIH-2026,THERMAL_BURN_IN,T01_1868,PROC-ISRO-IISU-01,ATE-STATION-01,CHAMBER-01,1.0,125.0,3.3,168,IDDQ,ELECTRICAL,uA,2.165,1681.3278,1681.4424,1681.5129,1679.1628,-0.0197,0.0189,35.24,35.01,2.165,1681.3278,1681.4424,1681.5129,1679.1628,75.0,False,NOMINAL,HEALTHY,39.33,-5.23
MIX_LOT01_COMP1869,LOT_01,MIXED_SIGNAL_IC,CQFP-64,MIX-SIH-2026,THERMAL_BURN_IN,T01_1869,PROC-ISRO-IISU-01,ATE-STATION-01,CHAMBER-01,1.0,125.0,3.3,168,IDDQ,ELECTRICAL,uA,1.722,1325.4958,1325.6188,1325.6654,1323.7738,0.0135,0.0461,36.44,36.4,1.722,1325.4958,1325.6188,1325.6654,1323.7738,75.0,False,NOMINAL,HEALTHY,43.14,38.18
MIX_LOT01_COMP1870,LOT_01,MIXED_SIGNAL_IC,CQFP-64,MIX-SIH-2026,THERMAL_BURN_IN,T01_1870,PROC-ISRO-IISU-01,ATE-STATION-01,CHAMBER-01,1.0,125.0,3.3,168,IDDQ,ELECTRICAL,uA,2.3588,1825.3475,1825.5459,1825.6089,1822.9887,-0.0147,0.0351,34.85,35.53,2.3588,1825.3475,1825.5459,1825.6089,1822.9887,75.0,False,NOMINAL,HEALTHY,-41.24,27.95
MIX_LOT01_COMP1871,LOT_01,MIXED_SIGNAL_IC,CQFP-64,MIX-SIH-2026,THERMAL_BURN_IN,T01_1871,PROC-ISRO-IISU-01,ATE-STATION-01,CHAMBER-01,1.0,125.0,3.3,168,IDDQ,ELECTRICAL,uA,2.3638,1814.0209,1814.1416,1814.164,1811.6571,0.0137,0.1279,33.12,32.74,2.3638,1814.0209,1814.1416,1814.164,1811.6571,75.0,False,NOMINAL,HEALTHY,-29.42,-9.35
MIX_LOT01_COMP1872,LOT_01,MIXED_SIGNAL_IC,CQFP-64,MIX-SIH-2026,THERMAL_BURN_IN,T01_1872,PROC-ISRO-IISU-01,ATE-STATION-01,CHAMBER-01,1.0,125.0,3.3,168,IDDQ,ELECTRICAL,uA,1.9318,1488.2085,1488.3312,1488.3765,1486.2767,-0.0249,0.0134,33.51,33.45,1.9318,1488.2085,1488.3312,1488.3765,1486.2767,75.0,False,NOMINAL,HEALTHY,20.54,-3.9
MIX_LOT01_COMP1873,LOT_01,MIXED_SIGNAL_IC,CQFP-64,MIX-SIH-2026,THERMAL_BURN_IN,T01_1873,PROC-ISRO-IISU-01,ATE-STATION-01,CHAMBER-01,1.0,125.0,3.3,168,IDDQ,ELECTRICAL,uA,2.2904,1763.7791,1763.9299,1763.9491,1761.4887,-0.0,-0.0377,35.24,35.55,2.2904,1763.7791,1763.9299,1763.9491,1761.4887,75.0,False,NOMINAL,HEALTHY,-23.23,26.57
MIX_LOT01_COMP1874,LOT_01,MIXED_SIGNAL_IC,CQFP-64,MIX-SIH-2026,THERMAL_BURN_IN,T01_1874,PROC-ISRO-IISU-01,ATE-STATION-01,CHAMBER-01,1.0,125.0,3.3,168,IDDQ,ELECTRICAL,uA,1.5506,1187.4167,1187.4801,1187.5412,1185.8661,-0.0419,-0.0904,34.49,34.0,1.5506,1187.4167,1187.4801,1187.5412,1185.8661,75.0,False,NOMINAL,HEALTHY,8.8,42.59
MIX_LOT01_COMP1875,LOT_01,MIXED_SIGNAL_IC,CQFP-64,MIX-SIH-2026,THERMAL_BURN_IN,T01_1875,PROC-ISRO-IISU-01,ATE-STATION-01,CHAMBER-01,1.0,125.0,3.3,168,IDDQ,ELECTRICAL,uA,2.1216,1622.0647,1622.187,1622.2941,1619.9431,-0.0252,-0.0755,35.02,35.11,2.1216,1622.0647,1622.187,1622.2941,1619.9431,75.0,False,NOMINAL,HEALTHY,15.83,47.34
MIX_LOT01_COMP1876,LOT_01,MIXED_SIGNAL_IC,CQFP-64,MIX-SIH-2026,THERMAL_BURN_IN,T01_1876,PROC-ISRO-IISU-01,ATE-STATION-01,CHAMBER-01,1.0,125.0,3.3,168,IDDQ,ELECTRICAL,uA,2.2231,1706.0898,1706.2291,1706.2974,1703.8667,0.0202,0.0529,33.32,33.02,2.2231,1706.0898,1706.2291,1706.2974,1703.8667,75.0,False,NOMINAL,HEALTHY,-33.28,-10.4
MIX_LOT01_COMP1877,LOT_01,MIXED_SIGNAL_IC,CQFP-64,MIX-SIH-2026,THERMAL_BURN_IN,T01_1877,PROC-ISRO-IISU-01,ATE-STATION-01,CHAMBER-01,1.0,125.0,3.3,168,IDDQ,ELECTRICAL,uA,2.3719,1821.0114,1821.1606,1821.2436,1818.6395,-0.0201,-0.1497,34.9,33.93,2.3719,1821.0114,1821.1606,1821.2436,1818.6395,75.0,False,NOMINAL,HEALTHY,-49.58,-9.94
MIX_LOT01_COMP1878,LOT_01,MIXED_SIGNAL_IC,CQFP-64,MIX-SIH-2026,THERMAL_BURN_IN,T01_1878,PROC-ISRO-IISU-01,ATE-STATION-01,CHAMBER-01,1.0,125.0,3.3,168,IDDQ,ELECTRICAL,uA,1.6036,1224.9266,1224.9896,1225.0835,1223.323,-0.0033,0.0208,34.94,35.15,1.6036,1224.9266,1224.9896,1225.0835,1223.323,75.0,False,NOMINAL,HEALTHY,-36.82,39.36
MIX_LOT01_COMP1879,LOT_01,MIXED_SIGNAL_IC,CQFP-64,MIX-SIH-2026,THERMAL_BURN_IN,T01_1879,PROC-ISRO-IISU-01,ATE-STATION-01,CHAMBER-01,1.0,125.0,3.3,168,IDDQ,ELECTRICAL,uA,2.0519,1575.5257,1575.6796,1575.8009,1573.4738,-0.0024,-0.1328,34.4,34.53,2.0519,1575.5257,1575.6796,1575.8009,1573.4738,75.0,False,NOMINAL,HEALTHY,-23.85,-24.24
MIX_LOT01_COMP1880,LOT_01,MIXED_SIGNAL_IC,CQFP-64,MIX-SIH-2026,THERMAL_BURN_IN,T01_1880,PROC-ISRO-IISU-01,ATE-STATION-01,CHAMBER-01,1.0,125.0,3.3,168,IDDQ,ELECTRICAL,uA,2.2598,1751.4609,1751.6261,1751.7428,1749.2011,0.0197,0.0005,34.76,34.99,2.2598,1751.4609,1751.6261,1751.7428,1749.2011,75.0,False,NOMINAL,HEALTHY,26.78,3.35
MIX_LOT01_COMP1881,LOT_01,MIXED_SIGNAL_IC,CQFP-64,MIX-SIH-2026,THERMAL_BURN_IN,T01_1881,PROC-ISRO-IISU-01,ATE-STATION-01,CHAMBER-01,1.0,125.0,3.3,168,IDDQ,ELECTRICAL,uA,1.75,1335.1121,1335.2359,1335.2928,1333.3621,0.0111,-0.0041,35.03,35.19,1.75,1335.1121,1335.2359,1335.2928,1333.3621,75.0,False,NOMINAL,HEALTHY,-30.04,-1.18
MIX_LOT01_COMP1882,LOT_01,MIXED_SIGNAL_IC,CQFP-64,MIX-SIH-2026,THERMAL_BURN_IN,T01_1882,PROC-ISRO-IISU-01,ATE-STATION-01,CHAMBER-01,1.0,125.0,3.3,168,IDDQ,ELECTRICAL,uA,2.4157,1845.9645,1846.0995,1846.2016,1843.5488,0.0079,0.004,35.46,35.52,2.4157,1845.9645,1846.0995,1846.2016,1843.5488,75.0,False,NOMINAL,HEALTHY,-32.25,0.37
MIX_LOT01_COMP1883,LOT_01,MIXED_SIGNAL_IC,CQFP-64,MIX-SIH-2026,THERMAL_BURN_IN,T01_1883,PROC-ISRO-IISU-01,ATE-STATION-01,CHAMBER-01,1.0,125.0,3.3,168,IDDQ,ELECTRICAL,uA,1.8974,1492.2203,1492.3297,1492.4196,1490.3229,0.0232,0.0519,35.84,35.94,1.8974,1492.2203,1492.3297,1492.4196,1490.3229,75.0,False,NOMINAL,HEALTHY,11.11,-14.24
MIX_LOT01_COMP1884,LOT_01,MIXED_SIGNAL_IC,CQFP-64,MIX-SIH-2026,THERMAL_BURN_IN,T01_1884,PROC-ISRO-IISU-01,ATE-STATION-01,CHAMBER-01,1.0,125.0,3.3,168,IDDQ,ELECTRICAL,uA,2.4978,1930.7552,1930.8901,1931.0171,1928.2574,-0.0299,-0.1209,34.18,34.41,2.4978,1930.7552,1930.8901,1931.0171,1928.2574,75.0,False,NOMINAL,HEALTHY,7.52,-29.01
MIX_LOT01_COMP1885,LOT_01,MIXED_SIGNAL_IC,CQFP-64,MIX-SIH-2026,THERMAL_BURN_IN,T01_1885,PROC-ISRO-IISU-01,ATE-STATION-01,CHAMBER-01,1.0,125.0,3.3,168,IDDQ,ELECTRICAL,uA,1.8684,1445.4659,1445.5774,1445.6475,1443.5975,-0.0078,0.0124,34.42,35.22,1.8684,1445.4659,1445.5774,1445.6475,1443.5975,75.0,False,NOMINAL,HEALTHY,-5.87,-33.18
MIX_LOT01_COMP1886,LOT_01,MIXED_SIGNAL_IC,CQFP-64,MIX-SIH-2026,THERMAL_BURN_IN,T01_1886,PROC-ISRO-IISU-01,ATE-STATION-01,CHAMBER-01,1.0,125.0,3.3,168,IDDQ,ELECTRICAL,uA,1.705,1310.6593,1310.7881,1310.8087,1308.9543,0.015,-0.0112,34.08,33.28,1.705,1310.6593,1310.7881,1310.8087,1308.9543,75.0,False,NOMINAL,HEALTHY,-44.6,28.78
MIX_LOT01_COMP1887,LOT_01,MIXED_SIGNAL_IC,CQFP-64,MIX-SIH-2026,THERMAL_BURN_IN,T01_1887,PROC-ISRO-IISU-01,ATE-STATION-01,CHAMBER-01,1.0,125.0,3.3,168,IDDQ,ELECTRICAL,uA,1.7941,1394.8069,1394.9613,1394.9556,1393.0128,0.0207,0.1108,34.28,34.49,1.7941,1394.8069,1394.9613,1394.9556,1393.0128,75.0,False,NOMINAL,HEALTHY,-24.82,-15.01
MIX_LOT01_COMP1888,LOT_01,MIXED_SIGNAL_IC,CQFP-64,MIX-SIH-2026,THERMAL_BURN_IN,T01_1888,PROC-ISRO-IISU-01,ATE-STATION-01,CHAMBER-01,1.0,125.0,3.3,168,IDDQ,ELECTRICAL,uA,2.3844,1847.0796,1847.2074,1847.2918,1844.6952,-0.0096,-0.029,33.32,33.1,2.3844,1847.0796,1847.2074,1847.2918,1844.6952,75.0,False,NOMINAL,HEALTHY,27.05,-35.9
MIX_LOT01_COMP1889,LOT_01,MIXED_SIGNAL_IC,CQFP-64,MIX-SIH-2026,THERMAL_BURN_IN,T01_1889,PROC-ISRO-IISU-01,ATE-STATION-01,CHAMBER-01,1.0,125.0,3.3,168,IDDQ,ELECTRICAL,uA,1.4661,1136.6384,1136.7385,1136.768,1135.1723,0.0363,-0.0117,35.78,36.65,1.4661,1136.6384,1136.7385,1136.768,1135.1723,75.0,False,NOMINAL,HEALTHY,-10.62,16.88
MIX_LOT01_COMP1890,LOT_01,MIXED_SIGNAL_IC,CQFP-64,MIX-SIH-2026,THERMAL_BURN_IN,T01_1890,PROC-ISRO-IISU-01,ATE-STATION-01,CHAMBER-01,1.0,125.0,3.3,168,IDDQ,ELECTRICAL,uA,2.7729,2119.5384,2119.7352,2119.8267,2116.7655,-0.0049,-0.024,36.94,37.57,2.7729,2119.5384,2119.7352,2119.8267,2116.7655,75.0,False,NOMINAL,HEALTHY,-30.56,26.03
MIX_LOT01_COMP1891,LOT_01,MIXED_SIGNAL_IC,CQFP-64,MIX-SIH-2026,THERMAL_BURN_IN,T01_1891,PROC-ISRO-IISU-01,ATE-STATION-01,CHAMBER-01,1.0,125.0,3.3,168,IDDQ,ELECTRICAL,uA,2.419,1883.7322,1883.9166,1884.0393,1881.3132,-0.0372,-0.0443,34.24,34.06,2.419,1883.7322,1883.9166,1884.0393,1881.3132,75.0,False,NOMINAL,HEALTHY,-45.07,-46.53
MIX_LOT01_COMP1892,LOT_01,MIXED_SIGNAL_IC,CQFP-64,MIX-SIH-2026,THERMAL_BURN_IN,T01_1892,PROC-ISRO-IISU-01,ATE-STATION-01,CHAMBER-01,1.0,125.0,3.3,168,IDDQ,ELECTRICAL,uA,2.1872,1685.8691,1685.9731,1686.0106,1683.6819,-0.0275,-0.015,36.16,35.83,2.1872,1685.8691,1685.9731,1686.0106,1683.6819,75.0,False,NOMINAL,HEALTHY,-43.71,-1.95
MIX_LOT01_COMP1893,LOT_01,MIXED_SIGNAL_IC,CQFP-64,MIX-SIH-2026,THERMAL_BURN_IN,T01_1893,PROC-ISRO-IISU-01,ATE-STATION-01,CHAMBER-01,1.0,125.0,3.3,168,IDDQ,ELECTRICAL,uA,2.3266,1792.5058,1792.6903,1792.741,1790.1792,-0.0111,0.0609,34.74,34.74,2.3266,1792.5058,1792.6903,1792.741,1790.1792,75.0,False,NOMINAL,HEALTHY,33.97,-28.39
MIX_LOT01_COMP1894,LOT_01,MIXED_SIGNAL_IC,CQFP-64,MIX-SIH-2026,THERMAL_BURN_IN,T01_1894,PROC-ISRO-IISU-01,ATE-STATION-01,CHAMBER-01,1.0,125.0,3.3,168,IDDQ,ELECTRICAL,uA,2.1481,1687.8734,1687.9859,1688.0258,1685.7253,-0.0059,0.0828,35.48,35.03,2.1481,1687.8734,1687.9859,1688.0258,1685.7253,75.0,False,NOMINAL,HEALTHY,-22.64,1.54
MIX_LOT01_COMP1895,LOT_01,MIXED_SIGNAL_IC,CQFP-64,MIX-SIH-2026,THERMAL_BURN_IN,T01_1895,PROC-ISRO-IISU-01,ATE-STATION-01,CHAMBER-01,1.0,125.0,3.3,168,IDDQ,ELECTRICAL,uA,2.2643,1747.6336,1747.751,1747.8738,1745.3693,0.0066,-0.0083,35.21,34.91,2.2643,1747.6336,1747.751,1747.8738,1745.3693,75.0,False,NOMINAL,HEALTHY,38.32,40.82
MIX_LOT01_COMP1896,LOT_01,MIXED_SIGNAL_IC,CQFP-64,MIX-SIH-2026,THERMAL_BURN_IN,T01_1896,PROC-ISRO-IISU-01,ATE-STATION-01,CHAMBER-01,1.0,125.0,3.3,168,IDDQ,ELECTRICAL,uA,2.0969,1628.3971,1628.5049,1628.5862,1626.3002,-0.0053,-0.0346,33.96,34.71,2.0969,1628.3971,1628.5049,1628.5862,1626.3002,75.0,False,NOMINAL,HEALTHY,-8.21,31.58
MIX_LOT01_COMP1897,LOT_01,MIXED_SIGNAL_IC,CQFP-64,MIX-SIH-2026,THERMAL_BURN_IN,T01_1897,PROC-ISRO-IISU-01,ATE-STATION-01,CHAMBER-01,1.0,125.0,3.3,168,IDDQ,ELECTRICAL,uA,2.3917,1851.784,1851.9264,1852.0001,1849.3923,0.0146,0.0131,34.24,33.8,2.3917,1851.784,1851.9264,1852.0001,1849.3923,75.0,False,NOMINAL,HEALTHY,-45.72,-2.24
MIX_LOT01_COMP1898,LOT_01,MIXED_SIGNAL_IC,CQFP-64,MIX-SIH-2026,THERMAL_BURN_IN,T01_1898,PROC-ISRO-IISU-01,ATE-STATION-01,CHAMBER-01,1.0,125.0,3.3,168,IDDQ,ELECTRICAL,uA,2.1726,1695.7681,1695.9354,1696.0377,1693.5955,0.012,-0.0653,34.33,33.86,2.1726,1695.7681,1695.9354,1696.0377,1693.5955,75.0,False,NOMINAL,HEALTHY,45.97,-48.25
MIX_LOT01_COMP1899,LOT_01,MIXED_SIGNAL_IC,CQFP-64,MIX-SIH-2026,THERMAL_BURN_IN,T01_1899,PROC-ISRO-IISU-01,ATE-STATION-01,CHAMBER-01,1.0,125.0,3.3,168,IDDQ,ELECTRICAL,uA,1.7342,1321.4094,1321.5547,1321.5807,1319.6752,-0.0089,0.0702,33.63,33.41,1.7342,1321.4094,1321.5547,1321.5807,1319.6752,75.0,False,NOMINAL,HEALTHY,-39.64,-45.12
MIX_LOT01_COMP1900,LOT_01,MIXED_SIGNAL_IC,CQFP-64,MIX-SIH-2026,THERMAL_BURN_IN,T01_1900,PROC-ISRO-IISU-01,ATE-STATION-01,CHAMBER-01,1.0,125.0,3.3,168,IDDQ,ELECTRICAL,uA,2.1662,1664.9255,1665.0069,1665.1026,1662.7593,0.0239,0.0479,36.8,35.77,2.1662,1664.9255,1665.0069,1665.1026,1662.7593,75.0,False,NOMINAL,HEALTHY,-2.51,-46.95
MIX_LOT01_COMP1901,LOT_01,MIXED_SIGNAL_IC,CQFP-64,MIX-SIH-2026,THERMAL_BURN_IN,T01_1901,PROC-ISRO-IISU-01,ATE-STATION-01,CHAMBER-01,1.0,125.0,3.3,168,IDDQ,ELECTRICAL,uA,1.6255,1267.0882,1267.1581,1267.2232,1265.4627,-0.0102,0.0009,34.58,34.32,1.6255,1267.0882,1267.1581,1267.2232,1265.4627,75.0,False,NOMINAL,HEALTHY,29.81,-1.63
MIX_LOT01_COMP1902,LOT_01,MIXED_SIGNAL_IC,CQFP-64,MIX-SIH-2026,THERMAL_BURN_IN,T01_1902,PROC-ISRO-IISU-01,ATE-STATION-01,CHAMBER-01,1.0,125.0,3.3,168,IDDQ,ELECTRICAL,uA,1.8603,1442.2476,1442.3969,1442.3637,1440.3873,0.0127,-0.1059,34.15,33.76,1.8603,1442.2476,1442.3969,1442.3637,1440.3873,75.0,False,NOMINAL,HEALTHY,48.87,17.45
MIX_LOT01_COMP1903,LOT_01,MIXED_SIGNAL_IC,CQFP-64,MIX-SIH-2026,THERMAL_BURN_IN,T01_1903,PROC-ISRO-IISU-01,ATE-STATION-01,CHAMBER-01,1.0,125.0,3.3,168,IDDQ,ELECTRICAL,uA,1.7521,1361.8588,1361.9478,1362.0562,1360.1067,0.0057,-0.0161,35.66,35.72,1.7521,1361.8588,1361.9478,1362.0562,1360.1067,75.0,False,NOMINAL,HEALTHY,-8.53,8.63
MIX_LOT01_COMP1904,LOT_01,MIXED_SIGNAL_IC,CQFP-64,MIX-SIH-2026,THERMAL_BURN_IN,T01_1904,PROC-ISRO-IISU-01,ATE-STATION-01,CHAMBER-01,1.0,125.0,3.3,168,IDDQ,ELECTRICAL,uA,1.8059,1391.8192,1391.9417,1391.9786,1390.0133,-0.0166,-0.055,34.18,33.67,1.8059,1391.8192,1391.9417,1391.9786,1390.0133,75.0,False,NOMINAL,HEALTHY,-26.58,-1.82
MIX_LOT01_COMP1905,LOT_01,MIXED_SIGNAL_IC,CQFP-64,MIX-SIH-2026,THERMAL_BURN_IN,T01_1905,PROC-ISRO-IISU-01,ATE-STATION-01,CHAMBER-01,1.0,125.0,3.3,168,IDDQ,ELECTRICAL,uA,2.5235,1982.0833,1982.2422,1982.3231,1979.5598,0.0307,0.0382,33.85,33.27,2.5235,1982.0833,1982.2422,1982.3231,1979.5598,75.0,False,NOMINAL,HEALTHY,-30.75,38.22
MIX_LOT01_COMP1906,LOT_01,MIXED_SIGNAL_IC,CQFP-64,MIX-SIH-2026,THERMAL_BURN_IN,T01_1906,PROC-ISRO-IISU-01,ATE-STATION-01,CHAMBER-01,1.0,125.0,3.3,168,IDDQ,ELECTRICAL,uA,2.0929,1620.7804,1620.8886,1620.9323,1618.6875,0.0239,0.0687,35.36,34.97,2.0929,1620.7804,1620.8886,1620.9323,1618.6875,75.0,False,NOMINAL,HEALTHY,48.7,40.21
MIX_LOT01_COMP1907,LOT_01,MIXED_SIGNAL_IC,CQFP-64,MIX-SIH-2026,THERMAL_BURN_IN,T01_1907,PROC-ISRO-IISU-01,ATE-STATION-01,CHAMBER-01,1.0,125.0,3.3,168,IDDQ,ELECTRICAL,uA,2.4719,1896.147,1896.2674,1896.3408,1893.6751,-0.004,0.0138,34.31,34.5,2.4719,1896.147,1896.2674,1896.3408,1893.6751,75.0,False,NOMINAL,HEALTHY,47.56,-26.77
MIX_LOT01_COMP1908,LOT_01,MIXED_SIGNAL_IC,CQFP-64,MIX-SIH-2026,THERMAL_BURN_IN,T01_1908,PROC-ISRO-IISU-01,ATE-STATION-01,CHAMBER-01,1.0,125.0,3.3,168,IDDQ,ELECTRICAL,uA,2.1808,1707.3903,1707.505,1707.59,1705.2095,0.0018,-0.1052,34.85,35.35,2.1808,1707.3903,1707.505,1707.59,1705.2095,75.0,False,NOMINAL,HEALTHY,2.73,44.75
MIX_LOT01_COMP1909,LOT_01,MIXED_SIGNAL_IC,CQFP-64,MIX-SIH-2026,THERMAL_BURN_IN,T01_1909,PROC-ISRO-IISU-01,ATE-STATION-01,CHAMBER-01,1.0,125.0,3.3,168,IDDQ,ELECTRICAL,uA,1.807,1386.3926,1386.483,1386.6013,1384.5856,-0.01,-0.0015,33.76,33.37,1.807,1386.3926,1386.483,1386.6013,1384.5856,75.0,False,NOMINAL,HEALTHY,-5.23,40.5
MIX_LOT01_COMP1910,LOT_01,MIXED_SIGNAL_IC,CQFP-64,MIX-SIH-2026,THERMAL_BURN_IN,T01_1910,PROC-ISRO-IISU-01,ATE-STATION-01,CHAMBER-01,1.0,125.0,3.3,168,IDDQ,ELECTRICAL,uA,1.4678,1136.6507,1136.7341,1136.7915,1135.1829,-0.0288,-0.0309,36.2,35.41,1.4678,1136.6507,1136.7341,1136.7915,1135.1829,75.0,False,NOMINAL,HEALTHY,8.08,28.07
MIX_LOT01_COMP1911,LOT_01,MIXED_SIGNAL_IC,CQFP-64,MIX-SIH-2026,THERMAL_BURN_IN,T01_1911,PROC-ISRO-IISU-01,ATE-STATION-01,CHAMBER-01,1.0,125.0,3.3,168,IDDQ,ELECTRICAL,uA,1.8674,1450.3173,1450.4646,1450.5311,1448.4499,0.0009,0.0366,34.47,34.24,1.8674,1450.3173,1450.4646,1450.5311,1448.4499,75.0,False,NOMINAL,HEALTHY,6.22,47.81
MIX_LOT01_COMP1912,LOT_01,MIXED_SIGNAL_IC,CQFP-64,MIX-SIH-2026,THERMAL_BURN_IN,T01_1912,PROC-ISRO-IISU-01,ATE-STATION-01,CHAMBER-01,1.0,125.0,3.3,168,IDDQ,ELECTRICAL,uA,1.6971,1311.0375,1311.1282,1311.1993,1309.3404,0.0142,-0.0146,33.96,33.37,1.6971,1311.0375,1311.1282,1311.1993,1309.3404,75.0,False,NOMINAL,HEALTHY,37.99,-38.05
MIX_LOT01_COMP1913,LOT_01,MIXED_SIGNAL_IC,CQFP-64,MIX-SIH-2026,THERMAL_BURN_IN,T01_1913,PROC-ISRO-IISU-01,ATE-STATION-01,CHAMBER-01,1.0,125.0,3.3,168,IDDQ,ELECTRICAL,uA,1.7781,1363.3322,1363.3909,1363.479,1361.5541,0.0389,-0.0069,35.65,36.22,1.7781,1363.3322,1363.3909,1363.479,1361.5541,75.0,False,NOMINAL,HEALTHY,30.92,-26.41
MIX_LOT01_COMP1914,LOT_01,MIXED_SIGNAL_IC,CQFP-64,MIX-SIH-2026,THERMAL_BURN_IN,T01_1914,PROC-ISRO-IISU-01,ATE-STATION-01,CHAMBER-01,1.0,125.0,3.3,168,IDDQ,ELECTRICAL,uA,2.0766,1599.5049,1599.6273,1599.6994,1597.4283,-0.0275,-0.0251,34.45,34.34,2.0766,1599.5049,1599.6273,1599.6994,1597.4283,75.0,False,NOMINAL,HEALTHY,38.9,-0.4
MIX_LOT01_COMP1915,LOT_01,MIXED_SIGNAL_IC,CQFP-64,MIX-SIH-2026,THERMAL_BURN_IN,T01_1915,PROC-ISRO-IISU-01,ATE-STATION-01,CHAMBER-01,1.0,125.0,3.3,168,IDDQ,ELECTRICAL,uA,2.5771,1987.8376,1987.9934,1988.1052,1985.2605,0.0042,-0.035,35.65,35.86,2.5771,1987.8376,1987.9934,1988.1052,1985.2605,75.0,False,NOMINAL,HEALTHY,-19.9,9.66
MIX_LOT01_COMP1916,LOT_01,MIXED_SIGNAL_IC,CQFP-64,MIX-SIH-2026,THERMAL_BURN_IN,T01_1916,PROC-ISRO-IISU-01,ATE-STATION-01,CHAMBER-01,1.0,125.0,3.3,168,IDDQ,ELECTRICAL,uA,2.1559,1673.057,1673.1579,1673.2265,1670.9011,-0.0014,-0.0119,35.3,35.46,2.1559,1673.057,1673.1579,1673.2265,1670.9011,75.0,False,NOMINAL,HEALTHY,-47.08,18.64
MIX_LOT01_COMP1917,LOT_01,MIXED_SIGNAL_IC,CQFP-64,MIX-SIH-2026,THERMAL_BURN_IN,T01_1917,PROC-ISRO-IISU-01,ATE-STATION-01,CHAMBER-01,1.0,125.0,3.3,168,IDDQ,ELECTRICAL,uA,1.9769,1498.7688,1498.8208,1499.0184,1496.7919,0.0154,-0.0077,34.23,34.47,1.9769,1498.7688,1498.8208,1499.0184,1496.7919,75.0,False,NOMINAL,HEALTHY,-45.78,39.36
MIX_LOT01_COMP1918,LOT_01,MIXED_SIGNAL_IC,CQFP-64,MIX-SIH-2026,THERMAL_BURN_IN,T01_1918,PROC-ISRO-IISU-01,ATE-STATION-01,CHAMBER-01,1.0,125.0,3.3,168,IDDQ,ELECTRICAL,uA,1.9103,1485.3179,1485.4248,1485.5149,1483.4076,-0.0059,-0.0495,35.57,35.36,1.9103,1485.3179,1485.4248,1485.5149,1483.4076,75.0,False,NOMINAL,HEALTHY,0.67,49.93
MIX_LOT01_COMP1919,LOT_01,MIXED_SIGNAL_IC,CQFP-64,MIX-SIH-2026,THERMAL_BURN_IN,T01_1919,PROC-ISRO-IISU-01,ATE-STATION-01,CHAMBER-01,1.0,125.0,3.3,168,IDDQ,ELECTRICAL,uA,2.1213,1621.0038,1621.1294,1621.2751,1618.8825,0.0112,0.068,34.56,34.53,2.1213,1621.0038,1621.1294,1621.2751,1618.8825,75.0,False,NOMINAL,HEALTHY,14.33,-35.7
MIX_LOT01_COMP1920,LOT_01,MIXED_SIGNAL_IC,CQFP-64,MIX-SIH-2026,THERMAL_BURN_IN,T01_1920,PROC-ISRO-IISU-01,ATE-STATION-01,CHAMBER-01,1.0,125.0,3.3,168,IDDQ,ELECTRICAL,uA,2.0227,1556.7486,1556.8939,1556.9944,1554.7259,0.0053,0.1074,35.41,35.82,2.0227,1556.7486,1556.8939,1556.9944,1554.7259,75.0,False,NOMINAL,HEALTHY,42.71,-1.52
MIX_LOT01_COMP1921,LOT_01,MIXED_SIGNAL_IC,CQFP-64,MIX-SIH-2026,THERMAL_BURN_IN,T01_1921,PROC-ISRO-IISU-01,ATE-STATION-01,CHAMBER-01,1.0,125.0,3.3,168,IDDQ,ELECTRICAL,uA,2.3384,1790.5128,1790.5982,1790.7304,1788.1744,0.0207,0.0776,35.96,36.1,2.3384,1790.5128,1790.5982,1790.7304,1788.1744,75.0,False,NOMINAL,HEALTHY,22.74,29.92
MIX_LOT01_COMP1922,LOT_01,MIXED_SIGNAL_IC,CQFP-64,MIX-SIH-2026,THERMAL_BURN_IN,T01_1922,PROC-ISRO-IISU-01,ATE-STATION-01,CHAMBER-01,1.0,125.0,3.3,168,IDDQ,ELECTRICAL,uA,2.0922,1616.328,1616.5159,1616.5821,1614.2358,-0.0027,-0.0663,36.15,36.31,2.0922,1616.328,1616.5159,1616.5821,1614.2358,75.0,False,NOMINAL,HEALTHY,2.84,37.91
MIX_LOT01_COMP1923,LOT_01,MIXED_SIGNAL_IC,CQFP-64,MIX-SIH-2026,THERMAL_BURN_IN,T01_1923,PROC-ISRO-IISU-01,ATE-STATION-01,CHAMBER-01,1.0,125.0,3.3,168,IDDQ,ELECTRICAL,uA,2.2487,1740.7491,1740.8783,1741.0039,1738.5004,0.0178,-0.0451,34.71,34.95,2.2487,1740.7491,1740.8783,1741.0039,1738.5004,75.0,False,NOMINAL,HEALTHY,35.41,-47.61
MIX_LOT01_COMP1924,LOT_01,MIXED_SIGNAL_IC,CQFP-64,MIX-SIH-2026,THERMAL_BURN_IN,T01_1924,PROC-ISRO-IISU-01,ATE-STATION-01,CHAMBER-01,1.0,125.0,3.3,168,IDDQ,ELECTRICAL,uA,1.8344,1421.3478,1421.4959,1421.5808,1419.5134,0.0103,0.0987,35.98,35.59,1.8344,1421.3478,1421.4959,1421.5808,1419.5134,75.0,False,NOMINAL,HEALTHY,17.98,-47.85
MIX_LOT01_COMP1925,LOT_01,MIXED_SIGNAL_IC,CQFP-64,MIX-SIH-2026,THERMAL_BURN_IN,T01_1925,PROC-ISRO-IISU-01,ATE-STATION-01,CHAMBER-01,1.0,125.0,3.3,168,IDDQ,ELECTRICAL,uA,2.2421,1720.3222,1720.4197,1720.5574,1718.0801,0.0186,0.0202,34.37,34.68,2.2421,1720.3222,1720.4197,1720.5574,1718.0801,75.0,False,NOMINAL,HEALTHY,18.27,-25.3
MIX_LOT01_COMP1926,LOT_01,MIXED_SIGNAL_IC,CQFP-64,MIX-SIH-2026,THERMAL_BURN_IN,T01_1926,PROC-ISRO-IISU-01,ATE-STATION-01,CHAMBER-01,1.0,125.0,3.3,168,IDDQ,ELECTRICAL,uA,2.1227,1644.4557,1644.6097,1644.6485,1642.333,0.0678,0.0501,34.25,34.2,2.1227,1644.4557,1644.6097,1644.6485,1642.333,75.0,False,NOMINAL,HEALTHY,21.57,-34.15
MIX_LOT01_COMP1927,LOT_01,MIXED_SIGNAL_IC,CQFP-64,MIX-SIH-2026,THERMAL_BURN_IN,T01_1927,PROC-ISRO-IISU-01,ATE-STATION-01,CHAMBER-01,1.0,125.0,3.3,168,IDDQ,ELECTRICAL,uA,1.955,1505.5074,1505.6647,1505.7019,1503.5524,0.0223,0.0986,35.84,35.2,1.955,1505.5074,1505.6647,1505.7019,1503.5524,75.0,False,NOMINAL,HEALTHY,24.52,44.26
MIX_LOT01_COMP1928,LOT_01,MIXED_SIGNAL_IC,CQFP-64,MIX-SIH-2026,THERMAL_BURN_IN,T01_1928,PROC-ISRO-IISU-01,ATE-STATION-01,CHAMBER-01,1.0,125.0,3.3,168,IDDQ,ELECTRICAL,uA,2.1078,1632.8409,1633.0022,1633.0566,1630.7331,0.0013,0.0327,34.61,34.69,2.1078,1632.8409,1633.0022,1633.0566,1630.7331,75.0,False,NOMINAL,HEALTHY,-37.85,-20.34
MIX_LOT01_COMP1929,LOT_01,MIXED_SIGNAL_IC,CQFP-64,MIX-SIH-2026,THERMAL_BURN_IN,T01_1929,PROC-ISRO-IISU-01,ATE-STATION-01,CHAMBER-01,1.0,125.0,3.3,168,IDDQ,ELECTRICAL,uA,1.8352,1410.7071,1410.8263,1410.9013,1408.8719,0.0049,0.0701,34.98,35.34,1.8352,1410.7071,1410.8263,1410.9013,1408.8719,75.0,False,NOMINAL,HEALTHY,-32.69,33.61
MIX_LOT01_COMP1930,LOT_01,MIXED_SIGNAL_IC,CQFP-64,MIX-SIH-2026,THERMAL_BURN_IN,T01_1930,PROC-ISRO-IISU-01,ATE-STATION-01,CHAMBER-01,1.0,125.0,3.3,168,IDDQ,ELECTRICAL,uA,1.7541,1348.1959,1348.3609,1348.3485,1346.4418,-0.0047,-0.0017,36.57,37.47,1.7541,1348.1959,1348.3609,1348.3485,1346.4418,75.0,False,NOMINAL,HEALTHY,26.93,24.47
MIX_LOT01_COMP1931,LOT_01,MIXED_SIGNAL_IC,CQFP-64,MIX-SIH-2026,THERMAL_BURN_IN,T01_1931,PROC-ISRO-IISU-01,ATE-STATION-01,CHAMBER-01,1.0,125.0,3.3,168,IDDQ,ELECTRICAL,uA,2.3314,1797.2064,1797.3517,1797.3945,1794.875,0.0109,0.0727,33.43,33.06,2.3314,1797.2064,1797.3517,1797.3945,1794.875,75.0,False,NOMINAL,HEALTHY,33.94,-20.42
MIX_LOT01_COMP1932,LOT_01,MIXED_SIGNAL_IC,CQFP-64,MIX-SIH-2026,THERMAL_BURN_IN,T01_1932,PROC-ISRO-IISU-01,ATE-STATION-01,CHAMBER-01,1.0,125.0,3.3,168,IDDQ,ELECTRICAL,uA,2.067,1574.483,1574.5768,1574.6785,1572.416,-0.0185,0.0823,36.81,35.86,2.067,1574.483,1574.5768,1574.6785,1572.416,75.0,False,NOMINAL,HEALTHY,-11.49,49.21
MIX_LOT01_COMP1933,LOT_01,MIXED_SIGNAL_IC,CQFP-64,MIX-SIH-2026,THERMAL_BURN_IN,T01_1933,PROC-ISRO-IISU-01,ATE-STATION-01,CHAMBER-01,1.0,125.0,3.3,168,IDDQ,ELECTRICAL,uA,1.6666,1295.6276,1295.715,1295.8176,1293.961,0.0476,0.0173,34.58,35.35,1.6666,1295.6276,1295.715,1295.8176,1293.961,75.0,False,NOMINAL,HEALTHY,-34.37,-7.48
MIX_LOT01_COMP1934,LOT_01,MIXED_SIGNAL_IC,CQFP-64,MIX-SIH-2026,THERMAL_BURN_IN,T01_1934,PROC-ISRO-IISU-01,ATE-STATION-01,CHAMBER-01,1.0,125.0,3.3,168,IDDQ,ELECTRICAL,uA,2.1158,1618.6862,1618.8225,1618.8782,1616.5704,0.0036,-0.0448,34.38,33.83,2.1158,1618.6862,1618.8225,1618.8782,1616.5704,75.0,False,NOMINAL,HEALTHY,8.0,-29.43
MIX_LOT01_COMP1935,LOT_01,MIXED_SIGNAL_IC,CQFP-64,MIX-SIH-2026,THERMAL_BURN_IN,T01_1935,PROC-ISRO-IISU-01,ATE-STATION-01,CHAMBER-01,1.0,125.0,3.3,168,IDDQ,ELECTRICAL,uA,1.8826,1447.4318,1447.5603,1447.5816,1445.5492,-0.017,-0.0189,36.83,36.58,1.8826,1447.4318,1447.5603,1447.5816,1445.5492,75.0,False,NOMINAL,HEALTHY,8.78,-13.1
MIX_LOT01_COMP1936,LOT_01,MIXED_SIGNAL_IC,CQFP-64,MIX-SIH-2026,THERMAL_BURN_IN,T01_1936,PROC-ISRO-IISU-01,ATE-STATION-01,CHAMBER-01,1.0,125.0,3.3,168,IDDQ,ELECTRICAL,uA,2.0348,1558.8405,1558.9209,1559.068,1556.8057,-0.0264,-0.0509,33.38,33.89,2.0348,1558.8405,1558.9209,1559.068,1556.8057,75.0,False,NOMINAL,HEALTHY,-10.12,16.75
MIX_LOT01_COMP1937,LOT_01,MIXED_SIGNAL_IC,CQFP-64,MIX-SIH-2026,THERMAL_BURN_IN,T01_1937,PROC-ISRO-IISU-01,ATE-STATION-01,CHAMBER-01,1.0,125.0,3.3,168,IDDQ,ELECTRICAL,uA,2.324,1776.4344,1776.5916,1776.6817,1774.1104,0.0015,0.0407,37.62,38.24,2.324,1776.4344,1776.5916,1776.6817,1774.1104,75.0,False,NOMINAL,HEALTHY,-13.52,-2.86
MIX_LOT01_COMP1938,LOT_01,MIXED_SIGNAL_IC,CQFP-64,MIX-SIH-2026,THERMAL_BURN_IN,T01_1938,PROC-ISRO-IISU-01,ATE-STATION-01,CHAMBER-01,1.0,125.0,3.3,168,IDDQ,ELECTRICAL,uA,2.3093,1795.9357,1796.0103,1796.1495,1793.6264,0.0117,0.1072,35.25,35.36,2.3093,1795.9357,1796.0103,1796.1495,1793.6264,75.0,False,NOMINAL,HEALTHY,20.74,-1.2
MIX_LOT01_COMP1939,LOT_01,MIXED_SIGNAL_IC,CQFP-64,MIX-SIH-2026,THERMAL_BURN_IN,T01_1939,PROC-ISRO-IISU-01,ATE-STATION-01,CHAMBER-01,1.0,125.0,3.3,168,IDDQ,ELECTRICAL,uA,2.0815,1602.1443,1602.2231,1602.3302,1600.0628,0.021,-0.0075,34.21,33.78,2.0815,1602.1443,1602.2231,1602.3302,1600.0628,75.0,False,NOMINAL,HEALTHY,30.18,-42.12
MIX_LOT01_COMP1940,LOT_01,MIXED_SIGNAL_IC,CQFP-64,MIX-SIH-2026,THERMAL_BURN_IN,T01_1940,PROC-ISRO-IISU-01,ATE-STATION-01,CHAMBER-01,1.0,125.0,3.3,168,IDDQ,ELECTRICAL,uA,2.1602,1662.7896,1665.2651,1675.5017,1660.6294,0.0334,0.0463,35.18,35.55,2.1602,1662.7896,1665.2651,1675.5017,1660.6294,75.0,True,ELECTROMIGRATION,HEALTHY,-24.98,-48.82
MIX_LOT01_COMP1941,LOT_01,MIXED_SIGNAL_IC,CQFP-64,MIX-SIH-2026,THERMAL_BURN_IN,T01_1941,PROC-ISRO-IISU-01,ATE-STATION-01,CHAMBER-01,1.0,125.0,3.3,168,IDDQ,ELECTRICAL,uA,2.6149,2006.807,2006.9639,2007.0716,2004.1921,0.0375,0.0587,35.04,34.73,2.6149,2006.807,2006.9639,2007.0716,2004.1921,75.0,False,NOMINAL,HEALTHY,0.96,19.5
MIX_LOT01_COMP1942,LOT_01,MIXED_SIGNAL_IC,CQFP-64,MIX-SIH-2026,THERMAL_BURN_IN,T01_1942,PROC-ISRO-IISU-01,ATE-STATION-01,CHAMBER-01,1.0,125.0,3.3,168,IDDQ,ELECTRICAL,uA,1.9824,1537.6581,1537.7366,1537.7924,1535.6757,-0.0005,-0.0091,36.82,37.35,1.9824,1537.6581,1537.7366,1537.7924,1535.6757,75.0,False,NOMINAL,HEALTHY,20.64,43.69
MIX_LOT01_COMP1943,LOT_01,MIXED_SIGNAL_IC,CQFP-64,MIX-SIH-2026,THERMAL_BURN_IN,T01_1943,PROC-ISRO-IISU-01,ATE-STATION-01,CHAMBER-01,1.0,125.0,3.3,168,IDDQ,ELECTRICAL,uA,2.1152,1618.6971,1618.8445,1618.9493,1616.5819,0.0114,0.0154,34.28,34.28,2.1152,1618.6971,1618.8445,1618.9493,1616.5819,75.0,False,NOMINAL,HEALTHY,8.07,23.63
MIX_LOT01_COMP1944,LOT_01,MIXED_SIGNAL_IC,CQFP-64,MIX-SIH-2026,THERMAL_BURN_IN,T01_1944,PROC-ISRO-IISU-01,ATE-STATION-01,CHAMBER-01,1.0,125.0,3.3,168,IDDQ,ELECTRICAL,uA,1.8826,1458.2822,1458.3868,1458.4108,1456.3996,-0.0465,-0.0094,35.41,35.2,1.8826,1458.2822,1458.3868,1458.4108,1456.3996,75.0,False,NOMINAL,HEALTHY,47.61,-23.62
MIX_LOT01_COMP1945,LOT_01,MIXED_SIGNAL_IC,CQFP-64,MIX-SIH-2026,THERMAL_BURN_IN,T01_1945,PROC-ISRO-IISU-01,ATE-STATION-01,CHAMBER-01,1.0,125.0,3.3,168,IDDQ,ELECTRICAL,uA,1.9939,1549.4099,1549.5612,1549.6514,1547.416,-0.0194,0.005,37.69,36.46,1.9939,1549.4099,1549.5612,1549.6514,1547.416,75.0,False,NOMINAL,HEALTHY,-5.6,36.9
MIX_LOT01_COMP1946,LOT_01,MIXED_SIGNAL_IC,CQFP-64,MIX-SIH-2026,THERMAL_BURN_IN,T01_1946,PROC-ISRO-IISU-01,ATE-STATION-01,CHAMBER-01,1.0,125.0,3.3,168,IDDQ,ELECTRICAL,uA,2.4764,1931.3069,1931.4297,1931.5447,1928.8305,0.0,-0.0296,35.14,34.74,2.4764,1931.3069,1931.4297,1931.5447,1928.8305,75.0,False,NOMINAL,HEALTHY,-24.99,-37.26
MIX_LOT01_COMP1947,LOT_01,MIXED_SIGNAL_IC,CQFP-64,MIX-SIH-2026,THERMAL_BURN_IN,T01_1947,PROC-ISRO-IISU-01,ATE-STATION-01,CHAMBER-01,1.0,125.0,3.3,168,IDDQ,ELECTRICAL,uA,1.9975,1534.1797,1534.3221,1534.4082,1532.1822,-0.0107,-0.0109,34.66,34.34,1.9975,1534.1797,1534.3221,1534.4082,1532.1822,75.0,False,NOMINAL,HEALTHY,-44.24,-17.17
MIX_LOT01_COMP1948,LOT_01,MIXED_SIGNAL_IC,CQFP-64,MIX-SIH-2026,THERMAL_BURN_IN,T01_1948,PROC-ISRO-IISU-01,ATE-STATION-01,CHAMBER-01,1.0,125.0,3.3,168,IDDQ,ELECTRICAL,uA,1.8719,1471.6458,1471.7696,1471.8725,1469.7739,-0.0249,0.0138,36.73,35.85,1.8719,1471.6458,1471.7696,1471.8725,1469.7739,75.0,True,DIELECTRIC_OSCILLATION,HEALTHY,45.92,38.33
MIX_LOT01_COMP1949,LOT_01,MIXED_SIGNAL_IC,CQFP-64,MIX-SIH-2026,THERMAL_BURN_IN,T01_1949,PROC-ISRO-IISU-01,ATE-STATION-01,CHAMBER-01,1.0,125.0,3.3,168,IDDQ,ELECTRICAL,uA,1.971,1517.2784,1517.3886,1517.4573,1515.3074,0.0107,0.0822,33.04,32.47,1.971,1517.2784,1517.3886,1517.4573,1515.3074,75.0,False,NOMINAL,HEALTHY,46.06,-46.89
MIX_LOT01_COMP1950,LOT_01,MIXED_SIGNAL_IC,CQFP-64,MIX-SIH-2026,THERMAL_BURN_IN,T01_1950,PROC-ISRO-IISU-01,ATE-STATION-01,CHAMBER-01,1.0,125.0,3.3,168,IDDQ,ELECTRICAL,uA,1.9052,1461.21,1461.3194,1461.3661,1459.3048,-0.0016,0.0539,34.04,32.96,1.9052,1461.21,1461.3194,1461.3661,1459.3048,75.0,False,NOMINAL,HEALTHY,24.69,-9.41
MIX_LOT01_COMP1951,LOT_01,MIXED_SIGNAL_IC,CQFP-64,MIX-SIH-2026,THERMAL_BURN_IN,T01_1951,PROC-ISRO-IISU-01,ATE-STATION-01,CHAMBER-01,1.0,125.0,3.3,168,IDDQ,ELECTRICAL,uA,2.0675,1602.2366,1602.3364,1602.5284,1600.1691,-0.0068,0.0048,34.09,34.57,2.0675,1602.2366,1602.3364,1602.5284,1600.1691,75.0,False,NOMINAL,HEALTHY,38.62,-48.82
MIX_LOT01_COMP1952,LOT_01,MIXED_SIGNAL_IC,CQFP-64,MIX-SIH-2026,THERMAL_BURN_IN,T01_1952,PROC-ISRO-IISU-01,ATE-STATION-01,CHAMBER-01,1.0,125.0,3.3,168,IDDQ,ELECTRICAL,uA,1.6644,1285.8413,1285.9477,1285.9327,1284.1769,0.0143,0.047,36.32,35.58,1.6644,1285.8413,1285.9477,1285.9327,1284.1769,75.0,False,NOMINAL,HEALTHY,-44.04,5.32
MIX_LOT01_COMP1953,LOT_01,MIXED_SIGNAL_IC,CQFP-64,MIX-SIH-2026,THERMAL_BURN_IN,T01_1953,PROC-ISRO-IISU-01,ATE-STATION-01,CHAMBER-01,1.0,125.0,3.3,168,IDDQ,ELECTRICAL,uA,2.59,1994.9128,1995.0941,1995.1991,1992.3228,0.0004,-0.0509,36.56,37.16,2.59,1994.9128,1995.0941,1995.1991,1992.3228,75.0,False,NOMINAL,HEALTHY,26.55,2.92
MIX_LOT01_COMP1954,LOT_01,MIXED_SIGNAL_IC,CQFP-64,MIX-SIH-2026,THERMAL_BURN_IN,T01_1954,PROC-ISRO-IISU-01,ATE-STATION-01,CHAMBER-01,1.0,125.0,3.3,168,IDDQ,ELECTRICAL,uA,2.016,1548.9549,1549.0823,1549.1282,1546.9389,-0.0238,0.038,34.43,34.38,2.016,1548.9549,1549.0823,1549.1282,1546.9389,75.0,False,NOMINAL,HEALTHY,-36.72,23.12
MIX_LOT01_COMP1955,LOT_01,MIXED_SIGNAL_IC,CQFP-64,MIX-SIH-2026,THERMAL_BURN_IN,T01_1955,PROC-ISRO-IISU-01,ATE-STATION-01,CHAMBER-01,1.0,125.0,3.3,168,IDDQ,ELECTRICAL,uA,2.4236,1867.147,1867.3368,1867.39,1864.7234,-0.0091,-0.0502,34.95,35.23,2.4236,1867.147,1867.3368,1867.39,1864.7234,75.0,False,NOMINAL,HEALTHY,-31.19,39.59
MIX_LOT01_COMP1956,LOT_01,MIXED_SIGNAL_IC,CQFP-64,MIX-SIH-2026,THERMAL_BURN_IN,T01_1956,PROC-ISRO-IISU-01,ATE-STATION-01,CHAMBER-01,1.0,125.0,3.3,168,IDDQ,ELECTRICAL,uA,2.0628,1590.7657,1590.8878,1590.8592,1588.7029,-0.0089,-0.0367,35.85,35.51,2.0628,1590.7657,1590.8878,1590.8592,1588.7029,75.0,False,NOMINAL,HEALTHY,47.45,26.47
MIX_LOT01_COMP1957,LOT_01,MIXED_SIGNAL_IC,CQFP-64,MIX-SIH-2026,THERMAL_BURN_IN,T01_1957,PROC-ISRO-IISU-01,ATE-STATION-01,CHAMBER-01,1.0,125.0,3.3,168,IDDQ,ELECTRICAL,uA,1.6646,1286.344,1286.4256,1286.4996,1284.6794,0.0059,-0.0258,35.09,34.81,1.6646,1286.344,1286.4256,1286.4996,1284.6794,75.0,False,NOMINAL,HEALTHY,30.05,-47.31
MIX_LOT01_COMP1958,LOT_01,MIXED_SIGNAL_IC,CQFP-64,MIX-SIH-2026,THERMAL_BURN_IN,T01_1958,PROC-ISRO-IISU-01,ATE-STATION-01,CHAMBER-01,1.0,125.0,3.3,168,IDDQ,ELECTRICAL,uA,1.8174,1404.7491,1404.8518,1404.8821,1402.9317,0.0076,0.0299,35.23,35.11,1.8174,1404.7491,1404.8518,1404.8821,1402.9317,75.0,False,NOMINAL,HEALTHY,15.61,41.13
MIX_LOT01_COMP1959,LOT_01,MIXED_SIGNAL_IC,CQFP-64,MIX-SIH-2026,THERMAL_BURN_IN,T01_1959,PROC-ISRO-IISU-01,ATE-STATION-01,CHAMBER-01,1.0,125.0,3.3,168,IDDQ,ELECTRICAL,uA,2.47,1901.3314,1901.478,1901.5915,1898.8614,0.0045,0.0251,37.09,36.76,2.47,1901.3314,1901.478,1901.5915,1898.8614,75.0,False,NOMINAL,HEALTHY,-29.67,13.48
MIX_LOT01_COMP1960,LOT_01,MIXED_SIGNAL_IC,CQFP-64,MIX-SIH-2026,THERMAL_BURN_IN,T01_1960,PROC-ISRO-IISU-01,ATE-STATION-01,CHAMBER-01,1.0,125.0,3.3,168,IDDQ,ELECTRICAL,uA,2.1498,1657.9982,1658.1129,1658.2284,1655.8484,-0.0252,-0.0338,34.11,33.91,2.1498,1657.9982,1658.1129,1658.2284,1655.8484,75.0,False,NOMINAL,HEALTHY,-39.36,3.22
MIX_LOT01_COMP1961,LOT_01,MIXED_SIGNAL_IC,CQFP-64,MIX-SIH-2026,THERMAL_BURN_IN,T01_1961,PROC-ISRO-IISU-01,ATE-STATION-01,CHAMBER-01,1.0,125.0,3.3,168,IDDQ,ELECTRICAL,uA,2.8501,2192.0636,2192.2843,2192.3807,2189.2135,0.0041,0.0353,34.6,35.14,2.8501,2192.0636,2192.2843,2192.3807,2189.2135,75.0,False,NOMINAL,HEALTHY,33.7,-38.8
MIX_LOT01_COMP1962,LOT_01,MIXED_SIGNAL_IC,CQFP-64,MIX-SIH-2026,THERMAL_BURN_IN,T01_1962,PROC-ISRO-IISU-01,ATE-STATION-01,CHAMBER-01,1.0,125.0,3.3,168,IDDQ,ELECTRICAL,uA,1.8707,1441.2133,1441.2886,1441.3342,1439.3426,0.0015,-0.0497,35.58,35.29,1.8707,1441.2133,1441.2886,1441.3342,1439.3426,75.0,False,NOMINAL,HEALTHY,-29.62,-11.27
MIX_LOT01_COMP1963,LOT_01,MIXED_SIGNAL_IC,CQFP-64,MIX-SIH-2026,THERMAL_BURN_IN,T01_1963,PROC-ISRO-IISU-01,ATE-STATION-01,CHAMBER-01,1.0,125.0,3.3,168,IDDQ,ELECTRICAL,uA,2.2756,1747.9234,1748.0639,1748.1034,1745.6478,-0.0177,-0.1134,35.71,36.23,2.2756,1747.9234,1748.0639,1748.1034,1745.6478,75.0,False,NOMINAL,HEALTHY,9.74,16.87
MIX_LOT01_COMP1964,LOT_01,MIXED_SIGNAL_IC,CQFP-64,MIX-SIH-2026,THERMAL_BURN_IN,T01_1964,PROC-ISRO-IISU-01,ATE-STATION-01,CHAMBER-01,1.0,125.0,3.3,168,IDDQ,ELECTRICAL,uA,2.0302,1564.7125,1564.8542,1564.8979,1562.6823,-0.0221,0.0569,35.68,36.15,2.0302,1564.7125,1564.8542,1564.8979,1562.6823,75.0,False,NOMINAL,HEALTHY,17.2,42.11
MIX_LOT01_COMP1965,LOT_01,MIXED_SIGNAL_IC,CQFP-64,MIX-SIH-2026,THERMAL_BURN_IN,T01_1965,PROC-ISRO-IISU-01,ATE-STATION-01,CHAMBER-01,1.0,125.0,3.3,168,IDDQ,ELECTRICAL,uA,2.3296,1786.8927,1787.0499,1787.2042,1784.5631,-0.0217,-0.0155,36.3,37.11,2.3296,1786.8927,1787.0499,1787.2042,1784.5631,75.0,False,NOMINAL,HEALTHY,8.53,43.15
MIX_LOT01_COMP1966,LOT_01,MIXED_SIGNAL_IC,CQFP-64,MIX-SIH-2026,THERMAL_BURN_IN,T01_1966,PROC-ISRO-IISU-01,ATE-STATION-01,CHAMBER-01,1.0,125.0,3.3,168,IDDQ,ELECTRICAL,uA,2.1502,1670.4007,1670.4899,1670.6303,1668.2505,-0.017,0.0113,35.2,35.6,2.1502,1670.4007,1670.4899,1670.6303,1668.2505,75.0,False,NOMINAL,HEALTHY,22.56,26.64
MIX_LOT01_COMP1967,LOT_01,MIXED_SIGNAL_IC,CQFP-64,MIX-SIH-2026,THERMAL_BURN_IN,T01_1967,PROC-ISRO-IISU-01,ATE-STATION-01,CHAMBER-01,1.0,125.0,3.3,168,IDDQ,ELECTRICAL,uA,1.9127,1469.3396,1469.4558,1469.5226,1467.4269,-0.0315,-0.1147,35.29,34.97,1.9127,1469.3396,1469.4558,1469.5226,1467.4269,75.0,False,NOMINAL,HEALTHY,20.81,20.94
MIX_LOT01_COMP1968,LOT_01,MIXED_SIGNAL_IC,CQFP-64,MIX-SIH-2026,THERMAL_BURN_IN,T01_1968,PROC-ISRO-IISU-01,ATE-STATION-01,CHAMBER-01,1.0,125.0,3.3,168,IDDQ,ELECTRICAL,uA,2.0327,1578.7833,1578.8904,1578.9671,1576.7506,0.0351,-0.0971,33.48,34.05,2.0327,1578.7833,1578.8904,1578.9671,1576.7506,75.0,False,NOMINAL,HEALTHY,4.44,-16.92
MIX_LOT01_COMP1969,LOT_01,MIXED_SIGNAL_IC,CQFP-64,MIX-SIH-2026,THERMAL_BURN_IN,T01_1969,PROC-ISRO-IISU-01,ATE-STATION-01,CHAMBER-01,1.0,125.0,3.3,168,IDDQ,ELECTRICAL,uA,2.3214,1777.2543,1777.4079,1777.443,1774.9329,-0.0051,-0.0202,32.94,32.8,2.3214,1777.2543,1777.4079,1777.443,1774.9329,75.0,False,NOMINAL,HEALTHY,-9.95,-15.05
MIX_LOT01_COMP1970,LOT_01,MIXED_SIGNAL_IC,CQFP-64,MIX-SIH-2026,THERMAL_BURN_IN,T01_1970,PROC-ISRO-IISU-01,ATE-STATION-01,CHAMBER-01,1.0,125.0,3.3,168,IDDQ,ELECTRICAL,uA,1.7564,1368.4295,1368.5515,1368.6133,1366.6731,0.0366,0.0969,35.16,36.1,1.7564,1368.4295,1368.5515,1368.6133,1366.6731,75.0,False,NOMINAL,HEALTHY,-47.28,14.29
MIX_LOT01_COMP1971,LOT_01,MIXED_SIGNAL_IC,CQFP-64,MIX-SIH-2026,THERMAL_BURN_IN,T01_1971,PROC-ISRO-IISU-01,ATE-STATION-01,CHAMBER-01,1.0,125.0,3.3,168,IDDQ,ELECTRICAL,uA,2.4788,1907.7492,1907.8618,1907.9681,1905.2704,0.0388,0.0287,35.91,36.32,2.4788,1907.7492,1907.8618,1907.9681,1905.2704,75.0,False,NOMINAL,HEALTHY,-40.93,36.74
MIX_LOT01_COMP1972,LOT_01,MIXED_SIGNAL_IC,CQFP-64,MIX-SIH-2026,THERMAL_BURN_IN,T01_1972,PROC-ISRO-IISU-01,ATE-STATION-01,CHAMBER-01,1.0,125.0,3.3,168,IDDQ,ELECTRICAL,uA,2.0525,1575.1913,1575.3473,1575.3668,1573.1388,-0.0036,0.0465,35.58,35.09,2.0525,1575.1913,1575.3473,1575.3668,1573.1388,75.0,False,NOMINAL,HEALTHY,40.41,-42.59
MIX_LOT01_COMP1973,LOT_01,MIXED_SIGNAL_IC,CQFP-64,MIX-SIH-2026,THERMAL_BURN_IN,T01_1973,PROC-ISRO-IISU-01,ATE-STATION-01,CHAMBER-01,1.0,125.0,3.3,168,IDDQ,ELECTRICAL,uA,1.7741,1374.2072,1374.2836,1374.3742,1372.4331,-0.0072,-0.0369,35.11,35.38,1.7741,1374.2072,1374.2836,1374.3742,1372.4331,75.0,False,NOMINAL,HEALTHY,-42.94,39.06
MIX_LOT01_COMP1974,LOT_01,MIXED_SIGNAL_IC,CQFP-64,MIX-SIH-2026,THERMAL_BURN_IN,T01_1974,PROC-ISRO-IISU-01,ATE-STATION-01,CHAMBER-01,1.0,125.0,3.3,168,IDDQ,ELECTRICAL,uA,2.1182,1627.7653,1627.8703,1628.0066,1625.6471,0.0102,-0.0295,34.15,33.85,2.1182,1627.7653,1627.8703,1628.0066,1625.6471,75.0,False,NOMINAL,HEALTHY,-1.19,23.64
MIX_LOT01_COMP1975,LOT_01,MIXED_SIGNAL_IC,CQFP-64,MIX-SIH-2026,THERMAL_BURN_IN,T01_1975,PROC-ISRO-IISU-01,ATE-STATION-01,CHAMBER-01,1.0,125.0,3.3,168,IDDQ,ELECTRICAL,uA,2.5258,1943.1507,1943.2339,1943.3471,1940.6249,0.0243,0.049,33.54,33.6,2.5258,1943.1507,1943.2339,1943.3471,1940.6249,75.0,False,NOMINAL,HEALTHY,48.78,13.36
MIX_LOT01_COMP1976,LOT_01,MIXED_SIGNAL_IC,CQFP-64,MIX-SIH-2026,THERMAL_BURN_IN,T01_1976,PROC-ISRO-IISU-01,ATE-STATION-01,CHAMBER-01,1.0,125.0,3.3,168,IDDQ,ELECTRICAL,uA,2.1662,1690.5004,1690.6465,1690.7388,1688.3342,0.0082,0.0303,38.05,38.04,2.1662,1690.5004,1690.6465,1690.7388,1688.3342,75.0,False,NOMINAL,HEALTHY,-32.69,34.14
MIX_LOT01_COMP1977,LOT_01,MIXED_SIGNAL_IC,CQFP-64,MIX-SIH-2026,THERMAL_BURN_IN,T01_1977,PROC-ISRO-IISU-01,ATE-STATION-01,CHAMBER-01,1.0,125.0,3.3,168,IDDQ,ELECTRICAL,uA,2.6119,2005.9497,2006.1154,2006.2619,2003.3378,0.0056,0.0445,35.44,35.25,2.6119,2005.9497,2006.1154,2006.2619,2003.3378,75.0,False,NOMINAL,HEALTHY,29.81,1.57
MIX_LOT01_COMP1978,LOT_01,MIXED_SIGNAL_IC,CQFP-64,MIX-SIH-2026,THERMAL_BURN_IN,T01_1978,PROC-ISRO-IISU-01,ATE-STATION-01,CHAMBER-01,1.0,125.0,3.3,168,IDDQ,ELECTRICAL,uA,1.8124,1405.2841,1405.3523,1405.4336,1403.4717,0.0136,0.056,34.37,35.05,1.8124,1405.2841,1405.3523,1405.4336,1403.4717,75.0,False,NOMINAL,HEALTHY,16.28,4.14
MIX_LOT01_COMP1979,LOT_01,MIXED_SIGNAL_IC,CQFP-64,MIX-SIH-2026,THERMAL_BURN_IN,T01_1979,PROC-ISRO-IISU-01,ATE-STATION-01,CHAMBER-01,1.0,125.0,3.3,168,IDDQ,ELECTRICAL,uA,2.2242,1731.2362,1731.3838,1731.4137,1729.012,0.0093,0.026,38.39,38.92,2.2242,1731.2362,1731.3838,1731.4137,1729.012,75.0,False,NOMINAL,HEALTHY,41.82,49.59
MIX_LOT01_COMP1980,LOT_01,MIXED_SIGNAL_IC,CQFP-64,MIX-SIH-2026,THERMAL_BURN_IN,T01_1980,PROC-ISRO-IISU-01,ATE-STATION-01,CHAMBER-01,1.0,125.0,3.3,168,IDDQ,ELECTRICAL,uA,2.3445,1798.5023,1798.6778,1798.7362,1796.1578,-0.005,-0.0525,35.73,35.64,2.3445,1798.5023,1798.6778,1798.7362,1796.1578,75.0,False,NOMINAL,HEALTHY,27.93,-20.67
MIX_LOT01_COMP1981,LOT_01,MIXED_SIGNAL_IC,CQFP-64,MIX-SIH-2026,THERMAL_BURN_IN,T01_1981,PROC-ISRO-IISU-01,ATE-STATION-01,CHAMBER-01,1.0,125.0,3.3,168,IDDQ,ELECTRICAL,uA,2.1676,1671.0137,1671.1813,1671.2621,1668.8461,-0.0361,0.0224,36.75,37.39,2.1676,1671.0137,1671.1813,1671.2621,1668.8461,75.0,False,NOMINAL,HEALTHY,9.11,12.08
MIX_LOT01_COMP1982,LOT_01,MIXED_SIGNAL_IC,CQFP-64,MIX-SIH-2026,THERMAL_BURN_IN,T01_1982,PROC-ISRO-IISU-01,ATE-STATION-01,CHAMBER-01,1.0,125.0,3.3,168,IDDQ,ELECTRICAL,uA,1.9784,1528.974,1529.0942,1529.2004,1526.9956,0.0157,0.0571,35.79,36.37,1.9784,1528.974,1529.0942,1529.2004,1526.9956,75.0,False,NOMINAL,HEALTHY,47.21,8.83
MIX_LOT01_COMP1983,LOT_01,MIXED_SIGNAL_IC,CQFP-64,MIX-SIH-2026,THERMAL_BURN_IN,T01_1983,PROC-ISRO-IISU-01,ATE-STATION-01,CHAMBER-01,1.0,125.0,3.3,168,IDDQ,ELECTRICAL,uA,1.487,1136.6271,1136.7638,1136.7784,1135.1401,-0.0249,0.0407,34.8,34.45,1.487,1136.6271,1136.7638,1136.7784,1135.1401,75.0,False,NOMINAL,HEALTHY,-4.01,-43.77
MIX_LOT01_COMP1984,LOT_01,MIXED_SIGNAL_IC,CQFP-64,MIX-SIH-2026,THERMAL_BURN_IN,T01_1984,PROC-ISRO-IISU-01,ATE-STATION-01,CHAMBER-01,1.0,125.0,3.3,168,IDDQ,ELECTRICAL,uA,2.059,1600.846,1600.9696,1601.0462,1598.787,0.0055,-0.0234,35.37,35.52,2.059,1600.846,1600.9696,1601.0462,1598.787,75.0,False,NOMINAL,HEALTHY,21.6,42.59
MIX_LOT01_COMP1985,LOT_01,MIXED_SIGNAL_IC,CQFP-64,MIX-SIH-2026,THERMAL_BURN_IN,T01_1985,PROC-ISRO-IISU-01,ATE-STATION-01,CHAMBER-01,1.0,125.0,3.3,168,IDDQ,ELECTRICAL,uA,1.9449,1499.4037,1499.5514,1499.5486,1497.4588,0.0121,0.0112,35.32,35.73,1.9449,1499.4037,1499.5514,1499.5486,1497.4588,75.0,False,NOMINAL,HEALTHY,-39.98,42.75
MIX_LOT01_COMP1986,LOT_01,MIXED_SIGNAL_IC,CQFP-64,MIX-SIH-2026,THERMAL_BURN_IN,T01_1986,PROC-ISRO-IISU-01,ATE-STATION-01,CHAMBER-01,1.0,125.0,3.3,168,IDDQ,ELECTRICAL,uA,2.254,1749.036,1749.1916,1749.2833,1746.782,-0.0281,-0.0484,37.08,36.44,2.254,1749.036,1749.1916,1749.2833,1746.782,75.0,False,NOMINAL,HEALTHY,13.37,-5.89
MIX_LOT01_COMP1987,LOT_01,MIXED_SIGNAL_IC,CQFP-64,MIX-SIH-2026,THERMAL_BURN_IN,T01_1987,PROC-ISRO-IISU-01,ATE-STATION-01,CHAMBER-01,1.0,125.0,3.3,168,IDDQ,ELECTRICAL,uA,2.0131,1543.1962,1543.2874,1543.4246,1541.1831,-0.0188,-0.0213,37.36,36.87,2.0131,1543.1962,1543.2874,1543.4246,1541.1831,75.0,False,NOMINAL,HEALTHY,33.77,3.74
MIX_LOT01_COMP1988,LOT_01,MIXED_SIGNAL_IC,CQFP-64,MIX-SIH-2026,THERMAL_BURN_IN,T01_1988,PROC-ISRO-IISU-01,ATE-STATION-01,CHAMBER-01,1.0,125.0,3.3,168,IDDQ,ELECTRICAL,uA,1.7176,1318.5194,1318.6032,1318.6598,1316.8018,-0.0125,0.0342,34.6,34.83,1.7176,1318.5194,1318.6032,1318.6598,1316.8018,75.0,False,NOMINAL,HEALTHY,-11.61,-10.26
MIX_LOT01_COMP1989,LOT_01,MIXED_SIGNAL_IC,CQFP-64,MIX-SIH-2026,THERMAL_BURN_IN,T01_1989,PROC-ISRO-IISU-01,ATE-STATION-01,CHAMBER-01,1.0,125.0,3.3,168,IDDQ,ELECTRICAL,uA,2.2091,1672.5133,1672.6282,1672.6974,1670.3042,-0.0144,-0.0102,34.41,34.03,2.2091,1672.5133,1672.6282,1672.6974,1670.3042,75.0,False,NOMINAL,HEALTHY,7.14,37.67
MIX_LOT01_COMP1990,LOT_01,MIXED_SIGNAL_IC,CQFP-64,MIX-SIH-2026,THERMAL_BURN_IN,T01_1990,PROC-ISRO-IISU-01,ATE-STATION-01,CHAMBER-01,1.0,125.0,3.3,168,IDDQ,ELECTRICAL,uA,2.118,1641.1622,1641.2692,1641.351,1639.0442,-0.0136,0.0016,34.43,34.58,2.118,1641.1622,1641.2692,1641.351,1639.0442,75.0,False,NOMINAL,HEALTHY,-0.98,-42.16
MIX_LOT01_COMP1991,LOT_01,MIXED_SIGNAL_IC,CQFP-64,MIX-SIH-2026,THERMAL_BURN_IN,T01_1991,PROC-ISRO-IISU-01,ATE-STATION-01,CHAMBER-01,1.0,125.0,3.3,168,IDDQ,ELECTRICAL,uA,2.0501,1574.094,1574.1791,1574.2657,1572.0439,-0.0098,-0.0855,36.41,36.41,2.0501,1574.094,1574.1791,1574.2657,1572.0439,75.0,False,NOMINAL,HEALTHY,34.24,-46.28
MIX_LOT01_COMP1992,LOT_01,MIXED_SIGNAL_IC,CQFP-64,MIX-SIH-2026,THERMAL_BURN_IN,T01_1992,PROC-ISRO-IISU-01,ATE-STATION-01,CHAMBER-01,1.0,125.0,3.3,168,IDDQ,ELECTRICAL,uA,1.8674,1446.4237,1446.58,1446.6219,1444.5563,0.0504,0.0019,35.61,35.1,1.8674,1446.4237,1446.58,1446.6219,1444.5563,75.0,False,NOMINAL,HEALTHY,3.95,44.98
MIX_LOT01_COMP1993,LOT_01,MIXED_SIGNAL_IC,CQFP-64,MIX-SIH-2026,THERMAL_BURN_IN,T01_1993,PROC-ISRO-IISU-01,ATE-STATION-01,CHAMBER-01,1.0,125.0,3.3,168,IDDQ,ELECTRICAL,uA,2.2985,1766.5752,1766.7996,1766.8143,1764.2767,0.0213,0.0097,35.81,35.34,2.2985,1766.5752,1766.7996,1766.8143,1764.2767,75.0,False,NOMINAL,HEALTHY,-27.46,-31.34
MIX_LOT01_COMP1994,LOT_01,MIXED_SIGNAL_IC,CQFP-64,MIX-SIH-2026,THERMAL_BURN_IN,T01_1994,PROC-ISRO-IISU-01,ATE-STATION-01,CHAMBER-01,1.0,125.0,3.3,168,IDDQ,ELECTRICAL,uA,2.3414,1824.0944,1824.2129,1824.295,1821.753,0.0094,0.0913,35.43,35.26,2.3414,1824.0944,1824.2129,1824.295,1821.753,75.0,False,NOMINAL,HEALTHY,15.98,47.3
MIX_LOT01_COMP1995,LOT_01,MIXED_SIGNAL_IC,CQFP-64,MIX-SIH-2026,THERMAL_BURN_IN,T01_1995,PROC-ISRO-IISU-01,ATE-STATION-01,CHAMBER-01,1.0,125.0,3.3,168,IDDQ,ELECTRICAL,uA,1.8032,1390.3726,1390.5453,1390.5901,1388.5694,0.0161,0.0661,34.65,34.22,1.8032,1390.3726,1390.5453,1390.5901,1388.5694,75.0,False,NOMINAL,HEALTHY,-32.4,-38.01
MIX_LOT01_COMP1996,LOT_01,MIXED_SIGNAL_IC,CQFP-64,MIX-SIH-2026,THERMAL_BURN_IN,T01_1996,PROC-ISRO-IISU-01,ATE-STATION-01,CHAMBER-01,1.0,125.0,3.3,168,IDDQ,ELECTRICAL,uA,1.9377,1478.6186,1478.7228,1478.7787,1476.6809,-0.0042,-0.0818,35.12,35.95,1.9377,1478.6186,1478.7228,1478.7787,1476.6809,75.0,False,NOMINAL,HEALTHY,15.56,29.35
MIX_LOT01_COMP1997,LOT_01,MIXED_SIGNAL_IC,CQFP-64,MIX-SIH-2026,THERMAL_BURN_IN,T01_1997,PROC-ISRO-IISU-01,ATE-STATION-01,CHAMBER-01,1.0,125.0,3.3,168,IDDQ,ELECTRICAL,uA,1.6827,1293.6795,1293.7523,1293.8605,1291.9968,-0.0114,0.0212,35.9,35.76,1.6827,1293.6795,1293.7523,1293.8605,1291.9968,75.0,False,NOMINAL,HEALTHY,-48.3,-27.42
MIX_LOT01_COMP1998,LOT_01,MIXED_SIGNAL_IC,CQFP-64,MIX-SIH-2026,THERMAL_BURN_IN,T01_1998,PROC-ISRO-IISU-01,ATE-STATION-01,CHAMBER-01,1.0,125.0,3.3,168,IDDQ,ELECTRICAL,uA,2.0524,1572.259,1572.4343,1572.4694,1570.2066,0.049,0.0692,34.29,33.73,2.0524,1572.259,1572.4343,1572.4694,1570.2066,75.0,False,NOMINAL,HEALTHY,8.97,41.97
MIX_LOT01_COMP1999,LOT_01,MIXED_SIGNAL_IC,CQFP-64,MIX-SIH-2026,THERMAL_BURN_IN,T01_1999,PROC-ISRO-IISU-01,ATE-STATION-01,CHAMBER-01,1.0,125.0,3.3,168,IDDQ,ELECTRICAL,uA,1.7101,1302.3046,1302.385,1302.4709,1300.5945,0.0431,0.0905,35.98,35.57,1.7101,1302.3046,1302.385,1302.4709,1300.5945,75.0,False,NOMINAL,HEALTHY,-27.21,17.41
