component_id,lot_id,device_family,package_type,part_number,test_type,test_id,procedure_id,station_id,chamber_id,test_identity_confidence,stress_temperature_c,stress_voltage_v,duration_hours,primary_parameter,parameter_category,unit,value_0h,value_24h,value_96h,value_168h_actual,delta_value_0_24h,v_offset_0h,v_offset_24h,snr_0h,snr_24h,iddq_0h,iddq_24h,iddq_96h_actual,iddq_168h_actual,delta_iddq,spec_max_iddq,is_defective_gt,failure_mode_gt,instrument_status,wafer_x,wafer_y
PRE_LOT05_COMP0000,LOT_05,PRECISION_VOLTAGE_REF,LCC-20,PRE-SIH-2026,THERMAL_BURN_IN,T05_0000,PROC-ISRO-IISU-01,ATE-STATION-01,CHAMBER-01,1.0,125.0,5.0,168,output_voltage_drift,ELECTRICAL,uV,15.1333,6484.3869,6485.1377,6485.7663,6469.2536,-0.0259,0.043,35.27,35.52,15.1333,6484.3869,6485.1377,6485.7663,6469.2536,100.0,False,NOMINAL,HEALTHY,-36.55,-19.78
PRE_LOT05_COMP0001,LOT_05,PRECISION_VOLTAGE_REF,LCC-20,PRE-SIH-2026,THERMAL_BURN_IN,T05_0001,PROC-ISRO-IISU-01,ATE-STATION-01,CHAMBER-01,1.0,125.0,5.0,168,output_voltage_drift,ELECTRICAL,uV,13.5795,5827.3634,5827.9806,5828.4524,5813.7839,0.002,-0.0681,33.08,32.59,13.5795,5827.3634,5827.9806,5828.4524,5813.7839,100.0,False,NOMINAL,HEALTHY,-2.84,-37.14
PRE_LOT05_COMP0002,LOT_05,PRECISION_VOLTAGE_REF,LCC-20,PRE-SIH-2026,THERMAL_BURN_IN,T05_0002,PROC-ISRO-IISU-01,ATE-STATION-01,CHAMBER-01,1.0,125.0,5.0,168,output_voltage_drift,ELECTRICAL,uV,12.578,5400.2933,5400.8782,5401.3929,5387.7153,0.0046,-0.0178,35.46,35.33,12.578,5400.2933,5400.8782,5401.3929,5387.7153,100.0,False,NOMINAL,HEALTHY,-7.43,4.48
PRE_LOT05_COMP0003,LOT_05,PRECISION_VOLTAGE_REF,LCC-20,PRE-SIH-2026,THERMAL_BURN_IN,T05_0003,PROC-ISRO-IISU-01,ATE-STATION-01,CHAMBER-01,1.0,125.0,5.0,168,output_voltage_drift,ELECTRICAL,uV,12.0543,5160.7604,5170.2531,5320.903,5148.7061,-0.0305,-0.0444,35.81,35.58,12.0543,5160.7604,5170.2531,5320.903,5148.7061,100.0,True,THERMAL_RUNAWAY,HEALTHY,-36.44,-14.44
PRE_LOT05_COMP0004,LOT_05,PRECISION_VOLTAGE_REF,LCC-20,PRE-SIH-2026,THERMAL_BURN_IN,T05_0004,PROC-ISRO-IISU-01,ATE-STATION-01,CHAMBER-01,1.0,125.0,5.0,168,output_voltage_drift,ELECTRICAL,uV,12.108,5188.5334,5189.0732,5189.5471,5176.4254,-0.016,0.0409,33.34,34.12,12.108,5188.5334,5189.0732,5189.5471,5176.4254,100.0,False,NOMINAL,HEALTHY,-36.8,26.39
PRE_LOT05_COMP0005,LOT_05,PRECISION_VOLTAGE_REF,LCC-20,PRE-SIH-2026,THERMAL_BURN_IN,T05_0005,PROC-ISRO-IISU-01,ATE-STATION-01,CHAMBER-01,1.0,125.0,5.0,168,output_voltage_drift,ELECTRICAL,uV,11.9166,5104.814,5105.3702,5105.794,5092.8974,0.0521,0.1051,35.1,35.0,11.9166,5104.814,5105.3702,5105.794,5092.8974,100.0,False,NOMINAL,HEALTHY,-49.73,44.54
PRE_LOT05_COMP0006,LOT_05,PRECISION_VOLTAGE_REF,LCC-20,PRE-SIH-2026,THERMAL_BURN_IN,T05_0006,PROC-ISRO-IISU-01,ATE-STATION-01,CHAMBER-01,1.0,125.0,5.0,168,output_voltage_drift,ELECTRICAL,uV,13.597,5831.6501,5832.375,5832.9598,5818.0531,0.0058,0.0094,35.7,36.05,13.597,5831.6501,5832.375,5832.9598,5818.0531,100.0,False,NOMINAL,HEALTHY,32.46,-49.81
PRE_LOT05_COMP0007,LOT_05,PRECISION_VOLTAGE_REF,LCC-20,PRE-SIH-2026,THERMAL_BURN_IN,T05_0007,PROC-ISRO-IISU-01,ATE-STATION-01,CHAMBER-01,1.0,125.0,5.0,168,output_voltage_drift,ELECTRICAL,uV,12.5412,5369.0127,5369.6569,5370.156,5356.4715,0.0353,0.0088,37.46,36.95,12.5412,5369.0127,5369.6569,5370.156,5356.4715,100.0,False,NOMINAL,HEALTHY,16.13,39.67
PRE_LOT05_COMP0008,LOT_05,PRECISION_VOLTAGE_REF,LCC-20,PRE-SIH-2026,THERMAL_BURN_IN,T05_0008,PROC-ISRO-IISU-01,ATE-STATION-01,CHAMBER-01,1.0,125.0,5.0,168,output_voltage_drift,ELECTRICAL,uV,13.4963,5791.1569,5791.8859,5792.3974,5777.6606,0.0018,0.0205,35.6,35.47,13.4963,5791.1569,5791.8859,5792.3974,5777.6606,100.0,False,NOMINAL,HEALTHY,-26.82,-1.64
PRE_LOT05_COMP0009,LOT_05,PRECISION_VOLTAGE_REF,LCC-20,PRE-SIH-2026,THERMAL_BURN_IN,T05_0009,PROC-ISRO-IISU-01,ATE-STATION-01,CHAMBER-01,1.0,125.0,5.0,168,output_voltage_drift,ELECTRICAL,uV,17.6069,7557.8547,7558.8849,7559.6584,7540.2478,-0.0051,-0.0003,36.44,36.28,17.6069,7557.8547,7558.8849,7559.6584,7540.2478,100.0,False,NOMINAL,HEALTHY,16.94,48.21
PRE_LOT05_COMP0010,LOT_05,PRECISION_VOLTAGE_REF,LCC-20,PRE-SIH-2026,THERMAL_BURN_IN,T05_0010,PROC-ISRO-IISU-01,ATE-STATION-01,CHAMBER-01,1.0,125.0,5.0,168,output_voltage_drift,ELECTRICAL,uV,13.2195,5667.8298,5668.4249,5668.8947,5654.6103,-0.0026,-0.0142,35.55,35.11,13.2195,5667.8298,5668.4249,5668.8947,5654.6103,100.0,False,NOMINAL,HEALTHY,-20.68,-34.72
PRE_LOT05_COMP0011,LOT_05,PRECISION_VOLTAGE_REF,LCC-20,PRE-SIH-2026,THERMAL_BURN_IN,T05_0011,PROC-ISRO-IISU-01,ATE-STATION-01,CHAMBER-01,1.0,125.0,5.0,168,output_voltage_drift,ELECTRICAL,uV,13.2474,5676.3639,5676.9848,5677.5386,5663.1165,0.0092,-0.0477,35.63,35.46,13.2474,5676.3639,5676.9848,5677.5386,5663.1165,100.0,False,NOMINAL,HEALTHY,-40.0,-1.26
PRE_LOT05_COMP0012,LOT_05,PRECISION_VOLTAGE_REF,LCC-20,PRE-SIH-2026,THERMAL_BURN_IN,T05_0012,PROC-ISRO-IISU-01,ATE-STATION-01,CHAMBER-01,1.0,125.0,5.0,168,output_voltage_drift,ELECTRICAL,uV,15.0295,6441.9846,6442.6741,6443.2883,6426.9551,0.0033,0.0625,34.66,33.83,15.0295,6441.9846,6442.6741,6443.2883,6426.9551,100.0,False,NOMINAL,HEALTHY,-28.49,-9.02
PRE_LOT05_COMP0013,LOT_05,PRECISION_VOLTAGE_REF,LCC-20,PRE-SIH-2026,THERMAL_BURN_IN,T05_0013,PROC-ISRO-IISU-01,ATE-STATION-01,CHAMBER-01,1.0,125.0,5.0,168,output_voltage_drift,ELECTRICAL,uV,12.8071,5492.467,5493.0989,5493.4889,5479.6599,-0.0086,0.0357,37.12,37.93,12.8071,5492.467,5493.0989,5493.4889,5479.6599,100.0,False,NOMINAL,HEALTHY,12.88,10.1
PRE_LOT05_COMP0014,LOT_05,PRECISION_VOLTAGE_REF,LCC-20,PRE-SIH-2026,THERMAL_BURN_IN,T05_0014,PROC-ISRO-IISU-01,ATE-STATION-01,CHAMBER-01,1.0,125.0,5.0,168,output_voltage_drift,ELECTRICAL,uV,11.8546,5080.5005,5081.0965,5081.4592,5068.6459,0.0312,0.0625,33.4,33.68,11.8546,5080.5005,5081.0965,5081.4592,5068.6459,100.0,False,NOMINAL,HEALTHY,2.47,-49.14
PRE_LOT05_COMP0015,LOT_05,PRECISION_VOLTAGE_REF,LCC-20,PRE-SIH-2026,THERMAL_BURN_IN,T05_0015,PROC-ISRO-IISU-01,ATE-STATION-01,CHAMBER-01,1.0,125.0,5.0,168,output_voltage_drift,ELECTRICAL,uV,15.752,6749.192,6749.9467,6750.5279,6733.44,-0.0259,0.0727,33.44,33.67,15.752,6749.192,6749.9467,6750.5279,6733.44,100.0,False,NOMINAL,HEALTHY,25.88,-34.79
PRE_LOT05_COMP0016,LOT_05,PRECISION_VOLTAGE_REF,LCC-20,PRE-SIH-2026,THERMAL_BURN_IN,T05_0016,PROC-ISRO-IISU-01,ATE-STATION-01,CHAMBER-01,1.0,125.0,5.0,168,output_voltage_drift,ELECTRICAL,uV,15.2784,6548.4818,6549.1926,6549.659,6533.2034,0.0228,0.0142,34.87,34.5,15.2784,6548.4818,6549.1926,6549.659,6533.2034,100.0,False,NOMINAL,HEALTHY,4.04,4.53
PRE_LOT05_COMP0017,LOT_05,PRECISION_VOLTAGE_REF,LCC-20,PRE-SIH-2026,THERMAL_BURN_IN,T05_0017,PROC-ISRO-IISU-01,ATE-STATION-01,CHAMBER-01,1.0,125.0,5.0,168,output_voltage_drift,ELECTRICAL,uV,13.5212,5801.7868,5802.4207,5802.9723,5788.2656,-0.0088,-0.03,34.87,34.93,13.5212,5801.7868,5802.4207,5802.9723,5788.2656,100.0,False,NOMINAL,HEALTHY,-16.17,31.01
PRE_LOT05_COMP0018,LOT_05,PRECISION_VOLTAGE_REF,LCC-20,PRE-SIH-2026,THERMAL_BURN_IN,T05_0018,PROC-ISRO-IISU-01,ATE-STATION-01,CHAMBER-01,1.0,125.0,5.0,168,output_voltage_drift,ELECTRICAL,uV,13.7939,5907.4357,5908.0861,5908.6027,5893.6418,-0.0151,-0.0284,34.06,34.11,13.7939,5907.4357,5908.0861,5908.6027,5893.6418,100.0,False,NOMINAL,HEALTHY,-14.61,41.98
PRE_LOT05_COMP0019,LOT_05,PRECISION_VOLTAGE_REF,LCC-20,PRE-SIH-2026,THERMAL_BURN_IN,T05_0019,PROC-ISRO-IISU-01,ATE-STATION-01,CHAMBER-01,1.0,125.0,5.0,168,output_voltage_drift,ELECTRICAL,uV,14.3449,6154.6202,6155.3498,6155.8855,6140.2753,0.0229,0.0668,36.15,36.23,14.3449,6154.6202,6155.3498,6155.8855,6140.2753,100.0,False,NOMINAL,HEALTHY,-29.77,37.6
PRE_LOT05_COMP0020,LOT_05,PRECISION_VOLTAGE_REF,LCC-20,PRE-SIH-2026,THERMAL_BURN_IN,T05_0020,PROC-ISRO-IISU-01,ATE-STATION-01,CHAMBER-01,1.0,125.0,5.0,168,output_voltage_drift,ELECTRICAL,uV,15.3346,6575.5969,6576.2696,6576.7742,6560.2623,0.0117,-0.0967,36.05,35.01,15.3346,6575.5969,6576.2696,6576.7742,6560.2623,100.0,False,NOMINAL,HEALTHY,-35.13,-45.95
PRE_LOT05_COMP0021,LOT_05,PRECISION_VOLTAGE_REF,LCC-20,PRE-SIH-2026,THERMAL_BURN_IN,T05_0021,PROC-ISRO-IISU-01,ATE-STATION-01,CHAMBER-01,1.0,125.0,5.0,168,output_voltage_drift,ELECTRICAL,uV,12.3202,5275.8863,5276.5376,5276.9981,5263.5661,0.016,0.0417,33.87,33.65,12.3202,5275.8863,5276.5376,5276.9981,5263.5661,100.0,False,NOMINAL,HEALTHY,16.48,35.52
PRE_LOT05_COMP0022,LOT_05,PRECISION_VOLTAGE_REF,LCC-20,PRE-SIH-2026,THERMAL_BURN_IN,T05_0022,PROC-ISRO-IISU-01,ATE-STATION-01,CHAMBER-01,1.0,125.0,5.0,168,output_voltage_drift,ELECTRICAL,uV,11.7675,5050.2165,5050.7776,5051.177,5038.449,-0.0176,-0.0467,35.26,35.78,11.7675,5050.2165,5050.7776,5051.177,5038.449,100.0,False,NOMINAL,HEALTHY,-18.85,-41.43
PRE_LOT05_COMP0023,LOT_05,PRECISION_VOLTAGE_REF,LCC-20,PRE-SIH-2026,THERMAL_BURN_IN,T05_0023,PROC-ISRO-IISU-01,ATE-STATION-01,CHAMBER-01,1.0,125.0,5.0,168,output_voltage_drift,ELECTRICAL,uV,15.236,6533.6208,6534.32,6534.8114,6518.3848,0.0052,-0.0195,34.34,34.45,15.236,6533.6208,6534.32,6534.8114,6518.3848,100.0,False,NOMINAL,HEALTHY,-25.91,32.76
PRE_LOT05_COMP0024,LOT_05,PRECISION_VOLTAGE_REF,LCC-20,PRE-SIH-2026,THERMAL_BURN_IN,T05_0024,PROC-ISRO-IISU-01,ATE-STATION-01,CHAMBER-01,1.0,125.0,5.0,168,output_voltage_drift,ELECTRICAL,uV,14.4301,6188.1781,6188.8921,6189.4344,6173.748,-0.017,0.0262,35.75,35.14,14.4301,6188.1781,6188.8921,6189.4344,6173.748,100.0,False,NOMINAL,HEALTHY,-2.03,-45.71
PRE_LOT05_COMP0025,LOT_05,PRECISION_VOLTAGE_REF,LCC-20,PRE-SIH-2026,THERMAL_BURN_IN,T05_0025,PROC-ISRO-IISU-01,ATE-STATION-01,CHAMBER-01,1.0,125.0,5.0,168,output_voltage_drift,ELECTRICAL,uV,13.4741,5781.3288,5781.9426,5782.4865,5767.8547,0.0033,-0.054,33.49,33.07,13.4741,5781.3288,5781.9426,5782.4865,5767.8547,100.0,False,NOMINAL,HEALTHY,-20.84,33.43
PRE_LOT05_COMP0026,LOT_05,PRECISION_VOLTAGE_REF,LCC-20,PRE-SIH-2026,THERMAL_BURN_IN,T05_0026,PROC-ISRO-IISU-01,ATE-STATION-01,CHAMBER-01,1.0,125.0,5.0,168,output_voltage_drift,ELECTRICAL,uV,12.2397,5250.1985,5250.8508,5251.2998,5237.9588,-0.0033,0.0395,34.29,34.16,12.2397,5250.1985,5250.8508,5251.2998,5237.9588,100.0,False,NOMINAL,HEALTHY,24.17,-1.41
PRE_LOT05_COMP0027,LOT_05,PRECISION_VOLTAGE_REF,LCC-20,PRE-SIH-2026,THERMAL_BURN_IN,T05_0027,PROC-ISRO-IISU-01,ATE-STATION-01,CHAMBER-01,1.0,125.0,5.0,168,output_voltage_drift,ELECTRICAL,uV,15.7674,6763.6905,6764.4125,6764.9673,6747.9231,-0.0115,0.0074,34.49,34.36,15.7674,6763.6905,6764.4125,6764.9673,6747.9231,100.0,False,NOMINAL,HEALTHY,44.37,-12.25
PRE_LOT05_COMP0028,LOT_05,PRECISION_VOLTAGE_REF,LCC-20,PRE-SIH-2026,THERMAL_BURN_IN,T05_0028,PROC-ISRO-IISU-01,ATE-STATION-01,CHAMBER-01,1.0,125.0,5.0,168,output_voltage_drift,ELECTRICAL,uV,13.984,5998.519,5999.1505,5999.6117,5984.535,-0.0445,-0.0403,34.98,34.31,13.984,5998.519,5999.1505,5999.6117,5984.535,100.0,False,NOMINAL,HEALTHY,48.89,-37.23
PRE_LOT05_COMP0029,LOT_05,PRECISION_VOLTAGE_REF,LCC-20,PRE-SIH-2026,THERMAL_BURN_IN,T05_0029,PROC-ISRO-IISU-01,ATE-STATION-01,CHAMBER-01,1.0,125.0,5.0,168,output_voltage_drift,ELECTRICAL,uV,14.7856,6339.246,6339.9279,6340.4757,6324.4604,-0.0003,0.0275,33.6,34.06,14.7856,6339.246,6339.9279,6340.4757,6324.4604,100.0,False,NOMINAL,HEALTHY,-44.28,8.63
PRE_LOT05_COMP0030,LOT_05,PRECISION_VOLTAGE_REF,LCC-20,PRE-SIH-2026,THERMAL_BURN_IN,T05_0030,PROC-ISRO-IISU-01,ATE-STATION-01,CHAMBER-01,1.0,125.0,5.0,168,output_voltage_drift,ELECTRICAL,uV,18.6113,7981.8094,7982.6395,7983.133,7963.1981,0.0068,0.0278,35.65,35.37,18.6113,7981.8094,7982.6395,7983.133,7963.1981,100.0,False,NOMINAL,HEALTHY,9.7,-28.53
PRE_LOT05_COMP0031,LOT_05,PRECISION_VOLTAGE_REF,LCC-20,PRE-SIH-2026,THERMAL_BURN_IN,T05_0031,PROC-ISRO-IISU-01,ATE-STATION-01,CHAMBER-01,1.0,125.0,5.0,168,output_voltage_drift,ELECTRICAL,uV,12.2685,5258.7034,5259.372,5259.7755,5246.4349,0.0396,-0.0053,33.51,33.88,12.2685,5258.7034,5259.372,5259.7755,5246.4349,100.0,False,NOMINAL,HEALTHY,8.58,-16.72
PRE_LOT05_COMP0032,LOT_05,PRECISION_VOLTAGE_REF,LCC-20,PRE-SIH-2026,THERMAL_BURN_IN,T05_0032,PROC-ISRO-IISU-01,ATE-STATION-01,CHAMBER-01,1.0,125.0,5.0,168,output_voltage_drift,ELECTRICAL,uV,14.713,6311.4178,6312.1443,6312.6909,6296.7048,-0.0023,0.0224,37.58,38.19,14.713,6311.4178,6312.1443,6312.6909,6296.7048,100.0,False,NOMINAL,HEALTHY,-49.44,-5.06
PRE_LOT05_COMP0033,LOT_05,PRECISION_VOLTAGE_REF,LCC-20,PRE-SIH-2026,THERMAL_BURN_IN,T05_0033,PROC-ISRO-IISU-01,ATE-STATION-01,CHAMBER-01,1.0,125.0,5.0,168,output_voltage_drift,ELECTRICAL,uV,14.1725,6076.9507,6077.6112,6078.1506,6062.7782,0.0349,0.0327,35.33,35.47,14.1725,6076.9507,6077.6112,6078.1506,6062.7782,100.0,False,NOMINAL,HEALTHY,-20.72,-40.67
PRE_LOT05_COMP0034,LOT_05,PRECISION_VOLTAGE_REF,LCC-20,PRE-SIH-2026,THERMAL_BURN_IN,T05_0034,PROC-ISRO-IISU-01,ATE-STATION-01,CHAMBER-01,1.0,125.0,5.0,168,output_voltage_drift,ELECTRICAL,uV,10.7109,4588.9823,4589.4965,4589.8579,4578.2714,0.0021,-0.0302,33.48,33.5,10.7109,4588.9823,4589.4965,4589.8579,4578.2714,100.0,False,NOMINAL,HEALTHY,-42.73,39.64
PRE_LOT05_COMP0035,LOT_05,PRECISION_VOLTAGE_REF,LCC-20,PRE-SIH-2026,THERMAL_BURN_IN,T05_0035,PROC-ISRO-IISU-01,ATE-STATION-01,CHAMBER-01,1.0,125.0,5.0,168,output_voltage_drift,ELECTRICAL,uV,13.3439,5711.1516,5711.7967,5712.3056,5697.8077,0.0026,-0.0459,33.74,33.84,13.3439,5711.1516,5711.7967,5712.3056,5697.8077,100.0,False,NOMINAL,HEALTHY,21.85,-46.83
PRE_LOT05_COMP0036,LOT_05,PRECISION_VOLTAGE_REF,LCC-20,PRE-SIH-2026,THERMAL_BURN_IN,T05_0036,PROC-ISRO-IISU-01,ATE-STATION-01,CHAMBER-01,1.0,125.0,5.0,168,output_voltage_drift,ELECTRICAL,uV,13.9185,5972.2813,5973.0125,5973.5313,5958.3628,0.0088,0.002,35.17,35.47,13.9185,5972.2813,5973.0125,5973.5313,5958.3628,100.0,False,NOMINAL,HEALTHY,0.29,2.83
PRE_LOT05_COMP0037,LOT_05,PRECISION_VOLTAGE_REF,LCC-20,PRE-SIH-2026,THERMAL_BURN_IN,T05_0037,PROC-ISRO-IISU-01,ATE-STATION-01,CHAMBER-01,1.0,125.0,5.0,168,output_voltage_drift,ELECTRICAL,uV,13.7569,5898.7373,5899.3679,5899.8867,5884.9804,0.0209,0.0004,34.29,35.21,13.7569,5898.7373,5899.3679,5899.8867,5884.9804,100.0,False,NOMINAL,HEALTHY,35.32,-43.5
PRE_LOT05_COMP0038,LOT_05,PRECISION_VOLTAGE_REF,LCC-20,PRE-SIH-2026,THERMAL_BURN_IN,T05_0038,PROC-ISRO-IISU-01,ATE-STATION-01,CHAMBER-01,1.0,125.0,5.0,168,output_voltage_drift,ELECTRICAL,uV,14.0641,6027.7555,6028.4293,6028.8959,6013.6914,-0.0162,0.0166,36.23,36.02,14.0641,6027.7555,6028.4293,6028.8959,6013.6914,100.0,False,NOMINAL,HEALTHY,9.47,29.06
PRE_LOT05_COMP0039,LOT_05,PRECISION_VOLTAGE_REF,LCC-20,PRE-SIH-2026,THERMAL_BURN_IN,T05_0039,PROC-ISRO-IISU-01,ATE-STATION-01,CHAMBER-01,1.0,125.0,5.0,168,output_voltage_drift,ELECTRICAL,uV,14.0731,6029.7441,6030.4203,6030.9233,6015.671,0.0181,0.01,37.97,37.56,14.0731,6029.7441,6030.4203,6030.9233,6015.671,100.0,False,NOMINAL,HEALTHY,7.27,-41.42
PRE_LOT05_COMP0040,LOT_05,PRECISION_VOLTAGE_REF,LCC-20,PRE-SIH-2026,THERMAL_BURN_IN,T05_0040,PROC-ISRO-IISU-01,ATE-STATION-01,CHAMBER-01,1.0,125.0,5.0,168,output_voltage_drift,ELECTRICAL,uV,16.8295,7224.1507,7224.9901,7225.6001,7207.3212,0.0072,0.0476,34.39,34.21,16.8295,7224.1507,7224.9901,7225.6001,7207.3212,100.0,False,NOMINAL,HEALTHY,-42.43,-7.79
PRE_LOT05_COMP0041,LOT_05,PRECISION_VOLTAGE_REF,LCC-20,PRE-SIH-2026,THERMAL_BURN_IN,T05_0041,PROC-ISRO-IISU-01,ATE-STATION-01,CHAMBER-01,1.0,125.0,5.0,168,output_voltage_drift,ELECTRICAL,uV,15.8497,6788.9026,6789.5761,6790.142,6773.0529,0.0141,-0.0382,33.9,33.71,15.8497,6788.9026,6789.5761,6790.142,6773.0529,100.0,False,NOMINAL,HEALTHY,-41.57,47.93
PRE_LOT05_COMP0042,LOT_05,PRECISION_VOLTAGE_REF,LCC-20,PRE-SIH-2026,THERMAL_BURN_IN,T05_0042,PROC-ISRO-IISU-01,ATE-STATION-01,CHAMBER-01,1.0,125.0,5.0,168,output_voltage_drift,ELECTRICAL,uV,15.2862,6563.3041,6563.9669,6564.4486,6548.0179,0.0021,0.0195,34.23,33.73,15.2862,6563.3041,6563.9669,6564.4486,6548.0179,100.0,False,NOMINAL,HEALTHY,-33.66,14.23
PRE_LOT05_COMP0043,LOT_05,PRECISION_VOLTAGE_REF,LCC-20,PRE-SIH-2026,THERMAL_BURN_IN,T05_0043,PROC-ISRO-IISU-01,ATE-STATION-01,CHAMBER-01,1.0,125.0,5.0,168,output_voltage_drift,ELECTRICAL,uV,15.5973,6691.3368,6692.0794,6692.7159,6675.7395,-0.0368,-0.0307,35.53,36.4,15.5973,6691.3368,6692.0794,6692.7159,6675.7395,100.0,False,NOMINAL,HEALTHY,42.19,29.78
PRE_LOT05_COMP0044,LOT_05,PRECISION_VOLTAGE_REF,LCC-20,PRE-SIH-2026,THERMAL_BURN_IN,T05_0044,PROC-ISRO-IISU-01,ATE-STATION-01,CHAMBER-01,1.0,125.0,5.0,168,output_voltage_drift,ELECTRICAL,uV,12.5935,5399.6113,5400.2798,5400.7252,5387.0178,-0.0023,0.0212,36.15,36.57,12.5935,5399.6113,5400.2798,5400.7252,5387.0178,100.0,False,NOMINAL,HEALTHY,-42.48,-1.72
PRE_LOT05_COMP0045,LOT_05,PRECISION_VOLTAGE_REF,LCC-20,PRE-SIH-2026,THERMAL_BURN_IN,T05_0045,PROC-ISRO-IISU-01,ATE-STATION-01,CHAMBER-01,1.0,125.0,5.0,168,output_voltage_drift,ELECTRICAL,uV,10.1208,4336.5429,4337.0661,4337.4139,4326.4221,0.0058,0.0234,36.59,37.0,10.1208,4336.5429,4337.0661,4337.4139,4326.4221,100.0,False,NOMINAL,HEALTHY,12.03,-35.5
PRE_LOT05_COMP0046,LOT_05,PRECISION_VOLTAGE_REF,LCC-20,PRE-SIH-2026,THERMAL_BURN_IN,T05_0046,PROC-ISRO-IISU-01,ATE-STATION-01,CHAMBER-01,1.0,125.0,5.0,168,output_voltage_drift,ELECTRICAL,uV,13.9987,6005.2904,6006.0109,6006.5195,5991.2917,0.005,-0.0239,35.94,36.21,13.9987,6005.2904,6006.0109,6006.5195,5991.2917,100.0,False,NOMINAL,HEALTHY,-32.01,17.16
PRE_LOT05_COMP0047,LOT_05,PRECISION_VOLTAGE_REF,LCC-20,PRE-SIH-2026,THERMAL_BURN_IN,T05_0047,PROC-ISRO-IISU-01,ATE-STATION-01,CHAMBER-01,1.0,125.0,5.0,168,output_voltage_drift,ELECTRICAL,uV,14.7067,6295.0746,6295.6692,6296.1071,6280.3679,0.008,0.05,37.72,38.03,14.7067,6295.0746,6295.6692,6296.1071,6280.3679,100.0,False,NOMINAL,HEALTHY,-21.16,2.11
PRE_LOT05_COMP0048,LOT_05,PRECISION_VOLTAGE_REF,LCC-20,PRE-SIH-2026,THERMAL_BURN_IN,T05_0048,PROC-ISRO-IISU-01,ATE-STATION-01,CHAMBER-01,1.0,125.0,5.0,168,output_voltage_drift,ELECTRICAL,uV,16.7109,7170.2666,7171.252,7171.9837,7153.5557,-0.0156,-0.0414,36.23,35.83,16.7109,7170.2666,7171.252,7171.9837,7153.5557,100.0,False,NOMINAL,HEALTHY,-10.66,12.95
PRE_LOT05_COMP0049,LOT_05,PRECISION_VOLTAGE_REF,LCC-20,PRE-SIH-2026,THERMAL_BURN_IN,T05_0049,PROC-ISRO-IISU-01,ATE-STATION-01,CHAMBER-01,1.0,125.0,5.0,168,output_voltage_drift,ELECTRICAL,uV,13.3815,5726.2487,5726.7859,5727.2395,5712.8672,-0.0051,-0.0699,36.48,36.71,13.3815,5726.2487,5726.7859,5727.2395,5712.8672,100.0,False,NOMINAL,HEALTHY,-34.0,3.7
PRE_LOT05_COMP0050,LOT_05,PRECISION_VOLTAGE_REF,LCC-20,PRE-SIH-2026,THERMAL_BURN_IN,T05_0050,PROC-ISRO-IISU-01,ATE-STATION-01,CHAMBER-01,1.0,125.0,5.0,168,output_voltage_drift,ELECTRICAL,uV,15.2271,6532.8807,6533.5643,6534.0108,6517.6536,-0.0077,-0.0353,34.05,34.35,15.2271,6532.8807,6533.5643,6534.0108,6517.6536,100.0,False,NOMINAL,HEALTHY,1.53,44.89
PRE_LOT05_COMP0051,LOT_05,PRECISION_VOLTAGE_REF,LCC-20,PRE-SIH-2026,THERMAL_BURN_IN,T05_0051,PROC-ISRO-IISU-01,ATE-STATION-01,CHAMBER-01,1.0,125.0,5.0,168,output_voltage_drift,ELECTRICAL,uV,13.5216,5804.9804,5805.6687,5806.2161,5791.4588,0.0277,0.0309,33.98,33.39,13.5216,5804.9804,5805.6687,5806.2161,5791.4588,100.0,False,NOMINAL,HEALTHY,48.99,40.08
PRE_LOT05_COMP0052,LOT_05,PRECISION_VOLTAGE_REF,LCC-20,PRE-SIH-2026,THERMAL_BURN_IN,T05_0052,PROC-ISRO-IISU-01,ATE-STATION-01,CHAMBER-01,1.0,125.0,5.0,168,output_voltage_drift,ELECTRICAL,uV,14.6431,6281.1106,6281.8293,6282.2554,6266.4675,-0.0095,-0.0692,33.01,32.98,14.6431,6281.1106,6281.8293,6282.2554,6266.4675,100.0,False,NOMINAL,HEALTHY,-38.9,-47.15
PRE_LOT05_COMP0053,LOT_05,PRECISION_VOLTAGE_REF,LCC-20,PRE-SIH-2026,THERMAL_BURN_IN,T05_0053,PROC-ISRO-IISU-01,ATE-STATION-01,CHAMBER-01,1.0,125.0,5.0,168,output_voltage_drift,ELECTRICAL,uV,14.4115,6183.8028,6184.448,6184.9233,6169.3913,0.0071,-0.0694,33.73,34.24,14.4115,6183.8028,6184.448,6184.9233,6169.3913,100.0,False,NOMINAL,HEALTHY,-43.3,33.2
PRE_LOT05_COMP0054,LOT_05,PRECISION_VOLTAGE_REF,LCC-20,PRE-SIH-2026,THERMAL_BURN_IN,T05_0054,PROC-ISRO-IISU-01,ATE-STATION-01,CHAMBER-01,1.0,125.0,5.0,168,output_voltage_drift,ELECTRICAL,uV,13.3012,5704.6464,5705.2348,5705.6936,5691.3452,-0.0039,-0.0205,36.49,36.8,13.3012,5704.6464,5705.2348,5705.6936,5691.3452,100.0,False,NOMINAL,HEALTHY,-31.06,-32.37
PRE_LOT05_COMP0055,LOT_05,PRECISION_VOLTAGE_REF,LCC-20,PRE-SIH-2026,THERMAL_BURN_IN,T05_0055,PROC-ISRO-IISU-01,ATE-STATION-01,CHAMBER-01,1.0,125.0,5.0,168,output_voltage_drift,ELECTRICAL,uV,15.9977,6857.4578,6858.1966,6858.6804,6841.4601,-0.0094,0.0082,35.22,36.61,15.9977,6857.4578,6858.1966,6858.6804,6841.4601,100.0,False,NOMINAL,HEALTHY,10.17,-9.25
PRE_LOT05_COMP0056,LOT_05,PRECISION_VOLTAGE_REF,LCC-20,PRE-SIH-2026,THERMAL_BURN_IN,T05_0056,PROC-ISRO-IISU-01,ATE-STATION-01,CHAMBER-01,1.0,125.0,5.0,168,output_voltage_drift,ELECTRICAL,uV,11.6232,4977.6476,4978.1539,4978.5091,4966.0244,0.0003,0.0378,36.27,36.44,11.6232,4977.6476,4978.1539,4978.5091,4966.0244,100.0,False,NOMINAL,HEALTHY,20.0,-2.64
PRE_LOT05_COMP0057,LOT_05,PRECISION_VOLTAGE_REF,LCC-20,PRE-SIH-2026,THERMAL_BURN_IN,T05_0057,PROC-ISRO-IISU-01,ATE-STATION-01,CHAMBER-01,1.0,125.0,5.0,168,output_voltage_drift,ELECTRICAL,uV,12.8252,5508.0326,5508.7325,5509.2627,5495.2074,-0.0243,0.0155,36.5,36.75,12.8252,5508.0326,5508.7325,5509.2627,5495.2074,100.0,False,NOMINAL,HEALTHY,14.0,-44.87
PRE_LOT05_COMP0058,LOT_05,PRECISION_VOLTAGE_REF,LCC-20,PRE-SIH-2026,THERMAL_BURN_IN,T05_0058,PROC-ISRO-IISU-01,ATE-STATION-01,CHAMBER-01,1.0,125.0,5.0,168,output_voltage_drift,ELECTRICAL,uV,12.2818,5263.6296,5264.1964,5264.6696,5251.3478,-0.0008,-0.0233,35.68,36.39,12.2818,5263.6296,5264.1964,5264.6696,5251.3478,100.0,False,NOMINAL,HEALTHY,-1.36,-44.4
PRE_LOT05_COMP0059,LOT_05,PRECISION_VOLTAGE_REF,LCC-20,PRE-SIH-2026,THERMAL_BURN_IN,T05_0059,PROC-ISRO-IISU-01,ATE-STATION-01,CHAMBER-01,1.0,125.0,5.0,168,output_voltage_drift,ELECTRICAL,uV,13.8028,5919.2831,5919.9447,5920.4479,5905.4803,-0.008,0.0145,33.62,33.48,13.8028,5919.2831,5919.9447,5920.4479,5905.4803,100.0,False,NOMINAL,HEALTHY,-38.96,-17.09
PRE_LOT05_COMP0060,LOT_05,PRECISION_VOLTAGE_REF,LCC-20,PRE-SIH-2026,THERMAL_BURN_IN,T05_0060,PROC-ISRO-IISU-01,ATE-STATION-01,CHAMBER-01,1.0,125.0,5.0,168,output_voltage_drift,ELECTRICAL,uV,15.9111,6814.3525,6815.0827,6815.6047,6798.4414,0.0017,-0.0156,36.02,35.84,15.9111,6814.3525,6815.0827,6815.6047,6798.4414,100.0,False,NOMINAL,HEALTHY,-3.22,-0.45
PRE_LOT05_COMP0061,LOT_05,PRECISION_VOLTAGE_REF,LCC-20,PRE-SIH-2026,THERMAL_BURN_IN,T05_0061,PROC-ISRO-IISU-01,ATE-STATION-01,CHAMBER-01,1.0,125.0,5.0,168,output_voltage_drift,ELECTRICAL,uV,14.3489,6147.7015,6148.3039,6148.8147,6133.3526,-0.0131,-0.0261,33.67,32.78,14.3489,6147.7015,6148.3039,6148.8147,6133.3526,100.0,False,NOMINAL,HEALTHY,-29.78,36.16
PRE_LOT05_COMP0062,LOT_05,PRECISION_VOLTAGE_REF,LCC-20,PRE-SIH-2026,THERMAL_BURN_IN,T05_0062,PROC-ISRO-IISU-01,ATE-STATION-01,CHAMBER-01,1.0,125.0,5.0,168,output_voltage_drift,ELECTRICAL,uV,15.8176,6775.0622,6775.8157,6776.4256,6759.2446,-0.0145,0.0216,33.56,34.12,15.8176,6775.0622,6775.8157,6776.4256,6759.2446,100.0,False,NOMINAL,HEALTHY,30.93,-11.51
PRE_LOT05_COMP0063,LOT_05,PRECISION_VOLTAGE_REF,LCC-20,PRE-SIH-2026,THERMAL_BURN_IN,T05_0063,PROC-ISRO-IISU-01,ATE-STATION-01,CHAMBER-01,1.0,125.0,5.0,168,output_voltage_drift,ELECTRICAL,uV,13.2538,5689.162,5689.8534,5690.4107,5675.9082,0.0343,-0.0006,33.95,34.82,13.2538,5689.162,5689.8534,5690.4107,5675.9082,100.0,False,NOMINAL,HEALTHY,-20.33,7.37
PRE_LOT05_COMP0064,LOT_05,PRECISION_VOLTAGE_REF,LCC-20,PRE-SIH-2026,THERMAL_BURN_IN,T05_0064,PROC-ISRO-IISU-01,ATE-STATION-01,CHAMBER-01,1.0,125.0,5.0,168,output_voltage_drift,ELECTRICAL,uV,15.2971,6553.9133,6554.6459,6555.1979,6538.6162,0.0192,-0.0069,37.09,36.81,15.2971,6553.9133,6554.6459,6555.1979,6538.6162,100.0,False,NOMINAL,HEALTHY,-30.21,35.95
PRE_LOT05_COMP0065,LOT_05,PRECISION_VOLTAGE_REF,LCC-20,PRE-SIH-2026,THERMAL_BURN_IN,T05_0065,PROC-ISRO-IISU-01,ATE-STATION-01,CHAMBER-01,1.0,125.0,5.0,168,output_voltage_drift,ELECTRICAL,uV,14.8083,6353.3008,6354.0698,6354.5302,6338.4925,0.0376,0.0484,33.96,33.5,14.8083,6353.3008,6354.0698,6354.5302,6338.4925,100.0,False,NOMINAL,HEALTHY,-0.55,39.63
PRE_LOT05_COMP0066,LOT_05,PRECISION_VOLTAGE_REF,LCC-20,PRE-SIH-2026,THERMAL_BURN_IN,T05_0066,PROC-ISRO-IISU-01,ATE-STATION-01,CHAMBER-01,1.0,125.0,5.0,168,output_voltage_drift,ELECTRICAL,uV,14.3815,6169.8179,6170.5032,6170.9167,6155.4364,0.007,-0.0061,34.36,34.61,14.3815,6169.8179,6170.5032,6170.9167,6155.4364,100.0,False,NOMINAL,HEALTHY,47.28,-38.21
PRE_LOT05_COMP0067,LOT_05,PRECISION_VOLTAGE_REF,LCC-20,PRE-SIH-2026,THERMAL_BURN_IN,T05_0067,PROC-ISRO-IISU-01,ATE-STATION-01,CHAMBER-01,1.0,125.0,5.0,168,output_voltage_drift,ELECTRICAL,uV,11.3321,4856.6035,4857.1087,4857.5893,4845.2714,-0.039,-0.1234,37.68,38.02,11.3321,4856.6035,4857.1087,4857.5893,4845.2714,100.0,False,NOMINAL,HEALTHY,16.5,22.32
PRE_LOT05_COMP0068,LOT_05,PRECISION_VOLTAGE_REF,LCC-20,PRE-SIH-2026,THERMAL_BURN_IN,T05_0068,PROC-ISRO-IISU-01,ATE-STATION-01,CHAMBER-01,1.0,125.0,5.0,168,output_voltage_drift,ELECTRICAL,uV,13.9606,5990.2564,5990.951,5991.5063,5976.2958,-0.0346,-0.0678,32.41,32.93,13.9606,5990.2564,5990.951,5991.5063,5976.2958,100.0,False,NOMINAL,HEALTHY,-16.95,14.27
PRE_LOT05_COMP0069,LOT_05,PRECISION_VOLTAGE_REF,LCC-20,PRE-SIH-2026,THERMAL_BURN_IN,T05_0069,PROC-ISRO-IISU-01,ATE-STATION-01,CHAMBER-01,1.0,125.0,5.0,168,output_voltage_drift,ELECTRICAL,uV,15.484,6628.8943,6629.6372,6630.1863,6613.4103,0.0338,0.0887,36.18,36.31,15.484,6628.8943,6629.6372,6630.1863,6613.4103,100.0,False,NOMINAL,HEALTHY,-8.93,-33.39
PRE_LOT05_COMP0070,LOT_05,PRECISION_VOLTAGE_REF,LCC-20,PRE-SIH-2026,THERMAL_BURN_IN,T05_0070,PROC-ISRO-IISU-01,ATE-STATION-01,CHAMBER-01,1.0,125.0,5.0,168,output_voltage_drift,ELECTRICAL,uV,14.6348,6272.0065,6272.6464,6273.0633,6257.3717,-0.024,-0.0075,36.25,36.8,14.6348,6272.0065,6272.6464,6273.0633,6257.3717,100.0,False,NOMINAL,HEALTHY,49.76,-8.57
PRE_LOT05_COMP0071,LOT_05,PRECISION_VOLTAGE_REF,LCC-20,PRE-SIH-2026,THERMAL_BURN_IN,T05_0071,PROC-ISRO-IISU-01,ATE-STATION-01,CHAMBER-01,1.0,125.0,5.0,168,output_voltage_drift,ELECTRICAL,uV,14.1855,6076.9716,6077.6238,6078.0979,6062.7861,-0.0117,0.0183,34.6,34.61,14.1855,6076.9716,6077.6238,6078.0979,6062.7861,100.0,False,NOMINAL,HEALTHY,13.15,7.2
PRE_LOT05_COMP0072,LOT_05,PRECISION_VOLTAGE_REF,LCC-20,PRE-SIH-2026,THERMAL_BURN_IN,T05_0072,PROC-ISRO-IISU-01,ATE-STATION-01,CHAMBER-01,1.0,125.0,5.0,168,output_voltage_drift,ELECTRICAL,uV,13.9592,5997.7072,5998.4227,5998.9379,5983.748,0.0582,0.04,35.81,36.54,13.9592,5997.7072,5998.4227,5998.9379,5983.748,100.0,False,NOMINAL,HEALTHY,27.93,19.28
PRE_LOT05_COMP0073,LOT_05,PRECISION_VOLTAGE_REF,LCC-20,PRE-SIH-2026,THERMAL_BURN_IN,T05_0073,PROC-ISRO-IISU-01,ATE-STATION-01,CHAMBER-01,1.0,125.0,5.0,168,output_voltage_drift,ELECTRICAL,uV,12.3418,5290.0139,5290.5613,5290.9459,5277.6721,-0.019,-0.0018,36.4,36.17,12.3418,5290.0139,5290.5613,5290.9459,5277.6721,100.0,False,NOMINAL,HEALTHY,-13.72,-7.7
PRE_LOT05_COMP0074,LOT_05,PRECISION_VOLTAGE_REF,LCC-20,PRE-SIH-2026,THERMAL_BURN_IN,T05_0074,PROC-ISRO-IISU-01,ATE-STATION-01,CHAMBER-01,1.0,125.0,5.0,168,output_voltage_drift,ELECTRICAL,uV,13.8472,5937.2185,5937.9192,5938.4115,5923.3713,0.0171,-0.0179,35.74,35.95,13.8472,5937.2185,5937.9192,5938.4115,5923.3713,100.0,False,NOMINAL,HEALTHY,34.51,-28.91
PRE_LOT05_COMP0075,LOT_05,PRECISION_VOLTAGE_REF,LCC-20,PRE-SIH-2026,THERMAL_BURN_IN,T05_0075,PROC-ISRO-IISU-01,ATE-STATION-01,CHAMBER-01,1.0,125.0,5.0,168,output_voltage_drift,ELECTRICAL,uV,13.1174,5634.2325,5634.9001,5635.2863,5621.1151,0.036,0.1154,33.92,34.36,13.1174,5634.2325,5634.9001,5635.2863,5621.1151,100.0,False,NOMINAL,HEALTHY,48.02,-18.06
PRE_LOT05_COMP0076,LOT_05,PRECISION_VOLTAGE_REF,LCC-20,PRE-SIH-2026,THERMAL_BURN_IN,T05_0076,PROC-ISRO-IISU-01,ATE-STATION-01,CHAMBER-01,1.0,125.0,5.0,168,output_voltage_drift,ELECTRICAL,uV,12.9518,5539.2123,5539.8342,5540.3315,5526.2605,-0.0215,-0.0375,36.99,36.85,12.9518,5539.2123,5539.8342,5540.3315,5526.2605,100.0,False,NOMINAL,HEALTHY,40.74,-3.81
PRE_LOT05_COMP0077,LOT_05,PRECISION_VOLTAGE_REF,LCC-20,PRE-SIH-2026,THERMAL_BURN_IN,T05_0077,PROC-ISRO-IISU-01,ATE-STATION-01,CHAMBER-01,1.0,125.0,5.0,168,output_voltage_drift,ELECTRICAL,uV,11.8208,5070.935,5071.5351,5072.0015,5059.1142,0.0398,-0.003,34.93,34.99,11.8208,5070.935,5071.5351,5072.0015,5059.1142,100.0,False,NOMINAL,HEALTHY,40.13,-14.21
PRE_LOT05_COMP0078,LOT_05,PRECISION_VOLTAGE_REF,LCC-20,PRE-SIH-2026,THERMAL_BURN_IN,T05_0078,PROC-ISRO-IISU-01,ATE-STATION-01,CHAMBER-01,1.0,125.0,5.0,168,output_voltage_drift,ELECTRICAL,uV,14.2448,6099.9283,6100.5856,6101.1187,6085.6835,0.0042,-0.0448,37.88,37.65,14.2448,6099.9283,6100.5856,6101.1187,6085.6835,100.0,False,NOMINAL,HEALTHY,45.22,6.19
PRE_LOT05_COMP0079,LOT_05,PRECISION_VOLTAGE_REF,LCC-20,PRE-SIH-2026,THERMAL_BURN_IN,T05_0079,PROC-ISRO-IISU-01,ATE-STATION-01,CHAMBER-01,1.0,125.0,5.0,168,output_voltage_drift,ELECTRICAL,uV,16.5288,7080.471,7081.1908,7081.7343,7063.9422,0.0119,0.0327,36.18,37.47,16.5288,7080.471,7081.1908,7081.7343,7063.9422,100.0,False,NOMINAL,HEALTHY,36.44,22.06
PRE_LOT05_COMP0080,LOT_05,PRECISION_VOLTAGE_REF,LCC-20,PRE-SIH-2026,THERMAL_BURN_IN,T05_0080,PROC-ISRO-IISU-01,ATE-STATION-01,CHAMBER-01,1.0,125.0,5.0,168,output_voltage_drift,ELECTRICAL,uV,14.6352,6273.7241,6274.3902,6274.9442,6259.0889,0.016,0.1104,33.3,33.14,14.6352,6273.7241,6274.3902,6274.9442,6259.0889,100.0,False,NOMINAL,HEALTHY,27.69,-30.42
PRE_LOT05_COMP0081,LOT_05,PRECISION_VOLTAGE_REF,LCC-20,PRE-SIH-2026,THERMAL_BURN_IN,T05_0081,PROC-ISRO-IISU-01,ATE-STATION-01,CHAMBER-01,1.0,125.0,5.0,168,output_voltage_drift,ELECTRICAL,uV,13.268,5675.5356,5676.1728,5676.6396,5662.2676,-0.0087,-0.0037,36.27,35.76,13.268,5675.5356,5676.1728,5676.6396,5662.2676,100.0,False,NOMINAL,HEALTHY,42.13,-6.36
PRE_LOT05_COMP0082,LOT_05,PRECISION_VOLTAGE_REF,LCC-20,PRE-SIH-2026,THERMAL_BURN_IN,T05_0082,PROC-ISRO-IISU-01,ATE-STATION-01,CHAMBER-01,1.0,125.0,5.0,168,output_voltage_drift,ELECTRICAL,uV,69.0365,29605.8068,29607.9843,29609.3034,29536.7703,-0.0251,-0.0777,35.53,36.07,69.0365,29605.8068,29607.9843,29609.3034,29536.7703,100.0,True,SPATIAL_OUTLIER,HEALTHY,46.18,3.44
PRE_LOT05_COMP0083,LOT_05,PRECISION_VOLTAGE_REF,LCC-20,PRE-SIH-2026,THERMAL_BURN_IN,T05_0083,PROC-ISRO-IISU-01,ATE-STATION-01,CHAMBER-01,1.0,125.0,5.0,168,output_voltage_drift,ELECTRICAL,uV,15.5052,6638.8487,6639.5493,6640.1214,6623.3435,-0.007,-0.0056,35.43,35.63,15.5052,6638.8487,6639.5493,6640.1214,6623.3435,100.0,False,NOMINAL,HEALTHY,-18.8,40.13
PRE_LOT05_COMP0084,LOT_05,PRECISION_VOLTAGE_REF,LCC-20,PRE-SIH-2026,THERMAL_BURN_IN,T05_0084,PROC-ISRO-IISU-01,ATE-STATION-01,CHAMBER-01,1.0,125.0,5.0,168,output_voltage_drift,ELECTRICAL,uV,11.8523,5077.7853,5078.3616,5078.8452,5065.933,-0.0023,0.054,36.59,37.16,11.8523,5077.7853,5078.3616,5078.8452,5065.933,100.0,False,NOMINAL,HEALTHY,-30.8,12.08
PRE_LOT05_COMP0085,LOT_05,PRECISION_VOLTAGE_REF,LCC-20,PRE-SIH-2026,THERMAL_BURN_IN,T05_0085,PROC-ISRO-IISU-01,ATE-STATION-01,CHAMBER-01,1.0,125.0,5.0,168,output_voltage_drift,ELECTRICAL,uV,13.39,5744.5303,5745.2229,5745.6278,5731.1403,0.0485,0.0827,35.17,35.49,13.39,5744.5303,5745.2229,5745.6278,5731.1403,100.0,False,NOMINAL,HEALTHY,33.4,31.2
PRE_LOT05_COMP0086,LOT_05,PRECISION_VOLTAGE_REF,LCC-20,PRE-SIH-2026,THERMAL_BURN_IN,T05_0086,PROC-ISRO-IISU-01,ATE-STATION-01,CHAMBER-01,1.0,125.0,5.0,168,output_voltage_drift,ELECTRICAL,uV,15.4642,6626.6779,6627.3411,6627.9121,6611.2137,-0.0122,0.0394,35.33,35.2,15.4642,6626.6779,6627.3411,6627.9121,6611.2137,100.0,False,NOMINAL,HEALTHY,-30.82,-7.42
PRE_LOT05_COMP0087,LOT_05,PRECISION_VOLTAGE_REF,LCC-20,PRE-SIH-2026,THERMAL_BURN_IN,T05_0087,PROC-ISRO-IISU-01,ATE-STATION-01,CHAMBER-01,1.0,125.0,5.0,168,output_voltage_drift,ELECTRICAL,uV,13.3527,5724.9961,5725.6281,5726.071,5711.6434,0.0077,-0.0349,34.45,34.02,13.3527,5724.9961,5725.6281,5726.071,5711.6434,100.0,False,NOMINAL,HEALTHY,14.34,15.89
PRE_LOT05_COMP0088,LOT_05,PRECISION_VOLTAGE_REF,LCC-20,PRE-SIH-2026,THERMAL_BURN_IN,T05_0088,PROC-ISRO-IISU-01,ATE-STATION-01,CHAMBER-01,1.0,125.0,5.0,168,output_voltage_drift,ELECTRICAL,uV,12.0991,5181.9978,5182.6164,5183.0611,5169.8987,-0.0094,-0.0406,36.29,36.34,12.0991,5181.9978,5182.6164,5183.0611,5169.8987,100.0,False,NOMINAL,HEALTHY,13.75,43.39
PRE_LOT05_COMP0089,LOT_05,PRECISION_VOLTAGE_REF,LCC-20,PRE-SIH-2026,THERMAL_BURN_IN,T05_0089,PROC-ISRO-IISU-01,ATE-STATION-01,CHAMBER-01,1.0,125.0,5.0,168,output_voltage_drift,ELECTRICAL,uV,14.7352,6329.0035,6329.756,6330.43,6314.2683,-0.004,0.0123,35.95,35.67,14.7352,6329.0035,6329.756,6330.43,6314.2683,100.0,False,NOMINAL,HEALTHY,31.0,3.74
PRE_LOT05_COMP0090,LOT_05,PRECISION_VOLTAGE_REF,LCC-20,PRE-SIH-2026,THERMAL_BURN_IN,T05_0090,PROC-ISRO-IISU-01,ATE-STATION-01,CHAMBER-01,1.0,125.0,5.0,168,output_voltage_drift,ELECTRICAL,uV,13.6629,5846.0507,5846.6254,5847.1041,5832.3878,0.021,0.0372,35.22,35.24,13.6629,5846.0507,5846.6254,5847.1041,5832.3878,100.0,False,NOMINAL,HEALTHY,-14.64,10.88
PRE_LOT05_COMP0091,LOT_05,PRECISION_VOLTAGE_REF,LCC-20,PRE-SIH-2026,THERMAL_BURN_IN,T05_0091,PROC-ISRO-IISU-01,ATE-STATION-01,CHAMBER-01,1.0,125.0,5.0,168,output_voltage_drift,ELECTRICAL,uV,14.2225,6098.5758,6099.3588,6099.9707,6084.3533,0.034,-0.0758,36.79,36.4,14.2225,6098.5758,6099.3588,6099.9707,6084.3533,100.0,False,NOMINAL,HEALTHY,-32.52,20.31
PRE_LOT05_COMP0092,LOT_05,PRECISION_VOLTAGE_REF,LCC-20,PRE-SIH-2026,THERMAL_BURN_IN,T05_0092,PROC-ISRO-IISU-01,ATE-STATION-01,CHAMBER-01,1.0,125.0,5.0,168,output_voltage_drift,ELECTRICAL,uV,11.6818,5007.7316,5008.3041,5008.7626,4996.0498,-0.0125,-0.1294,36.18,35.83,11.6818,5007.7316,5008.3041,5008.7626,4996.0498,100.0,False,NOMINAL,HEALTHY,8.14,49.83
PRE_LOT05_COMP0093,LOT_05,PRECISION_VOLTAGE_REF,LCC-20,PRE-SIH-2026,THERMAL_BURN_IN,T05_0093,PROC-ISRO-IISU-01,ATE-STATION-01,CHAMBER-01,1.0,125.0,5.0,168,output_voltage_drift,ELECTRICAL,uV,14.1829,6085.7443,6086.4541,6086.9138,6071.5614,-0.0259,-0.0131,34.59,35.1,14.1829,6085.7443,6086.4541,6086.9138,6071.5614,100.0,False,NOMINAL,HEALTHY,26.65,-9.56
PRE_LOT05_COMP0094,LOT_05,PRECISION_VOLTAGE_REF,LCC-20,PRE-SIH-2026,THERMAL_BURN_IN,T05_0094,PROC-ISRO-IISU-01,ATE-STATION-01,CHAMBER-01,1.0,125.0,5.0,168,output_voltage_drift,ELECTRICAL,uV,15.7803,6758.3762,6759.1771,6759.7121,6742.5959,-0.0174,-0.0308,35.49,35.77,15.7803,6758.3762,6759.1771,6759.7121,6742.5959,100.0,False,NOMINAL,HEALTHY,-32.94,42.62
PRE_LOT05_COMP0095,LOT_05,PRECISION_VOLTAGE_REF,LCC-20,PRE-SIH-2026,THERMAL_BURN_IN,T05_0095,PROC-ISRO-IISU-01,ATE-STATION-01,CHAMBER-01,1.0,125.0,5.0,168,output_voltage_drift,ELECTRICAL,uV,12.2888,5269.3412,5269.9356,5270.4297,5257.0524,0.0085,-0.0119,34.45,33.79,12.2888,5269.3412,5269.9356,5270.4297,5257.0524,100.0,False,NOMINAL,HEALTHY,-0.39,22.46
PRE_LOT05_COMP0096,LOT_05,PRECISION_VOLTAGE_REF,LCC-20,PRE-SIH-2026,THERMAL_BURN_IN,T05_0096,PROC-ISRO-IISU-01,ATE-STATION-01,CHAMBER-01,1.0,125.0,5.0,168,output_voltage_drift,ELECTRICAL,uV,17.1914,7369.2901,7370.0905,7370.5783,7352.0987,0.0054,0.1172,34.09,34.56,17.1914,7369.2901,7370.0905,7370.5783,7352.0987,100.0,False,NOMINAL,HEALTHY,21.61,16.75
PRE_LOT05_COMP0097,LOT_05,PRECISION_VOLTAGE_REF,LCC-20,PRE-SIH-2026,THERMAL_BURN_IN,T05_0097,PROC-ISRO-IISU-01,ATE-STATION-01,CHAMBER-01,1.0,125.0,5.0,168,output_voltage_drift,ELECTRICAL,uV,14.7863,6347.3187,6348.056,6348.6403,6332.5324,-0.0067,-0.0142,35.02,35.53,14.7863,6347.3187,6348.056,6348.6403,6332.5324,100.0,False,NOMINAL,HEALTHY,6.02,49.54
PRE_LOT05_COMP0098,LOT_05,PRECISION_VOLTAGE_REF,LCC-20,PRE-SIH-2026,THERMAL_BURN_IN,T05_0098,PROC-ISRO-IISU-01,ATE-STATION-01,CHAMBER-01,1.0,125.0,5.0,168,output_voltage_drift,ELECTRICAL,uV,12.03,5146.8549,5147.4878,5147.8697,5134.8249,-0.0063,-0.0209,34.85,35.35,12.03,5146.8549,5147.4878,5147.8697,5134.8249,100.0,False,NOMINAL,HEALTHY,12.51,-25.25
PRE_LOT05_COMP0099,LOT_05,PRECISION_VOLTAGE_REF,LCC-20,PRE-SIH-2026,THERMAL_BURN_IN,T05_0099,PROC-ISRO-IISU-01,ATE-STATION-01,CHAMBER-01,1.0,125.0,5.0,168,output_voltage_drift,ELECTRICAL,uV,13.6135,5844.9606,5845.6078,5846.1096,5831.3471,-0.0155,0.0323,35.31,35.71,13.6135,5844.9606,5845.6078,5846.1096,5831.3471,100.0,False,NOMINAL,HEALTHY,-3.94,15.99
PRE_LOT05_COMP0100,LOT_05,PRECISION_VOLTAGE_REF,LCC-20,PRE-SIH-2026,THERMAL_BURN_IN,T05_0100,PROC-ISRO-IISU-01,ATE-STATION-01,CHAMBER-01,1.0,125.0,5.0,168,output_voltage_drift,ELECTRICAL,uV,12.0928,5183.7013,5184.323,5184.7894,5171.6085,0.0153,0.0883,35.92,35.97,12.0928,5183.7013,5184.323,5184.7894,5171.6085,100.0,False,NOMINAL,HEALTHY,-14.01,-21.03
PRE_LOT05_COMP0101,LOT_05,PRECISION_VOLTAGE_REF,LCC-20,PRE-SIH-2026,THERMAL_BURN_IN,T05_0101,PROC-ISRO-IISU-01,ATE-STATION-01,CHAMBER-01,1.0,125.0,5.0,168,output_voltage_drift,ELECTRICAL,uV,14.9416,6402.5645,6403.376,6403.9071,6387.6229,-0.0162,-0.0262,34.26,34.1,14.9416,6402.5645,6403.376,6403.9071,6387.6229,100.0,False,NOMINAL,HEALTHY,16.91,13.22
PRE_LOT05_COMP0102,LOT_05,PRECISION_VOLTAGE_REF,LCC-20,PRE-SIH-2026,THERMAL_BURN_IN,T05_0102,PROC-ISRO-IISU-01,ATE-STATION-01,CHAMBER-01,1.0,125.0,5.0,168,output_voltage_drift,ELECTRICAL,uV,14.4642,6202.7413,6203.4115,6203.934,6188.2771,-0.0172,-0.0788,33.28,33.15,14.4642,6202.7413,6203.4115,6203.934,6188.2771,100.0,False,NOMINAL,HEALTHY,-36.95,-37.97
PRE_LOT05_COMP0103,LOT_05,PRECISION_VOLTAGE_REF,LCC-20,PRE-SIH-2026,THERMAL_BURN_IN,T05_0103,PROC-ISRO-IISU-01,ATE-STATION-01,CHAMBER-01,1.0,125.0,5.0,168,output_voltage_drift,ELECTRICAL,uV,17.9238,7696.0604,7696.9223,7697.6256,7678.1366,-0.0202,-0.1034,34.17,34.09,17.9238,7696.0604,7696.9223,7697.6256,7678.1366,100.0,False,NOMINAL,HEALTHY,30.66,-8.02
PRE_LOT05_COMP0104,LOT_05,PRECISION_VOLTAGE_REF,LCC-20,PRE-SIH-2026,THERMAL_BURN_IN,T05_0104,PROC-ISRO-IISU-01,ATE-STATION-01,CHAMBER-01,1.0,125.0,5.0,168,output_voltage_drift,ELECTRICAL,uV,16.4033,7034.909,7035.7381,7036.3982,7018.5057,0.0246,-0.0342,33.52,33.43,16.4033,7034.909,7035.7381,7036.3982,7018.5057,100.0,False,NOMINAL,HEALTHY,0.69,-0.54
PRE_LOT05_COMP0105,LOT_05,PRECISION_VOLTAGE_REF,LCC-20,PRE-SIH-2026,THERMAL_BURN_IN,T05_0105,PROC-ISRO-IISU-01,ATE-STATION-01,CHAMBER-01,1.0,125.0,5.0,168,output_voltage_drift,ELECTRICAL,uV,15.7342,6742.2633,6743.0311,6743.642,6726.5291,-0.0305,-0.1049,34.32,33.72,15.7342,6742.2633,6743.0311,6743.642,6726.5291,100.0,False,NOMINAL,HEALTHY,31.17,28.75
PRE_LOT05_COMP0106,LOT_05,PRECISION_VOLTAGE_REF,LCC-20,PRE-SIH-2026,THERMAL_BURN_IN,T05_0106,PROC-ISRO-IISU-01,ATE-STATION-01,CHAMBER-01,1.0,125.0,5.0,168,output_voltage_drift,ELECTRICAL,uV,13.4391,5769.5485,5770.1201,5770.6023,5756.1094,0.0067,-0.0302,35.09,34.73,13.4391,5769.5485,5770.1201,5770.6023,5756.1094,100.0,False,NOMINAL,HEALTHY,21.99,-25.77
PRE_LOT05_COMP0107,LOT_05,PRECISION_VOLTAGE_REF,LCC-20,PRE-SIH-2026,THERMAL_BURN_IN,T05_0107,PROC-ISRO-IISU-01,ATE-STATION-01,CHAMBER-01,1.0,125.0,5.0,168,output_voltage_drift,ELECTRICAL,uV,14.0778,6030.7296,6031.4425,6032.0869,6016.6518,0.0219,-0.0176,34.62,34.43,14.0778,6030.7296,6031.4425,6032.0869,6016.6518,100.0,False,NOMINAL,HEALTHY,41.32,-15.42
PRE_LOT05_COMP0108,LOT_05,PRECISION_VOLTAGE_REF,LCC-20,PRE-SIH-2026,THERMAL_BURN_IN,T05_0108,PROC-ISRO-IISU-01,ATE-STATION-01,CHAMBER-01,1.0,125.0,5.0,168,output_voltage_drift,ELECTRICAL,uV,14.8863,6386.7626,6387.5171,6388.1037,6371.8763,-0.014,0.0081,35.73,35.91,14.8863,6386.7626,6387.5171,6388.1037,6371.8763,100.0,False,NOMINAL,HEALTHY,-15.13,-6.77
PRE_LOT05_COMP0109,LOT_05,PRECISION_VOLTAGE_REF,LCC-20,PRE-SIH-2026,THERMAL_BURN_IN,T05_0109,PROC-ISRO-IISU-01,ATE-STATION-01,CHAMBER-01,1.0,125.0,5.0,168,output_voltage_drift,ELECTRICAL,uV,18.1966,7797.4968,7798.4078,7799.1583,7779.3002,0.0067,0.0403,34.07,34.08,18.1966,7797.4968,7798.4078,7799.1583,7779.3002,100.0,False,NOMINAL,HEALTHY,15.48,41.59
PRE_LOT05_COMP0110,LOT_05,PRECISION_VOLTAGE_REF,LCC-20,PRE-SIH-2026,THERMAL_BURN_IN,T05_0110,PROC-ISRO-IISU-01,ATE-STATION-01,CHAMBER-01,1.0,125.0,5.0,168,output_voltage_drift,ELECTRICAL,uV,11.0296,4722.9999,4723.5383,4723.9791,4711.9703,0.0137,0.0081,34.1,33.65,11.0296,4722.9999,4723.5383,4723.9791,4711.9703,100.0,False,NOMINAL,HEALTHY,-42.53,-45.78
PRE_LOT05_COMP0111,LOT_05,PRECISION_VOLTAGE_REF,LCC-20,PRE-SIH-2026,THERMAL_BURN_IN,T05_0111,PROC-ISRO-IISU-01,ATE-STATION-01,CHAMBER-01,1.0,125.0,5.0,168,output_voltage_drift,ELECTRICAL,uV,52.8537,22660.599,22662.4386,22663.5735,22607.7453,-0.0045,0.0141,34.07,34.63,52.8537,22660.599,22662.4386,22663.5735,22607.7453,100.0,True,SPATIAL_OUTLIER,HEALTHY,24.69,-6.49
PRE_LOT05_COMP0112,LOT_05,PRECISION_VOLTAGE_REF,LCC-20,PRE-SIH-2026,THERMAL_BURN_IN,T05_0112,PROC-ISRO-IISU-01,ATE-STATION-01,CHAMBER-01,1.0,125.0,5.0,168,output_voltage_drift,ELECTRICAL,uV,14.9196,6406.7162,6407.4653,6408.0157,6391.7966,0.0082,-0.0649,35.25,35.27,14.9196,6406.7162,6407.4653,6408.0157,6391.7966,100.0,False,NOMINAL,HEALTHY,0.95,50.0
PRE_LOT05_COMP0113,LOT_05,PRECISION_VOLTAGE_REF,LCC-20,PRE-SIH-2026,THERMAL_BURN_IN,T05_0113,PROC-ISRO-IISU-01,ATE-STATION-01,CHAMBER-01,1.0,125.0,5.0,168,output_voltage_drift,ELECTRICAL,uV,13.8126,5920.6034,5921.2795,5921.8289,5906.7908,-0.016,-0.0069,34.93,34.43,13.8126,5920.6034,5921.2795,5921.8289,5906.7908,100.0,False,NOMINAL,HEALTHY,-43.08,-23.48
PRE_LOT05_COMP0114,LOT_05,PRECISION_VOLTAGE_REF,LCC-20,PRE-SIH-2026,THERMAL_BURN_IN,T05_0114,PROC-ISRO-IISU-01,ATE-STATION-01,CHAMBER-01,1.0,125.0,5.0,168,output_voltage_drift,ELECTRICAL,uV,13.3103,5709.8699,5710.4724,5710.9647,5696.5596,-0.02,-0.0254,34.99,35.56,13.3103,5709.8699,5710.4724,5710.9647,5696.5596,100.0,False,NOMINAL,HEALTHY,-1.32,-34.49
PRE_LOT05_COMP0115,LOT_05,PRECISION_VOLTAGE_REF,LCC-20,PRE-SIH-2026,THERMAL_BURN_IN,T05_0115,PROC-ISRO-IISU-01,ATE-STATION-01,CHAMBER-01,1.0,125.0,5.0,168,output_voltage_drift,ELECTRICAL,uV,13.7786,5903.9738,5904.654,5905.1272,5890.1952,-0.002,-0.0611,35.01,35.18,13.7786,5903.9738,5904.654,5905.1272,5890.1952,100.0,False,NOMINAL,HEALTHY,-20.86,-35.4
PRE_LOT05_COMP0116,LOT_05,PRECISION_VOLTAGE_REF,LCC-20,PRE-SIH-2026,THERMAL_BURN_IN,T05_0116,PROC-ISRO-IISU-01,ATE-STATION-01,CHAMBER-01,1.0,125.0,5.0,168,output_voltage_drift,ELECTRICAL,uV,13.7912,5904.6115,5905.316,5905.7663,5890.8203,0.0236,0.006,33.68,33.93,13.7912,5904.6115,5905.316,5905.7663,5890.8203,100.0,False,NOMINAL,HEALTHY,-6.12,-2.05
PRE_LOT05_COMP0117,LOT_05,PRECISION_VOLTAGE_REF,LCC-20,PRE-SIH-2026,THERMAL_BURN_IN,T05_0117,PROC-ISRO-IISU-01,ATE-STATION-01,CHAMBER-01,1.0,125.0,5.0,168,output_voltage_drift,ELECTRICAL,uV,14.5804,6242.3213,6243.0524,6243.6231,6227.7409,-0.0091,0.0482,34.3,35.14,14.5804,6242.3213,6243.0524,6243.6231,6227.7409,100.0,False,NOMINAL,HEALTHY,-35.28,21.97
PRE_LOT05_COMP0118,LOT_05,PRECISION_VOLTAGE_REF,LCC-20,PRE-SIH-2026,THERMAL_BURN_IN,T05_0118,PROC-ISRO-IISU-01,ATE-STATION-01,CHAMBER-01,1.0,125.0,5.0,168,output_voltage_drift,ELECTRICAL,uV,15.3243,6572.2379,6572.9763,6573.565,6556.9136,0.0211,0.0642,33.4,33.52,15.3243,6572.2379,6572.9763,6573.565,6556.9136,100.0,False,NOMINAL,HEALTHY,13.46,3.75
PRE_LOT05_COMP0119,LOT_05,PRECISION_VOLTAGE_REF,LCC-20,PRE-SIH-2026,THERMAL_BURN_IN,T05_0119,PROC-ISRO-IISU-01,ATE-STATION-01,CHAMBER-01,1.0,125.0,5.0,168,output_voltage_drift,ELECTRICAL,uV,13.521,5794.6635,5795.2239,5795.6487,5781.1425,0.0277,0.1153,33.17,32.6,13.521,5794.6635,5795.2239,5795.6487,5781.1425,100.0,False,NOMINAL,HEALTHY,1.16,21.9
PRE_LOT05_COMP0120,LOT_05,PRECISION_VOLTAGE_REF,LCC-20,PRE-SIH-2026,THERMAL_BURN_IN,T05_0120,PROC-ISRO-IISU-01,ATE-STATION-01,CHAMBER-01,1.0,125.0,5.0,168,output_voltage_drift,ELECTRICAL,uV,13.9652,5981.0959,5981.8258,5982.2789,5967.1307,-0.0069,-0.0418,35.23,34.94,13.9652,5981.0959,5981.8258,5982.2789,5967.1307,100.0,False,NOMINAL,HEALTHY,-26.72,-25.57
PRE_LOT05_COMP0121,LOT_05,PRECISION_VOLTAGE_REF,LCC-20,PRE-SIH-2026,THERMAL_BURN_IN,T05_0121,PROC-ISRO-IISU-01,ATE-STATION-01,CHAMBER-01,1.0,125.0,5.0,168,output_voltage_drift,ELECTRICAL,uV,16.9948,7292.9297,7293.8172,7294.4219,7275.9349,-0.0172,-0.0108,35.12,34.91,16.9948,7292.9297,7293.8172,7294.4219,7275.9349,100.0,False,NOMINAL,HEALTHY,5.74,-9.7
PRE_LOT05_COMP0122,LOT_05,PRECISION_VOLTAGE_REF,LCC-20,PRE-SIH-2026,THERMAL_BURN_IN,T05_0122,PROC-ISRO-IISU-01,ATE-STATION-01,CHAMBER-01,1.0,125.0,5.0,168,output_voltage_drift,ELECTRICAL,uV,14.0572,6032.1272,6032.8381,6033.4156,6018.07,0.0092,0.1073,33.12,33.32,14.0572,6032.1272,6032.8381,6033.4156,6018.07,100.0,False,NOMINAL,HEALTHY,0.48,8.6
PRE_LOT05_COMP0123,LOT_05,PRECISION_VOLTAGE_REF,LCC-20,PRE-SIH-2026,THERMAL_BURN_IN,T05_0123,PROC-ISRO-IISU-01,ATE-STATION-01,CHAMBER-01,1.0,125.0,5.0,168,output_voltage_drift,ELECTRICAL,uV,15.1616,6494.0205,6494.7669,6495.3266,6478.8589,-0.0306,-0.0894,35.65,35.96,15.1616,6494.0205,6494.7669,6495.3266,6478.8589,100.0,False,NOMINAL,HEALTHY,22.09,-29.16
PRE_LOT05_COMP0124,LOT_05,PRECISION_VOLTAGE_REF,LCC-20,PRE-SIH-2026,THERMAL_BURN_IN,T05_0124,PROC-ISRO-IISU-01,ATE-STATION-01,CHAMBER-01,1.0,125.0,5.0,168,output_voltage_drift,ELECTRICAL,uV,13.9936,6002.0632,6002.7308,6003.1988,5988.0696,0.0103,-0.0117,33.75,33.1,13.9936,6002.0632,6002.7308,6003.1988,5988.0696,100.0,False,NOMINAL,HEALTHY,5.61,-5.21
PRE_LOT05_COMP0125,LOT_05,PRECISION_VOLTAGE_REF,LCC-20,PRE-SIH-2026,THERMAL_BURN_IN,T05_0125,PROC-ISRO-IISU-01,ATE-STATION-01,CHAMBER-01,1.0,125.0,5.0,168,output_voltage_drift,ELECTRICAL,uV,12.5306,5374.9308,5375.5303,5376.0337,5362.4002,0.0039,0.0099,37.18,36.61,12.5306,5374.9308,5375.5303,5376.0337,5362.4002,100.0,False,NOMINAL,HEALTHY,-26.93,38.34
PRE_LOT05_COMP0126,LOT_05,PRECISION_VOLTAGE_REF,LCC-20,PRE-SIH-2026,THERMAL_BURN_IN,T05_0126,PROC-ISRO-IISU-01,ATE-STATION-01,CHAMBER-01,1.0,125.0,5.0,168,output_voltage_drift,ELECTRICAL,uV,18.3918,7890.18,7891.1741,7891.8697,7871.7882,-0.0074,-0.0069,35.51,36.25,18.3918,7890.18,7891.1741,7891.8697,7871.7882,100.0,False,NOMINAL,HEALTHY,13.99,-31.64
PRE_LOT05_COMP0127,LOT_05,PRECISION_VOLTAGE_REF,LCC-20,PRE-SIH-2026,THERMAL_BURN_IN,T05_0127,PROC-ISRO-IISU-01,ATE-STATION-01,CHAMBER-01,1.0,125.0,5.0,168,output_voltage_drift,ELECTRICAL,uV,13.8256,5928.5687,5929.1907,5929.7234,5914.7431,-0.007,0.0192,34.89,35.24,13.8256,5928.5687,5929.1907,5929.7234,5914.7431,100.0,False,NOMINAL,HEALTHY,48.25,29.75
PRE_LOT05_COMP0128,LOT_05,PRECISION_VOLTAGE_REF,LCC-20,PRE-SIH-2026,THERMAL_BURN_IN,T05_0128,PROC-ISRO-IISU-01,ATE-STATION-01,CHAMBER-01,1.0,125.0,5.0,168,output_voltage_drift,ELECTRICAL,uV,9.9003,4240.7911,4241.3126,4241.7059,4230.8908,-0.0065,0.0221,36.62,37.44,9.9003,4240.7911,4241.3126,4241.7059,4230.8908,100.0,False,NOMINAL,HEALTHY,13.55,-37.87
PRE_LOT05_COMP0129,LOT_05,PRECISION_VOLTAGE_REF,LCC-20,PRE-SIH-2026,THERMAL_BURN_IN,T05_0129,PROC-ISRO-IISU-01,ATE-STATION-01,CHAMBER-01,1.0,125.0,5.0,168,output_voltage_drift,ELECTRICAL,uV,12.1023,5184.1365,5184.7544,5185.2109,5172.0342,-0.0257,0.013,34.55,34.33,12.1023,5184.1365,5184.7544,5185.2109,5172.0342,100.0,False,NOMINAL,HEALTHY,29.72,43.03
PRE_LOT05_COMP0130,LOT_05,PRECISION_VOLTAGE_REF,LCC-20,PRE-SIH-2026,THERMAL_BURN_IN,T05_0130,PROC-ISRO-IISU-01,ATE-STATION-01,CHAMBER-01,1.0,125.0,5.0,168,output_voltage_drift,ELECTRICAL,uV,14.7976,6348.6158,6349.3984,6350.0071,6333.8182,-0.0086,0.0327,34.9,33.85,14.7976,6348.6158,6349.3984,6350.0071,6333.8182,100.0,False,NOMINAL,HEALTHY,-40.26,35.04
PRE_LOT05_COMP0131,LOT_05,PRECISION_VOLTAGE_REF,LCC-20,PRE-SIH-2026,THERMAL_BURN_IN,T05_0131,PROC-ISRO-IISU-01,ATE-STATION-01,CHAMBER-01,1.0,125.0,5.0,168,output_voltage_drift,ELECTRICAL,uV,15.792,6766.983,6767.7594,6768.3002,6751.191,0.0367,-0.0484,37.0,36.08,15.792,6766.983,6767.7594,6768.3002,6751.191,100.0,False,NOMINAL,HEALTHY,-18.46,45.04
PRE_LOT05_COMP0132,LOT_05,PRECISION_VOLTAGE_REF,LCC-20,PRE-SIH-2026,THERMAL_BURN_IN,T05_0132,PROC-ISRO-IISU-01,ATE-STATION-01,CHAMBER-01,1.0,125.0,5.0,168,output_voltage_drift,ELECTRICAL,uV,16.6814,7146.5794,7147.3648,7147.8602,7129.898,-0.0022,-0.0004,35.53,35.49,16.6814,7146.5794,7147.3648,7147.8602,7129.898,100.0,False,NOMINAL,HEALTHY,12.28,24.27
PRE_LOT05_COMP0133,LOT_05,PRECISION_VOLTAGE_REF,LCC-20,PRE-SIH-2026,THERMAL_BURN_IN,T05_0133,PROC-ISRO-IISU-01,ATE-STATION-01,CHAMBER-01,1.0,125.0,5.0,168,output_voltage_drift,ELECTRICAL,uV,15.2057,6534.0002,6534.7249,6535.3334,6518.7945,-0.0245,0.0347,34.76,34.23,15.2057,6534.0002,6534.7249,6535.3334,6518.7945,100.0,False,NOMINAL,HEALTHY,-29.81,24.14
PRE_LOT05_COMP0134,LOT_05,PRECISION_VOLTAGE_REF,LCC-20,PRE-SIH-2026,THERMAL_BURN_IN,T05_0134,PROC-ISRO-IISU-01,ATE-STATION-01,CHAMBER-01,1.0,125.0,5.0,168,output_voltage_drift,ELECTRICAL,uV,11.7255,5028.3529,5028.9763,5029.4333,5016.6274,-0.0132,-0.0689,34.27,33.62,11.7255,5028.3529,5028.9763,5029.4333,5016.6274,100.0,False,NOMINAL,HEALTHY,22.85,9.89
PRE_LOT05_COMP0135,LOT_05,PRECISION_VOLTAGE_REF,LCC-20,PRE-SIH-2026,THERMAL_BURN_IN,T05_0135,PROC-ISRO-IISU-01,ATE-STATION-01,CHAMBER-01,1.0,125.0,5.0,168,output_voltage_drift,ELECTRICAL,uV,14.3607,6162.3574,6163.0067,6163.545,6147.9967,-0.0118,0.0233,32.04,32.07,14.3607,6162.3574,6163.0067,6163.545,6147.9967,100.0,False,NOMINAL,HEALTHY,14.74,-7.28
PRE_LOT05_COMP0136,LOT_05,PRECISION_VOLTAGE_REF,LCC-20,PRE-SIH-2026,THERMAL_BURN_IN,T05_0136,PROC-ISRO-IISU-01,ATE-STATION-01,CHAMBER-01,1.0,125.0,5.0,168,output_voltage_drift,ELECTRICAL,uV,13.4926,5789.3177,5789.9696,5790.5182,5775.8251,-0.0435,-0.0542,35.3,35.51,13.4926,5789.3177,5789.9696,5790.5182,5775.8251,100.0,False,NOMINAL,HEALTHY,17.67,7.88
PRE_LOT05_COMP0137,LOT_05,PRECISION_VOLTAGE_REF,LCC-20,PRE-SIH-2026,THERMAL_BURN_IN,T05_0137,PROC-ISRO-IISU-01,ATE-STATION-01,CHAMBER-01,1.0,125.0,5.0,168,output_voltage_drift,ELECTRICAL,uV,16.0178,6858.0047,6858.7927,6859.3911,6841.9869,0.0179,-0.0847,34.62,35.73,16.0178,6858.0047,6858.7927,6859.3911,6841.9869,100.0,False,NOMINAL,HEALTHY,-35.7,21.3
PRE_LOT05_COMP0138,LOT_05,PRECISION_VOLTAGE_REF,LCC-20,PRE-SIH-2026,THERMAL_BURN_IN,T05_0138,PROC-ISRO-IISU-01,ATE-STATION-01,CHAMBER-01,1.0,125.0,5.0,168,output_voltage_drift,ELECTRICAL,uV,12.719,5449.3,5449.8853,5450.4371,5436.581,-0.0102,-0.0065,35.81,36.0,12.719,5449.3,5449.8853,5450.4371,5436.581,100.0,False,NOMINAL,HEALTHY,45.92,-37.87
PRE_LOT05_COMP0139,LOT_05,PRECISION_VOLTAGE_REF,LCC-20,PRE-SIH-2026,THERMAL_BURN_IN,T05_0139,PROC-ISRO-IISU-01,ATE-STATION-01,CHAMBER-01,1.0,125.0,5.0,168,output_voltage_drift,ELECTRICAL,uV,15.2824,6548.6923,6565.927,6638.1062,6533.4099,0.005,0.0119,34.13,34.79,15.2824,6548.6923,6565.927,6638.1062,6533.4099,100.0,True,ELECTROMIGRATION,HEALTHY,-17.63,19.03
PRE_LOT05_COMP0140,LOT_05,PRECISION_VOLTAGE_REF,LCC-20,PRE-SIH-2026,THERMAL_BURN_IN,T05_0140,PROC-ISRO-IISU-01,ATE-STATION-01,CHAMBER-01,1.0,125.0,5.0,168,output_voltage_drift,ELECTRICAL,uV,14.7511,6324.8541,6325.5977,6326.1719,6310.103,0.0052,0.0481,35.58,36.01,14.7511,6324.8541,6325.5977,6326.1719,6310.103,100.0,False,NOMINAL,HEALTHY,-21.21,6.82
PRE_LOT05_COMP0141,LOT_05,PRECISION_VOLTAGE_REF,LCC-20,PRE-SIH-2026,THERMAL_BURN_IN,T05_0141,PROC-ISRO-IISU-01,ATE-STATION-01,CHAMBER-01,1.0,125.0,5.0,168,output_voltage_drift,ELECTRICAL,uV,12.8614,5510.8941,5511.4464,5511.8928,5498.0327,0.0318,0.0671,36.31,36.87,12.8614,5510.8941,5511.4464,5511.8928,5498.0327,100.0,False,NOMINAL,HEALTHY,44.44,20.0
PRE_LOT05_COMP0142,LOT_05,PRECISION_VOLTAGE_REF,LCC-20,PRE-SIH-2026,THERMAL_BURN_IN,T05_0142,PROC-ISRO-IISU-01,ATE-STATION-01,CHAMBER-01,1.0,125.0,5.0,168,output_voltage_drift,ELECTRICAL,uV,14.454,6195.1637,6195.8508,6196.4078,6180.7097,-0.0143,0.058,33.17,33.29,14.454,6195.1637,6195.8508,6196.4078,6180.7097,100.0,False,NOMINAL,HEALTHY,40.11,45.37
PRE_LOT05_COMP0143,LOT_05,PRECISION_VOLTAGE_REF,LCC-20,PRE-SIH-2026,THERMAL_BURN_IN,T05_0143,PROC-ISRO-IISU-01,ATE-STATION-01,CHAMBER-01,1.0,125.0,5.0,168,output_voltage_drift,ELECTRICAL,uV,14.8255,6363.4691,6364.268,6364.794,6348.6436,0.0453,0.0508,35.99,35.45,14.8255,6363.4691,6364.268,6364.794,6348.6436,100.0,False,NOMINAL,HEALTHY,-5.08,31.66
PRE_LOT05_COMP0144,LOT_05,PRECISION_VOLTAGE_REF,LCC-20,PRE-SIH-2026,THERMAL_BURN_IN,T05_0144,PROC-ISRO-IISU-01,ATE-STATION-01,CHAMBER-01,1.0,125.0,5.0,168,output_voltage_drift,ELECTRICAL,uV,14.7954,6347.904,6348.6015,6349.2119,6333.1086,0.005,-0.0492,35.2,34.79,14.7954,6347.904,6348.6015,6349.2119,6333.1086,100.0,False,NOMINAL,HEALTHY,-45.66,-41.43
PRE_LOT05_COMP0145,LOT_05,PRECISION_VOLTAGE_REF,LCC-20,PRE-SIH-2026,THERMAL_BURN_IN,T05_0145,PROC-ISRO-IISU-01,ATE-STATION-01,CHAMBER-01,1.0,125.0,5.0,168,output_voltage_drift,ELECTRICAL,uV,16.8651,7226.442,7227.2415,7227.8295,7209.5769,-0.005,0.0239,35.36,35.61,16.8651,7226.442,7227.2415,7227.8295,7209.5769,100.0,False,NOMINAL,HEALTHY,-15.76,-4.13
PRE_LOT05_COMP0146,LOT_05,PRECISION_VOLTAGE_REF,LCC-20,PRE-SIH-2026,THERMAL_BURN_IN,T05_0146,PROC-ISRO-IISU-01,ATE-STATION-01,CHAMBER-01,1.0,125.0,5.0,168,output_voltage_drift,ELECTRICAL,uV,13.6736,5867.6306,5868.1918,5868.5904,5853.957,-0.0245,-0.0717,36.81,36.19,13.6736,5867.6306,5868.1918,5868.5904,5853.957,100.0,False,NOMINAL,HEALTHY,-6.04,-38.88
PRE_LOT05_COMP0147,LOT_05,PRECISION_VOLTAGE_REF,LCC-20,PRE-SIH-2026,THERMAL_BURN_IN,T05_0147,PROC-ISRO-IISU-01,ATE-STATION-01,CHAMBER-01,1.0,125.0,5.0,168,output_voltage_drift,ELECTRICAL,uV,12.9541,5539.4213,5540.0246,5540.5031,5526.4672,-0.0063,-0.0421,35.32,36.24,12.9541,5539.4213,5540.0246,5540.5031,5526.4672,100.0,False,NOMINAL,HEALTHY,27.37,-20.66
PRE_LOT05_COMP0148,LOT_05,PRECISION_VOLTAGE_REF,LCC-20,PRE-SIH-2026,THERMAL_BURN_IN,T05_0148,PROC-ISRO-IISU-01,ATE-STATION-01,CHAMBER-01,1.0,125.0,5.0,168,output_voltage_drift,ELECTRICAL,uV,14.8708,6372.0381,6372.8062,6373.4132,6357.1673,0.006,-0.0291,34.33,33.71,14.8708,6372.0381,6372.8062,6373.4132,6357.1673,100.0,False,NOMINAL,HEALTHY,42.96,28.65
PRE_LOT05_COMP0149,LOT_05,PRECISION_VOLTAGE_REF,LCC-20,PRE-SIH-2026,THERMAL_BURN_IN,T05_0149,PROC-ISRO-IISU-01,ATE-STATION-01,CHAMBER-01,1.0,125.0,5.0,168,output_voltage_drift,ELECTRICAL,uV,13.8906,5956.1052,5956.7305,5957.2788,5942.2146,-0.0057,-0.0588,36.08,36.01,13.8906,5956.1052,5956.7305,5957.2788,5942.2146,100.0,False,NOMINAL,HEALTHY,-19.41,-8.73
PRE_LOT05_COMP0150,LOT_05,PRECISION_VOLTAGE_REF,LCC-20,PRE-SIH-2026,THERMAL_BURN_IN,T05_0150,PROC-ISRO-IISU-01,ATE-STATION-01,CHAMBER-01,1.0,125.0,5.0,168,output_voltage_drift,ELECTRICAL,uV,12.6278,5419.8691,5420.5353,5420.9488,5407.2413,-0.0065,-0.0716,35.54,35.2,12.6278,5419.8691,5420.5353,5420.9488,5407.2413,100.0,False,NOMINAL,HEALTHY,43.87,34.83
PRE_LOT05_COMP0151,LOT_05,PRECISION_VOLTAGE_REF,LCC-20,PRE-SIH-2026,THERMAL_BURN_IN,T05_0151,PROC-ISRO-IISU-01,ATE-STATION-01,CHAMBER-01,1.0,125.0,5.0,168,output_voltage_drift,ELECTRICAL,uV,12.6014,5399.4514,5400.0852,5400.6347,5386.85,-0.0146,-0.0358,36.08,35.62,12.6014,5399.4514,5400.0852,5400.6347,5386.85,100.0,False,NOMINAL,HEALTHY,34.72,-15.37
PRE_LOT05_COMP0152,LOT_05,PRECISION_VOLTAGE_REF,LCC-20,PRE-SIH-2026,THERMAL_BURN_IN,T05_0152,PROC-ISRO-IISU-01,ATE-STATION-01,CHAMBER-01,1.0,125.0,5.0,168,output_voltage_drift,ELECTRICAL,uV,13.7439,5896.7845,5897.4545,5897.9061,5883.0406,-0.0085,-0.097,36.97,36.17,13.7439,5896.7845,5897.4545,5897.9061,5883.0406,100.0,False,NOMINAL,HEALTHY,-33.86,-30.79
PRE_LOT05_COMP0153,LOT_05,PRECISION_VOLTAGE_REF,LCC-20,PRE-SIH-2026,THERMAL_BURN_IN,T05_0153,PROC-ISRO-IISU-01,ATE-STATION-01,CHAMBER-01,1.0,125.0,5.0,168,output_voltage_drift,ELECTRICAL,uV,14.973,6429.0667,6429.8075,6430.332,6414.0937,-0.022,0.0224,35.66,36.27,14.973,6429.0667,6429.8075,6430.332,6414.0937,100.0,False,NOMINAL,HEALTHY,44.45,-1.88
PRE_LOT05_COMP0154,LOT_05,PRECISION_VOLTAGE_REF,LCC-20,PRE-SIH-2026,THERMAL_BURN_IN,T05_0154,PROC-ISRO-IISU-01,ATE-STATION-01,CHAMBER-01,1.0,125.0,5.0,168,output_voltage_drift,ELECTRICAL,uV,13.9252,5972.4051,5973.0338,5973.3705,5958.4799,-0.0313,0.0303,34.62,34.97,13.9252,5972.4051,5973.0338,5973.3705,5958.4799,100.0,False,NOMINAL,HEALTHY,20.12,3.86
PRE_LOT05_COMP0155,LOT_05,PRECISION_VOLTAGE_REF,LCC-20,PRE-SIH-2026,THERMAL_BURN_IN,T05_0155,PROC-ISRO-IISU-01,ATE-STATION-01,CHAMBER-01,1.0,125.0,5.0,168,output_voltage_drift,ELECTRICAL,uV,14.2168,6102.8704,6103.534,6103.9613,6088.6536,0.0074,-0.0318,37.04,36.92,14.2168,6102.8704,6103.534,6103.9613,6088.6536,100.0,False,NOMINAL,HEALTHY,6.39,-27.51
PRE_LOT05_COMP0156,LOT_05,PRECISION_VOLTAGE_REF,LCC-20,PRE-SIH-2026,THERMAL_BURN_IN,T05_0156,PROC-ISRO-IISU-01,ATE-STATION-01,CHAMBER-01,1.0,125.0,5.0,168,output_voltage_drift,ELECTRICAL,uV,15.0975,6476.1663,6476.8193,6477.3422,6461.0688,0.0125,-0.0184,37.78,37.59,15.0975,6476.1663,6476.8193,6477.3422,6461.0688,100.0,False,NOMINAL,HEALTHY,-43.16,28.69
PRE_LOT05_COMP0157,LOT_05,PRECISION_VOLTAGE_REF,LCC-20,PRE-SIH-2026,THERMAL_BURN_IN,T05_0157,PROC-ISRO-IISU-01,ATE-STATION-01,CHAMBER-01,1.0,125.0,5.0,168,output_voltage_drift,ELECTRICAL,uV,14.2281,6096.5282,6097.2116,6097.6578,6082.3001,-0.044,0.0125,35.96,35.69,14.2281,6096.5282,6097.2116,6097.6578,6082.3001,100.0,False,NOMINAL,HEALTHY,-27.4,-14.3
PRE_LOT05_COMP0158,LOT_05,PRECISION_VOLTAGE_REF,LCC-20,PRE-SIH-2026,THERMAL_BURN_IN,T05_0158,PROC-ISRO-IISU-01,ATE-STATION-01,CHAMBER-01,1.0,125.0,5.0,168,output_voltage_drift,ELECTRICAL,uV,12.9606,5565.5745,5566.2332,5566.7455,5552.6139,-0.0069,-0.0292,33.94,33.4,12.9606,5565.5745,5566.2332,5566.7455,5552.6139,100.0,False,NOMINAL,HEALTHY,-33.49,15.92
PRE_LOT05_COMP0159,LOT_05,PRECISION_VOLTAGE_REF,LCC-20,PRE-SIH-2026,THERMAL_BURN_IN,T05_0159,PROC-ISRO-IISU-01,ATE-STATION-01,CHAMBER-01,1.0,125.0,5.0,168,output_voltage_drift,ELECTRICAL,uV,16.2386,6972.9156,6973.7527,6974.4205,6956.677,0.0067,-0.0354,35.12,35.46,16.2386,6972.9156,6973.7527,6974.4205,6956.677,100.0,False,NOMINAL,HEALTHY,18.44,-47.14
PRE_LOT05_COMP0160,LOT_05,PRECISION_VOLTAGE_REF,LCC-20,PRE-SIH-2026,THERMAL_BURN_IN,T05_0160,PROC-ISRO-IISU-01,ATE-STATION-01,CHAMBER-01,1.0,125.0,5.0,168,output_voltage_drift,ELECTRICAL,uV,10.7015,4595.1775,4595.6759,4596.0576,4584.476,0.0004,0.0378,35.13,35.29,10.7015,4595.1775,4595.6759,4596.0576,4584.476,100.0,False,NOMINAL,HEALTHY,1.67,28.11
PRE_LOT05_COMP0161,LOT_05,PRECISION_VOLTAGE_REF,LCC-20,PRE-SIH-2026,THERMAL_BURN_IN,T05_0161,PROC-ISRO-IISU-01,ATE-STATION-01,CHAMBER-01,1.0,125.0,5.0,168,output_voltage_drift,ELECTRICAL,uV,17.5273,7521.4728,7522.3644,7523.0339,7503.9455,0.0372,-0.0227,35.83,35.68,17.5273,7521.4728,7522.3644,7523.0339,7503.9455,100.0,False,NOMINAL,HEALTHY,-22.84,-26.57
PRE_LOT05_COMP0162,LOT_05,PRECISION_VOLTAGE_REF,LCC-20,PRE-SIH-2026,THERMAL_BURN_IN,T05_0162,PROC-ISRO-IISU-01,ATE-STATION-01,CHAMBER-01,1.0,125.0,5.0,168,output_voltage_drift,ELECTRICAL,uV,73.8386,31656.778,31659.1998,31660.7881,31582.9394,0.0085,0.0437,35.57,35.14,73.8386,31656.778,31659.1998,31660.7881,31582.9394,100.0,True,SPATIAL_OUTLIER,HEALTHY,-26.77,6.35
PRE_LOT05_COMP0163,LOT_05,PRECISION_VOLTAGE_REF,LCC-20,PRE-SIH-2026,THERMAL_BURN_IN,T05_0163,PROC-ISRO-IISU-01,ATE-STATION-01,CHAMBER-01,1.0,125.0,5.0,168,output_voltage_drift,ELECTRICAL,uV,12.5667,5394.7519,5395.3168,5395.6831,5382.1852,-0.0046,-0.0344,35.96,36.24,12.5667,5394.7519,5395.3168,5395.6831,5382.1852,100.0,False,NOMINAL,HEALTHY,-29.57,-26.12
PRE_LOT05_COMP0164,LOT_05,PRECISION_VOLTAGE_REF,LCC-20,PRE-SIH-2026,THERMAL_BURN_IN,T05_0164,PROC-ISRO-IISU-01,ATE-STATION-01,CHAMBER-01,1.0,125.0,5.0,168,output_voltage_drift,ELECTRICAL,uV,12.5728,5397.3649,5397.9393,5398.3728,5384.7921,0.0254,0.008,36.98,36.9,12.5728,5397.3649,5397.9393,5398.3728,5384.7921,100.0,False,NOMINAL,HEALTHY,4.91,-38.45
PRE_LOT05_COMP0165,LOT_05,PRECISION_VOLTAGE_REF,LCC-20,PRE-SIH-2026,THERMAL_BURN_IN,T05_0165,PROC-ISRO-IISU-01,ATE-STATION-01,CHAMBER-01,1.0,125.0,5.0,168,output_voltage_drift,ELECTRICAL,uV,11.2625,4827.5091,4828.105,4828.4647,4816.2466,-0.0111,0.0318,33.08,32.32,11.2625,4827.5091,4828.105,4828.4647,4816.2466,100.0,False,NOMINAL,HEALTHY,33.67,-10.56
PRE_LOT05_COMP0166,LOT_05,PRECISION_VOLTAGE_REF,LCC-20,PRE-SIH-2026,THERMAL_BURN_IN,T05_0166,PROC-ISRO-IISU-01,ATE-STATION-01,CHAMBER-01,1.0,125.0,5.0,168,output_voltage_drift,ELECTRICAL,uV,16.9042,7241.6022,7242.3842,7242.9996,7224.698,0.0184,0.017,34.88,34.65,16.9042,7241.6022,7242.3842,7242.9996,7224.698,100.0,False,NOMINAL,HEALTHY,-26.5,6.53
PRE_LOT05_COMP0167,LOT_05,PRECISION_VOLTAGE_REF,LCC-20,PRE-SIH-2026,THERMAL_BURN_IN,T05_0167,PROC-ISRO-IISU-01,ATE-STATION-01,CHAMBER-01,1.0,125.0,5.0,168,output_voltage_drift,ELECTRICAL,uV,14.0411,6015.7832,6016.4073,6016.8762,6001.7421,-0.0031,-0.0516,35.12,35.79,14.0411,6015.7832,6016.4073,6016.8762,6001.7421,100.0,False,NOMINAL,HEALTHY,-46.22,-33.08
PRE_LOT05_COMP0168,LOT_05,PRECISION_VOLTAGE_REF,LCC-20,PRE-SIH-2026,THERMAL_BURN_IN,T05_0168,PROC-ISRO-IISU-01,ATE-STATION-01,CHAMBER-01,1.0,125.0,5.0,168,output_voltage_drift,ELECTRICAL,uV,12.8284,5506.248,5506.8741,5507.4487,5493.4196,-0.0084,-0.0552,34.8,34.45,12.8284,5506.248,5506.8741,5507.4487,5493.4196,100.0,False,NOMINAL,HEALTHY,-22.35,-30.68
PRE_LOT05_COMP0169,LOT_05,PRECISION_VOLTAGE_REF,LCC-20,PRE-SIH-2026,THERMAL_BURN_IN,T05_0169,PROC-ISRO-IISU-01,ATE-STATION-01,CHAMBER-01,1.0,125.0,5.0,168,output_voltage_drift,ELECTRICAL,uV,12.2059,5230.9979,5231.6061,5232.01,5218.792,0.0133,0.0222,36.11,35.83,12.2059,5230.9979,5231.6061,5232.01,5218.792,100.0,False,NOMINAL,HEALTHY,24.65,18.48
PRE_LOT05_COMP0170,LOT_05,PRECISION_VOLTAGE_REF,LCC-20,PRE-SIH-2026,THERMAL_BURN_IN,T05_0170,PROC-ISRO-IISU-01,ATE-STATION-01,CHAMBER-01,1.0,125.0,5.0,168,output_voltage_drift,ELECTRICAL,uV,13.6652,5863.3885,5863.9769,5864.4555,5849.7233,-0.0369,-0.0106,38.5,38.41,13.6652,5863.3885,5863.9769,5864.4555,5849.7233,100.0,False,NOMINAL,HEALTHY,47.13,13.52
PRE_LOT05_COMP0171,LOT_05,PRECISION_VOLTAGE_REF,LCC-20,PRE-SIH-2026,THERMAL_BURN_IN,T05_0171,PROC-ISRO-IISU-01,ATE-STATION-01,CHAMBER-01,1.0,125.0,5.0,168,output_voltage_drift,ELECTRICAL,uV,18.6666,8001.2757,8002.1564,8002.849,7982.6091,0.0218,-0.0337,34.69,34.72,18.6666,8001.2757,8002.1564,8002.849,7982.6091,100.0,False,NOMINAL,HEALTHY,18.12,-33.59
PRE_LOT05_COMP0172,LOT_05,PRECISION_VOLTAGE_REF,LCC-20,PRE-SIH-2026,THERMAL_BURN_IN,T05_0172,PROC-ISRO-IISU-01,ATE-STATION-01,CHAMBER-01,1.0,125.0,5.0,168,output_voltage_drift,ELECTRICAL,uV,15.2522,6521.2943,6522.0678,6522.6763,6506.0421,0.0192,-0.0513,35.69,35.77,15.2522,6521.2943,6522.0678,6522.6763,6506.0421,100.0,False,NOMINAL,HEALTHY,10.34,35.12
PRE_LOT05_COMP0173,LOT_05,PRECISION_VOLTAGE_REF,LCC-20,PRE-SIH-2026,THERMAL_BURN_IN,T05_0173,PROC-ISRO-IISU-01,ATE-STATION-01,CHAMBER-01,1.0,125.0,5.0,168,output_voltage_drift,ELECTRICAL,uV,13.5786,5825.8134,5826.4826,5826.9783,5812.2348,-0.0269,-0.0602,36.18,35.94,13.5786,5825.8134,5826.4826,5826.9783,5812.2348,100.0,False,NOMINAL,HEALTHY,-19.24,35.59
PRE_LOT05_COMP0174,LOT_05,PRECISION_VOLTAGE_REF,LCC-20,PRE-SIH-2026,THERMAL_BURN_IN,T05_0174,PROC-ISRO-IISU-01,ATE-STATION-01,CHAMBER-01,1.0,125.0,5.0,168,output_voltage_drift,ELECTRICAL,uV,14.1824,6068.2469,6068.9399,6069.3938,6054.0645,0.008,-0.012,35.59,35.24,14.1824,6068.2469,6068.9399,6069.3938,6054.0645,100.0,False,NOMINAL,HEALTHY,27.0,-22.67
PRE_LOT05_COMP0175,LOT_05,PRECISION_VOLTAGE_REF,LCC-20,PRE-SIH-2026,THERMAL_BURN_IN,T05_0175,PROC-ISRO-IISU-01,ATE-STATION-01,CHAMBER-01,1.0,125.0,5.0,168,output_voltage_drift,ELECTRICAL,uV,17.0333,7296.4969,7297.3578,7297.9979,7279.4636,0.0278,-0.0165,35.61,35.55,17.0333,7296.4969,7297.3578,7297.9979,7279.4636,100.0,False,NOMINAL,HEALTHY,-26.86,-10.17
PRE_LOT05_COMP0176,LOT_05,PRECISION_VOLTAGE_REF,LCC-20,PRE-SIH-2026,THERMAL_BURN_IN,T05_0176,PROC-ISRO-IISU-01,ATE-STATION-01,CHAMBER-01,1.0,125.0,5.0,168,output_voltage_drift,ELECTRICAL,uV,15.7308,6735.1783,6735.9967,6736.7139,6719.4475,0.0221,0.0296,35.09,35.19,15.7308,6735.1783,6735.9967,6736.7139,6719.4475,100.0,False,NOMINAL,HEALTHY,5.24,-10.54
PRE_LOT05_COMP0177,LOT_05,PRECISION_VOLTAGE_REF,LCC-20,PRE-SIH-2026,THERMAL_BURN_IN,T05_0177,PROC-ISRO-IISU-01,ATE-STATION-01,CHAMBER-01,1.0,125.0,5.0,168,output_voltage_drift,ELECTRICAL,uV,14.181,6073.9297,6074.5264,6074.9865,6059.7487,-0.0267,0.0086,35.34,35.07,14.181,6073.9297,6074.5264,6074.9865,6059.7487,100.0,False,NOMINAL,HEALTHY,-46.06,-40.84
PRE_LOT05_COMP0178,LOT_05,PRECISION_VOLTAGE_REF,LCC-20,PRE-SIH-2026,THERMAL_BURN_IN,T05_0178,PROC-ISRO-IISU-01,ATE-STATION-01,CHAMBER-01,1.0,125.0,5.0,168,output_voltage_drift,ELECTRICAL,uV,16.1424,6923.8384,6924.5729,6925.0621,6907.696,0.0042,-0.0178,35.21,35.46,16.1424,6923.8384,6924.5729,6925.0621,6907.696,100.0,False,NOMINAL,HEALTHY,34.83,41.81
PRE_LOT05_COMP0179,LOT_05,PRECISION_VOLTAGE_REF,LCC-20,PRE-SIH-2026,THERMAL_BURN_IN,T05_0179,PROC-ISRO-IISU-01,ATE-STATION-01,CHAMBER-01,1.0,125.0,5.0,168,output_voltage_drift,ELECTRICAL,uV,14.4985,6218.3028,6219.0063,6219.4734,6203.8043,-0.0005,-0.0473,34.91,34.67,14.4985,6218.3028,6219.0063,6219.4734,6203.8043,100.0,False,NOMINAL,HEALTHY,8.01,-20.23
PRE_LOT05_COMP0180,LOT_05,PRECISION_VOLTAGE_REF,LCC-20,PRE-SIH-2026,THERMAL_BURN_IN,T05_0180,PROC-ISRO-IISU-01,ATE-STATION-01,CHAMBER-01,1.0,125.0,5.0,168,output_voltage_drift,ELECTRICAL,uV,18.7128,8033.077,8033.9998,8034.7529,8014.3642,-0.001,-0.0497,37.32,37.76,18.7128,8033.077,8033.9998,8034.7529,8014.3642,100.0,False,NOMINAL,HEALTHY,48.9,-4.97
PRE_LOT05_COMP0181,LOT_05,PRECISION_VOLTAGE_REF,LCC-20,PRE-SIH-2026,THERMAL_BURN_IN,T05_0181,PROC-ISRO-IISU-01,ATE-STATION-01,CHAMBER-01,1.0,125.0,5.0,168,output_voltage_drift,ELECTRICAL,uV,15.3208,6555.3825,6556.1649,6556.7832,6540.0617,0.015,-0.0379,33.83,34.37,15.3208,6555.3825,6556.1649,6556.7832,6540.0617,100.0,False,NOMINAL,HEALTHY,30.94,43.33
PRE_LOT05_COMP0182,LOT_05,PRECISION_VOLTAGE_REF,LCC-20,PRE-SIH-2026,THERMAL_BURN_IN,T05_0182,PROC-ISRO-IISU-01,ATE-STATION-01,CHAMBER-01,1.0,125.0,5.0,168,output_voltage_drift,ELECTRICAL,uV,12.8554,5509.781,5510.4351,5510.8907,5496.9256,-0.0057,-0.0021,35.42,35.8,12.8554,5509.781,5510.4351,5510.8907,5496.9256,100.0,False,NOMINAL,HEALTHY,-48.34,-7.6
PRE_LOT05_COMP0183,LOT_05,PRECISION_VOLTAGE_REF,LCC-20,PRE-SIH-2026,THERMAL_BURN_IN,T05_0183,PROC-ISRO-IISU-01,ATE-STATION-01,CHAMBER-01,1.0,125.0,5.0,168,output_voltage_drift,ELECTRICAL,uV,13.04,5593.7994,5594.4194,5594.8988,5580.7594,-0.036,0.0059,34.59,33.96,13.04,5593.7994,5594.4194,5594.8988,5580.7594,100.0,False,NOMINAL,HEALTHY,13.28,25.16
PRE_LOT05_COMP0184,LOT_05,PRECISION_VOLTAGE_REF,LCC-20,PRE-SIH-2026,THERMAL_BURN_IN,T05_0184,PROC-ISRO-IISU-01,ATE-STATION-01,CHAMBER-01,1.0,125.0,5.0,168,output_voltage_drift,ELECTRICAL,uV,11.5326,4949.8761,4950.4688,4950.8379,4938.3435,-0.0265,-0.0406,35.44,36.26,11.5326,4949.8761,4950.4688,4950.8379,4938.3435,100.0,False,NOMINAL,HEALTHY,4.54,-31.9
PRE_LOT05_COMP0185,LOT_05,PRECISION_VOLTAGE_REF,LCC-20,PRE-SIH-2026,THERMAL_BURN_IN,T05_0185,PROC-ISRO-IISU-01,ATE-STATION-01,CHAMBER-01,1.0,125.0,5.0,168,output_voltage_drift,ELECTRICAL,uV,14.5725,6253.7433,6254.4607,6254.9718,6239.1708,0.0131,0.0191,33.68,33.4,14.5725,6253.7433,6254.4607,6254.9718,6239.1708,100.0,False,NOMINAL,HEALTHY,-33.88,-39.38
PRE_LOT05_COMP0186,LOT_05,PRECISION_VOLTAGE_REF,LCC-20,PRE-SIH-2026,THERMAL_BURN_IN,T05_0186,PROC-ISRO-IISU-01,ATE-STATION-01,CHAMBER-01,1.0,125.0,5.0,168,output_voltage_drift,ELECTRICAL,uV,14.9016,6374.9593,6375.7349,6376.3372,6360.0577,-0.0038,-0.0677,34.02,34.25,14.9016,6374.9593,6375.7349,6376.3372,6360.0577,100.0,False,NOMINAL,HEALTHY,10.55,-40.57
PRE_LOT05_COMP0187,LOT_05,PRECISION_VOLTAGE_REF,LCC-20,PRE-SIH-2026,THERMAL_BURN_IN,T05_0187,PROC-ISRO-IISU-01,ATE-STATION-01,CHAMBER-01,1.0,125.0,5.0,168,output_voltage_drift,ELECTRICAL,uV,12.441,5330.9747,5331.5472,5331.9832,5318.5337,0.0081,0.0051,34.67,34.51,12.441,5330.9747,5331.5472,5331.9832,5318.5337,100.0,False,NOMINAL,HEALTHY,-40.41,-5.03
PRE_LOT05_COMP0188,LOT_05,PRECISION_VOLTAGE_REF,LCC-20,PRE-SIH-2026,THERMAL_BURN_IN,T05_0188,PROC-ISRO-IISU-01,ATE-STATION-01,CHAMBER-01,1.0,125.0,5.0,168,output_voltage_drift,ELECTRICAL,uV,9.881,4240.7713,4241.2227,4241.5929,4230.8903,0.0158,0.0658,35.23,35.12,9.881,4240.7713,4241.2227,4241.5929,4230.8903,100.0,False,NOMINAL,HEALTHY,18.03,-48.01
PRE_LOT05_COMP0189,LOT_05,PRECISION_VOLTAGE_REF,LCC-20,PRE-SIH-2026,THERMAL_BURN_IN,T05_0189,PROC-ISRO-IISU-01,ATE-STATION-01,CHAMBER-01,1.0,125.0,5.0,168,output_voltage_drift,ELECTRICAL,uV,14.502,6228.0747,6228.7416,6229.2315,6213.5727,-0.0025,0.038,36.71,36.72,14.502,6228.0747,6228.7416,6229.2315,6213.5727,100.0,False,NOMINAL,HEALTHY,19.48,8.8
PRE_LOT05_COMP0190,LOT_05,PRECISION_VOLTAGE_REF,LCC-20,PRE-SIH-2026,THERMAL_BURN_IN,T05_0190,PROC-ISRO-IISU-01,ATE-STATION-01,CHAMBER-01,1.0,125.0,5.0,168,output_voltage_drift,ELECTRICAL,uV,13.2576,5689.7915,5690.4468,5690.8928,5676.5339,-0.0497,-0.0949,31.75,31.67,13.2576,5689.7915,5690.4468,5690.8928,5676.5339,100.0,False,NOMINAL,HEALTHY,-9.61,7.94
PRE_LOT05_COMP0191,LOT_05,PRECISION_VOLTAGE_REF,LCC-20,PRE-SIH-2026,THERMAL_BURN_IN,T05_0191,PROC-ISRO-IISU-01,ATE-STATION-01,CHAMBER-01,1.0,125.0,5.0,168,output_voltage_drift,ELECTRICAL,uV,13.2443,5679.9702,5680.6681,5681.1923,5666.7259,-0.0214,-0.1198,35.11,34.86,13.2443,5679.9702,5680.6681,5681.1923,5666.7259,100.0,False,NOMINAL,HEALTHY,8.51,34.51
PRE_LOT05_COMP0192,LOT_05,PRECISION_VOLTAGE_REF,LCC-20,PRE-SIH-2026,THERMAL_BURN_IN,T05_0192,PROC-ISRO-IISU-01,ATE-STATION-01,CHAMBER-01,1.0,125.0,5.0,168,output_voltage_drift,ELECTRICAL,uV,15.2796,6557.9002,6558.6318,6559.148,6542.6206,-0.0071,-0.0227,36.17,35.41,15.2796,6557.9002,6558.6318,6559.148,6542.6206,100.0,False,NOMINAL,HEALTHY,33.38,30.74
PRE_LOT05_COMP0193,LOT_05,PRECISION_VOLTAGE_REF,LCC-20,PRE-SIH-2026,THERMAL_BURN_IN,T05_0193,PROC-ISRO-IISU-01,ATE-STATION-01,CHAMBER-01,1.0,125.0,5.0,168,output_voltage_drift,ELECTRICAL,uV,14.6779,6292.2294,6292.8569,6293.4514,6277.5515,0.0049,0.0405,34.49,34.63,14.6779,6292.2294,6292.8569,6293.4514,6277.5515,100.0,False,NOMINAL,HEALTHY,-47.09,-15.62
PRE_LOT05_COMP0194,LOT_05,PRECISION_VOLTAGE_REF,LCC-20,PRE-SIH-2026,THERMAL_BURN_IN,T05_0194,PROC-ISRO-IISU-01,ATE-STATION-01,CHAMBER-01,1.0,125.0,5.0,168,output_voltage_drift,ELECTRICAL,uV,15.8349,6785.0779,6785.8652,6786.5016,6769.243,0.0072,-0.025,35.16,36.13,15.8349,6785.0779,6785.8652,6786.5016,6769.243,100.0,False,NOMINAL,HEALTHY,20.79,-12.06
PRE_LOT05_COMP0195,LOT_05,PRECISION_VOLTAGE_REF,LCC-20,PRE-SIH-2026,THERMAL_BURN_IN,T05_0195,PROC-ISRO-IISU-01,ATE-STATION-01,CHAMBER-01,1.0,125.0,5.0,168,output_voltage_drift,ELECTRICAL,uV,12.1797,5224.7937,5225.3524,5225.8081,5212.614,0.011,-0.034,35.82,36.07,12.1797,5224.7937,5225.3524,5225.8081,5212.614,100.0,False,NOMINAL,HEALTHY,-8.63,16.2
PRE_LOT05_COMP0196,LOT_05,PRECISION_VOLTAGE_REF,LCC-20,PRE-SIH-2026,THERMAL_BURN_IN,T05_0196,PROC-ISRO-IISU-01,ATE-STATION-01,CHAMBER-01,1.0,125.0,5.0,168,output_voltage_drift,ELECTRICAL,uV,15.8823,6809.5583,6810.3109,6810.8653,6793.676,-0.0136,-0.0216,37.22,36.63,15.8823,6809.5583,6810.3109,6810.8653,6793.676,100.0,False,NOMINAL,HEALTHY,-11.63,-33.22
PRE_LOT05_COMP0197,LOT_05,PRECISION_VOLTAGE_REF,LCC-20,PRE-SIH-2026,THERMAL_BURN_IN,T05_0197,PROC-ISRO-IISU-01,ATE-STATION-01,CHAMBER-01,1.0,125.0,5.0,168,output_voltage_drift,ELECTRICAL,uV,13.1066,5617.9105,5618.5967,5619.164,5604.8039,-0.002,-0.0209,34.88,35.72,13.1066,5617.9105,5618.5967,5619.164,5604.8039,100.0,False,NOMINAL,HEALTHY,3.17,-30.34
PRE_LOT05_COMP0198,LOT_05,PRECISION_VOLTAGE_REF,LCC-20,PRE-SIH-2026,THERMAL_BURN_IN,T05_0198,PROC-ISRO-IISU-01,ATE-STATION-01,CHAMBER-01,1.0,125.0,5.0,168,output_voltage_drift,ELECTRICAL,uV,13.5477,5803.741,5804.4253,5804.9389,5790.1933,0.0111,-0.0016,34.8,34.78,13.5477,5803.741,5804.4253,5804.9389,5790.1933,100.0,False,NOMINAL,HEALTHY,-24.23,46.03
PRE_LOT05_COMP0199,LOT_05,PRECISION_VOLTAGE_REF,LCC-20,PRE-SIH-2026,THERMAL_BURN_IN,T05_0199,PROC-ISRO-IISU-01,ATE-STATION-01,CHAMBER-01,1.0,125.0,5.0,168,output_voltage_drift,ELECTRICAL,uV,16.441,7044.1794,7044.9557,7045.5623,7027.7384,-0.0055,-0.0361,34.03,33.9,16.441,7044.1794,7044.9557,7045.5623,7027.7384,100.0,False,NOMINAL,HEALTHY,-6.2,47.42
PRE_LOT05_COMP0200,LOT_05,PRECISION_VOLTAGE_REF,LCC-20,PRE-SIH-2026,THERMAL_BURN_IN,T05_0200,PROC-ISRO-IISU-01,ATE-STATION-01,CHAMBER-01,1.0,125.0,5.0,168,output_voltage_drift,ELECTRICAL,uV,12.8873,5514.6032,5515.2372,5515.6849,5501.7159,0.0089,0.0135,34.36,34.54,12.8873,5514.6032,5515.2372,5515.6849,5501.7159,100.0,False,NOMINAL,HEALTHY,-0.67,8.77
PRE_LOT05_COMP0201,LOT_05,PRECISION_VOLTAGE_REF,LCC-20,PRE-SIH-2026,THERMAL_BURN_IN,T05_0201,PROC-ISRO-IISU-01,ATE-STATION-01,CHAMBER-01,1.0,125.0,5.0,168,output_voltage_drift,ELECTRICAL,uV,14.9293,6408.7716,6409.4934,6410.0239,6393.8423,-0.0191,-0.088,37.16,37.57,14.9293,6408.7716,6409.4934,6410.0239,6393.8423,100.0,False,NOMINAL,HEALTHY,-28.58,16.36
PRE_LOT05_COMP0202,LOT_05,PRECISION_VOLTAGE_REF,LCC-20,PRE-SIH-2026,THERMAL_BURN_IN,T05_0202,PROC-ISRO-IISU-01,ATE-STATION-01,CHAMBER-01,1.0,125.0,5.0,168,output_voltage_drift,ELECTRICAL,uV,14.1933,6083.2062,6083.8966,6084.4418,6069.0129,0.0188,-0.011,37.73,37.26,14.1933,6083.2062,6083.8966,6084.4418,6069.0129,100.0,False,NOMINAL,HEALTHY,-12.09,43.05
PRE_LOT05_COMP0203,LOT_05,PRECISION_VOLTAGE_REF,LCC-20,PRE-SIH-2026,THERMAL_BURN_IN,T05_0203,PROC-ISRO-IISU-01,ATE-STATION-01,CHAMBER-01,1.0,125.0,5.0,168,output_voltage_drift,ELECTRICAL,uV,12.6519,5423.0894,5423.6928,5424.2054,5410.4375,-0.0159,0.0186,33.84,33.86,12.6519,5423.0894,5423.6928,5424.2054,5410.4375,100.0,False,NOMINAL,HEALTHY,37.02,-38.98
PRE_LOT05_COMP0204,LOT_05,PRECISION_VOLTAGE_REF,LCC-20,PRE-SIH-2026,THERMAL_BURN_IN,T05_0204,PROC-ISRO-IISU-01,ATE-STATION-01,CHAMBER-01,1.0,125.0,5.0,168,output_voltage_drift,ELECTRICAL,uV,13.0578,5597.7999,5598.3871,5598.7905,5584.7421,0.0132,0.0156,35.48,34.83,13.0578,5597.7999,5598.3871,5598.7905,5584.7421,100.0,False,NOMINAL,HEALTHY,-42.01,-21.38
PRE_LOT05_COMP0205,LOT_05,PRECISION_VOLTAGE_REF,LCC-20,PRE-SIH-2026,THERMAL_BURN_IN,T05_0205,PROC-ISRO-IISU-01,ATE-STATION-01,CHAMBER-01,1.0,125.0,5.0,168,output_voltage_drift,ELECTRICAL,uV,16.1555,6924.2757,6925.1169,6925.7181,6908.1202,-0.0202,-0.0628,36.18,35.37,16.1555,6924.2757,6925.1169,6925.7181,6908.1202,100.0,False,NOMINAL,HEALTHY,29.81,-2.3
PRE_LOT05_COMP0206,LOT_05,PRECISION_VOLTAGE_REF,LCC-20,PRE-SIH-2026,THERMAL_BURN_IN,T05_0206,PROC-ISRO-IISU-01,ATE-STATION-01,CHAMBER-01,1.0,125.0,5.0,168,output_voltage_drift,ELECTRICAL,uV,17.8469,7654.3963,7655.2366,7655.8586,7636.5494,0.0324,-0.0066,36.85,36.43,17.8469,7654.3963,7655.2366,7655.8586,7636.5494,100.0,False,NOMINAL,HEALTHY,-37.24,-37.42
PRE_LOT05_COMP0207,LOT_05,PRECISION_VOLTAGE_REF,LCC-20,PRE-SIH-2026,THERMAL_BURN_IN,T05_0207,PROC-ISRO-IISU-01,ATE-STATION-01,CHAMBER-01,1.0,125.0,5.0,168,output_voltage_drift,ELECTRICAL,uV,14.4078,6183.7647,6184.4418,6184.9984,6169.3569,0.0255,-0.0078,36.22,36.33,14.4078,6183.7647,6184.4418,6184.9984,6169.3569,100.0,False,NOMINAL,HEALTHY,11.96,-7.99
PRE_LOT05_COMP0208,LOT_05,PRECISION_VOLTAGE_REF,LCC-20,PRE-SIH-2026,THERMAL_BURN_IN,T05_0208,PROC-ISRO-IISU-01,ATE-STATION-01,CHAMBER-01,1.0,125.0,5.0,168,output_voltage_drift,ELECTRICAL,uV,15.8419,6778.194,6779.0595,6779.6677,6762.3521,0.0112,-0.0137,34.99,35.37,15.8419,6778.194,6779.0595,6779.6677,6762.3521,100.0,False,NOMINAL,HEALTHY,-0.18,-13.04
PRE_LOT05_COMP0209,LOT_05,PRECISION_VOLTAGE_REF,LCC-20,PRE-SIH-2026,THERMAL_BURN_IN,T05_0209,PROC-ISRO-IISU-01,ATE-STATION-01,CHAMBER-01,1.0,125.0,5.0,168,output_voltage_drift,ELECTRICAL,uV,13.2575,5684.7557,5685.4537,5685.8818,5671.4982,-0.0217,-0.0415,33.79,35.19,13.2575,5684.7557,5685.4537,5685.8818,5671.4982,100.0,False,NOMINAL,HEALTHY,-6.9,24.45
PRE_LOT05_COMP0210,LOT_05,PRECISION_VOLTAGE_REF,LCC-20,PRE-SIH-2026,THERMAL_BURN_IN,T05_0210,PROC-ISRO-IISU-01,ATE-STATION-01,CHAMBER-01,1.0,125.0,5.0,168,output_voltage_drift,ELECTRICAL,uV,15.8413,6797.3994,6798.0941,6798.6138,6781.5581,0.0208,0.0138,35.71,35.48,15.8413,6797.3994,6798.0941,6798.6138,6781.5581,100.0,False,NOMINAL,HEALTHY,19.15,9.81
PRE_LOT05_COMP0211,LOT_05,PRECISION_VOLTAGE_REF,LCC-20,PRE-SIH-2026,THERMAL_BURN_IN,T05_0211,PROC-ISRO-IISU-01,ATE-STATION-01,CHAMBER-01,1.0,125.0,5.0,168,output_voltage_drift,ELECTRICAL,uV,16.1267,6916.7944,6917.4592,6917.9926,6900.6677,0.0343,0.0601,34.6,34.92,16.1267,6916.7944,6917.4592,6917.9926,6900.6677,100.0,False,NOMINAL,HEALTHY,-13.46,-13.01
PRE_LOT05_COMP0212,LOT_05,PRECISION_VOLTAGE_REF,LCC-20,PRE-SIH-2026,THERMAL_BURN_IN,T05_0212,PROC-ISRO-IISU-01,ATE-STATION-01,CHAMBER-01,1.0,125.0,5.0,168,output_voltage_drift,ELECTRICAL,uV,15.5551,6670.3755,6671.0721,6671.5061,6654.8204,0.0069,0.0333,34.08,34.14,15.5551,6670.3755,6671.0721,6671.5061,6654.8204,100.0,False,NOMINAL,HEALTHY,-15.04,49.84
PRE_LOT05_COMP0213,LOT_05,PRECISION_VOLTAGE_REF,LCC-20,PRE-SIH-2026,THERMAL_BURN_IN,T05_0213,PROC-ISRO-IISU-01,ATE-STATION-01,CHAMBER-01,1.0,125.0,5.0,168,output_voltage_drift,ELECTRICAL,uV,15.7316,6747.1266,6747.8799,6748.3714,6731.395,-0.0458,0.0359,33.17,33.97,15.7316,6747.1266,6747.8799,6748.3714,6731.395,100.0,False,NOMINAL,HEALTHY,-25.66,-2.02
PRE_LOT05_COMP0214,LOT_05,PRECISION_VOLTAGE_REF,LCC-20,PRE-SIH-2026,THERMAL_BURN_IN,T05_0214,PROC-ISRO-IISU-01,ATE-STATION-01,CHAMBER-01,1.0,125.0,5.0,168,output_voltage_drift,ELECTRICAL,uV,13.5819,5817.5198,5818.0832,5818.5491,5803.9379,0.0245,-0.0551,33.71,33.32,13.5819,5817.5198,5818.0832,5818.5491,5803.9379,100.0,False,NOMINAL,HEALTHY,10.03,46.18
PRE_LOT05_COMP0215,LOT_05,PRECISION_VOLTAGE_REF,LCC-20,PRE-SIH-2026,THERMAL_BURN_IN,T05_0215,PROC-ISRO-IISU-01,ATE-STATION-01,CHAMBER-01,1.0,125.0,5.0,168,output_voltage_drift,ELECTRICAL,uV,11.7252,5031.2286,5031.8222,5032.2723,5019.5034,0.0167,0.0221,33.48,34.75,11.7252,5031.2286,5031.8222,5032.2723,5019.5034,100.0,False,NOMINAL,HEALTHY,37.45,28.31
PRE_LOT05_COMP0216,LOT_05,PRECISION_VOLTAGE_REF,LCC-20,PRE-SIH-2026,THERMAL_BURN_IN,T05_0216,PROC-ISRO-IISU-01,ATE-STATION-01,CHAMBER-01,1.0,125.0,5.0,168,output_voltage_drift,ELECTRICAL,uV,13.6718,5864.1134,5864.7851,5865.3224,5850.4416,0.0222,-0.0443,36.02,34.58,13.6718,5864.1134,5864.7851,5865.3224,5850.4416,100.0,False,NOMINAL,HEALTHY,1.35,-23.36
PRE_LOT05_COMP0217,LOT_05,PRECISION_VOLTAGE_REF,LCC-20,PRE-SIH-2026,THERMAL_BURN_IN,T05_0217,PROC-ISRO-IISU-01,ATE-STATION-01,CHAMBER-01,1.0,125.0,5.0,168,output_voltage_drift,ELECTRICAL,uV,12.5132,5360.4969,5361.1255,5361.5618,5347.9837,0.0036,-0.0279,35.6,35.38,12.5132,5360.4969,5361.1255,5361.5618,5347.9837,100.0,False,NOMINAL,HEALTHY,-18.06,-26.15
PRE_LOT05_COMP0218,LOT_05,PRECISION_VOLTAGE_REF,LCC-20,PRE-SIH-2026,THERMAL_BURN_IN,T05_0218,PROC-ISRO-IISU-01,ATE-STATION-01,CHAMBER-01,1.0,125.0,5.0,168,output_voltage_drift,ELECTRICAL,uV,12.9081,5540.9138,5541.4662,5541.8825,5528.0057,-0.0222,0.0193,36.44,35.73,12.9081,5540.9138,5541.4662,5541.8825,5528.0057,100.0,False,NOMINAL,HEALTHY,31.97,43.24
PRE_LOT05_COMP0219,LOT_05,PRECISION_VOLTAGE_REF,LCC-20,PRE-SIH-2026,THERMAL_BURN_IN,T05_0219,PROC-ISRO-IISU-01,ATE-STATION-01,CHAMBER-01,1.0,125.0,5.0,168,output_voltage_drift,ELECTRICAL,uV,14.9136,6390.9642,6391.5407,6391.9567,6376.0506,-0.0085,0.0204,34.57,34.38,14.9136,6390.9642,6391.5407,6391.9567,6376.0506,100.0,False,NOMINAL,HEALTHY,-18.61,39.59
PRE_LOT05_COMP0220,LOT_05,PRECISION_VOLTAGE_REF,LCC-20,PRE-SIH-2026,THERMAL_BURN_IN,T05_0220,PROC-ISRO-IISU-01,ATE-STATION-01,CHAMBER-01,1.0,125.0,5.0,168,output_voltage_drift,ELECTRICAL,uV,11.5268,4941.3722,4941.9114,4942.3784,4929.8454,-0.0348,-0.0562,34.53,34.11,11.5268,4941.3722,4941.9114,4942.3784,4929.8454,100.0,False,NOMINAL,HEALTHY,22.69,-49.65
PRE_LOT05_COMP0221,LOT_05,PRECISION_VOLTAGE_REF,LCC-20,PRE-SIH-2026,THERMAL_BURN_IN,T05_0221,PROC-ISRO-IISU-01,ATE-STATION-01,CHAMBER-01,1.0,125.0,5.0,168,output_voltage_drift,ELECTRICAL,uV,13.1791,5650.2974,5650.9588,5651.3625,5637.1183,0.0073,0.0761,37.26,37.49,13.1791,5650.2974,5650.9588,5651.3625,5637.1183,100.0,False,NOMINAL,HEALTHY,6.64,-42.84
PRE_LOT05_COMP0222,LOT_05,PRECISION_VOLTAGE_REF,LCC-20,PRE-SIH-2026,THERMAL_BURN_IN,T05_0222,PROC-ISRO-IISU-01,ATE-STATION-01,CHAMBER-01,1.0,125.0,5.0,168,output_voltage_drift,ELECTRICAL,uV,13.0991,5619.9457,5620.5619,5621.0757,5606.8466,-0.0088,0.024,33.74,33.6,13.0991,5619.9457,5620.5619,5621.0757,5606.8466,100.0,False,NOMINAL,HEALTHY,-31.1,-12.51
PRE_LOT05_COMP0223,LOT_05,PRECISION_VOLTAGE_REF,LCC-20,PRE-SIH-2026,THERMAL_BURN_IN,T05_0223,PROC-ISRO-IISU-01,ATE-STATION-01,CHAMBER-01,1.0,125.0,5.0,168,output_voltage_drift,ELECTRICAL,uV,12.8827,5527.5588,5528.2793,5528.7569,5514.6761,-0.0051,-0.0403,35.81,35.83,12.8827,5527.5588,5528.2793,5528.7569,5514.6761,100.0,False,NOMINAL,HEALTHY,39.14,45.3
PRE_LOT05_COMP0224,LOT_05,PRECISION_VOLTAGE_REF,LCC-20,PRE-SIH-2026,THERMAL_BURN_IN,T05_0224,PROC-ISRO-IISU-01,ATE-STATION-01,CHAMBER-01,1.0,125.0,5.0,168,output_voltage_drift,ELECTRICAL,uV,14.8711,6372.5799,6373.2943,6373.7794,6357.7088,-0.0014,-0.0513,36.0,35.82,14.8711,6372.5799,6373.2943,6373.7794,6357.7088,100.0,False,NOMINAL,HEALTHY,-14.3,-17.03
PRE_LOT05_COMP0225,LOT_05,PRECISION_VOLTAGE_REF,LCC-20,PRE-SIH-2026,THERMAL_BURN_IN,T05_0225,PROC-ISRO-IISU-01,ATE-STATION-01,CHAMBER-01,1.0,125.0,5.0,168,output_voltage_drift,ELECTRICAL,uV,12.0278,5158.0742,5158.7242,5159.1703,5146.0464,-0.0055,-0.0129,34.56,34.94,12.0278,5158.0742,5158.7242,5159.1703,5146.0464,100.0,False,NOMINAL,HEALTHY,-49.67,24.92
PRE_LOT05_COMP0226,LOT_05,PRECISION_VOLTAGE_REF,LCC-20,PRE-SIH-2026,THERMAL_BURN_IN,T05_0226,PROC-ISRO-IISU-01,ATE-STATION-01,CHAMBER-01,1.0,125.0,5.0,168,output_voltage_drift,ELECTRICAL,uV,15.901,6807.491,6808.0834,6808.5409,6791.59,0.0496,0.0827,37.88,37.65,15.901,6807.491,6808.0834,6808.5409,6791.59,100.0,False,NOMINAL,HEALTHY,21.94,-47.16
PRE_LOT05_COMP0227,LOT_05,PRECISION_VOLTAGE_REF,LCC-20,PRE-SIH-2026,THERMAL_BURN_IN,T05_0227,PROC-ISRO-IISU-01,ATE-STATION-01,CHAMBER-01,1.0,125.0,5.0,168,output_voltage_drift,ELECTRICAL,uV,12.4467,5335.2797,5335.8811,5336.3899,5322.833,0.0102,0.0798,34.69,34.42,12.4467,5335.2797,5335.8811,5336.3899,5322.833,100.0,False,NOMINAL,HEALTHY,47.94,40.83
PRE_LOT05_COMP0228,LOT_05,PRECISION_VOLTAGE_REF,LCC-20,PRE-SIH-2026,THERMAL_BURN_IN,T05_0228,PROC-ISRO-IISU-01,ATE-STATION-01,CHAMBER-01,1.0,125.0,5.0,168,output_voltage_drift,ELECTRICAL,uV,13.2677,5686.9497,5687.539,5687.9763,5673.682,0.0087,-0.017,34.66,34.08,13.2677,5686.9497,5687.539,5687.9763,5673.682,100.0,False,NOMINAL,HEALTHY,-11.74,26.47
PRE_LOT05_COMP0229,LOT_05,PRECISION_VOLTAGE_REF,LCC-20,PRE-SIH-2026,THERMAL_BURN_IN,T05_0229,PROC-ISRO-IISU-01,ATE-STATION-01,CHAMBER-01,1.0,125.0,5.0,168,output_voltage_drift,ELECTRICAL,uV,12.9844,5565.3207,5565.9124,5566.3685,5552.3363,-0.0219,-0.0717,33.74,34.35,12.9844,5565.3207,5565.9124,5566.3685,5552.3363,100.0,False,NOMINAL,HEALTHY,48.47,-18.57
PRE_LOT05_COMP0230,LOT_05,PRECISION_VOLTAGE_REF,LCC-20,PRE-SIH-2026,THERMAL_BURN_IN,T05_0230,PROC-ISRO-IISU-01,ATE-STATION-01,CHAMBER-01,1.0,125.0,5.0,168,output_voltage_drift,ELECTRICAL,uV,16.3556,7004.576,7005.3597,7005.9442,6988.2204,0.0005,-0.0519,35.3,34.49,16.3556,7004.576,7005.3597,7005.9442,6988.2204,100.0,False,NOMINAL,HEALTHY,3.89,8.55
PRE_LOT05_COMP0231,LOT_05,PRECISION_VOLTAGE_REF,LCC-20,PRE-SIH-2026,THERMAL_BURN_IN,T05_0231,PROC-ISRO-IISU-01,ATE-STATION-01,CHAMBER-01,1.0,125.0,5.0,168,output_voltage_drift,ELECTRICAL,uV,14.0196,6016.018,6016.6289,6017.0604,6001.9984,0.014,0.0289,35.05,34.79,14.0196,6016.018,6016.6289,6017.0604,6001.9984,100.0,False,NOMINAL,HEALTHY,-26.56,-30.85
PRE_LOT05_COMP0232,LOT_05,PRECISION_VOLTAGE_REF,LCC-20,PRE-SIH-2026,THERMAL_BURN_IN,T05_0232,PROC-ISRO-IISU-01,ATE-STATION-01,CHAMBER-01,1.0,125.0,5.0,168,output_voltage_drift,ELECTRICAL,uV,16.5987,7120.5037,7121.3461,7121.9428,7103.905,0.0096,0.058,34.03,34.01,16.5987,7120.5037,7121.3461,7121.9428,7103.905,100.0,False,NOMINAL,HEALTHY,28.18,-4.38
PRE_LOT05_COMP0233,LOT_05,PRECISION_VOLTAGE_REF,LCC-20,PRE-SIH-2026,THERMAL_BURN_IN,T05_0233,PROC-ISRO-IISU-01,ATE-STATION-01,CHAMBER-01,1.0,125.0,5.0,168,output_voltage_drift,ELECTRICAL,uV,16.2304,6958.116,6958.9299,6959.5708,6941.8856,-0.0382,-0.0468,37.94,38.47,16.2304,6958.116,6958.9299,6959.5708,6941.8856,100.0,False,NOMINAL,HEALTHY,44.53,44.18
PRE_LOT05_COMP0234,LOT_05,PRECISION_VOLTAGE_REF,LCC-20,PRE-SIH-2026,THERMAL_BURN_IN,T05_0234,PROC-ISRO-IISU-01,ATE-STATION-01,CHAMBER-01,1.0,125.0,5.0,168,output_voltage_drift,ELECTRICAL,uV,11.6988,5010.3553,5010.8625,5011.3275,4998.6565,-0.0044,0.0569,35.18,35.0,11.6988,5010.3553,5010.8625,5011.3275,4998.6565,100.0,False,NOMINAL,HEALTHY,-10.43,-46.93
PRE_LOT05_COMP0235,LOT_05,PRECISION_VOLTAGE_REF,LCC-20,PRE-SIH-2026,THERMAL_BURN_IN,T05_0235,PROC-ISRO-IISU-01,ATE-STATION-01,CHAMBER-01,1.0,125.0,5.0,168,output_voltage_drift,ELECTRICAL,uV,13.2845,5692.4624,5693.1801,5693.7459,5679.1779,0.0165,0.0084,34.31,33.78,13.2845,5692.4624,5693.1801,5693.7459,5679.1779,100.0,False,NOMINAL,HEALTHY,16.91,45.58
PRE_LOT05_COMP0236,LOT_05,PRECISION_VOLTAGE_REF,LCC-20,PRE-SIH-2026,THERMAL_BURN_IN,T05_0236,PROC-ISRO-IISU-01,ATE-STATION-01,CHAMBER-01,1.0,125.0,5.0,168,output_voltage_drift,ELECTRICAL,uV,14.2113,6102.6135,6103.2476,6103.7122,6088.4022,0.066,0.0671,36.69,36.65,14.2113,6102.6135,6103.2476,6103.7122,6088.4022,100.0,False,NOMINAL,HEALTHY,-47.78,39.19
PRE_LOT05_COMP0237,LOT_05,PRECISION_VOLTAGE_REF,LCC-20,PRE-SIH-2026,THERMAL_BURN_IN,T05_0237,PROC-ISRO-IISU-01,ATE-STATION-01,CHAMBER-01,1.0,125.0,5.0,168,output_voltage_drift,ELECTRICAL,uV,13.9486,5974.2318,5974.8748,5975.3475,5960.2832,-0.0119,0.0296,35.57,36.17,13.9486,5974.2318,5974.8748,5975.3475,5960.2832,100.0,False,NOMINAL,HEALTHY,-41.39,-12.28
PRE_LOT05_COMP0238,LOT_05,PRECISION_VOLTAGE_REF,LCC-20,PRE-SIH-2026,THERMAL_BURN_IN,T05_0238,PROC-ISRO-IISU-01,ATE-STATION-01,CHAMBER-01,1.0,125.0,5.0,168,output_voltage_drift,ELECTRICAL,uV,17.8935,7677.8495,7678.769,7679.3832,7659.956,-0.0205,0.0172,35.19,35.58,17.8935,7677.8495,7678.769,7679.3832,7659.956,100.0,False,NOMINAL,HEALTHY,22.17,15.51
PRE_LOT05_COMP0239,LOT_05,PRECISION_VOLTAGE_REF,LCC-20,PRE-SIH-2026,THERMAL_BURN_IN,T05_0239,PROC-ISRO-IISU-01,ATE-STATION-01,CHAMBER-01,1.0,125.0,5.0,168,output_voltage_drift,ELECTRICAL,uV,16.1953,6949.8384,6950.5816,6951.1893,6933.6431,-0.0297,0.0127,33.61,33.37,16.1953,6949.8384,6950.5816,6951.1893,6933.6431,100.0,False,NOMINAL,HEALTHY,43.38,35.35
PRE_LOT05_COMP0240,LOT_05,PRECISION_VOLTAGE_REF,LCC-20,PRE-SIH-2026,THERMAL_BURN_IN,T05_0240,PROC-ISRO-IISU-01,ATE-STATION-01,CHAMBER-01,1.0,125.0,5.0,168,output_voltage_drift,ELECTRICAL,uV,13.9216,5955.3163,5955.9364,5956.4372,5941.3947,0.0078,0.0969,34.4,35.07,13.9216,5955.3163,5955.9364,5956.4372,5941.3947,100.0,False,NOMINAL,HEALTHY,-18.18,-17.46
PRE_LOT05_COMP0241,LOT_05,PRECISION_VOLTAGE_REF,LCC-20,PRE-SIH-2026,THERMAL_BURN_IN,T05_0241,PROC-ISRO-IISU-01,ATE-STATION-01,CHAMBER-01,1.0,125.0,5.0,168,output_voltage_drift,ELECTRICAL,uV,17.3633,7443.6949,7444.4904,7445.0907,7426.3316,0.0145,0.0178,32.87,32.91,17.3633,7443.6949,7444.4904,7445.0907,7426.3316,100.0,False,NOMINAL,HEALTHY,-38.76,32.96
PRE_LOT05_COMP0242,LOT_05,PRECISION_VOLTAGE_REF,LCC-20,PRE-SIH-2026,THERMAL_BURN_IN,T05_0242,PROC-ISRO-IISU-01,ATE-STATION-01,CHAMBER-01,1.0,125.0,5.0,168,output_voltage_drift,ELECTRICAL,uV,14.4274,6188.5148,6189.1962,6189.7613,6174.0874,-0.015,-0.0518,34.45,34.42,14.4274,6188.5148,6189.1962,6189.7613,6174.0874,100.0,False,NOMINAL,HEALTHY,26.84,-11.07
PRE_LOT05_COMP0243,LOT_05,PRECISION_VOLTAGE_REF,LCC-20,PRE-SIH-2026,THERMAL_BURN_IN,T05_0243,PROC-ISRO-IISU-01,ATE-STATION-01,CHAMBER-01,1.0,125.0,5.0,168,output_voltage_drift,ELECTRICAL,uV,14.6383,6279.3951,6280.12,6280.6308,6264.7568,0.001,-0.0082,37.18,37.99,14.6383,6279.3951,6280.12,6280.6308,6264.7568,100.0,False,NOMINAL,HEALTHY,30.74,32.98
PRE_LOT05_COMP0244,LOT_05,PRECISION_VOLTAGE_REF,LCC-20,PRE-SIH-2026,THERMAL_BURN_IN,T05_0244,PROC-ISRO-IISU-01,ATE-STATION-01,CHAMBER-01,1.0,125.0,5.0,168,output_voltage_drift,ELECTRICAL,uV,13.9458,5981.5422,5982.2303,5982.7573,5967.5964,-0.0089,-0.0769,35.54,35.57,13.9458,5981.5422,5982.2303,5982.7573,5967.5964,100.0,False,NOMINAL,HEALTHY,5.78,9.58
PRE_LOT05_COMP0245,LOT_05,PRECISION_VOLTAGE_REF,LCC-20,PRE-SIH-2026,THERMAL_BURN_IN,T05_0245,PROC-ISRO-IISU-01,ATE-STATION-01,CHAMBER-01,1.0,125.0,5.0,168,output_voltage_drift,ELECTRICAL,uV,11.0019,4710.2596,4710.7621,4711.16,4699.2577,-0.0055,0.0325,34.08,34.04,11.0019,4710.2596,4710.7621,4711.16,4699.2577,100.0,False,NOMINAL,HEALTHY,6.37,-48.88
PRE_LOT05_COMP0246,LOT_05,PRECISION_VOLTAGE_REF,LCC-20,PRE-SIH-2026,THERMAL_BURN_IN,T05_0246,PROC-ISRO-IISU-01,ATE-STATION-01,CHAMBER-01,1.0,125.0,5.0,168,output_voltage_drift,ELECTRICAL,uV,14.015,6017.1017,6017.7678,6018.3564,6003.0867,-0.0047,0.0305,35.44,36.38,14.015,6017.1017,6017.7678,6018.3564,6003.0867,100.0,False,NOMINAL,HEALTHY,-46.49,-2.73
PRE_LOT05_COMP0247,LOT_05,PRECISION_VOLTAGE_REF,LCC-20,PRE-SIH-2026,THERMAL_BURN_IN,T05_0247,PROC-ISRO-IISU-01,ATE-STATION-01,CHAMBER-01,1.0,125.0,5.0,168,output_voltage_drift,ELECTRICAL,uV,13.7213,5884.5135,5885.1575,5885.6287,5870.7922,0.0405,0.0725,33.97,33.88,13.7213,5884.5135,5885.1575,5885.6287,5870.7922,100.0,False,NOMINAL,HEALTHY,-42.94,-22.21
PRE_LOT05_COMP0248,LOT_05,PRECISION_VOLTAGE_REF,LCC-20,PRE-SIH-2026,THERMAL_BURN_IN,T05_0248,PROC-ISRO-IISU-01,ATE-STATION-01,CHAMBER-01,1.0,125.0,5.0,168,output_voltage_drift,ELECTRICAL,uV,14.7609,6323.6724,6324.4383,6325.0399,6308.9115,0.0163,0.1011,36.6,36.58,14.7609,6323.6724,6324.4383,6325.0399,6308.9115,100.0,False,NOMINAL,HEALTHY,32.66,-7.84
PRE_LOT05_COMP0249,LOT_05,PRECISION_VOLTAGE_REF,LCC-20,PRE-SIH-2026,THERMAL_BURN_IN,T05_0249,PROC-ISRO-IISU-01,ATE-STATION-01,CHAMBER-01,1.0,125.0,5.0,168,output_voltage_drift,ELECTRICAL,uV,13.9025,5958.4075,5959.0507,5959.5158,5944.505,-0.039,-0.0242,35.07,35.01,13.9025,5958.4075,5959.0507,5959.5158,5944.505,100.0,False,NOMINAL,HEALTHY,35.56,-30.77
PRE_LOT05_COMP0250,LOT_05,PRECISION_VOLTAGE_REF,LCC-20,PRE-SIH-2026,THERMAL_BURN_IN,T05_0250,PROC-ISRO-IISU-01,ATE-STATION-01,CHAMBER-01,1.0,125.0,5.0,168,output_voltage_drift,ELECTRICAL,uV,14.2974,6134.8297,6135.4688,6135.9369,6120.5323,-0.0051,0.0345,34.87,34.32,14.2974,6134.8297,6135.4688,6135.9369,6120.5323,100.0,False,NOMINAL,HEALTHY,-46.09,43.51
PRE_LOT05_COMP0251,LOT_05,PRECISION_VOLTAGE_REF,LCC-20,PRE-SIH-2026,THERMAL_BURN_IN,T05_0251,PROC-ISRO-IISU-01,ATE-STATION-01,CHAMBER-01,1.0,125.0,5.0,168,output_voltage_drift,ELECTRICAL,uV,15.6343,6699.7027,6700.4173,6701.0063,6684.0684,-0.0239,-0.025,34.05,34.49,15.6343,6699.7027,6700.4173,6701.0063,6684.0684,100.0,True,DIELECTRIC_OSCILLATION,HEALTHY,-37.11,-24.64
PRE_LOT05_COMP0252,LOT_05,PRECISION_VOLTAGE_REF,LCC-20,PRE-SIH-2026,THERMAL_BURN_IN,T05_0252,PROC-ISRO-IISU-01,ATE-STATION-01,CHAMBER-01,1.0,125.0,5.0,168,output_voltage_drift,ELECTRICAL,uV,13.7971,5924.3557,5925.084,5925.6515,5910.5586,-0.0067,-0.0034,31.74,31.28,13.7971,5924.3557,5925.084,5925.6515,5910.5586,100.0,False,NOMINAL,HEALTHY,3.22,16.76
PRE_LOT05_COMP0253,LOT_05,PRECISION_VOLTAGE_REF,LCC-20,PRE-SIH-2026,THERMAL_BURN_IN,T05_0253,PROC-ISRO-IISU-01,ATE-STATION-01,CHAMBER-01,1.0,125.0,5.0,168,output_voltage_drift,ELECTRICAL,uV,68.0523,29187.6287,29189.7635,29191.1768,29119.5764,0.0003,-0.006,35.71,35.46,68.0523,29187.6287,29189.7635,29191.1768,29119.5764,100.0,True,SPATIAL_OUTLIER,HEALTHY,8.5,21.54
PRE_LOT05_COMP0254,LOT_05,PRECISION_VOLTAGE_REF,LCC-20,PRE-SIH-2026,THERMAL_BURN_IN,T05_0254,PROC-ISRO-IISU-01,ATE-STATION-01,CHAMBER-01,1.0,125.0,5.0,168,output_voltage_drift,ELECTRICAL,uV,14.6036,6267.2601,6267.9965,6268.6233,6252.6565,-0.0369,-0.0698,34.63,34.89,14.6036,6267.2601,6267.9965,6268.6233,6252.6565,100.0,False,NOMINAL,HEALTHY,-3.51,23.47
PRE_LOT05_COMP0255,LOT_05,PRECISION_VOLTAGE_REF,LCC-20,PRE-SIH-2026,THERMAL_BURN_IN,T05_0255,PROC-ISRO-IISU-01,ATE-STATION-01,CHAMBER-01,1.0,125.0,5.0,168,output_voltage_drift,ELECTRICAL,uV,13.046,5608.669,5609.2714,5609.7557,5595.623,0.0148,0.0702,34.66,34.56,13.046,5608.669,5609.2714,5609.7557,5595.623,100.0,False,NOMINAL,HEALTHY,3.43,12.75
PRE_LOT05_COMP0256,LOT_05,PRECISION_VOLTAGE_REF,LCC-20,PRE-SIH-2026,THERMAL_BURN_IN,T05_0256,PROC-ISRO-IISU-01,ATE-STATION-01,CHAMBER-01,1.0,125.0,5.0,168,output_voltage_drift,ELECTRICAL,uV,11.0343,4727.1843,4727.8061,4728.3046,4716.15,0.0101,-0.0638,34.69,35.0,11.0343,4727.1843,4727.8061,4728.3046,4716.15,100.0,False,NOMINAL,HEALTHY,-30.0,30.08
PRE_LOT05_COMP0257,LOT_05,PRECISION_VOLTAGE_REF,LCC-20,PRE-SIH-2026,THERMAL_BURN_IN,T05_0257,PROC-ISRO-IISU-01,ATE-STATION-01,CHAMBER-01,1.0,125.0,5.0,168,output_voltage_drift,ELECTRICAL,uV,15.602,6690.6552,6691.4379,6692.0289,6675.0532,0.03,0.037,34.55,34.28,15.602,6690.6552,6691.4379,6692.0289,6675.0532,100.0,False,NOMINAL,HEALTHY,13.57,37.07
PRE_LOT05_COMP0258,LOT_05,PRECISION_VOLTAGE_REF,LCC-20,PRE-SIH-2026,THERMAL_BURN_IN,T05_0258,PROC-ISRO-IISU-01,ATE-STATION-01,CHAMBER-01,1.0,125.0,5.0,168,output_voltage_drift,ELECTRICAL,uV,15.1246,6492.5558,6493.2957,6493.8155,6477.4312,0.005,0.0343,35.64,35.24,15.1246,6492.5558,6493.2957,6493.8155,6477.4312,100.0,False,NOMINAL,HEALTHY,20.91,-11.45
PRE_LOT05_COMP0259,LOT_05,PRECISION_VOLTAGE_REF,LCC-20,PRE-SIH-2026,THERMAL_BURN_IN,T05_0259,PROC-ISRO-IISU-01,ATE-STATION-01,CHAMBER-01,1.0,125.0,5.0,168,output_voltage_drift,ELECTRICAL,uV,13.574,5818.9775,5819.5717,5820.0152,5805.4035,-0.0173,-0.0079,35.13,34.66,13.574,5818.9775,5819.5717,5820.0152,5805.4035,100.0,False,NOMINAL,HEALTHY,41.03,27.76
PRE_LOT05_COMP0260,LOT_05,PRECISION_VOLTAGE_REF,LCC-20,PRE-SIH-2026,THERMAL_BURN_IN,T05_0260,PROC-ISRO-IISU-01,ATE-STATION-01,CHAMBER-01,1.0,125.0,5.0,168,output_voltage_drift,ELECTRICAL,uV,15.8291,6784.8631,6785.7604,6786.3976,6769.034,-0.0124,0.0288,33.54,33.51,15.8291,6784.8631,6785.7604,6786.3976,6769.034,100.0,False,NOMINAL,HEALTHY,4.18,2.73
PRE_LOT05_COMP0261,LOT_05,PRECISION_VOLTAGE_REF,LCC-20,PRE-SIH-2026,THERMAL_BURN_IN,T05_0261,PROC-ISRO-IISU-01,ATE-STATION-01,CHAMBER-01,1.0,125.0,5.0,168,output_voltage_drift,ELECTRICAL,uV,13.792,5917.5867,5918.2365,5918.7159,5903.7947,0.0117,0.0017,34.02,33.2,13.792,5917.5867,5918.2365,5918.7159,5903.7947,100.0,False,NOMINAL,HEALTHY,34.85,-2.91
PRE_LOT05_COMP0262,LOT_05,PRECISION_VOLTAGE_REF,LCC-20,PRE-SIH-2026,THERMAL_BURN_IN,T05_0262,PROC-ISRO-IISU-01,ATE-STATION-01,CHAMBER-01,1.0,125.0,5.0,168,output_voltage_drift,ELECTRICAL,uV,13.0017,5563.5415,5564.1119,5564.484,5550.5398,-0.0083,-0.0126,34.2,33.55,13.0017,5563.5415,5564.1119,5564.484,5550.5398,100.0,False,NOMINAL,HEALTHY,26.18,-5.02
PRE_LOT05_COMP0263,LOT_05,PRECISION_VOLTAGE_REF,LCC-20,PRE-SIH-2026,THERMAL_BURN_IN,T05_0263,PROC-ISRO-IISU-01,ATE-STATION-01,CHAMBER-01,1.0,125.0,5.0,168,output_voltage_drift,ELECTRICAL,uV,61.6848,26454.5211,26456.4994,26457.8411,26392.8363,0.0529,0.0701,34.24,34.36,61.6848,26454.5211,26456.4994,26457.8411,26392.8363,100.0,True,SPATIAL_OUTLIER,HEALTHY,10.96,36.42
PRE_LOT05_COMP0264,LOT_05,PRECISION_VOLTAGE_REF,LCC-20,PRE-SIH-2026,THERMAL_BURN_IN,T05_0264,PROC-ISRO-IISU-01,ATE-STATION-01,CHAMBER-01,1.0,125.0,5.0,168,output_voltage_drift,ELECTRICAL,uV,13.6569,5847.3319,5847.893,5848.2747,5833.675,-0.0336,0.0531,34.35,33.74,13.6569,5847.3319,5847.893,5848.2747,5833.675,100.0,False,NOMINAL,HEALTHY,-32.25,30.26
PRE_LOT05_COMP0265,LOT_05,PRECISION_VOLTAGE_REF,LCC-20,PRE-SIH-2026,THERMAL_BURN_IN,T05_0265,PROC-ISRO-IISU-01,ATE-STATION-01,CHAMBER-01,1.0,125.0,5.0,168,output_voltage_drift,ELECTRICAL,uV,16.2307,6949.5986,6966.8728,7039.0887,6933.3679,-0.0133,-0.0232,33.15,33.27,16.2307,6949.5986,6966.8728,7039.0887,6933.3679,100.0,True,ELECTROMIGRATION,HEALTHY,-28.54,-15.13
PRE_LOT05_COMP0266,LOT_05,PRECISION_VOLTAGE_REF,LCC-20,PRE-SIH-2026,THERMAL_BURN_IN,T05_0266,PROC-ISRO-IISU-01,ATE-STATION-01,CHAMBER-01,1.0,125.0,5.0,168,output_voltage_drift,ELECTRICAL,uV,13.6546,5845.1983,5845.9099,5846.5084,5831.5437,0.0162,-0.0548,32.87,33.38,13.6546,5845.1983,5845.9099,5846.5084,5831.5437,100.0,False,NOMINAL,HEALTHY,6.06,18.76
PRE_LOT05_COMP0267,LOT_05,PRECISION_VOLTAGE_REF,LCC-20,PRE-SIH-2026,THERMAL_BURN_IN,T05_0267,PROC-ISRO-IISU-01,ATE-STATION-01,CHAMBER-01,1.0,125.0,5.0,168,output_voltage_drift,ELECTRICAL,uV,18.4851,7922.642,7923.4697,7924.0736,7904.1569,0.0169,-0.0368,35.82,35.89,18.4851,7922.642,7923.4697,7924.0736,7904.1569,100.0,False,NOMINAL,HEALTHY,20.26,-37.4
PRE_LOT05_COMP0268,LOT_05,PRECISION_VOLTAGE_REF,LCC-20,PRE-SIH-2026,THERMAL_BURN_IN,T05_0268,PROC-ISRO-IISU-01,ATE-STATION-01,CHAMBER-01,1.0,125.0,5.0,168,output_voltage_drift,ELECTRICAL,uV,13.183,5659.0268,5659.6984,5660.2594,5645.8438,0.0034,0.0589,33.89,34.15,13.183,5659.0268,5659.6984,5660.2594,5645.8438,100.0,False,NOMINAL,HEALTHY,-0.78,28.93
PRE_LOT05_COMP0269,LOT_05,PRECISION_VOLTAGE_REF,LCC-20,PRE-SIH-2026,THERMAL_BURN_IN,T05_0269,PROC-ISRO-IISU-01,ATE-STATION-01,CHAMBER-01,1.0,125.0,5.0,168,output_voltage_drift,ELECTRICAL,uV,12.456,5344.1093,5344.7909,5345.2854,5331.6533,0.0217,0.0094,35.09,35.98,12.456,5344.1093,5344.7909,5345.2854,5331.6533,100.0,False,NOMINAL,HEALTHY,-17.77,45.17
PRE_LOT05_COMP0270,LOT_05,PRECISION_VOLTAGE_REF,LCC-20,PRE-SIH-2026,THERMAL_BURN_IN,T05_0270,PROC-ISRO-IISU-01,ATE-STATION-01,CHAMBER-01,1.0,125.0,5.0,168,output_voltage_drift,ELECTRICAL,uV,14.3132,6129.3314,6130.0269,6130.6074,6115.0182,-0.0096,0.0554,34.77,34.82,14.3132,6129.3314,6130.0269,6130.6074,6115.0182,100.0,False,NOMINAL,HEALTHY,20.45,-37.76
PRE_LOT05_COMP0271,LOT_05,PRECISION_VOLTAGE_REF,LCC-20,PRE-SIH-2026,THERMAL_BURN_IN,T05_0271,PROC-ISRO-IISU-01,ATE-STATION-01,CHAMBER-01,1.0,125.0,5.0,168,output_voltage_drift,ELECTRICAL,uV,12.7219,5459.8295,5460.4876,5460.9156,5447.1076,-0.025,-0.0582,36.24,35.53,12.7219,5459.8295,5460.4876,5460.9156,5447.1076,100.0,False,NOMINAL,HEALTHY,38.79,-26.31
PRE_LOT05_COMP0272,LOT_05,PRECISION_VOLTAGE_REF,LCC-20,PRE-SIH-2026,THERMAL_BURN_IN,T05_0272,PROC-ISRO-IISU-01,ATE-STATION-01,CHAMBER-01,1.0,125.0,5.0,168,output_voltage_drift,ELECTRICAL,uV,14.7239,6314.7181,6324.3812,6475.2072,6299.9942,0.0306,0.0984,36.42,36.72,14.7239,6314.7181,6324.3812,6475.2072,6299.9942,100.0,True,THERMAL_RUNAWAY,HEALTHY,-46.66,-49.0
PRE_LOT05_COMP0273,LOT_05,PRECISION_VOLTAGE_REF,LCC-20,PRE-SIH-2026,THERMAL_BURN_IN,T05_0273,PROC-ISRO-IISU-01,ATE-STATION-01,CHAMBER-01,1.0,125.0,5.0,168,output_voltage_drift,ELECTRICAL,uV,12.5575,5395.7702,5396.3193,5396.8293,5383.2127,-0.0115,0.0585,35.92,36.03,12.5575,5395.7702,5396.3193,5396.8293,5383.2127,100.0,False,NOMINAL,HEALTHY,22.25,-17.41
PRE_LOT05_COMP0274,LOT_05,PRECISION_VOLTAGE_REF,LCC-20,PRE-SIH-2026,THERMAL_BURN_IN,T05_0274,PROC-ISRO-IISU-01,ATE-STATION-01,CHAMBER-01,1.0,125.0,5.0,168,output_voltage_drift,ELECTRICAL,uV,13.8905,5955.1632,5955.9115,5956.4234,5941.2727,0.0056,0.0077,34.37,34.55,13.8905,5955.1632,5955.9115,5956.4234,5941.2727,100.0,False,NOMINAL,HEALTHY,-24.01,-34.05
PRE_LOT05_COMP0275,LOT_05,PRECISION_VOLTAGE_REF,LCC-20,PRE-SIH-2026,THERMAL_BURN_IN,T05_0275,PROC-ISRO-IISU-01,ATE-STATION-01,CHAMBER-01,1.0,125.0,5.0,168,output_voltage_drift,ELECTRICAL,uV,14.966,6420.4168,6421.034,6421.4889,6405.4508,0.0066,0.0532,36.78,37.23,14.966,6420.4168,6421.034,6421.4889,6405.4508,100.0,False,NOMINAL,HEALTHY,-11.01,31.56
PRE_LOT05_COMP0276,LOT_05,PRECISION_VOLTAGE_REF,LCC-20,PRE-SIH-2026,THERMAL_BURN_IN,T05_0276,PROC-ISRO-IISU-01,ATE-STATION-01,CHAMBER-01,1.0,125.0,5.0,168,output_voltage_drift,ELECTRICAL,uV,12.7347,5470.2,5470.8787,5471.3542,5457.4653,0.0131,0.0455,34.93,34.87,12.7347,5470.2,5470.8787,5471.3542,5457.4653,100.0,False,NOMINAL,HEALTHY,8.56,47.66
PRE_LOT05_COMP0277,LOT_05,PRECISION_VOLTAGE_REF,LCC-20,PRE-SIH-2026,THERMAL_BURN_IN,T05_0277,PROC-ISRO-IISU-01,ATE-STATION-01,CHAMBER-01,1.0,125.0,5.0,168,output_voltage_drift,ELECTRICAL,uV,14.6484,6279.0769,6279.7743,6280.3389,6264.4285,0.0013,0.0144,33.6,34.33,14.6484,6279.0769,6279.7743,6280.3389,6264.4285,100.0,False,NOMINAL,HEALTHY,29.64,-43.52
PRE_LOT05_COMP0278,LOT_05,PRECISION_VOLTAGE_REF,LCC-20,PRE-SIH-2026,THERMAL_BURN_IN,T05_0278,PROC-ISRO-IISU-01,ATE-STATION-01,CHAMBER-01,1.0,125.0,5.0,168,output_voltage_drift,ELECTRICAL,uV,14.2906,6119.5369,6120.1994,6120.642,6105.2463,0.0113,-0.0247,35.09,35.51,14.2906,6119.5369,6120.1994,6120.642,6105.2463,100.0,False,NOMINAL,HEALTHY,-17.78,46.88
PRE_LOT05_COMP0279,LOT_05,PRECISION_VOLTAGE_REF,LCC-20,PRE-SIH-2026,THERMAL_BURN_IN,T05_0279,PROC-ISRO-IISU-01,ATE-STATION-01,CHAMBER-01,1.0,125.0,5.0,168,output_voltage_drift,ELECTRICAL,uV,13.9886,5989.4805,5990.1984,5990.7173,5975.4919,0.0411,0.1393,33.58,33.66,13.9886,5989.4805,5990.1984,5990.7173,5975.4919,100.0,False,NOMINAL,HEALTHY,26.26,-26.35
PRE_LOT05_COMP0280,LOT_05,PRECISION_VOLTAGE_REF,LCC-20,PRE-SIH-2026,THERMAL_BURN_IN,T05_0280,PROC-ISRO-IISU-01,ATE-STATION-01,CHAMBER-01,1.0,125.0,5.0,168,output_voltage_drift,ELECTRICAL,uV,16.9736,7289.8049,7290.5729,7291.2201,7272.8313,-0.007,-0.038,34.04,33.09,16.9736,7289.8049,7290.5729,7291.2201,7272.8313,100.0,False,NOMINAL,HEALTHY,43.47,-42.55
PRE_LOT05_COMP0281,LOT_05,PRECISION_VOLTAGE_REF,LCC-20,PRE-SIH-2026,THERMAL_BURN_IN,T05_0281,PROC-ISRO-IISU-01,ATE-STATION-01,CHAMBER-01,1.0,125.0,5.0,168,output_voltage_drift,ELECTRICAL,uV,14.9671,6417.1845,6417.9753,6418.6447,6402.2174,-0.023,-0.0236,33.94,34.42,14.9671,6417.1845,6417.9753,6418.6447,6402.2174,100.0,False,NOMINAL,HEALTHY,-43.92,29.99
PRE_LOT05_COMP0282,LOT_05,PRECISION_VOLTAGE_REF,LCC-20,PRE-SIH-2026,THERMAL_BURN_IN,T05_0282,PROC-ISRO-IISU-01,ATE-STATION-01,CHAMBER-01,1.0,125.0,5.0,168,output_voltage_drift,ELECTRICAL,uV,10.9387,4679.8675,4680.343,4680.8041,4668.9288,0.0127,0.0795,35.56,35.57,10.9387,4679.8675,4680.343,4680.8041,4668.9288,100.0,False,NOMINAL,HEALTHY,-37.06,26.18
PRE_LOT05_COMP0283,LOT_05,PRECISION_VOLTAGE_REF,LCC-20,PRE-SIH-2026,THERMAL_BURN_IN,T05_0283,PROC-ISRO-IISU-01,ATE-STATION-01,CHAMBER-01,1.0,125.0,5.0,168,output_voltage_drift,ELECTRICAL,uV,14.7442,6307.7475,6308.4761,6309.0667,6293.0033,-0.0184,-0.0303,33.28,33.53,14.7442,6307.7475,6308.4761,6309.0667,6293.0033,100.0,False,NOMINAL,HEALTHY,-36.64,-6.49
PRE_LOT05_COMP0284,LOT_05,PRECISION_VOLTAGE_REF,LCC-20,PRE-SIH-2026,THERMAL_BURN_IN,T05_0284,PROC-ISRO-IISU-01,ATE-STATION-01,CHAMBER-01,1.0,125.0,5.0,168,output_voltage_drift,ELECTRICAL,uV,11.8697,5090.8356,5091.3563,5091.7543,5078.9659,-0.0129,-0.0557,35.81,35.39,11.8697,5090.8356,5091.3563,5091.7543,5078.9659,100.0,False,NOMINAL,HEALTHY,4.7,-19.62
PRE_LOT05_COMP0285,LOT_05,PRECISION_VOLTAGE_REF,LCC-20,PRE-SIH-2026,THERMAL_BURN_IN,T05_0285,PROC-ISRO-IISU-01,ATE-STATION-01,CHAMBER-01,1.0,125.0,5.0,168,output_voltage_drift,ELECTRICAL,uV,16.7402,7159.4724,7160.3905,7161.0247,7142.7322,-0.0293,-0.0334,35.94,35.55,16.7402,7159.4724,7160.3905,7161.0247,7142.7322,100.0,False,NOMINAL,HEALTHY,-36.21,-28.05
PRE_LOT05_COMP0286,LOT_05,PRECISION_VOLTAGE_REF,LCC-20,PRE-SIH-2026,THERMAL_BURN_IN,T05_0286,PROC-ISRO-IISU-01,ATE-STATION-01,CHAMBER-01,1.0,125.0,5.0,168,output_voltage_drift,ELECTRICAL,uV,15.272,6565.0518,6565.7474,6566.2042,6549.7798,-0.0095,0.004,32.69,32.4,15.272,6565.0518,6565.7474,6566.2042,6549.7798,100.0,False,NOMINAL,HEALTHY,-46.59,-0.7
PRE_LOT05_COMP0287,LOT_05,PRECISION_VOLTAGE_REF,LCC-20,PRE-SIH-2026,THERMAL_BURN_IN,T05_0287,PROC-ISRO-IISU-01,ATE-STATION-01,CHAMBER-01,1.0,125.0,5.0,168,output_voltage_drift,ELECTRICAL,uV,14.4537,6191.4719,6192.1748,6192.7478,6177.0182,0.019,0.0343,33.57,33.46,14.4537,6191.4719,6192.1748,6192.7478,6177.0182,100.0,False,NOMINAL,HEALTHY,27.6,-35.56
PRE_LOT05_COMP0288,LOT_05,PRECISION_VOLTAGE_REF,LCC-20,PRE-SIH-2026,THERMAL_BURN_IN,T05_0288,PROC-ISRO-IISU-01,ATE-STATION-01,CHAMBER-01,1.0,125.0,5.0,168,output_voltage_drift,ELECTRICAL,uV,12.6411,5413.6667,5414.3669,5414.8737,5401.0256,0.0187,0.0448,33.33,32.22,12.6411,5413.6667,5414.3669,5414.8737,5401.0256,100.0,False,NOMINAL,HEALTHY,36.16,-9.63
PRE_LOT05_COMP0289,LOT_05,PRECISION_VOLTAGE_REF,LCC-20,PRE-SIH-2026,THERMAL_BURN_IN,T05_0289,PROC-ISRO-IISU-01,ATE-STATION-01,CHAMBER-01,1.0,125.0,5.0,168,output_voltage_drift,ELECTRICAL,uV,11.6399,4983.4992,4984.1078,4984.4644,4971.8593,0.0224,-0.0205,32.96,32.81,11.6399,4983.4992,4984.1078,4984.4644,4971.8593,100.0,False,NOMINAL,HEALTHY,-16.36,40.73
PRE_LOT05_COMP0290,LOT_05,PRECISION_VOLTAGE_REF,LCC-20,PRE-SIH-2026,THERMAL_BURN_IN,T05_0290,PROC-ISRO-IISU-01,ATE-STATION-01,CHAMBER-01,1.0,125.0,5.0,168,output_voltage_drift,ELECTRICAL,uV,12.8677,5527.1913,5527.766,5528.2217,5514.3236,-0.0179,-0.0357,35.44,35.27,12.8677,5527.1913,5527.766,5528.2217,5514.3236,100.0,False,NOMINAL,HEALTHY,-0.63,13.74
PRE_LOT05_COMP0291,LOT_05,PRECISION_VOLTAGE_REF,LCC-20,PRE-SIH-2026,THERMAL_BURN_IN,T05_0291,PROC-ISRO-IISU-01,ATE-STATION-01,CHAMBER-01,1.0,125.0,5.0,168,output_voltage_drift,ELECTRICAL,uV,16.1391,6913.9752,6914.7295,6915.2492,6897.8361,-0.014,-0.0497,36.63,36.45,16.1391,6913.9752,6914.7295,6915.2492,6897.8361,100.0,False,NOMINAL,HEALTHY,-27.65,-45.88
PRE_LOT05_COMP0292,LOT_05,PRECISION_VOLTAGE_REF,LCC-20,PRE-SIH-2026,THERMAL_BURN_IN,T05_0292,PROC-ISRO-IISU-01,ATE-STATION-01,CHAMBER-01,1.0,125.0,5.0,168,output_voltage_drift,ELECTRICAL,uV,13.3518,5721.9285,5722.6266,5723.0565,5708.5767,0.0056,0.0163,35.77,35.15,13.3518,5721.9285,5722.6266,5723.0565,5708.5767,100.0,False,NOMINAL,HEALTHY,29.52,24.67
PRE_LOT05_COMP0293,LOT_05,PRECISION_VOLTAGE_REF,LCC-20,PRE-SIH-2026,THERMAL_BURN_IN,T05_0293,PROC-ISRO-IISU-01,ATE-STATION-01,CHAMBER-01,1.0,125.0,5.0,168,output_voltage_drift,ELECTRICAL,uV,16.4852,7060.2634,7061.0544,7061.7601,7043.7782,0.0036,0.0189,35.06,34.7,16.4852,7060.2634,7061.0544,7061.7601,7043.7782,100.0,False,NOMINAL,HEALTHY,-47.26,39.0
PRE_LOT05_COMP0294,LOT_05,PRECISION_VOLTAGE_REF,LCC-20,PRE-SIH-2026,THERMAL_BURN_IN,T05_0294,PROC-ISRO-IISU-01,ATE-STATION-01,CHAMBER-01,1.0,125.0,5.0,168,output_voltage_drift,ELECTRICAL,uV,15.8904,6815.8705,6816.6055,6817.2179,6799.9801,-0.0064,0.0288,33.26,32.72,15.8904,6815.8705,6816.6055,6817.2179,6799.9801,100.0,False,NOMINAL,HEALTHY,8.7,-10.33
PRE_LOT05_COMP0295,LOT_05,PRECISION_VOLTAGE_REF,LCC-20,PRE-SIH-2026,THERMAL_BURN_IN,T05_0295,PROC-ISRO-IISU-01,ATE-STATION-01,CHAMBER-01,1.0,125.0,5.0,168,output_voltage_drift,ELECTRICAL,uV,13.6949,5878.6577,5879.2853,5879.7393,5864.9628,-0.015,-0.0673,36.03,35.65,13.6949,5878.6577,5879.2853,5879.7393,5864.9628,100.0,False,NOMINAL,HEALTHY,23.29,-23.57
PRE_LOT05_COMP0296,LOT_05,PRECISION_VOLTAGE_REF,LCC-20,PRE-SIH-2026,THERMAL_BURN_IN,T05_0296,PROC-ISRO-IISU-01,ATE-STATION-01,CHAMBER-01,1.0,125.0,5.0,168,output_voltage_drift,ELECTRICAL,uV,14.7843,6332.7605,6333.4585,6334.0233,6317.9762,0.0174,0.0292,34.51,34.74,14.7843,6332.7605,6333.4585,6334.0233,6317.9762,100.0,False,NOMINAL,HEALTHY,20.46,-6.26
PRE_LOT05_COMP0297,LOT_05,PRECISION_VOLTAGE_REF,LCC-20,PRE-SIH-2026,THERMAL_BURN_IN,T05_0297,PROC-ISRO-IISU-01,ATE-STATION-01,CHAMBER-01,1.0,125.0,5.0,168,output_voltage_drift,ELECTRICAL,uV,16.1071,6903.8116,6904.5859,6905.1826,6887.7045,0.0475,0.0286,36.28,36.27,16.1071,6903.8116,6904.5859,6905.1826,6887.7045,100.0,False,NOMINAL,HEALTHY,17.66,-47.54
PRE_LOT05_COMP0298,LOT_05,PRECISION_VOLTAGE_REF,LCC-20,PRE-SIH-2026,THERMAL_BURN_IN,T05_0298,PROC-ISRO-IISU-01,ATE-STATION-01,CHAMBER-01,1.0,125.0,5.0,168,output_voltage_drift,ELECTRICAL,uV,11.8973,5117.517,5118.1356,5118.5092,5105.6197,0.0381,0.0591,36.2,36.43,11.8973,5117.517,5118.1356,5118.5092,5105.6197,100.0,False,NOMINAL,HEALTHY,2.05,23.1
PRE_LOT05_COMP0299,LOT_05,PRECISION_VOLTAGE_REF,LCC-20,PRE-SIH-2026,THERMAL_BURN_IN,T05_0299,PROC-ISRO-IISU-01,ATE-STATION-01,CHAMBER-01,1.0,125.0,5.0,168,output_voltage_drift,ELECTRICAL,uV,13.7226,5879.1623,5879.7627,5880.187,5865.4397,0.0173,-0.0025,36.45,36.54,13.7226,5879.1623,5879.7627,5880.187,5865.4397,100.0,False,NOMINAL,HEALTHY,-43.76,-3.43
PRE_LOT05_COMP0300,LOT_05,PRECISION_VOLTAGE_REF,LCC-20,PRE-SIH-2026,THERMAL_BURN_IN,T05_0300,PROC-ISRO-IISU-01,ATE-STATION-01,CHAMBER-01,1.0,125.0,5.0,168,output_voltage_drift,ELECTRICAL,uV,15.3306,6576.9937,6577.7808,6578.3735,6561.6631,0.0083,0.0103,34.53,34.75,15.3306,6576.9937,6577.7808,6578.3735,6561.6631,100.0,False,NOMINAL,HEALTHY,6.71,18.02
PRE_LOT05_COMP0301,LOT_05,PRECISION_VOLTAGE_REF,LCC-20,PRE-SIH-2026,THERMAL_BURN_IN,T05_0301,PROC-ISRO-IISU-01,ATE-STATION-01,CHAMBER-01,1.0,125.0,5.0,168,output_voltage_drift,ELECTRICAL,uV,15.8278,6790.0963,6790.7812,6791.2627,6774.2685,-0.0342,-0.013,34.6,34.43,15.8278,6790.0963,6790.7812,6791.2627,6774.2685,100.0,False,NOMINAL,HEALTHY,28.22,24.78
PRE_LOT05_COMP0302,LOT_05,PRECISION_VOLTAGE_REF,LCC-20,PRE-SIH-2026,THERMAL_BURN_IN,T05_0302,PROC-ISRO-IISU-01,ATE-STATION-01,CHAMBER-01,1.0,125.0,5.0,168,output_voltage_drift,ELECTRICAL,uV,13.4176,5750.6082,5751.2703,5751.788,5737.1906,-0.021,-0.0714,36.56,35.49,13.4176,5750.6082,5751.2703,5751.788,5737.1906,100.0,False,NOMINAL,HEALTHY,-30.89,-6.34
PRE_LOT05_COMP0303,LOT_05,PRECISION_VOLTAGE_REF,LCC-20,PRE-SIH-2026,THERMAL_BURN_IN,T05_0303,PROC-ISRO-IISU-01,ATE-STATION-01,CHAMBER-01,1.0,125.0,5.0,168,output_voltage_drift,ELECTRICAL,uV,14.688,6296.5342,6297.242,6297.7829,6281.8462,-0.0095,-0.0329,33.81,32.97,14.688,6296.5342,6297.242,6297.7829,6281.8462,100.0,False,NOMINAL,HEALTHY,-6.92,40.48
PRE_LOT05_COMP0304,LOT_05,PRECISION_VOLTAGE_REF,LCC-20,PRE-SIH-2026,THERMAL_BURN_IN,T05_0304,PROC-ISRO-IISU-01,ATE-STATION-01,CHAMBER-01,1.0,125.0,5.0,168,output_voltage_drift,ELECTRICAL,uV,13.0919,5607.2986,5607.8638,5608.3087,5594.2067,-0.0014,-0.0427,32.92,32.78,13.0919,5607.2986,5607.8638,5608.3087,5594.2067,100.0,False,NOMINAL,HEALTHY,-17.14,-24.54
PRE_LOT05_COMP0305,LOT_05,PRECISION_VOLTAGE_REF,LCC-20,PRE-SIH-2026,THERMAL_BURN_IN,T05_0305,PROC-ISRO-IISU-01,ATE-STATION-01,CHAMBER-01,1.0,125.0,5.0,168,output_voltage_drift,ELECTRICAL,uV,13.4915,5778.8585,5779.5155,5780.0176,5765.367,-0.0442,-0.113,34.28,33.8,13.4915,5778.8585,5779.5155,5780.0176,5765.367,100.0,False,NOMINAL,HEALTHY,49.98,16.38
PRE_LOT05_COMP0306,LOT_05,PRECISION_VOLTAGE_REF,LCC-20,PRE-SIH-2026,THERMAL_BURN_IN,T05_0306,PROC-ISRO-IISU-01,ATE-STATION-01,CHAMBER-01,1.0,125.0,5.0,168,output_voltage_drift,ELECTRICAL,uV,11.36,4865.1065,4865.6072,4865.9698,4853.7465,0.0055,0.0025,33.92,33.96,11.36,4865.1065,4865.6072,4865.9698,4853.7465,100.0,False,NOMINAL,HEALTHY,-38.86,-25.55
PRE_LOT05_COMP0307,LOT_05,PRECISION_VOLTAGE_REF,LCC-20,PRE-SIH-2026,THERMAL_BURN_IN,T05_0307,PROC-ISRO-IISU-01,ATE-STATION-01,CHAMBER-01,1.0,125.0,5.0,168,output_voltage_drift,ELECTRICAL,uV,15.1797,6500.8476,6501.56,6502.1354,6485.6679,-0.0265,-0.0154,34.98,35.53,15.1797,6500.8476,6501.56,6502.1354,6485.6679,100.0,False,NOMINAL,HEALTHY,46.7,-30.25
PRE_LOT05_COMP0308,LOT_05,PRECISION_VOLTAGE_REF,LCC-20,PRE-SIH-2026,THERMAL_BURN_IN,T05_0308,PROC-ISRO-IISU-01,ATE-STATION-01,CHAMBER-01,1.0,125.0,5.0,168,output_voltage_drift,ELECTRICAL,uV,16.4002,7031.4521,7032.2552,7032.812,7015.0519,0.0267,-0.0829,35.58,35.71,16.4002,7031.4521,7032.2552,7032.812,7015.0519,100.0,False,NOMINAL,HEALTHY,-14.21,12.95
PRE_LOT05_COMP0309,LOT_05,PRECISION_VOLTAGE_REF,LCC-20,PRE-SIH-2026,THERMAL_BURN_IN,T05_0309,PROC-ISRO-IISU-01,ATE-STATION-01,CHAMBER-01,1.0,125.0,5.0,168,output_voltage_drift,ELECTRICAL,uV,15.4689,6619.5931,6620.2916,6620.806,6604.1242,0.0464,0.0881,35.38,35.8,15.4689,6619.5931,6620.2916,6620.806,6604.1242,100.0,False,NOMINAL,HEALTHY,-33.87,-30.02
PRE_LOT05_COMP0310,LOT_05,PRECISION_VOLTAGE_REF,LCC-20,PRE-SIH-2026,THERMAL_BURN_IN,T05_0310,PROC-ISRO-IISU-01,ATE-STATION-01,CHAMBER-01,1.0,125.0,5.0,168,output_voltage_drift,ELECTRICAL,uV,16.6893,7168.3724,7169.1676,7169.874,7151.6831,-0.0078,0.0551,33.58,33.47,16.6893,7168.3724,7169.1676,7169.874,7151.6831,100.0,False,NOMINAL,HEALTHY,-34.13,24.08
PRE_LOT05_COMP0311,LOT_05,PRECISION_VOLTAGE_REF,LCC-20,PRE-SIH-2026,THERMAL_BURN_IN,T05_0311,PROC-ISRO-IISU-01,ATE-STATION-01,CHAMBER-01,1.0,125.0,5.0,168,output_voltage_drift,ELECTRICAL,uV,13.7471,5880.7676,5881.3911,5881.9199,5867.0205,0.0333,0.0362,36.44,36.45,13.7471,5880.7676,5881.3911,5881.9199,5867.0205,100.0,False,NOMINAL,HEALTHY,-2.06,28.95
PRE_LOT05_COMP0312,LOT_05,PRECISION_VOLTAGE_REF,LCC-20,PRE-SIH-2026,THERMAL_BURN_IN,T05_0312,PROC-ISRO-IISU-01,ATE-STATION-01,CHAMBER-01,1.0,125.0,5.0,168,output_voltage_drift,ELECTRICAL,uV,13.0227,5593.8363,5594.4284,5594.8908,5580.8136,0.0162,-0.0327,35.88,35.97,13.0227,5593.8363,5594.4284,5594.8908,5580.8136,100.0,False,NOMINAL,HEALTHY,-43.99,24.51
PRE_LOT05_COMP0313,LOT_05,PRECISION_VOLTAGE_REF,LCC-20,PRE-SIH-2026,THERMAL_BURN_IN,T05_0313,PROC-ISRO-IISU-01,ATE-STATION-01,CHAMBER-01,1.0,125.0,5.0,168,output_voltage_drift,ELECTRICAL,uV,14.9475,6421.9071,6422.6153,6423.2303,6406.9596,0.0342,0.0371,33.43,33.48,14.9475,6421.9071,6422.6153,6423.2303,6406.9596,100.0,False,NOMINAL,HEALTHY,22.05,10.86
PRE_LOT05_COMP0314,LOT_05,PRECISION_VOLTAGE_REF,LCC-20,PRE-SIH-2026,THERMAL_BURN_IN,T05_0314,PROC-ISRO-IISU-01,ATE-STATION-01,CHAMBER-01,1.0,125.0,5.0,168,output_voltage_drift,ELECTRICAL,uV,15.3893,6602.1772,6603.0068,6603.6828,6586.7879,0.0126,-0.0254,35.67,35.69,15.3893,6602.1772,6603.0068,6603.6828,6586.7879,100.0,False,NOMINAL,HEALTHY,-17.88,37.25
PRE_LOT05_COMP0315,LOT_05,PRECISION_VOLTAGE_REF,LCC-20,PRE-SIH-2026,THERMAL_BURN_IN,T05_0315,PROC-ISRO-IISU-01,ATE-STATION-01,CHAMBER-01,1.0,125.0,5.0,168,output_voltage_drift,ELECTRICAL,uV,17.3822,7458.3259,7459.1422,7459.7559,7440.9437,-0.0092,-0.0184,34.43,34.36,17.3822,7458.3259,7459.1422,7459.7559,7440.9437,100.0,False,NOMINAL,HEALTHY,24.39,14.03
PRE_LOT05_COMP0316,LOT_05,PRECISION_VOLTAGE_REF,LCC-20,PRE-SIH-2026,THERMAL_BURN_IN,T05_0316,PROC-ISRO-IISU-01,ATE-STATION-01,CHAMBER-01,1.0,125.0,5.0,168,output_voltage_drift,ELECTRICAL,uV,16.3124,7002.1896,7002.9346,7003.4981,6985.8772,-0.0304,0.0688,36.33,36.06,16.3124,7002.1896,7002.9346,7003.4981,6985.8772,100.0,False,NOMINAL,HEALTHY,-7.29,-35.42
PRE_LOT05_COMP0317,LOT_05,PRECISION_VOLTAGE_REF,LCC-20,PRE-SIH-2026,THERMAL_BURN_IN,T05_0317,PROC-ISRO-IISU-01,ATE-STATION-01,CHAMBER-01,1.0,125.0,5.0,168,output_voltage_drift,ELECTRICAL,uV,12.5429,5375.7397,5376.2658,5376.6431,5363.1968,-0.0072,0.0268,33.62,33.59,12.5429,5375.7397,5376.2658,5376.6431,5363.1968,100.0,False,NOMINAL,HEALTHY,44.03,-45.75
PRE_LOT05_COMP0318,LOT_05,PRECISION_VOLTAGE_REF,LCC-20,PRE-SIH-2026,THERMAL_BURN_IN,T05_0318,PROC-ISRO-IISU-01,ATE-STATION-01,CHAMBER-01,1.0,125.0,5.0,168,output_voltage_drift,ELECTRICAL,uV,13.8865,5957.1593,5957.8869,5958.3465,5943.2728,-0.0213,-0.0195,34.78,35.03,13.8865,5957.1593,5957.8869,5958.3465,5943.2728,100.0,False,NOMINAL,HEALTHY,-47.86,31.31
PRE_LOT05_COMP0319,LOT_05,PRECISION_VOLTAGE_REF,LCC-20,PRE-SIH-2026,THERMAL_BURN_IN,T05_0319,PROC-ISRO-IISU-01,ATE-STATION-01,CHAMBER-01,1.0,125.0,5.0,168,output_voltage_drift,ELECTRICAL,uV,14.9853,6427.2148,6427.8836,6428.4033,6412.2295,0.0381,0.039,34.07,33.25,14.9853,6427.2148,6427.8836,6428.4033,6412.2295,100.0,False,NOMINAL,HEALTHY,34.21,-13.72
PRE_LOT05_COMP0320,LOT_05,PRECISION_VOLTAGE_REF,LCC-20,PRE-SIH-2026,THERMAL_BURN_IN,T05_0320,PROC-ISRO-IISU-01,ATE-STATION-01,CHAMBER-01,1.0,125.0,5.0,168,output_voltage_drift,ELECTRICAL,uV,15.1775,6499.171,6500.0169,6500.6792,6483.9935,0.0072,0.0302,32.69,32.38,15.1775,6499.171,6500.0169,6500.6792,6483.9935,100.0,False,NOMINAL,HEALTHY,-30.95,-44.34
PRE_LOT05_COMP0321,LOT_05,PRECISION_VOLTAGE_REF,LCC-20,PRE-SIH-2026,THERMAL_BURN_IN,T05_0321,PROC-ISRO-IISU-01,ATE-STATION-01,CHAMBER-01,1.0,125.0,5.0,168,output_voltage_drift,ELECTRICAL,uV,14.4824,6203.5092,6204.2061,6204.7229,6189.0268,0.0087,-0.0173,35.35,35.59,14.4824,6203.5092,6204.2061,6204.7229,6189.0268,100.0,False,NOMINAL,HEALTHY,29.18,-19.34
PRE_LOT05_COMP0322,LOT_05,PRECISION_VOLTAGE_REF,LCC-20,PRE-SIH-2026,THERMAL_BURN_IN,T05_0322,PROC-ISRO-IISU-01,ATE-STATION-01,CHAMBER-01,1.0,125.0,5.0,168,output_voltage_drift,ELECTRICAL,uV,13.4562,5776.3567,5777.0664,5777.5774,5762.9005,0.0305,-0.0589,35.94,36.15,13.4562,5776.3567,5777.0664,5777.5774,5762.9005,100.0,False,NOMINAL,HEALTHY,-43.18,48.49
PRE_LOT05_COMP0323,LOT_05,PRECISION_VOLTAGE_REF,LCC-20,PRE-SIH-2026,THERMAL_BURN_IN,T05_0323,PROC-ISRO-IISU-01,ATE-STATION-01,CHAMBER-01,1.0,125.0,5.0,168,output_voltage_drift,ELECTRICAL,uV,12.7096,5460.7366,5461.3456,5461.7593,5448.027,0.0254,0.0554,35.41,35.33,12.7096,5460.7366,5461.3456,5461.7593,5448.027,100.0,False,NOMINAL,HEALTHY,33.65,42.78
PRE_LOT05_COMP0324,LOT_05,PRECISION_VOLTAGE_REF,LCC-20,PRE-SIH-2026,THERMAL_BURN_IN,T05_0324,PROC-ISRO-IISU-01,ATE-STATION-01,CHAMBER-01,1.0,125.0,5.0,168,output_voltage_drift,ELECTRICAL,uV,11.9266,5110.2362,5110.8075,5111.2125,5098.3096,0.0018,0.0047,34.35,34.01,11.9266,5110.2362,5110.8075,5111.2125,5098.3096,100.0,False,NOMINAL,HEALTHY,-49.82,-47.18
PRE_LOT05_COMP0325,LOT_05,PRECISION_VOLTAGE_REF,LCC-20,PRE-SIH-2026,THERMAL_BURN_IN,T05_0325,PROC-ISRO-IISU-01,ATE-STATION-01,CHAMBER-01,1.0,125.0,5.0,168,output_voltage_drift,ELECTRICAL,uV,14.2824,6125.3517,6126.0344,6126.4652,6111.0693,-0.0132,0.0261,34.78,34.69,14.2824,6125.3517,6126.0344,6126.4652,6111.0693,100.0,False,NOMINAL,HEALTHY,-14.6,-40.27
PRE_LOT05_COMP0326,LOT_05,PRECISION_VOLTAGE_REF,LCC-20,PRE-SIH-2026,THERMAL_BURN_IN,T05_0326,PROC-ISRO-IISU-01,ATE-STATION-01,CHAMBER-01,1.0,125.0,5.0,168,output_voltage_drift,ELECTRICAL,uV,15.8053,6776.0575,6776.7936,6777.4416,6760.2522,-0.0166,0.0224,36.19,36.03,15.8053,6776.0575,6776.7936,6777.4416,6760.2522,100.0,False,NOMINAL,HEALTHY,40.12,-4.93
PRE_LOT05_COMP0327,LOT_05,PRECISION_VOLTAGE_REF,LCC-20,PRE-SIH-2026,THERMAL_BURN_IN,T05_0327,PROC-ISRO-IISU-01,ATE-STATION-01,CHAMBER-01,1.0,125.0,5.0,168,output_voltage_drift,ELECTRICAL,uV,13.2528,5670.9987,5671.6385,5672.0778,5657.7459,-0.0177,0.0053,35.45,34.74,13.2528,5670.9987,5671.6385,5672.0778,5657.7459,100.0,False,NOMINAL,HEALTHY,32.65,-21.19
PRE_LOT05_COMP0328,LOT_05,PRECISION_VOLTAGE_REF,LCC-20,PRE-SIH-2026,THERMAL_BURN_IN,T05_0328,PROC-ISRO-IISU-01,ATE-STATION-01,CHAMBER-01,1.0,125.0,5.0,168,output_voltage_drift,ELECTRICAL,uV,11.3909,4881.8102,4882.3753,4882.8715,4870.4193,-0.017,0.075,36.71,36.33,11.3909,4881.8102,4882.3753,4882.8715,4870.4193,100.0,False,NOMINAL,HEALTHY,-25.44,5.37
PRE_LOT05_COMP0329,LOT_05,PRECISION_VOLTAGE_REF,LCC-20,PRE-SIH-2026,THERMAL_BURN_IN,T05_0329,PROC-ISRO-IISU-01,ATE-STATION-01,CHAMBER-01,1.0,125.0,5.0,168,output_voltage_drift,ELECTRICAL,uV,13.8856,5942.7862,5943.439,5944.0104,5928.9006,0.0009,0.0198,36.24,36.36,13.8856,5942.7862,5943.439,5944.0104,5928.9006,100.0,False,NOMINAL,HEALTHY,26.73,-23.53
PRE_LOT05_COMP0330,LOT_05,PRECISION_VOLTAGE_REF,LCC-20,PRE-SIH-2026,THERMAL_BURN_IN,T05_0330,PROC-ISRO-IISU-01,ATE-STATION-01,CHAMBER-01,1.0,125.0,5.0,168,output_voltage_drift,ELECTRICAL,uV,11.2965,4841.272,4841.8555,4842.3613,4829.9755,0.026,-0.0734,35.11,34.62,11.2965,4841.272,4841.8555,4842.3613,4829.9755,100.0,False,NOMINAL,HEALTHY,13.84,-26.83
PRE_LOT05_COMP0331,LOT_05,PRECISION_VOLTAGE_REF,LCC-20,PRE-SIH-2026,THERMAL_BURN_IN,T05_0331,PROC-ISRO-IISU-01,ATE-STATION-01,CHAMBER-01,1.0,125.0,5.0,168,output_voltage_drift,ELECTRICAL,uV,15.3207,6557.7472,6558.491,6558.9851,6542.4265,0.0153,-0.0247,34.03,33.52,15.3207,6557.7472,6558.491,6558.9851,6542.4265,100.0,True,DIELECTRIC_OSCILLATION,HEALTHY,39.94,42.7
PRE_LOT05_COMP0332,LOT_05,PRECISION_VOLTAGE_REF,LCC-20,PRE-SIH-2026,THERMAL_BURN_IN,T05_0332,PROC-ISRO-IISU-01,ATE-STATION-01,CHAMBER-01,1.0,125.0,5.0,168,output_voltage_drift,ELECTRICAL,uV,12.5086,5351.977,5352.5387,5352.9087,5339.4684,0.0299,0.1054,35.03,34.49,12.5086,5351.977,5352.5387,5352.9087,5339.4684,100.0,False,NOMINAL,HEALTHY,42.39,14.09
PRE_LOT05_COMP0333,LOT_05,PRECISION_VOLTAGE_REF,LCC-20,PRE-SIH-2026,THERMAL_BURN_IN,T05_0333,PROC-ISRO-IISU-01,ATE-STATION-01,CHAMBER-01,1.0,125.0,5.0,168,output_voltage_drift,ELECTRICAL,uV,70.874,30393.6425,30396.0875,30397.6335,30322.7685,0.0298,-0.0123,36.06,36.23,70.874,30393.6425,30396.0875,30397.6335,30322.7685,100.0,True,SPATIAL_OUTLIER,HEALTHY,24.47,39.12
PRE_LOT05_COMP0334,LOT_05,PRECISION_VOLTAGE_REF,LCC-20,PRE-SIH-2026,THERMAL_BURN_IN,T05_0334,PROC-ISRO-IISU-01,ATE-STATION-01,CHAMBER-01,1.0,125.0,5.0,168,output_voltage_drift,ELECTRICAL,uV,13.2409,5676.0072,5676.6367,5677.0413,5662.7663,-0.0125,0.0486,36.36,36.29,13.2409,5676.0072,5676.6367,5677.0413,5662.7663,100.0,False,NOMINAL,HEALTHY,-35.81,-6.69
PRE_LOT05_COMP0335,LOT_05,PRECISION_VOLTAGE_REF,LCC-20,PRE-SIH-2026,THERMAL_BURN_IN,T05_0335,PROC-ISRO-IISU-01,ATE-STATION-01,CHAMBER-01,1.0,125.0,5.0,168,output_voltage_drift,ELECTRICAL,uV,13.775,5909.964,5910.6389,5911.1135,5896.189,0.0146,-0.0799,34.22,33.9,13.775,5909.964,5910.6389,5911.1135,5896.189,100.0,False,NOMINAL,HEALTHY,41.81,49.24
PRE_LOT05_COMP0336,LOT_05,PRECISION_VOLTAGE_REF,LCC-20,PRE-SIH-2026,THERMAL_BURN_IN,T05_0336,PROC-ISRO-IISU-01,ATE-STATION-01,CHAMBER-01,1.0,125.0,5.0,168,output_voltage_drift,ELECTRICAL,uV,13.9972,6015.0197,6015.6809,6016.1545,6001.0225,-0.0026,0.0263,32.34,32.03,13.9972,6015.0197,6015.6809,6016.1545,6001.0225,100.0,True,DIELECTRIC_OSCILLATION,HEALTHY,-13.2,5.77
PRE_LOT05_COMP0337,LOT_05,PRECISION_VOLTAGE_REF,LCC-20,PRE-SIH-2026,THERMAL_BURN_IN,T05_0337,PROC-ISRO-IISU-01,ATE-STATION-01,CHAMBER-01,1.0,125.0,5.0,168,output_voltage_drift,ELECTRICAL,uV,11.2235,4817.4121,4817.9374,4818.3653,4806.1886,-0.0151,-0.0105,34.37,34.4,11.2235,4817.4121,4817.9374,4818.3653,4806.1886,100.0,False,NOMINAL,HEALTHY,17.69,-30.65
PRE_LOT05_COMP0338,LOT_05,PRECISION_VOLTAGE_REF,LCC-20,PRE-SIH-2026,THERMAL_BURN_IN,T05_0338,PROC-ISRO-IISU-01,ATE-STATION-01,CHAMBER-01,1.0,125.0,5.0,168,output_voltage_drift,ELECTRICAL,uV,13.7741,5899.9847,5900.5588,5901.0192,5886.2106,-0.0052,-0.0066,33.38,34.29,13.7741,5899.9847,5900.5588,5901.0192,5886.2106,100.0,False,NOMINAL,HEALTHY,24.46,45.96
PRE_LOT05_COMP0339,LOT_05,PRECISION_VOLTAGE_REF,LCC-20,PRE-SIH-2026,THERMAL_BURN_IN,T05_0339,PROC-ISRO-IISU-01,ATE-STATION-01,CHAMBER-01,1.0,125.0,5.0,168,output_voltage_drift,ELECTRICAL,uV,16.3904,7032.2653,7033.1222,7033.717,7015.8749,-0.0201,0.0166,32.83,33.51,16.3904,7032.2653,7033.1222,7033.717,7015.8749,100.0,False,NOMINAL,HEALTHY,-33.89,10.02
PRE_LOT05_COMP0340,LOT_05,PRECISION_VOLTAGE_REF,LCC-20,PRE-SIH-2026,THERMAL_BURN_IN,T05_0340,PROC-ISRO-IISU-01,ATE-STATION-01,CHAMBER-01,1.0,125.0,5.0,168,output_voltage_drift,ELECTRICAL,uV,13.6954,5876.0913,5885.6764,6036.6349,5862.3959,0.0296,0.0858,34.14,33.79,13.6954,5876.0913,5885.6764,6036.6349,5862.3959,100.0,True,THERMAL_RUNAWAY,HEALTHY,-46.15,3.2
PRE_LOT05_COMP0341,LOT_05,PRECISION_VOLTAGE_REF,LCC-20,PRE-SIH-2026,THERMAL_BURN_IN,T05_0341,PROC-ISRO-IISU-01,ATE-STATION-01,CHAMBER-01,1.0,125.0,5.0,168,output_voltage_drift,ELECTRICAL,uV,14.0976,6040.7775,6041.3816,6041.9431,6026.6799,0.0001,-0.0386,34.92,34.4,14.0976,6040.7775,6041.3816,6041.9431,6026.6799,100.0,False,NOMINAL,HEALTHY,37.58,31.4
PRE_LOT05_COMP0342,LOT_05,PRECISION_VOLTAGE_REF,LCC-20,PRE-SIH-2026,THERMAL_BURN_IN,T05_0342,PROC-ISRO-IISU-01,ATE-STATION-01,CHAMBER-01,1.0,125.0,5.0,168,output_voltage_drift,ELECTRICAL,uV,13.3488,5719.7834,5720.4149,5720.8864,5706.4346,-0.0242,0.026,33.84,33.57,13.3488,5719.7834,5720.4149,5720.8864,5706.4346,100.0,False,NOMINAL,HEALTHY,-46.9,33.2
PRE_LOT05_COMP0343,LOT_05,PRECISION_VOLTAGE_REF,LCC-20,PRE-SIH-2026,THERMAL_BURN_IN,T05_0343,PROC-ISRO-IISU-01,ATE-STATION-01,CHAMBER-01,1.0,125.0,5.0,168,output_voltage_drift,ELECTRICAL,uV,15.0526,6447.1032,6447.7869,6448.2668,6432.0506,-0.0031,0.0024,33.43,33.29,15.0526,6447.1032,6447.7869,6448.2668,6432.0506,100.0,False,NOMINAL,HEALTHY,49.51,-32.47
PRE_LOT05_COMP0344,LOT_05,PRECISION_VOLTAGE_REF,LCC-20,PRE-SIH-2026,THERMAL_BURN_IN,T05_0344,PROC-ISRO-IISU-01,ATE-STATION-01,CHAMBER-01,1.0,125.0,5.0,168,output_voltage_drift,ELECTRICAL,uV,12.7767,5472.3223,5472.9635,5473.4415,5459.5456,-0.0156,-0.0044,36.11,36.07,12.7767,5472.3223,5472.9635,5473.4415,5459.5456,100.0,False,NOMINAL,HEALTHY,-26.6,43.45
PRE_LOT05_COMP0345,LOT_05,PRECISION_VOLTAGE_REF,LCC-20,PRE-SIH-2026,THERMAL_BURN_IN,T05_0345,PROC-ISRO-IISU-01,ATE-STATION-01,CHAMBER-01,1.0,125.0,5.0,168,output_voltage_drift,ELECTRICAL,uV,12.6162,5404.597,5405.2778,5405.7445,5391.9808,-0.0258,-0.0676,33.12,33.08,12.6162,5404.597,5405.2778,5405.7445,5391.9808,100.0,False,NOMINAL,HEALTHY,43.6,15.52
PRE_LOT05_COMP0346,LOT_05,PRECISION_VOLTAGE_REF,LCC-20,PRE-SIH-2026,THERMAL_BURN_IN,T05_0346,PROC-ISRO-IISU-01,ATE-STATION-01,CHAMBER-01,1.0,125.0,5.0,168,output_voltage_drift,ELECTRICAL,uV,55.0951,23624.8112,23626.6374,23627.8016,23569.7161,0.012,0.1274,34.29,35.08,55.0951,23624.8112,23626.6374,23627.8016,23569.7161,100.0,True,SPATIAL_OUTLIER,HEALTHY,-42.51,-40.96
PRE_LOT05_COMP0347,LOT_05,PRECISION_VOLTAGE_REF,LCC-20,PRE-SIH-2026,THERMAL_BURN_IN,T05_0347,PROC-ISRO-IISU-01,ATE-STATION-01,CHAMBER-01,1.0,125.0,5.0,168,output_voltage_drift,ELECTRICAL,uV,14.9857,6415.3731,6416.1119,6416.6272,6400.3874,-0.0062,-0.038,34.18,33.66,14.9857,6415.3731,6416.1119,6416.6272,6400.3874,100.0,False,NOMINAL,HEALTHY,-18.53,-44.89
PRE_LOT05_COMP0348,LOT_05,PRECISION_VOLTAGE_REF,LCC-20,PRE-SIH-2026,THERMAL_BURN_IN,T05_0348,PROC-ISRO-IISU-01,ATE-STATION-01,CHAMBER-01,1.0,125.0,5.0,168,output_voltage_drift,ELECTRICAL,uV,13.5741,5820.2638,5820.8754,5821.4136,5806.6897,0.0015,-0.0134,33.44,33.46,13.5741,5820.2638,5820.8754,5821.4136,5806.6897,100.0,False,NOMINAL,HEALTHY,-43.28,18.72
PRE_LOT05_COMP0349,LOT_05,PRECISION_VOLTAGE_REF,LCC-20,PRE-SIH-2026,THERMAL_BURN_IN,T05_0349,PROC-ISRO-IISU-01,ATE-STATION-01,CHAMBER-01,1.0,125.0,5.0,168,output_voltage_drift,ELECTRICAL,uV,13.1525,5625.327,5625.9237,5626.3074,5612.1745,-0.0614,0.0478,34.48,34.39,13.1525,5625.327,5625.9237,5626.3074,5612.1745,100.0,False,NOMINAL,HEALTHY,21.15,-23.38
PRE_LOT05_COMP0350,LOT_05,PRECISION_VOLTAGE_REF,LCC-20,PRE-SIH-2026,THERMAL_BURN_IN,T05_0350,PROC-ISRO-IISU-01,ATE-STATION-01,CHAMBER-01,1.0,125.0,5.0,168,output_voltage_drift,ELECTRICAL,uV,13.6106,5833.7098,5834.3174,5834.7751,5820.0992,0.0251,0.0435,34.49,35.13,13.6106,5833.7098,5834.3174,5834.7751,5820.0992,100.0,False,NOMINAL,HEALTHY,-6.59,3.78
PRE_LOT05_COMP0351,LOT_05,PRECISION_VOLTAGE_REF,LCC-20,PRE-SIH-2026,THERMAL_BURN_IN,T05_0351,PROC-ISRO-IISU-01,ATE-STATION-01,CHAMBER-01,1.0,125.0,5.0,168,output_voltage_drift,ELECTRICAL,uV,16.9253,7255.9491,7256.7443,7257.3128,7239.0238,-0.0123,-0.1321,35.35,35.55,16.9253,7255.9491,7256.7443,7257.3128,7239.0238,100.0,False,NOMINAL,HEALTHY,-39.93,46.97
PRE_LOT05_COMP0352,LOT_05,PRECISION_VOLTAGE_REF,LCC-20,PRE-SIH-2026,THERMAL_BURN_IN,T05_0352,PROC-ISRO-IISU-01,ATE-STATION-01,CHAMBER-01,1.0,125.0,5.0,168,output_voltage_drift,ELECTRICAL,uV,13.9336,5981.6941,5982.4303,5982.9527,5967.7605,0.0183,0.0179,32.56,32.67,13.9336,5981.6941,5982.4303,5982.9527,5967.7605,100.0,False,NOMINAL,HEALTHY,16.75,25.21
PRE_LOT05_COMP0353,LOT_05,PRECISION_VOLTAGE_REF,LCC-20,PRE-SIH-2026,THERMAL_BURN_IN,T05_0353,PROC-ISRO-IISU-01,ATE-STATION-01,CHAMBER-01,1.0,125.0,5.0,168,output_voltage_drift,ELECTRICAL,uV,12.1776,5218.7072,5219.2333,5219.7583,5206.5296,-0.0149,0.0805,34.68,34.75,12.1776,5218.7072,5219.2333,5219.7583,5206.5296,100.0,False,NOMINAL,HEALTHY,-16.02,-20.43
PRE_LOT05_COMP0354,LOT_05,PRECISION_VOLTAGE_REF,LCC-20,PRE-SIH-2026,THERMAL_BURN_IN,T05_0354,PROC-ISRO-IISU-01,ATE-STATION-01,CHAMBER-01,1.0,125.0,5.0,168,output_voltage_drift,ELECTRICAL,uV,15.302,6567.7553,6568.4033,6568.9158,6552.4533,-0.0004,0.0397,34.29,34.41,15.302,6567.7553,6568.4033,6568.9158,6552.4533,100.0,False,NOMINAL,HEALTHY,43.39,-49.69
PRE_LOT05_COMP0355,LOT_05,PRECISION_VOLTAGE_REF,LCC-20,PRE-SIH-2026,THERMAL_BURN_IN,T05_0355,PROC-ISRO-IISU-01,ATE-STATION-01,CHAMBER-01,1.0,125.0,5.0,168,output_voltage_drift,ELECTRICAL,uV,11.4031,4889.3542,4889.9159,4890.2687,4877.9511,0.0229,0.0872,35.94,35.81,11.4031,4889.3542,4889.9159,4890.2687,4877.9511,100.0,False,NOMINAL,HEALTHY,8.03,-11.84
PRE_LOT05_COMP0356,LOT_05,PRECISION_VOLTAGE_REF,LCC-20,PRE-SIH-2026,THERMAL_BURN_IN,T05_0356,PROC-ISRO-IISU-01,ATE-STATION-01,CHAMBER-01,1.0,125.0,5.0,168,output_voltage_drift,ELECTRICAL,uV,15.0218,6445.0415,6445.6681,6446.1092,6430.0197,-0.0091,0.0162,36.31,35.98,15.0218,6445.0415,6445.6681,6446.1092,6430.0197,100.0,False,NOMINAL,HEALTHY,34.4,15.82
PRE_LOT05_COMP0357,LOT_05,PRECISION_VOLTAGE_REF,LCC-20,PRE-SIH-2026,THERMAL_BURN_IN,T05_0357,PROC-ISRO-IISU-01,ATE-STATION-01,CHAMBER-01,1.0,125.0,5.0,168,output_voltage_drift,ELECTRICAL,uV,12.4618,5337.6574,5338.2495,5338.6844,5325.1956,0.0313,0.0626,38.27,38.26,12.4618,5337.6574,5338.2495,5338.6844,5325.1956,100.0,False,NOMINAL,HEALTHY,11.83,24.73
PRE_LOT05_COMP0358,LOT_05,PRECISION_VOLTAGE_REF,LCC-20,PRE-SIH-2026,THERMAL_BURN_IN,T05_0358,PROC-ISRO-IISU-01,ATE-STATION-01,CHAMBER-01,1.0,125.0,5.0,168,output_voltage_drift,ELECTRICAL,uV,15.5889,6687.533,6688.2451,6688.7908,6671.9441,-0.0245,0.0049,34.42,34.41,15.5889,6687.533,6688.2451,6688.7908,6671.9441,100.0,False,NOMINAL,HEALTHY,44.5,-39.81
PRE_LOT05_COMP0359,LOT_05,PRECISION_VOLTAGE_REF,LCC-20,PRE-SIH-2026,THERMAL_BURN_IN,T05_0359,PROC-ISRO-IISU-01,ATE-STATION-01,CHAMBER-01,1.0,125.0,5.0,168,output_voltage_drift,ELECTRICAL,uV,13.4261,5763.6704,5764.3092,5764.7718,5750.2443,0.0231,0.0417,32.44,32.37,13.4261,5763.6704,5764.3092,5764.7718,5750.2443,100.0,False,NOMINAL,HEALTHY,-6.18,-34.18
PRE_LOT05_COMP0360,LOT_05,PRECISION_VOLTAGE_REF,LCC-20,PRE-SIH-2026,THERMAL_BURN_IN,T05_0360,PROC-ISRO-IISU-01,ATE-STATION-01,CHAMBER-01,1.0,125.0,5.0,168,output_voltage_drift,ELECTRICAL,uV,13.0219,5590.0341,5590.6159,5591.1087,5577.0122,-0.0377,-0.0544,34.73,35.12,13.0219,5590.0341,5590.6159,5591.1087,5577.0122,100.0,False,NOMINAL,HEALTHY,-4.67,-21.31
PRE_LOT05_COMP0361,LOT_05,PRECISION_VOLTAGE_REF,LCC-20,PRE-SIH-2026,THERMAL_BURN_IN,T05_0361,PROC-ISRO-IISU-01,ATE-STATION-01,CHAMBER-01,1.0,125.0,5.0,168,output_voltage_drift,ELECTRICAL,uV,18.5253,7942.2488,7943.1461,7943.7481,7923.7235,0.0018,0.0755,34.73,34.64,18.5253,7942.2488,7943.1461,7943.7481,7923.7235,100.0,False,NOMINAL,HEALTHY,44.64,29.1
PRE_LOT05_COMP0362,LOT_05,PRECISION_VOLTAGE_REF,LCC-20,PRE-SIH-2026,THERMAL_BURN_IN,T05_0362,PROC-ISRO-IISU-01,ATE-STATION-01,CHAMBER-01,1.0,125.0,5.0,168,output_voltage_drift,ELECTRICAL,uV,14.514,6224.6913,6225.3461,6225.8306,6210.1773,-0.0097,0.0322,37.45,37.76,14.514,6224.6913,6225.3461,6225.8306,6210.1773,100.0,False,NOMINAL,HEALTHY,5.91,38.65
PRE_LOT05_COMP0363,LOT_05,PRECISION_VOLTAGE_REF,LCC-20,PRE-SIH-2026,THERMAL_BURN_IN,T05_0363,PROC-ISRO-IISU-01,ATE-STATION-01,CHAMBER-01,1.0,125.0,5.0,168,output_voltage_drift,ELECTRICAL,uV,18.6754,8012.3475,8013.2278,8014.0336,7993.6721,0.0364,-0.1048,36.82,36.96,18.6754,8012.3475,8013.2278,8014.0336,7993.6721,100.0,False,NOMINAL,HEALTHY,-41.2,21.2
PRE_LOT05_COMP0364,LOT_05,PRECISION_VOLTAGE_REF,LCC-20,PRE-SIH-2026,THERMAL_BURN_IN,T05_0364,PROC-ISRO-IISU-01,ATE-STATION-01,CHAMBER-01,1.0,125.0,5.0,168,output_voltage_drift,ELECTRICAL,uV,12.1919,5231.6932,5232.2473,5232.7194,5219.5013,-0.0018,-0.004,33.93,33.63,12.1919,5231.6932,5232.2473,5232.7194,5219.5013,100.0,False,NOMINAL,HEALTHY,40.11,21.41
PRE_LOT05_COMP0365,LOT_05,PRECISION_VOLTAGE_REF,LCC-20,PRE-SIH-2026,THERMAL_BURN_IN,T05_0365,PROC-ISRO-IISU-01,ATE-STATION-01,CHAMBER-01,1.0,125.0,5.0,168,output_voltage_drift,ELECTRICAL,uV,13.9004,5944.6007,5945.203,5945.5618,5930.7003,0.019,-0.0397,35.78,36.09,13.9004,5944.6007,5945.203,5945.5618,5930.7003,100.0,False,NOMINAL,HEALTHY,-3.63,19.36
PRE_LOT05_COMP0366,LOT_05,PRECISION_VOLTAGE_REF,LCC-20,PRE-SIH-2026,THERMAL_BURN_IN,T05_0366,PROC-ISRO-IISU-01,ATE-STATION-01,CHAMBER-01,1.0,125.0,5.0,168,output_voltage_drift,ELECTRICAL,uV,14.7946,6344.2217,6344.9885,6345.5277,6329.4271,0.0091,-0.047,35.44,35.94,14.7946,6344.2217,6344.9885,6345.5277,6329.4271,100.0,False,NOMINAL,HEALTHY,-9.62,43.52
PRE_LOT05_COMP0367,LOT_05,PRECISION_VOLTAGE_REF,LCC-20,PRE-SIH-2026,THERMAL_BURN_IN,T05_0367,PROC-ISRO-IISU-01,ATE-STATION-01,CHAMBER-01,1.0,125.0,5.0,168,output_voltage_drift,ELECTRICAL,uV,14.005,6012.04,6012.709,6013.2965,5998.035,0.0143,0.0815,34.93,34.83,14.005,6012.04,6012.709,6013.2965,5998.035,100.0,False,NOMINAL,HEALTHY,48.75,6.39
PRE_LOT05_COMP0368,LOT_05,PRECISION_VOLTAGE_REF,LCC-20,PRE-SIH-2026,THERMAL_BURN_IN,T05_0368,PROC-ISRO-IISU-01,ATE-STATION-01,CHAMBER-01,1.0,125.0,5.0,168,output_voltage_drift,ELECTRICAL,uV,17.275,7403.6482,7404.5688,7405.195,7386.3732,0.0192,-0.006,36.58,37.13,17.275,7403.6482,7404.5688,7405.195,7386.3732,100.0,False,NOMINAL,HEALTHY,-12.4,41.8
PRE_LOT05_COMP0369,LOT_05,PRECISION_VOLTAGE_REF,LCC-20,PRE-SIH-2026,THERMAL_BURN_IN,T05_0369,PROC-ISRO-IISU-01,ATE-STATION-01,CHAMBER-01,1.0,125.0,5.0,168,output_voltage_drift,ELECTRICAL,uV,16.6682,7153.1829,7153.9297,7154.4985,7136.5147,0.0374,0.0791,34.61,34.76,16.6682,7153.1829,7153.9297,7154.4985,7136.5147,100.0,False,NOMINAL,HEALTHY,-26.27,23.65
PRE_LOT05_COMP0370,LOT_05,PRECISION_VOLTAGE_REF,LCC-20,PRE-SIH-2026,THERMAL_BURN_IN,T05_0370,PROC-ISRO-IISU-01,ATE-STATION-01,CHAMBER-01,1.0,125.0,5.0,168,output_voltage_drift,ELECTRICAL,uV,13.5213,5801.4698,5801.9945,5802.4022,5787.9485,0.0374,0.057,34.44,34.88,13.5213,5801.4698,5801.9945,5802.4022,5787.9485,100.0,False,NOMINAL,HEALTHY,-30.01,-6.01
PRE_LOT05_COMP0371,LOT_05,PRECISION_VOLTAGE_REF,LCC-20,PRE-SIH-2026,THERMAL_BURN_IN,T05_0371,PROC-ISRO-IISU-01,ATE-STATION-01,CHAMBER-01,1.0,125.0,5.0,168,output_voltage_drift,ELECTRICAL,uV,11.888,5099.7539,5100.2744,5100.7124,5087.8659,0.0264,-0.0187,36.19,36.39,11.888,5099.7539,5100.2744,5100.7124,5087.8659,100.0,False,NOMINAL,HEALTHY,22.25,11.1
PRE_LOT05_COMP0372,LOT_05,PRECISION_VOLTAGE_REF,LCC-20,PRE-SIH-2026,THERMAL_BURN_IN,T05_0372,PROC-ISRO-IISU-01,ATE-STATION-01,CHAMBER-01,1.0,125.0,5.0,168,output_voltage_drift,ELECTRICAL,uV,13.418,5750.9889,5751.59,5752.0953,5737.5709,-0.0396,-0.0275,36.72,36.79,13.418,5750.9889,5751.59,5752.0953,5737.5709,100.0,False,NOMINAL,HEALTHY,-40.03,-25.53
PRE_LOT05_COMP0373,LOT_05,PRECISION_VOLTAGE_REF,LCC-20,PRE-SIH-2026,THERMAL_BURN_IN,T05_0373,PROC-ISRO-IISU-01,ATE-STATION-01,CHAMBER-01,1.0,125.0,5.0,168,output_voltage_drift,ELECTRICAL,uV,11.5333,4948.1026,4948.7019,4949.0981,4936.5693,0.0045,-0.0536,34.75,34.44,11.5333,4948.1026,4948.7019,4949.0981,4936.5693,100.0,False,NOMINAL,HEALTHY,30.77,35.46
PRE_LOT05_COMP0374,LOT_05,PRECISION_VOLTAGE_REF,LCC-20,PRE-SIH-2026,THERMAL_BURN_IN,T05_0374,PROC-ISRO-IISU-01,ATE-STATION-01,CHAMBER-01,1.0,125.0,5.0,168,output_voltage_drift,ELECTRICAL,uV,13.6244,5833.4167,5834.0331,5834.4983,5819.7923,-0.0353,-0.0975,36.9,37.28,13.6244,5833.4167,5834.0331,5834.4983,5819.7923,100.0,False,NOMINAL,HEALTHY,-22.08,11.21
PRE_LOT05_COMP0375,LOT_05,PRECISION_VOLTAGE_REF,LCC-20,PRE-SIH-2026,THERMAL_BURN_IN,T05_0375,PROC-ISRO-IISU-01,ATE-STATION-01,CHAMBER-01,1.0,125.0,5.0,168,output_voltage_drift,ELECTRICAL,uV,12.6401,5423.7233,5424.3759,5424.7856,5411.0832,0.0001,0.0549,33.85,33.68,12.6401,5423.7233,5424.3759,5424.7856,5411.0832,100.0,False,NOMINAL,HEALTHY,38.37,-47.04
PRE_LOT05_COMP0376,LOT_05,PRECISION_VOLTAGE_REF,LCC-20,PRE-SIH-2026,THERMAL_BURN_IN,T05_0376,PROC-ISRO-IISU-01,ATE-STATION-01,CHAMBER-01,1.0,125.0,5.0,168,output_voltage_drift,ELECTRICAL,uV,12.5698,5397.7607,5398.3506,5398.8151,5385.1909,-0.0191,-0.0752,32.69,32.49,12.5698,5397.7607,5398.3506,5398.8151,5385.1909,100.0,False,NOMINAL,HEALTHY,-40.23,-19.12
PRE_LOT05_COMP0377,LOT_05,PRECISION_VOLTAGE_REF,LCC-20,PRE-SIH-2026,THERMAL_BURN_IN,T05_0377,PROC-ISRO-IISU-01,ATE-STATION-01,CHAMBER-01,1.0,125.0,5.0,168,output_voltage_drift,ELECTRICAL,uV,13.1524,5634.3727,5634.9954,5635.4046,5621.2203,0.0042,0.0587,35.97,36.82,13.1524,5634.3727,5634.9954,5635.4046,5621.2203,100.0,False,NOMINAL,HEALTHY,42.22,49.8
PRE_LOT05_COMP0378,LOT_05,PRECISION_VOLTAGE_REF,LCC-20,PRE-SIH-2026,THERMAL_BURN_IN,T05_0378,PROC-ISRO-IISU-01,ATE-STATION-01,CHAMBER-01,1.0,125.0,5.0,168,output_voltage_drift,ELECTRICAL,uV,13.3867,5733.6763,5734.2587,5734.7155,5720.2896,0.0106,0.0323,34.72,35.31,13.3867,5733.6763,5734.2587,5734.7155,5720.2896,100.0,False,NOMINAL,HEALTHY,-12.52,14.26
PRE_LOT05_COMP0379,LOT_05,PRECISION_VOLTAGE_REF,LCC-20,PRE-SIH-2026,THERMAL_BURN_IN,T05_0379,PROC-ISRO-IISU-01,ATE-STATION-01,CHAMBER-01,1.0,125.0,5.0,168,output_voltage_drift,ELECTRICAL,uV,15.0155,6434.4452,6435.2297,6435.8602,6419.4297,0.0461,0.0264,35.8,35.29,15.0155,6434.4452,6435.2297,6435.8602,6419.4297,100.0,False,NOMINAL,HEALTHY,11.51,-26.63
PRE_LOT05_COMP0380,LOT_05,PRECISION_VOLTAGE_REF,LCC-20,PRE-SIH-2026,THERMAL_BURN_IN,T05_0380,PROC-ISRO-IISU-01,ATE-STATION-01,CHAMBER-01,1.0,125.0,5.0,168,output_voltage_drift,ELECTRICAL,uV,13.4856,5779.396,5780.0496,5780.6367,5765.9104,0.0154,0.0175,35.06,35.22,13.4856,5779.396,5780.0496,5780.6367,5765.9104,100.0,False,NOMINAL,HEALTHY,4.73,46.83
PRE_LOT05_COMP0381,LOT_05,PRECISION_VOLTAGE_REF,LCC-20,PRE-SIH-2026,THERMAL_BURN_IN,T05_0381,PROC-ISRO-IISU-01,ATE-STATION-01,CHAMBER-01,1.0,125.0,5.0,168,output_voltage_drift,ELECTRICAL,uV,12.7909,5476.7382,5477.4386,5477.971,5463.9473,0.0329,0.0356,34.7,34.75,12.7909,5476.7382,5477.4386,5477.971,5463.9473,100.0,False,NOMINAL,HEALTHY,-28.44,-0.48
PRE_LOT05_COMP0382,LOT_05,PRECISION_VOLTAGE_REF,LCC-20,PRE-SIH-2026,THERMAL_BURN_IN,T05_0382,PROC-ISRO-IISU-01,ATE-STATION-01,CHAMBER-01,1.0,125.0,5.0,168,output_voltage_drift,ELECTRICAL,uV,12.5015,5356.2909,5356.8311,5357.2858,5343.7894,-0.0263,0.0072,38.24,38.11,12.5015,5356.2909,5356.8311,5357.2858,5343.7894,100.0,False,NOMINAL,HEALTHY,-49.53,38.84
PRE_LOT05_COMP0383,LOT_05,PRECISION_VOLTAGE_REF,LCC-20,PRE-SIH-2026,THERMAL_BURN_IN,T05_0383,PROC-ISRO-IISU-01,ATE-STATION-01,CHAMBER-01,1.0,125.0,5.0,168,output_voltage_drift,ELECTRICAL,uV,15.4649,6641.6431,6642.3687,6643.0124,6626.1782,0.0204,-0.0511,33.89,34.1,15.4649,6641.6431,6642.3687,6643.0124,6626.1782,100.0,False,NOMINAL,HEALTHY,-29.37,-22.8
PRE_LOT05_COMP0384,LOT_05,PRECISION_VOLTAGE_REF,LCC-20,PRE-SIH-2026,THERMAL_BURN_IN,T05_0384,PROC-ISRO-IISU-01,ATE-STATION-01,CHAMBER-01,1.0,125.0,5.0,168,output_voltage_drift,ELECTRICAL,uV,12.6407,5420.1857,5420.8303,5421.2809,5407.545,0.018,-0.005,34.53,34.15,12.6407,5420.1857,5420.8303,5421.2809,5407.545,100.0,False,NOMINAL,HEALTHY,18.85,-44.9
PRE_LOT05_COMP0385,LOT_05,PRECISION_VOLTAGE_REF,LCC-20,PRE-SIH-2026,THERMAL_BURN_IN,T05_0385,PROC-ISRO-IISU-01,ATE-STATION-01,CHAMBER-01,1.0,125.0,5.0,168,output_voltage_drift,ELECTRICAL,uV,15.4306,6618.8978,6619.6564,6620.1185,6603.4672,-0.0167,-0.0076,34.45,33.95,15.4306,6618.8978,6619.6564,6620.1185,6603.4672,100.0,False,NOMINAL,HEALTHY,45.65,30.47
PRE_LOT05_COMP0386,LOT_05,PRECISION_VOLTAGE_REF,LCC-20,PRE-SIH-2026,THERMAL_BURN_IN,T05_0386,PROC-ISRO-IISU-01,ATE-STATION-01,CHAMBER-01,1.0,125.0,5.0,168,output_voltage_drift,ELECTRICAL,uV,10.8075,4632.026,4632.5266,4632.9049,4621.2185,0.0295,0.0723,35.34,35.1,10.8075,4632.026,4632.5266,4632.9049,4621.2185,100.0,False,NOMINAL,HEALTHY,-43.69,41.24
PRE_LOT05_COMP0387,LOT_05,PRECISION_VOLTAGE_REF,LCC-20,PRE-SIH-2026,THERMAL_BURN_IN,T05_0387,PROC-ISRO-IISU-01,ATE-STATION-01,CHAMBER-01,1.0,125.0,5.0,168,output_voltage_drift,ELECTRICAL,uV,11.12,4767.8798,4768.3696,4768.6757,4756.7598,0.0102,0.0549,35.63,35.02,11.12,4767.8798,4768.3696,4768.6757,4756.7598,100.0,False,NOMINAL,HEALTHY,-44.66,1.18
PRE_LOT05_COMP0388,LOT_05,PRECISION_VOLTAGE_REF,LCC-20,PRE-SIH-2026,THERMAL_BURN_IN,T05_0388,PROC-ISRO-IISU-01,ATE-STATION-01,CHAMBER-01,1.0,125.0,5.0,168,output_voltage_drift,ELECTRICAL,uV,13.627,5840.5504,5841.201,5841.675,5826.9234,-0.0219,-0.1522,33.23,33.96,13.627,5840.5504,5841.201,5841.675,5826.9234,100.0,False,NOMINAL,HEALTHY,33.18,-4.06
PRE_LOT05_COMP0389,LOT_05,PRECISION_VOLTAGE_REF,LCC-20,PRE-SIH-2026,THERMAL_BURN_IN,T05_0389,PROC-ISRO-IISU-01,ATE-STATION-01,CHAMBER-01,1.0,125.0,5.0,168,output_voltage_drift,ELECTRICAL,uV,14.3599,6148.6588,6149.3243,6149.7917,6134.2989,0.004,0.0154,33.28,33.55,14.3599,6148.6588,6149.3243,6149.7917,6134.2989,100.0,False,NOMINAL,HEALTHY,-40.04,26.75
PRE_LOT05_COMP0390,LOT_05,PRECISION_VOLTAGE_REF,LCC-20,PRE-SIH-2026,THERMAL_BURN_IN,T05_0390,PROC-ISRO-IISU-01,ATE-STATION-01,CHAMBER-01,1.0,125.0,5.0,168,output_voltage_drift,ELECTRICAL,uV,15.1965,6509.6666,6510.4333,6510.9356,6494.4701,0.0431,0.0645,35.56,35.34,15.1965,6509.6666,6510.4333,6510.9356,6494.4701,100.0,False,NOMINAL,HEALTHY,-21.36,-24.05
PRE_LOT05_COMP0391,LOT_05,PRECISION_VOLTAGE_REF,LCC-20,PRE-SIH-2026,THERMAL_BURN_IN,T05_0391,PROC-ISRO-IISU-01,ATE-STATION-01,CHAMBER-01,1.0,125.0,5.0,168,output_voltage_drift,ELECTRICAL,uV,16.1568,6926.2518,6927.1046,6927.6824,6910.095,-0.0153,-0.0949,35.09,35.34,16.1568,6926.2518,6927.1046,6927.6824,6910.095,100.0,False,NOMINAL,HEALTHY,-19.1,0.26
PRE_LOT05_COMP0392,LOT_05,PRECISION_VOLTAGE_REF,LCC-20,PRE-SIH-2026,THERMAL_BURN_IN,T05_0392,PROC-ISRO-IISU-01,ATE-STATION-01,CHAMBER-01,1.0,125.0,5.0,168,output_voltage_drift,ELECTRICAL,uV,14.6636,6288.4514,6289.1189,6289.6579,6273.7878,-0.0149,-0.0241,33.93,34.12,14.6636,6288.4514,6289.1189,6289.6579,6273.7878,100.0,False,NOMINAL,HEALTHY,-28.35,-23.57
PRE_LOT05_COMP0393,LOT_05,PRECISION_VOLTAGE_REF,LCC-20,PRE-SIH-2026,THERMAL_BURN_IN,T05_0393,PROC-ISRO-IISU-01,ATE-STATION-01,CHAMBER-01,1.0,125.0,5.0,168,output_voltage_drift,ELECTRICAL,uV,14.7317,6313.5871,6314.2753,6314.7457,6298.8554,0.0376,0.045,34.89,35.03,14.7317,6313.5871,6314.2753,6314.7457,6298.8554,100.0,False,NOMINAL,HEALTHY,11.12,-49.38
PRE_LOT05_COMP0394,LOT_05,PRECISION_VOLTAGE_REF,LCC-20,PRE-SIH-2026,THERMAL_BURN_IN,T05_0394,PROC-ISRO-IISU-01,ATE-STATION-01,CHAMBER-01,1.0,125.0,5.0,168,output_voltage_drift,ELECTRICAL,uV,16.6329,7133.5782,7134.4186,7134.9918,7116.9453,0.0115,0.0217,34.28,34.27,16.6329,7133.5782,7134.4186,7134.9918,7116.9453,100.0,False,NOMINAL,HEALTHY,-48.16,29.11
PRE_LOT05_COMP0395,LOT_05,PRECISION_VOLTAGE_REF,LCC-20,PRE-SIH-2026,THERMAL_BURN_IN,T05_0395,PROC-ISRO-IISU-01,ATE-STATION-01,CHAMBER-01,1.0,125.0,5.0,168,output_voltage_drift,ELECTRICAL,uV,15.7586,6755.4491,6756.1149,6756.657,6739.6905,0.0008,-0.0733,35.24,35.31,15.7586,6755.4491,6756.1149,6756.657,6739.6905,100.0,False,NOMINAL,HEALTHY,35.67,4.18
PRE_LOT05_COMP0396,LOT_05,PRECISION_VOLTAGE_REF,LCC-20,PRE-SIH-2026,THERMAL_BURN_IN,T05_0396,PROC-ISRO-IISU-01,ATE-STATION-01,CHAMBER-01,1.0,125.0,5.0,168,output_voltage_drift,ELECTRICAL,uV,15.4725,6636.25,6636.9254,6637.4327,6620.7775,-0.0077,-0.0637,37.02,37.5,15.4725,6636.25,6636.9254,6637.4327,6620.7775,100.0,False,NOMINAL,HEALTHY,17.79,-45.53
PRE_LOT05_COMP0397,LOT_05,PRECISION_VOLTAGE_REF,LCC-20,PRE-SIH-2026,THERMAL_BURN_IN,T05_0397,PROC-ISRO-IISU-01,ATE-STATION-01,CHAMBER-01,1.0,125.0,5.0,168,output_voltage_drift,ELECTRICAL,uV,15.7052,6731.4772,6732.2009,6732.765,6715.772,0.0201,-0.0666,36.19,36.56,15.7052,6731.4772,6732.2009,6732.765,6715.772,100.0,False,NOMINAL,HEALTHY,4.74,-10.65
PRE_LOT05_COMP0398,LOT_05,PRECISION_VOLTAGE_REF,LCC-20,PRE-SIH-2026,THERMAL_BURN_IN,T05_0398,PROC-ISRO-IISU-01,ATE-STATION-01,CHAMBER-01,1.0,125.0,5.0,168,output_voltage_drift,ELECTRICAL,uV,10.3201,4423.1232,4423.6054,4424.0301,4412.8031,0.0263,0.0581,36.66,36.49,10.3201,4423.1232,4423.6054,4424.0301,4412.8031,100.0,False,NOMINAL,HEALTHY,-27.82,-47.54
PRE_LOT05_COMP0399,LOT_05,PRECISION_VOLTAGE_REF,LCC-20,PRE-SIH-2026,THERMAL_BURN_IN,T05_0399,PROC-ISRO-IISU-01,ATE-STATION-01,CHAMBER-01,1.0,125.0,5.0,168,output_voltage_drift,ELECTRICAL,uV,14.4577,6196.7186,6197.3905,6197.8569,6182.2609,0.0472,0.0776,34.44,34.51,14.4577,6196.7186,6197.3905,6197.8569,6182.2609,100.0,False,NOMINAL,HEALTHY,21.01,-45.09
PRE_LOT05_COMP0400,LOT_05,PRECISION_VOLTAGE_REF,LCC-20,PRE-SIH-2026,THERMAL_BURN_IN,T05_0400,PROC-ISRO-IISU-01,ATE-STATION-01,CHAMBER-01,1.0,125.0,5.0,168,output_voltage_drift,ELECTRICAL,uV,14.6161,6277.5617,6278.2744,6278.7714,6262.9456,0.0187,-0.0731,36.64,36.45,14.6161,6277.5617,6278.2744,6278.7714,6262.9456,100.0,False,NOMINAL,HEALTHY,36.23,9.31
PRE_LOT05_COMP0401,LOT_05,PRECISION_VOLTAGE_REF,LCC-20,PRE-SIH-2026,THERMAL_BURN_IN,T05_0401,PROC-ISRO-IISU-01,ATE-STATION-01,CHAMBER-01,1.0,125.0,5.0,168,output_voltage_drift,ELECTRICAL,uV,13.5801,5820.232,5820.8661,5821.3571,5806.6519,-0.0302,0.1075,36.41,37.25,13.5801,5820.232,5820.8661,5821.3571,5806.6519,100.0,False,NOMINAL,HEALTHY,-35.25,-33.33
PRE_LOT05_COMP0402,LOT_05,PRECISION_VOLTAGE_REF,LCC-20,PRE-SIH-2026,THERMAL_BURN_IN,T05_0402,PROC-ISRO-IISU-01,ATE-STATION-01,CHAMBER-01,1.0,125.0,5.0,168,output_voltage_drift,ELECTRICAL,uV,17.0354,7313.2799,7314.044,7314.6893,7296.2445,-0.0321,-0.0565,35.41,35.56,17.0354,7313.2799,7314.044,7314.6893,7296.2445,100.0,False,NOMINAL,HEALTHY,46.63,-32.56
PRE_LOT05_COMP0403,LOT_05,PRECISION_VOLTAGE_REF,LCC-20,PRE-SIH-2026,THERMAL_BURN_IN,T05_0403,PROC-ISRO-IISU-01,ATE-STATION-01,CHAMBER-01,1.0,125.0,5.0,168,output_voltage_drift,ELECTRICAL,uV,13.622,5841.8757,5842.5756,5843.0526,5828.2537,-0.0405,0.044,35.35,35.65,13.622,5841.8757,5842.5756,5843.0526,5828.2537,100.0,False,NOMINAL,HEALTHY,-13.69,44.08
PRE_LOT05_COMP0404,LOT_05,PRECISION_VOLTAGE_REF,LCC-20,PRE-SIH-2026,THERMAL_BURN_IN,T05_0404,PROC-ISRO-IISU-01,ATE-STATION-01,CHAMBER-01,1.0,125.0,5.0,168,output_voltage_drift,ELECTRICAL,uV,13.3624,5731.7922,5732.4884,5732.9933,5718.4298,-0.0102,0.0522,34.26,34.07,13.3624,5731.7922,5732.4884,5732.9933,5718.4298,100.0,False,NOMINAL,HEALTHY,-40.4,26.65
PRE_LOT05_COMP0405,LOT_05,PRECISION_VOLTAGE_REF,LCC-20,PRE-SIH-2026,THERMAL_BURN_IN,T05_0405,PROC-ISRO-IISU-01,ATE-STATION-01,CHAMBER-01,1.0,125.0,5.0,168,output_voltage_drift,ELECTRICAL,uV,12.5381,5368.6063,5369.1271,5369.5266,5356.0682,-0.0264,-0.0749,34.09,34.89,12.5381,5368.6063,5369.1271,5369.5266,5356.0682,100.0,False,NOMINAL,HEALTHY,10.48,37.21
PRE_LOT05_COMP0406,LOT_05,PRECISION_VOLTAGE_REF,LCC-20,PRE-SIH-2026,THERMAL_BURN_IN,T05_0406,PROC-ISRO-IISU-01,ATE-STATION-01,CHAMBER-01,1.0,125.0,5.0,168,output_voltage_drift,ELECTRICAL,uV,16.1457,6920.2217,6920.9783,6921.5435,6904.076,0.0038,0.021,33.59,33.15,16.1457,6920.2217,6920.9783,6921.5435,6904.076,100.0,False,NOMINAL,HEALTHY,-17.57,27.97
PRE_LOT05_COMP0407,LOT_05,PRECISION_VOLTAGE_REF,LCC-20,PRE-SIH-2026,THERMAL_BURN_IN,T05_0407,PROC-ISRO-IISU-01,ATE-STATION-01,CHAMBER-01,1.0,125.0,5.0,168,output_voltage_drift,ELECTRICAL,uV,11.6383,4978.9803,4979.5748,4980.0166,4967.342,0.0083,-0.0666,35.1,35.11,11.6383,4978.9803,4979.5748,4980.0166,4967.342,100.0,False,NOMINAL,HEALTHY,-19.74,2.49
PRE_LOT05_COMP0408,LOT_05,PRECISION_VOLTAGE_REF,LCC-20,PRE-SIH-2026,THERMAL_BURN_IN,T05_0408,PROC-ISRO-IISU-01,ATE-STATION-01,CHAMBER-01,1.0,125.0,5.0,168,output_voltage_drift,ELECTRICAL,uV,16.0293,6879.0868,6879.9189,6880.5953,6863.0575,0.0106,-0.0023,34.42,34.43,16.0293,6879.0868,6879.9189,6880.5953,6863.0575,100.0,False,NOMINAL,HEALTHY,-43.01,-41.99
PRE_LOT05_COMP0409,LOT_05,PRECISION_VOLTAGE_REF,LCC-20,PRE-SIH-2026,THERMAL_BURN_IN,T05_0409,PROC-ISRO-IISU-01,ATE-STATION-01,CHAMBER-01,1.0,125.0,5.0,168,output_voltage_drift,ELECTRICAL,uV,15.631,6706.1555,6706.9099,6707.5021,6690.5245,0.0176,-0.0465,33.5,32.94,15.631,6706.1555,6706.9099,6707.5021,6690.5245,100.0,False,NOMINAL,HEALTHY,-39.0,-21.82
PRE_LOT05_COMP0410,LOT_05,PRECISION_VOLTAGE_REF,LCC-20,PRE-SIH-2026,THERMAL_BURN_IN,T05_0410,PROC-ISRO-IISU-01,ATE-STATION-01,CHAMBER-01,1.0,125.0,5.0,168,output_voltage_drift,ELECTRICAL,uV,13.7997,5918.3375,5919.0775,5919.5313,5904.5378,-0.0386,-0.069,35.19,35.58,13.7997,5918.3375,5919.0775,5919.5313,5904.5378,100.0,False,NOMINAL,HEALTHY,37.44,-2.94
PRE_LOT05_COMP0411,LOT_05,PRECISION_VOLTAGE_REF,LCC-20,PRE-SIH-2026,THERMAL_BURN_IN,T05_0411,PROC-ISRO-IISU-01,ATE-STATION-01,CHAMBER-01,1.0,125.0,5.0,168,output_voltage_drift,ELECTRICAL,uV,16.4685,7053.6493,7054.3675,7054.9222,7037.1808,0.0409,0.0574,34.72,33.87,16.4685,7053.6493,7054.3675,7054.9222,7037.1808,100.0,False,NOMINAL,HEALTHY,-13.23,-14.9
PRE_LOT05_COMP0412,LOT_05,PRECISION_VOLTAGE_REF,LCC-20,PRE-SIH-2026,THERMAL_BURN_IN,T05_0412,PROC-ISRO-IISU-01,ATE-STATION-01,CHAMBER-01,1.0,125.0,5.0,168,output_voltage_drift,ELECTRICAL,uV,14.3232,6137.517,6138.1328,6138.5966,6123.1938,-0.0025,0.0343,33.6,32.88,14.3232,6137.517,6138.1328,6138.5966,6123.1938,100.0,False,NOMINAL,HEALTHY,-14.77,38.14
PRE_LOT05_COMP0413,LOT_05,PRECISION_VOLTAGE_REF,LCC-20,PRE-SIH-2026,THERMAL_BURN_IN,T05_0413,PROC-ISRO-IISU-01,ATE-STATION-01,CHAMBER-01,1.0,125.0,5.0,168,output_voltage_drift,ELECTRICAL,uV,12.9516,5542.4582,5542.9435,5543.2929,5529.5066,0.0257,0.0676,36.95,36.84,12.9516,5542.4582,5542.9435,5543.2929,5529.5066,100.0,False,NOMINAL,HEALTHY,15.44,21.61
PRE_LOT05_COMP0414,LOT_05,PRECISION_VOLTAGE_REF,LCC-20,PRE-SIH-2026,THERMAL_BURN_IN,T05_0414,PROC-ISRO-IISU-01,ATE-STATION-01,CHAMBER-01,1.0,125.0,5.0,168,output_voltage_drift,ELECTRICAL,uV,13.7806,5911.9372,5912.5821,5913.0368,5898.1566,-0.0274,-0.0729,35.78,35.68,13.7806,5911.9372,5912.5821,5913.0368,5898.1566,100.0,False,NOMINAL,HEALTHY,-17.24,-25.39
PRE_LOT05_COMP0415,LOT_05,PRECISION_VOLTAGE_REF,LCC-20,PRE-SIH-2026,THERMAL_BURN_IN,T05_0415,PROC-ISRO-IISU-01,ATE-STATION-01,CHAMBER-01,1.0,125.0,5.0,168,output_voltage_drift,ELECTRICAL,uV,13.2679,5689.5375,5703.4814,5761.6251,5676.2696,-0.0401,-0.0568,36.11,35.89,13.2679,5689.5375,5703.4814,5761.6251,5676.2696,100.0,True,ELECTROMIGRATION,HEALTHY,24.95,-2.63
PRE_LOT05_COMP0416,LOT_05,PRECISION_VOLTAGE_REF,LCC-20,PRE-SIH-2026,THERMAL_BURN_IN,T05_0416,PROC-ISRO-IISU-01,ATE-STATION-01,CHAMBER-01,1.0,125.0,5.0,168,output_voltage_drift,ELECTRICAL,uV,13.6493,5850.4236,5851.1322,5851.6151,5836.7743,0.0016,0.0154,35.85,34.96,13.6493,5850.4236,5851.1322,5851.6151,5836.7743,100.0,False,NOMINAL,HEALTHY,-2.31,3.24
PRE_LOT05_COMP0417,LOT_05,PRECISION_VOLTAGE_REF,LCC-20,PRE-SIH-2026,THERMAL_BURN_IN,T05_0417,PROC-ISRO-IISU-01,ATE-STATION-01,CHAMBER-01,1.0,125.0,5.0,168,output_voltage_drift,ELECTRICAL,uV,14.2756,6127.2748,6127.8804,6128.2363,6112.9992,0.037,0.1422,36.04,35.95,14.2756,6127.2748,6127.8804,6128.2363,6112.9992,100.0,False,NOMINAL,HEALTHY,32.13,19.15
PRE_LOT05_COMP0418,LOT_05,PRECISION_VOLTAGE_REF,LCC-20,PRE-SIH-2026,THERMAL_BURN_IN,T05_0418,PROC-ISRO-IISU-01,ATE-STATION-01,CHAMBER-01,1.0,125.0,5.0,168,output_voltage_drift,ELECTRICAL,uV,11.9588,5131.6324,5132.2347,5132.6756,5119.6736,0.0045,-0.0027,34.32,33.16,11.9588,5131.6324,5132.2347,5132.6756,5119.6736,100.0,False,NOMINAL,HEALTHY,44.67,-45.04
PRE_LOT05_COMP0419,LOT_05,PRECISION_VOLTAGE_REF,LCC-20,PRE-SIH-2026,THERMAL_BURN_IN,T05_0419,PROC-ISRO-IISU-01,ATE-STATION-01,CHAMBER-01,1.0,125.0,5.0,168,output_voltage_drift,ELECTRICAL,uV,14.6903,6282.6976,6283.432,6283.996,6268.0073,-0.0105,0.0043,36.01,36.14,14.6903,6282.6976,6283.432,6283.996,6268.0073,100.0,False,NOMINAL,HEALTHY,-40.75,30.77
PRE_LOT05_COMP0420,LOT_05,PRECISION_VOLTAGE_REF,LCC-20,PRE-SIH-2026,THERMAL_BURN_IN,T05_0420,PROC-ISRO-IISU-01,ATE-STATION-01,CHAMBER-01,1.0,125.0,5.0,168,output_voltage_drift,ELECTRICAL,uV,12.227,5247.042,5247.5815,5247.9533,5234.815,0.028,0.0557,37.05,37.47,12.227,5247.042,5247.5815,5247.9533,5234.815,100.0,False,NOMINAL,HEALTHY,31.77,32.38
PRE_LOT05_COMP0421,LOT_05,PRECISION_VOLTAGE_REF,LCC-20,PRE-SIH-2026,THERMAL_BURN_IN,T05_0421,PROC-ISRO-IISU-01,ATE-STATION-01,CHAMBER-01,1.0,125.0,5.0,168,output_voltage_drift,ELECTRICAL,uV,15.1979,6507.2103,6507.9247,6508.4721,6492.0124,-0.0006,0.0439,34.71,34.6,15.1979,6507.2103,6507.9247,6508.4721,6492.0124,100.0,False,NOMINAL,HEALTHY,-3.34,-15.36
PRE_LOT05_COMP0422,LOT_05,PRECISION_VOLTAGE_REF,LCC-20,PRE-SIH-2026,THERMAL_BURN_IN,T05_0422,PROC-ISRO-IISU-01,ATE-STATION-01,CHAMBER-01,1.0,125.0,5.0,168,output_voltage_drift,ELECTRICAL,uV,16.3166,6999.2197,7000.0375,7000.6534,6982.9031,-0.0087,-0.0544,36.39,35.85,16.3166,6999.2197,7000.0375,7000.6534,6982.9031,100.0,False,NOMINAL,HEALTHY,-23.6,40.07
PRE_LOT05_COMP0423,LOT_05,PRECISION_VOLTAGE_REF,LCC-20,PRE-SIH-2026,THERMAL_BURN_IN,T05_0423,PROC-ISRO-IISU-01,ATE-STATION-01,CHAMBER-01,1.0,125.0,5.0,168,output_voltage_drift,ELECTRICAL,uV,11.6998,5007.631,5008.2132,5008.6675,4995.9312,-0.0304,-0.0656,33.13,33.43,11.6998,5007.631,5008.2132,5008.6675,4995.9312,100.0,False,NOMINAL,HEALTHY,6.58,-19.02
PRE_LOT05_COMP0424,LOT_05,PRECISION_VOLTAGE_REF,LCC-20,PRE-SIH-2026,THERMAL_BURN_IN,T05_0424,PROC-ISRO-IISU-01,ATE-STATION-01,CHAMBER-01,1.0,125.0,5.0,168,output_voltage_drift,ELECTRICAL,uV,11.7206,5023.08,5023.6381,5024.0133,5011.3594,0.0167,-0.0327,34.64,34.48,11.7206,5023.08,5023.6381,5024.0133,5011.3594,100.0,False,NOMINAL,HEALTHY,40.82,-43.31
PRE_LOT05_COMP0425,LOT_05,PRECISION_VOLTAGE_REF,LCC-20,PRE-SIH-2026,THERMAL_BURN_IN,T05_0425,PROC-ISRO-IISU-01,ATE-STATION-01,CHAMBER-01,1.0,125.0,5.0,168,output_voltage_drift,ELECTRICAL,uV,15.6464,6702.1803,6702.9913,6703.6213,6686.5339,-0.0073,-0.0248,34.42,33.64,15.6464,6702.1803,6702.9913,6703.6213,6686.5339,100.0,False,NOMINAL,HEALTHY,-2.4,-24.52
PRE_LOT05_COMP0426,LOT_05,PRECISION_VOLTAGE_REF,LCC-20,PRE-SIH-2026,THERMAL_BURN_IN,T05_0426,PROC-ISRO-IISU-01,ATE-STATION-01,CHAMBER-01,1.0,125.0,5.0,168,output_voltage_drift,ELECTRICAL,uV,16.5752,7098.8948,7099.5933,7100.0988,7082.3196,0.0157,0.0908,38.14,37.79,16.5752,7098.8948,7099.5933,7100.0988,7082.3196,100.0,False,NOMINAL,HEALTHY,45.67,2.57
PRE_LOT05_COMP0427,LOT_05,PRECISION_VOLTAGE_REF,LCC-20,PRE-SIH-2026,THERMAL_BURN_IN,T05_0427,PROC-ISRO-IISU-01,ATE-STATION-01,CHAMBER-01,1.0,125.0,5.0,168,output_voltage_drift,ELECTRICAL,uV,13.2727,5685.8725,5686.5258,5686.9878,5672.5998,0.0537,0.041,34.45,34.87,13.2727,5685.8725,5686.5258,5686.9878,5672.5998,100.0,False,NOMINAL,HEALTHY,-27.27,-41.14
PRE_LOT05_COMP0428,LOT_05,PRECISION_VOLTAGE_REF,LCC-20,PRE-SIH-2026,THERMAL_BURN_IN,T05_0428,PROC-ISRO-IISU-01,ATE-STATION-01,CHAMBER-01,1.0,125.0,5.0,168,output_voltage_drift,ELECTRICAL,uV,15.1881,6509.844,6510.5057,6511.0736,6494.6559,0.0131,-0.0201,33.23,33.88,15.1881,6509.844,6510.5057,6511.0736,6494.6559,100.0,False,NOMINAL,HEALTHY,9.87,-39.08
PRE_LOT05_COMP0429,LOT_05,PRECISION_VOLTAGE_REF,LCC-20,PRE-SIH-2026,THERMAL_BURN_IN,T05_0429,PROC-ISRO-IISU-01,ATE-STATION-01,CHAMBER-01,1.0,125.0,5.0,168,output_voltage_drift,ELECTRICAL,uV,14.3429,6148.3109,6149.101,6149.685,6133.968,-0.0064,0.0505,34.89,34.24,14.3429,6148.3109,6149.101,6149.685,6133.968,100.0,False,NOMINAL,HEALTHY,37.89,9.46
PRE_LOT05_COMP0430,LOT_05,PRECISION_VOLTAGE_REF,LCC-20,PRE-SIH-2026,THERMAL_BURN_IN,T05_0430,PROC-ISRO-IISU-01,ATE-STATION-01,CHAMBER-01,1.0,125.0,5.0,168,output_voltage_drift,ELECTRICAL,uV,16.6803,7144.4602,7145.2007,7145.8231,7127.7799,-0.0011,-0.0011,33.36,33.23,16.6803,7144.4602,7145.2007,7145.8231,7127.7799,100.0,False,NOMINAL,HEALTHY,-29.84,-41.74
PRE_LOT05_COMP0431,LOT_05,PRECISION_VOLTAGE_REF,LCC-20,PRE-SIH-2026,THERMAL_BURN_IN,T05_0431,PROC-ISRO-IISU-01,ATE-STATION-01,CHAMBER-01,1.0,125.0,5.0,168,output_voltage_drift,ELECTRICAL,uV,14.4432,6187.2277,6187.8984,6188.4032,6172.7845,-0.0121,-0.0049,33.09,33.06,14.4432,6187.2277,6187.8984,6188.4032,6172.7845,100.0,False,NOMINAL,HEALTHY,-3.46,11.4
PRE_LOT05_COMP0432,LOT_05,PRECISION_VOLTAGE_REF,LCC-20,PRE-SIH-2026,THERMAL_BURN_IN,T05_0432,PROC-ISRO-IISU-01,ATE-STATION-01,CHAMBER-01,1.0,125.0,5.0,168,output_voltage_drift,ELECTRICAL,uV,15.6127,6693.1804,6693.9756,6694.585,6677.5677,0.0747,0.1542,34.86,34.61,15.6127,6693.1804,6693.9756,6694.585,6677.5677,100.0,False,NOMINAL,HEALTHY,-29.04,5.39
PRE_LOT05_COMP0433,LOT_05,PRECISION_VOLTAGE_REF,LCC-20,PRE-SIH-2026,THERMAL_BURN_IN,T05_0433,PROC-ISRO-IISU-01,ATE-STATION-01,CHAMBER-01,1.0,125.0,5.0,168,output_voltage_drift,ELECTRICAL,uV,14.2369,6090.4346,6091.1139,6091.7093,6076.1977,0.0065,0.0797,36.11,36.06,14.2369,6090.4346,6091.1139,6091.7093,6076.1977,100.0,False,NOMINAL,HEALTHY,28.63,-6.05
PRE_LOT05_COMP0434,LOT_05,PRECISION_VOLTAGE_REF,LCC-20,PRE-SIH-2026,THERMAL_BURN_IN,T05_0434,PROC-ISRO-IISU-01,ATE-STATION-01,CHAMBER-01,1.0,125.0,5.0,168,output_voltage_drift,ELECTRICAL,uV,15.231,6529.397,6530.0513,6530.5827,6514.166,-0.0092,0.0095,34.05,34.31,15.231,6529.397,6530.0513,6530.5827,6514.166,100.0,False,NOMINAL,HEALTHY,-25.35,-2.65
PRE_LOT05_COMP0435,LOT_05,PRECISION_VOLTAGE_REF,LCC-20,PRE-SIH-2026,THERMAL_BURN_IN,T05_0435,PROC-ISRO-IISU-01,ATE-STATION-01,CHAMBER-01,1.0,125.0,5.0,168,output_voltage_drift,ELECTRICAL,uV,14.8588,6373.4189,6374.1093,6374.6797,6358.5601,0.014,-0.0007,35.09,34.7,14.8588,6373.4189,6374.1093,6374.6797,6358.5601,100.0,False,NOMINAL,HEALTHY,31.51,-6.33
PRE_LOT05_COMP0436,LOT_05,PRECISION_VOLTAGE_REF,LCC-20,PRE-SIH-2026,THERMAL_BURN_IN,T05_0436,PROC-ISRO-IISU-01,ATE-STATION-01,CHAMBER-01,1.0,125.0,5.0,168,output_voltage_drift,ELECTRICAL,uV,16.8727,7223.8267,7224.558,7225.102,7206.954,-0.0073,0.0663,34.86,34.5,16.8727,7223.8267,7224.558,7225.102,7206.954,100.0,False,NOMINAL,HEALTHY,-49.49,-46.68
PRE_LOT05_COMP0437,LOT_05,PRECISION_VOLTAGE_REF,LCC-20,PRE-SIH-2026,THERMAL_BURN_IN,T05_0437,PROC-ISRO-IISU-01,ATE-STATION-01,CHAMBER-01,1.0,125.0,5.0,168,output_voltage_drift,ELECTRICAL,uV,14.179,6082.7219,6083.4363,6083.9453,6068.5429,-0.0693,-0.084,32.18,32.65,14.179,6082.7219,6083.4363,6083.9453,6068.5429,100.0,False,NOMINAL,HEALTHY,-13.72,-41.1
PRE_LOT05_COMP0438,LOT_05,PRECISION_VOLTAGE_REF,LCC-20,PRE-SIH-2026,THERMAL_BURN_IN,T05_0438,PROC-ISRO-IISU-01,ATE-STATION-01,CHAMBER-01,1.0,125.0,5.0,168,output_voltage_drift,ELECTRICAL,uV,15.2237,6521.9927,6522.7795,6523.2276,6506.769,-0.0232,-0.0468,33.12,32.88,15.2237,6521.9927,6522.7795,6523.2276,6506.769,100.0,False,NOMINAL,HEALTHY,20.37,13.67
PRE_LOT05_COMP0439,LOT_05,PRECISION_VOLTAGE_REF,LCC-20,PRE-SIH-2026,THERMAL_BURN_IN,T05_0439,PROC-ISRO-IISU-01,ATE-STATION-01,CHAMBER-01,1.0,125.0,5.0,168,output_voltage_drift,ELECTRICAL,uV,17.9903,7716.5816,7717.4787,7718.2366,7698.5913,-0.0053,0.0016,35.02,35.41,17.9903,7716.5816,7717.4787,7718.2366,7698.5913,100.0,False,NOMINAL,HEALTHY,-6.3,20.24
PRE_LOT05_COMP0440,LOT_05,PRECISION_VOLTAGE_REF,LCC-20,PRE-SIH-2026,THERMAL_BURN_IN,T05_0440,PROC-ISRO-IISU-01,ATE-STATION-01,CHAMBER-01,1.0,125.0,5.0,168,output_voltage_drift,ELECTRICAL,uV,11.6571,5005.2366,5005.7732,5006.1303,4993.5795,-0.008,-0.0172,35.83,35.8,11.6571,5005.2366,5005.7732,5006.1303,4993.5795,100.0,False,NOMINAL,HEALTHY,31.2,39.43
PRE_LOT05_COMP0441,LOT_05,PRECISION_VOLTAGE_REF,LCC-20,PRE-SIH-2026,THERMAL_BURN_IN,T05_0441,PROC-ISRO-IISU-01,ATE-STATION-01,CHAMBER-01,1.0,125.0,5.0,168,output_voltage_drift,ELECTRICAL,uV,12.5354,5384.0686,5384.6583,5385.1195,5371.5332,0.005,-0.0249,34.38,34.14,12.5354,5384.0686,5384.6583,5385.1195,5371.5332,100.0,False,NOMINAL,HEALTHY,30.32,42.01
PRE_LOT05_COMP0442,LOT_05,PRECISION_VOLTAGE_REF,LCC-20,PRE-SIH-2026,THERMAL_BURN_IN,T05_0442,PROC-ISRO-IISU-01,ATE-STATION-01,CHAMBER-01,1.0,125.0,5.0,168,output_voltage_drift,ELECTRICAL,uV,15.3312,6570.4098,6571.0918,6571.6299,6555.0786,0.0298,0.0598,36.78,37.13,15.3312,6570.4098,6571.0918,6571.6299,6555.0786,100.0,False,NOMINAL,HEALTHY,-7.74,31.54
PRE_LOT05_COMP0443,LOT_05,PRECISION_VOLTAGE_REF,LCC-20,PRE-SIH-2026,THERMAL_BURN_IN,T05_0443,PROC-ISRO-IISU-01,ATE-STATION-01,CHAMBER-01,1.0,125.0,5.0,168,output_voltage_drift,ELECTRICAL,uV,13.6849,5875.3064,5876.0452,5876.5935,5861.6215,0.0026,-0.01,34.29,33.54,13.6849,5875.3064,5876.0452,5876.5935,5861.6215,100.0,False,NOMINAL,HEALTHY,-17.92,36.22
PRE_LOT05_COMP0444,LOT_05,PRECISION_VOLTAGE_REF,LCC-20,PRE-SIH-2026,THERMAL_BURN_IN,T05_0444,PROC-ISRO-IISU-01,ATE-STATION-01,CHAMBER-01,1.0,125.0,5.0,168,output_voltage_drift,ELECTRICAL,uV,16.1751,6927.1086,6927.8687,6928.4666,6910.9335,0.0343,0.0219,34.41,34.18,16.1751,6927.1086,6927.8687,6928.4666,6910.9335,100.0,False,NOMINAL,HEALTHY,18.54,-6.48
PRE_LOT05_COMP0445,LOT_05,PRECISION_VOLTAGE_REF,LCC-20,PRE-SIH-2026,THERMAL_BURN_IN,T05_0445,PROC-ISRO-IISU-01,ATE-STATION-01,CHAMBER-01,1.0,125.0,5.0,168,output_voltage_drift,ELECTRICAL,uV,13.1469,5634.5143,5635.1309,5635.5495,5621.3674,0.0146,0.0376,34.26,34.16,13.1469,5634.5143,5635.1309,5635.5495,5621.3674,100.0,False,NOMINAL,HEALTHY,8.2,-28.46
PRE_LOT05_COMP0446,LOT_05,PRECISION_VOLTAGE_REF,LCC-20,PRE-SIH-2026,THERMAL_BURN_IN,T05_0446,PROC-ISRO-IISU-01,ATE-STATION-01,CHAMBER-01,1.0,125.0,5.0,168,output_voltage_drift,ELECTRICAL,uV,12.589,5406.6318,5407.2214,5407.5956,5394.0428,0.0145,-0.0572,36.24,36.2,12.589,5406.6318,5407.2214,5407.5956,5394.0428,100.0,False,NOMINAL,HEALTHY,-5.53,19.91
PRE_LOT05_COMP0447,LOT_05,PRECISION_VOLTAGE_REF,LCC-20,PRE-SIH-2026,THERMAL_BURN_IN,T05_0447,PROC-ISRO-IISU-01,ATE-STATION-01,CHAMBER-01,1.0,125.0,5.0,168,output_voltage_drift,ELECTRICAL,uV,15.8414,6793.867,6794.7008,6795.2899,6778.0256,0.0137,-0.0985,35.95,36.59,15.8414,6793.867,6794.7008,6795.2899,6778.0256,100.0,False,NOMINAL,HEALTHY,-29.15,-12.2
PRE_LOT05_COMP0448,LOT_05,PRECISION_VOLTAGE_REF,LCC-20,PRE-SIH-2026,THERMAL_BURN_IN,T05_0448,PROC-ISRO-IISU-01,ATE-STATION-01,CHAMBER-01,1.0,125.0,5.0,168,output_voltage_drift,ELECTRICAL,uV,15.531,6651.9435,6652.6879,6653.1631,6636.4125,0.0206,-0.0122,32.55,32.14,15.531,6651.9435,6652.6879,6653.1631,6636.4125,100.0,False,NOMINAL,HEALTHY,42.05,16.22
PRE_LOT05_COMP0449,LOT_05,PRECISION_VOLTAGE_REF,LCC-20,PRE-SIH-2026,THERMAL_BURN_IN,T05_0449,PROC-ISRO-IISU-01,ATE-STATION-01,CHAMBER-01,1.0,125.0,5.0,168,output_voltage_drift,ELECTRICAL,uV,15.4187,6613.2475,6614.0445,6614.7163,6597.8288,0.0074,0.0023,36.31,36.6,15.4187,6613.2475,6614.0445,6614.7163,6597.8288,100.0,False,NOMINAL,HEALTHY,15.54,-0.44
PRE_LOT05_COMP0450,LOT_05,PRECISION_VOLTAGE_REF,LCC-20,PRE-SIH-2026,THERMAL_BURN_IN,T05_0450,PROC-ISRO-IISU-01,ATE-STATION-01,CHAMBER-01,1.0,125.0,5.0,168,output_voltage_drift,ELECTRICAL,uV,16.2848,6992.4559,6993.2462,6993.7815,6976.1711,0.042,0.0822,35.62,36.31,16.2848,6992.4559,6993.2462,6993.7815,6976.1711,100.0,False,NOMINAL,HEALTHY,2.37,25.64
PRE_LOT05_COMP0451,LOT_05,PRECISION_VOLTAGE_REF,LCC-20,PRE-SIH-2026,THERMAL_BURN_IN,T05_0451,PROC-ISRO-IISU-01,ATE-STATION-01,CHAMBER-01,1.0,125.0,5.0,168,output_voltage_drift,ELECTRICAL,uV,15.8725,6802.4354,6803.1232,6803.5442,6786.5629,-0.0085,0.0238,35.91,35.92,15.8725,6802.4354,6803.1232,6803.5442,6786.5629,100.0,False,NOMINAL,HEALTHY,28.03,7.1
PRE_LOT05_COMP0452,LOT_05,PRECISION_VOLTAGE_REF,LCC-20,PRE-SIH-2026,THERMAL_BURN_IN,T05_0452,PROC-ISRO-IISU-01,ATE-STATION-01,CHAMBER-01,1.0,125.0,5.0,168,output_voltage_drift,ELECTRICAL,uV,14.3077,6107.8797,6108.5135,6108.9842,6093.572,-0.0358,-0.1049,32.69,32.59,14.3077,6107.8797,6108.5135,6108.9842,6093.572,100.0,False,NOMINAL,HEALTHY,49.45,-21.44
PRE_LOT05_COMP0453,LOT_05,PRECISION_VOLTAGE_REF,LCC-20,PRE-SIH-2026,THERMAL_BURN_IN,T05_0453,PROC-ISRO-IISU-01,ATE-STATION-01,CHAMBER-01,1.0,125.0,5.0,168,output_voltage_drift,ELECTRICAL,uV,11.7108,5033.7342,5034.3003,5034.7101,5022.0234,-0.0058,0.0083,35.95,35.8,11.7108,5033.7342,5034.3003,5034.7101,5022.0234,100.0,False,NOMINAL,HEALTHY,-22.57,-5.94
PRE_LOT05_COMP0454,LOT_05,PRECISION_VOLTAGE_REF,LCC-20,PRE-SIH-2026,THERMAL_BURN_IN,T05_0454,PROC-ISRO-IISU-01,ATE-STATION-01,CHAMBER-01,1.0,125.0,5.0,168,output_voltage_drift,ELECTRICAL,uV,12.9907,5581.6717,5582.2046,5582.637,5568.681,0.0259,-0.1203,35.33,34.82,12.9907,5581.6717,5582.2046,5582.637,5568.681,100.0,False,NOMINAL,HEALTHY,-43.51,-45.6
PRE_LOT05_COMP0455,LOT_05,PRECISION_VOLTAGE_REF,LCC-20,PRE-SIH-2026,THERMAL_BURN_IN,T05_0455,PROC-ISRO-IISU-01,ATE-STATION-01,CHAMBER-01,1.0,125.0,5.0,168,output_voltage_drift,ELECTRICAL,uV,11.5969,4969.6527,4970.1579,4970.5645,4958.0558,0.0245,0.006,37.22,36.97,11.5969,4969.6527,4970.1579,4970.5645,4958.0558,100.0,False,NOMINAL,HEALTHY,47.42,-19.15
PRE_LOT05_COMP0456,LOT_05,PRECISION_VOLTAGE_REF,LCC-20,PRE-SIH-2026,THERMAL_BURN_IN,T05_0456,PROC-ISRO-IISU-01,ATE-STATION-01,CHAMBER-01,1.0,125.0,5.0,168,output_voltage_drift,ELECTRICAL,uV,15.9128,6816.5189,6817.348,6817.9768,6800.6061,-0.0222,0.0148,34.41,34.82,15.9128,6816.5189,6817.348,6817.9768,6800.6061,100.0,False,NOMINAL,HEALTHY,24.46,-0.3
PRE_LOT05_COMP0457,LOT_05,PRECISION_VOLTAGE_REF,LCC-20,PRE-SIH-2026,THERMAL_BURN_IN,T05_0457,PROC-ISRO-IISU-01,ATE-STATION-01,CHAMBER-01,1.0,125.0,5.0,168,output_voltage_drift,ELECTRICAL,uV,11.036,4736.3261,4736.9011,4737.3115,4725.2901,0.0104,0.0213,33.46,32.95,11.036,4736.3261,4736.9011,4737.3115,4725.2901,100.0,False,NOMINAL,HEALTHY,27.75,15.6
PRE_LOT05_COMP0458,LOT_05,PRECISION_VOLTAGE_REF,LCC-20,PRE-SIH-2026,THERMAL_BURN_IN,T05_0458,PROC-ISRO-IISU-01,ATE-STATION-01,CHAMBER-01,1.0,125.0,5.0,168,output_voltage_drift,ELECTRICAL,uV,14.1176,6056.0391,6056.6188,6057.155,6041.9215,0.0202,0.0553,34.9,34.43,14.1176,6056.0391,6056.6188,6057.155,6041.9215,100.0,False,NOMINAL,HEALTHY,-48.77,0.83
PRE_LOT05_COMP0459,LOT_05,PRECISION_VOLTAGE_REF,LCC-20,PRE-SIH-2026,THERMAL_BURN_IN,T05_0459,PROC-ISRO-IISU-01,ATE-STATION-01,CHAMBER-01,1.0,125.0,5.0,168,output_voltage_drift,ELECTRICAL,uV,14.3005,6136.0302,6136.7187,6137.2528,6121.7297,-0.0134,-0.0611,34.46,34.1,14.3005,6136.0302,6136.7187,6137.2528,6121.7297,100.0,False,NOMINAL,HEALTHY,32.02,-11.99
PRE_LOT05_COMP0460,LOT_05,PRECISION_VOLTAGE_REF,LCC-20,PRE-SIH-2026,THERMAL_BURN_IN,T05_0460,PROC-ISRO-IISU-01,ATE-STATION-01,CHAMBER-01,1.0,125.0,5.0,168,output_voltage_drift,ELECTRICAL,uV,10.8151,4641.1834,4641.7249,4642.101,4630.3683,-0.0074,-0.02,35.05,35.85,10.8151,4641.1834,4641.7249,4642.101,4630.3683,100.0,False,NOMINAL,HEALTHY,32.38,-21.02
PRE_LOT05_COMP0461,LOT_05,PRECISION_VOLTAGE_REF,LCC-20,PRE-SIH-2026,THERMAL_BURN_IN,T05_0461,PROC-ISRO-IISU-01,ATE-STATION-01,CHAMBER-01,1.0,125.0,5.0,168,output_voltage_drift,ELECTRICAL,uV,14.1285,6069.3285,6070.0117,6070.4736,6055.2,0.0002,0.0333,35.18,35.65,14.1285,6069.3285,6070.0117,6070.4736,6055.2,100.0,False,NOMINAL,HEALTHY,19.58,-15.24
PRE_LOT05_COMP0462,LOT_05,PRECISION_VOLTAGE_REF,LCC-20,PRE-SIH-2026,THERMAL_BURN_IN,T05_0462,PROC-ISRO-IISU-01,ATE-STATION-01,CHAMBER-01,1.0,125.0,5.0,168,output_voltage_drift,ELECTRICAL,uV,19.0695,8178.6521,8179.6459,8180.4331,8159.5826,0.0001,-0.0111,33.71,33.51,19.0695,8178.6521,8179.6459,8180.4331,8159.5826,100.0,False,NOMINAL,HEALTHY,29.23,-30.27
PRE_LOT05_COMP0463,LOT_05,PRECISION_VOLTAGE_REF,LCC-20,PRE-SIH-2026,THERMAL_BURN_IN,T05_0463,PROC-ISRO-IISU-01,ATE-STATION-01,CHAMBER-01,1.0,125.0,5.0,168,output_voltage_drift,ELECTRICAL,uV,16.5801,7108.0129,7108.7708,7109.4207,7091.4328,0.0069,0.0405,36.27,36.57,16.5801,7108.0129,7108.7708,7109.4207,7091.4328,100.0,False,NOMINAL,HEALTHY,-46.37,3.83
PRE_LOT05_COMP0464,LOT_05,PRECISION_VOLTAGE_REF,LCC-20,PRE-SIH-2026,THERMAL_BURN_IN,T05_0464,PROC-ISRO-IISU-01,ATE-STATION-01,CHAMBER-01,1.0,125.0,5.0,168,output_voltage_drift,ELECTRICAL,uV,15.2053,6521.4197,6522.2078,6522.8077,6506.2144,0.0406,0.0254,34.96,35.31,15.2053,6521.4197,6522.2078,6522.8077,6506.2144,100.0,False,NOMINAL,HEALTHY,37.36,19.48
PRE_LOT05_COMP0465,LOT_05,PRECISION_VOLTAGE_REF,LCC-20,PRE-SIH-2026,THERMAL_BURN_IN,T05_0465,PROC-ISRO-IISU-01,ATE-STATION-01,CHAMBER-01,1.0,125.0,5.0,168,output_voltage_drift,ELECTRICAL,uV,10.6713,4574.8964,4575.4622,4575.8628,4564.2251,0.0176,-0.0352,36.46,37.21,10.6713,4574.8964,4575.4622,4575.8628,4564.2251,100.0,False,NOMINAL,HEALTHY,-1.77,18.83
PRE_LOT05_COMP0466,LOT_05,PRECISION_VOLTAGE_REF,LCC-20,PRE-SIH-2026,THERMAL_BURN_IN,T05_0466,PROC-ISRO-IISU-01,ATE-STATION-01,CHAMBER-01,1.0,125.0,5.0,168,output_voltage_drift,ELECTRICAL,uV,13.3368,5719.7635,5720.4527,5720.9107,5706.4267,0.0005,-0.0763,36.86,36.79,13.3368,5719.7635,5720.4527,5720.9107,5706.4267,100.0,False,NOMINAL,HEALTHY,28.21,-5.74
PRE_LOT05_COMP0467,LOT_05,PRECISION_VOLTAGE_REF,LCC-20,PRE-SIH-2026,THERMAL_BURN_IN,T05_0467,PROC-ISRO-IISU-01,ATE-STATION-01,CHAMBER-01,1.0,125.0,5.0,168,output_voltage_drift,ELECTRICAL,uV,15.1934,6517.4476,6518.1606,6518.7237,6502.2542,0.0149,0.1328,36.35,36.47,15.1934,6517.4476,6518.1606,6518.7237,6502.2542,100.0,False,NOMINAL,HEALTHY,-27.76,-21.9
PRE_LOT05_COMP0468,LOT_05,PRECISION_VOLTAGE_REF,LCC-20,PRE-SIH-2026,THERMAL_BURN_IN,T05_0468,PROC-ISRO-IISU-01,ATE-STATION-01,CHAMBER-01,1.0,125.0,5.0,168,output_voltage_drift,ELECTRICAL,uV,15.1833,6512.9938,6513.7755,6514.3246,6497.8105,0.0235,-0.0144,35.98,35.42,15.1833,6512.9938,6513.7755,6514.3246,6497.8105,100.0,False,NOMINAL,HEALTHY,35.8,26.14
PRE_LOT05_COMP0469,LOT_05,PRECISION_VOLTAGE_REF,LCC-20,PRE-SIH-2026,THERMAL_BURN_IN,T05_0469,PROC-ISRO-IISU-01,ATE-STATION-01,CHAMBER-01,1.0,125.0,5.0,168,output_voltage_drift,ELECTRICAL,uV,12.3076,5268.0039,5268.5869,5269.0447,5255.6963,0.0127,0.1406,34.81,34.74,12.3076,5268.0039,5268.5869,5269.0447,5255.6963,100.0,False,NOMINAL,HEALTHY,45.66,-40.91
PRE_LOT05_COMP0470,LOT_05,PRECISION_VOLTAGE_REF,LCC-20,PRE-SIH-2026,THERMAL_BURN_IN,T05_0470,PROC-ISRO-IISU-01,ATE-STATION-01,CHAMBER-01,1.0,125.0,5.0,168,output_voltage_drift,ELECTRICAL,uV,17.2659,7415.5989,7416.4304,7417.0731,7398.333,-0.0025,-0.104,33.38,32.89,17.2659,7415.5989,7416.4304,7417.0731,7398.333,100.0,False,NOMINAL,HEALTHY,32.71,35.2
PRE_LOT05_COMP0471,LOT_05,PRECISION_VOLTAGE_REF,LCC-20,PRE-SIH-2026,THERMAL_BURN_IN,T05_0471,PROC-ISRO-IISU-01,ATE-STATION-01,CHAMBER-01,1.0,125.0,5.0,168,output_voltage_drift,ELECTRICAL,uV,15.8623,6800.8055,6801.6097,6802.2855,6784.9432,0.0228,0.1355,34.77,34.37,15.8623,6800.8055,6801.6097,6802.2855,6784.9432,100.0,False,NOMINAL,HEALTHY,-17.58,8.77
PRE_LOT05_COMP0472,LOT_05,PRECISION_VOLTAGE_REF,LCC-20,PRE-SIH-2026,THERMAL_BURN_IN,T05_0472,PROC-ISRO-IISU-01,ATE-STATION-01,CHAMBER-01,1.0,125.0,5.0,168,output_voltage_drift,ELECTRICAL,uV,13.7693,5895.9212,5896.6618,5897.1313,5882.1519,0.0194,-0.0342,33.19,33.47,13.7693,5895.9212,5896.6618,5897.1313,5882.1519,100.0,False,NOMINAL,HEALTHY,-31.31,-27.5
PRE_LOT05_COMP0473,LOT_05,PRECISION_VOLTAGE_REF,LCC-20,PRE-SIH-2026,THERMAL_BURN_IN,T05_0473,PROC-ISRO-IISU-01,ATE-STATION-01,CHAMBER-01,1.0,125.0,5.0,168,output_voltage_drift,ELECTRICAL,uV,12.256,5260.1957,5260.7467,5261.2406,5247.9397,-0.0152,-0.0666,35.44,34.59,12.256,5260.1957,5260.7467,5261.2406,5247.9397,100.0,True,DIELECTRIC_OSCILLATION,HEALTHY,-10.59,-14.07
PRE_LOT05_COMP0474,LOT_05,PRECISION_VOLTAGE_REF,LCC-20,PRE-SIH-2026,THERMAL_BURN_IN,T05_0474,PROC-ISRO-IISU-01,ATE-STATION-01,CHAMBER-01,1.0,125.0,5.0,168,output_voltage_drift,ELECTRICAL,uV,16.452,7055.254,7056.058,7056.677,7038.802,-0.0373,-0.055,35.22,35.4,16.452,7055.254,7056.058,7056.677,7038.802,100.0,False,NOMINAL,HEALTHY,-49.51,-16.91
PRE_LOT05_COMP0475,LOT_05,PRECISION_VOLTAGE_REF,LCC-20,PRE-SIH-2026,THERMAL_BURN_IN,T05_0475,PROC-ISRO-IISU-01,ATE-STATION-01,CHAMBER-01,1.0,125.0,5.0,168,output_voltage_drift,ELECTRICAL,uV,16.862,7240.6125,7241.227,7241.7413,7223.7505,0.0054,0.0275,34.17,34.15,16.862,7240.6125,7241.227,7241.7413,7223.7505,100.0,False,NOMINAL,HEALTHY,-16.3,36.38
PRE_LOT05_COMP0476,LOT_05,PRECISION_VOLTAGE_REF,LCC-20,PRE-SIH-2026,THERMAL_BURN_IN,T05_0476,PROC-ISRO-IISU-01,ATE-STATION-01,CHAMBER-01,1.0,125.0,5.0,168,output_voltage_drift,ELECTRICAL,uV,15.6505,6712.8398,6713.5962,6714.1488,6697.1893,0.0223,0.0063,35.85,36.28,15.6505,6712.8398,6713.5962,6714.1488,6697.1893,100.0,False,NOMINAL,HEALTHY,-5.72,-5.17
PRE_LOT05_COMP0477,LOT_05,PRECISION_VOLTAGE_REF,LCC-20,PRE-SIH-2026,THERMAL_BURN_IN,T05_0477,PROC-ISRO-IISU-01,ATE-STATION-01,CHAMBER-01,1.0,125.0,5.0,168,output_voltage_drift,ELECTRICAL,uV,14.2426,6100.0644,6100.7164,6101.4217,6085.8218,-0.0157,-0.0162,34.42,34.49,14.2426,6100.0644,6100.7164,6101.4217,6085.8218,100.0,False,NOMINAL,HEALTHY,36.09,-11.17
PRE_LOT05_COMP0478,LOT_05,PRECISION_VOLTAGE_REF,LCC-20,PRE-SIH-2026,THERMAL_BURN_IN,T05_0478,PROC-ISRO-IISU-01,ATE-STATION-01,CHAMBER-01,1.0,125.0,5.0,168,output_voltage_drift,ELECTRICAL,uV,12.5084,5361.7305,5362.2857,5362.6529,5349.2221,-0.0244,0.0098,34.19,34.36,12.5084,5361.7305,5362.2857,5362.6529,5349.2221,100.0,False,NOMINAL,HEALTHY,4.76,-43.82
PRE_LOT05_COMP0479,LOT_05,PRECISION_VOLTAGE_REF,LCC-20,PRE-SIH-2026,THERMAL_BURN_IN,T05_0479,PROC-ISRO-IISU-01,ATE-STATION-01,CHAMBER-01,1.0,125.0,5.0,168,output_voltage_drift,ELECTRICAL,uV,10.9029,4673.0961,4673.6558,4674.1071,4662.1932,-0.0072,0.0331,36.27,36.79,10.9029,4673.0961,4673.6558,4674.1071,4662.1932,100.0,False,NOMINAL,HEALTHY,-33.43,-36.48
PRE_LOT05_COMP0480,LOT_05,PRECISION_VOLTAGE_REF,LCC-20,PRE-SIH-2026,THERMAL_BURN_IN,T05_0480,PROC-ISRO-IISU-01,ATE-STATION-01,CHAMBER-01,1.0,125.0,5.0,168,output_voltage_drift,ELECTRICAL,uV,14.8573,6365.3095,6366.0123,6366.5634,6350.4522,-0.0185,-0.0083,35.62,35.83,14.8573,6365.3095,6366.0123,6366.5634,6350.4522,100.0,False,NOMINAL,HEALTHY,-12.1,14.61
PRE_LOT05_COMP0481,LOT_05,PRECISION_VOLTAGE_REF,LCC-20,PRE-SIH-2026,THERMAL_BURN_IN,T05_0481,PROC-ISRO-IISU-01,ATE-STATION-01,CHAMBER-01,1.0,125.0,5.0,168,output_voltage_drift,ELECTRICAL,uV,13.1111,5613.7831,5614.4241,5614.9409,5600.672,0.0069,-0.051,37.14,37.35,13.1111,5613.7831,5614.4241,5614.9409,5600.672,100.0,False,NOMINAL,HEALTHY,47.56,31.64
PRE_LOT05_COMP0482,LOT_05,PRECISION_VOLTAGE_REF,LCC-20,PRE-SIH-2026,THERMAL_BURN_IN,T05_0482,PROC-ISRO-IISU-01,ATE-STATION-01,CHAMBER-01,1.0,125.0,5.0,168,output_voltage_drift,ELECTRICAL,uV,12.5681,5387.7871,5388.4811,5388.9609,5375.219,-0.0065,0.0479,34.96,34.93,12.5681,5387.7871,5388.4811,5388.9609,5375.219,100.0,False,NOMINAL,HEALTHY,-41.21,29.59
PRE_LOT05_COMP0483,LOT_05,PRECISION_VOLTAGE_REF,LCC-20,PRE-SIH-2026,THERMAL_BURN_IN,T05_0483,PROC-ISRO-IISU-01,ATE-STATION-01,CHAMBER-01,1.0,125.0,5.0,168,output_voltage_drift,ELECTRICAL,uV,15.3122,6556.8378,6557.6033,6558.2319,6541.5256,-0.029,0.0543,35.64,34.65,15.3122,6556.8378,6557.6033,6558.2319,6541.5256,100.0,False,NOMINAL,HEALTHY,-28.96,-11.61
PRE_LOT05_COMP0484,LOT_05,PRECISION_VOLTAGE_REF,LCC-20,PRE-SIH-2026,THERMAL_BURN_IN,T05_0484,PROC-ISRO-IISU-01,ATE-STATION-01,CHAMBER-01,1.0,125.0,5.0,168,output_voltage_drift,ELECTRICAL,uV,13.383,5742.3884,5743.127,5743.7469,5729.0054,-0.0179,0.0565,34.9,34.35,13.383,5742.3884,5743.127,5743.7469,5729.0054,100.0,False,NOMINAL,HEALTHY,-4.06,-20.77
PRE_LOT05_COMP0485,LOT_05,PRECISION_VOLTAGE_REF,LCC-20,PRE-SIH-2026,THERMAL_BURN_IN,T05_0485,PROC-ISRO-IISU-01,ATE-STATION-01,CHAMBER-01,1.0,125.0,5.0,168,output_voltage_drift,ELECTRICAL,uV,15.1921,6501.3656,6502.106,6502.6678,6486.1735,0.0056,0.0339,34.38,34.43,15.1921,6501.3656,6502.106,6502.6678,6486.1735,100.0,False,NOMINAL,HEALTHY,-7.74,-7.67
PRE_LOT05_COMP0486,LOT_05,PRECISION_VOLTAGE_REF,LCC-20,PRE-SIH-2026,THERMAL_BURN_IN,T05_0486,PROC-ISRO-IISU-01,ATE-STATION-01,CHAMBER-01,1.0,125.0,5.0,168,output_voltage_drift,ELECTRICAL,uV,14.2186,6102.1015,6102.7916,6103.3498,6087.8829,0.0096,0.0493,37.93,37.18,14.2186,6102.1015,6102.7916,6103.3498,6087.8829,100.0,False,NOMINAL,HEALTHY,-46.17,42.75
PRE_LOT05_COMP0487,LOT_05,PRECISION_VOLTAGE_REF,LCC-20,PRE-SIH-2026,THERMAL_BURN_IN,T05_0487,PROC-ISRO-IISU-01,ATE-STATION-01,CHAMBER-01,1.0,125.0,5.0,168,output_voltage_drift,ELECTRICAL,uV,13.1148,5626.1034,5626.7667,5627.2062,5612.9886,-0.0219,-0.0656,35.06,35.61,13.1148,5626.1034,5626.7667,5627.2062,5612.9886,100.0,False,NOMINAL,HEALTHY,-27.3,46.6
PRE_LOT05_COMP0488,LOT_05,PRECISION_VOLTAGE_REF,LCC-20,PRE-SIH-2026,THERMAL_BURN_IN,T05_0488,PROC-ISRO-IISU-01,ATE-STATION-01,CHAMBER-01,1.0,125.0,5.0,168,output_voltage_drift,ELECTRICAL,uV,14.5498,6236.3864,6237.0733,6237.5993,6221.8366,-0.0057,0.0492,34.74,34.22,14.5498,6236.3864,6237.0733,6237.5993,6221.8366,100.0,False,NOMINAL,HEALTHY,44.17,11.84
PRE_LOT05_COMP0489,LOT_05,PRECISION_VOLTAGE_REF,LCC-20,PRE-SIH-2026,THERMAL_BURN_IN,T05_0489,PROC-ISRO-IISU-01,ATE-STATION-01,CHAMBER-01,1.0,125.0,5.0,168,output_voltage_drift,ELECTRICAL,uV,11.5615,4967.238,4967.754,4968.1495,4955.6765,-0.0117,0.0179,35.77,35.28,11.5615,4967.238,4967.754,4968.1495,4955.6765,100.0,False,NOMINAL,HEALTHY,4.88,-19.81
PRE_LOT05_COMP0490,LOT_05,PRECISION_VOLTAGE_REF,LCC-20,PRE-SIH-2026,THERMAL_BURN_IN,T05_0490,PROC-ISRO-IISU-01,ATE-STATION-01,CHAMBER-01,1.0,125.0,5.0,168,output_voltage_drift,ELECTRICAL,uV,13.3085,5701.5773,5702.2823,5702.8157,5688.2688,0.041,0.0806,33.84,34.56,13.3085,5701.5773,5702.2823,5702.8157,5688.2688,100.0,False,NOMINAL,HEALTHY,-41.35,7.29
PRE_LOT05_COMP0491,LOT_05,PRECISION_VOLTAGE_REF,LCC-20,PRE-SIH-2026,THERMAL_BURN_IN,T05_0491,PROC-ISRO-IISU-01,ATE-STATION-01,CHAMBER-01,1.0,125.0,5.0,168,output_voltage_drift,ELECTRICAL,uV,11.8921,5090.6142,5091.1118,5091.4508,5078.7221,-0.0161,-0.0327,34.1,34.41,11.8921,5090.6142,5091.1118,5091.4508,5078.7221,100.0,False,NOMINAL,HEALTHY,13.92,39.64
PRE_LOT05_COMP0492,LOT_05,PRECISION_VOLTAGE_REF,LCC-20,PRE-SIH-2026,THERMAL_BURN_IN,T05_0492,PROC-ISRO-IISU-01,ATE-STATION-01,CHAMBER-01,1.0,125.0,5.0,168,output_voltage_drift,ELECTRICAL,uV,12.8196,5482.47,5483.0756,5483.5636,5469.6504,-0.0165,-0.0493,35.92,35.79,12.8196,5482.47,5483.0756,5483.5636,5469.6504,100.0,False,NOMINAL,HEALTHY,-24.31,-39.33
PRE_LOT05_COMP0493,LOT_05,PRECISION_VOLTAGE_REF,LCC-20,PRE-SIH-2026,THERMAL_BURN_IN,T05_0493,PROC-ISRO-IISU-01,ATE-STATION-01,CHAMBER-01,1.0,125.0,5.0,168,output_voltage_drift,ELECTRICAL,uV,15.2507,6531.9005,6532.716,6533.2699,6516.6498,-0.008,-0.0395,37.13,36.62,15.2507,6531.9005,6532.716,6533.2699,6516.6498,100.0,False,NOMINAL,HEALTHY,25.15,-22.4
PRE_LOT05_COMP0494,LOT_05,PRECISION_VOLTAGE_REF,LCC-20,PRE-SIH-2026,THERMAL_BURN_IN,T05_0494,PROC-ISRO-IISU-01,ATE-STATION-01,CHAMBER-01,1.0,125.0,5.0,168,output_voltage_drift,ELECTRICAL,uV,15.4048,6596.3807,6597.122,6597.765,6580.9759,-0.0289,-0.0389,36.06,36.25,15.4048,6596.3807,6597.122,6597.765,6580.9759,100.0,False,NOMINAL,HEALTHY,31.79,-14.71
PRE_LOT05_COMP0495,LOT_05,PRECISION_VOLTAGE_REF,LCC-20,PRE-SIH-2026,THERMAL_BURN_IN,T05_0495,PROC-ISRO-IISU-01,ATE-STATION-01,CHAMBER-01,1.0,125.0,5.0,168,output_voltage_drift,ELECTRICAL,uV,15.2127,6530.3729,6531.1263,6531.6868,6515.1602,-0.0163,-0.022,34.11,33.73,15.2127,6530.3729,6531.1263,6531.6868,6515.1602,100.0,False,NOMINAL,HEALTHY,-49.27,43.47
PRE_LOT05_COMP0496,LOT_05,PRECISION_VOLTAGE_REF,LCC-20,PRE-SIH-2026,THERMAL_BURN_IN,T05_0496,PROC-ISRO-IISU-01,ATE-STATION-01,CHAMBER-01,1.0,125.0,5.0,168,output_voltage_drift,ELECTRICAL,uV,14.3134,6144.0474,6144.6675,6145.1798,6129.734,-0.0021,-0.0463,37.17,37.36,14.3134,6144.0474,6144.6675,6145.1798,6129.734,100.0,False,NOMINAL,HEALTHY,-11.75,-0.79
PRE_LOT05_COMP0497,LOT_05,PRECISION_VOLTAGE_REF,LCC-20,PRE-SIH-2026,THERMAL_BURN_IN,T05_0497,PROC-ISRO-IISU-01,ATE-STATION-01,CHAMBER-01,1.0,125.0,5.0,168,output_voltage_drift,ELECTRICAL,uV,13.5256,5788.9494,5789.5699,5789.9117,5775.4238,0.0237,-0.0083,36.81,36.9,13.5256,5788.9494,5789.5699,5789.9117,5775.4238,100.0,False,NOMINAL,HEALTHY,20.98,-24.94
PRE_LOT05_COMP0498,LOT_05,PRECISION_VOLTAGE_REF,LCC-20,PRE-SIH-2026,THERMAL_BURN_IN,T05_0498,PROC-ISRO-IISU-01,ATE-STATION-01,CHAMBER-01,1.0,125.0,5.0,168,output_voltage_drift,ELECTRICAL,uV,15.477,6635.0439,6635.7381,6636.1825,6619.5669,-0.0233,0.0057,34.67,35.46,15.477,6635.0439,6635.7381,6636.1825,6619.5669,100.0,False,NOMINAL,HEALTHY,-19.41,15.07
PRE_LOT05_COMP0499,LOT_05,PRECISION_VOLTAGE_REF,LCC-20,PRE-SIH-2026,THERMAL_BURN_IN,T05_0499,PROC-ISRO-IISU-01,ATE-STATION-01,CHAMBER-01,1.0,125.0,5.0,168,output_voltage_drift,ELECTRICAL,uV,15.0085,6435.9686,6436.7082,6437.2563,6420.9601,-0.0231,-0.0393,35.53,35.37,15.0085,6435.9686,6436.7082,6437.2563,6420.9601,100.0,False,NOMINAL,HEALTHY,-4.76,-45.12
PRE_LOT05_COMP0500,LOT_05,PRECISION_VOLTAGE_REF,LCC-20,PRE-SIH-2026,THERMAL_BURN_IN,T05_0500,PROC-ISRO-IISU-01,ATE-STATION-01,CHAMBER-01,1.0,125.0,5.0,168,output_voltage_drift,ELECTRICAL,uV,13.7283,5881.4981,5882.1545,5882.6508,5867.7698,-0.0243,-0.0452,35.21,35.39,13.7283,5881.4981,5882.1545,5882.6508,5867.7698,100.0,False,NOMINAL,HEALTHY,-19.21,7.81
PRE_LOT05_COMP0501,LOT_05,PRECISION_VOLTAGE_REF,LCC-20,PRE-SIH-2026,THERMAL_BURN_IN,T05_0501,PROC-ISRO-IISU-01,ATE-STATION-01,CHAMBER-01,1.0,125.0,5.0,168,output_voltage_drift,ELECTRICAL,uV,13.2412,5670.0459,5670.8836,5671.4277,5656.8047,0.0107,-0.0013,35.18,33.76,13.2412,5670.0459,5670.8836,5671.4277,5656.8047,100.0,False,NOMINAL,HEALTHY,15.64,-11.9
PRE_LOT05_COMP0502,LOT_05,PRECISION_VOLTAGE_REF,LCC-20,PRE-SIH-2026,THERMAL_BURN_IN,T05_0502,PROC-ISRO-IISU-01,ATE-STATION-01,CHAMBER-01,1.0,125.0,5.0,168,output_voltage_drift,ELECTRICAL,uV,13.8348,5928.5291,5929.2259,5929.6614,5914.6943,0.0144,-0.0031,34.78,34.1,13.8348,5928.5291,5929.2259,5929.6614,5914.6943,100.0,False,NOMINAL,HEALTHY,29.8,-38.72
PRE_LOT05_COMP0503,LOT_05,PRECISION_VOLTAGE_REF,LCC-20,PRE-SIH-2026,THERMAL_BURN_IN,T05_0503,PROC-ISRO-IISU-01,ATE-STATION-01,CHAMBER-01,1.0,125.0,5.0,168,output_voltage_drift,ELECTRICAL,uV,16.3731,7026.7769,7027.5845,7028.1447,7010.4038,0.0209,-0.0418,33.65,33.32,16.3731,7026.7769,7027.5845,7028.1447,7010.4038,100.0,False,NOMINAL,HEALTHY,-34.73,22.69
PRE_LOT05_COMP0504,LOT_05,PRECISION_VOLTAGE_REF,LCC-20,PRE-SIH-2026,THERMAL_BURN_IN,T05_0504,PROC-ISRO-IISU-01,ATE-STATION-01,CHAMBER-01,1.0,125.0,5.0,168,output_voltage_drift,ELECTRICAL,uV,14.3389,6153.8319,6154.5645,6155.1951,6139.493,0.0016,-0.0721,34.64,35.0,14.3389,6153.8319,6154.5645,6155.1951,6139.493,100.0,False,NOMINAL,HEALTHY,-37.21,32.15
PRE_LOT05_COMP0505,LOT_05,PRECISION_VOLTAGE_REF,LCC-20,PRE-SIH-2026,THERMAL_BURN_IN,T05_0505,PROC-ISRO-IISU-01,ATE-STATION-01,CHAMBER-01,1.0,125.0,5.0,168,output_voltage_drift,ELECTRICAL,uV,15.8241,6777.3105,6778.1318,6778.5954,6761.4864,0.0149,-0.0103,36.79,37.62,15.8241,6777.3105,6778.1318,6778.5954,6761.4864,100.0,False,NOMINAL,HEALTHY,0.28,22.82
PRE_LOT05_COMP0506,LOT_05,PRECISION_VOLTAGE_REF,LCC-20,PRE-SIH-2026,THERMAL_BURN_IN,T05_0506,PROC-ISRO-IISU-01,ATE-STATION-01,CHAMBER-01,1.0,125.0,5.0,168,output_voltage_drift,ELECTRICAL,uV,11.9944,5142.0431,5142.6156,5142.9915,5130.0487,0.047,0.1139,35.03,34.22,11.9944,5142.0431,5142.6156,5142.9915,5130.0487,100.0,False,NOMINAL,HEALTHY,-16.15,-42.7
PRE_LOT05_COMP0507,LOT_05,PRECISION_VOLTAGE_REF,LCC-20,PRE-SIH-2026,THERMAL_BURN_IN,T05_0507,PROC-ISRO-IISU-01,ATE-STATION-01,CHAMBER-01,1.0,125.0,5.0,168,output_voltage_drift,ELECTRICAL,uV,13.4885,5787.0418,5787.7318,5788.2234,5773.5533,-0.0111,0.0259,34.2,34.13,13.4885,5787.0418,5787.7318,5788.2234,5773.5533,100.0,False,NOMINAL,HEALTHY,-32.57,-6.27
PRE_LOT05_COMP0508,LOT_05,PRECISION_VOLTAGE_REF,LCC-20,PRE-SIH-2026,THERMAL_BURN_IN,T05_0508,PROC-ISRO-IISU-01,ATE-STATION-01,CHAMBER-01,1.0,125.0,5.0,168,output_voltage_drift,ELECTRICAL,uV,15.0911,6469.8384,6470.4661,6470.9059,6454.7473,0.019,0.0343,34.63,35.17,15.0911,6469.8384,6470.4661,6470.9059,6454.7473,100.0,False,NOMINAL,HEALTHY,42.65,45.94
PRE_LOT05_COMP0509,LOT_05,PRECISION_VOLTAGE_REF,LCC-20,PRE-SIH-2026,THERMAL_BURN_IN,T05_0509,PROC-ISRO-IISU-01,ATE-STATION-01,CHAMBER-01,1.0,125.0,5.0,168,output_voltage_drift,ELECTRICAL,uV,15.3434,6588.6451,6589.2987,6589.7649,6573.3017,-0.0029,0.1116,35.71,35.53,15.3434,6588.6451,6589.2987,6589.7649,6573.3017,100.0,False,NOMINAL,HEALTHY,49.97,-49.97
PRE_LOT05_COMP0510,LOT_05,PRECISION_VOLTAGE_REF,LCC-20,PRE-SIH-2026,THERMAL_BURN_IN,T05_0510,PROC-ISRO-IISU-01,ATE-STATION-01,CHAMBER-01,1.0,125.0,5.0,168,output_voltage_drift,ELECTRICAL,uV,14.1323,6058.6696,6059.4065,6059.8624,6044.5373,-0.0197,-0.0229,33.96,33.62,14.1323,6058.6696,6059.4065,6059.8624,6044.5373,100.0,False,NOMINAL,HEALTHY,48.22,46.49
PRE_LOT05_COMP0511,LOT_05,PRECISION_VOLTAGE_REF,LCC-20,PRE-SIH-2026,THERMAL_BURN_IN,T05_0511,PROC-ISRO-IISU-01,ATE-STATION-01,CHAMBER-01,1.0,125.0,5.0,168,output_voltage_drift,ELECTRICAL,uV,13.1505,5640.8778,5641.4731,5641.9333,5627.7273,-0.0294,-0.0375,35.23,35.09,13.1505,5640.8778,5641.4731,5641.9333,5627.7273,100.0,False,NOMINAL,HEALTHY,-38.37,49.05
PRE_LOT05_COMP0512,LOT_05,PRECISION_VOLTAGE_REF,LCC-20,PRE-SIH-2026,THERMAL_BURN_IN,T05_0512,PROC-ISRO-IISU-01,ATE-STATION-01,CHAMBER-01,1.0,125.0,5.0,168,output_voltage_drift,ELECTRICAL,uV,12.7084,5452.1675,5452.8218,5453.3403,5439.4591,0.005,0.0744,35.18,34.61,12.7084,5452.1675,5452.8218,5453.3403,5439.4591,100.0,False,NOMINAL,HEALTHY,-49.53,-44.62
PRE_LOT05_COMP0513,LOT_05,PRECISION_VOLTAGE_REF,LCC-20,PRE-SIH-2026,THERMAL_BURN_IN,T05_0513,PROC-ISRO-IISU-01,ATE-STATION-01,CHAMBER-01,1.0,125.0,5.0,168,output_voltage_drift,ELECTRICAL,uV,12.3157,5280.4344,5281.03,5281.4264,5268.1187,0.0265,0.0121,36.08,36.06,12.3157,5280.4344,5281.03,5281.4264,5268.1187,100.0,False,NOMINAL,HEALTHY,-43.7,-11.02
PRE_LOT05_COMP0514,LOT_05,PRECISION_VOLTAGE_REF,LCC-20,PRE-SIH-2026,THERMAL_BURN_IN,T05_0514,PROC-ISRO-IISU-01,ATE-STATION-01,CHAMBER-01,1.0,125.0,5.0,168,output_voltage_drift,ELECTRICAL,uV,16.8869,7235.4992,7236.2618,7236.8919,7218.6123,0.0234,0.048,35.05,35.21,16.8869,7235.4992,7236.2618,7236.8919,7218.6123,100.0,False,NOMINAL,HEALTHY,-24.16,-34.97
PRE_LOT05_COMP0515,LOT_05,PRECISION_VOLTAGE_REF,LCC-20,PRE-SIH-2026,THERMAL_BURN_IN,T05_0515,PROC-ISRO-IISU-01,ATE-STATION-01,CHAMBER-01,1.0,125.0,5.0,168,output_voltage_drift,ELECTRICAL,uV,11.8595,5081.0841,5081.6459,5082.0838,5069.2246,-0.0169,-0.0697,35.56,35.74,11.8595,5081.0841,5081.6459,5082.0838,5069.2246,100.0,False,NOMINAL,HEALTHY,48.4,-45.62
PRE_LOT05_COMP0516,LOT_05,PRECISION_VOLTAGE_REF,LCC-20,PRE-SIH-2026,THERMAL_BURN_IN,T05_0516,PROC-ISRO-IISU-01,ATE-STATION-01,CHAMBER-01,1.0,125.0,5.0,168,output_voltage_drift,ELECTRICAL,uV,15.161,6497.4361,6498.1218,6498.6858,6482.2751,-0.0225,-0.0263,34.42,34.56,15.161,6497.4361,6498.1218,6498.6858,6482.2751,100.0,True,DIELECTRIC_OSCILLATION,HEALTHY,11.23,-21.11
PRE_LOT05_COMP0517,LOT_05,PRECISION_VOLTAGE_REF,LCC-20,PRE-SIH-2026,THERMAL_BURN_IN,T05_0517,PROC-ISRO-IISU-01,ATE-STATION-01,CHAMBER-01,1.0,125.0,5.0,168,output_voltage_drift,ELECTRICAL,uV,12.8885,5523.8058,5524.3228,5524.7024,5510.9173,0.0208,-0.0102,37.01,36.76,12.8885,5523.8058,5524.3228,5524.7024,5510.9173,100.0,False,NOMINAL,HEALTHY,-43.27,-5.41
PRE_LOT05_COMP0518,LOT_05,PRECISION_VOLTAGE_REF,LCC-20,PRE-SIH-2026,THERMAL_BURN_IN,T05_0518,PROC-ISRO-IISU-01,ATE-STATION-01,CHAMBER-01,1.0,125.0,5.0,168,output_voltage_drift,ELECTRICAL,uV,15.4123,6610.3212,6611.0735,6611.6168,6594.9089,0.009,0.0083,36.5,36.57,15.4123,6610.3212,6611.0735,6611.6168,6594.9089,100.0,False,NOMINAL,HEALTHY,-35.88,31.82
PRE_LOT05_COMP0519,LOT_05,PRECISION_VOLTAGE_REF,LCC-20,PRE-SIH-2026,THERMAL_BURN_IN,T05_0519,PROC-ISRO-IISU-01,ATE-STATION-01,CHAMBER-01,1.0,125.0,5.0,168,output_voltage_drift,ELECTRICAL,uV,16.3271,7003.2428,7003.9485,7004.4686,6986.9157,-0.0028,0.0207,34.62,35.32,16.3271,7003.2428,7003.9485,7004.4686,6986.9157,100.0,False,NOMINAL,HEALTHY,-27.77,-21.85
PRE_LOT05_COMP0520,LOT_05,PRECISION_VOLTAGE_REF,LCC-20,PRE-SIH-2026,THERMAL_BURN_IN,T05_0520,PROC-ISRO-IISU-01,ATE-STATION-01,CHAMBER-01,1.0,125.0,5.0,168,output_voltage_drift,ELECTRICAL,uV,15.0334,6452.6335,6453.3098,6453.7854,6437.6001,-0.0002,0.0096,38.64,38.22,15.0334,6452.6335,6453.3098,6453.7854,6437.6001,100.0,False,NOMINAL,HEALTHY,34.74,-33.96
PRE_LOT05_COMP0521,LOT_05,PRECISION_VOLTAGE_REF,LCC-20,PRE-SIH-2026,THERMAL_BURN_IN,T05_0521,PROC-ISRO-IISU-01,ATE-STATION-01,CHAMBER-01,1.0,125.0,5.0,168,output_voltage_drift,ELECTRICAL,uV,12.4164,5321.0619,5321.6881,5322.1043,5308.6455,0.0057,0.0519,35.52,36.93,12.4164,5321.0619,5321.6881,5322.1043,5308.6455,100.0,False,NOMINAL,HEALTHY,29.17,25.54
PRE_LOT05_COMP0522,LOT_05,PRECISION_VOLTAGE_REF,LCC-20,PRE-SIH-2026,THERMAL_BURN_IN,T05_0522,PROC-ISRO-IISU-01,ATE-STATION-01,CHAMBER-01,1.0,125.0,5.0,168,output_voltage_drift,ELECTRICAL,uV,13.0255,5582.9301,5583.4733,5583.8934,5569.9046,-0.0006,-0.0697,33.86,33.07,13.0255,5582.9301,5583.4733,5583.8934,5569.9046,100.0,False,NOMINAL,HEALTHY,-15.03,2.84
PRE_LOT05_COMP0523,LOT_05,PRECISION_VOLTAGE_REF,LCC-20,PRE-SIH-2026,THERMAL_BURN_IN,T05_0523,PROC-ISRO-IISU-01,ATE-STATION-01,CHAMBER-01,1.0,125.0,5.0,168,output_voltage_drift,ELECTRICAL,uV,15.4121,6599.3619,6600.0194,6600.5814,6583.9498,-0.0332,-0.0415,34.66,35.04,15.4121,6599.3619,6600.0194,6600.5814,6583.9498,100.0,False,NOMINAL,HEALTHY,-36.92,-44.43
PRE_LOT05_COMP0524,LOT_05,PRECISION_VOLTAGE_REF,LCC-20,PRE-SIH-2026,THERMAL_BURN_IN,T05_0524,PROC-ISRO-IISU-01,ATE-STATION-01,CHAMBER-01,1.0,125.0,5.0,168,output_voltage_drift,ELECTRICAL,uV,15.7094,6737.8001,6738.5334,6739.029,6722.0907,0.0678,0.0993,35.68,35.46,15.7094,6737.8001,6738.5334,6739.029,6722.0907,100.0,False,NOMINAL,HEALTHY,17.48,-30.74
PRE_LOT05_COMP0525,LOT_05,PRECISION_VOLTAGE_REF,LCC-20,PRE-SIH-2026,THERMAL_BURN_IN,T05_0525,PROC-ISRO-IISU-01,ATE-STATION-01,CHAMBER-01,1.0,125.0,5.0,168,output_voltage_drift,ELECTRICAL,uV,13.5636,5822.1424,5822.8134,5823.3599,5808.5788,-0.0159,0.0781,32.88,33.27,13.5636,5822.1424,5822.8134,5823.3599,5808.5788,100.0,False,NOMINAL,HEALTHY,-0.57,38.71
PRE_LOT05_COMP0526,LOT_05,PRECISION_VOLTAGE_REF,LCC-20,PRE-SIH-2026,THERMAL_BURN_IN,T05_0526,PROC-ISRO-IISU-01,ATE-STATION-01,CHAMBER-01,1.0,125.0,5.0,168,output_voltage_drift,ELECTRICAL,uV,14.8556,6365.9285,6366.6648,6367.1448,6351.0729,0.0411,-0.018,36.21,35.59,14.8556,6365.9285,6366.6648,6367.1448,6351.0729,100.0,False,NOMINAL,HEALTHY,21.51,41.72
PRE_LOT05_COMP0527,LOT_05,PRECISION_VOLTAGE_REF,LCC-20,PRE-SIH-2026,THERMAL_BURN_IN,T05_0527,PROC-ISRO-IISU-01,ATE-STATION-01,CHAMBER-01,1.0,125.0,5.0,168,output_voltage_drift,ELECTRICAL,uV,13.3878,5740.0089,5740.6886,5741.1231,5726.6211,0.0088,0.0512,35.69,35.38,13.3878,5740.0089,5740.6886,5741.1231,5726.6211,100.0,False,NOMINAL,HEALTHY,28.38,-47.38
PRE_LOT05_COMP0528,LOT_05,PRECISION_VOLTAGE_REF,LCC-20,PRE-SIH-2026,THERMAL_BURN_IN,T05_0528,PROC-ISRO-IISU-01,ATE-STATION-01,CHAMBER-01,1.0,125.0,5.0,168,output_voltage_drift,ELECTRICAL,uV,14.604,6267.6391,6268.3979,6268.8911,6253.0351,0.0463,0.0319,34.42,34.7,14.604,6267.6391,6268.3979,6268.8911,6253.0351,100.0,False,NOMINAL,HEALTHY,-13.25,-2.74
PRE_LOT05_COMP0529,LOT_05,PRECISION_VOLTAGE_REF,LCC-20,PRE-SIH-2026,THERMAL_BURN_IN,T05_0529,PROC-ISRO-IISU-01,ATE-STATION-01,CHAMBER-01,1.0,125.0,5.0,168,output_voltage_drift,ELECTRICAL,uV,11.8099,5068.911,5069.4982,5069.9096,5057.1011,-0.0019,0.0024,36.8,36.59,11.8099,5068.911,5069.4982,5069.9096,5057.1011,100.0,False,NOMINAL,HEALTHY,22.39,46.8
PRE_LOT05_COMP0530,LOT_05,PRECISION_VOLTAGE_REF,LCC-20,PRE-SIH-2026,THERMAL_BURN_IN,T05_0530,PROC-ISRO-IISU-01,ATE-STATION-01,CHAMBER-01,1.0,125.0,5.0,168,output_voltage_drift,ELECTRICAL,uV,14.2314,6103.1094,6103.8701,6104.4241,6088.878,-0.0445,-0.0325,36.66,36.73,14.2314,6103.1094,6103.8701,6104.4241,6088.878,100.0,False,NOMINAL,HEALTHY,24.81,-48.2
PRE_LOT05_COMP0531,LOT_05,PRECISION_VOLTAGE_REF,LCC-20,PRE-SIH-2026,THERMAL_BURN_IN,T05_0531,PROC-ISRO-IISU-01,ATE-STATION-01,CHAMBER-01,1.0,125.0,5.0,168,output_voltage_drift,ELECTRICAL,uV,13.8985,5958.8981,5959.5825,5960.0464,5944.9996,-0.0191,-0.0239,33.3,33.25,13.8985,5958.8981,5959.5825,5960.0464,5944.9996,100.0,False,NOMINAL,HEALTHY,-7.56,-42.11
PRE_LOT05_COMP0532,LOT_05,PRECISION_VOLTAGE_REF,LCC-20,PRE-SIH-2026,THERMAL_BURN_IN,T05_0532,PROC-ISRO-IISU-01,ATE-STATION-01,CHAMBER-01,1.0,125.0,5.0,168,output_voltage_drift,ELECTRICAL,uV,10.8086,4639.6649,4640.121,4640.5115,4628.8563,-0.0119,-0.1112,35.89,36.39,10.8086,4639.6649,4640.121,4640.5115,4628.8563,100.0,False,NOMINAL,HEALTHY,23.15,49.62
PRE_LOT05_COMP0533,LOT_05,PRECISION_VOLTAGE_REF,LCC-20,PRE-SIH-2026,THERMAL_BURN_IN,T05_0533,PROC-ISRO-IISU-01,ATE-STATION-01,CHAMBER-01,1.0,125.0,5.0,168,output_voltage_drift,ELECTRICAL,uV,11.7661,5043.7118,5044.2757,5044.706,5031.9457,-0.0025,-0.0446,34.55,34.34,11.7661,5043.7118,5044.2757,5044.706,5031.9457,100.0,False,NOMINAL,HEALTHY,-42.2,29.78
PRE_LOT05_COMP0534,LOT_05,PRECISION_VOLTAGE_REF,LCC-20,PRE-SIH-2026,THERMAL_BURN_IN,T05_0534,PROC-ISRO-IISU-01,ATE-STATION-01,CHAMBER-01,1.0,125.0,5.0,168,output_voltage_drift,ELECTRICAL,uV,13.5537,5817.8088,5818.4533,5819.0672,5804.2551,-0.0171,0.0231,33.07,33.08,13.5537,5817.8088,5818.4533,5819.0672,5804.2551,100.0,False,NOMINAL,HEALTHY,-4.28,-15.56
PRE_LOT05_COMP0535,LOT_05,PRECISION_VOLTAGE_REF,LCC-20,PRE-SIH-2026,THERMAL_BURN_IN,T05_0535,PROC-ISRO-IISU-01,ATE-STATION-01,CHAMBER-01,1.0,125.0,5.0,168,output_voltage_drift,ELECTRICAL,uV,13.2758,5690.667,5691.3499,5691.8245,5677.3912,-0.0108,0.0287,32.76,32.59,13.2758,5690.667,5691.3499,5691.8245,5677.3912,100.0,False,NOMINAL,HEALTHY,-17.75,-18.83
PRE_LOT05_COMP0536,LOT_05,PRECISION_VOLTAGE_REF,LCC-20,PRE-SIH-2026,THERMAL_BURN_IN,T05_0536,PROC-ISRO-IISU-01,ATE-STATION-01,CHAMBER-01,1.0,125.0,5.0,168,output_voltage_drift,ELECTRICAL,uV,13.8691,5939.3445,5939.9777,5940.379,5925.4754,-0.0196,-0.0357,34.49,34.85,13.8691,5939.3445,5939.9777,5940.379,5925.4754,100.0,False,NOMINAL,HEALTHY,33.61,-27.49
PRE_LOT05_COMP0537,LOT_05,PRECISION_VOLTAGE_REF,LCC-20,PRE-SIH-2026,THERMAL_BURN_IN,T05_0537,PROC-ISRO-IISU-01,ATE-STATION-01,CHAMBER-01,1.0,125.0,5.0,168,output_voltage_drift,ELECTRICAL,uV,14.3306,6144.8324,6145.5478,6146.1037,6130.5018,-0.0187,-0.0453,33.44,33.64,14.3306,6144.8324,6145.5478,6146.1037,6130.5018,100.0,True,DIELECTRIC_OSCILLATION,HEALTHY,13.24,2.99
PRE_LOT05_COMP0538,LOT_05,PRECISION_VOLTAGE_REF,LCC-20,PRE-SIH-2026,THERMAL_BURN_IN,T05_0538,PROC-ISRO-IISU-01,ATE-STATION-01,CHAMBER-01,1.0,125.0,5.0,168,output_voltage_drift,ELECTRICAL,uV,12.6024,5415.5949,5425.0897,5575.7526,5402.9925,0.0315,0.0316,35.98,36.15,12.6024,5415.5949,5425.0897,5575.7526,5402.9925,100.0,True,THERMAL_RUNAWAY,HEALTHY,23.84,18.94
PRE_LOT05_COMP0539,LOT_05,PRECISION_VOLTAGE_REF,LCC-20,PRE-SIH-2026,THERMAL_BURN_IN,T05_0539,PROC-ISRO-IISU-01,ATE-STATION-01,CHAMBER-01,1.0,125.0,5.0,168,output_voltage_drift,ELECTRICAL,uV,11.9613,5115.6357,5116.2037,5116.5996,5103.6744,0.0022,-0.0031,33.64,33.56,11.9613,5115.6357,5116.2037,5116.5996,5103.6744,100.0,False,NOMINAL,HEALTHY,31.03,32.49
PRE_LOT05_COMP0540,LOT_05,PRECISION_VOLTAGE_REF,LCC-20,PRE-SIH-2026,THERMAL_BURN_IN,T05_0540,PROC-ISRO-IISU-01,ATE-STATION-01,CHAMBER-01,1.0,125.0,5.0,168,output_voltage_drift,ELECTRICAL,uV,14.7271,6312.3957,6313.0714,6313.6084,6297.6686,0.0184,0.1284,35.54,36.85,14.7271,6312.3957,6313.0714,6313.6084,6297.6686,100.0,False,NOMINAL,HEALTHY,4.59,-45.11
PRE_LOT05_COMP0541,LOT_05,PRECISION_VOLTAGE_REF,LCC-20,PRE-SIH-2026,THERMAL_BURN_IN,T05_0541,PROC-ISRO-IISU-01,ATE-STATION-01,CHAMBER-01,1.0,125.0,5.0,168,output_voltage_drift,ELECTRICAL,uV,13.8761,5951.4003,5952.0639,5952.5957,5937.5242,0.0062,0.0404,34.8,35.28,13.8761,5951.4003,5952.0639,5952.5957,5937.5242,100.0,False,NOMINAL,HEALTHY,14.58,30.04
PRE_LOT05_COMP0542,LOT_05,PRECISION_VOLTAGE_REF,LCC-20,PRE-SIH-2026,THERMAL_BURN_IN,T05_0542,PROC-ISRO-IISU-01,ATE-STATION-01,CHAMBER-01,1.0,125.0,5.0,168,output_voltage_drift,ELECTRICAL,uV,13.6044,5838.6981,5839.3491,5839.9123,5825.0937,-0.0162,0.012,34.58,34.72,13.6044,5838.6981,5839.3491,5839.9123,5825.0937,100.0,True,DIELECTRIC_OSCILLATION,HEALTHY,-29.0,-48.54
PRE_LOT05_COMP0543,LOT_05,PRECISION_VOLTAGE_REF,LCC-20,PRE-SIH-2026,THERMAL_BURN_IN,T05_0543,PROC-ISRO-IISU-01,ATE-STATION-01,CHAMBER-01,1.0,125.0,5.0,168,output_voltage_drift,ELECTRICAL,uV,12.0826,5182.7025,5199.1446,5267.7971,5170.6199,-0.0003,0.0825,32.92,33.56,12.0826,5182.7025,5199.1446,5267.7971,5170.6199,100.0,True,ELECTROMIGRATION,HEALTHY,11.55,35.93
PRE_LOT05_COMP0544,LOT_05,PRECISION_VOLTAGE_REF,LCC-20,PRE-SIH-2026,THERMAL_BURN_IN,T05_0544,PROC-ISRO-IISU-01,ATE-STATION-01,CHAMBER-01,1.0,125.0,5.0,168,output_voltage_drift,ELECTRICAL,uV,16.8636,7229.771,7230.5755,7231.1223,7212.9074,0.0292,-0.007,35.4,35.2,16.8636,7229.771,7230.5755,7231.1223,7212.9074,100.0,False,NOMINAL,HEALTHY,12.63,-44.85
PRE_LOT05_COMP0545,LOT_05,PRECISION_VOLTAGE_REF,LCC-20,PRE-SIH-2026,THERMAL_BURN_IN,T05_0545,PROC-ISRO-IISU-01,ATE-STATION-01,CHAMBER-01,1.0,125.0,5.0,168,output_voltage_drift,ELECTRICAL,uV,12.2798,5258.2485,5258.8278,5259.2064,5245.9687,-0.0092,0.003,35.34,35.16,12.2798,5258.2485,5258.8278,5259.2064,5245.9687,100.0,False,NOMINAL,HEALTHY,33.38,-8.79
PRE_LOT05_COMP0546,LOT_05,PRECISION_VOLTAGE_REF,LCC-20,PRE-SIH-2026,THERMAL_BURN_IN,T05_0546,PROC-ISRO-IISU-01,ATE-STATION-01,CHAMBER-01,1.0,125.0,5.0,168,output_voltage_drift,ELECTRICAL,uV,19.0487,8178.6271,8179.6161,8180.3225,8159.5784,-0.0097,-0.007,35.64,35.49,19.0487,8178.6271,8179.6161,8180.3225,8159.5784,100.0,False,NOMINAL,HEALTHY,49.21,-22.25
PRE_LOT05_COMP0547,LOT_05,PRECISION_VOLTAGE_REF,LCC-20,PRE-SIH-2026,THERMAL_BURN_IN,T05_0547,PROC-ISRO-IISU-01,ATE-STATION-01,CHAMBER-01,1.0,125.0,5.0,168,output_voltage_drift,ELECTRICAL,uV,12.8484,5510.7061,5511.3738,5511.8503,5497.8577,0.0185,0.1042,34.96,34.26,12.8484,5510.7061,5511.3738,5511.8503,5497.8577,100.0,False,NOMINAL,HEALTHY,-40.9,-42.22
PRE_LOT05_COMP0548,LOT_05,PRECISION_VOLTAGE_REF,LCC-20,PRE-SIH-2026,THERMAL_BURN_IN,T05_0548,PROC-ISRO-IISU-01,ATE-STATION-01,CHAMBER-01,1.0,125.0,5.0,168,output_voltage_drift,ELECTRICAL,uV,14.4696,6201.2494,6202.0209,6202.5888,6186.7798,0.0064,-0.034,35.24,34.87,14.4696,6201.2494,6202.0209,6202.5888,6186.7798,100.0,False,NOMINAL,HEALTHY,21.08,14.15
PRE_LOT05_COMP0549,LOT_05,PRECISION_VOLTAGE_REF,LCC-20,PRE-SIH-2026,THERMAL_BURN_IN,T05_0549,PROC-ISRO-IISU-01,ATE-STATION-01,CHAMBER-01,1.0,125.0,5.0,168,output_voltage_drift,ELECTRICAL,uV,15.02,6431.5939,6432.2854,6432.826,6416.5739,-0.0294,-0.0338,33.5,34.03,15.02,6431.5939,6432.2854,6432.826,6416.5739,100.0,False,NOMINAL,HEALTHY,12.02,33.59
PRE_LOT05_COMP0550,LOT_05,PRECISION_VOLTAGE_REF,LCC-20,PRE-SIH-2026,THERMAL_BURN_IN,T05_0550,PROC-ISRO-IISU-01,ATE-STATION-01,CHAMBER-01,1.0,125.0,5.0,168,output_voltage_drift,ELECTRICAL,uV,17.1619,7355.7327,7356.5168,7357.1032,7338.5708,-0.023,0.029,36.14,36.51,17.1619,7355.7327,7356.5168,7357.1032,7338.5708,100.0,False,NOMINAL,HEALTHY,46.53,27.42
PRE_LOT05_COMP0551,LOT_05,PRECISION_VOLTAGE_REF,LCC-20,PRE-SIH-2026,THERMAL_BURN_IN,T05_0551,PROC-ISRO-IISU-01,ATE-STATION-01,CHAMBER-01,1.0,125.0,5.0,168,output_voltage_drift,ELECTRICAL,uV,11.6017,4979.249,4979.825,4980.283,4967.6473,0.0178,0.0797,34.94,35.28,11.6017,4979.249,4979.825,4980.283,4967.6473,100.0,False,NOMINAL,HEALTHY,14.49,-5.8
PRE_LOT05_COMP0552,LOT_05,PRECISION_VOLTAGE_REF,LCC-20,PRE-SIH-2026,THERMAL_BURN_IN,T05_0552,PROC-ISRO-IISU-01,ATE-STATION-01,CHAMBER-01,1.0,125.0,5.0,168,output_voltage_drift,ELECTRICAL,uV,14.8315,6361.7948,6362.5142,6363.0771,6346.9633,0.0008,0.0554,34.25,34.94,14.8315,6361.7948,6362.5142,6363.0771,6346.9633,100.0,False,NOMINAL,HEALTHY,3.91,-10.17
PRE_LOT05_COMP0553,LOT_05,PRECISION_VOLTAGE_REF,LCC-20,PRE-SIH-2026,THERMAL_BURN_IN,T05_0553,PROC-ISRO-IISU-01,ATE-STATION-01,CHAMBER-01,1.0,125.0,5.0,168,output_voltage_drift,ELECTRICAL,uV,13.6557,5851.3999,5852.0575,5852.5958,5837.7442,-0.0106,-0.0254,34.45,34.45,13.6557,5851.3999,5852.0575,5852.5958,5837.7442,100.0,False,NOMINAL,HEALTHY,-22.16,27.76
PRE_LOT05_COMP0554,LOT_05,PRECISION_VOLTAGE_REF,LCC-20,PRE-SIH-2026,THERMAL_BURN_IN,T05_0554,PROC-ISRO-IISU-01,ATE-STATION-01,CHAMBER-01,1.0,125.0,5.0,168,output_voltage_drift,ELECTRICAL,uV,13.4747,5774.197,5774.8531,5775.3806,5760.7223,0.0102,-0.0068,35.9,35.86,13.4747,5774.197,5774.8531,5775.3806,5760.7223,100.0,False,NOMINAL,HEALTHY,19.14,-22.04
PRE_LOT05_COMP0555,LOT_05,PRECISION_VOLTAGE_REF,LCC-20,PRE-SIH-2026,THERMAL_BURN_IN,T05_0555,PROC-ISRO-IISU-01,ATE-STATION-01,CHAMBER-01,1.0,125.0,5.0,168,output_voltage_drift,ELECTRICAL,uV,14.6177,6267.4233,6287.1033,6369.405,6252.8056,-0.006,-0.0233,34.8,34.36,14.6177,6267.4233,6287.1033,6369.405,6252.8056,100.0,True,ELECTROMIGRATION,HEALTHY,-19.37,-23.14
PRE_LOT05_COMP0556,LOT_05,PRECISION_VOLTAGE_REF,LCC-20,PRE-SIH-2026,THERMAL_BURN_IN,T05_0556,PROC-ISRO-IISU-01,ATE-STATION-01,CHAMBER-01,1.0,125.0,5.0,168,output_voltage_drift,ELECTRICAL,uV,14.2866,6114.0107,6114.6515,6115.1126,6099.7241,0.0117,-0.097,32.85,33.13,14.2866,6114.0107,6114.6515,6115.1126,6099.7241,100.0,False,NOMINAL,HEALTHY,45.95,-38.23
PRE_LOT05_COMP0557,LOT_05,PRECISION_VOLTAGE_REF,LCC-20,PRE-SIH-2026,THERMAL_BURN_IN,T05_0557,PROC-ISRO-IISU-01,ATE-STATION-01,CHAMBER-01,1.0,125.0,5.0,168,output_voltage_drift,ELECTRICAL,uV,13.7432,5903.9164,5904.6302,5905.169,5890.1732,-0.0293,0.0462,34.34,34.22,13.7432,5903.9164,5904.6302,5905.169,5890.1732,100.0,False,NOMINAL,HEALTHY,-10.81,-38.82
PRE_LOT05_COMP0558,LOT_05,PRECISION_VOLTAGE_REF,LCC-20,PRE-SIH-2026,THERMAL_BURN_IN,T05_0558,PROC-ISRO-IISU-01,ATE-STATION-01,CHAMBER-01,1.0,125.0,5.0,168,output_voltage_drift,ELECTRICAL,uV,13.3633,5733.8445,5734.4434,5734.848,5720.4812,-0.0144,0.0182,35.03,35.4,13.3633,5733.8445,5734.4434,5734.848,5720.4812,100.0,False,NOMINAL,HEALTHY,-4.33,-18.47
PRE_LOT05_COMP0559,LOT_05,PRECISION_VOLTAGE_REF,LCC-20,PRE-SIH-2026,THERMAL_BURN_IN,T05_0559,PROC-ISRO-IISU-01,ATE-STATION-01,CHAMBER-01,1.0,125.0,5.0,168,output_voltage_drift,ELECTRICAL,uV,12.6858,5431.42,5432.0127,5432.5882,5418.7342,-0.016,-0.0082,35.86,34.91,12.6858,5431.42,5432.0127,5432.5882,5418.7342,100.0,False,NOMINAL,HEALTHY,4.51,-35.5
PRE_LOT05_COMP0560,LOT_05,PRECISION_VOLTAGE_REF,LCC-20,PRE-SIH-2026,THERMAL_BURN_IN,T05_0560,PROC-ISRO-IISU-01,ATE-STATION-01,CHAMBER-01,1.0,125.0,5.0,168,output_voltage_drift,ELECTRICAL,uV,14.5329,6235.7222,6236.3885,6236.9756,6221.1893,-0.0069,0.1281,34.26,34.3,14.5329,6235.7222,6236.3885,6236.9756,6221.1893,100.0,False,NOMINAL,HEALTHY,-25.66,-21.5
PRE_LOT05_COMP0561,LOT_05,PRECISION_VOLTAGE_REF,LCC-20,PRE-SIH-2026,THERMAL_BURN_IN,T05_0561,PROC-ISRO-IISU-01,ATE-STATION-01,CHAMBER-01,1.0,125.0,5.0,168,output_voltage_drift,ELECTRICAL,uV,13.8291,5942.7746,5943.4392,5943.9527,5928.9455,-0.0046,0.0241,33.76,33.81,13.8291,5942.7746,5943.4392,5943.9527,5928.9455,100.0,False,NOMINAL,HEALTHY,22.42,25.75
PRE_LOT05_COMP0562,LOT_05,PRECISION_VOLTAGE_REF,LCC-20,PRE-SIH-2026,THERMAL_BURN_IN,T05_0562,PROC-ISRO-IISU-01,ATE-STATION-01,CHAMBER-01,1.0,125.0,5.0,168,output_voltage_drift,ELECTRICAL,uV,11.3423,4865.006,4865.5826,4866.0194,4853.6637,0.0219,0.0394,35.11,34.77,11.3423,4865.006,4865.5826,4866.0194,4853.6637,100.0,False,NOMINAL,HEALTHY,44.43,-21.24
PRE_LOT05_COMP0563,LOT_05,PRECISION_VOLTAGE_REF,LCC-20,PRE-SIH-2026,THERMAL_BURN_IN,T05_0563,PROC-ISRO-IISU-01,ATE-STATION-01,CHAMBER-01,1.0,125.0,5.0,168,output_voltage_drift,ELECTRICAL,uV,15.166,6506.5901,6507.3401,6507.9685,6491.4241,0.0185,0.0473,33.51,34.01,15.166,6506.5901,6507.3401,6507.9685,6491.4241,100.0,False,NOMINAL,HEALTHY,-26.93,39.27
PRE_LOT05_COMP0564,LOT_05,PRECISION_VOLTAGE_REF,LCC-20,PRE-SIH-2026,THERMAL_BURN_IN,T05_0564,PROC-ISRO-IISU-01,ATE-STATION-01,CHAMBER-01,1.0,125.0,5.0,168,output_voltage_drift,ELECTRICAL,uV,16.3271,6996.1107,6996.9031,6997.4138,6979.7836,0.0229,-0.0133,35.19,35.41,16.3271,6996.1107,6996.9031,6997.4138,6979.7836,100.0,False,NOMINAL,HEALTHY,-38.33,-25.54
PRE_LOT05_COMP0565,LOT_05,PRECISION_VOLTAGE_REF,LCC-20,PRE-SIH-2026,THERMAL_BURN_IN,T05_0565,PROC-ISRO-IISU-01,ATE-STATION-01,CHAMBER-01,1.0,125.0,5.0,168,output_voltage_drift,ELECTRICAL,uV,13.8948,5956.4577,5957.0453,5957.4781,5942.5629,-0.0039,-0.0968,34.28,33.67,13.8948,5956.4577,5957.0453,5957.4781,5942.5629,100.0,False,NOMINAL,HEALTHY,9.26,-30.21
PRE_LOT05_COMP0566,LOT_05,PRECISION_VOLTAGE_REF,LCC-20,PRE-SIH-2026,THERMAL_BURN_IN,T05_0566,PROC-ISRO-IISU-01,ATE-STATION-01,CHAMBER-01,1.0,125.0,5.0,168,output_voltage_drift,ELECTRICAL,uV,14.9189,6404.8253,6405.4786,6405.9289,6389.9064,0.0317,0.1371,34.99,34.92,14.9189,6404.8253,6405.4786,6405.9289,6389.9064,100.0,False,NOMINAL,HEALTHY,15.4,-28.72
PRE_LOT05_COMP0567,LOT_05,PRECISION_VOLTAGE_REF,LCC-20,PRE-SIH-2026,THERMAL_BURN_IN,T05_0567,PROC-ISRO-IISU-01,ATE-STATION-01,CHAMBER-01,1.0,125.0,5.0,168,output_voltage_drift,ELECTRICAL,uV,15.6689,6714.9063,6715.7625,6716.3889,6699.2374,-0.006,-0.014,35.58,35.76,15.6689,6714.9063,6715.7625,6716.3889,6699.2374,100.0,False,NOMINAL,HEALTHY,8.0,49.12
PRE_LOT05_COMP0568,LOT_05,PRECISION_VOLTAGE_REF,LCC-20,PRE-SIH-2026,THERMAL_BURN_IN,T05_0568,PROC-ISRO-IISU-01,ATE-STATION-01,CHAMBER-01,1.0,125.0,5.0,168,output_voltage_drift,ELECTRICAL,uV,14.0317,6019.8752,6020.5331,6020.9734,6005.8435,0.0218,0.0056,35.33,35.49,14.0317,6019.8752,6020.5331,6020.9734,6005.8435,100.0,False,NOMINAL,HEALTHY,48.86,22.42
PRE_LOT05_COMP0569,LOT_05,PRECISION_VOLTAGE_REF,LCC-20,PRE-SIH-2026,THERMAL_BURN_IN,T05_0569,PROC-ISRO-IISU-01,ATE-STATION-01,CHAMBER-01,1.0,125.0,5.0,168,output_voltage_drift,ELECTRICAL,uV,16.2351,6958.9896,6959.7848,6960.4154,6942.7545,-0.0053,-0.0327,38.22,38.76,16.2351,6958.9896,6959.7848,6960.4154,6942.7545,100.0,False,NOMINAL,HEALTHY,-32.55,27.24
PRE_LOT05_COMP0570,LOT_05,PRECISION_VOLTAGE_REF,LCC-20,PRE-SIH-2026,THERMAL_BURN_IN,T05_0570,PROC-ISRO-IISU-01,ATE-STATION-01,CHAMBER-01,1.0,125.0,5.0,168,output_voltage_drift,ELECTRICAL,uV,13.0448,5589.0885,5589.7977,5590.3697,5576.0437,0.0073,0.0672,33.95,34.02,13.0448,5589.0885,5589.7977,5590.3697,5576.0437,100.0,False,NOMINAL,HEALTHY,28.29,46.39
PRE_LOT05_COMP0571,LOT_05,PRECISION_VOLTAGE_REF,LCC-20,PRE-SIH-2026,THERMAL_BURN_IN,T05_0571,PROC-ISRO-IISU-01,ATE-STATION-01,CHAMBER-01,1.0,125.0,5.0,168,output_voltage_drift,ELECTRICAL,uV,12.2486,5252.3364,5252.8918,5253.3387,5240.0878,0.0171,0.0739,34.62,34.08,12.2486,5252.3364,5252.8918,5253.3387,5240.0878,100.0,False,NOMINAL,HEALTHY,8.16,11.55
PRE_LOT05_COMP0572,LOT_05,PRECISION_VOLTAGE_REF,LCC-20,PRE-SIH-2026,THERMAL_BURN_IN,T05_0572,PROC-ISRO-IISU-01,ATE-STATION-01,CHAMBER-01,1.0,125.0,5.0,168,output_voltage_drift,ELECTRICAL,uV,12.3393,5293.8083,5294.4107,5294.8094,5281.469,0.0004,-0.038,35.84,35.85,12.3393,5293.8083,5294.4107,5294.8094,5281.469,100.0,False,NOMINAL,HEALTHY,-35.62,1.64
PRE_LOT05_COMP0573,LOT_05,PRECISION_VOLTAGE_REF,LCC-20,PRE-SIH-2026,THERMAL_BURN_IN,T05_0573,PROC-ISRO-IISU-01,ATE-STATION-01,CHAMBER-01,1.0,125.0,5.0,168,output_voltage_drift,ELECTRICAL,uV,15.4834,6634.9713,6635.7136,6636.3059,6619.4879,-0.0252,0.0135,34.36,34.22,15.4834,6634.9713,6635.7136,6636.3059,6619.4879,100.0,False,NOMINAL,HEALTHY,-18.9,-46.03
PRE_LOT05_COMP0574,LOT_05,PRECISION_VOLTAGE_REF,LCC-20,PRE-SIH-2026,THERMAL_BURN_IN,T05_0574,PROC-ISRO-IISU-01,ATE-STATION-01,CHAMBER-01,1.0,125.0,5.0,168,output_voltage_drift,ELECTRICAL,uV,11.4532,4913.8596,4914.3791,4914.8719,4902.4064,0.029,0.0878,36.51,37.12,11.4532,4913.8596,4914.3791,4914.8719,4902.4064,100.0,False,NOMINAL,HEALTHY,-41.59,24.24
PRE_LOT05_COMP0575,LOT_05,PRECISION_VOLTAGE_REF,LCC-20,PRE-SIH-2026,THERMAL_BURN_IN,T05_0575,PROC-ISRO-IISU-01,ATE-STATION-01,CHAMBER-01,1.0,125.0,5.0,168,output_voltage_drift,ELECTRICAL,uV,15.1335,6480.5781,6481.2532,6481.763,6465.4446,0.0271,0.0667,34.51,34.39,15.1335,6480.5781,6481.2532,6481.763,6465.4446,100.0,False,NOMINAL,HEALTHY,6.52,18.4
PRE_LOT05_COMP0576,LOT_05,PRECISION_VOLTAGE_REF,LCC-20,PRE-SIH-2026,THERMAL_BURN_IN,T05_0576,PROC-ISRO-IISU-01,ATE-STATION-01,CHAMBER-01,1.0,125.0,5.0,168,output_voltage_drift,ELECTRICAL,uV,12.8042,5484.7559,5485.4674,5485.8846,5471.9517,-0.0283,0.0263,33.93,33.47,12.8042,5484.7559,5485.4674,5485.8846,5471.9517,100.0,False,NOMINAL,HEALTHY,23.82,25.43
PRE_LOT05_COMP0577,LOT_05,PRECISION_VOLTAGE_REF,LCC-20,PRE-SIH-2026,THERMAL_BURN_IN,T05_0577,PROC-ISRO-IISU-01,ATE-STATION-01,CHAMBER-01,1.0,125.0,5.0,168,output_voltage_drift,ELECTRICAL,uV,13.5299,5798.9125,5799.4876,5800.0013,5785.3826,-0.0124,0.0407,33.81,33.72,13.5299,5798.9125,5799.4876,5800.0013,5785.3826,100.0,False,NOMINAL,HEALTHY,18.6,-49.07
PRE_LOT05_COMP0578,LOT_05,PRECISION_VOLTAGE_REF,LCC-20,PRE-SIH-2026,THERMAL_BURN_IN,T05_0578,PROC-ISRO-IISU-01,ATE-STATION-01,CHAMBER-01,1.0,125.0,5.0,168,output_voltage_drift,ELECTRICAL,uV,14.5203,6231.3667,6232.0707,6232.694,6216.8464,-0.0108,0.036,35.47,36.2,14.5203,6231.3667,6232.0707,6232.694,6216.8464,100.0,False,NOMINAL,HEALTHY,30.08,-8.83
PRE_LOT05_COMP0579,LOT_05,PRECISION_VOLTAGE_REF,LCC-20,PRE-SIH-2026,THERMAL_BURN_IN,T05_0579,PROC-ISRO-IISU-01,ATE-STATION-01,CHAMBER-01,1.0,125.0,5.0,168,output_voltage_drift,ELECTRICAL,uV,11.4005,4885.2704,4885.8435,4886.2742,4873.8699,0.0117,-0.0497,36.15,36.71,11.4005,4885.2704,4885.8435,4886.2742,4873.8699,100.0,False,NOMINAL,HEALTHY,-7.21,-19.75
PRE_LOT05_COMP0580,LOT_05,PRECISION_VOLTAGE_REF,LCC-20,PRE-SIH-2026,THERMAL_BURN_IN,T05_0580,PROC-ISRO-IISU-01,ATE-STATION-01,CHAMBER-01,1.0,125.0,5.0,168,output_voltage_drift,ELECTRICAL,uV,12.68,5436.106,5436.7246,5437.2765,5423.426,0.0133,-0.0771,34.64,34.63,12.68,5436.106,5436.7246,5437.2765,5423.426,100.0,False,NOMINAL,HEALTHY,14.15,-26.65
PRE_LOT05_COMP0581,LOT_05,PRECISION_VOLTAGE_REF,LCC-20,PRE-SIH-2026,THERMAL_BURN_IN,T05_0581,PROC-ISRO-IISU-01,ATE-STATION-01,CHAMBER-01,1.0,125.0,5.0,168,output_voltage_drift,ELECTRICAL,uV,13.4512,5764.4533,5765.0739,5765.4864,5751.0021,-0.0254,-0.0265,35.13,35.49,13.4512,5764.4533,5765.0739,5765.4864,5751.0021,100.0,False,NOMINAL,HEALTHY,-18.77,6.7
PRE_LOT05_COMP0582,LOT_05,PRECISION_VOLTAGE_REF,LCC-20,PRE-SIH-2026,THERMAL_BURN_IN,T05_0582,PROC-ISRO-IISU-01,ATE-STATION-01,CHAMBER-01,1.0,125.0,5.0,168,output_voltage_drift,ELECTRICAL,uV,16.7485,7178.8041,7179.5452,7180.0715,7162.0556,-0.0089,0.0055,34.27,33.45,16.7485,7178.8041,7179.5452,7180.0715,7162.0556,100.0,False,NOMINAL,HEALTHY,-15.27,41.83
PRE_LOT05_COMP0583,LOT_05,PRECISION_VOLTAGE_REF,LCC-20,PRE-SIH-2026,THERMAL_BURN_IN,T05_0583,PROC-ISRO-IISU-01,ATE-STATION-01,CHAMBER-01,1.0,125.0,5.0,168,output_voltage_drift,ELECTRICAL,uV,13.2556,5695.9201,5696.4747,5696.8626,5682.6645,-0.0087,0.07,37.41,36.7,13.2556,5695.9201,5696.4747,5696.8626,5682.6645,100.0,False,NOMINAL,HEALTHY,-6.08,-32.68
PRE_LOT05_COMP0584,LOT_05,PRECISION_VOLTAGE_REF,LCC-20,PRE-SIH-2026,THERMAL_BURN_IN,T05_0584,PROC-ISRO-IISU-01,ATE-STATION-01,CHAMBER-01,1.0,125.0,5.0,168,output_voltage_drift,ELECTRICAL,uV,12.869,5524.8037,5525.3657,5525.8129,5511.9347,-0.0354,0.0115,36.87,36.46,12.869,5524.8037,5525.3657,5525.8129,5511.9347,100.0,False,NOMINAL,HEALTHY,10.16,-9.31
PRE_LOT05_COMP0585,LOT_05,PRECISION_VOLTAGE_REF,LCC-20,PRE-SIH-2026,THERMAL_BURN_IN,T05_0585,PROC-ISRO-IISU-01,ATE-STATION-01,CHAMBER-01,1.0,125.0,5.0,168,output_voltage_drift,ELECTRICAL,uV,13.5808,5824.9928,5825.564,5825.9173,5811.412,0.0381,0.0051,35.94,35.7,13.5808,5824.9928,5825.564,5825.9173,5811.412,100.0,False,NOMINAL,HEALTHY,24.28,-7.8
PRE_LOT05_COMP0586,LOT_05,PRECISION_VOLTAGE_REF,LCC-20,PRE-SIH-2026,THERMAL_BURN_IN,T05_0586,PROC-ISRO-IISU-01,ATE-STATION-01,CHAMBER-01,1.0,125.0,5.0,168,output_voltage_drift,ELECTRICAL,uV,15.764,6759.9106,6760.6261,6761.1453,6744.1466,0.0269,0.0621,34.04,34.1,15.764,6759.9106,6760.6261,6761.1453,6744.1466,100.0,True,DIELECTRIC_OSCILLATION,HEALTHY,-15.91,-48.45
PRE_LOT05_COMP0587,LOT_05,PRECISION_VOLTAGE_REF,LCC-20,PRE-SIH-2026,THERMAL_BURN_IN,T05_0587,PROC-ISRO-IISU-01,ATE-STATION-01,CHAMBER-01,1.0,125.0,5.0,168,output_voltage_drift,ELECTRICAL,uV,14.298,6129.7114,6130.3705,6130.8391,6115.4134,-0.004,-0.0713,34.27,34.37,14.298,6129.7114,6130.3705,6130.8391,6115.4134,100.0,False,NOMINAL,HEALTHY,-27.15,31.3
PRE_LOT05_COMP0588,LOT_05,PRECISION_VOLTAGE_REF,LCC-20,PRE-SIH-2026,THERMAL_BURN_IN,T05_0588,PROC-ISRO-IISU-01,ATE-STATION-01,CHAMBER-01,1.0,125.0,5.0,168,output_voltage_drift,ELECTRICAL,uV,13.7712,5906.0143,5906.6882,5907.1882,5892.2431,0.0065,-0.0314,33.85,34.5,13.7712,5906.0143,5906.6882,5907.1882,5892.2431,100.0,False,NOMINAL,HEALTHY,43.25,23.91
PRE_LOT05_COMP0589,LOT_05,PRECISION_VOLTAGE_REF,LCC-20,PRE-SIH-2026,THERMAL_BURN_IN,T05_0589,PROC-ISRO-IISU-01,ATE-STATION-01,CHAMBER-01,1.0,125.0,5.0,168,output_voltage_drift,ELECTRICAL,uV,15.2485,6538.2872,6539.1386,6539.7115,6523.0387,-0.0042,0.0277,37.01,36.69,15.2485,6538.2872,6539.1386,6539.7115,6523.0387,100.0,False,NOMINAL,HEALTHY,-22.21,-41.89
PRE_LOT05_COMP0590,LOT_05,PRECISION_VOLTAGE_REF,LCC-20,PRE-SIH-2026,THERMAL_BURN_IN,T05_0590,PROC-ISRO-IISU-01,ATE-STATION-01,CHAMBER-01,1.0,125.0,5.0,168,output_voltage_drift,ELECTRICAL,uV,13.5711,5819.5019,5820.2888,5820.8967,5805.9308,0.0239,0.0422,36.84,36.48,13.5711,5819.5019,5820.2888,5820.8967,5805.9308,100.0,False,NOMINAL,HEALTHY,15.98,34.98
PRE_LOT05_COMP0591,LOT_05,PRECISION_VOLTAGE_REF,LCC-20,PRE-SIH-2026,THERMAL_BURN_IN,T05_0591,PROC-ISRO-IISU-01,ATE-STATION-01,CHAMBER-01,1.0,125.0,5.0,168,output_voltage_drift,ELECTRICAL,uV,15.1218,6494.0143,6494.6921,6495.1476,6478.8925,0.0186,-0.0443,33.82,32.79,15.1218,6494.0143,6494.6921,6495.1476,6478.8925,100.0,False,NOMINAL,HEALTHY,-16.0,44.6
PRE_LOT05_COMP0592,LOT_05,PRECISION_VOLTAGE_REF,LCC-20,PRE-SIH-2026,THERMAL_BURN_IN,T05_0592,PROC-ISRO-IISU-01,ATE-STATION-01,CHAMBER-01,1.0,125.0,5.0,168,output_voltage_drift,ELECTRICAL,uV,13.3713,5722.775,5723.3635,5723.8535,5709.4037,0.0362,0.0822,35.08,34.93,13.3713,5722.775,5723.3635,5723.8535,5709.4037,100.0,True,DIELECTRIC_OSCILLATION,HEALTHY,-26.03,39.7
PRE_LOT05_COMP0593,LOT_05,PRECISION_VOLTAGE_REF,LCC-20,PRE-SIH-2026,THERMAL_BURN_IN,T05_0593,PROC-ISRO-IISU-01,ATE-STATION-01,CHAMBER-01,1.0,125.0,5.0,168,output_voltage_drift,ELECTRICAL,uV,15.5616,6668.4172,6669.2433,6669.8237,6652.8556,0.0155,-0.0758,33.69,33.84,15.5616,6668.4172,6669.2433,6669.8237,6652.8556,100.0,False,NOMINAL,HEALTHY,18.6,-42.13
PRE_LOT05_COMP0594,LOT_05,PRECISION_VOLTAGE_REF,LCC-20,PRE-SIH-2026,THERMAL_BURN_IN,T05_0594,PROC-ISRO-IISU-01,ATE-STATION-01,CHAMBER-01,1.0,125.0,5.0,168,output_voltage_drift,ELECTRICAL,uV,13.7062,5864.0648,5864.6531,5865.24,5850.3586,-0.0127,0.0428,35.45,34.92,13.7062,5864.0648,5864.6531,5865.24,5850.3586,100.0,False,NOMINAL,HEALTHY,-25.34,27.76
PRE_LOT05_COMP0595,LOT_05,PRECISION_VOLTAGE_REF,LCC-20,PRE-SIH-2026,THERMAL_BURN_IN,T05_0595,PROC-ISRO-IISU-01,ATE-STATION-01,CHAMBER-01,1.0,125.0,5.0,168,output_voltage_drift,ELECTRICAL,uV,15.6147,6684.8285,6685.5655,6686.116,6669.2138,0.0191,-0.0038,35.2,34.57,15.6147,6684.8285,6685.5655,6686.116,6669.2138,100.0,False,NOMINAL,HEALTHY,-1.31,-7.72
PRE_LOT05_COMP0596,LOT_05,PRECISION_VOLTAGE_REF,LCC-20,PRE-SIH-2026,THERMAL_BURN_IN,T05_0596,PROC-ISRO-IISU-01,ATE-STATION-01,CHAMBER-01,1.0,125.0,5.0,168,output_voltage_drift,ELECTRICAL,uV,14.6238,6267.0572,6267.7245,6268.2506,6252.4334,0.008,0.0075,35.92,35.54,14.6238,6267.0572,6267.7245,6268.2506,6252.4334,100.0,False,NOMINAL,HEALTHY,12.95,-39.55
PRE_LOT05_COMP0597,LOT_05,PRECISION_VOLTAGE_REF,LCC-20,PRE-SIH-2026,THERMAL_BURN_IN,T05_0597,PROC-ISRO-IISU-01,ATE-STATION-01,CHAMBER-01,1.0,125.0,5.0,168,output_voltage_drift,ELECTRICAL,uV,13.0229,5584.027,5584.6707,5585.1606,5571.0041,-0.0351,0.0379,33.62,34.13,13.0229,5584.027,5584.6707,5585.1606,5571.0041,100.0,False,NOMINAL,HEALTHY,-33.53,-4.74
PRE_LOT05_COMP0598,LOT_05,PRECISION_VOLTAGE_REF,LCC-20,PRE-SIH-2026,THERMAL_BURN_IN,T05_0598,PROC-ISRO-IISU-01,ATE-STATION-01,CHAMBER-01,1.0,125.0,5.0,168,output_voltage_drift,ELECTRICAL,uV,14.2356,6094.876,6095.5701,6096.1589,6080.6404,-0.0111,0.0028,34.91,35.45,14.2356,6094.876,6095.5701,6096.1589,6080.6404,100.0,False,NOMINAL,HEALTHY,10.36,-38.84
PRE_LOT05_COMP0599,LOT_05,PRECISION_VOLTAGE_REF,LCC-20,PRE-SIH-2026,THERMAL_BURN_IN,T05_0599,PROC-ISRO-IISU-01,ATE-STATION-01,CHAMBER-01,1.0,125.0,5.0,168,output_voltage_drift,ELECTRICAL,uV,16.4443,7057.9144,7058.7022,7059.275,7041.4701,0.0089,-0.04,34.54,34.62,16.4443,7057.9144,7058.7022,7059.275,7041.4701,100.0,False,NOMINAL,HEALTHY,-17.32,7.28
PRE_LOT05_COMP0600,LOT_05,PRECISION_VOLTAGE_REF,LCC-20,PRE-SIH-2026,THERMAL_BURN_IN,T05_0600,PROC-ISRO-IISU-01,ATE-STATION-01,CHAMBER-01,1.0,125.0,5.0,168,output_voltage_drift,ELECTRICAL,uV,11.9605,5120.4258,5120.9552,5121.3416,5108.4653,-0.0242,0.1106,35.19,35.12,11.9605,5120.4258,5120.9552,5121.3416,5108.4653,100.0,False,NOMINAL,HEALTHY,-13.11,45.01
PRE_LOT05_COMP0601,LOT_05,PRECISION_VOLTAGE_REF,LCC-20,PRE-SIH-2026,THERMAL_BURN_IN,T05_0601,PROC-ISRO-IISU-01,ATE-STATION-01,CHAMBER-01,1.0,125.0,5.0,168,output_voltage_drift,ELECTRICAL,uV,16.784,7204.1914,7205.0273,7205.6393,7187.4074,-0.0172,-0.1076,33.45,33.74,16.784,7204.1914,7205.0273,7205.6393,7187.4074,100.0,False,NOMINAL,HEALTHY,40.52,26.98
PRE_LOT05_COMP0602,LOT_05,PRECISION_VOLTAGE_REF,LCC-20,PRE-SIH-2026,THERMAL_BURN_IN,T05_0602,PROC-ISRO-IISU-01,ATE-STATION-01,CHAMBER-01,1.0,125.0,5.0,168,output_voltage_drift,ELECTRICAL,uV,14.8464,6367.1116,6367.8238,6368.272,6352.2652,-0.0112,0.0193,35.06,34.38,14.8464,6367.1116,6367.8238,6368.272,6352.2652,100.0,True,DIELECTRIC_OSCILLATION,HEALTHY,-0.75,-23.46
PRE_LOT05_COMP0603,LOT_05,PRECISION_VOLTAGE_REF,LCC-20,PRE-SIH-2026,THERMAL_BURN_IN,T05_0603,PROC-ISRO-IISU-01,ATE-STATION-01,CHAMBER-01,1.0,125.0,5.0,168,output_voltage_drift,ELECTRICAL,uV,14.742,6318.3455,6336.597,6412.8579,6303.6035,0.0229,0.0231,32.85,32.75,14.742,6318.3455,6336.597,6412.8579,6303.6035,100.0,True,ELECTROMIGRATION,HEALTHY,8.08,24.51
PRE_LOT05_COMP0604,LOT_05,PRECISION_VOLTAGE_REF,LCC-20,PRE-SIH-2026,THERMAL_BURN_IN,T05_0604,PROC-ISRO-IISU-01,ATE-STATION-01,CHAMBER-01,1.0,125.0,5.0,168,output_voltage_drift,ELECTRICAL,uV,15.6302,6695.2425,6695.962,6696.4999,6679.6123,0.0145,0.002,33.57,33.04,15.6302,6695.2425,6695.962,6696.4999,6679.6123,100.0,False,NOMINAL,HEALTHY,-39.17,-22.62
PRE_LOT05_COMP0605,LOT_05,PRECISION_VOLTAGE_REF,LCC-20,PRE-SIH-2026,THERMAL_BURN_IN,T05_0605,PROC-ISRO-IISU-01,ATE-STATION-01,CHAMBER-01,1.0,125.0,5.0,168,output_voltage_drift,ELECTRICAL,uV,14.8967,6382.8875,6383.6098,6384.1438,6367.9908,-0.0129,0.0496,35.32,35.31,14.8967,6382.8875,6383.6098,6384.1438,6367.9908,100.0,False,NOMINAL,HEALTHY,-36.34,-13.07
PRE_LOT05_COMP0606,LOT_05,PRECISION_VOLTAGE_REF,LCC-20,PRE-SIH-2026,THERMAL_BURN_IN,T05_0606,PROC-ISRO-IISU-01,ATE-STATION-01,CHAMBER-01,1.0,125.0,5.0,168,output_voltage_drift,ELECTRICAL,uV,15.7276,6752.2685,6753.0428,6753.652,6736.5409,0.0087,0.0449,36.5,36.66,15.7276,6752.2685,6753.0428,6753.652,6736.5409,100.0,False,NOMINAL,HEALTHY,-32.73,-31.9
PRE_LOT05_COMP0607,LOT_05,PRECISION_VOLTAGE_REF,LCC-20,PRE-SIH-2026,THERMAL_BURN_IN,T05_0607,PROC-ISRO-IISU-01,ATE-STATION-01,CHAMBER-01,1.0,125.0,5.0,168,output_voltage_drift,ELECTRICAL,uV,12.9466,5546.4171,5547.0543,5547.5111,5533.4705,-0.0058,0.0318,34.81,35.08,12.9466,5546.4171,5547.0543,5547.5111,5533.4705,100.0,False,NOMINAL,HEALTHY,-20.79,46.28
PRE_LOT05_COMP0608,LOT_05,PRECISION_VOLTAGE_REF,LCC-20,PRE-SIH-2026,THERMAL_BURN_IN,T05_0608,PROC-ISRO-IISU-01,ATE-STATION-01,CHAMBER-01,1.0,125.0,5.0,168,output_voltage_drift,ELECTRICAL,uV,15.4094,6600.6597,6601.4192,6602.0254,6585.2503,-0.032,-0.0077,34.18,34.65,15.4094,6600.6597,6601.4192,6602.0254,6585.2503,100.0,False,NOMINAL,HEALTHY,3.62,-12.46
PRE_LOT05_COMP0609,LOT_05,PRECISION_VOLTAGE_REF,LCC-20,PRE-SIH-2026,THERMAL_BURN_IN,T05_0609,PROC-ISRO-IISU-01,ATE-STATION-01,CHAMBER-01,1.0,125.0,5.0,168,output_voltage_drift,ELECTRICAL,uV,14.3422,6157.3399,6158.0534,6158.5505,6142.9977,-0.0079,-0.0587,30.61,29.79,14.3422,6157.3399,6158.0534,6158.5505,6142.9977,100.0,False,NOMINAL,HEALTHY,-16.7,34.64
PRE_LOT05_COMP0610,LOT_05,PRECISION_VOLTAGE_REF,LCC-20,PRE-SIH-2026,THERMAL_BURN_IN,T05_0610,PROC-ISRO-IISU-01,ATE-STATION-01,CHAMBER-01,1.0,125.0,5.0,168,output_voltage_drift,ELECTRICAL,uV,13.6321,5845.0147,5845.7559,5846.3157,5831.3826,0.0102,0.0951,35.38,36.47,13.6321,5845.0147,5845.7559,5846.3157,5831.3826,100.0,False,NOMINAL,HEALTHY,-37.46,28.7
PRE_LOT05_COMP0611,LOT_05,PRECISION_VOLTAGE_REF,LCC-20,PRE-SIH-2026,THERMAL_BURN_IN,T05_0611,PROC-ISRO-IISU-01,ATE-STATION-01,CHAMBER-01,1.0,125.0,5.0,168,output_voltage_drift,ELECTRICAL,uV,12.8136,5497.1466,5497.6983,5498.1118,5484.333,0.0188,-0.0194,35.51,35.64,12.8136,5497.1466,5497.6983,5498.1118,5484.333,100.0,False,NOMINAL,HEALTHY,-8.66,-44.93
PRE_LOT05_COMP0612,LOT_05,PRECISION_VOLTAGE_REF,LCC-20,PRE-SIH-2026,THERMAL_BURN_IN,T05_0612,PROC-ISRO-IISU-01,ATE-STATION-01,CHAMBER-01,1.0,125.0,5.0,168,output_voltage_drift,ELECTRICAL,uV,15.7501,6748.5685,6749.2487,6749.7378,6732.8184,-0.0031,-0.0359,34.02,34.85,15.7501,6748.5685,6749.2487,6749.7378,6732.8184,100.0,False,NOMINAL,HEALTHY,-33.0,33.35
PRE_LOT05_COMP0613,LOT_05,PRECISION_VOLTAGE_REF,LCC-20,PRE-SIH-2026,THERMAL_BURN_IN,T05_0613,PROC-ISRO-IISU-01,ATE-STATION-01,CHAMBER-01,1.0,125.0,5.0,168,output_voltage_drift,ELECTRICAL,uV,13.9381,5974.6585,5975.3002,5975.8228,5960.7204,-0.0128,0.0026,34.25,34.74,13.9381,5974.6585,5975.3002,5975.8228,5960.7204,100.0,False,NOMINAL,HEALTHY,-44.36,-29.46
PRE_LOT05_COMP0614,LOT_05,PRECISION_VOLTAGE_REF,LCC-20,PRE-SIH-2026,THERMAL_BURN_IN,T05_0614,PROC-ISRO-IISU-01,ATE-STATION-01,CHAMBER-01,1.0,125.0,5.0,168,output_voltage_drift,ELECTRICAL,uV,15.5428,6665.1318,6665.9176,6666.5674,6649.589,0.0137,0.039,33.37,33.37,15.5428,6665.1318,6665.9176,6666.5674,6649.589,100.0,False,NOMINAL,HEALTHY,-45.89,27.1
PRE_LOT05_COMP0615,LOT_05,PRECISION_VOLTAGE_REF,LCC-20,PRE-SIH-2026,THERMAL_BURN_IN,T05_0615,PROC-ISRO-IISU-01,ATE-STATION-01,CHAMBER-01,1.0,125.0,5.0,168,output_voltage_drift,ELECTRICAL,uV,15.1339,6490.8714,6491.5426,6492.0006,6475.7375,0.0028,0.0008,37.37,37.89,15.1339,6490.8714,6491.5426,6492.0006,6475.7375,100.0,False,NOMINAL,HEALTHY,-49.47,-10.1
PRE_LOT05_COMP0616,LOT_05,PRECISION_VOLTAGE_REF,LCC-20,PRE-SIH-2026,THERMAL_BURN_IN,T05_0616,PROC-ISRO-IISU-01,ATE-STATION-01,CHAMBER-01,1.0,125.0,5.0,168,output_voltage_drift,ELECTRICAL,uV,14.1794,6095.9098,6096.6283,6097.1422,6081.7304,0.0065,0.0194,35.18,34.76,14.1794,6095.9098,6096.6283,6097.1422,6081.7304,100.0,False,NOMINAL,HEALTHY,30.2,27.06
PRE_LOT05_COMP0617,LOT_05,PRECISION_VOLTAGE_REF,LCC-20,PRE-SIH-2026,THERMAL_BURN_IN,T05_0617,PROC-ISRO-IISU-01,ATE-STATION-01,CHAMBER-01,1.0,125.0,5.0,168,output_voltage_drift,ELECTRICAL,uV,11.349,4866.4424,4866.9789,4867.3228,4855.0934,-0.0314,-0.0548,34.55,34.23,11.349,4866.4424,4866.9789,4867.3228,4855.0934,100.0,False,NOMINAL,HEALTHY,48.53,-46.33
PRE_LOT05_COMP0618,LOT_05,PRECISION_VOLTAGE_REF,LCC-20,PRE-SIH-2026,THERMAL_BURN_IN,T05_0618,PROC-ISRO-IISU-01,ATE-STATION-01,CHAMBER-01,1.0,125.0,5.0,168,output_voltage_drift,ELECTRICAL,uV,13.5734,5830.1604,5830.8305,5831.3641,5816.587,-0.0049,-0.0184,36.15,37.03,13.5734,5830.1604,5830.8305,5831.3641,5816.587,100.0,False,NOMINAL,HEALTHY,-16.19,26.88
PRE_LOT05_COMP0619,LOT_05,PRECISION_VOLTAGE_REF,LCC-20,PRE-SIH-2026,THERMAL_BURN_IN,T05_0619,PROC-ISRO-IISU-01,ATE-STATION-01,CHAMBER-01,1.0,125.0,5.0,168,output_voltage_drift,ELECTRICAL,uV,15.3109,6551.9365,6552.7933,6553.4002,6536.6256,0.0371,0.0326,36.68,36.39,15.3109,6551.9365,6552.7933,6553.4002,6536.6256,100.0,False,NOMINAL,HEALTHY,-22.85,38.99
PRE_LOT05_COMP0620,LOT_05,PRECISION_VOLTAGE_REF,LCC-20,PRE-SIH-2026,THERMAL_BURN_IN,T05_0620,PROC-ISRO-IISU-01,ATE-STATION-01,CHAMBER-01,1.0,125.0,5.0,168,output_voltage_drift,ELECTRICAL,uV,13.9003,5952.4929,5953.0966,5953.5795,5938.5926,-0.001,0.0042,35.68,36.03,13.9003,5952.4929,5953.0966,5953.5795,5938.5926,100.0,False,NOMINAL,HEALTHY,-31.49,27.92
PRE_LOT05_COMP0621,LOT_05,PRECISION_VOLTAGE_REF,LCC-20,PRE-SIH-2026,THERMAL_BURN_IN,T05_0621,PROC-ISRO-IISU-01,ATE-STATION-01,CHAMBER-01,1.0,125.0,5.0,168,output_voltage_drift,ELECTRICAL,uV,13.2516,5678.412,5679.0226,5679.5394,5665.1604,0.0112,0.0385,33.57,33.49,13.2516,5678.412,5679.0226,5679.5394,5665.1604,100.0,False,NOMINAL,HEALTHY,8.56,36.46
PRE_LOT05_COMP0622,LOT_05,PRECISION_VOLTAGE_REF,LCC-20,PRE-SIH-2026,THERMAL_BURN_IN,T05_0622,PROC-ISRO-IISU-01,ATE-STATION-01,CHAMBER-01,1.0,125.0,5.0,168,output_voltage_drift,ELECTRICAL,uV,13.567,5816.5098,5817.1562,5817.64,5802.9428,0.0197,0.0268,35.21,35.15,13.567,5816.5098,5817.1562,5817.64,5802.9428,100.0,False,NOMINAL,HEALTHY,30.22,-38.72
PRE_LOT05_COMP0623,LOT_05,PRECISION_VOLTAGE_REF,LCC-20,PRE-SIH-2026,THERMAL_BURN_IN,T05_0623,PROC-ISRO-IISU-01,ATE-STATION-01,CHAMBER-01,1.0,125.0,5.0,168,output_voltage_drift,ELECTRICAL,uV,18.2934,7845.7845,7846.7048,7847.337,7827.4911,-0.0108,-0.0109,34.45,35.5,18.2934,7845.7845,7846.7048,7847.337,7827.4911,100.0,False,NOMINAL,HEALTHY,41.39,1.5
PRE_LOT05_COMP0624,LOT_05,PRECISION_VOLTAGE_REF,LCC-20,PRE-SIH-2026,THERMAL_BURN_IN,T05_0624,PROC-ISRO-IISU-01,ATE-STATION-01,CHAMBER-01,1.0,125.0,5.0,168,output_voltage_drift,ELECTRICAL,uV,14.0376,6020.0258,6020.6569,6021.1761,6005.9882,-0.0084,0.0242,37.68,38.24,14.0376,6020.0258,6020.6569,6021.1761,6005.9882,100.0,False,NOMINAL,HEALTHY,-20.39,-17.79
PRE_LOT05_COMP0625,LOT_05,PRECISION_VOLTAGE_REF,LCC-20,PRE-SIH-2026,THERMAL_BURN_IN,T05_0625,PROC-ISRO-IISU-01,ATE-STATION-01,CHAMBER-01,1.0,125.0,5.0,168,output_voltage_drift,ELECTRICAL,uV,15.8386,6797.1792,6797.9741,6798.5152,6781.3406,0.0151,0.066,34.66,34.61,15.8386,6797.1792,6797.9741,6798.5152,6781.3406,100.0,False,NOMINAL,HEALTHY,-36.53,-44.94
PRE_LOT05_COMP0626,LOT_05,PRECISION_VOLTAGE_REF,LCC-20,PRE-SIH-2026,THERMAL_BURN_IN,T05_0626,PROC-ISRO-IISU-01,ATE-STATION-01,CHAMBER-01,1.0,125.0,5.0,168,output_voltage_drift,ELECTRICAL,uV,11.1272,4773.8038,4774.4065,4774.7995,4762.6766,-0.0108,0.058,34.88,35.16,11.1272,4773.8038,4774.4065,4774.7995,4762.6766,100.0,False,NOMINAL,HEALTHY,-48.95,27.84
PRE_LOT05_COMP0627,LOT_05,PRECISION_VOLTAGE_REF,LCC-20,PRE-SIH-2026,THERMAL_BURN_IN,T05_0627,PROC-ISRO-IISU-01,ATE-STATION-01,CHAMBER-01,1.0,125.0,5.0,168,output_voltage_drift,ELECTRICAL,uV,13.1811,5661.5886,5662.2832,5662.7927,5648.4075,0.0083,-0.0652,34.8,35.68,13.1811,5661.5886,5662.2832,5662.7927,5648.4075,100.0,False,NOMINAL,HEALTHY,-34.13,-20.77
PRE_LOT05_COMP0628,LOT_05,PRECISION_VOLTAGE_REF,LCC-20,PRE-SIH-2026,THERMAL_BURN_IN,T05_0628,PROC-ISRO-IISU-01,ATE-STATION-01,CHAMBER-01,1.0,125.0,5.0,168,output_voltage_drift,ELECTRICAL,uV,13.8241,5918.2204,5918.8865,5919.362,5904.3963,0.0205,-0.0298,35.12,35.21,13.8241,5918.2204,5918.8865,5919.362,5904.3963,100.0,False,NOMINAL,HEALTHY,-49.17,-21.2
PRE_LOT05_COMP0629,LOT_05,PRECISION_VOLTAGE_REF,LCC-20,PRE-SIH-2026,THERMAL_BURN_IN,T05_0629,PROC-ISRO-IISU-01,ATE-STATION-01,CHAMBER-01,1.0,125.0,5.0,168,output_voltage_drift,ELECTRICAL,uV,15.902,6818.4689,6819.2927,6819.8962,6802.5669,0.0322,0.1147,31.33,31.06,15.902,6818.4689,6819.2927,6819.8962,6802.5669,100.0,False,NOMINAL,HEALTHY,37.8,-29.78
PRE_LOT05_COMP0630,LOT_05,PRECISION_VOLTAGE_REF,LCC-20,PRE-SIH-2026,THERMAL_BURN_IN,T05_0630,PROC-ISRO-IISU-01,ATE-STATION-01,CHAMBER-01,1.0,125.0,5.0,168,output_voltage_drift,ELECTRICAL,uV,13.5398,5801.8805,5802.5828,5803.0533,5788.3407,-0.0302,0.0611,34.93,35.36,13.5398,5801.8805,5802.5828,5803.0533,5788.3407,100.0,False,NOMINAL,HEALTHY,8.41,-7.81
PRE_LOT05_COMP0631,LOT_05,PRECISION_VOLTAGE_REF,LCC-20,PRE-SIH-2026,THERMAL_BURN_IN,T05_0631,PROC-ISRO-IISU-01,ATE-STATION-01,CHAMBER-01,1.0,125.0,5.0,168,output_voltage_drift,ELECTRICAL,uV,13.6655,5861.5721,5862.2187,5862.6304,5847.9066,0.0329,-0.106,33.82,33.91,13.6655,5861.5721,5862.2187,5862.6304,5847.9066,100.0,False,NOMINAL,HEALTHY,-14.75,47.36
PRE_LOT05_COMP0632,LOT_05,PRECISION_VOLTAGE_REF,LCC-20,PRE-SIH-2026,THERMAL_BURN_IN,T05_0632,PROC-ISRO-IISU-01,ATE-STATION-01,CHAMBER-01,1.0,125.0,5.0,168,output_voltage_drift,ELECTRICAL,uV,14.3937,6178.8595,6179.4991,6180.052,6164.4658,-0.0072,-0.0262,34.69,35.12,14.3937,6178.8595,6179.4991,6180.052,6164.4658,100.0,False,NOMINAL,HEALTHY,19.31,-21.76
PRE_LOT05_COMP0633,LOT_05,PRECISION_VOLTAGE_REF,LCC-20,PRE-SIH-2026,THERMAL_BURN_IN,T05_0633,PROC-ISRO-IISU-01,ATE-STATION-01,CHAMBER-01,1.0,125.0,5.0,168,output_voltage_drift,ELECTRICAL,uV,13.6903,5871.1174,5871.7481,5872.2888,5857.4271,0.0305,0.1352,34.22,34.87,13.6903,5871.1174,5871.7481,5872.2888,5857.4271,100.0,False,NOMINAL,HEALTHY,-38.13,-46.82
PRE_LOT05_COMP0634,LOT_05,PRECISION_VOLTAGE_REF,LCC-20,PRE-SIH-2026,THERMAL_BURN_IN,T05_0634,PROC-ISRO-IISU-01,ATE-STATION-01,CHAMBER-01,1.0,125.0,5.0,168,output_voltage_drift,ELECTRICAL,uV,15.0311,6445.4899,6446.1579,6446.6519,6430.4588,0.0069,-0.0149,34.15,34.4,15.0311,6445.4899,6446.1579,6446.6519,6430.4588,100.0,False,NOMINAL,HEALTHY,-10.16,-15.56
PRE_LOT05_COMP0635,LOT_05,PRECISION_VOLTAGE_REF,LCC-20,PRE-SIH-2026,THERMAL_BURN_IN,T05_0635,PROC-ISRO-IISU-01,ATE-STATION-01,CHAMBER-01,1.0,125.0,5.0,168,output_voltage_drift,ELECTRICAL,uV,12.6564,5425.7254,5426.3783,5426.9455,5413.069,-0.0136,-0.0101,37.53,38.15,12.6564,5425.7254,5426.3783,5426.9455,5413.069,100.0,False,NOMINAL,HEALTHY,-31.32,-33.45
PRE_LOT05_COMP0636,LOT_05,PRECISION_VOLTAGE_REF,LCC-20,PRE-SIH-2026,THERMAL_BURN_IN,T05_0636,PROC-ISRO-IISU-01,ATE-STATION-01,CHAMBER-01,1.0,125.0,5.0,168,output_voltage_drift,ELECTRICAL,uV,15.4353,6614.8739,6615.5764,6616.2455,6599.4386,0.0005,0.0012,34.19,34.75,15.4353,6614.8739,6615.5764,6616.2455,6599.4386,100.0,False,NOMINAL,HEALTHY,38.48,-38.08
PRE_LOT05_COMP0637,LOT_05,PRECISION_VOLTAGE_REF,LCC-20,PRE-SIH-2026,THERMAL_BURN_IN,T05_0637,PROC-ISRO-IISU-01,ATE-STATION-01,CHAMBER-01,1.0,125.0,5.0,168,output_voltage_drift,ELECTRICAL,uV,12.1795,5217.5499,5218.1596,5218.6794,5205.3704,0.002,0.0391,34.47,34.71,12.1795,5217.5499,5218.1596,5218.6794,5205.3704,100.0,False,NOMINAL,HEALTHY,-26.28,12.61
PRE_LOT05_COMP0638,LOT_05,PRECISION_VOLTAGE_REF,LCC-20,PRE-SIH-2026,THERMAL_BURN_IN,T05_0638,PROC-ISRO-IISU-01,ATE-STATION-01,CHAMBER-01,1.0,125.0,5.0,168,output_voltage_drift,ELECTRICAL,uV,17.2606,7410.0365,7410.8725,7411.5575,7392.7759,-0.0447,0.0448,36.34,36.09,17.2606,7410.0365,7410.8725,7411.5575,7392.7759,100.0,False,NOMINAL,HEALTHY,-28.69,-4.42
PRE_LOT05_COMP0639,LOT_05,PRECISION_VOLTAGE_REF,LCC-20,PRE-SIH-2026,THERMAL_BURN_IN,T05_0639,PROC-ISRO-IISU-01,ATE-STATION-01,CHAMBER-01,1.0,125.0,5.0,168,output_voltage_drift,ELECTRICAL,uV,13.445,5769.6536,5770.2244,5770.6977,5756.2086,0.0091,0.0642,35.62,34.24,13.445,5769.6536,5770.2244,5770.6977,5756.2086,100.0,False,NOMINAL,HEALTHY,-33.8,16.54
PRE_LOT05_COMP0640,LOT_05,PRECISION_VOLTAGE_REF,LCC-20,PRE-SIH-2026,THERMAL_BURN_IN,T05_0640,PROC-ISRO-IISU-01,ATE-STATION-01,CHAMBER-01,1.0,125.0,5.0,168,output_voltage_drift,ELECTRICAL,uV,13.4828,5784.5074,5785.1369,5785.6928,5771.0246,0.0275,0.0835,35.86,36.8,13.4828,5784.5074,5785.1369,5785.6928,5771.0246,100.0,False,NOMINAL,HEALTHY,32.23,46.56
PRE_LOT05_COMP0641,LOT_05,PRECISION_VOLTAGE_REF,LCC-20,PRE-SIH-2026,THERMAL_BURN_IN,T05_0641,PROC-ISRO-IISU-01,ATE-STATION-01,CHAMBER-01,1.0,125.0,5.0,168,output_voltage_drift,ELECTRICAL,uV,12.418,5322.2239,5322.782,5323.1963,5309.8059,0.0021,-0.0683,34.06,33.83,12.418,5322.2239,5322.782,5323.1963,5309.8059,100.0,False,NOMINAL,HEALTHY,39.19,1.86
PRE_LOT05_COMP0642,LOT_05,PRECISION_VOLTAGE_REF,LCC-20,PRE-SIH-2026,THERMAL_BURN_IN,T05_0642,PROC-ISRO-IISU-01,ATE-STATION-01,CHAMBER-01,1.0,125.0,5.0,168,output_voltage_drift,ELECTRICAL,uV,12.4012,5319.1234,5319.7532,5320.268,5306.7222,-0.003,0.0227,35.33,35.22,12.4012,5319.1234,5319.7532,5320.268,5306.7222,100.0,False,NOMINAL,HEALTHY,27.75,40.81
PRE_LOT05_COMP0643,LOT_05,PRECISION_VOLTAGE_REF,LCC-20,PRE-SIH-2026,THERMAL_BURN_IN,T05_0643,PROC-ISRO-IISU-01,ATE-STATION-01,CHAMBER-01,1.0,125.0,5.0,168,output_voltage_drift,ELECTRICAL,uV,15.1613,6495.472,6496.0643,6496.4934,6480.3107,-0.04,-0.0045,35.24,35.68,15.1613,6495.472,6496.0643,6496.4934,6480.3107,100.0,False,NOMINAL,HEALTHY,-22.67,9.82
PRE_LOT05_COMP0644,LOT_05,PRECISION_VOLTAGE_REF,LCC-20,PRE-SIH-2026,THERMAL_BURN_IN,T05_0644,PROC-ISRO-IISU-01,ATE-STATION-01,CHAMBER-01,1.0,125.0,5.0,168,output_voltage_drift,ELECTRICAL,uV,13.6188,5837.9418,5838.5971,5839.0408,5824.323,0.0341,0.0086,34.39,34.2,13.6188,5837.9418,5838.5971,5839.0408,5824.323,100.0,False,NOMINAL,HEALTHY,23.01,34.36
PRE_LOT05_COMP0645,LOT_05,PRECISION_VOLTAGE_REF,LCC-20,PRE-SIH-2026,THERMAL_BURN_IN,T05_0645,PROC-ISRO-IISU-01,ATE-STATION-01,CHAMBER-01,1.0,125.0,5.0,168,output_voltage_drift,ELECTRICAL,uV,13.3404,5722.3977,5722.9465,5723.381,5709.0573,-0.0279,-0.0256,35.61,35.78,13.3404,5722.3977,5722.9465,5723.381,5709.0573,100.0,False,NOMINAL,HEALTHY,-34.81,28.75
PRE_LOT05_COMP0646,LOT_05,PRECISION_VOLTAGE_REF,LCC-20,PRE-SIH-2026,THERMAL_BURN_IN,T05_0646,PROC-ISRO-IISU-01,ATE-STATION-01,CHAMBER-01,1.0,125.0,5.0,168,output_voltage_drift,ELECTRICAL,uV,15.4122,6604.3313,6605.1217,6605.7665,6588.9191,0.0064,0.0145,35.98,36.52,15.4122,6604.3313,6605.1217,6605.7665,6588.9191,100.0,False,NOMINAL,HEALTHY,-36.85,-35.2
PRE_LOT05_COMP0647,LOT_05,PRECISION_VOLTAGE_REF,LCC-20,PRE-SIH-2026,THERMAL_BURN_IN,T05_0647,PROC-ISRO-IISU-01,ATE-STATION-01,CHAMBER-01,1.0,125.0,5.0,168,output_voltage_drift,ELECTRICAL,uV,12.9617,5557.2463,5557.9135,5558.3634,5544.2846,-0.0335,-0.0032,33.82,33.91,12.9617,5557.2463,5557.9135,5558.3634,5544.2846,100.0,False,NOMINAL,HEALTHY,-22.65,-32.08
PRE_LOT05_COMP0648,LOT_05,PRECISION_VOLTAGE_REF,LCC-20,PRE-SIH-2026,THERMAL_BURN_IN,T05_0648,PROC-ISRO-IISU-01,ATE-STATION-01,CHAMBER-01,1.0,125.0,5.0,168,output_voltage_drift,ELECTRICAL,uV,13.6213,5830.6604,5831.2696,5831.8084,5817.0391,-0.0065,0.0183,36.28,36.35,13.6213,5830.6604,5831.2696,5831.8084,5817.0391,100.0,False,NOMINAL,HEALTHY,-36.55,22.07
PRE_LOT05_COMP0649,LOT_05,PRECISION_VOLTAGE_REF,LCC-20,PRE-SIH-2026,THERMAL_BURN_IN,T05_0649,PROC-ISRO-IISU-01,ATE-STATION-01,CHAMBER-01,1.0,125.0,5.0,168,output_voltage_drift,ELECTRICAL,uV,16.5543,7108.2209,7109.1267,7109.7497,7091.6666,-0.0167,-0.0237,34.41,34.23,16.5543,7108.2209,7109.1267,7109.7497,7091.6666,100.0,False,NOMINAL,HEALTHY,33.6,-21.66
PRE_LOT05_COMP0650,LOT_05,PRECISION_VOLTAGE_REF,LCC-20,PRE-SIH-2026,THERMAL_BURN_IN,T05_0650,PROC-ISRO-IISU-01,ATE-STATION-01,CHAMBER-01,1.0,125.0,5.0,168,output_voltage_drift,ELECTRICAL,uV,13.0711,5603.0686,5603.6507,5604.1489,5589.9975,0.0136,0.0171,36.59,36.33,13.0711,5603.0686,5603.6507,5604.1489,5589.9975,100.0,False,NOMINAL,HEALTHY,-27.49,5.33
PRE_LOT05_COMP0651,LOT_05,PRECISION_VOLTAGE_REF,LCC-20,PRE-SIH-2026,THERMAL_BURN_IN,T05_0651,PROC-ISRO-IISU-01,ATE-STATION-01,CHAMBER-01,1.0,125.0,5.0,168,output_voltage_drift,ELECTRICAL,uV,15.2522,6543.7382,6544.5266,6545.1288,6528.486,-0.0257,0.0225,33.98,33.93,15.2522,6543.7382,6544.5266,6545.1288,6528.486,100.0,True,DIELECTRIC_OSCILLATION,HEALTHY,-8.81,-30.42
PRE_LOT05_COMP0652,LOT_05,PRECISION_VOLTAGE_REF,LCC-20,PRE-SIH-2026,THERMAL_BURN_IN,T05_0652,PROC-ISRO-IISU-01,ATE-STATION-01,CHAMBER-01,1.0,125.0,5.0,168,output_voltage_drift,ELECTRICAL,uV,13.7568,5897.9967,5898.6804,5899.1944,5884.2399,-0.0113,-0.0684,34.67,35.48,13.7568,5897.9967,5898.6804,5899.1944,5884.2399,100.0,False,NOMINAL,HEALTHY,-22.9,4.86
PRE_LOT05_COMP0653,LOT_05,PRECISION_VOLTAGE_REF,LCC-20,PRE-SIH-2026,THERMAL_BURN_IN,T05_0653,PROC-ISRO-IISU-01,ATE-STATION-01,CHAMBER-01,1.0,125.0,5.0,168,output_voltage_drift,ELECTRICAL,uV,14.7473,6329.1933,6329.8383,6330.3107,6314.446,-0.0275,0.0213,33.32,33.16,14.7473,6329.1933,6329.8383,6330.3107,6314.446,100.0,False,NOMINAL,HEALTHY,2.88,33.99
PRE_LOT05_COMP0654,LOT_05,PRECISION_VOLTAGE_REF,LCC-20,PRE-SIH-2026,THERMAL_BURN_IN,T05_0654,PROC-ISRO-IISU-01,ATE-STATION-01,CHAMBER-01,1.0,125.0,5.0,168,output_voltage_drift,ELECTRICAL,uV,13.9337,5974.0809,5974.7341,5975.2151,5960.1472,-0.0018,-0.0871,35.76,35.36,13.9337,5974.0809,5974.7341,5975.2151,5960.1472,100.0,False,NOMINAL,HEALTHY,36.97,-2.63
PRE_LOT05_COMP0655,LOT_05,PRECISION_VOLTAGE_REF,LCC-20,PRE-SIH-2026,THERMAL_BURN_IN,T05_0655,PROC-ISRO-IISU-01,ATE-STATION-01,CHAMBER-01,1.0,125.0,5.0,168,output_voltage_drift,ELECTRICAL,uV,13.4514,5772.7823,5773.515,5774.0539,5759.3309,-0.03,0.0156,35.1,33.74,13.4514,5772.7823,5773.515,5774.0539,5759.3309,100.0,False,NOMINAL,HEALTHY,-8.41,30.55
PRE_LOT05_COMP0656,LOT_05,PRECISION_VOLTAGE_REF,LCC-20,PRE-SIH-2026,THERMAL_BURN_IN,T05_0656,PROC-ISRO-IISU-01,ATE-STATION-01,CHAMBER-01,1.0,125.0,5.0,168,output_voltage_drift,ELECTRICAL,uV,11.7102,5012.0189,5012.5623,5012.9637,5000.3087,0.0105,0.0082,33.32,33.34,11.7102,5012.0189,5012.5623,5012.9637,5000.3087,100.0,False,NOMINAL,HEALTHY,3.36,-47.81
PRE_LOT05_COMP0657,LOT_05,PRECISION_VOLTAGE_REF,LCC-20,PRE-SIH-2026,THERMAL_BURN_IN,T05_0657,PROC-ISRO-IISU-01,ATE-STATION-01,CHAMBER-01,1.0,125.0,5.0,168,output_voltage_drift,ELECTRICAL,uV,12.5923,5402.2361,5402.8676,5403.3413,5389.6438,-0.0086,-0.0444,35.8,35.06,12.5923,5402.2361,5402.8676,5403.3413,5389.6438,100.0,False,NOMINAL,HEALTHY,49.98,-10.72
PRE_LOT05_COMP0658,LOT_05,PRECISION_VOLTAGE_REF,LCC-20,PRE-SIH-2026,THERMAL_BURN_IN,T05_0658,PROC-ISRO-IISU-01,ATE-STATION-01,CHAMBER-01,1.0,125.0,5.0,168,output_voltage_drift,ELECTRICAL,uV,15.3981,6614.2868,6615.0386,6615.5684,6598.8887,-0.0096,-0.0616,34.21,33.9,15.3981,6614.2868,6615.0386,6615.5684,6598.8887,100.0,False,NOMINAL,HEALTHY,30.86,-41.03
PRE_LOT05_COMP0659,LOT_05,PRECISION_VOLTAGE_REF,LCC-20,PRE-SIH-2026,THERMAL_BURN_IN,T05_0659,PROC-ISRO-IISU-01,ATE-STATION-01,CHAMBER-01,1.0,125.0,5.0,168,output_voltage_drift,ELECTRICAL,uV,13.8742,5960.9182,5961.53,5961.9554,5947.044,0.004,0.0275,34.26,34.49,13.8742,5960.9182,5961.53,5961.9554,5947.044,100.0,False,NOMINAL,HEALTHY,6.63,-33.44
PRE_LOT05_COMP0660,LOT_05,PRECISION_VOLTAGE_REF,LCC-20,PRE-SIH-2026,THERMAL_BURN_IN,T05_0660,PROC-ISRO-IISU-01,ATE-STATION-01,CHAMBER-01,1.0,125.0,5.0,168,output_voltage_drift,ELECTRICAL,uV,16.4183,7037.252,7038.1525,7038.799,7020.8337,0.0062,-0.0606,35.06,35.06,16.4183,7037.252,7038.1525,7038.799,7020.8337,100.0,False,NOMINAL,HEALTHY,-28.42,28.93
PRE_LOT05_COMP0661,LOT_05,PRECISION_VOLTAGE_REF,LCC-20,PRE-SIH-2026,THERMAL_BURN_IN,T05_0661,PROC-ISRO-IISU-01,ATE-STATION-01,CHAMBER-01,1.0,125.0,5.0,168,output_voltage_drift,ELECTRICAL,uV,15.5353,6655.5381,6656.275,6656.9095,6640.0028,0.0018,0.0335,36.03,35.84,15.5353,6655.5381,6656.275,6656.9095,6640.0028,100.0,False,NOMINAL,HEALTHY,21.69,19.01
PRE_LOT05_COMP0662,LOT_05,PRECISION_VOLTAGE_REF,LCC-20,PRE-SIH-2026,THERMAL_BURN_IN,T05_0662,PROC-ISRO-IISU-01,ATE-STATION-01,CHAMBER-01,1.0,125.0,5.0,168,output_voltage_drift,ELECTRICAL,uV,16.0362,6874.532,6875.2855,6875.8584,6858.4958,-0.0125,-0.0453,34.82,34.69,16.0362,6874.532,6875.2855,6875.8584,6858.4958,100.0,False,NOMINAL,HEALTHY,-25.74,-5.97
PRE_LOT05_COMP0663,LOT_05,PRECISION_VOLTAGE_REF,LCC-20,PRE-SIH-2026,THERMAL_BURN_IN,T05_0663,PROC-ISRO-IISU-01,ATE-STATION-01,CHAMBER-01,1.0,125.0,5.0,168,output_voltage_drift,ELECTRICAL,uV,11.3768,4875.9659,4876.5145,4876.9537,4864.5891,-0.0096,-0.0425,34.69,34.28,11.3768,4875.9659,4876.5145,4876.9537,4864.5891,100.0,False,NOMINAL,HEALTHY,-1.48,32.52
PRE_LOT05_COMP0664,LOT_05,PRECISION_VOLTAGE_REF,LCC-20,PRE-SIH-2026,THERMAL_BURN_IN,T05_0664,PROC-ISRO-IISU-01,ATE-STATION-01,CHAMBER-01,1.0,125.0,5.0,168,output_voltage_drift,ELECTRICAL,uV,17.0,7276.3653,7277.1777,7277.8035,7259.3653,0.0298,0.0565,33.79,33.5,17.0,7276.3653,7277.1777,7277.8035,7259.3653,100.0,False,NOMINAL,HEALTHY,29.89,-35.27
PRE_LOT05_COMP0665,LOT_05,PRECISION_VOLTAGE_REF,LCC-20,PRE-SIH-2026,THERMAL_BURN_IN,T05_0665,PROC-ISRO-IISU-01,ATE-STATION-01,CHAMBER-01,1.0,125.0,5.0,168,output_voltage_drift,ELECTRICAL,uV,18.2034,7792.0414,7792.8435,7793.4927,7773.838,0.0007,-0.0349,35.27,34.55,18.2034,7792.0414,7792.8435,7793.4927,7773.838,100.0,False,NOMINAL,HEALTHY,4.35,47.03
PRE_LOT05_COMP0666,LOT_05,PRECISION_VOLTAGE_REF,LCC-20,PRE-SIH-2026,THERMAL_BURN_IN,T05_0666,PROC-ISRO-IISU-01,ATE-STATION-01,CHAMBER-01,1.0,125.0,5.0,168,output_voltage_drift,ELECTRICAL,uV,12.3755,5301.1921,5301.7918,5302.253,5288.8166,0.013,-0.0039,33.06,33.01,12.3755,5301.1921,5301.7918,5302.253,5288.8166,100.0,False,NOMINAL,HEALTHY,-40.86,32.06
PRE_LOT05_COMP0667,LOT_05,PRECISION_VOLTAGE_REF,LCC-20,PRE-SIH-2026,THERMAL_BURN_IN,T05_0667,PROC-ISRO-IISU-01,ATE-STATION-01,CHAMBER-01,1.0,125.0,5.0,168,output_voltage_drift,ELECTRICAL,uV,14.5314,6235.9155,6236.5891,6237.1948,6221.3841,-0.0288,0.025,34.76,33.86,14.5314,6235.9155,6236.5891,6237.1948,6221.3841,100.0,False,NOMINAL,HEALTHY,3.19,-41.85
PRE_LOT05_COMP0668,LOT_05,PRECISION_VOLTAGE_REF,LCC-20,PRE-SIH-2026,THERMAL_BURN_IN,T05_0668,PROC-ISRO-IISU-01,ATE-STATION-01,CHAMBER-01,1.0,125.0,5.0,168,output_voltage_drift,ELECTRICAL,uV,14.3849,6162.0259,6162.6174,6163.2102,6147.641,0.0172,0.0009,35.36,36.5,14.3849,6162.0259,6162.6174,6163.2102,6147.641,100.0,False,NOMINAL,HEALTHY,-29.33,-37.79
PRE_LOT05_COMP0669,LOT_05,PRECISION_VOLTAGE_REF,LCC-20,PRE-SIH-2026,THERMAL_BURN_IN,T05_0669,PROC-ISRO-IISU-01,ATE-STATION-01,CHAMBER-01,1.0,125.0,5.0,168,output_voltage_drift,ELECTRICAL,uV,12.0795,5178.0497,5178.5862,5179.0182,5165.9702,-0.0016,0.0385,34.22,34.5,12.0795,5178.0497,5178.5862,5179.0182,5165.9702,100.0,False,NOMINAL,HEALTHY,48.61,36.04
PRE_LOT05_COMP0670,LOT_05,PRECISION_VOLTAGE_REF,LCC-20,PRE-SIH-2026,THERMAL_BURN_IN,T05_0670,PROC-ISRO-IISU-01,ATE-STATION-01,CHAMBER-01,1.0,125.0,5.0,168,output_voltage_drift,ELECTRICAL,uV,13.2062,5675.2914,5675.9697,5676.4034,5662.0852,-0.0046,0.0251,35.81,36.23,13.2062,5675.2914,5675.9697,5676.4034,5662.0852,100.0,False,NOMINAL,HEALTHY,47.89,28.85
PRE_LOT05_COMP0671,LOT_05,PRECISION_VOLTAGE_REF,LCC-20,PRE-SIH-2026,THERMAL_BURN_IN,T05_0671,PROC-ISRO-IISU-01,ATE-STATION-01,CHAMBER-01,1.0,125.0,5.0,168,output_voltage_drift,ELECTRICAL,uV,15.0325,6438.6604,6439.327,6439.8725,6423.6279,0.0226,0.0389,34.68,34.28,15.0325,6438.6604,6439.327,6439.8725,6423.6279,100.0,False,NOMINAL,HEALTHY,32.69,11.42
PRE_LOT05_COMP0672,LOT_05,PRECISION_VOLTAGE_REF,LCC-20,PRE-SIH-2026,THERMAL_BURN_IN,T05_0672,PROC-ISRO-IISU-01,ATE-STATION-01,CHAMBER-01,1.0,125.0,5.0,168,output_voltage_drift,ELECTRICAL,uV,11.9263,5109.9247,5110.4687,5110.9336,5097.9984,-0.0042,0.0282,35.73,36.55,11.9263,5109.9247,5110.4687,5110.9336,5097.9984,100.0,False,NOMINAL,HEALTHY,-11.6,-14.94
PRE_LOT05_COMP0673,LOT_05,PRECISION_VOLTAGE_REF,LCC-20,PRE-SIH-2026,THERMAL_BURN_IN,T05_0673,PROC-ISRO-IISU-01,ATE-STATION-01,CHAMBER-01,1.0,125.0,5.0,168,output_voltage_drift,ELECTRICAL,uV,13.3431,5716.0577,5716.6317,5717.0035,5702.7146,0.0046,-0.0869,33.61,33.82,13.3431,5716.0577,5716.6317,5717.0035,5702.7146,100.0,False,NOMINAL,HEALTHY,-5.02,28.47
PRE_LOT05_COMP0674,LOT_05,PRECISION_VOLTAGE_REF,LCC-20,PRE-SIH-2026,THERMAL_BURN_IN,T05_0674,PROC-ISRO-IISU-01,ATE-STATION-01,CHAMBER-01,1.0,125.0,5.0,168,output_voltage_drift,ELECTRICAL,uV,11.3876,4887.9775,4888.5058,4888.919,4876.5899,-0.028,0.0153,35.45,35.7,11.3876,4887.9775,4888.5058,4888.919,4876.5899,100.0,False,NOMINAL,HEALTHY,15.05,-19.47
PRE_LOT05_COMP0675,LOT_05,PRECISION_VOLTAGE_REF,LCC-20,PRE-SIH-2026,THERMAL_BURN_IN,T05_0675,PROC-ISRO-IISU-01,ATE-STATION-01,CHAMBER-01,1.0,125.0,5.0,168,output_voltage_drift,ELECTRICAL,uV,16.6871,7150.4003,7151.1433,7151.7237,7133.7132,0.0508,0.0538,34.42,35.74,16.6871,7150.4003,7151.1433,7151.7237,7133.7132,100.0,False,NOMINAL,HEALTHY,-46.98,-14.14
PRE_LOT05_COMP0676,LOT_05,PRECISION_VOLTAGE_REF,LCC-20,PRE-SIH-2026,THERMAL_BURN_IN,T05_0676,PROC-ISRO-IISU-01,ATE-STATION-01,CHAMBER-01,1.0,125.0,5.0,168,output_voltage_drift,ELECTRICAL,uV,13.6149,5843.5497,5844.2261,5844.7423,5829.9348,-0.0356,-0.0203,33.72,33.5,13.6149,5843.5497,5844.2261,5844.7423,5829.9348,100.0,False,NOMINAL,HEALTHY,3.99,6.91
PRE_LOT05_COMP0677,LOT_05,PRECISION_VOLTAGE_REF,LCC-20,PRE-SIH-2026,THERMAL_BURN_IN,T05_0677,PROC-ISRO-IISU-01,ATE-STATION-01,CHAMBER-01,1.0,125.0,5.0,168,output_voltage_drift,ELECTRICAL,uV,15.1766,6508.0201,6508.7321,6509.2174,6492.8435,0.0363,0.0256,34.46,34.42,15.1766,6508.0201,6508.7321,6509.2174,6492.8435,100.0,False,NOMINAL,HEALTHY,-29.52,-43.32
PRE_LOT05_COMP0678,LOT_05,PRECISION_VOLTAGE_REF,LCC-20,PRE-SIH-2026,THERMAL_BURN_IN,T05_0678,PROC-ISRO-IISU-01,ATE-STATION-01,CHAMBER-01,1.0,125.0,5.0,168,output_voltage_drift,ELECTRICAL,uV,15.2565,6541.1961,6541.8194,6542.2944,6525.9396,-0.0124,-0.0061,34.54,33.27,15.2565,6541.1961,6541.8194,6542.2944,6525.9396,100.0,False,NOMINAL,HEALTHY,-35.63,-7.01
PRE_LOT05_COMP0679,LOT_05,PRECISION_VOLTAGE_REF,LCC-20,PRE-SIH-2026,THERMAL_BURN_IN,T05_0679,PROC-ISRO-IISU-01,ATE-STATION-01,CHAMBER-01,1.0,125.0,5.0,168,output_voltage_drift,ELECTRICAL,uV,15.2452,6547.224,6547.9822,6548.5009,6531.9788,-0.0249,-0.0722,35.14,35.52,15.2452,6547.224,6547.9822,6548.5009,6531.9788,100.0,False,NOMINAL,HEALTHY,45.0,1.52
PRE_LOT05_COMP0680,LOT_05,PRECISION_VOLTAGE_REF,LCC-20,PRE-SIH-2026,THERMAL_BURN_IN,T05_0680,PROC-ISRO-IISU-01,ATE-STATION-01,CHAMBER-01,1.0,125.0,5.0,168,output_voltage_drift,ELECTRICAL,uV,12.2656,5252.9267,5253.5487,5253.9977,5240.6611,0.0176,0.0748,33.08,32.51,12.2656,5252.9267,5253.5487,5253.9977,5240.6611,100.0,False,NOMINAL,HEALTHY,42.08,26.46
PRE_LOT05_COMP0681,LOT_05,PRECISION_VOLTAGE_REF,LCC-20,PRE-SIH-2026,THERMAL_BURN_IN,T05_0681,PROC-ISRO-IISU-01,ATE-STATION-01,CHAMBER-01,1.0,125.0,5.0,168,output_voltage_drift,ELECTRICAL,uV,13.8801,5942.4741,5943.1259,5943.5454,5928.594,-0.0327,-0.0702,33.9,34.45,13.8801,5942.4741,5943.1259,5943.5454,5928.594,100.0,False,NOMINAL,HEALTHY,-30.42,-16.57
PRE_LOT05_COMP0682,LOT_05,PRECISION_VOLTAGE_REF,LCC-20,PRE-SIH-2026,THERMAL_BURN_IN,T05_0682,PROC-ISRO-IISU-01,ATE-STATION-01,CHAMBER-01,1.0,125.0,5.0,168,output_voltage_drift,ELECTRICAL,uV,12.5941,5398.0786,5398.6473,5399.1107,5385.4845,-0.0288,-0.0186,36.1,35.98,12.5941,5398.0786,5398.6473,5399.1107,5385.4845,100.0,False,NOMINAL,HEALTHY,-32.11,8.04
PRE_LOT05_COMP0683,LOT_05,PRECISION_VOLTAGE_REF,LCC-20,PRE-SIH-2026,THERMAL_BURN_IN,T05_0683,PROC-ISRO-IISU-01,ATE-STATION-01,CHAMBER-01,1.0,125.0,5.0,168,output_voltage_drift,ELECTRICAL,uV,13.151,5640.9474,5641.596,5642.0197,5627.7964,-0.0152,-0.0492,35.13,35.18,13.151,5640.9474,5641.596,5642.0197,5627.7964,100.0,False,NOMINAL,HEALTHY,-34.35,-30.44
PRE_LOT05_COMP0684,LOT_05,PRECISION_VOLTAGE_REF,LCC-20,PRE-SIH-2026,THERMAL_BURN_IN,T05_0684,PROC-ISRO-IISU-01,ATE-STATION-01,CHAMBER-01,1.0,125.0,5.0,168,output_voltage_drift,ELECTRICAL,uV,13.9351,5971.6052,5972.3036,5972.7812,5957.6701,-0.0321,-0.0464,36.33,36.11,13.9351,5971.6052,5972.3036,5972.7812,5957.6701,100.0,False,NOMINAL,HEALTHY,-42.85,-44.63
PRE_LOT05_COMP0685,LOT_05,PRECISION_VOLTAGE_REF,LCC-20,PRE-SIH-2026,THERMAL_BURN_IN,T05_0685,PROC-ISRO-IISU-01,ATE-STATION-01,CHAMBER-01,1.0,125.0,5.0,168,output_voltage_drift,ELECTRICAL,uV,11.971,5139.4518,5140.0488,5140.4351,5127.4808,0.0075,0.0551,35.08,34.12,11.971,5139.4518,5140.0488,5140.4351,5127.4808,100.0,False,NOMINAL,HEALTHY,-5.26,41.2
PRE_LOT05_COMP0686,LOT_05,PRECISION_VOLTAGE_REF,LCC-20,PRE-SIH-2026,THERMAL_BURN_IN,T05_0686,PROC-ISRO-IISU-01,ATE-STATION-01,CHAMBER-01,1.0,125.0,5.0,168,output_voltage_drift,ELECTRICAL,uV,12.7335,5453.8101,5454.4481,5454.9062,5441.0766,0.023,-0.0228,34.41,34.65,12.7335,5453.8101,5454.4481,5454.9062,5441.0766,100.0,False,NOMINAL,HEALTHY,20.38,36.44
PRE_LOT05_COMP0687,LOT_05,PRECISION_VOLTAGE_REF,LCC-20,PRE-SIH-2026,THERMAL_BURN_IN,T05_0687,PROC-ISRO-IISU-01,ATE-STATION-01,CHAMBER-01,1.0,125.0,5.0,168,output_voltage_drift,ELECTRICAL,uV,12.9032,5538.779,5539.4265,5539.973,5525.8758,-0.0065,-0.0164,34.46,34.0,12.9032,5538.779,5539.4265,5539.973,5525.8758,100.0,False,NOMINAL,HEALTHY,32.98,-35.64
PRE_LOT05_COMP0688,LOT_05,PRECISION_VOLTAGE_REF,LCC-20,PRE-SIH-2026,THERMAL_BURN_IN,T05_0688,PROC-ISRO-IISU-01,ATE-STATION-01,CHAMBER-01,1.0,125.0,5.0,168,output_voltage_drift,ELECTRICAL,uV,13.95,5991.8829,5992.6037,5993.1129,5977.9329,0.0145,0.0882,36.47,35.94,13.95,5991.8829,5992.6037,5993.1129,5977.9329,100.0,False,NOMINAL,HEALTHY,19.74,-47.91
PRE_LOT05_COMP0689,LOT_05,PRECISION_VOLTAGE_REF,LCC-20,PRE-SIH-2026,THERMAL_BURN_IN,T05_0689,PROC-ISRO-IISU-01,ATE-STATION-01,CHAMBER-01,1.0,125.0,5.0,168,output_voltage_drift,ELECTRICAL,uV,15.4698,6635.0097,6635.8011,6636.3772,6619.5399,0.0156,0.0003,35.91,35.13,15.4698,6635.0097,6635.8011,6636.3772,6619.5399,100.0,False,NOMINAL,HEALTHY,18.55,-31.67
PRE_LOT05_COMP0690,LOT_05,PRECISION_VOLTAGE_REF,LCC-20,PRE-SIH-2026,THERMAL_BURN_IN,T05_0690,PROC-ISRO-IISU-01,ATE-STATION-01,CHAMBER-01,1.0,125.0,5.0,168,output_voltage_drift,ELECTRICAL,uV,13.8332,5924.9478,5925.6085,5926.0866,5911.1146,-0.0266,-0.0566,32.96,32.62,13.8332,5924.9478,5925.6085,5926.0866,5911.1146,100.0,False,NOMINAL,HEALTHY,41.21,-42.08
PRE_LOT05_COMP0691,LOT_05,PRECISION_VOLTAGE_REF,LCC-20,PRE-SIH-2026,THERMAL_BURN_IN,T05_0691,PROC-ISRO-IISU-01,ATE-STATION-01,CHAMBER-01,1.0,125.0,5.0,168,output_voltage_drift,ELECTRICAL,uV,13.6292,5841.9595,5842.6284,5843.1173,5828.3303,-0.0023,0.0305,36.19,35.75,13.6292,5841.9595,5842.6284,5843.1173,5828.3303,100.0,False,NOMINAL,HEALTHY,15.5,38.37
PRE_LOT05_COMP0692,LOT_05,PRECISION_VOLTAGE_REF,LCC-20,PRE-SIH-2026,THERMAL_BURN_IN,T05_0692,PROC-ISRO-IISU-01,ATE-STATION-01,CHAMBER-01,1.0,125.0,5.0,168,output_voltage_drift,ELECTRICAL,uV,10.4757,4485.4946,4486.0335,4486.4222,4475.0189,-0.0089,0.055,35.54,34.42,10.4757,4485.4946,4486.0335,4486.4222,4475.0189,100.0,False,NOMINAL,HEALTHY,-22.41,-45.31
PRE_LOT05_COMP0693,LOT_05,PRECISION_VOLTAGE_REF,LCC-20,PRE-SIH-2026,THERMAL_BURN_IN,T05_0693,PROC-ISRO-IISU-01,ATE-STATION-01,CHAMBER-01,1.0,125.0,5.0,168,output_voltage_drift,ELECTRICAL,uV,16.0122,6865.9957,6866.7667,6867.4113,6849.9835,0.0131,-0.0118,33.89,34.0,16.0122,6865.9957,6866.7667,6867.4113,6849.9835,100.0,False,NOMINAL,HEALTHY,-17.14,36.97
PRE_LOT05_COMP0694,LOT_05,PRECISION_VOLTAGE_REF,LCC-20,PRE-SIH-2026,THERMAL_BURN_IN,T05_0694,PROC-ISRO-IISU-01,ATE-STATION-01,CHAMBER-01,1.0,125.0,5.0,168,output_voltage_drift,ELECTRICAL,uV,13.3024,5709.1643,5709.7188,5710.1507,5695.8619,-0.0191,-0.0486,35.75,35.06,13.3024,5709.1643,5709.7188,5710.1507,5695.8619,100.0,False,NOMINAL,HEALTHY,43.42,-32.8
PRE_LOT05_COMP0695,LOT_05,PRECISION_VOLTAGE_REF,LCC-20,PRE-SIH-2026,THERMAL_BURN_IN,T05_0695,PROC-ISRO-IISU-01,ATE-STATION-01,CHAMBER-01,1.0,125.0,5.0,168,output_voltage_drift,ELECTRICAL,uV,14.7576,6323.9587,6324.6899,6325.3168,6309.2011,0.0199,-0.0006,34.96,34.65,14.7576,6323.9587,6324.6899,6325.3168,6309.2011,100.0,False,NOMINAL,HEALTHY,39.69,0.52
PRE_LOT05_COMP0696,LOT_05,PRECISION_VOLTAGE_REF,LCC-20,PRE-SIH-2026,THERMAL_BURN_IN,T05_0696,PROC-ISRO-IISU-01,ATE-STATION-01,CHAMBER-01,1.0,125.0,5.0,168,output_voltage_drift,ELECTRICAL,uV,12.5584,5384.061,5384.6227,5385.0925,5371.5026,0.0165,-0.0377,35.34,34.56,12.5584,5384.061,5384.6227,5385.0925,5371.5026,100.0,False,NOMINAL,HEALTHY,31.37,24.75
PRE_LOT05_COMP0697,LOT_05,PRECISION_VOLTAGE_REF,LCC-20,PRE-SIH-2026,THERMAL_BURN_IN,T05_0697,PROC-ISRO-IISU-01,ATE-STATION-01,CHAMBER-01,1.0,125.0,5.0,168,output_voltage_drift,ELECTRICAL,uV,16.2648,6962.9302,6963.6235,6964.1945,6946.6654,-0.0046,0.0257,34.54,34.34,16.2648,6962.9302,6963.6235,6964.1945,6946.6654,100.0,False,NOMINAL,HEALTHY,-39.63,33.83
PRE_LOT05_COMP0698,LOT_05,PRECISION_VOLTAGE_REF,LCC-20,PRE-SIH-2026,THERMAL_BURN_IN,T05_0698,PROC-ISRO-IISU-01,ATE-STATION-01,CHAMBER-01,1.0,125.0,5.0,168,output_voltage_drift,ELECTRICAL,uV,16.227,6958.5149,6959.3033,6959.8683,6942.2879,-0.0044,0.0638,34.4,34.38,16.227,6958.5149,6959.3033,6959.8683,6942.2879,100.0,False,NOMINAL,HEALTHY,-7.07,31.5
PRE_LOT05_COMP0699,LOT_05,PRECISION_VOLTAGE_REF,LCC-20,PRE-SIH-2026,THERMAL_BURN_IN,T05_0699,PROC-ISRO-IISU-01,ATE-STATION-01,CHAMBER-01,1.0,125.0,5.0,168,output_voltage_drift,ELECTRICAL,uV,13.0985,5621.0966,5621.7463,5622.2693,5607.9981,-0.0077,0.0131,35.17,34.37,13.0985,5621.0966,5621.7463,5622.2693,5607.9981,100.0,False,NOMINAL,HEALTHY,-39.39,4.72
PRE_LOT05_COMP0700,LOT_05,PRECISION_VOLTAGE_REF,LCC-20,PRE-SIH-2026,THERMAL_BURN_IN,T05_0700,PROC-ISRO-IISU-01,ATE-STATION-01,CHAMBER-01,1.0,125.0,5.0,168,output_voltage_drift,ELECTRICAL,uV,17.1157,7327.3449,7328.1084,7328.5312,7310.2292,0.0158,0.1379,36.39,35.99,17.1157,7327.3449,7328.1084,7328.5312,7310.2292,100.0,False,NOMINAL,HEALTHY,-34.08,-30.6
PRE_LOT05_COMP0701,LOT_05,PRECISION_VOLTAGE_REF,LCC-20,PRE-SIH-2026,THERMAL_BURN_IN,T05_0701,PROC-ISRO-IISU-01,ATE-STATION-01,CHAMBER-01,1.0,125.0,5.0,168,output_voltage_drift,ELECTRICAL,uV,12.5984,5396.3255,5396.9229,5397.4422,5383.7271,-0.0001,-0.0034,36.78,36.42,12.5984,5396.3255,5396.9229,5397.4422,5383.7271,100.0,False,NOMINAL,HEALTHY,-22.16,-47.11
PRE_LOT05_COMP0702,LOT_05,PRECISION_VOLTAGE_REF,LCC-20,PRE-SIH-2026,THERMAL_BURN_IN,T05_0702,PROC-ISRO-IISU-01,ATE-STATION-01,CHAMBER-01,1.0,125.0,5.0,168,output_voltage_drift,ELECTRICAL,uV,12.4923,5360.6404,5361.1961,5361.6092,5348.1481,0.0254,0.0508,35.07,35.79,12.4923,5360.6404,5361.1961,5361.6092,5348.1481,100.0,False,NOMINAL,HEALTHY,-24.3,-28.08
PRE_LOT05_COMP0703,LOT_05,PRECISION_VOLTAGE_REF,LCC-20,PRE-SIH-2026,THERMAL_BURN_IN,T05_0703,PROC-ISRO-IISU-01,ATE-STATION-01,CHAMBER-01,1.0,125.0,5.0,168,output_voltage_drift,ELECTRICAL,uV,12.3561,5297.1499,5297.7115,5298.1524,5284.7938,-0.0118,-0.0024,34.85,34.33,12.3561,5297.1499,5297.7115,5298.1524,5284.7938,100.0,False,NOMINAL,HEALTHY,-30.99,-38.78
PRE_LOT05_COMP0704,LOT_05,PRECISION_VOLTAGE_REF,LCC-20,PRE-SIH-2026,THERMAL_BURN_IN,T05_0704,PROC-ISRO-IISU-01,ATE-STATION-01,CHAMBER-01,1.0,125.0,5.0,168,output_voltage_drift,ELECTRICAL,uV,13.2261,5665.8109,5666.439,5666.8298,5652.5848,-0.0155,-0.0167,36.09,35.71,13.2261,5665.8109,5666.439,5666.8298,5652.5848,100.0,False,NOMINAL,HEALTHY,-39.81,-2.18
PRE_LOT05_COMP0705,LOT_05,PRECISION_VOLTAGE_REF,LCC-20,PRE-SIH-2026,THERMAL_BURN_IN,T05_0705,PROC-ISRO-IISU-01,ATE-STATION-01,CHAMBER-01,1.0,125.0,5.0,168,output_voltage_drift,ELECTRICAL,uV,13.641,5842.2638,5842.9328,5843.4457,5828.6228,-0.0072,-0.0017,33.81,33.73,13.641,5842.2638,5842.9328,5843.4457,5828.6228,100.0,False,NOMINAL,HEALTHY,14.78,-34.71
PRE_LOT05_COMP0706,LOT_05,PRECISION_VOLTAGE_REF,LCC-20,PRE-SIH-2026,THERMAL_BURN_IN,T05_0706,PROC-ISRO-IISU-01,ATE-STATION-01,CHAMBER-01,1.0,125.0,5.0,168,output_voltage_drift,ELECTRICAL,uV,15.2973,6555.4358,6556.193,6556.8117,6540.1385,-0.0222,-0.028,36.04,36.3,15.2973,6555.4358,6556.193,6556.8117,6540.1385,100.0,False,NOMINAL,HEALTHY,-1.09,-26.74
PRE_LOT05_COMP0707,LOT_05,PRECISION_VOLTAGE_REF,LCC-20,PRE-SIH-2026,THERMAL_BURN_IN,T05_0707,PROC-ISRO-IISU-01,ATE-STATION-01,CHAMBER-01,1.0,125.0,5.0,168,output_voltage_drift,ELECTRICAL,uV,14.1419,6063.3252,6063.9989,6064.4515,6049.1833,-0.004,-0.0317,32.28,32.53,14.1419,6063.3252,6063.9989,6064.4515,6049.1833,100.0,False,NOMINAL,HEALTHY,6.96,-6.11
PRE_LOT05_COMP0708,LOT_05,PRECISION_VOLTAGE_REF,LCC-20,PRE-SIH-2026,THERMAL_BURN_IN,T05_0708,PROC-ISRO-IISU-01,ATE-STATION-01,CHAMBER-01,1.0,125.0,5.0,168,output_voltage_drift,ELECTRICAL,uV,18.4869,7917.8263,7918.69,7919.4143,7899.3394,-0.0027,-0.0746,36.44,37.37,18.4869,7917.8263,7918.69,7919.4143,7899.3394,100.0,False,NOMINAL,HEALTHY,40.06,-1.8
PRE_LOT05_COMP0709,LOT_05,PRECISION_VOLTAGE_REF,LCC-20,PRE-SIH-2026,THERMAL_BURN_IN,T05_0709,PROC-ISRO-IISU-01,ATE-STATION-01,CHAMBER-01,1.0,125.0,5.0,168,output_voltage_drift,ELECTRICAL,uV,16.0745,6886.0026,6886.8598,6887.4298,6869.9281,-0.0018,0.0377,37.6,37.81,16.0745,6886.0026,6886.8598,6887.4298,6869.9281,100.0,False,NOMINAL,HEALTHY,-9.54,5.53
PRE_LOT05_COMP0710,LOT_05,PRECISION_VOLTAGE_REF,LCC-20,PRE-SIH-2026,THERMAL_BURN_IN,T05_0710,PROC-ISRO-IISU-01,ATE-STATION-01,CHAMBER-01,1.0,125.0,5.0,168,output_voltage_drift,ELECTRICAL,uV,12.7055,5448.7755,5458.2354,5608.8663,5436.07,0.0099,0.0317,33.54,32.5,12.7055,5448.7755,5458.2354,5608.8663,5436.07,100.0,True,THERMAL_RUNAWAY,HEALTHY,-12.33,-37.79
PRE_LOT05_COMP0711,LOT_05,PRECISION_VOLTAGE_REF,LCC-20,PRE-SIH-2026,THERMAL_BURN_IN,T05_0711,PROC-ISRO-IISU-01,ATE-STATION-01,CHAMBER-01,1.0,125.0,5.0,168,output_voltage_drift,ELECTRICAL,uV,14.3076,6132.3714,6133.0449,6133.5874,6118.0638,0.005,0.0784,36.01,36.3,14.3076,6132.3714,6133.0449,6133.5874,6118.0638,100.0,False,NOMINAL,HEALTHY,-27.51,17.08
PRE_LOT05_COMP0712,LOT_05,PRECISION_VOLTAGE_REF,LCC-20,PRE-SIH-2026,THERMAL_BURN_IN,T05_0712,PROC-ISRO-IISU-01,ATE-STATION-01,CHAMBER-01,1.0,125.0,5.0,168,output_voltage_drift,ELECTRICAL,uV,14.5374,6242.2821,6243.0152,6243.5323,6227.7447,-0.0049,0.0302,35.24,35.19,14.5374,6242.2821,6243.0152,6243.5323,6227.7447,100.0,False,NOMINAL,HEALTHY,21.02,42.77
PRE_LOT05_COMP0713,LOT_05,PRECISION_VOLTAGE_REF,LCC-20,PRE-SIH-2026,THERMAL_BURN_IN,T05_0713,PROC-ISRO-IISU-01,ATE-STATION-01,CHAMBER-01,1.0,125.0,5.0,168,output_voltage_drift,ELECTRICAL,uV,11.0577,4749.9033,4750.4973,4750.8776,4738.8456,-0.0006,-0.0515,34.26,33.73,11.0577,4749.9033,4750.4973,4750.8776,4738.8456,100.0,False,NOMINAL,HEALTHY,37.65,-3.42
PRE_LOT05_COMP0714,LOT_05,PRECISION_VOLTAGE_REF,LCC-20,PRE-SIH-2026,THERMAL_BURN_IN,T05_0714,PROC-ISRO-IISU-01,ATE-STATION-01,CHAMBER-01,1.0,125.0,5.0,168,output_voltage_drift,ELECTRICAL,uV,12.7473,5468.7995,5469.4487,5469.9438,5456.0522,0.0099,0.0492,35.12,34.68,12.7473,5468.7995,5469.4487,5469.9438,5456.0522,100.0,False,NOMINAL,HEALTHY,8.75,31.34
PRE_LOT05_COMP0715,LOT_05,PRECISION_VOLTAGE_REF,LCC-20,PRE-SIH-2026,THERMAL_BURN_IN,T05_0715,PROC-ISRO-IISU-01,ATE-STATION-01,CHAMBER-01,1.0,125.0,5.0,168,output_voltage_drift,ELECTRICAL,uV,14.6251,6276.4636,6277.1254,6277.6124,6261.8385,0.0049,0.0423,35.37,34.94,14.6251,6276.4636,6277.1254,6277.6124,6261.8385,100.0,False,NOMINAL,HEALTHY,-46.11,39.94
PRE_LOT05_COMP0716,LOT_05,PRECISION_VOLTAGE_REF,LCC-20,PRE-SIH-2026,THERMAL_BURN_IN,T05_0716,PROC-ISRO-IISU-01,ATE-STATION-01,CHAMBER-01,1.0,125.0,5.0,168,output_voltage_drift,ELECTRICAL,uV,16.8549,7229.4518,7230.2606,7230.9184,7212.5969,-0.0079,-0.0699,33.98,33.95,16.8549,7229.4518,7230.2606,7230.9184,7212.5969,100.0,False,NOMINAL,HEALTHY,13.6,-47.35
PRE_LOT05_COMP0717,LOT_05,PRECISION_VOLTAGE_REF,LCC-20,PRE-SIH-2026,THERMAL_BURN_IN,T05_0717,PROC-ISRO-IISU-01,ATE-STATION-01,CHAMBER-01,1.0,125.0,5.0,168,output_voltage_drift,ELECTRICAL,uV,12.0727,5187.1773,5187.7994,5188.2247,5175.1046,0.0222,-0.0295,34.52,34.1,12.0727,5187.1773,5187.7994,5188.2247,5175.1046,100.0,False,NOMINAL,HEALTHY,24.49,-34.15
PRE_LOT05_COMP0718,LOT_05,PRECISION_VOLTAGE_REF,LCC-20,PRE-SIH-2026,THERMAL_BURN_IN,T05_0718,PROC-ISRO-IISU-01,ATE-STATION-01,CHAMBER-01,1.0,125.0,5.0,168,output_voltage_drift,ELECTRICAL,uV,12.7959,5492.0843,5492.6363,5493.0648,5479.2884,0.0081,-0.0721,33.28,32.56,12.7959,5492.0843,5492.6363,5493.0648,5479.2884,100.0,False,NOMINAL,HEALTHY,16.89,-30.45
PRE_LOT05_COMP0719,LOT_05,PRECISION_VOLTAGE_REF,LCC-20,PRE-SIH-2026,THERMAL_BURN_IN,T05_0719,PROC-ISRO-IISU-01,ATE-STATION-01,CHAMBER-01,1.0,125.0,5.0,168,output_voltage_drift,ELECTRICAL,uV,12.7275,5458.3998,5458.9785,5459.4448,5445.6723,-0.0141,-0.0077,36.78,37.23,12.7275,5458.3998,5458.9785,5459.4448,5445.6723,100.0,False,NOMINAL,HEALTHY,4.21,6.6
PRE_LOT05_COMP0720,LOT_05,PRECISION_VOLTAGE_REF,LCC-20,PRE-SIH-2026,THERMAL_BURN_IN,T05_0720,PROC-ISRO-IISU-01,ATE-STATION-01,CHAMBER-01,1.0,125.0,5.0,168,output_voltage_drift,ELECTRICAL,uV,14.2371,6084.3579,6084.9946,6085.4404,6070.1208,0.0349,0.0253,33.66,33.96,14.2371,6084.3579,6084.9946,6085.4404,6070.1208,100.0,False,NOMINAL,HEALTHY,-22.02,25.98
PRE_LOT05_COMP0721,LOT_05,PRECISION_VOLTAGE_REF,LCC-20,PRE-SIH-2026,THERMAL_BURN_IN,T05_0721,PROC-ISRO-IISU-01,ATE-STATION-01,CHAMBER-01,1.0,125.0,5.0,168,output_voltage_drift,ELECTRICAL,uV,13.6885,5871.6877,5872.3083,5872.7652,5857.9992,0.0472,0.122,35.69,35.64,13.6885,5871.6877,5872.3083,5872.7652,5857.9992,100.0,False,NOMINAL,HEALTHY,-48.31,-29.34
PRE_LOT05_COMP0722,LOT_05,PRECISION_VOLTAGE_REF,LCC-20,PRE-SIH-2026,THERMAL_BURN_IN,T05_0722,PROC-ISRO-IISU-01,ATE-STATION-01,CHAMBER-01,1.0,125.0,5.0,168,output_voltage_drift,ELECTRICAL,uV,15.5686,6668.4179,6669.1955,6669.7763,6652.8493,0.0012,0.0621,34.6,33.92,15.5686,6668.4179,6669.1955,6669.7763,6652.8493,100.0,False,NOMINAL,HEALTHY,48.28,21.74
PRE_LOT05_COMP0723,LOT_05,PRECISION_VOLTAGE_REF,LCC-20,PRE-SIH-2026,THERMAL_BURN_IN,T05_0723,PROC-ISRO-IISU-01,ATE-STATION-01,CHAMBER-01,1.0,125.0,5.0,168,output_voltage_drift,ELECTRICAL,uV,14.8681,6387.2455,6387.9675,6388.4164,6372.3774,0.0219,-0.1122,33.65,33.37,14.8681,6387.2455,6387.9675,6388.4164,6372.3774,100.0,False,NOMINAL,HEALTHY,16.18,37.86
PRE_LOT05_COMP0724,LOT_05,PRECISION_VOLTAGE_REF,LCC-20,PRE-SIH-2026,THERMAL_BURN_IN,T05_0724,PROC-ISRO-IISU-01,ATE-STATION-01,CHAMBER-01,1.0,125.0,5.0,168,output_voltage_drift,ELECTRICAL,uV,15.5411,6651.3579,6652.1523,6652.7103,6635.8168,-0.0205,0.0063,34.09,34.15,15.5411,6651.3579,6652.1523,6652.7103,6635.8168,100.0,False,NOMINAL,HEALTHY,20.21,-14.98
PRE_LOT05_COMP0725,LOT_05,PRECISION_VOLTAGE_REF,LCC-20,PRE-SIH-2026,THERMAL_BURN_IN,T05_0725,PROC-ISRO-IISU-01,ATE-STATION-01,CHAMBER-01,1.0,125.0,5.0,168,output_voltage_drift,ELECTRICAL,uV,12.3947,5313.0676,5313.7023,5314.1745,5300.6729,-0.0028,-0.0368,36.22,35.63,12.3947,5313.0676,5313.7023,5314.1745,5300.6729,100.0,False,NOMINAL,HEALTHY,28.67,-48.74
PRE_LOT05_COMP0726,LOT_05,PRECISION_VOLTAGE_REF,LCC-20,PRE-SIH-2026,THERMAL_BURN_IN,T05_0726,PROC-ISRO-IISU-01,ATE-STATION-01,CHAMBER-01,1.0,125.0,5.0,168,output_voltage_drift,ELECTRICAL,uV,12.9048,5542.6098,5543.2275,5543.6429,5529.705,-0.0234,0.0222,34.72,34.07,12.9048,5542.6098,5543.2275,5543.6429,5529.705,100.0,False,NOMINAL,HEALTHY,19.55,8.81
PRE_LOT05_COMP0727,LOT_05,PRECISION_VOLTAGE_REF,LCC-20,PRE-SIH-2026,THERMAL_BURN_IN,T05_0727,PROC-ISRO-IISU-01,ATE-STATION-01,CHAMBER-01,1.0,125.0,5.0,168,output_voltage_drift,ELECTRICAL,uV,9.8739,4240.7864,4241.2999,4241.6541,4230.9125,-0.0356,-0.0214,36.96,37.22,9.8739,4240.7864,4241.2999,4241.6541,4230.9125,100.0,False,NOMINAL,HEALTHY,5.55,33.48
PRE_LOT05_COMP0728,LOT_05,PRECISION_VOLTAGE_REF,LCC-20,PRE-SIH-2026,THERMAL_BURN_IN,T05_0728,PROC-ISRO-IISU-01,ATE-STATION-01,CHAMBER-01,1.0,125.0,5.0,168,output_voltage_drift,ELECTRICAL,uV,14.5937,6263.9673,6264.7353,6265.3718,6249.3736,-0.0274,-0.0264,34.76,34.24,14.5937,6263.9673,6264.7353,6265.3718,6249.3736,100.0,False,NOMINAL,HEALTHY,42.63,45.6
PRE_LOT05_COMP0729,LOT_05,PRECISION_VOLTAGE_REF,LCC-20,PRE-SIH-2026,THERMAL_BURN_IN,T05_0729,PROC-ISRO-IISU-01,ATE-STATION-01,CHAMBER-01,1.0,125.0,5.0,168,output_voltage_drift,ELECTRICAL,uV,14.346,6158.85,6159.6274,6160.2008,6144.504,-0.0002,-0.0199,32.97,33.36,14.346,6158.85,6159.6274,6160.2008,6144.504,100.0,False,NOMINAL,HEALTHY,8.53,48.38
PRE_LOT05_COMP0730,LOT_05,PRECISION_VOLTAGE_REF,LCC-20,PRE-SIH-2026,THERMAL_BURN_IN,T05_0730,PROC-ISRO-IISU-01,ATE-STATION-01,CHAMBER-01,1.0,125.0,5.0,168,output_voltage_drift,ELECTRICAL,uV,13.4674,5775.7509,5776.5237,5777.1067,5762.2835,0.0177,0.0884,33.83,34.43,13.4674,5775.7509,5776.5237,5777.1067,5762.2835,100.0,False,NOMINAL,HEALTHY,0.86,5.9
PRE_LOT05_COMP0731,LOT_05,PRECISION_VOLTAGE_REF,LCC-20,PRE-SIH-2026,THERMAL_BURN_IN,T05_0731,PROC-ISRO-IISU-01,ATE-STATION-01,CHAMBER-01,1.0,125.0,5.0,168,output_voltage_drift,ELECTRICAL,uV,17.5976,7544.6043,7545.5079,7546.1413,7527.0067,0.0307,0.0702,34.96,35.54,17.5976,7544.6043,7545.5079,7546.1413,7527.0067,100.0,False,NOMINAL,HEALTHY,-8.93,-18.31
PRE_LOT05_COMP0732,LOT_05,PRECISION_VOLTAGE_REF,LCC-20,PRE-SIH-2026,THERMAL_BURN_IN,T05_0732,PROC-ISRO-IISU-01,ATE-STATION-01,CHAMBER-01,1.0,125.0,5.0,168,output_voltage_drift,ELECTRICAL,uV,16.1641,6922.3976,6923.2742,6923.9358,6906.2335,0.0046,-0.0582,37.18,36.78,16.1641,6922.3976,6923.2742,6923.9358,6906.2335,100.0,False,NOMINAL,HEALTHY,11.24,42.36
PRE_LOT05_COMP0733,LOT_05,PRECISION_VOLTAGE_REF,LCC-20,PRE-SIH-2026,THERMAL_BURN_IN,T05_0733,PROC-ISRO-IISU-01,ATE-STATION-01,CHAMBER-01,1.0,125.0,5.0,168,output_voltage_drift,ELECTRICAL,uV,12.7799,5484.1447,5484.8427,5485.3412,5471.3648,0.0017,0.0362,35.15,35.05,12.7799,5484.1447,5484.8427,5485.3412,5471.3648,100.0,False,NOMINAL,HEALTHY,16.18,49.15
PRE_LOT05_COMP0734,LOT_05,PRECISION_VOLTAGE_REF,LCC-20,PRE-SIH-2026,THERMAL_BURN_IN,T05_0734,PROC-ISRO-IISU-01,ATE-STATION-01,CHAMBER-01,1.0,125.0,5.0,168,output_voltage_drift,ELECTRICAL,uV,14.8894,6389.0142,6389.7057,6390.1672,6374.1248,0.0148,-0.0428,37.16,36.44,14.8894,6389.0142,6389.7057,6390.1672,6374.1248,100.0,False,NOMINAL,HEALTHY,-48.29,38.56
PRE_LOT05_COMP0735,LOT_05,PRECISION_VOLTAGE_REF,LCC-20,PRE-SIH-2026,THERMAL_BURN_IN,T05_0735,PROC-ISRO-IISU-01,ATE-STATION-01,CHAMBER-01,1.0,125.0,5.0,168,output_voltage_drift,ELECTRICAL,uV,15.3156,6574.407,6575.0666,6575.6635,6559.0914,-0.0088,0.0056,35.21,35.25,15.3156,6574.407,6575.0666,6575.6635,6559.0914,100.0,False,NOMINAL,HEALTHY,-22.44,-22.94
PRE_LOT05_COMP0736,LOT_05,PRECISION_VOLTAGE_REF,LCC-20,PRE-SIH-2026,THERMAL_BURN_IN,T05_0736,PROC-ISRO-IISU-01,ATE-STATION-01,CHAMBER-01,1.0,125.0,5.0,168,output_voltage_drift,ELECTRICAL,uV,14.5103,6209.1447,6209.7823,6210.3588,6194.6344,0.0109,0.0224,36.5,35.78,14.5103,6209.1447,6209.7823,6210.3588,6194.6344,100.0,False,NOMINAL,HEALTHY,-9.33,-8.09
PRE_LOT05_COMP0737,LOT_05,PRECISION_VOLTAGE_REF,LCC-20,PRE-SIH-2026,THERMAL_BURN_IN,T05_0737,PROC-ISRO-IISU-01,ATE-STATION-01,CHAMBER-01,1.0,125.0,5.0,168,output_voltage_drift,ELECTRICAL,uV,16.6752,7145.6396,7146.5331,7147.1663,7128.9644,0.0085,-0.0132,36.95,37.32,16.6752,7145.6396,7146.5331,7147.1663,7128.9644,100.0,False,NOMINAL,HEALTHY,-1.09,6.43
PRE_LOT05_COMP0738,LOT_05,PRECISION_VOLTAGE_REF,LCC-20,PRE-SIH-2026,THERMAL_BURN_IN,T05_0738,PROC-ISRO-IISU-01,ATE-STATION-01,CHAMBER-01,1.0,125.0,5.0,168,output_voltage_drift,ELECTRICAL,uV,13.0446,5592.9444,5593.5468,5594.0995,5579.8998,-0.0202,-0.0058,35.23,34.79,13.0446,5592.9444,5593.5468,5594.0995,5579.8998,100.0,False,NOMINAL,HEALTHY,28.68,21.97
PRE_LOT05_COMP0739,LOT_05,PRECISION_VOLTAGE_REF,LCC-20,PRE-SIH-2026,THERMAL_BURN_IN,T05_0739,PROC-ISRO-IISU-01,ATE-STATION-01,CHAMBER-01,1.0,125.0,5.0,168,output_voltage_drift,ELECTRICAL,uV,15.1527,6507.1199,6507.9283,6508.438,6491.9672,0.0298,0.0056,36.17,36.63,15.1527,6507.1199,6507.9283,6508.438,6491.9672,100.0,False,NOMINAL,HEALTHY,9.24,13.72
PRE_LOT05_COMP0740,LOT_05,PRECISION_VOLTAGE_REF,LCC-20,PRE-SIH-2026,THERMAL_BURN_IN,T05_0740,PROC-ISRO-IISU-01,ATE-STATION-01,CHAMBER-01,1.0,125.0,5.0,168,output_voltage_drift,ELECTRICAL,uV,11.2934,4844.131,4844.7431,4845.1825,4832.8376,0.0068,-0.0396,36.15,35.9,11.2934,4844.131,4844.7431,4845.1825,4832.8376,100.0,False,NOMINAL,HEALTHY,-44.85,29.91
PRE_LOT05_COMP0741,LOT_05,PRECISION_VOLTAGE_REF,LCC-20,PRE-SIH-2026,THERMAL_BURN_IN,T05_0741,PROC-ISRO-IISU-01,ATE-STATION-01,CHAMBER-01,1.0,125.0,5.0,168,output_voltage_drift,ELECTRICAL,uV,13.6533,5868.5711,5869.3392,5869.8754,5854.9178,-0.0406,0.01,35.3,36.28,13.6533,5868.5711,5869.3392,5869.8754,5854.9178,100.0,False,NOMINAL,HEALTHY,-44.04,-8.34
PRE_LOT05_COMP0742,LOT_05,PRECISION_VOLTAGE_REF,LCC-20,PRE-SIH-2026,THERMAL_BURN_IN,T05_0742,PROC-ISRO-IISU-01,ATE-STATION-01,CHAMBER-01,1.0,125.0,5.0,168,output_voltage_drift,ELECTRICAL,uV,12.4782,5352.3722,5353.0132,5353.558,5339.894,-0.005,0.0293,33.32,32.85,12.4782,5352.3722,5353.0132,5353.558,5339.894,100.0,False,NOMINAL,HEALTHY,-41.08,33.08
PRE_LOT05_COMP0743,LOT_05,PRECISION_VOLTAGE_REF,LCC-20,PRE-SIH-2026,THERMAL_BURN_IN,T05_0743,PROC-ISRO-IISU-01,ATE-STATION-01,CHAMBER-01,1.0,125.0,5.0,168,output_voltage_drift,ELECTRICAL,uV,12.8958,5525.2953,5525.9053,5526.3922,5512.3995,-0.0244,-0.0594,32.58,33.02,12.8958,5525.2953,5525.9053,5526.3922,5512.3995,100.0,False,NOMINAL,HEALTHY,2.8,15.0
PRE_LOT05_COMP0744,LOT_05,PRECISION_VOLTAGE_REF,LCC-20,PRE-SIH-2026,THERMAL_BURN_IN,T05_0744,PROC-ISRO-IISU-01,ATE-STATION-01,CHAMBER-01,1.0,125.0,5.0,168,output_voltage_drift,ELECTRICAL,uV,16.104,6903.9919,6904.7943,6905.4332,6887.8879,-0.0025,0.0135,35.2,35.0,16.104,6903.9919,6904.7943,6905.4332,6887.8879,100.0,False,NOMINAL,HEALTHY,42.16,21.1
PRE_LOT05_COMP0745,LOT_05,PRECISION_VOLTAGE_REF,LCC-20,PRE-SIH-2026,THERMAL_BURN_IN,T05_0745,PROC-ISRO-IISU-01,ATE-STATION-01,CHAMBER-01,1.0,125.0,5.0,168,output_voltage_drift,ELECTRICAL,uV,17.2068,7379.9731,7380.7342,7381.3377,7362.7663,0.0117,0.0032,34.95,34.72,17.2068,7379.9731,7380.7342,7381.3377,7362.7663,100.0,False,NOMINAL,HEALTHY,21.47,47.36
PRE_LOT05_COMP0746,LOT_05,PRECISION_VOLTAGE_REF,LCC-20,PRE-SIH-2026,THERMAL_BURN_IN,T05_0746,PROC-ISRO-IISU-01,ATE-STATION-01,CHAMBER-01,1.0,125.0,5.0,168,output_voltage_drift,ELECTRICAL,uV,17.3022,7406.5666,7407.3333,7407.935,7389.2644,0.0096,0.0462,35.69,36.12,17.3022,7406.5666,7407.3333,7407.935,7389.2644,100.0,False,NOMINAL,HEALTHY,49.67,-40.53
PRE_LOT05_COMP0747,LOT_05,PRECISION_VOLTAGE_REF,LCC-20,PRE-SIH-2026,THERMAL_BURN_IN,T05_0747,PROC-ISRO-IISU-01,ATE-STATION-01,CHAMBER-01,1.0,125.0,5.0,168,output_voltage_drift,ELECTRICAL,uV,13.6965,5869.2038,5869.8418,5870.3299,5855.5073,-0.0225,-0.0277,33.72,33.19,13.6965,5869.2038,5869.8418,5870.3299,5855.5073,100.0,False,NOMINAL,HEALTHY,-44.47,-31.77
PRE_LOT05_COMP0748,LOT_05,PRECISION_VOLTAGE_REF,LCC-20,PRE-SIH-2026,THERMAL_BURN_IN,T05_0748,PROC-ISRO-IISU-01,ATE-STATION-01,CHAMBER-01,1.0,125.0,5.0,168,output_voltage_drift,ELECTRICAL,uV,12.4162,5330.969,5331.5731,5332.0449,5318.5528,0.0254,-0.0038,34.14,35.03,12.4162,5330.969,5331.5731,5332.0449,5318.5528,100.0,False,NOMINAL,HEALTHY,30.9,-47.03
PRE_LOT05_COMP0749,LOT_05,PRECISION_VOLTAGE_REF,LCC-20,PRE-SIH-2026,THERMAL_BURN_IN,T05_0749,PROC-ISRO-IISU-01,ATE-STATION-01,CHAMBER-01,1.0,125.0,5.0,168,output_voltage_drift,ELECTRICAL,uV,13.3014,5709.7583,5726.1903,5794.9314,5696.4569,0.0058,0.0356,35.32,35.65,13.3014,5709.7583,5726.1903,5794.9314,5696.4569,100.0,True,ELECTROMIGRATION,HEALTHY,42.67,9.29
PRE_LOT05_COMP0750,LOT_05,PRECISION_VOLTAGE_REF,LCC-20,PRE-SIH-2026,THERMAL_BURN_IN,T05_0750,PROC-ISRO-IISU-01,ATE-STATION-01,CHAMBER-01,1.0,125.0,5.0,168,output_voltage_drift,ELECTRICAL,uV,15.0253,6436.0032,6436.8022,6437.4208,6420.9779,-0.0357,-0.0876,35.82,35.17,15.0253,6436.0032,6436.8022,6437.4208,6420.9779,100.0,False,NOMINAL,HEALTHY,48.29,44.08
PRE_LOT05_COMP0751,LOT_05,PRECISION_VOLTAGE_REF,LCC-20,PRE-SIH-2026,THERMAL_BURN_IN,T05_0751,PROC-ISRO-IISU-01,ATE-STATION-01,CHAMBER-01,1.0,125.0,5.0,168,output_voltage_drift,ELECTRICAL,uV,16.2185,6959.8248,6960.5461,6961.0835,6943.6063,0.0002,0.1095,35.35,34.61,16.2185,6959.8248,6960.5461,6961.0835,6943.6063,100.0,False,NOMINAL,HEALTHY,-15.06,41.68
PRE_LOT05_COMP0752,LOT_05,PRECISION_VOLTAGE_REF,LCC-20,PRE-SIH-2026,THERMAL_BURN_IN,T05_0752,PROC-ISRO-IISU-01,ATE-STATION-01,CHAMBER-01,1.0,125.0,5.0,168,output_voltage_drift,ELECTRICAL,uV,16.2109,6953.1457,6953.9275,6954.4403,6936.9348,0.0236,-0.0163,35.75,36.74,16.2109,6953.1457,6953.9275,6954.4403,6936.9348,100.0,False,NOMINAL,HEALTHY,-29.73,-24.98
PRE_LOT05_COMP0753,LOT_05,PRECISION_VOLTAGE_REF,LCC-20,PRE-SIH-2026,THERMAL_BURN_IN,T05_0753,PROC-ISRO-IISU-01,ATE-STATION-01,CHAMBER-01,1.0,125.0,5.0,168,output_voltage_drift,ELECTRICAL,uV,14.3277,6148.6239,6149.3426,6149.8524,6134.2962,-0.0098,-0.0336,33.36,33.16,14.3277,6148.6239,6149.3426,6149.8524,6134.2962,100.0,False,NOMINAL,HEALTHY,11.67,34.76
PRE_LOT05_COMP0754,LOT_05,PRECISION_VOLTAGE_REF,LCC-20,PRE-SIH-2026,THERMAL_BURN_IN,T05_0754,PROC-ISRO-IISU-01,ATE-STATION-01,CHAMBER-01,1.0,125.0,5.0,168,output_voltage_drift,ELECTRICAL,uV,10.1298,4335.9505,4336.434,4336.7247,4325.8207,-0.0348,-0.0638,36.53,35.57,10.1298,4335.9505,4336.434,4336.7247,4325.8207,100.0,False,NOMINAL,HEALTHY,-27.4,-1.58
PRE_LOT05_COMP0755,LOT_05,PRECISION_VOLTAGE_REF,LCC-20,PRE-SIH-2026,THERMAL_BURN_IN,T05_0755,PROC-ISRO-IISU-01,ATE-STATION-01,CHAMBER-01,1.0,125.0,5.0,168,output_voltage_drift,ELECTRICAL,uV,12.6551,5435.7407,5436.3071,5436.7689,5423.0856,0.0068,-0.0181,35.68,34.61,12.6551,5435.7407,5436.3071,5436.7689,5423.0856,100.0,False,NOMINAL,HEALTHY,2.25,-19.95
PRE_LOT05_COMP0756,LOT_05,PRECISION_VOLTAGE_REF,LCC-20,PRE-SIH-2026,THERMAL_BURN_IN,T05_0756,PROC-ISRO-IISU-01,ATE-STATION-01,CHAMBER-01,1.0,125.0,5.0,168,output_voltage_drift,ELECTRICAL,uV,13.9547,5983.9844,5984.625,5985.1273,5970.0297,-0.0006,0.0152,34.03,33.95,13.9547,5983.9844,5984.625,5985.1273,5970.0297,100.0,False,NOMINAL,HEALTHY,35.92,-32.33
PRE_LOT05_COMP0757,LOT_05,PRECISION_VOLTAGE_REF,LCC-20,PRE-SIH-2026,THERMAL_BURN_IN,T05_0757,PROC-ISRO-IISU-01,ATE-STATION-01,CHAMBER-01,1.0,125.0,5.0,168,output_voltage_drift,ELECTRICAL,uV,14.3221,6141.2105,6141.8913,6142.3821,6126.8884,-0.0255,-0.0996,35.04,35.81,14.3221,6141.2105,6141.8913,6142.3821,6126.8884,100.0,False,NOMINAL,HEALTHY,36.57,-44.76
PRE_LOT05_COMP0758,LOT_05,PRECISION_VOLTAGE_REF,LCC-20,PRE-SIH-2026,THERMAL_BURN_IN,T05_0758,PROC-ISRO-IISU-01,ATE-STATION-01,CHAMBER-01,1.0,125.0,5.0,168,output_voltage_drift,ELECTRICAL,uV,16.2264,6958.9032,6959.7148,6960.2763,6942.6768,-0.0218,-0.0712,33.27,32.44,16.2264,6958.9032,6959.7148,6960.2763,6942.6768,100.0,False,NOMINAL,HEALTHY,-35.46,-48.69
PRE_LOT05_COMP0759,LOT_05,PRECISION_VOLTAGE_REF,LCC-20,PRE-SIH-2026,THERMAL_BURN_IN,T05_0759,PROC-ISRO-IISU-01,ATE-STATION-01,CHAMBER-01,1.0,125.0,5.0,168,output_voltage_drift,ELECTRICAL,uV,11.284,4848.2141,4848.7915,4849.1007,4836.9301,0.0133,-0.0234,34.56,34.99,11.284,4848.2141,4848.7915,4849.1007,4836.9301,100.0,False,NOMINAL,HEALTHY,22.62,10.58
PRE_LOT05_COMP0760,LOT_05,PRECISION_VOLTAGE_REF,LCC-20,PRE-SIH-2026,THERMAL_BURN_IN,T05_0760,PROC-ISRO-IISU-01,ATE-STATION-01,CHAMBER-01,1.0,125.0,5.0,168,output_voltage_drift,ELECTRICAL,uV,13.8426,5938.3897,5939.0141,5939.4785,5924.5471,-0.005,0.0395,34.4,34.2,13.8426,5938.3897,5939.0141,5939.4785,5924.5471,100.0,False,NOMINAL,HEALTHY,-10.8,28.84
PRE_LOT05_COMP0761,LOT_05,PRECISION_VOLTAGE_REF,LCC-20,PRE-SIH-2026,THERMAL_BURN_IN,T05_0761,PROC-ISRO-IISU-01,ATE-STATION-01,CHAMBER-01,1.0,125.0,5.0,168,output_voltage_drift,ELECTRICAL,uV,13.7598,5901.054,5901.6743,5902.3015,5887.2942,0.0209,0.0381,35.09,35.06,13.7598,5901.054,5901.6743,5902.3015,5887.2942,100.0,False,NOMINAL,HEALTHY,19.48,-36.29
PRE_LOT05_COMP0762,LOT_05,PRECISION_VOLTAGE_REF,LCC-20,PRE-SIH-2026,THERMAL_BURN_IN,T05_0762,PROC-ISRO-IISU-01,ATE-STATION-01,CHAMBER-01,1.0,125.0,5.0,168,output_voltage_drift,ELECTRICAL,uV,16.4793,7070.1769,7071.0182,7071.6037,7053.6976,-0.0031,0.0049,38.15,38.76,16.4793,7070.1769,7071.0182,7071.6037,7053.6976,100.0,False,NOMINAL,HEALTHY,0.44,14.89
PRE_LOT05_COMP0763,LOT_05,PRECISION_VOLTAGE_REF,LCC-20,PRE-SIH-2026,THERMAL_BURN_IN,T05_0763,PROC-ISRO-IISU-01,ATE-STATION-01,CHAMBER-01,1.0,125.0,5.0,168,output_voltage_drift,ELECTRICAL,uV,13.0359,5591.8307,5592.3972,5592.7718,5578.7948,0.0088,0.0135,33.66,33.55,13.0359,5591.8307,5592.3972,5592.7718,5578.7948,100.0,False,NOMINAL,HEALTHY,29.37,-16.37
PRE_LOT05_COMP0764,LOT_05,PRECISION_VOLTAGE_REF,LCC-20,PRE-SIH-2026,THERMAL_BURN_IN,T05_0764,PROC-ISRO-IISU-01,ATE-STATION-01,CHAMBER-01,1.0,125.0,5.0,168,output_voltage_drift,ELECTRICAL,uV,15.5939,6675.9539,6676.6643,6677.3034,6660.36,-0.0041,0.0773,32.74,32.73,15.5939,6675.9539,6676.6643,6677.3034,6660.36,100.0,False,NOMINAL,HEALTHY,36.56,-34.93
PRE_LOT05_COMP0765,LOT_05,PRECISION_VOLTAGE_REF,LCC-20,PRE-SIH-2026,THERMAL_BURN_IN,T05_0765,PROC-ISRO-IISU-01,ATE-STATION-01,CHAMBER-01,1.0,125.0,5.0,168,output_voltage_drift,ELECTRICAL,uV,12.5536,5385.1497,5385.7467,5386.2556,5372.5961,-0.016,-0.1275,35.98,36.55,12.5536,5385.1497,5385.7467,5386.2556,5372.5961,100.0,False,NOMINAL,HEALTHY,-41.15,-34.94
PRE_LOT05_COMP0766,LOT_05,PRECISION_VOLTAGE_REF,LCC-20,PRE-SIH-2026,THERMAL_BURN_IN,T05_0766,PROC-ISRO-IISU-01,ATE-STATION-01,CHAMBER-01,1.0,125.0,5.0,168,output_voltage_drift,ELECTRICAL,uV,13.7444,5896.9129,5897.6847,5898.1358,5883.1685,-0.0145,0.0307,35.57,36.58,13.7444,5896.9129,5897.6847,5898.1358,5883.1685,100.0,False,NOMINAL,HEALTHY,49.66,49.34
PRE_LOT05_COMP0767,LOT_05,PRECISION_VOLTAGE_REF,LCC-20,PRE-SIH-2026,THERMAL_BURN_IN,T05_0767,PROC-ISRO-IISU-01,ATE-STATION-01,CHAMBER-01,1.0,125.0,5.0,168,output_voltage_drift,ELECTRICAL,uV,16.0208,6878.3589,6879.0399,6879.6192,6862.3381,0.0304,-0.0476,35.48,35.37,16.0208,6878.3589,6879.0399,6879.6192,6862.3381,100.0,False,NOMINAL,HEALTHY,-46.71,-41.58
PRE_LOT05_COMP0768,LOT_05,PRECISION_VOLTAGE_REF,LCC-20,PRE-SIH-2026,THERMAL_BURN_IN,T05_0768,PROC-ISRO-IISU-01,ATE-STATION-01,CHAMBER-01,1.0,125.0,5.0,168,output_voltage_drift,ELECTRICAL,uV,14.8451,6360.4836,6361.1703,6361.6902,6345.6385,0.0349,0.0455,34.91,34.43,14.8451,6360.4836,6361.1703,6361.6902,6345.6385,100.0,False,NOMINAL,HEALTHY,-42.44,-11.63
PRE_LOT05_COMP0769,LOT_05,PRECISION_VOLTAGE_REF,LCC-20,PRE-SIH-2026,THERMAL_BURN_IN,T05_0769,PROC-ISRO-IISU-01,ATE-STATION-01,CHAMBER-01,1.0,125.0,5.0,168,output_voltage_drift,ELECTRICAL,uV,14.8276,6368.3455,6369.027,6369.5517,6353.5179,0.0068,0.0199,34.44,34.0,14.8276,6368.3455,6369.027,6369.5517,6353.5179,100.0,False,NOMINAL,HEALTHY,-44.3,-38.56
PRE_LOT05_COMP0770,LOT_05,PRECISION_VOLTAGE_REF,LCC-20,PRE-SIH-2026,THERMAL_BURN_IN,T05_0770,PROC-ISRO-IISU-01,ATE-STATION-01,CHAMBER-01,1.0,125.0,5.0,168,output_voltage_drift,ELECTRICAL,uV,16.1184,6903.7924,6904.5958,6905.154,6887.674,-0.0124,-0.0306,35.48,36.19,16.1184,6903.7924,6904.5958,6905.154,6887.674,100.0,False,NOMINAL,HEALTHY,-40.6,-8.98
PRE_LOT05_COMP0771,LOT_05,PRECISION_VOLTAGE_REF,LCC-20,PRE-SIH-2026,THERMAL_BURN_IN,T05_0771,PROC-ISRO-IISU-01,ATE-STATION-01,CHAMBER-01,1.0,125.0,5.0,168,output_voltage_drift,ELECTRICAL,uV,12.4719,5358.0456,5358.7121,5359.1432,5345.5737,0.0125,-0.0076,36.59,36.53,12.4719,5358.0456,5358.7121,5359.1432,5345.5737,100.0,False,NOMINAL,HEALTHY,29.14,45.05
PRE_LOT05_COMP0772,LOT_05,PRECISION_VOLTAGE_REF,LCC-20,PRE-SIH-2026,THERMAL_BURN_IN,T05_0772,PROC-ISRO-IISU-01,ATE-STATION-01,CHAMBER-01,1.0,125.0,5.0,168,output_voltage_drift,ELECTRICAL,uV,13.8285,5925.1778,5925.8533,5926.3435,5911.3493,0.0278,0.0552,35.96,35.92,13.8285,5925.1778,5925.8533,5926.3435,5911.3493,100.0,False,NOMINAL,HEALTHY,39.65,21.24
PRE_LOT05_COMP0773,LOT_05,PRECISION_VOLTAGE_REF,LCC-20,PRE-SIH-2026,THERMAL_BURN_IN,T05_0773,PROC-ISRO-IISU-01,ATE-STATION-01,CHAMBER-01,1.0,125.0,5.0,168,output_voltage_drift,ELECTRICAL,uV,10.9675,4700.5245,4701.0138,4701.3828,4689.557,0.0266,-0.0199,35.53,35.8,10.9675,4700.5245,4701.0138,4701.3828,4689.557,100.0,False,NOMINAL,HEALTHY,18.77,-13.07
PRE_LOT05_COMP0774,LOT_05,PRECISION_VOLTAGE_REF,LCC-20,PRE-SIH-2026,THERMAL_BURN_IN,T05_0774,PROC-ISRO-IISU-01,ATE-STATION-01,CHAMBER-01,1.0,125.0,5.0,168,output_voltage_drift,ELECTRICAL,uV,13.514,5792.2776,5792.9663,5793.4053,5778.7636,-0.0156,-0.0001,36.86,36.19,13.514,5792.2776,5792.9663,5793.4053,5778.7636,100.0,False,NOMINAL,HEALTHY,11.91,18.21
PRE_LOT05_COMP0775,LOT_05,PRECISION_VOLTAGE_REF,LCC-20,PRE-SIH-2026,THERMAL_BURN_IN,T05_0775,PROC-ISRO-IISU-01,ATE-STATION-01,CHAMBER-01,1.0,125.0,5.0,168,output_voltage_drift,ELECTRICAL,uV,12.7463,5476.8801,5477.5388,5478.0467,5464.1338,0.035,-0.0262,36.0,34.94,12.7463,5476.8801,5477.5388,5478.0467,5464.1338,100.0,False,NOMINAL,HEALTHY,-21.19,43.55
PRE_LOT05_COMP0776,LOT_05,PRECISION_VOLTAGE_REF,LCC-20,PRE-SIH-2026,THERMAL_BURN_IN,T05_0776,PROC-ISRO-IISU-01,ATE-STATION-01,CHAMBER-01,1.0,125.0,5.0,168,output_voltage_drift,ELECTRICAL,uV,12.9174,5531.3209,5531.948,5532.485,5518.4035,0.0148,0.0408,34.46,34.25,12.9174,5531.3209,5531.948,5532.485,5518.4035,100.0,False,NOMINAL,HEALTHY,17.94,-17.85
PRE_LOT05_COMP0777,LOT_05,PRECISION_VOLTAGE_REF,LCC-20,PRE-SIH-2026,THERMAL_BURN_IN,T05_0777,PROC-ISRO-IISU-01,ATE-STATION-01,CHAMBER-01,1.0,125.0,5.0,168,output_voltage_drift,ELECTRICAL,uV,12.0769,5175.8397,5176.4105,5176.8613,5163.7628,0.0213,0.0742,34.95,35.35,12.0769,5175.8397,5176.4105,5176.8613,5163.7628,100.0,False,NOMINAL,HEALTHY,33.06,36.91
PRE_LOT05_COMP0778,LOT_05,PRECISION_VOLTAGE_REF,LCC-20,PRE-SIH-2026,THERMAL_BURN_IN,T05_0778,PROC-ISRO-IISU-01,ATE-STATION-01,CHAMBER-01,1.0,125.0,5.0,168,output_voltage_drift,ELECTRICAL,uV,13.5825,5821.0021,5821.7062,5822.2768,5807.4196,0.0024,-0.1255,34.03,34.99,13.5825,5821.0021,5821.7062,5822.2768,5807.4196,100.0,False,NOMINAL,HEALTHY,42.63,-48.94
PRE_LOT05_COMP0779,LOT_05,PRECISION_VOLTAGE_REF,LCC-20,PRE-SIH-2026,THERMAL_BURN_IN,T05_0779,PROC-ISRO-IISU-01,ATE-STATION-01,CHAMBER-01,1.0,125.0,5.0,168,output_voltage_drift,ELECTRICAL,uV,13.1938,5653.7937,5654.404,5654.7665,5640.5999,-0.0043,-0.1087,35.0,34.65,13.1938,5653.7937,5654.404,5654.7665,5640.5999,100.0,False,NOMINAL,HEALTHY,-41.24,35.62
PRE_LOT05_COMP0780,LOT_05,PRECISION_VOLTAGE_REF,LCC-20,PRE-SIH-2026,THERMAL_BURN_IN,T05_0780,PROC-ISRO-IISU-01,ATE-STATION-01,CHAMBER-01,1.0,125.0,5.0,168,output_voltage_drift,ELECTRICAL,uV,14.2091,6091.0366,6091.677,6092.1212,6076.8275,-0.0171,0.0398,34.93,35.91,14.2091,6091.0366,6091.677,6092.1212,6076.8275,100.0,False,NOMINAL,HEALTHY,-43.47,-34.93
PRE_LOT05_COMP0781,LOT_05,PRECISION_VOLTAGE_REF,LCC-20,PRE-SIH-2026,THERMAL_BURN_IN,T05_0781,PROC-ISRO-IISU-01,ATE-STATION-01,CHAMBER-01,1.0,125.0,5.0,168,output_voltage_drift,ELECTRICAL,uV,12.6761,5426.1951,5426.7218,5427.1238,5413.519,0.016,0.0437,37.72,38.31,12.6761,5426.1951,5426.7218,5427.1238,5413.519,100.0,False,NOMINAL,HEALTHY,24.97,-26.58
PRE_LOT05_COMP0782,LOT_05,PRECISION_VOLTAGE_REF,LCC-20,PRE-SIH-2026,THERMAL_BURN_IN,T05_0782,PROC-ISRO-IISU-01,ATE-STATION-01,CHAMBER-01,1.0,125.0,5.0,168,output_voltage_drift,ELECTRICAL,uV,12.6727,5437.7132,5438.3117,5438.7663,5425.0405,0.0211,0.0106,35.03,34.43,12.6727,5437.7132,5438.3117,5438.7663,5425.0405,100.0,False,NOMINAL,HEALTHY,-48.73,32.62
PRE_LOT05_COMP0783,LOT_05,PRECISION_VOLTAGE_REF,LCC-20,PRE-SIH-2026,THERMAL_BURN_IN,T05_0783,PROC-ISRO-IISU-01,ATE-STATION-01,CHAMBER-01,1.0,125.0,5.0,168,output_voltage_drift,ELECTRICAL,uV,16.3141,6993.1745,6993.8996,6994.3406,6976.8604,0.0099,-0.0475,35.85,36.54,16.3141,6993.1745,6993.8996,6994.3406,6976.8604,100.0,False,NOMINAL,HEALTHY,-44.93,27.28
PRE_LOT05_COMP0784,LOT_05,PRECISION_VOLTAGE_REF,LCC-20,PRE-SIH-2026,THERMAL_BURN_IN,T05_0784,PROC-ISRO-IISU-01,ATE-STATION-01,CHAMBER-01,1.0,125.0,5.0,168,output_voltage_drift,ELECTRICAL,uV,14.9495,6400.5376,6401.2736,6401.8048,6385.5881,-0.0089,-0.0561,35.58,35.59,14.9495,6400.5376,6401.2736,6401.8048,6385.5881,100.0,False,NOMINAL,HEALTHY,-28.53,-48.89
PRE_LOT05_COMP0785,LOT_05,PRECISION_VOLTAGE_REF,LCC-20,PRE-SIH-2026,THERMAL_BURN_IN,T05_0785,PROC-ISRO-IISU-01,ATE-STATION-01,CHAMBER-01,1.0,125.0,5.0,168,output_voltage_drift,ELECTRICAL,uV,15.0734,6461.6241,6462.364,6462.9447,6446.5507,-0.0001,0.0486,35.9,35.88,15.0734,6461.6241,6462.364,6462.9447,6446.5507,100.0,False,NOMINAL,HEALTHY,40.25,-29.26
PRE_LOT05_COMP0786,LOT_05,PRECISION_VOLTAGE_REF,LCC-20,PRE-SIH-2026,THERMAL_BURN_IN,T05_0786,PROC-ISRO-IISU-01,ATE-STATION-01,CHAMBER-01,1.0,125.0,5.0,168,output_voltage_drift,ELECTRICAL,uV,15.9394,6822.9508,6823.6971,6824.2515,6807.0114,-0.0202,0.0545,36.76,36.13,15.9394,6822.9508,6823.6971,6824.2515,6807.0114,100.0,False,NOMINAL,HEALTHY,-7.63,12.43
PRE_LOT05_COMP0787,LOT_05,PRECISION_VOLTAGE_REF,LCC-20,PRE-SIH-2026,THERMAL_BURN_IN,T05_0787,PROC-ISRO-IISU-01,ATE-STATION-01,CHAMBER-01,1.0,125.0,5.0,168,output_voltage_drift,ELECTRICAL,uV,17.6858,7589.0057,7589.8901,7590.4203,7571.3199,0.061,0.0097,33.67,33.67,17.6858,7589.0057,7589.8901,7590.4203,7571.3199,100.0,False,NOMINAL,HEALTHY,6.64,25.38
PRE_LOT05_COMP0788,LOT_05,PRECISION_VOLTAGE_REF,LCC-20,PRE-SIH-2026,THERMAL_BURN_IN,T05_0788,PROC-ISRO-IISU-01,ATE-STATION-01,CHAMBER-01,1.0,125.0,5.0,168,output_voltage_drift,ELECTRICAL,uV,15.4884,6625.1999,6625.896,6626.413,6609.7115,0.0381,0.1031,34.74,35.03,15.4884,6625.1999,6625.896,6626.413,6609.7115,100.0,False,NOMINAL,HEALTHY,1.39,21.02
PRE_LOT05_COMP0789,LOT_05,PRECISION_VOLTAGE_REF,LCC-20,PRE-SIH-2026,THERMAL_BURN_IN,T05_0789,PROC-ISRO-IISU-01,ATE-STATION-01,CHAMBER-01,1.0,125.0,5.0,168,output_voltage_drift,ELECTRICAL,uV,14.323,6142.0528,6142.7105,6143.172,6127.7298,0.011,0.0175,35.23,36.26,14.323,6142.0528,6142.7105,6143.172,6127.7298,100.0,False,NOMINAL,HEALTHY,29.13,14.32
PRE_LOT05_COMP0790,LOT_05,PRECISION_VOLTAGE_REF,LCC-20,PRE-SIH-2026,THERMAL_BURN_IN,T05_0790,PROC-ISRO-IISU-01,ATE-STATION-01,CHAMBER-01,1.0,125.0,5.0,168,output_voltage_drift,ELECTRICAL,uV,11.9949,5141.6134,5142.1401,5142.5149,5129.6185,0.008,0.0377,35.03,35.18,11.9949,5141.6134,5142.1401,5142.5149,5129.6185,100.0,False,NOMINAL,HEALTHY,15.48,30.18
PRE_LOT05_COMP0791,LOT_05,PRECISION_VOLTAGE_REF,LCC-20,PRE-SIH-2026,THERMAL_BURN_IN,T05_0791,PROC-ISRO-IISU-01,ATE-STATION-01,CHAMBER-01,1.0,125.0,5.0,168,output_voltage_drift,ELECTRICAL,uV,11.0505,4732.2638,4732.868,4733.2582,4721.2133,-0.0007,-0.0145,35.15,35.2,11.0505,4732.2638,4732.868,4733.2582,4721.2133,100.0,True,DIELECTRIC_OSCILLATION,HEALTHY,-42.59,12.38
PRE_LOT05_COMP0792,LOT_05,PRECISION_VOLTAGE_REF,LCC-20,PRE-SIH-2026,THERMAL_BURN_IN,T05_0792,PROC-ISRO-IISU-01,ATE-STATION-01,CHAMBER-01,1.0,125.0,5.0,168,output_voltage_drift,ELECTRICAL,uV,13.0837,5616.7844,5617.459,5617.897,5603.7007,-0.0176,-0.1589,36.42,36.53,13.0837,5616.7844,5617.459,5617.897,5603.7007,100.0,False,NOMINAL,HEALTHY,31.87,18.27
PRE_LOT05_COMP0793,LOT_05,PRECISION_VOLTAGE_REF,LCC-20,PRE-SIH-2026,THERMAL_BURN_IN,T05_0793,PROC-ISRO-IISU-01,ATE-STATION-01,CHAMBER-01,1.0,125.0,5.0,168,output_voltage_drift,ELECTRICAL,uV,14.2914,6126.5567,6127.243,6127.6686,6112.2653,-0.0121,0.0509,35.81,36.14,14.2914,6126.5567,6127.243,6127.6686,6112.2653,100.0,False,NOMINAL,HEALTHY,35.76,-24.55
PRE_LOT05_COMP0794,LOT_05,PRECISION_VOLTAGE_REF,LCC-20,PRE-SIH-2026,THERMAL_BURN_IN,T05_0794,PROC-ISRO-IISU-01,ATE-STATION-01,CHAMBER-01,1.0,125.0,5.0,168,output_voltage_drift,ELECTRICAL,uV,10.1362,4358.6275,4359.1518,4359.5328,4348.4913,0.0084,-0.0141,36.84,36.82,10.1362,4358.6275,4359.1518,4359.5328,4348.4913,100.0,False,NOMINAL,HEALTHY,3.71,47.57
PRE_LOT05_COMP0795,LOT_05,PRECISION_VOLTAGE_REF,LCC-20,PRE-SIH-2026,THERMAL_BURN_IN,T05_0795,PROC-ISRO-IISU-01,ATE-STATION-01,CHAMBER-01,1.0,125.0,5.0,168,output_voltage_drift,ELECTRICAL,uV,13.5723,5817.3938,5818.105,5818.6278,5803.8215,-0.0052,-0.019,34.65,34.32,13.5723,5817.3938,5818.105,5818.6278,5803.8215,100.0,False,NOMINAL,HEALTHY,38.68,14.4
PRE_LOT05_COMP0796,LOT_05,PRECISION_VOLTAGE_REF,LCC-20,PRE-SIH-2026,THERMAL_BURN_IN,T05_0796,PROC-ISRO-IISU-01,ATE-STATION-01,CHAMBER-01,1.0,125.0,5.0,168,output_voltage_drift,ELECTRICAL,uV,14.8581,6372.5843,6373.3852,6373.9497,6357.7262,-0.014,0.0542,35.85,35.68,14.8581,6372.5843,6373.3852,6373.9497,6357.7262,100.0,False,NOMINAL,HEALTHY,-22.7,9.13
PRE_LOT05_COMP0797,LOT_05,PRECISION_VOLTAGE_REF,LCC-20,PRE-SIH-2026,THERMAL_BURN_IN,T05_0797,PROC-ISRO-IISU-01,ATE-STATION-01,CHAMBER-01,1.0,125.0,5.0,168,output_voltage_drift,ELECTRICAL,uV,10.732,4599.0036,4599.5495,4599.9159,4588.2716,-0.0054,-0.0128,35.51,34.8,10.732,4599.0036,4599.5495,4599.9159,4588.2716,100.0,False,NOMINAL,HEALTHY,-24.99,28.5
PRE_LOT05_COMP0798,LOT_05,PRECISION_VOLTAGE_REF,LCC-20,PRE-SIH-2026,THERMAL_BURN_IN,T05_0798,PROC-ISRO-IISU-01,ATE-STATION-01,CHAMBER-01,1.0,125.0,5.0,168,output_voltage_drift,ELECTRICAL,uV,13.1446,5635.9791,5636.5455,5637.0045,5622.8345,-0.0056,0.0178,36.71,36.16,13.1446,5635.9791,5636.5455,5637.0045,5622.8345,100.0,False,NOMINAL,HEALTHY,27.73,14.42
PRE_LOT05_COMP0799,LOT_05,PRECISION_VOLTAGE_REF,LCC-20,PRE-SIH-2026,THERMAL_BURN_IN,T05_0799,PROC-ISRO-IISU-01,ATE-STATION-01,CHAMBER-01,1.0,125.0,5.0,168,output_voltage_drift,ELECTRICAL,uV,16.4402,7052.2212,7053.0235,7053.6386,7035.781,0.0025,-0.039,36.03,35.7,16.4402,7052.2212,7053.0235,7053.6386,7035.781,100.0,False,NOMINAL,HEALTHY,-39.52,-16.6
PRE_LOT05_COMP0800,LOT_05,PRECISION_VOLTAGE_REF,LCC-20,PRE-SIH-2026,THERMAL_BURN_IN,T05_0800,PROC-ISRO-IISU-01,ATE-STATION-01,CHAMBER-01,1.0,125.0,5.0,168,output_voltage_drift,ELECTRICAL,uV,14.8449,6362.3006,6363.0043,6363.5785,6347.4557,0.0262,-0.0533,37.99,37.97,14.8449,6362.3006,6363.0043,6363.5785,6347.4557,100.0,False,NOMINAL,HEALTHY,-15.13,-8.47
PRE_LOT05_COMP0801,LOT_05,PRECISION_VOLTAGE_REF,LCC-20,PRE-SIH-2026,THERMAL_BURN_IN,T05_0801,PROC-ISRO-IISU-01,ATE-STATION-01,CHAMBER-01,1.0,125.0,5.0,168,output_voltage_drift,ELECTRICAL,uV,13.8238,5915.4977,5916.1449,5916.6981,5901.6739,-0.0,-0.0332,33.28,33.26,13.8238,5915.4977,5916.1449,5916.6981,5901.6739,100.0,False,NOMINAL,HEALTHY,-39.26,-22.9
PRE_LOT05_COMP0802,LOT_05,PRECISION_VOLTAGE_REF,LCC-20,PRE-SIH-2026,THERMAL_BURN_IN,T05_0802,PROC-ISRO-IISU-01,ATE-STATION-01,CHAMBER-01,1.0,125.0,5.0,168,output_voltage_drift,ELECTRICAL,uV,16.3456,7010.8868,7011.7062,7012.371,6994.5412,0.0033,0.0046,35.47,34.81,16.3456,7010.8868,7011.7062,7012.371,6994.5412,100.0,False,NOMINAL,HEALTHY,-34.79,28.98
PRE_LOT05_COMP0803,LOT_05,PRECISION_VOLTAGE_REF,LCC-20,PRE-SIH-2026,THERMAL_BURN_IN,T05_0803,PROC-ISRO-IISU-01,ATE-STATION-01,CHAMBER-01,1.0,125.0,5.0,168,output_voltage_drift,ELECTRICAL,uV,14.7014,6311.2632,6312.0123,6312.5875,6296.5618,0.0057,0.0938,34.97,35.23,14.7014,6311.2632,6312.0123,6312.5875,6296.5618,100.0,False,NOMINAL,HEALTHY,16.04,-24.37
PRE_LOT05_COMP0804,LOT_05,PRECISION_VOLTAGE_REF,LCC-20,PRE-SIH-2026,THERMAL_BURN_IN,T05_0804,PROC-ISRO-IISU-01,ATE-STATION-01,CHAMBER-01,1.0,125.0,5.0,168,output_voltage_drift,ELECTRICAL,uV,13.2223,5674.4439,5675.0719,5675.5442,5661.2216,0.029,0.0294,34.9,34.77,13.2223,5674.4439,5675.0719,5675.5442,5661.2216,100.0,False,NOMINAL,HEALTHY,-26.2,36.56
PRE_LOT05_COMP0805,LOT_05,PRECISION_VOLTAGE_REF,LCC-20,PRE-SIH-2026,THERMAL_BURN_IN,T05_0805,PROC-ISRO-IISU-01,ATE-STATION-01,CHAMBER-01,1.0,125.0,5.0,168,output_voltage_drift,ELECTRICAL,uV,16.1661,6926.5495,6927.2595,6927.7983,6910.3834,0.0013,-0.0139,34.97,35.02,16.1661,6926.5495,6927.2595,6927.7983,6910.3834,100.0,False,NOMINAL,HEALTHY,19.69,-11.53
PRE_LOT05_COMP0806,LOT_05,PRECISION_VOLTAGE_REF,LCC-20,PRE-SIH-2026,THERMAL_BURN_IN,T05_0806,PROC-ISRO-IISU-01,ATE-STATION-01,CHAMBER-01,1.0,125.0,5.0,168,output_voltage_drift,ELECTRICAL,uV,14.5859,6251.3554,6251.9855,6252.417,6236.7695,-0.0037,-0.0075,34.4,33.84,14.5859,6251.3554,6251.9855,6252.417,6236.7695,100.0,False,NOMINAL,HEALTHY,49.93,4.97
PRE_LOT05_COMP0807,LOT_05,PRECISION_VOLTAGE_REF,LCC-20,PRE-SIH-2026,THERMAL_BURN_IN,T05_0807,PROC-ISRO-IISU-01,ATE-STATION-01,CHAMBER-01,1.0,125.0,5.0,168,output_voltage_drift,ELECTRICAL,uV,15.3243,6575.2217,6576.0007,6576.5958,6559.8974,0.0065,0.0585,35.5,36.78,15.3243,6575.2217,6576.0007,6576.5958,6559.8974,100.0,False,NOMINAL,HEALTHY,-25.6,-34.13
PRE_LOT05_COMP0808,LOT_05,PRECISION_VOLTAGE_REF,LCC-20,PRE-SIH-2026,THERMAL_BURN_IN,T05_0808,PROC-ISRO-IISU-01,ATE-STATION-01,CHAMBER-01,1.0,125.0,5.0,168,output_voltage_drift,ELECTRICAL,uV,10.766,4616.965,4617.4219,4617.8507,4606.199,0.0014,0.0087,34.97,34.59,10.766,4616.965,4617.4219,4617.8507,4606.199,100.0,False,NOMINAL,HEALTHY,-26.88,22.88
PRE_LOT05_COMP0809,LOT_05,PRECISION_VOLTAGE_REF,LCC-20,PRE-SIH-2026,THERMAL_BURN_IN,T05_0809,PROC-ISRO-IISU-01,ATE-STATION-01,CHAMBER-01,1.0,125.0,5.0,168,output_voltage_drift,ELECTRICAL,uV,13.1749,5642.939,5643.5134,5643.9919,5629.7641,0.0044,0.0271,34.9,35.54,13.1749,5642.939,5643.5134,5643.9919,5629.7641,100.0,False,NOMINAL,HEALTHY,-41.53,-49.06
PRE_LOT05_COMP0810,LOT_05,PRECISION_VOLTAGE_REF,LCC-20,PRE-SIH-2026,THERMAL_BURN_IN,T05_0810,PROC-ISRO-IISU-01,ATE-STATION-01,CHAMBER-01,1.0,125.0,5.0,168,output_voltage_drift,ELECTRICAL,uV,13.6264,5840.4591,5841.0324,5841.5161,5826.8327,-0.0054,0.0116,36.21,36.39,13.6264,5840.4591,5841.0324,5841.5161,5826.8327,100.0,False,NOMINAL,HEALTHY,4.36,10.5
PRE_LOT05_COMP0811,LOT_05,PRECISION_VOLTAGE_REF,LCC-20,PRE-SIH-2026,THERMAL_BURN_IN,T05_0811,PROC-ISRO-IISU-01,ATE-STATION-01,CHAMBER-01,1.0,125.0,5.0,168,output_voltage_drift,ELECTRICAL,uV,13.0915,5626.6254,5627.2516,5627.6808,5613.5339,-0.0071,0.0275,36.61,37.07,13.0915,5626.6254,5627.2516,5627.6808,5613.5339,100.0,False,NOMINAL,HEALTHY,-24.58,44.14
PRE_LOT05_COMP0812,LOT_05,PRECISION_VOLTAGE_REF,LCC-20,PRE-SIH-2026,THERMAL_BURN_IN,T05_0812,PROC-ISRO-IISU-01,ATE-STATION-01,CHAMBER-01,1.0,125.0,5.0,168,output_voltage_drift,ELECTRICAL,uV,14.0402,6023.9624,6024.6591,6025.1949,6009.9222,0.0173,-0.0523,35.31,35.07,14.0402,6023.9624,6024.6591,6025.1949,6009.9222,100.0,False,NOMINAL,HEALTHY,49.4,-39.56
PRE_LOT05_COMP0813,LOT_05,PRECISION_VOLTAGE_REF,LCC-20,PRE-SIH-2026,THERMAL_BURN_IN,T05_0813,PROC-ISRO-IISU-01,ATE-STATION-01,CHAMBER-01,1.0,125.0,5.0,168,output_voltage_drift,ELECTRICAL,uV,17.4278,7470.9929,7471.7727,7472.4033,7453.5651,0.0018,-0.0048,35.25,35.22,17.4278,7470.9929,7471.7727,7472.4033,7453.5651,100.0,False,NOMINAL,HEALTHY,-29.8,16.97
PRE_LOT05_COMP0814,LOT_05,PRECISION_VOLTAGE_REF,LCC-20,PRE-SIH-2026,THERMAL_BURN_IN,T05_0814,PROC-ISRO-IISU-01,ATE-STATION-01,CHAMBER-01,1.0,125.0,5.0,168,output_voltage_drift,ELECTRICAL,uV,11.9617,5133.6427,5134.2315,5134.6609,5121.681,0.0251,0.0086,35.32,35.26,11.9617,5133.6427,5134.2315,5134.6609,5121.681,100.0,False,NOMINAL,HEALTHY,-2.43,-24.02
PRE_LOT05_COMP0815,LOT_05,PRECISION_VOLTAGE_REF,LCC-20,PRE-SIH-2026,THERMAL_BURN_IN,T05_0815,PROC-ISRO-IISU-01,ATE-STATION-01,CHAMBER-01,1.0,125.0,5.0,168,output_voltage_drift,ELECTRICAL,uV,14.5242,6232.4239,6233.0387,6233.4862,6217.8997,-0.0209,0.0068,34.37,33.64,14.5242,6232.4239,6233.0387,6233.4862,6217.8997,100.0,False,NOMINAL,HEALTHY,-34.73,-28.35
PRE_LOT05_COMP0816,LOT_05,PRECISION_VOLTAGE_REF,LCC-20,PRE-SIH-2026,THERMAL_BURN_IN,T05_0816,PROC-ISRO-IISU-01,ATE-STATION-01,CHAMBER-01,1.0,125.0,5.0,168,output_voltage_drift,ELECTRICAL,uV,14.1564,6061.056,6061.7679,6062.2683,6046.8996,0.0142,0.0504,36.98,36.1,14.1564,6061.056,6061.7679,6062.2683,6046.8996,100.0,False,NOMINAL,HEALTHY,3.39,-15.23
PRE_LOT05_COMP0817,LOT_05,PRECISION_VOLTAGE_REF,LCC-20,PRE-SIH-2026,THERMAL_BURN_IN,T05_0817,PROC-ISRO-IISU-01,ATE-STATION-01,CHAMBER-01,1.0,125.0,5.0,168,output_voltage_drift,ELECTRICAL,uV,14.7828,6327.2654,6328.0171,6328.537,6312.4826,0.0155,-0.018,32.84,33.68,14.7828,6327.2654,6328.0171,6328.537,6312.4826,100.0,False,NOMINAL,HEALTHY,38.03,-12.29
PRE_LOT05_COMP0818,LOT_05,PRECISION_VOLTAGE_REF,LCC-20,PRE-SIH-2026,THERMAL_BURN_IN,T05_0818,PROC-ISRO-IISU-01,ATE-STATION-01,CHAMBER-01,1.0,125.0,5.0,168,output_voltage_drift,ELECTRICAL,uV,13.2892,5685.5294,5686.1689,5686.7221,5672.2402,0.0131,-0.0328,35.92,36.33,13.2892,5685.5294,5686.1689,5686.7221,5672.2402,100.0,False,NOMINAL,HEALTHY,-42.75,-26.64
PRE_LOT05_COMP0819,LOT_05,PRECISION_VOLTAGE_REF,LCC-20,PRE-SIH-2026,THERMAL_BURN_IN,T05_0819,PROC-ISRO-IISU-01,ATE-STATION-01,CHAMBER-01,1.0,125.0,5.0,168,output_voltage_drift,ELECTRICAL,uV,15.4216,6622.5034,6623.2626,6623.8688,6607.0818,0.0387,0.0614,35.48,35.46,15.4216,6622.5034,6623.2626,6623.8688,6607.0818,100.0,False,NOMINAL,HEALTHY,45.19,2.21
PRE_LOT05_COMP0820,LOT_05,PRECISION_VOLTAGE_REF,LCC-20,PRE-SIH-2026,THERMAL_BURN_IN,T05_0820,PROC-ISRO-IISU-01,ATE-STATION-01,CHAMBER-01,1.0,125.0,5.0,168,output_voltage_drift,ELECTRICAL,uV,14.2846,6115.5448,6116.2617,6116.7701,6101.2602,-0.0043,-0.03,34.52,34.1,14.2846,6115.5448,6116.2617,6116.7701,6101.2602,100.0,False,NOMINAL,HEALTHY,14.95,-45.36
PRE_LOT05_COMP0821,LOT_05,PRECISION_VOLTAGE_REF,LCC-20,PRE-SIH-2026,THERMAL_BURN_IN,T05_0821,PROC-ISRO-IISU-01,ATE-STATION-01,CHAMBER-01,1.0,125.0,5.0,168,output_voltage_drift,ELECTRICAL,uV,12.7128,5454.1427,5454.7336,5455.1417,5441.4299,0.0167,0.0353,37.19,37.85,12.7128,5454.1427,5454.7336,5455.1417,5441.4299,100.0,False,NOMINAL,HEALTHY,-2.05,-23.28
PRE_LOT05_COMP0822,LOT_05,PRECISION_VOLTAGE_REF,LCC-20,PRE-SIH-2026,THERMAL_BURN_IN,T05_0822,PROC-ISRO-IISU-01,ATE-STATION-01,CHAMBER-01,1.0,125.0,5.0,168,output_voltage_drift,ELECTRICAL,uV,15.3945,6602.1026,6602.8299,6603.3538,6586.7081,-0.0229,0.0555,36.61,37.21,15.3945,6602.1026,6602.8299,6603.3538,6586.7081,100.0,False,NOMINAL,HEALTHY,-43.04,37.68
PRE_LOT05_COMP0823,LOT_05,PRECISION_VOLTAGE_REF,LCC-20,PRE-SIH-2026,THERMAL_BURN_IN,T05_0823,PROC-ISRO-IISU-01,ATE-STATION-01,CHAMBER-01,1.0,125.0,5.0,168,output_voltage_drift,ELECTRICAL,uV,12.0225,5154.9019,5155.3975,5155.7952,5142.8794,-0.0103,-0.0955,35.8,35.27,12.0225,5154.9019,5155.3975,5155.7952,5142.8794,100.0,False,NOMINAL,HEALTHY,1.27,-14.22
PRE_LOT05_COMP0824,LOT_05,PRECISION_VOLTAGE_REF,LCC-20,PRE-SIH-2026,THERMAL_BURN_IN,T05_0824,PROC-ISRO-IISU-01,ATE-STATION-01,CHAMBER-01,1.0,125.0,5.0,168,output_voltage_drift,ELECTRICAL,uV,12.9502,5549.3094,5549.9079,5550.3504,5536.3592,-0.0127,-0.047,35.6,35.73,12.9502,5549.3094,5549.9079,5550.3504,5536.3592,100.0,False,NOMINAL,HEALTHY,45.25,17.86
PRE_LOT05_COMP0825,LOT_05,PRECISION_VOLTAGE_REF,LCC-20,PRE-SIH-2026,THERMAL_BURN_IN,T05_0825,PROC-ISRO-IISU-01,ATE-STATION-01,CHAMBER-01,1.0,125.0,5.0,168,output_voltage_drift,ELECTRICAL,uV,12.8013,5479.6468,5480.2715,5480.7749,5466.8455,-0.0066,-0.029,34.92,35.18,12.8013,5479.6468,5480.2715,5480.7749,5466.8455,100.0,False,NOMINAL,HEALTHY,-8.5,-43.79
PRE_LOT05_COMP0826,LOT_05,PRECISION_VOLTAGE_REF,LCC-20,PRE-SIH-2026,THERMAL_BURN_IN,T05_0826,PROC-ISRO-IISU-01,ATE-STATION-01,CHAMBER-01,1.0,125.0,5.0,168,output_voltage_drift,ELECTRICAL,uV,13.431,5763.0418,5763.6599,5764.1029,5749.6108,-0.0188,-0.0624,34.9,34.97,13.431,5763.0418,5763.6599,5764.1029,5749.6108,100.0,False,NOMINAL,HEALTHY,-5.4,-2.47
PRE_LOT05_COMP0827,LOT_05,PRECISION_VOLTAGE_REF,LCC-20,PRE-SIH-2026,THERMAL_BURN_IN,T05_0827,PROC-ISRO-IISU-01,ATE-STATION-01,CHAMBER-01,1.0,125.0,5.0,168,output_voltage_drift,ELECTRICAL,uV,12.3433,5279.1051,5279.7117,5280.1683,5266.7618,0.0196,0.0462,35.16,35.29,12.3433,5279.1051,5279.7117,5280.1683,5266.7618,100.0,False,NOMINAL,HEALTHY,-45.32,-44.86
PRE_LOT05_COMP0828,LOT_05,PRECISION_VOLTAGE_REF,LCC-20,PRE-SIH-2026,THERMAL_BURN_IN,T05_0828,PROC-ISRO-IISU-01,ATE-STATION-01,CHAMBER-01,1.0,125.0,5.0,168,output_voltage_drift,ELECTRICAL,uV,13.9101,5968.4045,5969.1033,5969.6074,5954.4944,0.0222,-0.0175,36.64,36.92,13.9101,5968.4045,5969.1033,5969.6074,5954.4944,100.0,False,NOMINAL,HEALTHY,40.5,20.51
PRE_LOT05_COMP0829,LOT_05,PRECISION_VOLTAGE_REF,LCC-20,PRE-SIH-2026,THERMAL_BURN_IN,T05_0829,PROC-ISRO-IISU-01,ATE-STATION-01,CHAMBER-01,1.0,125.0,5.0,168,output_voltage_drift,ELECTRICAL,uV,16.4591,7067.7576,7068.5273,7069.04,7051.2985,-0.0285,-0.0278,36.75,37.32,16.4591,7067.7576,7068.5273,7069.04,7051.2985,100.0,False,NOMINAL,HEALTHY,-14.62,-0.52
PRE_LOT05_COMP0830,LOT_05,PRECISION_VOLTAGE_REF,LCC-20,PRE-SIH-2026,THERMAL_BURN_IN,T05_0830,PROC-ISRO-IISU-01,ATE-STATION-01,CHAMBER-01,1.0,125.0,5.0,168,output_voltage_drift,ELECTRICAL,uV,15.3078,6563.2397,6563.9177,6564.4737,6547.9319,-0.0155,-0.0415,32.34,31.72,15.3078,6563.2397,6563.9177,6564.4737,6547.9319,100.0,False,NOMINAL,HEALTHY,-9.01,27.25
PRE_LOT05_COMP0831,LOT_05,PRECISION_VOLTAGE_REF,LCC-20,PRE-SIH-2026,THERMAL_BURN_IN,T05_0831,PROC-ISRO-IISU-01,ATE-STATION-01,CHAMBER-01,1.0,125.0,5.0,168,output_voltage_drift,ELECTRICAL,uV,12.099,5182.3765,5182.9541,5183.4445,5170.2775,-0.0353,0.0427,35.92,35.58,12.099,5182.3765,5182.9541,5183.4445,5170.2775,100.0,False,NOMINAL,HEALTHY,17.09,-24.25
PRE_LOT05_COMP0832,LOT_05,PRECISION_VOLTAGE_REF,LCC-20,PRE-SIH-2026,THERMAL_BURN_IN,T05_0832,PROC-ISRO-IISU-01,ATE-STATION-01,CHAMBER-01,1.0,125.0,5.0,168,output_voltage_drift,ELECTRICAL,uV,13.9307,5967.709,5968.3778,5968.9068,5953.7783,-0.0181,0.0408,35.75,36.04,13.9307,5967.709,5968.3778,5968.9068,5953.7783,100.0,False,NOMINAL,HEALTHY,11.16,8.07
PRE_LOT05_COMP0833,LOT_05,PRECISION_VOLTAGE_REF,LCC-20,PRE-SIH-2026,THERMAL_BURN_IN,T05_0833,PROC-ISRO-IISU-01,ATE-STATION-01,CHAMBER-01,1.0,125.0,5.0,168,output_voltage_drift,ELECTRICAL,uV,12.0454,5167.0125,5167.609,5167.9847,5154.9671,-0.0057,-0.0141,36.28,36.91,12.0454,5167.0125,5167.609,5167.9847,5154.9671,100.0,False,NOMINAL,HEALTHY,-26.78,0.61
PRE_LOT05_COMP0834,LOT_05,PRECISION_VOLTAGE_REF,LCC-20,PRE-SIH-2026,THERMAL_BURN_IN,T05_0834,PROC-ISRO-IISU-01,ATE-STATION-01,CHAMBER-01,1.0,125.0,5.0,168,output_voltage_drift,ELECTRICAL,uV,14.8465,6371.214,6371.956,6372.5296,6356.3675,0.0038,0.0397,35.53,35.51,14.8465,6371.214,6371.956,6372.5296,6356.3675,100.0,False,NOMINAL,HEALTHY,-35.98,-27.01
PRE_LOT05_COMP0835,LOT_05,PRECISION_VOLTAGE_REF,LCC-20,PRE-SIH-2026,THERMAL_BURN_IN,T05_0835,PROC-ISRO-IISU-01,ATE-STATION-01,CHAMBER-01,1.0,125.0,5.0,168,output_voltage_drift,ELECTRICAL,uV,15.6811,6726.8579,6727.6302,6728.1551,6711.1768,-0.0085,-0.0109,35.58,36.53,15.6811,6726.8579,6727.6302,6728.1551,6711.1768,100.0,False,NOMINAL,HEALTHY,-17.41,17.17
PRE_LOT05_COMP0836,LOT_05,PRECISION_VOLTAGE_REF,LCC-20,PRE-SIH-2026,THERMAL_BURN_IN,T05_0836,PROC-ISRO-IISU-01,ATE-STATION-01,CHAMBER-01,1.0,125.0,5.0,168,output_voltage_drift,ELECTRICAL,uV,14.3611,6151.6639,6152.3116,6152.803,6137.3028,0.0054,-0.0553,34.32,35.13,14.3611,6151.6639,6152.3116,6152.803,6137.3028,100.0,False,NOMINAL,HEALTHY,40.82,36.54
PRE_LOT05_COMP0837,LOT_05,PRECISION_VOLTAGE_REF,LCC-20,PRE-SIH-2026,THERMAL_BURN_IN,T05_0837,PROC-ISRO-IISU-01,ATE-STATION-01,CHAMBER-01,1.0,125.0,5.0,168,output_voltage_drift,ELECTRICAL,uV,13.3956,5745.2857,5745.9437,5746.4453,5731.8901,-0.0122,-0.0787,36.67,37.32,13.3956,5745.2857,5745.9437,5746.4453,5731.8901,100.0,False,NOMINAL,HEALTHY,46.24,-10.15
PRE_LOT05_COMP0838,LOT_05,PRECISION_VOLTAGE_REF,LCC-20,PRE-SIH-2026,THERMAL_BURN_IN,T05_0838,PROC-ISRO-IISU-01,ATE-STATION-01,CHAMBER-01,1.0,125.0,5.0,168,output_voltage_drift,ELECTRICAL,uV,14.145,6066.1553,6066.8103,6067.3422,6052.0103,0.01,0.0016,31.23,30.42,14.145,6066.1553,6066.8103,6067.3422,6052.0103,100.0,False,NOMINAL,HEALTHY,46.09,27.73
PRE_LOT05_COMP0839,LOT_05,PRECISION_VOLTAGE_REF,LCC-20,PRE-SIH-2026,THERMAL_BURN_IN,T05_0839,PROC-ISRO-IISU-01,ATE-STATION-01,CHAMBER-01,1.0,125.0,5.0,168,output_voltage_drift,ELECTRICAL,uV,13.8494,5934.5886,5935.2034,5935.6192,5920.7392,-0.0101,-0.023,34.87,34.49,13.8494,5934.5886,5935.2034,5935.6192,5920.7392,100.0,False,NOMINAL,HEALTHY,-14.72,-8.16
PRE_LOT05_COMP0840,LOT_05,PRECISION_VOLTAGE_REF,LCC-20,PRE-SIH-2026,THERMAL_BURN_IN,T05_0840,PROC-ISRO-IISU-01,ATE-STATION-01,CHAMBER-01,1.0,125.0,5.0,168,output_voltage_drift,ELECTRICAL,uV,12.7896,5486.4272,5487.0527,5487.5126,5473.6376,0.0206,0.0869,33.75,34.34,12.7896,5486.4272,5487.0527,5487.5126,5473.6376,100.0,False,NOMINAL,HEALTHY,1.7,-3.88
PRE_LOT05_COMP0841,LOT_05,PRECISION_VOLTAGE_REF,LCC-20,PRE-SIH-2026,THERMAL_BURN_IN,T05_0841,PROC-ISRO-IISU-01,ATE-STATION-01,CHAMBER-01,1.0,125.0,5.0,168,output_voltage_drift,ELECTRICAL,uV,12.804,5488.6641,5489.3301,5489.8016,5475.8601,-0.0455,-0.0528,34.61,33.78,12.804,5488.6641,5489.3301,5489.8016,5475.8601,100.0,False,NOMINAL,HEALTHY,-21.12,19.21
PRE_LOT05_COMP0842,LOT_05,PRECISION_VOLTAGE_REF,LCC-20,PRE-SIH-2026,THERMAL_BURN_IN,T05_0842,PROC-ISRO-IISU-01,ATE-STATION-01,CHAMBER-01,1.0,125.0,5.0,168,output_voltage_drift,ELECTRICAL,uV,13.6127,5832.9755,5833.637,5834.2332,5819.3628,-0.0147,-0.0757,36.45,36.28,13.6127,5832.9755,5833.637,5834.2332,5819.3628,100.0,False,NOMINAL,HEALTHY,-23.85,27.32
PRE_LOT05_COMP0843,LOT_05,PRECISION_VOLTAGE_REF,LCC-20,PRE-SIH-2026,THERMAL_BURN_IN,T05_0843,PROC-ISRO-IISU-01,ATE-STATION-01,CHAMBER-01,1.0,125.0,5.0,168,output_voltage_drift,ELECTRICAL,uV,13.747,5894.8345,5904.379,6055.0984,5881.0875,0.0037,-0.0747,35.71,36.45,13.747,5894.8345,5904.379,6055.0984,5881.0875,100.0,True,THERMAL_RUNAWAY,HEALTHY,-45.03,-20.19
PRE_LOT05_COMP0844,LOT_05,PRECISION_VOLTAGE_REF,LCC-20,PRE-SIH-2026,THERMAL_BURN_IN,T05_0844,PROC-ISRO-IISU-01,ATE-STATION-01,CHAMBER-01,1.0,125.0,5.0,168,output_voltage_drift,ELECTRICAL,uV,13.2353,5684.779,5685.4327,5685.8953,5671.5437,0.0098,-0.0456,33.73,34.59,13.2353,5684.779,5685.4327,5685.8953,5671.5437,100.0,False,NOMINAL,HEALTHY,10.48,-32.74
PRE_LOT05_COMP0845,LOT_05,PRECISION_VOLTAGE_REF,LCC-20,PRE-SIH-2026,THERMAL_BURN_IN,T05_0845,PROC-ISRO-IISU-01,ATE-STATION-01,CHAMBER-01,1.0,125.0,5.0,168,output_voltage_drift,ELECTRICAL,uV,16.8633,7242.0593,7242.8394,7243.4155,7225.196,0.0021,0.0248,33.67,34.03,16.8633,7242.0593,7242.8394,7243.4155,7225.196,100.0,False,NOMINAL,HEALTHY,-24.14,3.0
PRE_LOT05_COMP0846,LOT_05,PRECISION_VOLTAGE_REF,LCC-20,PRE-SIH-2026,THERMAL_BURN_IN,T05_0846,PROC-ISRO-IISU-01,ATE-STATION-01,CHAMBER-01,1.0,125.0,5.0,168,output_voltage_drift,ELECTRICAL,uV,13.3287,5705.9829,5706.5789,5706.9671,5692.6542,-0.0051,0.0063,34.68,34.28,13.3287,5705.9829,5706.5789,5706.9671,5692.6542,100.0,False,NOMINAL,HEALTHY,27.5,-38.7
PRE_LOT05_COMP0847,LOT_05,PRECISION_VOLTAGE_REF,LCC-20,PRE-SIH-2026,THERMAL_BURN_IN,T05_0847,PROC-ISRO-IISU-01,ATE-STATION-01,CHAMBER-01,1.0,125.0,5.0,168,output_voltage_drift,ELECTRICAL,uV,16.8738,7231.7757,7232.6003,7233.2732,7214.9019,-0.0072,0.0053,34.43,34.74,16.8738,7231.7757,7232.6003,7233.2732,7214.9019,100.0,False,NOMINAL,HEALTHY,0.69,-19.14
PRE_LOT05_COMP0848,LOT_05,PRECISION_VOLTAGE_REF,LCC-20,PRE-SIH-2026,THERMAL_BURN_IN,T05_0848,PROC-ISRO-IISU-01,ATE-STATION-01,CHAMBER-01,1.0,125.0,5.0,168,output_voltage_drift,ELECTRICAL,uV,16.0241,6866.3568,6867.0083,6867.493,6850.3327,-0.0266,-0.0649,37.32,36.97,16.0241,6866.3568,6867.0083,6867.493,6850.3327,100.0,False,NOMINAL,HEALTHY,-3.04,-28.01
PRE_LOT05_COMP0849,LOT_05,PRECISION_VOLTAGE_REF,LCC-20,PRE-SIH-2026,THERMAL_BURN_IN,T05_0849,PROC-ISRO-IISU-01,ATE-STATION-01,CHAMBER-01,1.0,125.0,5.0,168,output_voltage_drift,ELECTRICAL,uV,11.0781,4750.2682,4750.794,4751.1982,4739.1901,0.0349,0.0823,34.14,34.2,11.0781,4750.2682,4750.794,4751.1982,4739.1901,100.0,False,NOMINAL,HEALTHY,-35.67,-40.5
PRE_LOT05_COMP0850,LOT_05,PRECISION_VOLTAGE_REF,LCC-20,PRE-SIH-2026,THERMAL_BURN_IN,T05_0850,PROC-ISRO-IISU-01,ATE-STATION-01,CHAMBER-01,1.0,125.0,5.0,168,output_voltage_drift,ELECTRICAL,uV,12.6253,5410.1719,5410.7818,5411.2385,5397.5466,0.0141,-0.0135,35.5,35.83,12.6253,5410.1719,5410.7818,5411.2385,5397.5466,100.0,False,NOMINAL,HEALTHY,-24.51,-9.43
PRE_LOT05_COMP0851,LOT_05,PRECISION_VOLTAGE_REF,LCC-20,PRE-SIH-2026,THERMAL_BURN_IN,T05_0851,PROC-ISRO-IISU-01,ATE-STATION-01,CHAMBER-01,1.0,125.0,5.0,168,output_voltage_drift,ELECTRICAL,uV,14.9366,6398.7181,6399.4873,6400.0793,6383.7815,0.0178,-0.0235,35.26,34.07,14.9366,6398.7181,6399.4873,6400.0793,6383.7815,100.0,False,NOMINAL,HEALTHY,41.77,2.82
PRE_LOT05_COMP0852,LOT_05,PRECISION_VOLTAGE_REF,LCC-20,PRE-SIH-2026,THERMAL_BURN_IN,T05_0852,PROC-ISRO-IISU-01,ATE-STATION-01,CHAMBER-01,1.0,125.0,5.0,168,output_voltage_drift,ELECTRICAL,uV,13.8136,5925.7875,5935.3827,6086.1086,5911.9739,-0.0187,0.0232,36.7,37.55,13.8136,5925.7875,5935.3827,6086.1086,5911.9739,100.0,True,THERMAL_RUNAWAY,HEALTHY,-26.99,16.24
PRE_LOT05_COMP0853,LOT_05,PRECISION_VOLTAGE_REF,LCC-20,PRE-SIH-2026,THERMAL_BURN_IN,T05_0853,PROC-ISRO-IISU-01,ATE-STATION-01,CHAMBER-01,1.0,125.0,5.0,168,output_voltage_drift,ELECTRICAL,uV,13.7595,5903.4068,5904.0693,5904.5237,5889.6473,-0.0569,-0.1045,34.45,33.61,13.7595,5903.4068,5904.0693,5904.5237,5889.6473,100.0,False,NOMINAL,HEALTHY,-46.65,-41.65
PRE_LOT05_COMP0854,LOT_05,PRECISION_VOLTAGE_REF,LCC-20,PRE-SIH-2026,THERMAL_BURN_IN,T05_0854,PROC-ISRO-IISU-01,ATE-STATION-01,CHAMBER-01,1.0,125.0,5.0,168,output_voltage_drift,ELECTRICAL,uV,13.2525,5681.3483,5681.9285,5682.3591,5668.0958,-0.0018,0.0135,34.78,34.51,13.2525,5681.3483,5681.9285,5682.3591,5668.0958,100.0,False,NOMINAL,HEALTHY,43.96,-12.8
PRE_LOT05_COMP0855,LOT_05,PRECISION_VOLTAGE_REF,LCC-20,PRE-SIH-2026,THERMAL_BURN_IN,T05_0855,PROC-ISRO-IISU-01,ATE-STATION-01,CHAMBER-01,1.0,125.0,5.0,168,output_voltage_drift,ELECTRICAL,uV,14.4788,6210.8171,6211.3341,6211.7675,6196.3383,-0.0323,0.0324,34.88,34.83,14.4788,6210.8171,6211.3341,6211.7675,6196.3383,100.0,False,NOMINAL,HEALTHY,-33.39,40.34
PRE_LOT05_COMP0856,LOT_05,PRECISION_VOLTAGE_REF,LCC-20,PRE-SIH-2026,THERMAL_BURN_IN,T05_0856,PROC-ISRO-IISU-01,ATE-STATION-01,CHAMBER-01,1.0,125.0,5.0,168,output_voltage_drift,ELECTRICAL,uV,11.7156,5030.7985,5031.3472,5031.7991,5019.0829,-0.0094,-0.0236,35.6,35.9,11.7156,5030.7985,5031.3472,5031.7991,5019.0829,100.0,False,NOMINAL,HEALTHY,22.89,33.12
PRE_LOT05_COMP0857,LOT_05,PRECISION_VOLTAGE_REF,LCC-20,PRE-SIH-2026,THERMAL_BURN_IN,T05_0857,PROC-ISRO-IISU-01,ATE-STATION-01,CHAMBER-01,1.0,125.0,5.0,168,output_voltage_drift,ELECTRICAL,uV,15.2841,6558.416,6559.1946,6559.7255,6543.1319,-0.0023,-0.0415,35.94,35.96,15.2841,6558.416,6559.1946,6559.7255,6543.1319,100.0,False,NOMINAL,HEALTHY,4.52,-35.7
PRE_LOT05_COMP0858,LOT_05,PRECISION_VOLTAGE_REF,LCC-20,PRE-SIH-2026,THERMAL_BURN_IN,T05_0858,PROC-ISRO-IISU-01,ATE-STATION-01,CHAMBER-01,1.0,125.0,5.0,168,output_voltage_drift,ELECTRICAL,uV,12.9364,5554.5535,5555.1501,5555.5667,5541.6171,-0.0035,0.0079,35.17,34.51,12.9364,5554.5535,5555.1501,5555.5667,5541.6171,100.0,False,NOMINAL,HEALTHY,30.89,19.61
PRE_LOT05_COMP0859,LOT_05,PRECISION_VOLTAGE_REF,LCC-20,PRE-SIH-2026,THERMAL_BURN_IN,T05_0859,PROC-ISRO-IISU-01,ATE-STATION-01,CHAMBER-01,1.0,125.0,5.0,168,output_voltage_drift,ELECTRICAL,uV,13.378,5730.1308,5730.7344,5731.17,5716.7528,-0.0014,-0.0584,33.29,33.56,13.378,5730.1308,5730.7344,5731.17,5716.7528,100.0,False,NOMINAL,HEALTHY,33.1,31.47
PRE_LOT05_COMP0860,LOT_05,PRECISION_VOLTAGE_REF,LCC-20,PRE-SIH-2026,THERMAL_BURN_IN,T05_0860,PROC-ISRO-IISU-01,ATE-STATION-01,CHAMBER-01,1.0,125.0,5.0,168,output_voltage_drift,ELECTRICAL,uV,15.1489,6497.5167,6498.3283,6498.8842,6482.3678,-0.0183,-0.0012,35.34,35.4,15.1489,6497.5167,6498.3283,6498.8842,6482.3678,100.0,False,NOMINAL,HEALTHY,-6.4,35.86
PRE_LOT05_COMP0861,LOT_05,PRECISION_VOLTAGE_REF,LCC-20,PRE-SIH-2026,THERMAL_BURN_IN,T05_0861,PROC-ISRO-IISU-01,ATE-STATION-01,CHAMBER-01,1.0,125.0,5.0,168,output_voltage_drift,ELECTRICAL,uV,17.3416,7430.8195,7431.6069,7432.219,7413.4779,0.0239,-0.0106,32.81,34.21,17.3416,7430.8195,7431.6069,7432.219,7413.4779,100.0,False,NOMINAL,HEALTHY,24.57,-42.26
PRE_LOT05_COMP0862,LOT_05,PRECISION_VOLTAGE_REF,LCC-20,PRE-SIH-2026,THERMAL_BURN_IN,T05_0862,PROC-ISRO-IISU-01,ATE-STATION-01,CHAMBER-01,1.0,125.0,5.0,168,output_voltage_drift,ELECTRICAL,uV,11.2095,4806.8061,4807.3564,4807.6941,4795.5966,0.0137,-0.0128,35.16,35.56,11.2095,4806.8061,4807.3564,4807.6941,4795.5966,100.0,False,NOMINAL,HEALTHY,-32.36,44.59
PRE_LOT05_COMP0863,LOT_05,PRECISION_VOLTAGE_REF,LCC-20,PRE-SIH-2026,THERMAL_BURN_IN,T05_0863,PROC-ISRO-IISU-01,ATE-STATION-01,CHAMBER-01,1.0,125.0,5.0,168,output_voltage_drift,ELECTRICAL,uV,13.4737,5780.8764,5781.6358,5782.1592,5767.4027,0.0093,0.0239,33.06,32.5,13.4737,5780.8764,5781.6358,5782.1592,5767.4027,100.0,False,NOMINAL,HEALTHY,-47.03,-20.9
PRE_LOT05_COMP0864,LOT_05,PRECISION_VOLTAGE_REF,LCC-20,PRE-SIH-2026,THERMAL_BURN_IN,T05_0864,PROC-ISRO-IISU-01,ATE-STATION-01,CHAMBER-01,1.0,125.0,5.0,168,output_voltage_drift,ELECTRICAL,uV,11.6908,5012.6327,5013.2448,5013.6914,5000.9419,-0.0442,-0.0687,35.9,35.1,11.6908,5012.6327,5013.2448,5013.6914,5000.9419,100.0,False,NOMINAL,HEALTHY,-32.09,-25.34
PRE_LOT05_COMP0865,LOT_05,PRECISION_VOLTAGE_REF,LCC-20,PRE-SIH-2026,THERMAL_BURN_IN,T05_0865,PROC-ISRO-IISU-01,ATE-STATION-01,CHAMBER-01,1.0,125.0,5.0,168,output_voltage_drift,ELECTRICAL,uV,16.6249,7135.8894,7136.6967,7137.2885,7119.2645,0.0081,-0.1031,37.21,37.57,16.6249,7135.8894,7136.6967,7137.2885,7119.2645,100.0,False,NOMINAL,HEALTHY,43.55,32.7
PRE_LOT05_COMP0866,LOT_05,PRECISION_VOLTAGE_REF,LCC-20,PRE-SIH-2026,THERMAL_BURN_IN,T05_0866,PROC-ISRO-IISU-01,ATE-STATION-01,CHAMBER-01,1.0,125.0,5.0,168,output_voltage_drift,ELECTRICAL,uV,15.846,6794.1293,6794.8667,6795.461,6778.2833,-0.0167,-0.0417,35.36,35.37,15.846,6794.1293,6794.8667,6795.461,6778.2833,100.0,False,NOMINAL,HEALTHY,4.95,29.62
PRE_LOT05_COMP0867,LOT_05,PRECISION_VOLTAGE_REF,LCC-20,PRE-SIH-2026,THERMAL_BURN_IN,T05_0867,PROC-ISRO-IISU-01,ATE-STATION-01,CHAMBER-01,1.0,125.0,5.0,168,output_voltage_drift,ELECTRICAL,uV,12.6024,5404.7084,5405.3215,5405.8562,5392.106,-0.0013,-0.0139,33.26,33.48,12.6024,5404.7084,5405.3215,5405.8562,5392.106,100.0,False,NOMINAL,HEALTHY,-14.11,33.33
PRE_LOT05_COMP0868,LOT_05,PRECISION_VOLTAGE_REF,LCC-20,PRE-SIH-2026,THERMAL_BURN_IN,T05_0868,PROC-ISRO-IISU-01,ATE-STATION-01,CHAMBER-01,1.0,125.0,5.0,168,output_voltage_drift,ELECTRICAL,uV,13.4432,5764.8976,5765.4853,5765.9913,5751.4544,0.0028,0.0566,32.99,32.82,13.4432,5764.8976,5765.4853,5765.9913,5751.4544,100.0,False,NOMINAL,HEALTHY,-2.88,34.98
PRE_LOT05_COMP0869,LOT_05,PRECISION_VOLTAGE_REF,LCC-20,PRE-SIH-2026,THERMAL_BURN_IN,T05_0869,PROC-ISRO-IISU-01,ATE-STATION-01,CHAMBER-01,1.0,125.0,5.0,168,output_voltage_drift,ELECTRICAL,uV,11.5931,4969.5279,4970.0926,4970.5053,4957.9348,-0.0065,-0.0067,34.4,34.66,11.5931,4969.5279,4970.0926,4970.5053,4957.9348,100.0,False,NOMINAL,HEALTHY,-37.22,36.35
PRE_LOT05_COMP0870,LOT_05,PRECISION_VOLTAGE_REF,LCC-20,PRE-SIH-2026,THERMAL_BURN_IN,T05_0870,PROC-ISRO-IISU-01,ATE-STATION-01,CHAMBER-01,1.0,125.0,5.0,168,output_voltage_drift,ELECTRICAL,uV,13.2903,5691.7287,5692.3573,5692.767,5678.4384,-0.0053,0.0669,34.83,34.18,13.2903,5691.7287,5692.3573,5692.767,5678.4384,100.0,False,NOMINAL,HEALTHY,45.53,-40.3
PRE_LOT05_COMP0871,LOT_05,PRECISION_VOLTAGE_REF,LCC-20,PRE-SIH-2026,THERMAL_BURN_IN,T05_0871,PROC-ISRO-IISU-01,ATE-STATION-01,CHAMBER-01,1.0,125.0,5.0,168,output_voltage_drift,ELECTRICAL,uV,15.6014,6701.081,6701.7845,6702.3515,6685.4796,-0.0232,-0.033,35.21,35.49,15.6014,6701.081,6701.7845,6702.3515,6685.4796,100.0,False,NOMINAL,HEALTHY,-0.64,-30.15
PRE_LOT05_COMP0872,LOT_05,PRECISION_VOLTAGE_REF,LCC-20,PRE-SIH-2026,THERMAL_BURN_IN,T05_0872,PROC-ISRO-IISU-01,ATE-STATION-01,CHAMBER-01,1.0,125.0,5.0,168,output_voltage_drift,ELECTRICAL,uV,14.009,6005.9764,6006.6339,6007.1567,5991.9674,-0.0273,-0.0564,32.84,32.28,14.009,6005.9764,6006.6339,6007.1567,5991.9674,100.0,False,NOMINAL,HEALTHY,-0.09,38.51
PRE_LOT05_COMP0873,LOT_05,PRECISION_VOLTAGE_REF,LCC-20,PRE-SIH-2026,THERMAL_BURN_IN,T05_0873,PROC-ISRO-IISU-01,ATE-STATION-01,CHAMBER-01,1.0,125.0,5.0,168,output_voltage_drift,ELECTRICAL,uV,13.272,5692.0353,5692.6272,5693.1213,5678.7633,0.0178,-0.0294,35.78,35.08,13.272,5692.0353,5692.6272,5693.1213,5678.7633,100.0,False,NOMINAL,HEALTHY,48.04,5.66
PRE_LOT05_COMP0874,LOT_05,PRECISION_VOLTAGE_REF,LCC-20,PRE-SIH-2026,THERMAL_BURN_IN,T05_0874,PROC-ISRO-IISU-01,ATE-STATION-01,CHAMBER-01,1.0,125.0,5.0,168,output_voltage_drift,ELECTRICAL,uV,11.047,4735.7322,4736.2541,4736.6253,4724.6852,-0.0013,0.0638,34.96,35.73,11.047,4735.7322,4736.2541,4736.6253,4724.6852,100.0,False,NOMINAL,HEALTHY,39.41,-33.14
PRE_LOT05_COMP0875,LOT_05,PRECISION_VOLTAGE_REF,LCC-20,PRE-SIH-2026,THERMAL_BURN_IN,T05_0875,PROC-ISRO-IISU-01,ATE-STATION-01,CHAMBER-01,1.0,125.0,5.0,168,output_voltage_drift,ELECTRICAL,uV,16.0413,6893.0457,6893.8334,6894.3902,6877.0044,-0.0251,-0.0104,35.21,34.46,16.0413,6893.0457,6893.8334,6894.3902,6877.0044,100.0,False,NOMINAL,HEALTHY,-1.52,-9.38
PRE_LOT05_COMP0876,LOT_05,PRECISION_VOLTAGE_REF,LCC-20,PRE-SIH-2026,THERMAL_BURN_IN,T05_0876,PROC-ISRO-IISU-01,ATE-STATION-01,CHAMBER-01,1.0,125.0,5.0,168,output_voltage_drift,ELECTRICAL,uV,14.3343,6142.4381,6143.1708,6143.7497,6128.1038,-0.0048,-0.0214,35.03,35.5,14.3343,6142.4381,6143.1708,6143.7497,6128.1038,100.0,False,NOMINAL,HEALTHY,9.37,-39.19
PRE_LOT05_COMP0877,LOT_05,PRECISION_VOLTAGE_REF,LCC-20,PRE-SIH-2026,THERMAL_BURN_IN,T05_0877,PROC-ISRO-IISU-01,ATE-STATION-01,CHAMBER-01,1.0,125.0,5.0,168,output_voltage_drift,ELECTRICAL,uV,14.9956,6432.7501,6433.4742,6433.9967,6417.7545,-0.0344,-0.0217,35.15,35.06,14.9956,6432.7501,6433.4742,6433.9967,6417.7545,100.0,False,NOMINAL,HEALTHY,19.69,28.11
PRE_LOT05_COMP0878,LOT_05,PRECISION_VOLTAGE_REF,LCC-20,PRE-SIH-2026,THERMAL_BURN_IN,T05_0878,PROC-ISRO-IISU-01,ATE-STATION-01,CHAMBER-01,1.0,125.0,5.0,168,output_voltage_drift,ELECTRICAL,uV,15.0614,6463.1908,6463.9014,6464.4566,6448.1294,-0.0051,0.0708,36.68,36.17,15.0614,6463.1908,6463.9014,6464.4566,6448.1294,100.0,False,NOMINAL,HEALTHY,2.64,45.23
PRE_LOT05_COMP0879,LOT_05,PRECISION_VOLTAGE_REF,LCC-20,PRE-SIH-2026,THERMAL_BURN_IN,T05_0879,PROC-ISRO-IISU-01,ATE-STATION-01,CHAMBER-01,1.0,125.0,5.0,168,output_voltage_drift,ELECTRICAL,uV,12.687,5450.6567,5451.2279,5451.762,5437.9697,0.0058,0.0019,36.38,36.16,12.687,5450.6567,5451.2279,5451.762,5437.9697,100.0,False,NOMINAL,HEALTHY,-9.33,23.05
PRE_LOT05_COMP0880,LOT_05,PRECISION_VOLTAGE_REF,LCC-20,PRE-SIH-2026,THERMAL_BURN_IN,T05_0880,PROC-ISRO-IISU-01,ATE-STATION-01,CHAMBER-01,1.0,125.0,5.0,168,output_voltage_drift,ELECTRICAL,uV,13.8431,5929.5015,5930.1528,5930.6532,5915.6584,0.0235,-0.0111,35.45,35.49,13.8431,5929.5015,5930.1528,5930.6532,5915.6584,100.0,False,NOMINAL,HEALTHY,44.11,-32.3
PRE_LOT05_COMP0881,LOT_05,PRECISION_VOLTAGE_REF,LCC-20,PRE-SIH-2026,THERMAL_BURN_IN,T05_0881,PROC-ISRO-IISU-01,ATE-STATION-01,CHAMBER-01,1.0,125.0,5.0,168,output_voltage_drift,ELECTRICAL,uV,14.9014,6402.1149,6402.8413,6403.3929,6387.2135,0.0058,-0.1259,34.63,34.21,14.9014,6402.1149,6402.8413,6403.3929,6387.2135,100.0,False,NOMINAL,HEALTHY,33.08,-29.31
PRE_LOT05_COMP0882,LOT_05,PRECISION_VOLTAGE_REF,LCC-20,PRE-SIH-2026,THERMAL_BURN_IN,T05_0882,PROC-ISRO-IISU-01,ATE-STATION-01,CHAMBER-01,1.0,125.0,5.0,168,output_voltage_drift,ELECTRICAL,uV,12.3094,5283.1211,5283.7599,5284.1733,5270.8117,-0.0196,-0.0961,34.82,35.48,12.3094,5283.1211,5283.7599,5284.1733,5270.8117,100.0,False,NOMINAL,HEALTHY,-4.09,29.65
PRE_LOT05_COMP0883,LOT_05,PRECISION_VOLTAGE_REF,LCC-20,PRE-SIH-2026,THERMAL_BURN_IN,T05_0883,PROC-ISRO-IISU-01,ATE-STATION-01,CHAMBER-01,1.0,125.0,5.0,168,output_voltage_drift,ELECTRICAL,uV,13.6872,5864.0924,5864.7175,5865.2387,5850.4052,0.0138,0.017,36.58,36.04,13.6872,5864.0924,5864.7175,5865.2387,5850.4052,100.0,False,NOMINAL,HEALTHY,22.18,-43.29
PRE_LOT05_COMP0884,LOT_05,PRECISION_VOLTAGE_REF,LCC-20,PRE-SIH-2026,THERMAL_BURN_IN,T05_0884,PROC-ISRO-IISU-01,ATE-STATION-01,CHAMBER-01,1.0,125.0,5.0,168,output_voltage_drift,ELECTRICAL,uV,14.2538,6104.7673,6105.4676,6105.9919,6090.5135,-0.0218,-0.058,34.17,33.3,14.2538,6104.7673,6105.4676,6105.9919,6090.5135,100.0,False,NOMINAL,HEALTHY,36.85,-0.06
PRE_LOT05_COMP0885,LOT_05,PRECISION_VOLTAGE_REF,LCC-20,PRE-SIH-2026,THERMAL_BURN_IN,T05_0885,PROC-ISRO-IISU-01,ATE-STATION-01,CHAMBER-01,1.0,125.0,5.0,168,output_voltage_drift,ELECTRICAL,uV,13.9478,5983.9719,5984.6858,5985.1921,5970.0241,-0.0383,-0.1006,32.16,33.07,13.9478,5983.9719,5984.6858,5985.1921,5970.0241,100.0,False,NOMINAL,HEALTHY,-39.69,-22.88
PRE_LOT05_COMP0886,LOT_05,PRECISION_VOLTAGE_REF,LCC-20,PRE-SIH-2026,THERMAL_BURN_IN,T05_0886,PROC-ISRO-IISU-01,ATE-STATION-01,CHAMBER-01,1.0,125.0,5.0,168,output_voltage_drift,ELECTRICAL,uV,13.6723,5866.4632,5867.0968,5867.6435,5852.7909,-0.0381,-0.1136,35.25,34.15,13.6723,5866.4632,5867.0968,5867.6435,5852.7909,100.0,False,NOMINAL,HEALTHY,-48.19,-25.17
PRE_LOT05_COMP0887,LOT_05,PRECISION_VOLTAGE_REF,LCC-20,PRE-SIH-2026,THERMAL_BURN_IN,T05_0887,PROC-ISRO-IISU-01,ATE-STATION-01,CHAMBER-01,1.0,125.0,5.0,168,output_voltage_drift,ELECTRICAL,uV,13.1793,5649.9192,5650.5258,5651.1301,5636.7399,0.022,0.0311,34.47,34.92,13.1793,5649.9192,5650.5258,5651.1301,5636.7399,100.0,False,NOMINAL,HEALTHY,39.21,-4.99
PRE_LOT05_COMP0888,LOT_05,PRECISION_VOLTAGE_REF,LCC-20,PRE-SIH-2026,THERMAL_BURN_IN,T05_0888,PROC-ISRO-IISU-01,ATE-STATION-01,CHAMBER-01,1.0,125.0,5.0,168,output_voltage_drift,ELECTRICAL,uV,14.6213,6259.5491,6260.181,6260.6532,6244.9278,-0.0269,-0.0835,35.15,34.78,14.6213,6259.5491,6260.181,6260.6532,6244.9278,100.0,False,NOMINAL,HEALTHY,-6.72,41.85
PRE_LOT05_COMP0889,LOT_05,PRECISION_VOLTAGE_REF,LCC-20,PRE-SIH-2026,THERMAL_BURN_IN,T05_0889,PROC-ISRO-IISU-01,ATE-STATION-01,CHAMBER-01,1.0,125.0,5.0,168,output_voltage_drift,ELECTRICAL,uV,14.5418,6245.9027,6246.6051,6247.1466,6231.3609,-0.0102,0.0725,31.3,31.88,14.5418,6245.9027,6246.6051,6247.1466,6231.3609,100.0,False,NOMINAL,HEALTHY,-26.66,-0.56
PRE_LOT05_COMP0890,LOT_05,PRECISION_VOLTAGE_REF,LCC-20,PRE-SIH-2026,THERMAL_BURN_IN,T05_0890,PROC-ISRO-IISU-01,ATE-STATION-01,CHAMBER-01,1.0,125.0,5.0,168,output_voltage_drift,ELECTRICAL,uV,10.5256,4507.7147,4508.2201,4508.5934,4497.1891,0.004,0.09,34.47,34.34,10.5256,4507.7147,4508.2201,4508.5934,4497.1891,100.0,False,NOMINAL,HEALTHY,8.15,-16.66
PRE_LOT05_COMP0891,LOT_05,PRECISION_VOLTAGE_REF,LCC-20,PRE-SIH-2026,THERMAL_BURN_IN,T05_0891,PROC-ISRO-IISU-01,ATE-STATION-01,CHAMBER-01,1.0,125.0,5.0,168,output_voltage_drift,ELECTRICAL,uV,15.9949,6851.6595,6852.3733,6852.967,6835.6646,0.015,0.0574,35.52,35.33,15.9949,6851.6595,6852.3733,6852.967,6835.6646,100.0,False,NOMINAL,HEALTHY,23.31,-33.5
PRE_LOT05_COMP0892,LOT_05,PRECISION_VOLTAGE_REF,LCC-20,PRE-SIH-2026,THERMAL_BURN_IN,T05_0892,PROC-ISRO-IISU-01,ATE-STATION-01,CHAMBER-01,1.0,125.0,5.0,168,output_voltage_drift,ELECTRICAL,uV,15.3319,6573.3827,6574.1711,6574.8049,6558.0508,-0.0119,0.0565,34.0,33.72,15.3319,6573.3827,6574.1711,6574.8049,6558.0508,100.0,False,NOMINAL,HEALTHY,-3.18,31.28
PRE_LOT05_COMP0893,LOT_05,PRECISION_VOLTAGE_REF,LCC-20,PRE-SIH-2026,THERMAL_BURN_IN,T05_0893,PROC-ISRO-IISU-01,ATE-STATION-01,CHAMBER-01,1.0,125.0,5.0,168,output_voltage_drift,ELECTRICAL,uV,12.0931,5177.3995,5178.0073,5178.4111,5165.3064,-0.0045,-0.0046,35.67,35.82,12.0931,5177.3995,5178.0073,5178.4111,5165.3064,100.0,False,NOMINAL,HEALTHY,23.64,-31.71
PRE_LOT05_COMP0894,LOT_05,PRECISION_VOLTAGE_REF,LCC-20,PRE-SIH-2026,THERMAL_BURN_IN,T05_0894,PROC-ISRO-IISU-01,ATE-STATION-01,CHAMBER-01,1.0,125.0,5.0,168,output_voltage_drift,ELECTRICAL,uV,13.7285,5884.5226,5885.1343,5885.6217,5870.7941,-0.0184,-0.0542,35.44,36.51,13.7285,5884.5226,5885.1343,5885.6217,5870.7941,100.0,False,NOMINAL,HEALTHY,41.19,-47.26
PRE_LOT05_COMP0895,LOT_05,PRECISION_VOLTAGE_REF,LCC-20,PRE-SIH-2026,THERMAL_BURN_IN,T05_0895,PROC-ISRO-IISU-01,ATE-STATION-01,CHAMBER-01,1.0,125.0,5.0,168,output_voltage_drift,ELECTRICAL,uV,14.2624,6118.9471,6119.6585,6120.2523,6104.6847,0.0268,0.107,36.38,35.88,14.2624,6118.9471,6119.6585,6120.2523,6104.6847,100.0,False,NOMINAL,HEALTHY,2.47,16.11
PRE_LOT05_COMP0896,LOT_05,PRECISION_VOLTAGE_REF,LCC-20,PRE-SIH-2026,THERMAL_BURN_IN,T05_0896,PROC-ISRO-IISU-01,ATE-STATION-01,CHAMBER-01,1.0,125.0,5.0,168,output_voltage_drift,ELECTRICAL,uV,12.3709,5313.1098,5313.7059,5314.2152,5300.7389,0.0128,0.0055,33.24,33.49,12.3709,5313.1098,5313.7059,5314.2152,5300.7389,100.0,False,NOMINAL,HEALTHY,-25.71,-0.01
PRE_LOT05_COMP0897,LOT_05,PRECISION_VOLTAGE_REF,LCC-20,PRE-SIH-2026,THERMAL_BURN_IN,T05_0897,PROC-ISRO-IISU-01,ATE-STATION-01,CHAMBER-01,1.0,125.0,5.0,168,output_voltage_drift,ELECTRICAL,uV,12.0504,5158.8839,5159.4411,5159.8211,5146.8335,0.0098,-0.0635,33.25,33.27,12.0504,5158.8839,5159.4411,5159.8211,5146.8335,100.0,False,NOMINAL,HEALTHY,21.78,-2.34
PRE_LOT05_COMP0898,LOT_05,PRECISION_VOLTAGE_REF,LCC-20,PRE-SIH-2026,THERMAL_BURN_IN,T05_0898,PROC-ISRO-IISU-01,ATE-STATION-01,CHAMBER-01,1.0,125.0,5.0,168,output_voltage_drift,ELECTRICAL,uV,16.9901,7283.7647,7284.5623,7285.1635,7266.7746,-0.0276,0.0271,35.65,36.43,16.9901,7283.7647,7284.5623,7285.1635,7266.7746,100.0,False,NOMINAL,HEALTHY,-25.63,25.26
PRE_LOT05_COMP0899,LOT_05,PRECISION_VOLTAGE_REF,LCC-20,PRE-SIH-2026,THERMAL_BURN_IN,T05_0899,PROC-ISRO-IISU-01,ATE-STATION-01,CHAMBER-01,1.0,125.0,5.0,168,output_voltage_drift,ELECTRICAL,uV,12.2401,5239.3537,5239.9147,5240.2912,5227.1136,-0.0351,-0.0166,35.52,35.6,12.2401,5239.3537,5239.9147,5240.2912,5227.1136,100.0,False,NOMINAL,HEALTHY,43.63,16.41
PRE_LOT05_COMP0900,LOT_05,PRECISION_VOLTAGE_REF,LCC-20,PRE-SIH-2026,THERMAL_BURN_IN,T05_0900,PROC-ISRO-IISU-01,ATE-STATION-01,CHAMBER-01,1.0,125.0,5.0,168,output_voltage_drift,ELECTRICAL,uV,13.9721,5993.169,5993.8275,5994.3923,5979.1969,0.0028,-0.0268,34.37,33.99,13.9721,5993.169,5993.8275,5994.3923,5979.1969,100.0,False,NOMINAL,HEALTHY,7.46,43.38
PRE_LOT05_COMP0901,LOT_05,PRECISION_VOLTAGE_REF,LCC-20,PRE-SIH-2026,THERMAL_BURN_IN,T05_0901,PROC-ISRO-IISU-01,ATE-STATION-01,CHAMBER-01,1.0,125.0,5.0,168,output_voltage_drift,ELECTRICAL,uV,15.6101,6699.4171,6700.1567,6700.7644,6683.807,-0.0386,-0.1094,34.74,34.46,15.6101,6699.4171,6700.1567,6700.7644,6683.807,100.0,False,NOMINAL,HEALTHY,10.67,-36.31
PRE_LOT05_COMP0902,LOT_05,PRECISION_VOLTAGE_REF,LCC-20,PRE-SIH-2026,THERMAL_BURN_IN,T05_0902,PROC-ISRO-IISU-01,ATE-STATION-01,CHAMBER-01,1.0,125.0,5.0,168,output_voltage_drift,ELECTRICAL,uV,16.7453,7183.4421,7184.2802,7184.9498,7166.6968,-0.002,-0.0155,35.6,35.3,16.7453,7183.4421,7184.2802,7184.9498,7166.6968,100.0,False,NOMINAL,HEALTHY,-7.93,46.31
PRE_LOT05_COMP0903,LOT_05,PRECISION_VOLTAGE_REF,LCC-20,PRE-SIH-2026,THERMAL_BURN_IN,T05_0903,PROC-ISRO-IISU-01,ATE-STATION-01,CHAMBER-01,1.0,125.0,5.0,168,output_voltage_drift,ELECTRICAL,uV,17.3405,7446.8192,7456.7067,7607.7766,7429.4787,-0.0065,-0.0451,36.58,37.51,17.3405,7446.8192,7456.7067,7607.7766,7429.4787,100.0,True,THERMAL_RUNAWAY,HEALTHY,-39.47,33.6
PRE_LOT05_COMP0904,LOT_05,PRECISION_VOLTAGE_REF,LCC-20,PRE-SIH-2026,THERMAL_BURN_IN,T05_0904,PROC-ISRO-IISU-01,ATE-STATION-01,CHAMBER-01,1.0,125.0,5.0,168,output_voltage_drift,ELECTRICAL,uV,12.3404,5299.7308,5300.3548,5300.7381,5287.3904,0.0078,0.0375,34.89,34.18,12.3404,5299.7308,5300.3548,5300.7381,5287.3904,100.0,False,NOMINAL,HEALTHY,-19.61,41.97
PRE_LOT05_COMP0905,LOT_05,PRECISION_VOLTAGE_REF,LCC-20,PRE-SIH-2026,THERMAL_BURN_IN,T05_0905,PROC-ISRO-IISU-01,ATE-STATION-01,CHAMBER-01,1.0,125.0,5.0,168,output_voltage_drift,ELECTRICAL,uV,12.9388,5555.7317,5556.3234,5556.8047,5542.7929,-0.0026,-0.0307,34.77,34.36,12.9388,5555.7317,5556.3234,5556.8047,5542.7929,100.0,False,NOMINAL,HEALTHY,40.77,-17.81
PRE_LOT05_COMP0906,LOT_05,PRECISION_VOLTAGE_REF,LCC-20,PRE-SIH-2026,THERMAL_BURN_IN,T05_0906,PROC-ISRO-IISU-01,ATE-STATION-01,CHAMBER-01,1.0,125.0,5.0,168,output_voltage_drift,ELECTRICAL,uV,11.9616,5129.6651,5130.3268,5130.8413,5117.7035,0.0129,0.0391,33.91,35.14,11.9616,5129.6651,5130.3268,5130.8413,5117.7035,100.0,False,NOMINAL,HEALTHY,-37.63,12.22
PRE_LOT05_COMP0907,LOT_05,PRECISION_VOLTAGE_REF,LCC-20,PRE-SIH-2026,THERMAL_BURN_IN,T05_0907,PROC-ISRO-IISU-01,ATE-STATION-01,CHAMBER-01,1.0,125.0,5.0,168,output_voltage_drift,ELECTRICAL,uV,16.2875,6999.0015,6999.7569,7000.2889,6982.714,0.0208,0.0014,34.85,34.84,16.2875,6999.0015,6999.7569,7000.2889,6982.714,100.0,False,NOMINAL,HEALTHY,-0.12,-8.82
PRE_LOT05_COMP0908,LOT_05,PRECISION_VOLTAGE_REF,LCC-20,PRE-SIH-2026,THERMAL_BURN_IN,T05_0908,PROC-ISRO-IISU-01,ATE-STATION-01,CHAMBER-01,1.0,125.0,5.0,168,output_voltage_drift,ELECTRICAL,uV,11.9937,5142.9112,5143.4836,5143.9599,5130.9175,0.0043,0.0054,36.46,35.87,11.9937,5142.9112,5143.4836,5143.9599,5130.9175,100.0,False,NOMINAL,HEALTHY,33.66,29.41
PRE_LOT05_COMP0909,LOT_05,PRECISION_VOLTAGE_REF,LCC-20,PRE-SIH-2026,THERMAL_BURN_IN,T05_0909,PROC-ISRO-IISU-01,ATE-STATION-01,CHAMBER-01,1.0,125.0,5.0,168,output_voltage_drift,ELECTRICAL,uV,15.5809,6677.7721,6678.476,6678.9397,6662.1912,0.0094,0.0301,35.44,35.14,15.5809,6677.7721,6678.476,6678.9397,6662.1912,100.0,False,NOMINAL,HEALTHY,-38.99,-1.64
PRE_LOT05_COMP0910,LOT_05,PRECISION_VOLTAGE_REF,LCC-20,PRE-SIH-2026,THERMAL_BURN_IN,T05_0910,PROC-ISRO-IISU-01,ATE-STATION-01,CHAMBER-01,1.0,125.0,5.0,168,output_voltage_drift,ELECTRICAL,uV,14.4483,6195.6666,6196.2918,6196.7845,6181.2183,-0.0212,-0.0065,32.74,32.59,14.4483,6195.6666,6196.2918,6196.7845,6181.2183,100.0,False,NOMINAL,HEALTHY,33.42,11.75
PRE_LOT05_COMP0911,LOT_05,PRECISION_VOLTAGE_REF,LCC-20,PRE-SIH-2026,THERMAL_BURN_IN,T05_0911,PROC-ISRO-IISU-01,ATE-STATION-01,CHAMBER-01,1.0,125.0,5.0,168,output_voltage_drift,ELECTRICAL,uV,13.6842,5871.3535,5872.1013,5872.6912,5857.6693,-0.0259,-0.0746,35.74,34.93,13.6842,5871.3535,5872.1013,5872.6912,5857.6693,100.0,False,NOMINAL,HEALTHY,-24.16,-6.12
PRE_LOT05_COMP0912,LOT_05,PRECISION_VOLTAGE_REF,LCC-20,PRE-SIH-2026,THERMAL_BURN_IN,T05_0912,PROC-ISRO-IISU-01,ATE-STATION-01,CHAMBER-01,1.0,125.0,5.0,168,output_voltage_drift,ELECTRICAL,uV,14.0786,6042.7799,6043.446,6043.9706,6028.7013,0.0094,-0.1176,36.19,35.97,14.0786,6042.7799,6043.446,6043.9706,6028.7013,100.0,False,NOMINAL,HEALTHY,27.41,49.89
PRE_LOT05_COMP0913,LOT_05,PRECISION_VOLTAGE_REF,LCC-20,PRE-SIH-2026,THERMAL_BURN_IN,T05_0913,PROC-ISRO-IISU-01,ATE-STATION-01,CHAMBER-01,1.0,125.0,5.0,168,output_voltage_drift,ELECTRICAL,uV,12.4385,5328.3115,5328.9265,5329.3492,5315.873,-0.0122,0.0328,36.53,35.87,12.4385,5328.3115,5328.9265,5329.3492,5315.873,100.0,False,NOMINAL,HEALTHY,-23.3,24.48
PRE_LOT05_COMP0914,LOT_05,PRECISION_VOLTAGE_REF,LCC-20,PRE-SIH-2026,THERMAL_BURN_IN,T05_0914,PROC-ISRO-IISU-01,ATE-STATION-01,CHAMBER-01,1.0,125.0,5.0,168,output_voltage_drift,ELECTRICAL,uV,15.7031,6732.2172,6732.9617,6733.5666,6716.5141,0.0443,0.0526,34.32,34.04,15.7031,6732.2172,6732.9617,6733.5666,6716.5141,100.0,False,NOMINAL,HEALTHY,-29.62,48.13
PRE_LOT05_COMP0915,LOT_05,PRECISION_VOLTAGE_REF,LCC-20,PRE-SIH-2026,THERMAL_BURN_IN,T05_0915,PROC-ISRO-IISU-01,ATE-STATION-01,CHAMBER-01,1.0,125.0,5.0,168,output_voltage_drift,ELECTRICAL,uV,14.0011,6002.2356,6002.9366,6003.5124,5988.2345,0.024,0.0194,36.41,36.09,14.0011,6002.2356,6002.9366,6003.5124,5988.2345,100.0,False,NOMINAL,HEALTHY,28.67,36.39
PRE_LOT05_COMP0916,LOT_05,PRECISION_VOLTAGE_REF,LCC-20,PRE-SIH-2026,THERMAL_BURN_IN,T05_0916,PROC-ISRO-IISU-01,ATE-STATION-01,CHAMBER-01,1.0,125.0,5.0,168,output_voltage_drift,ELECTRICAL,uV,13.9262,5966.3003,5966.9888,5967.415,5952.3741,-0.0137,-0.0165,35.27,35.9,13.9262,5966.3003,5966.9888,5967.415,5952.3741,100.0,False,NOMINAL,HEALTHY,40.27,46.99
PRE_LOT05_COMP0917,LOT_05,PRECISION_VOLTAGE_REF,LCC-20,PRE-SIH-2026,THERMAL_BURN_IN,T05_0917,PROC-ISRO-IISU-01,ATE-STATION-01,CHAMBER-01,1.0,125.0,5.0,168,output_voltage_drift,ELECTRICAL,uV,13.9288,5964.4493,5965.0149,5965.4823,5950.5205,0.0131,0.0689,36.49,36.41,13.9288,5964.4493,5965.0149,5965.4823,5950.5205,100.0,False,NOMINAL,HEALTHY,-1.34,34.93
PRE_LOT05_COMP0918,LOT_05,PRECISION_VOLTAGE_REF,LCC-20,PRE-SIH-2026,THERMAL_BURN_IN,T05_0918,PROC-ISRO-IISU-01,ATE-STATION-01,CHAMBER-01,1.0,125.0,5.0,168,output_voltage_drift,ELECTRICAL,uV,16.3934,7030.6775,7031.4011,7031.9975,7014.2841,0.0053,-0.0342,36.61,36.53,16.3934,7030.6775,7031.4011,7031.9975,7014.2841,100.0,False,NOMINAL,HEALTHY,37.86,11.41
PRE_LOT05_COMP0919,LOT_05,PRECISION_VOLTAGE_REF,LCC-20,PRE-SIH-2026,THERMAL_BURN_IN,T05_0919,PROC-ISRO-IISU-01,ATE-STATION-01,CHAMBER-01,1.0,125.0,5.0,168,output_voltage_drift,ELECTRICAL,uV,15.1998,6517.4638,6518.1878,6518.8183,6502.264,-0.0017,0.0127,34.46,34.23,15.1998,6517.4638,6518.1878,6518.8183,6502.264,100.0,False,NOMINAL,HEALTHY,0.66,-15.63
PRE_LOT05_COMP0920,LOT_05,PRECISION_VOLTAGE_REF,LCC-20,PRE-SIH-2026,THERMAL_BURN_IN,T05_0920,PROC-ISRO-IISU-01,ATE-STATION-01,CHAMBER-01,1.0,125.0,5.0,168,output_voltage_drift,ELECTRICAL,uV,15.0971,6470.6645,6471.3728,6471.85,6455.5674,-0.0081,0.0079,33.29,33.43,15.0971,6470.6645,6471.3728,6471.85,6455.5674,100.0,False,NOMINAL,HEALTHY,0.45,-14.12
PRE_LOT05_COMP0921,LOT_05,PRECISION_VOLTAGE_REF,LCC-20,PRE-SIH-2026,THERMAL_BURN_IN,T05_0921,PROC-ISRO-IISU-01,ATE-STATION-01,CHAMBER-01,1.0,125.0,5.0,168,output_voltage_drift,ELECTRICAL,uV,15.5287,6651.2591,6652.0153,6652.5988,6635.7304,0.0165,-0.0484,34.97,35.33,15.5287,6651.2591,6652.0153,6652.5988,6635.7304,100.0,False,NOMINAL,HEALTHY,-9.48,31.1
PRE_LOT05_COMP0922,LOT_05,PRECISION_VOLTAGE_REF,LCC-20,PRE-SIH-2026,THERMAL_BURN_IN,T05_0922,PROC-ISRO-IISU-01,ATE-STATION-01,CHAMBER-01,1.0,125.0,5.0,168,output_voltage_drift,ELECTRICAL,uV,16.7674,7196.526,7197.3261,7197.8055,7179.7586,0.0285,0.0105,35.17,35.14,16.7674,7196.526,7197.3261,7197.8055,7179.7586,100.0,False,NOMINAL,HEALTHY,-31.99,32.85
PRE_LOT05_COMP0923,LOT_05,PRECISION_VOLTAGE_REF,LCC-20,PRE-SIH-2026,THERMAL_BURN_IN,T05_0923,PROC-ISRO-IISU-01,ATE-STATION-01,CHAMBER-01,1.0,125.0,5.0,168,output_voltage_drift,ELECTRICAL,uV,15.7579,6770.5862,6771.2856,6771.8038,6754.8283,0.0102,-0.04,35.27,34.91,15.7579,6770.5862,6771.2856,6771.8038,6754.8283,100.0,False,NOMINAL,HEALTHY,-32.48,20.31
PRE_LOT05_COMP0924,LOT_05,PRECISION_VOLTAGE_REF,LCC-20,PRE-SIH-2026,THERMAL_BURN_IN,T05_0924,PROC-ISRO-IISU-01,ATE-STATION-01,CHAMBER-01,1.0,125.0,5.0,168,output_voltage_drift,ELECTRICAL,uV,13.8894,5954.6703,5955.3774,5955.9744,5940.7809,0.0218,0.087,35.54,35.32,13.8894,5954.6703,5955.3774,5955.9744,5940.7809,100.0,False,NOMINAL,HEALTHY,46.98,-45.38
PRE_LOT05_COMP0925,LOT_05,PRECISION_VOLTAGE_REF,LCC-20,PRE-SIH-2026,THERMAL_BURN_IN,T05_0925,PROC-ISRO-IISU-01,ATE-STATION-01,CHAMBER-01,1.0,125.0,5.0,168,output_voltage_drift,ELECTRICAL,uV,13.7159,5876.3468,5876.9335,5877.3888,5862.6309,-0.024,0.0281,34.97,34.08,13.7159,5876.3468,5876.9335,5877.3888,5862.6309,100.0,False,NOMINAL,HEALTHY,-9.36,-44.04
PRE_LOT05_COMP0926,LOT_05,PRECISION_VOLTAGE_REF,LCC-20,PRE-SIH-2026,THERMAL_BURN_IN,T05_0926,PROC-ISRO-IISU-01,ATE-STATION-01,CHAMBER-01,1.0,125.0,5.0,168,output_voltage_drift,ELECTRICAL,uV,14.2498,6112.6963,6113.3303,6113.7805,6098.4465,0.08,0.1047,35.48,35.03,14.2498,6112.6963,6113.3303,6113.7805,6098.4465,100.0,False,NOMINAL,HEALTHY,-27.41,6.2
PRE_LOT05_COMP0927,LOT_05,PRECISION_VOLTAGE_REF,LCC-20,PRE-SIH-2026,THERMAL_BURN_IN,T05_0927,PROC-ISRO-IISU-01,ATE-STATION-01,CHAMBER-01,1.0,125.0,5.0,168,output_voltage_drift,ELECTRICAL,uV,16.2836,6978.133,6978.9613,6979.5132,6961.8494,0.0131,-0.0063,35.07,35.82,16.2836,6978.133,6978.9613,6979.5132,6961.8494,100.0,False,NOMINAL,HEALTHY,45.33,-48.01
PRE_LOT05_COMP0928,LOT_05,PRECISION_VOLTAGE_REF,LCC-20,PRE-SIH-2026,THERMAL_BURN_IN,T05_0928,PROC-ISRO-IISU-01,ATE-STATION-01,CHAMBER-01,1.0,125.0,5.0,168,output_voltage_drift,ELECTRICAL,uV,17.999,7709.3699,7710.2128,7710.8487,7691.3709,-0.0107,0.0226,34.59,34.57,17.999,7709.3699,7710.2128,7710.8487,7691.3709,100.0,False,NOMINAL,HEALTHY,13.35,-34.63
PRE_LOT05_COMP0929,LOT_05,PRECISION_VOLTAGE_REF,LCC-20,PRE-SIH-2026,THERMAL_BURN_IN,T05_0929,PROC-ISRO-IISU-01,ATE-STATION-01,CHAMBER-01,1.0,125.0,5.0,168,output_voltage_drift,ELECTRICAL,uV,13.7199,5891.0624,5891.7479,5892.2527,5877.3425,0.0275,0.0416,33.38,33.42,13.7199,5891.0624,5891.7479,5892.2527,5877.3425,100.0,False,NOMINAL,HEALTHY,26.4,19.74
PRE_LOT05_COMP0930,LOT_05,PRECISION_VOLTAGE_REF,LCC-20,PRE-SIH-2026,THERMAL_BURN_IN,T05_0930,PROC-ISRO-IISU-01,ATE-STATION-01,CHAMBER-01,1.0,125.0,5.0,168,output_voltage_drift,ELECTRICAL,uV,13.3716,5723.1159,5723.7051,5724.1377,5709.7443,0.0231,0.0744,34.43,33.71,13.3716,5723.1159,5723.7051,5724.1377,5709.7443,100.0,False,NOMINAL,HEALTHY,1.3,-6.13
PRE_LOT05_COMP0931,LOT_05,PRECISION_VOLTAGE_REF,LCC-20,PRE-SIH-2026,THERMAL_BURN_IN,T05_0931,PROC-ISRO-IISU-01,ATE-STATION-01,CHAMBER-01,1.0,125.0,5.0,168,output_voltage_drift,ELECTRICAL,uV,11.9095,5111.939,5112.4476,5112.872,5100.0295,-0.0081,0.0477,34.19,34.22,11.9095,5111.939,5112.4476,5112.872,5100.0295,100.0,False,NOMINAL,HEALTHY,19.68,26.83
PRE_LOT05_COMP0932,LOT_05,PRECISION_VOLTAGE_REF,LCC-20,PRE-SIH-2026,THERMAL_BURN_IN,T05_0932,PROC-ISRO-IISU-01,ATE-STATION-01,CHAMBER-01,1.0,125.0,5.0,168,output_voltage_drift,ELECTRICAL,uV,19.0754,8178.6132,8179.4284,8179.9873,8159.5378,-0.0014,0.0432,36.74,37.66,19.0754,8178.6132,8179.4284,8179.9873,8159.5378,100.0,False,NOMINAL,HEALTHY,-4.17,-20.99
PRE_LOT05_COMP0933,LOT_05,PRECISION_VOLTAGE_REF,LCC-20,PRE-SIH-2026,THERMAL_BURN_IN,T05_0933,PROC-ISRO-IISU-01,ATE-STATION-01,CHAMBER-01,1.0,125.0,5.0,168,output_voltage_drift,ELECTRICAL,uV,13.6048,5831.6885,5832.3516,5832.7983,5818.0837,-0.0226,-0.0418,36.91,37.0,13.6048,5831.6885,5832.3516,5832.7983,5818.0837,100.0,False,NOMINAL,HEALTHY,-41.22,-13.35
PRE_LOT05_COMP0934,LOT_05,PRECISION_VOLTAGE_REF,LCC-20,PRE-SIH-2026,THERMAL_BURN_IN,T05_0934,PROC-ISRO-IISU-01,ATE-STATION-01,CHAMBER-01,1.0,125.0,5.0,168,output_voltage_drift,ELECTRICAL,uV,13.3287,5717.6474,5718.3277,5718.7693,5704.3187,-0.019,-0.083,35.43,35.92,13.3287,5717.6474,5718.3277,5718.7693,5704.3187,100.0,False,NOMINAL,HEALTHY,-26.98,-18.03
PRE_LOT05_COMP0935,LOT_05,PRECISION_VOLTAGE_REF,LCC-20,PRE-SIH-2026,THERMAL_BURN_IN,T05_0935,PROC-ISRO-IISU-01,ATE-STATION-01,CHAMBER-01,1.0,125.0,5.0,168,output_voltage_drift,ELECTRICAL,uV,15.9155,6822.391,6823.0998,6823.552,6806.4755,0.0047,0.1044,34.91,35.26,15.9155,6822.391,6823.0998,6823.552,6806.4755,100.0,False,NOMINAL,HEALTHY,-43.55,-44.63
PRE_LOT05_COMP0936,LOT_05,PRECISION_VOLTAGE_REF,LCC-20,PRE-SIH-2026,THERMAL_BURN_IN,T05_0936,PROC-ISRO-IISU-01,ATE-STATION-01,CHAMBER-01,1.0,125.0,5.0,168,output_voltage_drift,ELECTRICAL,uV,14.5,6206.1675,6206.8461,6207.3883,6191.6675,-0.0406,0.055,35.01,34.31,14.5,6206.1675,6206.8461,6207.3883,6191.6675,100.0,False,NOMINAL,HEALTHY,40.17,-43.76
PRE_LOT05_COMP0937,LOT_05,PRECISION_VOLTAGE_REF,LCC-20,PRE-SIH-2026,THERMAL_BURN_IN,T05_0937,PROC-ISRO-IISU-01,ATE-STATION-01,CHAMBER-01,1.0,125.0,5.0,168,output_voltage_drift,ELECTRICAL,uV,11.913,5112.464,5113.0422,5113.4476,5100.551,0.0272,-0.0231,36.04,36.41,11.913,5112.464,5113.0422,5113.4476,5100.551,100.0,False,NOMINAL,HEALTHY,-45.02,3.11
PRE_LOT05_COMP0938,LOT_05,PRECISION_VOLTAGE_REF,LCC-20,PRE-SIH-2026,THERMAL_BURN_IN,T05_0938,PROC-ISRO-IISU-01,ATE-STATION-01,CHAMBER-01,1.0,125.0,5.0,168,output_voltage_drift,ELECTRICAL,uV,11.6762,5009.9156,5010.5496,5010.9532,4998.2394,-0.0065,-0.0473,35.11,34.19,11.6762,5009.9156,5010.5496,5010.9532,4998.2394,100.0,False,NOMINAL,HEALTHY,-8.08,42.84
PRE_LOT05_COMP0939,LOT_05,PRECISION_VOLTAGE_REF,LCC-20,PRE-SIH-2026,THERMAL_BURN_IN,T05_0939,PROC-ISRO-IISU-01,ATE-STATION-01,CHAMBER-01,1.0,125.0,5.0,168,output_voltage_drift,ELECTRICAL,uV,15.5497,6667.1023,6667.8499,6668.3851,6651.5526,-0.0345,-0.0292,34.96,34.6,15.5497,6667.1023,6667.8499,6668.3851,6651.5526,100.0,False,NOMINAL,HEALTHY,-48.11,-46.74
PRE_LOT05_COMP0940,LOT_05,PRECISION_VOLTAGE_REF,LCC-20,PRE-SIH-2026,THERMAL_BURN_IN,T05_0940,PROC-ISRO-IISU-01,ATE-STATION-01,CHAMBER-01,1.0,125.0,5.0,168,output_voltage_drift,ELECTRICAL,uV,13.1313,5639.3111,5639.9652,5640.3767,5626.1798,0.0393,0.0809,36.33,36.83,13.1313,5639.3111,5639.9652,5640.3767,5626.1798,100.0,False,NOMINAL,HEALTHY,-44.09,14.18
PRE_LOT05_COMP0941,LOT_05,PRECISION_VOLTAGE_REF,LCC-20,PRE-SIH-2026,THERMAL_BURN_IN,T05_0941,PROC-ISRO-IISU-01,ATE-STATION-01,CHAMBER-01,1.0,125.0,5.0,168,output_voltage_drift,ELECTRICAL,uV,14.5706,6236.508,6237.2543,6237.8693,6221.9374,0.0136,0.075,38.03,38.3,14.5706,6236.508,6237.2543,6237.8693,6221.9374,100.0,False,NOMINAL,HEALTHY,-10.35,-29.43
PRE_LOT05_COMP0942,LOT_05,PRECISION_VOLTAGE_REF,LCC-20,PRE-SIH-2026,THERMAL_BURN_IN,T05_0942,PROC-ISRO-IISU-01,ATE-STATION-01,CHAMBER-01,1.0,125.0,5.0,168,output_voltage_drift,ELECTRICAL,uV,17.071,7325.9375,7326.8473,7327.4865,7308.8665,-0.0017,0.0021,34.93,35.14,17.071,7325.9375,7326.8473,7327.4865,7308.8665,100.0,False,NOMINAL,HEALTHY,16.93,-21.91
PRE_LOT05_COMP0943,LOT_05,PRECISION_VOLTAGE_REF,LCC-20,PRE-SIH-2026,THERMAL_BURN_IN,T05_0943,PROC-ISRO-IISU-01,ATE-STATION-01,CHAMBER-01,1.0,125.0,5.0,168,output_voltage_drift,ELECTRICAL,uV,15.2017,6521.6726,6522.4661,6523.0289,6506.4709,-0.0127,-0.0758,35.09,35.62,15.2017,6521.6726,6522.4661,6523.0289,6506.4709,100.0,False,NOMINAL,HEALTHY,-46.73,-25.41
PRE_LOT05_COMP0944,LOT_05,PRECISION_VOLTAGE_REF,LCC-20,PRE-SIH-2026,THERMAL_BURN_IN,T05_0944,PROC-ISRO-IISU-01,ATE-STATION-01,CHAMBER-01,1.0,125.0,5.0,168,output_voltage_drift,ELECTRICAL,uV,15.5329,6660.298,6661.0722,6661.6277,6644.7651,0.0143,0.055,34.87,34.91,15.5329,6660.298,6661.0722,6661.6277,6644.7651,100.0,False,NOMINAL,HEALTHY,46.22,1.08
PRE_LOT05_COMP0945,LOT_05,PRECISION_VOLTAGE_REF,LCC-20,PRE-SIH-2026,THERMAL_BURN_IN,T05_0945,PROC-ISRO-IISU-01,ATE-STATION-01,CHAMBER-01,1.0,125.0,5.0,168,output_voltage_drift,ELECTRICAL,uV,15.377,6599.2701,6600.0412,6600.5167,6583.8931,-0.0184,-0.0454,33.93,34.46,15.377,6599.2701,6600.0412,6600.5167,6583.8931,100.0,False,NOMINAL,HEALTHY,-5.61,3.18
PRE_LOT05_COMP0946,LOT_05,PRECISION_VOLTAGE_REF,LCC-20,PRE-SIH-2026,THERMAL_BURN_IN,T05_0946,PROC-ISRO-IISU-01,ATE-STATION-01,CHAMBER-01,1.0,125.0,5.0,168,output_voltage_drift,ELECTRICAL,uV,12.7399,5460.5603,5461.2249,5461.7145,5447.8204,-0.0231,-0.0963,35.17,35.62,12.7399,5460.5603,5461.2249,5461.7145,5447.8204,100.0,False,NOMINAL,HEALTHY,-3.31,-7.3
PRE_LOT05_COMP0947,LOT_05,PRECISION_VOLTAGE_REF,LCC-20,PRE-SIH-2026,THERMAL_BURN_IN,T05_0947,PROC-ISRO-IISU-01,ATE-STATION-01,CHAMBER-01,1.0,125.0,5.0,168,output_voltage_drift,ELECTRICAL,uV,14.8159,6348.8777,6349.5967,6350.1708,6334.0618,0.0028,0.0649,35.68,35.0,14.8159,6348.8777,6349.5967,6350.1708,6334.0618,100.0,False,NOMINAL,HEALTHY,-19.32,-21.94
PRE_LOT05_COMP0948,LOT_05,PRECISION_VOLTAGE_REF,LCC-20,PRE-SIH-2026,THERMAL_BURN_IN,T05_0948,PROC-ISRO-IISU-01,ATE-STATION-01,CHAMBER-01,1.0,125.0,5.0,168,output_voltage_drift,ELECTRICAL,uV,12.3515,5299.2527,5299.8743,5300.3195,5286.9012,-0.0318,-0.0788,34.66,33.68,12.3515,5299.2527,5299.8743,5300.3195,5286.9012,100.0,False,NOMINAL,HEALTHY,41.67,-47.87
PRE_LOT05_COMP0949,LOT_05,PRECISION_VOLTAGE_REF,LCC-20,PRE-SIH-2026,THERMAL_BURN_IN,T05_0949,PROC-ISRO-IISU-01,ATE-STATION-01,CHAMBER-01,1.0,125.0,5.0,168,output_voltage_drift,ELECTRICAL,uV,14.3422,6145.3663,6146.0608,6146.6688,6131.0241,-0.001,-0.0078,33.42,33.16,14.3422,6145.3663,6146.0608,6146.6688,6131.0241,100.0,False,NOMINAL,HEALTHY,35.8,-38.84
PRE_LOT05_COMP0950,LOT_05,PRECISION_VOLTAGE_REF,LCC-20,PRE-SIH-2026,THERMAL_BURN_IN,T05_0950,PROC-ISRO-IISU-01,ATE-STATION-01,CHAMBER-01,1.0,125.0,5.0,168,output_voltage_drift,ELECTRICAL,uV,14.7669,6322.6178,6323.3619,6323.8381,6307.8509,0.0227,-0.0291,34.71,34.99,14.7669,6322.6178,6323.3619,6323.8381,6307.8509,100.0,False,NOMINAL,HEALTHY,-20.83,20.6
PRE_LOT05_COMP0951,LOT_05,PRECISION_VOLTAGE_REF,LCC-20,PRE-SIH-2026,THERMAL_BURN_IN,T05_0951,PROC-ISRO-IISU-01,ATE-STATION-01,CHAMBER-01,1.0,125.0,5.0,168,output_voltage_drift,ELECTRICAL,uV,13.8534,5935.7555,5936.3947,5936.8335,5921.9021,0.0043,-0.1129,33.84,32.66,13.8534,5935.7555,5936.3947,5936.8335,5921.9021,100.0,False,NOMINAL,HEALTHY,-9.93,35.03
PRE_LOT05_COMP0952,LOT_05,PRECISION_VOLTAGE_REF,LCC-20,PRE-SIH-2026,THERMAL_BURN_IN,T05_0952,PROC-ISRO-IISU-01,ATE-STATION-01,CHAMBER-01,1.0,125.0,5.0,168,output_voltage_drift,ELECTRICAL,uV,13.8608,5941.1424,5941.7619,5942.3071,5927.2816,-0.0199,-0.0902,35.74,36.29,13.8608,5941.1424,5941.7619,5942.3071,5927.2816,100.0,False,NOMINAL,HEALTHY,7.21,-0.55
PRE_LOT05_COMP0953,LOT_05,PRECISION_VOLTAGE_REF,LCC-20,PRE-SIH-2026,THERMAL_BURN_IN,T05_0953,PROC-ISRO-IISU-01,ATE-STATION-01,CHAMBER-01,1.0,125.0,5.0,168,output_voltage_drift,ELECTRICAL,uV,14.019,6013.356,6014.0601,6014.4829,5999.337,-0.0219,-0.084,34.61,34.83,14.019,6013.356,6014.0601,6014.4829,5999.337,100.0,False,NOMINAL,HEALTHY,35.11,15.34
PRE_LOT05_COMP0954,LOT_05,PRECISION_VOLTAGE_REF,LCC-20,PRE-SIH-2026,THERMAL_BURN_IN,T05_0954,PROC-ISRO-IISU-01,ATE-STATION-01,CHAMBER-01,1.0,125.0,5.0,168,output_voltage_drift,ELECTRICAL,uV,17.0349,7293.0441,7293.8574,7294.5068,7276.0092,0.0055,0.1054,34.72,35.46,17.0349,7293.0441,7293.8574,7294.5068,7276.0092,100.0,False,NOMINAL,HEALTHY,4.64,47.79
PRE_LOT05_COMP0955,LOT_05,PRECISION_VOLTAGE_REF,LCC-20,PRE-SIH-2026,THERMAL_BURN_IN,T05_0955,PROC-ISRO-IISU-01,ATE-STATION-01,CHAMBER-01,1.0,125.0,5.0,168,output_voltage_drift,ELECTRICAL,uV,12.9138,5532.8336,5533.4075,5533.9552,5519.9198,0.009,-0.0119,35.4,35.7,12.9138,5532.8336,5533.4075,5533.9552,5519.9198,100.0,False,NOMINAL,HEALTHY,-23.4,-25.76
PRE_LOT05_COMP0956,LOT_05,PRECISION_VOLTAGE_REF,LCC-20,PRE-SIH-2026,THERMAL_BURN_IN,T05_0956,PROC-ISRO-IISU-01,ATE-STATION-01,CHAMBER-01,1.0,125.0,5.0,168,output_voltage_drift,ELECTRICAL,uV,14.8322,6358.7626,6359.6102,6360.2495,6343.9304,0.0466,0.0731,35.25,34.7,14.8322,6358.7626,6359.6102,6360.2495,6343.9304,100.0,False,NOMINAL,HEALTHY,24.44,47.07
PRE_LOT05_COMP0957,LOT_05,PRECISION_VOLTAGE_REF,LCC-20,PRE-SIH-2026,THERMAL_BURN_IN,T05_0957,PROC-ISRO-IISU-01,ATE-STATION-01,CHAMBER-01,1.0,125.0,5.0,168,output_voltage_drift,ELECTRICAL,uV,14.0494,6022.7714,6023.3564,6023.891,6008.722,0.0089,0.041,35.52,35.04,14.0494,6022.7714,6023.3564,6023.891,6008.722,100.0,False,NOMINAL,HEALTHY,-27.72,39.16
PRE_LOT05_COMP0958,LOT_05,PRECISION_VOLTAGE_REF,LCC-20,PRE-SIH-2026,THERMAL_BURN_IN,T05_0958,PROC-ISRO-IISU-01,ATE-STATION-01,CHAMBER-01,1.0,125.0,5.0,168,output_voltage_drift,ELECTRICAL,uV,16.954,7265.4067,7266.2182,7266.891,7248.4527,-0.0099,0.0782,36.16,35.74,16.954,7265.4067,7266.2182,7266.891,7248.4527,100.0,False,NOMINAL,HEALTHY,35.94,-10.93
PRE_LOT05_COMP0959,LOT_05,PRECISION_VOLTAGE_REF,LCC-20,PRE-SIH-2026,THERMAL_BURN_IN,T05_0959,PROC-ISRO-IISU-01,ATE-STATION-01,CHAMBER-01,1.0,125.0,5.0,168,output_voltage_drift,ELECTRICAL,uV,12.5556,5386.9097,5387.5164,5387.995,5374.3541,-0.0099,-0.0477,35.31,36.14,12.5556,5386.9097,5387.5164,5387.995,5374.3541,100.0,False,NOMINAL,HEALTHY,-27.78,20.3
PRE_LOT05_COMP0960,LOT_05,PRECISION_VOLTAGE_REF,LCC-20,PRE-SIH-2026,THERMAL_BURN_IN,T05_0960,PROC-ISRO-IISU-01,ATE-STATION-01,CHAMBER-01,1.0,125.0,5.0,168,output_voltage_drift,ELECTRICAL,uV,13.9831,5984.5055,5985.1061,5985.5115,5970.5224,0.0048,-0.0242,36.43,36.16,13.9831,5984.5055,5985.1061,5985.5115,5970.5224,100.0,False,NOMINAL,HEALTHY,44.96,10.54
PRE_LOT05_COMP0961,LOT_05,PRECISION_VOLTAGE_REF,LCC-20,PRE-SIH-2026,THERMAL_BURN_IN,T05_0961,PROC-ISRO-IISU-01,ATE-STATION-01,CHAMBER-01,1.0,125.0,5.0,168,output_voltage_drift,ELECTRICAL,uV,15.877,6806.2986,6807.049,6807.5699,6790.4216,0.0027,-0.0192,34.31,34.08,15.877,6806.2986,6807.049,6807.5699,6790.4216,100.0,False,NOMINAL,HEALTHY,-27.29,7.47
PRE_LOT05_COMP0962,LOT_05,PRECISION_VOLTAGE_REF,LCC-20,PRE-SIH-2026,THERMAL_BURN_IN,T05_0962,PROC-ISRO-IISU-01,ATE-STATION-01,CHAMBER-01,1.0,125.0,5.0,168,output_voltage_drift,ELECTRICAL,uV,13.206,5664.3958,5665.0304,5665.5165,5651.1898,-0.0162,-0.0881,34.74,34.95,13.206,5664.3958,5665.0304,5665.5165,5651.1898,100.0,False,NOMINAL,HEALTHY,49.78,-18.23
PRE_LOT05_COMP0963,LOT_05,PRECISION_VOLTAGE_REF,LCC-20,PRE-SIH-2026,THERMAL_BURN_IN,T05_0963,PROC-ISRO-IISU-01,ATE-STATION-01,CHAMBER-01,1.0,125.0,5.0,168,output_voltage_drift,ELECTRICAL,uV,16.1505,6930.1078,6930.8472,6931.3407,6913.9573,0.0095,0.0116,34.79,35.08,16.1505,6930.1078,6930.8472,6931.3407,6913.9573,100.0,False,NOMINAL,HEALTHY,-9.31,-33.18
PRE_LOT05_COMP0964,LOT_05,PRECISION_VOLTAGE_REF,LCC-20,PRE-SIH-2026,THERMAL_BURN_IN,T05_0964,PROC-ISRO-IISU-01,ATE-STATION-01,CHAMBER-01,1.0,125.0,5.0,168,output_voltage_drift,ELECTRICAL,uV,17.4529,7489.3789,7490.2968,7491.0237,7471.926,0.0427,-0.0001,34.08,33.51,17.4529,7489.3789,7490.2968,7491.0237,7471.926,100.0,False,NOMINAL,HEALTHY,-18.85,3.94
PRE_LOT05_COMP0965,LOT_05,PRECISION_VOLTAGE_REF,LCC-20,PRE-SIH-2026,THERMAL_BURN_IN,T05_0965,PROC-ISRO-IISU-01,ATE-STATION-01,CHAMBER-01,1.0,125.0,5.0,168,output_voltage_drift,ELECTRICAL,uV,15.0781,6469.0843,6469.7395,6470.2084,6454.0062,0.0208,-0.0416,34.63,34.34,15.0781,6469.0843,6469.7395,6470.2084,6454.0062,100.0,False,NOMINAL,HEALTHY,26.04,38.78
PRE_LOT05_COMP0966,LOT_05,PRECISION_VOLTAGE_REF,LCC-20,PRE-SIH-2026,THERMAL_BURN_IN,T05_0966,PROC-ISRO-IISU-01,ATE-STATION-01,CHAMBER-01,1.0,125.0,5.0,168,output_voltage_drift,ELECTRICAL,uV,16.7583,7178.3512,7179.2376,7179.8674,7161.5929,0.0055,0.0075,35.37,35.55,16.7583,7178.3512,7179.2376,7179.8674,7161.5929,100.0,False,NOMINAL,HEALTHY,-19.57,45.61
PRE_LOT05_COMP0967,LOT_05,PRECISION_VOLTAGE_REF,LCC-20,PRE-SIH-2026,THERMAL_BURN_IN,T05_0967,PROC-ISRO-IISU-01,ATE-STATION-01,CHAMBER-01,1.0,125.0,5.0,168,output_voltage_drift,ELECTRICAL,uV,15.0673,6455.7037,6456.33,6456.7458,6440.6364,0.0194,0.038,32.59,32.42,15.0673,6455.7037,6456.33,6456.7458,6440.6364,100.0,False,NOMINAL,HEALTHY,-35.42,25.79
PRE_LOT05_COMP0968,LOT_05,PRECISION_VOLTAGE_REF,LCC-20,PRE-SIH-2026,THERMAL_BURN_IN,T05_0968,PROC-ISRO-IISU-01,ATE-STATION-01,CHAMBER-01,1.0,125.0,5.0,168,output_voltage_drift,ELECTRICAL,uV,17.987,7706.5081,7707.3593,7708.0062,7688.5211,-0.0014,-0.0167,33.92,33.47,17.987,7706.5081,7707.3593,7708.0062,7688.5211,100.0,False,NOMINAL,HEALTHY,-18.99,-35.76
PRE_LOT05_COMP0969,LOT_05,PRECISION_VOLTAGE_REF,LCC-20,PRE-SIH-2026,THERMAL_BURN_IN,T05_0969,PROC-ISRO-IISU-01,ATE-STATION-01,CHAMBER-01,1.0,125.0,5.0,168,output_voltage_drift,ELECTRICAL,uV,13.7593,5907.7702,5908.3922,5908.9937,5894.0109,0.0122,-0.0499,34.42,33.65,13.7593,5907.7702,5908.3922,5908.9937,5894.0109,100.0,False,NOMINAL,HEALTHY,-14.64,36.62
PRE_LOT05_COMP0970,LOT_05,PRECISION_VOLTAGE_REF,LCC-20,PRE-SIH-2026,THERMAL_BURN_IN,T05_0970,PROC-ISRO-IISU-01,ATE-STATION-01,CHAMBER-01,1.0,125.0,5.0,168,output_voltage_drift,ELECTRICAL,uV,12.0632,5171.6058,5172.246,5172.6751,5159.5426,0.0251,0.062,33.25,33.71,12.0632,5171.6058,5172.246,5172.6751,5159.5426,100.0,False,NOMINAL,HEALTHY,-9.08,-31.24
PRE_LOT05_COMP0971,LOT_05,PRECISION_VOLTAGE_REF,LCC-20,PRE-SIH-2026,THERMAL_BURN_IN,T05_0971,PROC-ISRO-IISU-01,ATE-STATION-01,CHAMBER-01,1.0,125.0,5.0,168,output_voltage_drift,ELECTRICAL,uV,13.2224,5662.9391,5663.5535,5663.9916,5649.7167,-0.0351,-0.0141,35.12,35.11,13.2224,5662.9391,5663.5535,5663.9916,5649.7167,100.0,False,NOMINAL,HEALTHY,-39.7,-40.57
PRE_LOT05_COMP0972,LOT_05,PRECISION_VOLTAGE_REF,LCC-20,PRE-SIH-2026,THERMAL_BURN_IN,T05_0972,PROC-ISRO-IISU-01,ATE-STATION-01,CHAMBER-01,1.0,125.0,5.0,168,output_voltage_drift,ELECTRICAL,uV,13.9887,6003.9651,6004.6087,6005.0966,5989.9764,-0.0457,-0.1037,36.26,35.87,13.9887,6003.9651,6004.6087,6005.0966,5989.9764,100.0,False,NOMINAL,HEALTHY,-42.65,-19.36
PRE_LOT05_COMP0973,LOT_05,PRECISION_VOLTAGE_REF,LCC-20,PRE-SIH-2026,THERMAL_BURN_IN,T05_0973,PROC-ISRO-IISU-01,ATE-STATION-01,CHAMBER-01,1.0,125.0,5.0,168,output_voltage_drift,ELECTRICAL,uV,14.15,6067.8346,6068.4937,6069.0495,6053.6846,0.0171,0.0633,34.62,35.09,14.15,6067.8346,6068.4937,6069.0495,6053.6846,100.0,False,NOMINAL,HEALTHY,31.27,42.25
PRE_LOT05_COMP0974,LOT_05,PRECISION_VOLTAGE_REF,LCC-20,PRE-SIH-2026,THERMAL_BURN_IN,T05_0974,PROC-ISRO-IISU-01,ATE-STATION-01,CHAMBER-01,1.0,125.0,5.0,168,output_voltage_drift,ELECTRICAL,uV,12.497,5360.1529,5360.7134,5361.1243,5347.6559,0.0212,0.056,34.1,34.06,12.497,5360.1529,5360.7134,5361.1243,5347.6559,100.0,False,NOMINAL,HEALTHY,34.63,39.7
PRE_LOT05_COMP0975,LOT_05,PRECISION_VOLTAGE_REF,LCC-20,PRE-SIH-2026,THERMAL_BURN_IN,T05_0975,PROC-ISRO-IISU-01,ATE-STATION-01,CHAMBER-01,1.0,125.0,5.0,168,output_voltage_drift,ELECTRICAL,uV,14.3081,6135.8108,6145.3003,6296.0346,6121.5027,0.0011,-0.027,33.93,34.42,14.3081,6135.8108,6145.3003,6296.0346,6121.5027,100.0,True,THERMAL_RUNAWAY,HEALTHY,33.06,-39.46
PRE_LOT05_COMP0976,LOT_05,PRECISION_VOLTAGE_REF,LCC-20,PRE-SIH-2026,THERMAL_BURN_IN,T05_0976,PROC-ISRO-IISU-01,ATE-STATION-01,CHAMBER-01,1.0,125.0,5.0,168,output_voltage_drift,ELECTRICAL,uV,13.5798,5828.5877,5829.2302,5829.8169,5815.0079,0.0273,0.0832,34.9,34.77,13.5798,5828.5877,5829.2302,5829.8169,5815.0079,100.0,False,NOMINAL,HEALTHY,22.79,13.11
PRE_LOT05_COMP0977,LOT_05,PRECISION_VOLTAGE_REF,LCC-20,PRE-SIH-2026,THERMAL_BURN_IN,T05_0977,PROC-ISRO-IISU-01,ATE-STATION-01,CHAMBER-01,1.0,125.0,5.0,168,output_voltage_drift,ELECTRICAL,uV,15.2858,6559.1055,6559.8664,6560.3508,6543.8197,-0.0017,0.004,33.33,33.14,15.2858,6559.1055,6559.8664,6560.3508,6543.8197,100.0,False,NOMINAL,HEALTHY,36.01,43.52
PRE_LOT05_COMP0978,LOT_05,PRECISION_VOLTAGE_REF,LCC-20,PRE-SIH-2026,THERMAL_BURN_IN,T05_0978,PROC-ISRO-IISU-01,ATE-STATION-01,CHAMBER-01,1.0,125.0,5.0,168,output_voltage_drift,ELECTRICAL,uV,15.8093,6772.9143,6773.6689,6774.2752,6757.105,-0.0267,0.0162,35.55,35.78,15.8093,6772.9143,6773.6689,6774.2752,6757.105,100.0,False,NOMINAL,HEALTHY,21.78,18.26
PRE_LOT05_COMP0979,LOT_05,PRECISION_VOLTAGE_REF,LCC-20,PRE-SIH-2026,THERMAL_BURN_IN,T05_0979,PROC-ISRO-IISU-01,ATE-STATION-01,CHAMBER-01,1.0,125.0,5.0,168,output_voltage_drift,ELECTRICAL,uV,16.0351,6869.8842,6870.7416,6871.3604,6853.8491,-0.0152,0.0213,35.22,35.11,16.0351,6869.8842,6870.7416,6871.3604,6853.8491,100.0,False,NOMINAL,HEALTHY,29.11,-37.09
PRE_LOT05_COMP0980,LOT_05,PRECISION_VOLTAGE_REF,LCC-20,PRE-SIH-2026,THERMAL_BURN_IN,T05_0980,PROC-ISRO-IISU-01,ATE-STATION-01,CHAMBER-01,1.0,125.0,5.0,168,output_voltage_drift,ELECTRICAL,uV,15.027,6445.8786,6446.6259,6447.2059,6430.8516,0.0216,0.0572,34.12,34.59,15.027,6445.8786,6446.6259,6447.2059,6430.8516,100.0,False,NOMINAL,HEALTHY,4.74,-21.36
PRE_LOT05_COMP0981,LOT_05,PRECISION_VOLTAGE_REF,LCC-20,PRE-SIH-2026,THERMAL_BURN_IN,T05_0981,PROC-ISRO-IISU-01,ATE-STATION-01,CHAMBER-01,1.0,125.0,5.0,168,output_voltage_drift,ELECTRICAL,uV,15.4539,6625.2498,6625.9425,6626.5398,6609.7959,0.0327,0.0132,35.41,35.74,15.4539,6625.2498,6625.9425,6626.5398,6609.7959,100.0,False,NOMINAL,HEALTHY,36.33,35.83
PRE_LOT05_COMP0982,LOT_05,PRECISION_VOLTAGE_REF,LCC-20,PRE-SIH-2026,THERMAL_BURN_IN,T05_0982,PROC-ISRO-IISU-01,ATE-STATION-01,CHAMBER-01,1.0,125.0,5.0,168,output_voltage_drift,ELECTRICAL,uV,14.816,6351.3931,6352.1199,6352.7172,6336.5771,0.0309,0.0632,34.76,34.7,14.816,6351.3931,6352.1199,6352.7172,6336.5771,100.0,False,NOMINAL,HEALTHY,-25.94,-33.08
PRE_LOT05_COMP0983,LOT_05,PRECISION_VOLTAGE_REF,LCC-20,PRE-SIH-2026,THERMAL_BURN_IN,T05_0983,PROC-ISRO-IISU-01,ATE-STATION-01,CHAMBER-01,1.0,125.0,5.0,168,output_voltage_drift,ELECTRICAL,uV,15.3284,6571.055,6571.8499,6572.5045,6555.7266,0.0084,0.0548,35.97,35.21,15.3284,6571.055,6571.8499,6572.5045,6555.7266,100.0,False,NOMINAL,HEALTHY,-47.23,47.27
PRE_LOT05_COMP0984,LOT_05,PRECISION_VOLTAGE_REF,LCC-20,PRE-SIH-2026,THERMAL_BURN_IN,T05_0984,PROC-ISRO-IISU-01,ATE-STATION-01,CHAMBER-01,1.0,125.0,5.0,168,output_voltage_drift,ELECTRICAL,uV,15.4173,6612.8835,6613.6034,6614.1332,6597.4662,-0.0212,0.0589,35.61,35.64,15.4173,6612.8835,6613.6034,6614.1332,6597.4662,100.0,False,NOMINAL,HEALTHY,16.73,7.88
PRE_LOT05_COMP0985,LOT_05,PRECISION_VOLTAGE_REF,LCC-20,PRE-SIH-2026,THERMAL_BURN_IN,T05_0985,PROC-ISRO-IISU-01,ATE-STATION-01,CHAMBER-01,1.0,125.0,5.0,168,output_voltage_drift,ELECTRICAL,uV,16.3508,7015.2775,7016.0744,7016.6829,6998.9267,-0.0445,-0.0118,34.85,35.51,16.3508,7015.2775,7016.0744,7016.6829,6998.9267,100.0,False,NOMINAL,HEALTHY,25.02,17.81
PRE_LOT05_COMP0986,LOT_05,PRECISION_VOLTAGE_REF,LCC-20,PRE-SIH-2026,THERMAL_BURN_IN,T05_0986,PROC-ISRO-IISU-01,ATE-STATION-01,CHAMBER-01,1.0,125.0,5.0,168,output_voltage_drift,ELECTRICAL,uV,15.5286,6663.498,6664.1844,6664.6686,6647.9694,-0.0004,0.0473,35.29,34.7,15.5286,6663.498,6664.1844,6664.6686,6647.9694,100.0,False,NOMINAL,HEALTHY,-16.97,-10.71
PRE_LOT05_COMP0987,LOT_05,PRECISION_VOLTAGE_REF,LCC-20,PRE-SIH-2026,THERMAL_BURN_IN,T05_0987,PROC-ISRO-IISU-01,ATE-STATION-01,CHAMBER-01,1.0,125.0,5.0,168,output_voltage_drift,ELECTRICAL,uV,13.2852,5696.6602,5697.3292,5697.7747,5683.375,-0.0039,-0.0647,33.4,33.98,13.2852,5696.6602,5697.3292,5697.7747,5683.375,100.0,False,NOMINAL,HEALTHY,17.5,-5.99
PRE_LOT05_COMP0988,LOT_05,PRECISION_VOLTAGE_REF,LCC-20,PRE-SIH-2026,THERMAL_BURN_IN,T05_0988,PROC-ISRO-IISU-01,ATE-STATION-01,CHAMBER-01,1.0,125.0,5.0,168,output_voltage_drift,ELECTRICAL,uV,13.0528,5610.0352,5610.6713,5611.1929,5596.9824,-0.0178,-0.0167,33.91,33.4,13.0528,5610.0352,5610.6713,5611.1929,5596.9824,100.0,False,NOMINAL,HEALTHY,29.31,-23.67
PRE_LOT05_COMP0989,LOT_05,PRECISION_VOLTAGE_REF,LCC-20,PRE-SIH-2026,THERMAL_BURN_IN,T05_0989,PROC-ISRO-IISU-01,ATE-STATION-01,CHAMBER-01,1.0,125.0,5.0,168,output_voltage_drift,ELECTRICAL,uV,16.3211,7003.2451,7003.9971,7004.5853,6986.924,-0.0059,0.0627,35.07,35.02,16.3211,7003.2451,7003.9971,7004.5853,6986.924,100.0,False,NOMINAL,HEALTHY,0.36,-27.25
PRE_LOT05_COMP0990,LOT_05,PRECISION_VOLTAGE_REF,LCC-20,PRE-SIH-2026,THERMAL_BURN_IN,T05_0990,PROC-ISRO-IISU-01,ATE-STATION-01,CHAMBER-01,1.0,125.0,5.0,168,output_voltage_drift,ELECTRICAL,uV,15.3927,6594.056,6594.8387,6595.4169,6578.6633,-0.0061,0.0632,36.1,36.54,15.3927,6594.056,6594.8387,6595.4169,6578.6633,100.0,False,NOMINAL,HEALTHY,38.67,1.08
PRE_LOT05_COMP0991,LOT_05,PRECISION_VOLTAGE_REF,LCC-20,PRE-SIH-2026,THERMAL_BURN_IN,T05_0991,PROC-ISRO-IISU-01,ATE-STATION-01,CHAMBER-01,1.0,125.0,5.0,168,output_voltage_drift,ELECTRICAL,uV,11.4911,4928.602,4929.1433,4929.5154,4917.1109,0.0012,0.0263,35.6,35.62,11.4911,4928.602,4929.1433,4929.5154,4917.1109,100.0,False,NOMINAL,HEALTHY,33.99,-8.27
PRE_LOT05_COMP0992,LOT_05,PRECISION_VOLTAGE_REF,LCC-20,PRE-SIH-2026,THERMAL_BURN_IN,T05_0992,PROC-ISRO-IISU-01,ATE-STATION-01,CHAMBER-01,1.0,125.0,5.0,168,output_voltage_drift,ELECTRICAL,uV,11.7988,5055.4408,5056.0411,5056.4519,5043.642,0.0241,0.0129,33.97,34.02,11.7988,5055.4408,5056.0411,5056.4519,5043.642,100.0,False,NOMINAL,HEALTHY,22.9,19.79
PRE_LOT05_COMP0993,LOT_05,PRECISION_VOLTAGE_REF,LCC-20,PRE-SIH-2026,THERMAL_BURN_IN,T05_0993,PROC-ISRO-IISU-01,ATE-STATION-01,CHAMBER-01,1.0,125.0,5.0,168,output_voltage_drift,ELECTRICAL,uV,13.1292,5623.2805,5623.9061,5624.3384,5610.1513,-0.0192,0.0081,35.39,36.03,13.1292,5623.2805,5623.9061,5624.3384,5610.1513,100.0,False,NOMINAL,HEALTHY,13.1,23.51
PRE_LOT05_COMP0994,LOT_05,PRECISION_VOLTAGE_REF,LCC-20,PRE-SIH-2026,THERMAL_BURN_IN,T05_0994,PROC-ISRO-IISU-01,ATE-STATION-01,CHAMBER-01,1.0,125.0,5.0,168,output_voltage_drift,ELECTRICAL,uV,16.8434,7218.8248,7219.5884,7220.2014,7201.9814,0.0019,0.0229,33.94,34.32,16.8434,7218.8248,7219.5884,7220.2014,7201.9814,100.0,False,NOMINAL,HEALTHY,-32.64,-17.89
PRE_LOT05_COMP0995,LOT_05,PRECISION_VOLTAGE_REF,LCC-20,PRE-SIH-2026,THERMAL_BURN_IN,T05_0995,PROC-ISRO-IISU-01,ATE-STATION-01,CHAMBER-01,1.0,125.0,5.0,168,output_voltage_drift,ELECTRICAL,uV,15.0895,6480.3292,6480.9904,6481.5091,6465.2397,0.0447,0.0338,35.47,34.96,15.0895,6480.3292,6480.9904,6481.5091,6465.2397,100.0,False,NOMINAL,HEALTHY,-41.84,-37.92
PRE_LOT05_COMP0996,LOT_05,PRECISION_VOLTAGE_REF,LCC-20,PRE-SIH-2026,THERMAL_BURN_IN,T05_0996,PROC-ISRO-IISU-01,ATE-STATION-01,CHAMBER-01,1.0,125.0,5.0,168,output_voltage_drift,ELECTRICAL,uV,16.342,7004.4137,7005.2852,7005.9693,6988.0717,0.0131,0.0099,34.56,35.46,16.342,7004.4137,7005.2852,7005.9693,6988.0717,100.0,False,NOMINAL,HEALTHY,20.52,17.37
PRE_LOT05_COMP0997,LOT_05,PRECISION_VOLTAGE_REF,LCC-20,PRE-SIH-2026,THERMAL_BURN_IN,T05_0997,PROC-ISRO-IISU-01,ATE-STATION-01,CHAMBER-01,1.0,125.0,5.0,168,output_voltage_drift,ELECTRICAL,uV,16.3409,7014.333,7015.1483,7015.6895,6997.9921,0.0293,0.1037,35.43,34.35,16.3409,7014.333,7015.1483,7015.6895,6997.9921,100.0,False,NOMINAL,HEALTHY,-19.55,-8.03
PRE_LOT05_COMP0998,LOT_05,PRECISION_VOLTAGE_REF,LCC-20,PRE-SIH-2026,THERMAL_BURN_IN,T05_0998,PROC-ISRO-IISU-01,ATE-STATION-01,CHAMBER-01,1.0,125.0,5.0,168,output_voltage_drift,ELECTRICAL,uV,17.0338,7299.3113,7300.0849,7300.7423,7282.2775,-0.0075,-0.0407,35.93,35.77,17.0338,7299.3113,7300.0849,7300.7423,7282.2775,100.0,False,NOMINAL,HEALTHY,44.33,28.88
PRE_LOT05_COMP0999,LOT_05,PRECISION_VOLTAGE_REF,LCC-20,PRE-SIH-2026,THERMAL_BURN_IN,T05_0999,PROC-ISRO-IISU-01,ATE-STATION-01,CHAMBER-01,1.0,125.0,5.0,168,output_voltage_drift,ELECTRICAL,uV,14.8911,6383.3134,6384.0532,6384.6271,6368.4223,-0.0134,-0.0351,35.25,35.25,14.8911,6383.3134,6384.0532,6384.6271,6368.4223,100.0,False,NOMINAL,HEALTHY,-7.36,-6.73
PRE_LOT05_COMP1000,LOT_05,PRECISION_VOLTAGE_REF,LCC-20,PRE-SIH-2026,THERMAL_BURN_IN,T05_1000,PROC-ISRO-IISU-01,ATE-STATION-01,CHAMBER-01,1.0,125.0,5.0,168,output_voltage_drift,ELECTRICAL,uV,12.5575,5387.0853,5387.7564,5388.1913,5374.5278,0.0032,0.0376,35.39,35.51,12.5575,5387.0853,5387.7564,5388.1913,5374.5278,100.0,False,NOMINAL,HEALTHY,-12.87,-34.2
PRE_LOT05_COMP1001,LOT_05,PRECISION_VOLTAGE_REF,LCC-20,PRE-SIH-2026,THERMAL_BURN_IN,T05_1001,PROC-ISRO-IISU-01,ATE-STATION-01,CHAMBER-01,1.0,125.0,5.0,168,output_voltage_drift,ELECTRICAL,uV,14.4282,6195.9774,6196.7397,6197.3579,6181.5492,-0.0297,0.0145,35.09,35.52,14.4282,6195.9774,6196.7397,6197.3579,6181.5492,100.0,False,NOMINAL,HEALTHY,-20.78,21.05
PRE_LOT05_COMP1002,LOT_05,PRECISION_VOLTAGE_REF,LCC-20,PRE-SIH-2026,THERMAL_BURN_IN,T05_1002,PROC-ISRO-IISU-01,ATE-STATION-01,CHAMBER-01,1.0,125.0,5.0,168,output_voltage_drift,ELECTRICAL,uV,16.4499,7055.8476,7056.5886,7057.1164,7039.3977,0.0233,0.0084,36.54,36.09,16.4499,7055.8476,7056.5886,7057.1164,7039.3977,100.0,False,NOMINAL,HEALTHY,4.19,-21.79
PRE_LOT05_COMP1003,LOT_05,PRECISION_VOLTAGE_REF,LCC-20,PRE-SIH-2026,THERMAL_BURN_IN,T05_1003,PROC-ISRO-IISU-01,ATE-STATION-01,CHAMBER-01,1.0,125.0,5.0,168,output_voltage_drift,ELECTRICAL,uV,15.5614,6681.4179,6682.2487,6682.7984,6665.8565,-0.0078,0.05,37.29,37.18,15.5614,6681.4179,6682.2487,6682.7984,6665.8565,100.0,False,NOMINAL,HEALTHY,-36.06,17.13
PRE_LOT05_COMP1004,LOT_05,PRECISION_VOLTAGE_REF,LCC-20,PRE-SIH-2026,THERMAL_BURN_IN,T05_1004,PROC-ISRO-IISU-01,ATE-STATION-01,CHAMBER-01,1.0,125.0,5.0,168,output_voltage_drift,ELECTRICAL,uV,13.628,5836.2984,5836.9469,5837.4213,5822.6704,0.0168,-0.0489,35.54,35.63,13.628,5836.2984,5836.9469,5837.4213,5822.6704,100.0,False,NOMINAL,HEALTHY,-47.38,21.88
PRE_LOT05_COMP1005,LOT_05,PRECISION_VOLTAGE_REF,LCC-20,PRE-SIH-2026,THERMAL_BURN_IN,T05_1005,PROC-ISRO-IISU-01,ATE-STATION-01,CHAMBER-01,1.0,125.0,5.0,168,output_voltage_drift,ELECTRICAL,uV,13.5472,5811.9224,5812.6533,5813.1305,5798.3752,0.0007,-0.0809,31.78,31.17,13.5472,5811.9224,5812.6533,5813.1305,5798.3752,100.0,False,NOMINAL,HEALTHY,5.75,-44.35
PRE_LOT05_COMP1006,LOT_05,PRECISION_VOLTAGE_REF,LCC-20,PRE-SIH-2026,THERMAL_BURN_IN,T05_1006,PROC-ISRO-IISU-01,ATE-STATION-01,CHAMBER-01,1.0,125.0,5.0,168,output_voltage_drift,ELECTRICAL,uV,13.7472,5892.0019,5892.6509,5893.085,5878.2547,0.0077,0.0337,34.88,34.48,13.7472,5892.0019,5892.6509,5893.085,5878.2547,100.0,False,NOMINAL,HEALTHY,19.62,-22.47
PRE_LOT05_COMP1007,LOT_05,PRECISION_VOLTAGE_REF,LCC-20,PRE-SIH-2026,THERMAL_BURN_IN,T05_1007,PROC-ISRO-IISU-01,ATE-STATION-01,CHAMBER-01,1.0,125.0,5.0,168,output_voltage_drift,ELECTRICAL,uV,11.7481,5040.4364,5040.9441,5041.3634,5028.6883,-0.0186,-0.0801,32.06,32.46,11.7481,5040.4364,5040.9441,5041.3634,5028.6883,100.0,False,NOMINAL,HEALTHY,19.11,27.27
PRE_LOT05_COMP1008,LOT_05,PRECISION_VOLTAGE_REF,LCC-20,PRE-SIH-2026,THERMAL_BURN_IN,T05_1008,PROC-ISRO-IISU-01,ATE-STATION-01,CHAMBER-01,1.0,125.0,5.0,168,output_voltage_drift,ELECTRICAL,uV,19.065,8178.6168,8179.4962,8180.1699,8159.5518,0.0036,0.0242,35.52,36.28,19.065,8178.6168,8179.4962,8180.1699,8159.5518,100.0,False,NOMINAL,HEALTHY,-0.26,20.04
PRE_LOT05_COMP1009,LOT_05,PRECISION_VOLTAGE_REF,LCC-20,PRE-SIH-2026,THERMAL_BURN_IN,T05_1009,PROC-ISRO-IISU-01,ATE-STATION-01,CHAMBER-01,1.0,125.0,5.0,168,output_voltage_drift,ELECTRICAL,uV,12.6265,5412.9187,5413.585,5414.0254,5400.2922,-0.0014,-0.0695,36.09,34.64,12.6265,5412.9187,5413.585,5414.0254,5400.2922,100.0,False,NOMINAL,HEALTHY,-18.11,36.36
PRE_LOT05_COMP1010,LOT_05,PRECISION_VOLTAGE_REF,LCC-20,PRE-SIH-2026,THERMAL_BURN_IN,T05_1010,PROC-ISRO-IISU-01,ATE-STATION-01,CHAMBER-01,1.0,125.0,5.0,168,output_voltage_drift,ELECTRICAL,uV,11.5507,4962.8046,4963.4252,4963.8275,4951.2539,0.008,0.0012,35.19,35.13,11.5507,4962.8046,4963.4252,4963.8275,4951.2539,100.0,False,NOMINAL,HEALTHY,35.98,23.85
PRE_LOT05_COMP1011,LOT_05,PRECISION_VOLTAGE_REF,LCC-20,PRE-SIH-2026,THERMAL_BURN_IN,T05_1011,PROC-ISRO-IISU-01,ATE-STATION-01,CHAMBER-01,1.0,125.0,5.0,168,output_voltage_drift,ELECTRICAL,uV,15.5307,6640.166,6640.9209,6641.4625,6624.6353,-0.0491,-0.0373,36.13,35.87,15.5307,6640.166,6640.9209,6641.4625,6624.6353,100.0,False,NOMINAL,HEALTHY,24.45,13.44
PRE_LOT05_COMP1012,LOT_05,PRECISION_VOLTAGE_REF,LCC-20,PRE-SIH-2026,THERMAL_BURN_IN,T05_1012,PROC-ISRO-IISU-01,ATE-STATION-01,CHAMBER-01,1.0,125.0,5.0,168,output_voltage_drift,ELECTRICAL,uV,13.4524,5765.1301,5765.7677,5766.2888,5751.6777,-0.0335,-0.0073,35.77,35.56,13.4524,5765.1301,5765.7677,5766.2888,5751.6777,100.0,False,NOMINAL,HEALTHY,4.7,-5.45
PRE_LOT05_COMP1013,LOT_05,PRECISION_VOLTAGE_REF,LCC-20,PRE-SIH-2026,THERMAL_BURN_IN,T05_1013,PROC-ISRO-IISU-01,ATE-STATION-01,CHAMBER-01,1.0,125.0,5.0,168,output_voltage_drift,ELECTRICAL,uV,15.8792,6787.8743,6788.6557,6789.2123,6771.9951,-0.0039,-0.04,36.86,35.79,15.8792,6787.8743,6788.6557,6789.2123,6771.9951,100.0,False,NOMINAL,HEALTHY,38.33,-43.72
PRE_LOT05_COMP1014,LOT_05,PRECISION_VOLTAGE_REF,LCC-20,PRE-SIH-2026,THERMAL_BURN_IN,T05_1014,PROC-ISRO-IISU-01,ATE-STATION-01,CHAMBER-01,1.0,125.0,5.0,168,output_voltage_drift,ELECTRICAL,uV,14.7133,6301.7463,6302.4676,6302.9324,6287.033,0.036,0.0864,34.69,35.44,14.7133,6301.7463,6302.4676,6302.9324,6287.033,100.0,False,NOMINAL,HEALTHY,11.36,13.48
PRE_LOT05_COMP1015,LOT_05,PRECISION_VOLTAGE_REF,LCC-20,PRE-SIH-2026,THERMAL_BURN_IN,T05_1015,PROC-ISRO-IISU-01,ATE-STATION-01,CHAMBER-01,1.0,125.0,5.0,168,output_voltage_drift,ELECTRICAL,uV,13.5332,5802.1381,5802.726,5803.1905,5788.6049,0.0119,-0.0236,35.34,34.9,13.5332,5802.1381,5802.726,5803.1905,5788.6049,100.0,False,NOMINAL,HEALTHY,8.36,29.06
PRE_LOT05_COMP1016,LOT_05,PRECISION_VOLTAGE_REF,LCC-20,PRE-SIH-2026,THERMAL_BURN_IN,T05_1016,PROC-ISRO-IISU-01,ATE-STATION-01,CHAMBER-01,1.0,125.0,5.0,168,output_voltage_drift,ELECTRICAL,uV,16.8174,7209.6091,7210.4416,7211.0371,7192.7917,-0.0138,0.0342,34.4,33.77,16.8174,7209.6091,7210.4416,7211.0371,7192.7917,100.0,False,NOMINAL,HEALTHY,-42.65,16.62
PRE_LOT05_COMP1017,LOT_05,PRECISION_VOLTAGE_REF,LCC-20,PRE-SIH-2026,THERMAL_BURN_IN,T05_1017,PROC-ISRO-IISU-01,ATE-STATION-01,CHAMBER-01,1.0,125.0,5.0,168,output_voltage_drift,ELECTRICAL,uV,13.1595,5633.2446,5633.7721,5634.2238,5620.0851,-0.0102,0.0108,34.28,33.79,13.1595,5633.2446,5633.7721,5634.2238,5620.0851,100.0,False,NOMINAL,HEALTHY,34.22,-49.86
PRE_LOT05_COMP1018,LOT_05,PRECISION_VOLTAGE_REF,LCC-20,PRE-SIH-2026,THERMAL_BURN_IN,T05_1018,PROC-ISRO-IISU-01,ATE-STATION-01,CHAMBER-01,1.0,125.0,5.0,168,output_voltage_drift,ELECTRICAL,uV,16.8947,7242.878,7243.7338,7244.4878,7225.9833,-0.0076,0.0263,33.09,32.43,16.8947,7242.878,7243.7338,7244.4878,7225.9833,100.0,False,NOMINAL,HEALTHY,13.42,-25.98
PRE_LOT05_COMP1019,LOT_05,PRECISION_VOLTAGE_REF,LCC-20,PRE-SIH-2026,THERMAL_BURN_IN,T05_1019,PROC-ISRO-IISU-01,ATE-STATION-01,CHAMBER-01,1.0,125.0,5.0,168,output_voltage_drift,ELECTRICAL,uV,16.6665,7141.3298,7142.0952,7142.6425,7124.6633,-0.015,-0.0277,33.83,34.01,16.6665,7141.3298,7142.0952,7142.6425,7124.6633,100.0,False,NOMINAL,HEALTHY,-41.6,4.67
PRE_LOT05_COMP1020,LOT_05,PRECISION_VOLTAGE_REF,LCC-20,PRE-SIH-2026,THERMAL_BURN_IN,T05_1020,PROC-ISRO-IISU-01,ATE-STATION-01,CHAMBER-01,1.0,125.0,5.0,168,output_voltage_drift,ELECTRICAL,uV,14.268,6124.9216,6125.5611,6126.0328,6110.6536,-0.0084,-0.0838,35.01,35.07,14.268,6124.9216,6125.5611,6126.0328,6110.6536,100.0,False,NOMINAL,HEALTHY,-26.26,49.38
PRE_LOT05_COMP1021,LOT_05,PRECISION_VOLTAGE_REF,LCC-20,PRE-SIH-2026,THERMAL_BURN_IN,T05_1021,PROC-ISRO-IISU-01,ATE-STATION-01,CHAMBER-01,1.0,125.0,5.0,168,output_voltage_drift,ELECTRICAL,uV,14.0144,6009.405,6010.1559,6010.688,5995.3906,0.0198,0.0483,37.1,37.35,14.0144,6009.405,6010.1559,6010.688,5995.3906,100.0,False,NOMINAL,HEALTHY,26.48,-3.63
PRE_LOT05_COMP1022,LOT_05,PRECISION_VOLTAGE_REF,LCC-20,PRE-SIH-2026,THERMAL_BURN_IN,T05_1022,PROC-ISRO-IISU-01,ATE-STATION-01,CHAMBER-01,1.0,125.0,5.0,168,output_voltage_drift,ELECTRICAL,uV,13.677,5869.2075,5869.9697,5870.3796,5855.5305,0.0285,-0.0402,34.53,35.44,13.677,5869.2075,5869.9697,5870.3796,5855.5305,100.0,False,NOMINAL,HEALTHY,13.63,34.4
PRE_LOT05_COMP1023,LOT_05,PRECISION_VOLTAGE_REF,LCC-20,PRE-SIH-2026,THERMAL_BURN_IN,T05_1023,PROC-ISRO-IISU-01,ATE-STATION-01,CHAMBER-01,1.0,125.0,5.0,168,output_voltage_drift,ELECTRICAL,uV,13.7646,5903.7621,5904.4526,5904.9882,5889.9975,-0.016,-0.0004,36.36,35.46,13.7646,5903.7621,5904.4526,5904.9882,5889.9975,100.0,False,NOMINAL,HEALTHY,-26.61,18.83
PRE_LOT05_COMP1024,LOT_05,PRECISION_VOLTAGE_REF,LCC-20,PRE-SIH-2026,THERMAL_BURN_IN,T05_1024,PROC-ISRO-IISU-01,ATE-STATION-01,CHAMBER-01,1.0,125.0,5.0,168,output_voltage_drift,ELECTRICAL,uV,15.1138,6481.4284,6482.1831,6482.7149,6466.3146,-0.0123,-0.1093,36.81,36.47,15.1138,6481.4284,6482.1831,6482.7149,6466.3146,100.0,True,DIELECTRIC_OSCILLATION,HEALTHY,-31.28,-24.89
PRE_LOT05_COMP1025,LOT_05,PRECISION_VOLTAGE_REF,LCC-20,PRE-SIH-2026,THERMAL_BURN_IN,T05_1025,PROC-ISRO-IISU-01,ATE-STATION-01,CHAMBER-01,1.0,125.0,5.0,168,output_voltage_drift,ELECTRICAL,uV,13.8848,5942.0915,5956.9972,6019.205,5928.2067,0.0168,-0.0502,33.13,32.72,13.8848,5942.0915,5956.9972,6019.205,5928.2067,100.0,True,ELECTROMIGRATION,HEALTHY,12.09,-2.92
PRE_LOT05_COMP1026,LOT_05,PRECISION_VOLTAGE_REF,LCC-20,PRE-SIH-2026,THERMAL_BURN_IN,T05_1026,PROC-ISRO-IISU-01,ATE-STATION-01,CHAMBER-01,1.0,125.0,5.0,168,output_voltage_drift,ELECTRICAL,uV,15.1787,6496.371,6497.0709,6497.5769,6481.1923,0.0136,0.04,34.86,35.04,15.1787,6496.371,6497.0709,6497.5769,6481.1923,100.0,False,NOMINAL,HEALTHY,-21.54,-11.39
PRE_LOT05_COMP1027,LOT_05,PRECISION_VOLTAGE_REF,LCC-20,PRE-SIH-2026,THERMAL_BURN_IN,T05_1027,PROC-ISRO-IISU-01,ATE-STATION-01,CHAMBER-01,1.0,125.0,5.0,168,output_voltage_drift,ELECTRICAL,uV,11.783,5049.5579,5050.1469,5050.6005,5037.7749,-0.005,-0.0804,33.82,34.66,11.783,5049.5579,5050.1469,5050.6005,5037.7749,100.0,False,NOMINAL,HEALTHY,10.01,-0.25
PRE_LOT05_COMP1028,LOT_05,PRECISION_VOLTAGE_REF,LCC-20,PRE-SIH-2026,THERMAL_BURN_IN,T05_1028,PROC-ISRO-IISU-01,ATE-STATION-01,CHAMBER-01,1.0,125.0,5.0,168,output_voltage_drift,ELECTRICAL,uV,16.112,6913.4256,6914.1631,6914.7807,6897.3136,0.0189,0.0537,34.15,34.12,16.112,6913.4256,6914.1631,6914.7807,6897.3136,100.0,False,NOMINAL,HEALTHY,16.26,-12.88
PRE_LOT05_COMP1029,LOT_05,PRECISION_VOLTAGE_REF,LCC-20,PRE-SIH-2026,THERMAL_BURN_IN,T05_1029,PROC-ISRO-IISU-01,ATE-STATION-01,CHAMBER-01,1.0,125.0,5.0,168,output_voltage_drift,ELECTRICAL,uV,14.9019,6393.2526,6394.0507,6394.6643,6378.3507,-0.0201,-0.0039,34.33,34.42,14.9019,6393.2526,6394.0507,6394.6643,6378.3507,100.0,False,NOMINAL,HEALTHY,-32.26,45.9
PRE_LOT05_COMP1030,LOT_05,PRECISION_VOLTAGE_REF,LCC-20,PRE-SIH-2026,THERMAL_BURN_IN,T05_1030,PROC-ISRO-IISU-01,ATE-STATION-01,CHAMBER-01,1.0,125.0,5.0,168,output_voltage_drift,ELECTRICAL,uV,14.4996,6229.1241,6229.8499,6230.3407,6214.6245,-0.0502,0.0061,32.5,33.1,14.4996,6229.1241,6229.8499,6230.3407,6214.6245,100.0,False,NOMINAL,HEALTHY,-39.12,10.34
PRE_LOT05_COMP1031,LOT_05,PRECISION_VOLTAGE_REF,LCC-20,PRE-SIH-2026,THERMAL_BURN_IN,T05_1031,PROC-ISRO-IISU-01,ATE-STATION-01,CHAMBER-01,1.0,125.0,5.0,168,output_voltage_drift,ELECTRICAL,uV,13.8413,5944.6357,5945.2853,5945.7893,5930.7944,-0.0151,-0.0332,35.21,35.49,13.8413,5944.6357,5945.2853,5945.7893,5930.7944,100.0,False,NOMINAL,HEALTHY,-12.88,-7.93
PRE_LOT05_COMP1032,LOT_05,PRECISION_VOLTAGE_REF,LCC-20,PRE-SIH-2026,THERMAL_BURN_IN,T05_1032,PROC-ISRO-IISU-01,ATE-STATION-01,CHAMBER-01,1.0,125.0,5.0,168,output_voltage_drift,ELECTRICAL,uV,13.7034,5877.2843,5877.9692,5878.4822,5863.5809,0.0193,-0.0392,34.51,34.76,13.7034,5877.2843,5877.9692,5878.4822,5863.5809,100.0,False,NOMINAL,HEALTHY,-18.32,27.78
PRE_LOT05_COMP1033,LOT_05,PRECISION_VOLTAGE_REF,LCC-20,PRE-SIH-2026,THERMAL_BURN_IN,T05_1033,PROC-ISRO-IISU-01,ATE-STATION-01,CHAMBER-01,1.0,125.0,5.0,168,output_voltage_drift,ELECTRICAL,uV,16.8591,7220.5519,7221.4155,7222.0214,7203.6928,0.041,0.0818,34.76,34.72,16.8591,7220.5519,7221.4155,7222.0214,7203.6928,100.0,False,NOMINAL,HEALTHY,38.29,-22.18
PRE_LOT05_COMP1034,LOT_05,PRECISION_VOLTAGE_REF,LCC-20,PRE-SIH-2026,THERMAL_BURN_IN,T05_1034,PROC-ISRO-IISU-01,ATE-STATION-01,CHAMBER-01,1.0,125.0,5.0,168,output_voltage_drift,ELECTRICAL,uV,14.366,6162.7142,6163.4687,6164.0287,6148.3482,-0.0078,0.0226,33.04,32.32,14.366,6162.7142,6163.4687,6164.0287,6148.3482,100.0,False,NOMINAL,HEALTHY,-39.6,9.94
PRE_LOT05_COMP1035,LOT_05,PRECISION_VOLTAGE_REF,LCC-20,PRE-SIH-2026,THERMAL_BURN_IN,T05_1035,PROC-ISRO-IISU-01,ATE-STATION-01,CHAMBER-01,1.0,125.0,5.0,168,output_voltage_drift,ELECTRICAL,uV,13.0243,5592.6076,5593.256,5593.7412,5579.5833,-0.0049,-0.0341,33.73,34.53,13.0243,5592.6076,5593.256,5593.7412,5579.5833,100.0,False,NOMINAL,HEALTHY,-41.17,42.21
PRE_LOT05_COMP1036,LOT_05,PRECISION_VOLTAGE_REF,LCC-20,PRE-SIH-2026,THERMAL_BURN_IN,T05_1036,PROC-ISRO-IISU-01,ATE-STATION-01,CHAMBER-01,1.0,125.0,5.0,168,output_voltage_drift,ELECTRICAL,uV,13.1639,5636.8761,5637.6473,5638.0969,5623.7122,0.0077,-0.0367,35.86,36.07,13.1639,5636.8761,5637.6473,5638.0969,5623.7122,100.0,False,NOMINAL,HEALTHY,-13.66,-29.95
PRE_LOT05_COMP1037,LOT_05,PRECISION_VOLTAGE_REF,LCC-20,PRE-SIH-2026,THERMAL_BURN_IN,T05_1037,PROC-ISRO-IISU-01,ATE-STATION-01,CHAMBER-01,1.0,125.0,5.0,168,output_voltage_drift,ELECTRICAL,uV,12.1547,5203.6763,5204.2877,5204.6873,5191.5216,-0.0124,-0.0062,33.09,33.26,12.1547,5203.6763,5204.2877,5204.6873,5191.5216,100.0,False,NOMINAL,HEALTHY,10.7,-5.67
PRE_LOT05_COMP1038,LOT_05,PRECISION_VOLTAGE_REF,LCC-20,PRE-SIH-2026,THERMAL_BURN_IN,T05_1038,PROC-ISRO-IISU-01,ATE-STATION-01,CHAMBER-01,1.0,125.0,5.0,168,output_voltage_drift,ELECTRICAL,uV,10.375,4450.7536,4451.2523,4451.5715,4440.3786,0.0091,-0.0344,33.85,32.8,10.375,4450.7536,4451.2523,4451.5715,4440.3786,100.0,False,NOMINAL,HEALTHY,-35.15,18.54
PRE_LOT05_COMP1039,LOT_05,PRECISION_VOLTAGE_REF,LCC-20,PRE-SIH-2026,THERMAL_BURN_IN,T05_1039,PROC-ISRO-IISU-01,ATE-STATION-01,CHAMBER-01,1.0,125.0,5.0,168,output_voltage_drift,ELECTRICAL,uV,13.4874,5793.8103,5794.4811,5794.9423,5780.3229,0.0328,0.0241,35.34,35.34,13.4874,5793.8103,5794.4811,5794.9423,5780.3229,100.0,False,NOMINAL,HEALTHY,13.96,36.0
PRE_LOT05_COMP1040,LOT_05,PRECISION_VOLTAGE_REF,LCC-20,PRE-SIH-2026,THERMAL_BURN_IN,T05_1040,PROC-ISRO-IISU-01,ATE-STATION-01,CHAMBER-01,1.0,125.0,5.0,168,output_voltage_drift,ELECTRICAL,uV,13.781,5923.5695,5924.2393,5924.7659,5909.7885,-0.012,-0.0285,36.51,37.32,13.781,5923.5695,5924.2393,5924.7659,5909.7885,100.0,False,NOMINAL,HEALTHY,37.79,24.53
PRE_LOT05_COMP1041,LOT_05,PRECISION_VOLTAGE_REF,LCC-20,PRE-SIH-2026,THERMAL_BURN_IN,T05_1041,PROC-ISRO-IISU-01,ATE-STATION-01,CHAMBER-01,1.0,125.0,5.0,168,output_voltage_drift,ELECTRICAL,uV,13.0405,5582.3215,5582.9073,5583.4043,5569.281,0.0611,-0.0083,34.01,33.29,13.0405,5582.3215,5582.9073,5583.4043,5569.281,100.0,False,NOMINAL,HEALTHY,-46.46,-24.92
PRE_LOT05_COMP1042,LOT_05,PRECISION_VOLTAGE_REF,LCC-20,PRE-SIH-2026,THERMAL_BURN_IN,T05_1042,PROC-ISRO-IISU-01,ATE-STATION-01,CHAMBER-01,1.0,125.0,5.0,168,output_voltage_drift,ELECTRICAL,uV,11.4743,4909.8766,4910.4764,4910.9575,4898.4023,0.0208,0.0003,33.92,34.15,11.4743,4909.8766,4910.4764,4910.9575,4898.4023,100.0,False,NOMINAL,HEALTHY,-12.42,-25.97
PRE_LOT05_COMP1043,LOT_05,PRECISION_VOLTAGE_REF,LCC-20,PRE-SIH-2026,THERMAL_BURN_IN,T05_1043,PROC-ISRO-IISU-01,ATE-STATION-01,CHAMBER-01,1.0,125.0,5.0,168,output_voltage_drift,ELECTRICAL,uV,14.9039,6381.3227,6382.0902,6382.6752,6366.4188,-0.003,-0.0675,34.69,34.31,14.9039,6381.3227,6382.0902,6382.6752,6366.4188,100.0,False,NOMINAL,HEALTHY,33.14,-30.16
PRE_LOT05_COMP1044,LOT_05,PRECISION_VOLTAGE_REF,LCC-20,PRE-SIH-2026,THERMAL_BURN_IN,T05_1044,PROC-ISRO-IISU-01,ATE-STATION-01,CHAMBER-01,1.0,125.0,5.0,168,output_voltage_drift,ELECTRICAL,uV,12.1812,5207.9454,5208.5293,5209.0341,5195.7642,0.0084,-0.0087,33.94,33.37,12.1812,5207.9454,5208.5293,5209.0341,5195.7642,100.0,False,NOMINAL,HEALTHY,20.95,39.56
PRE_LOT05_COMP1045,LOT_05,PRECISION_VOLTAGE_REF,LCC-20,PRE-SIH-2026,THERMAL_BURN_IN,T05_1045,PROC-ISRO-IISU-01,ATE-STATION-01,CHAMBER-01,1.0,125.0,5.0,168,output_voltage_drift,ELECTRICAL,uV,15.0295,6441.3824,6442.1548,6442.7137,6426.3529,-0.0059,0.0046,32.47,32.47,15.0295,6441.3824,6442.1548,6442.7137,6426.3529,100.0,False,NOMINAL,HEALTHY,-46.97,-49.94
PRE_LOT05_COMP1046,LOT_05,PRECISION_VOLTAGE_REF,LCC-20,PRE-SIH-2026,THERMAL_BURN_IN,T05_1046,PROC-ISRO-IISU-01,ATE-STATION-01,CHAMBER-01,1.0,125.0,5.0,168,output_voltage_drift,ELECTRICAL,uV,14.099,6044.5535,6045.2116,6045.7589,6030.4545,-0.0038,-0.0144,35.08,34.42,14.099,6044.5535,6045.2116,6045.7589,6030.4545,100.0,False,NOMINAL,HEALTHY,5.25,-1.24
PRE_LOT05_COMP1047,LOT_05,PRECISION_VOLTAGE_REF,LCC-20,PRE-SIH-2026,THERMAL_BURN_IN,T05_1047,PROC-ISRO-IISU-01,ATE-STATION-01,CHAMBER-01,1.0,125.0,5.0,168,output_voltage_drift,ELECTRICAL,uV,11.1421,4773.0438,4773.564,4773.8868,4761.9017,-0.0409,-0.0221,33.98,33.53,11.1421,4773.0438,4773.564,4773.8868,4761.9017,100.0,False,NOMINAL,HEALTHY,44.77,-26.39
PRE_LOT05_COMP1048,LOT_05,PRECISION_VOLTAGE_REF,LCC-20,PRE-SIH-2026,THERMAL_BURN_IN,T05_1048,PROC-ISRO-IISU-01,ATE-STATION-01,CHAMBER-01,1.0,125.0,5.0,168,output_voltage_drift,ELECTRICAL,uV,12.5026,5359.5177,5360.0651,5360.5512,5347.0151,0.0087,0.0268,33.72,33.67,12.5026,5359.5177,5360.0651,5360.5512,5347.0151,100.0,False,NOMINAL,HEALTHY,-40.73,16.32
PRE_LOT05_COMP1049,LOT_05,PRECISION_VOLTAGE_REF,LCC-20,PRE-SIH-2026,THERMAL_BURN_IN,T05_1049,PROC-ISRO-IISU-01,ATE-STATION-01,CHAMBER-01,1.0,125.0,5.0,168,output_voltage_drift,ELECTRICAL,uV,14.4353,6178.7312,6179.362,6179.8779,6164.2959,0.0041,0.0788,33.66,33.55,14.4353,6178.7312,6179.362,6179.8779,6164.2959,100.0,False,NOMINAL,HEALTHY,8.49,-43.42
PRE_LOT05_COMP1050,LOT_05,PRECISION_VOLTAGE_REF,LCC-20,PRE-SIH-2026,THERMAL_BURN_IN,T05_1050,PROC-ISRO-IISU-01,ATE-STATION-01,CHAMBER-01,1.0,125.0,5.0,168,output_voltage_drift,ELECTRICAL,uV,11.7271,5031.7787,5032.3334,5032.7507,5020.0516,-0.004,-0.0708,34.52,34.79,11.7271,5031.7787,5032.3334,5032.7507,5020.0516,100.0,False,NOMINAL,HEALTHY,-42.9,17.78
PRE_LOT05_COMP1051,LOT_05,PRECISION_VOLTAGE_REF,LCC-20,PRE-SIH-2026,THERMAL_BURN_IN,T05_1051,PROC-ISRO-IISU-01,ATE-STATION-01,CHAMBER-01,1.0,125.0,5.0,168,output_voltage_drift,ELECTRICAL,uV,12.6276,5408.8788,5409.4992,5410.0615,5396.2512,-0.039,-0.0767,35.25,34.56,12.6276,5408.8788,5409.4992,5410.0615,5396.2512,100.0,False,NOMINAL,HEALTHY,39.64,5.27
PRE_LOT05_COMP1052,LOT_05,PRECISION_VOLTAGE_REF,LCC-20,PRE-SIH-2026,THERMAL_BURN_IN,T05_1052,PROC-ISRO-IISU-01,ATE-STATION-01,CHAMBER-01,1.0,125.0,5.0,168,output_voltage_drift,ELECTRICAL,uV,15.0541,6455.4655,6456.2482,6456.8196,6440.4114,-0.0268,0.0306,37.52,38.06,15.0541,6455.4655,6456.2482,6456.8196,6440.4114,100.0,False,NOMINAL,HEALTHY,28.54,-5.77
PRE_LOT05_COMP1053,LOT_05,PRECISION_VOLTAGE_REF,LCC-20,PRE-SIH-2026,THERMAL_BURN_IN,T05_1053,PROC-ISRO-IISU-01,ATE-STATION-01,CHAMBER-01,1.0,125.0,5.0,168,output_voltage_drift,ELECTRICAL,uV,14.8174,6359.5875,6360.2347,6360.6961,6344.7701,-0.0102,-0.0213,35.33,35.76,14.8174,6359.5875,6360.2347,6360.6961,6344.7701,100.0,False,NOMINAL,HEALTHY,-11.21,-7.3
PRE_LOT05_COMP1054,LOT_05,PRECISION_VOLTAGE_REF,LCC-20,PRE-SIH-2026,THERMAL_BURN_IN,T05_1054,PROC-ISRO-IISU-01,ATE-STATION-01,CHAMBER-01,1.0,125.0,5.0,168,output_voltage_drift,ELECTRICAL,uV,14.2123,6094.1109,6094.8955,6095.5328,6079.8986,0.0277,-0.0961,35.43,36.03,14.2123,6094.1109,6094.8955,6095.5328,6079.8986,100.0,False,NOMINAL,HEALTHY,18.34,-17.43
PRE_LOT05_COMP1055,LOT_05,PRECISION_VOLTAGE_REF,LCC-20,PRE-SIH-2026,THERMAL_BURN_IN,T05_1055,PROC-ISRO-IISU-01,ATE-STATION-01,CHAMBER-01,1.0,125.0,5.0,168,output_voltage_drift,ELECTRICAL,uV,16.0558,6894.6875,6895.4374,6895.9741,6878.6317,0.0009,-0.0581,35.3,35.46,16.0558,6894.6875,6895.4374,6895.9741,6878.6317,100.0,False,NOMINAL,HEALTHY,-17.21,10.81
PRE_LOT05_COMP1056,LOT_05,PRECISION_VOLTAGE_REF,LCC-20,PRE-SIH-2026,THERMAL_BURN_IN,T05_1056,PROC-ISRO-IISU-01,ATE-STATION-01,CHAMBER-01,1.0,125.0,5.0,168,output_voltage_drift,ELECTRICAL,uV,14.2485,6109.689,6110.3828,6110.8352,6095.4405,0.0204,0.0473,34.09,33.82,14.2485,6109.689,6110.3828,6110.8352,6095.4405,100.0,False,NOMINAL,HEALTHY,-19.53,28.63
PRE_LOT05_COMP1057,LOT_05,PRECISION_VOLTAGE_REF,LCC-20,PRE-SIH-2026,THERMAL_BURN_IN,T05_1057,PROC-ISRO-IISU-01,ATE-STATION-01,CHAMBER-01,1.0,125.0,5.0,168,output_voltage_drift,ELECTRICAL,uV,13.8092,5916.1645,5916.8346,5917.3382,5902.3553,-0.0418,0.0073,34.62,34.67,13.8092,5916.1645,5916.8346,5917.3382,5902.3553,100.0,False,NOMINAL,HEALTHY,-44.38,31.05
PRE_LOT05_COMP1058,LOT_05,PRECISION_VOLTAGE_REF,LCC-20,PRE-SIH-2026,THERMAL_BURN_IN,T05_1058,PROC-ISRO-IISU-01,ATE-STATION-01,CHAMBER-01,1.0,125.0,5.0,168,output_voltage_drift,ELECTRICAL,uV,12.7909,5491.1626,5491.7489,5492.1604,5478.3717,-0.0169,0.1007,34.93,34.74,12.7909,5491.1626,5491.7489,5492.1604,5478.3717,100.0,False,NOMINAL,HEALTHY,-48.0,-35.37
PRE_LOT05_COMP1059,LOT_05,PRECISION_VOLTAGE_REF,LCC-20,PRE-SIH-2026,THERMAL_BURN_IN,T05_1059,PROC-ISRO-IISU-01,ATE-STATION-01,CHAMBER-01,1.0,125.0,5.0,168,output_voltage_drift,ELECTRICAL,uV,16.1872,6936.7552,6937.5684,6938.2326,6920.568,0.0117,0.0452,36.75,37.24,16.1872,6936.7552,6937.5684,6938.2326,6920.568,100.0,False,NOMINAL,HEALTHY,-34.72,44.29
PRE_LOT05_COMP1060,LOT_05,PRECISION_VOLTAGE_REF,LCC-20,PRE-SIH-2026,THERMAL_BURN_IN,T05_1060,PROC-ISRO-IISU-01,ATE-STATION-01,CHAMBER-01,1.0,125.0,5.0,168,output_voltage_drift,ELECTRICAL,uV,17.2368,7392.9314,7393.7666,7394.4188,7375.6946,0.0078,-0.0508,36.87,37.2,17.2368,7392.9314,7393.7666,7394.4188,7375.6946,100.0,False,NOMINAL,HEALTHY,7.35,22.64
PRE_LOT05_COMP1061,LOT_05,PRECISION_VOLTAGE_REF,LCC-20,PRE-SIH-2026,THERMAL_BURN_IN,T05_1061,PROC-ISRO-IISU-01,ATE-STATION-01,CHAMBER-01,1.0,125.0,5.0,168,output_voltage_drift,ELECTRICAL,uV,13.437,5755.1088,5755.7365,5756.1708,5741.6718,-0.0078,0.052,33.78,33.13,13.437,5755.1088,5755.7365,5756.1708,5741.6718,100.0,False,NOMINAL,HEALTHY,20.61,31.87
PRE_LOT05_COMP1062,LOT_05,PRECISION_VOLTAGE_REF,LCC-20,PRE-SIH-2026,THERMAL_BURN_IN,T05_1062,PROC-ISRO-IISU-01,ATE-STATION-01,CHAMBER-01,1.0,125.0,5.0,168,output_voltage_drift,ELECTRICAL,uV,14.3492,6158.149,6158.7952,6159.2561,6143.7998,0.0324,-0.0097,34.07,34.01,14.3492,6158.149,6158.7952,6159.2561,6143.7998,100.0,False,NOMINAL,HEALTHY,5.86,12.52
PRE_LOT05_COMP1063,LOT_05,PRECISION_VOLTAGE_REF,LCC-20,PRE-SIH-2026,THERMAL_BURN_IN,T05_1063,PROC-ISRO-IISU-01,ATE-STATION-01,CHAMBER-01,1.0,125.0,5.0,168,output_voltage_drift,ELECTRICAL,uV,14.3626,6156.8912,6157.6149,6158.1446,6142.5286,-0.0021,-0.0072,33.33,33.2,14.3626,6156.8912,6157.6149,6158.1446,6142.5286,100.0,False,NOMINAL,HEALTHY,-15.46,5.26
PRE_LOT05_COMP1064,LOT_05,PRECISION_VOLTAGE_REF,LCC-20,PRE-SIH-2026,THERMAL_BURN_IN,T05_1064,PROC-ISRO-IISU-01,ATE-STATION-01,CHAMBER-01,1.0,125.0,5.0,168,output_voltage_drift,ELECTRICAL,uV,11.031,4731.8412,4732.4302,4732.8351,4720.8102,-0.0016,0.08,34.83,34.85,11.031,4731.8412,4732.4302,4732.8351,4720.8102,100.0,False,NOMINAL,HEALTHY,39.12,-4.5
PRE_LOT05_COMP1065,LOT_05,PRECISION_VOLTAGE_REF,LCC-20,PRE-SIH-2026,THERMAL_BURN_IN,T05_1065,PROC-ISRO-IISU-01,ATE-STATION-01,CHAMBER-01,1.0,125.0,5.0,168,output_voltage_drift,ELECTRICAL,uV,12.8481,5508.1604,5508.769,5509.1495,5495.3123,0.0231,0.0442,35.27,36.16,12.8481,5508.1604,5508.769,5509.1495,5495.3123,100.0,False,NOMINAL,HEALTHY,26.38,33.98
PRE_LOT05_COMP1066,LOT_05,PRECISION_VOLTAGE_REF,LCC-20,PRE-SIH-2026,THERMAL_BURN_IN,T05_1066,PROC-ISRO-IISU-01,ATE-STATION-01,CHAMBER-01,1.0,125.0,5.0,168,output_voltage_drift,ELECTRICAL,uV,14.6268,6279.4485,6280.1489,6280.7731,6264.8217,-0.0096,-0.045,35.5,35.33,14.6268,6279.4485,6280.1489,6280.7731,6264.8217,100.0,False,NOMINAL,HEALTHY,3.45,3.52
PRE_LOT05_COMP1067,LOT_05,PRECISION_VOLTAGE_REF,LCC-20,PRE-SIH-2026,THERMAL_BURN_IN,T05_1067,PROC-ISRO-IISU-01,ATE-STATION-01,CHAMBER-01,1.0,125.0,5.0,168,output_voltage_drift,ELECTRICAL,uV,17.2382,7391.9423,7392.6494,7393.2703,7374.7041,-0.0051,0.0421,35.36,35.07,17.2382,7391.9423,7392.6494,7393.2703,7374.7041,100.0,False,NOMINAL,HEALTHY,-26.63,33.91
PRE_LOT05_COMP1068,LOT_05,PRECISION_VOLTAGE_REF,LCC-20,PRE-SIH-2026,THERMAL_BURN_IN,T05_1068,PROC-ISRO-IISU-01,ATE-STATION-01,CHAMBER-01,1.0,125.0,5.0,168,output_voltage_drift,ELECTRICAL,uV,14.389,6183.3519,6184.0445,6184.5574,6168.9629,-0.0026,0.0293,35.65,35.48,14.389,6183.3519,6184.0445,6184.5574,6168.9629,100.0,False,NOMINAL,HEALTHY,29.79,-44.69
PRE_LOT05_COMP1069,LOT_05,PRECISION_VOLTAGE_REF,LCC-20,PRE-SIH-2026,THERMAL_BURN_IN,T05_1069,PROC-ISRO-IISU-01,ATE-STATION-01,CHAMBER-01,1.0,125.0,5.0,168,output_voltage_drift,ELECTRICAL,uV,16.0681,6891.2969,6892.1152,6892.6575,6875.2288,-0.0275,-0.078,34.88,34.8,16.0681,6891.2969,6892.1152,6892.6575,6875.2288,100.0,False,NOMINAL,HEALTHY,-28.99,45.84
PRE_LOT05_COMP1070,LOT_05,PRECISION_VOLTAGE_REF,LCC-20,PRE-SIH-2026,THERMAL_BURN_IN,T05_1070,PROC-ISRO-IISU-01,ATE-STATION-01,CHAMBER-01,1.0,125.0,5.0,168,output_voltage_drift,ELECTRICAL,uV,15.3494,6577.6165,6578.3408,6578.8178,6562.2671,-0.0088,0.0557,36.28,36.4,15.3494,6577.6165,6578.3408,6578.8178,6562.2671,100.0,False,NOMINAL,HEALTHY,21.15,23.5
PRE_LOT05_COMP1071,LOT_05,PRECISION_VOLTAGE_REF,LCC-20,PRE-SIH-2026,THERMAL_BURN_IN,T05_1071,PROC-ISRO-IISU-01,ATE-STATION-01,CHAMBER-01,1.0,125.0,5.0,168,output_voltage_drift,ELECTRICAL,uV,12.9071,5523.6193,5524.2151,5524.6872,5510.7122,0.0197,0.025,34.91,34.71,12.9071,5523.6193,5524.2151,5524.6872,5510.7122,100.0,False,NOMINAL,HEALTHY,2.69,14.12
PRE_LOT05_COMP1072,LOT_05,PRECISION_VOLTAGE_REF,LCC-20,PRE-SIH-2026,THERMAL_BURN_IN,T05_1072,PROC-ISRO-IISU-01,ATE-STATION-01,CHAMBER-01,1.0,125.0,5.0,168,output_voltage_drift,ELECTRICAL,uV,14.0467,6027.5953,6028.3509,6028.8807,6013.5486,0.0071,0.0124,34.55,34.79,14.0467,6027.5953,6028.3509,6028.8807,6013.5486,100.0,False,NOMINAL,HEALTHY,37.73,-23.93
PRE_LOT05_COMP1073,LOT_05,PRECISION_VOLTAGE_REF,LCC-20,PRE-SIH-2026,THERMAL_BURN_IN,T05_1073,PROC-ISRO-IISU-01,ATE-STATION-01,CHAMBER-01,1.0,125.0,5.0,168,output_voltage_drift,ELECTRICAL,uV,13.8573,5938.5597,5939.251,5939.7328,5924.7024,0.0022,0.0116,36.75,36.73,13.8573,5938.5597,5939.251,5939.7328,5924.7024,100.0,False,NOMINAL,HEALTHY,35.18,22.56
PRE_LOT05_COMP1074,LOT_05,PRECISION_VOLTAGE_REF,LCC-20,PRE-SIH-2026,THERMAL_BURN_IN,T05_1074,PROC-ISRO-IISU-01,ATE-STATION-01,CHAMBER-01,1.0,125.0,5.0,168,output_voltage_drift,ELECTRICAL,uV,13.2329,5670.8048,5680.1863,5830.8193,5657.5719,0.0112,-0.0488,33.9,34.13,13.2329,5670.8048,5680.1863,5830.8193,5657.5719,100.0,True,THERMAL_RUNAWAY,HEALTHY,-20.82,-14.25
PRE_LOT05_COMP1075,LOT_05,PRECISION_VOLTAGE_REF,LCC-20,PRE-SIH-2026,THERMAL_BURN_IN,T05_1075,PROC-ISRO-IISU-01,ATE-STATION-01,CHAMBER-01,1.0,125.0,5.0,168,output_voltage_drift,ELECTRICAL,uV,13.157,5624.9327,5625.5769,5626.0529,5611.7757,-0.0103,-0.0335,34.66,34.35,13.157,5624.9327,5625.5769,5626.0529,5611.7757,100.0,False,NOMINAL,HEALTHY,32.34,8.99
PRE_LOT05_COMP1076,LOT_05,PRECISION_VOLTAGE_REF,LCC-20,PRE-SIH-2026,THERMAL_BURN_IN,T05_1076,PROC-ISRO-IISU-01,ATE-STATION-01,CHAMBER-01,1.0,125.0,5.0,168,output_voltage_drift,ELECTRICAL,uV,13.5998,5834.7262,5835.3958,5835.9397,5821.1264,-0.0011,0.0385,34.22,34.51,13.5998,5834.7262,5835.3958,5835.9397,5821.1264,100.0,False,NOMINAL,HEALTHY,-4.6,13.9
PRE_LOT05_COMP1077,LOT_05,PRECISION_VOLTAGE_REF,LCC-20,PRE-SIH-2026,THERMAL_BURN_IN,T05_1077,PROC-ISRO-IISU-01,ATE-STATION-01,CHAMBER-01,1.0,125.0,5.0,168,output_voltage_drift,ELECTRICAL,uV,12.3994,5320.4918,5321.0943,5321.5823,5308.0924,0.0106,-0.008,34.76,35.14,12.3994,5320.4918,5321.0943,5321.5823,5308.0924,100.0,False,NOMINAL,HEALTHY,0.62,-24.26
PRE_LOT05_COMP1078,LOT_05,PRECISION_VOLTAGE_REF,LCC-20,PRE-SIH-2026,THERMAL_BURN_IN,T05_1078,PROC-ISRO-IISU-01,ATE-STATION-01,CHAMBER-01,1.0,125.0,5.0,168,output_voltage_drift,ELECTRICAL,uV,10.2516,4401.6862,4402.1972,4402.6211,4391.4346,-0.011,-0.0833,34.73,35.44,10.2516,4401.6862,4402.1972,4402.6211,4391.4346,100.0,False,NOMINAL,HEALTHY,41.85,7.08
PRE_LOT05_COMP1079,LOT_05,PRECISION_VOLTAGE_REF,LCC-20,PRE-SIH-2026,THERMAL_BURN_IN,T05_1079,PROC-ISRO-IISU-01,ATE-STATION-01,CHAMBER-01,1.0,125.0,5.0,168,output_voltage_drift,ELECTRICAL,uV,13.8873,5959.7091,5960.3846,5960.8886,5945.8218,0.0071,0.0339,35.62,36.41,13.8873,5959.7091,5960.3846,5960.8886,5945.8218,100.0,False,NOMINAL,HEALTHY,1.51,1.62
PRE_LOT05_COMP1080,LOT_05,PRECISION_VOLTAGE_REF,LCC-20,PRE-SIH-2026,THERMAL_BURN_IN,T05_1080,PROC-ISRO-IISU-01,ATE-STATION-01,CHAMBER-01,1.0,125.0,5.0,168,output_voltage_drift,ELECTRICAL,uV,15.5502,6660.5261,6661.2942,6661.8647,6644.9759,-0.0494,-0.0278,33.0,32.77,15.5502,6660.5261,6661.2942,6661.8647,6644.9759,100.0,False,NOMINAL,HEALTHY,28.75,-37.25
PRE_LOT05_COMP1081,LOT_05,PRECISION_VOLTAGE_REF,LCC-20,PRE-SIH-2026,THERMAL_BURN_IN,T05_1081,PROC-ISRO-IISU-01,ATE-STATION-01,CHAMBER-01,1.0,125.0,5.0,168,output_voltage_drift,ELECTRICAL,uV,12.0069,5146.7331,5147.3062,5147.8103,5134.7262,0.0286,0.0802,36.2,35.75,12.0069,5146.7331,5147.3062,5147.8103,5134.7262,100.0,False,NOMINAL,HEALTHY,27.89,28.63
PRE_LOT05_COMP1082,LOT_05,PRECISION_VOLTAGE_REF,LCC-20,PRE-SIH-2026,THERMAL_BURN_IN,T05_1082,PROC-ISRO-IISU-01,ATE-STATION-01,CHAMBER-01,1.0,125.0,5.0,168,output_voltage_drift,ELECTRICAL,uV,13.8224,5926.1647,5926.9754,5927.4836,5912.3423,-0.0,-0.0403,37.07,37.64,13.8224,5926.1647,5926.9754,5927.4836,5912.3423,100.0,False,NOMINAL,HEALTHY,25.05,32.42
PRE_LOT05_COMP1083,LOT_05,PRECISION_VOLTAGE_REF,LCC-20,PRE-SIH-2026,THERMAL_BURN_IN,T05_1083,PROC-ISRO-IISU-01,ATE-STATION-01,CHAMBER-01,1.0,125.0,5.0,168,output_voltage_drift,ELECTRICAL,uV,12.4085,5310.6007,5311.1416,5311.5995,5298.1922,0.0237,0.0587,34.93,34.42,12.4085,5310.6007,5311.1416,5311.5995,5298.1922,100.0,False,NOMINAL,HEALTHY,12.47,-31.24
PRE_LOT05_COMP1084,LOT_05,PRECISION_VOLTAGE_REF,LCC-20,PRE-SIH-2026,THERMAL_BURN_IN,T05_1084,PROC-ISRO-IISU-01,ATE-STATION-01,CHAMBER-01,1.0,125.0,5.0,168,output_voltage_drift,ELECTRICAL,uV,15.6662,6722.6076,6723.3745,6723.9329,6706.9414,-0.0257,-0.045,37.98,38.01,15.6662,6722.6076,6723.3745,6723.9329,6706.9414,100.0,False,NOMINAL,HEALTHY,8.49,-14.41
PRE_LOT05_COMP1085,LOT_05,PRECISION_VOLTAGE_REF,LCC-20,PRE-SIH-2026,THERMAL_BURN_IN,T05_1085,PROC-ISRO-IISU-01,ATE-STATION-01,CHAMBER-01,1.0,125.0,5.0,168,output_voltage_drift,ELECTRICAL,uV,14.2817,6115.5244,6116.2027,6116.6907,6101.2427,-0.0021,0.0505,36.68,36.39,14.2817,6115.5244,6116.2027,6116.6907,6101.2427,100.0,False,NOMINAL,HEALTHY,-10.9,19.49
PRE_LOT05_COMP1086,LOT_05,PRECISION_VOLTAGE_REF,LCC-20,PRE-SIH-2026,THERMAL_BURN_IN,T05_1086,PROC-ISRO-IISU-01,ATE-STATION-01,CHAMBER-01,1.0,125.0,5.0,168,output_voltage_drift,ELECTRICAL,uV,12.1659,5222.2601,5222.8917,5223.3241,5210.0942,-0.0346,0.011,35.18,34.95,12.1659,5222.2601,5222.8917,5223.3241,5210.0942,100.0,False,NOMINAL,HEALTHY,-9.57,-43.01
PRE_LOT05_COMP1087,LOT_05,PRECISION_VOLTAGE_REF,LCC-20,PRE-SIH-2026,THERMAL_BURN_IN,T05_1087,PROC-ISRO-IISU-01,ATE-STATION-01,CHAMBER-01,1.0,125.0,5.0,168,output_voltage_drift,ELECTRICAL,uV,14.1533,6063.4379,6064.1334,6064.5797,6049.2846,0.0209,0.0009,35.95,35.62,14.1533,6063.4379,6064.1334,6064.5797,6049.2846,100.0,False,NOMINAL,HEALTHY,-37.31,16.35
PRE_LOT05_COMP1088,LOT_05,PRECISION_VOLTAGE_REF,LCC-20,PRE-SIH-2026,THERMAL_BURN_IN,T05_1088,PROC-ISRO-IISU-01,ATE-STATION-01,CHAMBER-01,1.0,125.0,5.0,168,output_voltage_drift,ELECTRICAL,uV,11.3938,4889.8599,4890.3507,4890.6847,4878.4661,0.0305,0.008,32.85,33.1,11.3938,4889.8599,4890.3507,4890.6847,4878.4661,100.0,False,NOMINAL,HEALTHY,-18.55,46.52
PRE_LOT05_COMP1089,LOT_05,PRECISION_VOLTAGE_REF,LCC-20,PRE-SIH-2026,THERMAL_BURN_IN,T05_1089,PROC-ISRO-IISU-01,ATE-STATION-01,CHAMBER-01,1.0,125.0,5.0,168,output_voltage_drift,ELECTRICAL,uV,14.2125,6090.7331,6091.316,6091.7847,6076.5206,-0.0025,0.0407,37.34,37.13,14.2125,6090.7331,6091.316,6091.7847,6076.5206,100.0,False,NOMINAL,HEALTHY,-0.45,-25.16
PRE_LOT05_COMP1090,LOT_05,PRECISION_VOLTAGE_REF,LCC-20,PRE-SIH-2026,THERMAL_BURN_IN,T05_1090,PROC-ISRO-IISU-01,ATE-STATION-01,CHAMBER-01,1.0,125.0,5.0,168,output_voltage_drift,ELECTRICAL,uV,16.1005,6906.7983,6907.6412,6908.2934,6890.6978,-0.0036,0.0267,35.67,35.76,16.1005,6906.7983,6907.6412,6908.2934,6890.6978,100.0,False,NOMINAL,HEALTHY,12.4,-1.5
PRE_LOT05_COMP1091,LOT_05,PRECISION_VOLTAGE_REF,LCC-20,PRE-SIH-2026,THERMAL_BURN_IN,T05_1091,PROC-ISRO-IISU-01,ATE-STATION-01,CHAMBER-01,1.0,125.0,5.0,168,output_voltage_drift,ELECTRICAL,uV,14.4914,6203.8183,6204.6166,6205.1925,6189.3269,0.02,-0.1071,36.58,36.48,14.4914,6203.8183,6204.6166,6205.1925,6189.3269,100.0,False,NOMINAL,HEALTHY,4.22,20.61
PRE_LOT05_COMP1092,LOT_05,PRECISION_VOLTAGE_REF,LCC-20,PRE-SIH-2026,THERMAL_BURN_IN,T05_1092,PROC-ISRO-IISU-01,ATE-STATION-01,CHAMBER-01,1.0,125.0,5.0,168,output_voltage_drift,ELECTRICAL,uV,13.2374,5680.8032,5681.423,5681.9277,5667.5658,0.0088,0.0104,35.18,34.91,13.2374,5680.8032,5681.423,5681.9277,5667.5658,100.0,False,NOMINAL,HEALTHY,-28.8,-4.79
PRE_LOT05_COMP1093,LOT_05,PRECISION_VOLTAGE_REF,LCC-20,PRE-SIH-2026,THERMAL_BURN_IN,T05_1093,PROC-ISRO-IISU-01,ATE-STATION-01,CHAMBER-01,1.0,125.0,5.0,168,output_voltage_drift,ELECTRICAL,uV,16.7379,7183.9005,7184.7598,7185.3307,7167.1626,-0.0015,-0.056,34.41,34.31,16.7379,7183.9005,7184.7598,7185.3307,7167.1626,100.0,False,NOMINAL,HEALTHY,-24.37,31.6
PRE_LOT05_COMP1094,LOT_05,PRECISION_VOLTAGE_REF,LCC-20,PRE-SIH-2026,THERMAL_BURN_IN,T05_1094,PROC-ISRO-IISU-01,ATE-STATION-01,CHAMBER-01,1.0,125.0,5.0,168,output_voltage_drift,ELECTRICAL,uV,15.7843,6769.5156,6770.222,6770.7183,6753.7313,0.012,0.0557,34.52,34.53,15.7843,6769.5156,6770.222,6770.7183,6753.7313,100.0,False,NOMINAL,HEALTHY,23.38,-6.37
PRE_LOT05_COMP1095,LOT_05,PRECISION_VOLTAGE_REF,LCC-20,PRE-SIH-2026,THERMAL_BURN_IN,T05_1095,PROC-ISRO-IISU-01,ATE-STATION-01,CHAMBER-01,1.0,125.0,5.0,168,output_voltage_drift,ELECTRICAL,uV,17.3319,7427.0771,7447.3689,7531.9761,7409.7452,-0.0186,-0.0179,36.25,36.17,17.3319,7427.0771,7447.3689,7531.9761,7409.7452,100.0,True,ELECTROMIGRATION,HEALTHY,-46.39,-1.89
PRE_LOT05_COMP1096,LOT_05,PRECISION_VOLTAGE_REF,LCC-20,PRE-SIH-2026,THERMAL_BURN_IN,T05_1096,PROC-ISRO-IISU-01,ATE-STATION-01,CHAMBER-01,1.0,125.0,5.0,168,output_voltage_drift,ELECTRICAL,uV,14.2175,6090.0238,6090.6401,6091.2393,6075.8063,0.0001,0.0262,32.99,33.23,14.2175,6090.0238,6090.6401,6091.2393,6075.8063,100.0,False,NOMINAL,HEALTHY,40.99,-23.18
PRE_LOT05_COMP1097,LOT_05,PRECISION_VOLTAGE_REF,LCC-20,PRE-SIH-2026,THERMAL_BURN_IN,T05_1097,PROC-ISRO-IISU-01,ATE-STATION-01,CHAMBER-01,1.0,125.0,5.0,168,output_voltage_drift,ELECTRICAL,uV,18.2613,7830.0485,7830.9742,7831.6693,7811.7872,-0.0021,0.101,34.17,33.47,18.2613,7830.0485,7830.9742,7831.6693,7811.7872,100.0,False,NOMINAL,HEALTHY,-8.09,10.02
PRE_LOT05_COMP1098,LOT_05,PRECISION_VOLTAGE_REF,LCC-20,PRE-SIH-2026,THERMAL_BURN_IN,T05_1098,PROC-ISRO-IISU-01,ATE-STATION-01,CHAMBER-01,1.0,125.0,5.0,168,output_voltage_drift,ELECTRICAL,uV,13.9816,5999.1018,5999.7821,6000.3337,5985.1202,-0.0148,-0.0334,35.26,35.0,13.9816,5999.1018,5999.7821,6000.3337,5985.1202,100.0,False,NOMINAL,HEALTHY,22.0,49.39
PRE_LOT05_COMP1099,LOT_05,PRECISION_VOLTAGE_REF,LCC-20,PRE-SIH-2026,THERMAL_BURN_IN,T05_1099,PROC-ISRO-IISU-01,ATE-STATION-01,CHAMBER-01,1.0,125.0,5.0,168,output_voltage_drift,ELECTRICAL,uV,14.4199,6179.9169,6180.6161,6181.1035,6165.497,-0.0186,-0.029,36.92,37.23,14.4199,6179.9169,6180.6161,6181.1035,6165.497,100.0,False,NOMINAL,HEALTHY,-24.61,-33.99
PRE_LOT05_COMP1100,LOT_05,PRECISION_VOLTAGE_REF,LCC-20,PRE-SIH-2026,THERMAL_BURN_IN,T05_1100,PROC-ISRO-IISU-01,ATE-STATION-01,CHAMBER-01,1.0,125.0,5.0,168,output_voltage_drift,ELECTRICAL,uV,13.4796,5788.0404,5788.7033,5789.1746,5774.5608,-0.0301,-0.0283,34.37,33.68,13.4796,5788.0404,5788.7033,5789.1746,5774.5608,100.0,False,NOMINAL,HEALTHY,-36.11,21.02
PRE_LOT05_COMP1101,LOT_05,PRECISION_VOLTAGE_REF,LCC-20,PRE-SIH-2026,THERMAL_BURN_IN,T05_1101,PROC-ISRO-IISU-01,ATE-STATION-01,CHAMBER-01,1.0,125.0,5.0,168,output_voltage_drift,ELECTRICAL,uV,13.4914,5776.8787,5777.4981,5778.069,5763.3873,-0.024,-0.0341,38.1,37.46,13.4914,5776.8787,5777.4981,5778.069,5763.3873,100.0,False,NOMINAL,HEALTHY,33.31,-16.28
PRE_LOT05_COMP1102,LOT_05,PRECISION_VOLTAGE_REF,LCC-20,PRE-SIH-2026,THERMAL_BURN_IN,T05_1102,PROC-ISRO-IISU-01,ATE-STATION-01,CHAMBER-01,1.0,125.0,5.0,168,output_voltage_drift,ELECTRICAL,uV,12.1965,5228.1304,5237.5369,5388.2066,5215.9339,-0.0041,-0.0175,35.48,35.12,12.1965,5228.1304,5237.5369,5388.2066,5215.9339,100.0,True,THERMAL_RUNAWAY,HEALTHY,9.16,-31.81
PRE_LOT05_COMP1103,LOT_05,PRECISION_VOLTAGE_REF,LCC-20,PRE-SIH-2026,THERMAL_BURN_IN,T05_1103,PROC-ISRO-IISU-01,ATE-STATION-01,CHAMBER-01,1.0,125.0,5.0,168,output_voltage_drift,ELECTRICAL,uV,16.3498,7009.5761,7010.3442,7010.9115,6993.2263,-0.0012,0.019,35.42,34.41,16.3498,7009.5761,7010.3442,7010.9115,6993.2263,100.0,True,DIELECTRIC_OSCILLATION,HEALTHY,-21.0,13.88
PRE_LOT05_COMP1104,LOT_05,PRECISION_VOLTAGE_REF,LCC-20,PRE-SIH-2026,THERMAL_BURN_IN,T05_1104,PROC-ISRO-IISU-01,ATE-STATION-01,CHAMBER-01,1.0,125.0,5.0,168,output_voltage_drift,ELECTRICAL,uV,15.8968,6816.2745,6817.0301,6817.6361,6800.3777,-0.002,-0.0732,32.75,32.54,15.8968,6816.2745,6817.0301,6817.6361,6800.3777,100.0,False,NOMINAL,HEALTHY,4.82,-2.87
PRE_LOT05_COMP1105,LOT_05,PRECISION_VOLTAGE_REF,LCC-20,PRE-SIH-2026,THERMAL_BURN_IN,T05_1105,PROC-ISRO-IISU-01,ATE-STATION-01,CHAMBER-01,1.0,125.0,5.0,168,output_voltage_drift,ELECTRICAL,uV,14.1782,6072.3599,6073.1267,6073.7275,6058.1817,0.0181,0.024,33.65,34.93,14.1782,6072.3599,6073.1267,6073.7275,6058.1817,100.0,False,NOMINAL,HEALTHY,27.37,12.99
PRE_LOT05_COMP1106,LOT_05,PRECISION_VOLTAGE_REF,LCC-20,PRE-SIH-2026,THERMAL_BURN_IN,T05_1106,PROC-ISRO-IISU-01,ATE-STATION-01,CHAMBER-01,1.0,125.0,5.0,168,output_voltage_drift,ELECTRICAL,uV,12.7042,5448.4889,5449.1618,5449.6677,5435.7847,0.0007,-0.0551,35.72,36.25,12.7042,5448.4889,5449.1618,5449.6677,5435.7847,100.0,False,NOMINAL,HEALTHY,-40.3,3.16
PRE_LOT05_COMP1107,LOT_05,PRECISION_VOLTAGE_REF,LCC-20,PRE-SIH-2026,THERMAL_BURN_IN,T05_1107,PROC-ISRO-IISU-01,ATE-STATION-01,CHAMBER-01,1.0,125.0,5.0,168,output_voltage_drift,ELECTRICAL,uV,14.1689,6073.7667,6074.4565,6074.9672,6059.5978,0.0124,0.1062,35.51,35.22,14.1689,6073.7667,6074.4565,6074.9672,6059.5978,100.0,False,NOMINAL,HEALTHY,10.85,-32.38
PRE_LOT05_COMP1108,LOT_05,PRECISION_VOLTAGE_REF,LCC-20,PRE-SIH-2026,THERMAL_BURN_IN,T05_1108,PROC-ISRO-IISU-01,ATE-STATION-01,CHAMBER-01,1.0,125.0,5.0,168,output_voltage_drift,ELECTRICAL,uV,13.3711,5729.4939,5730.0994,5730.5193,5716.1228,-0.0086,0.0428,33.51,34.13,13.3711,5729.4939,5730.0994,5730.5193,5716.1228,100.0,False,NOMINAL,HEALTHY,14.6,-37.64
PRE_LOT05_COMP1109,LOT_05,PRECISION_VOLTAGE_REF,LCC-20,PRE-SIH-2026,THERMAL_BURN_IN,T05_1109,PROC-ISRO-IISU-01,ATE-STATION-01,CHAMBER-01,1.0,125.0,5.0,168,output_voltage_drift,ELECTRICAL,uV,16.8536,7244.8581,7245.7474,7246.4093,7228.0045,-0.014,-0.0352,33.9,33.6,16.8536,7244.8581,7245.7474,7246.4093,7228.0045,100.0,False,NOMINAL,HEALTHY,-32.42,47.16
PRE_LOT05_COMP1110,LOT_05,PRECISION_VOLTAGE_REF,LCC-20,PRE-SIH-2026,THERMAL_BURN_IN,T05_1110,PROC-ISRO-IISU-01,ATE-STATION-01,CHAMBER-01,1.0,125.0,5.0,168,output_voltage_drift,ELECTRICAL,uV,14.2105,6095.4782,6096.2195,6096.7345,6081.2677,-0.0083,-0.0265,34.67,34.01,14.2105,6095.4782,6096.2195,6096.7345,6081.2677,100.0,False,NOMINAL,HEALTHY,41.27,-44.44
PRE_LOT05_COMP1111,LOT_05,PRECISION_VOLTAGE_REF,LCC-20,PRE-SIH-2026,THERMAL_BURN_IN,T05_1111,PROC-ISRO-IISU-01,ATE-STATION-01,CHAMBER-01,1.0,125.0,5.0,168,output_voltage_drift,ELECTRICAL,uV,12.2137,5237.1703,5237.778,5238.3576,5224.9566,0.0031,0.0091,34.56,35.12,12.2137,5237.1703,5237.778,5238.3576,5224.9566,100.0,False,NOMINAL,HEALTHY,10.65,15.71
PRE_LOT05_COMP1112,LOT_05,PRECISION_VOLTAGE_REF,LCC-20,PRE-SIH-2026,THERMAL_BURN_IN,T05_1112,PROC-ISRO-IISU-01,ATE-STATION-01,CHAMBER-01,1.0,125.0,5.0,168,output_voltage_drift,ELECTRICAL,uV,14.1436,6071.048,6071.662,6072.0875,6056.9044,-0.0089,-0.0419,34.98,34.64,14.1436,6071.048,6071.662,6072.0875,6056.9044,100.0,False,NOMINAL,HEALTHY,16.0,15.84
PRE_LOT05_COMP1113,LOT_05,PRECISION_VOLTAGE_REF,LCC-20,PRE-SIH-2026,THERMAL_BURN_IN,T05_1113,PROC-ISRO-IISU-01,ATE-STATION-01,CHAMBER-01,1.0,125.0,5.0,168,output_voltage_drift,ELECTRICAL,uV,14.0167,6006.6431,6007.3557,6007.8939,5992.6264,-0.0225,0.0622,36.89,37.26,14.0167,6006.6431,6007.3557,6007.8939,5992.6264,100.0,False,NOMINAL,HEALTHY,1.52,-8.74
PRE_LOT05_COMP1114,LOT_05,PRECISION_VOLTAGE_REF,LCC-20,PRE-SIH-2026,THERMAL_BURN_IN,T05_1114,PROC-ISRO-IISU-01,ATE-STATION-01,CHAMBER-01,1.0,125.0,5.0,168,output_voltage_drift,ELECTRICAL,uV,14.0138,6013.0476,6013.7614,6014.2905,5999.0338,-0.0029,0.0684,35.1,34.88,14.0138,6013.0476,6013.7614,6014.2905,5999.0338,100.0,False,NOMINAL,HEALTHY,35.42,3.3
PRE_LOT05_COMP1115,LOT_05,PRECISION_VOLTAGE_REF,LCC-20,PRE-SIH-2026,THERMAL_BURN_IN,T05_1115,PROC-ISRO-IISU-01,ATE-STATION-01,CHAMBER-01,1.0,125.0,5.0,168,output_voltage_drift,ELECTRICAL,uV,15.531,6665.2829,6666.0344,6666.5601,6649.7519,0.0007,-0.018,34.48,34.63,15.531,6665.2829,6666.0344,6666.5601,6649.7519,100.0,False,NOMINAL,HEALTHY,-18.41,-11.07
PRE_LOT05_COMP1116,LOT_05,PRECISION_VOLTAGE_REF,LCC-20,PRE-SIH-2026,THERMAL_BURN_IN,T05_1116,PROC-ISRO-IISU-01,ATE-STATION-01,CHAMBER-01,1.0,125.0,5.0,168,output_voltage_drift,ELECTRICAL,uV,12.1066,5189.1402,5189.6603,5190.064,5177.0336,0.0306,0.1046,36.22,35.58,12.1066,5189.1402,5189.6603,5190.064,5177.0336,100.0,False,NOMINAL,HEALTHY,44.15,11.01
PRE_LOT05_COMP1117,LOT_05,PRECISION_VOLTAGE_REF,LCC-20,PRE-SIH-2026,THERMAL_BURN_IN,T05_1117,PROC-ISRO-IISU-01,ATE-STATION-01,CHAMBER-01,1.0,125.0,5.0,168,output_voltage_drift,ELECTRICAL,uV,15.8173,6768.2788,6769.0096,6769.6108,6752.4615,0.015,-0.0142,33.02,32.66,15.8173,6768.2788,6769.0096,6769.6108,6752.4615,100.0,False,NOMINAL,HEALTHY,21.57,35.91
PRE_LOT05_COMP1118,LOT_05,PRECISION_VOLTAGE_REF,LCC-20,PRE-SIH-2026,THERMAL_BURN_IN,T05_1118,PROC-ISRO-IISU-01,ATE-STATION-01,CHAMBER-01,1.0,125.0,5.0,168,output_voltage_drift,ELECTRICAL,uV,11.1504,4775.7314,4776.2884,4776.5804,4764.581,-0.0106,-0.073,36.96,37.25,11.1504,4775.7314,4776.2884,4776.5804,4764.581,100.0,False,NOMINAL,HEALTHY,-18.71,43.64
PRE_LOT05_COMP1119,LOT_05,PRECISION_VOLTAGE_REF,LCC-20,PRE-SIH-2026,THERMAL_BURN_IN,T05_1119,PROC-ISRO-IISU-01,ATE-STATION-01,CHAMBER-01,1.0,125.0,5.0,168,output_voltage_drift,ELECTRICAL,uV,16.5892,7114.2015,7115.0905,7115.7293,7097.6123,-0.0082,-0.0164,34.29,34.11,16.5892,7114.2015,7115.0905,7115.7293,7097.6123,100.0,False,NOMINAL,HEALTHY,24.69,-48.45
PRE_LOT05_COMP1120,LOT_05,PRECISION_VOLTAGE_REF,LCC-20,PRE-SIH-2026,THERMAL_BURN_IN,T05_1120,PROC-ISRO-IISU-01,ATE-STATION-01,CHAMBER-01,1.0,125.0,5.0,168,output_voltage_drift,ELECTRICAL,uV,17.6073,7545.911,7546.7516,7547.3291,7528.3037,-0.0269,-0.0843,35.77,36.07,17.6073,7545.911,7546.7516,7547.3291,7528.3037,100.0,False,NOMINAL,HEALTHY,5.7,34.99
PRE_LOT05_COMP1121,LOT_05,PRECISION_VOLTAGE_REF,LCC-20,PRE-SIH-2026,THERMAL_BURN_IN,T05_1121,PROC-ISRO-IISU-01,ATE-STATION-01,CHAMBER-01,1.0,125.0,5.0,168,output_voltage_drift,ELECTRICAL,uV,12.4053,5311.5161,5312.0236,5312.4031,5299.1108,0.0204,0.0092,33.81,33.25,12.4053,5311.5161,5312.0236,5312.4031,5299.1108,100.0,False,NOMINAL,HEALTHY,2.0,-45.4
PRE_LOT05_COMP1122,LOT_05,PRECISION_VOLTAGE_REF,LCC-20,PRE-SIH-2026,THERMAL_BURN_IN,T05_1122,PROC-ISRO-IISU-01,ATE-STATION-01,CHAMBER-01,1.0,125.0,5.0,168,output_voltage_drift,ELECTRICAL,uV,16.8717,7238.1862,7238.9793,7239.618,7221.3145,-0.0183,-0.1329,35.03,35.44,16.8717,7238.1862,7238.9793,7239.618,7221.3145,100.0,False,NOMINAL,HEALTHY,-33.13,-44.4
PRE_LOT05_COMP1123,LOT_05,PRECISION_VOLTAGE_REF,LCC-20,PRE-SIH-2026,THERMAL_BURN_IN,T05_1123,PROC-ISRO-IISU-01,ATE-STATION-01,CHAMBER-01,1.0,125.0,5.0,168,output_voltage_drift,ELECTRICAL,uV,15.3091,6565.2149,6565.9814,6566.5698,6549.9058,-0.0133,0.0208,36.78,35.51,15.3091,6565.2149,6565.9814,6566.5698,6549.9058,100.0,True,DIELECTRIC_OSCILLATION,HEALTHY,15.21,1.84
PRE_LOT05_COMP1124,LOT_05,PRECISION_VOLTAGE_REF,LCC-20,PRE-SIH-2026,THERMAL_BURN_IN,T05_1124,PROC-ISRO-IISU-01,ATE-STATION-01,CHAMBER-01,1.0,125.0,5.0,168,output_voltage_drift,ELECTRICAL,uV,14.1136,6058.4494,6059.1893,6059.7189,6044.3358,-0.0154,-0.0246,34.48,34.21,14.1136,6058.4494,6059.1893,6059.7189,6044.3358,100.0,False,NOMINAL,HEALTHY,-21.75,4.47
PRE_LOT05_COMP1125,LOT_05,PRECISION_VOLTAGE_REF,LCC-20,PRE-SIH-2026,THERMAL_BURN_IN,T05_1125,PROC-ISRO-IISU-01,ATE-STATION-01,CHAMBER-01,1.0,125.0,5.0,168,output_voltage_drift,ELECTRICAL,uV,10.4279,4474.7381,4475.2859,4475.6251,4464.3102,-0.0033,-0.0497,37.31,37.4,10.4279,4474.7381,4475.2859,4475.6251,4464.3102,100.0,False,NOMINAL,HEALTHY,-22.25,-23.72
PRE_LOT05_COMP1126,LOT_05,PRECISION_VOLTAGE_REF,LCC-20,PRE-SIH-2026,THERMAL_BURN_IN,T05_1126,PROC-ISRO-IISU-01,ATE-STATION-01,CHAMBER-01,1.0,125.0,5.0,168,output_voltage_drift,ELECTRICAL,uV,12.977,5551.9869,5552.6263,5553.0325,5539.0099,0.0107,-0.0571,34.88,35.16,12.977,5551.9869,5552.6263,5553.0325,5539.0099,100.0,False,NOMINAL,HEALTHY,-18.11,19.26
PRE_LOT05_COMP1127,LOT_05,PRECISION_VOLTAGE_REF,LCC-20,PRE-SIH-2026,THERMAL_BURN_IN,T05_1127,PROC-ISRO-IISU-01,ATE-STATION-01,CHAMBER-01,1.0,125.0,5.0,168,output_voltage_drift,ELECTRICAL,uV,12.3018,5283.5537,5284.0815,5284.4765,5271.2519,0.0071,-0.0177,36.26,36.34,12.3018,5283.5537,5284.0815,5284.4765,5271.2519,100.0,False,NOMINAL,HEALTHY,-8.49,29.51
PRE_LOT05_COMP1128,LOT_05,PRECISION_VOLTAGE_REF,LCC-20,PRE-SIH-2026,THERMAL_BURN_IN,T05_1128,PROC-ISRO-IISU-01,ATE-STATION-01,CHAMBER-01,1.0,125.0,5.0,168,output_voltage_drift,ELECTRICAL,uV,13.722,5873.5944,5874.2454,5874.7054,5859.8724,-0.021,-0.004,36.36,36.58,13.722,5873.5944,5874.2454,5874.7054,5859.8724,100.0,False,NOMINAL,HEALTHY,19.06,8.0
PRE_LOT05_COMP1129,LOT_05,PRECISION_VOLTAGE_REF,LCC-20,PRE-SIH-2026,THERMAL_BURN_IN,T05_1129,PROC-ISRO-IISU-01,ATE-STATION-01,CHAMBER-01,1.0,125.0,5.0,168,output_voltage_drift,ELECTRICAL,uV,13.5749,5816.1067,5816.7933,5817.3571,5802.5318,-0.0104,-0.0146,35.43,35.11,13.5749,5816.1067,5816.7933,5817.3571,5802.5318,100.0,False,NOMINAL,HEALTHY,-48.63,-2.39
PRE_LOT05_COMP1130,LOT_05,PRECISION_VOLTAGE_REF,LCC-20,PRE-SIH-2026,THERMAL_BURN_IN,T05_1130,PROC-ISRO-IISU-01,ATE-STATION-01,CHAMBER-01,1.0,125.0,5.0,168,output_voltage_drift,ELECTRICAL,uV,16.5387,7088.7314,7089.6023,7090.2589,7072.1927,-0.0224,0.0103,34.08,34.29,16.5387,7088.7314,7089.6023,7090.2589,7072.1927,100.0,False,NOMINAL,HEALTHY,38.76,35.87
PRE_LOT05_COMP1131,LOT_05,PRECISION_VOLTAGE_REF,LCC-20,PRE-SIH-2026,THERMAL_BURN_IN,T05_1131,PROC-ISRO-IISU-01,ATE-STATION-01,CHAMBER-01,1.0,125.0,5.0,168,output_voltage_drift,ELECTRICAL,uV,14.184,6076.1298,6076.8581,6077.469,6061.9458,0.0331,0.0463,35.91,35.73,14.184,6076.1298,6076.8581,6077.469,6061.9458,100.0,False,NOMINAL,HEALTHY,43.89,-19.53
PRE_LOT05_COMP1132,LOT_05,PRECISION_VOLTAGE_REF,LCC-20,PRE-SIH-2026,THERMAL_BURN_IN,T05_1132,PROC-ISRO-IISU-01,ATE-STATION-01,CHAMBER-01,1.0,125.0,5.0,168,output_voltage_drift,ELECTRICAL,uV,16.3115,6992.1629,6992.9274,6993.481,6975.8514,-0.0017,-0.0189,36.89,36.65,16.3115,6992.1629,6992.9274,6993.481,6975.8514,100.0,False,NOMINAL,HEALTHY,-40.75,32.21
PRE_LOT05_COMP1133,LOT_05,PRECISION_VOLTAGE_REF,LCC-20,PRE-SIH-2026,THERMAL_BURN_IN,T05_1133,PROC-ISRO-IISU-01,ATE-STATION-01,CHAMBER-01,1.0,125.0,5.0,168,output_voltage_drift,ELECTRICAL,uV,12.5536,5372.4538,5373.0738,5373.5504,5359.9002,-0.0367,0.0629,35.77,35.88,12.5536,5372.4538,5373.0738,5373.5504,5359.9002,100.0,False,NOMINAL,HEALTHY,21.02,43.15
PRE_LOT05_COMP1134,LOT_05,PRECISION_VOLTAGE_REF,LCC-20,PRE-SIH-2026,THERMAL_BURN_IN,T05_1134,PROC-ISRO-IISU-01,ATE-STATION-01,CHAMBER-01,1.0,125.0,5.0,168,output_voltage_drift,ELECTRICAL,uV,10.3527,4444.269,4444.7908,4445.1544,4433.9163,-0.0008,0.1057,36.07,36.0,10.3527,4444.269,4444.7908,4445.1544,4433.9163,100.0,False,NOMINAL,HEALTHY,3.2,-32.42
PRE_LOT05_COMP1135,LOT_05,PRECISION_VOLTAGE_REF,LCC-20,PRE-SIH-2026,THERMAL_BURN_IN,T05_1135,PROC-ISRO-IISU-01,ATE-STATION-01,CHAMBER-01,1.0,125.0,5.0,168,output_voltage_drift,ELECTRICAL,uV,15.8781,6808.5208,6809.2527,6809.7885,6792.6427,-0.0081,0.0907,35.98,36.4,15.8781,6808.5208,6809.2527,6809.7885,6792.6427,100.0,False,NOMINAL,HEALTHY,18.32,4.22
PRE_LOT05_COMP1136,LOT_05,PRECISION_VOLTAGE_REF,LCC-20,PRE-SIH-2026,THERMAL_BURN_IN,T05_1136,PROC-ISRO-IISU-01,ATE-STATION-01,CHAMBER-01,1.0,125.0,5.0,168,output_voltage_drift,ELECTRICAL,uV,11.0433,4734.6661,4735.1989,4735.5554,4723.6228,0.0197,-0.0416,35.61,34.33,11.0433,4734.6661,4735.1989,4735.5554,4723.6228,100.0,False,NOMINAL,HEALTHY,-1.82,47.54
PRE_LOT05_COMP1137,LOT_05,PRECISION_VOLTAGE_REF,LCC-20,PRE-SIH-2026,THERMAL_BURN_IN,T05_1137,PROC-ISRO-IISU-01,ATE-STATION-01,CHAMBER-01,1.0,125.0,5.0,168,output_voltage_drift,ELECTRICAL,uV,16.7423,7177.1313,7177.9032,7178.4486,7160.389,0.0252,0.0461,37.16,36.89,16.7423,7177.1313,7177.9032,7178.4486,7160.389,100.0,False,NOMINAL,HEALTHY,48.72,-40.21
PRE_LOT05_COMP1138,LOT_05,PRECISION_VOLTAGE_REF,LCC-20,PRE-SIH-2026,THERMAL_BURN_IN,T05_1138,PROC-ISRO-IISU-01,ATE-STATION-01,CHAMBER-01,1.0,125.0,5.0,168,output_voltage_drift,ELECTRICAL,uV,14.235,6101.7004,6102.3403,6102.779,6087.4654,-0.0037,-0.1235,33.87,33.97,14.235,6101.7004,6102.3403,6102.779,6087.4654,100.0,False,NOMINAL,HEALTHY,-5.03,-7.69
PRE_LOT05_COMP1139,LOT_05,PRECISION_VOLTAGE_REF,LCC-20,PRE-SIH-2026,THERMAL_BURN_IN,T05_1139,PROC-ISRO-IISU-01,ATE-STATION-01,CHAMBER-01,1.0,125.0,5.0,168,output_voltage_drift,ELECTRICAL,uV,14.9782,6422.3977,6423.1611,6423.7357,6407.4195,0.0003,-0.014,34.02,33.98,14.9782,6422.3977,6423.1611,6423.7357,6407.4195,100.0,False,NOMINAL,HEALTHY,-27.1,42.14
PRE_LOT05_COMP1140,LOT_05,PRECISION_VOLTAGE_REF,LCC-20,PRE-SIH-2026,THERMAL_BURN_IN,T05_1140,PROC-ISRO-IISU-01,ATE-STATION-01,CHAMBER-01,1.0,125.0,5.0,168,output_voltage_drift,ELECTRICAL,uV,15.9314,6829.1414,6829.8267,6830.3775,6813.21,-0.0049,0.0438,35.17,35.06,15.9314,6829.1414,6829.8267,6830.3775,6813.21,100.0,False,NOMINAL,HEALTHY,-39.95,-40.54
PRE_LOT05_COMP1141,LOT_05,PRECISION_VOLTAGE_REF,LCC-20,PRE-SIH-2026,THERMAL_BURN_IN,T05_1141,PROC-ISRO-IISU-01,ATE-STATION-01,CHAMBER-01,1.0,125.0,5.0,168,output_voltage_drift,ELECTRICAL,uV,10.8654,4666.2326,4666.7576,4667.1516,4655.3672,0.0289,0.031,37.08,36.9,10.8654,4666.2326,4666.7576,4667.1516,4655.3672,100.0,False,NOMINAL,HEALTHY,2.17,23.47
PRE_LOT05_COMP1142,LOT_05,PRECISION_VOLTAGE_REF,LCC-20,PRE-SIH-2026,THERMAL_BURN_IN,T05_1142,PROC-ISRO-IISU-01,ATE-STATION-01,CHAMBER-01,1.0,125.0,5.0,168,output_voltage_drift,ELECTRICAL,uV,15.4693,6637.1774,6646.7621,6797.523,6621.7081,0.0227,0.0787,34.58,35.05,15.4693,6637.1774,6646.7621,6797.523,6621.7081,100.0,True,THERMAL_RUNAWAY,HEALTHY,-14.17,46.67
PRE_LOT05_COMP1143,LOT_05,PRECISION_VOLTAGE_REF,LCC-20,PRE-SIH-2026,THERMAL_BURN_IN,T05_1143,PROC-ISRO-IISU-01,ATE-STATION-01,CHAMBER-01,1.0,125.0,5.0,168,output_voltage_drift,ELECTRICAL,uV,12.1769,5209.939,5210.546,5211.0058,5197.7621,-0.0305,-0.0243,35.4,35.36,12.1769,5209.939,5210.546,5211.0058,5197.7621,100.0,False,NOMINAL,HEALTHY,49.78,-35.72
PRE_LOT05_COMP1144,LOT_05,PRECISION_VOLTAGE_REF,LCC-20,PRE-SIH-2026,THERMAL_BURN_IN,T05_1144,PROC-ISRO-IISU-01,ATE-STATION-01,CHAMBER-01,1.0,125.0,5.0,168,output_voltage_drift,ELECTRICAL,uV,13.6173,5838.9084,5839.5315,5839.961,5825.2911,0.0225,-0.0148,36.13,36.51,13.6173,5838.9084,5839.5315,5839.961,5825.2911,100.0,False,NOMINAL,HEALTHY,-16.39,14.01
PRE_LOT05_COMP1145,LOT_05,PRECISION_VOLTAGE_REF,LCC-20,PRE-SIH-2026,THERMAL_BURN_IN,T05_1145,PROC-ISRO-IISU-01,ATE-STATION-01,CHAMBER-01,1.0,125.0,5.0,168,output_voltage_drift,ELECTRICAL,uV,12.9931,5564.184,5564.8569,5565.2398,5551.1909,0.0051,-0.0316,33.84,34.2,12.9931,5564.184,5564.8569,5565.2398,5551.1909,100.0,False,NOMINAL,HEALTHY,-10.83,-16.59
PRE_LOT05_COMP1146,LOT_05,PRECISION_VOLTAGE_REF,LCC-20,PRE-SIH-2026,THERMAL_BURN_IN,T05_1146,PROC-ISRO-IISU-01,ATE-STATION-01,CHAMBER-01,1.0,125.0,5.0,168,output_voltage_drift,ELECTRICAL,uV,12.2731,5265.8364,5266.3931,5266.901,5253.5633,0.0158,0.0604,34.37,35.14,12.2731,5265.8364,5266.3931,5266.901,5253.5633,100.0,False,NOMINAL,HEALTHY,-34.37,21.74
PRE_LOT05_COMP1147,LOT_05,PRECISION_VOLTAGE_REF,LCC-20,PRE-SIH-2026,THERMAL_BURN_IN,T05_1147,PROC-ISRO-IISU-01,ATE-STATION-01,CHAMBER-01,1.0,125.0,5.0,168,output_voltage_drift,ELECTRICAL,uV,15.8671,6792.3263,6793.0969,6793.5948,6776.4592,0.0043,-0.0192,32.87,33.35,15.8671,6792.3263,6793.0969,6793.5948,6776.4592,100.0,False,NOMINAL,HEALTHY,-5.93,4.96
PRE_LOT05_COMP1148,LOT_05,PRECISION_VOLTAGE_REF,LCC-20,PRE-SIH-2026,THERMAL_BURN_IN,T05_1148,PROC-ISRO-IISU-01,ATE-STATION-01,CHAMBER-01,1.0,125.0,5.0,168,output_voltage_drift,ELECTRICAL,uV,12.8697,5527.8258,5528.4552,5528.9199,5514.9561,0.0258,0.0568,34.6,34.77,12.8697,5527.8258,5528.4552,5528.9199,5514.9561,100.0,False,NOMINAL,HEALTHY,-11.88,-37.15
PRE_LOT05_COMP1149,LOT_05,PRECISION_VOLTAGE_REF,LCC-20,PRE-SIH-2026,THERMAL_BURN_IN,T05_1149,PROC-ISRO-IISU-01,ATE-STATION-01,CHAMBER-01,1.0,125.0,5.0,168,output_voltage_drift,ELECTRICAL,uV,11.8948,5103.922,5104.4991,5104.9691,5092.0272,-0.0026,-0.0492,35.54,36.01,11.8948,5103.922,5104.4991,5104.9691,5092.0272,100.0,False,NOMINAL,HEALTHY,47.37,7.42
PRE_LOT05_COMP1150,LOT_05,PRECISION_VOLTAGE_REF,LCC-20,PRE-SIH-2026,THERMAL_BURN_IN,T05_1150,PROC-ISRO-IISU-01,ATE-STATION-01,CHAMBER-01,1.0,125.0,5.0,168,output_voltage_drift,ELECTRICAL,uV,13.5698,5809.3485,5809.9837,5810.5146,5795.7787,0.0075,-0.0273,36.81,36.41,13.5698,5809.3485,5809.9837,5810.5146,5795.7787,100.0,False,NOMINAL,HEALTHY,42.36,20.63
PRE_LOT05_COMP1151,LOT_05,PRECISION_VOLTAGE_REF,LCC-20,PRE-SIH-2026,THERMAL_BURN_IN,T05_1151,PROC-ISRO-IISU-01,ATE-STATION-01,CHAMBER-01,1.0,125.0,5.0,168,output_voltage_drift,ELECTRICAL,uV,13.3531,5729.6342,5730.25,5730.6641,5716.2811,0.0122,-0.0204,34.64,35.62,13.3531,5729.6342,5730.25,5730.6641,5716.2811,100.0,False,NOMINAL,HEALTHY,23.93,37.35
PRE_LOT05_COMP1152,LOT_05,PRECISION_VOLTAGE_REF,LCC-20,PRE-SIH-2026,THERMAL_BURN_IN,T05_1152,PROC-ISRO-IISU-01,ATE-STATION-01,CHAMBER-01,1.0,125.0,5.0,168,output_voltage_drift,ELECTRICAL,uV,15.9132,6822.8265,6823.5589,6824.1023,6806.9133,0.0286,0.0784,34.8,35.24,15.9132,6822.8265,6823.5589,6824.1023,6806.9133,100.0,False,NOMINAL,HEALTHY,-37.38,-10.89
PRE_LOT05_COMP1153,LOT_05,PRECISION_VOLTAGE_REF,LCC-20,PRE-SIH-2026,THERMAL_BURN_IN,T05_1153,PROC-ISRO-IISU-01,ATE-STATION-01,CHAMBER-01,1.0,125.0,5.0,168,output_voltage_drift,ELECTRICAL,uV,13.8099,5920.5482,5921.2425,5921.7906,5906.7383,0.039,0.1055,33.81,33.62,13.8099,5920.5482,5921.2425,5921.7906,5906.7383,100.0,False,NOMINAL,HEALTHY,49.17,31.73
PRE_LOT05_COMP1154,LOT_05,PRECISION_VOLTAGE_REF,LCC-20,PRE-SIH-2026,THERMAL_BURN_IN,T05_1154,PROC-ISRO-IISU-01,ATE-STATION-01,CHAMBER-01,1.0,125.0,5.0,168,output_voltage_drift,ELECTRICAL,uV,15.7268,6748.1383,6748.8123,6749.3175,6732.4115,-0.0261,-0.0475,35.45,35.6,15.7268,6748.1383,6748.8123,6749.3175,6732.4115,100.0,False,NOMINAL,HEALTHY,42.53,-4.98
PRE_LOT05_COMP1155,LOT_05,PRECISION_VOLTAGE_REF,LCC-20,PRE-SIH-2026,THERMAL_BURN_IN,T05_1155,PROC-ISRO-IISU-01,ATE-STATION-01,CHAMBER-01,1.0,125.0,5.0,168,output_voltage_drift,ELECTRICAL,uV,13.2206,5673.275,5673.8777,5674.3876,5660.0544,-0.0029,0.0033,32.99,32.64,13.2206,5673.275,5673.8777,5674.3876,5660.0544,100.0,False,NOMINAL,HEALTHY,-0.5,-20.66
PRE_LOT05_COMP1156,LOT_05,PRECISION_VOLTAGE_REF,LCC-20,PRE-SIH-2026,THERMAL_BURN_IN,T05_1156,PROC-ISRO-IISU-01,ATE-STATION-01,CHAMBER-01,1.0,125.0,5.0,168,output_voltage_drift,ELECTRICAL,uV,11.5797,4956.2354,4956.8014,4957.1836,4944.6557,-0.022,0.0211,34.55,34.74,11.5797,4956.2354,4956.8014,4957.1836,4944.6557,100.0,False,NOMINAL,HEALTHY,36.01,31.15
PRE_LOT05_COMP1157,LOT_05,PRECISION_VOLTAGE_REF,LCC-20,PRE-SIH-2026,THERMAL_BURN_IN,T05_1157,PROC-ISRO-IISU-01,ATE-STATION-01,CHAMBER-01,1.0,125.0,5.0,168,output_voltage_drift,ELECTRICAL,uV,11.7088,5021.1622,5021.7126,5022.0854,5009.4534,-0.0034,0.0408,32.98,32.58,11.7088,5021.1622,5021.7126,5022.0854,5009.4534,100.0,False,NOMINAL,HEALTHY,-33.51,-12.74
PRE_LOT05_COMP1158,LOT_05,PRECISION_VOLTAGE_REF,LCC-20,PRE-SIH-2026,THERMAL_BURN_IN,T05_1158,PROC-ISRO-IISU-01,ATE-STATION-01,CHAMBER-01,1.0,125.0,5.0,168,output_voltage_drift,ELECTRICAL,uV,11.0563,4738.4688,4739.0312,4739.4599,4727.4125,-0.0089,0.0111,35.29,35.61,11.0563,4738.4688,4739.0312,4739.4599,4727.4125,100.0,False,NOMINAL,HEALTHY,-44.59,8.65
PRE_LOT05_COMP1159,LOT_05,PRECISION_VOLTAGE_REF,LCC-20,PRE-SIH-2026,THERMAL_BURN_IN,T05_1159,PROC-ISRO-IISU-01,ATE-STATION-01,CHAMBER-01,1.0,125.0,5.0,168,output_voltage_drift,ELECTRICAL,uV,15.3587,6578.4561,6579.1776,6579.6896,6563.0974,-0.0104,-0.0581,34.37,35.26,15.3587,6578.4561,6579.1776,6579.6896,6563.0974,100.0,False,NOMINAL,HEALTHY,-35.73,-23.78
PRE_LOT05_COMP1160,LOT_05,PRECISION_VOLTAGE_REF,LCC-20,PRE-SIH-2026,THERMAL_BURN_IN,T05_1160,PROC-ISRO-IISU-01,ATE-STATION-01,CHAMBER-01,1.0,125.0,5.0,168,output_voltage_drift,ELECTRICAL,uV,13.7442,5899.7557,5900.4583,5901.0292,5886.0115,-0.005,0.0292,35.56,34.82,13.7442,5899.7557,5900.4583,5901.0292,5886.0115,100.0,False,NOMINAL,HEALTHY,20.76,5.83
PRE_LOT05_COMP1161,LOT_05,PRECISION_VOLTAGE_REF,LCC-20,PRE-SIH-2026,THERMAL_BURN_IN,T05_1161,PROC-ISRO-IISU-01,ATE-STATION-01,CHAMBER-01,1.0,125.0,5.0,168,output_voltage_drift,ELECTRICAL,uV,13.2924,5704.5369,5705.127,5705.68,5691.2445,0.0319,0.0442,35.48,34.69,13.2924,5704.5369,5705.127,5705.68,5691.2445,100.0,False,NOMINAL,HEALTHY,29.38,-29.37
PRE_LOT05_COMP1162,LOT_05,PRECISION_VOLTAGE_REF,LCC-20,PRE-SIH-2026,THERMAL_BURN_IN,T05_1162,PROC-ISRO-IISU-01,ATE-STATION-01,CHAMBER-01,1.0,125.0,5.0,168,output_voltage_drift,ELECTRICAL,uV,12.7361,5460.4692,5461.0664,5461.427,5447.7331,-0.0003,-0.1322,35.12,34.55,12.7361,5460.4692,5461.0664,5461.427,5447.7331,100.0,False,NOMINAL,HEALTHY,33.86,-1.86
PRE_LOT05_COMP1163,LOT_05,PRECISION_VOLTAGE_REF,LCC-20,PRE-SIH-2026,THERMAL_BURN_IN,T05_1163,PROC-ISRO-IISU-01,ATE-STATION-01,CHAMBER-01,1.0,125.0,5.0,168,output_voltage_drift,ELECTRICAL,uV,12.2695,5265.0718,5265.5781,5266.0105,5252.8023,0.0106,0.0256,37.72,37.98,12.2695,5265.0718,5265.5781,5266.0105,5252.8023,100.0,False,NOMINAL,HEALTHY,8.33,36.68
PRE_LOT05_COMP1164,LOT_05,PRECISION_VOLTAGE_REF,LCC-20,PRE-SIH-2026,THERMAL_BURN_IN,T05_1164,PROC-ISRO-IISU-01,ATE-STATION-01,CHAMBER-01,1.0,125.0,5.0,168,output_voltage_drift,ELECTRICAL,uV,18.7872,8052.1556,8052.9966,8053.653,8033.3684,0.007,0.0307,32.97,32.78,18.7872,8052.1556,8052.9966,8053.653,8033.3684,100.0,False,NOMINAL,HEALTHY,9.74,-21.47
PRE_LOT05_COMP1165,LOT_05,PRECISION_VOLTAGE_REF,LCC-20,PRE-SIH-2026,THERMAL_BURN_IN,T05_1165,PROC-ISRO-IISU-01,ATE-STATION-01,CHAMBER-01,1.0,125.0,5.0,168,output_voltage_drift,ELECTRICAL,uV,16.1906,6936.2527,6937.0774,6937.7344,6920.0621,0.0086,0.058,35.2,36.28,16.1906,6936.2527,6937.0774,6937.7344,6920.0621,100.0,False,NOMINAL,HEALTHY,16.05,49.83
PRE_LOT05_COMP1166,LOT_05,PRECISION_VOLTAGE_REF,LCC-20,PRE-SIH-2026,THERMAL_BURN_IN,T05_1166,PROC-ISRO-IISU-01,ATE-STATION-01,CHAMBER-01,1.0,125.0,5.0,168,output_voltage_drift,ELECTRICAL,uV,15.2351,6536.815,6537.5422,6538.1242,6521.5799,-0.0268,-0.0391,34.05,34.37,15.2351,6536.815,6537.5422,6538.1242,6521.5799,100.0,False,NOMINAL,HEALTHY,-12.27,24.09
PRE_LOT05_COMP1167,LOT_05,PRECISION_VOLTAGE_REF,LCC-20,PRE-SIH-2026,THERMAL_BURN_IN,T05_1167,PROC-ISRO-IISU-01,ATE-STATION-01,CHAMBER-01,1.0,125.0,5.0,168,output_voltage_drift,ELECTRICAL,uV,15.177,6500.7491,6501.6077,6502.2284,6485.5721,-0.0104,-0.0077,34.02,33.92,15.177,6500.7491,6501.6077,6502.2284,6485.5721,100.0,False,NOMINAL,HEALTHY,-16.98,-26.06
PRE_LOT05_COMP1168,LOT_05,PRECISION_VOLTAGE_REF,LCC-20,PRE-SIH-2026,THERMAL_BURN_IN,T05_1168,PROC-ISRO-IISU-01,ATE-STATION-01,CHAMBER-01,1.0,125.0,5.0,168,output_voltage_drift,ELECTRICAL,uV,12.6624,5418.8426,5419.4646,5419.979,5406.1802,-0.0127,0.0665,33.93,34.08,12.6624,5418.8426,5419.4646,5419.979,5406.1802,100.0,False,NOMINAL,HEALTHY,18.27,8.42
PRE_LOT05_COMP1169,LOT_05,PRECISION_VOLTAGE_REF,LCC-20,PRE-SIH-2026,THERMAL_BURN_IN,T05_1169,PROC-ISRO-IISU-01,ATE-STATION-01,CHAMBER-01,1.0,125.0,5.0,168,output_voltage_drift,ELECTRICAL,uV,13.321,5719.4406,5729.0151,5879.8388,5706.1196,-0.0205,-0.0475,36.09,35.21,13.321,5719.4406,5729.0151,5879.8388,5706.1196,100.0,True,THERMAL_RUNAWAY,HEALTHY,-30.44,17.76
PRE_LOT05_COMP1170,LOT_05,PRECISION_VOLTAGE_REF,LCC-20,PRE-SIH-2026,THERMAL_BURN_IN,T05_1170,PROC-ISRO-IISU-01,ATE-STATION-01,CHAMBER-01,1.0,125.0,5.0,168,output_voltage_drift,ELECTRICAL,uV,16.9175,7252.4581,7253.3131,7253.8381,7235.5406,-0.0343,-0.1315,35.42,35.66,16.9175,7252.4581,7253.3131,7253.8381,7235.5406,100.0,False,NOMINAL,HEALTHY,-22.12,36.23
PRE_LOT05_COMP1171,LOT_05,PRECISION_VOLTAGE_REF,LCC-20,PRE-SIH-2026,THERMAL_BURN_IN,T05_1171,PROC-ISRO-IISU-01,ATE-STATION-01,CHAMBER-01,1.0,125.0,5.0,168,output_voltage_drift,ELECTRICAL,uV,11.3955,4899.7554,4900.2537,4900.6858,4888.3599,-0.0026,-0.0116,35.17,35.37,11.3955,4899.7554,4900.2537,4900.6858,4888.3599,100.0,False,NOMINAL,HEALTHY,46.05,27.24
PRE_LOT05_COMP1172,LOT_05,PRECISION_VOLTAGE_REF,LCC-20,PRE-SIH-2026,THERMAL_BURN_IN,T05_1172,PROC-ISRO-IISU-01,ATE-STATION-01,CHAMBER-01,1.0,125.0,5.0,168,output_voltage_drift,ELECTRICAL,uV,15.1983,6516.3765,6517.1747,6517.6994,6501.1782,0.0074,-0.0852,34.27,34.54,15.1983,6516.3765,6517.1747,6517.6994,6501.1782,100.0,False,NOMINAL,HEALTHY,-20.97,-13.02
PRE_LOT05_COMP1173,LOT_05,PRECISION_VOLTAGE_REF,LCC-20,PRE-SIH-2026,THERMAL_BURN_IN,T05_1173,PROC-ISRO-IISU-01,ATE-STATION-01,CHAMBER-01,1.0,125.0,5.0,168,output_voltage_drift,ELECTRICAL,uV,14.4596,6222.1152,6222.7709,6223.2757,6207.6556,0.0167,0.0586,35.66,35.79,14.4596,6222.1152,6222.7709,6223.2757,6207.6556,100.0,False,NOMINAL,HEALTHY,-36.64,38.23
PRE_LOT05_COMP1174,LOT_05,PRECISION_VOLTAGE_REF,LCC-20,PRE-SIH-2026,THERMAL_BURN_IN,T05_1174,PROC-ISRO-IISU-01,ATE-STATION-01,CHAMBER-01,1.0,125.0,5.0,168,output_voltage_drift,ELECTRICAL,uV,12.9963,5579.608,5580.3378,5580.8393,5566.6117,-0.0049,-0.0007,32.67,32.8,12.9963,5579.608,5580.3378,5580.8393,5566.6117,100.0,False,NOMINAL,HEALTHY,37.54,-49.96
PRE_LOT05_COMP1175,LOT_05,PRECISION_VOLTAGE_REF,LCC-20,PRE-SIH-2026,THERMAL_BURN_IN,T05_1175,PROC-ISRO-IISU-01,ATE-STATION-01,CHAMBER-01,1.0,125.0,5.0,168,output_voltage_drift,ELECTRICAL,uV,13.2782,5695.2094,5695.8858,5696.4035,5681.9312,0.0086,-0.0356,33.87,34.1,13.2782,5695.2094,5695.8858,5696.4035,5681.9312,100.0,False,NOMINAL,HEALTHY,6.67,36.44
PRE_LOT05_COMP1176,LOT_05,PRECISION_VOLTAGE_REF,LCC-20,PRE-SIH-2026,THERMAL_BURN_IN,T05_1176,PROC-ISRO-IISU-01,ATE-STATION-01,CHAMBER-01,1.0,125.0,5.0,168,output_voltage_drift,ELECTRICAL,uV,12.9951,5565.2792,5565.927,5566.386,5552.2841,0.021,-0.0499,33.91,34.22,12.9951,5565.2792,5565.927,5566.386,5552.2841,100.0,False,NOMINAL,HEALTHY,7.11,22.63
PRE_LOT05_COMP1177,LOT_05,PRECISION_VOLTAGE_REF,LCC-20,PRE-SIH-2026,THERMAL_BURN_IN,T05_1177,PROC-ISRO-IISU-01,ATE-STATION-01,CHAMBER-01,1.0,125.0,5.0,168,output_voltage_drift,ELECTRICAL,uV,11.3627,4860.9504,4861.4329,4861.8569,4849.5877,-0.012,-0.0242,36.84,35.57,11.3627,4860.9504,4861.4329,4861.8569,4849.5877,100.0,False,NOMINAL,HEALTHY,33.28,-17.07
PRE_LOT05_COMP1178,LOT_05,PRECISION_VOLTAGE_REF,LCC-20,PRE-SIH-2026,THERMAL_BURN_IN,T05_1178,PROC-ISRO-IISU-01,ATE-STATION-01,CHAMBER-01,1.0,125.0,5.0,168,output_voltage_drift,ELECTRICAL,uV,15.2376,6548.2113,6548.8537,6549.4391,6532.9737,-0.0136,-0.0037,34.37,34.84,15.2376,6548.2113,6548.8537,6549.4391,6532.9737,100.0,False,NOMINAL,HEALTHY,22.25,10.79
PRE_LOT05_COMP1179,LOT_05,PRECISION_VOLTAGE_REF,LCC-20,PRE-SIH-2026,THERMAL_BURN_IN,T05_1179,PROC-ISRO-IISU-01,ATE-STATION-01,CHAMBER-01,1.0,125.0,5.0,168,output_voltage_drift,ELECTRICAL,uV,15.5688,6671.3629,6672.1422,6672.6224,6655.7941,0.0066,0.0715,34.35,34.58,15.5688,6671.3629,6672.1422,6672.6224,6655.7941,100.0,False,NOMINAL,HEALTHY,45.98,-0.91
PRE_LOT05_COMP1180,LOT_05,PRECISION_VOLTAGE_REF,LCC-20,PRE-SIH-2026,THERMAL_BURN_IN,T05_1180,PROC-ISRO-IISU-01,ATE-STATION-01,CHAMBER-01,1.0,125.0,5.0,168,output_voltage_drift,ELECTRICAL,uV,12.6728,5426.8237,5427.3894,5427.8184,5414.1509,0.0063,0.0602,33.74,33.26,12.6728,5426.8237,5427.3894,5427.8184,5414.1509,100.0,False,NOMINAL,HEALTHY,6.24,29.91
PRE_LOT05_COMP1181,LOT_05,PRECISION_VOLTAGE_REF,LCC-20,PRE-SIH-2026,THERMAL_BURN_IN,T05_1181,PROC-ISRO-IISU-01,ATE-STATION-01,CHAMBER-01,1.0,125.0,5.0,168,output_voltage_drift,ELECTRICAL,uV,14.2783,6128.6079,6129.3047,6129.8235,6114.3296,0.0064,0.077,35.83,35.46,14.2783,6128.6079,6129.3047,6129.8235,6114.3296,100.0,False,NOMINAL,HEALTHY,39.42,48.96
PRE_LOT05_COMP1182,LOT_05,PRECISION_VOLTAGE_REF,LCC-20,PRE-SIH-2026,THERMAL_BURN_IN,T05_1182,PROC-ISRO-IISU-01,ATE-STATION-01,CHAMBER-01,1.0,125.0,5.0,168,output_voltage_drift,ELECTRICAL,uV,14.5971,6259.4801,6260.1498,6260.6686,6244.883,0.0163,0.0721,35.27,34.83,14.5971,6259.4801,6260.1498,6260.6686,6244.883,100.0,False,NOMINAL,HEALTHY,-34.09,-39.0
PRE_LOT05_COMP1183,LOT_05,PRECISION_VOLTAGE_REF,LCC-20,PRE-SIH-2026,THERMAL_BURN_IN,T05_1183,PROC-ISRO-IISU-01,ATE-STATION-01,CHAMBER-01,1.0,125.0,5.0,168,output_voltage_drift,ELECTRICAL,uV,13.3284,5717.296,5717.9896,5718.5194,5703.9676,0.0003,-0.0003,35.01,35.73,13.3284,5717.296,5717.9896,5718.5194,5703.9676,100.0,True,DIELECTRIC_OSCILLATION,HEALTHY,-17.62,43.86
PRE_LOT05_COMP1184,LOT_05,PRECISION_VOLTAGE_REF,LCC-20,PRE-SIH-2026,THERMAL_BURN_IN,T05_1184,PROC-ISRO-IISU-01,ATE-STATION-01,CHAMBER-01,1.0,125.0,5.0,168,output_voltage_drift,ELECTRICAL,uV,14.7252,6312.3008,6312.9757,6313.4587,6297.5756,-0.0275,-0.0493,34.7,34.54,14.7252,6312.3008,6312.9757,6313.4587,6297.5756,100.0,False,NOMINAL,HEALTHY,-35.2,-15.16
PRE_LOT05_COMP1185,LOT_05,PRECISION_VOLTAGE_REF,LCC-20,PRE-SIH-2026,THERMAL_BURN_IN,T05_1185,PROC-ISRO-IISU-01,ATE-STATION-01,CHAMBER-01,1.0,125.0,5.0,168,output_voltage_drift,ELECTRICAL,uV,11.8214,5069.0961,5069.745,5070.2779,5057.2747,-0.034,-0.0353,35.16,35.12,11.8214,5069.0961,5069.745,5070.2779,5057.2747,100.0,False,NOMINAL,HEALTHY,-6.28,-39.57
PRE_LOT05_COMP1186,LOT_05,PRECISION_VOLTAGE_REF,LCC-20,PRE-SIH-2026,THERMAL_BURN_IN,T05_1186,PROC-ISRO-IISU-01,ATE-STATION-01,CHAMBER-01,1.0,125.0,5.0,168,output_voltage_drift,ELECTRICAL,uV,13.2681,5685.4009,5686.0236,5686.5335,5672.1328,0.0255,0.0964,35.18,34.53,13.2681,5685.4009,5686.0236,5686.5335,5672.1328,100.0,False,NOMINAL,HEALTHY,-47.62,-10.63
PRE_LOT05_COMP1187,LOT_05,PRECISION_VOLTAGE_REF,LCC-20,PRE-SIH-2026,THERMAL_BURN_IN,T05_1187,PROC-ISRO-IISU-01,ATE-STATION-01,CHAMBER-01,1.0,125.0,5.0,168,output_voltage_drift,ELECTRICAL,uV,12.6888,5438.8522,5439.4567,5439.8423,5426.1634,0.0118,-0.0248,33.56,34.49,12.6888,5438.8522,5439.4567,5439.8423,5426.1634,100.0,False,NOMINAL,HEALTHY,-40.3,-46.2
PRE_LOT05_COMP1188,LOT_05,PRECISION_VOLTAGE_REF,LCC-20,PRE-SIH-2026,THERMAL_BURN_IN,T05_1188,PROC-ISRO-IISU-01,ATE-STATION-01,CHAMBER-01,1.0,125.0,5.0,168,output_voltage_drift,ELECTRICAL,uV,14.0072,6004.2166,6004.8402,6005.3721,5990.2094,0.0207,0.011,35.4,35.85,14.0072,6004.2166,6004.8402,6005.3721,5990.2094,100.0,False,NOMINAL,HEALTHY,27.94,-20.26
PRE_LOT05_COMP1189,LOT_05,PRECISION_VOLTAGE_REF,LCC-20,PRE-SIH-2026,THERMAL_BURN_IN,T05_1189,PROC-ISRO-IISU-01,ATE-STATION-01,CHAMBER-01,1.0,125.0,5.0,168,output_voltage_drift,ELECTRICAL,uV,14.013,6007.9475,6008.6402,6009.167,5993.9345,0.0169,0.022,35.81,35.27,14.013,6007.9475,6008.6402,6009.167,5993.9345,100.0,False,NOMINAL,HEALTHY,34.96,-24.32
PRE_LOT05_COMP1190,LOT_05,PRECISION_VOLTAGE_REF,LCC-20,PRE-SIH-2026,THERMAL_BURN_IN,T05_1190,PROC-ISRO-IISU-01,ATE-STATION-01,CHAMBER-01,1.0,125.0,5.0,168,output_voltage_drift,ELECTRICAL,uV,16.3306,7004.3125,7005.1516,7005.8023,6987.9819,-0.0137,-0.0199,35.17,35.34,16.3306,7004.3125,7005.1516,7005.8023,6987.9819,100.0,False,NOMINAL,HEALTHY,11.61,-28.24
PRE_LOT05_COMP1191,LOT_05,PRECISION_VOLTAGE_REF,LCC-20,PRE-SIH-2026,THERMAL_BURN_IN,T05_1191,PROC-ISRO-IISU-01,ATE-STATION-01,CHAMBER-01,1.0,125.0,5.0,168,output_voltage_drift,ELECTRICAL,uV,15.7099,6735.5903,6736.4037,6737.047,6719.8804,0.0057,0.0578,33.13,33.1,15.7099,6735.5903,6736.4037,6737.047,6719.8804,100.0,False,NOMINAL,HEALTHY,-46.11,-34.65
PRE_LOT05_COMP1192,LOT_05,PRECISION_VOLTAGE_REF,LCC-20,PRE-SIH-2026,THERMAL_BURN_IN,T05_1192,PROC-ISRO-IISU-01,ATE-STATION-01,CHAMBER-01,1.0,125.0,5.0,168,output_voltage_drift,ELECTRICAL,uV,12.1303,5200.6079,5201.1923,5201.6164,5188.4776,-0.0088,-0.027,37.82,38.51,12.1303,5200.6079,5201.1923,5201.6164,5188.4776,100.0,False,NOMINAL,HEALTHY,-27.71,-11.91
PRE_LOT05_COMP1193,LOT_05,PRECISION_VOLTAGE_REF,LCC-20,PRE-SIH-2026,THERMAL_BURN_IN,T05_1193,PROC-ISRO-IISU-01,ATE-STATION-01,CHAMBER-01,1.0,125.0,5.0,168,output_voltage_drift,ELECTRICAL,uV,12.8002,5475.3873,5475.9179,5476.334,5462.5871,0.0148,0.0249,35.02,35.56,12.8002,5475.3873,5475.9179,5476.334,5462.5871,100.0,False,NOMINAL,HEALTHY,6.64,0.53
PRE_LOT05_COMP1194,LOT_05,PRECISION_VOLTAGE_REF,LCC-20,PRE-SIH-2026,THERMAL_BURN_IN,T05_1194,PROC-ISRO-IISU-01,ATE-STATION-01,CHAMBER-01,1.0,125.0,5.0,168,output_voltage_drift,ELECTRICAL,uV,14.7625,6321.7385,6322.4485,6322.9611,6306.976,0.011,0.0536,35.65,35.22,14.7625,6321.7385,6322.4485,6322.9611,6306.976,100.0,False,NOMINAL,HEALTHY,-48.61,-46.99
PRE_LOT05_COMP1195,LOT_05,PRECISION_VOLTAGE_REF,LCC-20,PRE-SIH-2026,THERMAL_BURN_IN,T05_1195,PROC-ISRO-IISU-01,ATE-STATION-01,CHAMBER-01,1.0,125.0,5.0,168,output_voltage_drift,ELECTRICAL,uV,13.715,5885.2738,5885.797,5886.2395,5871.5588,0.0065,-0.0624,36.69,37.46,13.715,5885.2738,5885.797,5886.2395,5871.5588,100.0,False,NOMINAL,HEALTHY,-8.44,-17.36
PRE_LOT05_COMP1196,LOT_05,PRECISION_VOLTAGE_REF,LCC-20,PRE-SIH-2026,THERMAL_BURN_IN,T05_1196,PROC-ISRO-IISU-01,ATE-STATION-01,CHAMBER-01,1.0,125.0,5.0,168,output_voltage_drift,ELECTRICAL,uV,12.2008,5231.6569,5232.28,5232.6304,5219.4561,0.0002,0.0028,36.9,37.35,12.2008,5231.6569,5232.28,5232.6304,5219.4561,100.0,False,NOMINAL,HEALTHY,36.02,1.62
PRE_LOT05_COMP1197,LOT_05,PRECISION_VOLTAGE_REF,LCC-20,PRE-SIH-2026,THERMAL_BURN_IN,T05_1197,PROC-ISRO-IISU-01,ATE-STATION-01,CHAMBER-01,1.0,125.0,5.0,168,output_voltage_drift,ELECTRICAL,uV,13.3709,5740.6742,5741.3326,5741.7598,5727.3033,-0.0243,-0.2123,35.39,35.91,13.3709,5740.6742,5741.3326,5741.7598,5727.3033,100.0,False,NOMINAL,HEALTHY,-38.82,-10.96
PRE_LOT05_COMP1198,LOT_05,PRECISION_VOLTAGE_REF,LCC-20,PRE-SIH-2026,THERMAL_BURN_IN,T05_1198,PROC-ISRO-IISU-01,ATE-STATION-01,CHAMBER-01,1.0,125.0,5.0,168,output_voltage_drift,ELECTRICAL,uV,14.8422,6366.1828,6366.9413,6367.4808,6351.3406,0.0605,0.099,34.96,35.04,14.8422,6366.1828,6366.9413,6367.4808,6351.3406,100.0,False,NOMINAL,HEALTHY,-31.86,-25.4
PRE_LOT05_COMP1199,LOT_05,PRECISION_VOLTAGE_REF,LCC-20,PRE-SIH-2026,THERMAL_BURN_IN,T05_1199,PROC-ISRO-IISU-01,ATE-STATION-01,CHAMBER-01,1.0,125.0,5.0,168,output_voltage_drift,ELECTRICAL,uV,16.7243,7168.949,7169.6195,7170.1585,7152.2247,0.0176,0.0176,32.5,32.22,16.7243,7168.949,7169.6195,7170.1585,7152.2247,100.0,False,NOMINAL,HEALTHY,11.21,-14.39
PRE_LOT05_COMP1200,LOT_05,PRECISION_VOLTAGE_REF,LCC-20,PRE-SIH-2026,THERMAL_BURN_IN,T05_1200,PROC-ISRO-IISU-01,ATE-STATION-01,CHAMBER-01,1.0,125.0,5.0,168,output_voltage_drift,ELECTRICAL,uV,17.8398,7642.5092,7643.3449,7643.9059,7624.6694,0.0059,-0.0358,34.12,33.97,17.8398,7642.5092,7643.3449,7643.9059,7624.6694,100.0,False,NOMINAL,HEALTHY,-3.84,-13.07
PRE_LOT05_COMP1201,LOT_05,PRECISION_VOLTAGE_REF,LCC-20,PRE-SIH-2026,THERMAL_BURN_IN,T05_1201,PROC-ISRO-IISU-01,ATE-STATION-01,CHAMBER-01,1.0,125.0,5.0,168,output_voltage_drift,ELECTRICAL,uV,13.5843,5825.5348,5826.1576,5826.6993,5811.9505,0.0051,-0.037,34.15,33.65,13.5843,5825.5348,5826.1576,5826.6993,5811.9505,100.0,False,NOMINAL,HEALTHY,-36.74,43.34
PRE_LOT05_COMP1202,LOT_05,PRECISION_VOLTAGE_REF,LCC-20,PRE-SIH-2026,THERMAL_BURN_IN,T05_1202,PROC-ISRO-IISU-01,ATE-STATION-01,CHAMBER-01,1.0,125.0,5.0,168,output_voltage_drift,ELECTRICAL,uV,14.6112,6264.0131,6264.6622,6265.1709,6249.4019,-0.0336,-0.0509,35.76,35.99,14.6112,6264.0131,6264.6622,6265.1709,6249.4019,100.0,False,NOMINAL,HEALTHY,-24.85,5.56
PRE_LOT05_COMP1203,LOT_05,PRECISION_VOLTAGE_REF,LCC-20,PRE-SIH-2026,THERMAL_BURN_IN,T05_1203,PROC-ISRO-IISU-01,ATE-STATION-01,CHAMBER-01,1.0,125.0,5.0,168,output_voltage_drift,ELECTRICAL,uV,16.7052,7154.5179,7155.3506,7155.9658,7137.8127,-0.03,0.0147,34.6,34.28,16.7052,7154.5179,7155.3506,7155.9658,7137.8127,100.0,False,NOMINAL,HEALTHY,47.26,-33.07
PRE_LOT05_COMP1204,LOT_05,PRECISION_VOLTAGE_REF,LCC-20,PRE-SIH-2026,THERMAL_BURN_IN,T05_1204,PROC-ISRO-IISU-01,ATE-STATION-01,CHAMBER-01,1.0,125.0,5.0,168,output_voltage_drift,ELECTRICAL,uV,14.0178,6004.8536,6005.4402,6005.8753,5990.8358,-0.04,-0.0599,35.76,35.32,14.0178,6004.8536,6005.4402,6005.8753,5990.8358,100.0,False,NOMINAL,HEALTHY,-0.96,-28.65
PRE_LOT05_COMP1205,LOT_05,PRECISION_VOLTAGE_REF,LCC-20,PRE-SIH-2026,THERMAL_BURN_IN,T05_1205,PROC-ISRO-IISU-01,ATE-STATION-01,CHAMBER-01,1.0,125.0,5.0,168,output_voltage_drift,ELECTRICAL,uV,14.2117,6085.6768,6086.4321,6086.9841,6071.4651,-0.0331,0.0513,34.87,34.74,14.2117,6085.6768,6086.4321,6086.9841,6071.4651,100.0,False,NOMINAL,HEALTHY,-46.71,-12.82
PRE_LOT05_COMP1206,LOT_05,PRECISION_VOLTAGE_REF,LCC-20,PRE-SIH-2026,THERMAL_BURN_IN,T05_1206,PROC-ISRO-IISU-01,ATE-STATION-01,CHAMBER-01,1.0,125.0,5.0,168,output_voltage_drift,ELECTRICAL,uV,13.1716,5647.4788,5648.1023,5648.5433,5634.3072,-0.008,0.0326,37.03,36.83,13.1716,5647.4788,5648.1023,5648.5433,5634.3072,100.0,False,NOMINAL,HEALTHY,4.73,33.97
PRE_LOT05_COMP1207,LOT_05,PRECISION_VOLTAGE_REF,LCC-20,PRE-SIH-2026,THERMAL_BURN_IN,T05_1207,PROC-ISRO-IISU-01,ATE-STATION-01,CHAMBER-01,1.0,125.0,5.0,168,output_voltage_drift,ELECTRICAL,uV,14.6732,6291.7569,6292.5317,6293.0897,6277.0837,-0.0168,-0.0919,35.1,35.53,14.6732,6291.7569,6292.5317,6293.0897,6277.0837,100.0,False,NOMINAL,HEALTHY,45.53,13.41
PRE_LOT05_COMP1208,LOT_05,PRECISION_VOLTAGE_REF,LCC-20,PRE-SIH-2026,THERMAL_BURN_IN,T05_1208,PROC-ISRO-IISU-01,ATE-STATION-01,CHAMBER-01,1.0,125.0,5.0,168,output_voltage_drift,ELECTRICAL,uV,11.9895,5136.5764,5137.1997,5137.6308,5124.5869,0.0318,0.03,36.06,35.89,11.9895,5136.5764,5137.1997,5137.6308,5124.5869,100.0,False,NOMINAL,HEALTHY,13.45,-37.32
PRE_LOT05_COMP1209,LOT_05,PRECISION_VOLTAGE_REF,LCC-20,PRE-SIH-2026,THERMAL_BURN_IN,T05_1209,PROC-ISRO-IISU-01,ATE-STATION-01,CHAMBER-01,1.0,125.0,5.0,168,output_voltage_drift,ELECTRICAL,uV,12.1086,5194.9682,5204.3715,5354.9809,5182.8596,-0.0162,-0.0772,35.34,34.87,12.1086,5194.9682,5204.3715,5354.9809,5182.8596,100.0,True,THERMAL_RUNAWAY,HEALTHY,-2.56,-39.44
PRE_LOT05_COMP1210,LOT_05,PRECISION_VOLTAGE_REF,LCC-20,PRE-SIH-2026,THERMAL_BURN_IN,T05_1210,PROC-ISRO-IISU-01,ATE-STATION-01,CHAMBER-01,1.0,125.0,5.0,168,output_voltage_drift,ELECTRICAL,uV,17.2246,7385.2611,7386.1153,7386.8122,7368.0365,0.012,0.0039,34.78,34.84,17.2246,7385.2611,7386.1153,7386.8122,7368.0365,100.0,False,NOMINAL,HEALTHY,-33.81,16.51
PRE_LOT05_COMP1211,LOT_05,PRECISION_VOLTAGE_REF,LCC-20,PRE-SIH-2026,THERMAL_BURN_IN,T05_1211,PROC-ISRO-IISU-01,ATE-STATION-01,CHAMBER-01,1.0,125.0,5.0,168,output_voltage_drift,ELECTRICAL,uV,13.5102,5801.8811,5802.5576,5803.0972,5788.3709,0.0377,0.0635,36.67,36.38,13.5102,5801.8811,5802.5576,5803.0972,5788.3709,100.0,False,NOMINAL,HEALTHY,8.96,45.71
PRE_LOT05_COMP1212,LOT_05,PRECISION_VOLTAGE_REF,LCC-20,PRE-SIH-2026,THERMAL_BURN_IN,T05_1212,PROC-ISRO-IISU-01,ATE-STATION-01,CHAMBER-01,1.0,125.0,5.0,168,output_voltage_drift,ELECTRICAL,uV,14.9062,6388.8421,6389.6093,6390.1499,6373.9359,0.0111,0.0606,37.02,37.4,14.9062,6388.8421,6389.6093,6390.1499,6373.9359,100.0,False,NOMINAL,HEALTHY,37.83,-33.74
PRE_LOT05_COMP1213,LOT_05,PRECISION_VOLTAGE_REF,LCC-20,PRE-SIH-2026,THERMAL_BURN_IN,T05_1213,PROC-ISRO-IISU-01,ATE-STATION-01,CHAMBER-01,1.0,125.0,5.0,168,output_voltage_drift,ELECTRICAL,uV,15.6339,6699.7825,6700.5266,6701.013,6684.1486,-0.0023,0.0145,35.64,36.19,15.6339,6699.7825,6700.5266,6701.013,6684.1486,100.0,False,NOMINAL,HEALTHY,26.71,30.64
PRE_LOT05_COMP1214,LOT_05,PRECISION_VOLTAGE_REF,LCC-20,PRE-SIH-2026,THERMAL_BURN_IN,T05_1214,PROC-ISRO-IISU-01,ATE-STATION-01,CHAMBER-01,1.0,125.0,5.0,168,output_voltage_drift,ELECTRICAL,uV,15.516,6647.1814,6647.888,6648.4228,6631.6654,0.0028,0.1062,35.02,35.19,15.516,6647.1814,6647.888,6648.4228,6631.6654,100.0,False,NOMINAL,HEALTHY,-34.53,19.75
PRE_LOT05_COMP1215,LOT_05,PRECISION_VOLTAGE_REF,LCC-20,PRE-SIH-2026,THERMAL_BURN_IN,T05_1215,PROC-ISRO-IISU-01,ATE-STATION-01,CHAMBER-01,1.0,125.0,5.0,168,output_voltage_drift,ELECTRICAL,uV,11.6871,5000.4985,5001.0255,5001.4638,4988.8114,-0.0276,0.0052,36.62,36.94,11.6871,5000.4985,5001.0255,5001.4638,4988.8114,100.0,False,NOMINAL,HEALTHY,-46.98,-48.88
PRE_LOT05_COMP1216,LOT_05,PRECISION_VOLTAGE_REF,LCC-20,PRE-SIH-2026,THERMAL_BURN_IN,T05_1216,PROC-ISRO-IISU-01,ATE-STATION-01,CHAMBER-01,1.0,125.0,5.0,168,output_voltage_drift,ELECTRICAL,uV,15.8009,6761.1942,6761.8898,6762.4787,6745.3933,-0.0483,-0.0612,33.76,34.4,15.8009,6761.1942,6761.8898,6762.4787,6745.3933,100.0,False,NOMINAL,HEALTHY,-32.01,6.04
PRE_LOT05_COMP1217,LOT_05,PRECISION_VOLTAGE_REF,LCC-20,PRE-SIH-2026,THERMAL_BURN_IN,T05_1217,PROC-ISRO-IISU-01,ATE-STATION-01,CHAMBER-01,1.0,125.0,5.0,168,output_voltage_drift,ELECTRICAL,uV,12.8143,5491.1529,5491.7649,5492.2045,5478.3386,0.012,-0.0588,36.83,36.45,12.8143,5491.1529,5491.7649,5492.2045,5478.3386,100.0,False,NOMINAL,HEALTHY,-42.68,-20.96
PRE_LOT05_COMP1218,LOT_05,PRECISION_VOLTAGE_REF,LCC-20,PRE-SIH-2026,THERMAL_BURN_IN,T05_1218,PROC-ISRO-IISU-01,ATE-STATION-01,CHAMBER-01,1.0,125.0,5.0,168,output_voltage_drift,ELECTRICAL,uV,13.1473,5633.4477,5634.0563,5634.458,5620.3004,0.0101,0.0403,34.2,34.75,13.1473,5633.4477,5634.0563,5634.458,5620.3004,100.0,False,NOMINAL,HEALTHY,36.81,-44.87
PRE_LOT05_COMP1219,LOT_05,PRECISION_VOLTAGE_REF,LCC-20,PRE-SIH-2026,THERMAL_BURN_IN,T05_1219,PROC-ISRO-IISU-01,ATE-STATION-01,CHAMBER-01,1.0,125.0,5.0,168,output_voltage_drift,ELECTRICAL,uV,10.9807,4700.5032,4701.0886,4701.4646,4689.5225,-0.0284,-0.0056,34.22,34.22,10.9807,4700.5032,4701.0886,4701.4646,4689.5225,100.0,False,NOMINAL,HEALTHY,6.13,-17.0
PRE_LOT05_COMP1220,LOT_05,PRECISION_VOLTAGE_REF,LCC-20,PRE-SIH-2026,THERMAL_BURN_IN,T05_1220,PROC-ISRO-IISU-01,ATE-STATION-01,CHAMBER-01,1.0,125.0,5.0,168,output_voltage_drift,ELECTRICAL,uV,16.813,7209.0105,7226.2215,7297.8542,7192.1975,-0.0009,-0.1268,35.06,34.94,16.813,7209.0105,7226.2215,7297.8542,7192.1975,100.0,True,ELECTROMIGRATION,HEALTHY,24.22,-29.14
PRE_LOT05_COMP1221,LOT_05,PRECISION_VOLTAGE_REF,LCC-20,PRE-SIH-2026,THERMAL_BURN_IN,T05_1221,PROC-ISRO-IISU-01,ATE-STATION-01,CHAMBER-01,1.0,125.0,5.0,168,output_voltage_drift,ELECTRICAL,uV,13.0997,5615.8492,5616.3737,5616.8679,5602.7495,-0.0011,0.0074,35.67,35.76,13.0997,5615.8492,5616.3737,5616.8679,5602.7495,100.0,False,NOMINAL,HEALTHY,-39.06,5.65
PRE_LOT05_COMP1222,LOT_05,PRECISION_VOLTAGE_REF,LCC-20,PRE-SIH-2026,THERMAL_BURN_IN,T05_1222,PROC-ISRO-IISU-01,ATE-STATION-01,CHAMBER-01,1.0,125.0,5.0,168,output_voltage_drift,ELECTRICAL,uV,12.7855,5489.678,5490.2514,5490.7554,5476.8925,-0.0057,-0.0838,33.74,34.11,12.7855,5489.678,5490.2514,5490.7554,5476.8925,100.0,False,NOMINAL,HEALTHY,-4.34,12.41
PRE_LOT05_COMP1223,LOT_05,PRECISION_VOLTAGE_REF,LCC-20,PRE-SIH-2026,THERMAL_BURN_IN,T05_1223,PROC-ISRO-IISU-01,ATE-STATION-01,CHAMBER-01,1.0,125.0,5.0,168,output_voltage_drift,ELECTRICAL,uV,11.3321,4862.5228,4863.007,4863.3626,4851.1907,-0.012,0.003,34.04,33.51,11.3321,4862.5228,4863.007,4863.3626,4851.1907,100.0,False,NOMINAL,HEALTHY,-37.42,-5.91
PRE_LOT05_COMP1224,LOT_05,PRECISION_VOLTAGE_REF,LCC-20,PRE-SIH-2026,THERMAL_BURN_IN,T05_1224,PROC-ISRO-IISU-01,ATE-STATION-01,CHAMBER-01,1.0,125.0,5.0,168,output_voltage_drift,ELECTRICAL,uV,14.84,6360.8948,6361.6124,6362.1108,6346.0548,-0.002,0.0712,35.11,35.14,14.84,6360.8948,6361.6124,6362.1108,6346.0548,100.0,False,NOMINAL,HEALTHY,-39.45,-31.1
PRE_LOT05_COMP1225,LOT_05,PRECISION_VOLTAGE_REF,LCC-20,PRE-SIH-2026,THERMAL_BURN_IN,T05_1225,PROC-ISRO-IISU-01,ATE-STATION-01,CHAMBER-01,1.0,125.0,5.0,168,output_voltage_drift,ELECTRICAL,uV,15.3501,6586.7616,6587.5401,6588.1667,6571.4115,0.0191,0.056,37.02,37.3,15.3501,6586.7616,6587.5401,6588.1667,6571.4115,100.0,False,NOMINAL,HEALTHY,-15.38,2.72
PRE_LOT05_COMP1226,LOT_05,PRECISION_VOLTAGE_REF,LCC-20,PRE-SIH-2026,THERMAL_BURN_IN,T05_1226,PROC-ISRO-IISU-01,ATE-STATION-01,CHAMBER-01,1.0,125.0,5.0,168,output_voltage_drift,ELECTRICAL,uV,14.966,6409.8379,6410.4628,6410.9496,6394.8719,-0.0156,0.0936,35.04,35.54,14.966,6409.8379,6410.4628,6410.9496,6394.8719,100.0,False,NOMINAL,HEALTHY,28.81,30.9
PRE_LOT05_COMP1227,LOT_05,PRECISION_VOLTAGE_REF,LCC-20,PRE-SIH-2026,THERMAL_BURN_IN,T05_1227,PROC-ISRO-IISU-01,ATE-STATION-01,CHAMBER-01,1.0,125.0,5.0,168,output_voltage_drift,ELECTRICAL,uV,15.6402,6706.4906,6707.2391,6707.747,6690.8504,0.0147,0.0798,35.01,34.05,15.6402,6706.4906,6707.2391,6707.747,6690.8504,100.0,False,NOMINAL,HEALTHY,-29.25,22.28
PRE_LOT05_COMP1228,LOT_05,PRECISION_VOLTAGE_REF,LCC-20,PRE-SIH-2026,THERMAL_BURN_IN,T05_1228,PROC-ISRO-IISU-01,ATE-STATION-01,CHAMBER-01,1.0,125.0,5.0,168,output_voltage_drift,ELECTRICAL,uV,9.8855,4240.7447,4241.2428,4241.581,4230.8592,-0.0109,0.0649,37.04,36.47,9.8855,4240.7447,4241.2428,4241.581,4230.8592,100.0,False,NOMINAL,HEALTHY,7.93,33.3
PRE_LOT05_COMP1229,LOT_05,PRECISION_VOLTAGE_REF,LCC-20,PRE-SIH-2026,THERMAL_BURN_IN,T05_1229,PROC-ISRO-IISU-01,ATE-STATION-01,CHAMBER-01,1.0,125.0,5.0,168,output_voltage_drift,ELECTRICAL,uV,15.4775,6630.6304,6631.3504,6631.9451,6615.1529,-0.0028,-0.0248,35.24,35.11,15.4775,6630.6304,6631.3504,6631.9451,6615.1529,100.0,False,NOMINAL,HEALTHY,-44.92,-44.54
PRE_LOT05_COMP1230,LOT_05,PRECISION_VOLTAGE_REF,LCC-20,PRE-SIH-2026,THERMAL_BURN_IN,T05_1230,PROC-ISRO-IISU-01,ATE-STATION-01,CHAMBER-01,1.0,125.0,5.0,168,output_voltage_drift,ELECTRICAL,uV,9.9101,4240.7879,4241.2332,4241.5993,4230.8778,-0.0452,-0.063,35.65,35.74,9.9101,4240.7879,4241.2332,4241.5993,4230.8778,100.0,False,NOMINAL,HEALTHY,16.8,3.56
PRE_LOT05_COMP1231,LOT_05,PRECISION_VOLTAGE_REF,LCC-20,PRE-SIH-2026,THERMAL_BURN_IN,T05_1231,PROC-ISRO-IISU-01,ATE-STATION-01,CHAMBER-01,1.0,125.0,5.0,168,output_voltage_drift,ELECTRICAL,uV,15.8883,6800.2197,6800.8787,6801.4109,6784.3314,0.0064,-0.0497,34.82,33.87,15.8883,6800.2197,6800.8787,6801.4109,6784.3314,100.0,False,NOMINAL,HEALTHY,20.65,-46.53
PRE_LOT05_COMP1232,LOT_05,PRECISION_VOLTAGE_REF,LCC-20,PRE-SIH-2026,THERMAL_BURN_IN,T05_1232,PROC-ISRO-IISU-01,ATE-STATION-01,CHAMBER-01,1.0,125.0,5.0,168,output_voltage_drift,ELECTRICAL,uV,12.9289,5555.1211,5569.8801,5631.2729,5542.1922,0.0232,0.0546,35.93,36.14,12.9289,5555.1211,5569.8801,5631.2729,5542.1922,100.0,True,ELECTROMIGRATION,HEALTHY,35.78,10.78
PRE_LOT05_COMP1233,LOT_05,PRECISION_VOLTAGE_REF,LCC-20,PRE-SIH-2026,THERMAL_BURN_IN,T05_1233,PROC-ISRO-IISU-01,ATE-STATION-01,CHAMBER-01,1.0,125.0,5.0,168,output_voltage_drift,ELECTRICAL,uV,15.8818,6803.6271,6804.388,6804.985,6787.7453,-0.0213,-0.0516,33.28,34.16,15.8818,6803.6271,6804.388,6804.985,6787.7453,100.0,False,NOMINAL,HEALTHY,-29.93,16.67
PRE_LOT05_COMP1234,LOT_05,PRECISION_VOLTAGE_REF,LCC-20,PRE-SIH-2026,THERMAL_BURN_IN,T05_1234,PROC-ISRO-IISU-01,ATE-STATION-01,CHAMBER-01,1.0,125.0,5.0,168,output_voltage_drift,ELECTRICAL,uV,14.9976,6432.4776,6433.2074,6433.7361,6417.48,-0.0245,-0.0167,34.02,34.56,14.9976,6432.4776,6433.2074,6433.7361,6417.48,100.0,False,NOMINAL,HEALTHY,-15.31,8.78
PRE_LOT05_COMP1235,LOT_05,PRECISION_VOLTAGE_REF,LCC-20,PRE-SIH-2026,THERMAL_BURN_IN,T05_1235,PROC-ISRO-IISU-01,ATE-STATION-01,CHAMBER-01,1.0,125.0,5.0,168,output_voltage_drift,ELECTRICAL,uV,12.9406,5559.7649,5560.4861,5560.9458,5546.8243,-0.0177,-0.0173,34.23,33.56,12.9406,5559.7649,5560.4861,5560.9458,5546.8243,100.0,False,NOMINAL,HEALTHY,-24.71,-40.91
PRE_LOT05_COMP1236,LOT_05,PRECISION_VOLTAGE_REF,LCC-20,PRE-SIH-2026,THERMAL_BURN_IN,T05_1236,PROC-ISRO-IISU-01,ATE-STATION-01,CHAMBER-01,1.0,125.0,5.0,168,output_voltage_drift,ELECTRICAL,uV,13.1838,5651.9975,5652.6474,5653.0219,5638.8137,0.0066,0.1139,36.34,36.44,13.1838,5651.9975,5652.6474,5653.0219,5638.8137,100.0,False,NOMINAL,HEALTHY,-38.33,0.71
PRE_LOT05_COMP1237,LOT_05,PRECISION_VOLTAGE_REF,LCC-20,PRE-SIH-2026,THERMAL_BURN_IN,T05_1237,PROC-ISRO-IISU-01,ATE-STATION-01,CHAMBER-01,1.0,125.0,5.0,168,output_voltage_drift,ELECTRICAL,uV,15.2624,6547.0038,6547.6753,6548.1929,6531.7414,-0.0047,0.0328,36.5,37.41,15.2624,6547.0038,6547.6753,6548.1929,6531.7414,100.0,False,NOMINAL,HEALTHY,-38.89,-13.9
PRE_LOT05_COMP1238,LOT_05,PRECISION_VOLTAGE_REF,LCC-20,PRE-SIH-2026,THERMAL_BURN_IN,T05_1238,PROC-ISRO-IISU-01,ATE-STATION-01,CHAMBER-01,1.0,125.0,5.0,168,output_voltage_drift,ELECTRICAL,uV,15.329,6574.1353,6574.9022,6575.4503,6558.8063,-0.009,-0.1143,35.13,34.82,15.329,6574.1353,6574.9022,6575.4503,6558.8063,100.0,False,NOMINAL,HEALTHY,12.81,-47.79
PRE_LOT05_COMP1239,LOT_05,PRECISION_VOLTAGE_REF,LCC-20,PRE-SIH-2026,THERMAL_BURN_IN,T05_1239,PROC-ISRO-IISU-01,ATE-STATION-01,CHAMBER-01,1.0,125.0,5.0,168,output_voltage_drift,ELECTRICAL,uV,14.2912,6127.0713,6127.7733,6128.2142,6112.7801,-0.0061,0.0641,32.73,33.56,14.2912,6127.0713,6127.7733,6128.2142,6112.7801,100.0,False,NOMINAL,HEALTHY,16.85,8.93
PRE_LOT05_COMP1240,LOT_05,PRECISION_VOLTAGE_REF,LCC-20,PRE-SIH-2026,THERMAL_BURN_IN,T05_1240,PROC-ISRO-IISU-01,ATE-STATION-01,CHAMBER-01,1.0,125.0,5.0,168,output_voltage_drift,ELECTRICAL,uV,16.0212,6869.8645,6870.596,6871.0989,6853.8433,0.0115,0.0302,34.3,33.77,16.0212,6869.8645,6870.596,6871.0989,6853.8433,100.0,False,NOMINAL,HEALTHY,46.65,-36.82
PRE_LOT05_COMP1241,LOT_05,PRECISION_VOLTAGE_REF,LCC-20,PRE-SIH-2026,THERMAL_BURN_IN,T05_1241,PROC-ISRO-IISU-01,ATE-STATION-01,CHAMBER-01,1.0,125.0,5.0,168,output_voltage_drift,ELECTRICAL,uV,15.1186,6476.856,6477.5586,6478.0682,6461.7374,0.0099,0.006,36.43,36.94,15.1186,6476.856,6477.5586,6478.0682,6461.7374,100.0,False,NOMINAL,HEALTHY,9.7,45.43
PRE_LOT05_COMP1242,LOT_05,PRECISION_VOLTAGE_REF,LCC-20,PRE-SIH-2026,THERMAL_BURN_IN,T05_1242,PROC-ISRO-IISU-01,ATE-STATION-01,CHAMBER-01,1.0,125.0,5.0,168,output_voltage_drift,ELECTRICAL,uV,15.3117,6563.2642,6563.9345,6564.4356,6547.9525,-0.0001,0.0473,31.87,31.83,15.3117,6563.2642,6563.9345,6564.4356,6547.9525,100.0,False,NOMINAL,HEALTHY,49.54,45.08
PRE_LOT05_COMP1243,LOT_05,PRECISION_VOLTAGE_REF,LCC-20,PRE-SIH-2026,THERMAL_BURN_IN,T05_1243,PROC-ISRO-IISU-01,ATE-STATION-01,CHAMBER-01,1.0,125.0,5.0,168,output_voltage_drift,ELECTRICAL,uV,16.5951,7107.3749,7108.2546,7108.8286,7090.7798,-0.0469,0.0589,31.33,31.11,16.5951,7107.3749,7108.2546,7108.8286,7090.7798,100.0,False,NOMINAL,HEALTHY,-27.71,-45.29
PRE_LOT05_COMP1244,LOT_05,PRECISION_VOLTAGE_REF,LCC-20,PRE-SIH-2026,THERMAL_BURN_IN,T05_1244,PROC-ISRO-IISU-01,ATE-STATION-01,CHAMBER-01,1.0,125.0,5.0,168,output_voltage_drift,ELECTRICAL,uV,13.8417,5946.7767,5947.3983,5947.9129,5932.935,0.0009,-0.0665,35.24,35.21,13.8417,5946.7767,5947.3983,5947.9129,5932.935,100.0,False,NOMINAL,HEALTHY,-49.95,14.76
PRE_LOT05_COMP1245,LOT_05,PRECISION_VOLTAGE_REF,LCC-20,PRE-SIH-2026,THERMAL_BURN_IN,T05_1245,PROC-ISRO-IISU-01,ATE-STATION-01,CHAMBER-01,1.0,125.0,5.0,168,output_voltage_drift,ELECTRICAL,uV,13.616,5837.0215,5837.7756,5838.3058,5823.4055,0.002,-0.0515,32.73,33.78,13.616,5837.0215,5837.7756,5838.3058,5823.4055,100.0,False,NOMINAL,HEALTHY,-24.95,-2.51
PRE_LOT05_COMP1246,LOT_05,PRECISION_VOLTAGE_REF,LCC-20,PRE-SIH-2026,THERMAL_BURN_IN,T05_1246,PROC-ISRO-IISU-01,ATE-STATION-01,CHAMBER-01,1.0,125.0,5.0,168,output_voltage_drift,ELECTRICAL,uV,15.0042,6441.4406,6442.2455,6442.7524,6426.4364,0.0078,0.0328,36.61,36.02,15.0042,6441.4406,6442.2455,6442.7524,6426.4364,100.0,False,NOMINAL,HEALTHY,39.35,18.1
PRE_LOT05_COMP1247,LOT_05,PRECISION_VOLTAGE_REF,LCC-20,PRE-SIH-2026,THERMAL_BURN_IN,T05_1247,PROC-ISRO-IISU-01,ATE-STATION-01,CHAMBER-01,1.0,125.0,5.0,168,output_voltage_drift,ELECTRICAL,uV,16.4356,7053.9961,7054.7298,7055.4052,7037.5605,0.0338,-0.0495,35.4,35.13,16.4356,7053.9961,7054.7298,7055.4052,7037.5605,100.0,False,NOMINAL,HEALTHY,-3.37,2.94
PRE_LOT05_COMP1248,LOT_05,PRECISION_VOLTAGE_REF,LCC-20,PRE-SIH-2026,THERMAL_BURN_IN,T05_1248,PROC-ISRO-IISU-01,ATE-STATION-01,CHAMBER-01,1.0,125.0,5.0,168,output_voltage_drift,ELECTRICAL,uV,14.3199,6146.8819,6147.5122,6148.0363,6132.562,-0.0288,-0.044,35.18,34.51,14.3199,6146.8819,6147.5122,6148.0363,6132.562,100.0,False,NOMINAL,HEALTHY,-22.42,-11.16
PRE_LOT05_COMP1249,LOT_05,PRECISION_VOLTAGE_REF,LCC-20,PRE-SIH-2026,THERMAL_BURN_IN,T05_1249,PROC-ISRO-IISU-01,ATE-STATION-01,CHAMBER-01,1.0,125.0,5.0,168,output_voltage_drift,ELECTRICAL,uV,13.5521,5813.938,5814.5912,5815.1551,5800.3859,0.0191,0.0205,36.26,35.74,13.5521,5813.938,5814.5912,5815.1551,5800.3859,100.0,False,NOMINAL,HEALTHY,3.89,-0.76
PRE_LOT05_COMP1250,LOT_05,PRECISION_VOLTAGE_REF,LCC-20,PRE-SIH-2026,THERMAL_BURN_IN,T05_1250,PROC-ISRO-IISU-01,ATE-STATION-01,CHAMBER-01,1.0,125.0,5.0,168,output_voltage_drift,ELECTRICAL,uV,15.815,6782.8816,6783.7159,6784.3937,6767.0666,-0.0154,-0.0137,35.83,35.11,15.815,6782.8816,6783.7159,6784.3937,6767.0666,100.0,False,NOMINAL,HEALTHY,35.04,-34.06
PRE_LOT05_COMP1251,LOT_05,PRECISION_VOLTAGE_REF,LCC-20,PRE-SIH-2026,THERMAL_BURN_IN,T05_1251,PROC-ISRO-IISU-01,ATE-STATION-01,CHAMBER-01,1.0,125.0,5.0,168,output_voltage_drift,ELECTRICAL,uV,13.5915,5834.9345,5835.6237,5836.0863,5821.343,-0.0353,-0.1248,33.73,33.88,13.5915,5834.9345,5835.6237,5836.0863,5821.343,100.0,False,NOMINAL,HEALTHY,33.34,35.45
PRE_LOT05_COMP1252,LOT_05,PRECISION_VOLTAGE_REF,LCC-20,PRE-SIH-2026,THERMAL_BURN_IN,T05_1252,PROC-ISRO-IISU-01,ATE-STATION-01,CHAMBER-01,1.0,125.0,5.0,168,output_voltage_drift,ELECTRICAL,uV,14.625,6271.9262,6272.6899,6273.2655,6257.3012,0.0125,0.0124,35.47,35.67,14.625,6271.9262,6272.6899,6273.2655,6257.3012,100.0,False,NOMINAL,HEALTHY,3.6,-10.68
PRE_LOT05_COMP1253,LOT_05,PRECISION_VOLTAGE_REF,LCC-20,PRE-SIH-2026,THERMAL_BURN_IN,T05_1253,PROC-ISRO-IISU-01,ATE-STATION-01,CHAMBER-01,1.0,125.0,5.0,168,output_voltage_drift,ELECTRICAL,uV,12.95,5557.1742,5557.8565,5558.3624,5544.2242,0.0043,0.0339,36.08,35.42,12.95,5557.1742,5557.8565,5558.3624,5544.2242,100.0,False,NOMINAL,HEALTHY,-4.95,-8.2
PRE_LOT05_COMP1254,LOT_05,PRECISION_VOLTAGE_REF,LCC-20,PRE-SIH-2026,THERMAL_BURN_IN,T05_1254,PROC-ISRO-IISU-01,ATE-STATION-01,CHAMBER-01,1.0,125.0,5.0,168,output_voltage_drift,ELECTRICAL,uV,16.9588,7266.8894,7267.7646,7268.4057,7249.9306,-0.0397,0.0402,34.38,33.72,16.9588,7266.8894,7267.7646,7268.4057,7249.9306,100.0,False,NOMINAL,HEALTHY,17.57,5.03
PRE_LOT05_COMP1255,LOT_05,PRECISION_VOLTAGE_REF,LCC-20,PRE-SIH-2026,THERMAL_BURN_IN,T05_1255,PROC-ISRO-IISU-01,ATE-STATION-01,CHAMBER-01,1.0,125.0,5.0,168,output_voltage_drift,ELECTRICAL,uV,13.7572,5903.345,5904.0619,5904.5943,5889.5878,0.0161,0.0064,33.96,32.8,13.7572,5903.345,5904.0619,5904.5943,5889.5878,100.0,False,NOMINAL,HEALTHY,-12.72,-31.43
PRE_LOT05_COMP1256,LOT_05,PRECISION_VOLTAGE_REF,LCC-20,PRE-SIH-2026,THERMAL_BURN_IN,T05_1256,PROC-ISRO-IISU-01,ATE-STATION-01,CHAMBER-01,1.0,125.0,5.0,168,output_voltage_drift,ELECTRICAL,uV,18.2055,7800.9559,7801.9673,7802.7057,7782.7504,0.0006,0.0694,33.4,32.25,18.2055,7800.9559,7801.9673,7802.7057,7782.7504,100.0,False,NOMINAL,HEALTHY,-16.54,11.67
PRE_LOT05_COMP1257,LOT_05,PRECISION_VOLTAGE_REF,LCC-20,PRE-SIH-2026,THERMAL_BURN_IN,T05_1257,PROC-ISRO-IISU-01,ATE-STATION-01,CHAMBER-01,1.0,125.0,5.0,168,output_voltage_drift,ELECTRICAL,uV,17.3596,7439.5373,7440.369,7440.9538,7422.1777,-0.0107,-0.0303,33.68,33.05,17.3596,7439.5373,7440.369,7440.9538,7422.1777,100.0,False,NOMINAL,HEALTHY,15.09,41.77
PRE_LOT05_COMP1258,LOT_05,PRECISION_VOLTAGE_REF,LCC-20,PRE-SIH-2026,THERMAL_BURN_IN,T05_1258,PROC-ISRO-IISU-01,ATE-STATION-01,CHAMBER-01,1.0,125.0,5.0,168,output_voltage_drift,ELECTRICAL,uV,13.2709,5698.4595,5699.1017,5699.5595,5685.1886,-0.0028,0.0294,36.19,36.26,13.2709,5698.4595,5699.1017,5699.5595,5685.1886,100.0,False,NOMINAL,HEALTHY,8.61,45.34
PRE_LOT05_COMP1259,LOT_05,PRECISION_VOLTAGE_REF,LCC-20,PRE-SIH-2026,THERMAL_BURN_IN,T05_1259,PROC-ISRO-IISU-01,ATE-STATION-01,CHAMBER-01,1.0,125.0,5.0,168,output_voltage_drift,ELECTRICAL,uV,18.5126,7937.6086,7938.472,7939.0371,7919.096,0.0178,0.046,34.88,34.89,18.5126,7937.6086,7938.472,7939.0371,7919.096,100.0,False,NOMINAL,HEALTHY,37.19,34.53
PRE_LOT05_COMP1260,LOT_05,PRECISION_VOLTAGE_REF,LCC-20,PRE-SIH-2026,THERMAL_BURN_IN,T05_1260,PROC-ISRO-IISU-01,ATE-STATION-01,CHAMBER-01,1.0,125.0,5.0,168,output_voltage_drift,ELECTRICAL,uV,13.5407,5814.1002,5814.6682,5815.1464,5800.5595,0.0087,0.0421,35.9,35.82,13.5407,5814.1002,5814.6682,5815.1464,5800.5595,100.0,False,NOMINAL,HEALTHY,-26.42,-6.73
PRE_LOT05_COMP1261,LOT_05,PRECISION_VOLTAGE_REF,LCC-20,PRE-SIH-2026,THERMAL_BURN_IN,T05_1261,PROC-ISRO-IISU-01,ATE-STATION-01,CHAMBER-01,1.0,125.0,5.0,168,output_voltage_drift,ELECTRICAL,uV,15.7129,6726.4593,6727.1781,6727.7131,6710.7464,0.0164,0.0558,35.47,34.92,15.7129,6726.4593,6727.1781,6727.7131,6710.7464,100.0,False,NOMINAL,HEALTHY,-27.36,42.55
PRE_LOT05_COMP1262,LOT_05,PRECISION_VOLTAGE_REF,LCC-20,PRE-SIH-2026,THERMAL_BURN_IN,T05_1262,PROC-ISRO-IISU-01,ATE-STATION-01,CHAMBER-01,1.0,125.0,5.0,168,output_voltage_drift,ELECTRICAL,uV,12.5189,5362.4745,5363.016,5363.4475,5349.9556,-0.0192,-0.0844,35.41,35.06,12.5189,5362.4745,5363.016,5363.4475,5349.9556,100.0,False,NOMINAL,HEALTHY,-16.64,0.49
PRE_LOT05_COMP1263,LOT_05,PRECISION_VOLTAGE_REF,LCC-20,PRE-SIH-2026,THERMAL_BURN_IN,T05_1263,PROC-ISRO-IISU-01,ATE-STATION-01,CHAMBER-01,1.0,125.0,5.0,168,output_voltage_drift,ELECTRICAL,uV,15.5688,6668.6047,6669.3948,6669.9363,6653.0359,-0.0142,-0.0051,35.38,35.04,15.5688,6668.6047,6669.3948,6669.9363,6653.0359,100.0,False,NOMINAL,HEALTHY,-7.63,-40.46
PRE_LOT05_COMP1264,LOT_05,PRECISION_VOLTAGE_REF,LCC-20,PRE-SIH-2026,THERMAL_BURN_IN,T05_1264,PROC-ISRO-IISU-01,ATE-STATION-01,CHAMBER-01,1.0,125.0,5.0,168,output_voltage_drift,ELECTRICAL,uV,13.8026,5913.5169,5914.1205,5914.6808,5899.7143,-0.0095,-0.0724,36.13,36.19,13.8026,5913.5169,5914.1205,5914.6808,5899.7143,100.0,False,NOMINAL,HEALTHY,9.39,12.91
PRE_LOT05_COMP1265,LOT_05,PRECISION_VOLTAGE_REF,LCC-20,PRE-SIH-2026,THERMAL_BURN_IN,T05_1265,PROC-ISRO-IISU-01,ATE-STATION-01,CHAMBER-01,1.0,125.0,5.0,168,output_voltage_drift,ELECTRICAL,uV,14.8895,6382.8208,6383.5025,6384.0485,6367.9313,-0.0186,-0.0093,34.1,34.28,14.8895,6382.8208,6383.5025,6384.0485,6367.9313,100.0,False,NOMINAL,HEALTHY,-40.59,12.11
PRE_LOT05_COMP1266,LOT_05,PRECISION_VOLTAGE_REF,LCC-20,PRE-SIH-2026,THERMAL_BURN_IN,T05_1266,PROC-ISRO-IISU-01,ATE-STATION-01,CHAMBER-01,1.0,125.0,5.0,168,output_voltage_drift,ELECTRICAL,uV,14.4615,6197.5754,6198.2605,6198.8301,6183.1139,-0.0116,0.0142,34.19,34.62,14.4615,6197.5754,6198.2605,6198.8301,6183.1139,100.0,False,NOMINAL,HEALTHY,-23.9,-10.98
PRE_LOT05_COMP1267,LOT_05,PRECISION_VOLTAGE_REF,LCC-20,PRE-SIH-2026,THERMAL_BURN_IN,T05_1267,PROC-ISRO-IISU-01,ATE-STATION-01,CHAMBER-01,1.0,125.0,5.0,168,output_voltage_drift,ELECTRICAL,uV,12.9441,5552.4363,5553.0663,5553.5347,5539.4922,-0.0211,-0.0259,34.18,34.46,12.9441,5552.4363,5553.0663,5553.5347,5539.4922,100.0,False,NOMINAL,HEALTHY,-47.86,26.71
PRE_LOT05_COMP1268,LOT_05,PRECISION_VOLTAGE_REF,LCC-20,PRE-SIH-2026,THERMAL_BURN_IN,T05_1268,PROC-ISRO-IISU-01,ATE-STATION-01,CHAMBER-01,1.0,125.0,5.0,168,output_voltage_drift,ELECTRICAL,uV,13.4326,5752.7123,5753.3928,5753.8721,5739.2797,-0.0016,0.0642,37.35,37.14,13.4326,5752.7123,5753.3928,5753.8721,5739.2797,100.0,False,NOMINAL,HEALTHY,-48.39,27.34
PRE_LOT05_COMP1269,LOT_05,PRECISION_VOLTAGE_REF,LCC-20,PRE-SIH-2026,THERMAL_BURN_IN,T05_1269,PROC-ISRO-IISU-01,ATE-STATION-01,CHAMBER-01,1.0,125.0,5.0,168,output_voltage_drift,ELECTRICAL,uV,12.6283,5412.9101,5413.4887,5413.8924,5400.2818,-0.0179,-0.0727,34.93,34.28,12.6283,5412.9101,5413.4887,5413.8924,5400.2818,100.0,False,NOMINAL,HEALTHY,17.24,0.59
PRE_LOT05_COMP1270,LOT_05,PRECISION_VOLTAGE_REF,LCC-20,PRE-SIH-2026,THERMAL_BURN_IN,T05_1270,PROC-ISRO-IISU-01,ATE-STATION-01,CHAMBER-01,1.0,125.0,5.0,168,output_voltage_drift,ELECTRICAL,uV,15.0146,6446.9409,6447.6016,6448.1439,6431.9263,0.0133,-0.0106,35.95,36.25,15.0146,6446.9409,6447.6016,6448.1439,6431.9263,100.0,False,NOMINAL,HEALTHY,28.06,-38.3
PRE_LOT05_COMP1271,LOT_05,PRECISION_VOLTAGE_REF,LCC-20,PRE-SIH-2026,THERMAL_BURN_IN,T05_1271,PROC-ISRO-IISU-01,ATE-STATION-01,CHAMBER-01,1.0,125.0,5.0,168,output_voltage_drift,ELECTRICAL,uV,13.1579,5642.5481,5643.1569,5643.6323,5629.3902,0.01,0.0743,38.43,37.56,13.1579,5642.5481,5643.1569,5643.6323,5629.3902,100.0,False,NOMINAL,HEALTHY,48.43,38.99
PRE_LOT05_COMP1272,LOT_05,PRECISION_VOLTAGE_REF,LCC-20,PRE-SIH-2026,THERMAL_BURN_IN,T05_1272,PROC-ISRO-IISU-01,ATE-STATION-01,CHAMBER-01,1.0,125.0,5.0,168,output_voltage_drift,ELECTRICAL,uV,11.6186,4982.888,4983.4485,4983.862,4971.2694,-0.0226,-0.0755,34.66,34.51,11.6186,4982.888,4983.4485,4983.862,4971.2694,100.0,False,NOMINAL,HEALTHY,-31.53,14.11
PRE_LOT05_COMP1273,LOT_05,PRECISION_VOLTAGE_REF,LCC-20,PRE-SIH-2026,THERMAL_BURN_IN,T05_1273,PROC-ISRO-IISU-01,ATE-STATION-01,CHAMBER-01,1.0,125.0,5.0,168,output_voltage_drift,ELECTRICAL,uV,16.6284,7136.6137,7137.4602,7138.0695,7119.9853,-0.0017,0.0154,34.54,33.54,16.6284,7136.6137,7137.4602,7138.0695,7119.9853,100.0,False,NOMINAL,HEALTHY,25.78,-4.41
PRE_LOT05_COMP1274,LOT_05,PRECISION_VOLTAGE_REF,LCC-20,PRE-SIH-2026,THERMAL_BURN_IN,T05_1274,PROC-ISRO-IISU-01,ATE-STATION-01,CHAMBER-01,1.0,125.0,5.0,168,output_voltage_drift,ELECTRICAL,uV,13.6318,5845.0982,5845.7088,5846.1647,5831.4664,0.0252,0.0251,36.41,37.15,13.6318,5845.0982,5845.7088,5846.1647,5831.4664,100.0,False,NOMINAL,HEALTHY,19.46,-12.89
PRE_LOT05_COMP1275,LOT_05,PRECISION_VOLTAGE_REF,LCC-20,PRE-SIH-2026,THERMAL_BURN_IN,T05_1275,PROC-ISRO-IISU-01,ATE-STATION-01,CHAMBER-01,1.0,125.0,5.0,168,output_voltage_drift,ELECTRICAL,uV,14.5792,6244.9437,6245.6251,6246.1429,6230.3645,-0.0225,0.0175,34.8,34.88,14.5792,6244.9437,6245.6251,6246.1429,6230.3645,100.0,False,NOMINAL,HEALTHY,24.6,-38.06
PRE_LOT05_COMP1276,LOT_05,PRECISION_VOLTAGE_REF,LCC-20,PRE-SIH-2026,THERMAL_BURN_IN,T05_1276,PROC-ISRO-IISU-01,ATE-STATION-01,CHAMBER-01,1.0,125.0,5.0,168,output_voltage_drift,ELECTRICAL,uV,14.7665,6340.4144,6341.1017,6341.6727,6325.6479,-0.0034,0.02,35.74,35.43,14.7665,6340.4144,6341.1017,6341.6727,6325.6479,100.0,False,NOMINAL,HEALTHY,-16.75,-8.94
PRE_LOT05_COMP1277,LOT_05,PRECISION_VOLTAGE_REF,LCC-20,PRE-SIH-2026,THERMAL_BURN_IN,T05_1277,PROC-ISRO-IISU-01,ATE-STATION-01,CHAMBER-01,1.0,125.0,5.0,168,output_voltage_drift,ELECTRICAL,uV,12.4336,5337.681,5338.278,5338.7024,5325.2474,-0.0083,0.0091,34.73,35.45,12.4336,5337.681,5338.278,5338.7024,5325.2474,100.0,False,NOMINAL,HEALTHY,37.14,-5.75
PRE_LOT05_COMP1278,LOT_05,PRECISION_VOLTAGE_REF,LCC-20,PRE-SIH-2026,THERMAL_BURN_IN,T05_1278,PROC-ISRO-IISU-01,ATE-STATION-01,CHAMBER-01,1.0,125.0,5.0,168,output_voltage_drift,ELECTRICAL,uV,15.2217,6518.7544,6519.5472,6520.0989,6503.5327,-0.0049,-0.0815,36.11,36.8,15.2217,6518.7544,6519.5472,6520.0989,6503.5327,100.0,False,NOMINAL,HEALTHY,-19.72,24.55
PRE_LOT05_COMP1279,LOT_05,PRECISION_VOLTAGE_REF,LCC-20,PRE-SIH-2026,THERMAL_BURN_IN,T05_1279,PROC-ISRO-IISU-01,ATE-STATION-01,CHAMBER-01,1.0,125.0,5.0,168,output_voltage_drift,ELECTRICAL,uV,12.4786,5348.146,5348.7851,5349.2376,5335.6674,0.0153,0.0647,35.49,35.38,12.4786,5348.146,5348.7851,5349.2376,5335.6674,100.0,False,NOMINAL,HEALTHY,44.34,-22.03
PRE_LOT05_COMP1280,LOT_05,PRECISION_VOLTAGE_REF,LCC-20,PRE-SIH-2026,THERMAL_BURN_IN,T05_1280,PROC-ISRO-IISU-01,ATE-STATION-01,CHAMBER-01,1.0,125.0,5.0,168,output_voltage_drift,ELECTRICAL,uV,15.2737,6546.9542,6547.6898,6548.2456,6531.6805,-0.022,0.1605,34.94,34.7,15.2737,6546.9542,6547.6898,6548.2456,6531.6805,100.0,False,NOMINAL,HEALTHY,9.24,-3.06
PRE_LOT05_COMP1281,LOT_05,PRECISION_VOLTAGE_REF,LCC-20,PRE-SIH-2026,THERMAL_BURN_IN,T05_1281,PROC-ISRO-IISU-01,ATE-STATION-01,CHAMBER-01,1.0,125.0,5.0,168,output_voltage_drift,ELECTRICAL,uV,11.4092,4897.5912,4898.1168,4898.5868,4886.182,-0.0278,-0.0529,33.95,34.45,11.4092,4897.5912,4898.1168,4898.5868,4886.182,100.0,False,NOMINAL,HEALTHY,-8.5,40.96
PRE_LOT05_COMP1282,LOT_05,PRECISION_VOLTAGE_REF,LCC-20,PRE-SIH-2026,THERMAL_BURN_IN,T05_1282,PROC-ISRO-IISU-01,ATE-STATION-01,CHAMBER-01,1.0,125.0,5.0,168,output_voltage_drift,ELECTRICAL,uV,14.9273,6410.9633,6411.7356,6412.2289,6396.036,0.014,-0.009,35.41,34.9,14.9273,6410.9633,6411.7356,6412.2289,6396.036,100.0,False,NOMINAL,HEALTHY,36.83,49.21
PRE_LOT05_COMP1283,LOT_05,PRECISION_VOLTAGE_REF,LCC-20,PRE-SIH-2026,THERMAL_BURN_IN,T05_1283,PROC-ISRO-IISU-01,ATE-STATION-01,CHAMBER-01,1.0,125.0,5.0,168,output_voltage_drift,ELECTRICAL,uV,13.3434,5727.2213,5727.918,5728.4946,5713.8779,-0.0049,0.0007,32.27,32.64,13.3434,5727.2213,5727.918,5728.4946,5713.8779,100.0,False,NOMINAL,HEALTHY,5.98,32.35
PRE_LOT05_COMP1284,LOT_05,PRECISION_VOLTAGE_REF,LCC-20,PRE-SIH-2026,THERMAL_BURN_IN,T05_1284,PROC-ISRO-IISU-01,ATE-STATION-01,CHAMBER-01,1.0,125.0,5.0,168,output_voltage_drift,ELECTRICAL,uV,14.9517,6408.2122,6408.8809,6409.3972,6393.2605,0.0357,0.0773,36.93,37.14,14.9517,6408.2122,6408.8809,6409.3972,6393.2605,100.0,False,NOMINAL,HEALTHY,34.97,35.6
PRE_LOT05_COMP1285,LOT_05,PRECISION_VOLTAGE_REF,LCC-20,PRE-SIH-2026,THERMAL_BURN_IN,T05_1285,PROC-ISRO-IISU-01,ATE-STATION-01,CHAMBER-01,1.0,125.0,5.0,168,output_voltage_drift,ELECTRICAL,uV,13.3898,5732.3478,5732.9699,5733.377,5718.958,0.036,0.1224,34.69,34.62,13.3898,5732.3478,5732.9699,5733.377,5718.958,100.0,False,NOMINAL,HEALTHY,40.73,-28.92
PRE_LOT05_COMP1286,LOT_05,PRECISION_VOLTAGE_REF,LCC-20,PRE-SIH-2026,THERMAL_BURN_IN,T05_1286,PROC-ISRO-IISU-01,ATE-STATION-01,CHAMBER-01,1.0,125.0,5.0,168,output_voltage_drift,ELECTRICAL,uV,12.2803,5266.0516,5266.642,5267.1441,5253.7713,0.0194,0.0827,32.17,32.12,12.2803,5266.0516,5266.642,5267.1441,5253.7713,100.0,False,NOMINAL,HEALTHY,45.37,44.87
PRE_LOT05_COMP1287,LOT_05,PRECISION_VOLTAGE_REF,LCC-20,PRE-SIH-2026,THERMAL_BURN_IN,T05_1287,PROC-ISRO-IISU-01,ATE-STATION-01,CHAMBER-01,1.0,125.0,5.0,168,output_voltage_drift,ELECTRICAL,uV,14.3659,6157.9018,6158.6161,6159.2094,6143.5359,-0.0019,-0.0496,34.0,34.16,14.3659,6157.9018,6158.6161,6159.2094,6143.5359,100.0,False,NOMINAL,HEALTHY,-37.18,-14.24
PRE_LOT05_COMP1288,LOT_05,PRECISION_VOLTAGE_REF,LCC-20,PRE-SIH-2026,THERMAL_BURN_IN,T05_1288,PROC-ISRO-IISU-01,ATE-STATION-01,CHAMBER-01,1.0,125.0,5.0,168,output_voltage_drift,ELECTRICAL,uV,13.5348,5803.0467,5803.7032,5804.1025,5789.5119,0.0574,0.044,32.41,32.35,13.5348,5803.0467,5803.7032,5804.1025,5789.5119,100.0,False,NOMINAL,HEALTHY,-10.75,-40.34
PRE_LOT05_COMP1289,LOT_05,PRECISION_VOLTAGE_REF,LCC-20,PRE-SIH-2026,THERMAL_BURN_IN,T05_1289,PROC-ISRO-IISU-01,ATE-STATION-01,CHAMBER-01,1.0,125.0,5.0,168,output_voltage_drift,ELECTRICAL,uV,14.0868,6045.5724,6046.1727,6046.6635,6031.4856,0.0071,-0.0381,35.03,34.93,14.0868,6045.5724,6046.1727,6046.6635,6031.4856,100.0,False,NOMINAL,HEALTHY,-3.54,-45.65
PRE_LOT05_COMP1290,LOT_05,PRECISION_VOLTAGE_REF,LCC-20,PRE-SIH-2026,THERMAL_BURN_IN,T05_1290,PROC-ISRO-IISU-01,ATE-STATION-01,CHAMBER-01,1.0,125.0,5.0,168,output_voltage_drift,ELECTRICAL,uV,15.3344,6567.3552,6568.0888,6568.6576,6552.0208,0.0379,-0.014,37.62,38.14,15.3344,6567.3552,6568.0888,6568.6576,6552.0208,100.0,False,NOMINAL,HEALTHY,-0.29,29.97
PRE_LOT05_COMP1291,LOT_05,PRECISION_VOLTAGE_REF,LCC-20,PRE-SIH-2026,THERMAL_BURN_IN,T05_1291,PROC-ISRO-IISU-01,ATE-STATION-01,CHAMBER-01,1.0,125.0,5.0,168,output_voltage_drift,ELECTRICAL,uV,12.4482,5334.2489,5334.8137,5335.2027,5321.8007,0.0022,-0.0093,34.35,33.43,12.4482,5334.2489,5334.8137,5335.2027,5321.8007,100.0,False,NOMINAL,HEALTHY,-31.83,26.72
PRE_LOT05_COMP1292,LOT_05,PRECISION_VOLTAGE_REF,LCC-20,PRE-SIH-2026,THERMAL_BURN_IN,T05_1292,PROC-ISRO-IISU-01,ATE-STATION-01,CHAMBER-01,1.0,125.0,5.0,168,output_voltage_drift,ELECTRICAL,uV,14.2016,6095.204,6095.8867,6096.4653,6081.0024,-0.0321,-0.0547,35.12,34.07,14.2016,6095.204,6095.8867,6096.4653,6081.0024,100.0,False,NOMINAL,HEALTHY,-31.69,22.73
PRE_LOT05_COMP1293,LOT_05,PRECISION_VOLTAGE_REF,LCC-20,PRE-SIH-2026,THERMAL_BURN_IN,T05_1293,PROC-ISRO-IISU-01,ATE-STATION-01,CHAMBER-01,1.0,125.0,5.0,168,output_voltage_drift,ELECTRICAL,uV,13.998,6009.964,6010.6274,6011.0501,5995.966,-0.0429,-0.0496,35.24,35.15,13.998,6009.964,6010.6274,6011.0501,5995.966,100.0,False,NOMINAL,HEALTHY,-35.73,-28.4
PRE_LOT05_COMP1294,LOT_05,PRECISION_VOLTAGE_REF,LCC-20,PRE-SIH-2026,THERMAL_BURN_IN,T05_1294,PROC-ISRO-IISU-01,ATE-STATION-01,CHAMBER-01,1.0,125.0,5.0,168,output_voltage_drift,ELECTRICAL,uV,12.5584,5383.1401,5383.7777,5384.2804,5370.5817,-0.0389,-0.1271,36.44,36.68,12.5584,5383.1401,5383.7777,5384.2804,5370.5817,100.0,False,NOMINAL,HEALTHY,30.93,9.53
PRE_LOT05_COMP1295,LOT_05,PRECISION_VOLTAGE_REF,LCC-20,PRE-SIH-2026,THERMAL_BURN_IN,T05_1295,PROC-ISRO-IISU-01,ATE-STATION-01,CHAMBER-01,1.0,125.0,5.0,168,output_voltage_drift,ELECTRICAL,uV,11.1403,4764.7488,4765.2798,4765.6926,4753.6085,0.0128,0.0551,32.88,33.18,11.1403,4764.7488,4765.2798,4765.6926,4753.6085,100.0,False,NOMINAL,HEALTHY,49.43,6.51
PRE_LOT05_COMP1296,LOT_05,PRECISION_VOLTAGE_REF,LCC-20,PRE-SIH-2026,THERMAL_BURN_IN,T05_1296,PROC-ISRO-IISU-01,ATE-STATION-01,CHAMBER-01,1.0,125.0,5.0,168,output_voltage_drift,ELECTRICAL,uV,15.3706,6587.3499,6588.1694,6588.8248,6571.9793,0.0097,-0.0025,35.44,35.16,15.3706,6587.3499,6588.1694,6588.8248,6571.9793,100.0,False,NOMINAL,HEALTHY,8.44,11.65
PRE_LOT05_COMP1297,LOT_05,PRECISION_VOLTAGE_REF,LCC-20,PRE-SIH-2026,THERMAL_BURN_IN,T05_1297,PROC-ISRO-IISU-01,ATE-STATION-01,CHAMBER-01,1.0,125.0,5.0,168,output_voltage_drift,ELECTRICAL,uV,14.2405,6101.7664,6111.2577,6262.0465,6087.5259,-0.0042,-0.0757,34.79,35.18,14.2405,6101.7664,6111.2577,6262.0465,6087.5259,100.0,True,THERMAL_RUNAWAY,HEALTHY,14.18,-28.89
PRE_LOT05_COMP1298,LOT_05,PRECISION_VOLTAGE_REF,LCC-20,PRE-SIH-2026,THERMAL_BURN_IN,T05_1298,PROC-ISRO-IISU-01,ATE-STATION-01,CHAMBER-01,1.0,125.0,5.0,168,output_voltage_drift,ELECTRICAL,uV,14.0954,6042.6838,6043.3257,6043.8376,6028.5884,0.006,0.0017,34.72,34.68,14.0954,6042.6838,6043.3257,6043.8376,6028.5884,100.0,False,NOMINAL,HEALTHY,29.75,-16.17
PRE_LOT05_COMP1299,LOT_05,PRECISION_VOLTAGE_REF,LCC-20,PRE-SIH-2026,THERMAL_BURN_IN,T05_1299,PROC-ISRO-IISU-01,ATE-STATION-01,CHAMBER-01,1.0,125.0,5.0,168,output_voltage_drift,ELECTRICAL,uV,15.1737,6513.7545,6514.4738,6514.9113,6498.5808,-0.0039,-0.0472,36.85,37.78,15.1737,6513.7545,6514.4738,6514.9113,6498.5808,100.0,False,NOMINAL,HEALTHY,26.73,-16.05
PRE_LOT05_COMP1300,LOT_05,PRECISION_VOLTAGE_REF,LCC-20,PRE-SIH-2026,THERMAL_BURN_IN,T05_1300,PROC-ISRO-IISU-01,ATE-STATION-01,CHAMBER-01,1.0,125.0,5.0,168,output_voltage_drift,ELECTRICAL,uV,16.1604,6929.4132,6930.1463,6930.777,6913.2528,-0.0283,-0.0364,35.67,35.51,16.1604,6929.4132,6930.1463,6930.777,6913.2528,100.0,False,NOMINAL,HEALTHY,-44.93,20.46
PRE_LOT05_COMP1301,LOT_05,PRECISION_VOLTAGE_REF,LCC-20,PRE-SIH-2026,THERMAL_BURN_IN,T05_1301,PROC-ISRO-IISU-01,ATE-STATION-01,CHAMBER-01,1.0,125.0,5.0,168,output_voltage_drift,ELECTRICAL,uV,16.1421,6919.191,6920.1264,6920.8097,6903.0489,0.008,-0.058,34.9,34.16,16.1421,6919.191,6920.1264,6920.8097,6903.0489,100.0,False,NOMINAL,HEALTHY,16.62,-2.62
PRE_LOT05_COMP1302,LOT_05,PRECISION_VOLTAGE_REF,LCC-20,PRE-SIH-2026,THERMAL_BURN_IN,T05_1302,PROC-ISRO-IISU-01,ATE-STATION-01,CHAMBER-01,1.0,125.0,5.0,168,output_voltage_drift,ELECTRICAL,uV,14.2579,6120.2558,6120.9797,6121.5382,6105.9979,-0.0367,-0.0535,34.99,34.9,14.2579,6120.2558,6120.9797,6121.5382,6105.9979,100.0,False,NOMINAL,HEALTHY,-10.59,4.3
PRE_LOT05_COMP1303,LOT_05,PRECISION_VOLTAGE_REF,LCC-20,PRE-SIH-2026,THERMAL_BURN_IN,T05_1303,PROC-ISRO-IISU-01,ATE-STATION-01,CHAMBER-01,1.0,125.0,5.0,168,output_voltage_drift,ELECTRICAL,uV,12.4534,5344.2135,5344.8451,5345.3179,5331.7601,0.011,-0.0719,37.23,37.57,12.4534,5344.2135,5344.8451,5345.3179,5331.7601,100.0,False,NOMINAL,HEALTHY,-21.08,25.09
PRE_LOT05_COMP1304,LOT_05,PRECISION_VOLTAGE_REF,LCC-20,PRE-SIH-2026,THERMAL_BURN_IN,T05_1304,PROC-ISRO-IISU-01,ATE-STATION-01,CHAMBER-01,1.0,125.0,5.0,168,output_voltage_drift,ELECTRICAL,uV,13.4375,5755.0257,5755.6076,5756.0399,5741.5882,0.0269,0.122,35.75,35.82,13.4375,5755.0257,5755.6076,5756.0399,5741.5882,100.0,False,NOMINAL,HEALTHY,-34.96,14.83
PRE_LOT05_COMP1305,LOT_05,PRECISION_VOLTAGE_REF,LCC-20,PRE-SIH-2026,THERMAL_BURN_IN,T05_1305,PROC-ISRO-IISU-01,ATE-STATION-01,CHAMBER-01,1.0,125.0,5.0,168,output_voltage_drift,ELECTRICAL,uV,18.5387,7948.965,7949.7894,7950.4352,7930.4263,-0.0194,0.0069,36.13,35.85,18.5387,7948.965,7949.7894,7950.4352,7930.4263,100.0,False,NOMINAL,HEALTHY,12.71,-1.91
PRE_LOT05_COMP1306,LOT_05,PRECISION_VOLTAGE_REF,LCC-20,PRE-SIH-2026,THERMAL_BURN_IN,T05_1306,PROC-ISRO-IISU-01,ATE-STATION-01,CHAMBER-01,1.0,125.0,5.0,168,output_voltage_drift,ELECTRICAL,uV,19.0768,8178.6168,8179.5172,8180.2221,8159.54,-0.0099,0.0174,34.52,33.84,19.0768,8178.6168,8179.5172,8180.2221,8159.54,100.0,False,NOMINAL,HEALTHY,-20.21,-15.8
PRE_LOT05_COMP1307,LOT_05,PRECISION_VOLTAGE_REF,LCC-20,PRE-SIH-2026,THERMAL_BURN_IN,T05_1307,PROC-ISRO-IISU-01,ATE-STATION-01,CHAMBER-01,1.0,125.0,5.0,168,output_voltage_drift,ELECTRICAL,uV,13.2499,5691.3347,5691.8809,5692.3249,5678.0848,-0.0229,-0.0711,35.21,35.58,13.2499,5691.3347,5691.8809,5692.3249,5678.0848,100.0,False,NOMINAL,HEALTHY,38.46,14.02
PRE_LOT05_COMP1308,LOT_05,PRECISION_VOLTAGE_REF,LCC-20,PRE-SIH-2026,THERMAL_BURN_IN,T05_1308,PROC-ISRO-IISU-01,ATE-STATION-01,CHAMBER-01,1.0,125.0,5.0,168,output_voltage_drift,ELECTRICAL,uV,13.9496,5975.1314,5975.7102,5976.0867,5961.1818,-0.061,-0.0133,34.28,33.08,13.9496,5975.1314,5975.7102,5976.0867,5961.1818,100.0,False,NOMINAL,HEALTHY,-15.49,16.79
PRE_LOT05_COMP1309,LOT_05,PRECISION_VOLTAGE_REF,LCC-20,PRE-SIH-2026,THERMAL_BURN_IN,T05_1309,PROC-ISRO-IISU-01,ATE-STATION-01,CHAMBER-01,1.0,125.0,5.0,168,output_voltage_drift,ELECTRICAL,uV,14.6666,6281.9036,6282.6238,6283.1682,6267.237,0.0127,-0.0152,34.11,34.72,14.6666,6281.9036,6282.6238,6283.1682,6267.237,100.0,False,NOMINAL,HEALTHY,19.02,-27.96
PRE_LOT05_COMP1310,LOT_05,PRECISION_VOLTAGE_REF,LCC-20,PRE-SIH-2026,THERMAL_BURN_IN,T05_1310,PROC-ISRO-IISU-01,ATE-STATION-01,CHAMBER-01,1.0,125.0,5.0,168,output_voltage_drift,ELECTRICAL,uV,12.99,5566.1731,5566.8426,5567.3338,5553.1831,-0.0026,-0.006,32.62,32.97,12.99,5566.1731,5566.8426,5567.3338,5553.1831,100.0,False,NOMINAL,HEALTHY,-40.0,38.33
PRE_LOT05_COMP1311,LOT_05,PRECISION_VOLTAGE_REF,LCC-20,PRE-SIH-2026,THERMAL_BURN_IN,T05_1311,PROC-ISRO-IISU-01,ATE-STATION-01,CHAMBER-01,1.0,125.0,5.0,168,output_voltage_drift,ELECTRICAL,uV,15.096,6464.062,6464.7519,6465.2633,6448.966,0.0195,0.0291,33.85,34.27,15.096,6464.062,6464.7519,6465.2633,6448.966,100.0,False,NOMINAL,HEALTHY,-25.81,-6.26
PRE_LOT05_COMP1312,LOT_05,PRECISION_VOLTAGE_REF,LCC-20,PRE-SIH-2026,THERMAL_BURN_IN,T05_1312,PROC-ISRO-IISU-01,ATE-STATION-01,CHAMBER-01,1.0,125.0,5.0,168,output_voltage_drift,ELECTRICAL,uV,11.5162,4934.504,4935.0448,4935.5315,4922.9878,-0.024,-0.1023,36.13,35.75,11.5162,4934.504,4935.0448,4935.5315,4922.9878,100.0,False,NOMINAL,HEALTHY,1.87,48.47
PRE_LOT05_COMP1313,LOT_05,PRECISION_VOLTAGE_REF,LCC-20,PRE-SIH-2026,THERMAL_BURN_IN,T05_1313,PROC-ISRO-IISU-01,ATE-STATION-01,CHAMBER-01,1.0,125.0,5.0,168,output_voltage_drift,ELECTRICAL,uV,15.3803,6600.6171,6601.3697,6601.9284,6585.2368,0.0252,0.0795,34.28,34.22,15.3803,6600.6171,6601.3697,6601.9284,6585.2368,100.0,False,NOMINAL,HEALTHY,-3.3,13.21
PRE_LOT05_COMP1314,LOT_05,PRECISION_VOLTAGE_REF,LCC-20,PRE-SIH-2026,THERMAL_BURN_IN,T05_1314,PROC-ISRO-IISU-01,ATE-STATION-01,CHAMBER-01,1.0,125.0,5.0,168,output_voltage_drift,ELECTRICAL,uV,14.5586,6241.5543,6242.3294,6242.9726,6226.9957,-0.0428,-0.0854,31.74,32.33,14.5586,6241.5543,6242.3294,6242.9726,6226.9957,100.0,False,NOMINAL,HEALTHY,-3.42,-38.21
PRE_LOT05_COMP1315,LOT_05,PRECISION_VOLTAGE_REF,LCC-20,PRE-SIH-2026,THERMAL_BURN_IN,T05_1315,PROC-ISRO-IISU-01,ATE-STATION-01,CHAMBER-01,1.0,125.0,5.0,168,output_voltage_drift,ELECTRICAL,uV,14.2199,6086.0566,6086.7492,6087.2822,6071.8367,-0.0206,-0.0718,36.93,36.85,14.2199,6086.0566,6086.7492,6087.2822,6071.8367,100.0,False,NOMINAL,HEALTHY,-49.91,-16.61
PRE_LOT05_COMP1316,LOT_05,PRECISION_VOLTAGE_REF,LCC-20,PRE-SIH-2026,THERMAL_BURN_IN,T05_1316,PROC-ISRO-IISU-01,ATE-STATION-01,CHAMBER-01,1.0,125.0,5.0,168,output_voltage_drift,ELECTRICAL,uV,14.7487,6312.7552,6313.4169,6313.8722,6298.0065,-0.0074,0.0239,34.02,33.5,14.7487,6312.7552,6313.4169,6313.8722,6298.0065,100.0,False,NOMINAL,HEALTHY,-14.21,31.77
PRE_LOT05_COMP1317,LOT_05,PRECISION_VOLTAGE_REF,LCC-20,PRE-SIH-2026,THERMAL_BURN_IN,T05_1317,PROC-ISRO-IISU-01,ATE-STATION-01,CHAMBER-01,1.0,125.0,5.0,168,output_voltage_drift,ELECTRICAL,uV,13.1427,5626.1519,5626.7635,5627.268,5613.0092,0.0019,0.0376,34.93,35.56,13.1427,5626.1519,5626.7635,5627.268,5613.0092,100.0,False,NOMINAL,HEALTHY,3.44,-14.19
PRE_LOT05_COMP1318,LOT_05,PRECISION_VOLTAGE_REF,LCC-20,PRE-SIH-2026,THERMAL_BURN_IN,T05_1318,PROC-ISRO-IISU-01,ATE-STATION-01,CHAMBER-01,1.0,125.0,5.0,168,output_voltage_drift,ELECTRICAL,uV,15.3736,6586.3983,6595.8412,6746.3993,6571.0247,-0.0258,-0.0002,35.81,35.78,15.3736,6586.3983,6595.8412,6746.3993,6571.0247,100.0,True,THERMAL_RUNAWAY,HEALTHY,29.88,-35.84
PRE_LOT05_COMP1319,LOT_05,PRECISION_VOLTAGE_REF,LCC-20,PRE-SIH-2026,THERMAL_BURN_IN,T05_1319,PROC-ISRO-IISU-01,ATE-STATION-01,CHAMBER-01,1.0,125.0,5.0,168,output_voltage_drift,ELECTRICAL,uV,15.3676,6588.0236,6588.7091,6589.2101,6572.656,-0.0038,-0.0007,35.66,35.76,15.3676,6588.0236,6588.7091,6589.2101,6572.656,100.0,False,NOMINAL,HEALTHY,20.3,2.73
PRE_LOT05_COMP1320,LOT_05,PRECISION_VOLTAGE_REF,LCC-20,PRE-SIH-2026,THERMAL_BURN_IN,T05_1320,PROC-ISRO-IISU-01,ATE-STATION-01,CHAMBER-01,1.0,125.0,5.0,168,output_voltage_drift,ELECTRICAL,uV,12.7701,5476.1409,5476.8003,5477.3662,5463.3708,0.0116,0.077,36.35,36.23,12.7701,5476.1409,5476.8003,5477.3662,5463.3708,100.0,False,NOMINAL,HEALTHY,47.16,-37.0
PRE_LOT05_COMP1321,LOT_05,PRECISION_VOLTAGE_REF,LCC-20,PRE-SIH-2026,THERMAL_BURN_IN,T05_1321,PROC-ISRO-IISU-01,ATE-STATION-01,CHAMBER-01,1.0,125.0,5.0,168,output_voltage_drift,ELECTRICAL,uV,15.3804,6600.8088,6601.5283,6601.9759,6585.4284,0.0223,-0.0094,34.66,33.46,15.3804,6600.8088,6601.5283,6601.9759,6585.4284,100.0,False,NOMINAL,HEALTHY,4.38,27.81
PRE_LOT05_COMP1322,LOT_05,PRECISION_VOLTAGE_REF,LCC-20,PRE-SIH-2026,THERMAL_BURN_IN,T05_1322,PROC-ISRO-IISU-01,ATE-STATION-01,CHAMBER-01,1.0,125.0,5.0,168,output_voltage_drift,ELECTRICAL,uV,13.9904,5991.5477,5992.2385,5992.7373,5977.5573,0.0182,0.0193,33.94,33.99,13.9904,5991.5477,5992.2385,5992.7373,5977.5573,100.0,False,NOMINAL,HEALTHY,-6.34,-35.01
PRE_LOT05_COMP1323,LOT_05,PRECISION_VOLTAGE_REF,LCC-20,PRE-SIH-2026,THERMAL_BURN_IN,T05_1323,PROC-ISRO-IISU-01,ATE-STATION-01,CHAMBER-01,1.0,125.0,5.0,168,output_voltage_drift,ELECTRICAL,uV,13.6199,5835.5882,5836.3274,5836.7896,5821.9683,-0.0374,-0.0739,35.06,34.35,13.6199,5835.5882,5836.3274,5836.7896,5821.9683,100.0,False,NOMINAL,HEALTHY,-43.67,7.63
PRE_LOT05_COMP1324,LOT_05,PRECISION_VOLTAGE_REF,LCC-20,PRE-SIH-2026,THERMAL_BURN_IN,T05_1324,PROC-ISRO-IISU-01,ATE-STATION-01,CHAMBER-01,1.0,125.0,5.0,168,output_voltage_drift,ELECTRICAL,uV,14.2768,6119.7686,6120.5076,6121.0937,6105.4918,-0.0185,-0.0304,33.97,33.45,14.2768,6119.7686,6120.5076,6121.0937,6105.4918,100.0,False,NOMINAL,HEALTHY,-49.97,-29.99
PRE_LOT05_COMP1325,LOT_05,PRECISION_VOLTAGE_REF,LCC-20,PRE-SIH-2026,THERMAL_BURN_IN,T05_1325,PROC-ISRO-IISU-01,ATE-STATION-01,CHAMBER-01,1.0,125.0,5.0,168,output_voltage_drift,ELECTRICAL,uV,16.3667,7012.451,7013.2273,7013.8698,6996.0843,0.021,0.0076,34.95,34.52,16.3667,7012.451,7013.2273,7013.8698,6996.0843,100.0,False,NOMINAL,HEALTHY,-22.99,-19.82
PRE_LOT05_COMP1326,LOT_05,PRECISION_VOLTAGE_REF,LCC-20,PRE-SIH-2026,THERMAL_BURN_IN,T05_1326,PROC-ISRO-IISU-01,ATE-STATION-01,CHAMBER-01,1.0,125.0,5.0,168,output_voltage_drift,ELECTRICAL,uV,17.3511,7436.8103,7437.5985,7438.245,7419.4592,0.024,-0.0096,37.15,36.89,17.3511,7436.8103,7437.5985,7438.245,7419.4592,100.0,False,NOMINAL,HEALTHY,11.96,-35.8
PRE_LOT05_COMP1327,LOT_05,PRECISION_VOLTAGE_REF,LCC-20,PRE-SIH-2026,THERMAL_BURN_IN,T05_1327,PROC-ISRO-IISU-01,ATE-STATION-01,CHAMBER-01,1.0,125.0,5.0,168,output_voltage_drift,ELECTRICAL,uV,16.3291,7001.4252,7002.1578,7002.6423,6985.0961,0.0314,0.0552,33.91,34.02,16.3291,7001.4252,7002.1578,7002.6423,6985.0961,100.0,False,NOMINAL,HEALTHY,-38.15,43.82
PRE_LOT05_COMP1328,LOT_05,PRECISION_VOLTAGE_REF,LCC-20,PRE-SIH-2026,THERMAL_BURN_IN,T05_1328,PROC-ISRO-IISU-01,ATE-STATION-01,CHAMBER-01,1.0,125.0,5.0,168,output_voltage_drift,ELECTRICAL,uV,11.6228,4978.5268,4979.0984,4979.5271,4966.904,0.0109,0.0864,33.83,33.66,11.6228,4978.5268,4979.0984,4979.5271,4966.904,100.0,False,NOMINAL,HEALTHY,-31.88,9.83
PRE_LOT05_COMP1329,LOT_05,PRECISION_VOLTAGE_REF,LCC-20,PRE-SIH-2026,THERMAL_BURN_IN,T05_1329,PROC-ISRO-IISU-01,ATE-STATION-01,CHAMBER-01,1.0,125.0,5.0,168,output_voltage_drift,ELECTRICAL,uV,12.9039,5531.2269,5531.7953,5532.314,5518.323,-0.0444,-0.0385,33.9,33.07,12.9039,5531.2269,5531.7953,5532.314,5518.323,100.0,False,NOMINAL,HEALTHY,-45.5,-35.02
PRE_LOT05_COMP1330,LOT_05,PRECISION_VOLTAGE_REF,LCC-20,PRE-SIH-2026,THERMAL_BURN_IN,T05_1330,PROC-ISRO-IISU-01,ATE-STATION-01,CHAMBER-01,1.0,125.0,5.0,168,output_voltage_drift,ELECTRICAL,uV,15.1771,6505.2452,6505.9838,6506.5069,6490.0681,0.0127,-0.0131,36.3,35.95,15.1771,6505.2452,6505.9838,6506.5069,6490.0681,100.0,False,NOMINAL,HEALTHY,8.31,8.23
PRE_LOT05_COMP1331,LOT_05,PRECISION_VOLTAGE_REF,LCC-20,PRE-SIH-2026,THERMAL_BURN_IN,T05_1331,PROC-ISRO-IISU-01,ATE-STATION-01,CHAMBER-01,1.0,125.0,5.0,168,output_voltage_drift,ELECTRICAL,uV,12.4575,5323.567,5324.1962,5324.7136,5311.1095,-0.0113,-0.0217,34.04,34.34,12.4575,5323.567,5324.1962,5324.7136,5311.1095,100.0,False,NOMINAL,HEALTHY,22.06,30.64
PRE_LOT05_COMP1332,LOT_05,PRECISION_VOLTAGE_REF,LCC-20,PRE-SIH-2026,THERMAL_BURN_IN,T05_1332,PROC-ISRO-IISU-01,ATE-STATION-01,CHAMBER-01,1.0,125.0,5.0,168,output_voltage_drift,ELECTRICAL,uV,12.6577,5421.1605,5421.8232,5422.2721,5408.5028,-0.0301,-0.0536,36.71,36.56,12.6577,5421.1605,5421.8232,5422.2721,5408.5028,100.0,False,NOMINAL,HEALTHY,-45.37,49.01
PRE_LOT05_COMP1333,LOT_05,PRECISION_VOLTAGE_REF,LCC-20,PRE-SIH-2026,THERMAL_BURN_IN,T05_1333,PROC-ISRO-IISU-01,ATE-STATION-01,CHAMBER-01,1.0,125.0,5.0,168,output_voltage_drift,ELECTRICAL,uV,14.5728,6239.784,6240.4643,6240.9554,6225.2112,-0.0133,-0.0192,35.48,35.65,14.5728,6239.784,6240.4643,6240.9554,6225.2112,100.0,False,NOMINAL,HEALTHY,34.01,7.91
PRE_LOT05_COMP1334,LOT_05,PRECISION_VOLTAGE_REF,LCC-20,PRE-SIH-2026,THERMAL_BURN_IN,T05_1334,PROC-ISRO-IISU-01,ATE-STATION-01,CHAMBER-01,1.0,125.0,5.0,168,output_voltage_drift,ELECTRICAL,uV,14.5728,6242.3871,6243.0153,6243.5165,6227.8143,-0.0126,0.0059,32.99,34.12,14.5728,6242.3871,6243.0153,6243.5165,6227.8143,100.0,False,NOMINAL,HEALTHY,-13.9,-7.12
PRE_LOT05_COMP1335,LOT_05,PRECISION_VOLTAGE_REF,LCC-20,PRE-SIH-2026,THERMAL_BURN_IN,T05_1335,PROC-ISRO-IISU-01,ATE-STATION-01,CHAMBER-01,1.0,125.0,5.0,168,output_voltage_drift,ELECTRICAL,uV,15.1396,6479.6011,6480.4074,6481.0405,6464.4615,0.0312,-0.0242,34.19,33.98,15.1396,6479.6011,6480.4074,6481.0405,6464.4615,100.0,False,NOMINAL,HEALTHY,12.34,-0.79
PRE_LOT05_COMP1336,LOT_05,PRECISION_VOLTAGE_REF,LCC-20,PRE-SIH-2026,THERMAL_BURN_IN,T05_1336,PROC-ISRO-IISU-01,ATE-STATION-01,CHAMBER-01,1.0,125.0,5.0,168,output_voltage_drift,ELECTRICAL,uV,15.5928,6677.9338,6678.774,6679.3706,6662.341,-0.0121,-0.0883,36.25,36.7,15.5928,6677.9338,6678.774,6679.3706,6662.341,100.0,False,NOMINAL,HEALTHY,38.33,-39.59
PRE_LOT05_COMP1337,LOT_05,PRECISION_VOLTAGE_REF,LCC-20,PRE-SIH-2026,THERMAL_BURN_IN,T05_1337,PROC-ISRO-IISU-01,ATE-STATION-01,CHAMBER-01,1.0,125.0,5.0,168,output_voltage_drift,ELECTRICAL,uV,13.6845,5878.588,5879.2945,5879.7109,5864.9035,0.0156,-0.0401,34.39,35.47,13.6845,5878.588,5879.2945,5879.7109,5864.9035,100.0,False,NOMINAL,HEALTHY,17.62,10.77
PRE_LOT05_COMP1338,LOT_05,PRECISION_VOLTAGE_REF,LCC-20,PRE-SIH-2026,THERMAL_BURN_IN,T05_1338,PROC-ISRO-IISU-01,ATE-STATION-01,CHAMBER-01,1.0,125.0,5.0,168,output_voltage_drift,ELECTRICAL,uV,12.6488,5426.1431,5426.6543,5427.0149,5413.4943,-0.0273,-0.0335,33.92,33.7,12.6488,5426.1431,5426.6543,5427.0149,5413.4943,100.0,False,NOMINAL,HEALTHY,15.35,17.4
PRE_LOT05_COMP1339,LOT_05,PRECISION_VOLTAGE_REF,LCC-20,PRE-SIH-2026,THERMAL_BURN_IN,T05_1339,PROC-ISRO-IISU-01,ATE-STATION-01,CHAMBER-01,1.0,125.0,5.0,168,output_voltage_drift,ELECTRICAL,uV,15.9407,6835.1094,6835.8716,6836.463,6819.1687,0.0042,0.0267,34.43,34.76,15.9407,6835.1094,6835.8716,6836.463,6819.1687,100.0,False,NOMINAL,HEALTHY,38.11,-10.61
PRE_LOT05_COMP1340,LOT_05,PRECISION_VOLTAGE_REF,LCC-20,PRE-SIH-2026,THERMAL_BURN_IN,T05_1340,PROC-ISRO-IISU-01,ATE-STATION-01,CHAMBER-01,1.0,125.0,5.0,168,output_voltage_drift,ELECTRICAL,uV,12.7435,5462.8161,5463.379,5463.8043,5450.0726,-0.0241,-0.0449,32.57,32.74,12.7435,5462.8161,5463.379,5463.8043,5450.0726,100.0,False,NOMINAL,HEALTHY,18.81,21.79
PRE_LOT05_COMP1341,LOT_05,PRECISION_VOLTAGE_REF,LCC-20,PRE-SIH-2026,THERMAL_BURN_IN,T05_1341,PROC-ISRO-IISU-01,ATE-STATION-01,CHAMBER-01,1.0,125.0,5.0,168,output_voltage_drift,ELECTRICAL,uV,16.9158,7246.0026,7246.8581,7247.4886,7229.0868,-0.0207,-0.0106,37.88,38.32,16.9158,7246.0026,7246.8581,7247.4886,7229.0868,100.0,False,NOMINAL,HEALTHY,-36.46,-35.43
PRE_LOT05_COMP1342,LOT_05,PRECISION_VOLTAGE_REF,LCC-20,PRE-SIH-2026,THERMAL_BURN_IN,T05_1342,PROC-ISRO-IISU-01,ATE-STATION-01,CHAMBER-01,1.0,125.0,5.0,168,output_voltage_drift,ELECTRICAL,uV,12.6302,5415.3005,5415.8274,5416.2511,5402.6703,-0.0318,-0.0029,36.0,35.77,12.6302,5415.3005,5415.8274,5416.2511,5402.6703,100.0,False,NOMINAL,HEALTHY,28.74,-39.08
PRE_LOT05_COMP1343,LOT_05,PRECISION_VOLTAGE_REF,LCC-20,PRE-SIH-2026,THERMAL_BURN_IN,T05_1343,PROC-ISRO-IISU-01,ATE-STATION-01,CHAMBER-01,1.0,125.0,5.0,168,output_voltage_drift,ELECTRICAL,uV,14.9746,6427.9353,6428.5768,6428.9306,6412.9607,-0.012,-0.0368,34.43,34.45,14.9746,6427.9353,6428.5768,6428.9306,6412.9607,100.0,False,NOMINAL,HEALTHY,39.67,1.9
PRE_LOT05_COMP1344,LOT_05,PRECISION_VOLTAGE_REF,LCC-20,PRE-SIH-2026,THERMAL_BURN_IN,T05_1344,PROC-ISRO-IISU-01,ATE-STATION-01,CHAMBER-01,1.0,125.0,5.0,168,output_voltage_drift,ELECTRICAL,uV,12.8298,5498.7184,5499.3753,5499.8169,5485.8886,0.0053,-0.0204,34.63,34.42,12.8298,5498.7184,5499.3753,5499.8169,5485.8886,100.0,False,NOMINAL,HEALTHY,40.12,28.5
PRE_LOT05_COMP1345,LOT_05,PRECISION_VOLTAGE_REF,LCC-20,PRE-SIH-2026,THERMAL_BURN_IN,T05_1345,PROC-ISRO-IISU-01,ATE-STATION-01,CHAMBER-01,1.0,125.0,5.0,168,output_voltage_drift,ELECTRICAL,uV,14.5597,6250.4917,6251.0995,6251.5352,6235.932,-0.0092,0.0247,35.53,35.53,14.5597,6250.4917,6251.0995,6251.5352,6235.932,100.0,True,DIELECTRIC_OSCILLATION,HEALTHY,42.41,20.66
PRE_LOT05_COMP1346,LOT_05,PRECISION_VOLTAGE_REF,LCC-20,PRE-SIH-2026,THERMAL_BURN_IN,T05_1346,PROC-ISRO-IISU-01,ATE-STATION-01,CHAMBER-01,1.0,125.0,5.0,168,output_voltage_drift,ELECTRICAL,uV,13.9922,6001.8575,6002.5042,6002.9918,5987.8653,-0.0283,-0.0181,36.53,36.03,13.9922,6001.8575,6002.5042,6002.9918,5987.8653,100.0,False,NOMINAL,HEALTHY,-41.42,14.83
PRE_LOT05_COMP1347,LOT_05,PRECISION_VOLTAGE_REF,LCC-20,PRE-SIH-2026,THERMAL_BURN_IN,T05_1347,PROC-ISRO-IISU-01,ATE-STATION-01,CHAMBER-01,1.0,125.0,5.0,168,output_voltage_drift,ELECTRICAL,uV,16.7243,7172.1046,7172.8916,7173.4771,7155.3803,0.0282,-0.0152,33.74,34.53,16.7243,7172.1046,7172.8916,7173.4771,7155.3803,100.0,False,NOMINAL,HEALTHY,-26.97,1.69
PRE_LOT05_COMP1348,LOT_05,PRECISION_VOLTAGE_REF,LCC-20,PRE-SIH-2026,THERMAL_BURN_IN,T05_1348,PROC-ISRO-IISU-01,ATE-STATION-01,CHAMBER-01,1.0,125.0,5.0,168,output_voltage_drift,ELECTRICAL,uV,14.1569,6079.2925,6079.9627,6080.4906,6065.1356,0.0126,-0.0331,34.58,34.49,14.1569,6079.2925,6079.9627,6080.4906,6065.1356,100.0,False,NOMINAL,HEALTHY,-13.78,36.38
PRE_LOT05_COMP1349,LOT_05,PRECISION_VOLTAGE_REF,LCC-20,PRE-SIH-2026,THERMAL_BURN_IN,T05_1349,PROC-ISRO-IISU-01,ATE-STATION-01,CHAMBER-01,1.0,125.0,5.0,168,output_voltage_drift,ELECTRICAL,uV,13.5775,5833.8191,5834.4308,5834.8558,5820.2416,0.0074,0.0736,34.92,34.94,13.5775,5833.8191,5834.4308,5834.8558,5820.2416,100.0,False,NOMINAL,HEALTHY,0.53,3.98
PRE_LOT05_COMP1350,LOT_05,PRECISION_VOLTAGE_REF,LCC-20,PRE-SIH-2026,THERMAL_BURN_IN,T05_1350,PROC-ISRO-IISU-01,ATE-STATION-01,CHAMBER-01,1.0,125.0,5.0,168,output_voltage_drift,ELECTRICAL,uV,11.9977,5136.9754,5137.5434,5137.9603,5124.9777,0.025,0.0281,34.61,34.48,11.9977,5136.9754,5137.5434,5137.9603,5124.9777,100.0,False,NOMINAL,HEALTHY,25.95,13.2
PRE_LOT05_COMP1351,LOT_05,PRECISION_VOLTAGE_REF,LCC-20,PRE-SIH-2026,THERMAL_BURN_IN,T05_1351,PROC-ISRO-IISU-01,ATE-STATION-01,CHAMBER-01,1.0,125.0,5.0,168,output_voltage_drift,ELECTRICAL,uV,12.5214,5363.8077,5364.4071,5364.8579,5351.2863,0.0172,-0.0255,36.46,35.14,12.5214,5363.8077,5364.4071,5364.8579,5351.2863,100.0,False,NOMINAL,HEALTHY,29.41,-23.5
PRE_LOT05_COMP1352,LOT_05,PRECISION_VOLTAGE_REF,LCC-20,PRE-SIH-2026,THERMAL_BURN_IN,T05_1352,PROC-ISRO-IISU-01,ATE-STATION-01,CHAMBER-01,1.0,125.0,5.0,168,output_voltage_drift,ELECTRICAL,uV,11.0819,4756.1314,4756.6944,4757.1702,4745.0495,0.0001,0.0157,36.59,36.93,11.0819,4756.1314,4756.6944,4757.1702,4745.0495,100.0,False,NOMINAL,HEALTHY,38.95,4.72
PRE_LOT05_COMP1353,LOT_05,PRECISION_VOLTAGE_REF,LCC-20,PRE-SIH-2026,THERMAL_BURN_IN,T05_1353,PROC-ISRO-IISU-01,ATE-STATION-01,CHAMBER-01,1.0,125.0,5.0,168,output_voltage_drift,ELECTRICAL,uV,15.1039,6480.3624,6481.0817,6481.6035,6465.2585,-0.0019,-0.0432,34.22,34.17,15.1039,6480.3624,6481.0817,6481.6035,6465.2585,100.0,False,NOMINAL,HEALTHY,23.06,37.58
PRE_LOT05_COMP1354,LOT_05,PRECISION_VOLTAGE_REF,LCC-20,PRE-SIH-2026,THERMAL_BURN_IN,T05_1354,PROC-ISRO-IISU-01,ATE-STATION-01,CHAMBER-01,1.0,125.0,5.0,168,output_voltage_drift,ELECTRICAL,uV,16.0176,6873.3881,6874.1034,6874.6523,6857.3705,0.0115,0.0397,35.15,35.2,16.0176,6873.3881,6874.1034,6874.6523,6857.3705,100.0,False,NOMINAL,HEALTHY,-46.92,41.05
PRE_LOT05_COMP1355,LOT_05,PRECISION_VOLTAGE_REF,LCC-20,PRE-SIH-2026,THERMAL_BURN_IN,T05_1355,PROC-ISRO-IISU-01,ATE-STATION-01,CHAMBER-01,1.0,125.0,5.0,168,output_voltage_drift,ELECTRICAL,uV,16.4405,7044.1163,7044.9712,7045.5767,7027.6758,0.0161,0.0226,36.58,36.53,16.4405,7044.1163,7044.9712,7045.5767,7027.6758,100.0,False,NOMINAL,HEALTHY,-5.52,27.74
PRE_LOT05_COMP1356,LOT_05,PRECISION_VOLTAGE_REF,LCC-20,PRE-SIH-2026,THERMAL_BURN_IN,T05_1356,PROC-ISRO-IISU-01,ATE-STATION-01,CHAMBER-01,1.0,125.0,5.0,168,output_voltage_drift,ELECTRICAL,uV,14.2428,6104.6546,6105.3015,6105.8942,6090.4118,-0.0042,0.0074,35.83,35.85,14.2428,6104.6546,6105.3015,6105.8942,6090.4118,100.0,False,NOMINAL,HEALTHY,35.99,-17.47
PRE_LOT05_COMP1357,LOT_05,PRECISION_VOLTAGE_REF,LCC-20,PRE-SIH-2026,THERMAL_BURN_IN,T05_1357,PROC-ISRO-IISU-01,ATE-STATION-01,CHAMBER-01,1.0,125.0,5.0,168,output_voltage_drift,ELECTRICAL,uV,13.9085,5967.3257,5967.9522,5968.4217,5953.4172,0.003,0.0261,35.15,35.27,13.9085,5967.3257,5967.9522,5968.4217,5953.4172,100.0,False,NOMINAL,HEALTHY,-32.06,33.87
PRE_LOT05_COMP1358,LOT_05,PRECISION_VOLTAGE_REF,LCC-20,PRE-SIH-2026,THERMAL_BURN_IN,T05_1358,PROC-ISRO-IISU-01,ATE-STATION-01,CHAMBER-01,1.0,125.0,5.0,168,output_voltage_drift,ELECTRICAL,uV,15.1839,6512.2196,6512.8886,6513.3838,6497.0357,-0.0237,-0.0031,35.36,35.87,15.1839,6512.2196,6512.8886,6513.3838,6497.0357,100.0,False,NOMINAL,HEALTHY,-28.87,-44.88
PRE_LOT05_COMP1359,LOT_05,PRECISION_VOLTAGE_REF,LCC-20,PRE-SIH-2026,THERMAL_BURN_IN,T05_1359,PROC-ISRO-IISU-01,ATE-STATION-01,CHAMBER-01,1.0,125.0,5.0,168,output_voltage_drift,ELECTRICAL,uV,15.6703,6724.6183,6725.4675,6726.0214,6708.948,-0.0039,0.0218,36.45,36.53,15.6703,6724.6183,6725.4675,6726.0214,6708.948,100.0,False,NOMINAL,HEALTHY,-49.16,-21.38
PRE_LOT05_COMP1360,LOT_05,PRECISION_VOLTAGE_REF,LCC-20,PRE-SIH-2026,THERMAL_BURN_IN,T05_1360,PROC-ISRO-IISU-01,ATE-STATION-01,CHAMBER-01,1.0,125.0,5.0,168,output_voltage_drift,ELECTRICAL,uV,14.0247,6016.3738,6017.0109,6017.5033,6002.3491,0.0148,-0.0252,34.86,34.78,14.0247,6016.3738,6017.0109,6017.5033,6002.3491,100.0,False,NOMINAL,HEALTHY,36.36,-20.04
PRE_LOT05_COMP1361,LOT_05,PRECISION_VOLTAGE_REF,LCC-20,PRE-SIH-2026,THERMAL_BURN_IN,T05_1361,PROC-ISRO-IISU-01,ATE-STATION-01,CHAMBER-01,1.0,125.0,5.0,168,output_voltage_drift,ELECTRICAL,uV,15.3506,6584.9144,6585.6844,6586.2909,6569.5638,0.0342,-0.0022,35.51,35.51,15.3506,6584.9144,6585.6844,6586.2909,6569.5638,100.0,False,NOMINAL,HEALTHY,32.08,43.01
PRE_LOT05_COMP1362,LOT_05,PRECISION_VOLTAGE_REF,LCC-20,PRE-SIH-2026,THERMAL_BURN_IN,T05_1362,PROC-ISRO-IISU-01,ATE-STATION-01,CHAMBER-01,1.0,125.0,5.0,168,output_voltage_drift,ELECTRICAL,uV,13.478,5779.6447,5794.521,5856.548,5766.1667,0.009,-0.0384,37.1,37.09,13.478,5779.6447,5794.521,5856.548,5766.1667,100.0,True,ELECTROMIGRATION,HEALTHY,18.11,-1.98
PRE_LOT05_COMP1363,LOT_05,PRECISION_VOLTAGE_REF,LCC-20,PRE-SIH-2026,THERMAL_BURN_IN,T05_1363,PROC-ISRO-IISU-01,ATE-STATION-01,CHAMBER-01,1.0,125.0,5.0,168,output_voltage_drift,ELECTRICAL,uV,11.9916,5143.2556,5143.8255,5144.272,5131.264,-0.0171,-0.0866,36.68,37.68,11.9916,5143.2556,5143.8255,5144.272,5131.264,100.0,False,NOMINAL,HEALTHY,-48.83,41.48
PRE_LOT05_COMP1364,LOT_05,PRECISION_VOLTAGE_REF,LCC-20,PRE-SIH-2026,THERMAL_BURN_IN,T05_1364,PROC-ISRO-IISU-01,ATE-STATION-01,CHAMBER-01,1.0,125.0,5.0,168,output_voltage_drift,ELECTRICAL,uV,17.9771,7715.0091,7715.9055,7716.4584,7697.032,-0.0383,-0.0557,35.87,36.01,17.9771,7715.0091,7715.9055,7716.4584,7697.032,100.0,False,NOMINAL,HEALTHY,-15.44,-15.1
PRE_LOT05_COMP1365,LOT_05,PRECISION_VOLTAGE_REF,LCC-20,PRE-SIH-2026,THERMAL_BURN_IN,T05_1365,PROC-ISRO-IISU-01,ATE-STATION-01,CHAMBER-01,1.0,125.0,5.0,168,output_voltage_drift,ELECTRICAL,uV,15.3454,6578.7866,6579.5167,6580.0482,6563.4412,0.0258,0.0427,33.02,32.62,15.3454,6578.7866,6579.5167,6580.0482,6563.4412,100.0,False,NOMINAL,HEALTHY,-49.72,3.4
PRE_LOT05_COMP1366,LOT_05,PRECISION_VOLTAGE_REF,LCC-20,PRE-SIH-2026,THERMAL_BURN_IN,T05_1366,PROC-ISRO-IISU-01,ATE-STATION-01,CHAMBER-01,1.0,125.0,5.0,168,output_voltage_drift,ELECTRICAL,uV,18.3343,7854.8464,7855.7229,7856.359,7836.5121,0.032,-0.0376,33.99,32.8,18.3343,7854.8464,7855.7229,7856.359,7836.5121,100.0,False,NOMINAL,HEALTHY,2.03,16.56
PRE_LOT05_COMP1367,LOT_05,PRECISION_VOLTAGE_REF,LCC-20,PRE-SIH-2026,THERMAL_BURN_IN,T05_1367,PROC-ISRO-IISU-01,ATE-STATION-01,CHAMBER-01,1.0,125.0,5.0,168,output_voltage_drift,ELECTRICAL,uV,15.9057,6819.4854,6820.3111,6820.8755,6803.5797,0.0168,0.0098,35.94,35.36,15.9057,6819.4854,6820.3111,6820.8755,6803.5797,100.0,False,NOMINAL,HEALTHY,-17.66,23.3
PRE_LOT05_COMP1368,LOT_05,PRECISION_VOLTAGE_REF,LCC-20,PRE-SIH-2026,THERMAL_BURN_IN,T05_1368,PROC-ISRO-IISU-01,ATE-STATION-01,CHAMBER-01,1.0,125.0,5.0,168,output_voltage_drift,ELECTRICAL,uV,16.3053,6998.781,6999.5407,7000.0949,6982.4757,0.0092,-0.028,33.51,33.97,16.3053,6998.781,6999.5407,7000.0949,6982.4757,100.0,False,NOMINAL,HEALTHY,-41.87,35.36
PRE_LOT05_COMP1369,LOT_05,PRECISION_VOLTAGE_REF,LCC-20,PRE-SIH-2026,THERMAL_BURN_IN,T05_1369,PROC-ISRO-IISU-01,ATE-STATION-01,CHAMBER-01,1.0,125.0,5.0,168,output_voltage_drift,ELECTRICAL,uV,14.2806,6128.9417,6129.5624,6129.9662,6114.6611,-0.0097,-0.0666,32.54,32.08,14.2806,6128.9417,6129.5624,6129.9662,6114.6611,100.0,False,NOMINAL,HEALTHY,43.69,-13.66
PRE_LOT05_COMP1370,LOT_05,PRECISION_VOLTAGE_REF,LCC-20,PRE-SIH-2026,THERMAL_BURN_IN,T05_1370,PROC-ISRO-IISU-01,ATE-STATION-01,CHAMBER-01,1.0,125.0,5.0,168,output_voltage_drift,ELECTRICAL,uV,14.5781,6253.8393,6254.447,6254.993,6239.2612,-0.0231,0.0563,37.54,37.57,14.5781,6253.8393,6254.447,6254.993,6239.2612,100.0,False,NOMINAL,HEALTHY,40.2,-18.0
PRE_LOT05_COMP1371,LOT_05,PRECISION_VOLTAGE_REF,LCC-20,PRE-SIH-2026,THERMAL_BURN_IN,T05_1371,PROC-ISRO-IISU-01,ATE-STATION-01,CHAMBER-01,1.0,125.0,5.0,168,output_voltage_drift,ELECTRICAL,uV,12.789,5468.6155,5469.2722,5469.7475,5455.8265,-0.0185,-0.0291,35.65,35.7,12.789,5468.6155,5469.2722,5469.7475,5455.8265,100.0,False,NOMINAL,HEALTHY,45.27,35.7
PRE_LOT05_COMP1372,LOT_05,PRECISION_VOLTAGE_REF,LCC-20,PRE-SIH-2026,THERMAL_BURN_IN,T05_1372,PROC-ISRO-IISU-01,ATE-STATION-01,CHAMBER-01,1.0,125.0,5.0,168,output_voltage_drift,ELECTRICAL,uV,11.6452,5002.3626,5002.9569,5003.352,4990.7174,0.0233,-0.0956,34.57,34.14,11.6452,5002.3626,5002.9569,5003.352,4990.7174,100.0,False,NOMINAL,HEALTHY,1.24,-0.63
PRE_LOT05_COMP1373,LOT_05,PRECISION_VOLTAGE_REF,LCC-20,PRE-SIH-2026,THERMAL_BURN_IN,T05_1373,PROC-ISRO-IISU-01,ATE-STATION-01,CHAMBER-01,1.0,125.0,5.0,168,output_voltage_drift,ELECTRICAL,uV,77.3355,33149.4177,33152.0297,33153.7867,33072.0822,0.0189,0.0774,35.98,36.5,77.3355,33149.4177,33152.0297,33153.7867,33072.0822,100.0,True,SPATIAL_OUTLIER,HEALTHY,40.02,36.35
PRE_LOT05_COMP1374,LOT_05,PRECISION_VOLTAGE_REF,LCC-20,PRE-SIH-2026,THERMAL_BURN_IN,T05_1374,PROC-ISRO-IISU-01,ATE-STATION-01,CHAMBER-01,1.0,125.0,5.0,168,output_voltage_drift,ELECTRICAL,uV,13.3085,5708.8224,5709.4152,5709.9049,5695.5139,-0.0123,0.0051,34.64,35.52,13.3085,5708.8224,5709.4152,5709.9049,5695.5139,100.0,False,NOMINAL,HEALTHY,20.55,-25.68
PRE_LOT05_COMP1375,LOT_05,PRECISION_VOLTAGE_REF,LCC-20,PRE-SIH-2026,THERMAL_BURN_IN,T05_1375,PROC-ISRO-IISU-01,ATE-STATION-01,CHAMBER-01,1.0,125.0,5.0,168,output_voltage_drift,ELECTRICAL,uV,15.1805,6518.6188,6519.3063,6519.8275,6503.4383,0.0052,-0.0211,35.23,34.4,15.1805,6518.6188,6519.3063,6519.8275,6503.4383,100.0,False,NOMINAL,HEALTHY,36.16,10.98
PRE_LOT05_COMP1376,LOT_05,PRECISION_VOLTAGE_REF,LCC-20,PRE-SIH-2026,THERMAL_BURN_IN,T05_1376,PROC-ISRO-IISU-01,ATE-STATION-01,CHAMBER-01,1.0,125.0,5.0,168,output_voltage_drift,ELECTRICAL,uV,10.0328,4292.7467,4293.2247,4293.5595,4282.7139,-0.0031,0.0857,36.57,37.05,10.0328,4292.7467,4293.2247,4293.5595,4282.7139,100.0,False,NOMINAL,HEALTHY,25.52,-42.84
PRE_LOT05_COMP1377,LOT_05,PRECISION_VOLTAGE_REF,LCC-20,PRE-SIH-2026,THERMAL_BURN_IN,T05_1377,PROC-ISRO-IISU-01,ATE-STATION-01,CHAMBER-01,1.0,125.0,5.0,168,output_voltage_drift,ELECTRICAL,uV,14.9025,6392.2828,6392.9738,6393.5072,6377.3803,-0.0004,-0.0278,34.34,34.97,14.9025,6392.2828,6392.9738,6393.5072,6377.3803,100.0,False,NOMINAL,HEALTHY,13.93,-3.78
PRE_LOT05_COMP1378,LOT_05,PRECISION_VOLTAGE_REF,LCC-20,PRE-SIH-2026,THERMAL_BURN_IN,T05_1378,PROC-ISRO-IISU-01,ATE-STATION-01,CHAMBER-01,1.0,125.0,5.0,168,output_voltage_drift,ELECTRICAL,uV,13.758,5898.6226,5899.3084,5899.7945,5884.8646,-0.0171,-0.0203,34.81,33.96,13.758,5898.6226,5899.3084,5899.7945,5884.8646,100.0,False,NOMINAL,HEALTHY,-17.79,-6.61
PRE_LOT05_COMP1379,LOT_05,PRECISION_VOLTAGE_REF,LCC-20,PRE-SIH-2026,THERMAL_BURN_IN,T05_1379,PROC-ISRO-IISU-01,ATE-STATION-01,CHAMBER-01,1.0,125.0,5.0,168,output_voltage_drift,ELECTRICAL,uV,14.7034,6295.5753,6296.3401,6297.042,6280.8719,0.0005,-0.0455,32.98,33.19,14.7034,6295.5753,6296.3401,6297.042,6280.8719,100.0,False,NOMINAL,HEALTHY,-9.6,-1.48
PRE_LOT05_COMP1380,LOT_05,PRECISION_VOLTAGE_REF,LCC-20,PRE-SIH-2026,THERMAL_BURN_IN,T05_1380,PROC-ISRO-IISU-01,ATE-STATION-01,CHAMBER-01,1.0,125.0,5.0,168,output_voltage_drift,ELECTRICAL,uV,13.2882,5702.7471,5712.2546,5862.9615,5689.4589,0.0221,0.0058,36.28,36.12,13.2882,5702.7471,5712.2546,5862.9615,5689.4589,100.0,True,THERMAL_RUNAWAY,HEALTHY,13.92,40.84
PRE_LOT05_COMP1381,LOT_05,PRECISION_VOLTAGE_REF,LCC-20,PRE-SIH-2026,THERMAL_BURN_IN,T05_1381,PROC-ISRO-IISU-01,ATE-STATION-01,CHAMBER-01,1.0,125.0,5.0,168,output_voltage_drift,ELECTRICAL,uV,13.4646,5773.522,5774.1854,5774.6276,5760.0574,0.011,0.0553,35.47,35.61,13.4646,5773.522,5774.1854,5774.6276,5760.0574,100.0,False,NOMINAL,HEALTHY,3.87,-16.8
PRE_LOT05_COMP1382,LOT_05,PRECISION_VOLTAGE_REF,LCC-20,PRE-SIH-2026,THERMAL_BURN_IN,T05_1382,PROC-ISRO-IISU-01,ATE-STATION-01,CHAMBER-01,1.0,125.0,5.0,168,output_voltage_drift,ELECTRICAL,uV,13.6641,5860.3782,5861.0331,5861.4745,5846.7141,0.0182,0.0494,33.99,33.95,13.6641,5860.3782,5861.0331,5861.4745,5846.7141,100.0,False,NOMINAL,HEALTHY,22.78,-33.85
PRE_LOT05_COMP1383,LOT_05,PRECISION_VOLTAGE_REF,LCC-20,PRE-SIH-2026,THERMAL_BURN_IN,T05_1383,PROC-ISRO-IISU-01,ATE-STATION-01,CHAMBER-01,1.0,125.0,5.0,168,output_voltage_drift,ELECTRICAL,uV,12.6021,5415.023,5415.5955,5416.0565,5402.4209,-0.0367,0.0137,34.19,33.53,12.6021,5415.023,5415.5955,5416.0565,5402.4209,100.0,False,NOMINAL,HEALTHY,-0.9,7.56
PRE_LOT05_COMP1384,LOT_05,PRECISION_VOLTAGE_REF,LCC-20,PRE-SIH-2026,THERMAL_BURN_IN,T05_1384,PROC-ISRO-IISU-01,ATE-STATION-01,CHAMBER-01,1.0,125.0,5.0,168,output_voltage_drift,ELECTRICAL,uV,12.6397,5402.9822,5403.5456,5403.9664,5390.3425,-0.0053,-0.068,34.95,35.45,12.6397,5402.9822,5403.5456,5403.9664,5390.3425,100.0,False,NOMINAL,HEALTHY,18.18,-29.58
PRE_LOT05_COMP1385,LOT_05,PRECISION_VOLTAGE_REF,LCC-20,PRE-SIH-2026,THERMAL_BURN_IN,T05_1385,PROC-ISRO-IISU-01,ATE-STATION-01,CHAMBER-01,1.0,125.0,5.0,168,output_voltage_drift,ELECTRICAL,uV,13.5618,5813.9438,5814.585,5815.051,5800.382,-0.0157,-0.0154,34.76,35.36,13.5618,5813.9438,5814.585,5815.051,5800.382,100.0,False,NOMINAL,HEALTHY,-27.65,29.92
PRE_LOT05_COMP1386,LOT_05,PRECISION_VOLTAGE_REF,LCC-20,PRE-SIH-2026,THERMAL_BURN_IN,T05_1386,PROC-ISRO-IISU-01,ATE-STATION-01,CHAMBER-01,1.0,125.0,5.0,168,output_voltage_drift,ELECTRICAL,uV,16.0479,6887.7553,6888.5411,6889.0968,6871.7074,-0.0028,-0.063,35.68,35.44,16.0479,6887.7553,6888.5411,6889.0968,6871.7074,100.0,False,NOMINAL,HEALTHY,17.84,3.38
PRE_LOT05_COMP1387,LOT_05,PRECISION_VOLTAGE_REF,LCC-20,PRE-SIH-2026,THERMAL_BURN_IN,T05_1387,PROC-ISRO-IISU-01,ATE-STATION-01,CHAMBER-01,1.0,125.0,5.0,168,output_voltage_drift,ELECTRICAL,uV,15.1325,6485.1542,6485.9355,6486.5682,6470.0217,0.0103,0.0034,37.57,38.87,15.1325,6485.1542,6485.9355,6486.5682,6470.0217,100.0,False,NOMINAL,HEALTHY,-2.82,-28.15
PRE_LOT05_COMP1388,LOT_05,PRECISION_VOLTAGE_REF,LCC-20,PRE-SIH-2026,THERMAL_BURN_IN,T05_1388,PROC-ISRO-IISU-01,ATE-STATION-01,CHAMBER-01,1.0,125.0,5.0,168,output_voltage_drift,ELECTRICAL,uV,14.8748,6377.7613,6378.4584,6378.9382,6362.8865,0.0165,-0.0117,34.88,34.76,14.8748,6377.7613,6378.4584,6378.9382,6362.8865,100.0,False,NOMINAL,HEALTHY,-11.95,31.88
PRE_LOT05_COMP1389,LOT_05,PRECISION_VOLTAGE_REF,LCC-20,PRE-SIH-2026,THERMAL_BURN_IN,T05_1389,PROC-ISRO-IISU-01,ATE-STATION-01,CHAMBER-01,1.0,125.0,5.0,168,output_voltage_drift,ELECTRICAL,uV,11.9428,5128.5384,5129.1767,5129.6694,5116.5956,0.0033,-0.0086,34.58,34.15,11.9428,5128.5384,5129.1767,5129.6694,5116.5956,100.0,False,NOMINAL,HEALTHY,-32.45,48.29
PRE_LOT05_COMP1390,LOT_05,PRECISION_VOLTAGE_REF,LCC-20,PRE-SIH-2026,THERMAL_BURN_IN,T05_1390,PROC-ISRO-IISU-01,ATE-STATION-01,CHAMBER-01,1.0,125.0,5.0,168,output_voltage_drift,ELECTRICAL,uV,16.0608,6902.2303,6903.035,6903.6473,6886.1695,-0.0215,-0.0122,33.61,33.54,16.0608,6902.2303,6903.035,6903.6473,6886.1695,100.0,False,NOMINAL,HEALTHY,36.75,-24.47
PRE_LOT05_COMP1391,LOT_05,PRECISION_VOLTAGE_REF,LCC-20,PRE-SIH-2026,THERMAL_BURN_IN,T05_1391,PROC-ISRO-IISU-01,ATE-STATION-01,CHAMBER-01,1.0,125.0,5.0,168,output_voltage_drift,ELECTRICAL,uV,14.1772,6086.1642,6086.8381,6087.2942,6071.987,-0.0065,-0.0538,34.35,34.83,14.1772,6086.1642,6086.8381,6087.2942,6071.987,100.0,False,NOMINAL,HEALTHY,40.16,48.91
PRE_LOT05_COMP1392,LOT_05,PRECISION_VOLTAGE_REF,LCC-20,PRE-SIH-2026,THERMAL_BURN_IN,T05_1392,PROC-ISRO-IISU-01,ATE-STATION-01,CHAMBER-01,1.0,125.0,5.0,168,output_voltage_drift,ELECTRICAL,uV,15.9503,6837.376,6838.2335,6838.8709,6821.4257,0.0127,0.006,33.28,33.16,15.9503,6837.376,6838.2335,6838.8709,6821.4257,100.0,False,NOMINAL,HEALTHY,17.89,20.23
PRE_LOT05_COMP1393,LOT_05,PRECISION_VOLTAGE_REF,LCC-20,PRE-SIH-2026,THERMAL_BURN_IN,T05_1393,PROC-ISRO-IISU-01,ATE-STATION-01,CHAMBER-01,1.0,125.0,5.0,168,output_voltage_drift,ELECTRICAL,uV,16.2269,6961.9926,6962.8005,6963.4115,6945.7657,-0.0208,-0.0141,34.94,35.4,16.2269,6961.9926,6962.8005,6963.4115,6945.7657,100.0,False,NOMINAL,HEALTHY,0.74,-37.85
PRE_LOT05_COMP1394,LOT_05,PRECISION_VOLTAGE_REF,LCC-20,PRE-SIH-2026,THERMAL_BURN_IN,T05_1394,PROC-ISRO-IISU-01,ATE-STATION-01,CHAMBER-01,1.0,125.0,5.0,168,output_voltage_drift,ELECTRICAL,uV,12.6495,5410.3753,5411.0593,5411.5956,5397.7258,0.0188,-0.0398,35.04,35.42,12.6495,5410.3753,5411.0593,5411.5956,5397.7258,100.0,False,NOMINAL,HEALTHY,-41.77,48.72
PRE_LOT05_COMP1395,LOT_05,PRECISION_VOLTAGE_REF,LCC-20,PRE-SIH-2026,THERMAL_BURN_IN,T05_1395,PROC-ISRO-IISU-01,ATE-STATION-01,CHAMBER-01,1.0,125.0,5.0,168,output_voltage_drift,ELECTRICAL,uV,14.3141,6129.3945,6130.1016,6130.6359,6115.0804,-0.0139,-0.0314,37.51,38.11,14.3141,6129.3945,6130.1016,6130.6359,6115.0804,100.0,True,DIELECTRIC_OSCILLATION,HEALTHY,14.58,20.6
PRE_LOT05_COMP1396,LOT_05,PRECISION_VOLTAGE_REF,LCC-20,PRE-SIH-2026,THERMAL_BURN_IN,T05_1396,PROC-ISRO-IISU-01,ATE-STATION-01,CHAMBER-01,1.0,125.0,5.0,168,output_voltage_drift,ELECTRICAL,uV,60.1198,25781.2548,25783.3558,25784.6464,25721.135,-0.01,-0.0109,34.66,35.42,60.1198,25781.2548,25783.3558,25784.6464,25721.135,100.0,True,SPATIAL_OUTLIER,HEALTHY,-17.43,-4.46
PRE_LOT05_COMP1397,LOT_05,PRECISION_VOLTAGE_REF,LCC-20,PRE-SIH-2026,THERMAL_BURN_IN,T05_1397,PROC-ISRO-IISU-01,ATE-STATION-01,CHAMBER-01,1.0,125.0,5.0,168,output_voltage_drift,ELECTRICAL,uV,15.9209,6830.3799,6831.0353,6831.5484,6814.459,-0.0095,-0.0115,35.26,36.1,15.9209,6830.3799,6831.0353,6831.5484,6814.459,100.0,False,NOMINAL,HEALTHY,24.49,11.35
PRE_LOT05_COMP1398,LOT_05,PRECISION_VOLTAGE_REF,LCC-20,PRE-SIH-2026,THERMAL_BURN_IN,T05_1398,PROC-ISRO-IISU-01,ATE-STATION-01,CHAMBER-01,1.0,125.0,5.0,168,output_voltage_drift,ELECTRICAL,uV,15.8738,6811.5814,6812.3893,6813.0088,6795.7076,-0.0148,-0.0528,35.35,34.71,15.8738,6811.5814,6812.3893,6813.0088,6795.7076,100.0,False,NOMINAL,HEALTHY,-45.67,37.79
PRE_LOT05_COMP1399,LOT_05,PRECISION_VOLTAGE_REF,LCC-20,PRE-SIH-2026,THERMAL_BURN_IN,T05_1399,PROC-ISRO-IISU-01,ATE-STATION-01,CHAMBER-01,1.0,125.0,5.0,168,output_voltage_drift,ELECTRICAL,uV,16.3286,7009.9502,7010.8317,7011.3633,6993.6216,0.0172,-0.0201,33.07,32.57,16.3286,7009.9502,7010.8317,7011.3633,6993.6216,100.0,False,NOMINAL,HEALTHY,-1.22,2.9
PRE_LOT05_COMP1400,LOT_05,PRECISION_VOLTAGE_REF,LCC-20,PRE-SIH-2026,THERMAL_BURN_IN,T05_1400,PROC-ISRO-IISU-01,ATE-STATION-01,CHAMBER-01,1.0,125.0,5.0,168,output_voltage_drift,ELECTRICAL,uV,13.9648,5991.3408,5991.9058,5992.334,5977.376,-0.0172,-0.1191,34.22,34.95,13.9648,5991.3408,5991.9058,5992.334,5977.376,100.0,False,NOMINAL,HEALTHY,-10.17,17.22
PRE_LOT05_COMP1401,LOT_05,PRECISION_VOLTAGE_REF,LCC-20,PRE-SIH-2026,THERMAL_BURN_IN,T05_1401,PROC-ISRO-IISU-01,ATE-STATION-01,CHAMBER-01,1.0,125.0,5.0,168,output_voltage_drift,ELECTRICAL,uV,14.0889,6034.0629,6034.7152,6035.2241,6019.974,0.0094,0.0416,32.73,32.65,14.0889,6034.0629,6034.7152,6035.2241,6019.974,100.0,False,NOMINAL,HEALTHY,25.76,-32.92
PRE_LOT05_COMP1402,LOT_05,PRECISION_VOLTAGE_REF,LCC-20,PRE-SIH-2026,THERMAL_BURN_IN,T05_1402,PROC-ISRO-IISU-01,ATE-STATION-01,CHAMBER-01,1.0,125.0,5.0,168,output_voltage_drift,ELECTRICAL,uV,12.1839,5228.8943,5229.4664,5229.8764,5216.7104,0.0059,0.0001,36.04,35.51,12.1839,5228.8943,5229.4664,5229.8764,5216.7104,100.0,False,NOMINAL,HEALTHY,31.47,45.59
PRE_LOT05_COMP1403,LOT_05,PRECISION_VOLTAGE_REF,LCC-20,PRE-SIH-2026,THERMAL_BURN_IN,T05_1403,PROC-ISRO-IISU-01,ATE-STATION-01,CHAMBER-01,1.0,125.0,5.0,168,output_voltage_drift,ELECTRICAL,uV,13.5888,5821.4462,5822.1273,5822.6128,5807.8574,-0.0126,0.0218,35.92,36.02,13.5888,5821.4462,5822.1273,5822.6128,5807.8574,100.0,False,NOMINAL,HEALTHY,16.27,-44.84
PRE_LOT05_COMP1404,LOT_05,PRECISION_VOLTAGE_REF,LCC-20,PRE-SIH-2026,THERMAL_BURN_IN,T05_1404,PROC-ISRO-IISU-01,ATE-STATION-01,CHAMBER-01,1.0,125.0,5.0,168,output_voltage_drift,ELECTRICAL,uV,15.0135,6433.2713,6433.951,6434.4818,6418.2578,-0.01,-0.0257,33.42,34.11,15.0135,6433.2713,6433.951,6434.4818,6418.2578,100.0,False,NOMINAL,HEALTHY,-18.47,34.24
PRE_LOT05_COMP1405,LOT_05,PRECISION_VOLTAGE_REF,LCC-20,PRE-SIH-2026,THERMAL_BURN_IN,T05_1405,PROC-ISRO-IISU-01,ATE-STATION-01,CHAMBER-01,1.0,125.0,5.0,168,output_voltage_drift,ELECTRICAL,uV,13.3011,5702.4673,5703.0848,5703.6058,5689.1662,0.014,0.0408,34.32,34.67,13.3011,5702.4673,5703.0848,5703.6058,5689.1662,100.0,False,NOMINAL,HEALTHY,-42.94,-37.55
PRE_LOT05_COMP1406,LOT_05,PRECISION_VOLTAGE_REF,LCC-20,PRE-SIH-2026,THERMAL_BURN_IN,T05_1406,PROC-ISRO-IISU-01,ATE-STATION-01,CHAMBER-01,1.0,125.0,5.0,168,output_voltage_drift,ELECTRICAL,uV,15.0111,6425.4713,6426.2276,6426.7451,6410.4602,-0.0376,-0.1027,35.13,34.91,15.0111,6425.4713,6426.2276,6426.7451,6410.4602,100.0,False,NOMINAL,HEALTHY,-19.67,38.98
PRE_LOT05_COMP1407,LOT_05,PRECISION_VOLTAGE_REF,LCC-20,PRE-SIH-2026,THERMAL_BURN_IN,T05_1407,PROC-ISRO-IISU-01,ATE-STATION-01,CHAMBER-01,1.0,125.0,5.0,168,output_voltage_drift,ELECTRICAL,uV,14.4403,6188.3225,6189.0146,6189.5282,6173.8822,-0.013,0.0264,35.07,35.1,14.4403,6188.3225,6189.0146,6189.5282,6173.8822,100.0,False,NOMINAL,HEALTHY,-8.27,11.37
PRE_LOT05_COMP1408,LOT_05,PRECISION_VOLTAGE_REF,LCC-20,PRE-SIH-2026,THERMAL_BURN_IN,T05_1408,PROC-ISRO-IISU-01,ATE-STATION-01,CHAMBER-01,1.0,125.0,5.0,168,output_voltage_drift,ELECTRICAL,uV,15.2112,6516.6778,6517.447,6518.0461,6501.4666,-0.0285,-0.0459,36.29,37.08,15.2112,6516.6778,6517.447,6518.0461,6501.4666,100.0,False,NOMINAL,HEALTHY,-31.93,-12.7
PRE_LOT05_COMP1409,LOT_05,PRECISION_VOLTAGE_REF,LCC-20,PRE-SIH-2026,THERMAL_BURN_IN,T05_1409,PROC-ISRO-IISU-01,ATE-STATION-01,CHAMBER-01,1.0,125.0,5.0,168,output_voltage_drift,ELECTRICAL,uV,15.2071,6513.6975,6514.4901,6515.0969,6498.4904,-0.0148,-0.0178,34.92,34.49,15.2071,6513.6975,6514.4901,6515.0969,6498.4904,100.0,False,NOMINAL,HEALTHY,-17.22,37.39
PRE_LOT05_COMP1410,LOT_05,PRECISION_VOLTAGE_REF,LCC-20,PRE-SIH-2026,THERMAL_BURN_IN,T05_1410,PROC-ISRO-IISU-01,ATE-STATION-01,CHAMBER-01,1.0,125.0,5.0,168,output_voltage_drift,ELECTRICAL,uV,15.386,6601.0201,6601.6678,6602.2572,6585.6341,0.0207,0.0633,34.18,33.82,15.386,6601.0201,6601.6678,6602.2572,6585.6341,100.0,False,NOMINAL,HEALTHY,42.38,-49.29
PRE_LOT05_COMP1411,LOT_05,PRECISION_VOLTAGE_REF,LCC-20,PRE-SIH-2026,THERMAL_BURN_IN,T05_1411,PROC-ISRO-IISU-01,ATE-STATION-01,CHAMBER-01,1.0,125.0,5.0,168,output_voltage_drift,ELECTRICAL,uV,14.6403,6266.5822,6267.3387,6267.9208,6251.9419,-0.0294,-0.0085,35.38,35.14,14.6403,6266.5822,6267.3387,6267.9208,6251.9419,100.0,False,NOMINAL,HEALTHY,-6.03,30.18
PRE_LOT05_COMP1412,LOT_05,PRECISION_VOLTAGE_REF,LCC-20,PRE-SIH-2026,THERMAL_BURN_IN,T05_1412,PROC-ISRO-IISU-01,ATE-STATION-01,CHAMBER-01,1.0,125.0,5.0,168,output_voltage_drift,ELECTRICAL,uV,12.0821,5179.978,5180.5106,5180.9874,5167.8959,-0.0114,-0.0623,36.22,36.01,12.0821,5179.978,5180.5106,5180.9874,5167.8959,100.0,False,NOMINAL,HEALTHY,1.35,-26.45
PRE_LOT05_COMP1413,LOT_05,PRECISION_VOLTAGE_REF,LCC-20,PRE-SIH-2026,THERMAL_BURN_IN,T05_1413,PROC-ISRO-IISU-01,ATE-STATION-01,CHAMBER-01,1.0,125.0,5.0,168,output_voltage_drift,ELECTRICAL,uV,12.7098,5448.2308,5448.8263,5449.235,5435.521,0.0041,-0.0182,36.63,37.0,12.7098,5448.2308,5448.8263,5449.235,5435.521,100.0,False,NOMINAL,HEALTHY,23.24,32.12
PRE_LOT05_COMP1414,LOT_05,PRECISION_VOLTAGE_REF,LCC-20,PRE-SIH-2026,THERMAL_BURN_IN,T05_1414,PROC-ISRO-IISU-01,ATE-STATION-01,CHAMBER-01,1.0,125.0,5.0,168,output_voltage_drift,ELECTRICAL,uV,15.1748,6508.2121,6508.9282,6509.5157,6493.0373,0.0129,0.0317,34.03,34.51,15.1748,6508.2121,6508.9282,6509.5157,6493.0373,100.0,False,NOMINAL,HEALTHY,45.29,-39.58
PRE_LOT05_COMP1415,LOT_05,PRECISION_VOLTAGE_REF,LCC-20,PRE-SIH-2026,THERMAL_BURN_IN,T05_1415,PROC-ISRO-IISU-01,ATE-STATION-01,CHAMBER-01,1.0,125.0,5.0,168,output_voltage_drift,ELECTRICAL,uV,12.6021,5404.6373,5405.2216,5405.6861,5392.0352,-0.026,-0.0298,34.01,34.61,12.6021,5404.6373,5405.2216,5405.6861,5392.0352,100.0,False,NOMINAL,HEALTHY,-23.4,24.32
PRE_LOT05_COMP1416,LOT_05,PRECISION_VOLTAGE_REF,LCC-20,PRE-SIH-2026,THERMAL_BURN_IN,T05_1416,PROC-ISRO-IISU-01,ATE-STATION-01,CHAMBER-01,1.0,125.0,5.0,168,output_voltage_drift,ELECTRICAL,uV,16.543,7096.7874,7097.6,7098.2194,7080.2444,-0.0233,0.0245,34.95,35.27,16.543,7096.7874,7097.6,7098.2194,7080.2444,100.0,False,NOMINAL,HEALTHY,10.75,-8.86
PRE_LOT05_COMP1417,LOT_05,PRECISION_VOLTAGE_REF,LCC-20,PRE-SIH-2026,THERMAL_BURN_IN,T05_1417,PROC-ISRO-IISU-01,ATE-STATION-01,CHAMBER-01,1.0,125.0,5.0,168,output_voltage_drift,ELECTRICAL,uV,16.445,7048.7952,7049.5997,7050.2156,7032.3502,0.0108,0.069,36.4,36.87,16.445,7048.7952,7049.5997,7050.2156,7032.3502,100.0,False,NOMINAL,HEALTHY,5.32,8.39
PRE_LOT05_COMP1418,LOT_05,PRECISION_VOLTAGE_REF,LCC-20,PRE-SIH-2026,THERMAL_BURN_IN,T05_1418,PROC-ISRO-IISU-01,ATE-STATION-01,CHAMBER-01,1.0,125.0,5.0,168,output_voltage_drift,ELECTRICAL,uV,14.0488,6020.0724,6020.6468,6021.058,6006.0236,0.0191,0.0405,34.87,34.29,14.0488,6020.0724,6020.6468,6021.058,6006.0236,100.0,False,NOMINAL,HEALTHY,34.25,38.17
PRE_LOT05_COMP1419,LOT_05,PRECISION_VOLTAGE_REF,LCC-20,PRE-SIH-2026,THERMAL_BURN_IN,T05_1419,PROC-ISRO-IISU-01,ATE-STATION-01,CHAMBER-01,1.0,125.0,5.0,168,output_voltage_drift,ELECTRICAL,uV,14.0834,6041.0562,6041.7242,6042.2101,6026.9728,-0.0003,0.0618,32.96,32.55,14.0834,6041.0562,6041.7242,6042.2101,6026.9728,100.0,False,NOMINAL,HEALTHY,25.29,-31.68
PRE_LOT05_COMP1420,LOT_05,PRECISION_VOLTAGE_REF,LCC-20,PRE-SIH-2026,THERMAL_BURN_IN,T05_1420,PROC-ISRO-IISU-01,ATE-STATION-01,CHAMBER-01,1.0,125.0,5.0,168,output_voltage_drift,ELECTRICAL,uV,14.7989,6340.2507,6340.9918,6341.4868,6325.4518,0.0077,0.0069,35.64,35.86,14.7989,6340.2507,6340.9918,6341.4868,6325.4518,100.0,False,NOMINAL,HEALTHY,40.39,-41.57
PRE_LOT05_COMP1421,LOT_05,PRECISION_VOLTAGE_REF,LCC-20,PRE-SIH-2026,THERMAL_BURN_IN,T05_1421,PROC-ISRO-IISU-01,ATE-STATION-01,CHAMBER-01,1.0,125.0,5.0,168,output_voltage_drift,ELECTRICAL,uV,15.8816,6811.4806,6812.3109,6812.8816,6795.599,0.0056,0.0618,35.75,36.64,15.8816,6811.4806,6812.3109,6812.8816,6795.599,100.0,False,NOMINAL,HEALTHY,-7.58,0.78
PRE_LOT05_COMP1422,LOT_05,PRECISION_VOLTAGE_REF,LCC-20,PRE-SIH-2026,THERMAL_BURN_IN,T05_1422,PROC-ISRO-IISU-01,ATE-STATION-01,CHAMBER-01,1.0,125.0,5.0,168,output_voltage_drift,ELECTRICAL,uV,13.7141,5874.5398,5875.1909,5875.6617,5860.8257,-0.0163,-0.0406,36.08,36.7,13.7141,5874.5398,5875.1909,5875.6617,5860.8257,100.0,False,NOMINAL,HEALTHY,31.06,7.98
PRE_LOT05_COMP1423,LOT_05,PRECISION_VOLTAGE_REF,LCC-20,PRE-SIH-2026,THERMAL_BURN_IN,T05_1423,PROC-ISRO-IISU-01,ATE-STATION-01,CHAMBER-01,1.0,125.0,5.0,168,output_voltage_drift,ELECTRICAL,uV,16.0972,6900.7955,6901.5796,6902.1469,6884.6983,-0.0122,0.0079,34.66,33.82,16.0972,6900.7955,6901.5796,6902.1469,6884.6983,100.0,False,NOMINAL,HEALTHY,-31.11,39.75
PRE_LOT05_COMP1424,LOT_05,PRECISION_VOLTAGE_REF,LCC-20,PRE-SIH-2026,THERMAL_BURN_IN,T05_1424,PROC-ISRO-IISU-01,ATE-STATION-01,CHAMBER-01,1.0,125.0,5.0,168,output_voltage_drift,ELECTRICAL,uV,14.5064,6230.93,6231.6551,6232.126,6216.4236,-0.0222,0.026,36.1,35.9,14.5064,6230.93,6231.6551,6232.126,6216.4236,100.0,False,NOMINAL,HEALTHY,-27.96,-22.37
PRE_LOT05_COMP1425,LOT_05,PRECISION_VOLTAGE_REF,LCC-20,PRE-SIH-2026,THERMAL_BURN_IN,T05_1425,PROC-ISRO-IISU-01,ATE-STATION-01,CHAMBER-01,1.0,125.0,5.0,168,output_voltage_drift,ELECTRICAL,uV,15.2789,6547.2423,6548.0002,6548.5687,6531.9634,0.0021,-0.0151,37.77,37.27,15.2789,6547.2423,6548.0002,6548.5687,6531.9634,100.0,False,NOMINAL,HEALTHY,22.7,32.76
PRE_LOT05_COMP1426,LOT_05,PRECISION_VOLTAGE_REF,LCC-20,PRE-SIH-2026,THERMAL_BURN_IN,T05_1426,PROC-ISRO-IISU-01,ATE-STATION-01,CHAMBER-01,1.0,125.0,5.0,168,output_voltage_drift,ELECTRICAL,uV,18.0953,7750.6865,7751.557,7752.1808,7732.5912,-0.0073,0.0329,32.58,33.19,18.0953,7750.6865,7751.557,7752.1808,7732.5912,100.0,False,NOMINAL,HEALTHY,40.89,32.04
PRE_LOT05_COMP1427,LOT_05,PRECISION_VOLTAGE_REF,LCC-20,PRE-SIH-2026,THERMAL_BURN_IN,T05_1427,PROC-ISRO-IISU-01,ATE-STATION-01,CHAMBER-01,1.0,125.0,5.0,168,output_voltage_drift,ELECTRICAL,uV,15.5737,6680.227,6680.9747,6681.5829,6664.6533,-0.027,-0.0199,34.38,34.84,15.5737,6680.227,6680.9747,6681.5829,6664.6533,100.0,False,NOMINAL,HEALTHY,-31.57,9.58
PRE_LOT05_COMP1428,LOT_05,PRECISION_VOLTAGE_REF,LCC-20,PRE-SIH-2026,THERMAL_BURN_IN,T05_1428,PROC-ISRO-IISU-01,ATE-STATION-01,CHAMBER-01,1.0,125.0,5.0,168,output_voltage_drift,ELECTRICAL,uV,14.6061,6265.9803,6266.7213,6267.2894,6251.3742,0.044,0.0549,36.0,36.38,14.6061,6265.9803,6266.7213,6267.2894,6251.3742,100.0,False,NOMINAL,HEALTHY,44.6,41.85
PRE_LOT05_COMP1429,LOT_05,PRECISION_VOLTAGE_REF,LCC-20,PRE-SIH-2026,THERMAL_BURN_IN,T05_1429,PROC-ISRO-IISU-01,ATE-STATION-01,CHAMBER-01,1.0,125.0,5.0,168,output_voltage_drift,ELECTRICAL,uV,16.3805,7030.3251,7031.061,7031.6178,7013.9446,-0.0109,0.0085,34.14,33.04,16.3805,7030.3251,7031.061,7031.6178,7013.9446,100.0,False,NOMINAL,HEALTHY,-22.55,1.35
PRE_LOT05_COMP1430,LOT_05,PRECISION_VOLTAGE_REF,LCC-20,PRE-SIH-2026,THERMAL_BURN_IN,T05_1430,PROC-ISRO-IISU-01,ATE-STATION-01,CHAMBER-01,1.0,125.0,5.0,168,output_voltage_drift,ELECTRICAL,uV,13.3268,5719.838,5720.5393,5721.0528,5706.5112,0.0384,0.0323,33.94,34.25,13.3268,5719.838,5720.5393,5721.0528,5706.5112,100.0,False,NOMINAL,HEALTHY,-35.78,3.01
PRE_LOT05_COMP1431,LOT_05,PRECISION_VOLTAGE_REF,LCC-20,PRE-SIH-2026,THERMAL_BURN_IN,T05_1431,PROC-ISRO-IISU-01,ATE-STATION-01,CHAMBER-01,1.0,125.0,5.0,168,output_voltage_drift,ELECTRICAL,uV,12.5786,5405.803,5406.4016,5406.7376,5393.2244,0.0155,0.0742,35.31,35.14,12.5786,5405.803,5406.4016,5406.7376,5393.2244,100.0,False,NOMINAL,HEALTHY,26.85,0.53
PRE_LOT05_COMP1432,LOT_05,PRECISION_VOLTAGE_REF,LCC-20,PRE-SIH-2026,THERMAL_BURN_IN,T05_1432,PROC-ISRO-IISU-01,ATE-STATION-01,CHAMBER-01,1.0,125.0,5.0,168,output_voltage_drift,ELECTRICAL,uV,14.9346,6410.5788,6411.2898,6411.8373,6395.6442,0.0203,0.0521,34.43,34.58,14.9346,6410.5788,6411.2898,6411.8373,6395.6442,100.0,False,NOMINAL,HEALTHY,-28.47,42.4
PRE_LOT05_COMP1433,LOT_05,PRECISION_VOLTAGE_REF,LCC-20,PRE-SIH-2026,THERMAL_BURN_IN,T05_1433,PROC-ISRO-IISU-01,ATE-STATION-01,CHAMBER-01,1.0,125.0,5.0,168,output_voltage_drift,ELECTRICAL,uV,17.4224,7462.9611,7463.8444,7464.4572,7445.5387,-0.0264,-0.0259,33.88,33.75,17.4224,7462.9611,7463.8444,7464.4572,7445.5387,100.0,False,NOMINAL,HEALTHY,-15.84,12.03
PRE_LOT05_COMP1434,LOT_05,PRECISION_VOLTAGE_REF,LCC-20,PRE-SIH-2026,THERMAL_BURN_IN,T05_1434,PROC-ISRO-IISU-01,ATE-STATION-01,CHAMBER-01,1.0,125.0,5.0,168,output_voltage_drift,ELECTRICAL,uV,15.4217,6611.7193,6612.5269,6613.1336,6596.2976,0.0287,0.0866,36.2,36.13,15.4217,6611.7193,6612.5269,6613.1336,6596.2976,100.0,False,NOMINAL,HEALTHY,-46.33,-1.53
PRE_LOT05_COMP1435,LOT_05,PRECISION_VOLTAGE_REF,LCC-20,PRE-SIH-2026,THERMAL_BURN_IN,T05_1435,PROC-ISRO-IISU-01,ATE-STATION-01,CHAMBER-01,1.0,125.0,5.0,168,output_voltage_drift,ELECTRICAL,uV,15.507,6639.6285,6640.4202,6640.9979,6624.1215,-0.0185,-0.0735,35.89,35.47,15.507,6639.6285,6640.4202,6640.9979,6624.1215,100.0,False,NOMINAL,HEALTHY,29.56,37.94
PRE_LOT05_COMP1436,LOT_05,PRECISION_VOLTAGE_REF,LCC-20,PRE-SIH-2026,THERMAL_BURN_IN,T05_1436,PROC-ISRO-IISU-01,ATE-STATION-01,CHAMBER-01,1.0,125.0,5.0,168,output_voltage_drift,ELECTRICAL,uV,17.0398,7305.3236,7306.2868,7306.9797,7288.2838,0.0073,0.0087,35.5,35.23,17.0398,7305.3236,7306.2868,7306.9797,7288.2838,100.0,False,NOMINAL,HEALTHY,0.16,-14.66
PRE_LOT05_COMP1437,LOT_05,PRECISION_VOLTAGE_REF,LCC-20,PRE-SIH-2026,THERMAL_BURN_IN,T05_1437,PROC-ISRO-IISU-01,ATE-STATION-01,CHAMBER-01,1.0,125.0,5.0,168,output_voltage_drift,ELECTRICAL,uV,13.3872,5749.4771,5750.0946,5750.6431,5736.0899,0.014,-0.0386,35.22,34.81,13.3872,5749.4771,5750.0946,5750.6431,5736.0899,100.0,False,NOMINAL,HEALTHY,20.82,-48.67
PRE_LOT05_COMP1438,LOT_05,PRECISION_VOLTAGE_REF,LCC-20,PRE-SIH-2026,THERMAL_BURN_IN,T05_1438,PROC-ISRO-IISU-01,ATE-STATION-01,CHAMBER-01,1.0,125.0,5.0,168,output_voltage_drift,ELECTRICAL,uV,14.7988,6341.9794,6342.7101,6343.3088,6327.1806,0.0007,-0.0499,35.01,34.86,14.7988,6341.9794,6342.7101,6343.3088,6327.1806,100.0,False,NOMINAL,HEALTHY,-15.34,9.78
PRE_LOT05_COMP1439,LOT_05,PRECISION_VOLTAGE_REF,LCC-20,PRE-SIH-2026,THERMAL_BURN_IN,T05_1439,PROC-ISRO-IISU-01,ATE-STATION-01,CHAMBER-01,1.0,125.0,5.0,168,output_voltage_drift,ELECTRICAL,uV,14.0067,6014.2232,6014.9959,6015.5441,6000.2165,-0.0113,0.0044,33.94,34.64,14.0067,6014.2232,6014.9959,6015.5441,6000.2165,100.0,False,NOMINAL,HEALTHY,44.99,-18.5
PRE_LOT05_COMP1440,LOT_05,PRECISION_VOLTAGE_REF,LCC-20,PRE-SIH-2026,THERMAL_BURN_IN,T05_1440,PROC-ISRO-IISU-01,ATE-STATION-01,CHAMBER-01,1.0,125.0,5.0,168,output_voltage_drift,ELECTRICAL,uV,14.7476,6333.084,6333.8263,6334.3757,6318.3364,-0.018,0.0257,35.03,35.31,14.7476,6333.084,6333.8263,6334.3757,6318.3364,100.0,False,NOMINAL,HEALTHY,14.84,5.13
PRE_LOT05_COMP1441,LOT_05,PRECISION_VOLTAGE_REF,LCC-20,PRE-SIH-2026,THERMAL_BURN_IN,T05_1441,PROC-ISRO-IISU-01,ATE-STATION-01,CHAMBER-01,1.0,125.0,5.0,168,output_voltage_drift,ELECTRICAL,uV,13.7838,5908.6006,5909.3451,5909.8692,5894.8168,-0.0275,0.0497,35.32,34.72,13.7838,5908.6006,5909.3451,5909.8692,5894.8168,100.0,False,NOMINAL,HEALTHY,-0.5,44.98
PRE_LOT05_COMP1442,LOT_05,PRECISION_VOLTAGE_REF,LCC-20,PRE-SIH-2026,THERMAL_BURN_IN,T05_1442,PROC-ISRO-IISU-01,ATE-STATION-01,CHAMBER-01,1.0,125.0,5.0,168,output_voltage_drift,ELECTRICAL,uV,16.6959,7144.6588,7145.4449,7146.0635,7127.9629,-0.009,-0.0269,35.26,34.87,16.6959,7144.6588,7145.4449,7146.0635,7127.9629,100.0,False,NOMINAL,HEALTHY,37.22,6.02
PRE_LOT05_COMP1443,LOT_05,PRECISION_VOLTAGE_REF,LCC-20,PRE-SIH-2026,THERMAL_BURN_IN,T05_1443,PROC-ISRO-IISU-01,ATE-STATION-01,CHAMBER-01,1.0,125.0,5.0,168,output_voltage_drift,ELECTRICAL,uV,13.7514,5904.6799,5905.2676,5905.8021,5890.9285,0.0163,0.0636,33.47,32.82,13.7514,5904.6799,5905.2676,5905.8021,5890.9285,100.0,False,NOMINAL,HEALTHY,13.99,30.43
PRE_LOT05_COMP1444,LOT_05,PRECISION_VOLTAGE_REF,LCC-20,PRE-SIH-2026,THERMAL_BURN_IN,T05_1444,PROC-ISRO-IISU-01,ATE-STATION-01,CHAMBER-01,1.0,125.0,5.0,168,output_voltage_drift,ELECTRICAL,uV,11.7913,5057.2194,5057.7145,5058.105,5045.4281,0.0176,-0.0254,34.54,34.46,11.7913,5057.2194,5057.7145,5058.105,5045.4281,100.0,False,NOMINAL,HEALTHY,-41.2,-46.0
PRE_LOT05_COMP1445,LOT_05,PRECISION_VOLTAGE_REF,LCC-20,PRE-SIH-2026,THERMAL_BURN_IN,T05_1445,PROC-ISRO-IISU-01,ATE-STATION-01,CHAMBER-01,1.0,125.0,5.0,168,output_voltage_drift,ELECTRICAL,uV,14.5719,6237.937,6238.6754,6239.2812,6223.3651,0.0384,0.0261,34.12,33.44,14.5719,6237.937,6238.6754,6239.2812,6223.3651,100.0,False,NOMINAL,HEALTHY,45.48,15.37
PRE_LOT05_COMP1446,LOT_05,PRECISION_VOLTAGE_REF,LCC-20,PRE-SIH-2026,THERMAL_BURN_IN,T05_1446,PROC-ISRO-IISU-01,ATE-STATION-01,CHAMBER-01,1.0,125.0,5.0,168,output_voltage_drift,ELECTRICAL,uV,14.7364,6323.9799,6324.6514,6325.1542,6309.2435,-0.0003,0.0218,33.97,34.53,14.7364,6323.9799,6324.6514,6325.1542,6309.2435,100.0,False,NOMINAL,HEALTHY,-17.53,2.91
PRE_LOT05_COMP1447,LOT_05,PRECISION_VOLTAGE_REF,LCC-20,PRE-SIH-2026,THERMAL_BURN_IN,T05_1447,PROC-ISRO-IISU-01,ATE-STATION-01,CHAMBER-01,1.0,125.0,5.0,168,output_voltage_drift,ELECTRICAL,uV,14.7879,6339.2973,6340.0972,6340.7996,6324.5094,-0.0095,0.0522,33.57,32.89,14.7879,6339.2973,6340.0972,6340.7996,6324.5094,100.0,False,NOMINAL,HEALTHY,32.79,-37.21
PRE_LOT05_COMP1448,LOT_05,PRECISION_VOLTAGE_REF,LCC-20,PRE-SIH-2026,THERMAL_BURN_IN,T05_1448,PROC-ISRO-IISU-01,ATE-STATION-01,CHAMBER-01,1.0,125.0,5.0,168,output_voltage_drift,ELECTRICAL,uV,16.3192,6998.7059,6999.5361,7000.106,6982.3867,-0.0002,-0.0169,35.17,35.58,16.3192,6998.7059,6999.5361,7000.106,6982.3867,100.0,False,NOMINAL,HEALTHY,-35.18,-25.73
PRE_LOT05_COMP1449,LOT_05,PRECISION_VOLTAGE_REF,LCC-20,PRE-SIH-2026,THERMAL_BURN_IN,T05_1449,PROC-ISRO-IISU-01,ATE-STATION-01,CHAMBER-01,1.0,125.0,5.0,168,output_voltage_drift,ELECTRICAL,uV,15.6044,6700.4139,6718.9461,6796.2491,6684.8095,-0.0483,-0.0899,33.88,33.33,15.6044,6700.4139,6718.9461,6796.2491,6684.8095,100.0,True,ELECTROMIGRATION,HEALTHY,20.66,-29.4
PRE_LOT05_COMP1450,LOT_05,PRECISION_VOLTAGE_REF,LCC-20,PRE-SIH-2026,THERMAL_BURN_IN,T05_1450,PROC-ISRO-IISU-01,ATE-STATION-01,CHAMBER-01,1.0,125.0,5.0,168,output_voltage_drift,ELECTRICAL,uV,11.5318,4949.2269,4949.7602,4950.253,4937.6951,-0.0144,0.0119,36.02,35.35,11.5318,4949.2269,4949.7602,4950.253,4937.6951,100.0,False,NOMINAL,HEALTHY,-24.93,40.03
PRE_LOT05_COMP1451,LOT_05,PRECISION_VOLTAGE_REF,LCC-20,PRE-SIH-2026,THERMAL_BURN_IN,T05_1451,PROC-ISRO-IISU-01,ATE-STATION-01,CHAMBER-01,1.0,125.0,5.0,168,output_voltage_drift,ELECTRICAL,uV,12.469,5346.6243,5347.2781,5347.7385,5334.1553,0.0401,-0.0084,34.12,33.63,12.469,5346.6243,5347.2781,5347.7385,5334.1553,100.0,False,NOMINAL,HEALTHY,-22.68,22.12
PRE_LOT05_COMP1452,LOT_05,PRECISION_VOLTAGE_REF,LCC-20,PRE-SIH-2026,THERMAL_BURN_IN,T05_1452,PROC-ISRO-IISU-01,ATE-STATION-01,CHAMBER-01,1.0,125.0,5.0,168,output_voltage_drift,ELECTRICAL,uV,17.974,7701.0326,7701.8068,7702.3947,7683.0586,-0.0201,-0.0503,35.72,35.57,17.974,7701.0326,7701.8068,7702.3947,7683.0586,100.0,False,NOMINAL,HEALTHY,5.6,-32.15
PRE_LOT05_COMP1453,LOT_05,PRECISION_VOLTAGE_REF,LCC-20,PRE-SIH-2026,THERMAL_BURN_IN,T05_1453,PROC-ISRO-IISU-01,ATE-STATION-01,CHAMBER-01,1.0,125.0,5.0,168,output_voltage_drift,ELECTRICAL,uV,14.1501,6071.3807,6071.9627,6072.3521,6057.2306,-0.0109,0.0483,35.45,35.97,14.1501,6071.3807,6071.9627,6072.3521,6057.2306,100.0,False,NOMINAL,HEALTHY,1.71,7.99
PRE_LOT05_COMP1454,LOT_05,PRECISION_VOLTAGE_REF,LCC-20,PRE-SIH-2026,THERMAL_BURN_IN,T05_1454,PROC-ISRO-IISU-01,ATE-STATION-01,CHAMBER-01,1.0,125.0,5.0,168,output_voltage_drift,ELECTRICAL,uV,12.1002,5188.9206,5189.4995,5189.9151,5176.8204,-0.0099,-0.0201,35.59,35.1,12.1002,5188.9206,5189.4995,5189.9151,5176.8204,100.0,False,NOMINAL,HEALTHY,-31.43,31.51
PRE_LOT05_COMP1455,LOT_05,PRECISION_VOLTAGE_REF,LCC-20,PRE-SIH-2026,THERMAL_BURN_IN,T05_1455,PROC-ISRO-IISU-01,ATE-STATION-01,CHAMBER-01,1.0,125.0,5.0,168,output_voltage_drift,ELECTRICAL,uV,12.9055,5533.9292,5534.6174,5535.0926,5521.0237,0.0118,-0.0106,36.5,35.85,12.9055,5533.9292,5534.6174,5535.0926,5521.0237,100.0,False,NOMINAL,HEALTHY,34.83,-41.68
PRE_LOT05_COMP1456,LOT_05,PRECISION_VOLTAGE_REF,LCC-20,PRE-SIH-2026,THERMAL_BURN_IN,T05_1456,PROC-ISRO-IISU-01,ATE-STATION-01,CHAMBER-01,1.0,125.0,5.0,168,output_voltage_drift,ELECTRICAL,uV,14.5657,6260.976,6261.7261,6262.256,6246.4103,-0.0312,0.0104,36.06,36.1,14.5657,6260.976,6261.7261,6262.256,6246.4103,100.0,False,NOMINAL,HEALTHY,24.92,3.43
PRE_LOT05_COMP1457,LOT_05,PRECISION_VOLTAGE_REF,LCC-20,PRE-SIH-2026,THERMAL_BURN_IN,T05_1457,PROC-ISRO-IISU-01,ATE-STATION-01,CHAMBER-01,1.0,125.0,5.0,168,output_voltage_drift,ELECTRICAL,uV,11.9079,5107.716,5108.2634,5108.716,5095.8081,-0.0076,0.009,36.98,37.03,11.9079,5107.716,5108.2634,5108.716,5095.8081,100.0,False,NOMINAL,HEALTHY,-1.96,11.69
PRE_LOT05_COMP1458,LOT_05,PRECISION_VOLTAGE_REF,LCC-20,PRE-SIH-2026,THERMAL_BURN_IN,T05_1458,PROC-ISRO-IISU-01,ATE-STATION-01,CHAMBER-01,1.0,125.0,5.0,168,output_voltage_drift,ELECTRICAL,uV,16.9825,7280.336,7281.127,7281.6673,7263.3535,0.023,0.0551,35.1,35.72,16.9825,7280.336,7281.127,7281.6673,7263.3535,100.0,False,NOMINAL,HEALTHY,6.34,9.28
PRE_LOT05_COMP1459,LOT_05,PRECISION_VOLTAGE_REF,LCC-20,PRE-SIH-2026,THERMAL_BURN_IN,T05_1459,PROC-ISRO-IISU-01,ATE-STATION-01,CHAMBER-01,1.0,125.0,5.0,168,output_voltage_drift,ELECTRICAL,uV,12.1465,5201.113,5201.6548,5202.0468,5188.9665,0.0342,0.1051,36.95,36.65,12.1465,5201.113,5201.6548,5202.0468,5188.9665,100.0,False,NOMINAL,HEALTHY,43.94,34.89
PRE_LOT05_COMP1460,LOT_05,PRECISION_VOLTAGE_REF,LCC-20,PRE-SIH-2026,THERMAL_BURN_IN,T05_1460,PROC-ISRO-IISU-01,ATE-STATION-01,CHAMBER-01,1.0,125.0,5.0,168,output_voltage_drift,ELECTRICAL,uV,10.5465,4530.2149,4530.7309,4531.224,4519.6684,0.0062,0.1214,35.08,35.86,10.5465,4530.2149,4530.7309,4531.224,4519.6684,100.0,False,NOMINAL,HEALTHY,2.75,27.11
PRE_LOT05_COMP1461,LOT_05,PRECISION_VOLTAGE_REF,LCC-20,PRE-SIH-2026,THERMAL_BURN_IN,T05_1461,PROC-ISRO-IISU-01,ATE-STATION-01,CHAMBER-01,1.0,125.0,5.0,168,output_voltage_drift,ELECTRICAL,uV,18.9988,8134.8694,8135.8001,8136.5426,8115.8706,0.0178,0.0045,33.69,34.34,18.9988,8134.8694,8135.8001,8136.5426,8115.8706,100.0,False,NOMINAL,HEALTHY,36.65,-35.28
PRE_LOT05_COMP1462,LOT_05,PRECISION_VOLTAGE_REF,LCC-20,PRE-SIH-2026,THERMAL_BURN_IN,T05_1462,PROC-ISRO-IISU-01,ATE-STATION-01,CHAMBER-01,1.0,125.0,5.0,168,output_voltage_drift,ELECTRICAL,uV,14.5047,6215.9759,6216.6978,6217.2137,6201.4712,-0.0214,-0.0732,35.19,35.02,14.5047,6215.9759,6216.6978,6217.2137,6201.4712,100.0,False,NOMINAL,HEALTHY,30.08,-49.07
PRE_LOT05_COMP1463,LOT_05,PRECISION_VOLTAGE_REF,LCC-20,PRE-SIH-2026,THERMAL_BURN_IN,T05_1463,PROC-ISRO-IISU-01,ATE-STATION-01,CHAMBER-01,1.0,125.0,5.0,168,output_voltage_drift,ELECTRICAL,uV,12.2763,5256.7761,5257.3409,5257.8022,5244.4998,0.0044,-0.0154,34.39,34.12,12.2763,5256.7761,5257.3409,5257.8022,5244.4998,100.0,False,NOMINAL,HEALTHY,49.69,27.89
PRE_LOT05_COMP1464,LOT_05,PRECISION_VOLTAGE_REF,LCC-20,PRE-SIH-2026,THERMAL_BURN_IN,T05_1464,PROC-ISRO-IISU-01,ATE-STATION-01,CHAMBER-01,1.0,125.0,5.0,168,output_voltage_drift,ELECTRICAL,uV,14.9176,6400.8666,6401.5532,6402.1126,6385.949,-0.0033,-0.0326,35.22,35.82,14.9176,6400.8666,6401.5532,6402.1126,6385.949,100.0,False,NOMINAL,HEALTHY,-49.25,-19.32
PRE_LOT05_COMP1465,LOT_05,PRECISION_VOLTAGE_REF,LCC-20,PRE-SIH-2026,THERMAL_BURN_IN,T05_1465,PROC-ISRO-IISU-01,ATE-STATION-01,CHAMBER-01,1.0,125.0,5.0,168,output_voltage_drift,ELECTRICAL,uV,11.7921,5063.4506,5064.0247,5064.4665,5051.6585,0.0201,0.1041,33.16,33.53,11.7921,5063.4506,5064.0247,5064.4665,5051.6585,100.0,False,NOMINAL,HEALTHY,-23.5,-14.89
PRE_LOT05_COMP1466,LOT_05,PRECISION_VOLTAGE_REF,LCC-20,PRE-SIH-2026,THERMAL_BURN_IN,T05_1466,PROC-ISRO-IISU-01,ATE-STATION-01,CHAMBER-01,1.0,125.0,5.0,168,output_voltage_drift,ELECTRICAL,uV,15.5464,6669.1801,6669.9186,6670.4949,6653.6337,0.0112,0.014,35.24,34.5,15.5464,6669.1801,6669.9186,6670.4949,6653.6337,100.0,False,NOMINAL,HEALTHY,6.27,33.82
PRE_LOT05_COMP1467,LOT_05,PRECISION_VOLTAGE_REF,LCC-20,PRE-SIH-2026,THERMAL_BURN_IN,T05_1467,PROC-ISRO-IISU-01,ATE-STATION-01,CHAMBER-01,1.0,125.0,5.0,168,output_voltage_drift,ELECTRICAL,uV,16.8068,7201.0844,7220.0362,7299.2252,7184.2776,-0.0129,0.0011,34.28,34.07,16.8068,7201.0844,7220.0362,7299.2252,7184.2776,100.0,True,ELECTROMIGRATION,HEALTHY,32.84,36.73
PRE_LOT05_COMP1468,LOT_05,PRECISION_VOLTAGE_REF,LCC-20,PRE-SIH-2026,THERMAL_BURN_IN,T05_1468,PROC-ISRO-IISU-01,ATE-STATION-01,CHAMBER-01,1.0,125.0,5.0,168,output_voltage_drift,ELECTRICAL,uV,13.9687,5994.8879,5995.5552,5996.0259,5980.9192,-0.0209,-0.0161,36.73,36.59,13.9687,5994.8879,5995.5552,5996.0259,5980.9192,100.0,False,NOMINAL,HEALTHY,33.89,11.52
PRE_LOT05_COMP1469,LOT_05,PRECISION_VOLTAGE_REF,LCC-20,PRE-SIH-2026,THERMAL_BURN_IN,T05_1469,PROC-ISRO-IISU-01,ATE-STATION-01,CHAMBER-01,1.0,125.0,5.0,168,output_voltage_drift,ELECTRICAL,uV,16.4117,7036.504,7037.2159,7037.7396,7020.0923,-0.045,0.0231,34.21,33.96,16.4117,7036.504,7037.2159,7037.7396,7020.0923,100.0,False,NOMINAL,HEALTHY,40.75,-12.64
PRE_LOT05_COMP1470,LOT_05,PRECISION_VOLTAGE_REF,LCC-20,PRE-SIH-2026,THERMAL_BURN_IN,T05_1470,PROC-ISRO-IISU-01,ATE-STATION-01,CHAMBER-01,1.0,125.0,5.0,168,output_voltage_drift,ELECTRICAL,uV,11.1734,4789.3465,4789.8731,4790.2694,4778.1731,-0.0115,-0.1055,36.22,36.3,11.1734,4789.3465,4789.8731,4790.2694,4778.1731,100.0,False,NOMINAL,HEALTHY,-5.84,28.34
PRE_LOT05_COMP1471,LOT_05,PRECISION_VOLTAGE_REF,LCC-20,PRE-SIH-2026,THERMAL_BURN_IN,T05_1471,PROC-ISRO-IISU-01,ATE-STATION-01,CHAMBER-01,1.0,125.0,5.0,168,output_voltage_drift,ELECTRICAL,uV,14.6077,6261.0199,6261.8175,6262.4681,6246.4122,0.0049,0.0268,34.62,34.29,14.6077,6261.0199,6261.8175,6262.4681,6246.4122,100.0,False,NOMINAL,HEALTHY,-11.46,-19.71
PRE_LOT05_COMP1472,LOT_05,PRECISION_VOLTAGE_REF,LCC-20,PRE-SIH-2026,THERMAL_BURN_IN,T05_1472,PROC-ISRO-IISU-01,ATE-STATION-01,CHAMBER-01,1.0,125.0,5.0,168,output_voltage_drift,ELECTRICAL,uV,11.4088,4886.0367,4886.558,4886.9174,4874.6279,-0.0269,-0.0493,35.95,35.94,11.4088,4886.0367,4886.558,4886.9174,4874.6279,100.0,False,NOMINAL,HEALTHY,-3.29,26.82
PRE_LOT05_COMP1473,LOT_05,PRECISION_VOLTAGE_REF,LCC-20,PRE-SIH-2026,THERMAL_BURN_IN,T05_1473,PROC-ISRO-IISU-01,ATE-STATION-01,CHAMBER-01,1.0,125.0,5.0,168,output_voltage_drift,ELECTRICAL,uV,14.822,6356.204,6356.9341,6357.4732,6341.382,-0.0086,-0.0009,34.74,34.05,14.822,6356.204,6356.9341,6357.4732,6341.382,100.0,False,NOMINAL,HEALTHY,-21.24,37.26
PRE_LOT05_COMP1474,LOT_05,PRECISION_VOLTAGE_REF,LCC-20,PRE-SIH-2026,THERMAL_BURN_IN,T05_1474,PROC-ISRO-IISU-01,ATE-STATION-01,CHAMBER-01,1.0,125.0,5.0,168,output_voltage_drift,ELECTRICAL,uV,16.0375,6874.4835,6875.2719,6875.7496,6858.446,-0.026,-0.0085,35.15,35.35,16.0375,6874.4835,6875.2719,6875.7496,6858.446,100.0,False,NOMINAL,HEALTHY,11.39,41.85
PRE_LOT05_COMP1475,LOT_05,PRECISION_VOLTAGE_REF,LCC-20,PRE-SIH-2026,THERMAL_BURN_IN,T05_1475,PROC-ISRO-IISU-01,ATE-STATION-01,CHAMBER-01,1.0,125.0,5.0,168,output_voltage_drift,ELECTRICAL,uV,14.1805,6092.1332,6092.8345,6093.3942,6077.9527,-0.0408,-0.0134,34.28,34.87,14.1805,6092.1332,6092.8345,6093.3942,6077.9527,100.0,False,NOMINAL,HEALTHY,48.69,15.71
PRE_LOT05_COMP1476,LOT_05,PRECISION_VOLTAGE_REF,LCC-20,PRE-SIH-2026,THERMAL_BURN_IN,T05_1476,PROC-ISRO-IISU-01,ATE-STATION-01,CHAMBER-01,1.0,125.0,5.0,168,output_voltage_drift,ELECTRICAL,uV,13.5175,5790.1709,5790.8559,5791.283,5776.6534,-0.0072,-0.0359,35.09,34.7,13.5175,5790.1709,5790.8559,5791.283,5776.6534,100.0,False,NOMINAL,HEALTHY,43.56,-1.78
PRE_LOT05_COMP1477,LOT_05,PRECISION_VOLTAGE_REF,LCC-20,PRE-SIH-2026,THERMAL_BURN_IN,T05_1477,PROC-ISRO-IISU-01,ATE-STATION-01,CHAMBER-01,1.0,125.0,5.0,168,output_voltage_drift,ELECTRICAL,uV,12.6381,5423.2968,5423.9538,5424.4462,5410.6587,-0.0317,-0.0239,34.3,34.2,12.6381,5423.2968,5423.9538,5424.4462,5410.6587,100.0,False,NOMINAL,HEALTHY,-9.21,-44.26
PRE_LOT05_COMP1478,LOT_05,PRECISION_VOLTAGE_REF,LCC-20,PRE-SIH-2026,THERMAL_BURN_IN,T05_1478,PROC-ISRO-IISU-01,ATE-STATION-01,CHAMBER-01,1.0,125.0,5.0,168,output_voltage_drift,ELECTRICAL,uV,16.6172,7127.1214,7127.8916,7128.444,7110.5042,0.0138,-0.1177,34.6,34.63,16.6172,7127.1214,7127.8916,7128.444,7110.5042,100.0,False,NOMINAL,HEALTHY,-13.43,19.41
PRE_LOT05_COMP1479,LOT_05,PRECISION_VOLTAGE_REF,LCC-20,PRE-SIH-2026,THERMAL_BURN_IN,T05_1479,PROC-ISRO-IISU-01,ATE-STATION-01,CHAMBER-01,1.0,125.0,5.0,168,output_voltage_drift,ELECTRICAL,uV,15.0514,6447.106,6447.7887,6448.3531,6432.0546,0.027,0.0616,36.5,37.2,15.0514,6447.106,6447.7887,6448.3531,6432.0546,100.0,False,NOMINAL,HEALTHY,2.18,18.29
PRE_LOT05_COMP1480,LOT_05,PRECISION_VOLTAGE_REF,LCC-20,PRE-SIH-2026,THERMAL_BURN_IN,T05_1480,PROC-ISRO-IISU-01,ATE-STATION-01,CHAMBER-01,1.0,125.0,5.0,168,output_voltage_drift,ELECTRICAL,uV,17.7285,7598.0273,7598.9708,7599.623,7580.2988,0.0028,-0.0473,34.28,33.71,17.7285,7598.0273,7598.9708,7599.623,7580.2988,100.0,False,NOMINAL,HEALTHY,-45.4,-29.9
PRE_LOT05_COMP1481,LOT_05,PRECISION_VOLTAGE_REF,LCC-20,PRE-SIH-2026,THERMAL_BURN_IN,T05_1481,PROC-ISRO-IISU-01,ATE-STATION-01,CHAMBER-01,1.0,125.0,5.0,168,output_voltage_drift,ELECTRICAL,uV,13.6835,5870.6384,5871.3298,5871.9038,5856.9549,-0.0076,0.0425,33.45,33.49,13.6835,5870.6384,5871.3298,5871.9038,5856.9549,100.0,False,NOMINAL,HEALTHY,-42.58,38.27
PRE_LOT05_COMP1482,LOT_05,PRECISION_VOLTAGE_REF,LCC-20,PRE-SIH-2026,THERMAL_BURN_IN,T05_1482,PROC-ISRO-IISU-01,ATE-STATION-01,CHAMBER-01,1.0,125.0,5.0,168,output_voltage_drift,ELECTRICAL,uV,13.7618,5903.4612,5904.195,5904.7461,5889.6994,-0.0119,0.0146,35.41,35.05,13.7618,5903.4612,5904.195,5904.7461,5889.6994,100.0,False,NOMINAL,HEALTHY,-8.99,-28.11
PRE_LOT05_COMP1483,LOT_05,PRECISION_VOLTAGE_REF,LCC-20,PRE-SIH-2026,THERMAL_BURN_IN,T05_1483,PROC-ISRO-IISU-01,ATE-STATION-01,CHAMBER-01,1.0,125.0,5.0,168,output_voltage_drift,ELECTRICAL,uV,15.5029,6643.9391,6644.714,6645.3446,6628.4362,-0.0222,-0.0521,36.95,37.25,15.5029,6643.9391,6644.714,6645.3446,6628.4362,100.0,False,NOMINAL,HEALTHY,-42.43,-35.64
PRE_LOT05_COMP1484,LOT_05,PRECISION_VOLTAGE_REF,LCC-20,PRE-SIH-2026,THERMAL_BURN_IN,T05_1484,PROC-ISRO-IISU-01,ATE-STATION-01,CHAMBER-01,1.0,125.0,5.0,168,output_voltage_drift,ELECTRICAL,uV,15.3172,6567.6064,6568.3931,6568.9676,6552.2892,-0.009,0.0481,34.36,34.25,15.3172,6567.6064,6568.3931,6568.9676,6552.2892,100.0,False,NOMINAL,HEALTHY,-4.61,-45.69
PRE_LOT05_COMP1485,LOT_05,PRECISION_VOLTAGE_REF,LCC-20,PRE-SIH-2026,THERMAL_BURN_IN,T05_1485,PROC-ISRO-IISU-01,ATE-STATION-01,CHAMBER-01,1.0,125.0,5.0,168,output_voltage_drift,ELECTRICAL,uV,15.6531,6716.4987,6717.2687,6717.8211,6700.8456,-0.0001,0.0482,34.36,34.42,15.6531,6716.4987,6717.2687,6717.8211,6700.8456,100.0,False,NOMINAL,HEALTHY,21.99,-16.77
PRE_LOT05_COMP1486,LOT_05,PRECISION_VOLTAGE_REF,LCC-20,PRE-SIH-2026,THERMAL_BURN_IN,T05_1486,PROC-ISRO-IISU-01,ATE-STATION-01,CHAMBER-01,1.0,125.0,5.0,168,output_voltage_drift,ELECTRICAL,uV,12.9006,5523.0179,5523.6249,5524.0438,5510.1173,0.002,0.1138,35.32,34.72,12.9006,5523.0179,5523.6249,5524.0438,5510.1173,100.0,False,NOMINAL,HEALTHY,25.9,40.55
PRE_LOT05_COMP1487,LOT_05,PRECISION_VOLTAGE_REF,LCC-20,PRE-SIH-2026,THERMAL_BURN_IN,T05_1487,PROC-ISRO-IISU-01,ATE-STATION-01,CHAMBER-01,1.0,125.0,5.0,168,output_voltage_drift,ELECTRICAL,uV,15.661,6709.7484,6710.504,6711.0549,6694.0874,0.0022,0.0513,35.07,34.76,15.661,6709.7484,6710.504,6711.0549,6694.0874,100.0,False,NOMINAL,HEALTHY,-2.66,-39.66
PRE_LOT05_COMP1488,LOT_05,PRECISION_VOLTAGE_REF,LCC-20,PRE-SIH-2026,THERMAL_BURN_IN,T05_1488,PROC-ISRO-IISU-01,ATE-STATION-01,CHAMBER-01,1.0,125.0,5.0,168,output_voltage_drift,ELECTRICAL,uV,12.3607,5303.4888,5304.0849,5304.6433,5291.1281,-0.0081,-0.0503,34.5,34.9,12.3607,5303.4888,5304.0849,5304.6433,5291.1281,100.0,False,NOMINAL,HEALTHY,19.03,-25.38
PRE_LOT05_COMP1489,LOT_05,PRECISION_VOLTAGE_REF,LCC-20,PRE-SIH-2026,THERMAL_BURN_IN,T05_1489,PROC-ISRO-IISU-01,ATE-STATION-01,CHAMBER-01,1.0,125.0,5.0,168,output_voltage_drift,ELECTRICAL,uV,11.5599,4956.8749,4957.4269,4957.8895,4945.315,0.0055,-0.0126,35.03,35.36,11.5599,4956.8749,4957.4269,4957.8895,4945.315,100.0,False,NOMINAL,HEALTHY,4.83,-7.88
PRE_LOT05_COMP1490,LOT_05,PRECISION_VOLTAGE_REF,LCC-20,PRE-SIH-2026,THERMAL_BURN_IN,T05_1490,PROC-ISRO-IISU-01,ATE-STATION-01,CHAMBER-01,1.0,125.0,5.0,168,output_voltage_drift,ELECTRICAL,uV,12.404,5324.9842,5325.6137,5326.1535,5312.5802,0.0065,-0.1209,35.86,37.05,12.404,5324.9842,5325.6137,5326.1535,5312.5802,100.0,False,NOMINAL,HEALTHY,37.15,-19.32
PRE_LOT05_COMP1491,LOT_05,PRECISION_VOLTAGE_REF,LCC-20,PRE-SIH-2026,THERMAL_BURN_IN,T05_1491,PROC-ISRO-IISU-01,ATE-STATION-01,CHAMBER-01,1.0,125.0,5.0,168,output_voltage_drift,ELECTRICAL,uV,12.8932,5528.3091,5528.8884,5529.388,5515.4159,0.0262,0.0596,36.04,35.99,12.8932,5528.3091,5528.8884,5529.388,5515.4159,100.0,False,NOMINAL,HEALTHY,3.73,23.2
PRE_LOT05_COMP1492,LOT_05,PRECISION_VOLTAGE_REF,LCC-20,PRE-SIH-2026,THERMAL_BURN_IN,T05_1492,PROC-ISRO-IISU-01,ATE-STATION-01,CHAMBER-01,1.0,125.0,5.0,168,output_voltage_drift,ELECTRICAL,uV,14.681,6290.3564,6291.0108,6291.5919,6275.6754,-0.0034,0.025,34.98,35.86,14.681,6290.3564,6291.0108,6291.5919,6275.6754,100.0,False,NOMINAL,HEALTHY,-15.02,-13.95
PRE_LOT05_COMP1493,LOT_05,PRECISION_VOLTAGE_REF,LCC-20,PRE-SIH-2026,THERMAL_BURN_IN,T05_1493,PROC-ISRO-IISU-01,ATE-STATION-01,CHAMBER-01,1.0,125.0,5.0,168,output_voltage_drift,ELECTRICAL,uV,15.4752,6631.0409,6631.6971,6632.3135,6615.5657,0.0012,0.0051,33.74,33.67,15.4752,6631.0409,6631.6971,6632.3135,6615.5657,100.0,True,DIELECTRIC_OSCILLATION,HEALTHY,8.67,-25.65
PRE_LOT05_COMP1494,LOT_05,PRECISION_VOLTAGE_REF,LCC-20,PRE-SIH-2026,THERMAL_BURN_IN,T05_1494,PROC-ISRO-IISU-01,ATE-STATION-01,CHAMBER-01,1.0,125.0,5.0,168,output_voltage_drift,ELECTRICAL,uV,12.0211,5146.9581,5147.5692,5147.9867,5134.937,-0.0121,0.0279,34.34,34.51,12.0211,5146.9581,5147.5692,5147.9867,5134.937,100.0,False,NOMINAL,HEALTHY,4.25,-7.79
PRE_LOT05_COMP1495,LOT_05,PRECISION_VOLTAGE_REF,LCC-20,PRE-SIH-2026,THERMAL_BURN_IN,T05_1495,PROC-ISRO-IISU-01,ATE-STATION-01,CHAMBER-01,1.0,125.0,5.0,168,output_voltage_drift,ELECTRICAL,uV,15.3685,6596.2801,6597.0994,6597.7495,6580.9116,0.0428,0.0942,35.1,35.77,15.3685,6596.2801,6597.0994,6597.7495,6580.9116,100.0,False,NOMINAL,HEALTHY,-6.73,8.63
PRE_LOT05_COMP1496,LOT_05,PRECISION_VOLTAGE_REF,LCC-20,PRE-SIH-2026,THERMAL_BURN_IN,T05_1496,PROC-ISRO-IISU-01,ATE-STATION-01,CHAMBER-01,1.0,125.0,5.0,168,output_voltage_drift,ELECTRICAL,uV,17.8501,7649.284,7650.1771,7650.7718,7631.4339,0.0206,0.0793,36.22,35.29,17.8501,7649.284,7650.1771,7650.7718,7631.4339,100.0,False,NOMINAL,HEALTHY,-48.02,29.5
PRE_LOT05_COMP1497,LOT_05,PRECISION_VOLTAGE_REF,LCC-20,PRE-SIH-2026,THERMAL_BURN_IN,T05_1497,PROC-ISRO-IISU-01,ATE-STATION-01,CHAMBER-01,1.0,125.0,5.0,168,output_voltage_drift,ELECTRICAL,uV,13.66,5861.0262,5861.6175,5862.1134,5847.3662,-0.0094,0.0231,33.19,32.66,13.66,5861.0262,5861.6175,5862.1134,5847.3662,100.0,False,NOMINAL,HEALTHY,-21.49,-12.2
PRE_LOT05_COMP1498,LOT_05,PRECISION_VOLTAGE_REF,LCC-20,PRE-SIH-2026,THERMAL_BURN_IN,T05_1498,PROC-ISRO-IISU-01,ATE-STATION-01,CHAMBER-01,1.0,125.0,5.0,168,output_voltage_drift,ELECTRICAL,uV,12.1886,5224.6208,5225.174,5225.6661,5212.4322,0.0106,0.0815,34.47,34.56,12.1886,5224.6208,5225.174,5225.6661,5212.4322,100.0,False,NOMINAL,HEALTHY,4.24,23.34
PRE_LOT05_COMP1499,LOT_05,PRECISION_VOLTAGE_REF,LCC-20,PRE-SIH-2026,THERMAL_BURN_IN,T05_1499,PROC-ISRO-IISU-01,ATE-STATION-01,CHAMBER-01,1.0,125.0,5.0,168,output_voltage_drift,ELECTRICAL,uV,15.2858,6555.5276,6556.2647,6556.789,6540.2418,-0.0295,-0.1033,34.99,35.11,15.2858,6555.5276,6556.2647,6556.789,6540.2418,100.0,False,NOMINAL,HEALTHY,13.59,-3.47
PRE_LOT05_COMP1500,LOT_05,PRECISION_VOLTAGE_REF,LCC-20,PRE-SIH-2026,THERMAL_BURN_IN,T05_1500,PROC-ISRO-IISU-01,ATE-STATION-01,CHAMBER-01,1.0,125.0,5.0,168,output_voltage_drift,ELECTRICAL,uV,16.1648,6933.8117,6934.5427,6935.0397,6917.6469,0.0293,0.0599,35.11,35.03,16.1648,6933.8117,6934.5427,6935.0397,6917.6469,100.0,False,NOMINAL,HEALTHY,3.5,-13.56
PRE_LOT05_COMP1501,LOT_05,PRECISION_VOLTAGE_REF,LCC-20,PRE-SIH-2026,THERMAL_BURN_IN,T05_1501,PROC-ISRO-IISU-01,ATE-STATION-01,CHAMBER-01,1.0,125.0,5.0,168,output_voltage_drift,ELECTRICAL,uV,11.6291,4983.2866,4983.7444,4984.1234,4971.6575,0.017,0.0902,35.74,35.5,11.6291,4983.2866,4983.7444,4984.1234,4971.6575,100.0,False,NOMINAL,HEALTHY,-16.81,-22.92
PRE_LOT05_COMP1502,LOT_05,PRECISION_VOLTAGE_REF,LCC-20,PRE-SIH-2026,THERMAL_BURN_IN,T05_1502,PROC-ISRO-IISU-01,ATE-STATION-01,CHAMBER-01,1.0,125.0,5.0,168,output_voltage_drift,ELECTRICAL,uV,14.0095,6004.6244,6005.2579,6005.753,5990.6149,-0.0117,0.0627,35.84,36.31,14.0095,6004.6244,6005.2579,6005.753,5990.6149,100.0,False,NOMINAL,HEALTHY,-24.74,40.98
PRE_LOT05_COMP1503,LOT_05,PRECISION_VOLTAGE_REF,LCC-20,PRE-SIH-2026,THERMAL_BURN_IN,T05_1503,PROC-ISRO-IISU-01,ATE-STATION-01,CHAMBER-01,1.0,125.0,5.0,168,output_voltage_drift,ELECTRICAL,uV,13.1236,5619.6667,5620.2838,5620.7899,5606.5431,0.0267,0.1089,34.56,34.27,13.1236,5619.6667,5620.2838,5620.7899,5606.5431,100.0,False,NOMINAL,HEALTHY,1.46,-14.89
PRE_LOT05_COMP1504,LOT_05,PRECISION_VOLTAGE_REF,LCC-20,PRE-SIH-2026,THERMAL_BURN_IN,T05_1504,PROC-ISRO-IISU-01,ATE-STATION-01,CHAMBER-01,1.0,125.0,5.0,168,output_voltage_drift,ELECTRICAL,uV,17.1202,7345.4012,7346.19,7346.751,7328.281,0.0184,0.0023,35.2,35.27,17.1202,7345.4012,7346.19,7346.751,7328.281,100.0,False,NOMINAL,HEALTHY,-41.25,-11.67
PRE_LOT05_COMP1505,LOT_05,PRECISION_VOLTAGE_REF,LCC-20,PRE-SIH-2026,THERMAL_BURN_IN,T05_1505,PROC-ISRO-IISU-01,ATE-STATION-01,CHAMBER-01,1.0,125.0,5.0,168,output_voltage_drift,ELECTRICAL,uV,10.8201,4646.361,4646.9106,4647.3496,4635.5409,0.0218,0.0137,36.51,36.44,10.8201,4646.361,4646.9106,4647.3496,4635.5409,100.0,False,NOMINAL,HEALTHY,1.93,6.41
PRE_LOT05_COMP1506,LOT_05,PRECISION_VOLTAGE_REF,LCC-20,PRE-SIH-2026,THERMAL_BURN_IN,T05_1506,PROC-ISRO-IISU-01,ATE-STATION-01,CHAMBER-01,1.0,125.0,5.0,168,output_voltage_drift,ELECTRICAL,uV,12.8536,5517.5996,5518.2016,5518.6871,5504.746,0.0118,0.1108,36.35,36.04,12.8536,5517.5996,5518.2016,5518.6871,5504.746,100.0,False,NOMINAL,HEALTHY,-6.44,16.75
PRE_LOT05_COMP1507,LOT_05,PRECISION_VOLTAGE_REF,LCC-20,PRE-SIH-2026,THERMAL_BURN_IN,T05_1507,PROC-ISRO-IISU-01,ATE-STATION-01,CHAMBER-01,1.0,125.0,5.0,168,output_voltage_drift,ELECTRICAL,uV,14.8796,6367.5175,6368.2455,6368.7823,6352.6379,0.0139,0.0781,36.47,35.78,14.8796,6367.5175,6368.2455,6368.7823,6352.6379,100.0,False,NOMINAL,HEALTHY,43.13,17.06
PRE_LOT05_COMP1508,LOT_05,PRECISION_VOLTAGE_REF,LCC-20,PRE-SIH-2026,THERMAL_BURN_IN,T05_1508,PROC-ISRO-IISU-01,ATE-STATION-01,CHAMBER-01,1.0,125.0,5.0,168,output_voltage_drift,ELECTRICAL,uV,15.9717,6848.4976,6849.2721,6849.9148,6832.5259,-0.0194,0.0127,34.34,34.84,15.9717,6848.4976,6849.2721,6849.9148,6832.5259,100.0,False,NOMINAL,HEALTHY,-21.51,-14.48
PRE_LOT05_COMP1509,LOT_05,PRECISION_VOLTAGE_REF,LCC-20,PRE-SIH-2026,THERMAL_BURN_IN,T05_1509,PROC-ISRO-IISU-01,ATE-STATION-01,CHAMBER-01,1.0,125.0,5.0,168,output_voltage_drift,ELECTRICAL,uV,16.4479,7063.6489,7064.4055,7064.9965,7047.201,-0.0106,-0.0195,36.42,36.54,16.4479,7063.6489,7064.4055,7064.9965,7047.201,100.0,False,NOMINAL,HEALTHY,18.4,-23.91
PRE_LOT05_COMP1510,LOT_05,PRECISION_VOLTAGE_REF,LCC-20,PRE-SIH-2026,THERMAL_BURN_IN,T05_1510,PROC-ISRO-IISU-01,ATE-STATION-01,CHAMBER-01,1.0,125.0,5.0,168,output_voltage_drift,ELECTRICAL,uV,15.3605,6578.8594,6579.6065,6580.2067,6563.4989,-0.0041,0.0423,33.67,33.84,15.3605,6578.8594,6579.6065,6580.2067,6563.4989,100.0,False,NOMINAL,HEALTHY,27.92,-36.44
PRE_LOT05_COMP1511,LOT_05,PRECISION_VOLTAGE_REF,LCC-20,PRE-SIH-2026,THERMAL_BURN_IN,T05_1511,PROC-ISRO-IISU-01,ATE-STATION-01,CHAMBER-01,1.0,125.0,5.0,168,output_voltage_drift,ELECTRICAL,uV,14.6045,6262.2069,6262.9061,6263.4344,6247.6024,0.0124,0.0375,33.1,33.07,14.6045,6262.2069,6262.9061,6263.4344,6247.6024,100.0,False,NOMINAL,HEALTHY,-25.22,42.12
PRE_LOT05_COMP1512,LOT_05,PRECISION_VOLTAGE_REF,LCC-20,PRE-SIH-2026,THERMAL_BURN_IN,T05_1512,PROC-ISRO-IISU-01,ATE-STATION-01,CHAMBER-01,1.0,125.0,5.0,168,output_voltage_drift,ELECTRICAL,uV,14.5093,6225.2001,6225.9193,6226.4964,6210.6908,-0.0136,-0.0245,34.4,35.42,14.5093,6225.2001,6225.9193,6226.4964,6210.6908,100.0,False,NOMINAL,HEALTHY,-33.76,29.97
PRE_LOT05_COMP1513,LOT_05,PRECISION_VOLTAGE_REF,LCC-20,PRE-SIH-2026,THERMAL_BURN_IN,T05_1513,PROC-ISRO-IISU-01,ATE-STATION-01,CHAMBER-01,1.0,125.0,5.0,168,output_voltage_drift,ELECTRICAL,uV,11.3201,4853.4107,4862.8916,5013.5083,4842.0906,0.0168,0.0117,33.8,33.97,11.3201,4853.4107,4862.8916,5013.5083,4842.0906,100.0,True,THERMAL_RUNAWAY,HEALTHY,-12.64,-0.66
PRE_LOT05_COMP1514,LOT_05,PRECISION_VOLTAGE_REF,LCC-20,PRE-SIH-2026,THERMAL_BURN_IN,T05_1514,PROC-ISRO-IISU-01,ATE-STATION-01,CHAMBER-01,1.0,125.0,5.0,168,output_voltage_drift,ELECTRICAL,uV,12.976,5572.1881,5572.8168,5573.248,5559.2121,0.0024,0.0091,34.06,32.85,12.976,5572.1881,5572.8168,5573.248,5559.2121,100.0,False,NOMINAL,HEALTHY,-40.68,-37.39
PRE_LOT05_COMP1515,LOT_05,PRECISION_VOLTAGE_REF,LCC-20,PRE-SIH-2026,THERMAL_BURN_IN,T05_1515,PROC-ISRO-IISU-01,ATE-STATION-01,CHAMBER-01,1.0,125.0,5.0,168,output_voltage_drift,ELECTRICAL,uV,11.1285,4777.5054,4778.0167,4778.3943,4766.3769,0.0077,-0.0195,34.08,33.17,11.1285,4777.5054,4778.0167,4778.3943,4766.3769,100.0,False,NOMINAL,HEALTHY,40.95,-4.74
PRE_LOT05_COMP1516,LOT_05,PRECISION_VOLTAGE_REF,LCC-20,PRE-SIH-2026,THERMAL_BURN_IN,T05_1516,PROC-ISRO-IISU-01,ATE-STATION-01,CHAMBER-01,1.0,125.0,5.0,168,output_voltage_drift,ELECTRICAL,uV,14.0104,6023.4463,6024.0833,6024.5411,6009.4359,-0.0032,0.0877,35.49,36.25,14.0104,6023.4463,6024.0833,6024.5411,6009.4359,100.0,False,NOMINAL,HEALTHY,-35.44,16.02
PRE_LOT05_COMP1517,LOT_05,PRECISION_VOLTAGE_REF,LCC-20,PRE-SIH-2026,THERMAL_BURN_IN,T05_1517,PROC-ISRO-IISU-01,ATE-STATION-01,CHAMBER-01,1.0,125.0,5.0,168,output_voltage_drift,ELECTRICAL,uV,11.9044,5103.1214,5103.704,5104.1074,5091.217,-0.0266,-0.0154,31.84,32.64,11.9044,5103.1214,5103.704,5104.1074,5091.217,100.0,False,NOMINAL,HEALTHY,-35.44,-42.92
PRE_LOT05_COMP1518,LOT_05,PRECISION_VOLTAGE_REF,LCC-20,PRE-SIH-2026,THERMAL_BURN_IN,T05_1518,PROC-ISRO-IISU-01,ATE-STATION-01,CHAMBER-01,1.0,125.0,5.0,168,output_voltage_drift,ELECTRICAL,uV,12.7693,5473.8269,5474.4089,5474.8235,5461.0576,0.0489,0.1065,35.1,34.79,12.7693,5473.8269,5474.4089,5474.8235,5461.0576,100.0,False,NOMINAL,HEALTHY,4.99,3.88
PRE_LOT05_COMP1519,LOT_05,PRECISION_VOLTAGE_REF,LCC-20,PRE-SIH-2026,THERMAL_BURN_IN,T05_1519,PROC-ISRO-IISU-01,ATE-STATION-01,CHAMBER-01,1.0,125.0,5.0,168,output_voltage_drift,ELECTRICAL,uV,17.782,7626.4242,7627.3566,7627.9542,7608.6422,0.0152,0.0483,34.62,34.73,17.782,7626.4242,7627.3566,7627.9542,7608.6422,100.0,False,NOMINAL,HEALTHY,-25.13,27.52
PRE_LOT05_COMP1520,LOT_05,PRECISION_VOLTAGE_REF,LCC-20,PRE-SIH-2026,THERMAL_BURN_IN,T05_1520,PROC-ISRO-IISU-01,ATE-STATION-01,CHAMBER-01,1.0,125.0,5.0,168,output_voltage_drift,ELECTRICAL,uV,11.3971,4890.9384,4891.5071,4891.9056,4879.5413,0.0201,0.0291,34.18,34.36,11.3971,4890.9384,4891.5071,4891.9056,4879.5413,100.0,False,NOMINAL,HEALTHY,34.95,-24.03
PRE_LOT05_COMP1521,LOT_05,PRECISION_VOLTAGE_REF,LCC-20,PRE-SIH-2026,THERMAL_BURN_IN,T05_1521,PROC-ISRO-IISU-01,ATE-STATION-01,CHAMBER-01,1.0,125.0,5.0,168,output_voltage_drift,ELECTRICAL,uV,14.5206,6222.1948,6222.8192,6223.2933,6207.6742,0.027,0.0225,34.29,34.28,14.5206,6222.1948,6222.8192,6223.2933,6207.6742,100.0,False,NOMINAL,HEALTHY,-18.12,27.84
PRE_LOT05_COMP1522,LOT_05,PRECISION_VOLTAGE_REF,LCC-20,PRE-SIH-2026,THERMAL_BURN_IN,T05_1522,PROC-ISRO-IISU-01,ATE-STATION-01,CHAMBER-01,1.0,125.0,5.0,168,output_voltage_drift,ELECTRICAL,uV,12.6135,5410.8555,5411.4643,5411.9822,5398.242,-0.0218,-0.067,34.35,34.55,12.6135,5410.8555,5411.4643,5411.9822,5398.242,100.0,False,NOMINAL,HEALTHY,-42.47,-14.56
PRE_LOT05_COMP1523,LOT_05,PRECISION_VOLTAGE_REF,LCC-20,PRE-SIH-2026,THERMAL_BURN_IN,T05_1523,PROC-ISRO-IISU-01,ATE-STATION-01,CHAMBER-01,1.0,125.0,5.0,168,output_voltage_drift,ELECTRICAL,uV,14.6884,6297.5081,6298.261,6298.7964,6282.8197,-0.0164,-0.024,36.16,36.55,14.6884,6297.5081,6298.261,6298.7964,6282.8197,100.0,False,NOMINAL,HEALTHY,-15.95,-15.17
PRE_LOT05_COMP1524,LOT_05,PRECISION_VOLTAGE_REF,LCC-20,PRE-SIH-2026,THERMAL_BURN_IN,T05_1524,PROC-ISRO-IISU-01,ATE-STATION-01,CHAMBER-01,1.0,125.0,5.0,168,output_voltage_drift,ELECTRICAL,uV,16.7706,7200.154,7200.9145,7201.4226,7183.3834,0.024,0.0141,39.0,39.25,16.7706,7200.154,7200.9145,7201.4226,7183.3834,100.0,False,NOMINAL,HEALTHY,33.62,-47.2
PRE_LOT05_COMP1525,LOT_05,PRECISION_VOLTAGE_REF,LCC-20,PRE-SIH-2026,THERMAL_BURN_IN,T05_1525,PROC-ISRO-IISU-01,ATE-STATION-01,CHAMBER-01,1.0,125.0,5.0,168,output_voltage_drift,ELECTRICAL,uV,15.1005,6475.5868,6476.2456,6476.7902,6460.4863,-0.0139,0.0807,34.38,34.25,15.1005,6475.5868,6476.2456,6476.7902,6460.4863,100.0,False,NOMINAL,HEALTHY,-18.92,16.15
PRE_LOT05_COMP1526,LOT_05,PRECISION_VOLTAGE_REF,LCC-20,PRE-SIH-2026,THERMAL_BURN_IN,T05_1526,PROC-ISRO-IISU-01,ATE-STATION-01,CHAMBER-01,1.0,125.0,5.0,168,output_voltage_drift,ELECTRICAL,uV,12.9642,5554.1532,5554.8827,5555.3018,5541.189,0.0183,0.0456,35.8,35.63,12.9642,5554.1532,5554.8827,5555.3018,5541.189,100.0,False,NOMINAL,HEALTHY,-31.32,44.81
PRE_LOT05_COMP1527,LOT_05,PRECISION_VOLTAGE_REF,LCC-20,PRE-SIH-2026,THERMAL_BURN_IN,T05_1527,PROC-ISRO-IISU-01,ATE-STATION-01,CHAMBER-01,1.0,125.0,5.0,168,output_voltage_drift,ELECTRICAL,uV,14.3388,6160.5743,6161.2322,6161.7155,6146.2355,0.0102,0.0491,34.09,33.83,14.3388,6160.5743,6161.2322,6161.7155,6146.2355,100.0,False,NOMINAL,HEALTHY,43.82,-1.53
PRE_LOT05_COMP1528,LOT_05,PRECISION_VOLTAGE_REF,LCC-20,PRE-SIH-2026,THERMAL_BURN_IN,T05_1528,PROC-ISRO-IISU-01,ATE-STATION-01,CHAMBER-01,1.0,125.0,5.0,168,output_voltage_drift,ELECTRICAL,uV,13.2426,5679.2124,5679.7786,5680.2579,5665.9698,-0.0031,0.0134,36.11,36.41,13.2426,5679.2124,5679.7786,5680.2579,5665.9698,100.0,False,NOMINAL,HEALTHY,-41.86,31.93
PRE_LOT05_COMP1529,LOT_05,PRECISION_VOLTAGE_REF,LCC-20,PRE-SIH-2026,THERMAL_BURN_IN,T05_1529,PROC-ISRO-IISU-01,ATE-STATION-01,CHAMBER-01,1.0,125.0,5.0,168,output_voltage_drift,ELECTRICAL,uV,14.2645,6106.5809,6107.1764,6107.5967,6092.3164,-0.0168,-0.0301,33.79,34.09,14.2645,6106.5809,6107.1764,6107.5967,6092.3164,100.0,False,NOMINAL,HEALTHY,-3.54,33.68
PRE_LOT05_COMP1530,LOT_05,PRECISION_VOLTAGE_REF,LCC-20,PRE-SIH-2026,THERMAL_BURN_IN,T05_1530,PROC-ISRO-IISU-01,ATE-STATION-01,CHAMBER-01,1.0,125.0,5.0,168,output_voltage_drift,ELECTRICAL,uV,13.6355,5847.229,5847.8544,5848.3624,5833.5935,-0.0156,0.0192,34.42,34.24,13.6355,5847.229,5847.8544,5848.3624,5833.5935,100.0,False,NOMINAL,HEALTHY,-45.35,43.04
PRE_LOT05_COMP1531,LOT_05,PRECISION_VOLTAGE_REF,LCC-20,PRE-SIH-2026,THERMAL_BURN_IN,T05_1531,PROC-ISRO-IISU-01,ATE-STATION-01,CHAMBER-01,1.0,125.0,5.0,168,output_voltage_drift,ELECTRICAL,uV,15.941,6839.6166,6840.4065,6841.0403,6823.6756,-0.0117,0.0638,33.58,33.15,15.941,6839.6166,6840.4065,6841.0403,6823.6756,100.0,False,NOMINAL,HEALTHY,-25.61,49.73
PRE_LOT05_COMP1532,LOT_05,PRECISION_VOLTAGE_REF,LCC-20,PRE-SIH-2026,THERMAL_BURN_IN,T05_1532,PROC-ISRO-IISU-01,ATE-STATION-01,CHAMBER-01,1.0,125.0,5.0,168,output_voltage_drift,ELECTRICAL,uV,13.2963,5708.8837,5709.5769,5710.0494,5695.5874,0.0153,0.0431,34.99,35.25,13.2963,5708.8837,5709.5769,5710.0494,5695.5874,100.0,False,NOMINAL,HEALTHY,-16.59,43.66
PRE_LOT05_COMP1533,LOT_05,PRECISION_VOLTAGE_REF,LCC-20,PRE-SIH-2026,THERMAL_BURN_IN,T05_1533,PROC-ISRO-IISU-01,ATE-STATION-01,CHAMBER-01,1.0,125.0,5.0,168,output_voltage_drift,ELECTRICAL,uV,15.1561,6492.9873,6493.7881,6494.3506,6477.8312,-0.0153,-0.0349,35.56,35.48,15.1561,6492.9873,6493.7881,6494.3506,6477.8312,100.0,False,NOMINAL,HEALTHY,-19.85,49.39
PRE_LOT05_COMP1534,LOT_05,PRECISION_VOLTAGE_REF,LCC-20,PRE-SIH-2026,THERMAL_BURN_IN,T05_1534,PROC-ISRO-IISU-01,ATE-STATION-01,CHAMBER-01,1.0,125.0,5.0,168,output_voltage_drift,ELECTRICAL,uV,12.2022,5242.1927,5242.8008,5243.2256,5229.9905,0.0103,-0.063,34.3,34.34,12.2022,5242.1927,5242.8008,5243.2256,5229.9905,100.0,False,NOMINAL,HEALTHY,-39.91,-25.57
PRE_LOT05_COMP1535,LOT_05,PRECISION_VOLTAGE_REF,LCC-20,PRE-SIH-2026,THERMAL_BURN_IN,T05_1535,PROC-ISRO-IISU-01,ATE-STATION-01,CHAMBER-01,1.0,125.0,5.0,168,output_voltage_drift,ELECTRICAL,uV,14.1104,6052.0098,6052.6929,6053.1366,6037.8994,-0.0253,-0.0512,35.54,35.81,14.1104,6052.0098,6052.6929,6053.1366,6037.8994,100.0,False,NOMINAL,HEALTHY,34.57,-22.56
PRE_LOT05_COMP1536,LOT_05,PRECISION_VOLTAGE_REF,LCC-20,PRE-SIH-2026,THERMAL_BURN_IN,T05_1536,PROC-ISRO-IISU-01,ATE-STATION-01,CHAMBER-01,1.0,125.0,5.0,168,output_voltage_drift,ELECTRICAL,uV,16.0856,6904.1296,6904.7543,6905.175,6888.044,-0.0064,0.0649,34.26,34.59,16.0856,6904.1296,6904.7543,6905.175,6888.044,100.0,False,NOMINAL,HEALTHY,30.47,-17.75
PRE_LOT05_COMP1537,LOT_05,PRECISION_VOLTAGE_REF,LCC-20,PRE-SIH-2026,THERMAL_BURN_IN,T05_1537,PROC-ISRO-IISU-01,ATE-STATION-01,CHAMBER-01,1.0,125.0,5.0,168,output_voltage_drift,ELECTRICAL,uV,15.1713,6509.2679,6509.9832,6510.5774,6494.0966,-0.0019,-0.0052,36.81,36.89,15.1713,6509.2679,6509.9832,6510.5774,6494.0966,100.0,False,NOMINAL,HEALTHY,-20.81,-9.95
PRE_LOT05_COMP1538,LOT_05,PRECISION_VOLTAGE_REF,LCC-20,PRE-SIH-2026,THERMAL_BURN_IN,T05_1538,PROC-ISRO-IISU-01,ATE-STATION-01,CHAMBER-01,1.0,125.0,5.0,168,output_voltage_drift,ELECTRICAL,uV,14.748,6321.9834,6322.6838,6323.2163,6307.2354,0.0624,0.1128,36.53,36.47,14.748,6321.9834,6322.6838,6323.2163,6307.2354,100.0,False,NOMINAL,HEALTHY,-17.14,-32.04
PRE_LOT05_COMP1539,LOT_05,PRECISION_VOLTAGE_REF,LCC-20,PRE-SIH-2026,THERMAL_BURN_IN,T05_1539,PROC-ISRO-IISU-01,ATE-STATION-01,CHAMBER-01,1.0,125.0,5.0,168,output_voltage_drift,ELECTRICAL,uV,16.2605,6973.9191,6974.6921,6975.3255,6957.6586,0.0208,0.0676,33.51,33.37,16.2605,6973.9191,6974.6921,6975.3255,6957.6586,100.0,False,NOMINAL,HEALTHY,32.55,34.21
PRE_LOT05_COMP1540,LOT_05,PRECISION_VOLTAGE_REF,LCC-20,PRE-SIH-2026,THERMAL_BURN_IN,T05_1540,PROC-ISRO-IISU-01,ATE-STATION-01,CHAMBER-01,1.0,125.0,5.0,168,output_voltage_drift,ELECTRICAL,uV,13.3393,5702.879,5703.4978,5703.9756,5689.5397,0.0489,0.0733,34.42,34.01,13.3393,5702.879,5703.4978,5703.9756,5689.5397,100.0,False,NOMINAL,HEALTHY,-1.3,-44.25
PRE_LOT05_COMP1541,LOT_05,PRECISION_VOLTAGE_REF,LCC-20,PRE-SIH-2026,THERMAL_BURN_IN,T05_1541,PROC-ISRO-IISU-01,ATE-STATION-01,CHAMBER-01,1.0,125.0,5.0,168,output_voltage_drift,ELECTRICAL,uV,14.9967,6433.4446,6434.177,6434.78,6418.4479,-0.0278,-0.074,33.62,33.3,14.9967,6433.4446,6434.177,6434.78,6418.4479,100.0,False,NOMINAL,HEALTHY,-17.39,0.68
PRE_LOT05_COMP1542,LOT_05,PRECISION_VOLTAGE_REF,LCC-20,PRE-SIH-2026,THERMAL_BURN_IN,T05_1542,PROC-ISRO-IISU-01,ATE-STATION-01,CHAMBER-01,1.0,125.0,5.0,168,output_voltage_drift,ELECTRICAL,uV,17.3913,7458.8602,7459.6623,7460.3075,7441.4689,0.0082,-0.0335,33.19,33.43,17.3913,7458.8602,7459.6623,7460.3075,7441.4689,100.0,False,NOMINAL,HEALTHY,-45.29,36.56
PRE_LOT05_COMP1543,LOT_05,PRECISION_VOLTAGE_REF,LCC-20,PRE-SIH-2026,THERMAL_BURN_IN,T05_1543,PROC-ISRO-IISU-01,ATE-STATION-01,CHAMBER-01,1.0,125.0,5.0,168,output_voltage_drift,ELECTRICAL,uV,14.6128,6263.5111,6264.1831,6264.6749,6248.8983,-0.0165,0.1208,34.95,35.03,14.6128,6263.5111,6264.1831,6264.6749,6248.8983,100.0,False,NOMINAL,HEALTHY,-44.52,8.15
PRE_LOT05_COMP1544,LOT_05,PRECISION_VOLTAGE_REF,LCC-20,PRE-SIH-2026,THERMAL_BURN_IN,T05_1544,PROC-ISRO-IISU-01,ATE-STATION-01,CHAMBER-01,1.0,125.0,5.0,168,output_voltage_drift,ELECTRICAL,uV,11.1339,4766.2323,4766.7075,4767.0507,4755.0984,-0.0011,-0.0391,36.38,36.56,11.1339,4766.2323,4766.7075,4767.0507,4755.0984,100.0,False,NOMINAL,HEALTHY,17.26,-45.38
PRE_LOT05_COMP1545,LOT_05,PRECISION_VOLTAGE_REF,LCC-20,PRE-SIH-2026,THERMAL_BURN_IN,T05_1545,PROC-ISRO-IISU-01,ATE-STATION-01,CHAMBER-01,1.0,125.0,5.0,168,output_voltage_drift,ELECTRICAL,uV,9.8976,4240.7769,4241.2341,4241.542,4230.8793,-0.0375,0.0689,35.64,36.24,9.8976,4240.7769,4241.2341,4241.542,4230.8793,100.0,False,NOMINAL,HEALTHY,-13.15,20.66
PRE_LOT05_COMP1546,LOT_05,PRECISION_VOLTAGE_REF,LCC-20,PRE-SIH-2026,THERMAL_BURN_IN,T05_1546,PROC-ISRO-IISU-01,ATE-STATION-01,CHAMBER-01,1.0,125.0,5.0,168,output_voltage_drift,ELECTRICAL,uV,16.7917,7200.7095,7201.4692,7202.0419,7183.9178,-0.0057,0.0443,35.47,35.08,16.7917,7200.7095,7201.4692,7202.0419,7183.9178,100.0,False,NOMINAL,HEALTHY,-17.46,-6.83
PRE_LOT05_COMP1547,LOT_05,PRECISION_VOLTAGE_REF,LCC-20,PRE-SIH-2026,THERMAL_BURN_IN,T05_1547,PROC-ISRO-IISU-01,ATE-STATION-01,CHAMBER-01,1.0,125.0,5.0,168,output_voltage_drift,ELECTRICAL,uV,15.1056,6471.9324,6472.6562,6473.227,6456.8268,-0.0123,-0.0861,34.25,33.43,15.1056,6471.9324,6472.6562,6473.227,6456.8268,100.0,False,NOMINAL,HEALTHY,-42.13,28.16
PRE_LOT05_COMP1548,LOT_05,PRECISION_VOLTAGE_REF,LCC-20,PRE-SIH-2026,THERMAL_BURN_IN,T05_1548,PROC-ISRO-IISU-01,ATE-STATION-01,CHAMBER-01,1.0,125.0,5.0,168,output_voltage_drift,ELECTRICAL,uV,16.2657,6975.7262,6976.477,6977.0624,6959.4605,-0.0168,-0.0034,35.36,35.33,16.2657,6975.7262,6976.477,6977.0624,6959.4605,100.0,False,NOMINAL,HEALTHY,29.18,42.49
PRE_LOT05_COMP1549,LOT_05,PRECISION_VOLTAGE_REF,LCC-20,PRE-SIH-2026,THERMAL_BURN_IN,T05_1549,PROC-ISRO-IISU-01,ATE-STATION-01,CHAMBER-01,1.0,125.0,5.0,168,output_voltage_drift,ELECTRICAL,uV,15.2233,6533.9714,6534.6564,6535.263,6518.7481,-0.022,-0.0035,34.16,34.55,15.2233,6533.9714,6534.6564,6535.263,6518.7481,100.0,False,NOMINAL,HEALTHY,-47.84,-40.05
PRE_LOT05_COMP1550,LOT_05,PRECISION_VOLTAGE_REF,LCC-20,PRE-SIH-2026,THERMAL_BURN_IN,T05_1550,PROC-ISRO-IISU-01,ATE-STATION-01,CHAMBER-01,1.0,125.0,5.0,168,output_voltage_drift,ELECTRICAL,uV,14.7163,6310.5554,6311.2105,6311.7328,6295.8391,-0.0153,-0.0459,36.22,36.72,14.7163,6310.5554,6311.2105,6311.7328,6295.8391,100.0,False,NOMINAL,HEALTHY,-10.7,40.94
PRE_LOT05_COMP1551,LOT_05,PRECISION_VOLTAGE_REF,LCC-20,PRE-SIH-2026,THERMAL_BURN_IN,T05_1551,PROC-ISRO-IISU-01,ATE-STATION-01,CHAMBER-01,1.0,125.0,5.0,168,output_voltage_drift,ELECTRICAL,uV,14.8472,6368.6582,6369.3577,6369.8077,6353.811,0.005,-0.01,36.52,36.2,14.8472,6368.6582,6369.3577,6369.8077,6353.811,100.0,False,NOMINAL,HEALTHY,-1.59,8.15
PRE_LOT05_COMP1552,LOT_05,PRECISION_VOLTAGE_REF,LCC-20,PRE-SIH-2026,THERMAL_BURN_IN,T05_1552,PROC-ISRO-IISU-01,ATE-STATION-01,CHAMBER-01,1.0,125.0,5.0,168,output_voltage_drift,ELECTRICAL,uV,12.802,5491.7596,5492.3807,5492.8986,5478.9576,-0.0067,0.0163,33.71,34.21,12.802,5491.7596,5492.3807,5492.8986,5478.9576,100.0,False,NOMINAL,HEALTHY,-44.55,39.2
PRE_LOT05_COMP1553,LOT_05,PRECISION_VOLTAGE_REF,LCC-20,PRE-SIH-2026,THERMAL_BURN_IN,T05_1553,PROC-ISRO-IISU-01,ATE-STATION-01,CHAMBER-01,1.0,125.0,5.0,168,output_voltage_drift,ELECTRICAL,uV,15.0478,6453.4768,6454.2141,6454.7606,6438.429,-0.0057,0.036,36.31,36.17,15.0478,6453.4768,6454.2141,6454.7606,6438.429,100.0,False,NOMINAL,HEALTHY,0.58,-30.26
PRE_LOT05_COMP1554,LOT_05,PRECISION_VOLTAGE_REF,LCC-20,PRE-SIH-2026,THERMAL_BURN_IN,T05_1554,PROC-ISRO-IISU-01,ATE-STATION-01,CHAMBER-01,1.0,125.0,5.0,168,output_voltage_drift,ELECTRICAL,uV,15.2766,6550.9788,6551.7,6552.2448,6535.7022,-0.006,-0.0294,34.7,33.86,15.2766,6550.9788,6551.7,6552.2448,6535.7022,100.0,False,NOMINAL,HEALTHY,-30.33,23.36
PRE_LOT05_COMP1555,LOT_05,PRECISION_VOLTAGE_REF,LCC-20,PRE-SIH-2026,THERMAL_BURN_IN,T05_1555,PROC-ISRO-IISU-01,ATE-STATION-01,CHAMBER-01,1.0,125.0,5.0,168,output_voltage_drift,ELECTRICAL,uV,16.118,6902.8403,6903.6198,6904.2362,6886.7223,-0.0028,0.078,34.63,35.13,16.118,6902.8403,6903.6198,6904.2362,6886.7223,100.0,False,NOMINAL,HEALTHY,32.56,28.46
PRE_LOT05_COMP1556,LOT_05,PRECISION_VOLTAGE_REF,LCC-20,PRE-SIH-2026,THERMAL_BURN_IN,T05_1556,PROC-ISRO-IISU-01,ATE-STATION-01,CHAMBER-01,1.0,125.0,5.0,168,output_voltage_drift,ELECTRICAL,uV,12.8483,5504.4674,5505.0839,5505.521,5491.6191,0.0308,0.0945,34.86,34.59,12.8483,5504.4674,5505.0839,5505.521,5491.6191,100.0,False,NOMINAL,HEALTHY,18.07,-18.56
PRE_LOT05_COMP1557,LOT_05,PRECISION_VOLTAGE_REF,LCC-20,PRE-SIH-2026,THERMAL_BURN_IN,T05_1557,PROC-ISRO-IISU-01,ATE-STATION-01,CHAMBER-01,1.0,125.0,5.0,168,output_voltage_drift,ELECTRICAL,uV,11.5044,4938.8631,4939.3253,4939.7575,4927.3587,0.0297,-0.0346,34.35,34.06,11.5044,4938.8631,4939.3253,4939.7575,4927.3587,100.0,False,NOMINAL,HEALTHY,-29.93,33.28
PRE_LOT05_COMP1558,LOT_05,PRECISION_VOLTAGE_REF,LCC-20,PRE-SIH-2026,THERMAL_BURN_IN,T05_1558,PROC-ISRO-IISU-01,ATE-STATION-01,CHAMBER-01,1.0,125.0,5.0,168,output_voltage_drift,ELECTRICAL,uV,15.7937,6782.1885,6782.9901,6783.5194,6766.3948,-0.0087,-0.006,36.11,35.5,15.7937,6782.1885,6782.9901,6783.5194,6766.3948,100.0,False,NOMINAL,HEALTHY,-14.35,25.2
PRE_LOT05_COMP1559,LOT_05,PRECISION_VOLTAGE_REF,LCC-20,PRE-SIH-2026,THERMAL_BURN_IN,T05_1559,PROC-ISRO-IISU-01,ATE-STATION-01,CHAMBER-01,1.0,125.0,5.0,168,output_voltage_drift,ELECTRICAL,uV,10.3429,4437.8492,4438.3602,4438.6961,4427.5063,0.0382,0.0042,33.11,33.14,10.3429,4437.8492,4438.3602,4438.6961,4427.5063,100.0,False,NOMINAL,HEALTHY,31.83,39.12
PRE_LOT05_COMP1560,LOT_05,PRECISION_VOLTAGE_REF,LCC-20,PRE-SIH-2026,THERMAL_BURN_IN,T05_1560,PROC-ISRO-IISU-01,ATE-STATION-01,CHAMBER-01,1.0,125.0,5.0,168,output_voltage_drift,ELECTRICAL,uV,14.4847,6207.494,6208.1486,6208.6146,6193.0093,-0.0147,-0.0032,34.05,33.89,14.4847,6207.494,6208.1486,6208.6146,6193.0093,100.0,False,NOMINAL,HEALTHY,7.71,-12.84
PRE_LOT05_COMP1561,LOT_05,PRECISION_VOLTAGE_REF,LCC-20,PRE-SIH-2026,THERMAL_BURN_IN,T05_1561,PROC-ISRO-IISU-01,ATE-STATION-01,CHAMBER-01,1.0,125.0,5.0,168,output_voltage_drift,ELECTRICAL,uV,13.8843,5947.2257,5947.9238,5948.4078,5933.3414,0.0081,-0.0225,36.2,35.23,13.8843,5947.2257,5947.9238,5948.4078,5933.3414,100.0,False,NOMINAL,HEALTHY,-10.19,33.47
PRE_LOT05_COMP1562,LOT_05,PRECISION_VOLTAGE_REF,LCC-20,PRE-SIH-2026,THERMAL_BURN_IN,T05_1562,PROC-ISRO-IISU-01,ATE-STATION-01,CHAMBER-01,1.0,125.0,5.0,168,output_voltage_drift,ELECTRICAL,uV,70.0143,30023.0464,30025.6321,30027.2813,29953.0321,0.0221,-0.0352,34.32,35.33,70.0143,30023.0464,30025.6321,30027.2813,29953.0321,100.0,True,SPATIAL_OUTLIER,HEALTHY,-44.57,9.67
PRE_LOT05_COMP1563,LOT_05,PRECISION_VOLTAGE_REF,LCC-20,PRE-SIH-2026,THERMAL_BURN_IN,T05_1563,PROC-ISRO-IISU-01,ATE-STATION-01,CHAMBER-01,1.0,125.0,5.0,168,output_voltage_drift,ELECTRICAL,uV,13.5921,5837.6629,5838.3348,5838.8545,5824.0708,-0.0375,0.0053,35.8,36.64,13.5921,5837.6629,5838.3348,5838.8545,5824.0708,100.0,False,NOMINAL,HEALTHY,-31.11,2.64
PRE_LOT05_COMP1564,LOT_05,PRECISION_VOLTAGE_REF,LCC-20,PRE-SIH-2026,THERMAL_BURN_IN,T05_1564,PROC-ISRO-IISU-01,ATE-STATION-01,CHAMBER-01,1.0,125.0,5.0,168,output_voltage_drift,ELECTRICAL,uV,15.2308,6533.3728,6534.073,6534.6081,6518.142,0.0142,0.1248,35.44,36.09,15.2308,6533.3728,6534.073,6534.6081,6518.142,100.0,False,NOMINAL,HEALTHY,-13.66,-25.66
PRE_LOT05_COMP1565,LOT_05,PRECISION_VOLTAGE_REF,LCC-20,PRE-SIH-2026,THERMAL_BURN_IN,T05_1565,PROC-ISRO-IISU-01,ATE-STATION-01,CHAMBER-01,1.0,125.0,5.0,168,output_voltage_drift,ELECTRICAL,uV,49.3507,21149.4007,21151.079,21152.2002,21100.05,-0.042,-0.0136,35.85,35.89,49.3507,21149.4007,21151.079,21152.2002,21100.05,100.0,True,SPATIAL_OUTLIER,HEALTHY,30.75,-20.26
PRE_LOT05_COMP1566,LOT_05,PRECISION_VOLTAGE_REF,LCC-20,PRE-SIH-2026,THERMAL_BURN_IN,T05_1566,PROC-ISRO-IISU-01,ATE-STATION-01,CHAMBER-01,1.0,125.0,5.0,168,output_voltage_drift,ELECTRICAL,uV,15.3783,6588.4912,6589.2468,6589.8106,6573.1129,0.0051,-0.0355,37.81,38.43,15.3783,6588.4912,6589.2468,6589.8106,6573.1129,100.0,False,NOMINAL,HEALTHY,38.25,25.06
PRE_LOT05_COMP1567,LOT_05,PRECISION_VOLTAGE_REF,LCC-20,PRE-SIH-2026,THERMAL_BURN_IN,T05_1567,PROC-ISRO-IISU-01,ATE-STATION-01,CHAMBER-01,1.0,125.0,5.0,168,output_voltage_drift,ELECTRICAL,uV,12.5946,5401.8268,5402.458,5402.8493,5389.2322,0.0083,0.0236,35.48,35.69,12.5946,5401.8268,5402.458,5402.8493,5389.2322,100.0,False,NOMINAL,HEALTHY,35.8,6.21
PRE_LOT05_COMP1568,LOT_05,PRECISION_VOLTAGE_REF,LCC-20,PRE-SIH-2026,THERMAL_BURN_IN,T05_1568,PROC-ISRO-IISU-01,ATE-STATION-01,CHAMBER-01,1.0,125.0,5.0,168,output_voltage_drift,ELECTRICAL,uV,15.3994,6596.9839,6597.7045,6598.245,6581.5845,-0.026,-0.0211,33.5,33.1,15.3994,6596.9839,6597.7045,6598.245,6581.5845,100.0,False,NOMINAL,HEALTHY,21.76,1.8
PRE_LOT05_COMP1569,LOT_05,PRECISION_VOLTAGE_REF,LCC-20,PRE-SIH-2026,THERMAL_BURN_IN,T05_1569,PROC-ISRO-IISU-01,ATE-STATION-01,CHAMBER-01,1.0,125.0,5.0,168,output_voltage_drift,ELECTRICAL,uV,13.8691,5939.5903,5940.2057,5940.6969,5925.7212,0.0019,0.0276,35.01,35.3,13.8691,5939.5903,5940.2057,5940.6969,5925.7212,100.0,False,NOMINAL,HEALTHY,-45.05,-7.13
PRE_LOT05_COMP1570,LOT_05,PRECISION_VOLTAGE_REF,LCC-20,PRE-SIH-2026,THERMAL_BURN_IN,T05_1570,PROC-ISRO-IISU-01,ATE-STATION-01,CHAMBER-01,1.0,125.0,5.0,168,output_voltage_drift,ELECTRICAL,uV,11.4817,4918.1178,4918.7222,4919.1975,4906.6361,-0.0089,-0.0522,34.43,34.0,11.4817,4918.1178,4918.7222,4919.1975,4906.6361,100.0,False,NOMINAL,HEALTHY,38.96,-6.61
PRE_LOT05_COMP1571,LOT_05,PRECISION_VOLTAGE_REF,LCC-20,PRE-SIH-2026,THERMAL_BURN_IN,T05_1571,PROC-ISRO-IISU-01,ATE-STATION-01,CHAMBER-01,1.0,125.0,5.0,168,output_voltage_drift,ELECTRICAL,uV,12.9853,5552.617,5553.2115,5553.6711,5539.6317,-0.0014,0.0251,36.28,36.81,12.9853,5552.617,5553.2115,5553.6711,5539.6317,100.0,False,NOMINAL,HEALTHY,7.14,-44.96
PRE_LOT05_COMP1572,LOT_05,PRECISION_VOLTAGE_REF,LCC-20,PRE-SIH-2026,THERMAL_BURN_IN,T05_1572,PROC-ISRO-IISU-01,ATE-STATION-01,CHAMBER-01,1.0,125.0,5.0,168,output_voltage_drift,ELECTRICAL,uV,15.2957,6560.7003,6561.4563,6562.0582,6545.4046,-0.0182,0.0427,35.46,35.78,15.2957,6560.7003,6561.4563,6562.0582,6545.4046,100.0,False,NOMINAL,HEALTHY,36.96,-23.72
PRE_LOT05_COMP1573,LOT_05,PRECISION_VOLTAGE_REF,LCC-20,PRE-SIH-2026,THERMAL_BURN_IN,T05_1573,PROC-ISRO-IISU-01,ATE-STATION-01,CHAMBER-01,1.0,125.0,5.0,168,output_voltage_drift,ELECTRICAL,uV,14.5691,6252.2186,6252.9355,6253.4457,6237.6495,-0.0271,-0.0304,35.15,35.37,14.5691,6252.2186,6252.9355,6253.4457,6237.6495,100.0,False,NOMINAL,HEALTHY,-38.9,-18.95
PRE_LOT05_COMP1574,LOT_05,PRECISION_VOLTAGE_REF,LCC-20,PRE-SIH-2026,THERMAL_BURN_IN,T05_1574,PROC-ISRO-IISU-01,ATE-STATION-01,CHAMBER-01,1.0,125.0,5.0,168,output_voltage_drift,ELECTRICAL,uV,13.6085,5831.386,5832.0175,5832.5402,5817.7775,0.0287,0.0057,34.22,34.2,13.6085,5831.386,5832.0175,5832.5402,5817.7775,100.0,False,NOMINAL,HEALTHY,10.87,-39.77
PRE_LOT05_COMP1575,LOT_05,PRECISION_VOLTAGE_REF,LCC-20,PRE-SIH-2026,THERMAL_BURN_IN,T05_1575,PROC-ISRO-IISU-01,ATE-STATION-01,CHAMBER-01,1.0,125.0,5.0,168,output_voltage_drift,ELECTRICAL,uV,15.3167,6573.3337,6574.1032,6574.5848,6558.017,0.0029,0.0654,34.13,34.2,15.3167,6573.3337,6574.1032,6574.5848,6558.017,100.0,False,NOMINAL,HEALTHY,9.7,-0.44
PRE_LOT05_COMP1576,LOT_05,PRECISION_VOLTAGE_REF,LCC-20,PRE-SIH-2026,THERMAL_BURN_IN,T05_1576,PROC-ISRO-IISU-01,ATE-STATION-01,CHAMBER-01,1.0,125.0,5.0,168,output_voltage_drift,ELECTRICAL,uV,14.6518,6273.974,6274.6906,6275.2786,6259.3222,0.0065,0.0192,34.45,34.24,14.6518,6273.974,6274.6906,6275.2786,6259.3222,100.0,False,NOMINAL,HEALTHY,-38.04,-17.61
PRE_LOT05_COMP1577,LOT_05,PRECISION_VOLTAGE_REF,LCC-20,PRE-SIH-2026,THERMAL_BURN_IN,T05_1577,PROC-ISRO-IISU-01,ATE-STATION-01,CHAMBER-01,1.0,125.0,5.0,168,output_voltage_drift,ELECTRICAL,uV,14.8981,6388.7161,6389.3839,6389.9125,6373.818,-0.0129,-0.0406,34.6,34.83,14.8981,6388.7161,6389.3839,6389.9125,6373.818,100.0,False,NOMINAL,HEALTHY,6.77,23.23
PRE_LOT05_COMP1578,LOT_05,PRECISION_VOLTAGE_REF,LCC-20,PRE-SIH-2026,THERMAL_BURN_IN,T05_1578,PROC-ISRO-IISU-01,ATE-STATION-01,CHAMBER-01,1.0,125.0,5.0,168,output_voltage_drift,ELECTRICAL,uV,12.8304,5503.0845,5503.7289,5504.2447,5490.2541,0.0129,-0.0846,35.76,35.26,12.8304,5503.0845,5503.7289,5504.2447,5490.2541,100.0,False,NOMINAL,HEALTHY,11.63,38.18
PRE_LOT05_COMP1579,LOT_05,PRECISION_VOLTAGE_REF,LCC-20,PRE-SIH-2026,THERMAL_BURN_IN,T05_1579,PROC-ISRO-IISU-01,ATE-STATION-01,CHAMBER-01,1.0,125.0,5.0,168,output_voltage_drift,ELECTRICAL,uV,12.5725,5378.5728,5379.1735,5379.6938,5366.0003,-0.019,0.0673,34.07,33.69,12.5725,5378.5728,5379.1735,5379.6938,5366.0003,100.0,False,NOMINAL,HEALTHY,-35.52,32.42
PRE_LOT05_COMP1580,LOT_05,PRECISION_VOLTAGE_REF,LCC-20,PRE-SIH-2026,THERMAL_BURN_IN,T05_1580,PROC-ISRO-IISU-01,ATE-STATION-01,CHAMBER-01,1.0,125.0,5.0,168,output_voltage_drift,ELECTRICAL,uV,13.6514,5848.9849,5849.6161,5850.185,5835.3335,-0.0089,-0.038,33.76,32.89,13.6514,5848.9849,5849.6161,5850.185,5835.3335,100.0,False,NOMINAL,HEALTHY,31.86,-30.57
PRE_LOT05_COMP1581,LOT_05,PRECISION_VOLTAGE_REF,LCC-20,PRE-SIH-2026,THERMAL_BURN_IN,T05_1581,PROC-ISRO-IISU-01,ATE-STATION-01,CHAMBER-01,1.0,125.0,5.0,168,output_voltage_drift,ELECTRICAL,uV,12.6885,5436.2289,5436.7939,5437.2106,5423.5404,0.0213,0.0725,35.82,36.0,12.6885,5436.2289,5436.7939,5437.2106,5423.5404,100.0,False,NOMINAL,HEALTHY,-18.87,-22.81
PRE_LOT05_COMP1582,LOT_05,PRECISION_VOLTAGE_REF,LCC-20,PRE-SIH-2026,THERMAL_BURN_IN,T05_1582,PROC-ISRO-IISU-01,ATE-STATION-01,CHAMBER-01,1.0,125.0,5.0,168,output_voltage_drift,ELECTRICAL,uV,12.7953,5484.4345,5485.1423,5485.6348,5471.6392,0.0353,-0.0513,35.1,35.08,12.7953,5484.4345,5485.1423,5485.6348,5471.6392,100.0,False,NOMINAL,HEALTHY,-4.73,-4.04
PRE_LOT05_COMP1583,LOT_05,PRECISION_VOLTAGE_REF,LCC-20,PRE-SIH-2026,THERMAL_BURN_IN,T05_1583,PROC-ISRO-IISU-01,ATE-STATION-01,CHAMBER-01,1.0,125.0,5.0,168,output_voltage_drift,ELECTRICAL,uV,13.6539,5844.0636,5844.8313,5845.3886,5830.4097,-0.0103,-0.0453,33.95,33.59,13.6539,5844.0636,5844.8313,5845.3886,5830.4097,100.0,False,NOMINAL,HEALTHY,33.13,-42.45
PRE_LOT05_COMP1584,LOT_05,PRECISION_VOLTAGE_REF,LCC-20,PRE-SIH-2026,THERMAL_BURN_IN,T05_1584,PROC-ISRO-IISU-01,ATE-STATION-01,CHAMBER-01,1.0,125.0,5.0,168,output_voltage_drift,ELECTRICAL,uV,13.8298,5923.3201,5923.9806,5924.5857,5909.4903,0.0024,-0.0738,35.71,35.64,13.8298,5923.3201,5923.9806,5924.5857,5909.4903,100.0,False,NOMINAL,HEALTHY,28.1,8.04
PRE_LOT05_COMP1585,LOT_05,PRECISION_VOLTAGE_REF,LCC-20,PRE-SIH-2026,THERMAL_BURN_IN,T05_1585,PROC-ISRO-IISU-01,ATE-STATION-01,CHAMBER-01,1.0,125.0,5.0,168,output_voltage_drift,ELECTRICAL,uV,14.1504,6067.9546,6068.6255,6069.0925,6053.8042,-0.0021,0.0221,35.07,35.0,14.1504,6067.9546,6068.6255,6069.0925,6053.8042,100.0,False,NOMINAL,HEALTHY,43.57,21.92
PRE_LOT05_COMP1586,LOT_05,PRECISION_VOLTAGE_REF,LCC-20,PRE-SIH-2026,THERMAL_BURN_IN,T05_1586,PROC-ISRO-IISU-01,ATE-STATION-01,CHAMBER-01,1.0,125.0,5.0,168,output_voltage_drift,ELECTRICAL,uV,15.7135,6734.032,6734.7271,6735.2465,6718.3185,0.0285,-0.0976,35.09,35.58,15.7135,6734.032,6734.7271,6735.2465,6718.3185,100.0,False,NOMINAL,HEALTHY,-13.14,-10.54
PRE_LOT05_COMP1587,LOT_05,PRECISION_VOLTAGE_REF,LCC-20,PRE-SIH-2026,THERMAL_BURN_IN,T05_1587,PROC-ISRO-IISU-01,ATE-STATION-01,CHAMBER-01,1.0,125.0,5.0,168,output_voltage_drift,ELECTRICAL,uV,9.9393,4260.4742,4260.9392,4261.3288,4250.5349,-0.0024,-0.0729,35.46,36.03,9.9393,4260.4742,4260.9392,4261.3288,4250.5349,100.0,False,NOMINAL,HEALTHY,10.28,-15.4
PRE_LOT05_COMP1588,LOT_05,PRECISION_VOLTAGE_REF,LCC-20,PRE-SIH-2026,THERMAL_BURN_IN,T05_1588,PROC-ISRO-IISU-01,ATE-STATION-01,CHAMBER-01,1.0,125.0,5.0,168,output_voltage_drift,ELECTRICAL,uV,17.0553,7318.4354,7319.311,7319.9784,7301.3801,-0.0104,-0.0275,34.99,34.64,17.0553,7318.4354,7319.311,7319.9784,7301.3801,100.0,False,NOMINAL,HEALTHY,41.24,16.1
PRE_LOT05_COMP1589,LOT_05,PRECISION_VOLTAGE_REF,LCC-20,PRE-SIH-2026,THERMAL_BURN_IN,T05_1589,PROC-ISRO-IISU-01,ATE-STATION-01,CHAMBER-01,1.0,125.0,5.0,168,output_voltage_drift,ELECTRICAL,uV,16.6334,7116.0687,7116.8575,7117.5595,7099.4353,-0.0378,0.0067,33.92,33.85,16.6334,7116.0687,7116.8575,7117.5595,7099.4353,100.0,False,NOMINAL,HEALTHY,-49.36,13.95
PRE_LOT05_COMP1590,LOT_05,PRECISION_VOLTAGE_REF,LCC-20,PRE-SIH-2026,THERMAL_BURN_IN,T05_1590,PROC-ISRO-IISU-01,ATE-STATION-01,CHAMBER-01,1.0,125.0,5.0,168,output_voltage_drift,ELECTRICAL,uV,15.1376,6502.2417,6503.0755,6503.6572,6487.1041,0.0148,0.0327,36.46,36.19,15.1376,6502.2417,6503.0755,6503.6572,6487.1041,100.0,False,NOMINAL,HEALTHY,34.73,35.29
PRE_LOT05_COMP1591,LOT_05,PRECISION_VOLTAGE_REF,LCC-20,PRE-SIH-2026,THERMAL_BURN_IN,T05_1591,PROC-ISRO-IISU-01,ATE-STATION-01,CHAMBER-01,1.0,125.0,5.0,168,output_voltage_drift,ELECTRICAL,uV,16.8993,7243.7008,7244.4426,7245.0046,7226.8015,0.0016,-0.0454,33.6,33.13,16.8993,7243.7008,7244.4426,7245.0046,7226.8015,100.0,False,NOMINAL,HEALTHY,18.17,25.11
PRE_LOT05_COMP1592,LOT_05,PRECISION_VOLTAGE_REF,LCC-20,PRE-SIH-2026,THERMAL_BURN_IN,T05_1592,PROC-ISRO-IISU-01,ATE-STATION-01,CHAMBER-01,1.0,125.0,5.0,168,output_voltage_drift,ELECTRICAL,uV,15.3677,6589.3483,6590.0597,6590.6493,6573.9806,-0.0216,0.012,34.0,32.8,15.3677,6589.3483,6590.0597,6590.6493,6573.9806,100.0,False,NOMINAL,HEALTHY,34.58,-13.62
PRE_LOT05_COMP1593,LOT_05,PRECISION_VOLTAGE_REF,LCC-20,PRE-SIH-2026,THERMAL_BURN_IN,T05_1593,PROC-ISRO-IISU-01,ATE-STATION-01,CHAMBER-01,1.0,125.0,5.0,168,output_voltage_drift,ELECTRICAL,uV,12.8022,5486.8487,5487.4315,5487.8617,5474.0465,-0.0076,0.0032,33.67,33.93,12.8022,5486.8487,5487.4315,5487.8617,5474.0465,100.0,False,NOMINAL,HEALTHY,-31.36,35.25
PRE_LOT05_COMP1594,LOT_05,PRECISION_VOLTAGE_REF,LCC-20,PRE-SIH-2026,THERMAL_BURN_IN,T05_1594,PROC-ISRO-IISU-01,ATE-STATION-01,CHAMBER-01,1.0,125.0,5.0,168,output_voltage_drift,ELECTRICAL,uV,12.2656,5260.708,5261.2256,5261.6032,5248.4424,-0.0087,-0.0373,33.73,33.38,12.2656,5260.708,5261.2256,5261.6032,5248.4424,100.0,False,NOMINAL,HEALTHY,6.37,-27.67
PRE_LOT05_COMP1595,LOT_05,PRECISION_VOLTAGE_REF,LCC-20,PRE-SIH-2026,THERMAL_BURN_IN,T05_1595,PROC-ISRO-IISU-01,ATE-STATION-01,CHAMBER-01,1.0,125.0,5.0,168,output_voltage_drift,ELECTRICAL,uV,14.7641,6344.9813,6345.7241,6346.2329,6330.2172,-0.0225,-0.0602,33.15,33.74,14.7641,6344.9813,6345.7241,6346.2329,6330.2172,100.0,False,NOMINAL,HEALTHY,-29.77,7.01
PRE_LOT05_COMP1596,LOT_05,PRECISION_VOLTAGE_REF,LCC-20,PRE-SIH-2026,THERMAL_BURN_IN,T05_1596,PROC-ISRO-IISU-01,ATE-STATION-01,CHAMBER-01,1.0,125.0,5.0,168,output_voltage_drift,ELECTRICAL,uV,14.0125,6003.6205,6004.3359,6004.8758,5989.608,-0.0156,0.0373,36.1,35.66,14.0125,6003.6205,6004.3359,6004.8758,5989.608,100.0,False,NOMINAL,HEALTHY,-6.59,-31.46
PRE_LOT05_COMP1597,LOT_05,PRECISION_VOLTAGE_REF,LCC-20,PRE-SIH-2026,THERMAL_BURN_IN,T05_1597,PROC-ISRO-IISU-01,ATE-STATION-01,CHAMBER-01,1.0,125.0,5.0,168,output_voltage_drift,ELECTRICAL,uV,14.9086,6384.9879,6385.7483,6386.3225,6370.0793,0.0128,0.0335,36.24,36.42,14.9086,6384.9879,6385.7483,6386.3225,6370.0793,100.0,False,NOMINAL,HEALTHY,5.83,41.44
PRE_LOT05_COMP1598,LOT_05,PRECISION_VOLTAGE_REF,LCC-20,PRE-SIH-2026,THERMAL_BURN_IN,T05_1598,PROC-ISRO-IISU-01,ATE-STATION-01,CHAMBER-01,1.0,125.0,5.0,168,output_voltage_drift,ELECTRICAL,uV,11.7359,5029.5061,5030.0795,5030.464,5017.7702,0.0031,0.0615,35.29,34.94,11.7359,5029.5061,5030.0795,5030.464,5017.7702,100.0,False,NOMINAL,HEALTHY,-19.86,40.43
PRE_LOT05_COMP1599,LOT_05,PRECISION_VOLTAGE_REF,LCC-20,PRE-SIH-2026,THERMAL_BURN_IN,T05_1599,PROC-ISRO-IISU-01,ATE-STATION-01,CHAMBER-01,1.0,125.0,5.0,168,output_voltage_drift,ELECTRICAL,uV,12.9076,5538.9718,5539.5312,5539.9243,5526.0642,-0.0468,-0.0495,35.27,36.3,12.9076,5538.9718,5539.5312,5539.9243,5526.0642,100.0,False,NOMINAL,HEALTHY,-1.2,-16.95
PRE_LOT05_COMP1600,LOT_05,PRECISION_VOLTAGE_REF,LCC-20,PRE-SIH-2026,THERMAL_BURN_IN,T05_1600,PROC-ISRO-IISU-01,ATE-STATION-01,CHAMBER-01,1.0,125.0,5.0,168,output_voltage_drift,ELECTRICAL,uV,15.455,6620.7248,6621.524,6622.1357,6605.2698,-0.0425,-0.0217,34.92,34.47,15.455,6620.7248,6621.524,6622.1357,6605.2698,100.0,False,NOMINAL,HEALTHY,23.47,38.08
PRE_LOT05_COMP1601,LOT_05,PRECISION_VOLTAGE_REF,LCC-20,PRE-SIH-2026,THERMAL_BURN_IN,T05_1601,PROC-ISRO-IISU-01,ATE-STATION-01,CHAMBER-01,1.0,125.0,5.0,168,output_voltage_drift,ELECTRICAL,uV,14.8866,6384.9769,6385.7123,6386.2129,6370.0903,-0.0255,-0.1118,35.12,34.73,14.8866,6384.9769,6385.7123,6386.2129,6370.0903,100.0,False,NOMINAL,HEALTHY,5.25,-46.19
PRE_LOT05_COMP1602,LOT_05,PRECISION_VOLTAGE_REF,LCC-20,PRE-SIH-2026,THERMAL_BURN_IN,T05_1602,PROC-ISRO-IISU-01,ATE-STATION-01,CHAMBER-01,1.0,125.0,5.0,168,output_voltage_drift,ELECTRICAL,uV,16.8247,7218.5141,7219.2849,7219.9037,7201.6894,0.0058,-0.0221,34.67,34.75,16.8247,7218.5141,7219.2849,7219.9037,7201.6894,100.0,False,NOMINAL,HEALTHY,-37.38,12.35
PRE_LOT05_COMP1603,LOT_05,PRECISION_VOLTAGE_REF,LCC-20,PRE-SIH-2026,THERMAL_BURN_IN,T05_1603,PROC-ISRO-IISU-01,ATE-STATION-01,CHAMBER-01,1.0,125.0,5.0,168,output_voltage_drift,ELECTRICAL,uV,13.5884,5839.2543,5839.8465,5840.2793,5825.6659,-0.0034,-0.0034,34.6,34.95,13.5884,5839.2543,5839.8465,5840.2793,5825.6659,100.0,False,NOMINAL,HEALTHY,45.87,-47.3
PRE_LOT05_COMP1604,LOT_05,PRECISION_VOLTAGE_REF,LCC-20,PRE-SIH-2026,THERMAL_BURN_IN,T05_1604,PROC-ISRO-IISU-01,ATE-STATION-01,CHAMBER-01,1.0,125.0,5.0,168,output_voltage_drift,ELECTRICAL,uV,13.0783,5603.4449,5604.0647,5604.4558,5590.3666,-0.0164,-0.0334,35.88,35.79,13.0783,5603.4449,5604.0647,5604.4558,5590.3666,100.0,False,NOMINAL,HEALTHY,-27.42,-49.57
PRE_LOT05_COMP1605,LOT_05,PRECISION_VOLTAGE_REF,LCC-20,PRE-SIH-2026,THERMAL_BURN_IN,T05_1605,PROC-ISRO-IISU-01,ATE-STATION-01,CHAMBER-01,1.0,125.0,5.0,168,output_voltage_drift,ELECTRICAL,uV,10.8434,4654.9448,4655.4911,4655.9566,4644.1014,-0.0089,-0.0145,35.93,36.04,10.8434,4654.9448,4655.4911,4655.9566,4644.1014,100.0,False,NOMINAL,HEALTHY,15.72,25.42
PRE_LOT05_COMP1606,LOT_05,PRECISION_VOLTAGE_REF,LCC-20,PRE-SIH-2026,THERMAL_BURN_IN,T05_1606,PROC-ISRO-IISU-01,ATE-STATION-01,CHAMBER-01,1.0,125.0,5.0,168,output_voltage_drift,ELECTRICAL,uV,16.78,7179.762,7180.6311,7181.3476,7162.982,-0.0042,-0.0226,37.09,36.83,16.78,7179.762,7180.6311,7181.3476,7162.982,100.0,False,NOMINAL,HEALTHY,34.15,-26.61
PRE_LOT05_COMP1607,LOT_05,PRECISION_VOLTAGE_REF,LCC-20,PRE-SIH-2026,THERMAL_BURN_IN,T05_1607,PROC-ISRO-IISU-01,ATE-STATION-01,CHAMBER-01,1.0,125.0,5.0,168,output_voltage_drift,ELECTRICAL,uV,14.9365,6414.3579,6415.02,6415.5587,6399.4214,-0.0132,-0.1241,35.22,35.07,14.9365,6414.3579,6415.02,6415.5587,6399.4214,100.0,False,NOMINAL,HEALTHY,44.17,-3.02
PRE_LOT05_COMP1608,LOT_05,PRECISION_VOLTAGE_REF,LCC-20,PRE-SIH-2026,THERMAL_BURN_IN,T05_1608,PROC-ISRO-IISU-01,ATE-STATION-01,CHAMBER-01,1.0,125.0,5.0,168,output_voltage_drift,ELECTRICAL,uV,13.5963,5820.7151,5821.3492,5821.7408,5807.1188,0.0321,0.0392,35.63,35.0,13.5963,5820.7151,5821.3492,5821.7408,5807.1188,100.0,False,NOMINAL,HEALTHY,-46.84,35.56
PRE_LOT05_COMP1609,LOT_05,PRECISION_VOLTAGE_REF,LCC-20,PRE-SIH-2026,THERMAL_BURN_IN,T05_1609,PROC-ISRO-IISU-01,ATE-STATION-01,CHAMBER-01,1.0,125.0,5.0,168,output_voltage_drift,ELECTRICAL,uV,14.6425,6290.9443,6291.6042,6292.1981,6276.3018,0.0314,0.0777,35.69,35.8,14.6425,6290.9443,6291.6042,6292.1981,6276.3018,100.0,False,NOMINAL,HEALTHY,-12.26,49.78
PRE_LOT05_COMP1610,LOT_05,PRECISION_VOLTAGE_REF,LCC-20,PRE-SIH-2026,THERMAL_BURN_IN,T05_1610,PROC-ISRO-IISU-01,ATE-STATION-01,CHAMBER-01,1.0,125.0,5.0,168,output_voltage_drift,ELECTRICAL,uV,14.5823,6255.359,6256.0286,6256.5465,6240.7767,0.0132,-0.0297,34.59,34.12,14.5823,6255.359,6256.0286,6256.5465,6240.7767,100.0,False,NOMINAL,HEALTHY,1.86,21.74
PRE_LOT05_COMP1611,LOT_05,PRECISION_VOLTAGE_REF,LCC-20,PRE-SIH-2026,THERMAL_BURN_IN,T05_1611,PROC-ISRO-IISU-01,ATE-STATION-01,CHAMBER-01,1.0,125.0,5.0,168,output_voltage_drift,ELECTRICAL,uV,14.9584,6409.7707,6410.4523,6410.936,6394.8123,-0.0438,-0.0245,34.74,34.79,14.9584,6409.7707,6410.4523,6410.936,6394.8123,100.0,False,NOMINAL,HEALTHY,-29.64,-37.45
PRE_LOT05_COMP1612,LOT_05,PRECISION_VOLTAGE_REF,LCC-20,PRE-SIH-2026,THERMAL_BURN_IN,T05_1612,PROC-ISRO-IISU-01,ATE-STATION-01,CHAMBER-01,1.0,125.0,5.0,168,output_voltage_drift,ELECTRICAL,uV,14.2527,6108.6936,6109.356,6109.8803,6094.4409,0.0291,0.0034,34.25,33.47,14.2527,6108.6936,6109.356,6109.8803,6094.4409,100.0,False,NOMINAL,HEALTHY,-23.5,-44.26
PRE_LOT05_COMP1613,LOT_05,PRECISION_VOLTAGE_REF,LCC-20,PRE-SIH-2026,THERMAL_BURN_IN,T05_1613,PROC-ISRO-IISU-01,ATE-STATION-01,CHAMBER-01,1.0,125.0,5.0,168,output_voltage_drift,ELECTRICAL,uV,16.4419,7052.5004,7053.2873,7053.8704,7036.0585,0.0147,-0.0472,34.98,34.65,16.4419,7052.5004,7053.2873,7053.8704,7036.0585,100.0,False,NOMINAL,HEALTHY,-49.97,-21.46
PRE_LOT05_COMP1614,LOT_05,PRECISION_VOLTAGE_REF,LCC-20,PRE-SIH-2026,THERMAL_BURN_IN,T05_1614,PROC-ISRO-IISU-01,ATE-STATION-01,CHAMBER-01,1.0,125.0,5.0,168,output_voltage_drift,ELECTRICAL,uV,14.2045,6086.9798,6087.6744,6088.1256,6072.7753,-0.0045,-0.1164,34.02,35.13,14.2045,6086.9798,6087.6744,6088.1256,6072.7753,100.0,False,NOMINAL,HEALTHY,21.45,-47.71
PRE_LOT05_COMP1615,LOT_05,PRECISION_VOLTAGE_REF,LCC-20,PRE-SIH-2026,THERMAL_BURN_IN,T05_1615,PROC-ISRO-IISU-01,ATE-STATION-01,CHAMBER-01,1.0,125.0,5.0,168,output_voltage_drift,ELECTRICAL,uV,14.2703,6121.2279,6121.9475,6122.4478,6106.9576,0.0079,0.0539,33.82,33.45,14.2703,6121.2279,6121.9475,6122.4478,6106.9576,100.0,False,NOMINAL,HEALTHY,-1.46,-10.61
PRE_LOT05_COMP1616,LOT_05,PRECISION_VOLTAGE_REF,LCC-20,PRE-SIH-2026,THERMAL_BURN_IN,T05_1616,PROC-ISRO-IISU-01,ATE-STATION-01,CHAMBER-01,1.0,125.0,5.0,168,output_voltage_drift,ELECTRICAL,uV,15.131,6485.9227,6486.7014,6487.351,6470.7917,-0.0027,0.0073,36.54,36.39,15.131,6485.9227,6486.7014,6487.351,6470.7917,100.0,False,NOMINAL,HEALTHY,-7.62,-2.73
PRE_LOT05_COMP1617,LOT_05,PRECISION_VOLTAGE_REF,LCC-20,PRE-SIH-2026,THERMAL_BURN_IN,T05_1617,PROC-ISRO-IISU-01,ATE-STATION-01,CHAMBER-01,1.0,125.0,5.0,168,output_voltage_drift,ELECTRICAL,uV,14.2425,6091.6482,6092.2904,6092.7479,6077.4057,-0.0186,-0.0676,34.33,34.13,14.2425,6091.6482,6092.2904,6092.7479,6077.4057,100.0,False,NOMINAL,HEALTHY,-7.96,10.95
PRE_LOT05_COMP1618,LOT_05,PRECISION_VOLTAGE_REF,LCC-20,PRE-SIH-2026,THERMAL_BURN_IN,T05_1618,PROC-ISRO-IISU-01,ATE-STATION-01,CHAMBER-01,1.0,125.0,5.0,168,output_voltage_drift,ELECTRICAL,uV,14.0341,6008.5142,6009.1735,6009.7452,5994.4801,0.0193,0.1013,36.26,36.19,14.0341,6008.5142,6009.1735,6009.7452,5994.4801,100.0,False,NOMINAL,HEALTHY,37.93,0.96
PRE_LOT05_COMP1619,LOT_05,PRECISION_VOLTAGE_REF,LCC-20,PRE-SIH-2026,THERMAL_BURN_IN,T05_1619,PROC-ISRO-IISU-01,ATE-STATION-01,CHAMBER-01,1.0,125.0,5.0,168,output_voltage_drift,ELECTRICAL,uV,15.2929,6571.9335,6572.6579,6573.2136,6556.6406,0.0574,0.1246,35.39,36.0,15.2929,6571.9335,6572.6579,6573.2136,6556.6406,100.0,False,NOMINAL,HEALTHY,-10.8,-36.69
PRE_LOT05_COMP1620,LOT_05,PRECISION_VOLTAGE_REF,LCC-20,PRE-SIH-2026,THERMAL_BURN_IN,T05_1620,PROC-ISRO-IISU-01,ATE-STATION-01,CHAMBER-01,1.0,125.0,5.0,168,output_voltage_drift,ELECTRICAL,uV,11.5151,4936.5799,4937.0746,4937.4678,4925.0648,-0.0131,-0.0392,35.35,34.98,11.5151,4936.5799,4937.0746,4937.4678,4925.0648,100.0,False,NOMINAL,HEALTHY,-17.76,31.01
PRE_LOT05_COMP1621,LOT_05,PRECISION_VOLTAGE_REF,LCC-20,PRE-SIH-2026,THERMAL_BURN_IN,T05_1621,PROC-ISRO-IISU-01,ATE-STATION-01,CHAMBER-01,1.0,125.0,5.0,168,output_voltage_drift,ELECTRICAL,uV,11.3114,4843.6857,4844.2666,4844.5846,4832.3743,0.0099,0.1184,35.75,35.6,11.3114,4843.6857,4844.2666,4844.5846,4832.3743,100.0,False,NOMINAL,HEALTHY,14.0,38.89
PRE_LOT05_COMP1622,LOT_05,PRECISION_VOLTAGE_REF,LCC-20,PRE-SIH-2026,THERMAL_BURN_IN,T05_1622,PROC-ISRO-IISU-01,ATE-STATION-01,CHAMBER-01,1.0,125.0,5.0,168,output_voltage_drift,ELECTRICAL,uV,14.1128,6051.5539,6052.223,6052.6795,6037.4411,0.0353,-0.0197,35.45,35.61,14.1128,6051.5539,6052.223,6052.6795,6037.4411,100.0,False,NOMINAL,HEALTHY,14.56,-5.68
PRE_LOT05_COMP1623,LOT_05,PRECISION_VOLTAGE_REF,LCC-20,PRE-SIH-2026,THERMAL_BURN_IN,T05_1623,PROC-ISRO-IISU-01,ATE-STATION-01,CHAMBER-01,1.0,125.0,5.0,168,output_voltage_drift,ELECTRICAL,uV,15.2412,6541.8086,6542.5766,6543.1328,6526.5674,-0.0132,-0.0315,35.98,36.75,15.2412,6541.8086,6542.5766,6543.1328,6526.5674,100.0,False,NOMINAL,HEALTHY,-49.72,-43.29
PRE_LOT05_COMP1624,LOT_05,PRECISION_VOLTAGE_REF,LCC-20,PRE-SIH-2026,THERMAL_BURN_IN,T05_1624,PROC-ISRO-IISU-01,ATE-STATION-01,CHAMBER-01,1.0,125.0,5.0,168,output_voltage_drift,ELECTRICAL,uV,16.9135,7262.6839,7263.5276,7264.184,7245.7704,-0.0013,-0.0617,35.54,35.48,16.9135,7262.6839,7263.5276,7264.184,7245.7704,100.0,False,NOMINAL,HEALTHY,11.85,42.14
PRE_LOT05_COMP1625,LOT_05,PRECISION_VOLTAGE_REF,LCC-20,PRE-SIH-2026,THERMAL_BURN_IN,T05_1625,PROC-ISRO-IISU-01,ATE-STATION-01,CHAMBER-01,1.0,125.0,5.0,168,output_voltage_drift,ELECTRICAL,uV,15.2848,6557.037,6566.7492,6717.6325,6541.7522,-0.0179,-0.0634,36.34,36.54,15.2848,6557.037,6566.7492,6717.6325,6541.7522,100.0,True,THERMAL_RUNAWAY,HEALTHY,48.45,-5.82
PRE_LOT05_COMP1626,LOT_05,PRECISION_VOLTAGE_REF,LCC-20,PRE-SIH-2026,THERMAL_BURN_IN,T05_1626,PROC-ISRO-IISU-01,ATE-STATION-01,CHAMBER-01,1.0,125.0,5.0,168,output_voltage_drift,ELECTRICAL,uV,10.1533,4357.0055,4357.4366,4357.7802,4346.8522,0.0022,-0.008,35.73,35.99,10.1533,4357.0055,4357.4366,4357.7802,4346.8522,100.0,False,NOMINAL,HEALTHY,-18.39,-9.07
PRE_LOT05_COMP1627,LOT_05,PRECISION_VOLTAGE_REF,LCC-20,PRE-SIH-2026,THERMAL_BURN_IN,T05_1627,PROC-ISRO-IISU-01,ATE-STATION-01,CHAMBER-01,1.0,125.0,5.0,168,output_voltage_drift,ELECTRICAL,uV,10.9676,4717.503,4718.0357,4718.4329,4706.5354,0.0278,0.0305,33.59,33.82,10.9676,4717.503,4718.0357,4718.4329,4706.5354,100.0,False,NOMINAL,HEALTHY,-13.45,49.27
PRE_LOT05_COMP1628,LOT_05,PRECISION_VOLTAGE_REF,LCC-20,PRE-SIH-2026,THERMAL_BURN_IN,T05_1628,PROC-ISRO-IISU-01,ATE-STATION-01,CHAMBER-01,1.0,125.0,5.0,168,output_voltage_drift,ELECTRICAL,uV,13.1209,5623.1079,5623.7372,5624.1942,5609.987,0.0214,-0.0404,33.43,33.27,13.1209,5623.1079,5623.7372,5624.1942,5609.987,100.0,False,NOMINAL,HEALTHY,43.31,-28.93
PRE_LOT05_COMP1629,LOT_05,PRECISION_VOLTAGE_REF,LCC-20,PRE-SIH-2026,THERMAL_BURN_IN,T05_1629,PROC-ISRO-IISU-01,ATE-STATION-01,CHAMBER-01,1.0,125.0,5.0,168,output_voltage_drift,ELECTRICAL,uV,15.1753,6499.8496,6500.5955,6501.1396,6484.6743,0.0178,0.0027,35.92,35.46,15.1753,6499.8496,6500.5955,6501.1396,6484.6743,100.0,False,NOMINAL,HEALTHY,38.87,-20.07
PRE_LOT05_COMP1630,LOT_05,PRECISION_VOLTAGE_REF,LCC-20,PRE-SIH-2026,THERMAL_BURN_IN,T05_1630,PROC-ISRO-IISU-01,ATE-STATION-01,CHAMBER-01,1.0,125.0,5.0,168,output_voltage_drift,ELECTRICAL,uV,16.1654,6933.0263,6933.828,6934.3995,6916.8609,0.006,0.0485,37.4,37.37,16.1654,6933.0263,6933.828,6934.3995,6916.8609,100.0,False,NOMINAL,HEALTHY,-27.72,-1.72
PRE_LOT05_COMP1631,LOT_05,PRECISION_VOLTAGE_REF,LCC-20,PRE-SIH-2026,THERMAL_BURN_IN,T05_1631,PROC-ISRO-IISU-01,ATE-STATION-01,CHAMBER-01,1.0,125.0,5.0,168,output_voltage_drift,ELECTRICAL,uV,13.9301,5971.53,5972.2058,5972.7168,5957.5999,-0.0203,-0.0283,35.76,36.02,13.9301,5971.53,5972.2058,5972.7168,5957.5999,100.0,False,NOMINAL,HEALTHY,-29.14,-36.64
PRE_LOT05_COMP1632,LOT_05,PRECISION_VOLTAGE_REF,LCC-20,PRE-SIH-2026,THERMAL_BURN_IN,T05_1632,PROC-ISRO-IISU-01,ATE-STATION-01,CHAMBER-01,1.0,125.0,5.0,168,output_voltage_drift,ELECTRICAL,uV,11.9517,5118.8444,5119.3891,5119.786,5106.8927,-0.0184,-0.0206,33.76,34.56,11.9517,5118.8444,5119.3891,5119.786,5106.8927,100.0,False,NOMINAL,HEALTHY,-38.85,-12.08
PRE_LOT05_COMP1633,LOT_05,PRECISION_VOLTAGE_REF,LCC-20,PRE-SIH-2026,THERMAL_BURN_IN,T05_1633,PROC-ISRO-IISU-01,ATE-STATION-01,CHAMBER-01,1.0,125.0,5.0,168,output_voltage_drift,ELECTRICAL,uV,12.9122,5539.1254,5539.6987,5540.1952,5526.2132,0.0342,0.0591,34.1,34.45,12.9122,5539.1254,5539.6987,5540.1952,5526.2132,100.0,False,NOMINAL,HEALTHY,-13.69,-15.15
PRE_LOT05_COMP1634,LOT_05,PRECISION_VOLTAGE_REF,LCC-20,PRE-SIH-2026,THERMAL_BURN_IN,T05_1634,PROC-ISRO-IISU-01,ATE-STATION-01,CHAMBER-01,1.0,125.0,5.0,168,output_voltage_drift,ELECTRICAL,uV,15.751,6755.1086,6755.8601,6756.4183,6739.3576,0.0394,0.0949,34.6,34.19,15.751,6755.1086,6755.8601,6756.4183,6739.3576,100.0,False,NOMINAL,HEALTHY,-13.48,-45.09
PRE_LOT05_COMP1635,LOT_05,PRECISION_VOLTAGE_REF,LCC-20,PRE-SIH-2026,THERMAL_BURN_IN,T05_1635,PROC-ISRO-IISU-01,ATE-STATION-01,CHAMBER-01,1.0,125.0,5.0,168,output_voltage_drift,ELECTRICAL,uV,16.3447,7002.9912,7003.8591,7004.5069,6986.6465,0.0152,0.0159,34.58,33.6,16.3447,7002.9912,7003.8591,7004.5069,6986.6465,100.0,False,NOMINAL,HEALTHY,28.85,8.83
PRE_LOT05_COMP1636,LOT_05,PRECISION_VOLTAGE_REF,LCC-20,PRE-SIH-2026,THERMAL_BURN_IN,T05_1636,PROC-ISRO-IISU-01,ATE-STATION-01,CHAMBER-01,1.0,125.0,5.0,168,output_voltage_drift,ELECTRICAL,uV,18.2144,7806.0611,7806.8122,7807.4394,7787.8467,-0.0301,0.0013,34.91,34.98,18.2144,7806.0611,7806.8122,7807.4394,7787.8467,100.0,False,NOMINAL,HEALTHY,2.15,41.98
PRE_LOT05_COMP1637,LOT_05,PRECISION_VOLTAGE_REF,LCC-20,PRE-SIH-2026,THERMAL_BURN_IN,T05_1637,PROC-ISRO-IISU-01,ATE-STATION-01,CHAMBER-01,1.0,125.0,5.0,168,output_voltage_drift,ELECTRICAL,uV,12.0197,5148.9594,5149.6048,5150.115,5136.9397,0.0196,0.1142,33.05,32.06,12.0197,5148.9594,5149.6048,5150.115,5136.9397,100.0,False,NOMINAL,HEALTHY,27.64,-13.19
PRE_LOT05_COMP1638,LOT_05,PRECISION_VOLTAGE_REF,LCC-20,PRE-SIH-2026,THERMAL_BURN_IN,T05_1638,PROC-ISRO-IISU-01,ATE-STATION-01,CHAMBER-01,1.0,125.0,5.0,168,output_voltage_drift,ELECTRICAL,uV,9.9103,4240.7652,4241.1849,4241.4839,4230.8549,0.0271,0.0373,35.85,34.8,9.9103,4240.7652,4241.1849,4241.4839,4230.8549,100.0,False,NOMINAL,HEALTHY,-36.93,-30.62
PRE_LOT05_COMP1639,LOT_05,PRECISION_VOLTAGE_REF,LCC-20,PRE-SIH-2026,THERMAL_BURN_IN,T05_1639,PROC-ISRO-IISU-01,ATE-STATION-01,CHAMBER-01,1.0,125.0,5.0,168,output_voltage_drift,ELECTRICAL,uV,14.5777,6263.882,6264.5121,6265.0237,6249.3043,0.0001,-0.0421,35.81,36.46,14.5777,6263.882,6264.5121,6265.0237,6249.3043,100.0,False,NOMINAL,HEALTHY,-8.51,4.97
PRE_LOT05_COMP1640,LOT_05,PRECISION_VOLTAGE_REF,LCC-20,PRE-SIH-2026,THERMAL_BURN_IN,T05_1640,PROC-ISRO-IISU-01,ATE-STATION-01,CHAMBER-01,1.0,125.0,5.0,168,output_voltage_drift,ELECTRICAL,uV,15.3983,6595.9829,6596.7954,6597.375,6580.5846,0.016,0.0249,34.65,35.02,15.3983,6595.9829,6596.7954,6597.375,6580.5846,100.0,False,NOMINAL,HEALTHY,10.36,47.12
PRE_LOT05_COMP1641,LOT_05,PRECISION_VOLTAGE_REF,LCC-20,PRE-SIH-2026,THERMAL_BURN_IN,T05_1641,PROC-ISRO-IISU-01,ATE-STATION-01,CHAMBER-01,1.0,125.0,5.0,168,output_voltage_drift,ELECTRICAL,uV,15.0279,6433.4233,6434.1098,6434.5941,6418.3954,-0.0001,0.0345,34.8,34.06,15.0279,6433.4233,6434.1098,6434.5941,6418.3954,100.0,False,NOMINAL,HEALTHY,-7.24,38.77
PRE_LOT05_COMP1642,LOT_05,PRECISION_VOLTAGE_REF,LCC-20,PRE-SIH-2026,THERMAL_BURN_IN,T05_1642,PROC-ISRO-IISU-01,ATE-STATION-01,CHAMBER-01,1.0,125.0,5.0,168,output_voltage_drift,ELECTRICAL,uV,13.193,5657.226,5657.8103,5658.2322,5644.033,-0.0027,-0.0848,37.93,37.79,13.193,5657.226,5657.8103,5658.2322,5644.033,100.0,False,NOMINAL,HEALTHY,-11.08,16.31
PRE_LOT05_COMP1643,LOT_05,PRECISION_VOLTAGE_REF,LCC-20,PRE-SIH-2026,THERMAL_BURN_IN,T05_1643,PROC-ISRO-IISU-01,ATE-STATION-01,CHAMBER-01,1.0,125.0,5.0,168,output_voltage_drift,ELECTRICAL,uV,14.1994,6087.2542,6087.9682,6088.4852,6073.0548,-0.0077,-0.0347,34.41,34.48,14.1994,6087.2542,6087.9682,6088.4852,6073.0548,100.0,False,NOMINAL,HEALTHY,38.22,-19.17
PRE_LOT05_COMP1644,LOT_05,PRECISION_VOLTAGE_REF,LCC-20,PRE-SIH-2026,THERMAL_BURN_IN,T05_1644,PROC-ISRO-IISU-01,ATE-STATION-01,CHAMBER-01,1.0,125.0,5.0,168,output_voltage_drift,ELECTRICAL,uV,15.1809,6512.1353,6512.8958,6513.4916,6496.9544,-0.009,0.0369,32.98,33.58,15.1809,6512.1353,6512.8958,6513.4916,6496.9544,100.0,False,NOMINAL,HEALTHY,37.82,-30.23
PRE_LOT05_COMP1645,LOT_05,PRECISION_VOLTAGE_REF,LCC-20,PRE-SIH-2026,THERMAL_BURN_IN,T05_1645,PROC-ISRO-IISU-01,ATE-STATION-01,CHAMBER-01,1.0,125.0,5.0,168,output_voltage_drift,ELECTRICAL,uV,12.3968,5304.8765,5305.4454,5305.8846,5292.4797,0.013,-0.0321,34.53,32.95,12.3968,5304.8765,5305.4454,5305.8846,5292.4797,100.0,False,NOMINAL,HEALTHY,-39.4,-1.02
PRE_LOT05_COMP1646,LOT_05,PRECISION_VOLTAGE_REF,LCC-20,PRE-SIH-2026,THERMAL_BURN_IN,T05_1646,PROC-ISRO-IISU-01,ATE-STATION-01,CHAMBER-01,1.0,125.0,5.0,168,output_voltage_drift,ELECTRICAL,uV,13.4357,5760.9893,5761.589,5762.1007,5747.5536,0.0119,-0.0362,35.25,35.3,13.4357,5760.9893,5761.589,5762.1007,5747.5536,100.0,False,NOMINAL,HEALTHY,-11.37,-7.7
PRE_LOT05_COMP1647,LOT_05,PRECISION_VOLTAGE_REF,LCC-20,PRE-SIH-2026,THERMAL_BURN_IN,T05_1647,PROC-ISRO-IISU-01,ATE-STATION-01,CHAMBER-01,1.0,125.0,5.0,168,output_voltage_drift,ELECTRICAL,uV,14.9895,6425.4077,6426.085,6426.6424,6410.4182,0.0029,-0.0057,35.8,35.83,14.9895,6425.4077,6426.085,6426.6424,6410.4182,100.0,False,NOMINAL,HEALTHY,-24.15,-36.44
PRE_LOT05_COMP1648,LOT_05,PRECISION_VOLTAGE_REF,LCC-20,PRE-SIH-2026,THERMAL_BURN_IN,T05_1648,PROC-ISRO-IISU-01,ATE-STATION-01,CHAMBER-01,1.0,125.0,5.0,168,output_voltage_drift,ELECTRICAL,uV,13.2705,5691.8938,5692.5554,5693.053,5678.6233,0.0287,0.0042,34.46,35.32,13.2705,5691.8938,5692.5554,5693.053,5678.6233,100.0,False,NOMINAL,HEALTHY,-12.99,34.62
PRE_LOT05_COMP1649,LOT_05,PRECISION_VOLTAGE_REF,LCC-20,PRE-SIH-2026,THERMAL_BURN_IN,T05_1649,PROC-ISRO-IISU-01,ATE-STATION-01,CHAMBER-01,1.0,125.0,5.0,168,output_voltage_drift,ELECTRICAL,uV,11.9764,5134.5696,5135.0986,5135.5076,5122.5932,0.0326,-0.0304,35.41,35.63,11.9764,5134.5696,5135.0986,5135.5076,5122.5932,100.0,False,NOMINAL,HEALTHY,34.66,18.11
PRE_LOT05_COMP1650,LOT_05,PRECISION_VOLTAGE_REF,LCC-20,PRE-SIH-2026,THERMAL_BURN_IN,T05_1650,PROC-ISRO-IISU-01,ATE-STATION-01,CHAMBER-01,1.0,125.0,5.0,168,output_voltage_drift,ELECTRICAL,uV,15.7506,6759.7322,6760.5178,6761.0712,6743.9816,0.0059,0.0201,32.69,32.68,15.7506,6759.7322,6760.5178,6761.0712,6743.9816,100.0,False,NOMINAL,HEALTHY,9.34,-29.36
PRE_LOT05_COMP1651,LOT_05,PRECISION_VOLTAGE_REF,LCC-20,PRE-SIH-2026,THERMAL_BURN_IN,T05_1651,PROC-ISRO-IISU-01,ATE-STATION-01,CHAMBER-01,1.0,125.0,5.0,168,output_voltage_drift,ELECTRICAL,uV,12.6597,5425.9951,5426.714,5427.1732,5413.3354,0.013,0.0316,36.38,36.23,12.6597,5425.9951,5426.714,5427.1732,5413.3354,100.0,False,NOMINAL,HEALTHY,23.34,9.89
PRE_LOT05_COMP1652,LOT_05,PRECISION_VOLTAGE_REF,LCC-20,PRE-SIH-2026,THERMAL_BURN_IN,T05_1652,PROC-ISRO-IISU-01,ATE-STATION-01,CHAMBER-01,1.0,125.0,5.0,168,output_voltage_drift,ELECTRICAL,uV,15.2817,6549.9827,6550.7127,6551.2232,6534.701,0.0287,0.0273,34.69,34.73,15.2817,6549.9827,6550.7127,6551.2232,6534.701,100.0,False,NOMINAL,HEALTHY,-33.41,39.92
PRE_LOT05_COMP1653,LOT_05,PRECISION_VOLTAGE_REF,LCC-20,PRE-SIH-2026,THERMAL_BURN_IN,T05_1653,PROC-ISRO-IISU-01,ATE-STATION-01,CHAMBER-01,1.0,125.0,5.0,168,output_voltage_drift,ELECTRICAL,uV,12.1876,5210.0856,5210.6937,5211.1578,5197.898,0.018,-0.0921,34.59,35.35,12.1876,5210.0856,5210.6937,5211.1578,5197.898,100.0,False,NOMINAL,HEALTHY,-32.9,3.4
PRE_LOT05_COMP1654,LOT_05,PRECISION_VOLTAGE_REF,LCC-20,PRE-SIH-2026,THERMAL_BURN_IN,T05_1654,PROC-ISRO-IISU-01,ATE-STATION-01,CHAMBER-01,1.0,125.0,5.0,168,output_voltage_drift,ELECTRICAL,uV,12.0895,5196.7288,5197.3423,5197.8691,5184.6393,0.0058,-0.0227,34.0,34.23,12.0895,5196.7288,5197.3423,5197.8691,5184.6393,100.0,False,NOMINAL,HEALTHY,21.89,-23.55
PRE_LOT05_COMP1655,LOT_05,PRECISION_VOLTAGE_REF,LCC-20,PRE-SIH-2026,THERMAL_BURN_IN,T05_1655,PROC-ISRO-IISU-01,ATE-STATION-01,CHAMBER-01,1.0,125.0,5.0,168,output_voltage_drift,ELECTRICAL,uV,14.4779,6208.1378,6208.7839,6209.1986,6193.6599,-0.0205,-0.0525,35.62,35.69,14.4779,6208.1378,6208.7839,6209.1986,6193.6599,100.0,False,NOMINAL,HEALTHY,35.1,-42.64
PRE_LOT05_COMP1656,LOT_05,PRECISION_VOLTAGE_REF,LCC-20,PRE-SIH-2026,THERMAL_BURN_IN,T05_1656,PROC-ISRO-IISU-01,ATE-STATION-01,CHAMBER-01,1.0,125.0,5.0,168,output_voltage_drift,ELECTRICAL,uV,12.9635,5550.5641,5551.2617,5551.7409,5537.6006,-0.01,0.0604,35.51,35.56,12.9635,5550.5641,5551.2617,5551.7409,5537.6006,100.0,False,NOMINAL,HEALTHY,33.3,8.38
PRE_LOT05_COMP1657,LOT_05,PRECISION_VOLTAGE_REF,LCC-20,PRE-SIH-2026,THERMAL_BURN_IN,T05_1657,PROC-ISRO-IISU-01,ATE-STATION-01,CHAMBER-01,1.0,125.0,5.0,168,output_voltage_drift,ELECTRICAL,uV,15.0608,6453.0725,6453.8062,6454.405,6438.0117,0.0003,-0.0109,34.98,34.42,15.0608,6453.0725,6453.8062,6454.405,6438.0117,100.0,False,NOMINAL,HEALTHY,5.33,-19.83
PRE_LOT05_COMP1658,LOT_05,PRECISION_VOLTAGE_REF,LCC-20,PRE-SIH-2026,THERMAL_BURN_IN,T05_1658,PROC-ISRO-IISU-01,ATE-STATION-01,CHAMBER-01,1.0,125.0,5.0,168,output_voltage_drift,ELECTRICAL,uV,11.3843,4884.3578,4884.8861,4885.1629,4872.9735,0.0042,0.0402,35.61,35.1,11.3843,4884.3578,4884.8861,4885.1629,4872.9735,100.0,False,NOMINAL,HEALTHY,11.57,35.76
PRE_LOT05_COMP1659,LOT_05,PRECISION_VOLTAGE_REF,LCC-20,PRE-SIH-2026,THERMAL_BURN_IN,T05_1659,PROC-ISRO-IISU-01,ATE-STATION-01,CHAMBER-01,1.0,125.0,5.0,168,output_voltage_drift,ELECTRICAL,uV,14.8161,6348.8934,6349.5843,6350.1136,6334.0773,0.0242,0.0219,35.39,34.97,14.8161,6348.8934,6349.5843,6350.1136,6334.0773,100.0,False,NOMINAL,HEALTHY,-2.61,3.87
PRE_LOT05_COMP1660,LOT_05,PRECISION_VOLTAGE_REF,LCC-20,PRE-SIH-2026,THERMAL_BURN_IN,T05_1660,PROC-ISRO-IISU-01,ATE-STATION-01,CHAMBER-01,1.0,125.0,5.0,168,output_voltage_drift,ELECTRICAL,uV,13.8159,5919.6895,5920.3866,5920.962,5905.8736,0.0214,-0.0458,33.85,34.14,13.8159,5919.6895,5920.3866,5920.962,5905.8736,100.0,False,NOMINAL,HEALTHY,31.31,35.03
PRE_LOT05_COMP1661,LOT_05,PRECISION_VOLTAGE_REF,LCC-20,PRE-SIH-2026,THERMAL_BURN_IN,T05_1661,PROC-ISRO-IISU-01,ATE-STATION-01,CHAMBER-01,1.0,125.0,5.0,168,output_voltage_drift,ELECTRICAL,uV,10.2045,4385.2349,4385.6371,4385.9654,4375.0304,0.0051,-0.0462,33.87,34.1,10.2045,4385.2349,4385.6371,4385.9654,4375.0304,100.0,False,NOMINAL,HEALTHY,21.29,34.23
PRE_LOT05_COMP1662,LOT_05,PRECISION_VOLTAGE_REF,LCC-20,PRE-SIH-2026,THERMAL_BURN_IN,T05_1662,PROC-ISRO-IISU-01,ATE-STATION-01,CHAMBER-01,1.0,125.0,5.0,168,output_voltage_drift,ELECTRICAL,uV,15.857,6801.2515,6801.9963,6802.5813,6785.3945,-0.0112,-0.0386,33.64,34.15,15.857,6801.2515,6801.9963,6802.5813,6785.3945,100.0,False,NOMINAL,HEALTHY,9.0,-12.04
PRE_LOT05_COMP1663,LOT_05,PRECISION_VOLTAGE_REF,LCC-20,PRE-SIH-2026,THERMAL_BURN_IN,T05_1663,PROC-ISRO-IISU-01,ATE-STATION-01,CHAMBER-01,1.0,125.0,5.0,168,output_voltage_drift,ELECTRICAL,uV,14.4144,6187.2191,6187.8603,6188.2717,6172.8047,0.0203,0.0977,32.98,32.65,14.4144,6187.2191,6187.8603,6188.2717,6172.8047,100.0,False,NOMINAL,HEALTHY,-38.9,-26.09
PRE_LOT05_COMP1664,LOT_05,PRECISION_VOLTAGE_REF,LCC-20,PRE-SIH-2026,THERMAL_BURN_IN,T05_1664,PROC-ISRO-IISU-01,ATE-STATION-01,CHAMBER-01,1.0,125.0,5.0,168,output_voltage_drift,ELECTRICAL,uV,17.4028,7457.8468,7458.6428,7459.3219,7440.444,-0.0031,-0.1253,33.96,33.71,17.4028,7457.8468,7458.6428,7459.3219,7440.444,100.0,False,NOMINAL,HEALTHY,15.88,-44.46
PRE_LOT05_COMP1665,LOT_05,PRECISION_VOLTAGE_REF,LCC-20,PRE-SIH-2026,THERMAL_BURN_IN,T05_1665,PROC-ISRO-IISU-01,ATE-STATION-01,CHAMBER-01,1.0,125.0,5.0,168,output_voltage_drift,ELECTRICAL,uV,14.0692,6035.3478,6036.0181,6036.5833,6021.2786,-0.0173,-0.0665,34.83,35.17,14.0692,6035.3478,6036.0181,6036.5833,6021.2786,100.0,False,NOMINAL,HEALTHY,-26.81,-28.37
PRE_LOT05_COMP1666,LOT_05,PRECISION_VOLTAGE_REF,LCC-20,PRE-SIH-2026,THERMAL_BURN_IN,T05_1666,PROC-ISRO-IISU-01,ATE-STATION-01,CHAMBER-01,1.0,125.0,5.0,168,output_voltage_drift,ELECTRICAL,uV,15.2179,6527.528,6528.2367,6528.8251,6512.3101,-0.0145,0.069,33.68,33.83,15.2179,6527.528,6528.2367,6528.8251,6512.3101,100.0,False,NOMINAL,HEALTHY,9.16,-8.1
PRE_LOT05_COMP1667,LOT_05,PRECISION_VOLTAGE_REF,LCC-20,PRE-SIH-2026,THERMAL_BURN_IN,T05_1667,PROC-ISRO-IISU-01,ATE-STATION-01,CHAMBER-01,1.0,125.0,5.0,168,output_voltage_drift,ELECTRICAL,uV,11.3408,4857.3818,4857.9545,4858.2975,4846.041,-0.0101,-0.036,35.5,34.66,11.3408,4857.3818,4857.9545,4858.2975,4846.041,100.0,False,NOMINAL,HEALTHY,-34.21,-22.85
PRE_LOT05_COMP1668,LOT_05,PRECISION_VOLTAGE_REF,LCC-20,PRE-SIH-2026,THERMAL_BURN_IN,T05_1668,PROC-ISRO-IISU-01,ATE-STATION-01,CHAMBER-01,1.0,125.0,5.0,168,output_voltage_drift,ELECTRICAL,uV,13.8374,5924.377,5924.9732,5925.507,5910.5396,0.0037,0.0511,35.58,35.73,13.8374,5924.377,5924.9732,5925.507,5910.5396,100.0,False,NOMINAL,HEALTHY,46.2,12.17
PRE_LOT05_COMP1669,LOT_05,PRECISION_VOLTAGE_REF,LCC-20,PRE-SIH-2026,THERMAL_BURN_IN,T05_1669,PROC-ISRO-IISU-01,ATE-STATION-01,CHAMBER-01,1.0,125.0,5.0,168,output_voltage_drift,ELECTRICAL,uV,13.0164,5579.7917,5580.4999,5581.0201,5566.7753,0.0212,-0.004,34.21,34.57,13.0164,5579.7917,5580.4999,5581.0201,5566.7753,100.0,False,NOMINAL,HEALTHY,27.52,-10.57
PRE_LOT05_COMP1670,LOT_05,PRECISION_VOLTAGE_REF,LCC-20,PRE-SIH-2026,THERMAL_BURN_IN,T05_1670,PROC-ISRO-IISU-01,ATE-STATION-01,CHAMBER-01,1.0,125.0,5.0,168,output_voltage_drift,ELECTRICAL,uV,15.508,6645.8535,6646.5932,6647.0734,6630.3455,-0.0172,-0.0215,34.82,34.43,15.508,6645.8535,6646.5932,6647.0734,6630.3455,100.0,False,NOMINAL,HEALTHY,31.97,-0.57
PRE_LOT05_COMP1671,LOT_05,PRECISION_VOLTAGE_REF,LCC-20,PRE-SIH-2026,THERMAL_BURN_IN,T05_1671,PROC-ISRO-IISU-01,ATE-STATION-01,CHAMBER-01,1.0,125.0,5.0,168,output_voltage_drift,ELECTRICAL,uV,13.3035,5708.7691,5709.3962,5709.8411,5695.4656,-0.0035,-0.0275,36.27,36.28,13.3035,5708.7691,5709.3962,5709.8411,5695.4656,100.0,False,NOMINAL,HEALTHY,-0.26,44.65
PRE_LOT05_COMP1672,LOT_05,PRECISION_VOLTAGE_REF,LCC-20,PRE-SIH-2026,THERMAL_BURN_IN,T05_1672,PROC-ISRO-IISU-01,ATE-STATION-01,CHAMBER-01,1.0,125.0,5.0,168,output_voltage_drift,ELECTRICAL,uV,10.6276,4556.9818,4557.5063,4557.8552,4546.3542,-0.0016,-0.0188,34.26,34.14,10.6276,4556.9818,4557.5063,4557.8552,4546.3542,100.0,False,NOMINAL,HEALTHY,-16.83,-34.68
PRE_LOT05_COMP1673,LOT_05,PRECISION_VOLTAGE_REF,LCC-20,PRE-SIH-2026,THERMAL_BURN_IN,T05_1673,PROC-ISRO-IISU-01,ATE-STATION-01,CHAMBER-01,1.0,125.0,5.0,168,output_voltage_drift,ELECTRICAL,uV,13.1082,5620.1468,5620.8326,5621.393,5607.0386,-0.0177,-0.0674,35.6,36.45,13.1082,5620.1468,5620.8326,5621.393,5607.0386,100.0,False,NOMINAL,HEALTHY,-28.21,-15.2
PRE_LOT05_COMP1674,LOT_05,PRECISION_VOLTAGE_REF,LCC-20,PRE-SIH-2026,THERMAL_BURN_IN,T05_1674,PROC-ISRO-IISU-01,ATE-STATION-01,CHAMBER-01,1.0,125.0,5.0,168,output_voltage_drift,ELECTRICAL,uV,13.0356,5584.8047,5585.3316,5585.7283,5571.7691,-0.0242,-0.0435,35.45,35.75,13.0356,5584.8047,5585.3316,5585.7283,5571.7691,100.0,False,NOMINAL,HEALTHY,-15.96,1.33
PRE_LOT05_COMP1675,LOT_05,PRECISION_VOLTAGE_REF,LCC-20,PRE-SIH-2026,THERMAL_BURN_IN,T05_1675,PROC-ISRO-IISU-01,ATE-STATION-01,CHAMBER-01,1.0,125.0,5.0,168,output_voltage_drift,ELECTRICAL,uV,15.1699,6504.826,6505.5855,6506.1137,6489.6561,-0.0144,-0.0232,34.45,34.83,15.1699,6504.826,6505.5855,6506.1137,6489.6561,100.0,False,NOMINAL,HEALTHY,32.33,6.39
PRE_LOT05_COMP1676,LOT_05,PRECISION_VOLTAGE_REF,LCC-20,PRE-SIH-2026,THERMAL_BURN_IN,T05_1676,PROC-ISRO-IISU-01,ATE-STATION-01,CHAMBER-01,1.0,125.0,5.0,168,output_voltage_drift,ELECTRICAL,uV,15.9369,6831.0426,6831.796,6832.3764,6815.1057,-0.0146,-0.1098,33.32,33.42,15.9369,6831.0426,6831.796,6832.3764,6815.1057,100.0,False,NOMINAL,HEALTHY,-44.82,-38.37
PRE_LOT05_COMP1677,LOT_05,PRECISION_VOLTAGE_REF,LCC-20,PRE-SIH-2026,THERMAL_BURN_IN,T05_1677,PROC-ISRO-IISU-01,ATE-STATION-01,CHAMBER-01,1.0,125.0,5.0,168,output_voltage_drift,ELECTRICAL,uV,14.1493,6069.8739,6070.5788,6071.1292,6055.7246,0.0096,0.0288,36.06,36.3,14.1493,6069.8739,6070.5788,6071.1292,6055.7246,100.0,False,NOMINAL,HEALTHY,-46.33,19.26
PRE_LOT05_COMP1678,LOT_05,PRECISION_VOLTAGE_REF,LCC-20,PRE-SIH-2026,THERMAL_BURN_IN,T05_1678,PROC-ISRO-IISU-01,ATE-STATION-01,CHAMBER-01,1.0,125.0,5.0,168,output_voltage_drift,ELECTRICAL,uV,10.9405,4686.6073,4687.1753,4687.6357,4675.6668,0.0011,0.1138,36.55,36.78,10.9405,4686.6073,4687.1753,4687.6357,4675.6668,100.0,False,NOMINAL,HEALTHY,-16.04,-26.02
PRE_LOT05_COMP1679,LOT_05,PRECISION_VOLTAGE_REF,LCC-20,PRE-SIH-2026,THERMAL_BURN_IN,T05_1679,PROC-ISRO-IISU-01,ATE-STATION-01,CHAMBER-01,1.0,125.0,5.0,168,output_voltage_drift,ELECTRICAL,uV,15.3274,6564.6258,6565.379,6565.8203,6549.2984,-0.0278,-0.1061,35.14,35.13,15.3274,6564.6258,6565.379,6565.8203,6549.2984,100.0,False,NOMINAL,HEALTHY,-33.03,5.45
PRE_LOT05_COMP1680,LOT_05,PRECISION_VOLTAGE_REF,LCC-20,PRE-SIH-2026,THERMAL_BURN_IN,T05_1680,PROC-ISRO-IISU-01,ATE-STATION-01,CHAMBER-01,1.0,125.0,5.0,168,output_voltage_drift,ELECTRICAL,uV,14.3324,6143.6112,6144.2135,6144.6289,6129.2788,-0.0255,0.0467,35.05,34.77,14.3324,6143.6112,6144.2135,6144.6289,6129.2788,100.0,False,NOMINAL,HEALTHY,-28.82,0.49
PRE_LOT05_COMP1681,LOT_05,PRECISION_VOLTAGE_REF,LCC-20,PRE-SIH-2026,THERMAL_BURN_IN,T05_1681,PROC-ISRO-IISU-01,ATE-STATION-01,CHAMBER-01,1.0,125.0,5.0,168,output_voltage_drift,ELECTRICAL,uV,13.3529,5736.5751,5737.2129,5737.6481,5723.2222,-0.0051,-0.0374,35.32,35.43,13.3529,5736.5751,5737.2129,5737.6481,5723.2222,100.0,False,NOMINAL,HEALTHY,-35.88,-18.79
PRE_LOT05_COMP1682,LOT_05,PRECISION_VOLTAGE_REF,LCC-20,PRE-SIH-2026,THERMAL_BURN_IN,T05_1682,PROC-ISRO-IISU-01,ATE-STATION-01,CHAMBER-01,1.0,125.0,5.0,168,output_voltage_drift,ELECTRICAL,uV,14.8487,6359.5511,6360.232,6360.7894,6344.7024,-0.0081,-0.0074,33.02,33.18,14.8487,6359.5511,6360.232,6360.7894,6344.7024,100.0,False,NOMINAL,HEALTHY,14.83,-44.31
PRE_LOT05_COMP1683,LOT_05,PRECISION_VOLTAGE_REF,LCC-20,PRE-SIH-2026,THERMAL_BURN_IN,T05_1683,PROC-ISRO-IISU-01,ATE-STATION-01,CHAMBER-01,1.0,125.0,5.0,168,output_voltage_drift,ELECTRICAL,uV,15.5134,6654.7403,6671.5246,6741.4727,6639.2269,0.0059,-0.0205,37.03,37.42,15.5134,6654.7403,6671.5246,6741.4727,6639.2269,100.0,True,ELECTROMIGRATION,HEALTHY,19.6,-16.76
PRE_LOT05_COMP1684,LOT_05,PRECISION_VOLTAGE_REF,LCC-20,PRE-SIH-2026,THERMAL_BURN_IN,T05_1684,PROC-ISRO-IISU-01,ATE-STATION-01,CHAMBER-01,1.0,125.0,5.0,168,output_voltage_drift,ELECTRICAL,uV,16.2132,6947.7895,6948.5626,6949.0687,6931.5763,-0.0319,-0.0376,36.05,36.38,16.2132,6947.7895,6948.5626,6949.0687,6931.5763,100.0,False,NOMINAL,HEALTHY,-42.61,-48.21
PRE_LOT05_COMP1685,LOT_05,PRECISION_VOLTAGE_REF,LCC-20,PRE-SIH-2026,THERMAL_BURN_IN,T05_1685,PROC-ISRO-IISU-01,ATE-STATION-01,CHAMBER-01,1.0,125.0,5.0,168,output_voltage_drift,ELECTRICAL,uV,12.978,5558.9859,5559.479,5559.7833,5546.0079,0.014,0.0014,34.34,34.16,12.978,5558.9859,5559.479,5559.7833,5546.0079,100.0,False,NOMINAL,HEALTHY,-32.05,-22.49
PRE_LOT05_COMP1686,LOT_05,PRECISION_VOLTAGE_REF,LCC-20,PRE-SIH-2026,THERMAL_BURN_IN,T05_1686,PROC-ISRO-IISU-01,ATE-STATION-01,CHAMBER-01,1.0,125.0,5.0,168,output_voltage_drift,ELECTRICAL,uV,16.2303,6958.6434,6959.4349,6959.9784,6942.4131,0.0052,0.0011,34.65,34.39,16.2303,6958.6434,6959.4349,6959.9784,6942.4131,100.0,False,NOMINAL,HEALTHY,13.97,18.13
PRE_LOT05_COMP1687,LOT_05,PRECISION_VOLTAGE_REF,LCC-20,PRE-SIH-2026,THERMAL_BURN_IN,T05_1687,PROC-ISRO-IISU-01,ATE-STATION-01,CHAMBER-01,1.0,125.0,5.0,168,output_voltage_drift,ELECTRICAL,uV,15.6765,6703.3131,6703.9104,6704.2338,6687.6366,0.0137,-0.0473,35.05,34.32,15.6765,6703.3131,6703.9104,6704.2338,6687.6366,100.0,False,NOMINAL,HEALTHY,-9.24,40.04
PRE_LOT05_COMP1688,LOT_05,PRECISION_VOLTAGE_REF,LCC-20,PRE-SIH-2026,THERMAL_BURN_IN,T05_1688,PROC-ISRO-IISU-01,ATE-STATION-01,CHAMBER-01,1.0,125.0,5.0,168,output_voltage_drift,ELECTRICAL,uV,14.5716,6238.2407,6238.9517,6239.5273,6223.6691,0.0103,0.0105,34.48,34.68,14.5716,6238.2407,6238.9517,6239.5273,6223.6691,100.0,False,NOMINAL,HEALTHY,-12.0,-28.98
PRE_LOT05_COMP1689,LOT_05,PRECISION_VOLTAGE_REF,LCC-20,PRE-SIH-2026,THERMAL_BURN_IN,T05_1689,PROC-ISRO-IISU-01,ATE-STATION-01,CHAMBER-01,1.0,125.0,5.0,168,output_voltage_drift,ELECTRICAL,uV,14.0663,6027.1072,6027.8085,6028.333,6013.0409,-0.001,-0.027,33.21,33.96,14.0663,6027.1072,6027.8085,6028.333,6013.0409,100.0,False,NOMINAL,HEALTHY,-43.45,-17.16
PRE_LOT05_COMP1690,LOT_05,PRECISION_VOLTAGE_REF,LCC-20,PRE-SIH-2026,THERMAL_BURN_IN,T05_1690,PROC-ISRO-IISU-01,ATE-STATION-01,CHAMBER-01,1.0,125.0,5.0,168,output_voltage_drift,ELECTRICAL,uV,13.3695,5723.9542,5724.5499,5724.9237,5710.5847,-0.0217,0.0188,34.22,35.5,13.3695,5723.9542,5724.5499,5724.9237,5710.5847,100.0,False,NOMINAL,HEALTHY,-2.76,-10.03
PRE_LOT05_COMP1691,LOT_05,PRECISION_VOLTAGE_REF,LCC-20,PRE-SIH-2026,THERMAL_BURN_IN,T05_1691,PROC-ISRO-IISU-01,ATE-STATION-01,CHAMBER-01,1.0,125.0,5.0,168,output_voltage_drift,ELECTRICAL,uV,14.1595,6073.0333,6073.7457,6074.2438,6058.8738,-0.0042,0.0206,34.9,34.91,14.1595,6073.0333,6073.7457,6074.2438,6058.8738,100.0,False,NOMINAL,HEALTHY,-35.5,45.15
PRE_LOT05_COMP1692,LOT_05,PRECISION_VOLTAGE_REF,LCC-20,PRE-SIH-2026,THERMAL_BURN_IN,T05_1692,PROC-ISRO-IISU-01,ATE-STATION-01,CHAMBER-01,1.0,125.0,5.0,168,output_voltage_drift,ELECTRICAL,uV,15.0493,6449.4009,6450.1658,6450.7268,6434.3516,-0.0329,-0.1065,34.19,35.0,15.0493,6449.4009,6450.1658,6450.7268,6434.3516,100.0,False,NOMINAL,HEALTHY,-38.63,-3.78
PRE_LOT05_COMP1693,LOT_05,PRECISION_VOLTAGE_REF,LCC-20,PRE-SIH-2026,THERMAL_BURN_IN,T05_1693,PROC-ISRO-IISU-01,ATE-STATION-01,CHAMBER-01,1.0,125.0,5.0,168,output_voltage_drift,ELECTRICAL,uV,14.9086,6386.0279,6386.7828,6387.2554,6371.1193,0.0022,-0.0327,35.06,35.58,14.9086,6386.0279,6386.7828,6387.2554,6371.1193,100.0,False,NOMINAL,HEALTHY,47.35,5.25
PRE_LOT05_COMP1694,LOT_05,PRECISION_VOLTAGE_REF,LCC-20,PRE-SIH-2026,THERMAL_BURN_IN,T05_1694,PROC-ISRO-IISU-01,ATE-STATION-01,CHAMBER-01,1.0,125.0,5.0,168,output_voltage_drift,ELECTRICAL,uV,10.8406,4637.0593,4637.5974,4637.9763,4626.2187,0.022,0.0479,36.89,36.4,10.8406,4637.0593,4637.5974,4637.9763,4626.2187,100.0,False,NOMINAL,HEALTHY,39.31,-20.95
PRE_LOT05_COMP1695,LOT_05,PRECISION_VOLTAGE_REF,LCC-20,PRE-SIH-2026,THERMAL_BURN_IN,T05_1695,PROC-ISRO-IISU-01,ATE-STATION-01,CHAMBER-01,1.0,125.0,5.0,168,output_voltage_drift,ELECTRICAL,uV,13.0936,5620.1733,5620.8197,5621.3421,5607.0797,-0.0519,-0.0335,34.16,33.6,13.0936,5620.1733,5620.8197,5621.3421,5607.0797,100.0,False,NOMINAL,HEALTHY,-7.58,-44.75
PRE_LOT05_COMP1696,LOT_05,PRECISION_VOLTAGE_REF,LCC-20,PRE-SIH-2026,THERMAL_BURN_IN,T05_1696,PROC-ISRO-IISU-01,ATE-STATION-01,CHAMBER-01,1.0,125.0,5.0,168,output_voltage_drift,ELECTRICAL,uV,12.7058,5455.8996,5456.4974,5457.0086,5443.1938,0.0181,0.0658,33.87,33.99,12.7058,5455.8996,5456.4974,5457.0086,5443.1938,100.0,False,NOMINAL,HEALTHY,-2.91,34.92
PRE_LOT05_COMP1697,LOT_05,PRECISION_VOLTAGE_REF,LCC-20,PRE-SIH-2026,THERMAL_BURN_IN,T05_1697,PROC-ISRO-IISU-01,ATE-STATION-01,CHAMBER-01,1.0,125.0,5.0,168,output_voltage_drift,ELECTRICAL,uV,11.9876,5142.0311,5142.6455,5143.0105,5130.0435,-0.0318,-0.0532,33.6,33.8,11.9876,5142.0311,5142.6455,5143.0105,5130.0435,100.0,False,NOMINAL,HEALTHY,-3.25,22.16
PRE_LOT05_COMP1698,LOT_05,PRECISION_VOLTAGE_REF,LCC-20,PRE-SIH-2026,THERMAL_BURN_IN,T05_1698,PROC-ISRO-IISU-01,ATE-STATION-01,CHAMBER-01,1.0,125.0,5.0,168,output_voltage_drift,ELECTRICAL,uV,13.6222,5839.9452,5840.6547,5841.142,5826.323,-0.0344,-0.06,34.45,34.51,13.6222,5839.9452,5840.6547,5841.142,5826.323,100.0,False,NOMINAL,HEALTHY,34.3,-27.42
PRE_LOT05_COMP1699,LOT_05,PRECISION_VOLTAGE_REF,LCC-20,PRE-SIH-2026,THERMAL_BURN_IN,T05_1699,PROC-ISRO-IISU-01,ATE-STATION-01,CHAMBER-01,1.0,125.0,5.0,168,output_voltage_drift,ELECTRICAL,uV,14.8297,6363.6617,6364.4276,6364.966,6348.832,0.006,-0.0276,36.15,36.29,14.8297,6363.6617,6364.4276,6364.966,6348.832,100.0,False,NOMINAL,HEALTHY,27.07,23.09
PRE_LOT05_COMP1700,LOT_05,PRECISION_VOLTAGE_REF,LCC-20,PRE-SIH-2026,THERMAL_BURN_IN,T05_1700,PROC-ISRO-IISU-01,ATE-STATION-01,CHAMBER-01,1.0,125.0,5.0,168,output_voltage_drift,ELECTRICAL,uV,17.4681,7497.0801,7497.9754,7498.5588,7479.612,-0.0043,0.0466,35.99,36.41,17.4681,7497.0801,7497.9754,7498.5588,7479.612,100.0,False,NOMINAL,HEALTHY,39.98,-46.53
PRE_LOT05_COMP1701,LOT_05,PRECISION_VOLTAGE_REF,LCC-20,PRE-SIH-2026,THERMAL_BURN_IN,T05_1701,PROC-ISRO-IISU-01,ATE-STATION-01,CHAMBER-01,1.0,125.0,5.0,168,output_voltage_drift,ELECTRICAL,uV,14.6264,6276.0721,6276.7146,6277.1107,6261.4457,-0.018,-0.1146,34.3,34.03,14.6264,6276.0721,6276.7146,6277.1107,6261.4457,100.0,False,NOMINAL,HEALTHY,-33.66,29.24
PRE_LOT05_COMP1702,LOT_05,PRECISION_VOLTAGE_REF,LCC-20,PRE-SIH-2026,THERMAL_BURN_IN,T05_1702,PROC-ISRO-IISU-01,ATE-STATION-01,CHAMBER-01,1.0,125.0,5.0,168,output_voltage_drift,ELECTRICAL,uV,14.5938,6248.1747,6248.8325,6249.3542,6233.5809,-0.0013,0.0495,36.0,35.42,14.5938,6248.1747,6248.8325,6249.3542,6233.5809,100.0,False,NOMINAL,HEALTHY,31.69,-33.11
PRE_LOT05_COMP1703,LOT_05,PRECISION_VOLTAGE_REF,LCC-20,PRE-SIH-2026,THERMAL_BURN_IN,T05_1703,PROC-ISRO-IISU-01,ATE-STATION-01,CHAMBER-01,1.0,125.0,5.0,168,output_voltage_drift,ELECTRICAL,uV,14.7097,6301.7165,6302.4921,6303.0823,6287.0068,-0.0032,0.0218,35.79,35.91,14.7097,6301.7165,6302.4921,6303.0823,6287.0068,100.0,False,NOMINAL,HEALTHY,43.97,-8.55
PRE_LOT05_COMP1704,LOT_05,PRECISION_VOLTAGE_REF,LCC-20,PRE-SIH-2026,THERMAL_BURN_IN,T05_1704,PROC-ISRO-IISU-01,ATE-STATION-01,CHAMBER-01,1.0,125.0,5.0,168,output_voltage_drift,ELECTRICAL,uV,12.824,5509.7386,5510.411,5510.9072,5496.9146,0.0115,0.0111,35.23,34.84,12.824,5509.7386,5510.411,5510.9072,5496.9146,100.0,False,NOMINAL,HEALTHY,-5.47,13.2
PRE_LOT05_COMP1705,LOT_05,PRECISION_VOLTAGE_REF,LCC-20,PRE-SIH-2026,THERMAL_BURN_IN,T05_1705,PROC-ISRO-IISU-01,ATE-STATION-01,CHAMBER-01,1.0,125.0,5.0,168,output_voltage_drift,ELECTRICAL,uV,13.4278,5762.6231,5763.1944,5763.6468,5749.1953,-0.005,-0.0523,34.46,34.35,13.4278,5762.6231,5763.1944,5763.6468,5749.1953,100.0,False,NOMINAL,HEALTHY,17.85,-20.79
PRE_LOT05_COMP1706,LOT_05,PRECISION_VOLTAGE_REF,LCC-20,PRE-SIH-2026,THERMAL_BURN_IN,T05_1706,PROC-ISRO-IISU-01,ATE-STATION-01,CHAMBER-01,1.0,125.0,5.0,168,output_voltage_drift,ELECTRICAL,uV,17.4265,7468.3125,7469.1711,7469.7857,7450.886,0.0012,-0.019,34.54,34.56,17.4265,7468.3125,7469.1711,7469.7857,7450.886,100.0,False,NOMINAL,HEALTHY,-27.0,-33.15
PRE_LOT05_COMP1707,LOT_05,PRECISION_VOLTAGE_REF,LCC-20,PRE-SIH-2026,THERMAL_BURN_IN,T05_1707,PROC-ISRO-IISU-01,ATE-STATION-01,CHAMBER-01,1.0,125.0,5.0,168,output_voltage_drift,ELECTRICAL,uV,13.4919,5795.4626,5796.0901,5796.6164,5781.9707,-0.017,-0.0133,35.54,35.23,13.4919,5795.4626,5796.0901,5796.6164,5781.9707,100.0,False,NOMINAL,HEALTHY,39.23,27.69
PRE_LOT05_COMP1708,LOT_05,PRECISION_VOLTAGE_REF,LCC-20,PRE-SIH-2026,THERMAL_BURN_IN,T05_1708,PROC-ISRO-IISU-01,ATE-STATION-01,CHAMBER-01,1.0,125.0,5.0,168,output_voltage_drift,ELECTRICAL,uV,13.9414,5972.3346,5973.0867,5973.5774,5958.3932,0.0061,0.0135,37.37,38.11,13.9414,5972.3346,5973.0867,5973.5774,5958.3932,100.0,False,NOMINAL,HEALTHY,44.19,-33.33
PRE_LOT05_COMP1709,LOT_05,PRECISION_VOLTAGE_REF,LCC-20,PRE-SIH-2026,THERMAL_BURN_IN,T05_1709,PROC-ISRO-IISU-01,ATE-STATION-01,CHAMBER-01,1.0,125.0,5.0,168,output_voltage_drift,ELECTRICAL,uV,11.9029,5094.7972,5095.3225,5095.7821,5082.8943,0.0088,-0.0206,33.38,33.32,11.9029,5094.7972,5095.3225,5095.7821,5082.8943,100.0,False,NOMINAL,HEALTHY,-43.07,-18.82
PRE_LOT05_COMP1710,LOT_05,PRECISION_VOLTAGE_REF,LCC-20,PRE-SIH-2026,THERMAL_BURN_IN,T05_1710,PROC-ISRO-IISU-01,ATE-STATION-01,CHAMBER-01,1.0,125.0,5.0,168,output_voltage_drift,ELECTRICAL,uV,12.8783,5526.538,5527.1188,5527.6266,5513.6597,0.0221,0.023,36.82,37.8,12.8783,5526.538,5527.1188,5527.6266,5513.6597,100.0,False,NOMINAL,HEALTHY,-42.86,-44.37
PRE_LOT05_COMP1711,LOT_05,PRECISION_VOLTAGE_REF,LCC-20,PRE-SIH-2026,THERMAL_BURN_IN,T05_1711,PROC-ISRO-IISU-01,ATE-STATION-01,CHAMBER-01,1.0,125.0,5.0,168,output_voltage_drift,ELECTRICAL,uV,11.4435,4905.7313,4906.2975,4906.6764,4894.2878,0.0139,-0.0028,36.42,36.32,11.4435,4905.7313,4906.2975,4906.6764,4894.2878,100.0,False,NOMINAL,HEALTHY,-14.29,49.95
PRE_LOT05_COMP1712,LOT_05,PRECISION_VOLTAGE_REF,LCC-20,PRE-SIH-2026,THERMAL_BURN_IN,T05_1712,PROC-ISRO-IISU-01,ATE-STATION-01,CHAMBER-01,1.0,125.0,5.0,168,output_voltage_drift,ELECTRICAL,uV,14.7155,6301.7207,6302.4073,6302.8553,6287.0052,0.0121,-0.0022,33.4,34.11,14.7155,6301.7207,6302.4073,6302.8553,6287.0052,100.0,False,NOMINAL,HEALTHY,-8.55,-22.74
PRE_LOT05_COMP1713,LOT_05,PRECISION_VOLTAGE_REF,LCC-20,PRE-SIH-2026,THERMAL_BURN_IN,T05_1713,PROC-ISRO-IISU-01,ATE-STATION-01,CHAMBER-01,1.0,125.0,5.0,168,output_voltage_drift,ELECTRICAL,uV,12.3845,5300.3535,5300.943,5301.2834,5287.969,0.0304,0.1003,35.98,36.16,12.3845,5300.3535,5300.943,5301.2834,5287.969,100.0,True,DIELECTRIC_OSCILLATION,HEALTHY,-21.14,-42.53
PRE_LOT05_COMP1714,LOT_05,PRECISION_VOLTAGE_REF,LCC-20,PRE-SIH-2026,THERMAL_BURN_IN,T05_1714,PROC-ISRO-IISU-01,ATE-STATION-01,CHAMBER-01,1.0,125.0,5.0,168,output_voltage_drift,ELECTRICAL,uV,14.1537,6062.1945,6062.8101,6063.3374,6048.0408,-0.0103,0.0306,36.72,36.84,14.1537,6062.1945,6062.8101,6063.3374,6048.0408,100.0,False,NOMINAL,HEALTHY,3.98,-3.85
PRE_LOT05_COMP1715,LOT_05,PRECISION_VOLTAGE_REF,LCC-20,PRE-SIH-2026,THERMAL_BURN_IN,T05_1715,PROC-ISRO-IISU-01,ATE-STATION-01,CHAMBER-01,1.0,125.0,5.0,168,output_voltage_drift,ELECTRICAL,uV,12.4069,5313.3605,5313.9017,5314.3535,5300.9536,-0.0281,-0.1016,35.61,35.98,12.4069,5313.3605,5313.9017,5314.3535,5300.9536,100.0,False,NOMINAL,HEALTHY,-33.61,4.72
PRE_LOT05_COMP1716,LOT_05,PRECISION_VOLTAGE_REF,LCC-20,PRE-SIH-2026,THERMAL_BURN_IN,T05_1716,PROC-ISRO-IISU-01,ATE-STATION-01,CHAMBER-01,1.0,125.0,5.0,168,output_voltage_drift,ELECTRICAL,uV,12.0878,5180.5835,5181.2372,5181.7084,5168.4957,-0.0326,-0.0673,34.75,34.32,12.0878,5180.5835,5181.2372,5181.7084,5168.4957,100.0,False,NOMINAL,HEALTHY,26.4,32.25
PRE_LOT05_COMP1717,LOT_05,PRECISION_VOLTAGE_REF,LCC-20,PRE-SIH-2026,THERMAL_BURN_IN,T05_1717,PROC-ISRO-IISU-01,ATE-STATION-01,CHAMBER-01,1.0,125.0,5.0,168,output_voltage_drift,ELECTRICAL,uV,17.4679,7482.5106,7483.256,7483.8489,7465.0427,0.0267,0.1312,34.08,33.17,17.4679,7482.5106,7483.256,7483.8489,7465.0427,100.0,False,NOMINAL,HEALTHY,48.06,-36.78
PRE_LOT05_COMP1718,LOT_05,PRECISION_VOLTAGE_REF,LCC-20,PRE-SIH-2026,THERMAL_BURN_IN,T05_1718,PROC-ISRO-IISU-01,ATE-STATION-01,CHAMBER-01,1.0,125.0,5.0,168,output_voltage_drift,ELECTRICAL,uV,14.6569,6282.008,6297.3626,6361.4262,6267.3511,0.0136,-0.0509,34.47,34.42,14.6569,6282.008,6297.3626,6361.4262,6267.3511,100.0,True,ELECTROMIGRATION,HEALTHY,34.67,6.54
PRE_LOT05_COMP1719,LOT_05,PRECISION_VOLTAGE_REF,LCC-20,PRE-SIH-2026,THERMAL_BURN_IN,T05_1719,PROC-ISRO-IISU-01,ATE-STATION-01,CHAMBER-01,1.0,125.0,5.0,168,output_voltage_drift,ELECTRICAL,uV,12.1426,5199.2851,5199.9137,5200.3772,5187.1425,-0.0042,-0.0066,34.51,34.77,12.1426,5199.2851,5199.9137,5200.3772,5187.1425,100.0,False,NOMINAL,HEALTHY,-43.06,44.18
PRE_LOT05_COMP1720,LOT_05,PRECISION_VOLTAGE_REF,LCC-20,PRE-SIH-2026,THERMAL_BURN_IN,T05_1720,PROC-ISRO-IISU-01,ATE-STATION-01,CHAMBER-01,1.0,125.0,5.0,168,output_voltage_drift,ELECTRICAL,uV,11.6355,4984.0206,4984.583,4985.0838,4972.3851,-0.0221,0.0656,36.1,36.55,11.6355,4984.0206,4984.583,4985.0838,4972.3851,100.0,False,NOMINAL,HEALTHY,41.59,2.33
PRE_LOT05_COMP1721,LOT_05,PRECISION_VOLTAGE_REF,LCC-20,PRE-SIH-2026,THERMAL_BURN_IN,T05_1721,PROC-ISRO-IISU-01,ATE-STATION-01,CHAMBER-01,1.0,125.0,5.0,168,output_voltage_drift,ELECTRICAL,uV,14.019,6003.1451,6003.7919,6004.3248,5989.1261,0.0233,-0.104,34.02,33.65,14.019,6003.1451,6003.7919,6004.3248,5989.1261,100.0,False,NOMINAL,HEALTHY,23.89,26.11
PRE_LOT05_COMP1722,LOT_05,PRECISION_VOLTAGE_REF,LCC-20,PRE-SIH-2026,THERMAL_BURN_IN,T05_1722,PROC-ISRO-IISU-01,ATE-STATION-01,CHAMBER-01,1.0,125.0,5.0,168,output_voltage_drift,ELECTRICAL,uV,14.3596,6147.6196,6148.405,6148.9782,6133.26,-0.0103,-0.0617,35.53,35.34,14.3596,6147.6196,6148.405,6148.9782,6133.26,100.0,False,NOMINAL,HEALTHY,13.17,43.4
PRE_LOT05_COMP1723,LOT_05,PRECISION_VOLTAGE_REF,LCC-20,PRE-SIH-2026,THERMAL_BURN_IN,T05_1723,PROC-ISRO-IISU-01,ATE-STATION-01,CHAMBER-01,1.0,125.0,5.0,168,output_voltage_drift,ELECTRICAL,uV,13.8601,5944.2888,5944.9635,5945.4815,5930.4287,-0.0264,-0.0003,34.87,34.87,13.8601,5944.2888,5944.9635,5945.4815,5930.4287,100.0,False,NOMINAL,HEALTHY,-25.25,49.55
PRE_LOT05_COMP1724,LOT_05,PRECISION_VOLTAGE_REF,LCC-20,PRE-SIH-2026,THERMAL_BURN_IN,T05_1724,PROC-ISRO-IISU-01,ATE-STATION-01,CHAMBER-01,1.0,125.0,5.0,168,output_voltage_drift,ELECTRICAL,uV,14.3001,6135.534,6136.2506,6136.8324,6121.2339,0.0175,-0.0055,34.67,34.45,14.3001,6135.534,6136.2506,6136.8324,6121.2339,100.0,False,NOMINAL,HEALTHY,9.7,-31.35
PRE_LOT05_COMP1725,LOT_05,PRECISION_VOLTAGE_REF,LCC-20,PRE-SIH-2026,THERMAL_BURN_IN,T05_1725,PROC-ISRO-IISU-01,ATE-STATION-01,CHAMBER-01,1.0,125.0,5.0,168,output_voltage_drift,ELECTRICAL,uV,14.6947,6306.7759,6307.5473,6308.0159,6292.0812,0.004,0.0232,34.88,34.53,14.6947,6306.7759,6307.5473,6308.0159,6292.0812,100.0,False,NOMINAL,HEALTHY,-30.2,-35.4
PRE_LOT05_COMP1726,LOT_05,PRECISION_VOLTAGE_REF,LCC-20,PRE-SIH-2026,THERMAL_BURN_IN,T05_1726,PROC-ISRO-IISU-01,ATE-STATION-01,CHAMBER-01,1.0,125.0,5.0,168,output_voltage_drift,ELECTRICAL,uV,15.0655,6465.5737,6466.2004,6466.707,6450.5082,0.0165,0.0626,34.58,34.53,15.0655,6465.5737,6466.2004,6466.707,6450.5082,100.0,False,NOMINAL,HEALTHY,-24.07,21.2
PRE_LOT05_COMP1727,LOT_05,PRECISION_VOLTAGE_REF,LCC-20,PRE-SIH-2026,THERMAL_BURN_IN,T05_1727,PROC-ISRO-IISU-01,ATE-STATION-01,CHAMBER-01,1.0,125.0,5.0,168,output_voltage_drift,ELECTRICAL,uV,12.6115,5411.7849,5412.3176,5412.7183,5399.1734,0.0273,0.0145,35.94,35.45,12.6115,5411.7849,5412.3176,5412.7183,5399.1734,100.0,False,NOMINAL,HEALTHY,-49.3,-38.28
PRE_LOT05_COMP1728,LOT_05,PRECISION_VOLTAGE_REF,LCC-20,PRE-SIH-2026,THERMAL_BURN_IN,T05_1728,PROC-ISRO-IISU-01,ATE-STATION-01,CHAMBER-01,1.0,125.0,5.0,168,output_voltage_drift,ELECTRICAL,uV,16.2523,6978.2158,6978.9669,6979.4799,6961.9635,0.016,0.0066,33.54,33.05,16.2523,6978.2158,6978.9669,6979.4799,6961.9635,100.0,False,NOMINAL,HEALTHY,-13.41,22.36
PRE_LOT05_COMP1729,LOT_05,PRECISION_VOLTAGE_REF,LCC-20,PRE-SIH-2026,THERMAL_BURN_IN,T05_1729,PROC-ISRO-IISU-01,ATE-STATION-01,CHAMBER-01,1.0,125.0,5.0,168,output_voltage_drift,ELECTRICAL,uV,14.9944,6424.0555,6424.8397,6425.3986,6409.0611,-0.0067,-0.0887,33.68,33.95,14.9944,6424.0555,6424.8397,6425.3986,6409.0611,100.0,False,NOMINAL,HEALTHY,47.27,32.26
PRE_LOT05_COMP1730,LOT_05,PRECISION_VOLTAGE_REF,LCC-20,PRE-SIH-2026,THERMAL_BURN_IN,T05_1730,PROC-ISRO-IISU-01,ATE-STATION-01,CHAMBER-01,1.0,125.0,5.0,168,output_voltage_drift,ELECTRICAL,uV,15.414,6612.3333,6613.0259,6613.5201,6596.9193,-0.0394,-0.0269,33.01,32.98,15.414,6612.3333,6613.0259,6613.5201,6596.9193,100.0,False,NOMINAL,HEALTHY,34.02,-17.45
PRE_LOT05_COMP1731,LOT_05,PRECISION_VOLTAGE_REF,LCC-20,PRE-SIH-2026,THERMAL_BURN_IN,T05_1731,PROC-ISRO-IISU-01,ATE-STATION-01,CHAMBER-01,1.0,125.0,5.0,168,output_voltage_drift,ELECTRICAL,uV,15.0909,6470.1711,6470.9172,6471.5065,6455.0802,0.0181,-0.0366,35.76,35.59,15.0909,6470.1711,6470.9172,6471.5065,6455.0802,100.0,False,NOMINAL,HEALTHY,-19.12,17.28
PRE_LOT05_COMP1732,LOT_05,PRECISION_VOLTAGE_REF,LCC-20,PRE-SIH-2026,THERMAL_BURN_IN,T05_1732,PROC-ISRO-IISU-01,ATE-STATION-01,CHAMBER-01,1.0,125.0,5.0,168,output_voltage_drift,ELECTRICAL,uV,11.141,4783.8088,4784.3204,4784.699,4772.6678,0.0147,0.0142,35.49,35.66,11.141,4783.8088,4784.3204,4784.699,4772.6678,100.0,False,NOMINAL,HEALTHY,-32.51,26.67
PRE_LOT05_COMP1733,LOT_05,PRECISION_VOLTAGE_REF,LCC-20,PRE-SIH-2026,THERMAL_BURN_IN,T05_1733,PROC-ISRO-IISU-01,ATE-STATION-01,CHAMBER-01,1.0,125.0,5.0,168,output_voltage_drift,ELECTRICAL,uV,12.8696,5523.2307,5523.8601,5524.3607,5510.3611,0.0174,0.0145,34.59,34.58,12.8696,5523.2307,5523.8601,5524.3607,5510.3611,100.0,False,NOMINAL,HEALTHY,25.45,-35.83
PRE_LOT05_COMP1734,LOT_05,PRECISION_VOLTAGE_REF,LCC-20,PRE-SIH-2026,THERMAL_BURN_IN,T05_1734,PROC-ISRO-IISU-01,ATE-STATION-01,CHAMBER-01,1.0,125.0,5.0,168,output_voltage_drift,ELECTRICAL,uV,15.1483,6502.1951,6502.9186,6503.4212,6487.0468,-0.0002,-0.0318,31.8,31.61,15.1483,6502.1951,6502.9186,6503.4212,6487.0468,100.0,False,NOMINAL,HEALTHY,28.18,-29.53
PRE_LOT05_COMP1735,LOT_05,PRECISION_VOLTAGE_REF,LCC-20,PRE-SIH-2026,THERMAL_BURN_IN,T05_1735,PROC-ISRO-IISU-01,ATE-STATION-01,CHAMBER-01,1.0,125.0,5.0,168,output_voltage_drift,ELECTRICAL,uV,13.3586,5723.9998,5724.5906,5725.0139,5710.6412,0.007,-0.0375,30.87,31.32,13.3586,5723.9998,5724.5906,5725.0139,5710.6412,100.0,False,NOMINAL,HEALTHY,-31.99,5.36
PRE_LOT05_COMP1736,LOT_05,PRECISION_VOLTAGE_REF,LCC-20,PRE-SIH-2026,THERMAL_BURN_IN,T05_1736,PROC-ISRO-IISU-01,ATE-STATION-01,CHAMBER-01,1.0,125.0,5.0,168,output_voltage_drift,ELECTRICAL,uV,16.0283,6886.9109,6887.6946,6888.2536,6870.8826,-0.0226,-0.0081,33.58,33.3,16.0283,6886.9109,6887.6946,6888.2536,6870.8826,100.0,False,NOMINAL,HEALTHY,48.98,48.96
PRE_LOT05_COMP1737,LOT_05,PRECISION_VOLTAGE_REF,LCC-20,PRE-SIH-2026,THERMAL_BURN_IN,T05_1737,PROC-ISRO-IISU-01,ATE-STATION-01,CHAMBER-01,1.0,125.0,5.0,168,output_voltage_drift,ELECTRICAL,uV,13.4295,5749.7046,5750.4108,5750.9004,5736.2751,0.0125,-0.0136,34.94,34.9,13.4295,5749.7046,5750.4108,5750.9004,5736.2751,100.0,False,NOMINAL,HEALTHY,10.79,37.22
PRE_LOT05_COMP1738,LOT_05,PRECISION_VOLTAGE_REF,LCC-20,PRE-SIH-2026,THERMAL_BURN_IN,T05_1738,PROC-ISRO-IISU-01,ATE-STATION-01,CHAMBER-01,1.0,125.0,5.0,168,output_voltage_drift,ELECTRICAL,uV,13.6692,5865.2858,5865.9718,5866.51,5851.6166,-0.0184,0.0285,33.49,33.39,13.6692,5865.2858,5865.9718,5866.51,5851.6166,100.0,False,NOMINAL,HEALTHY,21.88,-20.78
PRE_LOT05_COMP1739,LOT_05,PRECISION_VOLTAGE_REF,LCC-20,PRE-SIH-2026,THERMAL_BURN_IN,T05_1739,PROC-ISRO-IISU-01,ATE-STATION-01,CHAMBER-01,1.0,125.0,5.0,168,output_voltage_drift,ELECTRICAL,uV,16.3144,6999.8566,7000.6694,7001.2543,6983.5422,-0.0205,0.086,34.13,34.49,16.3144,6999.8566,7000.6694,7001.2543,6983.5422,100.0,False,NOMINAL,HEALTHY,35.37,5.5
PRE_LOT05_COMP1740,LOT_05,PRECISION_VOLTAGE_REF,LCC-20,PRE-SIH-2026,THERMAL_BURN_IN,T05_1740,PROC-ISRO-IISU-01,ATE-STATION-01,CHAMBER-01,1.0,125.0,5.0,168,output_voltage_drift,ELECTRICAL,uV,16.3397,7019.4226,7020.1856,7020.7905,7003.0829,-0.0101,-0.0494,35.42,35.9,16.3397,7019.4226,7020.1856,7020.7905,7003.0829,100.0,False,NOMINAL,HEALTHY,40.13,-5.18
PRE_LOT05_COMP1741,LOT_05,PRECISION_VOLTAGE_REF,LCC-20,PRE-SIH-2026,THERMAL_BURN_IN,T05_1741,PROC-ISRO-IISU-01,ATE-STATION-01,CHAMBER-01,1.0,125.0,5.0,168,output_voltage_drift,ELECTRICAL,uV,14.2693,6114.6786,6115.3731,6115.9626,6100.4093,0.0146,0.053,36.74,37.23,14.2693,6114.6786,6115.3731,6115.9626,6100.4093,100.0,False,NOMINAL,HEALTHY,23.06,-19.65
PRE_LOT05_COMP1742,LOT_05,PRECISION_VOLTAGE_REF,LCC-20,PRE-SIH-2026,THERMAL_BURN_IN,T05_1742,PROC-ISRO-IISU-01,ATE-STATION-01,CHAMBER-01,1.0,125.0,5.0,168,output_voltage_drift,ELECTRICAL,uV,12.8798,5530.5952,5531.2376,5531.6667,5517.7154,0.0005,-0.0545,35.17,35.64,12.8798,5530.5952,5531.2376,5531.6667,5517.7154,100.0,False,NOMINAL,HEALTHY,-21.54,35.98
PRE_LOT05_COMP1743,LOT_05,PRECISION_VOLTAGE_REF,LCC-20,PRE-SIH-2026,THERMAL_BURN_IN,T05_1743,PROC-ISRO-IISU-01,ATE-STATION-01,CHAMBER-01,1.0,125.0,5.0,168,output_voltage_drift,ELECTRICAL,uV,13.6278,5834.8755,5835.5388,5836.024,5821.2477,-0.035,0.0302,33.27,33.27,13.6278,5834.8755,5835.5388,5836.024,5821.2477,100.0,False,NOMINAL,HEALTHY,10.96,-16.88
PRE_LOT05_COMP1744,LOT_05,PRECISION_VOLTAGE_REF,LCC-20,PRE-SIH-2026,THERMAL_BURN_IN,T05_1744,PROC-ISRO-IISU-01,ATE-STATION-01,CHAMBER-01,1.0,125.0,5.0,168,output_voltage_drift,ELECTRICAL,uV,17.1023,7328.2453,7328.9951,7329.5489,7311.143,0.0018,-0.0217,36.66,36.72,17.1023,7328.2453,7328.9951,7329.5489,7311.143,100.0,False,NOMINAL,HEALTHY,22.75,-10.29
PRE_LOT05_COMP1745,LOT_05,PRECISION_VOLTAGE_REF,LCC-20,PRE-SIH-2026,THERMAL_BURN_IN,T05_1745,PROC-ISRO-IISU-01,ATE-STATION-01,CHAMBER-01,1.0,125.0,5.0,168,output_voltage_drift,ELECTRICAL,uV,14.6404,6270.5425,6271.1832,6271.651,6255.9021,0.0278,-0.001,34.26,34.26,14.6404,6270.5425,6271.1832,6271.651,6255.9021,100.0,False,NOMINAL,HEALTHY,-15.49,49.33
PRE_LOT05_COMP1746,LOT_05,PRECISION_VOLTAGE_REF,LCC-20,PRE-SIH-2026,THERMAL_BURN_IN,T05_1746,PROC-ISRO-IISU-01,ATE-STATION-01,CHAMBER-01,1.0,125.0,5.0,168,output_voltage_drift,ELECTRICAL,uV,13.7843,5902.7347,5903.3436,5903.8063,5888.9504,-0.0365,-0.0455,33.69,33.28,13.7843,5902.7347,5903.3436,5903.8063,5888.9504,100.0,False,NOMINAL,HEALTHY,9.92,-18.05
PRE_LOT05_COMP1747,LOT_05,PRECISION_VOLTAGE_REF,LCC-20,PRE-SIH-2026,THERMAL_BURN_IN,T05_1747,PROC-ISRO-IISU-01,ATE-STATION-01,CHAMBER-01,1.0,125.0,5.0,168,output_voltage_drift,ELECTRICAL,uV,12.4741,5349.0309,5349.6386,5350.1175,5336.5568,0.0311,0.0313,34.4,34.09,12.4741,5349.0309,5349.6386,5350.1175,5336.5568,100.0,False,NOMINAL,HEALTHY,-48.71,18.48
PRE_LOT05_COMP1748,LOT_05,PRECISION_VOLTAGE_REF,LCC-20,PRE-SIH-2026,THERMAL_BURN_IN,T05_1748,PROC-ISRO-IISU-01,ATE-STATION-01,CHAMBER-01,1.0,125.0,5.0,168,output_voltage_drift,ELECTRICAL,uV,16.4979,7080.583,7081.2979,7081.7703,7064.0851,0.0007,0.029,35.21,35.06,16.4979,7080.583,7081.2979,7081.7703,7064.0851,100.0,False,NOMINAL,HEALTHY,-14.4,-5.27
PRE_LOT05_COMP1749,LOT_05,PRECISION_VOLTAGE_REF,LCC-20,PRE-SIH-2026,THERMAL_BURN_IN,T05_1749,PROC-ISRO-IISU-01,ATE-STATION-01,CHAMBER-01,1.0,125.0,5.0,168,output_voltage_drift,ELECTRICAL,uV,15.5694,6692.6128,6693.3403,6693.9078,6677.0434,0.0012,0.003,33.44,34.24,15.5694,6692.6128,6693.3403,6693.9078,6677.0434,100.0,False,NOMINAL,HEALTHY,17.44,-22.42
PRE_LOT05_COMP1750,LOT_05,PRECISION_VOLTAGE_REF,LCC-20,PRE-SIH-2026,THERMAL_BURN_IN,T05_1750,PROC-ISRO-IISU-01,ATE-STATION-01,CHAMBER-01,1.0,125.0,5.0,168,output_voltage_drift,ELECTRICAL,uV,16.4784,7067.5125,7068.257,7068.8453,7051.0341,0.0229,0.0931,36.97,37.16,16.4784,7067.5125,7068.257,7068.8453,7051.0341,100.0,False,NOMINAL,HEALTHY,-14.62,-8.09
PRE_LOT05_COMP1751,LOT_05,PRECISION_VOLTAGE_REF,LCC-20,PRE-SIH-2026,THERMAL_BURN_IN,T05_1751,PROC-ISRO-IISU-01,ATE-STATION-01,CHAMBER-01,1.0,125.0,5.0,168,output_voltage_drift,ELECTRICAL,uV,12.7311,5446.4264,5447.0669,5447.612,5433.6953,0.0032,0.0647,35.73,35.47,12.7311,5446.4264,5447.0669,5447.612,5433.6953,100.0,False,NOMINAL,HEALTHY,20.64,14.25
PRE_LOT05_COMP1752,LOT_05,PRECISION_VOLTAGE_REF,LCC-20,PRE-SIH-2026,THERMAL_BURN_IN,T05_1752,PROC-ISRO-IISU-01,ATE-STATION-01,CHAMBER-01,1.0,125.0,5.0,168,output_voltage_drift,ELECTRICAL,uV,14.8882,6380.8003,6381.5106,6382.0344,6365.9121,0.0428,0.0293,35.44,35.48,14.8882,6380.8003,6381.5106,6382.0344,6365.9121,100.0,False,NOMINAL,HEALTHY,17.59,-34.69
PRE_LOT05_COMP1753,LOT_05,PRECISION_VOLTAGE_REF,LCC-20,PRE-SIH-2026,THERMAL_BURN_IN,T05_1753,PROC-ISRO-IISU-01,ATE-STATION-01,CHAMBER-01,1.0,125.0,5.0,168,output_voltage_drift,ELECTRICAL,uV,14.689,6294.7027,6295.3713,6295.8782,6280.0137,0.0042,0.1247,36.23,37.04,14.689,6294.7027,6295.3713,6295.8782,6280.0137,100.0,False,NOMINAL,HEALTHY,9.84,30.07
PRE_LOT05_COMP1754,LOT_05,PRECISION_VOLTAGE_REF,LCC-20,PRE-SIH-2026,THERMAL_BURN_IN,T05_1754,PROC-ISRO-IISU-01,ATE-STATION-01,CHAMBER-01,1.0,125.0,5.0,168,output_voltage_drift,ELECTRICAL,uV,12.7809,5485.1607,5485.7565,5486.1468,5472.3798,-0.0093,0.0446,37.41,37.72,12.7809,5485.1607,5485.7565,5486.1468,5472.3798,100.0,False,NOMINAL,HEALTHY,-31.2,8.23
PRE_LOT05_COMP1755,LOT_05,PRECISION_VOLTAGE_REF,LCC-20,PRE-SIH-2026,THERMAL_BURN_IN,T05_1755,PROC-ISRO-IISU-01,ATE-STATION-01,CHAMBER-01,1.0,125.0,5.0,168,output_voltage_drift,ELECTRICAL,uV,14.4144,6186.1618,6195.7539,6346.5237,6171.7474,0.0012,0.0502,34.04,33.93,14.4144,6186.1618,6195.7539,6346.5237,6171.7474,100.0,True,THERMAL_RUNAWAY,HEALTHY,-38.5,-31.83
PRE_LOT05_COMP1756,LOT_05,PRECISION_VOLTAGE_REF,LCC-20,PRE-SIH-2026,THERMAL_BURN_IN,T05_1756,PROC-ISRO-IISU-01,ATE-STATION-01,CHAMBER-01,1.0,125.0,5.0,168,output_voltage_drift,ELECTRICAL,uV,12.4632,5358.899,5359.5217,5359.985,5346.4358,0.0188,0.022,34.02,34.24,12.4632,5358.899,5359.5217,5359.985,5346.4358,100.0,False,NOMINAL,HEALTHY,43.62,7.56
PRE_LOT05_COMP1757,LOT_05,PRECISION_VOLTAGE_REF,LCC-20,PRE-SIH-2026,THERMAL_BURN_IN,T05_1757,PROC-ISRO-IISU-01,ATE-STATION-01,CHAMBER-01,1.0,125.0,5.0,168,output_voltage_drift,ELECTRICAL,uV,15.9203,6817.1864,6818.0014,6818.578,6801.2661,-0.004,-0.002,36.02,36.48,15.9203,6817.1864,6818.0014,6818.578,6801.2661,100.0,False,NOMINAL,HEALTHY,44.5,22.72
PRE_LOT05_COMP1758,LOT_05,PRECISION_VOLTAGE_REF,LCC-20,PRE-SIH-2026,THERMAL_BURN_IN,T05_1758,PROC-ISRO-IISU-01,ATE-STATION-01,CHAMBER-01,1.0,125.0,5.0,168,output_voltage_drift,ELECTRICAL,uV,14.289,6131.1626,6131.8915,6132.3462,6116.8736,-0.0179,0.0671,34.86,34.32,14.289,6131.1626,6131.8915,6132.3462,6116.8736,100.0,False,NOMINAL,HEALTHY,-14.58,9.42
PRE_LOT05_COMP1759,LOT_05,PRECISION_VOLTAGE_REF,LCC-20,PRE-SIH-2026,THERMAL_BURN_IN,T05_1759,PROC-ISRO-IISU-01,ATE-STATION-01,CHAMBER-01,1.0,125.0,5.0,168,output_voltage_drift,ELECTRICAL,uV,14.8881,6376.5598,6377.2021,6377.7009,6361.6717,0.0081,0.0289,34.61,35.17,14.8881,6376.5598,6377.2021,6377.7009,6361.6717,100.0,False,NOMINAL,HEALTHY,-24.64,-35.5
PRE_LOT05_COMP1760,LOT_05,PRECISION_VOLTAGE_REF,LCC-20,PRE-SIH-2026,THERMAL_BURN_IN,T05_1760,PROC-ISRO-IISU-01,ATE-STATION-01,CHAMBER-01,1.0,125.0,5.0,168,output_voltage_drift,ELECTRICAL,uV,17.5648,7533.1644,7533.9671,7534.5283,7515.5996,0.0395,0.0434,34.79,34.96,17.5648,7533.1644,7533.9671,7534.5283,7515.5996,100.0,False,NOMINAL,HEALTHY,15.81,42.78
PRE_LOT05_COMP1761,LOT_05,PRECISION_VOLTAGE_REF,LCC-20,PRE-SIH-2026,THERMAL_BURN_IN,T05_1761,PROC-ISRO-IISU-01,ATE-STATION-01,CHAMBER-01,1.0,125.0,5.0,168,output_voltage_drift,ELECTRICAL,uV,13.8767,5941.0577,5941.6921,5942.1731,5927.181,-0.0276,0.041,34.73,34.91,13.8767,5941.0577,5941.6921,5942.1731,5927.181,100.0,False,NOMINAL,HEALTHY,-33.46,-17.29
PRE_LOT05_COMP1762,LOT_05,PRECISION_VOLTAGE_REF,LCC-20,PRE-SIH-2026,THERMAL_BURN_IN,T05_1762,PROC-ISRO-IISU-01,ATE-STATION-01,CHAMBER-01,1.0,125.0,5.0,168,output_voltage_drift,ELECTRICAL,uV,12.8287,5502.406,5503.0004,5503.4478,5489.5773,0.0206,0.0752,34.97,34.41,12.8287,5502.406,5503.0004,5503.4478,5489.5773,100.0,False,NOMINAL,HEALTHY,-16.29,48.71
PRE_LOT05_COMP1763,LOT_05,PRECISION_VOLTAGE_REF,LCC-20,PRE-SIH-2026,THERMAL_BURN_IN,T05_1763,PROC-ISRO-IISU-01,ATE-STATION-01,CHAMBER-01,1.0,125.0,5.0,168,output_voltage_drift,ELECTRICAL,uV,14.9527,6405.1251,6405.8014,6406.3246,6390.1724,-0.0289,-0.0086,37.04,35.87,14.9527,6405.1251,6405.8014,6406.3246,6390.1724,100.0,False,NOMINAL,HEALTHY,11.97,-10.28
PRE_LOT05_COMP1764,LOT_05,PRECISION_VOLTAGE_REF,LCC-20,PRE-SIH-2026,THERMAL_BURN_IN,T05_1764,PROC-ISRO-IISU-01,ATE-STATION-01,CHAMBER-01,1.0,125.0,5.0,168,output_voltage_drift,ELECTRICAL,uV,16.5874,7107.8107,7108.5261,7109.0194,7091.2233,-0.0022,-0.0204,34.75,34.47,16.5874,7107.8107,7108.5261,7109.0194,7091.2233,100.0,False,NOMINAL,HEALTHY,35.67,33.24
PRE_LOT05_COMP1765,LOT_05,PRECISION_VOLTAGE_REF,LCC-20,PRE-SIH-2026,THERMAL_BURN_IN,T05_1765,PROC-ISRO-IISU-01,ATE-STATION-01,CHAMBER-01,1.0,125.0,5.0,168,output_voltage_drift,ELECTRICAL,uV,14.5533,6240.797,6241.5159,6242.0386,6226.2437,-0.0497,-0.0835,37.99,38.08,14.5533,6240.797,6241.5159,6242.0386,6226.2437,100.0,False,NOMINAL,HEALTHY,-12.83,-28.06
PRE_LOT05_COMP1766,LOT_05,PRECISION_VOLTAGE_REF,LCC-20,PRE-SIH-2026,THERMAL_BURN_IN,T05_1766,PROC-ISRO-IISU-01,ATE-STATION-01,CHAMBER-01,1.0,125.0,5.0,168,output_voltage_drift,ELECTRICAL,uV,13.3356,5707.2072,5707.8275,5708.3771,5693.8716,-0.0045,-0.077,35.6,35.32,13.3356,5707.2072,5707.8275,5708.3771,5693.8716,100.0,False,NOMINAL,HEALTHY,-49.68,2.43
PRE_LOT05_COMP1767,LOT_05,PRECISION_VOLTAGE_REF,LCC-20,PRE-SIH-2026,THERMAL_BURN_IN,T05_1767,PROC-ISRO-IISU-01,ATE-STATION-01,CHAMBER-01,1.0,125.0,5.0,168,output_voltage_drift,ELECTRICAL,uV,13.9398,5982.6701,5983.3869,5983.9689,5968.7303,-0.014,-0.0855,35.71,35.53,13.9398,5982.6701,5983.3869,5983.9689,5968.7303,100.0,False,NOMINAL,HEALTHY,6.75,-35.99
PRE_LOT05_COMP1768,LOT_05,PRECISION_VOLTAGE_REF,LCC-20,PRE-SIH-2026,THERMAL_BURN_IN,T05_1768,PROC-ISRO-IISU-01,ATE-STATION-01,CHAMBER-01,1.0,125.0,5.0,168,output_voltage_drift,ELECTRICAL,uV,15.6042,6695.0222,6695.7305,6696.2693,6679.418,-0.0095,-0.0689,35.54,36.95,15.6042,6695.0222,6695.7305,6696.2693,6679.418,100.0,False,NOMINAL,HEALTHY,-33.45,-9.97
PRE_LOT05_COMP1769,LOT_05,PRECISION_VOLTAGE_REF,LCC-20,PRE-SIH-2026,THERMAL_BURN_IN,T05_1769,PROC-ISRO-IISU-01,ATE-STATION-01,CHAMBER-01,1.0,125.0,5.0,168,output_voltage_drift,ELECTRICAL,uV,11.494,4919.1727,4919.6755,4920.0707,4907.6787,0.0032,0.0103,32.19,32.1,11.494,4919.1727,4919.6755,4920.0707,4907.6787,100.0,False,NOMINAL,HEALTHY,12.45,-29.75
PRE_LOT05_COMP1770,LOT_05,PRECISION_VOLTAGE_REF,LCC-20,PRE-SIH-2026,THERMAL_BURN_IN,T05_1770,PROC-ISRO-IISU-01,ATE-STATION-01,CHAMBER-01,1.0,125.0,5.0,168,output_voltage_drift,ELECTRICAL,uV,14.6134,6277.4334,6278.094,6278.5271,6262.82,0.0188,-0.0044,34.87,34.08,14.6134,6277.4334,6278.094,6278.5271,6262.82,100.0,False,NOMINAL,HEALTHY,-45.01,17.78
PRE_LOT05_COMP1771,LOT_05,PRECISION_VOLTAGE_REF,LCC-20,PRE-SIH-2026,THERMAL_BURN_IN,T05_1771,PROC-ISRO-IISU-01,ATE-STATION-01,CHAMBER-01,1.0,125.0,5.0,168,output_voltage_drift,ELECTRICAL,uV,13.7888,5913.6076,5914.333,5914.8335,5899.8188,-0.0146,0.0478,37.4,37.07,13.7888,5913.6076,5914.333,5914.8335,5899.8188,100.0,False,NOMINAL,HEALTHY,47.37,-17.85
PRE_LOT05_COMP1772,LOT_05,PRECISION_VOLTAGE_REF,LCC-20,PRE-SIH-2026,THERMAL_BURN_IN,T05_1772,PROC-ISRO-IISU-01,ATE-STATION-01,CHAMBER-01,1.0,125.0,5.0,168,output_voltage_drift,ELECTRICAL,uV,12.3669,5309.5325,5310.0645,5310.5122,5297.1656,-0.0483,-0.0074,35.88,35.96,12.3669,5309.5325,5310.0645,5310.5122,5297.1656,100.0,False,NOMINAL,HEALTHY,33.61,-37.27
PRE_LOT05_COMP1773,LOT_05,PRECISION_VOLTAGE_REF,LCC-20,PRE-SIH-2026,THERMAL_BURN_IN,T05_1773,PROC-ISRO-IISU-01,ATE-STATION-01,CHAMBER-01,1.0,125.0,5.0,168,output_voltage_drift,ELECTRICAL,uV,15.2354,6532.7134,6533.437,6533.8972,6517.478,0.0024,-0.0188,34.22,34.08,15.2354,6532.7134,6533.437,6533.8972,6517.478,100.0,False,NOMINAL,HEALTHY,41.61,-31.3
PRE_LOT05_COMP1774,LOT_05,PRECISION_VOLTAGE_REF,LCC-20,PRE-SIH-2026,THERMAL_BURN_IN,T05_1774,PROC-ISRO-IISU-01,ATE-STATION-01,CHAMBER-01,1.0,125.0,5.0,168,output_voltage_drift,ELECTRICAL,uV,14.7905,6343.9798,6344.6204,6345.1462,6329.1893,0.0089,0.0122,36.24,36.14,14.7905,6343.9798,6344.6204,6345.1462,6329.1893,100.0,False,NOMINAL,HEALTHY,12.06,44.96
PRE_LOT05_COMP1775,LOT_05,PRECISION_VOLTAGE_REF,LCC-20,PRE-SIH-2026,THERMAL_BURN_IN,T05_1775,PROC-ISRO-IISU-01,ATE-STATION-01,CHAMBER-01,1.0,125.0,5.0,168,output_voltage_drift,ELECTRICAL,uV,13.9944,6010.5877,6011.2854,6011.7491,5996.5933,-0.0174,0.0328,32.92,32.12,13.9944,6010.5877,6011.2854,6011.7491,5996.5933,100.0,False,NOMINAL,HEALTHY,31.67,16.07
PRE_LOT05_COMP1776,LOT_05,PRECISION_VOLTAGE_REF,LCC-20,PRE-SIH-2026,THERMAL_BURN_IN,T05_1776,PROC-ISRO-IISU-01,ATE-STATION-01,CHAMBER-01,1.0,125.0,5.0,168,output_voltage_drift,ELECTRICAL,uV,13.6588,5870.1352,5870.786,5871.226,5856.4764,-0.0007,-0.0024,35.12,35.54,13.6588,5870.1352,5870.786,5871.226,5856.4764,100.0,False,NOMINAL,HEALTHY,20.07,19.25
PRE_LOT05_COMP1777,LOT_05,PRECISION_VOLTAGE_REF,LCC-20,PRE-SIH-2026,THERMAL_BURN_IN,T05_1777,PROC-ISRO-IISU-01,ATE-STATION-01,CHAMBER-01,1.0,125.0,5.0,168,output_voltage_drift,ELECTRICAL,uV,17.7854,7627.9132,7628.7566,7629.3039,7610.1278,0.0298,0.0405,35.43,35.72,17.7854,7627.9132,7628.7566,7629.3039,7610.1278,100.0,False,NOMINAL,HEALTHY,-1.34,-45.46
PRE_LOT05_COMP1778,LOT_05,PRECISION_VOLTAGE_REF,LCC-20,PRE-SIH-2026,THERMAL_BURN_IN,T05_1778,PROC-ISRO-IISU-01,ATE-STATION-01,CHAMBER-01,1.0,125.0,5.0,168,output_voltage_drift,ELECTRICAL,uV,15.2231,6514.0313,6514.7037,6515.1693,6498.8082,0.0193,0.0569,34.43,34.72,15.2231,6514.0313,6514.7037,6515.1693,6498.8082,100.0,False,NOMINAL,HEALTHY,-44.58,-3.43
PRE_LOT05_COMP1779,LOT_05,PRECISION_VOLTAGE_REF,LCC-20,PRE-SIH-2026,THERMAL_BURN_IN,T05_1779,PROC-ISRO-IISU-01,ATE-STATION-01,CHAMBER-01,1.0,125.0,5.0,168,output_voltage_drift,ELECTRICAL,uV,12.0331,5152.7314,5153.3496,5153.839,5140.6983,-0.0218,-0.0777,37.9,37.59,12.0331,5152.7314,5153.3496,5153.839,5140.6983,100.0,False,NOMINAL,HEALTHY,13.29,24.27
PRE_LOT05_COMP1780,LOT_05,PRECISION_VOLTAGE_REF,LCC-20,PRE-SIH-2026,THERMAL_BURN_IN,T05_1780,PROC-ISRO-IISU-01,ATE-STATION-01,CHAMBER-01,1.0,125.0,5.0,168,output_voltage_drift,ELECTRICAL,uV,17.5446,7527.9628,7528.7769,7529.4444,7510.4182,-0.0167,0.076,35.8,34.77,17.5446,7527.9628,7528.7769,7529.4444,7510.4182,100.0,False,NOMINAL,HEALTHY,-47.07,-48.46
PRE_LOT05_COMP1781,LOT_05,PRECISION_VOLTAGE_REF,LCC-20,PRE-SIH-2026,THERMAL_BURN_IN,T05_1781,PROC-ISRO-IISU-01,ATE-STATION-01,CHAMBER-01,1.0,125.0,5.0,168,output_voltage_drift,ELECTRICAL,uV,13.6909,5872.0917,5872.781,5873.318,5858.4008,-0.0027,-0.08,33.92,33.94,13.6909,5872.0917,5872.781,5873.318,5858.4008,100.0,False,NOMINAL,HEALTHY,-19.93,-39.97
PRE_LOT05_COMP1782,LOT_05,PRECISION_VOLTAGE_REF,LCC-20,PRE-SIH-2026,THERMAL_BURN_IN,T05_1782,PROC-ISRO-IISU-01,ATE-STATION-01,CHAMBER-01,1.0,125.0,5.0,168,output_voltage_drift,ELECTRICAL,uV,11.9979,5145.2434,5145.892,5146.2738,5133.2455,-0.0183,-0.0069,35.04,35.69,11.9979,5145.2434,5145.892,5146.2738,5133.2455,100.0,False,NOMINAL,HEALTHY,28.93,36.3
PRE_LOT05_COMP1783,LOT_05,PRECISION_VOLTAGE_REF,LCC-20,PRE-SIH-2026,THERMAL_BURN_IN,T05_1783,PROC-ISRO-IISU-01,ATE-STATION-01,CHAMBER-01,1.0,125.0,5.0,168,output_voltage_drift,ELECTRICAL,uV,10.9232,4681.8168,4682.3968,4682.7054,4670.8936,-0.0169,-0.0371,34.06,34.68,10.9232,4681.8168,4682.3968,4682.7054,4670.8936,100.0,False,NOMINAL,HEALTHY,-48.82,-13.03
PRE_LOT05_COMP1784,LOT_05,PRECISION_VOLTAGE_REF,LCC-20,PRE-SIH-2026,THERMAL_BURN_IN,T05_1784,PROC-ISRO-IISU-01,ATE-STATION-01,CHAMBER-01,1.0,125.0,5.0,168,output_voltage_drift,ELECTRICAL,uV,14.6518,6292.5601,6293.3031,6293.8555,6277.9083,-0.0083,0.0787,34.64,34.56,14.6518,6292.5601,6293.3031,6293.8555,6277.9083,100.0,False,NOMINAL,HEALTHY,36.55,-49.24
PRE_LOT05_COMP1785,LOT_05,PRECISION_VOLTAGE_REF,LCC-20,PRE-SIH-2026,THERMAL_BURN_IN,T05_1785,PROC-ISRO-IISU-01,ATE-STATION-01,CHAMBER-01,1.0,125.0,5.0,168,output_voltage_drift,ELECTRICAL,uV,14.5602,6236.6095,6237.2001,6237.6383,6222.0493,0.0155,-0.0186,35.17,35.18,14.5602,6236.6095,6237.2001,6237.6383,6222.0493,100.0,False,NOMINAL,HEALTHY,-39.7,19.18
PRE_LOT05_COMP1786,LOT_05,PRECISION_VOLTAGE_REF,LCC-20,PRE-SIH-2026,THERMAL_BURN_IN,T05_1786,PROC-ISRO-IISU-01,ATE-STATION-01,CHAMBER-01,1.0,125.0,5.0,168,output_voltage_drift,ELECTRICAL,uV,15.8682,6790.0618,6790.8808,6791.5052,6774.1936,0.0135,-0.0406,33.68,32.97,15.8682,6790.0618,6790.8808,6791.5052,6774.1936,100.0,False,NOMINAL,HEALTHY,40.56,-21.36
PRE_LOT05_COMP1787,LOT_05,PRECISION_VOLTAGE_REF,LCC-20,PRE-SIH-2026,THERMAL_BURN_IN,T05_1787,PROC-ISRO-IISU-01,ATE-STATION-01,CHAMBER-01,1.0,125.0,5.0,168,output_voltage_drift,ELECTRICAL,uV,15.9257,6832.1497,6832.9046,6833.4641,6816.224,0.0061,0.0359,33.4,33.91,15.9257,6832.1497,6832.9046,6833.4641,6816.224,100.0,False,NOMINAL,HEALTHY,-1.58,20.15
PRE_LOT05_COMP1788,LOT_05,PRECISION_VOLTAGE_REF,LCC-20,PRE-SIH-2026,THERMAL_BURN_IN,T05_1788,PROC-ISRO-IISU-01,ATE-STATION-01,CHAMBER-01,1.0,125.0,5.0,168,output_voltage_drift,ELECTRICAL,uV,15.219,6525.5816,6526.3018,6526.8608,6510.3626,-0.035,0.0408,35.39,35.6,15.219,6525.5816,6526.3018,6526.8608,6510.3626,100.0,False,NOMINAL,HEALTHY,-10.86,48.52
PRE_LOT05_COMP1789,LOT_05,PRECISION_VOLTAGE_REF,LCC-20,PRE-SIH-2026,THERMAL_BURN_IN,T05_1789,PROC-ISRO-IISU-01,ATE-STATION-01,CHAMBER-01,1.0,125.0,5.0,168,output_voltage_drift,ELECTRICAL,uV,16.5066,7088.4213,7089.2058,7089.7549,7071.9147,-0.0157,-0.0928,34.1,34.69,16.5066,7088.4213,7089.2058,7089.7549,7071.9147,100.0,False,NOMINAL,HEALTHY,10.98,30.84
PRE_LOT05_COMP1790,LOT_05,PRECISION_VOLTAGE_REF,LCC-20,PRE-SIH-2026,THERMAL_BURN_IN,T05_1790,PROC-ISRO-IISU-01,ATE-STATION-01,CHAMBER-01,1.0,125.0,5.0,168,output_voltage_drift,ELECTRICAL,uV,15.0447,6437.5887,6438.2969,6438.8133,6422.544,0.0069,0.0339,35.67,35.83,15.0447,6437.5887,6438.2969,6438.8133,6422.544,100.0,False,NOMINAL,HEALTHY,34.95,19.57
PRE_LOT05_COMP1791,LOT_05,PRECISION_VOLTAGE_REF,LCC-20,PRE-SIH-2026,THERMAL_BURN_IN,T05_1791,PROC-ISRO-IISU-01,ATE-STATION-01,CHAMBER-01,1.0,125.0,5.0,168,output_voltage_drift,ELECTRICAL,uV,16.3223,6991.0559,6991.8816,6992.4537,6974.7336,0.0081,0.0207,36.05,36.75,16.3223,6991.0559,6991.8816,6992.4537,6974.7336,100.0,False,NOMINAL,HEALTHY,3.49,-39.33
PRE_LOT05_COMP1792,LOT_05,PRECISION_VOLTAGE_REF,LCC-20,PRE-SIH-2026,THERMAL_BURN_IN,T05_1792,PROC-ISRO-IISU-01,ATE-STATION-01,CHAMBER-01,1.0,125.0,5.0,168,output_voltage_drift,ELECTRICAL,uV,14.3092,6136.5869,6137.2384,6137.7758,6122.2777,0.0322,-0.0359,33.93,34.81,14.3092,6136.5869,6137.2384,6137.7758,6122.2777,100.0,False,NOMINAL,HEALTHY,6.68,40.72
PRE_LOT05_COMP1793,LOT_05,PRECISION_VOLTAGE_REF,LCC-20,PRE-SIH-2026,THERMAL_BURN_IN,T05_1793,PROC-ISRO-IISU-01,ATE-STATION-01,CHAMBER-01,1.0,125.0,5.0,168,output_voltage_drift,ELECTRICAL,uV,11.1175,4757.4759,4758.0319,4758.5466,4746.3584,-0.0183,-0.0004,33.74,33.59,11.1175,4757.4759,4758.0319,4758.5466,4746.3584,100.0,False,NOMINAL,HEALTHY,-28.47,-18.54
PRE_LOT05_COMP1794,LOT_05,PRECISION_VOLTAGE_REF,LCC-20,PRE-SIH-2026,THERMAL_BURN_IN,T05_1794,PROC-ISRO-IISU-01,ATE-STATION-01,CHAMBER-01,1.0,125.0,5.0,168,output_voltage_drift,ELECTRICAL,uV,13.6655,5869.9749,5870.6467,5871.1537,5856.3094,-0.0116,-0.0518,35.0,34.62,13.6655,5869.9749,5870.6467,5871.1537,5856.3094,100.0,False,NOMINAL,HEALTHY,-3.4,49.52
PRE_LOT05_COMP1795,LOT_05,PRECISION_VOLTAGE_REF,LCC-20,PRE-SIH-2026,THERMAL_BURN_IN,T05_1795,PROC-ISRO-IISU-01,ATE-STATION-01,CHAMBER-01,1.0,125.0,5.0,168,output_voltage_drift,ELECTRICAL,uV,13.8595,5931.4365,5932.108,5932.5591,5917.577,0.0262,0.0556,33.95,34.29,13.8595,5931.4365,5932.108,5932.5591,5917.577,100.0,False,NOMINAL,HEALTHY,25.79,-11.82
PRE_LOT05_COMP1796,LOT_05,PRECISION_VOLTAGE_REF,LCC-20,PRE-SIH-2026,THERMAL_BURN_IN,T05_1796,PROC-ISRO-IISU-01,ATE-STATION-01,CHAMBER-01,1.0,125.0,5.0,168,output_voltage_drift,ELECTRICAL,uV,11.8988,5102.794,5103.366,5103.6717,5090.8952,0.0271,0.0441,33.12,33.23,11.8988,5102.794,5103.366,5103.6717,5090.8952,100.0,False,NOMINAL,HEALTHY,28.88,0.6
PRE_LOT05_COMP1797,LOT_05,PRECISION_VOLTAGE_REF,LCC-20,PRE-SIH-2026,THERMAL_BURN_IN,T05_1797,PROC-ISRO-IISU-01,ATE-STATION-01,CHAMBER-01,1.0,125.0,5.0,168,output_voltage_drift,ELECTRICAL,uV,18.1536,7785.1672,7785.9016,7786.4376,7767.0136,0.0017,-0.0948,33.91,33.6,18.1536,7785.1672,7785.9016,7786.4376,7767.0136,100.0,False,NOMINAL,HEALTHY,24.1,-30.48
PRE_LOT05_COMP1798,LOT_05,PRECISION_VOLTAGE_REF,LCC-20,PRE-SIH-2026,THERMAL_BURN_IN,T05_1798,PROC-ISRO-IISU-01,ATE-STATION-01,CHAMBER-01,1.0,125.0,5.0,168,output_voltage_drift,ELECTRICAL,uV,11.7308,5032.5153,5033.098,5033.4975,5020.7845,0.0152,-0.0379,35.21,35.21,11.7308,5032.5153,5033.098,5033.4975,5020.7845,100.0,False,NOMINAL,HEALTHY,32.09,-18.69
PRE_LOT05_COMP1799,LOT_05,PRECISION_VOLTAGE_REF,LCC-20,PRE-SIH-2026,THERMAL_BURN_IN,T05_1799,PROC-ISRO-IISU-01,ATE-STATION-01,CHAMBER-01,1.0,125.0,5.0,168,output_voltage_drift,ELECTRICAL,uV,13.5309,5806.7544,5807.3905,5807.8383,5793.2235,0.0224,0.0362,34.83,34.5,13.5309,5806.7544,5807.3905,5807.8383,5793.2235,100.0,False,NOMINAL,HEALTHY,35.78,-6.58
PRE_LOT05_COMP1800,LOT_05,PRECISION_VOLTAGE_REF,LCC-20,PRE-SIH-2026,THERMAL_BURN_IN,T05_1800,PROC-ISRO-IISU-01,ATE-STATION-01,CHAMBER-01,1.0,125.0,5.0,168,output_voltage_drift,ELECTRICAL,uV,14.2713,6120.4845,6121.1807,6121.7138,6106.2132,0.0231,0.0938,35.86,36.17,14.2713,6120.4845,6121.1807,6121.7138,6106.2132,100.0,False,NOMINAL,HEALTHY,-10.22,-36.16
PRE_LOT05_COMP1801,LOT_05,PRECISION_VOLTAGE_REF,LCC-20,PRE-SIH-2026,THERMAL_BURN_IN,T05_1801,PROC-ISRO-IISU-01,ATE-STATION-01,CHAMBER-01,1.0,125.0,5.0,168,output_voltage_drift,ELECTRICAL,uV,12.68,5439.8712,5440.5606,5441.0574,5427.1912,0.0021,-0.0921,34.95,34.69,12.68,5439.8712,5440.5606,5441.0574,5427.1912,100.0,False,NOMINAL,HEALTHY,-25.41,-43.85
PRE_LOT05_COMP1802,LOT_05,PRECISION_VOLTAGE_REF,LCC-20,PRE-SIH-2026,THERMAL_BURN_IN,T05_1802,PROC-ISRO-IISU-01,ATE-STATION-01,CHAMBER-01,1.0,125.0,5.0,168,output_voltage_drift,ELECTRICAL,uV,13.5702,5821.0918,5821.7225,5822.1577,5807.5216,0.027,0.0904,38.03,38.67,13.5702,5821.0918,5821.7225,5822.1577,5807.5216,100.0,False,NOMINAL,HEALTHY,-45.23,32.3
PRE_LOT05_COMP1803,LOT_05,PRECISION_VOLTAGE_REF,LCC-20,PRE-SIH-2026,THERMAL_BURN_IN,T05_1803,PROC-ISRO-IISU-01,ATE-STATION-01,CHAMBER-01,1.0,125.0,5.0,168,output_voltage_drift,ELECTRICAL,uV,13.5759,5823.6335,5824.3302,5824.8453,5810.0576,0.0194,-0.09,34.72,35.1,13.5759,5823.6335,5824.3302,5824.8453,5810.0576,100.0,False,NOMINAL,HEALTHY,35.88,33.76
PRE_LOT05_COMP1804,LOT_05,PRECISION_VOLTAGE_REF,LCC-20,PRE-SIH-2026,THERMAL_BURN_IN,T05_1804,PROC-ISRO-IISU-01,ATE-STATION-01,CHAMBER-01,1.0,125.0,5.0,168,output_voltage_drift,ELECTRICAL,uV,15.3553,6582.0711,6582.7785,6583.2931,6566.7158,0.0145,-0.0093,36.89,36.22,15.3553,6582.0711,6582.7785,6583.2931,6566.7158,100.0,False,NOMINAL,HEALTHY,10.41,-22.6
PRE_LOT05_COMP1805,LOT_05,PRECISION_VOLTAGE_REF,LCC-20,PRE-SIH-2026,THERMAL_BURN_IN,T05_1805,PROC-ISRO-IISU-01,ATE-STATION-01,CHAMBER-01,1.0,125.0,5.0,168,output_voltage_drift,ELECTRICAL,uV,10.5529,4514.0238,4514.4929,4514.8914,4503.4709,-0.016,-0.0107,36.72,37.56,10.5529,4514.0238,4514.4929,4514.8914,4503.4709,100.0,False,NOMINAL,HEALTHY,-16.73,28.56
PRE_LOT05_COMP1806,LOT_05,PRECISION_VOLTAGE_REF,LCC-20,PRE-SIH-2026,THERMAL_BURN_IN,T05_1806,PROC-ISRO-IISU-01,ATE-STATION-01,CHAMBER-01,1.0,125.0,5.0,168,output_voltage_drift,ELECTRICAL,uV,13.287,5690.3759,5691.0676,5691.4894,5677.0889,0.0154,0.1262,35.44,34.73,13.287,5690.3759,5691.0676,5691.4894,5677.0889,100.0,False,NOMINAL,HEALTHY,23.35,-0.08
PRE_LOT05_COMP1807,LOT_05,PRECISION_VOLTAGE_REF,LCC-20,PRE-SIH-2026,THERMAL_BURN_IN,T05_1807,PROC-ISRO-IISU-01,ATE-STATION-01,CHAMBER-01,1.0,125.0,5.0,168,output_voltage_drift,ELECTRICAL,uV,14.1679,6069.5468,6070.2652,6070.8227,6055.3789,0.0265,-0.0743,34.63,34.97,14.1679,6069.5468,6070.2652,6070.8227,6055.3789,100.0,False,NOMINAL,HEALTHY,-13.47,-24.95
PRE_LOT05_COMP1808,LOT_05,PRECISION_VOLTAGE_REF,LCC-20,PRE-SIH-2026,THERMAL_BURN_IN,T05_1808,PROC-ISRO-IISU-01,ATE-STATION-01,CHAMBER-01,1.0,125.0,5.0,168,output_voltage_drift,ELECTRICAL,uV,16.3945,7023.394,7024.1754,7024.8119,7006.9995,-0.0041,0.0202,34.49,34.22,16.3945,7023.394,7024.1754,7024.8119,7006.9995,100.0,False,NOMINAL,HEALTHY,2.03,-33.81
PRE_LOT05_COMP1809,LOT_05,PRECISION_VOLTAGE_REF,LCC-20,PRE-SIH-2026,THERMAL_BURN_IN,T05_1809,PROC-ISRO-IISU-01,ATE-STATION-01,CHAMBER-01,1.0,125.0,5.0,168,output_voltage_drift,ELECTRICAL,uV,16.9455,7273.5268,7274.3006,7274.9024,7256.5813,0.0069,0.0483,34.27,34.17,16.9455,7273.5268,7274.3006,7274.9024,7256.5813,100.0,False,NOMINAL,HEALTHY,14.75,-25.94
PRE_LOT05_COMP1810,LOT_05,PRECISION_VOLTAGE_REF,LCC-20,PRE-SIH-2026,THERMAL_BURN_IN,T05_1810,PROC-ISRO-IISU-01,ATE-STATION-01,CHAMBER-01,1.0,125.0,5.0,168,output_voltage_drift,ELECTRICAL,uV,14.0764,6042.9782,6043.5325,6044.0131,6028.9018,-0.0115,-0.0026,33.91,34.02,14.0764,6042.9782,6043.5325,6044.0131,6028.9018,100.0,False,NOMINAL,HEALTHY,30.03,35.89
PRE_LOT05_COMP1811,LOT_05,PRECISION_VOLTAGE_REF,LCC-20,PRE-SIH-2026,THERMAL_BURN_IN,T05_1811,PROC-ISRO-IISU-01,ATE-STATION-01,CHAMBER-01,1.0,125.0,5.0,168,output_voltage_drift,ELECTRICAL,uV,10.9143,4675.9444,4676.4399,4676.8257,4665.0301,0.0109,-0.039,35.47,34.94,10.9143,4675.9444,4676.4399,4676.8257,4665.0301,100.0,False,NOMINAL,HEALTHY,4.02,40.46
PRE_LOT05_COMP1812,LOT_05,PRECISION_VOLTAGE_REF,LCC-20,PRE-SIH-2026,THERMAL_BURN_IN,T05_1812,PROC-ISRO-IISU-01,ATE-STATION-01,CHAMBER-01,1.0,125.0,5.0,168,output_voltage_drift,ELECTRICAL,uV,13.5292,5807.971,5808.6982,5809.0746,5794.4418,-0.0215,-0.0187,34.6,34.65,13.5292,5807.971,5808.6982,5809.0746,5794.4418,100.0,False,NOMINAL,HEALTHY,6.05,-2.27
PRE_LOT05_COMP1813,LOT_05,PRECISION_VOLTAGE_REF,LCC-20,PRE-SIH-2026,THERMAL_BURN_IN,T05_1813,PROC-ISRO-IISU-01,ATE-STATION-01,CHAMBER-01,1.0,125.0,5.0,168,output_voltage_drift,ELECTRICAL,uV,15.1154,6477.0867,6477.8241,6478.4336,6461.9713,0.018,0.0393,35.49,35.31,15.1154,6477.0867,6477.8241,6478.4336,6461.9713,100.0,False,NOMINAL,HEALTHY,-48.86,11.65
PRE_LOT05_COMP1814,LOT_05,PRECISION_VOLTAGE_REF,LCC-20,PRE-SIH-2026,THERMAL_BURN_IN,T05_1814,PROC-ISRO-IISU-01,ATE-STATION-01,CHAMBER-01,1.0,125.0,5.0,168,output_voltage_drift,ELECTRICAL,uV,14.1781,6082.3835,6083.1279,6083.6122,6068.2054,-0.0084,-0.0032,36.89,37.3,14.1781,6082.3835,6083.1279,6083.6122,6068.2054,100.0,False,NOMINAL,HEALTHY,38.14,3.5
PRE_LOT05_COMP1815,LOT_05,PRECISION_VOLTAGE_REF,LCC-20,PRE-SIH-2026,THERMAL_BURN_IN,T05_1815,PROC-ISRO-IISU-01,ATE-STATION-01,CHAMBER-01,1.0,125.0,5.0,168,output_voltage_drift,ELECTRICAL,uV,14.0426,6014.4838,6015.0879,6015.5107,6000.4412,-0.0125,-0.0028,34.05,33.56,14.0426,6014.4838,6015.0879,6015.5107,6000.4412,100.0,False,NOMINAL,HEALTHY,0.2,15.02
PRE_LOT05_COMP1816,LOT_05,PRECISION_VOLTAGE_REF,LCC-20,PRE-SIH-2026,THERMAL_BURN_IN,T05_1816,PROC-ISRO-IISU-01,ATE-STATION-01,CHAMBER-01,1.0,125.0,5.0,168,output_voltage_drift,ELECTRICAL,uV,12.1843,5240.0588,5240.6057,5240.9966,5227.8745,-0.0206,0.049,36.51,35.75,12.1843,5240.0588,5240.6057,5240.9966,5227.8745,100.0,False,NOMINAL,HEALTHY,12.77,-48.01
PRE_LOT05_COMP1817,LOT_05,PRECISION_VOLTAGE_REF,LCC-20,PRE-SIH-2026,THERMAL_BURN_IN,T05_1817,PROC-ISRO-IISU-01,ATE-STATION-01,CHAMBER-01,1.0,125.0,5.0,168,output_voltage_drift,ELECTRICAL,uV,11.0483,4735.7735,4736.2669,4736.692,4724.7252,0.0328,0.0156,36.9,36.5,11.0483,4735.7735,4736.2669,4736.692,4724.7252,100.0,False,NOMINAL,HEALTHY,-47.01,-10.29
PRE_LOT05_COMP1818,LOT_05,PRECISION_VOLTAGE_REF,LCC-20,PRE-SIH-2026,THERMAL_BURN_IN,T05_1818,PROC-ISRO-IISU-01,ATE-STATION-01,CHAMBER-01,1.0,125.0,5.0,168,output_voltage_drift,ELECTRICAL,uV,14.9835,6427.9592,6428.6777,6429.2324,6412.9757,0.0205,-0.0307,32.86,32.79,14.9835,6427.9592,6428.6777,6429.2324,6412.9757,100.0,False,NOMINAL,HEALTHY,-46.34,-45.41
PRE_LOT05_COMP1819,LOT_05,PRECISION_VOLTAGE_REF,LCC-20,PRE-SIH-2026,THERMAL_BURN_IN,T05_1819,PROC-ISRO-IISU-01,ATE-STATION-01,CHAMBER-01,1.0,125.0,5.0,168,output_voltage_drift,ELECTRICAL,uV,14.9924,6428.6937,6429.3562,6429.9152,6413.7013,0.0296,0.0198,35.82,35.95,14.9924,6428.6937,6429.3562,6429.9152,6413.7013,100.0,False,NOMINAL,HEALTHY,24.25,16.83
PRE_LOT05_COMP1820,LOT_05,PRECISION_VOLTAGE_REF,LCC-20,PRE-SIH-2026,THERMAL_BURN_IN,T05_1820,PROC-ISRO-IISU-01,ATE-STATION-01,CHAMBER-01,1.0,125.0,5.0,168,output_voltage_drift,ELECTRICAL,uV,16.078,6899.2223,6899.9801,6900.5737,6883.1443,0.0118,-0.0731,37.42,37.62,16.078,6899.2223,6899.9801,6900.5737,6883.1443,100.0,False,NOMINAL,HEALTHY,28.59,21.09
PRE_LOT05_COMP1821,LOT_05,PRECISION_VOLTAGE_REF,LCC-20,PRE-SIH-2026,THERMAL_BURN_IN,T05_1821,PROC-ISRO-IISU-01,ATE-STATION-01,CHAMBER-01,1.0,125.0,5.0,168,output_voltage_drift,ELECTRICAL,uV,13.7794,5907.452,5908.1005,5908.5449,5893.6726,-0.0381,-0.1303,38.23,38.6,13.7794,5907.452,5908.1005,5908.5449,5893.6726,100.0,False,NOMINAL,HEALTHY,-6.61,-22.09
PRE_LOT05_COMP1822,LOT_05,PRECISION_VOLTAGE_REF,LCC-20,PRE-SIH-2026,THERMAL_BURN_IN,T05_1822,PROC-ISRO-IISU-01,ATE-STATION-01,CHAMBER-01,1.0,125.0,5.0,168,output_voltage_drift,ELECTRICAL,uV,14.2376,6094.7225,6095.4476,6095.9574,6080.4849,0.0286,0.0772,38.13,38.02,14.2376,6094.7225,6095.4476,6095.9574,6080.4849,100.0,False,NOMINAL,HEALTHY,41.22,43.45
PRE_LOT05_COMP1823,LOT_05,PRECISION_VOLTAGE_REF,LCC-20,PRE-SIH-2026,THERMAL_BURN_IN,T05_1823,PROC-ISRO-IISU-01,ATE-STATION-01,CHAMBER-01,1.0,125.0,5.0,168,output_voltage_drift,ELECTRICAL,uV,11.9736,5137.7131,5138.249,5138.6322,5125.7395,0.003,-0.0233,35.95,36.26,11.9736,5137.7131,5138.249,5138.6322,5125.7395,100.0,False,NOMINAL,HEALTHY,13.45,9.83
PRE_LOT05_COMP1824,LOT_05,PRECISION_VOLTAGE_REF,LCC-20,PRE-SIH-2026,THERMAL_BURN_IN,T05_1824,PROC-ISRO-IISU-01,ATE-STATION-01,CHAMBER-01,1.0,125.0,5.0,168,output_voltage_drift,ELECTRICAL,uV,16.4015,7033.0016,7033.8625,7034.4743,7016.6001,-0.0408,-0.0782,37.25,37.93,16.4015,7033.0016,7033.8625,7034.4743,7016.6001,100.0,False,NOMINAL,HEALTHY,8.98,-1.56
PRE_LOT05_COMP1825,LOT_05,PRECISION_VOLTAGE_REF,LCC-20,PRE-SIH-2026,THERMAL_BURN_IN,T05_1825,PROC-ISRO-IISU-01,ATE-STATION-01,CHAMBER-01,1.0,125.0,5.0,168,output_voltage_drift,ELECTRICAL,uV,12.2525,5255.3943,5256.0089,5256.4231,5243.1418,0.0016,-0.0236,37.32,37.75,12.2525,5255.3943,5256.0089,5256.4231,5243.1418,100.0,False,NOMINAL,HEALTHY,-16.13,-22.02
PRE_LOT05_COMP1826,LOT_05,PRECISION_VOLTAGE_REF,LCC-20,PRE-SIH-2026,THERMAL_BURN_IN,T05_1826,PROC-ISRO-IISU-01,ATE-STATION-01,CHAMBER-01,1.0,125.0,5.0,168,output_voltage_drift,ELECTRICAL,uV,10.5318,4522.2474,4522.7072,4523.1438,4511.7156,0.008,0.0106,37.76,38.55,10.5318,4522.2474,4522.7072,4523.1438,4511.7156,100.0,False,NOMINAL,HEALTHY,41.57,-44.45
PRE_LOT05_COMP1827,LOT_05,PRECISION_VOLTAGE_REF,LCC-20,PRE-SIH-2026,THERMAL_BURN_IN,T05_1827,PROC-ISRO-IISU-01,ATE-STATION-01,CHAMBER-01,1.0,125.0,5.0,168,output_voltage_drift,ELECTRICAL,uV,15.8274,6781.0089,6781.6796,6782.1942,6765.1815,0.0118,-0.0187,36.68,37.36,15.8274,6781.0089,6781.6796,6782.1942,6765.1815,100.0,False,NOMINAL,HEALTHY,-28.79,40.92
PRE_LOT05_COMP1828,LOT_05,PRECISION_VOLTAGE_REF,LCC-20,PRE-SIH-2026,THERMAL_BURN_IN,T05_1828,PROC-ISRO-IISU-01,ATE-STATION-01,CHAMBER-01,1.0,125.0,5.0,168,output_voltage_drift,ELECTRICAL,uV,14.6907,6302.6941,6303.421,6303.9506,6288.0034,-0.0055,-0.04,36.25,36.47,14.6907,6302.6941,6303.421,6303.9506,6288.0034,100.0,False,NOMINAL,HEALTHY,46.22,-30.37
PRE_LOT05_COMP1829,LOT_05,PRECISION_VOLTAGE_REF,LCC-20,PRE-SIH-2026,THERMAL_BURN_IN,T05_1829,PROC-ISRO-IISU-01,ATE-STATION-01,CHAMBER-01,1.0,125.0,5.0,168,output_voltage_drift,ELECTRICAL,uV,10.7851,4629.1603,4629.8132,4630.2035,4618.3752,-0.0021,-0.0365,33.61,34.11,10.7851,4629.1603,4629.8132,4630.2035,4618.3752,100.0,False,NOMINAL,HEALTHY,-49.08,34.02
PRE_LOT05_COMP1830,LOT_05,PRECISION_VOLTAGE_REF,LCC-20,PRE-SIH-2026,THERMAL_BURN_IN,T05_1830,PROC-ISRO-IISU-01,ATE-STATION-01,CHAMBER-01,1.0,125.0,5.0,168,output_voltage_drift,ELECTRICAL,uV,16.7076,7165.0053,7165.8365,7166.4831,7148.2977,0.0406,0.1478,35.1,34.62,16.7076,7165.0053,7165.8365,7166.4831,7148.2977,100.0,False,NOMINAL,HEALTHY,-15.32,-5.45
PRE_LOT05_COMP1831,LOT_05,PRECISION_VOLTAGE_REF,LCC-20,PRE-SIH-2026,THERMAL_BURN_IN,T05_1831,PROC-ISRO-IISU-01,ATE-STATION-01,CHAMBER-01,1.0,125.0,5.0,168,output_voltage_drift,ELECTRICAL,uV,13.2153,5671.9807,5672.6654,5673.181,5658.7654,-0.0088,0.0072,34.32,34.66,13.2153,5671.9807,5672.6654,5673.181,5658.7654,100.0,False,NOMINAL,HEALTHY,-14.54,40.02
PRE_LOT05_COMP1832,LOT_05,PRECISION_VOLTAGE_REF,LCC-20,PRE-SIH-2026,THERMAL_BURN_IN,T05_1832,PROC-ISRO-IISU-01,ATE-STATION-01,CHAMBER-01,1.0,125.0,5.0,168,output_voltage_drift,ELECTRICAL,uV,17.174,7359.9737,7369.8363,7520.8547,7342.7997,-0.0024,-0.0827,35.31,35.3,17.174,7359.9737,7369.8363,7520.8547,7342.7997,100.0,True,THERMAL_RUNAWAY,HEALTHY,39.97,-31.8
PRE_LOT05_COMP1833,LOT_05,PRECISION_VOLTAGE_REF,LCC-20,PRE-SIH-2026,THERMAL_BURN_IN,T05_1833,PROC-ISRO-IISU-01,ATE-STATION-01,CHAMBER-01,1.0,125.0,5.0,168,output_voltage_drift,ELECTRICAL,uV,14.4359,6190.5693,6191.2504,6191.7718,6176.1334,-0.0123,-0.0044,36.49,35.62,14.4359,6190.5693,6191.2504,6191.7718,6176.1334,100.0,False,NOMINAL,HEALTHY,42.86,-32.63
PRE_LOT05_COMP1834,LOT_05,PRECISION_VOLTAGE_REF,LCC-20,PRE-SIH-2026,THERMAL_BURN_IN,T05_1834,PROC-ISRO-IISU-01,ATE-STATION-01,CHAMBER-01,1.0,125.0,5.0,168,output_voltage_drift,ELECTRICAL,uV,13.9273,5960.6904,5961.312,5961.7576,5946.7631,0.0152,0.0104,33.23,32.94,13.9273,5960.6904,5961.312,5961.7576,5946.7631,100.0,False,NOMINAL,HEALTHY,-19.55,-27.18
PRE_LOT05_COMP1835,LOT_05,PRECISION_VOLTAGE_REF,LCC-20,PRE-SIH-2026,THERMAL_BURN_IN,T05_1835,PROC-ISRO-IISU-01,ATE-STATION-01,CHAMBER-01,1.0,125.0,5.0,168,output_voltage_drift,ELECTRICAL,uV,13.2277,5664.6104,5665.1977,5665.7115,5651.3827,-0.0007,-0.0275,37.3,36.78,13.2277,5664.6104,5665.1977,5665.7115,5651.3827,100.0,False,NOMINAL,HEALTHY,31.74,-38.21
PRE_LOT05_COMP1836,LOT_05,PRECISION_VOLTAGE_REF,LCC-20,PRE-SIH-2026,THERMAL_BURN_IN,T05_1836,PROC-ISRO-IISU-01,ATE-STATION-01,CHAMBER-01,1.0,125.0,5.0,168,output_voltage_drift,ELECTRICAL,uV,13.9472,5986.8135,5987.454,5987.983,5972.8663,0.017,-0.0982,34.74,34.85,13.9472,5986.8135,5987.454,5987.983,5972.8663,100.0,False,NOMINAL,HEALTHY,25.43,32.44
PRE_LOT05_COMP1837,LOT_05,PRECISION_VOLTAGE_REF,LCC-20,PRE-SIH-2026,THERMAL_BURN_IN,T05_1837,PROC-ISRO-IISU-01,ATE-STATION-01,CHAMBER-01,1.0,125.0,5.0,168,output_voltage_drift,ELECTRICAL,uV,14.7823,6335.8839,6336.5521,6337.1319,6321.1016,0.0437,0.0725,31.9,32.05,14.7823,6335.8839,6336.5521,6337.1319,6321.1016,100.0,False,NOMINAL,HEALTHY,-29.66,-31.64
PRE_LOT05_COMP1838,LOT_05,PRECISION_VOLTAGE_REF,LCC-20,PRE-SIH-2026,THERMAL_BURN_IN,T05_1838,PROC-ISRO-IISU-01,ATE-STATION-01,CHAMBER-01,1.0,125.0,5.0,168,output_voltage_drift,ELECTRICAL,uV,17.1815,7367.5463,7368.3463,7368.9525,7350.3648,0.0041,0.0743,36.5,36.72,17.1815,7367.5463,7368.3463,7368.9525,7350.3648,100.0,False,NOMINAL,HEALTHY,47.3,36.31
PRE_LOT05_COMP1839,LOT_05,PRECISION_VOLTAGE_REF,LCC-20,PRE-SIH-2026,THERMAL_BURN_IN,T05_1839,PROC-ISRO-IISU-01,ATE-STATION-01,CHAMBER-01,1.0,125.0,5.0,168,output_voltage_drift,ELECTRICAL,uV,12.6976,5443.6433,5444.2731,5444.7746,5430.9457,0.0283,0.0644,33.78,33.44,12.6976,5443.6433,5444.2731,5444.7746,5430.9457,100.0,False,NOMINAL,HEALTHY,34.9,-35.4
PRE_LOT05_COMP1840,LOT_05,PRECISION_VOLTAGE_REF,LCC-20,PRE-SIH-2026,THERMAL_BURN_IN,T05_1840,PROC-ISRO-IISU-01,ATE-STATION-01,CHAMBER-01,1.0,125.0,5.0,168,output_voltage_drift,ELECTRICAL,uV,13.7046,5881.9903,5882.6636,5883.1179,5868.2857,-0.0217,0.0234,32.33,32.39,13.7046,5881.9903,5882.6636,5883.1179,5868.2857,100.0,False,NOMINAL,HEALTHY,-41.98,-20.66
PRE_LOT05_COMP1841,LOT_05,PRECISION_VOLTAGE_REF,LCC-20,PRE-SIH-2026,THERMAL_BURN_IN,T05_1841,PROC-ISRO-IISU-01,ATE-STATION-01,CHAMBER-01,1.0,125.0,5.0,168,output_voltage_drift,ELECTRICAL,uV,15.1454,6494.9868,6495.6401,6496.0979,6479.8414,-0.0036,0.0273,37.39,36.52,15.1454,6494.9868,6495.6401,6496.0979,6479.8414,100.0,False,NOMINAL,HEALTHY,32.87,-7.6
PRE_LOT05_COMP1842,LOT_05,PRECISION_VOLTAGE_REF,LCC-20,PRE-SIH-2026,THERMAL_BURN_IN,T05_1842,PROC-ISRO-IISU-01,ATE-STATION-01,CHAMBER-01,1.0,125.0,5.0,168,output_voltage_drift,ELECTRICAL,uV,14.5509,6253.3186,6253.9523,6254.4785,6238.7677,-0.0171,-0.0382,33.25,33.61,14.5509,6253.3186,6253.9523,6254.4785,6238.7677,100.0,False,NOMINAL,HEALTHY,-10.73,47.58
PRE_LOT05_COMP1843,LOT_05,PRECISION_VOLTAGE_REF,LCC-20,PRE-SIH-2026,THERMAL_BURN_IN,T05_1843,PROC-ISRO-IISU-01,ATE-STATION-01,CHAMBER-01,1.0,125.0,5.0,168,output_voltage_drift,ELECTRICAL,uV,14.114,6042.1626,6042.8142,6043.3853,6028.0486,0.0243,0.05,33.09,33.63,14.114,6042.1626,6042.8142,6043.3853,6028.0486,100.0,False,NOMINAL,HEALTHY,-41.25,-29.84
PRE_LOT05_COMP1844,LOT_05,PRECISION_VOLTAGE_REF,LCC-20,PRE-SIH-2026,THERMAL_BURN_IN,T05_1844,PROC-ISRO-IISU-01,ATE-STATION-01,CHAMBER-01,1.0,125.0,5.0,168,output_voltage_drift,ELECTRICAL,uV,15.4941,6636.9323,6637.6328,6638.1866,6621.4382,0.0072,0.0445,36.71,36.11,15.4941,6636.9323,6637.6328,6638.1866,6621.4382,100.0,False,NOMINAL,HEALTHY,-46.67,-7.84
PRE_LOT05_COMP1845,LOT_05,PRECISION_VOLTAGE_REF,LCC-20,PRE-SIH-2026,THERMAL_BURN_IN,T05_1845,PROC-ISRO-IISU-01,ATE-STATION-01,CHAMBER-01,1.0,125.0,5.0,168,output_voltage_drift,ELECTRICAL,uV,14.7903,6341.5342,6342.2028,6342.7858,6326.7439,-0.0099,0.0238,35.2,35.14,14.7903,6341.5342,6342.2028,6342.7858,6326.7439,100.0,False,NOMINAL,HEALTHY,-36.5,-45.67
PRE_LOT05_COMP1846,LOT_05,PRECISION_VOLTAGE_REF,LCC-20,PRE-SIH-2026,THERMAL_BURN_IN,T05_1846,PROC-ISRO-IISU-01,ATE-STATION-01,CHAMBER-01,1.0,125.0,5.0,168,output_voltage_drift,ELECTRICAL,uV,13.0857,5608.2294,5608.797,5609.1675,5595.1437,-0.0089,0.0022,33.59,33.69,13.0857,5608.2294,5608.797,5609.1675,5595.1437,100.0,False,NOMINAL,HEALTHY,-9.07,-37.04
PRE_LOT05_COMP1847,LOT_05,PRECISION_VOLTAGE_REF,LCC-20,PRE-SIH-2026,THERMAL_BURN_IN,T05_1847,PROC-ISRO-IISU-01,ATE-STATION-01,CHAMBER-01,1.0,125.0,5.0,168,output_voltage_drift,ELECTRICAL,uV,11.717,5021.928,5022.473,5022.9493,5010.211,-0.0303,-0.0258,32.62,33.28,11.717,5021.928,5022.473,5022.9493,5010.211,100.0,False,NOMINAL,HEALTHY,49.78,36.82
PRE_LOT05_COMP1848,LOT_05,PRECISION_VOLTAGE_REF,LCC-20,PRE-SIH-2026,THERMAL_BURN_IN,T05_1848,PROC-ISRO-IISU-01,ATE-STATION-01,CHAMBER-01,1.0,125.0,5.0,168,output_voltage_drift,ELECTRICAL,uV,14.97,6415.1273,6415.9267,6416.5036,6400.1573,-0.0239,-0.0775,35.57,35.97,14.97,6415.1273,6415.9267,6416.5036,6400.1573,100.0,False,NOMINAL,HEALTHY,15.69,-36.32
PRE_LOT05_COMP1849,LOT_05,PRECISION_VOLTAGE_REF,LCC-20,PRE-SIH-2026,THERMAL_BURN_IN,T05_1849,PROC-ISRO-IISU-01,ATE-STATION-01,CHAMBER-01,1.0,125.0,5.0,168,output_voltage_drift,ELECTRICAL,uV,14.878,6380.479,6381.2395,6381.6878,6365.601,-0.0376,-0.1166,32.96,33.5,14.878,6380.479,6381.2395,6381.6878,6365.601,100.0,False,NOMINAL,HEALTHY,-46.15,-48.29
PRE_LOT05_COMP1850,LOT_05,PRECISION_VOLTAGE_REF,LCC-20,PRE-SIH-2026,THERMAL_BURN_IN,T05_1850,PROC-ISRO-IISU-01,ATE-STATION-01,CHAMBER-01,1.0,125.0,5.0,168,output_voltage_drift,ELECTRICAL,uV,16.4283,7033.4127,7034.2479,7034.9075,7016.9844,0.003,-0.002,34.6,34.82,16.4283,7033.4127,7034.2479,7034.9075,7016.9844,100.0,False,NOMINAL,HEALTHY,39.8,36.22
PRE_LOT05_COMP1851,LOT_05,PRECISION_VOLTAGE_REF,LCC-20,PRE-SIH-2026,THERMAL_BURN_IN,T05_1851,PROC-ISRO-IISU-01,ATE-STATION-01,CHAMBER-01,1.0,125.0,5.0,168,output_voltage_drift,ELECTRICAL,uV,12.3628,5300.4751,5301.0302,5301.3947,5288.1123,-0.0159,-0.0726,34.07,34.68,12.3628,5300.4751,5301.0302,5301.3947,5288.1123,100.0,False,NOMINAL,HEALTHY,-2.09,-23.45
PRE_LOT05_COMP1852,LOT_05,PRECISION_VOLTAGE_REF,LCC-20,PRE-SIH-2026,THERMAL_BURN_IN,T05_1852,PROC-ISRO-IISU-01,ATE-STATION-01,CHAMBER-01,1.0,125.0,5.0,168,output_voltage_drift,ELECTRICAL,uV,13.156,5635.993,5636.582,5636.9793,5622.837,0.0047,-0.0869,32.89,33.34,13.156,5635.993,5636.582,5636.9793,5622.837,100.0,False,NOMINAL,HEALTHY,-17.47,6.3
PRE_LOT05_COMP1853,LOT_05,PRECISION_VOLTAGE_REF,LCC-20,PRE-SIH-2026,THERMAL_BURN_IN,T05_1853,PROC-ISRO-IISU-01,ATE-STATION-01,CHAMBER-01,1.0,125.0,5.0,168,output_voltage_drift,ELECTRICAL,uV,13.0213,5588.2733,5588.8606,5589.3267,5575.252,-0.0076,0.0286,35.46,35.81,13.0213,5588.2733,5588.8606,5589.3267,5575.252,100.0,False,NOMINAL,HEALTHY,-8.2,-43.6
PRE_LOT05_COMP1854,LOT_05,PRECISION_VOLTAGE_REF,LCC-20,PRE-SIH-2026,THERMAL_BURN_IN,T05_1854,PROC-ISRO-IISU-01,ATE-STATION-01,CHAMBER-01,1.0,125.0,5.0,168,output_voltage_drift,ELECTRICAL,uV,13.4817,5790.2398,5790.9733,5791.513,5776.7581,0.0062,0.0275,35.46,35.36,13.4817,5790.2398,5790.9733,5791.513,5776.7581,100.0,False,NOMINAL,HEALTHY,-48.97,-20.83
PRE_LOT05_COMP1855,LOT_05,PRECISION_VOLTAGE_REF,LCC-20,PRE-SIH-2026,THERMAL_BURN_IN,T05_1855,PROC-ISRO-IISU-01,ATE-STATION-01,CHAMBER-01,1.0,125.0,5.0,168,output_voltage_drift,ELECTRICAL,uV,11.5262,4934.1461,4934.7083,4935.0856,4922.6199,-0.0336,-0.1157,34.96,35.12,11.5262,4934.1461,4934.7083,4935.0856,4922.6199,100.0,False,NOMINAL,HEALTHY,45.32,-45.74
PRE_LOT05_COMP1856,LOT_05,PRECISION_VOLTAGE_REF,LCC-20,PRE-SIH-2026,THERMAL_BURN_IN,T05_1856,PROC-ISRO-IISU-01,ATE-STATION-01,CHAMBER-01,1.0,125.0,5.0,168,output_voltage_drift,ELECTRICAL,uV,14.1344,6052.8861,6053.5796,6054.0782,6038.7517,0.0092,0.1061,33.93,33.66,14.1344,6052.8861,6053.5796,6054.0782,6038.7517,100.0,False,NOMINAL,HEALTHY,47.35,8.05
PRE_LOT05_COMP1857,LOT_05,PRECISION_VOLTAGE_REF,LCC-20,PRE-SIH-2026,THERMAL_BURN_IN,T05_1857,PROC-ISRO-IISU-01,ATE-STATION-01,CHAMBER-01,1.0,125.0,5.0,168,output_voltage_drift,ELECTRICAL,uV,12.6431,5411.8895,5412.4614,5412.8774,5399.2464,-0.0058,-0.0009,37.11,36.61,12.6431,5411.8895,5412.4614,5412.8774,5399.2464,100.0,False,NOMINAL,HEALTHY,2.19,37.36
PRE_LOT05_COMP1858,LOT_05,PRECISION_VOLTAGE_REF,LCC-20,PRE-SIH-2026,THERMAL_BURN_IN,T05_1858,PROC-ISRO-IISU-01,ATE-STATION-01,CHAMBER-01,1.0,125.0,5.0,168,output_voltage_drift,ELECTRICAL,uV,15.0203,6438.22,6438.9419,6439.4471,6423.1997,-0.0049,-0.0271,34.08,34.28,15.0203,6438.22,6438.9419,6439.4471,6423.1997,100.0,False,NOMINAL,HEALTHY,2.29,30.14
PRE_LOT05_COMP1859,LOT_05,PRECISION_VOLTAGE_REF,LCC-20,PRE-SIH-2026,THERMAL_BURN_IN,T05_1859,PROC-ISRO-IISU-01,ATE-STATION-01,CHAMBER-01,1.0,125.0,5.0,168,output_voltage_drift,ELECTRICAL,uV,14.8678,6375.7236,6376.4425,6376.987,6360.8558,0.0375,0.0609,36.88,37.0,14.8678,6375.7236,6376.4425,6376.987,6360.8558,100.0,False,NOMINAL,HEALTHY,44.63,-2.5
PRE_LOT05_COMP1860,LOT_05,PRECISION_VOLTAGE_REF,LCC-20,PRE-SIH-2026,THERMAL_BURN_IN,T05_1860,PROC-ISRO-IISU-01,ATE-STATION-01,CHAMBER-01,1.0,125.0,5.0,168,output_voltage_drift,ELECTRICAL,uV,11.609,4979.9465,4980.5783,4980.991,4968.3375,0.0135,0.0147,33.07,33.08,11.609,4979.9465,4980.5783,4980.991,4968.3375,100.0,False,NOMINAL,HEALTHY,-28.57,34.33
PRE_LOT05_COMP1861,LOT_05,PRECISION_VOLTAGE_REF,LCC-20,PRE-SIH-2026,THERMAL_BURN_IN,T05_1861,PROC-ISRO-IISU-01,ATE-STATION-01,CHAMBER-01,1.0,125.0,5.0,168,output_voltage_drift,ELECTRICAL,uV,16.606,7123.3902,7124.1854,7124.6972,7106.7842,0.0151,-0.0081,35.51,35.75,16.606,7123.3902,7124.1854,7124.6972,7106.7842,100.0,False,NOMINAL,HEALTHY,-43.05,-22.6
PRE_LOT05_COMP1862,LOT_05,PRECISION_VOLTAGE_REF,LCC-20,PRE-SIH-2026,THERMAL_BURN_IN,T05_1862,PROC-ISRO-IISU-01,ATE-STATION-01,CHAMBER-01,1.0,125.0,5.0,168,output_voltage_drift,ELECTRICAL,uV,11.7105,5028.8204,5029.4608,5029.9019,5017.1099,0.0037,-0.0065,34.36,34.31,11.7105,5028.8204,5029.4608,5029.9019,5017.1099,100.0,False,NOMINAL,HEALTHY,44.76,-16.82
PRE_LOT05_COMP1863,LOT_05,PRECISION_VOLTAGE_REF,LCC-20,PRE-SIH-2026,THERMAL_BURN_IN,T05_1863,PROC-ISRO-IISU-01,ATE-STATION-01,CHAMBER-01,1.0,125.0,5.0,168,output_voltage_drift,ELECTRICAL,uV,13.9823,5991.8584,5992.5783,5993.1506,5977.8761,-0.0264,-0.0893,34.47,34.13,13.9823,5991.8584,5992.5783,5993.1506,5977.8761,100.0,False,NOMINAL,HEALTHY,-37.98,38.98
PRE_LOT05_COMP1864,LOT_05,PRECISION_VOLTAGE_REF,LCC-20,PRE-SIH-2026,THERMAL_BURN_IN,T05_1864,PROC-ISRO-IISU-01,ATE-STATION-01,CHAMBER-01,1.0,125.0,5.0,168,output_voltage_drift,ELECTRICAL,uV,13.1574,5641.5848,5642.1619,5642.666,5628.4274,0.0191,-0.0027,34.85,33.86,13.1574,5641.5848,5642.1619,5642.666,5628.4274,100.0,False,NOMINAL,HEALTHY,14.01,30.55
PRE_LOT05_COMP1865,LOT_05,PRECISION_VOLTAGE_REF,LCC-20,PRE-SIH-2026,THERMAL_BURN_IN,T05_1865,PROC-ISRO-IISU-01,ATE-STATION-01,CHAMBER-01,1.0,125.0,5.0,168,output_voltage_drift,ELECTRICAL,uV,12.4879,5351.4571,5352.1119,5352.5079,5338.9692,0.011,0.0215,34.8,34.84,12.4879,5351.4571,5352.1119,5352.5079,5338.9692,100.0,False,NOMINAL,HEALTHY,14.65,-9.29
PRE_LOT05_COMP1866,LOT_05,PRECISION_VOLTAGE_REF,LCC-20,PRE-SIH-2026,THERMAL_BURN_IN,T05_1866,PROC-ISRO-IISU-01,ATE-STATION-01,CHAMBER-01,1.0,125.0,5.0,168,output_voltage_drift,ELECTRICAL,uV,13.3275,5703.0518,5703.6059,5703.9406,5689.7243,0.0103,-0.0035,34.72,33.96,13.3275,5703.0518,5703.6059,5703.9406,5689.7243,100.0,False,NOMINAL,HEALTHY,44.02,40.46
PRE_LOT05_COMP1867,LOT_05,PRECISION_VOLTAGE_REF,LCC-20,PRE-SIH-2026,THERMAL_BURN_IN,T05_1867,PROC-ISRO-IISU-01,ATE-STATION-01,CHAMBER-01,1.0,125.0,5.0,168,output_voltage_drift,ELECTRICAL,uV,10.9359,4686.1259,4686.6271,4687.0143,4675.19,-0.0254,-0.0494,36.02,35.87,10.9359,4686.1259,4686.6271,4687.0143,4675.19,100.0,False,NOMINAL,HEALTHY,5.14,-24.35
PRE_LOT05_COMP1868,LOT_05,PRECISION_VOLTAGE_REF,LCC-20,PRE-SIH-2026,THERMAL_BURN_IN,T05_1868,PROC-ISRO-IISU-01,ATE-STATION-01,CHAMBER-01,1.0,125.0,5.0,168,output_voltage_drift,ELECTRICAL,uV,15.353,6582.2349,6583.037,6583.6165,6566.8819,0.0212,0.069,34.54,34.19,15.353,6582.2349,6583.037,6583.6165,6566.8819,100.0,False,NOMINAL,HEALTHY,-30.91,7.46
PRE_LOT05_COMP1869,LOT_05,PRECISION_VOLTAGE_REF,LCC-20,PRE-SIH-2026,THERMAL_BURN_IN,T05_1869,PROC-ISRO-IISU-01,ATE-STATION-01,CHAMBER-01,1.0,125.0,5.0,168,output_voltage_drift,ELECTRICAL,uV,12.4834,5364.7875,5365.4021,5365.7402,5352.3041,-0.02,-0.0863,35.29,35.79,12.4834,5364.7875,5365.4021,5365.7402,5352.3041,100.0,False,NOMINAL,HEALTHY,-31.25,-30.34
PRE_LOT05_COMP1870,LOT_05,PRECISION_VOLTAGE_REF,LCC-20,PRE-SIH-2026,THERMAL_BURN_IN,T05_1870,PROC-ISRO-IISU-01,ATE-STATION-01,CHAMBER-01,1.0,125.0,5.0,168,output_voltage_drift,ELECTRICAL,uV,15.6637,6723.7791,6724.5076,6725.0679,6708.1154,-0.0002,0.0068,33.3,33.39,15.6637,6723.7791,6724.5076,6725.0679,6708.1154,100.0,False,NOMINAL,HEALTHY,-13.43,33.17
PRE_LOT05_COMP1871,LOT_05,PRECISION_VOLTAGE_REF,LCC-20,PRE-SIH-2026,THERMAL_BURN_IN,T05_1871,PROC-ISRO-IISU-01,ATE-STATION-01,CHAMBER-01,1.0,125.0,5.0,168,output_voltage_drift,ELECTRICAL,uV,15.3813,6591.3673,6592.0917,6592.6369,6575.986,-0.018,-0.0128,34.94,35.33,15.3813,6591.3673,6592.0917,6592.6369,6575.986,100.0,False,NOMINAL,HEALTHY,-42.92,2.97
PRE_LOT05_COMP1872,LOT_05,PRECISION_VOLTAGE_REF,LCC-20,PRE-SIH-2026,THERMAL_BURN_IN,T05_1872,PROC-ISRO-IISU-01,ATE-STATION-01,CHAMBER-01,1.0,125.0,5.0,168,output_voltage_drift,ELECTRICAL,uV,14.0344,6032.7425,6033.4494,6033.9665,6018.7081,-0.0044,-0.0073,35.96,35.42,14.0344,6032.7425,6033.4494,6033.9665,6018.7081,100.0,False,NOMINAL,HEALTHY,-20.9,9.26
PRE_LOT05_COMP1873,LOT_05,PRECISION_VOLTAGE_REF,LCC-20,PRE-SIH-2026,THERMAL_BURN_IN,T05_1873,PROC-ISRO-IISU-01,ATE-STATION-01,CHAMBER-01,1.0,125.0,5.0,168,output_voltage_drift,ELECTRICAL,uV,11.6211,4979.0613,4979.5472,4980.0148,4967.4402,0.0079,0.0647,34.71,35.21,11.6211,4979.0613,4979.5472,4980.0148,4967.4402,100.0,False,NOMINAL,HEALTHY,3.83,-37.67
PRE_LOT05_COMP1874,LOT_05,PRECISION_VOLTAGE_REF,LCC-20,PRE-SIH-2026,THERMAL_BURN_IN,T05_1874,PROC-ISRO-IISU-01,ATE-STATION-01,CHAMBER-01,1.0,125.0,5.0,168,output_voltage_drift,ELECTRICAL,uV,12.9859,5569.259,5569.8465,5570.3182,5556.2731,0.0076,-0.0415,35.11,35.47,12.9859,5569.259,5569.8465,5570.3182,5556.2731,100.0,False,NOMINAL,HEALTHY,-47.55,21.95
PRE_LOT05_COMP1875,LOT_05,PRECISION_VOLTAGE_REF,LCC-20,PRE-SIH-2026,THERMAL_BURN_IN,T05_1875,PROC-ISRO-IISU-01,ATE-STATION-01,CHAMBER-01,1.0,125.0,5.0,168,output_voltage_drift,ELECTRICAL,uV,16.149,6924.7649,6925.5683,6926.2868,6908.6159,-0.0194,-0.0222,34.42,34.54,16.149,6924.7649,6925.5683,6926.2868,6908.6159,100.0,False,NOMINAL,HEALTHY,-9.68,10.53
PRE_LOT05_COMP1876,LOT_05,PRECISION_VOLTAGE_REF,LCC-20,PRE-SIH-2026,THERMAL_BURN_IN,T05_1876,PROC-ISRO-IISU-01,ATE-STATION-01,CHAMBER-01,1.0,125.0,5.0,168,output_voltage_drift,ELECTRICAL,uV,14.5877,6262.6359,6263.3022,6263.7846,6248.0482,0.0313,-0.0251,35.05,35.3,14.5877,6262.6359,6263.3022,6263.7846,6248.0482,100.0,False,NOMINAL,HEALTHY,20.13,-17.45
PRE_LOT05_COMP1877,LOT_05,PRECISION_VOLTAGE_REF,LCC-20,PRE-SIH-2026,THERMAL_BURN_IN,T05_1877,PROC-ISRO-IISU-01,ATE-STATION-01,CHAMBER-01,1.0,125.0,5.0,168,output_voltage_drift,ELECTRICAL,uV,14.7109,6318.243,6318.8596,6319.3331,6303.5321,0.0061,-0.0363,34.88,35.62,14.7109,6318.243,6318.8596,6319.3331,6303.5321,100.0,False,NOMINAL,HEALTHY,10.89,1.88
PRE_LOT05_COMP1878,LOT_05,PRECISION_VOLTAGE_REF,LCC-20,PRE-SIH-2026,THERMAL_BURN_IN,T05_1878,PROC-ISRO-IISU-01,ATE-STATION-01,CHAMBER-01,1.0,125.0,5.0,168,output_voltage_drift,ELECTRICAL,uV,15.2075,6526.5458,6543.3327,6613.4906,6511.3383,-0.0315,-0.0121,35.23,34.63,15.2075,6526.5458,6543.3327,6613.4906,6511.3383,100.0,True,ELECTROMIGRATION,HEALTHY,7.48,25.56
PRE_LOT05_COMP1879,LOT_05,PRECISION_VOLTAGE_REF,LCC-20,PRE-SIH-2026,THERMAL_BURN_IN,T05_1879,PROC-ISRO-IISU-01,ATE-STATION-01,CHAMBER-01,1.0,125.0,5.0,168,output_voltage_drift,ELECTRICAL,uV,14.7252,6309.1115,6309.8351,6310.3694,6294.3863,-0.0523,-0.1307,34.25,35.13,14.7252,6309.1115,6309.8351,6310.3694,6294.3863,100.0,False,NOMINAL,HEALTHY,-33.5,8.57
PRE_LOT05_COMP1880,LOT_05,PRECISION_VOLTAGE_REF,LCC-20,PRE-SIH-2026,THERMAL_BURN_IN,T05_1880,PROC-ISRO-IISU-01,ATE-STATION-01,CHAMBER-01,1.0,125.0,5.0,168,output_voltage_drift,ELECTRICAL,uV,14.2115,6094.2823,6095.0441,6095.5612,6080.0708,-0.0226,-0.0109,34.98,34.77,14.2115,6094.2823,6095.0441,6095.5612,6080.0708,100.0,False,NOMINAL,HEALTHY,18.17,-31.77
PRE_LOT05_COMP1881,LOT_05,PRECISION_VOLTAGE_REF,LCC-20,PRE-SIH-2026,THERMAL_BURN_IN,T05_1881,PROC-ISRO-IISU-01,ATE-STATION-01,CHAMBER-01,1.0,125.0,5.0,168,output_voltage_drift,ELECTRICAL,uV,19.0649,8178.6281,8179.6141,8180.3477,8159.5632,0.0177,0.0736,34.38,34.16,19.0649,8178.6281,8179.6141,8180.3477,8159.5632,100.0,False,NOMINAL,HEALTHY,2.7,-43.43
PRE_LOT05_COMP1882,LOT_05,PRECISION_VOLTAGE_REF,LCC-20,PRE-SIH-2026,THERMAL_BURN_IN,T05_1882,PROC-ISRO-IISU-01,ATE-STATION-01,CHAMBER-01,1.0,125.0,5.0,168,output_voltage_drift,ELECTRICAL,uV,12.1879,5213.4372,5214.0166,5214.4485,5201.2493,0.0023,-0.0217,34.84,33.83,12.1879,5213.4372,5214.0166,5214.4485,5201.2493,100.0,False,NOMINAL,HEALTHY,-34.72,37.29
PRE_LOT05_COMP1883,LOT_05,PRECISION_VOLTAGE_REF,LCC-20,PRE-SIH-2026,THERMAL_BURN_IN,T05_1883,PROC-ISRO-IISU-01,ATE-STATION-01,CHAMBER-01,1.0,125.0,5.0,168,output_voltage_drift,ELECTRICAL,uV,14.1362,6061.9595,6062.6437,6063.1301,6047.8233,-0.0008,-0.0292,36.45,36.7,14.1362,6061.9595,6062.6437,6063.1301,6047.8233,100.0,False,NOMINAL,HEALTHY,-41.57,44.11
PRE_LOT05_COMP1884,LOT_05,PRECISION_VOLTAGE_REF,LCC-20,PRE-SIH-2026,THERMAL_BURN_IN,T05_1884,PROC-ISRO-IISU-01,ATE-STATION-01,CHAMBER-01,1.0,125.0,5.0,168,output_voltage_drift,ELECTRICAL,uV,16.7779,7184.6828,7185.5278,7186.1109,7167.9049,-0.029,-0.1207,35.73,35.57,16.7779,7184.6828,7185.5278,7186.1109,7167.9049,100.0,False,NOMINAL,HEALTHY,24.01,27.22
PRE_LOT05_COMP1885,LOT_05,PRECISION_VOLTAGE_REF,LCC-20,PRE-SIH-2026,THERMAL_BURN_IN,T05_1885,PROC-ISRO-IISU-01,ATE-STATION-01,CHAMBER-01,1.0,125.0,5.0,168,output_voltage_drift,ELECTRICAL,uV,13.3712,5728.6608,5729.3437,5729.7946,5715.2896,0.0176,-0.0086,34.3,34.35,13.3712,5728.6608,5729.3437,5729.7946,5715.2896,100.0,False,NOMINAL,HEALTHY,-39.61,-10.88
PRE_LOT05_COMP1886,LOT_05,PRECISION_VOLTAGE_REF,LCC-20,PRE-SIH-2026,THERMAL_BURN_IN,T05_1886,PROC-ISRO-IISU-01,ATE-STATION-01,CHAMBER-01,1.0,125.0,5.0,168,output_voltage_drift,ELECTRICAL,uV,14.8963,6394.4818,6395.1595,6395.7985,6379.5855,0.0256,0.0135,35.34,35.73,14.8963,6394.4818,6395.1595,6395.7985,6379.5855,100.0,False,NOMINAL,HEALTHY,0.79,-16.35
PRE_LOT05_COMP1887,LOT_05,PRECISION_VOLTAGE_REF,LCC-20,PRE-SIH-2026,THERMAL_BURN_IN,T05_1887,PROC-ISRO-IISU-01,ATE-STATION-01,CHAMBER-01,1.0,125.0,5.0,168,output_voltage_drift,ELECTRICAL,uV,15.7666,6767.1568,6767.8772,6768.4976,6751.3902,-0.0061,-0.0073,34.9,35.01,15.7666,6767.1568,6767.8772,6768.4976,6751.3902,100.0,False,NOMINAL,HEALTHY,4.22,-4.23
PRE_LOT05_COMP1888,LOT_05,PRECISION_VOLTAGE_REF,LCC-20,PRE-SIH-2026,THERMAL_BURN_IN,T05_1888,PROC-ISRO-IISU-01,ATE-STATION-01,CHAMBER-01,1.0,125.0,5.0,168,output_voltage_drift,ELECTRICAL,uV,14.1157,6061.4064,6062.0897,6062.5856,6047.2907,-0.0017,-0.0276,34.59,34.7,14.1157,6061.4064,6062.0897,6062.5856,6047.2907,100.0,False,NOMINAL,HEALTHY,42.1,38.88
PRE_LOT05_COMP1889,LOT_05,PRECISION_VOLTAGE_REF,LCC-20,PRE-SIH-2026,THERMAL_BURN_IN,T05_1889,PROC-ISRO-IISU-01,ATE-STATION-01,CHAMBER-01,1.0,125.0,5.0,168,output_voltage_drift,ELECTRICAL,uV,15.8752,6811.844,6812.5224,6813.1238,6795.9688,-0.0047,-0.0242,35.13,35.42,15.8752,6811.844,6812.5224,6813.1238,6795.9688,100.0,False,NOMINAL,HEALTHY,6.65,-19.52
PRE_LOT05_COMP1890,LOT_05,PRECISION_VOLTAGE_REF,LCC-20,PRE-SIH-2026,THERMAL_BURN_IN,T05_1890,PROC-ISRO-IISU-01,ATE-STATION-01,CHAMBER-01,1.0,125.0,5.0,168,output_voltage_drift,ELECTRICAL,uV,12.7206,5440.4956,5441.1748,5441.6882,5427.775,0.0216,0.0694,34.63,34.85,12.7206,5440.4956,5441.1748,5441.6882,5427.775,100.0,False,NOMINAL,HEALTHY,-19.94,-41.95
PRE_LOT05_COMP1891,LOT_05,PRECISION_VOLTAGE_REF,LCC-20,PRE-SIH-2026,THERMAL_BURN_IN,T05_1891,PROC-ISRO-IISU-01,ATE-STATION-01,CHAMBER-01,1.0,125.0,5.0,168,output_voltage_drift,ELECTRICAL,uV,15.5476,6661.1595,6661.8283,6662.3686,6645.6119,0.0002,-0.0197,37.12,37.17,15.5476,6661.1595,6661.8283,6662.3686,6645.6119,100.0,False,NOMINAL,HEALTHY,-24.98,16.92
PRE_LOT05_COMP1892,LOT_05,PRECISION_VOLTAGE_REF,LCC-20,PRE-SIH-2026,THERMAL_BURN_IN,T05_1892,PROC-ISRO-IISU-01,ATE-STATION-01,CHAMBER-01,1.0,125.0,5.0,168,output_voltage_drift,ELECTRICAL,uV,12.7154,5440.2993,5440.9173,5441.45,5427.5839,0.0163,0.0432,32.2,32.11,12.7154,5440.2993,5440.9173,5441.45,5427.5839,100.0,False,NOMINAL,HEALTHY,24.95,-2.13
PRE_LOT05_COMP1893,LOT_05,PRECISION_VOLTAGE_REF,LCC-20,PRE-SIH-2026,THERMAL_BURN_IN,T05_1893,PROC-ISRO-IISU-01,ATE-STATION-01,CHAMBER-01,1.0,125.0,5.0,168,output_voltage_drift,ELECTRICAL,uV,15.9833,6856.1431,6856.9191,6857.5896,6840.1598,0.0135,0.0436,35.9,36.68,15.9833,6856.1431,6856.9191,6857.5896,6840.1598,100.0,False,NOMINAL,HEALTHY,-29.84,17.01
PRE_LOT05_COMP1894,LOT_05,PRECISION_VOLTAGE_REF,LCC-20,PRE-SIH-2026,THERMAL_BURN_IN,T05_1894,PROC-ISRO-IISU-01,ATE-STATION-01,CHAMBER-01,1.0,125.0,5.0,168,output_voltage_drift,ELECTRICAL,uV,11.9646,5128.2298,5128.7601,5129.2035,5116.2652,-0.0304,0.0176,35.03,36.14,11.9646,5128.2298,5128.7601,5129.2035,5116.2652,100.0,False,NOMINAL,HEALTHY,32.53,41.43
PRE_LOT05_COMP1895,LOT_05,PRECISION_VOLTAGE_REF,LCC-20,PRE-SIH-2026,THERMAL_BURN_IN,T05_1895,PROC-ISRO-IISU-01,ATE-STATION-01,CHAMBER-01,1.0,125.0,5.0,168,output_voltage_drift,ELECTRICAL,uV,11.5119,4940.4398,4941.0412,4941.5278,4928.9279,-0.0131,-0.0296,36.32,36.17,11.5119,4940.4398,4941.0412,4941.5278,4928.9279,100.0,False,NOMINAL,HEALTHY,30.79,48.79
PRE_LOT05_COMP1896,LOT_05,PRECISION_VOLTAGE_REF,LCC-20,PRE-SIH-2026,THERMAL_BURN_IN,T05_1896,PROC-ISRO-IISU-01,ATE-STATION-01,CHAMBER-01,1.0,125.0,5.0,168,output_voltage_drift,ELECTRICAL,uV,14.9883,6429.1715,6429.8516,6430.4331,6414.1832,-0.0069,0.0421,34.84,35.16,14.9883,6429.1715,6429.8516,6430.4331,6414.1832,100.0,False,NOMINAL,HEALTHY,30.32,40.33
PRE_LOT05_COMP1897,LOT_05,PRECISION_VOLTAGE_REF,LCC-20,PRE-SIH-2026,THERMAL_BURN_IN,T05_1897,PROC-ISRO-IISU-01,ATE-STATION-01,CHAMBER-01,1.0,125.0,5.0,168,output_voltage_drift,ELECTRICAL,uV,13.8734,5953.1838,5953.8713,5954.3375,5939.3104,0.001,-0.0189,32.98,31.85,13.8734,5953.1838,5953.8713,5954.3375,5939.3104,100.0,False,NOMINAL,HEALTHY,1.72,-36.61
PRE_LOT05_COMP1898,LOT_05,PRECISION_VOLTAGE_REF,LCC-20,PRE-SIH-2026,THERMAL_BURN_IN,T05_1898,PROC-ISRO-IISU-01,ATE-STATION-01,CHAMBER-01,1.0,125.0,5.0,168,output_voltage_drift,ELECTRICAL,uV,13.0415,5594.3311,5594.9959,5595.5722,5581.2896,0.0209,0.0034,36.69,36.56,13.0415,5594.3311,5594.9959,5595.5722,5581.2896,100.0,False,NOMINAL,HEALTHY,4.79,-20.16
PRE_LOT05_COMP1899,LOT_05,PRECISION_VOLTAGE_REF,LCC-20,PRE-SIH-2026,THERMAL_BURN_IN,T05_1899,PROC-ISRO-IISU-01,ATE-STATION-01,CHAMBER-01,1.0,125.0,5.0,168,output_voltage_drift,ELECTRICAL,uV,15.9099,6814.0368,6814.7999,6815.2975,6798.1269,-0.0226,-0.0235,36.69,36.81,15.9099,6814.0368,6814.7999,6815.2975,6798.1269,100.0,False,NOMINAL,HEALTHY,40.5,28.29
PRE_LOT05_COMP1900,LOT_05,PRECISION_VOLTAGE_REF,LCC-20,PRE-SIH-2026,THERMAL_BURN_IN,T05_1900,PROC-ISRO-IISU-01,ATE-STATION-01,CHAMBER-01,1.0,125.0,5.0,168,output_voltage_drift,ELECTRICAL,uV,15.2295,6536.4182,6537.2545,6537.8317,6521.1887,0.0252,-0.0268,34.4,33.87,15.2295,6536.4182,6537.2545,6537.8317,6521.1887,100.0,False,NOMINAL,HEALTHY,-45.82,-9.87
PRE_LOT05_COMP1901,LOT_05,PRECISION_VOLTAGE_REF,LCC-20,PRE-SIH-2026,THERMAL_BURN_IN,T05_1901,PROC-ISRO-IISU-01,ATE-STATION-01,CHAMBER-01,1.0,125.0,5.0,168,output_voltage_drift,ELECTRICAL,uV,12.4825,5349.5718,5350.1545,5350.5339,5337.0893,-0.0266,-0.0112,33.5,33.03,12.4825,5349.5718,5350.1545,5350.5339,5337.0893,100.0,False,NOMINAL,HEALTHY,10.31,-24.95
PRE_LOT05_COMP1902,LOT_05,PRECISION_VOLTAGE_REF,LCC-20,PRE-SIH-2026,THERMAL_BURN_IN,T05_1902,PROC-ISRO-IISU-01,ATE-STATION-01,CHAMBER-01,1.0,125.0,5.0,168,output_voltage_drift,ELECTRICAL,uV,13.7219,5874.5221,5875.1815,5875.6519,5860.8002,0.0018,0.0568,35.4,35.24,13.7219,5874.5221,5875.1815,5875.6519,5860.8002,100.0,False,NOMINAL,HEALTHY,40.01,40.53
PRE_LOT05_COMP1903,LOT_05,PRECISION_VOLTAGE_REF,LCC-20,PRE-SIH-2026,THERMAL_BURN_IN,T05_1903,PROC-ISRO-IISU-01,ATE-STATION-01,CHAMBER-01,1.0,125.0,5.0,168,output_voltage_drift,ELECTRICAL,uV,15.3826,6592.294,6602.0123,6752.8214,6576.9114,0.0133,0.0568,34.25,33.75,15.3826,6592.294,6602.0123,6752.8214,6576.9114,100.0,True,THERMAL_RUNAWAY,HEALTHY,-46.61,2.24
PRE_LOT05_COMP1904,LOT_05,PRECISION_VOLTAGE_REF,LCC-20,PRE-SIH-2026,THERMAL_BURN_IN,T05_1904,PROC-ISRO-IISU-01,ATE-STATION-01,CHAMBER-01,1.0,125.0,5.0,168,output_voltage_drift,ELECTRICAL,uV,15.1667,6511.7292,6512.398,6512.8608,6496.5625,0.0063,0.015,34.39,33.98,15.1667,6511.7292,6512.398,6512.8608,6496.5625,100.0,False,NOMINAL,HEALTHY,44.08,1.11
PRE_LOT05_COMP1905,LOT_05,PRECISION_VOLTAGE_REF,LCC-20,PRE-SIH-2026,THERMAL_BURN_IN,T05_1905,PROC-ISRO-IISU-01,ATE-STATION-01,CHAMBER-01,1.0,125.0,5.0,168,output_voltage_drift,ELECTRICAL,uV,12.8933,5525.4484,5526.0145,5526.481,5512.5551,-0.0027,0.0498,36.8,36.96,12.8933,5525.4484,5526.0145,5526.481,5512.5551,100.0,False,NOMINAL,HEALTHY,-40.71,-7.84
PRE_LOT05_COMP1906,LOT_05,PRECISION_VOLTAGE_REF,LCC-20,PRE-SIH-2026,THERMAL_BURN_IN,T05_1906,PROC-ISRO-IISU-01,ATE-STATION-01,CHAMBER-01,1.0,125.0,5.0,168,output_voltage_drift,ELECTRICAL,uV,13.392,5736.7102,5737.3848,5737.7582,5723.3182,-0.0148,-0.0837,32.98,32.89,13.392,5736.7102,5737.3848,5737.7582,5723.3182,100.0,False,NOMINAL,HEALTHY,40.98,-17.34
PRE_LOT05_COMP1907,LOT_05,PRECISION_VOLTAGE_REF,LCC-20,PRE-SIH-2026,THERMAL_BURN_IN,T05_1907,PROC-ISRO-IISU-01,ATE-STATION-01,CHAMBER-01,1.0,125.0,5.0,168,output_voltage_drift,ELECTRICAL,uV,10.6078,4546.7531,4547.2776,4547.5822,4536.1453,0.0058,-0.07,35.91,35.56,10.6078,4546.7531,4547.2776,4547.5822,4536.1453,100.0,False,NOMINAL,HEALTHY,-16.41,40.67
PRE_LOT05_COMP1908,LOT_05,PRECISION_VOLTAGE_REF,LCC-20,PRE-SIH-2026,THERMAL_BURN_IN,T05_1908,PROC-ISRO-IISU-01,ATE-STATION-01,CHAMBER-01,1.0,125.0,5.0,168,output_voltage_drift,ELECTRICAL,uV,12.8501,5511.9235,5512.5136,5513.0423,5499.0734,0.0015,0.0786,34.17,33.5,12.8501,5511.9235,5512.5136,5513.0423,5499.0734,100.0,False,NOMINAL,HEALTHY,17.28,17.88
PRE_LOT05_COMP1909,LOT_05,PRECISION_VOLTAGE_REF,LCC-20,PRE-SIH-2026,THERMAL_BURN_IN,T05_1909,PROC-ISRO-IISU-01,ATE-STATION-01,CHAMBER-01,1.0,125.0,5.0,168,output_voltage_drift,ELECTRICAL,uV,19.0869,8178.6485,8179.5004,8180.1834,8159.5616,-0.0019,-0.119,36.73,36.23,19.0869,8178.6485,8179.5004,8180.1834,8159.5616,100.0,False,NOMINAL,HEALTHY,45.36,-47.65
PRE_LOT05_COMP1910,LOT_05,PRECISION_VOLTAGE_REF,LCC-20,PRE-SIH-2026,THERMAL_BURN_IN,T05_1910,PROC-ISRO-IISU-01,ATE-STATION-01,CHAMBER-01,1.0,125.0,5.0,168,output_voltage_drift,ELECTRICAL,uV,16.4686,7067.1248,7067.943,7068.5116,7050.6562,-0.0174,-0.0292,35.21,35.55,16.4686,7067.1248,7067.943,7068.5116,7050.6562,100.0,False,NOMINAL,HEALTHY,-12.57,-19.79
PRE_LOT05_COMP1911,LOT_05,PRECISION_VOLTAGE_REF,LCC-20,PRE-SIH-2026,THERMAL_BURN_IN,T05_1911,PROC-ISRO-IISU-01,ATE-STATION-01,CHAMBER-01,1.0,125.0,5.0,168,output_voltage_drift,ELECTRICAL,uV,12.3079,5283.6903,5284.2833,5284.7322,5271.3824,0.0373,0.0276,33.89,33.47,12.3079,5283.6903,5284.2833,5284.7322,5271.3824,100.0,False,NOMINAL,HEALTHY,43.98,-40.63
PRE_LOT05_COMP1912,LOT_05,PRECISION_VOLTAGE_REF,LCC-20,PRE-SIH-2026,THERMAL_BURN_IN,T05_1912,PROC-ISRO-IISU-01,ATE-STATION-01,CHAMBER-01,1.0,125.0,5.0,168,output_voltage_drift,ELECTRICAL,uV,12.5001,5369.9095,5370.488,5370.9743,5357.4094,0.0011,0.0316,36.17,36.04,12.5001,5369.9095,5370.488,5370.9743,5357.4094,100.0,False,NOMINAL,HEALTHY,5.47,-28.43
PRE_LOT05_COMP1913,LOT_05,PRECISION_VOLTAGE_REF,LCC-20,PRE-SIH-2026,THERMAL_BURN_IN,T05_1913,PROC-ISRO-IISU-01,ATE-STATION-01,CHAMBER-01,1.0,125.0,5.0,168,output_voltage_drift,ELECTRICAL,uV,14.9779,6421.8371,6422.5131,6422.9782,6406.8592,-0.0183,-0.006,33.98,33.63,14.9779,6421.8371,6422.5131,6422.9782,6406.8592,100.0,False,NOMINAL,HEALTHY,9.22,30.74
PRE_LOT05_COMP1914,LOT_05,PRECISION_VOLTAGE_REF,LCC-20,PRE-SIH-2026,THERMAL_BURN_IN,T05_1914,PROC-ISRO-IISU-01,ATE-STATION-01,CHAMBER-01,1.0,125.0,5.0,168,output_voltage_drift,ELECTRICAL,uV,13.6586,5856.7608,5857.2904,5857.7173,5843.1022,0.0104,0.0548,35.69,35.61,13.6586,5856.7608,5857.2904,5857.7173,5843.1022,100.0,False,NOMINAL,HEALTHY,42.23,27.42
PRE_LOT05_COMP1915,LOT_05,PRECISION_VOLTAGE_REF,LCC-20,PRE-SIH-2026,THERMAL_BURN_IN,T05_1915,PROC-ISRO-IISU-01,ATE-STATION-01,CHAMBER-01,1.0,125.0,5.0,168,output_voltage_drift,ELECTRICAL,uV,16.5223,7088.2982,7089.0623,7089.6752,7071.7759,-0.0005,-0.0413,35.55,36.0,16.5223,7088.2982,7089.0623,7089.6752,7071.7759,100.0,False,NOMINAL,HEALTHY,1.4,-7.99
PRE_LOT05_COMP1916,LOT_05,PRECISION_VOLTAGE_REF,LCC-20,PRE-SIH-2026,THERMAL_BURN_IN,T05_1916,PROC-ISRO-IISU-01,ATE-STATION-01,CHAMBER-01,1.0,125.0,5.0,168,output_voltage_drift,ELECTRICAL,uV,16.1652,6939.1436,6940.0061,6940.6338,6922.9784,-0.0199,-0.0035,33.61,33.22,16.1652,6939.1436,6940.0061,6940.6338,6922.9784,100.0,False,NOMINAL,HEALTHY,32.5,47.21
PRE_LOT05_COMP1917,LOT_05,PRECISION_VOLTAGE_REF,LCC-20,PRE-SIH-2026,THERMAL_BURN_IN,T05_1917,PROC-ISRO-IISU-01,ATE-STATION-01,CHAMBER-01,1.0,125.0,5.0,168,output_voltage_drift,ELECTRICAL,uV,11.617,4972.3964,4972.927,4973.3951,4960.7794,-0.0007,-0.013,35.92,36.77,11.617,4972.3964,4972.927,4973.3951,4960.7794,100.0,False,NOMINAL,HEALTHY,-46.83,26.26
PRE_LOT05_COMP1918,LOT_05,PRECISION_VOLTAGE_REF,LCC-20,PRE-SIH-2026,THERMAL_BURN_IN,T05_1918,PROC-ISRO-IISU-01,ATE-STATION-01,CHAMBER-01,1.0,125.0,5.0,168,output_voltage_drift,ELECTRICAL,uV,15.4033,6609.1766,6609.9153,6610.4013,6593.7733,0.0199,-0.0541,32.64,31.46,15.4033,6609.1766,6609.9153,6610.4013,6593.7733,100.0,False,NOMINAL,HEALTHY,-40.26,-34.26
PRE_LOT05_COMP1919,LOT_05,PRECISION_VOLTAGE_REF,LCC-20,PRE-SIH-2026,THERMAL_BURN_IN,T05_1919,PROC-ISRO-IISU-01,ATE-STATION-01,CHAMBER-01,1.0,125.0,5.0,168,output_voltage_drift,ELECTRICAL,uV,14.565,6241.8112,6242.6088,6243.1556,6227.2462,0.006,-0.0171,36.06,35.77,14.565,6241.8112,6242.6088,6243.1556,6227.2462,100.0,False,NOMINAL,HEALTHY,-18.91,-47.24
PRE_LOT05_COMP1920,LOT_05,PRECISION_VOLTAGE_REF,LCC-20,PRE-SIH-2026,THERMAL_BURN_IN,T05_1920,PROC-ISRO-IISU-01,ATE-STATION-01,CHAMBER-01,1.0,125.0,5.0,168,output_voltage_drift,ELECTRICAL,uV,10.5301,4517.4064,4517.9487,4518.3657,4506.8763,-0.0101,0.0702,33.94,33.43,10.5301,4517.4064,4517.9487,4518.3657,4506.8763,100.0,False,NOMINAL,HEALTHY,-25.42,13.3
PRE_LOT05_COMP1921,LOT_05,PRECISION_VOLTAGE_REF,LCC-20,PRE-SIH-2026,THERMAL_BURN_IN,T05_1921,PROC-ISRO-IISU-01,ATE-STATION-01,CHAMBER-01,1.0,125.0,5.0,168,output_voltage_drift,ELECTRICAL,uV,13.442,5758.2259,5758.8455,5759.326,5744.7839,-0.0101,0.0461,35.6,35.15,13.442,5758.2259,5758.8455,5759.326,5744.7839,100.0,False,NOMINAL,HEALTHY,32.55,-3.96
PRE_LOT05_COMP1922,LOT_05,PRECISION_VOLTAGE_REF,LCC-20,PRE-SIH-2026,THERMAL_BURN_IN,T05_1922,PROC-ISRO-IISU-01,ATE-STATION-01,CHAMBER-01,1.0,125.0,5.0,168,output_voltage_drift,ELECTRICAL,uV,13.1549,5636.3894,5637.0561,5637.418,5623.2345,0.0017,-0.0415,34.81,34.6,13.1549,5636.3894,5637.0561,5637.418,5623.2345,100.0,False,NOMINAL,HEALTHY,10.65,5.0
PRE_LOT05_COMP1923,LOT_05,PRECISION_VOLTAGE_REF,LCC-20,PRE-SIH-2026,THERMAL_BURN_IN,T05_1923,PROC-ISRO-IISU-01,ATE-STATION-01,CHAMBER-01,1.0,125.0,5.0,168,output_voltage_drift,ELECTRICAL,uV,12.7766,5490.1526,5490.7699,5491.1247,5477.376,0.0245,0.0082,33.94,34.0,12.7766,5490.1526,5490.7699,5491.1247,5477.376,100.0,False,NOMINAL,HEALTHY,7.65,-7.1
PRE_LOT05_COMP1924,LOT_05,PRECISION_VOLTAGE_REF,LCC-20,PRE-SIH-2026,THERMAL_BURN_IN,T05_1924,PROC-ISRO-IISU-01,ATE-STATION-01,CHAMBER-01,1.0,125.0,5.0,168,output_voltage_drift,ELECTRICAL,uV,16.5253,7088.1653,7088.9906,7089.4402,7071.64,-0.0118,-0.0787,34.36,34.91,16.5253,7088.1653,7088.9906,7089.4402,7071.64,100.0,False,NOMINAL,HEALTHY,25.91,19.19
PRE_LOT05_COMP1925,LOT_05,PRECISION_VOLTAGE_REF,LCC-20,PRE-SIH-2026,THERMAL_BURN_IN,T05_1925,PROC-ISRO-IISU-01,ATE-STATION-01,CHAMBER-01,1.0,125.0,5.0,168,output_voltage_drift,ELECTRICAL,uV,13.6912,5863.7434,5864.4255,5864.9487,5850.0522,-0.0335,-0.0866,35.13,35.3,13.6912,5863.7434,5864.4255,5864.9487,5850.0522,100.0,False,NOMINAL,HEALTHY,-33.36,41.79
PRE_LOT05_COMP1926,LOT_05,PRECISION_VOLTAGE_REF,LCC-20,PRE-SIH-2026,THERMAL_BURN_IN,T05_1926,PROC-ISRO-IISU-01,ATE-STATION-01,CHAMBER-01,1.0,125.0,5.0,168,output_voltage_drift,ELECTRICAL,uV,15.3857,6594.219,6594.9125,6595.3922,6578.8333,0.0169,-0.0093,35.97,36.2,15.3857,6594.219,6594.9125,6595.3922,6578.8333,100.0,False,NOMINAL,HEALTHY,-37.54,-42.79
PRE_LOT05_COMP1927,LOT_05,PRECISION_VOLTAGE_REF,LCC-20,PRE-SIH-2026,THERMAL_BURN_IN,T05_1927,PROC-ISRO-IISU-01,ATE-STATION-01,CHAMBER-01,1.0,125.0,5.0,168,output_voltage_drift,ELECTRICAL,uV,14.9055,6382.8749,6383.4858,6383.9944,6367.9694,-0.0027,0.028,36.13,35.02,14.9055,6382.8749,6383.4858,6383.9944,6367.9694,100.0,False,NOMINAL,HEALTHY,42.95,49.33
PRE_LOT05_COMP1928,LOT_05,PRECISION_VOLTAGE_REF,LCC-20,PRE-SIH-2026,THERMAL_BURN_IN,T05_1928,PROC-ISRO-IISU-01,ATE-STATION-01,CHAMBER-01,1.0,125.0,5.0,168,output_voltage_drift,ELECTRICAL,uV,15.1324,6479.9434,6480.7562,6481.2901,6464.811,-0.0059,-0.1393,33.25,33.37,15.1324,6479.9434,6480.7562,6481.2901,6464.811,100.0,False,NOMINAL,HEALTHY,6.09,-11.29
PRE_LOT05_COMP1929,LOT_05,PRECISION_VOLTAGE_REF,LCC-20,PRE-SIH-2026,THERMAL_BURN_IN,T05_1929,PROC-ISRO-IISU-01,ATE-STATION-01,CHAMBER-01,1.0,125.0,5.0,168,output_voltage_drift,ELECTRICAL,uV,16.5594,7116.2685,7116.9947,7117.4472,7099.7091,0.0236,0.0447,34.79,34.39,16.5594,7116.2685,7116.9947,7117.4472,7099.7091,100.0,False,NOMINAL,HEALTHY,27.79,30.58
PRE_LOT05_COMP1930,LOT_05,PRECISION_VOLTAGE_REF,LCC-20,PRE-SIH-2026,THERMAL_BURN_IN,T05_1930,PROC-ISRO-IISU-01,ATE-STATION-01,CHAMBER-01,1.0,125.0,5.0,168,output_voltage_drift,ELECTRICAL,uV,11.4162,4899.2063,4899.8048,4900.185,4887.7901,-0.0056,0.0604,35.95,36.28,11.4162,4899.2063,4899.8048,4900.185,4887.7901,100.0,False,NOMINAL,HEALTHY,24.03,3.28
PRE_LOT05_COMP1931,LOT_05,PRECISION_VOLTAGE_REF,LCC-20,PRE-SIH-2026,THERMAL_BURN_IN,T05_1931,PROC-ISRO-IISU-01,ATE-STATION-01,CHAMBER-01,1.0,125.0,5.0,168,output_voltage_drift,ELECTRICAL,uV,13.5605,5815.761,5816.3906,5816.8771,5802.2005,0.0232,0.0694,35.43,35.0,13.5605,5815.761,5816.3906,5816.8771,5802.2005,100.0,False,NOMINAL,HEALTHY,-33.16,30.86
PRE_LOT05_COMP1932,LOT_05,PRECISION_VOLTAGE_REF,LCC-20,PRE-SIH-2026,THERMAL_BURN_IN,T05_1932,PROC-ISRO-IISU-01,ATE-STATION-01,CHAMBER-01,1.0,125.0,5.0,168,output_voltage_drift,ELECTRICAL,uV,12.8119,5492.8425,5493.4136,5493.8824,5480.0306,0.0224,0.1717,33.59,33.65,12.8119,5492.8425,5493.4136,5493.8824,5480.0306,100.0,False,NOMINAL,HEALTHY,9.37,-10.53
PRE_LOT05_COMP1933,LOT_05,PRECISION_VOLTAGE_REF,LCC-20,PRE-SIH-2026,THERMAL_BURN_IN,T05_1933,PROC-ISRO-IISU-01,ATE-STATION-01,CHAMBER-01,1.0,125.0,5.0,168,output_voltage_drift,ELECTRICAL,uV,14.8672,6384.5908,6385.4626,6386.0602,6369.7236,-0.0068,-0.014,35.15,34.58,14.8672,6384.5908,6385.4626,6386.0602,6369.7236,100.0,False,NOMINAL,HEALTHY,47.19,-46.53
PRE_LOT05_COMP1934,LOT_05,PRECISION_VOLTAGE_REF,LCC-20,PRE-SIH-2026,THERMAL_BURN_IN,T05_1934,PROC-ISRO-IISU-01,ATE-STATION-01,CHAMBER-01,1.0,125.0,5.0,168,output_voltage_drift,ELECTRICAL,uV,13.0408,5607.3403,5607.9888,5608.3836,5594.2995,0.0279,0.0069,35.5,34.84,13.0408,5607.3403,5607.9888,5608.3836,5594.2995,100.0,False,NOMINAL,HEALTHY,34.49,13.24
PRE_LOT05_COMP1935,LOT_05,PRECISION_VOLTAGE_REF,LCC-20,PRE-SIH-2026,THERMAL_BURN_IN,T05_1935,PROC-ISRO-IISU-01,ATE-STATION-01,CHAMBER-01,1.0,125.0,5.0,168,output_voltage_drift,ELECTRICAL,uV,18.3656,7875.8129,7876.65,7877.2241,7857.4473,-0.0184,0.0515,34.86,35.39,18.3656,7875.8129,7876.65,7877.2241,7857.4473,100.0,False,NOMINAL,HEALTHY,-18.41,26.27
PRE_LOT05_COMP1936,LOT_05,PRECISION_VOLTAGE_REF,LCC-20,PRE-SIH-2026,THERMAL_BURN_IN,T05_1936,PROC-ISRO-IISU-01,ATE-STATION-01,CHAMBER-01,1.0,125.0,5.0,168,output_voltage_drift,ELECTRICAL,uV,11.4995,4926.0645,4926.5571,4926.861,4914.565,0.0097,0.0678,35.0,35.03,11.4995,4926.0645,4926.5571,4926.861,4914.565,100.0,False,NOMINAL,HEALTHY,-32.05,-48.23
PRE_LOT05_COMP1937,LOT_05,PRECISION_VOLTAGE_REF,LCC-20,PRE-SIH-2026,THERMAL_BURN_IN,T05_1937,PROC-ISRO-IISU-01,ATE-STATION-01,CHAMBER-01,1.0,125.0,5.0,168,output_voltage_drift,ELECTRICAL,uV,16.2802,6993.6434,6994.4053,6995.0644,6977.3632,0.0101,-0.0672,35.38,35.47,16.2802,6993.6434,6994.4053,6995.0644,6977.3632,100.0,False,NOMINAL,HEALTHY,-21.44,18.3
PRE_LOT05_COMP1938,LOT_05,PRECISION_VOLTAGE_REF,LCC-20,PRE-SIH-2026,THERMAL_BURN_IN,T05_1938,PROC-ISRO-IISU-01,ATE-STATION-01,CHAMBER-01,1.0,125.0,5.0,168,output_voltage_drift,ELECTRICAL,uV,11.4942,4935.1716,4935.6685,4935.9698,4923.6774,-0.0004,-0.0076,36.05,35.32,11.4942,4935.1716,4935.6685,4935.9698,4923.6774,100.0,False,NOMINAL,HEALTHY,10.55,26.2
PRE_LOT05_COMP1939,LOT_05,PRECISION_VOLTAGE_REF,LCC-20,PRE-SIH-2026,THERMAL_BURN_IN,T05_1939,PROC-ISRO-IISU-01,ATE-STATION-01,CHAMBER-01,1.0,125.0,5.0,168,output_voltage_drift,ELECTRICAL,uV,14.0483,6031.1395,6031.8177,6032.3711,6017.0912,-0.0243,-0.0673,36.18,36.17,14.0483,6031.1395,6031.8177,6032.3711,6017.0912,100.0,False,NOMINAL,HEALTHY,46.21,6.47
PRE_LOT05_COMP1940,LOT_05,PRECISION_VOLTAGE_REF,LCC-20,PRE-SIH-2026,THERMAL_BURN_IN,T05_1940,PROC-ISRO-IISU-01,ATE-STATION-01,CHAMBER-01,1.0,125.0,5.0,168,output_voltage_drift,ELECTRICAL,uV,15.4578,6625.7077,6626.3873,6626.8472,6610.2499,-0.0026,0.0014,36.14,36.11,15.4578,6625.7077,6626.3873,6626.8472,6610.2499,100.0,False,NOMINAL,HEALTHY,-28.81,44.97
PRE_LOT05_COMP1941,LOT_05,PRECISION_VOLTAGE_REF,LCC-20,PRE-SIH-2026,THERMAL_BURN_IN,T05_1941,PROC-ISRO-IISU-01,ATE-STATION-01,CHAMBER-01,1.0,125.0,5.0,168,output_voltage_drift,ELECTRICAL,uV,15.4365,6621.4339,6622.2272,6622.7436,6605.9974,0.0432,-0.0076,35.36,35.7,15.4365,6621.4339,6622.2272,6622.7436,6605.9974,100.0,False,NOMINAL,HEALTHY,34.7,-22.76
PRE_LOT05_COMP1942,LOT_05,PRECISION_VOLTAGE_REF,LCC-20,PRE-SIH-2026,THERMAL_BURN_IN,T05_1942,PROC-ISRO-IISU-01,ATE-STATION-01,CHAMBER-01,1.0,125.0,5.0,168,output_voltage_drift,ELECTRICAL,uV,15.9818,6842.0364,6842.921,6843.4706,6826.0546,-0.0193,0.013,35.3,35.32,15.9818,6842.0364,6842.921,6843.4706,6826.0546,100.0,False,NOMINAL,HEALTHY,23.71,40.27
PRE_LOT05_COMP1943,LOT_05,PRECISION_VOLTAGE_REF,LCC-20,PRE-SIH-2026,THERMAL_BURN_IN,T05_1943,PROC-ISRO-IISU-01,ATE-STATION-01,CHAMBER-01,1.0,125.0,5.0,168,output_voltage_drift,ELECTRICAL,uV,14.2575,6112.9616,6113.6147,6114.1354,6098.7041,0.0149,-0.0122,35.43,35.33,14.2575,6112.9616,6113.6147,6114.1354,6098.7041,100.0,False,NOMINAL,HEALTHY,-19.68,-35.64
PRE_LOT05_COMP1944,LOT_05,PRECISION_VOLTAGE_REF,LCC-20,PRE-SIH-2026,THERMAL_BURN_IN,T05_1944,PROC-ISRO-IISU-01,ATE-STATION-01,CHAMBER-01,1.0,125.0,5.0,168,output_voltage_drift,ELECTRICAL,uV,14.1706,6078.0756,6078.7417,6079.245,6063.905,-0.018,0.0084,35.23,34.52,14.1706,6078.0756,6078.7417,6079.245,6063.905,100.0,False,NOMINAL,HEALTHY,39.72,-11.65
PRE_LOT05_COMP1945,LOT_05,PRECISION_VOLTAGE_REF,LCC-20,PRE-SIH-2026,THERMAL_BURN_IN,T05_1945,PROC-ISRO-IISU-01,ATE-STATION-01,CHAMBER-01,1.0,125.0,5.0,168,output_voltage_drift,ELECTRICAL,uV,12.7375,5460.511,5461.1054,5461.5619,5447.7735,-0.0246,0.002,35.03,34.37,12.7375,5460.511,5461.1054,5461.5619,5447.7735,100.0,False,NOMINAL,HEALTHY,29.8,28.54
PRE_LOT05_COMP1946,LOT_05,PRECISION_VOLTAGE_REF,LCC-20,PRE-SIH-2026,THERMAL_BURN_IN,T05_1946,PROC-ISRO-IISU-01,ATE-STATION-01,CHAMBER-01,1.0,125.0,5.0,168,output_voltage_drift,ELECTRICAL,uV,15.2386,6530.3733,6531.1207,6531.6664,6515.1347,-0.0147,-0.1156,33.76,33.78,15.2386,6530.3733,6531.1207,6531.6664,6515.1347,100.0,False,NOMINAL,HEALTHY,8.16,-22.96
PRE_LOT05_COMP1947,LOT_05,PRECISION_VOLTAGE_REF,LCC-20,PRE-SIH-2026,THERMAL_BURN_IN,T05_1947,PROC-ISRO-IISU-01,ATE-STATION-01,CHAMBER-01,1.0,125.0,5.0,168,output_voltage_drift,ELECTRICAL,uV,12.9152,5540.7839,5541.4203,5541.9463,5527.8687,-0.035,0.0622,33.55,33.09,12.9152,5540.7839,5541.4203,5541.9463,5527.8687,100.0,False,NOMINAL,HEALTHY,30.22,18.02
PRE_LOT05_COMP1948,LOT_05,PRECISION_VOLTAGE_REF,LCC-20,PRE-SIH-2026,THERMAL_BURN_IN,T05_1948,PROC-ISRO-IISU-01,ATE-STATION-01,CHAMBER-01,1.0,125.0,5.0,168,output_voltage_drift,ELECTRICAL,uV,13.7886,5917.3809,5918.0362,5918.4909,5903.5923,-0.0022,0.0785,34.88,35.46,13.7886,5917.3809,5918.0362,5918.4909,5903.5923,100.0,False,NOMINAL,HEALTHY,4.68,-39.12
PRE_LOT05_COMP1949,LOT_05,PRECISION_VOLTAGE_REF,LCC-20,PRE-SIH-2026,THERMAL_BURN_IN,T05_1949,PROC-ISRO-IISU-01,ATE-STATION-01,CHAMBER-01,1.0,125.0,5.0,168,output_voltage_drift,ELECTRICAL,uV,12.0973,5182.1823,5182.766,5183.1486,5170.085,-0.0141,-0.0431,34.48,34.08,12.0973,5182.1823,5182.766,5183.1486,5170.085,100.0,False,NOMINAL,HEALTHY,27.43,35.66
PRE_LOT05_COMP1950,LOT_05,PRECISION_VOLTAGE_REF,LCC-20,PRE-SIH-2026,THERMAL_BURN_IN,T05_1950,PROC-ISRO-IISU-01,ATE-STATION-01,CHAMBER-01,1.0,125.0,5.0,168,output_voltage_drift,ELECTRICAL,uV,16.5959,7106.283,7107.0283,7107.6693,7089.6871,-0.0174,-0.007,35.17,34.86,16.5959,7106.283,7107.0283,7107.6693,7089.6871,100.0,False,NOMINAL,HEALTHY,32.72,15.16
PRE_LOT05_COMP1951,LOT_05,PRECISION_VOLTAGE_REF,LCC-20,PRE-SIH-2026,THERMAL_BURN_IN,T05_1951,PROC-ISRO-IISU-01,ATE-STATION-01,CHAMBER-01,1.0,125.0,5.0,168,output_voltage_drift,ELECTRICAL,uV,14.1663,6071.448,6072.082,6072.6783,6057.2817,0.0243,-0.0097,36.66,36.67,14.1663,6071.448,6072.082,6072.6783,6057.2817,100.0,False,NOMINAL,HEALTHY,-19.43,11.37
PRE_LOT05_COMP1952,LOT_05,PRECISION_VOLTAGE_REF,LCC-20,PRE-SIH-2026,THERMAL_BURN_IN,T05_1952,PROC-ISRO-IISU-01,ATE-STATION-01,CHAMBER-01,1.0,125.0,5.0,168,output_voltage_drift,ELECTRICAL,uV,12.7951,5479.573,5480.2115,5480.6749,5466.7779,-0.0166,-0.0229,35.45,34.77,12.7951,5479.573,5480.2115,5480.6749,5466.7779,100.0,False,NOMINAL,HEALTHY,9.28,24.17
PRE_LOT05_COMP1953,LOT_05,PRECISION_VOLTAGE_REF,LCC-20,PRE-SIH-2026,THERMAL_BURN_IN,T05_1953,PROC-ISRO-IISU-01,ATE-STATION-01,CHAMBER-01,1.0,125.0,5.0,168,output_voltage_drift,ELECTRICAL,uV,12.7887,5484.0891,5484.7242,5485.2331,5471.3004,-0.0052,-0.0629,35.15,35.6,12.7887,5484.0891,5484.7242,5485.2331,5471.3004,100.0,False,NOMINAL,HEALTHY,47.14,3.14
PRE_LOT05_COMP1954,LOT_05,PRECISION_VOLTAGE_REF,LCC-20,PRE-SIH-2026,THERMAL_BURN_IN,T05_1954,PROC-ISRO-IISU-01,ATE-STATION-01,CHAMBER-01,1.0,125.0,5.0,168,output_voltage_drift,ELECTRICAL,uV,15.6037,6688.7552,6689.5119,6690.0156,6673.1515,-0.0004,0.0345,36.01,35.83,15.6037,6688.7552,6689.5119,6690.0156,6673.1515,100.0,False,NOMINAL,HEALTHY,2.35,-39.01
PRE_LOT05_COMP1955,LOT_05,PRECISION_VOLTAGE_REF,LCC-20,PRE-SIH-2026,THERMAL_BURN_IN,T05_1955,PROC-ISRO-IISU-01,ATE-STATION-01,CHAMBER-01,1.0,125.0,5.0,168,output_voltage_drift,ELECTRICAL,uV,13.6629,5861.1659,5861.8236,5862.2981,5847.503,0.0073,0.0156,34.01,33.36,13.6629,5861.1659,5861.8236,5862.2981,5847.503,100.0,False,NOMINAL,HEALTHY,8.94,7.91
PRE_LOT05_COMP1956,LOT_05,PRECISION_VOLTAGE_REF,LCC-20,PRE-SIH-2026,THERMAL_BURN_IN,T05_1956,PROC-ISRO-IISU-01,ATE-STATION-01,CHAMBER-01,1.0,125.0,5.0,168,output_voltage_drift,ELECTRICAL,uV,15.7746,6768.6142,6769.3255,6769.792,6752.8396,-0.0164,-0.0677,34.6,34.01,15.7746,6768.6142,6769.3255,6769.792,6752.8396,100.0,False,NOMINAL,HEALTHY,-23.25,20.78
PRE_LOT05_COMP1957,LOT_05,PRECISION_VOLTAGE_REF,LCC-20,PRE-SIH-2026,THERMAL_BURN_IN,T05_1957,PROC-ISRO-IISU-01,ATE-STATION-01,CHAMBER-01,1.0,125.0,5.0,168,output_voltage_drift,ELECTRICAL,uV,11.8562,5086.195,5086.7788,5087.188,5074.3388,-0.0027,-0.052,35.13,34.47,11.8562,5086.195,5086.7788,5087.188,5074.3388,100.0,False,NOMINAL,HEALTHY,-48.27,23.71
PRE_LOT05_COMP1958,LOT_05,PRECISION_VOLTAGE_REF,LCC-20,PRE-SIH-2026,THERMAL_BURN_IN,T05_1958,PROC-ISRO-IISU-01,ATE-STATION-01,CHAMBER-01,1.0,125.0,5.0,168,output_voltage_drift,ELECTRICAL,uV,14.6084,6255.8383,6256.6107,6257.1048,6241.2299,0.025,0.055,37.82,37.72,14.6084,6255.8383,6256.6107,6257.1048,6241.2299,100.0,False,NOMINAL,HEALTHY,5.7,-33.31
PRE_LOT05_COMP1959,LOT_05,PRECISION_VOLTAGE_REF,LCC-20,PRE-SIH-2026,THERMAL_BURN_IN,T05_1959,PROC-ISRO-IISU-01,ATE-STATION-01,CHAMBER-01,1.0,125.0,5.0,168,output_voltage_drift,ELECTRICAL,uV,15.0412,6456.8993,6457.5901,6458.1606,6441.8581,0.0024,-0.0474,32.85,34.34,15.0412,6456.8993,6457.5901,6458.1606,6441.8581,100.0,False,NOMINAL,HEALTHY,-17.03,32.25
PRE_LOT05_COMP1960,LOT_05,PRECISION_VOLTAGE_REF,LCC-20,PRE-SIH-2026,THERMAL_BURN_IN,T05_1960,PROC-ISRO-IISU-01,ATE-STATION-01,CHAMBER-01,1.0,125.0,5.0,168,output_voltage_drift,ELECTRICAL,uV,11.6651,5001.7223,5002.2698,5002.6219,4990.0572,0.0339,0.0367,34.91,34.83,11.6651,5001.7223,5002.2698,5002.6219,4990.0572,100.0,False,NOMINAL,HEALTHY,18.84,35.82
PRE_LOT05_COMP1961,LOT_05,PRECISION_VOLTAGE_REF,LCC-20,PRE-SIH-2026,THERMAL_BURN_IN,T05_1961,PROC-ISRO-IISU-01,ATE-STATION-01,CHAMBER-01,1.0,125.0,5.0,168,output_voltage_drift,ELECTRICAL,uV,16.1586,6943.8627,6944.6883,6945.2412,6927.7041,0.007,0.026,34.41,35.34,16.1586,6943.8627,6944.6883,6945.2412,6927.7041,100.0,False,NOMINAL,HEALTHY,46.83,-48.42
PRE_LOT05_COMP1962,LOT_05,PRECISION_VOLTAGE_REF,LCC-20,PRE-SIH-2026,THERMAL_BURN_IN,T05_1962,PROC-ISRO-IISU-01,ATE-STATION-01,CHAMBER-01,1.0,125.0,5.0,168,output_voltage_drift,ELECTRICAL,uV,11.4872,4933.3632,4933.8721,4934.2488,4921.876,-0.0034,-0.0854,34.78,35.01,11.4872,4933.3632,4933.8721,4934.2488,4921.876,100.0,False,NOMINAL,HEALTHY,-0.59,10.43
PRE_LOT05_COMP1963,LOT_05,PRECISION_VOLTAGE_REF,LCC-20,PRE-SIH-2026,THERMAL_BURN_IN,T05_1963,PROC-ISRO-IISU-01,ATE-STATION-01,CHAMBER-01,1.0,125.0,5.0,168,output_voltage_drift,ELECTRICAL,uV,11.8791,5097.794,5098.3504,5098.7334,5085.9149,-0.0017,0.0176,37.04,36.96,11.8791,5097.794,5098.3504,5098.7334,5085.9149,100.0,False,NOMINAL,HEALTHY,19.1,-44.6
PRE_LOT05_COMP1964,LOT_05,PRECISION_VOLTAGE_REF,LCC-20,PRE-SIH-2026,THERMAL_BURN_IN,T05_1964,PROC-ISRO-IISU-01,ATE-STATION-01,CHAMBER-01,1.0,125.0,5.0,168,output_voltage_drift,ELECTRICAL,uV,14.1054,6056.4162,6057.0714,6057.5923,6042.3108,-0.0081,-0.079,35.93,36.4,14.1054,6056.4162,6057.0714,6057.5923,6042.3108,100.0,False,NOMINAL,HEALTHY,-29.61,-30.9
PRE_LOT05_COMP1965,LOT_05,PRECISION_VOLTAGE_REF,LCC-20,PRE-SIH-2026,THERMAL_BURN_IN,T05_1965,PROC-ISRO-IISU-01,ATE-STATION-01,CHAMBER-01,1.0,125.0,5.0,168,output_voltage_drift,ELECTRICAL,uV,14.4562,6197.641,6198.3811,6198.9211,6183.1848,0.0161,0.0244,36.64,36.75,14.4562,6197.641,6198.3811,6198.9211,6183.1848,100.0,False,NOMINAL,HEALTHY,28.59,7.03
PRE_LOT05_COMP1966,LOT_05,PRECISION_VOLTAGE_REF,LCC-20,PRE-SIH-2026,THERMAL_BURN_IN,T05_1966,PROC-ISRO-IISU-01,ATE-STATION-01,CHAMBER-01,1.0,125.0,5.0,168,output_voltage_drift,ELECTRICAL,uV,16.0984,6908.4581,6909.2384,6909.8972,6892.3597,0.052,0.0967,35.28,35.67,16.0984,6908.4581,6909.2384,6909.8972,6892.3597,100.0,False,NOMINAL,HEALTHY,-29.25,17.83
PRE_LOT05_COMP1967,LOT_05,PRECISION_VOLTAGE_REF,LCC-20,PRE-SIH-2026,THERMAL_BURN_IN,T05_1967,PROC-ISRO-IISU-01,ATE-STATION-01,CHAMBER-01,1.0,125.0,5.0,168,output_voltage_drift,ELECTRICAL,uV,13.3429,5716.3233,5716.8964,5717.3257,5702.9804,0.0082,0.0022,34.79,33.99,13.3429,5716.3233,5716.8964,5717.3257,5702.9804,100.0,False,NOMINAL,HEALTHY,24.15,43.38
PRE_LOT05_COMP1968,LOT_05,PRECISION_VOLTAGE_REF,LCC-20,PRE-SIH-2026,THERMAL_BURN_IN,T05_1968,PROC-ISRO-IISU-01,ATE-STATION-01,CHAMBER-01,1.0,125.0,5.0,168,output_voltage_drift,ELECTRICAL,uV,13.4292,5768.0895,5768.7361,5769.2848,5754.6603,-0.0167,0.0144,35.99,36.16,13.4292,5768.0895,5768.7361,5769.2848,5754.6603,100.0,False,NOMINAL,HEALTHY,16.71,-6.35
PRE_LOT05_COMP1969,LOT_05,PRECISION_VOLTAGE_REF,LCC-20,PRE-SIH-2026,THERMAL_BURN_IN,T05_1969,PROC-ISRO-IISU-01,ATE-STATION-01,CHAMBER-01,1.0,125.0,5.0,168,output_voltage_drift,ELECTRICAL,uV,14.7483,6319.747,6320.4298,6320.9244,6304.9987,-0.0192,0.015,35.37,35.01,14.7483,6319.747,6320.4298,6320.9244,6304.9987,100.0,False,NOMINAL,HEALTHY,-43.32,9.39
PRE_LOT05_COMP1970,LOT_05,PRECISION_VOLTAGE_REF,LCC-20,PRE-SIH-2026,THERMAL_BURN_IN,T05_1970,PROC-ISRO-IISU-01,ATE-STATION-01,CHAMBER-01,1.0,125.0,5.0,168,output_voltage_drift,ELECTRICAL,uV,17.6186,7567.3297,7568.2041,7568.8752,7549.7111,0.0013,0.0385,36.52,36.6,17.6186,7567.3297,7568.2041,7568.8752,7549.7111,100.0,False,NOMINAL,HEALTHY,-48.14,-24.89
PRE_LOT05_COMP1971,LOT_05,PRECISION_VOLTAGE_REF,LCC-20,PRE-SIH-2026,THERMAL_BURN_IN,T05_1971,PROC-ISRO-IISU-01,ATE-STATION-01,CHAMBER-01,1.0,125.0,5.0,168,output_voltage_drift,ELECTRICAL,uV,15.5263,6659.4499,6660.1972,6660.7745,6643.9236,-0.0429,-0.046,33.53,33.23,15.5263,6659.4499,6660.1972,6660.7745,6643.9236,100.0,False,NOMINAL,HEALTHY,2.19,6.79
PRE_LOT05_COMP1972,LOT_05,PRECISION_VOLTAGE_REF,LCC-20,PRE-SIH-2026,THERMAL_BURN_IN,T05_1972,PROC-ISRO-IISU-01,ATE-STATION-01,CHAMBER-01,1.0,125.0,5.0,168,output_voltage_drift,ELECTRICAL,uV,16.8069,7209.433,7210.2189,7210.8391,7192.6261,0.0219,0.0312,33.5,32.72,16.8069,7209.433,7210.2189,7210.8391,7192.6261,100.0,False,NOMINAL,HEALTHY,47.57,10.74
PRE_LOT05_COMP1973,LOT_05,PRECISION_VOLTAGE_REF,LCC-20,PRE-SIH-2026,THERMAL_BURN_IN,T05_1973,PROC-ISRO-IISU-01,ATE-STATION-01,CHAMBER-01,1.0,125.0,5.0,168,output_voltage_drift,ELECTRICAL,uV,15.2924,6555.2296,6555.9055,6556.3927,6539.9372,-0.0096,-0.0128,37.18,37.29,15.2924,6555.2296,6555.9055,6556.3927,6539.9372,100.0,False,NOMINAL,HEALTHY,-13.69,-42.8
PRE_LOT05_COMP1974,LOT_05,PRECISION_VOLTAGE_REF,LCC-20,PRE-SIH-2026,THERMAL_BURN_IN,T05_1974,PROC-ISRO-IISU-01,ATE-STATION-01,CHAMBER-01,1.0,125.0,5.0,168,output_voltage_drift,ELECTRICAL,uV,13.9464,5985.8762,5986.5395,5987.083,5971.9298,0.0054,0.0667,35.62,35.4,13.9464,5985.8762,5986.5395,5987.083,5971.9298,100.0,False,NOMINAL,HEALTHY,10.88,13.63
PRE_LOT05_COMP1975,LOT_05,PRECISION_VOLTAGE_REF,LCC-20,PRE-SIH-2026,THERMAL_BURN_IN,T05_1975,PROC-ISRO-IISU-01,ATE-STATION-01,CHAMBER-01,1.0,125.0,5.0,168,output_voltage_drift,ELECTRICAL,uV,15.2353,6532.351,6533.0779,6533.6111,6517.1157,-0.014,0.0309,34.4,34.04,15.2353,6532.351,6533.0779,6533.6111,6517.1157,100.0,False,NOMINAL,HEALTHY,-44.14,-4.65
PRE_LOT05_COMP1976,LOT_05,PRECISION_VOLTAGE_REF,LCC-20,PRE-SIH-2026,THERMAL_BURN_IN,T05_1976,PROC-ISRO-IISU-01,ATE-STATION-01,CHAMBER-01,1.0,125.0,5.0,168,output_voltage_drift,ELECTRICAL,uV,13.4684,5776.2817,5776.9345,5777.3242,5762.8133,0.0105,-0.0705,33.86,35.34,13.4684,5776.2817,5776.9345,5777.3242,5762.8133,100.0,False,NOMINAL,HEALTHY,14.09,22.31
PRE_LOT05_COMP1977,LOT_05,PRECISION_VOLTAGE_REF,LCC-20,PRE-SIH-2026,THERMAL_BURN_IN,T05_1977,PROC-ISRO-IISU-01,ATE-STATION-01,CHAMBER-01,1.0,125.0,5.0,168,output_voltage_drift,ELECTRICAL,uV,11.8703,5084.5157,5085.1465,5085.5981,5072.6454,-0.0155,-0.0593,35.99,35.96,11.8703,5084.5157,5085.1465,5085.5981,5072.6454,100.0,False,NOMINAL,HEALTHY,-31.07,10.76
PRE_LOT05_COMP1978,LOT_05,PRECISION_VOLTAGE_REF,LCC-20,PRE-SIH-2026,THERMAL_BURN_IN,T05_1978,PROC-ISRO-IISU-01,ATE-STATION-01,CHAMBER-01,1.0,125.0,5.0,168,output_voltage_drift,ELECTRICAL,uV,11.1403,4781.2456,4781.7443,4782.1069,4770.1053,0.0137,0.0563,34.05,34.06,11.1403,4781.2456,4781.7443,4782.1069,4770.1053,100.0,False,NOMINAL,HEALTHY,-46.98,37.36
PRE_LOT05_COMP1979,LOT_05,PRECISION_VOLTAGE_REF,LCC-20,PRE-SIH-2026,THERMAL_BURN_IN,T05_1979,PROC-ISRO-IISU-01,ATE-STATION-01,CHAMBER-01,1.0,125.0,5.0,168,output_voltage_drift,ELECTRICAL,uV,14.1908,6077.4236,6078.0295,6078.4422,6063.2328,0.0039,-0.0272,34.01,33.88,14.1908,6077.4236,6078.0295,6078.4422,6063.2328,100.0,False,NOMINAL,HEALTHY,1.98,35.55
PRE_LOT05_COMP1980,LOT_05,PRECISION_VOLTAGE_REF,LCC-20,PRE-SIH-2026,THERMAL_BURN_IN,T05_1980,PROC-ISRO-IISU-01,ATE-STATION-01,CHAMBER-01,1.0,125.0,5.0,168,output_voltage_drift,ELECTRICAL,uV,10.4819,4487.3631,4487.9173,4488.3238,4476.8812,-0.0213,0.0066,38.31,38.59,10.4819,4487.3631,4487.9173,4488.3238,4476.8812,100.0,False,NOMINAL,HEALTHY,25.92,17.96
PRE_LOT05_COMP1981,LOT_05,PRECISION_VOLTAGE_REF,LCC-20,PRE-SIH-2026,THERMAL_BURN_IN,T05_1981,PROC-ISRO-IISU-01,ATE-STATION-01,CHAMBER-01,1.0,125.0,5.0,168,output_voltage_drift,ELECTRICAL,uV,16.4357,7042.7016,7043.497,7044.1511,7026.2659,-0.0072,0.0078,35.29,35.12,16.4357,7042.7016,7043.497,7044.1511,7026.2659,100.0,False,NOMINAL,HEALTHY,-46.89,-12.42
PRE_LOT05_COMP1982,LOT_05,PRECISION_VOLTAGE_REF,LCC-20,PRE-SIH-2026,THERMAL_BURN_IN,T05_1982,PROC-ISRO-IISU-01,ATE-STATION-01,CHAMBER-01,1.0,125.0,5.0,168,output_voltage_drift,ELECTRICAL,uV,15.0884,6463.6301,6464.4198,6465.0936,6448.5417,-0.0203,-0.069,34.29,34.28,15.0884,6463.6301,6464.4198,6465.0936,6448.5417,100.0,False,NOMINAL,HEALTHY,-12.21,-39.51
PRE_LOT05_COMP1983,LOT_05,PRECISION_VOLTAGE_REF,LCC-20,PRE-SIH-2026,THERMAL_BURN_IN,T05_1983,PROC-ISRO-IISU-01,ATE-STATION-01,CHAMBER-01,1.0,125.0,5.0,168,output_voltage_drift,ELECTRICAL,uV,15.0578,6448.8878,6449.598,6450.0854,6433.83,-0.0148,-0.0225,36.02,35.76,15.0578,6448.8878,6449.598,6450.0854,6433.83,100.0,False,NOMINAL,HEALTHY,-13.62,40.91
PRE_LOT05_COMP1984,LOT_05,PRECISION_VOLTAGE_REF,LCC-20,PRE-SIH-2026,THERMAL_BURN_IN,T05_1984,PROC-ISRO-IISU-01,ATE-STATION-01,CHAMBER-01,1.0,125.0,5.0,168,output_voltage_drift,ELECTRICAL,uV,17.4076,7457.143,7457.9394,7458.5484,7439.7354,0.0084,0.0979,36.68,37.13,17.4076,7457.143,7457.9394,7458.5484,7439.7354,100.0,False,NOMINAL,HEALTHY,6.05,39.15
PRE_LOT05_COMP1985,LOT_05,PRECISION_VOLTAGE_REF,LCC-20,PRE-SIH-2026,THERMAL_BURN_IN,T05_1985,PROC-ISRO-IISU-01,ATE-STATION-01,CHAMBER-01,1.0,125.0,5.0,168,output_voltage_drift,ELECTRICAL,uV,12.1302,5211.8973,5212.5699,5213.0403,5199.7671,-0.0322,-0.0165,33.93,34.07,12.1302,5211.8973,5212.5699,5213.0403,5199.7671,100.0,False,NOMINAL,HEALTHY,-35.09,35.06
PRE_LOT05_COMP1986,LOT_05,PRECISION_VOLTAGE_REF,LCC-20,PRE-SIH-2026,THERMAL_BURN_IN,T05_1986,PROC-ISRO-IISU-01,ATE-STATION-01,CHAMBER-01,1.0,125.0,5.0,168,output_voltage_drift,ELECTRICAL,uV,13.1201,5623.3506,5632.6689,5783.2308,5610.2305,-0.0306,-0.0401,34.66,34.86,13.1201,5623.3506,5632.6689,5783.2308,5610.2305,100.0,True,THERMAL_RUNAWAY,HEALTHY,-48.81,40.94
PRE_LOT05_COMP1987,LOT_05,PRECISION_VOLTAGE_REF,LCC-20,PRE-SIH-2026,THERMAL_BURN_IN,T05_1987,PROC-ISRO-IISU-01,ATE-STATION-01,CHAMBER-01,1.0,125.0,5.0,168,output_voltage_drift,ELECTRICAL,uV,11.0786,4752.3225,4752.8507,4753.2649,4741.2439,-0.0236,0.0019,36.33,36.22,11.0786,4752.3225,4752.8507,4753.2649,4741.2439,100.0,False,NOMINAL,HEALTHY,46.82,-36.42
PRE_LOT05_COMP1988,LOT_05,PRECISION_VOLTAGE_REF,LCC-20,PRE-SIH-2026,THERMAL_BURN_IN,T05_1988,PROC-ISRO-IISU-01,ATE-STATION-01,CHAMBER-01,1.0,125.0,5.0,168,output_voltage_drift,ELECTRICAL,uV,12.827,5503.5079,5504.1069,5504.5477,5490.6809,0.0065,0.0764,36.34,36.24,12.827,5503.5079,5504.1069,5504.5477,5490.6809,100.0,False,NOMINAL,HEALTHY,34.17,40.17
PRE_LOT05_COMP1989,LOT_05,PRECISION_VOLTAGE_REF,LCC-20,PRE-SIH-2026,THERMAL_BURN_IN,T05_1989,PROC-ISRO-IISU-01,ATE-STATION-01,CHAMBER-01,1.0,125.0,5.0,168,output_voltage_drift,ELECTRICAL,uV,16.4297,7046.1888,7046.9364,7047.456,7029.7591,-0.0095,0.0473,34.17,34.14,16.4297,7046.1888,7046.9364,7047.456,7029.7591,100.0,False,NOMINAL,HEALTHY,-44.19,-33.19
PRE_LOT05_COMP1990,LOT_05,PRECISION_VOLTAGE_REF,LCC-20,PRE-SIH-2026,THERMAL_BURN_IN,T05_1990,PROC-ISRO-IISU-01,ATE-STATION-01,CHAMBER-01,1.0,125.0,5.0,168,output_voltage_drift,ELECTRICAL,uV,12.3997,5318.1005,5318.6993,5319.1638,5305.7008,0.0068,0.0793,36.65,36.71,12.3997,5318.1005,5318.6993,5319.1638,5305.7008,100.0,False,NOMINAL,HEALTHY,0.29,-13.0
PRE_LOT05_COMP1991,LOT_05,PRECISION_VOLTAGE_REF,LCC-20,PRE-SIH-2026,THERMAL_BURN_IN,T05_1991,PROC-ISRO-IISU-01,ATE-STATION-01,CHAMBER-01,1.0,125.0,5.0,168,output_voltage_drift,ELECTRICAL,uV,13.535,5796.7304,5797.4331,5797.933,5783.1954,0.0104,-0.0575,34.83,35.09,13.535,5796.7304,5797.4331,5797.933,5783.1954,100.0,False,NOMINAL,HEALTHY,-30.78,34.09
PRE_LOT05_COMP1992,LOT_05,PRECISION_VOLTAGE_REF,LCC-20,PRE-SIH-2026,THERMAL_BURN_IN,T05_1992,PROC-ISRO-IISU-01,ATE-STATION-01,CHAMBER-01,1.0,125.0,5.0,168,output_voltage_drift,ELECTRICAL,uV,14.8316,6361.7576,6362.4465,6362.9745,6346.926,0.0081,-0.0022,35.09,35.52,14.8316,6361.7576,6362.4465,6362.9745,6346.926,100.0,False,NOMINAL,HEALTHY,-40.0,-8.45
PRE_LOT05_COMP1993,LOT_05,PRECISION_VOLTAGE_REF,LCC-20,PRE-SIH-2026,THERMAL_BURN_IN,T05_1993,PROC-ISRO-IISU-01,ATE-STATION-01,CHAMBER-01,1.0,125.0,5.0,168,output_voltage_drift,ELECTRICAL,uV,15.1065,6478.1558,6478.9671,6479.5661,6463.0493,-0.0113,-0.0311,34.93,35.05,15.1065,6478.1558,6478.9671,6479.5661,6463.0493,100.0,False,NOMINAL,HEALTHY,42.09,25.69
PRE_LOT05_COMP1994,LOT_05,PRECISION_VOLTAGE_REF,LCC-20,PRE-SIH-2026,THERMAL_BURN_IN,T05_1994,PROC-ISRO-IISU-01,ATE-STATION-01,CHAMBER-01,1.0,125.0,5.0,168,output_voltage_drift,ELECTRICAL,uV,12.6352,5418.818,5419.4425,5419.9815,5406.1828,-0.0143,0.0467,32.66,32.52,12.6352,5418.818,5419.4425,5419.9815,5406.1828,100.0,False,NOMINAL,HEALTHY,-20.73,32.11
PRE_LOT05_COMP1995,LOT_05,PRECISION_VOLTAGE_REF,LCC-20,PRE-SIH-2026,THERMAL_BURN_IN,T05_1995,PROC-ISRO-IISU-01,ATE-STATION-01,CHAMBER-01,1.0,125.0,5.0,168,output_voltage_drift,ELECTRICAL,uV,16.1137,6913.9528,6914.772,6915.3268,6897.8391,-0.0,0.0419,35.64,34.98,16.1137,6913.9528,6914.772,6915.3268,6897.8391,100.0,False,NOMINAL,HEALTHY,-26.06,45.1
PRE_LOT05_COMP1996,LOT_05,PRECISION_VOLTAGE_REF,LCC-20,PRE-SIH-2026,THERMAL_BURN_IN,T05_1996,PROC-ISRO-IISU-01,ATE-STATION-01,CHAMBER-01,1.0,125.0,5.0,168,output_voltage_drift,ELECTRICAL,uV,11.7567,5044.3572,5044.9382,5045.3712,5032.6005,0.0207,0.0639,36.55,36.57,11.7567,5044.3572,5044.9382,5045.3712,5032.6005,100.0,False,NOMINAL,HEALTHY,39.09,-46.99
PRE_LOT05_COMP1997,LOT_05,PRECISION_VOLTAGE_REF,LCC-20,PRE-SIH-2026,THERMAL_BURN_IN,T05_1997,PROC-ISRO-IISU-01,ATE-STATION-01,CHAMBER-01,1.0,125.0,5.0,168,output_voltage_drift,ELECTRICAL,uV,13.8436,5937.481,5938.2075,5938.6234,5923.6374,0.0114,-0.0371,35.03,35.7,13.8436,5937.481,5938.2075,5938.6234,5923.6374,100.0,False,NOMINAL,HEALTHY,-12.32,43.9
PRE_LOT05_COMP1998,LOT_05,PRECISION_VOLTAGE_REF,LCC-20,PRE-SIH-2026,THERMAL_BURN_IN,T05_1998,PROC-ISRO-IISU-01,ATE-STATION-01,CHAMBER-01,1.0,125.0,5.0,168,output_voltage_drift,ELECTRICAL,uV,12.0151,5143.2998,5143.8697,5144.2144,5131.2847,-0.0219,-0.0067,35.9,35.92,12.0151,5143.2998,5143.8697,5144.2144,5131.2847,100.0,False,NOMINAL,HEALTHY,-33.1,37.94
PRE_LOT05_COMP1999,LOT_05,PRECISION_VOLTAGE_REF,LCC-20,PRE-SIH-2026,THERMAL_BURN_IN,T05_1999,PROC-ISRO-IISU-01,ATE-STATION-01,CHAMBER-01,1.0,125.0,5.0,168,output_voltage_drift,ELECTRICAL,uV,17.0258,7310.5355,7311.3961,7312.0435,7293.5097,0.0225,-0.0241,34.96,34.39,17.0258,7310.5355,7311.3961,7312.0435,7293.5097,100.0,False,NOMINAL,HEALTHY,30.95,-44.89
